# Blender 3.3.21
# www.blender.org
mtllib EstanteTecnologia2x5.mtl
o EstanteTecnologia5x2
v 1.265179 0.875399 4.751600
v 1.610379 0.875399 4.751600
v 1.265179 1.179299 4.751600
v 1.610379 1.179299 4.751600
v 1.265179 1.179299 4.217300
v 1.610379 1.179299 4.217300
v 1.265179 0.875399 4.217300
v 1.610379 0.875399 4.217300
v 1.610379 0.933899 4.710800
v 1.610379 0.933899 4.382100
v 1.610379 1.120799 4.382100
v 1.610379 1.120799 4.710800
v 1.615679 0.933899 4.710800
v 1.615679 0.933899 4.382100
v 1.615679 1.120799 4.382100
v 1.615679 1.120799 4.710800
v 1.587679 0.897499 4.354200
v 1.629479 0.897499 4.354200
v 1.587679 1.157399 4.354200
v 1.629479 1.157399 4.354200
v 1.587679 1.157399 4.318900
v 1.629479 1.157399 4.318900
v 1.587679 0.897499 4.318900
v 1.629479 0.897499 4.318900
v 1.587679 1.110899 4.244200
v 1.629479 1.110899 4.244200
v 1.587679 1.110899 4.311800
v 1.629479 1.110899 4.311800
v 1.587679 1.138499 4.311800
v 1.629479 1.138499 4.311800
v 1.587679 1.138499 4.244200
v 1.629479 1.138499 4.244200
v 1.286479 1.157399 4.297700
v 1.244679 1.157399 4.297700
v 1.286479 0.897499 4.297700
v 1.244679 0.897499 4.297700
v 1.286479 0.897499 4.262400
v 1.244679 0.897499 4.262400
v 1.286479 1.157399 4.262400
v 1.244679 1.157399 4.262400
v 1.286479 1.157399 4.425900
v 1.244679 1.157399 4.425900
v 1.286479 0.897499 4.425900
v 1.244679 0.897499 4.425900
v 1.286479 0.897499 4.390600
v 1.244679 0.897499 4.390600
v 1.286479 1.157399 4.390600
v 1.244679 1.157399 4.390600
v 1.286479 1.157399 4.700600
v 1.244679 1.157399 4.700600
v 1.286479 0.897499 4.700600
v 1.244679 0.897499 4.700600
v 1.286479 0.897499 4.665300
v 1.244679 0.897499 4.665300
v 1.286479 1.157399 4.665300
v 1.244679 1.157399 4.665300
v 1.286479 1.157399 4.564000
v 1.244679 1.157399 4.564000
v 1.286479 0.897499 4.564000
v 1.244679 0.897499 4.564000
v 1.286479 0.897499 4.528700
v 1.244679 0.897499 4.528700
v 1.286479 1.157399 4.528700
v 1.244679 1.157399 4.528700
v -2.078021 0.875300 -1.023300
v -0.077321 0.875300 -1.023300
v -2.078021 0.875300 -3.013100
v -0.077321 0.875300 -3.013100
v -0.284821 -0.956300 -1.136300
v -0.180521 -0.956300 -1.136300
v -0.284821 0.875200 -1.136300
v -0.180521 0.875200 -1.136300
v -0.284821 0.875200 -1.251900
v -0.180521 0.875200 -1.251900
v -0.284821 -0.956300 -1.251900
v -0.180521 -0.956300 -1.251900
v -1.948121 -0.956300 -1.136300
v -1.843821 -0.956300 -1.136300
v -1.948121 0.875200 -1.136300
v -1.843821 0.875200 -1.136300
v -1.948121 0.875200 -1.251900
v -1.843821 0.875200 -1.251900
v -1.948121 -0.956300 -1.251900
v -1.843821 -0.956300 -1.251900
v -0.284821 -0.956300 -2.798800
v -0.180521 -0.956300 -2.798800
v -0.284821 0.875200 -2.798800
v -0.180521 0.875200 -2.798800
v -0.284821 0.875200 -2.914400
v -0.180521 0.875200 -2.914400
v -0.284821 -0.956300 -2.914400
v -0.180521 -0.956300 -2.914400
v -1.948121 -0.956300 -2.798800
v -1.843821 -0.956300 -2.798800
v -1.948121 0.875200 -2.798800
v -1.843821 0.875200 -2.798800
v -1.948121 0.875200 -2.914400
v -1.843821 0.875200 -2.914400
v -1.948121 -0.956300 -2.914400
v -1.843821 -0.956300 -2.914400
v -2.078021 -0.025900 -1.023300
v -0.077321 -0.025900 -1.023300
v -2.078021 -0.025900 -3.013100
v -0.077321 -0.025900 -3.013100
v -2.078021 -0.956300 -1.023300
v -0.077321 -0.956300 -1.023300
v -2.078021 -0.956300 -3.013100
v -0.077321 -0.956300 -3.013100
v -2.078021 0.875301 -3.139800
v -0.077321 0.875301 -3.139800
v -2.078021 0.875301 -5.129600
v -0.077321 0.875301 -5.129600
v -2.078021 -0.025899 -3.139800
v -0.077321 -0.025899 -3.139800
v -2.078021 -0.025899 -5.129600
v -0.077321 -0.025899 -5.129600
v -2.078021 -0.956299 -3.139800
v -0.077321 -0.956299 -3.139800
v -2.078021 -0.956299 -5.129600
v -0.077321 -0.956299 -5.129600
v -1.948121 -0.956299 -3.252800
v -1.843821 -0.956299 -3.252800
v -1.948121 0.875201 -3.252800
v -1.843821 0.875201 -3.252800
v -1.948121 0.875201 -3.368400
v -1.843821 0.875201 -3.368400
v -1.948121 -0.956299 -3.368400
v -1.843821 -0.956299 -3.368400
v -0.284821 -0.956299 -3.252800
v -0.180521 -0.956299 -3.252800
v -0.284821 0.875201 -3.252800
v -0.180521 0.875201 -3.252800
v -0.284821 0.875201 -3.368400
v -0.180521 0.875201 -3.368400
v -0.284821 -0.956299 -3.368400
v -0.180521 -0.956299 -3.368400
v -1.948121 -0.956299 -4.915300
v -1.843821 -0.956299 -4.915300
v -1.948121 0.875201 -4.915300
v -1.843821 0.875201 -4.915300
v -1.948121 0.875201 -5.030900
v -1.843821 0.875201 -5.030900
v -1.948121 -0.956299 -5.030900
v -1.843821 -0.956299 -5.030900
v -0.284821 -0.956299 -4.915300
v -0.180521 -0.956299 -4.915300
v -0.284821 0.875201 -4.915300
v -0.180521 0.875201 -4.915300
v -0.284821 0.875201 -5.030900
v -0.180521 0.875201 -5.030900
v -0.284821 -0.956299 -5.030900
v -0.180521 -0.956299 -5.030900
v -2.078021 0.875300 0.997100
v -0.077321 0.875300 0.997100
v -2.078021 0.875300 -0.992700
v -0.077321 0.875300 -0.992700
v -2.078021 -0.025900 0.997100
v -0.077321 -0.025900 0.997100
v -2.078021 -0.025900 -0.992700
v -0.077321 -0.025900 -0.992700
v -2.078021 -0.956300 0.997100
v -0.077321 -0.956300 0.997100
v -2.078021 -0.956300 -0.992700
v -0.077321 -0.956300 -0.992700
v -1.948121 -0.956300 0.884100
v -1.843821 -0.956300 0.884100
v -1.948121 0.875200 0.884100
v -1.843821 0.875200 0.884100
v -1.948121 0.875200 0.768500
v -1.843821 0.875200 0.768500
v -1.948121 -0.956300 0.768500
v -1.843821 -0.956300 0.768500
v -0.284821 -0.956300 0.884100
v -0.180521 -0.956300 0.884100
v -0.284821 0.875200 0.884100
v -0.180521 0.875200 0.884100
v -0.284821 0.875200 0.768500
v -0.180521 0.875200 0.768500
v -0.284821 -0.956300 0.768500
v -0.180521 -0.956300 0.768500
v -1.948121 -0.956300 -0.778400
v -1.843821 -0.956300 -0.778400
v -1.948121 0.875200 -0.778400
v -1.843821 0.875200 -0.778400
v -1.948121 0.875200 -0.894000
v -1.843821 0.875200 -0.894000
v -1.948121 -0.956300 -0.894000
v -1.843821 -0.956300 -0.894000
v -0.284821 -0.956300 -0.778400
v -0.180521 -0.956300 -0.778400
v -0.284821 0.875200 -0.778400
v -0.180521 0.875200 -0.778400
v -0.284821 0.875200 -0.894000
v -0.180521 0.875200 -0.894000
v -0.284821 -0.956300 -0.894000
v -0.180521 -0.956300 -0.894000
v -2.078021 0.875300 3.027900
v -0.077321 0.875300 3.027900
v -2.078021 0.875300 1.038100
v -0.077321 0.875300 1.038100
v -2.078021 -0.025900 3.027900
v -0.077321 -0.025900 3.027900
v -2.078021 -0.025900 1.038100
v -0.077321 -0.025900 1.038100
v -2.078021 -0.956300 3.027900
v -0.077321 -0.956300 3.027900
v -2.078021 -0.956300 1.038100
v -0.077321 -0.956300 1.038100
v -1.948121 -0.956300 2.914900
v -1.843821 -0.956300 2.914900
v -1.948121 0.875199 2.914900
v -1.843821 0.875199 2.914900
v -1.948121 0.875199 2.799300
v -1.843821 0.875199 2.799300
v -1.948121 -0.956300 2.799300
v -1.843821 -0.956300 2.799300
v -0.284821 -0.956300 2.914900
v -0.180521 -0.956300 2.914900
v -0.284821 0.875199 2.914900
v -0.180521 0.875199 2.914900
v -0.284821 0.875199 2.799300
v -0.180521 0.875199 2.799300
v -0.284821 -0.956300 2.799300
v -0.180521 -0.956300 2.799300
v -1.948121 -0.956300 1.252400
v -1.843821 -0.956300 1.252400
v -1.948121 0.875200 1.252400
v -1.843821 0.875200 1.252400
v -1.948121 0.875200 1.136800
v -1.843821 0.875200 1.136800
v -1.948121 -0.956300 1.136800
v -1.843821 -0.956300 1.136800
v -0.284821 -0.956300 1.252400
v -0.180521 -0.956300 1.252400
v -0.284821 0.875200 1.252400
v -0.180521 0.875200 1.252400
v -0.284821 0.875200 1.136800
v -0.180521 0.875200 1.136800
v -0.284821 -0.956300 1.136800
v -0.180521 -0.956300 1.136800
v -2.078021 0.875299 5.072200
v -0.077321 0.875299 5.072200
v -2.078021 0.875300 3.082400
v -0.077321 0.875300 3.082400
v -2.078021 -0.025901 5.072200
v -0.077321 -0.025901 5.072200
v -2.078021 -0.025901 3.082400
v -0.077321 -0.025901 3.082400
v -2.078021 -0.956301 5.072200
v -0.077321 -0.956301 5.072200
v -2.078021 -0.956300 3.082400
v -0.077321 -0.956300 3.082400
v -1.948121 -0.956301 4.959200
v -1.843821 -0.956301 4.959200
v -1.948121 0.875199 4.959200
v -1.843821 0.875199 4.959200
v -1.948121 0.875199 4.843600
v -1.843821 0.875199 4.843600
v -1.948121 -0.956301 4.843600
v -1.843821 -0.956301 4.843600
v -0.284821 -0.956301 4.959200
v -0.180521 -0.956301 4.959200
v -0.284821 0.875199 4.959200
v -0.180521 0.875199 4.959200
v -0.284821 0.875199 4.843600
v -0.180521 0.875199 4.843600
v -0.284821 -0.956301 4.843600
v -0.180521 -0.956301 4.843600
v -1.948121 -0.956301 3.296700
v -1.843821 -0.956301 3.296700
v -1.948121 0.875199 3.296700
v -1.843821 0.875199 3.296700
v -1.948121 0.875199 3.181100
v -1.843821 0.875199 3.181100
v -1.948121 -0.956301 3.181100
v -1.843821 -0.956301 3.181100
v -0.284821 -0.956301 3.296700
v -0.180521 -0.956301 3.296700
v -0.284821 0.875199 3.296700
v -0.180521 0.875199 3.296700
v -0.284821 0.875199 3.181100
v -0.180521 0.875199 3.181100
v -0.284821 -0.956301 3.181100
v -0.180521 -0.956301 3.181100
v 0.019479 -0.025901 5.072200
v 2.020179 -0.025901 5.072200
v 0.019479 -0.025901 3.082400
v 2.020179 -0.025901 3.082400
v 0.019479 -0.956301 5.072200
v 2.020179 -0.956301 5.072200
v 0.019479 -0.956300 3.082400
v 2.020179 -0.956300 3.082400
v 0.149379 -0.956301 3.296700
v 0.253679 -0.956301 3.296700
v 0.149379 0.875199 3.296700
v 0.253679 0.875199 3.296700
v 0.149379 0.875199 3.181100
v 0.253679 0.875199 3.181100
v 0.149379 -0.956301 3.181100
v 0.253679 -0.956301 3.181100
v 0.019479 -0.956300 3.027900
v 2.020179 -0.956300 3.027900
v 0.019479 -0.956300 1.038100
v 2.020179 -0.956300 1.038100
v 0.149379 -0.956300 2.914900
v 0.253679 -0.956300 2.914900
v 0.149379 0.875199 2.914900
v 0.253679 0.875199 2.914900
v 0.149379 0.875199 2.799300
v 0.253679 0.875199 2.799300
v 0.149379 -0.956300 2.799300
v 0.253679 -0.956300 2.799300
v 0.019479 -0.025900 3.027900
v 2.020179 -0.025900 3.027900
v 0.019479 -0.025900 1.038100
v 2.020179 -0.025900 1.038100
v 0.019479 0.875300 3.027900
v 2.020179 0.875300 3.027900
v 0.019479 0.875300 1.038100
v 2.020179 0.875300 1.038100
v 0.019479 -0.025900 0.997100
v 2.020179 -0.025900 0.997100
v 0.019479 -0.025900 -0.992700
v 2.020179 -0.025900 -0.992700
v 0.019479 0.875300 0.997100
v 2.020179 0.875300 0.997100
v 0.019479 0.875300 -0.992700
v 2.020179 0.875300 -0.992700
v 0.019479 -0.956300 0.997100
v 2.020179 -0.956300 0.997100
v 0.019479 -0.956300 -0.992700
v 2.020179 -0.956300 -0.992700
v 0.019479 -0.956300 -1.023300
v 2.020179 -0.956300 -1.023300
v 0.019479 -0.956300 -3.013100
v 2.020179 -0.956300 -3.013100
v 0.149379 -0.956300 -1.136300
v 0.253679 -0.956300 -1.136300
v 0.149379 0.875200 -1.136300
v 0.253679 0.875200 -1.136300
v 0.149379 0.875200 -1.251900
v 0.253679 0.875200 -1.251900
v 0.149379 -0.956300 -1.251900
v 0.253679 -0.956300 -1.251900
v 0.019479 -0.025900 -1.023300
v 2.020179 -0.025900 -1.023300
v 0.019479 -0.025900 -3.013100
v 2.020179 -0.025900 -3.013100
v 0.149379 -0.956300 -0.778400
v 0.253679 -0.956300 -0.778400
v 0.149379 0.875200 -0.778400
v 0.253679 0.875200 -0.778400
v 0.149379 0.875200 -0.894000
v 0.253679 0.875200 -0.894000
v 0.149379 -0.956300 -0.894000
v 0.253679 -0.956300 -0.894000
v 0.149379 -0.956300 1.252400
v 0.253679 -0.956300 1.252400
v 0.149379 0.875200 1.252400
v 0.253679 0.875200 1.252400
v 0.149379 0.875200 1.136800
v 0.253679 0.875200 1.136800
v 0.149379 -0.956300 1.136800
v 0.253679 -0.956300 1.136800
v 0.149379 -0.956300 0.884100
v 0.253679 -0.956300 0.884100
v 0.149379 0.875200 0.884100
v 0.253679 0.875200 0.884100
v 0.149379 0.875200 0.768500
v 0.253679 0.875200 0.768500
v 0.149379 -0.956300 0.768500
v 0.253679 -0.956300 0.768500
v 0.149379 -0.956301 4.959200
v 0.253679 -0.956301 4.959200
v 0.149379 0.875199 4.959200
v 0.253679 0.875199 4.959200
v 0.149379 0.875199 4.843600
v 0.253679 0.875199 4.843600
v 0.149379 -0.956301 4.843600
v 0.253679 -0.956301 4.843600
v 0.149379 -0.956300 -2.798800
v 0.253679 -0.956300 -2.798800
v 0.149379 0.875200 -2.798800
v 0.253679 0.875200 -2.798800
v 0.149379 0.875200 -2.914400
v 0.253679 0.875200 -2.914400
v 0.149379 -0.956300 -2.914400
v 0.253679 -0.956300 -2.914400
v 0.019479 0.875301 -3.139800
v 2.020179 0.875301 -3.139800
v 0.019479 0.875301 -5.129600
v 2.020179 0.875301 -5.129600
v 0.019479 -0.025899 -3.139800
v 2.020179 -0.025899 -3.139800
v 0.019479 -0.025899 -5.129600
v 2.020179 -0.025899 -5.129600
v 0.149379 -0.956299 -4.915300
v 0.253679 -0.956299 -4.915300
v 0.149379 0.875201 -4.915300
v 0.253679 0.875201 -4.915300
v 0.149379 0.875201 -5.030900
v 0.253679 0.875201 -5.030900
v 0.149379 -0.956299 -5.030900
v 0.253679 -0.956299 -5.030900
v 0.149379 -0.956299 -3.252800
v 0.253679 -0.956299 -3.252800
v 0.149379 0.875201 -3.252800
v 0.253679 0.875201 -3.252800
v 0.149379 0.875201 -3.368400
v 0.253679 0.875201 -3.368400
v 0.149379 -0.956299 -3.368400
v 0.253679 -0.956299 -3.368400
v 1.812679 -0.956299 -4.915300
v 1.916979 -0.956299 -4.915300
v 1.812679 0.875201 -4.915300
v 1.916979 0.875201 -4.915300
v 1.812679 0.875201 -5.030900
v 1.916979 0.875201 -5.030900
v 1.812679 -0.956299 -5.030900
v 1.916979 -0.956299 -5.030900
v 1.812679 -0.956299 -3.252800
v 1.916979 -0.956299 -3.252800
v 1.812679 0.875201 -3.252800
v 1.916979 0.875201 -3.252800
v 1.812679 0.875201 -3.368400
v 1.916979 0.875201 -3.368400
v 1.812679 -0.956299 -3.368400
v 1.916979 -0.956299 -3.368400
v 1.812679 -0.956300 -2.798800
v 1.916979 -0.956300 -2.798800
v 1.812679 0.875200 -2.798800
v 1.916979 0.875200 -2.798800
v 1.812679 0.875200 -2.914400
v 1.916979 0.875200 -2.914400
v 1.812679 -0.956300 -2.914400
v 1.916979 -0.956300 -2.914400
v 1.812679 -0.956300 -0.778400
v 1.916979 -0.956300 -0.778400
v 1.812679 0.875200 -0.778400
v 1.916979 0.875200 -0.778400
v 1.812679 0.875200 -0.894000
v 1.916979 0.875200 -0.894000
v 1.812679 -0.956300 -0.894000
v 1.916979 -0.956300 -0.894000
v 1.812679 -0.956300 -1.136300
v 1.916979 -0.956300 -1.136300
v 1.812679 0.875200 -1.136300
v 1.916979 0.875200 -1.136300
v 1.812679 0.875200 -1.251900
v 1.916979 0.875200 -1.251900
v 1.812679 -0.956300 -1.251900
v 1.916979 -0.956300 -1.251900
v 1.812679 -0.956300 1.252400
v 1.916979 -0.956300 1.252400
v 1.812679 0.875200 1.252400
v 1.916979 0.875200 1.252400
v 1.812679 0.875200 1.136800
v 1.916979 0.875200 1.136800
v 1.812679 -0.956300 1.136800
v 1.916979 -0.956300 1.136800
v 1.812679 -0.956300 0.884100
v 1.916979 -0.956300 0.884100
v 1.812679 0.875200 0.884100
v 1.916979 0.875200 0.884100
v 1.812679 0.875200 0.768500
v 1.916979 0.875200 0.768500
v 1.812679 -0.956300 0.768500
v 1.916979 -0.956300 0.768500
v 1.812679 -0.956301 3.296700
v 1.916979 -0.956301 3.296700
v 1.812679 0.875199 3.296700
v 1.916979 0.875199 3.296700
v 1.812679 0.875199 3.181100
v 1.916979 0.875199 3.181100
v 1.812679 -0.956301 3.181100
v 1.916979 -0.956301 3.181100
v 1.812679 -0.956300 2.914900
v 1.916979 -0.956300 2.914900
v 1.812679 0.875199 2.914900
v 1.916979 0.875199 2.914900
v 1.812679 0.875199 2.799300
v 1.916979 0.875199 2.799300
v 1.812679 -0.956300 2.799300
v 1.916979 -0.956300 2.799300
v 1.812679 -0.956301 4.959200
v 1.916979 -0.956301 4.959200
v 1.812679 0.875199 4.959200
v 1.916979 0.875199 4.959200
v 1.812679 0.875199 4.843600
v 1.916979 0.875199 4.843600
v 1.812679 -0.956301 4.843600
v 1.916979 -0.956301 4.843600
v 0.019479 0.875299 5.072200
v 2.020179 0.875299 5.072200
v 0.019479 0.875300 3.082400
v 2.020179 0.875300 3.082400
v 0.019479 -0.956299 -3.139800
v 2.020179 -0.956299 -3.139800
v 0.019479 -0.956299 -5.129600
v 2.020179 -0.956299 -5.129600
v 0.019479 0.875300 -1.023300
v 2.020179 0.875300 -1.023300
v 0.019479 0.875300 -3.013100
v 2.020179 0.875300 -3.013100
v 1.265179 0.875399 3.918400
v 1.610379 0.875399 3.918400
v 1.265179 1.179299 3.918400
v 1.610379 1.179299 3.918400
v 1.265179 1.179299 3.384100
v 1.610379 1.179299 3.384100
v 1.265179 0.875399 3.384100
v 1.610379 0.875399 3.384100
v 1.610379 0.933899 3.877600
v 1.610379 0.933899 3.548900
v 1.610379 1.120799 3.548900
v 1.610379 1.120799 3.877600
v 1.615679 0.933899 3.877600
v 1.615679 0.933899 3.548900
v 1.615679 1.120799 3.548900
v 1.615679 1.120799 3.877600
v 1.587679 0.897499 3.521000
v 1.629479 0.897499 3.521000
v 1.587679 1.157399 3.521000
v 1.629479 1.157399 3.521000
v 1.587679 1.157399 3.485700
v 1.629479 1.157399 3.485700
v 1.587679 0.897499 3.485700
v 1.629479 0.897499 3.485700
v 1.587679 1.110899 3.411000
v 1.629479 1.110899 3.411000
v 1.587679 1.110899 3.478600
v 1.629479 1.110899 3.478600
v 1.587679 1.138499 3.478600
v 1.629479 1.138499 3.478600
v 1.587679 1.138499 3.411000
v 1.629479 1.138499 3.411000
v 1.286479 1.157399 3.464500
v 1.244679 1.157399 3.464500
v 1.286479 0.897499 3.464500
v 1.244679 0.897499 3.464500
v 1.286479 0.897499 3.429200
v 1.244679 0.897499 3.429200
v 1.286479 1.157399 3.429200
v 1.244679 1.157399 3.429200
v 1.286479 1.157399 3.592700
v 1.244679 1.157399 3.592700
v 1.286479 0.897499 3.592700
v 1.244679 0.897499 3.592700
v 1.286479 0.897499 3.557400
v 1.244679 0.897499 3.557400
v 1.286479 1.157399 3.557400
v 1.244679 1.157399 3.557400
v 1.286479 1.157399 3.867400
v 1.244679 1.157399 3.867400
v 1.286479 0.897499 3.867400
v 1.244679 0.897499 3.867400
v 1.286479 0.897499 3.832100
v 1.244679 0.897499 3.832100
v 1.286479 1.157399 3.832100
v 1.244679 1.157399 3.832100
v 1.286479 1.157399 3.730800
v 1.244679 1.157399 3.730800
v 1.286479 0.897499 3.730800
v 1.244679 0.897499 3.730800
v 1.286479 0.897499 3.695500
v 1.244679 0.897499 3.695500
v 1.286479 1.157399 3.695500
v 1.244679 1.157399 3.695500
v 0.484479 0.875399 4.751600
v 0.829679 0.875399 4.751600
v 0.484479 1.179299 4.751600
v 0.829679 1.179299 4.751600
v 0.484479 1.179299 4.217300
v 0.829679 1.179299 4.217300
v 0.484479 0.875399 4.217300
v 0.829679 0.875399 4.217300
v 0.829679 0.933899 4.710800
v 0.829679 0.933899 4.382100
v 0.829679 1.120799 4.382100
v 0.829679 1.120799 4.710800
v 0.834980 0.933899 4.710800
v 0.834980 0.933899 4.382100
v 0.834980 1.120799 4.382100
v 0.834980 1.120799 4.710800
v 0.806979 0.897499 4.354200
v 0.848779 0.897499 4.354200
v 0.806979 1.157399 4.354200
v 0.848779 1.157399 4.354200
v 0.806979 1.157399 4.318900
v 0.848779 1.157399 4.318900
v 0.806979 0.897499 4.318900
v 0.848779 0.897499 4.318900
v 0.806979 1.110899 4.244200
v 0.848779 1.110899 4.244200
v 0.806979 1.110899 4.311800
v 0.848779 1.110899 4.311800
v 0.806979 1.138499 4.311800
v 0.848779 1.138499 4.311800
v 0.806979 1.138499 4.244200
v 0.848779 1.138499 4.244200
v 0.505779 1.157399 4.297700
v 0.463979 1.157399 4.297700
v 0.505779 0.897499 4.297700
v 0.463979 0.897499 4.297700
v 0.505779 0.897499 4.262400
v 0.463979 0.897499 4.262400
v 0.505779 1.157399 4.262400
v 0.463979 1.157399 4.262400
v 0.505779 1.157399 4.425900
v 0.463979 1.157399 4.425900
v 0.505779 0.897499 4.425900
v 0.463979 0.897499 4.425900
v 0.505779 0.897499 4.390600
v 0.463979 0.897499 4.390600
v 0.505779 1.157399 4.390600
v 0.463979 1.157399 4.390600
v 0.505779 1.157399 4.700600
v 0.463979 1.157399 4.700600
v 0.505779 0.897499 4.700600
v 0.463979 0.897499 4.700600
v 0.505779 0.897499 4.665300
v 0.463979 0.897499 4.665300
v 0.505779 1.157399 4.665300
v 0.463979 1.157399 4.665300
v 0.505779 1.157399 4.564000
v 0.463979 1.157399 4.564000
v 0.505779 0.897499 4.564000
v 0.463979 0.897499 4.564000
v 0.505779 0.897499 4.528700
v 0.463979 0.897499 4.528700
v 0.505779 1.157399 4.528700
v 0.463979 1.157399 4.528700
v 0.484479 0.875399 3.918400
v 0.829679 0.875399 3.918400
v 0.484479 1.179299 3.918400
v 0.829679 1.179299 3.918400
v 0.484479 1.179299 3.384100
v 0.829679 1.179299 3.384100
v 0.484479 0.875399 3.384100
v 0.829679 0.875399 3.384100
v 0.829679 0.933899 3.877600
v 0.829679 0.933899 3.548900
v 0.829679 1.120799 3.548900
v 0.829679 1.120799 3.877600
v 0.834980 0.933899 3.877600
v 0.834980 0.933899 3.548900
v 0.834980 1.120799 3.548900
v 0.834980 1.120799 3.877600
v 0.806979 0.897499 3.521000
v 0.848779 0.897499 3.521000
v 0.806979 1.157399 3.521000
v 0.848779 1.157399 3.521000
v 0.806979 1.157399 3.485700
v 0.848779 1.157399 3.485700
v 0.806979 0.897499 3.485700
v 0.848779 0.897499 3.485700
v 0.806979 1.110899 3.411000
v 0.848779 1.110899 3.411000
v 0.806979 1.110899 3.478600
v 0.848779 1.110899 3.478600
v 0.806979 1.138499 3.478600
v 0.848779 1.138499 3.478600
v 0.806979 1.138499 3.411000
v 0.848779 1.138499 3.411000
v 0.505779 1.157399 3.464500
v 0.463979 1.157399 3.464500
v 0.505779 0.897499 3.464500
v 0.463979 0.897499 3.464500
v 0.505779 0.897499 3.429200
v 0.463979 0.897499 3.429200
v 0.505779 1.157399 3.429200
v 0.463979 1.157399 3.429200
v 0.505779 1.157399 3.592700
v 0.463979 1.157399 3.592700
v 0.505779 0.897499 3.592700
v 0.463979 0.897499 3.592700
v 0.505779 0.897499 3.557400
v 0.463979 0.897499 3.557400
v 0.505779 1.157399 3.557400
v 0.463979 1.157399 3.557400
v 0.505779 1.157399 3.867400
v 0.463979 1.157399 3.867400
v 0.505779 0.897499 3.867400
v 0.463979 0.897499 3.867400
v 0.505779 0.897499 3.832100
v 0.463979 0.897499 3.832100
v 0.505779 1.157399 3.832100
v 0.463979 1.157399 3.832100
v 0.505779 1.157399 3.730800
v 0.463979 1.157399 3.730800
v 0.505779 0.897499 3.730800
v 0.463979 0.897499 3.730800
v 0.505779 0.897499 3.695500
v 0.463979 0.897499 3.695500
v 0.505779 1.157399 3.695500
v 0.463979 1.157399 3.695500
v 1.265179 0.875400 2.712200
v 1.610379 0.875400 2.712200
v 1.265179 1.179299 2.712200
v 1.610379 1.179299 2.712200
v 1.265179 1.179300 2.177900
v 1.610379 1.179300 2.177900
v 1.265179 0.875400 2.177900
v 1.610379 0.875400 2.177900
v 1.610379 0.933900 2.671400
v 1.610379 0.933900 2.342700
v 1.610379 1.120800 2.342700
v 1.610379 1.120800 2.671400
v 1.615679 0.933900 2.671400
v 1.615679 0.933900 2.342700
v 1.615679 1.120800 2.342700
v 1.615679 1.120800 2.671400
v 1.587679 0.897500 2.314800
v 1.629479 0.897500 2.314800
v 1.587679 1.157400 2.314800
v 1.629479 1.157400 2.314800
v 1.587679 1.157400 2.279500
v 1.629479 1.157400 2.279500
v 1.587679 0.897500 2.279500
v 1.629479 0.897500 2.279500
v 1.587679 1.110900 2.204800
v 1.629479 1.110900 2.204800
v 1.587679 1.110900 2.272400
v 1.629479 1.110900 2.272400
v 1.587679 1.138500 2.272400
v 1.629479 1.138500 2.272400
v 1.587679 1.138500 2.204800
v 1.629479 1.138500 2.204800
v 1.286479 1.157400 2.258300
v 1.244679 1.157400 2.258300
v 1.286479 0.897500 2.258300
v 1.244679 0.897500 2.258300
v 1.286479 0.897500 2.223000
v 1.244679 0.897500 2.223000
v 1.286479 1.157400 2.223000
v 1.244679 1.157400 2.223000
v 1.286479 1.157400 2.386500
v 1.244679 1.157400 2.386500
v 1.286479 0.897500 2.386500
v 1.244679 0.897500 2.386500
v 1.286479 0.897500 2.351200
v 1.244679 0.897500 2.351200
v 1.286479 1.157400 2.351200
v 1.244679 1.157400 2.351200
v 1.286479 1.157400 2.661200
v 1.244679 1.157400 2.661200
v 1.286479 0.897500 2.661200
v 1.244679 0.897500 2.661200
v 1.286479 0.897500 2.625900
v 1.244679 0.897500 2.625900
v 1.286479 1.157400 2.625900
v 1.244679 1.157400 2.625900
v 1.286479 1.157400 2.524600
v 1.244679 1.157400 2.524600
v 1.286479 0.897500 2.524600
v 1.244679 0.897500 2.524600
v 1.286479 0.897500 2.489300
v 1.244679 0.897500 2.489300
v 1.286479 1.157400 2.489300
v 1.244679 1.157400 2.489300
v 1.265179 0.875400 1.879000
v 1.610379 0.875400 1.879000
v 1.265179 1.179300 1.879000
v 1.610379 1.179300 1.879000
v 1.265179 1.179300 1.344700
v 1.610379 1.179300 1.344700
v 1.265179 0.875400 1.344700
v 1.610379 0.875400 1.344700
v 1.610379 0.933900 1.838200
v 1.610379 0.933900 1.509500
v 1.610379 1.120800 1.509500
v 1.610379 1.120800 1.838200
v 1.615679 0.933900 1.838200
v 1.615679 0.933900 1.509500
v 1.615679 1.120800 1.509500
v 1.615679 1.120800 1.838200
v 1.587679 0.897500 1.481600
v 1.629479 0.897500 1.481600
v 1.587679 1.157400 1.481600
v 1.629479 1.157400 1.481600
v 1.587679 1.157400 1.446300
v 1.629479 1.157400 1.446300
v 1.587679 0.897500 1.446300
v 1.629479 0.897500 1.446300
v 1.587679 1.110900 1.371600
v 1.629479 1.110900 1.371600
v 1.587679 1.110900 1.439200
v 1.629479 1.110900 1.439200
v 1.587679 1.138500 1.439200
v 1.629479 1.138500 1.439200
v 1.587679 1.138500 1.371600
v 1.629479 1.138500 1.371600
v 1.286479 1.157400 1.425100
v 1.244679 1.157400 1.425100
v 1.286479 0.897500 1.425100
v 1.244679 0.897500 1.425100
v 1.286479 0.897500 1.389800
v 1.244679 0.897500 1.389800
v 1.286479 1.157400 1.389800
v 1.244679 1.157400 1.389800
v 1.286479 1.157400 1.553300
v 1.244679 1.157400 1.553300
v 1.286479 0.897500 1.553300
v 1.244679 0.897500 1.553300
v 1.286479 0.897500 1.518000
v 1.244679 0.897500 1.518000
v 1.286479 1.157400 1.518000
v 1.244679 1.157400 1.518000
v 1.286479 1.157400 1.828000
v 1.244679 1.157400 1.828000
v 1.286479 0.897500 1.828000
v 1.244679 0.897500 1.828000
v 1.286479 0.897500 1.792700
v 1.244679 0.897500 1.792700
v 1.286479 1.157400 1.792700
v 1.244679 1.157400 1.792700
v 1.286479 1.157400 1.691400
v 1.244679 1.157400 1.691400
v 1.286479 0.897500 1.691400
v 1.244679 0.897500 1.691400
v 1.286479 0.897500 1.656100
v 1.244679 0.897500 1.656100
v 1.286479 1.157400 1.656100
v 1.244679 1.157400 1.656100
v 0.484479 0.875400 2.712200
v 0.829679 0.875400 2.712200
v 0.484479 1.179299 2.712200
v 0.829679 1.179299 2.712200
v 0.484479 1.179300 2.177900
v 0.829679 1.179300 2.177900
v 0.484479 0.875400 2.177900
v 0.829679 0.875400 2.177900
v 0.829679 0.933900 2.671400
v 0.829679 0.933900 2.342700
v 0.829679 1.120800 2.342700
v 0.829679 1.120800 2.671400
v 0.834980 0.933900 2.671400
v 0.834980 0.933900 2.342700
v 0.834980 1.120800 2.342700
v 0.834980 1.120800 2.671400
v 0.806979 0.897500 2.314800
v 0.848779 0.897500 2.314800
v 0.806979 1.157400 2.314800
v 0.848779 1.157400 2.314800
v 0.806979 1.157400 2.279500
v 0.848779 1.157400 2.279500
v 0.806979 0.897500 2.279500
v 0.848779 0.897500 2.279500
v 0.806979 1.110900 2.204800
v 0.848779 1.110900 2.204800
v 0.806979 1.110900 2.272400
v 0.848779 1.110900 2.272400
v 0.806979 1.138500 2.272400
v 0.848779 1.138500 2.272400
v 0.806979 1.138500 2.204800
v 0.848779 1.138500 2.204800
v 0.505779 1.157400 2.258300
v 0.463979 1.157400 2.258300
v 0.505779 0.897500 2.258300
v 0.463979 0.897500 2.258300
v 0.505779 0.897500 2.223000
v 0.463979 0.897500 2.223000
v 0.505779 1.157400 2.223000
v 0.463979 1.157400 2.223000
v 0.505779 1.157400 2.386500
v 0.463979 1.157400 2.386500
v 0.505779 0.897500 2.386500
v 0.463979 0.897500 2.386500
v 0.505779 0.897500 2.351200
v 0.463979 0.897500 2.351200
v 0.505779 1.157400 2.351200
v 0.463979 1.157400 2.351200
v 0.505779 1.157400 2.661200
v 0.463979 1.157400 2.661200
v 0.505779 0.897500 2.661200
v 0.463979 0.897500 2.661200
v 0.505779 0.897500 2.625900
v 0.463979 0.897500 2.625900
v 0.505779 1.157400 2.625900
v 0.463979 1.157400 2.625900
v 0.505779 1.157400 2.524600
v 0.463979 1.157400 2.524600
v 0.505779 0.897500 2.524600
v 0.463979 0.897500 2.524600
v 0.505779 0.897500 2.489300
v 0.463979 0.897500 2.489300
v 0.505779 1.157400 2.489300
v 0.463979 1.157400 2.489300
v 0.484479 0.875400 1.879000
v 0.829679 0.875400 1.879000
v 0.484479 1.179300 1.879000
v 0.829679 1.179300 1.879000
v 0.484479 1.179300 1.344700
v 0.829679 1.179300 1.344700
v 0.484479 0.875400 1.344700
v 0.829679 0.875400 1.344700
v 0.829679 0.933900 1.838200
v 0.829679 0.933900 1.509500
v 0.829679 1.120800 1.509500
v 0.829679 1.120800 1.838200
v 0.834980 0.933900 1.838200
v 0.834980 0.933900 1.509500
v 0.834980 1.120800 1.509500
v 0.834980 1.120800 1.838200
v 0.806979 0.897500 1.481600
v 0.848779 0.897500 1.481600
v 0.806979 1.157400 1.481600
v 0.848779 1.157400 1.481600
v 0.806979 1.157400 1.446300
v 0.848779 1.157400 1.446300
v 0.806979 0.897500 1.446300
v 0.848779 0.897500 1.446300
v 0.806979 1.110900 1.371600
v 0.848779 1.110900 1.371600
v 0.806979 1.110900 1.439200
v 0.848779 1.110900 1.439200
v 0.806979 1.138500 1.439200
v 0.848779 1.138500 1.439200
v 0.806979 1.138500 1.371600
v 0.848779 1.138500 1.371600
v 0.505779 1.157400 1.425100
v 0.463979 1.157400 1.425100
v 0.505779 0.897500 1.425100
v 0.463979 0.897500 1.425100
v 0.505779 0.897500 1.389800
v 0.463979 0.897500 1.389800
v 0.505779 1.157400 1.389800
v 0.463979 1.157400 1.389800
v 0.505779 1.157400 1.553300
v 0.463979 1.157400 1.553300
v 0.505779 0.897500 1.553300
v 0.463979 0.897500 1.553300
v 0.505779 0.897500 1.518000
v 0.463979 0.897500 1.518000
v 0.505779 1.157400 1.518000
v 0.463979 1.157400 1.518000
v 0.505779 1.157400 1.828000
v 0.463979 1.157400 1.828000
v 0.505779 0.897500 1.828000
v 0.463979 0.897500 1.828000
v 0.505779 0.897500 1.792700
v 0.463979 0.897500 1.792700
v 0.505779 1.157400 1.792700
v 0.463979 1.157400 1.792700
v 0.505779 1.157400 1.691400
v 0.463979 1.157400 1.691400
v 0.505779 0.897500 1.691400
v 0.463979 0.897500 1.691400
v 0.505779 0.897500 1.656100
v 0.463979 0.897500 1.656100
v 0.505779 1.157400 1.656100
v 0.463979 1.157400 1.656100
v 1.265179 0.875400 0.675300
v 1.610379 0.875400 0.675300
v 1.265179 1.179300 0.675300
v 1.610379 1.179300 0.675300
v 1.265179 1.179300 0.141000
v 1.610379 1.179300 0.141000
v 1.265179 0.875400 0.141000
v 1.610379 0.875400 0.141000
v 1.610379 0.933900 0.634500
v 1.610379 0.933900 0.305800
v 1.610379 1.120800 0.305800
v 1.610379 1.120800 0.634500
v 1.615679 0.933900 0.634500
v 1.615679 0.933900 0.305800
v 1.615679 1.120800 0.305800
v 1.615679 1.120800 0.634500
v 1.587679 0.897500 0.277900
v 1.629479 0.897500 0.277900
v 1.587679 1.157400 0.277900
v 1.629479 1.157400 0.277900
v 1.587679 1.157400 0.242600
v 1.629479 1.157400 0.242600
v 1.587679 0.897500 0.242600
v 1.629479 0.897500 0.242600
v 1.587679 1.110900 0.167900
v 1.629479 1.110900 0.167900
v 1.587679 1.110900 0.235500
v 1.629479 1.110900 0.235500
v 1.587679 1.138500 0.235500
v 1.629479 1.138500 0.235500
v 1.587679 1.138500 0.167900
v 1.629479 1.138500 0.167900
v 1.286479 1.157400 0.221400
v 1.244679 1.157400 0.221400
v 1.286479 0.897500 0.221400
v 1.244679 0.897500 0.221400
v 1.286479 0.897500 0.186100
v 1.244679 0.897500 0.186100
v 1.286479 1.157400 0.186100
v 1.244679 1.157400 0.186100
v 1.286479 1.157400 0.349600
v 1.244679 1.157400 0.349600
v 1.286479 0.897500 0.349600
v 1.244679 0.897500 0.349600
v 1.286479 0.897500 0.314300
v 1.244679 0.897500 0.314300
v 1.286479 1.157400 0.314300
v 1.244679 1.157400 0.314300
v 1.286479 1.157400 0.624300
v 1.244679 1.157400 0.624300
v 1.286479 0.897500 0.624300
v 1.244679 0.897500 0.624300
v 1.286479 0.897500 0.589000
v 1.244679 0.897500 0.589000
v 1.286479 1.157400 0.589000
v 1.244679 1.157400 0.589000
v 1.286479 1.157400 0.487700
v 1.244679 1.157400 0.487700
v 1.286479 0.897500 0.487700
v 1.244679 0.897500 0.487700
v 1.286479 0.897500 0.452400
v 1.244679 0.897500 0.452400
v 1.286479 1.157400 0.452400
v 1.244679 1.157400 0.452400
v 1.265179 0.875400 -0.157900
v 1.610379 0.875400 -0.157900
v 1.265179 1.179300 -0.157900
v 1.610379 1.179300 -0.157900
v 1.265179 1.179300 -0.692200
v 1.610379 1.179300 -0.692200
v 1.265179 0.875400 -0.692200
v 1.610379 0.875400 -0.692200
v 1.610379 0.933900 -0.198700
v 1.610379 0.933900 -0.527400
v 1.610379 1.120800 -0.527400
v 1.610379 1.120800 -0.198700
v 1.615679 0.933900 -0.198700
v 1.615679 0.933900 -0.527400
v 1.615679 1.120800 -0.527400
v 1.615679 1.120800 -0.198700
v 1.587679 0.897500 -0.555300
v 1.629479 0.897500 -0.555300
v 1.587679 1.157400 -0.555300
v 1.629479 1.157400 -0.555300
v 1.587679 1.157400 -0.590600
v 1.629479 1.157400 -0.590600
v 1.587679 0.897500 -0.590600
v 1.629479 0.897500 -0.590600
v 1.587679 1.110900 -0.665300
v 1.629479 1.110900 -0.665300
v 1.587679 1.110900 -0.597700
v 1.629479 1.110900 -0.597700
v 1.587679 1.138500 -0.597700
v 1.629479 1.138500 -0.597700
v 1.587679 1.138500 -0.665300
v 1.629479 1.138500 -0.665300
v 1.286479 1.157400 -0.611800
v 1.244679 1.157400 -0.611800
v 1.286479 0.897500 -0.611800
v 1.244679 0.897500 -0.611800
v 1.286479 0.897500 -0.647100
v 1.244679 0.897500 -0.647100
v 1.286479 1.157400 -0.647100
v 1.244679 1.157400 -0.647100
v 1.286479 1.157400 -0.483600
v 1.244679 1.157400 -0.483600
v 1.286479 0.897500 -0.483600
v 1.244679 0.897500 -0.483600
v 1.286479 0.897500 -0.518900
v 1.244679 0.897500 -0.518900
v 1.286479 1.157400 -0.518900
v 1.244679 1.157400 -0.518900
v 1.286479 1.157400 -0.208900
v 1.244679 1.157400 -0.208900
v 1.286479 0.897500 -0.208900
v 1.244679 0.897500 -0.208900
v 1.286479 0.897500 -0.244200
v 1.244679 0.897500 -0.244200
v 1.286479 1.157400 -0.244200
v 1.244679 1.157400 -0.244200
v 1.286479 1.157400 -0.345500
v 1.244679 1.157400 -0.345500
v 1.286479 0.897500 -0.345500
v 1.244679 0.897500 -0.345500
v 1.286479 0.897500 -0.380800
v 1.244679 0.897500 -0.380800
v 1.286479 1.157400 -0.380800
v 1.244679 1.157400 -0.380800
v 0.484479 0.875400 0.675300
v 0.829679 0.875400 0.675300
v 0.484479 1.179300 0.675300
v 0.829679 1.179300 0.675300
v 0.484479 1.179300 0.141000
v 0.829679 1.179300 0.141000
v 0.484479 0.875400 0.141000
v 0.829679 0.875400 0.141000
v 0.829679 0.933900 0.634500
v 0.829679 0.933900 0.305800
v 0.829679 1.120800 0.305800
v 0.829679 1.120800 0.634500
v 0.834980 0.933900 0.634500
v 0.834980 0.933900 0.305800
v 0.834980 1.120800 0.305800
v 0.834980 1.120800 0.634500
v 0.806979 0.897500 0.277900
v 0.848779 0.897500 0.277900
v 0.806979 1.157400 0.277900
v 0.848779 1.157400 0.277900
v 0.806979 1.157400 0.242600
v 0.848779 1.157400 0.242600
v 0.806979 0.897500 0.242600
v 0.848779 0.897500 0.242600
v 0.806979 1.110900 0.167900
v 0.848779 1.110900 0.167900
v 0.806979 1.110900 0.235500
v 0.848779 1.110900 0.235500
v 0.806979 1.138500 0.235500
v 0.848779 1.138500 0.235500
v 0.806979 1.138500 0.167900
v 0.848779 1.138500 0.167900
v 0.505779 1.157400 0.221400
v 0.463979 1.157400 0.221400
v 0.505779 0.897500 0.221400
v 0.463979 0.897500 0.221400
v 0.505779 0.897500 0.186100
v 0.463979 0.897500 0.186100
v 0.505779 1.157400 0.186100
v 0.463979 1.157400 0.186100
v 0.505779 1.157400 0.349600
v 0.463979 1.157400 0.349600
v 0.505779 0.897500 0.349600
v 0.463979 0.897500 0.349600
v 0.505779 0.897500 0.314300
v 0.463979 0.897500 0.314300
v 0.505779 1.157400 0.314300
v 0.463979 1.157400 0.314300
v 0.505779 1.157400 0.624300
v 0.463979 1.157400 0.624300
v 0.505779 0.897500 0.624300
v 0.463979 0.897500 0.624300
v 0.505779 0.897500 0.589000
v 0.463979 0.897500 0.589000
v 0.505779 1.157400 0.589000
v 0.463979 1.157400 0.589000
v 0.505779 1.157400 0.487700
v 0.463979 1.157400 0.487700
v 0.505779 0.897500 0.487700
v 0.463979 0.897500 0.487700
v 0.505779 0.897500 0.452400
v 0.463979 0.897500 0.452400
v 0.505779 1.157400 0.452400
v 0.463979 1.157400 0.452400
v 0.484479 0.875400 -0.157900
v 0.829679 0.875400 -0.157900
v 0.484479 1.179300 -0.157900
v 0.829679 1.179300 -0.157900
v 0.484479 1.179300 -0.692200
v 0.829679 1.179300 -0.692200
v 0.484479 0.875400 -0.692200
v 0.829679 0.875400 -0.692200
v 0.829679 0.933900 -0.198700
v 0.829679 0.933900 -0.527400
v 0.829679 1.120800 -0.527400
v 0.829679 1.120800 -0.198700
v 0.834980 0.933900 -0.198700
v 0.834980 0.933900 -0.527400
v 0.834980 1.120800 -0.527400
v 0.834980 1.120800 -0.198700
v 0.806979 0.897500 -0.555300
v 0.848779 0.897500 -0.555300
v 0.806979 1.157400 -0.555300
v 0.848779 1.157400 -0.555300
v 0.806979 1.157400 -0.590600
v 0.848779 1.157400 -0.590600
v 0.806979 0.897500 -0.590600
v 0.848779 0.897500 -0.590600
v 0.806979 1.110900 -0.665300
v 0.848779 1.110900 -0.665300
v 0.806979 1.110900 -0.597700
v 0.848779 1.110900 -0.597700
v 0.806979 1.138500 -0.597700
v 0.848779 1.138500 -0.597700
v 0.806979 1.138500 -0.665300
v 0.848779 1.138500 -0.665300
v 0.505779 1.157400 -0.611800
v 0.463979 1.157400 -0.611800
v 0.505779 0.897500 -0.611800
v 0.463979 0.897500 -0.611800
v 0.505779 0.897500 -0.647100
v 0.463979 0.897500 -0.647100
v 0.505779 1.157400 -0.647100
v 0.463979 1.157400 -0.647100
v 0.505779 1.157400 -0.483600
v 0.463979 1.157400 -0.483600
v 0.505779 0.897500 -0.483600
v 0.463979 0.897500 -0.483600
v 0.505779 0.897500 -0.518900
v 0.463979 0.897500 -0.518900
v 0.505779 1.157400 -0.518900
v 0.463979 1.157400 -0.518900
v 0.505779 1.157400 -0.208900
v 0.463979 1.157400 -0.208900
v 0.505779 0.897500 -0.208900
v 0.463979 0.897500 -0.208900
v 0.505779 0.897500 -0.244200
v 0.463979 0.897500 -0.244200
v 0.505779 1.157400 -0.244200
v 0.463979 1.157400 -0.244200
v 0.505779 1.157400 -0.345500
v 0.463979 1.157400 -0.345500
v 0.505779 0.897500 -0.345500
v 0.463979 0.897500 -0.345500
v 0.505779 0.897500 -0.380800
v 0.463979 0.897500 -0.380800
v 0.505779 1.157400 -0.380800
v 0.463979 1.157400 -0.380800
v 1.265179 0.875400 -1.343300
v 1.610379 0.875400 -1.343300
v 1.265179 1.179300 -1.343300
v 1.610379 1.179300 -1.343300
v 1.265179 1.179300 -1.877600
v 1.610379 1.179300 -1.877600
v 1.265179 0.875400 -1.877600
v 1.610379 0.875400 -1.877600
v 1.610379 0.933900 -1.384100
v 1.610379 0.933900 -1.712800
v 1.610379 1.120800 -1.712800
v 1.610379 1.120800 -1.384100
v 1.615679 0.933900 -1.384100
v 1.615679 0.933900 -1.712800
v 1.615679 1.120800 -1.712800
v 1.615679 1.120800 -1.384100
v 1.587679 0.897500 -1.740700
v 1.629479 0.897500 -1.740700
v 1.587679 1.157400 -1.740700
v 1.629479 1.157400 -1.740700
v 1.587679 1.157400 -1.776000
v 1.629479 1.157400 -1.776000
v 1.587679 0.897500 -1.776000
v 1.629479 0.897500 -1.776000
v 1.587679 1.110900 -1.850700
v 1.629479 1.110900 -1.850700
v 1.587679 1.110900 -1.783100
v 1.629479 1.110900 -1.783100
v 1.587679 1.138500 -1.783100
v 1.629479 1.138500 -1.783100
v 1.587679 1.138500 -1.850700
v 1.629479 1.138500 -1.850700
v 1.286479 1.157400 -1.797200
v 1.244679 1.157400 -1.797200
v 1.286479 0.897500 -1.797200
v 1.244679 0.897500 -1.797200
v 1.286479 0.897500 -1.832500
v 1.244679 0.897500 -1.832500
v 1.286479 1.157400 -1.832500
v 1.244679 1.157400 -1.832500
v 1.286479 1.157400 -1.669000
v 1.244679 1.157400 -1.669000
v 1.286479 0.897500 -1.669000
v 1.244679 0.897500 -1.669000
v 1.286479 0.897500 -1.704300
v 1.244679 0.897500 -1.704300
v 1.286479 1.157400 -1.704300
v 1.244679 1.157400 -1.704300
v 1.286479 1.157400 -1.394300
v 1.244679 1.157400 -1.394300
v 1.286479 0.897500 -1.394300
v 1.244679 0.897500 -1.394300
v 1.286479 0.897500 -1.429600
v 1.244679 0.897500 -1.429600
v 1.286479 1.157400 -1.429600
v 1.244679 1.157400 -1.429600
v 1.286479 1.157400 -1.530900
v 1.244679 1.157400 -1.530900
v 1.286479 0.897500 -1.530900
v 1.244679 0.897500 -1.530900
v 1.286479 0.897500 -1.566200
v 1.244679 0.897500 -1.566200
v 1.286479 1.157400 -1.566200
v 1.244679 1.157400 -1.566200
v 1.265179 0.875400 -2.176500
v 1.610379 0.875400 -2.176500
v 1.265179 1.179300 -2.176500
v 1.610379 1.179300 -2.176500
v 1.265179 1.179300 -2.710800
v 1.610379 1.179300 -2.710800
v 1.265179 0.875400 -2.710800
v 1.610379 0.875400 -2.710800
v 1.610379 0.933900 -2.217300
v 1.610379 0.933900 -2.546000
v 1.610379 1.120800 -2.546000
v 1.610379 1.120800 -2.217300
v 1.615679 0.933900 -2.217300
v 1.615679 0.933900 -2.546000
v 1.615679 1.120800 -2.546000
v 1.615679 1.120800 -2.217300
v 1.587679 0.897500 -2.573900
v 1.629479 0.897500 -2.573900
v 1.587679 1.157400 -2.573900
v 1.629479 1.157400 -2.573900
v 1.587679 1.157400 -2.609200
v 1.629479 1.157400 -2.609200
v 1.587679 0.897500 -2.609200
v 1.629479 0.897500 -2.609200
v 1.587679 1.110901 -2.683900
v 1.629479 1.110901 -2.683900
v 1.587679 1.110901 -2.616300
v 1.629479 1.110901 -2.616300
v 1.587679 1.138500 -2.616300
v 1.629479 1.138500 -2.616300
v 1.587679 1.138500 -2.683900
v 1.629479 1.138500 -2.683900
v 1.286479 1.157400 -2.630400
v 1.244679 1.157400 -2.630400
v 1.286479 0.897500 -2.630400
v 1.244679 0.897500 -2.630400
v 1.286479 0.897500 -2.665700
v 1.244679 0.897500 -2.665700
v 1.286479 1.157400 -2.665700
v 1.244679 1.157400 -2.665700
v 1.286479 1.157400 -2.502200
v 1.244679 1.157400 -2.502200
v 1.286479 0.897500 -2.502200
v 1.244679 0.897500 -2.502200
v 1.286479 0.897500 -2.537500
v 1.244679 0.897500 -2.537500
v 1.286479 1.157400 -2.537500
v 1.244679 1.157400 -2.537500
v 1.286479 1.157400 -2.227500
v 1.244679 1.157400 -2.227500
v 1.286479 0.897500 -2.227500
v 1.244679 0.897500 -2.227500
v 1.286479 0.897500 -2.262800
v 1.244679 0.897500 -2.262800
v 1.286479 1.157400 -2.262800
v 1.244679 1.157400 -2.262800
v 1.286479 1.157400 -2.364100
v 1.244679 1.157400 -2.364100
v 1.286479 0.897500 -2.364100
v 1.244679 0.897500 -2.364100
v 1.286479 0.897500 -2.399400
v 1.244679 0.897500 -2.399400
v 1.286479 1.157400 -2.399400
v 1.244679 1.157400 -2.399400
v 0.484479 0.875400 -1.343300
v 0.829679 0.875400 -1.343300
v 0.484479 1.179300 -1.343300
v 0.829679 1.179300 -1.343300
v 0.484479 1.179300 -1.877600
v 0.829679 1.179300 -1.877600
v 0.484479 0.875400 -1.877600
v 0.829679 0.875400 -1.877600
v 0.829679 0.933900 -1.384100
v 0.829679 0.933900 -1.712800
v 0.829679 1.120800 -1.712800
v 0.829679 1.120800 -1.384100
v 0.834980 0.933900 -1.384100
v 0.834980 0.933900 -1.712800
v 0.834980 1.120800 -1.712800
v 0.834980 1.120800 -1.384100
v 0.806979 0.897500 -1.740700
v 0.848779 0.897500 -1.740700
v 0.806979 1.157400 -1.740700
v 0.848779 1.157400 -1.740700
v 0.806979 1.157400 -1.776000
v 0.848779 1.157400 -1.776000
v 0.806979 0.897500 -1.776000
v 0.848779 0.897500 -1.776000
v 0.806979 1.110900 -1.850700
v 0.848779 1.110900 -1.850700
v 0.806979 1.110900 -1.783100
v 0.848779 1.110900 -1.783100
v 0.806979 1.138500 -1.783100
v 0.848779 1.138500 -1.783100
v 0.806979 1.138500 -1.850700
v 0.848779 1.138500 -1.850700
v 0.505779 1.157400 -1.797200
v 0.463979 1.157400 -1.797200
v 0.505779 0.897500 -1.797200
v 0.463979 0.897500 -1.797200
v 0.505779 0.897500 -1.832500
v 0.463979 0.897500 -1.832500
v 0.505779 1.157400 -1.832500
v 0.463979 1.157400 -1.832500
v 0.505779 1.157400 -1.669000
v 0.463979 1.157400 -1.669000
v 0.505779 0.897500 -1.669000
v 0.463979 0.897500 -1.669000
v 0.505779 0.897500 -1.704300
v 0.463979 0.897500 -1.704300
v 0.505779 1.157400 -1.704300
v 0.463979 1.157400 -1.704300
v 0.505779 1.157400 -1.394300
v 0.463979 1.157400 -1.394300
v 0.505779 0.897500 -1.394300
v 0.463979 0.897500 -1.394300
v 0.505779 0.897500 -1.429600
v 0.463979 0.897500 -1.429600
v 0.505779 1.157400 -1.429600
v 0.463979 1.157400 -1.429600
v 0.505779 1.157400 -1.530900
v 0.463979 1.157400 -1.530900
v 0.505779 0.897500 -1.530900
v 0.463979 0.897500 -1.530900
v 0.505779 0.897500 -1.566200
v 0.463979 0.897500 -1.566200
v 0.505779 1.157400 -1.566200
v 0.463979 1.157400 -1.566200
v 0.484479 0.875400 -2.176500
v 0.829679 0.875400 -2.176500
v 0.484479 1.179300 -2.176500
v 0.829679 1.179300 -2.176500
v 0.484479 1.179300 -2.710800
v 0.829679 1.179300 -2.710800
v 0.484479 0.875400 -2.710800
v 0.829679 0.875400 -2.710800
v 0.829679 0.933900 -2.217300
v 0.829679 0.933900 -2.546000
v 0.829679 1.120800 -2.546000
v 0.829679 1.120800 -2.217300
v 0.834980 0.933900 -2.217300
v 0.834980 0.933900 -2.546000
v 0.834980 1.120800 -2.546000
v 0.834980 1.120800 -2.217300
v 0.806979 0.897500 -2.573900
v 0.848779 0.897500 -2.573900
v 0.806979 1.157400 -2.573900
v 0.848779 1.157400 -2.573900
v 0.806979 1.157400 -2.609200
v 0.848779 1.157400 -2.609200
v 0.806979 0.897500 -2.609200
v 0.848779 0.897500 -2.609200
v 0.806979 1.110901 -2.683900
v 0.848779 1.110901 -2.683900
v 0.806979 1.110901 -2.616300
v 0.848779 1.110901 -2.616300
v 0.806979 1.138500 -2.616300
v 0.848779 1.138500 -2.616300
v 0.806979 1.138500 -2.683900
v 0.848779 1.138500 -2.683900
v 0.505779 1.157400 -2.630400
v 0.463979 1.157400 -2.630400
v 0.505779 0.897500 -2.630400
v 0.463979 0.897500 -2.630400
v 0.505779 0.897500 -2.665700
v 0.463979 0.897500 -2.665700
v 0.505779 1.157400 -2.665700
v 0.463979 1.157400 -2.665700
v 0.505779 1.157400 -2.502200
v 0.463979 1.157400 -2.502200
v 0.505779 0.897500 -2.502200
v 0.463979 0.897500 -2.502200
v 0.505779 0.897500 -2.537500
v 0.463979 0.897500 -2.537500
v 0.505779 1.157400 -2.537500
v 0.463979 1.157400 -2.537500
v 0.505779 1.157400 -2.227500
v 0.463979 1.157400 -2.227500
v 0.505779 0.897500 -2.227500
v 0.463979 0.897500 -2.227500
v 0.505779 0.897500 -2.262800
v 0.463979 0.897500 -2.262800
v 0.505779 1.157400 -2.262800
v 0.463979 1.157400 -2.262800
v 0.505779 1.157400 -2.364100
v 0.463979 1.157400 -2.364100
v 0.505779 0.897500 -2.364100
v 0.463979 0.897500 -2.364100
v 0.505779 0.897500 -2.399400
v 0.463979 0.897500 -2.399400
v 0.505779 1.157400 -2.399400
v 0.463979 1.157400 -2.399400
v 1.265179 0.875401 -3.464300
v 1.610379 0.875401 -3.464300
v 1.265179 1.179301 -3.464300
v 1.610379 1.179301 -3.464300
v 1.265179 1.179301 -3.998600
v 1.610379 1.179301 -3.998600
v 1.265179 0.875401 -3.998600
v 1.610379 0.875401 -3.998600
v 1.610379 0.933901 -3.505100
v 1.610379 0.933901 -3.833800
v 1.610379 1.120801 -3.833800
v 1.610379 1.120801 -3.505100
v 1.615679 0.933901 -3.505100
v 1.615679 0.933901 -3.833800
v 1.615679 1.120801 -3.833800
v 1.615679 1.120801 -3.505100
v 1.587679 0.897501 -3.861700
v 1.629479 0.897501 -3.861700
v 1.587679 1.157401 -3.861700
v 1.629479 1.157401 -3.861700
v 1.587679 1.157401 -3.897000
v 1.629479 1.157401 -3.897000
v 1.587679 0.897501 -3.897000
v 1.629479 0.897501 -3.897000
v 1.587679 1.110901 -3.971700
v 1.629479 1.110901 -3.971700
v 1.587679 1.110901 -3.904100
v 1.629479 1.110901 -3.904100
v 1.587679 1.138501 -3.904100
v 1.629479 1.138501 -3.904100
v 1.587679 1.138501 -3.971700
v 1.629479 1.138501 -3.971700
v 1.286479 1.157401 -3.918200
v 1.244679 1.157401 -3.918200
v 1.286479 0.897501 -3.918200
v 1.244679 0.897501 -3.918200
v 1.286479 0.897501 -3.953500
v 1.244679 0.897501 -3.953500
v 1.286479 1.157401 -3.953500
v 1.244679 1.157401 -3.953500
v 1.286479 1.157401 -3.790000
v 1.244679 1.157401 -3.790000
v 1.286479 0.897501 -3.790000
v 1.244679 0.897501 -3.790000
v 1.286479 0.897501 -3.825300
v 1.244679 0.897501 -3.825300
v 1.286479 1.157401 -3.825300
v 1.244679 1.157401 -3.825300
v 1.286479 1.157401 -3.515300
v 1.244679 1.157401 -3.515300
v 1.286479 0.897501 -3.515300
v 1.244679 0.897501 -3.515300
v 1.286479 0.897501 -3.550600
v 1.244679 0.897501 -3.550600
v 1.286479 1.157401 -3.550600
v 1.244679 1.157401 -3.550600
v 1.286479 1.157401 -3.651900
v 1.244679 1.157401 -3.651900
v 1.286479 0.897501 -3.651900
v 1.244679 0.897501 -3.651900
v 1.286479 0.897501 -3.687200
v 1.244679 0.897501 -3.687200
v 1.286479 1.157401 -3.687200
v 1.244679 1.157401 -3.687200
v 1.265179 0.875401 -4.297500
v 1.610379 0.875401 -4.297500
v 1.265179 1.179301 -4.297500
v 1.610379 1.179301 -4.297500
v 1.265179 1.179301 -4.831800
v 1.610379 1.179301 -4.831800
v 1.265179 0.875401 -4.831800
v 1.610379 0.875401 -4.831800
v 1.610379 0.933901 -4.338300
v 1.610379 0.933901 -4.667000
v 1.610379 1.120801 -4.667000
v 1.610379 1.120801 -4.338300
v 1.615679 0.933901 -4.338300
v 1.615679 0.933901 -4.667000
v 1.615679 1.120801 -4.667000
v 1.615679 1.120801 -4.338300
v 1.587679 0.897501 -4.694900
v 1.629479 0.897501 -4.694900
v 1.587679 1.157401 -4.694900
v 1.629479 1.157401 -4.694900
v 1.587679 1.157401 -4.730200
v 1.629479 1.157401 -4.730200
v 1.587679 0.897501 -4.730200
v 1.629479 0.897501 -4.730200
v 1.587679 1.110901 -4.804900
v 1.629479 1.110901 -4.804900
v 1.587679 1.110901 -4.737300
v 1.629479 1.110901 -4.737300
v 1.587679 1.138501 -4.737300
v 1.629479 1.138501 -4.737300
v 1.587679 1.138501 -4.804900
v 1.629479 1.138501 -4.804900
v 1.286479 1.157401 -4.751400
v 1.244679 1.157401 -4.751400
v 1.286479 0.897501 -4.751400
v 1.244679 0.897501 -4.751400
v 1.286479 0.897501 -4.786700
v 1.244679 0.897501 -4.786700
v 1.286479 1.157401 -4.786700
v 1.244679 1.157401 -4.786700
v 1.286479 1.157401 -4.623200
v 1.244679 1.157401 -4.623200
v 1.286479 0.897501 -4.623200
v 1.244679 0.897501 -4.623200
v 1.286479 0.897501 -4.658500
v 1.244679 0.897501 -4.658500
v 1.286479 1.157401 -4.658500
v 1.244679 1.157401 -4.658500
v 1.286479 1.157401 -4.348500
v 1.244679 1.157401 -4.348500
v 1.286479 0.897501 -4.348500
v 1.244679 0.897501 -4.348500
v 1.286479 0.897501 -4.383800
v 1.244679 0.897501 -4.383800
v 1.286479 1.157401 -4.383800
v 1.244679 1.157401 -4.383800
v 1.286479 1.157401 -4.485100
v 1.244679 1.157401 -4.485100
v 1.286479 0.897501 -4.485100
v 1.244679 0.897501 -4.485100
v 1.286479 0.897501 -4.520400
v 1.244679 0.897501 -4.520400
v 1.286479 1.157401 -4.520400
v 1.244679 1.157401 -4.520400
v 0.484479 0.875401 -3.464300
v 0.829679 0.875401 -3.464300
v 0.484479 1.179301 -3.464300
v 0.829679 1.179301 -3.464300
v 0.484479 1.179301 -3.998600
v 0.829679 1.179301 -3.998600
v 0.484479 0.875401 -3.998600
v 0.829679 0.875401 -3.998600
v 0.829679 0.933901 -3.505100
v 0.829679 0.933901 -3.833800
v 0.829679 1.120801 -3.833800
v 0.829679 1.120801 -3.505100
v 0.834980 0.933901 -3.505100
v 0.834980 0.933901 -3.833800
v 0.834980 1.120801 -3.833800
v 0.834980 1.120801 -3.505100
v 0.806979 0.897501 -3.861700
v 0.848779 0.897501 -3.861700
v 0.806979 1.157401 -3.861700
v 0.848779 1.157401 -3.861700
v 0.806979 1.157401 -3.897000
v 0.848779 1.157401 -3.897000
v 0.806979 0.897501 -3.897000
v 0.848779 0.897501 -3.897000
v 0.806979 1.110901 -3.971700
v 0.848779 1.110901 -3.971700
v 0.806979 1.110901 -3.904100
v 0.848779 1.110901 -3.904100
v 0.806979 1.138501 -3.904100
v 0.848779 1.138501 -3.904100
v 0.806979 1.138501 -3.971700
v 0.848779 1.138501 -3.971700
v 0.505779 1.157401 -3.918200
v 0.463979 1.157401 -3.918200
v 0.505779 0.897501 -3.918200
v 0.463979 0.897501 -3.918200
v 0.505779 0.897501 -3.953500
v 0.463979 0.897501 -3.953500
v 0.505779 1.157401 -3.953500
v 0.463979 1.157401 -3.953500
v 0.505779 1.157401 -3.790000
v 0.463979 1.157401 -3.790000
v 0.505779 0.897501 -3.790000
v 0.463979 0.897501 -3.790000
v 0.505779 0.897501 -3.825300
v 0.463979 0.897501 -3.825300
v 0.505779 1.157401 -3.825300
v 0.463979 1.157401 -3.825300
v 0.505779 1.157401 -3.515300
v 0.463979 1.157401 -3.515300
v 0.505779 0.897501 -3.515300
v 0.463979 0.897501 -3.515300
v 0.505779 0.897501 -3.550600
v 0.463979 0.897501 -3.550600
v 0.505779 1.157401 -3.550600
v 0.463979 1.157401 -3.550600
v 0.505779 1.157401 -3.651900
v 0.463979 1.157401 -3.651900
v 0.505779 0.897501 -3.651900
v 0.463979 0.897501 -3.651900
v 0.505779 0.897501 -3.687200
v 0.463979 0.897501 -3.687200
v 0.505779 1.157401 -3.687200
v 0.463979 1.157401 -3.687200
v 0.484479 0.875401 -4.297500
v 0.829679 0.875401 -4.297500
v 0.484479 1.179301 -4.297500
v 0.829679 1.179301 -4.297500
v 0.484479 1.179301 -4.831800
v 0.829679 1.179301 -4.831800
v 0.484479 0.875401 -4.831800
v 0.829679 0.875401 -4.831800
v 0.829679 0.933901 -4.338300
v 0.829679 0.933901 -4.667000
v 0.829679 1.120801 -4.667000
v 0.829679 1.120801 -4.338300
v 0.834980 0.933901 -4.338300
v 0.834980 0.933901 -4.667000
v 0.834980 1.120801 -4.667000
v 0.834980 1.120801 -4.338300
v 0.806979 0.897501 -4.694900
v 0.848779 0.897501 -4.694900
v 0.806979 1.157401 -4.694900
v 0.848779 1.157401 -4.694900
v 0.806979 1.157401 -4.730200
v 0.848779 1.157401 -4.730200
v 0.806979 0.897501 -4.730200
v 0.848779 0.897501 -4.730200
v 0.806979 1.110901 -4.804900
v 0.848779 1.110901 -4.804900
v 0.806979 1.110901 -4.737300
v 0.848779 1.110901 -4.737300
v 0.806979 1.138501 -4.737300
v 0.848779 1.138501 -4.737300
v 0.806979 1.138501 -4.804900
v 0.848779 1.138501 -4.804900
v 0.505779 1.157401 -4.751400
v 0.463979 1.157401 -4.751400
v 0.505779 0.897501 -4.751400
v 0.463979 0.897501 -4.751400
v 0.505779 0.897501 -4.786700
v 0.463979 0.897501 -4.786700
v 0.505779 1.157401 -4.786700
v 0.463979 1.157401 -4.786700
v 0.505779 1.157401 -4.623200
v 0.463979 1.157401 -4.623200
v 0.505779 0.897501 -4.623200
v 0.463979 0.897501 -4.623200
v 0.505779 0.897501 -4.658500
v 0.463979 0.897501 -4.658500
v 0.505779 1.157401 -4.658500
v 0.463979 1.157401 -4.658500
v 0.505779 1.157401 -4.348500
v 0.463979 1.157401 -4.348500
v 0.505779 0.897501 -4.348500
v 0.463979 0.897501 -4.348500
v 0.505779 0.897501 -4.383800
v 0.463979 0.897501 -4.383800
v 0.505779 1.157401 -4.383800
v 0.463979 1.157401 -4.383800
v 0.505779 1.157401 -4.485100
v 0.463979 1.157401 -4.485100
v 0.505779 0.897501 -4.485100
v 0.463979 0.897501 -4.485100
v 0.505779 0.897501 -4.520400
v 0.463979 0.897501 -4.520400
v 0.505779 1.157401 -4.520400
v 0.463979 1.157401 -4.520400
v 1.265179 -0.025399 -3.464300
v 1.610379 -0.025399 -3.464300
v 1.265179 0.278501 -3.464300
v 1.610379 0.278501 -3.464300
v 1.265179 0.278501 -3.998600
v 1.610379 0.278501 -3.998600
v 1.265179 -0.025399 -3.998600
v 1.610379 -0.025399 -3.998600
v 1.610379 0.033101 -3.505100
v 1.610379 0.033101 -3.833800
v 1.610379 0.220001 -3.833800
v 1.610379 0.220001 -3.505100
v 1.615679 0.033101 -3.505100
v 1.615679 0.033101 -3.833800
v 1.615679 0.220001 -3.833800
v 1.615679 0.220001 -3.505100
v 1.587679 -0.003299 -3.861700
v 1.629479 -0.003299 -3.861700
v 1.587679 0.256601 -3.861700
v 1.629479 0.256601 -3.861700
v 1.587679 0.256601 -3.897000
v 1.629479 0.256601 -3.897000
v 1.587679 -0.003299 -3.897000
v 1.629479 -0.003299 -3.897000
v 1.587679 0.210101 -3.971700
v 1.629479 0.210101 -3.971700
v 1.587679 0.210101 -3.904100
v 1.629479 0.210101 -3.904100
v 1.587679 0.237701 -3.904100
v 1.629479 0.237701 -3.904100
v 1.587679 0.237701 -3.971700
v 1.629479 0.237701 -3.971700
v 1.286479 0.256601 -3.918200
v 1.244679 0.256601 -3.918200
v 1.286479 -0.003299 -3.918200
v 1.244679 -0.003299 -3.918200
v 1.286479 -0.003299 -3.953500
v 1.244679 -0.003299 -3.953500
v 1.286479 0.256601 -3.953500
v 1.244679 0.256601 -3.953500
v 1.286479 0.256601 -3.790000
v 1.244679 0.256601 -3.790000
v 1.286479 -0.003299 -3.790000
v 1.244679 -0.003299 -3.790000
v 1.286479 -0.003299 -3.825300
v 1.244679 -0.003299 -3.825300
v 1.286479 0.256601 -3.825300
v 1.244679 0.256601 -3.825300
v 1.286479 0.256601 -3.515300
v 1.244679 0.256601 -3.515300
v 1.286479 -0.003299 -3.515300
v 1.244679 -0.003299 -3.515300
v 1.286479 -0.003299 -3.550600
v 1.244679 -0.003299 -3.550600
v 1.286479 0.256601 -3.550600
v 1.244679 0.256601 -3.550600
v 1.286479 0.256601 -3.651900
v 1.244679 0.256601 -3.651900
v 1.286479 -0.003299 -3.651900
v 1.244679 -0.003299 -3.651900
v 1.286479 -0.003299 -3.687200
v 1.244679 -0.003299 -3.687200
v 1.286479 0.256601 -3.687200
v 1.244679 0.256601 -3.687200
v 1.265179 -0.025399 -4.297500
v 1.610379 -0.025399 -4.297500
v 1.265179 0.278501 -4.297500
v 1.610379 0.278501 -4.297500
v 1.265179 0.278501 -4.831800
v 1.610379 0.278501 -4.831800
v 1.265179 -0.025399 -4.831800
v 1.610379 -0.025399 -4.831800
v 1.610379 0.033101 -4.338300
v 1.610379 0.033101 -4.667000
v 1.610379 0.220001 -4.667000
v 1.610379 0.220001 -4.338300
v 1.615679 0.033101 -4.338300
v 1.615679 0.033101 -4.667000
v 1.615679 0.220001 -4.667000
v 1.615679 0.220001 -4.338300
v 1.587679 -0.003299 -4.694900
v 1.629479 -0.003299 -4.694900
v 1.587679 0.256601 -4.694900
v 1.629479 0.256601 -4.694900
v 1.587679 0.256601 -4.730200
v 1.629479 0.256601 -4.730200
v 1.587679 -0.003299 -4.730200
v 1.629479 -0.003299 -4.730200
v 1.587679 0.210101 -4.804900
v 1.629479 0.210101 -4.804900
v 1.587679 0.210101 -4.737300
v 1.629479 0.210101 -4.737300
v 1.587679 0.237701 -4.737300
v 1.629479 0.237701 -4.737300
v 1.587679 0.237701 -4.804900
v 1.629479 0.237701 -4.804900
v 1.286479 0.256601 -4.751400
v 1.244679 0.256601 -4.751400
v 1.286479 -0.003299 -4.751400
v 1.244679 -0.003299 -4.751400
v 1.286479 -0.003299 -4.786700
v 1.244679 -0.003299 -4.786700
v 1.286479 0.256601 -4.786700
v 1.244679 0.256601 -4.786700
v 1.286479 0.256601 -4.623200
v 1.244679 0.256601 -4.623200
v 1.286479 -0.003299 -4.623200
v 1.244679 -0.003299 -4.623200
v 1.286479 -0.003299 -4.658500
v 1.244679 -0.003299 -4.658500
v 1.286479 0.256601 -4.658500
v 1.244679 0.256601 -4.658500
v 1.286479 0.256601 -4.348500
v 1.244679 0.256601 -4.348500
v 1.286479 -0.003299 -4.348500
v 1.244679 -0.003299 -4.348500
v 1.286479 -0.003299 -4.383800
v 1.244679 -0.003299 -4.383800
v 1.286479 0.256601 -4.383800
v 1.244679 0.256601 -4.383800
v 1.286479 0.256601 -4.485100
v 1.244679 0.256601 -4.485100
v 1.286479 -0.003299 -4.485100
v 1.244679 -0.003299 -4.485100
v 1.286479 -0.003299 -4.520400
v 1.244679 -0.003299 -4.520400
v 1.286479 0.256601 -4.520400
v 1.244679 0.256601 -4.520400
v 0.484479 -0.025399 -3.464300
v 0.829679 -0.025399 -3.464300
v 0.484479 0.278501 -3.464300
v 0.829679 0.278501 -3.464300
v 0.484479 0.278501 -3.998600
v 0.829679 0.278501 -3.998600
v 0.484479 -0.025399 -3.998600
v 0.829679 -0.025399 -3.998600
v 0.829679 0.033101 -3.505100
v 0.829679 0.033101 -3.833800
v 0.829679 0.220001 -3.833800
v 0.829679 0.220001 -3.505100
v 0.834980 0.033101 -3.505100
v 0.834980 0.033101 -3.833800
v 0.834980 0.220001 -3.833800
v 0.834980 0.220001 -3.505100
v 0.806979 -0.003299 -3.861700
v 0.848779 -0.003299 -3.861700
v 0.806979 0.256601 -3.861700
v 0.848779 0.256601 -3.861700
v 0.806979 0.256601 -3.897000
v 0.848779 0.256601 -3.897000
v 0.806979 -0.003299 -3.897000
v 0.848779 -0.003299 -3.897000
v 0.806979 0.210101 -3.971700
v 0.848779 0.210101 -3.971700
v 0.806979 0.210101 -3.904100
v 0.848779 0.210101 -3.904100
v 0.806979 0.237701 -3.904100
v 0.848779 0.237701 -3.904100
v 0.806979 0.237701 -3.971700
v 0.848779 0.237701 -3.971700
v 0.505779 0.256601 -3.918200
v 0.463979 0.256601 -3.918200
v 0.505779 -0.003299 -3.918200
v 0.463979 -0.003299 -3.918200
v 0.505779 -0.003299 -3.953500
v 0.463979 -0.003299 -3.953500
v 0.505779 0.256601 -3.953500
v 0.463979 0.256601 -3.953500
v 0.505779 0.256601 -3.790000
v 0.463979 0.256601 -3.790000
v 0.505779 -0.003299 -3.790000
v 0.463979 -0.003299 -3.790000
v 0.505779 -0.003299 -3.825300
v 0.463979 -0.003299 -3.825300
v 0.505779 0.256601 -3.825300
v 0.463979 0.256601 -3.825300
v 0.505779 0.256601 -3.515300
v 0.463979 0.256601 -3.515300
v 0.505779 -0.003299 -3.515300
v 0.463979 -0.003299 -3.515300
v 0.505779 -0.003299 -3.550600
v 0.463979 -0.003299 -3.550600
v 0.505779 0.256601 -3.550600
v 0.463979 0.256601 -3.550600
v 0.505779 0.256601 -3.651900
v 0.463979 0.256601 -3.651900
v 0.505779 -0.003299 -3.651900
v 0.463979 -0.003299 -3.651900
v 0.505779 -0.003299 -3.687200
v 0.463979 -0.003299 -3.687200
v 0.505779 0.256601 -3.687200
v 0.463979 0.256601 -3.687200
v 0.484479 -0.025399 -4.297500
v 0.829679 -0.025399 -4.297500
v 0.484479 0.278501 -4.297500
v 0.829679 0.278501 -4.297500
v 0.484479 0.278501 -4.831800
v 0.829679 0.278501 -4.831800
v 0.484479 -0.025399 -4.831800
v 0.829679 -0.025399 -4.831800
v 0.829679 0.033101 -4.338300
v 0.829679 0.033101 -4.667000
v 0.829679 0.220001 -4.667000
v 0.829679 0.220001 -4.338300
v 0.834980 0.033101 -4.338300
v 0.834980 0.033101 -4.667000
v 0.834980 0.220001 -4.667000
v 0.834980 0.220001 -4.338300
v 0.806979 -0.003299 -4.694900
v 0.848779 -0.003299 -4.694900
v 0.806979 0.256601 -4.694900
v 0.848779 0.256601 -4.694900
v 0.806979 0.256601 -4.730200
v 0.848779 0.256601 -4.730200
v 0.806979 -0.003299 -4.730200
v 0.848779 -0.003299 -4.730200
v 0.806979 0.210101 -4.804900
v 0.848779 0.210101 -4.804900
v 0.806979 0.210101 -4.737300
v 0.848779 0.210101 -4.737300
v 0.806979 0.237701 -4.737300
v 0.848779 0.237701 -4.737300
v 0.806979 0.237701 -4.804900
v 0.848779 0.237701 -4.804900
v 0.505779 0.256601 -4.751400
v 0.463979 0.256601 -4.751400
v 0.505779 -0.003299 -4.751400
v 0.463979 -0.003299 -4.751400
v 0.505779 -0.003299 -4.786700
v 0.463979 -0.003299 -4.786700
v 0.505779 0.256601 -4.786700
v 0.463979 0.256601 -4.786700
v 0.505779 0.256601 -4.623200
v 0.463979 0.256601 -4.623200
v 0.505779 -0.003299 -4.623200
v 0.463979 -0.003299 -4.623200
v 0.505779 -0.003299 -4.658500
v 0.463979 -0.003299 -4.658500
v 0.505779 0.256601 -4.658500
v 0.463979 0.256601 -4.658500
v 0.505779 0.256601 -4.348500
v 0.463979 0.256601 -4.348500
v 0.505779 -0.003299 -4.348500
v 0.463979 -0.003299 -4.348500
v 0.505779 -0.003299 -4.383800
v 0.463979 -0.003299 -4.383800
v 0.505779 0.256601 -4.383800
v 0.463979 0.256601 -4.383800
v 0.505779 0.256601 -4.485100
v 0.463979 0.256601 -4.485100
v 0.505779 -0.003299 -4.485100
v 0.463979 -0.003299 -4.485100
v 0.505779 -0.003299 -4.520400
v 0.463979 -0.003299 -4.520400
v 0.505779 0.256601 -4.520400
v 0.463979 0.256601 -4.520400
v 1.265179 -0.954699 -3.464300
v 1.610379 -0.954699 -3.464300
v 1.265179 -0.650799 -3.464300
v 1.610379 -0.650799 -3.464300
v 1.265179 -0.650799 -3.998600
v 1.610379 -0.650799 -3.998600
v 1.265179 -0.954699 -3.998600
v 1.610379 -0.954699 -3.998600
v 1.610379 -0.896199 -3.505100
v 1.610379 -0.896199 -3.833800
v 1.610379 -0.709299 -3.833800
v 1.610379 -0.709299 -3.505100
v 1.615679 -0.896199 -3.505100
v 1.615679 -0.896199 -3.833800
v 1.615679 -0.709299 -3.833800
v 1.615679 -0.709299 -3.505100
v 1.587679 -0.932599 -3.861700
v 1.629479 -0.932599 -3.861700
v 1.587679 -0.672699 -3.861700
v 1.629479 -0.672699 -3.861700
v 1.587679 -0.672699 -3.897000
v 1.629479 -0.672699 -3.897000
v 1.587679 -0.932599 -3.897000
v 1.629479 -0.932599 -3.897000
v 1.587679 -0.719199 -3.971700
v 1.629479 -0.719199 -3.971700
v 1.587679 -0.719199 -3.904100
v 1.629479 -0.719199 -3.904100
v 1.587679 -0.691599 -3.904100
v 1.629479 -0.691599 -3.904100
v 1.587679 -0.691599 -3.971700
v 1.629479 -0.691599 -3.971700
v 1.286479 -0.672699 -3.918200
v 1.244679 -0.672699 -3.918200
v 1.286479 -0.932599 -3.918200
v 1.244679 -0.932599 -3.918200
v 1.286479 -0.932599 -3.953500
v 1.244679 -0.932599 -3.953500
v 1.286479 -0.672699 -3.953500
v 1.244679 -0.672699 -3.953500
v 1.286479 -0.672699 -3.790000
v 1.244679 -0.672699 -3.790000
v 1.286479 -0.932599 -3.790000
v 1.244679 -0.932599 -3.790000
v 1.286479 -0.932599 -3.825300
v 1.244679 -0.932599 -3.825300
v 1.286479 -0.672699 -3.825300
v 1.244679 -0.672699 -3.825300
v 1.286479 -0.672699 -3.515300
v 1.244679 -0.672699 -3.515300
v 1.286479 -0.932599 -3.515300
v 1.244679 -0.932599 -3.515300
v 1.286479 -0.932599 -3.550600
v 1.244679 -0.932599 -3.550600
v 1.286479 -0.672699 -3.550600
v 1.244679 -0.672699 -3.550600
v 1.286479 -0.672699 -3.651900
v 1.244679 -0.672699 -3.651900
v 1.286479 -0.932599 -3.651900
v 1.244679 -0.932599 -3.651900
v 1.286479 -0.932599 -3.687200
v 1.244679 -0.932599 -3.687200
v 1.286479 -0.672699 -3.687200
v 1.244679 -0.672699 -3.687200
v 1.265179 -0.954699 -4.297500
v 1.610379 -0.954699 -4.297500
v 1.265179 -0.650799 -4.297500
v 1.610379 -0.650799 -4.297500
v 1.265179 -0.650799 -4.831800
v 1.610379 -0.650799 -4.831800
v 1.265179 -0.954699 -4.831800
v 1.610379 -0.954699 -4.831800
v 1.610379 -0.896199 -4.338300
v 1.610379 -0.896199 -4.667000
v 1.610379 -0.709299 -4.667000
v 1.610379 -0.709299 -4.338300
v 1.615679 -0.896199 -4.338300
v 1.615679 -0.896199 -4.667000
v 1.615679 -0.709299 -4.667000
v 1.615679 -0.709299 -4.338300
v 1.587679 -0.932599 -4.694900
v 1.629479 -0.932599 -4.694900
v 1.587679 -0.672699 -4.694900
v 1.629479 -0.672699 -4.694900
v 1.587679 -0.672699 -4.730200
v 1.629479 -0.672699 -4.730200
v 1.587679 -0.932599 -4.730200
v 1.629479 -0.932599 -4.730200
v 1.587679 -0.719199 -4.804900
v 1.629479 -0.719199 -4.804900
v 1.587679 -0.719199 -4.737300
v 1.629479 -0.719199 -4.737300
v 1.587679 -0.691599 -4.737300
v 1.629479 -0.691599 -4.737300
v 1.587679 -0.691599 -4.804900
v 1.629479 -0.691599 -4.804900
v 1.286479 -0.672699 -4.751400
v 1.244679 -0.672699 -4.751400
v 1.286479 -0.932599 -4.751400
v 1.244679 -0.932599 -4.751400
v 1.286479 -0.932599 -4.786700
v 1.244679 -0.932599 -4.786700
v 1.286479 -0.672699 -4.786700
v 1.244679 -0.672699 -4.786700
v 1.286479 -0.672699 -4.623200
v 1.244679 -0.672699 -4.623200
v 1.286479 -0.932599 -4.623200
v 1.244679 -0.932599 -4.623200
v 1.286479 -0.932599 -4.658500
v 1.244679 -0.932599 -4.658500
v 1.286479 -0.672699 -4.658500
v 1.244679 -0.672699 -4.658500
v 1.286479 -0.672699 -4.348500
v 1.244679 -0.672699 -4.348500
v 1.286479 -0.932599 -4.348500
v 1.244679 -0.932599 -4.348500
v 1.286479 -0.932599 -4.383800
v 1.244679 -0.932599 -4.383800
v 1.286479 -0.672699 -4.383800
v 1.244679 -0.672699 -4.383800
v 1.286479 -0.672699 -4.485100
v 1.244679 -0.672699 -4.485100
v 1.286479 -0.932599 -4.485100
v 1.244679 -0.932599 -4.485100
v 1.286479 -0.932599 -4.520400
v 1.244679 -0.932599 -4.520400
v 1.286479 -0.672699 -4.520400
v 1.244679 -0.672699 -4.520400
v 0.484479 -0.954699 -3.464300
v 0.829679 -0.954699 -3.464300
v 0.484479 -0.650799 -3.464300
v 0.829679 -0.650799 -3.464300
v 0.484479 -0.650799 -3.998600
v 0.829679 -0.650799 -3.998600
v 0.484479 -0.954699 -3.998600
v 0.829679 -0.954699 -3.998600
v 0.829679 -0.896199 -3.505100
v 0.829679 -0.896199 -3.833800
v 0.829679 -0.709299 -3.833800
v 0.829679 -0.709299 -3.505100
v 0.834980 -0.896199 -3.505100
v 0.834980 -0.896199 -3.833800
v 0.834980 -0.709299 -3.833800
v 0.834980 -0.709299 -3.505100
v 0.806979 -0.932599 -3.861700
v 0.848779 -0.932599 -3.861700
v 0.806979 -0.672699 -3.861700
v 0.848779 -0.672699 -3.861700
v 0.806979 -0.672699 -3.897000
v 0.848779 -0.672699 -3.897000
v 0.806979 -0.932599 -3.897000
v 0.848779 -0.932599 -3.897000
v 0.806979 -0.719199 -3.971700
v 0.848779 -0.719199 -3.971700
v 0.806979 -0.719199 -3.904100
v 0.848779 -0.719199 -3.904100
v 0.806979 -0.691599 -3.904100
v 0.848779 -0.691599 -3.904100
v 0.806979 -0.691599 -3.971700
v 0.848779 -0.691599 -3.971700
v 0.505779 -0.672699 -3.918200
v 0.463979 -0.672699 -3.918200
v 0.505779 -0.932599 -3.918200
v 0.463979 -0.932599 -3.918200
v 0.505779 -0.932599 -3.953500
v 0.463979 -0.932599 -3.953500
v 0.505779 -0.672699 -3.953500
v 0.463979 -0.672699 -3.953500
v 0.505779 -0.672699 -3.790000
v 0.463979 -0.672699 -3.790000
v 0.505779 -0.932599 -3.790000
v 0.463979 -0.932599 -3.790000
v 0.505779 -0.932599 -3.825300
v 0.463979 -0.932599 -3.825300
v 0.505779 -0.672699 -3.825300
v 0.463979 -0.672699 -3.825300
v 0.505779 -0.672699 -3.515300
v 0.463979 -0.672699 -3.515300
v 0.505779 -0.932599 -3.515300
v 0.463979 -0.932599 -3.515300
v 0.505779 -0.932599 -3.550600
v 0.463979 -0.932599 -3.550600
v 0.505779 -0.672699 -3.550600
v 0.463979 -0.672699 -3.550600
v 0.505779 -0.672699 -3.651900
v 0.463979 -0.672699 -3.651900
v 0.505779 -0.932599 -3.651900
v 0.463979 -0.932599 -3.651900
v 0.505779 -0.932599 -3.687200
v 0.463979 -0.932599 -3.687200
v 0.505779 -0.672699 -3.687200
v 0.463979 -0.672699 -3.687200
v 0.484479 -0.954699 -4.297500
v 0.829679 -0.954699 -4.297500
v 0.484479 -0.650799 -4.297500
v 0.829679 -0.650799 -4.297500
v 0.484479 -0.650799 -4.831800
v 0.829679 -0.650799 -4.831800
v 0.484479 -0.954699 -4.831800
v 0.829679 -0.954699 -4.831800
v 0.829679 -0.896199 -4.338300
v 0.829679 -0.896199 -4.667000
v 0.829679 -0.709299 -4.667000
v 0.829679 -0.709299 -4.338300
v 0.834980 -0.896199 -4.338300
v 0.834980 -0.896199 -4.667000
v 0.834980 -0.709299 -4.667000
v 0.834980 -0.709299 -4.338300
v 0.806979 -0.932599 -4.694900
v 0.848779 -0.932599 -4.694900
v 0.806979 -0.672699 -4.694900
v 0.848779 -0.672699 -4.694900
v 0.806979 -0.672699 -4.730200
v 0.848779 -0.672699 -4.730200
v 0.806979 -0.932599 -4.730200
v 0.848779 -0.932599 -4.730200
v 0.806979 -0.719199 -4.804900
v 0.848779 -0.719199 -4.804900
v 0.806979 -0.719199 -4.737300
v 0.848779 -0.719199 -4.737300
v 0.806979 -0.691599 -4.737300
v 0.848779 -0.691599 -4.737300
v 0.806979 -0.691599 -4.804900
v 0.848779 -0.691599 -4.804900
v 0.505779 -0.672699 -4.751400
v 0.463979 -0.672699 -4.751400
v 0.505779 -0.932599 -4.751400
v 0.463979 -0.932599 -4.751400
v 0.505779 -0.932599 -4.786700
v 0.463979 -0.932599 -4.786700
v 0.505779 -0.672699 -4.786700
v 0.463979 -0.672699 -4.786700
v 0.505779 -0.672699 -4.623200
v 0.463979 -0.672699 -4.623200
v 0.505779 -0.932599 -4.623200
v 0.463979 -0.932599 -4.623200
v 0.505779 -0.932599 -4.658500
v 0.463979 -0.932599 -4.658500
v 0.505779 -0.672699 -4.658500
v 0.463979 -0.672699 -4.658500
v 0.505779 -0.672699 -4.348500
v 0.463979 -0.672699 -4.348500
v 0.505779 -0.932599 -4.348500
v 0.463979 -0.932599 -4.348500
v 0.505779 -0.932599 -4.383800
v 0.463979 -0.932599 -4.383800
v 0.505779 -0.672699 -4.383800
v 0.463979 -0.672699 -4.383800
v 0.505779 -0.672699 -4.485100
v 0.463979 -0.672699 -4.485100
v 0.505779 -0.932599 -4.485100
v 0.463979 -0.932599 -4.485100
v 0.505779 -0.932599 -4.520400
v 0.463979 -0.932599 -4.520400
v 0.505779 -0.672699 -4.520400
v 0.463979 -0.672699 -4.520400
v -1.294920 -0.954699 -4.833200
v -1.640021 -0.954699 -4.833200
v -1.294920 -0.650799 -4.833200
v -1.640021 -0.650799 -4.833200
v -1.294920 -0.650799 -4.298800
v -1.640021 -0.650799 -4.298800
v -1.294920 -0.954699 -4.298800
v -1.640021 -0.954699 -4.298800
v -1.640021 -0.896199 -4.792300
v -1.640021 -0.896199 -4.463600
v -1.640021 -0.709299 -4.463600
v -1.640021 -0.709299 -4.792300
v -1.645320 -0.896199 -4.792300
v -1.645320 -0.896199 -4.463600
v -1.645320 -0.709299 -4.463600
v -1.645320 -0.709299 -4.792300
v -1.617321 -0.932599 -4.435700
v -1.659221 -0.932599 -4.435700
v -1.617321 -0.672699 -4.435700
v -1.659221 -0.672699 -4.435700
v -1.617321 -0.672699 -4.400500
v -1.659221 -0.672699 -4.400500
v -1.617321 -0.932599 -4.400500
v -1.659221 -0.932599 -4.400500
v -1.617321 -0.719199 -4.325800
v -1.659221 -0.719199 -4.325800
v -1.617321 -0.719199 -4.393400
v -1.659221 -0.719199 -4.393400
v -1.617321 -0.691599 -4.393400
v -1.659221 -0.691599 -4.393400
v -1.617321 -0.691599 -4.325800
v -1.659221 -0.691599 -4.325800
v -1.316221 -0.672699 -4.379200
v -1.274321 -0.672699 -4.379200
v -1.316221 -0.932599 -4.379200
v -1.274321 -0.932599 -4.379200
v -1.316221 -0.932599 -4.344000
v -1.274321 -0.932599 -4.344000
v -1.316221 -0.672699 -4.344000
v -1.274321 -0.672699 -4.344000
v -1.316221 -0.672699 -4.507400
v -1.274321 -0.672699 -4.507400
v -1.316221 -0.932599 -4.507400
v -1.274321 -0.932599 -4.507400
v -1.316221 -0.932599 -4.472200
v -1.274321 -0.932599 -4.472200
v -1.316221 -0.672699 -4.472200
v -1.274321 -0.672699 -4.472200
v -1.316221 -0.672699 -4.782100
v -1.274321 -0.672699 -4.782100
v -1.316221 -0.932599 -4.782100
v -1.274321 -0.932599 -4.782100
v -1.316221 -0.932599 -4.746900
v -1.274321 -0.932599 -4.746900
v -1.316221 -0.672699 -4.746900
v -1.274321 -0.672699 -4.746900
v -1.316221 -0.672699 -4.645500
v -1.274321 -0.672699 -4.645500
v -1.316221 -0.932599 -4.645500
v -1.274321 -0.932599 -4.645500
v -1.316221 -0.932599 -4.610300
v -1.274321 -0.932599 -4.610300
v -1.316221 -0.672699 -4.610300
v -1.274321 -0.672699 -4.610300
v -1.294920 -0.954699 -4.000000
v -1.640021 -0.954699 -4.000000
v -1.294920 -0.650799 -4.000000
v -1.640021 -0.650799 -4.000000
v -1.294920 -0.650799 -3.465600
v -1.640021 -0.650799 -3.465600
v -1.294920 -0.954699 -3.465600
v -1.640021 -0.954699 -3.465600
v -1.640021 -0.896199 -3.959100
v -1.640021 -0.896199 -3.630400
v -1.640021 -0.709299 -3.630400
v -1.640021 -0.709299 -3.959100
v -1.645320 -0.896199 -3.959100
v -1.645320 -0.896199 -3.630400
v -1.645320 -0.709299 -3.630400
v -1.645320 -0.709299 -3.959100
v -1.617321 -0.932599 -3.602500
v -1.659221 -0.932599 -3.602500
v -1.617321 -0.672699 -3.602500
v -1.659221 -0.672699 -3.602500
v -1.617321 -0.672699 -3.567300
v -1.659221 -0.672699 -3.567300
v -1.617321 -0.932599 -3.567300
v -1.659221 -0.932599 -3.567300
v -1.617321 -0.719199 -3.492600
v -1.659221 -0.719199 -3.492600
v -1.617321 -0.719199 -3.560200
v -1.659221 -0.719199 -3.560200
v -1.617321 -0.691599 -3.560200
v -1.659221 -0.691599 -3.560200
v -1.617321 -0.691599 -3.492600
v -1.659221 -0.691599 -3.492600
v -1.316221 -0.672699 -3.546000
v -1.274321 -0.672699 -3.546000
v -1.316221 -0.932599 -3.546000
v -1.274321 -0.932599 -3.546000
v -1.316221 -0.932599 -3.510800
v -1.274321 -0.932599 -3.510800
v -1.316221 -0.672699 -3.510800
v -1.274321 -0.672699 -3.510800
v -1.316221 -0.672699 -3.674200
v -1.274321 -0.672699 -3.674200
v -1.316221 -0.932599 -3.674200
v -1.274321 -0.932599 -3.674200
v -1.316221 -0.932599 -3.639000
v -1.274321 -0.932599 -3.639000
v -1.316221 -0.672699 -3.639000
v -1.274321 -0.672699 -3.639000
v -1.316221 -0.672699 -3.948900
v -1.274321 -0.672699 -3.948900
v -1.316221 -0.932599 -3.948900
v -1.274321 -0.932599 -3.948900
v -1.316221 -0.932599 -3.913700
v -1.274321 -0.932599 -3.913700
v -1.316221 -0.672699 -3.913700
v -1.274321 -0.672699 -3.913700
v -1.316221 -0.672699 -3.812300
v -1.274321 -0.672699 -3.812300
v -1.316221 -0.932599 -3.812300
v -1.274321 -0.932599 -3.812300
v -1.316221 -0.932599 -3.777100
v -1.274321 -0.932599 -3.777100
v -1.316221 -0.672699 -3.777100
v -1.274321 -0.672699 -3.777100
v -0.514221 -0.954699 -4.833200
v -0.859321 -0.954699 -4.833200
v -0.514221 -0.650799 -4.833200
v -0.859321 -0.650799 -4.833200
v -0.514221 -0.650799 -4.298800
v -0.859321 -0.650799 -4.298800
v -0.514221 -0.954699 -4.298800
v -0.859321 -0.954699 -4.298800
v -0.859321 -0.896199 -4.792300
v -0.859321 -0.896199 -4.463600
v -0.859321 -0.709299 -4.463600
v -0.859321 -0.709299 -4.792300
v -0.864621 -0.896199 -4.792300
v -0.864621 -0.896199 -4.463600
v -0.864621 -0.709299 -4.463600
v -0.864621 -0.709299 -4.792300
v -0.836621 -0.932599 -4.435700
v -0.878520 -0.932599 -4.435700
v -0.836621 -0.672699 -4.435700
v -0.878520 -0.672699 -4.435700
v -0.836621 -0.672699 -4.400500
v -0.878520 -0.672699 -4.400500
v -0.836621 -0.932599 -4.400500
v -0.878520 -0.932599 -4.400500
v -0.836621 -0.719199 -4.325800
v -0.878520 -0.719199 -4.325800
v -0.836621 -0.719199 -4.393400
v -0.878520 -0.719199 -4.393400
v -0.836621 -0.691599 -4.393400
v -0.878520 -0.691599 -4.393400
v -0.836621 -0.691599 -4.325800
v -0.878520 -0.691599 -4.325800
v -0.535521 -0.672699 -4.379200
v -0.493620 -0.672699 -4.379200
v -0.535521 -0.932599 -4.379200
v -0.493620 -0.932599 -4.379200
v -0.535521 -0.932599 -4.344000
v -0.493620 -0.932599 -4.344000
v -0.535521 -0.672699 -4.344000
v -0.493620 -0.672699 -4.344000
v -0.535521 -0.672699 -4.507400
v -0.493620 -0.672699 -4.507400
v -0.535521 -0.932599 -4.507400
v -0.493620 -0.932599 -4.507400
v -0.535521 -0.932599 -4.472200
v -0.493620 -0.932599 -4.472200
v -0.535521 -0.672699 -4.472200
v -0.493620 -0.672699 -4.472200
v -0.535521 -0.672699 -4.782100
v -0.493620 -0.672699 -4.782100
v -0.535521 -0.932599 -4.782100
v -0.493620 -0.932599 -4.782100
v -0.535521 -0.932599 -4.746900
v -0.493620 -0.932599 -4.746900
v -0.535521 -0.672699 -4.746900
v -0.493620 -0.672699 -4.746900
v -0.535521 -0.672699 -4.645500
v -0.493620 -0.672699 -4.645500
v -0.535521 -0.932599 -4.645500
v -0.493620 -0.932599 -4.645500
v -0.535521 -0.932599 -4.610300
v -0.493620 -0.932599 -4.610300
v -0.535521 -0.672699 -4.610300
v -0.493620 -0.672699 -4.610300
v -0.514221 -0.954699 -4.000000
v -0.859321 -0.954699 -4.000000
v -0.514221 -0.650799 -4.000000
v -0.859321 -0.650799 -4.000000
v -0.514221 -0.650799 -3.465600
v -0.859321 -0.650799 -3.465600
v -0.514221 -0.954699 -3.465600
v -0.859321 -0.954699 -3.465600
v -0.859321 -0.896199 -3.959100
v -0.859321 -0.896199 -3.630400
v -0.859321 -0.709299 -3.630400
v -0.859321 -0.709299 -3.959100
v -0.864621 -0.896199 -3.959100
v -0.864621 -0.896199 -3.630400
v -0.864621 -0.709299 -3.630400
v -0.864621 -0.709299 -3.959100
v -0.836621 -0.932599 -3.602500
v -0.878520 -0.932599 -3.602500
v -0.836621 -0.672699 -3.602500
v -0.878520 -0.672699 -3.602500
v -0.836621 -0.672699 -3.567300
v -0.878520 -0.672699 -3.567300
v -0.836621 -0.932599 -3.567300
v -0.878520 -0.932599 -3.567300
v -0.836621 -0.719199 -3.492600
v -0.878520 -0.719199 -3.492600
v -0.836621 -0.719199 -3.560200
v -0.878520 -0.719199 -3.560200
v -0.836621 -0.691599 -3.560200
v -0.878520 -0.691599 -3.560200
v -0.836621 -0.691599 -3.492600
v -0.878520 -0.691599 -3.492600
v -0.535521 -0.672699 -3.546000
v -0.493620 -0.672699 -3.546000
v -0.535521 -0.932599 -3.546000
v -0.493620 -0.932599 -3.546000
v -0.535521 -0.932599 -3.510800
v -0.493620 -0.932599 -3.510800
v -0.535521 -0.672699 -3.510800
v -0.493620 -0.672699 -3.510800
v -0.535521 -0.672699 -3.674200
v -0.493620 -0.672699 -3.674200
v -0.535521 -0.932599 -3.674200
v -0.493620 -0.932599 -3.674200
v -0.535521 -0.932599 -3.639000
v -0.493620 -0.932599 -3.639000
v -0.535521 -0.672699 -3.639000
v -0.493620 -0.672699 -3.639000
v -0.535521 -0.672699 -3.948900
v -0.493620 -0.672699 -3.948900
v -0.535521 -0.932599 -3.948900
v -0.493620 -0.932599 -3.948900
v -0.535521 -0.932599 -3.913700
v -0.493620 -0.932599 -3.913700
v -0.535521 -0.672699 -3.913700
v -0.493620 -0.672699 -3.913700
v -0.535521 -0.672699 -3.812300
v -0.493620 -0.672699 -3.812300
v -0.535521 -0.932599 -3.812300
v -0.493620 -0.932599 -3.812300
v -0.535521 -0.932599 -3.777100
v -0.493620 -0.932599 -3.777100
v -0.535521 -0.672699 -3.777100
v -0.493620 -0.672699 -3.777100
v -1.294920 -0.954699 -4.833200
v -1.640021 -0.954699 -4.833200
v -1.294920 -0.650799 -4.833200
v -1.640021 -0.650799 -4.833200
v -1.294920 -0.650799 -4.298800
v -1.640021 -0.650799 -4.298800
v -1.294920 -0.954699 -4.298800
v -1.640021 -0.954699 -4.298800
v -1.640021 -0.896199 -4.792300
v -1.640021 -0.896199 -4.463600
v -1.640021 -0.709299 -4.463600
v -1.640021 -0.709299 -4.792300
v -1.645320 -0.896199 -4.792300
v -1.645320 -0.896199 -4.463600
v -1.645320 -0.709299 -4.463600
v -1.645320 -0.709299 -4.792300
v -1.617321 -0.932599 -4.435700
v -1.659221 -0.932599 -4.435700
v -1.617321 -0.672699 -4.435700
v -1.659221 -0.672699 -4.435700
v -1.617321 -0.672699 -4.400500
v -1.659221 -0.672699 -4.400500
v -1.617321 -0.932599 -4.400500
v -1.659221 -0.932599 -4.400500
v -1.617321 -0.719199 -4.325800
v -1.659221 -0.719199 -4.325800
v -1.617321 -0.719199 -4.393400
v -1.659221 -0.719199 -4.393400
v -1.617321 -0.691599 -4.393400
v -1.659221 -0.691599 -4.393400
v -1.617321 -0.691599 -4.325800
v -1.659221 -0.691599 -4.325800
v -1.316221 -0.672699 -4.379200
v -1.274321 -0.672699 -4.379200
v -1.316221 -0.932599 -4.379200
v -1.274321 -0.932599 -4.379200
v -1.316221 -0.932599 -4.344000
v -1.274321 -0.932599 -4.344000
v -1.316221 -0.672699 -4.344000
v -1.274321 -0.672699 -4.344000
v -1.316221 -0.672699 -4.507400
v -1.274321 -0.672699 -4.507400
v -1.316221 -0.932599 -4.507400
v -1.274321 -0.932599 -4.507400
v -1.316221 -0.932599 -4.472200
v -1.274321 -0.932599 -4.472200
v -1.316221 -0.672699 -4.472200
v -1.274321 -0.672699 -4.472200
v -1.316221 -0.672699 -4.782100
v -1.274321 -0.672699 -4.782100
v -1.316221 -0.932599 -4.782100
v -1.274321 -0.932599 -4.782100
v -1.316221 -0.932599 -4.746900
v -1.274321 -0.932599 -4.746900
v -1.316221 -0.672699 -4.746900
v -1.274321 -0.672699 -4.746900
v -1.316221 -0.672699 -4.645500
v -1.274321 -0.672699 -4.645500
v -1.316221 -0.932599 -4.645500
v -1.274321 -0.932599 -4.645500
v -1.316221 -0.932599 -4.610300
v -1.274321 -0.932599 -4.610300
v -1.316221 -0.672699 -4.610300
v -1.274321 -0.672699 -4.610300
v -1.294920 -0.954699 -4.000000
v -1.640021 -0.954699 -4.000000
v -1.294920 -0.650799 -4.000000
v -1.640021 -0.650799 -4.000000
v -1.294920 -0.650799 -3.465600
v -1.640021 -0.650799 -3.465600
v -1.294920 -0.954699 -3.465600
v -1.640021 -0.954699 -3.465600
v -1.640021 -0.896199 -3.959100
v -1.640021 -0.896199 -3.630400
v -1.640021 -0.709299 -3.630400
v -1.640021 -0.709299 -3.959100
v -1.645320 -0.896199 -3.959100
v -1.645320 -0.896199 -3.630400
v -1.645320 -0.709299 -3.630400
v -1.645320 -0.709299 -3.959100
v -1.617321 -0.932599 -3.602500
v -1.659221 -0.932599 -3.602500
v -1.617321 -0.672699 -3.602500
v -1.659221 -0.672699 -3.602500
v -1.617321 -0.672699 -3.567300
v -1.659221 -0.672699 -3.567300
v -1.617321 -0.932599 -3.567300
v -1.659221 -0.932599 -3.567300
v -1.617321 -0.719199 -3.492600
v -1.659221 -0.719199 -3.492600
v -1.617321 -0.719199 -3.560200
v -1.659221 -0.719199 -3.560200
v -1.617321 -0.691599 -3.560200
v -1.659221 -0.691599 -3.560200
v -1.617321 -0.691599 -3.492600
v -1.659221 -0.691599 -3.492600
v -1.316221 -0.672699 -3.546000
v -1.274321 -0.672699 -3.546000
v -1.316221 -0.932599 -3.546000
v -1.274321 -0.932599 -3.546000
v -1.316221 -0.932599 -3.510800
v -1.274321 -0.932599 -3.510800
v -1.316221 -0.672699 -3.510800
v -1.274321 -0.672699 -3.510800
v -1.316221 -0.672699 -3.674200
v -1.274321 -0.672699 -3.674200
v -1.316221 -0.932599 -3.674200
v -1.274321 -0.932599 -3.674200
v -1.316221 -0.932599 -3.639000
v -1.274321 -0.932599 -3.639000
v -1.316221 -0.672699 -3.639000
v -1.274321 -0.672699 -3.639000
v -1.316221 -0.672699 -3.948900
v -1.274321 -0.672699 -3.948900
v -1.316221 -0.932599 -3.948900
v -1.274321 -0.932599 -3.948900
v -1.316221 -0.932599 -3.913700
v -1.274321 -0.932599 -3.913700
v -1.316221 -0.672699 -3.913700
v -1.274321 -0.672699 -3.913700
v -1.316221 -0.672699 -3.812300
v -1.274321 -0.672699 -3.812300
v -1.316221 -0.932599 -3.812300
v -1.274321 -0.932599 -3.812300
v -1.316221 -0.932599 -3.777100
v -1.274321 -0.932599 -3.777100
v -1.316221 -0.672699 -3.777100
v -1.274321 -0.672699 -3.777100
v -0.514221 -0.954699 -4.833200
v -0.859321 -0.954699 -4.833200
v -0.514221 -0.650799 -4.833200
v -0.859321 -0.650799 -4.833200
v -0.514221 -0.650799 -4.298800
v -0.859321 -0.650799 -4.298800
v -0.514221 -0.954699 -4.298800
v -0.859321 -0.954699 -4.298800
v -0.859321 -0.896199 -4.792300
v -0.859321 -0.896199 -4.463600
v -0.859321 -0.709299 -4.463600
v -0.859321 -0.709299 -4.792300
v -0.864621 -0.896199 -4.792300
v -0.864621 -0.896199 -4.463600
v -0.864621 -0.709299 -4.463600
v -0.864621 -0.709299 -4.792300
v -0.836621 -0.932599 -4.435700
v -0.878520 -0.932599 -4.435700
v -0.836621 -0.672699 -4.435700
v -0.878520 -0.672699 -4.435700
v -0.836621 -0.672699 -4.400500
v -0.878520 -0.672699 -4.400500
v -0.836621 -0.932599 -4.400500
v -0.878520 -0.932599 -4.400500
v -0.836621 -0.719199 -4.325800
v -0.878520 -0.719199 -4.325800
v -0.836621 -0.719199 -4.393400
v -0.878520 -0.719199 -4.393400
v -0.836621 -0.691599 -4.393400
v -0.878520 -0.691599 -4.393400
v -0.836621 -0.691599 -4.325800
v -0.878520 -0.691599 -4.325800
v -0.535521 -0.672699 -4.379200
v -0.493620 -0.672699 -4.379200
v -0.535521 -0.932599 -4.379200
v -0.493620 -0.932599 -4.379200
v -0.535521 -0.932599 -4.344000
v -0.493620 -0.932599 -4.344000
v -0.535521 -0.672699 -4.344000
v -0.493620 -0.672699 -4.344000
v -0.535521 -0.672699 -4.507400
v -0.493620 -0.672699 -4.507400
v -0.535521 -0.932599 -4.507400
v -0.493620 -0.932599 -4.507400
v -0.535521 -0.932599 -4.472200
v -0.493620 -0.932599 -4.472200
v -0.535521 -0.672699 -4.472200
v -0.493620 -0.672699 -4.472200
v -0.535521 -0.672699 -4.782100
v -0.493620 -0.672699 -4.782100
v -0.535521 -0.932599 -4.782100
v -0.493620 -0.932599 -4.782100
v -0.535521 -0.932599 -4.746900
v -0.493620 -0.932599 -4.746900
v -0.535521 -0.672699 -4.746900
v -0.493620 -0.672699 -4.746900
v -0.535521 -0.672699 -4.645500
v -0.493620 -0.672699 -4.645500
v -0.535521 -0.932599 -4.645500
v -0.493620 -0.932599 -4.645500
v -0.535521 -0.932599 -4.610300
v -0.493620 -0.932599 -4.610300
v -0.535521 -0.672699 -4.610300
v -0.493620 -0.672699 -4.610300
v -0.514221 -0.954699 -4.000000
v -0.859321 -0.954699 -4.000000
v -0.514221 -0.650799 -4.000000
v -0.859321 -0.650799 -4.000000
v -0.514221 -0.650799 -3.465600
v -0.859321 -0.650799 -3.465600
v -0.514221 -0.954699 -3.465600
v -0.859321 -0.954699 -3.465600
v -0.859321 -0.896199 -3.959100
v -0.859321 -0.896199 -3.630400
v -0.859321 -0.709299 -3.630400
v -0.859321 -0.709299 -3.959100
v -0.864621 -0.896199 -3.959100
v -0.864621 -0.896199 -3.630400
v -0.864621 -0.709299 -3.630400
v -0.864621 -0.709299 -3.959100
v -0.836621 -0.932599 -3.602500
v -0.878520 -0.932599 -3.602500
v -0.836621 -0.672699 -3.602500
v -0.878520 -0.672699 -3.602500
v -0.836621 -0.672699 -3.567300
v -0.878520 -0.672699 -3.567300
v -0.836621 -0.932599 -3.567300
v -0.878520 -0.932599 -3.567300
v -0.836621 -0.719199 -3.492600
v -0.878520 -0.719199 -3.492600
v -0.836621 -0.719199 -3.560200
v -0.878520 -0.719199 -3.560200
v -0.836621 -0.691599 -3.560200
v -0.878520 -0.691599 -3.560200
v -0.836621 -0.691599 -3.492600
v -0.878520 -0.691599 -3.492600
v -0.535521 -0.672699 -3.546000
v -0.493620 -0.672699 -3.546000
v -0.535521 -0.932599 -3.546000
v -0.493620 -0.932599 -3.546000
v -0.535521 -0.932599 -3.510800
v -0.493620 -0.932599 -3.510800
v -0.535521 -0.672699 -3.510800
v -0.493620 -0.672699 -3.510800
v -0.535521 -0.672699 -3.674200
v -0.493620 -0.672699 -3.674200
v -0.535521 -0.932599 -3.674200
v -0.493620 -0.932599 -3.674200
v -0.535521 -0.932599 -3.639000
v -0.493620 -0.932599 -3.639000
v -0.535521 -0.672699 -3.639000
v -0.493620 -0.672699 -3.639000
v -0.535521 -0.672699 -3.948900
v -0.493620 -0.672699 -3.948900
v -0.535521 -0.932599 -3.948900
v -0.493620 -0.932599 -3.948900
v -0.535521 -0.932599 -3.913700
v -0.493620 -0.932599 -3.913700
v -0.535521 -0.672699 -3.913700
v -0.493620 -0.672699 -3.913700
v -0.535521 -0.672699 -3.812300
v -0.493620 -0.672699 -3.812300
v -0.535521 -0.932599 -3.812300
v -0.493620 -0.932599 -3.812300
v -0.535521 -0.932599 -3.777100
v -0.493620 -0.932599 -3.777100
v -0.535521 -0.672699 -3.777100
v -0.493620 -0.672699 -3.777100
v -1.294920 -0.024399 -4.833200
v -1.640021 -0.024399 -4.833200
v -1.294920 0.279501 -4.833200
v -1.640021 0.279501 -4.833200
v -1.294920 0.279501 -4.298800
v -1.640021 0.279501 -4.298800
v -1.294920 -0.024399 -4.298800
v -1.640021 -0.024399 -4.298800
v -1.640021 0.034101 -4.792300
v -1.640021 0.034101 -4.463600
v -1.640021 0.221001 -4.463600
v -1.640021 0.221001 -4.792300
v -1.645320 0.034101 -4.792300
v -1.645320 0.034101 -4.463600
v -1.645320 0.221001 -4.463600
v -1.645320 0.221001 -4.792300
v -1.617321 -0.002299 -4.435700
v -1.659221 -0.002299 -4.435700
v -1.617321 0.257601 -4.435700
v -1.659221 0.257601 -4.435700
v -1.617321 0.257601 -4.400500
v -1.659221 0.257601 -4.400500
v -1.617321 -0.002299 -4.400500
v -1.659221 -0.002299 -4.400500
v -1.617321 0.211101 -4.325800
v -1.659221 0.211101 -4.325800
v -1.617321 0.211101 -4.393400
v -1.659221 0.211101 -4.393400
v -1.617321 0.238701 -4.393400
v -1.659221 0.238701 -4.393400
v -1.617321 0.238701 -4.325800
v -1.659221 0.238701 -4.325800
v -1.316221 0.257601 -4.379200
v -1.274321 0.257601 -4.379200
v -1.316221 -0.002299 -4.379200
v -1.274321 -0.002299 -4.379200
v -1.316221 -0.002299 -4.344000
v -1.274321 -0.002299 -4.344000
v -1.316221 0.257601 -4.344000
v -1.274321 0.257601 -4.344000
v -1.316221 0.257601 -4.507400
v -1.274321 0.257601 -4.507400
v -1.316221 -0.002299 -4.507400
v -1.274321 -0.002299 -4.507400
v -1.316221 -0.002299 -4.472200
v -1.274321 -0.002299 -4.472200
v -1.316221 0.257601 -4.472200
v -1.274321 0.257601 -4.472200
v -1.316221 0.257601 -4.782100
v -1.274321 0.257601 -4.782100
v -1.316221 -0.002299 -4.782100
v -1.274321 -0.002299 -4.782100
v -1.316221 -0.002299 -4.746900
v -1.274321 -0.002299 -4.746900
v -1.316221 0.257601 -4.746900
v -1.274321 0.257601 -4.746900
v -1.316221 0.257601 -4.645500
v -1.274321 0.257601 -4.645500
v -1.316221 -0.002299 -4.645500
v -1.274321 -0.002299 -4.645500
v -1.316221 -0.002299 -4.610300
v -1.274321 -0.002299 -4.610300
v -1.316221 0.257601 -4.610300
v -1.274321 0.257601 -4.610300
v -1.294920 -0.024399 -4.000000
v -1.640021 -0.024399 -4.000000
v -1.294920 0.279501 -4.000000
v -1.640021 0.279501 -4.000000
v -1.294920 0.279501 -3.465600
v -1.640021 0.279501 -3.465600
v -1.294920 -0.024399 -3.465600
v -1.640021 -0.024399 -3.465600
v -1.640021 0.034101 -3.959100
v -1.640021 0.034101 -3.630400
v -1.640021 0.221001 -3.630400
v -1.640021 0.221001 -3.959100
v -1.645320 0.034101 -3.959100
v -1.645320 0.034101 -3.630400
v -1.645320 0.221001 -3.630400
v -1.645320 0.221001 -3.959100
v -1.617321 -0.002299 -3.602500
v -1.659221 -0.002299 -3.602500
v -1.617321 0.257601 -3.602500
v -1.659221 0.257601 -3.602500
v -1.617321 0.257601 -3.567300
v -1.659221 0.257601 -3.567300
v -1.617321 -0.002299 -3.567300
v -1.659221 -0.002299 -3.567300
v -1.617321 0.211101 -3.492600
v -1.659221 0.211101 -3.492600
v -1.617321 0.211101 -3.560200
v -1.659221 0.211101 -3.560200
v -1.617321 0.238701 -3.560200
v -1.659221 0.238701 -3.560200
v -1.617321 0.238701 -3.492600
v -1.659221 0.238701 -3.492600
v -1.316221 0.257601 -3.546000
v -1.274321 0.257601 -3.546000
v -1.316221 -0.002299 -3.546000
v -1.274321 -0.002299 -3.546000
v -1.316221 -0.002299 -3.510800
v -1.274321 -0.002299 -3.510800
v -1.316221 0.257601 -3.510800
v -1.274321 0.257601 -3.510800
v -1.316221 0.257601 -3.674200
v -1.274321 0.257601 -3.674200
v -1.316221 -0.002299 -3.674200
v -1.274321 -0.002299 -3.674200
v -1.316221 -0.002299 -3.639000
v -1.274321 -0.002299 -3.639000
v -1.316221 0.257601 -3.639000
v -1.274321 0.257601 -3.639000
v -1.316221 0.257601 -3.948900
v -1.274321 0.257601 -3.948900
v -1.316221 -0.002299 -3.948900
v -1.274321 -0.002299 -3.948900
v -1.316221 -0.002299 -3.913700
v -1.274321 -0.002299 -3.913700
v -1.316221 0.257601 -3.913700
v -1.274321 0.257601 -3.913700
v -1.316221 0.257601 -3.812300
v -1.274321 0.257601 -3.812300
v -1.316221 -0.002299 -3.812300
v -1.274321 -0.002299 -3.812300
v -1.316221 -0.002299 -3.777100
v -1.274321 -0.002299 -3.777100
v -1.316221 0.257601 -3.777100
v -1.274321 0.257601 -3.777100
v -0.514221 -0.024399 -4.833200
v -0.859321 -0.024399 -4.833200
v -0.514221 0.279501 -4.833200
v -0.859321 0.279501 -4.833200
v -0.514221 0.279501 -4.298800
v -0.859321 0.279501 -4.298800
v -0.514221 -0.024399 -4.298800
v -0.859321 -0.024399 -4.298800
v -0.859321 0.034101 -4.792300
v -0.859321 0.034101 -4.463600
v -0.859321 0.221001 -4.463600
v -0.859321 0.221001 -4.792300
v -0.864621 0.034101 -4.792300
v -0.864621 0.034101 -4.463600
v -0.864621 0.221001 -4.463600
v -0.864621 0.221001 -4.792300
v -0.836621 -0.002299 -4.435700
v -0.878520 -0.002299 -4.435700
v -0.836621 0.257601 -4.435700
v -0.878520 0.257601 -4.435700
v -0.836621 0.257601 -4.400500
v -0.878520 0.257601 -4.400500
v -0.836621 -0.002299 -4.400500
v -0.878520 -0.002299 -4.400500
v -0.836621 0.211101 -4.325800
v -0.878520 0.211101 -4.325800
v -0.836621 0.211101 -4.393400
v -0.878520 0.211101 -4.393400
v -0.836621 0.238701 -4.393400
v -0.878520 0.238701 -4.393400
v -0.836621 0.238701 -4.325800
v -0.878520 0.238701 -4.325800
v -0.535521 0.257601 -4.379200
v -0.493620 0.257601 -4.379200
v -0.535521 -0.002299 -4.379200
v -0.493620 -0.002299 -4.379200
v -0.535521 -0.002299 -4.344000
v -0.493620 -0.002299 -4.344000
v -0.535521 0.257601 -4.344000
v -0.493620 0.257601 -4.344000
v -0.535521 0.257601 -4.507400
v -0.493620 0.257601 -4.507400
v -0.535521 -0.002299 -4.507400
v -0.493620 -0.002299 -4.507400
v -0.535521 -0.002299 -4.472200
v -0.493620 -0.002299 -4.472200
v -0.535521 0.257601 -4.472200
v -0.493620 0.257601 -4.472200
v -0.535521 0.257601 -4.782100
v -0.493620 0.257601 -4.782100
v -0.535521 -0.002299 -4.782100
v -0.493620 -0.002299 -4.782100
v -0.535521 -0.002299 -4.746900
v -0.493620 -0.002299 -4.746900
v -0.535521 0.257601 -4.746900
v -0.493620 0.257601 -4.746900
v -0.535521 0.257601 -4.645500
v -0.493620 0.257601 -4.645500
v -0.535521 -0.002299 -4.645500
v -0.493620 -0.002299 -4.645500
v -0.535521 -0.002299 -4.610300
v -0.493620 -0.002299 -4.610300
v -0.535521 0.257601 -4.610300
v -0.493620 0.257601 -4.610300
v -0.514221 -0.024399 -4.000000
v -0.859321 -0.024399 -4.000000
v -0.514221 0.279501 -4.000000
v -0.859321 0.279501 -4.000000
v -0.514221 0.279501 -3.465600
v -0.859321 0.279501 -3.465600
v -0.514221 -0.024399 -3.465600
v -0.859321 -0.024399 -3.465600
v -0.859321 0.034101 -3.959100
v -0.859321 0.034101 -3.630400
v -0.859321 0.221001 -3.630400
v -0.859321 0.221001 -3.959100
v -0.864621 0.034101 -3.959100
v -0.864621 0.034101 -3.630400
v -0.864621 0.221001 -3.630400
v -0.864621 0.221001 -3.959100
v -0.836621 -0.002299 -3.602500
v -0.878520 -0.002299 -3.602500
v -0.836621 0.257601 -3.602500
v -0.878520 0.257601 -3.602500
v -0.836621 0.257601 -3.567300
v -0.878520 0.257601 -3.567300
v -0.836621 -0.002299 -3.567300
v -0.878520 -0.002299 -3.567300
v -0.836621 0.211101 -3.492600
v -0.878520 0.211101 -3.492600
v -0.836621 0.211101 -3.560200
v -0.878520 0.211101 -3.560200
v -0.836621 0.238701 -3.560200
v -0.878520 0.238701 -3.560200
v -0.836621 0.238701 -3.492600
v -0.878520 0.238701 -3.492600
v -0.535521 0.257601 -3.546000
v -0.493620 0.257601 -3.546000
v -0.535521 -0.002299 -3.546000
v -0.493620 -0.002299 -3.546000
v -0.535521 -0.002299 -3.510800
v -0.493620 -0.002299 -3.510800
v -0.535521 0.257601 -3.510800
v -0.493620 0.257601 -3.510800
v -0.535521 0.257601 -3.674200
v -0.493620 0.257601 -3.674200
v -0.535521 -0.002299 -3.674200
v -0.493620 -0.002299 -3.674200
v -0.535521 -0.002299 -3.639000
v -0.493620 -0.002299 -3.639000
v -0.535521 0.257601 -3.639000
v -0.493620 0.257601 -3.639000
v -0.535521 0.257601 -3.948900
v -0.493620 0.257601 -3.948900
v -0.535521 -0.002299 -3.948900
v -0.493620 -0.002299 -3.948900
v -0.535521 -0.002299 -3.913700
v -0.493620 -0.002299 -3.913700
v -0.535521 0.257601 -3.913700
v -0.493620 0.257601 -3.913700
v -0.535521 0.257601 -3.812300
v -0.493620 0.257601 -3.812300
v -0.535521 -0.002299 -3.812300
v -0.493620 -0.002299 -3.812300
v -0.535521 -0.002299 -3.777100
v -0.493620 -0.002299 -3.777100
v -0.535521 0.257601 -3.777100
v -0.493620 0.257601 -3.777100
v -1.294920 -0.024399 -4.833200
v -1.640021 -0.024399 -4.833200
v -1.294920 0.279501 -4.833200
v -1.640021 0.279501 -4.833200
v -1.294920 0.279501 -4.298800
v -1.640021 0.279501 -4.298800
v -1.294920 -0.024399 -4.298800
v -1.640021 -0.024399 -4.298800
v -1.640021 0.034101 -4.792300
v -1.640021 0.034101 -4.463600
v -1.640021 0.221001 -4.463600
v -1.640021 0.221001 -4.792300
v -1.645320 0.034101 -4.792300
v -1.645320 0.034101 -4.463600
v -1.645320 0.221001 -4.463600
v -1.645320 0.221001 -4.792300
v -1.617321 -0.002299 -4.435700
v -1.659221 -0.002299 -4.435700
v -1.617321 0.257601 -4.435700
v -1.659221 0.257601 -4.435700
v -1.617321 0.257601 -4.400500
v -1.659221 0.257601 -4.400500
v -1.617321 -0.002299 -4.400500
v -1.659221 -0.002299 -4.400500
v -1.617321 0.211101 -4.325800
v -1.659221 0.211101 -4.325800
v -1.617321 0.211101 -4.393400
v -1.659221 0.211101 -4.393400
v -1.617321 0.238701 -4.393400
v -1.659221 0.238701 -4.393400
v -1.617321 0.238701 -4.325800
v -1.659221 0.238701 -4.325800
v -1.316221 0.257601 -4.379200
v -1.274321 0.257601 -4.379200
v -1.316221 -0.002299 -4.379200
v -1.274321 -0.002299 -4.379200
v -1.316221 -0.002299 -4.344000
v -1.274321 -0.002299 -4.344000
v -1.316221 0.257601 -4.344000
v -1.274321 0.257601 -4.344000
v -1.316221 0.257601 -4.507400
v -1.274321 0.257601 -4.507400
v -1.316221 -0.002299 -4.507400
v -1.274321 -0.002299 -4.507400
v -1.316221 -0.002299 -4.472200
v -1.274321 -0.002299 -4.472200
v -1.316221 0.257601 -4.472200
v -1.274321 0.257601 -4.472200
v -1.316221 0.257601 -4.782100
v -1.274321 0.257601 -4.782100
v -1.316221 -0.002299 -4.782100
v -1.274321 -0.002299 -4.782100
v -1.316221 -0.002299 -4.746900
v -1.274321 -0.002299 -4.746900
v -1.316221 0.257601 -4.746900
v -1.274321 0.257601 -4.746900
v -1.316221 0.257601 -4.645500
v -1.274321 0.257601 -4.645500
v -1.316221 -0.002299 -4.645500
v -1.274321 -0.002299 -4.645500
v -1.316221 -0.002299 -4.610300
v -1.274321 -0.002299 -4.610300
v -1.316221 0.257601 -4.610300
v -1.274321 0.257601 -4.610300
v -1.294920 -0.024399 -4.000000
v -1.640021 -0.024399 -4.000000
v -1.294920 0.279501 -4.000000
v -1.640021 0.279501 -4.000000
v -1.294920 0.279501 -3.465600
v -1.640021 0.279501 -3.465600
v -1.294920 -0.024399 -3.465600
v -1.640021 -0.024399 -3.465600
v -1.640021 0.034101 -3.959100
v -1.640021 0.034101 -3.630400
v -1.640021 0.221001 -3.630400
v -1.640021 0.221001 -3.959100
v -1.645320 0.034101 -3.959100
v -1.645320 0.034101 -3.630400
v -1.645320 0.221001 -3.630400
v -1.645320 0.221001 -3.959100
v -1.617321 -0.002299 -3.602500
v -1.659221 -0.002299 -3.602500
v -1.617321 0.257601 -3.602500
v -1.659221 0.257601 -3.602500
v -1.617321 0.257601 -3.567300
v -1.659221 0.257601 -3.567300
v -1.617321 -0.002299 -3.567300
v -1.659221 -0.002299 -3.567300
v -1.617321 0.211101 -3.492600
v -1.659221 0.211101 -3.492600
v -1.617321 0.211101 -3.560200
v -1.659221 0.211101 -3.560200
v -1.617321 0.238701 -3.560200
v -1.659221 0.238701 -3.560200
v -1.617321 0.238701 -3.492600
v -1.659221 0.238701 -3.492600
v -1.316221 0.257601 -3.546000
v -1.274321 0.257601 -3.546000
v -1.316221 -0.002299 -3.546000
v -1.274321 -0.002299 -3.546000
v -1.316221 -0.002299 -3.510800
v -1.274321 -0.002299 -3.510800
v -1.316221 0.257601 -3.510800
v -1.274321 0.257601 -3.510800
v -1.316221 0.257601 -3.674200
v -1.274321 0.257601 -3.674200
v -1.316221 -0.002299 -3.674200
v -1.274321 -0.002299 -3.674200
v -1.316221 -0.002299 -3.639000
v -1.274321 -0.002299 -3.639000
v -1.316221 0.257601 -3.639000
v -1.274321 0.257601 -3.639000
v -1.316221 0.257601 -3.948900
v -1.274321 0.257601 -3.948900
v -1.316221 -0.002299 -3.948900
v -1.274321 -0.002299 -3.948900
v -1.316221 -0.002299 -3.913700
v -1.274321 -0.002299 -3.913700
v -1.316221 0.257601 -3.913700
v -1.274321 0.257601 -3.913700
v -1.316221 0.257601 -3.812300
v -1.274321 0.257601 -3.812300
v -1.316221 -0.002299 -3.812300
v -1.274321 -0.002299 -3.812300
v -1.316221 -0.002299 -3.777100
v -1.274321 -0.002299 -3.777100
v -1.316221 0.257601 -3.777100
v -1.274321 0.257601 -3.777100
v -0.514221 -0.024399 -4.833200
v -0.859321 -0.024399 -4.833200
v -0.514221 0.279501 -4.833200
v -0.859321 0.279501 -4.833200
v -0.514221 0.279501 -4.298800
v -0.859321 0.279501 -4.298800
v -0.514221 -0.024399 -4.298800
v -0.859321 -0.024399 -4.298800
v -0.859321 0.034101 -4.792300
v -0.859321 0.034101 -4.463600
v -0.859321 0.221001 -4.463600
v -0.859321 0.221001 -4.792300
v -0.864621 0.034101 -4.792300
v -0.864621 0.034101 -4.463600
v -0.864621 0.221001 -4.463600
v -0.864621 0.221001 -4.792300
v -0.836621 -0.002299 -4.435700
v -0.878520 -0.002299 -4.435700
v -0.836621 0.257601 -4.435700
v -0.878520 0.257601 -4.435700
v -0.836621 0.257601 -4.400500
v -0.878520 0.257601 -4.400500
v -0.836621 -0.002299 -4.400500
v -0.878520 -0.002299 -4.400500
v -0.836621 0.211101 -4.325800
v -0.878520 0.211101 -4.325800
v -0.836621 0.211101 -4.393400
v -0.878520 0.211101 -4.393400
v -0.836621 0.238701 -4.393400
v -0.878520 0.238701 -4.393400
v -0.836621 0.238701 -4.325800
v -0.878520 0.238701 -4.325800
v -0.535521 0.257601 -4.379200
v -0.493620 0.257601 -4.379200
v -0.535521 -0.002299 -4.379200
v -0.493620 -0.002299 -4.379200
v -0.535521 -0.002299 -4.344000
v -0.493620 -0.002299 -4.344000
v -0.535521 0.257601 -4.344000
v -0.493620 0.257601 -4.344000
v -0.535521 0.257601 -4.507400
v -0.493620 0.257601 -4.507400
v -0.535521 -0.002299 -4.507400
v -0.493620 -0.002299 -4.507400
v -0.535521 -0.002299 -4.472200
v -0.493620 -0.002299 -4.472200
v -0.535521 0.257601 -4.472200
v -0.493620 0.257601 -4.472200
v -0.535521 0.257601 -4.782100
v -0.493620 0.257601 -4.782100
v -0.535521 -0.002299 -4.782100
v -0.493620 -0.002299 -4.782100
v -0.535521 -0.002299 -4.746900
v -0.493620 -0.002299 -4.746900
v -0.535521 0.257601 -4.746900
v -0.493620 0.257601 -4.746900
v -0.535521 0.257601 -4.645500
v -0.493620 0.257601 -4.645500
v -0.535521 -0.002299 -4.645500
v -0.493620 -0.002299 -4.645500
v -0.535521 -0.002299 -4.610300
v -0.493620 -0.002299 -4.610300
v -0.535521 0.257601 -4.610300
v -0.493620 0.257601 -4.610300
v -0.514221 -0.024399 -4.000000
v -0.859321 -0.024399 -4.000000
v -0.514221 0.279501 -4.000000
v -0.859321 0.279501 -4.000000
v -0.514221 0.279501 -3.465600
v -0.859321 0.279501 -3.465600
v -0.514221 -0.024399 -3.465600
v -0.859321 -0.024399 -3.465600
v -0.859321 0.034101 -3.959100
v -0.859321 0.034101 -3.630400
v -0.859321 0.221001 -3.630400
v -0.859321 0.221001 -3.959100
v -0.864621 0.034101 -3.959100
v -0.864621 0.034101 -3.630400
v -0.864621 0.221001 -3.630400
v -0.864621 0.221001 -3.959100
v -0.836621 -0.002299 -3.602500
v -0.878520 -0.002299 -3.602500
v -0.836621 0.257601 -3.602500
v -0.878520 0.257601 -3.602500
v -0.836621 0.257601 -3.567300
v -0.878520 0.257601 -3.567300
v -0.836621 -0.002299 -3.567300
v -0.878520 -0.002299 -3.567300
v -0.836621 0.211101 -3.492600
v -0.878520 0.211101 -3.492600
v -0.836621 0.211101 -3.560200
v -0.878520 0.211101 -3.560200
v -0.836621 0.238701 -3.560200
v -0.878520 0.238701 -3.560200
v -0.836621 0.238701 -3.492600
v -0.878520 0.238701 -3.492600
v -0.535521 0.257601 -3.546000
v -0.493620 0.257601 -3.546000
v -0.535521 -0.002299 -3.546000
v -0.493620 -0.002299 -3.546000
v -0.535521 -0.002299 -3.510800
v -0.493620 -0.002299 -3.510800
v -0.535521 0.257601 -3.510800
v -0.493620 0.257601 -3.510800
v -0.535521 0.257601 -3.674200
v -0.493620 0.257601 -3.674200
v -0.535521 -0.002299 -3.674200
v -0.493620 -0.002299 -3.674200
v -0.535521 -0.002299 -3.639000
v -0.493620 -0.002299 -3.639000
v -0.535521 0.257601 -3.639000
v -0.493620 0.257601 -3.639000
v -0.535521 0.257601 -3.948900
v -0.493620 0.257601 -3.948900
v -0.535521 -0.002299 -3.948900
v -0.493620 -0.002299 -3.948900
v -0.535521 -0.002299 -3.913700
v -0.493620 -0.002299 -3.913700
v -0.535521 0.257601 -3.913700
v -0.493620 0.257601 -3.913700
v -0.535521 0.257601 -3.812300
v -0.493620 0.257601 -3.812300
v -0.535521 -0.002299 -3.812300
v -0.493620 -0.002299 -3.812300
v -0.535521 -0.002299 -3.777100
v -0.493620 -0.002299 -3.777100
v -0.535521 0.257601 -3.777100
v -0.493620 0.257601 -3.777100
v -1.294920 0.875201 -4.833200
v -1.640021 0.875201 -4.833200
v -1.294920 1.179101 -4.833200
v -1.640021 1.179101 -4.833200
v -1.294920 1.179101 -4.298800
v -1.640021 1.179101 -4.298800
v -1.294920 0.875201 -4.298800
v -1.640021 0.875201 -4.298800
v -1.640021 0.933701 -4.792300
v -1.640021 0.933701 -4.463600
v -1.640021 1.120601 -4.463600
v -1.640021 1.120601 -4.792300
v -1.645320 0.933701 -4.792300
v -1.645320 0.933701 -4.463600
v -1.645320 1.120601 -4.463600
v -1.645320 1.120601 -4.792300
v -1.617321 0.897301 -4.435700
v -1.659221 0.897301 -4.435700
v -1.617321 1.157201 -4.435700
v -1.659221 1.157201 -4.435700
v -1.617321 1.157201 -4.400500
v -1.659221 1.157201 -4.400500
v -1.617321 0.897301 -4.400500
v -1.659221 0.897301 -4.400500
v -1.617321 1.110701 -4.325800
v -1.659221 1.110701 -4.325800
v -1.617321 1.110701 -4.393400
v -1.659221 1.110701 -4.393400
v -1.617321 1.138301 -4.393400
v -1.659221 1.138301 -4.393400
v -1.617321 1.138301 -4.325800
v -1.659221 1.138301 -4.325800
v -1.316221 1.157201 -4.379200
v -1.274321 1.157201 -4.379200
v -1.316221 0.897301 -4.379200
v -1.274321 0.897301 -4.379200
v -1.316221 0.897301 -4.344000
v -1.274321 0.897301 -4.344000
v -1.316221 1.157201 -4.344000
v -1.274321 1.157201 -4.344000
v -1.316221 1.157201 -4.507400
v -1.274321 1.157201 -4.507400
v -1.316221 0.897301 -4.507400
v -1.274321 0.897301 -4.507400
v -1.316221 0.897301 -4.472200
v -1.274321 0.897301 -4.472200
v -1.316221 1.157201 -4.472200
v -1.274321 1.157201 -4.472200
v -1.316221 1.157201 -4.782100
v -1.274321 1.157201 -4.782100
v -1.316221 0.897301 -4.782100
v -1.274321 0.897301 -4.782100
v -1.316221 0.897301 -4.746900
v -1.274321 0.897301 -4.746900
v -1.316221 1.157201 -4.746900
v -1.274321 1.157201 -4.746900
v -1.316221 1.157201 -4.645500
v -1.274321 1.157201 -4.645500
v -1.316221 0.897301 -4.645500
v -1.274321 0.897301 -4.645500
v -1.316221 0.897301 -4.610300
v -1.274321 0.897301 -4.610300
v -1.316221 1.157201 -4.610300
v -1.274321 1.157201 -4.610300
v -1.294920 0.875201 -4.000000
v -1.640021 0.875201 -4.000000
v -1.294920 1.179101 -4.000000
v -1.640021 1.179101 -4.000000
v -1.294920 1.179101 -3.465600
v -1.640021 1.179101 -3.465600
v -1.294920 0.875201 -3.465600
v -1.640021 0.875201 -3.465600
v -1.640021 0.933701 -3.959100
v -1.640021 0.933701 -3.630400
v -1.640021 1.120601 -3.630400
v -1.640021 1.120601 -3.959100
v -1.645320 0.933701 -3.959100
v -1.645320 0.933701 -3.630400
v -1.645320 1.120601 -3.630400
v -1.645320 1.120601 -3.959100
v -1.617321 0.897301 -3.602500
v -1.659221 0.897301 -3.602500
v -1.617321 1.157201 -3.602500
v -1.659221 1.157201 -3.602500
v -1.617321 1.157201 -3.567300
v -1.659221 1.157201 -3.567300
v -1.617321 0.897301 -3.567300
v -1.659221 0.897301 -3.567300
v -1.617321 1.110701 -3.492600
v -1.659221 1.110701 -3.492600
v -1.617321 1.110701 -3.560200
v -1.659221 1.110701 -3.560200
v -1.617321 1.138301 -3.560200
v -1.659221 1.138301 -3.560200
v -1.617321 1.138301 -3.492600
v -1.659221 1.138301 -3.492600
v -1.316221 1.157201 -3.546000
v -1.274321 1.157201 -3.546000
v -1.316221 0.897301 -3.546000
v -1.274321 0.897301 -3.546000
v -1.316221 0.897301 -3.510800
v -1.274321 0.897301 -3.510800
v -1.316221 1.157201 -3.510800
v -1.274321 1.157201 -3.510800
v -1.316221 1.157201 -3.674200
v -1.274321 1.157201 -3.674200
v -1.316221 0.897301 -3.674200
v -1.274321 0.897301 -3.674200
v -1.316221 0.897301 -3.639000
v -1.274321 0.897301 -3.639000
v -1.316221 1.157201 -3.639000
v -1.274321 1.157201 -3.639000
v -1.316221 1.157201 -3.948900
v -1.274321 1.157201 -3.948900
v -1.316221 0.897301 -3.948900
v -1.274321 0.897301 -3.948900
v -1.316221 0.897301 -3.913700
v -1.274321 0.897301 -3.913700
v -1.316221 1.157201 -3.913700
v -1.274321 1.157201 -3.913700
v -1.316221 1.157201 -3.812300
v -1.274321 1.157201 -3.812300
v -1.316221 0.897301 -3.812300
v -1.274321 0.897301 -3.812300
v -1.316221 0.897301 -3.777100
v -1.274321 0.897301 -3.777100
v -1.316221 1.157201 -3.777100
v -1.274321 1.157201 -3.777100
v -0.514221 0.875201 -4.833200
v -0.859321 0.875201 -4.833200
v -0.514221 1.179101 -4.833200
v -0.859321 1.179101 -4.833200
v -0.514221 1.179101 -4.298800
v -0.859321 1.179101 -4.298800
v -0.514221 0.875201 -4.298800
v -0.859321 0.875201 -4.298800
v -0.859321 0.933701 -4.792300
v -0.859321 0.933701 -4.463600
v -0.859321 1.120601 -4.463600
v -0.859321 1.120601 -4.792300
v -0.864621 0.933701 -4.792300
v -0.864621 0.933701 -4.463600
v -0.864621 1.120601 -4.463600
v -0.864621 1.120601 -4.792300
v -0.836621 0.897301 -4.435700
v -0.878520 0.897301 -4.435700
v -0.836621 1.157201 -4.435700
v -0.878520 1.157201 -4.435700
v -0.836621 1.157201 -4.400500
v -0.878520 1.157201 -4.400500
v -0.836621 0.897301 -4.400500
v -0.878520 0.897301 -4.400500
v -0.836621 1.110701 -4.325800
v -0.878520 1.110701 -4.325800
v -0.836621 1.110701 -4.393400
v -0.878520 1.110701 -4.393400
v -0.836621 1.138301 -4.393400
v -0.878520 1.138301 -4.393400
v -0.836621 1.138301 -4.325800
v -0.878520 1.138301 -4.325800
v -0.535521 1.157201 -4.379200
v -0.493620 1.157201 -4.379200
v -0.535521 0.897301 -4.379200
v -0.493620 0.897301 -4.379200
v -0.535521 0.897301 -4.344000
v -0.493620 0.897301 -4.344000
v -0.535521 1.157201 -4.344000
v -0.493620 1.157201 -4.344000
v -0.535521 1.157201 -4.507400
v -0.493620 1.157201 -4.507400
v -0.535521 0.897301 -4.507400
v -0.493620 0.897301 -4.507400
v -0.535521 0.897301 -4.472200
v -0.493620 0.897301 -4.472200
v -0.535521 1.157201 -4.472200
v -0.493620 1.157201 -4.472200
v -0.535521 1.157201 -4.782100
v -0.493620 1.157201 -4.782100
v -0.535521 0.897301 -4.782100
v -0.493620 0.897301 -4.782100
v -0.535521 0.897301 -4.746900
v -0.493620 0.897301 -4.746900
v -0.535521 1.157201 -4.746900
v -0.493620 1.157201 -4.746900
v -0.535521 1.157201 -4.645500
v -0.493620 1.157201 -4.645500
v -0.535521 0.897301 -4.645500
v -0.493620 0.897301 -4.645500
v -0.535521 0.897301 -4.610300
v -0.493620 0.897301 -4.610300
v -0.535521 1.157201 -4.610300
v -0.493620 1.157201 -4.610300
v -0.514221 0.875201 -4.000000
v -0.859321 0.875201 -4.000000
v -0.514221 1.179101 -4.000000
v -0.859321 1.179101 -4.000000
v -0.514221 1.179101 -3.465600
v -0.859321 1.179101 -3.465600
v -0.514221 0.875201 -3.465600
v -0.859321 0.875201 -3.465600
v -0.859321 0.933701 -3.959100
v -0.859321 0.933701 -3.630400
v -0.859321 1.120601 -3.630400
v -0.859321 1.120601 -3.959100
v -0.864621 0.933701 -3.959100
v -0.864621 0.933701 -3.630400
v -0.864621 1.120601 -3.630400
v -0.864621 1.120601 -3.959100
v -0.836621 0.897301 -3.602500
v -0.878520 0.897301 -3.602500
v -0.836621 1.157201 -3.602500
v -0.878520 1.157201 -3.602500
v -0.836621 1.157201 -3.567300
v -0.878520 1.157201 -3.567300
v -0.836621 0.897301 -3.567300
v -0.878520 0.897301 -3.567300
v -0.836621 1.110701 -3.492600
v -0.878520 1.110701 -3.492600
v -0.836621 1.110701 -3.560200
v -0.878520 1.110701 -3.560200
v -0.836621 1.138301 -3.560200
v -0.878520 1.138301 -3.560200
v -0.836621 1.138301 -3.492600
v -0.878520 1.138301 -3.492600
v -0.535521 1.157201 -3.546000
v -0.493620 1.157201 -3.546000
v -0.535521 0.897301 -3.546000
v -0.493620 0.897301 -3.546000
v -0.535521 0.897301 -3.510800
v -0.493620 0.897301 -3.510800
v -0.535521 1.157201 -3.510800
v -0.493620 1.157201 -3.510800
v -0.535521 1.157201 -3.674200
v -0.493620 1.157201 -3.674200
v -0.535521 0.897301 -3.674200
v -0.493620 0.897301 -3.674200
v -0.535521 0.897301 -3.639000
v -0.493620 0.897301 -3.639000
v -0.535521 1.157201 -3.639000
v -0.493620 1.157201 -3.639000
v -0.535521 1.157201 -3.948900
v -0.493620 1.157201 -3.948900
v -0.535521 0.897301 -3.948900
v -0.493620 0.897301 -3.948900
v -0.535521 0.897301 -3.913700
v -0.493620 0.897301 -3.913700
v -0.535521 1.157201 -3.913700
v -0.493620 1.157201 -3.913700
v -0.535521 1.157201 -3.812300
v -0.493620 1.157201 -3.812300
v -0.535521 0.897301 -3.812300
v -0.493620 0.897301 -3.812300
v -0.535521 0.897301 -3.777100
v -0.493620 0.897301 -3.777100
v -0.535521 1.157201 -3.777100
v -0.493620 1.157201 -3.777100
v -1.294920 0.875201 -4.833200
v -1.640021 0.875201 -4.833200
v -1.294920 1.179101 -4.833200
v -1.640021 1.179101 -4.833200
v -1.294920 1.179101 -4.298800
v -1.640021 1.179101 -4.298800
v -1.294920 0.875201 -4.298800
v -1.640021 0.875201 -4.298800
v -1.640021 0.933701 -4.792300
v -1.640021 0.933701 -4.463600
v -1.640021 1.120601 -4.463600
v -1.640021 1.120601 -4.792300
v -1.645320 0.933701 -4.792300
v -1.645320 0.933701 -4.463600
v -1.645320 1.120601 -4.463600
v -1.645320 1.120601 -4.792300
v -1.617321 0.897301 -4.435700
v -1.659221 0.897301 -4.435700
v -1.617321 1.157201 -4.435700
v -1.659221 1.157201 -4.435700
v -1.617321 1.157201 -4.400500
v -1.659221 1.157201 -4.400500
v -1.617321 0.897301 -4.400500
v -1.659221 0.897301 -4.400500
v -1.617321 1.110701 -4.325800
v -1.659221 1.110701 -4.325800
v -1.617321 1.110701 -4.393400
v -1.659221 1.110701 -4.393400
v -1.617321 1.138301 -4.393400
v -1.659221 1.138301 -4.393400
v -1.617321 1.138301 -4.325800
v -1.659221 1.138301 -4.325800
v -1.316221 1.157201 -4.379200
v -1.274321 1.157201 -4.379200
v -1.316221 0.897301 -4.379200
v -1.274321 0.897301 -4.379200
v -1.316221 0.897301 -4.344000
v -1.274321 0.897301 -4.344000
v -1.316221 1.157201 -4.344000
v -1.274321 1.157201 -4.344000
v -1.316221 1.157201 -4.507400
v -1.274321 1.157201 -4.507400
v -1.316221 0.897301 -4.507400
v -1.274321 0.897301 -4.507400
v -1.316221 0.897301 -4.472200
v -1.274321 0.897301 -4.472200
v -1.316221 1.157201 -4.472200
v -1.274321 1.157201 -4.472200
v -1.316221 1.157201 -4.782100
v -1.274321 1.157201 -4.782100
v -1.316221 0.897301 -4.782100
v -1.274321 0.897301 -4.782100
v -1.316221 0.897301 -4.746900
v -1.274321 0.897301 -4.746900
v -1.316221 1.157201 -4.746900
v -1.274321 1.157201 -4.746900
v -1.316221 1.157201 -4.645500
v -1.274321 1.157201 -4.645500
v -1.316221 0.897301 -4.645500
v -1.274321 0.897301 -4.645500
v -1.316221 0.897301 -4.610300
v -1.274321 0.897301 -4.610300
v -1.316221 1.157201 -4.610300
v -1.274321 1.157201 -4.610300
v -1.294920 0.875201 -4.000000
v -1.640021 0.875201 -4.000000
v -1.294920 1.179101 -4.000000
v -1.640021 1.179101 -4.000000
v -1.294920 1.179101 -3.465600
v -1.640021 1.179101 -3.465600
v -1.294920 0.875201 -3.465600
v -1.640021 0.875201 -3.465600
v -1.640021 0.933701 -3.959100
v -1.640021 0.933701 -3.630400
v -1.640021 1.120601 -3.630400
v -1.640021 1.120601 -3.959100
v -1.645320 0.933701 -3.959100
v -1.645320 0.933701 -3.630400
v -1.645320 1.120601 -3.630400
v -1.645320 1.120601 -3.959100
v -1.617321 0.897301 -3.602500
v -1.659221 0.897301 -3.602500
v -1.617321 1.157201 -3.602500
v -1.659221 1.157201 -3.602500
v -1.617321 1.157201 -3.567300
v -1.659221 1.157201 -3.567300
v -1.617321 0.897301 -3.567300
v -1.659221 0.897301 -3.567300
v -1.617321 1.110701 -3.492600
v -1.659221 1.110701 -3.492600
v -1.617321 1.110701 -3.560200
v -1.659221 1.110701 -3.560200
v -1.617321 1.138301 -3.560200
v -1.659221 1.138301 -3.560200
v -1.617321 1.138301 -3.492600
v -1.659221 1.138301 -3.492600
v -1.316221 1.157201 -3.546000
v -1.274321 1.157201 -3.546000
v -1.316221 0.897301 -3.546000
v -1.274321 0.897301 -3.546000
v -1.316221 0.897301 -3.510800
v -1.274321 0.897301 -3.510800
v -1.316221 1.157201 -3.510800
v -1.274321 1.157201 -3.510800
v -1.316221 1.157201 -3.674200
v -1.274321 1.157201 -3.674200
v -1.316221 0.897301 -3.674200
v -1.274321 0.897301 -3.674200
v -1.316221 0.897301 -3.639000
v -1.274321 0.897301 -3.639000
v -1.316221 1.157201 -3.639000
v -1.274321 1.157201 -3.639000
v -1.316221 1.157201 -3.948900
v -1.274321 1.157201 -3.948900
v -1.316221 0.897301 -3.948900
v -1.274321 0.897301 -3.948900
v -1.316221 0.897301 -3.913700
v -1.274321 0.897301 -3.913700
v -1.316221 1.157201 -3.913700
v -1.274321 1.157201 -3.913700
v -1.316221 1.157201 -3.812300
v -1.274321 1.157201 -3.812300
v -1.316221 0.897301 -3.812300
v -1.274321 0.897301 -3.812300
v -1.316221 0.897301 -3.777100
v -1.274321 0.897301 -3.777100
v -1.316221 1.157201 -3.777100
v -1.274321 1.157201 -3.777100
v -0.514221 0.875201 -4.833200
v -0.859321 0.875201 -4.833200
v -0.514221 1.179101 -4.833200
v -0.859321 1.179101 -4.833200
v -0.514221 1.179101 -4.298800
v -0.859321 1.179101 -4.298800
v -0.514221 0.875201 -4.298800
v -0.859321 0.875201 -4.298800
v -0.859321 0.933701 -4.792300
v -0.859321 0.933701 -4.463600
v -0.859321 1.120601 -4.463600
v -0.859321 1.120601 -4.792300
v -0.864621 0.933701 -4.792300
v -0.864621 0.933701 -4.463600
v -0.864621 1.120601 -4.463600
v -0.864621 1.120601 -4.792300
v -0.836621 0.897301 -4.435700
v -0.878520 0.897301 -4.435700
v -0.836621 1.157201 -4.435700
v -0.878520 1.157201 -4.435700
v -0.836621 1.157201 -4.400500
v -0.878520 1.157201 -4.400500
v -0.836621 0.897301 -4.400500
v -0.878520 0.897301 -4.400500
v -0.836621 1.110701 -4.325800
v -0.878520 1.110701 -4.325800
v -0.836621 1.110701 -4.393400
v -0.878520 1.110701 -4.393400
v -0.836621 1.138301 -4.393400
v -0.878520 1.138301 -4.393400
v -0.836621 1.138301 -4.325800
v -0.878520 1.138301 -4.325800
v -0.535521 1.157201 -4.379200
v -0.493620 1.157201 -4.379200
v -0.535521 0.897301 -4.379200
v -0.493620 0.897301 -4.379200
v -0.535521 0.897301 -4.344000
v -0.493620 0.897301 -4.344000
v -0.535521 1.157201 -4.344000
v -0.493620 1.157201 -4.344000
v -0.535521 1.157201 -4.507400
v -0.493620 1.157201 -4.507400
v -0.535521 0.897301 -4.507400
v -0.493620 0.897301 -4.507400
v -0.535521 0.897301 -4.472200
v -0.493620 0.897301 -4.472200
v -0.535521 1.157201 -4.472200
v -0.493620 1.157201 -4.472200
v -0.535521 1.157201 -4.782100
v -0.493620 1.157201 -4.782100
v -0.535521 0.897301 -4.782100
v -0.493620 0.897301 -4.782100
v -0.535521 0.897301 -4.746900
v -0.493620 0.897301 -4.746900
v -0.535521 1.157201 -4.746900
v -0.493620 1.157201 -4.746900
v -0.535521 1.157201 -4.645500
v -0.493620 1.157201 -4.645500
v -0.535521 0.897301 -4.645500
v -0.493620 0.897301 -4.645500
v -0.535521 0.897301 -4.610300
v -0.493620 0.897301 -4.610300
v -0.535521 1.157201 -4.610300
v -0.493620 1.157201 -4.610300
v -0.514221 0.875201 -4.000000
v -0.859321 0.875201 -4.000000
v -0.514221 1.179101 -4.000000
v -0.859321 1.179101 -4.000000
v -0.514221 1.179101 -3.465600
v -0.859321 1.179101 -3.465600
v -0.514221 0.875201 -3.465600
v -0.859321 0.875201 -3.465600
v -0.859321 0.933701 -3.959100
v -0.859321 0.933701 -3.630400
v -0.859321 1.120601 -3.630400
v -0.859321 1.120601 -3.959100
v -0.864621 0.933701 -3.959100
v -0.864621 0.933701 -3.630400
v -0.864621 1.120601 -3.630400
v -0.864621 1.120601 -3.959100
v -0.836621 0.897301 -3.602500
v -0.878520 0.897301 -3.602500
v -0.836621 1.157201 -3.602500
v -0.878520 1.157201 -3.602500
v -0.836621 1.157201 -3.567300
v -0.878520 1.157201 -3.567300
v -0.836621 0.897301 -3.567300
v -0.878520 0.897301 -3.567300
v -0.836621 1.110701 -3.492600
v -0.878520 1.110701 -3.492600
v -0.836621 1.110701 -3.560200
v -0.878520 1.110701 -3.560200
v -0.836621 1.138301 -3.560200
v -0.878520 1.138301 -3.560200
v -0.836621 1.138301 -3.492600
v -0.878520 1.138301 -3.492600
v -0.535521 1.157201 -3.546000
v -0.493620 1.157201 -3.546000
v -0.535521 0.897301 -3.546000
v -0.493620 0.897301 -3.546000
v -0.535521 0.897301 -3.510800
v -0.493620 0.897301 -3.510800
v -0.535521 1.157201 -3.510800
v -0.493620 1.157201 -3.510800
v -0.535521 1.157201 -3.674200
v -0.493620 1.157201 -3.674200
v -0.535521 0.897301 -3.674200
v -0.493620 0.897301 -3.674200
v -0.535521 0.897301 -3.639000
v -0.493620 0.897301 -3.639000
v -0.535521 1.157201 -3.639000
v -0.493620 1.157201 -3.639000
v -0.535521 1.157201 -3.948900
v -0.493620 1.157201 -3.948900
v -0.535521 0.897301 -3.948900
v -0.493620 0.897301 -3.948900
v -0.535521 0.897301 -3.913700
v -0.493620 0.897301 -3.913700
v -0.535521 1.157201 -3.913700
v -0.493620 1.157201 -3.913700
v -0.535521 1.157201 -3.812300
v -0.493620 1.157201 -3.812300
v -0.535521 0.897301 -3.812300
v -0.493620 0.897301 -3.812300
v -0.535521 0.897301 -3.777100
v -0.493620 0.897301 -3.777100
v -0.535521 1.157201 -3.777100
v -0.493620 1.157201 -3.777100
v -1.294920 0.875200 -2.712500
v -1.640021 0.875200 -2.712500
v -1.294920 1.179101 -2.712500
v -1.640021 1.179101 -2.712500
v -1.294920 1.179100 -2.178100
v -1.640021 1.179100 -2.178100
v -1.294920 0.875200 -2.178100
v -1.640021 0.875200 -2.178100
v -1.640021 0.933700 -2.671600
v -1.640021 0.933700 -2.342900
v -1.640021 1.120600 -2.342900
v -1.640021 1.120600 -2.671600
v -1.645320 0.933700 -2.671600
v -1.645320 0.933700 -2.342900
v -1.645320 1.120600 -2.342900
v -1.645320 1.120600 -2.671600
v -1.617321 0.897300 -2.315000
v -1.659221 0.897300 -2.315000
v -1.617321 1.157200 -2.315000
v -1.659221 1.157200 -2.315000
v -1.617321 1.157200 -2.279800
v -1.659221 1.157200 -2.279800
v -1.617321 0.897300 -2.279800
v -1.659221 0.897300 -2.279800
v -1.617321 1.110700 -2.205100
v -1.659221 1.110700 -2.205100
v -1.617321 1.110700 -2.272700
v -1.659221 1.110700 -2.272700
v -1.617321 1.138300 -2.272700
v -1.659221 1.138300 -2.272700
v -1.617321 1.138300 -2.205100
v -1.659221 1.138300 -2.205100
v -1.316221 1.157200 -2.258500
v -1.274321 1.157200 -2.258500
v -1.316221 0.897300 -2.258500
v -1.274321 0.897300 -2.258500
v -1.316221 0.897300 -2.223300
v -1.274321 0.897300 -2.223300
v -1.316221 1.157200 -2.223300
v -1.274321 1.157200 -2.223300
v -1.316221 1.157200 -2.386700
v -1.274321 1.157200 -2.386700
v -1.316221 0.897300 -2.386700
v -1.274321 0.897300 -2.386700
v -1.316221 0.897300 -2.351500
v -1.274321 0.897300 -2.351500
v -1.316221 1.157200 -2.351500
v -1.274321 1.157200 -2.351500
v -1.316221 1.157200 -2.661400
v -1.274321 1.157200 -2.661400
v -1.316221 0.897300 -2.661400
v -1.274321 0.897300 -2.661400
v -1.316221 0.897300 -2.626200
v -1.274321 0.897300 -2.626200
v -1.316221 1.157200 -2.626200
v -1.274321 1.157200 -2.626200
v -1.316221 1.157200 -2.524800
v -1.274321 1.157200 -2.524800
v -1.316221 0.897300 -2.524800
v -1.274321 0.897300 -2.524800
v -1.316221 0.897300 -2.489600
v -1.274321 0.897300 -2.489600
v -1.316221 1.157200 -2.489600
v -1.274321 1.157200 -2.489600
v -1.294920 0.875200 -1.879300
v -1.640021 0.875200 -1.879300
v -1.294920 1.179100 -1.879300
v -1.640021 1.179100 -1.879300
v -1.294920 1.179100 -1.344900
v -1.640021 1.179100 -1.344900
v -1.294920 0.875200 -1.344900
v -1.640021 0.875200 -1.344900
v -1.640021 0.933700 -1.838400
v -1.640021 0.933700 -1.509700
v -1.640021 1.120600 -1.509700
v -1.640021 1.120600 -1.838400
v -1.645320 0.933700 -1.838400
v -1.645320 0.933700 -1.509700
v -1.645320 1.120600 -1.509700
v -1.645320 1.120600 -1.838400
v -1.617321 0.897300 -1.481800
v -1.659221 0.897300 -1.481800
v -1.617321 1.157200 -1.481800
v -1.659221 1.157200 -1.481800
v -1.617321 1.157200 -1.446600
v -1.659221 1.157200 -1.446600
v -1.617321 0.897300 -1.446600
v -1.659221 0.897300 -1.446600
v -1.617321 1.110700 -1.371900
v -1.659221 1.110700 -1.371900
v -1.617321 1.110700 -1.439500
v -1.659221 1.110700 -1.439500
v -1.617321 1.138300 -1.439500
v -1.659221 1.138300 -1.439500
v -1.617321 1.138300 -1.371900
v -1.659221 1.138300 -1.371900
v -1.316221 1.157200 -1.425300
v -1.274321 1.157200 -1.425300
v -1.316221 0.897300 -1.425300
v -1.274321 0.897300 -1.425300
v -1.316221 0.897300 -1.390100
v -1.274321 0.897300 -1.390100
v -1.316221 1.157200 -1.390100
v -1.274321 1.157200 -1.390100
v -1.316221 1.157200 -1.553500
v -1.274321 1.157200 -1.553500
v -1.316221 0.897300 -1.553500
v -1.274321 0.897300 -1.553500
v -1.316221 0.897300 -1.518300
v -1.274321 0.897300 -1.518300
v -1.316221 1.157200 -1.518300
v -1.274321 1.157200 -1.518300
v -1.316221 1.157200 -1.828200
v -1.274321 1.157200 -1.828200
v -1.316221 0.897300 -1.828200
v -1.274321 0.897300 -1.828200
v -1.316221 0.897300 -1.793000
v -1.274321 0.897300 -1.793000
v -1.316221 1.157200 -1.793000
v -1.274321 1.157200 -1.793000
v -1.316221 1.157200 -1.691600
v -1.274321 1.157200 -1.691600
v -1.316221 0.897300 -1.691600
v -1.274321 0.897300 -1.691600
v -1.316221 0.897300 -1.656400
v -1.274321 0.897300 -1.656400
v -1.316221 1.157200 -1.656400
v -1.274321 1.157200 -1.656400
v -0.514221 0.875200 -2.712500
v -0.859321 0.875200 -2.712500
v -0.514221 1.179101 -2.712500
v -0.859321 1.179101 -2.712500
v -0.514221 1.179100 -2.178100
v -0.859321 1.179100 -2.178100
v -0.514221 0.875200 -2.178100
v -0.859321 0.875200 -2.178100
v -0.859321 0.933700 -2.671600
v -0.859321 0.933700 -2.342900
v -0.859321 1.120600 -2.342900
v -0.859321 1.120600 -2.671600
v -0.864621 0.933700 -2.671600
v -0.864621 0.933700 -2.342900
v -0.864621 1.120600 -2.342900
v -0.864621 1.120600 -2.671600
v -0.836621 0.897300 -2.315000
v -0.878520 0.897300 -2.315000
v -0.836621 1.157200 -2.315000
v -0.878520 1.157200 -2.315000
v -0.836621 1.157200 -2.279800
v -0.878520 1.157200 -2.279800
v -0.836621 0.897300 -2.279800
v -0.878520 0.897300 -2.279800
v -0.836621 1.110700 -2.205100
v -0.878520 1.110700 -2.205100
v -0.836621 1.110700 -2.272700
v -0.878520 1.110700 -2.272700
v -0.836621 1.138300 -2.272700
v -0.878520 1.138300 -2.272700
v -0.836621 1.138300 -2.205100
v -0.878520 1.138300 -2.205100
v -0.535521 1.157200 -2.258500
v -0.493620 1.157200 -2.258500
v -0.535521 0.897300 -2.258500
v -0.493620 0.897300 -2.258500
v -0.535521 0.897300 -2.223300
v -0.493620 0.897300 -2.223300
v -0.535521 1.157200 -2.223300
v -0.493620 1.157200 -2.223300
v -0.535521 1.157200 -2.386700
v -0.493620 1.157200 -2.386700
v -0.535521 0.897300 -2.386700
v -0.493620 0.897300 -2.386700
v -0.535521 0.897300 -2.351500
v -0.493620 0.897300 -2.351500
v -0.535521 1.157200 -2.351500
v -0.493620 1.157200 -2.351500
v -0.535521 1.157200 -2.661400
v -0.493620 1.157200 -2.661400
v -0.535521 0.897300 -2.661400
v -0.493620 0.897300 -2.661400
v -0.535521 0.897300 -2.626200
v -0.493620 0.897300 -2.626200
v -0.535521 1.157200 -2.626200
v -0.493620 1.157200 -2.626200
v -0.535521 1.157200 -2.524800
v -0.493620 1.157200 -2.524800
v -0.535521 0.897300 -2.524800
v -0.493620 0.897300 -2.524800
v -0.535521 0.897300 -2.489600
v -0.493620 0.897300 -2.489600
v -0.535521 1.157200 -2.489600
v -0.493620 1.157200 -2.489600
v -0.514221 0.875200 -1.879300
v -0.859321 0.875200 -1.879300
v -0.514221 1.179100 -1.879300
v -0.859321 1.179100 -1.879300
v -0.514221 1.179100 -1.344900
v -0.859321 1.179100 -1.344900
v -0.514221 0.875200 -1.344900
v -0.859321 0.875200 -1.344900
v -0.859321 0.933700 -1.838400
v -0.859321 0.933700 -1.509700
v -0.859321 1.120600 -1.509700
v -0.859321 1.120600 -1.838400
v -0.864621 0.933700 -1.838400
v -0.864621 0.933700 -1.509700
v -0.864621 1.120600 -1.509700
v -0.864621 1.120600 -1.838400
v -0.836621 0.897300 -1.481800
v -0.878520 0.897300 -1.481800
v -0.836621 1.157200 -1.481800
v -0.878520 1.157200 -1.481800
v -0.836621 1.157200 -1.446600
v -0.878520 1.157200 -1.446600
v -0.836621 0.897300 -1.446600
v -0.878520 0.897300 -1.446600
v -0.836621 1.110700 -1.371900
v -0.878520 1.110700 -1.371900
v -0.836621 1.110700 -1.439500
v -0.878520 1.110700 -1.439500
v -0.836621 1.138300 -1.439500
v -0.878520 1.138300 -1.439500
v -0.836621 1.138300 -1.371900
v -0.878520 1.138300 -1.371900
v -0.535521 1.157200 -1.425300
v -0.493620 1.157200 -1.425300
v -0.535521 0.897300 -1.425300
v -0.493620 0.897300 -1.425300
v -0.535521 0.897300 -1.390100
v -0.493620 0.897300 -1.390100
v -0.535521 1.157200 -1.390100
v -0.493620 1.157200 -1.390100
v -0.535521 1.157200 -1.553500
v -0.493620 1.157200 -1.553500
v -0.535521 0.897300 -1.553500
v -0.493620 0.897300 -1.553500
v -0.535521 0.897300 -1.518300
v -0.493620 0.897300 -1.518300
v -0.535521 1.157200 -1.518300
v -0.493620 1.157200 -1.518300
v -0.535521 1.157200 -1.828200
v -0.493620 1.157200 -1.828200
v -0.535521 0.897300 -1.828200
v -0.493620 0.897300 -1.828200
v -0.535521 0.897300 -1.793000
v -0.493620 0.897300 -1.793000
v -0.535521 1.157200 -1.793000
v -0.493620 1.157200 -1.793000
v -0.535521 1.157200 -1.691600
v -0.493620 1.157200 -1.691600
v -0.535521 0.897300 -1.691600
v -0.493620 0.897300 -1.691600
v -0.535521 0.897300 -1.656400
v -0.493620 0.897300 -1.656400
v -0.535521 1.157200 -1.656400
v -0.493620 1.157200 -1.656400
v -1.294920 0.875200 -2.712500
v -1.640021 0.875200 -2.712500
v -1.294920 1.179101 -2.712500
v -1.640021 1.179101 -2.712500
v -1.294920 1.179100 -2.178100
v -1.640021 1.179100 -2.178100
v -1.294920 0.875200 -2.178100
v -1.640021 0.875200 -2.178100
v -1.640021 0.933700 -2.671600
v -1.640021 0.933700 -2.342900
v -1.640021 1.120600 -2.342900
v -1.640021 1.120600 -2.671600
v -1.645320 0.933700 -2.671600
v -1.645320 0.933700 -2.342900
v -1.645320 1.120600 -2.342900
v -1.645320 1.120600 -2.671600
v -1.617321 0.897300 -2.315000
v -1.659221 0.897300 -2.315000
v -1.617321 1.157200 -2.315000
v -1.659221 1.157200 -2.315000
v -1.617321 1.157200 -2.279800
v -1.659221 1.157200 -2.279800
v -1.617321 0.897300 -2.279800
v -1.659221 0.897300 -2.279800
v -1.617321 1.110700 -2.205100
v -1.659221 1.110700 -2.205100
v -1.617321 1.110700 -2.272700
v -1.659221 1.110700 -2.272700
v -1.617321 1.138300 -2.272700
v -1.659221 1.138300 -2.272700
v -1.617321 1.138300 -2.205100
v -1.659221 1.138300 -2.205100
v -1.316221 1.157200 -2.258500
v -1.274321 1.157200 -2.258500
v -1.316221 0.897300 -2.258500
v -1.274321 0.897300 -2.258500
v -1.316221 0.897300 -2.223300
v -1.274321 0.897300 -2.223300
v -1.316221 1.157200 -2.223300
v -1.274321 1.157200 -2.223300
v -1.316221 1.157200 -2.386700
v -1.274321 1.157200 -2.386700
v -1.316221 0.897300 -2.386700
v -1.274321 0.897300 -2.386700
v -1.316221 0.897300 -2.351500
v -1.274321 0.897300 -2.351500
v -1.316221 1.157200 -2.351500
v -1.274321 1.157200 -2.351500
v -1.316221 1.157200 -2.661400
v -1.274321 1.157200 -2.661400
v -1.316221 0.897300 -2.661400
v -1.274321 0.897300 -2.661400
v -1.316221 0.897300 -2.626200
v -1.274321 0.897300 -2.626200
v -1.316221 1.157200 -2.626200
v -1.274321 1.157200 -2.626200
v -1.316221 1.157200 -2.524800
v -1.274321 1.157200 -2.524800
v -1.316221 0.897300 -2.524800
v -1.274321 0.897300 -2.524800
v -1.316221 0.897300 -2.489600
v -1.274321 0.897300 -2.489600
v -1.316221 1.157200 -2.489600
v -1.274321 1.157200 -2.489600
v -1.294920 0.875200 -1.879300
v -1.640021 0.875200 -1.879300
v -1.294920 1.179100 -1.879300
v -1.640021 1.179100 -1.879300
v -1.294920 1.179100 -1.344900
v -1.640021 1.179100 -1.344900
v -1.294920 0.875200 -1.344900
v -1.640021 0.875200 -1.344900
v -1.640021 0.933700 -1.838400
v -1.640021 0.933700 -1.509700
v -1.640021 1.120600 -1.509700
v -1.640021 1.120600 -1.838400
v -1.645320 0.933700 -1.838400
v -1.645320 0.933700 -1.509700
v -1.645320 1.120600 -1.509700
v -1.645320 1.120600 -1.838400
v -1.617321 0.897300 -1.481800
v -1.659221 0.897300 -1.481800
v -1.617321 1.157200 -1.481800
v -1.659221 1.157200 -1.481800
v -1.617321 1.157200 -1.446600
v -1.659221 1.157200 -1.446600
v -1.617321 0.897300 -1.446600
v -1.659221 0.897300 -1.446600
v -1.617321 1.110700 -1.371900
v -1.659221 1.110700 -1.371900
v -1.617321 1.110700 -1.439500
v -1.659221 1.110700 -1.439500
v -1.617321 1.138300 -1.439500
v -1.659221 1.138300 -1.439500
v -1.617321 1.138300 -1.371900
v -1.659221 1.138300 -1.371900
v -1.316221 1.157200 -1.425300
v -1.274321 1.157200 -1.425300
v -1.316221 0.897300 -1.425300
v -1.274321 0.897300 -1.425300
v -1.316221 0.897300 -1.390100
v -1.274321 0.897300 -1.390100
v -1.316221 1.157200 -1.390100
v -1.274321 1.157200 -1.390100
v -1.316221 1.157200 -1.553500
v -1.274321 1.157200 -1.553500
v -1.316221 0.897300 -1.553500
v -1.274321 0.897300 -1.553500
v -1.316221 0.897300 -1.518300
v -1.274321 0.897300 -1.518300
v -1.316221 1.157200 -1.518300
v -1.274321 1.157200 -1.518300
v -1.316221 1.157200 -1.828200
v -1.274321 1.157200 -1.828200
v -1.316221 0.897300 -1.828200
v -1.274321 0.897300 -1.828200
v -1.316221 0.897300 -1.793000
v -1.274321 0.897300 -1.793000
v -1.316221 1.157200 -1.793000
v -1.274321 1.157200 -1.793000
v -1.316221 1.157200 -1.691600
v -1.274321 1.157200 -1.691600
v -1.316221 0.897300 -1.691600
v -1.274321 0.897300 -1.691600
v -1.316221 0.897300 -1.656400
v -1.274321 0.897300 -1.656400
v -1.316221 1.157200 -1.656400
v -1.274321 1.157200 -1.656400
v -0.514221 0.875200 -2.712500
v -0.859321 0.875200 -2.712500
v -0.514221 1.179101 -2.712500
v -0.859321 1.179101 -2.712500
v -0.514221 1.179100 -2.178100
v -0.859321 1.179100 -2.178100
v -0.514221 0.875200 -2.178100
v -0.859321 0.875200 -2.178100
v -0.859321 0.933700 -2.671600
v -0.859321 0.933700 -2.342900
v -0.859321 1.120600 -2.342900
v -0.859321 1.120600 -2.671600
v -0.864621 0.933700 -2.671600
v -0.864621 0.933700 -2.342900
v -0.864621 1.120600 -2.342900
v -0.864621 1.120600 -2.671600
v -0.836621 0.897300 -2.315000
v -0.878520 0.897300 -2.315000
v -0.836621 1.157200 -2.315000
v -0.878520 1.157200 -2.315000
v -0.836621 1.157200 -2.279800
v -0.878520 1.157200 -2.279800
v -0.836621 0.897300 -2.279800
v -0.878520 0.897300 -2.279800
v -0.836621 1.110700 -2.205100
v -0.878520 1.110700 -2.205100
v -0.836621 1.110700 -2.272700
v -0.878520 1.110700 -2.272700
v -0.836621 1.138300 -2.272700
v -0.878520 1.138300 -2.272700
v -0.836621 1.138300 -2.205100
v -0.878520 1.138300 -2.205100
v -0.535521 1.157200 -2.258500
v -0.493620 1.157200 -2.258500
v -0.535521 0.897300 -2.258500
v -0.493620 0.897300 -2.258500
v -0.535521 0.897300 -2.223300
v -0.493620 0.897300 -2.223300
v -0.535521 1.157200 -2.223300
v -0.493620 1.157200 -2.223300
v -0.535521 1.157200 -2.386700
v -0.493620 1.157200 -2.386700
v -0.535521 0.897300 -2.386700
v -0.493620 0.897300 -2.386700
v -0.535521 0.897300 -2.351500
v -0.493620 0.897300 -2.351500
v -0.535521 1.157200 -2.351500
v -0.493620 1.157200 -2.351500
v -0.535521 1.157200 -2.661400
v -0.493620 1.157200 -2.661400
v -0.535521 0.897300 -2.661400
v -0.493620 0.897300 -2.661400
v -0.535521 0.897300 -2.626200
v -0.493620 0.897300 -2.626200
v -0.535521 1.157200 -2.626200
v -0.493620 1.157200 -2.626200
v -0.535521 1.157200 -2.524800
v -0.493620 1.157200 -2.524800
v -0.535521 0.897300 -2.524800
v -0.493620 0.897300 -2.524800
v -0.535521 0.897300 -2.489600
v -0.493620 0.897300 -2.489600
v -0.535521 1.157200 -2.489600
v -0.493620 1.157200 -2.489600
v -0.514221 0.875200 -1.879300
v -0.859321 0.875200 -1.879300
v -0.514221 1.179100 -1.879300
v -0.859321 1.179100 -1.879300
v -0.514221 1.179100 -1.344900
v -0.859321 1.179100 -1.344900
v -0.514221 0.875200 -1.344900
v -0.859321 0.875200 -1.344900
v -0.859321 0.933700 -1.838400
v -0.859321 0.933700 -1.509700
v -0.859321 1.120600 -1.509700
v -0.859321 1.120600 -1.838400
v -0.864621 0.933700 -1.838400
v -0.864621 0.933700 -1.509700
v -0.864621 1.120600 -1.509700
v -0.864621 1.120600 -1.838400
v -0.836621 0.897300 -1.481800
v -0.878520 0.897300 -1.481800
v -0.836621 1.157200 -1.481800
v -0.878520 1.157200 -1.481800
v -0.836621 1.157200 -1.446600
v -0.878520 1.157200 -1.446600
v -0.836621 0.897300 -1.446600
v -0.878520 0.897300 -1.446600
v -0.836621 1.110700 -1.371900
v -0.878520 1.110700 -1.371900
v -0.836621 1.110700 -1.439500
v -0.878520 1.110700 -1.439500
v -0.836621 1.138300 -1.439500
v -0.878520 1.138300 -1.439500
v -0.836621 1.138300 -1.371900
v -0.878520 1.138300 -1.371900
v -0.535521 1.157200 -1.425300
v -0.493620 1.157200 -1.425300
v -0.535521 0.897300 -1.425300
v -0.493620 0.897300 -1.425300
v -0.535521 0.897300 -1.390100
v -0.493620 0.897300 -1.390100
v -0.535521 1.157200 -1.390100
v -0.493620 1.157200 -1.390100
v -0.535521 1.157200 -1.553500
v -0.493620 1.157200 -1.553500
v -0.535521 0.897300 -1.553500
v -0.493620 0.897300 -1.553500
v -0.535521 0.897300 -1.518300
v -0.493620 0.897300 -1.518300
v -0.535521 1.157200 -1.518300
v -0.493620 1.157200 -1.518300
v -0.535521 1.157200 -1.828200
v -0.493620 1.157200 -1.828200
v -0.535521 0.897300 -1.828200
v -0.493620 0.897300 -1.828200
v -0.535521 0.897300 -1.793000
v -0.493620 0.897300 -1.793000
v -0.535521 1.157200 -1.793000
v -0.493620 1.157200 -1.793000
v -0.535521 1.157200 -1.691600
v -0.493620 1.157200 -1.691600
v -0.535521 0.897300 -1.691600
v -0.493620 0.897300 -1.691600
v -0.535521 0.897300 -1.656400
v -0.493620 0.897300 -1.656400
v -0.535521 1.157200 -1.656400
v -0.493620 1.157200 -1.656400
v -1.294920 0.875200 -0.691700
v -1.640021 0.875200 -0.691700
v -1.294920 1.179100 -0.691700
v -1.640021 1.179100 -0.691700
v -1.294920 1.179100 -0.157300
v -1.640021 1.179100 -0.157300
v -1.294920 0.875200 -0.157300
v -1.640021 0.875200 -0.157300
v -1.640021 0.933700 -0.650800
v -1.640021 0.933700 -0.322100
v -1.640021 1.120600 -0.322100
v -1.640021 1.120600 -0.650800
v -1.645320 0.933700 -0.650800
v -1.645320 0.933700 -0.322100
v -1.645320 1.120600 -0.322100
v -1.645320 1.120600 -0.650800
v -1.617321 0.897300 -0.294200
v -1.659221 0.897300 -0.294200
v -1.617321 1.157200 -0.294200
v -1.659221 1.157200 -0.294200
v -1.617321 1.157200 -0.259000
v -1.659221 1.157200 -0.259000
v -1.617321 0.897300 -0.259000
v -1.659221 0.897300 -0.259000
v -1.617321 1.110700 -0.184300
v -1.659221 1.110700 -0.184300
v -1.617321 1.110700 -0.251900
v -1.659221 1.110700 -0.251900
v -1.617321 1.138300 -0.251900
v -1.659221 1.138300 -0.251900
v -1.617321 1.138300 -0.184300
v -1.659221 1.138300 -0.184300
v -1.316221 1.157200 -0.237700
v -1.274321 1.157200 -0.237700
v -1.316221 0.897300 -0.237700
v -1.274321 0.897300 -0.237700
v -1.316221 0.897300 -0.202500
v -1.274321 0.897300 -0.202500
v -1.316221 1.157200 -0.202500
v -1.274321 1.157200 -0.202500
v -1.316221 1.157200 -0.365900
v -1.274321 1.157200 -0.365900
v -1.316221 0.897300 -0.365900
v -1.274321 0.897300 -0.365900
v -1.316221 0.897300 -0.330700
v -1.274321 0.897300 -0.330700
v -1.316221 1.157200 -0.330700
v -1.274321 1.157200 -0.330700
v -1.316221 1.157200 -0.640600
v -1.274321 1.157200 -0.640600
v -1.316221 0.897300 -0.640600
v -1.274321 0.897300 -0.640600
v -1.316221 0.897300 -0.605400
v -1.274321 0.897300 -0.605400
v -1.316221 1.157200 -0.605400
v -1.274321 1.157200 -0.605400
v -1.316221 1.157200 -0.504000
v -1.274321 1.157200 -0.504000
v -1.316221 0.897300 -0.504000
v -1.274321 0.897300 -0.504000
v -1.316221 0.897300 -0.468800
v -1.274321 0.897300 -0.468800
v -1.316221 1.157200 -0.468800
v -1.274321 1.157200 -0.468800
v -1.294920 0.875200 0.141500
v -1.640021 0.875200 0.141500
v -1.294920 1.179100 0.141500
v -1.640021 1.179100 0.141500
v -1.294920 1.179100 0.675900
v -1.640021 1.179100 0.675900
v -1.294920 0.875200 0.675900
v -1.640021 0.875200 0.675900
v -1.640021 0.933700 0.182400
v -1.640021 0.933700 0.511100
v -1.640021 1.120600 0.511100
v -1.640021 1.120600 0.182400
v -1.645320 0.933700 0.182400
v -1.645320 0.933700 0.511100
v -1.645320 1.120600 0.511100
v -1.645320 1.120600 0.182400
v -1.617321 0.897300 0.539000
v -1.659221 0.897300 0.539000
v -1.617321 1.157200 0.539000
v -1.659221 1.157200 0.539000
v -1.617321 1.157200 0.574200
v -1.659221 1.157200 0.574200
v -1.617321 0.897300 0.574200
v -1.659221 0.897300 0.574200
v -1.617321 1.110700 0.648900
v -1.659221 1.110700 0.648900
v -1.617321 1.110700 0.581300
v -1.659221 1.110700 0.581300
v -1.617321 1.138300 0.581300
v -1.659221 1.138300 0.581300
v -1.617321 1.138300 0.648900
v -1.659221 1.138300 0.648900
v -1.316221 1.157200 0.595500
v -1.274321 1.157200 0.595500
v -1.316221 0.897300 0.595500
v -1.274321 0.897300 0.595500
v -1.316221 0.897300 0.630700
v -1.274321 0.897300 0.630700
v -1.316221 1.157200 0.630700
v -1.274321 1.157200 0.630700
v -1.316221 1.157200 0.467300
v -1.274321 1.157200 0.467300
v -1.316221 0.897300 0.467300
v -1.274321 0.897300 0.467300
v -1.316221 0.897300 0.502500
v -1.274321 0.897300 0.502500
v -1.316221 1.157200 0.502500
v -1.274321 1.157200 0.502500
v -1.316221 1.157200 0.192600
v -1.274321 1.157200 0.192600
v -1.316221 0.897300 0.192600
v -1.274321 0.897300 0.192600
v -1.316221 0.897300 0.227800
v -1.274321 0.897300 0.227800
v -1.316221 1.157200 0.227800
v -1.274321 1.157200 0.227800
v -1.316221 1.157200 0.329200
v -1.274321 1.157200 0.329200
v -1.316221 0.897300 0.329200
v -1.274321 0.897300 0.329200
v -1.316221 0.897300 0.364400
v -1.274321 0.897300 0.364400
v -1.316221 1.157200 0.364400
v -1.274321 1.157200 0.364400
v -0.514221 0.875200 -0.691700
v -0.859321 0.875200 -0.691700
v -0.514221 1.179100 -0.691700
v -0.859321 1.179100 -0.691700
v -0.514221 1.179100 -0.157300
v -0.859321 1.179100 -0.157300
v -0.514221 0.875200 -0.157300
v -0.859321 0.875200 -0.157300
v -0.859321 0.933700 -0.650800
v -0.859321 0.933700 -0.322100
v -0.859321 1.120600 -0.322100
v -0.859321 1.120600 -0.650800
v -0.864621 0.933700 -0.650800
v -0.864621 0.933700 -0.322100
v -0.864621 1.120600 -0.322100
v -0.864621 1.120600 -0.650800
v -0.836621 0.897300 -0.294200
v -0.878520 0.897300 -0.294200
v -0.836621 1.157200 -0.294200
v -0.878520 1.157200 -0.294200
v -0.836621 1.157200 -0.259000
v -0.878520 1.157200 -0.259000
v -0.836621 0.897300 -0.259000
v -0.878520 0.897300 -0.259000
v -0.836621 1.110700 -0.184300
v -0.878520 1.110700 -0.184300
v -0.836621 1.110700 -0.251900
v -0.878520 1.110700 -0.251900
v -0.836621 1.138300 -0.251900
v -0.878520 1.138300 -0.251900
v -0.836621 1.138300 -0.184300
v -0.878520 1.138300 -0.184300
v -0.535521 1.157200 -0.237700
v -0.493620 1.157200 -0.237700
v -0.535521 0.897300 -0.237700
v -0.493620 0.897300 -0.237700
v -0.535521 0.897300 -0.202500
v -0.493620 0.897300 -0.202500
v -0.535521 1.157200 -0.202500
v -0.493620 1.157200 -0.202500
v -0.535521 1.157200 -0.365900
v -0.493620 1.157200 -0.365900
v -0.535521 0.897300 -0.365900
v -0.493620 0.897300 -0.365900
v -0.535521 0.897300 -0.330700
v -0.493620 0.897300 -0.330700
v -0.535521 1.157200 -0.330700
v -0.493620 1.157200 -0.330700
v -0.535521 1.157200 -0.640600
v -0.493620 1.157200 -0.640600
v -0.535521 0.897300 -0.640600
v -0.493620 0.897300 -0.640600
v -0.535521 0.897300 -0.605400
v -0.493620 0.897300 -0.605400
v -0.535521 1.157200 -0.605400
v -0.493620 1.157200 -0.605400
v -0.535521 1.157200 -0.504000
v -0.493620 1.157200 -0.504000
v -0.535521 0.897300 -0.504000
v -0.493620 0.897300 -0.504000
v -0.535521 0.897300 -0.468800
v -0.493620 0.897300 -0.468800
v -0.535521 1.157200 -0.468800
v -0.493620 1.157200 -0.468800
v -0.514221 0.875200 0.141500
v -0.859321 0.875200 0.141500
v -0.514221 1.179100 0.141500
v -0.859321 1.179100 0.141500
v -0.514221 1.179100 0.675900
v -0.859321 1.179100 0.675900
v -0.514221 0.875200 0.675900
v -0.859321 0.875200 0.675900
v -0.859321 0.933700 0.182400
v -0.859321 0.933700 0.511100
v -0.859321 1.120600 0.511100
v -0.859321 1.120600 0.182400
v -0.864621 0.933700 0.182400
v -0.864621 0.933700 0.511100
v -0.864621 1.120600 0.511100
v -0.864621 1.120600 0.182400
v -0.836621 0.897300 0.539000
v -0.878520 0.897300 0.539000
v -0.836621 1.157200 0.539000
v -0.878520 1.157200 0.539000
v -0.836621 1.157200 0.574200
v -0.878520 1.157200 0.574200
v -0.836621 0.897300 0.574200
v -0.878520 0.897300 0.574200
v -0.836621 1.110700 0.648900
v -0.878520 1.110700 0.648900
v -0.836621 1.110700 0.581300
v -0.878520 1.110700 0.581300
v -0.836621 1.138300 0.581300
v -0.878520 1.138300 0.581300
v -0.836621 1.138300 0.648900
v -0.878520 1.138300 0.648900
v -0.535521 1.157200 0.595500
v -0.493620 1.157200 0.595500
v -0.535521 0.897300 0.595500
v -0.493620 0.897300 0.595500
v -0.535521 0.897300 0.630700
v -0.493620 0.897300 0.630700
v -0.535521 1.157200 0.630700
v -0.493620 1.157200 0.630700
v -0.535521 1.157200 0.467300
v -0.493620 1.157200 0.467300
v -0.535521 0.897300 0.467300
v -0.493620 0.897300 0.467300
v -0.535521 0.897300 0.502500
v -0.493620 0.897300 0.502500
v -0.535521 1.157200 0.502500
v -0.493620 1.157200 0.502500
v -0.535521 1.157200 0.192600
v -0.493620 1.157200 0.192600
v -0.535521 0.897300 0.192600
v -0.493620 0.897300 0.192600
v -0.535521 0.897300 0.227800
v -0.493620 0.897300 0.227800
v -0.535521 1.157200 0.227800
v -0.493620 1.157200 0.227800
v -0.535521 1.157200 0.329200
v -0.493620 1.157200 0.329200
v -0.535521 0.897300 0.329200
v -0.493620 0.897300 0.329200
v -0.535521 0.897300 0.364400
v -0.493620 0.897300 0.364400
v -0.535521 1.157200 0.364400
v -0.493620 1.157200 0.364400
v -1.294920 0.875200 -0.691700
v -1.640021 0.875200 -0.691700
v -1.294920 1.179100 -0.691700
v -1.640021 1.179100 -0.691700
v -1.294920 1.179100 -0.157300
v -1.640021 1.179100 -0.157300
v -1.294920 0.875200 -0.157300
v -1.640021 0.875200 -0.157300
v -1.640021 0.933700 -0.650800
v -1.640021 0.933700 -0.322100
v -1.640021 1.120600 -0.322100
v -1.640021 1.120600 -0.650800
v -1.645320 0.933700 -0.650800
v -1.645320 0.933700 -0.322100
v -1.645320 1.120600 -0.322100
v -1.645320 1.120600 -0.650800
v -1.617321 0.897300 -0.294200
v -1.659221 0.897300 -0.294200
v -1.617321 1.157200 -0.294200
v -1.659221 1.157200 -0.294200
v -1.617321 1.157200 -0.259000
v -1.659221 1.157200 -0.259000
v -1.617321 0.897300 -0.259000
v -1.659221 0.897300 -0.259000
v -1.617321 1.110700 -0.184300
v -1.659221 1.110700 -0.184300
v -1.617321 1.110700 -0.251900
v -1.659221 1.110700 -0.251900
v -1.617321 1.138300 -0.251900
v -1.659221 1.138300 -0.251900
v -1.617321 1.138300 -0.184300
v -1.659221 1.138300 -0.184300
v -1.316221 1.157200 -0.237700
v -1.274321 1.157200 -0.237700
v -1.316221 0.897300 -0.237700
v -1.274321 0.897300 -0.237700
v -1.316221 0.897300 -0.202500
v -1.274321 0.897300 -0.202500
v -1.316221 1.157200 -0.202500
v -1.274321 1.157200 -0.202500
v -1.316221 1.157200 -0.365900
v -1.274321 1.157200 -0.365900
v -1.316221 0.897300 -0.365900
v -1.274321 0.897300 -0.365900
v -1.316221 0.897300 -0.330700
v -1.274321 0.897300 -0.330700
v -1.316221 1.157200 -0.330700
v -1.274321 1.157200 -0.330700
v -1.316221 1.157200 -0.640600
v -1.274321 1.157200 -0.640600
v -1.316221 0.897300 -0.640600
v -1.274321 0.897300 -0.640600
v -1.316221 0.897300 -0.605400
v -1.274321 0.897300 -0.605400
v -1.316221 1.157200 -0.605400
v -1.274321 1.157200 -0.605400
v -1.316221 1.157200 -0.504000
v -1.274321 1.157200 -0.504000
v -1.316221 0.897300 -0.504000
v -1.274321 0.897300 -0.504000
v -1.316221 0.897300 -0.468800
v -1.274321 0.897300 -0.468800
v -1.316221 1.157200 -0.468800
v -1.274321 1.157200 -0.468800
v -1.294920 0.875200 0.141500
v -1.640021 0.875200 0.141500
v -1.294920 1.179100 0.141500
v -1.640021 1.179100 0.141500
v -1.294920 1.179100 0.675900
v -1.640021 1.179100 0.675900
v -1.294920 0.875200 0.675900
v -1.640021 0.875200 0.675900
v -1.640021 0.933700 0.182400
v -1.640021 0.933700 0.511100
v -1.640021 1.120600 0.511100
v -1.640021 1.120600 0.182400
v -1.645320 0.933700 0.182400
v -1.645320 0.933700 0.511100
v -1.645320 1.120600 0.511100
v -1.645320 1.120600 0.182400
v -1.617321 0.897300 0.539000
v -1.659221 0.897300 0.539000
v -1.617321 1.157200 0.539000
v -1.659221 1.157200 0.539000
v -1.617321 1.157200 0.574200
v -1.659221 1.157200 0.574200
v -1.617321 0.897300 0.574200
v -1.659221 0.897300 0.574200
v -1.617321 1.110700 0.648900
v -1.659221 1.110700 0.648900
v -1.617321 1.110700 0.581300
v -1.659221 1.110700 0.581300
v -1.617321 1.138300 0.581300
v -1.659221 1.138300 0.581300
v -1.617321 1.138300 0.648900
v -1.659221 1.138300 0.648900
v -1.316221 1.157200 0.595500
v -1.274321 1.157200 0.595500
v -1.316221 0.897300 0.595500
v -1.274321 0.897300 0.595500
v -1.316221 0.897300 0.630700
v -1.274321 0.897300 0.630700
v -1.316221 1.157200 0.630700
v -1.274321 1.157200 0.630700
v -1.316221 1.157200 0.467300
v -1.274321 1.157200 0.467300
v -1.316221 0.897300 0.467300
v -1.274321 0.897300 0.467300
v -1.316221 0.897300 0.502500
v -1.274321 0.897300 0.502500
v -1.316221 1.157200 0.502500
v -1.274321 1.157200 0.502500
v -1.316221 1.157200 0.192600
v -1.274321 1.157200 0.192600
v -1.316221 0.897300 0.192600
v -1.274321 0.897300 0.192600
v -1.316221 0.897300 0.227800
v -1.274321 0.897300 0.227800
v -1.316221 1.157200 0.227800
v -1.274321 1.157200 0.227800
v -1.316221 1.157200 0.329200
v -1.274321 1.157200 0.329200
v -1.316221 0.897300 0.329200
v -1.274321 0.897300 0.329200
v -1.316221 0.897300 0.364400
v -1.274321 0.897300 0.364400
v -1.316221 1.157200 0.364400
v -1.274321 1.157200 0.364400
v -0.514221 0.875200 -0.691700
v -0.859321 0.875200 -0.691700
v -0.514221 1.179100 -0.691700
v -0.859321 1.179100 -0.691700
v -0.514221 1.179100 -0.157300
v -0.859321 1.179100 -0.157300
v -0.514221 0.875200 -0.157300
v -0.859321 0.875200 -0.157300
v -0.859321 0.933700 -0.650800
v -0.859321 0.933700 -0.322100
v -0.859321 1.120600 -0.322100
v -0.859321 1.120600 -0.650800
v -0.864621 0.933700 -0.650800
v -0.864621 0.933700 -0.322100
v -0.864621 1.120600 -0.322100
v -0.864621 1.120600 -0.650800
v -0.836621 0.897300 -0.294200
v -0.878520 0.897300 -0.294200
v -0.836621 1.157200 -0.294200
v -0.878520 1.157200 -0.294200
v -0.836621 1.157200 -0.259000
v -0.878520 1.157200 -0.259000
v -0.836621 0.897300 -0.259000
v -0.878520 0.897300 -0.259000
v -0.836621 1.110700 -0.184300
v -0.878520 1.110700 -0.184300
v -0.836621 1.110700 -0.251900
v -0.878520 1.110700 -0.251900
v -0.836621 1.138300 -0.251900
v -0.878520 1.138300 -0.251900
v -0.836621 1.138300 -0.184300
v -0.878520 1.138300 -0.184300
v -0.535521 1.157200 -0.237700
v -0.493620 1.157200 -0.237700
v -0.535521 0.897300 -0.237700
v -0.493620 0.897300 -0.237700
v -0.535521 0.897300 -0.202500
v -0.493620 0.897300 -0.202500
v -0.535521 1.157200 -0.202500
v -0.493620 1.157200 -0.202500
v -0.535521 1.157200 -0.365900
v -0.493620 1.157200 -0.365900
v -0.535521 0.897300 -0.365900
v -0.493620 0.897300 -0.365900
v -0.535521 0.897300 -0.330700
v -0.493620 0.897300 -0.330700
v -0.535521 1.157200 -0.330700
v -0.493620 1.157200 -0.330700
v -0.535521 1.157200 -0.640600
v -0.493620 1.157200 -0.640600
v -0.535521 0.897300 -0.640600
v -0.493620 0.897300 -0.640600
v -0.535521 0.897300 -0.605400
v -0.493620 0.897300 -0.605400
v -0.535521 1.157200 -0.605400
v -0.493620 1.157200 -0.605400
v -0.535521 1.157200 -0.504000
v -0.493620 1.157200 -0.504000
v -0.535521 0.897300 -0.504000
v -0.493620 0.897300 -0.504000
v -0.535521 0.897300 -0.468800
v -0.493620 0.897300 -0.468800
v -0.535521 1.157200 -0.468800
v -0.493620 1.157200 -0.468800
v -0.514221 0.875200 0.141500
v -0.859321 0.875200 0.141500
v -0.514221 1.179100 0.141500
v -0.859321 1.179100 0.141500
v -0.514221 1.179100 0.675900
v -0.859321 1.179100 0.675900
v -0.514221 0.875200 0.675900
v -0.859321 0.875200 0.675900
v -0.859321 0.933700 0.182400
v -0.859321 0.933700 0.511100
v -0.859321 1.120600 0.511100
v -0.859321 1.120600 0.182400
v -0.864621 0.933700 0.182400
v -0.864621 0.933700 0.511100
v -0.864621 1.120600 0.511100
v -0.864621 1.120600 0.182400
v -0.836621 0.897300 0.539000
v -0.878520 0.897300 0.539000
v -0.836621 1.157200 0.539000
v -0.878520 1.157200 0.539000
v -0.836621 1.157200 0.574200
v -0.878520 1.157200 0.574200
v -0.836621 0.897300 0.574200
v -0.878520 0.897300 0.574200
v -0.836621 1.110700 0.648900
v -0.878520 1.110700 0.648900
v -0.836621 1.110700 0.581300
v -0.878520 1.110700 0.581300
v -0.836621 1.138300 0.581300
v -0.878520 1.138300 0.581300
v -0.836621 1.138300 0.648900
v -0.878520 1.138300 0.648900
v -0.535521 1.157200 0.595500
v -0.493620 1.157200 0.595500
v -0.535521 0.897300 0.595500
v -0.493620 0.897300 0.595500
v -0.535521 0.897300 0.630700
v -0.493620 0.897300 0.630700
v -0.535521 1.157200 0.630700
v -0.493620 1.157200 0.630700
v -0.535521 1.157200 0.467300
v -0.493620 1.157200 0.467300
v -0.535521 0.897300 0.467300
v -0.493620 0.897300 0.467300
v -0.535521 0.897300 0.502500
v -0.493620 0.897300 0.502500
v -0.535521 1.157200 0.502500
v -0.493620 1.157200 0.502500
v -0.535521 1.157200 0.192600
v -0.493620 1.157200 0.192600
v -0.535521 0.897300 0.192600
v -0.493620 0.897300 0.192600
v -0.535521 0.897300 0.227800
v -0.493620 0.897300 0.227800
v -0.535521 1.157200 0.227800
v -0.493620 1.157200 0.227800
v -0.535521 1.157200 0.329200
v -0.493620 1.157200 0.329200
v -0.535521 0.897300 0.329200
v -0.493620 0.897300 0.329200
v -0.535521 0.897300 0.364400
v -0.493620 0.897300 0.364400
v -0.535521 1.157200 0.364400
v -0.493620 1.157200 0.364400
v -1.294920 0.875200 1.344100
v -1.640021 0.875200 1.344100
v -1.294920 1.179100 1.344100
v -1.640021 1.179100 1.344100
v -1.294920 1.179100 1.878500
v -1.640021 1.179100 1.878500
v -1.294920 0.875200 1.878500
v -1.640021 0.875200 1.878500
v -1.640021 0.933700 1.385000
v -1.640021 0.933700 1.713700
v -1.640021 1.120600 1.713700
v -1.640021 1.120600 1.385000
v -1.645320 0.933700 1.385000
v -1.645320 0.933700 1.713700
v -1.645320 1.120600 1.713700
v -1.645320 1.120600 1.385000
v -1.617321 0.897300 1.741600
v -1.659221 0.897300 1.741600
v -1.617321 1.157200 1.741600
v -1.659221 1.157200 1.741600
v -1.617321 1.157200 1.776800
v -1.659221 1.157200 1.776800
v -1.617321 0.897300 1.776800
v -1.659221 0.897300 1.776800
v -1.617321 1.110700 1.851500
v -1.659221 1.110700 1.851500
v -1.617321 1.110700 1.783900
v -1.659221 1.110700 1.783900
v -1.617321 1.138300 1.783900
v -1.659221 1.138300 1.783900
v -1.617321 1.138300 1.851500
v -1.659221 1.138300 1.851500
v -1.316221 1.157200 1.798100
v -1.274321 1.157200 1.798100
v -1.316221 0.897300 1.798100
v -1.274321 0.897300 1.798100
v -1.316221 0.897300 1.833300
v -1.274321 0.897300 1.833300
v -1.316221 1.157200 1.833300
v -1.274321 1.157200 1.833300
v -1.316221 1.157200 1.669900
v -1.274321 1.157200 1.669900
v -1.316221 0.897300 1.669900
v -1.274321 0.897300 1.669900
v -1.316221 0.897300 1.705100
v -1.274321 0.897300 1.705100
v -1.316221 1.157200 1.705100
v -1.274321 1.157200 1.705100
v -1.316221 1.157200 1.395200
v -1.274321 1.157200 1.395200
v -1.316221 0.897300 1.395200
v -1.274321 0.897300 1.395200
v -1.316221 0.897300 1.430400
v -1.274321 0.897300 1.430400
v -1.316221 1.157200 1.430400
v -1.274321 1.157200 1.430400
v -1.316221 1.157200 1.531800
v -1.274321 1.157200 1.531800
v -1.316221 0.897300 1.531800
v -1.274321 0.897300 1.531800
v -1.316221 0.897300 1.567000
v -1.274321 0.897300 1.567000
v -1.316221 1.157200 1.567000
v -1.274321 1.157200 1.567000
v -1.294920 0.875200 2.177300
v -1.640021 0.875200 2.177300
v -1.294920 1.179100 2.177300
v -1.640021 1.179100 2.177300
v -1.294920 1.179100 2.711700
v -1.640021 1.179100 2.711700
v -1.294920 0.875200 2.711700
v -1.640021 0.875200 2.711700
v -1.640021 0.933700 2.218200
v -1.640021 0.933700 2.546900
v -1.640021 1.120600 2.546900
v -1.640021 1.120600 2.218200
v -1.645320 0.933700 2.218200
v -1.645320 0.933700 2.546900
v -1.645320 1.120600 2.546900
v -1.645320 1.120600 2.218200
v -1.617321 0.897300 2.574800
v -1.659221 0.897300 2.574800
v -1.617321 1.157200 2.574800
v -1.659221 1.157200 2.574800
v -1.617321 1.157200 2.610000
v -1.659221 1.157200 2.610000
v -1.617321 0.897300 2.610000
v -1.659221 0.897300 2.610000
v -1.617321 1.110700 2.684700
v -1.659221 1.110700 2.684700
v -1.617321 1.110700 2.617100
v -1.659221 1.110700 2.617100
v -1.617321 1.138299 2.617100
v -1.659221 1.138299 2.617100
v -1.617321 1.138299 2.684700
v -1.659221 1.138299 2.684700
v -1.316221 1.157200 2.631300
v -1.274321 1.157200 2.631300
v -1.316221 0.897300 2.631300
v -1.274321 0.897300 2.631300
v -1.316221 0.897300 2.666500
v -1.274321 0.897300 2.666500
v -1.316221 1.157200 2.666500
v -1.274321 1.157200 2.666500
v -1.316221 1.157200 2.503100
v -1.274321 1.157200 2.503100
v -1.316221 0.897300 2.503100
v -1.274321 0.897300 2.503100
v -1.316221 0.897300 2.538300
v -1.274321 0.897300 2.538300
v -1.316221 1.157200 2.538300
v -1.274321 1.157200 2.538300
v -1.316221 1.157200 2.228400
v -1.274321 1.157200 2.228400
v -1.316221 0.897300 2.228400
v -1.274321 0.897300 2.228400
v -1.316221 0.897300 2.263600
v -1.274321 0.897300 2.263600
v -1.316221 1.157200 2.263600
v -1.274321 1.157200 2.263600
v -1.316221 1.157200 2.365000
v -1.274321 1.157200 2.365000
v -1.316221 0.897300 2.365000
v -1.274321 0.897300 2.365000
v -1.316221 0.897300 2.400200
v -1.274321 0.897300 2.400200
v -1.316221 1.157200 2.400200
v -1.274321 1.157200 2.400200
v -0.514221 0.875200 1.344100
v -0.859321 0.875200 1.344100
v -0.514221 1.179100 1.344100
v -0.859321 1.179100 1.344100
v -0.514221 1.179100 1.878500
v -0.859321 1.179100 1.878500
v -0.514221 0.875200 1.878500
v -0.859321 0.875200 1.878500
v -0.859321 0.933700 1.385000
v -0.859321 0.933700 1.713700
v -0.859321 1.120600 1.713700
v -0.859321 1.120600 1.385000
v -0.864621 0.933700 1.385000
v -0.864621 0.933700 1.713700
v -0.864621 1.120600 1.713700
v -0.864621 1.120600 1.385000
v -0.836621 0.897300 1.741600
v -0.878520 0.897300 1.741600
v -0.836621 1.157200 1.741600
v -0.878520 1.157200 1.741600
v -0.836621 1.157200 1.776800
v -0.878520 1.157200 1.776800
v -0.836621 0.897300 1.776800
v -0.878520 0.897300 1.776800
v -0.836621 1.110700 1.851500
v -0.878520 1.110700 1.851500
v -0.836621 1.110700 1.783900
v -0.878520 1.110700 1.783900
v -0.836621 1.138300 1.783900
v -0.878520 1.138300 1.783900
v -0.836621 1.138300 1.851500
v -0.878520 1.138300 1.851500
v -0.535521 1.157200 1.798100
v -0.493620 1.157200 1.798100
v -0.535521 0.897300 1.798100
v -0.493620 0.897300 1.798100
v -0.535521 0.897300 1.833300
v -0.493620 0.897300 1.833300
v -0.535521 1.157200 1.833300
v -0.493620 1.157200 1.833300
v -0.535521 1.157200 1.669900
v -0.493620 1.157200 1.669900
v -0.535521 0.897300 1.669900
v -0.493620 0.897300 1.669900
v -0.535521 0.897300 1.705100
v -0.493620 0.897300 1.705100
v -0.535521 1.157200 1.705100
v -0.493620 1.157200 1.705100
v -0.535521 1.157200 1.395200
v -0.493620 1.157200 1.395200
v -0.535521 0.897300 1.395200
v -0.493620 0.897300 1.395200
v -0.535521 0.897300 1.430400
v -0.493620 0.897300 1.430400
v -0.535521 1.157200 1.430400
v -0.493620 1.157200 1.430400
v -0.535521 1.157200 1.531800
v -0.493620 1.157200 1.531800
v -0.535521 0.897300 1.531800
v -0.493620 0.897300 1.531800
v -0.535521 0.897300 1.567000
v -0.493620 0.897300 1.567000
v -0.535521 1.157200 1.567000
v -0.493620 1.157200 1.567000
v -0.514221 0.875200 2.177300
v -0.859321 0.875200 2.177300
v -0.514221 1.179100 2.177300
v -0.859321 1.179100 2.177300
v -0.514221 1.179100 2.711700
v -0.859321 1.179100 2.711700
v -0.514221 0.875200 2.711700
v -0.859321 0.875200 2.711700
v -0.859321 0.933700 2.218200
v -0.859321 0.933700 2.546900
v -0.859321 1.120600 2.546900
v -0.859321 1.120600 2.218200
v -0.864621 0.933700 2.218200
v -0.864621 0.933700 2.546900
v -0.864621 1.120600 2.546900
v -0.864621 1.120600 2.218200
v -0.836621 0.897300 2.574800
v -0.878520 0.897300 2.574800
v -0.836621 1.157200 2.574800
v -0.878520 1.157200 2.574800
v -0.836621 1.157200 2.610000
v -0.878520 1.157200 2.610000
v -0.836621 0.897300 2.610000
v -0.878520 0.897300 2.610000
v -0.836621 1.110700 2.684700
v -0.878520 1.110700 2.684700
v -0.836621 1.110700 2.617100
v -0.878520 1.110700 2.617100
v -0.836621 1.138299 2.617100
v -0.878520 1.138299 2.617100
v -0.836621 1.138299 2.684700
v -0.878520 1.138299 2.684700
v -0.535521 1.157200 2.631300
v -0.493620 1.157200 2.631300
v -0.535521 0.897300 2.631300
v -0.493620 0.897300 2.631300
v -0.535521 0.897300 2.666500
v -0.493620 0.897300 2.666500
v -0.535521 1.157200 2.666500
v -0.493620 1.157200 2.666500
v -0.535521 1.157200 2.503100
v -0.493620 1.157200 2.503100
v -0.535521 0.897300 2.503100
v -0.493620 0.897300 2.503100
v -0.535521 0.897300 2.538300
v -0.493620 0.897300 2.538300
v -0.535521 1.157200 2.538300
v -0.493620 1.157200 2.538300
v -0.535521 1.157200 2.228400
v -0.493620 1.157200 2.228400
v -0.535521 0.897300 2.228400
v -0.493620 0.897300 2.228400
v -0.535521 0.897300 2.263600
v -0.493620 0.897300 2.263600
v -0.535521 1.157200 2.263600
v -0.493620 1.157200 2.263600
v -0.535521 1.157200 2.365000
v -0.493620 1.157200 2.365000
v -0.535521 0.897300 2.365000
v -0.493620 0.897300 2.365000
v -0.535521 0.897300 2.400200
v -0.493620 0.897300 2.400200
v -0.535521 1.157200 2.400200
v -0.493620 1.157200 2.400200
v -1.294920 0.875200 1.344100
v -1.640021 0.875200 1.344100
v -1.294920 1.179100 1.344100
v -1.640021 1.179100 1.344100
v -1.294920 1.179100 1.878500
v -1.640021 1.179100 1.878500
v -1.294920 0.875200 1.878500
v -1.640021 0.875200 1.878500
v -1.640021 0.933700 1.385000
v -1.640021 0.933700 1.713700
v -1.640021 1.120600 1.713700
v -1.640021 1.120600 1.385000
v -1.645320 0.933700 1.385000
v -1.645320 0.933700 1.713700
v -1.645320 1.120600 1.713700
v -1.645320 1.120600 1.385000
v -1.617321 0.897300 1.741600
v -1.659221 0.897300 1.741600
v -1.617321 1.157200 1.741600
v -1.659221 1.157200 1.741600
v -1.617321 1.157200 1.776800
v -1.659221 1.157200 1.776800
v -1.617321 0.897300 1.776800
v -1.659221 0.897300 1.776800
v -1.617321 1.110700 1.851500
v -1.659221 1.110700 1.851500
v -1.617321 1.110700 1.783900
v -1.659221 1.110700 1.783900
v -1.617321 1.138300 1.783900
v -1.659221 1.138300 1.783900
v -1.617321 1.138300 1.851500
v -1.659221 1.138300 1.851500
v -1.316221 1.157200 1.798100
v -1.274321 1.157200 1.798100
v -1.316221 0.897300 1.798100
v -1.274321 0.897300 1.798100
v -1.316221 0.897300 1.833300
v -1.274321 0.897300 1.833300
v -1.316221 1.157200 1.833300
v -1.274321 1.157200 1.833300
v -1.316221 1.157200 1.669900
v -1.274321 1.157200 1.669900
v -1.316221 0.897300 1.669900
v -1.274321 0.897300 1.669900
v -1.316221 0.897300 1.705100
v -1.274321 0.897300 1.705100
v -1.316221 1.157200 1.705100
v -1.274321 1.157200 1.705100
v -1.316221 1.157200 1.395200
v -1.274321 1.157200 1.395200
v -1.316221 0.897300 1.395200
v -1.274321 0.897300 1.395200
v -1.316221 0.897300 1.430400
v -1.274321 0.897300 1.430400
v -1.316221 1.157200 1.430400
v -1.274321 1.157200 1.430400
v -1.316221 1.157200 1.531800
v -1.274321 1.157200 1.531800
v -1.316221 0.897300 1.531800
v -1.274321 0.897300 1.531800
v -1.316221 0.897300 1.567000
v -1.274321 0.897300 1.567000
v -1.316221 1.157200 1.567000
v -1.274321 1.157200 1.567000
v -1.294920 0.875200 2.177300
v -1.640021 0.875200 2.177300
v -1.294920 1.179100 2.177300
v -1.640021 1.179100 2.177300
v -1.294920 1.179100 2.711700
v -1.640021 1.179100 2.711700
v -1.294920 0.875200 2.711700
v -1.640021 0.875200 2.711700
v -1.640021 0.933700 2.218200
v -1.640021 0.933700 2.546900
v -1.640021 1.120600 2.546900
v -1.640021 1.120600 2.218200
v -1.645320 0.933700 2.218200
v -1.645320 0.933700 2.546900
v -1.645320 1.120600 2.546900
v -1.645320 1.120600 2.218200
v -1.617321 0.897300 2.574800
v -1.659221 0.897300 2.574800
v -1.617321 1.157200 2.574800
v -1.659221 1.157200 2.574800
v -1.617321 1.157200 2.610000
v -1.659221 1.157200 2.610000
v -1.617321 0.897300 2.610000
v -1.659221 0.897300 2.610000
v -1.617321 1.110700 2.684700
v -1.659221 1.110700 2.684700
v -1.617321 1.110700 2.617100
v -1.659221 1.110700 2.617100
v -1.617321 1.138299 2.617100
v -1.659221 1.138299 2.617100
v -1.617321 1.138299 2.684700
v -1.659221 1.138299 2.684700
v -1.316221 1.157200 2.631300
v -1.274321 1.157200 2.631300
v -1.316221 0.897300 2.631300
v -1.274321 0.897300 2.631300
v -1.316221 0.897300 2.666500
v -1.274321 0.897300 2.666500
v -1.316221 1.157200 2.666500
v -1.274321 1.157200 2.666500
v -1.316221 1.157200 2.503100
v -1.274321 1.157200 2.503100
v -1.316221 0.897300 2.503100
v -1.274321 0.897300 2.503100
v -1.316221 0.897300 2.538300
v -1.274321 0.897300 2.538300
v -1.316221 1.157200 2.538300
v -1.274321 1.157200 2.538300
v -1.316221 1.157200 2.228400
v -1.274321 1.157200 2.228400
v -1.316221 0.897300 2.228400
v -1.274321 0.897300 2.228400
v -1.316221 0.897300 2.263600
v -1.274321 0.897300 2.263600
v -1.316221 1.157200 2.263600
v -1.274321 1.157200 2.263600
v -1.316221 1.157200 2.365000
v -1.274321 1.157200 2.365000
v -1.316221 0.897300 2.365000
v -1.274321 0.897300 2.365000
v -1.316221 0.897300 2.400200
v -1.274321 0.897300 2.400200
v -1.316221 1.157200 2.400200
v -1.274321 1.157200 2.400200
v -0.514221 0.875200 1.344100
v -0.859321 0.875200 1.344100
v -0.514221 1.179100 1.344100
v -0.859321 1.179100 1.344100
v -0.514221 1.179100 1.878500
v -0.859321 1.179100 1.878500
v -0.514221 0.875200 1.878500
v -0.859321 0.875200 1.878500
v -0.859321 0.933700 1.385000
v -0.859321 0.933700 1.713700
v -0.859321 1.120600 1.713700
v -0.859321 1.120600 1.385000
v -0.864621 0.933700 1.385000
v -0.864621 0.933700 1.713700
v -0.864621 1.120600 1.713700
v -0.864621 1.120600 1.385000
v -0.836621 0.897300 1.741600
v -0.878520 0.897300 1.741600
v -0.836621 1.157200 1.741600
v -0.878520 1.157200 1.741600
v -0.836621 1.157200 1.776800
v -0.878520 1.157200 1.776800
v -0.836621 0.897300 1.776800
v -0.878520 0.897300 1.776800
v -0.836621 1.110700 1.851500
v -0.878520 1.110700 1.851500
v -0.836621 1.110700 1.783900
v -0.878520 1.110700 1.783900
v -0.836621 1.138300 1.783900
v -0.878520 1.138300 1.783900
v -0.836621 1.138300 1.851500
v -0.878520 1.138300 1.851500
v -0.535521 1.157200 1.798100
v -0.493620 1.157200 1.798100
v -0.535521 0.897300 1.798100
v -0.493620 0.897300 1.798100
v -0.535521 0.897300 1.833300
v -0.493620 0.897300 1.833300
v -0.535521 1.157200 1.833300
v -0.493620 1.157200 1.833300
v -0.535521 1.157200 1.669900
v -0.493620 1.157200 1.669900
v -0.535521 0.897300 1.669900
v -0.493620 0.897300 1.669900
v -0.535521 0.897300 1.705100
v -0.493620 0.897300 1.705100
v -0.535521 1.157200 1.705100
v -0.493620 1.157200 1.705100
v -0.535521 1.157200 1.395200
v -0.493620 1.157200 1.395200
v -0.535521 0.897300 1.395200
v -0.493620 0.897300 1.395200
v -0.535521 0.897300 1.430400
v -0.493620 0.897300 1.430400
v -0.535521 1.157200 1.430400
v -0.493620 1.157200 1.430400
v -0.535521 1.157200 1.531800
v -0.493620 1.157200 1.531800
v -0.535521 0.897300 1.531800
v -0.493620 0.897300 1.531800
v -0.535521 0.897300 1.567000
v -0.493620 0.897300 1.567000
v -0.535521 1.157200 1.567000
v -0.493620 1.157200 1.567000
v -0.514221 0.875200 2.177300
v -0.859321 0.875200 2.177300
v -0.514221 1.179100 2.177300
v -0.859321 1.179100 2.177300
v -0.514221 1.179100 2.711700
v -0.859321 1.179100 2.711700
v -0.514221 0.875200 2.711700
v -0.859321 0.875200 2.711700
v -0.859321 0.933700 2.218200
v -0.859321 0.933700 2.546900
v -0.859321 1.120600 2.546900
v -0.859321 1.120600 2.218200
v -0.864621 0.933700 2.218200
v -0.864621 0.933700 2.546900
v -0.864621 1.120600 2.546900
v -0.864621 1.120600 2.218200
v -0.836621 0.897300 2.574800
v -0.878520 0.897300 2.574800
v -0.836621 1.157200 2.574800
v -0.878520 1.157200 2.574800
v -0.836621 1.157200 2.610000
v -0.878520 1.157200 2.610000
v -0.836621 0.897300 2.610000
v -0.878520 0.897300 2.610000
v -0.836621 1.110700 2.684700
v -0.878520 1.110700 2.684700
v -0.836621 1.110700 2.617100
v -0.878520 1.110700 2.617100
v -0.836621 1.138299 2.617100
v -0.878520 1.138299 2.617100
v -0.836621 1.138299 2.684700
v -0.878520 1.138299 2.684700
v -0.535521 1.157200 2.631300
v -0.493620 1.157200 2.631300
v -0.535521 0.897300 2.631300
v -0.493620 0.897300 2.631300
v -0.535521 0.897300 2.666500
v -0.493620 0.897300 2.666500
v -0.535521 1.157200 2.666500
v -0.493620 1.157200 2.666500
v -0.535521 1.157200 2.503100
v -0.493620 1.157200 2.503100
v -0.535521 0.897300 2.503100
v -0.493620 0.897300 2.503100
v -0.535521 0.897300 2.538300
v -0.493620 0.897300 2.538300
v -0.535521 1.157200 2.538300
v -0.493620 1.157200 2.538300
v -0.535521 1.157200 2.228400
v -0.493620 1.157200 2.228400
v -0.535521 0.897300 2.228400
v -0.493620 0.897300 2.228400
v -0.535521 0.897300 2.263600
v -0.493620 0.897300 2.263600
v -0.535521 1.157200 2.263600
v -0.493620 1.157200 2.263600
v -0.535521 1.157200 2.365000
v -0.493620 1.157200 2.365000
v -0.535521 0.897300 2.365000
v -0.493620 0.897300 2.365000
v -0.535521 0.897300 2.400200
v -0.493620 0.897300 2.400200
v -0.535521 1.157200 2.400200
v -0.493620 1.157200 2.400200
v -1.294920 0.875199 3.384100
v -1.640021 0.875199 3.384100
v -1.294920 1.179099 3.384100
v -1.640021 1.179099 3.384100
v -1.294920 1.179099 3.918500
v -1.640021 1.179099 3.918500
v -1.294920 0.875199 3.918500
v -1.640021 0.875199 3.918500
v -1.640021 0.933699 3.425000
v -1.640021 0.933699 3.753700
v -1.640021 1.120599 3.753700
v -1.640021 1.120599 3.425000
v -1.645320 0.933699 3.425000
v -1.645320 0.933699 3.753700
v -1.645320 1.120599 3.753700
v -1.645320 1.120599 3.425000
v -1.617321 0.897299 3.781600
v -1.659221 0.897299 3.781600
v -1.617321 1.157199 3.781600
v -1.659221 1.157199 3.781600
v -1.617321 1.157199 3.816800
v -1.659221 1.157199 3.816800
v -1.617321 0.897299 3.816800
v -1.659221 0.897299 3.816800
v -1.617321 1.110699 3.891500
v -1.659221 1.110699 3.891500
v -1.617321 1.110699 3.823900
v -1.659221 1.110699 3.823900
v -1.617321 1.138299 3.823900
v -1.659221 1.138299 3.823900
v -1.617321 1.138299 3.891500
v -1.659221 1.138299 3.891500
v -1.316221 1.157199 3.838100
v -1.274321 1.157199 3.838100
v -1.316221 0.897299 3.838100
v -1.274321 0.897299 3.838100
v -1.316221 0.897299 3.873300
v -1.274321 0.897299 3.873300
v -1.316221 1.157199 3.873300
v -1.274321 1.157199 3.873300
v -1.316221 1.157199 3.709900
v -1.274321 1.157199 3.709900
v -1.316221 0.897299 3.709900
v -1.274321 0.897299 3.709900
v -1.316221 0.897299 3.745100
v -1.274321 0.897299 3.745100
v -1.316221 1.157199 3.745100
v -1.274321 1.157199 3.745100
v -1.316221 1.157199 3.435200
v -1.274321 1.157199 3.435200
v -1.316221 0.897299 3.435200
v -1.274321 0.897299 3.435200
v -1.316221 0.897299 3.470400
v -1.274321 0.897299 3.470400
v -1.316221 1.157199 3.470400
v -1.274321 1.157199 3.470400
v -1.316221 1.157199 3.571800
v -1.274321 1.157199 3.571800
v -1.316221 0.897299 3.571800
v -1.274321 0.897299 3.571800
v -1.316221 0.897299 3.607000
v -1.274321 0.897299 3.607000
v -1.316221 1.157199 3.607000
v -1.274321 1.157199 3.607000
v -1.294920 0.875199 4.217300
v -1.640021 0.875199 4.217300
v -1.294920 1.179099 4.217300
v -1.640021 1.179099 4.217300
v -1.294920 1.179099 4.751700
v -1.640021 1.179099 4.751700
v -1.294920 0.875199 4.751700
v -1.640021 0.875199 4.751700
v -1.640021 0.933699 4.258200
v -1.640021 0.933699 4.586900
v -1.640021 1.120599 4.586900
v -1.640021 1.120599 4.258200
v -1.645320 0.933699 4.258200
v -1.645320 0.933699 4.586900
v -1.645320 1.120599 4.586900
v -1.645320 1.120599 4.258200
v -1.617321 0.897299 4.614800
v -1.659221 0.897299 4.614800
v -1.617321 1.157199 4.614800
v -1.659221 1.157199 4.614800
v -1.617321 1.157199 4.650000
v -1.659221 1.157199 4.650000
v -1.617321 0.897299 4.650000
v -1.659221 0.897299 4.650000
v -1.617321 1.110699 4.724700
v -1.659221 1.110699 4.724700
v -1.617321 1.110699 4.657100
v -1.659221 1.110699 4.657100
v -1.617321 1.138299 4.657100
v -1.659221 1.138299 4.657100
v -1.617321 1.138299 4.724700
v -1.659221 1.138299 4.724700
v -1.316221 1.157199 4.671300
v -1.274321 1.157199 4.671300
v -1.316221 0.897299 4.671300
v -1.274321 0.897299 4.671300
v -1.316221 0.897299 4.706500
v -1.274321 0.897299 4.706500
v -1.316221 1.157199 4.706500
v -1.274321 1.157199 4.706500
v -1.316221 1.157199 4.543100
v -1.274321 1.157199 4.543100
v -1.316221 0.897299 4.543100
v -1.274321 0.897299 4.543100
v -1.316221 0.897299 4.578300
v -1.274321 0.897299 4.578300
v -1.316221 1.157199 4.578300
v -1.274321 1.157199 4.578300
v -1.316221 1.157199 4.268400
v -1.274321 1.157199 4.268400
v -1.316221 0.897299 4.268400
v -1.274321 0.897299 4.268400
v -1.316221 0.897299 4.303600
v -1.274321 0.897299 4.303600
v -1.316221 1.157199 4.303600
v -1.274321 1.157199 4.303600
v -1.316221 1.157199 4.405000
v -1.274321 1.157199 4.405000
v -1.316221 0.897299 4.405000
v -1.274321 0.897299 4.405000
v -1.316221 0.897299 4.440200
v -1.274321 0.897299 4.440200
v -1.316221 1.157199 4.440200
v -1.274321 1.157199 4.440200
v -0.514221 0.875199 3.384100
v -0.859321 0.875199 3.384100
v -0.514221 1.179099 3.384100
v -0.859321 1.179099 3.384100
v -0.514221 1.179099 3.918500
v -0.859321 1.179099 3.918500
v -0.514221 0.875199 3.918500
v -0.859321 0.875199 3.918500
v -0.859321 0.933699 3.425000
v -0.859321 0.933699 3.753700
v -0.859321 1.120599 3.753700
v -0.859321 1.120599 3.425000
v -0.864621 0.933699 3.425000
v -0.864621 0.933699 3.753700
v -0.864621 1.120599 3.753700
v -0.864621 1.120599 3.425000
v -0.836621 0.897299 3.781600
v -0.878520 0.897299 3.781600
v -0.836621 1.157199 3.781600
v -0.878520 1.157199 3.781600
v -0.836621 1.157199 3.816800
v -0.878520 1.157199 3.816800
v -0.836621 0.897299 3.816800
v -0.878520 0.897299 3.816800
v -0.836621 1.110699 3.891500
v -0.878520 1.110699 3.891500
v -0.836621 1.110699 3.823900
v -0.878520 1.110699 3.823900
v -0.836621 1.138299 3.823900
v -0.878520 1.138299 3.823900
v -0.836621 1.138299 3.891500
v -0.878520 1.138299 3.891500
v -0.535521 1.157199 3.838100
v -0.493620 1.157199 3.838100
v -0.535521 0.897299 3.838100
v -0.493620 0.897299 3.838100
v -0.535521 0.897299 3.873300
v -0.493620 0.897299 3.873300
v -0.535521 1.157199 3.873300
v -0.493620 1.157199 3.873300
v -0.535521 1.157199 3.709900
v -0.493620 1.157199 3.709900
v -0.535521 0.897299 3.709900
v -0.493620 0.897299 3.709900
v -0.535521 0.897299 3.745100
v -0.493620 0.897299 3.745100
v -0.535521 1.157199 3.745100
v -0.493620 1.157199 3.745100
v -0.535521 1.157199 3.435200
v -0.493620 1.157199 3.435200
v -0.535521 0.897299 3.435200
v -0.493620 0.897299 3.435200
v -0.535521 0.897299 3.470400
v -0.493620 0.897299 3.470400
v -0.535521 1.157199 3.470400
v -0.493620 1.157199 3.470400
v -0.535521 1.157199 3.571800
v -0.493620 1.157199 3.571800
v -0.535521 0.897299 3.571800
v -0.493620 0.897299 3.571800
v -0.535521 0.897299 3.607000
v -0.493620 0.897299 3.607000
v -0.535521 1.157199 3.607000
v -0.493620 1.157199 3.607000
v -0.514221 0.875199 4.217300
v -0.859321 0.875199 4.217300
v -0.514221 1.179099 4.217300
v -0.859321 1.179099 4.217300
v -0.514221 1.179099 4.751700
v -0.859321 1.179099 4.751700
v -0.514221 0.875199 4.751700
v -0.859321 0.875199 4.751700
v -0.859321 0.933699 4.258200
v -0.859321 0.933699 4.586900
v -0.859321 1.120599 4.586900
v -0.859321 1.120599 4.258200
v -0.864621 0.933699 4.258200
v -0.864621 0.933699 4.586900
v -0.864621 1.120599 4.586900
v -0.864621 1.120599 4.258200
v -0.836621 0.897299 4.614800
v -0.878520 0.897299 4.614800
v -0.836621 1.157199 4.614800
v -0.878520 1.157199 4.614800
v -0.836621 1.157199 4.650000
v -0.878520 1.157199 4.650000
v -0.836621 0.897299 4.650000
v -0.878520 0.897299 4.650000
v -0.836621 1.110699 4.724700
v -0.878520 1.110699 4.724700
v -0.836621 1.110699 4.657100
v -0.878520 1.110699 4.657100
v -0.836621 1.138299 4.657100
v -0.878520 1.138299 4.657100
v -0.836621 1.138299 4.724700
v -0.878520 1.138299 4.724700
v -0.535521 1.157199 4.671300
v -0.493620 1.157199 4.671300
v -0.535521 0.897299 4.671300
v -0.493620 0.897299 4.671300
v -0.535521 0.897299 4.706500
v -0.493620 0.897299 4.706500
v -0.535521 1.157199 4.706500
v -0.493620 1.157199 4.706500
v -0.535521 1.157199 4.543100
v -0.493620 1.157199 4.543100
v -0.535521 0.897299 4.543100
v -0.493620 0.897299 4.543100
v -0.535521 0.897299 4.578300
v -0.493620 0.897299 4.578300
v -0.535521 1.157199 4.578300
v -0.493620 1.157199 4.578300
v -0.535521 1.157199 4.268400
v -0.493620 1.157199 4.268400
v -0.535521 0.897299 4.268400
v -0.493620 0.897299 4.268400
v -0.535521 0.897299 4.303600
v -0.493620 0.897299 4.303600
v -0.535521 1.157199 4.303600
v -0.493620 1.157199 4.303600
v -0.535521 1.157199 4.405000
v -0.493620 1.157199 4.405000
v -0.535521 0.897299 4.405000
v -0.493620 0.897299 4.405000
v -0.535521 0.897299 4.440200
v -0.493620 0.897299 4.440200
v -0.535521 1.157199 4.440200
v -0.493620 1.157199 4.440200
v -1.294920 0.875199 3.384100
v -1.640021 0.875199 3.384100
v -1.294920 1.179099 3.384100
v -1.640021 1.179099 3.384100
v -1.294920 1.179099 3.918500
v -1.640021 1.179099 3.918500
v -1.294920 0.875199 3.918500
v -1.640021 0.875199 3.918500
v -1.640021 0.933699 3.425000
v -1.640021 0.933699 3.753700
v -1.640021 1.120599 3.753700
v -1.640021 1.120599 3.425000
v -1.645320 0.933699 3.425000
v -1.645320 0.933699 3.753700
v -1.645320 1.120599 3.753700
v -1.645320 1.120599 3.425000
v -1.617321 0.897299 3.781600
v -1.659221 0.897299 3.781600
v -1.617321 1.157199 3.781600
v -1.659221 1.157199 3.781600
v -1.617321 1.157199 3.816800
v -1.659221 1.157199 3.816800
v -1.617321 0.897299 3.816800
v -1.659221 0.897299 3.816800
v -1.617321 1.110699 3.891500
v -1.659221 1.110699 3.891500
v -1.617321 1.110699 3.823900
v -1.659221 1.110699 3.823900
v -1.617321 1.138299 3.823900
v -1.659221 1.138299 3.823900
v -1.617321 1.138299 3.891500
v -1.659221 1.138299 3.891500
v -1.316221 1.157199 3.838100
v -1.274321 1.157199 3.838100
v -1.316221 0.897299 3.838100
v -1.274321 0.897299 3.838100
v -1.316221 0.897299 3.873300
v -1.274321 0.897299 3.873300
v -1.316221 1.157199 3.873300
v -1.274321 1.157199 3.873300
v -1.316221 1.157199 3.709900
v -1.274321 1.157199 3.709900
v -1.316221 0.897299 3.709900
v -1.274321 0.897299 3.709900
v -1.316221 0.897299 3.745100
v -1.274321 0.897299 3.745100
v -1.316221 1.157199 3.745100
v -1.274321 1.157199 3.745100
v -1.316221 1.157199 3.435200
v -1.274321 1.157199 3.435200
v -1.316221 0.897299 3.435200
v -1.274321 0.897299 3.435200
v -1.316221 0.897299 3.470400
v -1.274321 0.897299 3.470400
v -1.316221 1.157199 3.470400
v -1.274321 1.157199 3.470400
v -1.316221 1.157199 3.571800
v -1.274321 1.157199 3.571800
v -1.316221 0.897299 3.571800
v -1.274321 0.897299 3.571800
v -1.316221 0.897299 3.607000
v -1.274321 0.897299 3.607000
v -1.316221 1.157199 3.607000
v -1.274321 1.157199 3.607000
v -1.294920 0.875199 4.217300
v -1.640021 0.875199 4.217300
v -1.294920 1.179099 4.217300
v -1.640021 1.179099 4.217300
v -1.294920 1.179099 4.751700
v -1.640021 1.179099 4.751700
v -1.294920 0.875199 4.751700
v -1.640021 0.875199 4.751700
v -1.640021 0.933699 4.258200
v -1.640021 0.933699 4.586900
v -1.640021 1.120599 4.586900
v -1.640021 1.120599 4.258200
v -1.645320 0.933699 4.258200
v -1.645320 0.933699 4.586900
v -1.645320 1.120599 4.586900
v -1.645320 1.120599 4.258200
v -1.617321 0.897299 4.614800
v -1.659221 0.897299 4.614800
v -1.617321 1.157199 4.614800
v -1.659221 1.157199 4.614800
v -1.617321 1.157199 4.650000
v -1.659221 1.157199 4.650000
v -1.617321 0.897299 4.650000
v -1.659221 0.897299 4.650000
v -1.617321 1.110699 4.724700
v -1.659221 1.110699 4.724700
v -1.617321 1.110699 4.657100
v -1.659221 1.110699 4.657100
v -1.617321 1.138299 4.657100
v -1.659221 1.138299 4.657100
v -1.617321 1.138299 4.724700
v -1.659221 1.138299 4.724700
v -1.316221 1.157199 4.671300
v -1.274321 1.157199 4.671300
v -1.316221 0.897299 4.671300
v -1.274321 0.897299 4.671300
v -1.316221 0.897299 4.706500
v -1.274321 0.897299 4.706500
v -1.316221 1.157199 4.706500
v -1.274321 1.157199 4.706500
v -1.316221 1.157199 4.543100
v -1.274321 1.157199 4.543100
v -1.316221 0.897299 4.543100
v -1.274321 0.897299 4.543100
v -1.316221 0.897299 4.578300
v -1.274321 0.897299 4.578300
v -1.316221 1.157199 4.578300
v -1.274321 1.157199 4.578300
v -1.316221 1.157199 4.268400
v -1.274321 1.157199 4.268400
v -1.316221 0.897299 4.268400
v -1.274321 0.897299 4.268400
v -1.316221 0.897299 4.303600
v -1.274321 0.897299 4.303600
v -1.316221 1.157199 4.303600
v -1.274321 1.157199 4.303600
v -1.316221 1.157199 4.405000
v -1.274321 1.157199 4.405000
v -1.316221 0.897299 4.405000
v -1.274321 0.897299 4.405000
v -1.316221 0.897299 4.440200
v -1.274321 0.897299 4.440200
v -1.316221 1.157199 4.440200
v -1.274321 1.157199 4.440200
v -0.514221 0.875199 3.384100
v -0.859321 0.875199 3.384100
v -0.514221 1.179099 3.384100
v -0.859321 1.179099 3.384100
v -0.514221 1.179099 3.918500
v -0.859321 1.179099 3.918500
v -0.514221 0.875199 3.918500
v -0.859321 0.875199 3.918500
v -0.859321 0.933699 3.425000
v -0.859321 0.933699 3.753700
v -0.859321 1.120599 3.753700
v -0.859321 1.120599 3.425000
v -0.864621 0.933699 3.425000
v -0.864621 0.933699 3.753700
v -0.864621 1.120599 3.753700
v -0.864621 1.120599 3.425000
v -0.836621 0.897299 3.781600
v -0.878520 0.897299 3.781600
v -0.836621 1.157199 3.781600
v -0.878520 1.157199 3.781600
v -0.836621 1.157199 3.816800
v -0.878520 1.157199 3.816800
v -0.836621 0.897299 3.816800
v -0.878520 0.897299 3.816800
v -0.836621 1.110699 3.891500
v -0.878520 1.110699 3.891500
v -0.836621 1.110699 3.823900
v -0.878520 1.110699 3.823900
v -0.836621 1.138299 3.823900
v -0.878520 1.138299 3.823900
v -0.836621 1.138299 3.891500
v -0.878520 1.138299 3.891500
v -0.535521 1.157199 3.838100
v -0.493620 1.157199 3.838100
v -0.535521 0.897299 3.838100
v -0.493620 0.897299 3.838100
v -0.535521 0.897299 3.873300
v -0.493620 0.897299 3.873300
v -0.535521 1.157199 3.873300
v -0.493620 1.157199 3.873300
v -0.535521 1.157199 3.709900
v -0.493620 1.157199 3.709900
v -0.535521 0.897299 3.709900
v -0.493620 0.897299 3.709900
v -0.535521 0.897299 3.745100
v -0.493620 0.897299 3.745100
v -0.535521 1.157199 3.745100
v -0.493620 1.157199 3.745100
v -0.535521 1.157199 3.435200
v -0.493620 1.157199 3.435200
v -0.535521 0.897299 3.435200
v -0.493620 0.897299 3.435200
v -0.535521 0.897299 3.470400
v -0.493620 0.897299 3.470400
v -0.535521 1.157199 3.470400
v -0.493620 1.157199 3.470400
v -0.535521 1.157199 3.571800
v -0.493620 1.157199 3.571800
v -0.535521 0.897299 3.571800
v -0.493620 0.897299 3.571800
v -0.535521 0.897299 3.607000
v -0.493620 0.897299 3.607000
v -0.535521 1.157199 3.607000
v -0.493620 1.157199 3.607000
v -0.514221 0.875199 4.217300
v -0.859321 0.875199 4.217300
v -0.514221 1.179099 4.217300
v -0.859321 1.179099 4.217300
v -0.514221 1.179099 4.751700
v -0.859321 1.179099 4.751700
v -0.514221 0.875199 4.751700
v -0.859321 0.875199 4.751700
v -0.859321 0.933699 4.258200
v -0.859321 0.933699 4.586900
v -0.859321 1.120599 4.586900
v -0.859321 1.120599 4.258200
v -0.864621 0.933699 4.258200
v -0.864621 0.933699 4.586900
v -0.864621 1.120599 4.586900
v -0.864621 1.120599 4.258200
v -0.836621 0.897299 4.614800
v -0.878520 0.897299 4.614800
v -0.836621 1.157199 4.614800
v -0.878520 1.157199 4.614800
v -0.836621 1.157199 4.650000
v -0.878520 1.157199 4.650000
v -0.836621 0.897299 4.650000
v -0.878520 0.897299 4.650000
v -0.836621 1.110699 4.724700
v -0.878520 1.110699 4.724700
v -0.836621 1.110699 4.657100
v -0.878520 1.110699 4.657100
v -0.836621 1.138299 4.657100
v -0.878520 1.138299 4.657100
v -0.836621 1.138299 4.724700
v -0.878520 1.138299 4.724700
v -0.535521 1.157199 4.671300
v -0.493620 1.157199 4.671300
v -0.535521 0.897299 4.671300
v -0.493620 0.897299 4.671300
v -0.535521 0.897299 4.706500
v -0.493620 0.897299 4.706500
v -0.535521 1.157199 4.706500
v -0.493620 1.157199 4.706500
v -0.535521 1.157199 4.543100
v -0.493620 1.157199 4.543100
v -0.535521 0.897299 4.543100
v -0.493620 0.897299 4.543100
v -0.535521 0.897299 4.578300
v -0.493620 0.897299 4.578300
v -0.535521 1.157199 4.578300
v -0.493620 1.157199 4.578300
v -0.535521 1.157199 4.268400
v -0.493620 1.157199 4.268400
v -0.535521 0.897299 4.268400
v -0.493620 0.897299 4.268400
v -0.535521 0.897299 4.303600
v -0.493620 0.897299 4.303600
v -0.535521 1.157199 4.303600
v -0.493620 1.157199 4.303600
v -0.535521 1.157199 4.405000
v -0.493620 1.157199 4.405000
v -0.535521 0.897299 4.405000
v -0.493620 0.897299 4.405000
v -0.535521 0.897299 4.440200
v -0.493620 0.897299 4.440200
v -0.535521 1.157199 4.440200
v -0.493620 1.157199 4.440200
v -1.294920 -0.025101 3.384100
v -1.640021 -0.025101 3.384100
v -1.294920 0.278799 3.384100
v -1.640021 0.278799 3.384100
v -1.294920 0.278799 3.918500
v -1.640021 0.278799 3.918500
v -1.294920 -0.025101 3.918500
v -1.640021 -0.025101 3.918500
v -1.640021 0.033399 3.425000
v -1.640021 0.033399 3.753700
v -1.640021 0.220299 3.753700
v -1.640021 0.220299 3.425000
v -1.645320 0.033399 3.425000
v -1.645320 0.033399 3.753700
v -1.645320 0.220299 3.753700
v -1.645320 0.220299 3.425000
v -1.617321 -0.003001 3.781600
v -1.659221 -0.003001 3.781600
v -1.617321 0.256899 3.781600
v -1.659221 0.256899 3.781600
v -1.617321 0.256899 3.816800
v -1.659221 0.256899 3.816800
v -1.617321 -0.003001 3.816800
v -1.659221 -0.003001 3.816800
v -1.617321 0.210399 3.891500
v -1.659221 0.210399 3.891500
v -1.617321 0.210399 3.823900
v -1.659221 0.210399 3.823900
v -1.617321 0.237999 3.823900
v -1.659221 0.237999 3.823900
v -1.617321 0.237999 3.891500
v -1.659221 0.237999 3.891500
v -1.316221 0.256899 3.838100
v -1.274321 0.256899 3.838100
v -1.316221 -0.003001 3.838100
v -1.274321 -0.003001 3.838100
v -1.316221 -0.003001 3.873300
v -1.274321 -0.003001 3.873300
v -1.316221 0.256899 3.873300
v -1.274321 0.256899 3.873300
v -1.316221 0.256899 3.709900
v -1.274321 0.256899 3.709900
v -1.316221 -0.003001 3.709900
v -1.274321 -0.003001 3.709900
v -1.316221 -0.003001 3.745100
v -1.274321 -0.003001 3.745100
v -1.316221 0.256899 3.745100
v -1.274321 0.256899 3.745100
v -1.316221 0.256899 3.435200
v -1.274321 0.256899 3.435200
v -1.316221 -0.003001 3.435200
v -1.274321 -0.003001 3.435200
v -1.316221 -0.003001 3.470400
v -1.274321 -0.003001 3.470400
v -1.316221 0.256899 3.470400
v -1.274321 0.256899 3.470400
v -1.316221 0.256899 3.571800
v -1.274321 0.256899 3.571800
v -1.316221 -0.003001 3.571800
v -1.274321 -0.003001 3.571800
v -1.316221 -0.003001 3.607000
v -1.274321 -0.003001 3.607000
v -1.316221 0.256899 3.607000
v -1.274321 0.256899 3.607000
v -1.294920 -0.025101 4.217300
v -1.640021 -0.025101 4.217300
v -1.294920 0.278799 4.217300
v -1.640021 0.278799 4.217300
v -1.294920 0.278799 4.751700
v -1.640021 0.278799 4.751700
v -1.294920 -0.025101 4.751700
v -1.640021 -0.025101 4.751700
v -1.640021 0.033399 4.258200
v -1.640021 0.033399 4.586900
v -1.640021 0.220299 4.586900
v -1.640021 0.220299 4.258200
v -1.645320 0.033399 4.258200
v -1.645320 0.033399 4.586900
v -1.645320 0.220299 4.586900
v -1.645320 0.220299 4.258200
v -1.617321 -0.003001 4.614800
v -1.659221 -0.003001 4.614800
v -1.617321 0.256899 4.614800
v -1.659221 0.256899 4.614800
v -1.617321 0.256899 4.650000
v -1.659221 0.256899 4.650000
v -1.617321 -0.003001 4.650000
v -1.659221 -0.003001 4.650000
v -1.617321 0.210399 4.724700
v -1.659221 0.210399 4.724700
v -1.617321 0.210399 4.657100
v -1.659221 0.210399 4.657100
v -1.617321 0.237999 4.657100
v -1.659221 0.237999 4.657100
v -1.617321 0.237999 4.724700
v -1.659221 0.237999 4.724700
v -1.316221 0.256899 4.671300
v -1.274321 0.256899 4.671300
v -1.316221 -0.003001 4.671300
v -1.274321 -0.003001 4.671300
v -1.316221 -0.003001 4.706500
v -1.274321 -0.003001 4.706500
v -1.316221 0.256899 4.706500
v -1.274321 0.256899 4.706500
v -1.316221 0.256899 4.543100
v -1.274321 0.256899 4.543100
v -1.316221 -0.003001 4.543100
v -1.274321 -0.003001 4.543100
v -1.316221 -0.003001 4.578300
v -1.274321 -0.003001 4.578300
v -1.316221 0.256899 4.578300
v -1.274321 0.256899 4.578300
v -1.316221 0.256899 4.268400
v -1.274321 0.256899 4.268400
v -1.316221 -0.003001 4.268400
v -1.274321 -0.003001 4.268400
v -1.316221 -0.003001 4.303600
v -1.274321 -0.003001 4.303600
v -1.316221 0.256899 4.303600
v -1.274321 0.256899 4.303600
v -1.316221 0.256899 4.405000
v -1.274321 0.256899 4.405000
v -1.316221 -0.003001 4.405000
v -1.274321 -0.003001 4.405000
v -1.316221 -0.003001 4.440200
v -1.274321 -0.003001 4.440200
v -1.316221 0.256899 4.440200
v -1.274321 0.256899 4.440200
v -0.514221 -0.025101 3.384100
v -0.859321 -0.025101 3.384100
v -0.514221 0.278799 3.384100
v -0.859321 0.278799 3.384100
v -0.514221 0.278799 3.918500
v -0.859321 0.278799 3.918500
v -0.514221 -0.025101 3.918500
v -0.859321 -0.025101 3.918500
v -0.859321 0.033399 3.425000
v -0.859321 0.033399 3.753700
v -0.859321 0.220299 3.753700
v -0.859321 0.220299 3.425000
v -0.864621 0.033399 3.425000
v -0.864621 0.033399 3.753700
v -0.864621 0.220299 3.753700
v -0.864621 0.220299 3.425000
v -0.836621 -0.003001 3.781600
v -0.878520 -0.003001 3.781600
v -0.836621 0.256899 3.781600
v -0.878520 0.256899 3.781600
v -0.836621 0.256899 3.816800
v -0.878520 0.256899 3.816800
v -0.836621 -0.003001 3.816800
v -0.878520 -0.003001 3.816800
v -0.836621 0.210399 3.891500
v -0.878520 0.210399 3.891500
v -0.836621 0.210399 3.823900
v -0.878520 0.210399 3.823900
v -0.836621 0.237999 3.823900
v -0.878520 0.237999 3.823900
v -0.836621 0.237999 3.891500
v -0.878520 0.237999 3.891500
v -0.535521 0.256899 3.838100
v -0.493620 0.256899 3.838100
v -0.535521 -0.003001 3.838100
v -0.493620 -0.003001 3.838100
v -0.535521 -0.003001 3.873300
v -0.493620 -0.003001 3.873300
v -0.535521 0.256899 3.873300
v -0.493620 0.256899 3.873300
v -0.535521 0.256899 3.709900
v -0.493620 0.256899 3.709900
v -0.535521 -0.003001 3.709900
v -0.493620 -0.003001 3.709900
v -0.535521 -0.003001 3.745100
v -0.493620 -0.003001 3.745100
v -0.535521 0.256899 3.745100
v -0.493620 0.256899 3.745100
v -0.535521 0.256899 3.435200
v -0.493620 0.256899 3.435200
v -0.535521 -0.003001 3.435200
v -0.493620 -0.003001 3.435200
v -0.535521 -0.003001 3.470400
v -0.493620 -0.003001 3.470400
v -0.535521 0.256899 3.470400
v -0.493620 0.256899 3.470400
v -0.535521 0.256899 3.571800
v -0.493620 0.256899 3.571800
v -0.535521 -0.003001 3.571800
v -0.493620 -0.003001 3.571800
v -0.535521 -0.003001 3.607000
v -0.493620 -0.003001 3.607000
v -0.535521 0.256899 3.607000
v -0.493620 0.256899 3.607000
v -0.514221 -0.025101 4.217300
v -0.859321 -0.025101 4.217300
v -0.514221 0.278799 4.217300
v -0.859321 0.278799 4.217300
v -0.514221 0.278799 4.751700
v -0.859321 0.278799 4.751700
v -0.514221 -0.025101 4.751700
v -0.859321 -0.025101 4.751700
v -0.859321 0.033399 4.258200
v -0.859321 0.033399 4.586900
v -0.859321 0.220299 4.586900
v -0.859321 0.220299 4.258200
v -0.864621 0.033399 4.258200
v -0.864621 0.033399 4.586900
v -0.864621 0.220299 4.586900
v -0.864621 0.220299 4.258200
v -0.836621 -0.003001 4.614800
v -0.878520 -0.003001 4.614800
v -0.836621 0.256899 4.614800
v -0.878520 0.256899 4.614800
v -0.836621 0.256899 4.650000
v -0.878520 0.256899 4.650000
v -0.836621 -0.003001 4.650000
v -0.878520 -0.003001 4.650000
v -0.836621 0.210399 4.724700
v -0.878520 0.210399 4.724700
v -0.836621 0.210399 4.657100
v -0.878520 0.210399 4.657100
v -0.836621 0.237999 4.657100
v -0.878520 0.237999 4.657100
v -0.836621 0.237999 4.724700
v -0.878520 0.237999 4.724700
v -0.535521 0.256899 4.671300
v -0.493620 0.256899 4.671300
v -0.535521 -0.003001 4.671300
v -0.493620 -0.003001 4.671300
v -0.535521 -0.003001 4.706500
v -0.493620 -0.003001 4.706500
v -0.535521 0.256899 4.706500
v -0.493620 0.256899 4.706500
v -0.535521 0.256899 4.543100
v -0.493620 0.256899 4.543100
v -0.535521 -0.003001 4.543100
v -0.493620 -0.003001 4.543100
v -0.535521 -0.003001 4.578300
v -0.493620 -0.003001 4.578300
v -0.535521 0.256899 4.578300
v -0.493620 0.256899 4.578300
v -0.535521 0.256899 4.268400
v -0.493620 0.256899 4.268400
v -0.535521 -0.003001 4.268400
v -0.493620 -0.003001 4.268400
v -0.535521 -0.003001 4.303600
v -0.493620 -0.003001 4.303600
v -0.535521 0.256899 4.303600
v -0.493620 0.256899 4.303600
v -0.535521 0.256899 4.405000
v -0.493620 0.256899 4.405000
v -0.535521 -0.003001 4.405000
v -0.493620 -0.003001 4.405000
v -0.535521 -0.003001 4.440200
v -0.493620 -0.003001 4.440200
v -0.535521 0.256899 4.440200
v -0.493620 0.256899 4.440200
v -1.294920 -0.025101 3.384100
v -1.640021 -0.025101 3.384100
v -1.294920 0.278799 3.384100
v -1.640021 0.278799 3.384100
v -1.294920 0.278799 3.918500
v -1.640021 0.278799 3.918500
v -1.294920 -0.025101 3.918500
v -1.640021 -0.025101 3.918500
v -1.640021 0.033399 3.425000
v -1.640021 0.033399 3.753700
v -1.640021 0.220299 3.753700
v -1.640021 0.220299 3.425000
v -1.645320 0.033399 3.425000
v -1.645320 0.033399 3.753700
v -1.645320 0.220299 3.753700
v -1.645320 0.220299 3.425000
v -1.617321 -0.003001 3.781600
v -1.659221 -0.003001 3.781600
v -1.617321 0.256899 3.781600
v -1.659221 0.256899 3.781600
v -1.617321 0.256899 3.816800
v -1.659221 0.256899 3.816800
v -1.617321 -0.003001 3.816800
v -1.659221 -0.003001 3.816800
v -1.617321 0.210399 3.891500
v -1.659221 0.210399 3.891500
v -1.617321 0.210399 3.823900
v -1.659221 0.210399 3.823900
v -1.617321 0.237999 3.823900
v -1.659221 0.237999 3.823900
v -1.617321 0.237999 3.891500
v -1.659221 0.237999 3.891500
v -1.316221 0.256899 3.838100
v -1.274321 0.256899 3.838100
v -1.316221 -0.003001 3.838100
v -1.274321 -0.003001 3.838100
v -1.316221 -0.003001 3.873300
v -1.274321 -0.003001 3.873300
v -1.316221 0.256899 3.873300
v -1.274321 0.256899 3.873300
v -1.316221 0.256899 3.709900
v -1.274321 0.256899 3.709900
v -1.316221 -0.003001 3.709900
v -1.274321 -0.003001 3.709900
v -1.316221 -0.003001 3.745100
v -1.274321 -0.003001 3.745100
v -1.316221 0.256899 3.745100
v -1.274321 0.256899 3.745100
v -1.316221 0.256899 3.435200
v -1.274321 0.256899 3.435200
v -1.316221 -0.003001 3.435200
v -1.274321 -0.003001 3.435200
v -1.316221 -0.003001 3.470400
v -1.274321 -0.003001 3.470400
v -1.316221 0.256899 3.470400
v -1.274321 0.256899 3.470400
v -1.316221 0.256899 3.571800
v -1.274321 0.256899 3.571800
v -1.316221 -0.003001 3.571800
v -1.274321 -0.003001 3.571800
v -1.316221 -0.003001 3.607000
v -1.274321 -0.003001 3.607000
v -1.316221 0.256899 3.607000
v -1.274321 0.256899 3.607000
v -1.294920 -0.025101 4.217300
v -1.640021 -0.025101 4.217300
v -1.294920 0.278799 4.217300
v -1.640021 0.278799 4.217300
v -1.294920 0.278799 4.751700
v -1.640021 0.278799 4.751700
v -1.294920 -0.025101 4.751700
v -1.640021 -0.025101 4.751700
v -1.640021 0.033399 4.258200
v -1.640021 0.033399 4.586900
v -1.640021 0.220299 4.586900
v -1.640021 0.220299 4.258200
v -1.645320 0.033399 4.258200
v -1.645320 0.033399 4.586900
v -1.645320 0.220299 4.586900
v -1.645320 0.220299 4.258200
v -1.617321 -0.003001 4.614800
v -1.659221 -0.003001 4.614800
v -1.617321 0.256899 4.614800
v -1.659221 0.256899 4.614800
v -1.617321 0.256899 4.650000
v -1.659221 0.256899 4.650000
v -1.617321 -0.003001 4.650000
v -1.659221 -0.003001 4.650000
v -1.617321 0.210399 4.724700
v -1.659221 0.210399 4.724700
v -1.617321 0.210399 4.657100
v -1.659221 0.210399 4.657100
v -1.617321 0.237999 4.657100
v -1.659221 0.237999 4.657100
v -1.617321 0.237999 4.724700
v -1.659221 0.237999 4.724700
v -1.316221 0.256899 4.671300
v -1.274321 0.256899 4.671300
v -1.316221 -0.003001 4.671300
v -1.274321 -0.003001 4.671300
v -1.316221 -0.003001 4.706500
v -1.274321 -0.003001 4.706500
v -1.316221 0.256899 4.706500
v -1.274321 0.256899 4.706500
v -1.316221 0.256899 4.543100
v -1.274321 0.256899 4.543100
v -1.316221 -0.003001 4.543100
v -1.274321 -0.003001 4.543100
v -1.316221 -0.003001 4.578300
v -1.274321 -0.003001 4.578300
v -1.316221 0.256899 4.578300
v -1.274321 0.256899 4.578300
v -1.316221 0.256899 4.268400
v -1.274321 0.256899 4.268400
v -1.316221 -0.003001 4.268400
v -1.274321 -0.003001 4.268400
v -1.316221 -0.003001 4.303600
v -1.274321 -0.003001 4.303600
v -1.316221 0.256899 4.303600
v -1.274321 0.256899 4.303600
v -1.316221 0.256899 4.405000
v -1.274321 0.256899 4.405000
v -1.316221 -0.003001 4.405000
v -1.274321 -0.003001 4.405000
v -1.316221 -0.003001 4.440200
v -1.274321 -0.003001 4.440200
v -1.316221 0.256899 4.440200
v -1.274321 0.256899 4.440200
v -0.514221 -0.025101 3.384100
v -0.859321 -0.025101 3.384100
v -0.514221 0.278799 3.384100
v -0.859321 0.278799 3.384100
v -0.514221 0.278799 3.918500
v -0.859321 0.278799 3.918500
v -0.514221 -0.025101 3.918500
v -0.859321 -0.025101 3.918500
v -0.859321 0.033399 3.425000
v -0.859321 0.033399 3.753700
v -0.859321 0.220299 3.753700
v -0.859321 0.220299 3.425000
v -0.864621 0.033399 3.425000
v -0.864621 0.033399 3.753700
v -0.864621 0.220299 3.753700
v -0.864621 0.220299 3.425000
v -0.836621 -0.003001 3.781600
v -0.878520 -0.003001 3.781600
v -0.836621 0.256899 3.781600
v -0.878520 0.256899 3.781600
v -0.836621 0.256899 3.816800
v -0.878520 0.256899 3.816800
v -0.836621 -0.003001 3.816800
v -0.878520 -0.003001 3.816800
v -0.836621 0.210399 3.891500
v -0.878520 0.210399 3.891500
v -0.836621 0.210399 3.823900
v -0.878520 0.210399 3.823900
v -0.836621 0.237999 3.823900
v -0.878520 0.237999 3.823900
v -0.836621 0.237999 3.891500
v -0.878520 0.237999 3.891500
v -0.535521 0.256899 3.838100
v -0.493620 0.256899 3.838100
v -0.535521 -0.003001 3.838100
v -0.493620 -0.003001 3.838100
v -0.535521 -0.003001 3.873300
v -0.493620 -0.003001 3.873300
v -0.535521 0.256899 3.873300
v -0.493620 0.256899 3.873300
v -0.535521 0.256899 3.709900
v -0.493620 0.256899 3.709900
v -0.535521 -0.003001 3.709900
v -0.493620 -0.003001 3.709900
v -0.535521 -0.003001 3.745100
v -0.493620 -0.003001 3.745100
v -0.535521 0.256899 3.745100
v -0.493620 0.256899 3.745100
v -0.535521 0.256899 3.435200
v -0.493620 0.256899 3.435200
v -0.535521 -0.003001 3.435200
v -0.493620 -0.003001 3.435200
v -0.535521 -0.003001 3.470400
v -0.493620 -0.003001 3.470400
v -0.535521 0.256899 3.470400
v -0.493620 0.256899 3.470400
v -0.535521 0.256899 3.571800
v -0.493620 0.256899 3.571800
v -0.535521 -0.003001 3.571800
v -0.493620 -0.003001 3.571800
v -0.535521 -0.003001 3.607000
v -0.493620 -0.003001 3.607000
v -0.535521 0.256899 3.607000
v -0.493620 0.256899 3.607000
v -0.514221 -0.025101 4.217300
v -0.859321 -0.025101 4.217300
v -0.514221 0.278799 4.217300
v -0.859321 0.278799 4.217300
v -0.514221 0.278799 4.751700
v -0.859321 0.278799 4.751700
v -0.514221 -0.025101 4.751700
v -0.859321 -0.025101 4.751700
v -0.859321 0.033399 4.258200
v -0.859321 0.033399 4.586900
v -0.859321 0.220299 4.586900
v -0.859321 0.220299 4.258200
v -0.864621 0.033399 4.258200
v -0.864621 0.033399 4.586900
v -0.864621 0.220299 4.586900
v -0.864621 0.220299 4.258200
v -0.836621 -0.003001 4.614800
v -0.878520 -0.003001 4.614800
v -0.836621 0.256899 4.614800
v -0.878520 0.256899 4.614800
v -0.836621 0.256899 4.650000
v -0.878520 0.256899 4.650000
v -0.836621 -0.003001 4.650000
v -0.878520 -0.003001 4.650000
v -0.836621 0.210399 4.724700
v -0.878520 0.210399 4.724700
v -0.836621 0.210399 4.657100
v -0.878520 0.210399 4.657100
v -0.836621 0.237999 4.657100
v -0.878520 0.237999 4.657100
v -0.836621 0.237999 4.724700
v -0.878520 0.237999 4.724700
v -0.535521 0.256899 4.671300
v -0.493620 0.256899 4.671300
v -0.535521 -0.003001 4.671300
v -0.493620 -0.003001 4.671300
v -0.535521 -0.003001 4.706500
v -0.493620 -0.003001 4.706500
v -0.535521 0.256899 4.706500
v -0.493620 0.256899 4.706500
v -0.535521 0.256899 4.543100
v -0.493620 0.256899 4.543100
v -0.535521 -0.003001 4.543100
v -0.493620 -0.003001 4.543100
v -0.535521 -0.003001 4.578300
v -0.493620 -0.003001 4.578300
v -0.535521 0.256899 4.578300
v -0.493620 0.256899 4.578300
v -0.535521 0.256899 4.268400
v -0.493620 0.256899 4.268400
v -0.535521 -0.003001 4.268400
v -0.493620 -0.003001 4.268400
v -0.535521 -0.003001 4.303600
v -0.493620 -0.003001 4.303600
v -0.535521 0.256899 4.303600
v -0.493620 0.256899 4.303600
v -0.535521 0.256899 4.405000
v -0.493620 0.256899 4.405000
v -0.535521 -0.003001 4.405000
v -0.493620 -0.003001 4.405000
v -0.535521 -0.003001 4.440200
v -0.493620 -0.003001 4.440200
v -0.535521 0.256899 4.440200
v -0.493620 0.256899 4.440200
v -1.294920 -0.955701 3.384100
v -1.640021 -0.955701 3.384100
v -1.294920 -0.651801 3.384100
v -1.640021 -0.651801 3.384100
v -1.294920 -0.651801 3.918500
v -1.640021 -0.651801 3.918500
v -1.294920 -0.955701 3.918500
v -1.640021 -0.955701 3.918500
v -1.640021 -0.897201 3.425000
v -1.640021 -0.897201 3.753700
v -1.640021 -0.710301 3.753700
v -1.640021 -0.710301 3.425000
v -1.645320 -0.897201 3.425000
v -1.645320 -0.897201 3.753700
v -1.645320 -0.710301 3.753700
v -1.645320 -0.710301 3.425000
v -1.617321 -0.933600 3.781600
v -1.659221 -0.933600 3.781600
v -1.617321 -0.673701 3.781600
v -1.659221 -0.673701 3.781600
v -1.617321 -0.673701 3.816800
v -1.659221 -0.673701 3.816800
v -1.617321 -0.933600 3.816800
v -1.659221 -0.933600 3.816800
v -1.617321 -0.720201 3.891500
v -1.659221 -0.720201 3.891500
v -1.617321 -0.720201 3.823900
v -1.659221 -0.720201 3.823900
v -1.617321 -0.692601 3.823900
v -1.659221 -0.692601 3.823900
v -1.617321 -0.692601 3.891500
v -1.659221 -0.692601 3.891500
v -1.316221 -0.673701 3.838100
v -1.274321 -0.673701 3.838100
v -1.316221 -0.933600 3.838100
v -1.274321 -0.933600 3.838100
v -1.316221 -0.933601 3.873300
v -1.274321 -0.933601 3.873300
v -1.316221 -0.673701 3.873300
v -1.274321 -0.673701 3.873300
v -1.316221 -0.673701 3.709900
v -1.274321 -0.673701 3.709900
v -1.316221 -0.933600 3.709900
v -1.274321 -0.933600 3.709900
v -1.316221 -0.933600 3.745100
v -1.274321 -0.933600 3.745100
v -1.316221 -0.673701 3.745100
v -1.274321 -0.673701 3.745100
v -1.316221 -0.673701 3.435200
v -1.274321 -0.673701 3.435200
v -1.316221 -0.933600 3.435200
v -1.274321 -0.933600 3.435200
v -1.316221 -0.933600 3.470400
v -1.274321 -0.933600 3.470400
v -1.316221 -0.673701 3.470400
v -1.274321 -0.673701 3.470400
v -1.316221 -0.673701 3.571800
v -1.274321 -0.673701 3.571800
v -1.316221 -0.933600 3.571800
v -1.274321 -0.933600 3.571800
v -1.316221 -0.933600 3.607000
v -1.274321 -0.933600 3.607000
v -1.316221 -0.673701 3.607000
v -1.274321 -0.673701 3.607000
v -1.294920 -0.955701 4.217300
v -1.640021 -0.955701 4.217300
v -1.294920 -0.651801 4.217300
v -1.640021 -0.651801 4.217300
v -1.294920 -0.651801 4.751700
v -1.640021 -0.651801 4.751700
v -1.294920 -0.955701 4.751700
v -1.640021 -0.955701 4.751700
v -1.640021 -0.897201 4.258200
v -1.640021 -0.897201 4.586900
v -1.640021 -0.710301 4.586900
v -1.640021 -0.710301 4.258200
v -1.645320 -0.897201 4.258200
v -1.645320 -0.897201 4.586900
v -1.645320 -0.710301 4.586900
v -1.645320 -0.710301 4.258200
v -1.617321 -0.933601 4.614800
v -1.659221 -0.933601 4.614800
v -1.617321 -0.673701 4.614800
v -1.659221 -0.673701 4.614800
v -1.617321 -0.673701 4.650000
v -1.659221 -0.673701 4.650000
v -1.617321 -0.933601 4.650000
v -1.659221 -0.933601 4.650000
v -1.617321 -0.720201 4.724700
v -1.659221 -0.720201 4.724700
v -1.617321 -0.720201 4.657100
v -1.659221 -0.720201 4.657100
v -1.617321 -0.692601 4.657100
v -1.659221 -0.692601 4.657100
v -1.617321 -0.692601 4.724700
v -1.659221 -0.692601 4.724700
v -1.316221 -0.673701 4.671300
v -1.274321 -0.673701 4.671300
v -1.316221 -0.933601 4.671300
v -1.274321 -0.933601 4.671300
v -1.316221 -0.933601 4.706500
v -1.274321 -0.933601 4.706500
v -1.316221 -0.673701 4.706500
v -1.274321 -0.673701 4.706500
v -1.316221 -0.673701 4.543100
v -1.274321 -0.673701 4.543100
v -1.316221 -0.933601 4.543100
v -1.274321 -0.933601 4.543100
v -1.316221 -0.933601 4.578300
v -1.274321 -0.933601 4.578300
v -1.316221 -0.673701 4.578300
v -1.274321 -0.673701 4.578300
v -1.316221 -0.673701 4.268400
v -1.274321 -0.673701 4.268400
v -1.316221 -0.933601 4.268400
v -1.274321 -0.933601 4.268400
v -1.316221 -0.933601 4.303600
v -1.274321 -0.933601 4.303600
v -1.316221 -0.673701 4.303600
v -1.274321 -0.673701 4.303600
v -1.316221 -0.673701 4.405000
v -1.274321 -0.673701 4.405000
v -1.316221 -0.933601 4.405000
v -1.274321 -0.933601 4.405000
v -1.316221 -0.933601 4.440200
v -1.274321 -0.933601 4.440200
v -1.316221 -0.673701 4.440200
v -1.274321 -0.673701 4.440200
v -0.514221 -0.955701 3.384100
v -0.859321 -0.955701 3.384100
v -0.514221 -0.651801 3.384100
v -0.859321 -0.651801 3.384100
v -0.514221 -0.651801 3.918500
v -0.859321 -0.651801 3.918500
v -0.514221 -0.955701 3.918500
v -0.859321 -0.955701 3.918500
v -0.859321 -0.897201 3.425000
v -0.859321 -0.897201 3.753700
v -0.859321 -0.710301 3.753700
v -0.859321 -0.710301 3.425000
v -0.864621 -0.897201 3.425000
v -0.864621 -0.897201 3.753700
v -0.864621 -0.710301 3.753700
v -0.864621 -0.710301 3.425000
v -0.836621 -0.933600 3.781600
v -0.878520 -0.933600 3.781600
v -0.836621 -0.673701 3.781600
v -0.878520 -0.673701 3.781600
v -0.836621 -0.673701 3.816800
v -0.878520 -0.673701 3.816800
v -0.836621 -0.933600 3.816800
v -0.878520 -0.933600 3.816800
v -0.836621 -0.720201 3.891500
v -0.878520 -0.720201 3.891500
v -0.836621 -0.720201 3.823900
v -0.878520 -0.720201 3.823900
v -0.836621 -0.692601 3.823900
v -0.878520 -0.692601 3.823900
v -0.836621 -0.692601 3.891500
v -0.878520 -0.692601 3.891500
v -0.535521 -0.673701 3.838100
v -0.493620 -0.673701 3.838100
v -0.535521 -0.933600 3.838100
v -0.493620 -0.933600 3.838100
v -0.535521 -0.933601 3.873300
v -0.493620 -0.933601 3.873300
v -0.535521 -0.673701 3.873300
v -0.493620 -0.673701 3.873300
v -0.535521 -0.673701 3.709900
v -0.493620 -0.673701 3.709900
v -0.535521 -0.933600 3.709900
v -0.493620 -0.933600 3.709900
v -0.535521 -0.933600 3.745100
v -0.493620 -0.933600 3.745100
v -0.535521 -0.673701 3.745100
v -0.493620 -0.673701 3.745100
v -0.535521 -0.673701 3.435200
v -0.493620 -0.673701 3.435200
v -0.535521 -0.933600 3.435200
v -0.493620 -0.933600 3.435200
v -0.535521 -0.933600 3.470400
v -0.493620 -0.933600 3.470400
v -0.535521 -0.673701 3.470400
v -0.493620 -0.673701 3.470400
v -0.535521 -0.673701 3.571800
v -0.493620 -0.673701 3.571800
v -0.535521 -0.933600 3.571800
v -0.493620 -0.933600 3.571800
v -0.535521 -0.933600 3.607000
v -0.493620 -0.933600 3.607000
v -0.535521 -0.673701 3.607000
v -0.493620 -0.673701 3.607000
v -0.514221 -0.955701 4.217300
v -0.859321 -0.955701 4.217300
v -0.514221 -0.651801 4.217300
v -0.859321 -0.651801 4.217300
v -0.514221 -0.651801 4.751700
v -0.859321 -0.651801 4.751700
v -0.514221 -0.955701 4.751700
v -0.859321 -0.955701 4.751700
v -0.859321 -0.897201 4.258200
v -0.859321 -0.897201 4.586900
v -0.859321 -0.710301 4.586900
v -0.859321 -0.710301 4.258200
v -0.864621 -0.897201 4.258200
v -0.864621 -0.897201 4.586900
v -0.864621 -0.710301 4.586900
v -0.864621 -0.710301 4.258200
v -0.836621 -0.933601 4.614800
v -0.878520 -0.933601 4.614800
v -0.836621 -0.673701 4.614800
v -0.878520 -0.673701 4.614800
v -0.836621 -0.673701 4.650000
v -0.878520 -0.673701 4.650000
v -0.836621 -0.933601 4.650000
v -0.878520 -0.933601 4.650000
v -0.836621 -0.720201 4.724700
v -0.878520 -0.720201 4.724700
v -0.836621 -0.720201 4.657100
v -0.878520 -0.720201 4.657100
v -0.836621 -0.692601 4.657100
v -0.878520 -0.692601 4.657100
v -0.836621 -0.692601 4.724700
v -0.878520 -0.692601 4.724700
v -0.535521 -0.673701 4.671300
v -0.493620 -0.673701 4.671300
v -0.535521 -0.933601 4.671300
v -0.493620 -0.933601 4.671300
v -0.535521 -0.933601 4.706500
v -0.493620 -0.933601 4.706500
v -0.535521 -0.673701 4.706500
v -0.493620 -0.673701 4.706500
v -0.535521 -0.673701 4.543100
v -0.493620 -0.673701 4.543100
v -0.535521 -0.933601 4.543100
v -0.493620 -0.933601 4.543100
v -0.535521 -0.933601 4.578300
v -0.493620 -0.933601 4.578300
v -0.535521 -0.673701 4.578300
v -0.493620 -0.673701 4.578300
v -0.535521 -0.673701 4.268400
v -0.493620 -0.673701 4.268400
v -0.535521 -0.933601 4.268400
v -0.493620 -0.933601 4.268400
v -0.535521 -0.933601 4.303600
v -0.493620 -0.933601 4.303600
v -0.535521 -0.673701 4.303600
v -0.493620 -0.673701 4.303600
v -0.535521 -0.673701 4.405000
v -0.493620 -0.673701 4.405000
v -0.535521 -0.933601 4.405000
v -0.493620 -0.933601 4.405000
v -0.535521 -0.933601 4.440200
v -0.493620 -0.933601 4.440200
v -0.535521 -0.673701 4.440200
v -0.493620 -0.673701 4.440200
v -1.294920 -0.955701 3.384100
v -1.640021 -0.955701 3.384100
v -1.294920 -0.651801 3.384100
v -1.640021 -0.651801 3.384100
v -1.294920 -0.651801 3.918500
v -1.640021 -0.651801 3.918500
v -1.294920 -0.955701 3.918500
v -1.640021 -0.955701 3.918500
v -1.640021 -0.897201 3.425000
v -1.640021 -0.897201 3.753700
v -1.640021 -0.710301 3.753700
v -1.640021 -0.710301 3.425000
v -1.645320 -0.897201 3.425000
v -1.645320 -0.897201 3.753700
v -1.645320 -0.710301 3.753700
v -1.645320 -0.710301 3.425000
v -1.617321 -0.933600 3.781600
v -1.659221 -0.933600 3.781600
v -1.617321 -0.673701 3.781600
v -1.659221 -0.673701 3.781600
v -1.617321 -0.673701 3.816800
v -1.659221 -0.673701 3.816800
v -1.617321 -0.933600 3.816800
v -1.659221 -0.933600 3.816800
v -1.617321 -0.720201 3.891500
v -1.659221 -0.720201 3.891500
v -1.617321 -0.720201 3.823900
v -1.659221 -0.720201 3.823900
v -1.617321 -0.692601 3.823900
v -1.659221 -0.692601 3.823900
v -1.617321 -0.692601 3.891500
v -1.659221 -0.692601 3.891500
v -1.316221 -0.673701 3.838100
v -1.274321 -0.673701 3.838100
v -1.316221 -0.933600 3.838100
v -1.274321 -0.933600 3.838100
v -1.316221 -0.933601 3.873300
v -1.274321 -0.933601 3.873300
v -1.316221 -0.673701 3.873300
v -1.274321 -0.673701 3.873300
v -1.316221 -0.673701 3.709900
v -1.274321 -0.673701 3.709900
v -1.316221 -0.933600 3.709900
v -1.274321 -0.933600 3.709900
v -1.316221 -0.933600 3.745100
v -1.274321 -0.933600 3.745100
v -1.316221 -0.673701 3.745100
v -1.274321 -0.673701 3.745100
v -1.316221 -0.673701 3.435200
v -1.274321 -0.673701 3.435200
v -1.316221 -0.933600 3.435200
v -1.274321 -0.933600 3.435200
v -1.316221 -0.933600 3.470400
v -1.274321 -0.933600 3.470400
v -1.316221 -0.673701 3.470400
v -1.274321 -0.673701 3.470400
v -1.316221 -0.673701 3.571800
v -1.274321 -0.673701 3.571800
v -1.316221 -0.933600 3.571800
v -1.274321 -0.933600 3.571800
v -1.316221 -0.933600 3.607000
v -1.274321 -0.933600 3.607000
v -1.316221 -0.673701 3.607000
v -1.274321 -0.673701 3.607000
v -1.294920 -0.955701 4.217300
v -1.640021 -0.955701 4.217300
v -1.294920 -0.651801 4.217300
v -1.640021 -0.651801 4.217300
v -1.294920 -0.651801 4.751700
v -1.640021 -0.651801 4.751700
v -1.294920 -0.955701 4.751700
v -1.640021 -0.955701 4.751700
v -1.640021 -0.897201 4.258200
v -1.640021 -0.897201 4.586900
v -1.640021 -0.710301 4.586900
v -1.640021 -0.710301 4.258200
v -1.645320 -0.897201 4.258200
v -1.645320 -0.897201 4.586900
v -1.645320 -0.710301 4.586900
v -1.645320 -0.710301 4.258200
v -1.617321 -0.933601 4.614800
v -1.659221 -0.933601 4.614800
v -1.617321 -0.673701 4.614800
v -1.659221 -0.673701 4.614800
v -1.617321 -0.673701 4.650000
v -1.659221 -0.673701 4.650000
v -1.617321 -0.933601 4.650000
v -1.659221 -0.933601 4.650000
v -1.617321 -0.720201 4.724700
v -1.659221 -0.720201 4.724700
v -1.617321 -0.720201 4.657100
v -1.659221 -0.720201 4.657100
v -1.617321 -0.692601 4.657100
v -1.659221 -0.692601 4.657100
v -1.617321 -0.692601 4.724700
v -1.659221 -0.692601 4.724700
v -1.316221 -0.673701 4.671300
v -1.274321 -0.673701 4.671300
v -1.316221 -0.933601 4.671300
v -1.274321 -0.933601 4.671300
v -1.316221 -0.933601 4.706500
v -1.274321 -0.933601 4.706500
v -1.316221 -0.673701 4.706500
v -1.274321 -0.673701 4.706500
v -1.316221 -0.673701 4.543100
v -1.274321 -0.673701 4.543100
v -1.316221 -0.933601 4.543100
v -1.274321 -0.933601 4.543100
v -1.316221 -0.933601 4.578300
v -1.274321 -0.933601 4.578300
v -1.316221 -0.673701 4.578300
v -1.274321 -0.673701 4.578300
v -1.316221 -0.673701 4.268400
v -1.274321 -0.673701 4.268400
v -1.316221 -0.933601 4.268400
v -1.274321 -0.933601 4.268400
v -1.316221 -0.933601 4.303600
v -1.274321 -0.933601 4.303600
v -1.316221 -0.673701 4.303600
v -1.274321 -0.673701 4.303600
v -1.316221 -0.673701 4.405000
v -1.274321 -0.673701 4.405000
v -1.316221 -0.933601 4.405000
v -1.274321 -0.933601 4.405000
v -1.316221 -0.933601 4.440200
v -1.274321 -0.933601 4.440200
v -1.316221 -0.673701 4.440200
v -1.274321 -0.673701 4.440200
v -0.514221 -0.955701 3.384100
v -0.859321 -0.955701 3.384100
v -0.514221 -0.651801 3.384100
v -0.859321 -0.651801 3.384100
v -0.514221 -0.651801 3.918500
v -0.859321 -0.651801 3.918500
v -0.514221 -0.955701 3.918500
v -0.859321 -0.955701 3.918500
v -0.859321 -0.897201 3.425000
v -0.859321 -0.897201 3.753700
v -0.859321 -0.710301 3.753700
v -0.859321 -0.710301 3.425000
v -0.864621 -0.897201 3.425000
v -0.864621 -0.897201 3.753700
v -0.864621 -0.710301 3.753700
v -0.864621 -0.710301 3.425000
v -0.836621 -0.933600 3.781600
v -0.878520 -0.933600 3.781600
v -0.836621 -0.673701 3.781600
v -0.878520 -0.673701 3.781600
v -0.836621 -0.673701 3.816800
v -0.878520 -0.673701 3.816800
v -0.836621 -0.933600 3.816800
v -0.878520 -0.933600 3.816800
v -0.836621 -0.720201 3.891500
v -0.878520 -0.720201 3.891500
v -0.836621 -0.720201 3.823900
v -0.878520 -0.720201 3.823900
v -0.836621 -0.692601 3.823900
v -0.878520 -0.692601 3.823900
v -0.836621 -0.692601 3.891500
v -0.878520 -0.692601 3.891500
v -0.535521 -0.673701 3.838100
v -0.493620 -0.673701 3.838100
v -0.535521 -0.933600 3.838100
v -0.493620 -0.933600 3.838100
v -0.535521 -0.933601 3.873300
v -0.493620 -0.933601 3.873300
v -0.535521 -0.673701 3.873300
v -0.493620 -0.673701 3.873300
v -0.535521 -0.673701 3.709900
v -0.493620 -0.673701 3.709900
v -0.535521 -0.933600 3.709900
v -0.493620 -0.933600 3.709900
v -0.535521 -0.933600 3.745100
v -0.493620 -0.933600 3.745100
v -0.535521 -0.673701 3.745100
v -0.493620 -0.673701 3.745100
v -0.535521 -0.673701 3.435200
v -0.493620 -0.673701 3.435200
v -0.535521 -0.933600 3.435200
v -0.493620 -0.933600 3.435200
v -0.535521 -0.933600 3.470400
v -0.493620 -0.933600 3.470400
v -0.535521 -0.673701 3.470400
v -0.493620 -0.673701 3.470400
v -0.535521 -0.673701 3.571800
v -0.493620 -0.673701 3.571800
v -0.535521 -0.933600 3.571800
v -0.493620 -0.933600 3.571800
v -0.535521 -0.933600 3.607000
v -0.493620 -0.933600 3.607000
v -0.535521 -0.673701 3.607000
v -0.493620 -0.673701 3.607000
v -0.514221 -0.955701 4.217300
v -0.859321 -0.955701 4.217300
v -0.514221 -0.651801 4.217300
v -0.859321 -0.651801 4.217300
v -0.514221 -0.651801 4.751700
v -0.859321 -0.651801 4.751700
v -0.514221 -0.955701 4.751700
v -0.859321 -0.955701 4.751700
v -0.859321 -0.897201 4.258200
v -0.859321 -0.897201 4.586900
v -0.859321 -0.710301 4.586900
v -0.859321 -0.710301 4.258200
v -0.864621 -0.897201 4.258200
v -0.864621 -0.897201 4.586900
v -0.864621 -0.710301 4.586900
v -0.864621 -0.710301 4.258200
v -0.836621 -0.933601 4.614800
v -0.878520 -0.933601 4.614800
v -0.836621 -0.673701 4.614800
v -0.878520 -0.673701 4.614800
v -0.836621 -0.673701 4.650000
v -0.878520 -0.673701 4.650000
v -0.836621 -0.933601 4.650000
v -0.878520 -0.933601 4.650000
v -0.836621 -0.720201 4.724700
v -0.878520 -0.720201 4.724700
v -0.836621 -0.720201 4.657100
v -0.878520 -0.720201 4.657100
v -0.836621 -0.692601 4.657100
v -0.878520 -0.692601 4.657100
v -0.836621 -0.692601 4.724700
v -0.878520 -0.692601 4.724700
v -0.535521 -0.673701 4.671300
v -0.493620 -0.673701 4.671300
v -0.535521 -0.933601 4.671300
v -0.493620 -0.933601 4.671300
v -0.535521 -0.933601 4.706500
v -0.493620 -0.933601 4.706500
v -0.535521 -0.673701 4.706500
v -0.493620 -0.673701 4.706500
v -0.535521 -0.673701 4.543100
v -0.493620 -0.673701 4.543100
v -0.535521 -0.933601 4.543100
v -0.493620 -0.933601 4.543100
v -0.535521 -0.933601 4.578300
v -0.493620 -0.933601 4.578300
v -0.535521 -0.673701 4.578300
v -0.493620 -0.673701 4.578300
v -0.535521 -0.673701 4.268400
v -0.493620 -0.673701 4.268400
v -0.535521 -0.933601 4.268400
v -0.493620 -0.933601 4.268400
v -0.535521 -0.933601 4.303600
v -0.493620 -0.933601 4.303600
v -0.535521 -0.673701 4.303600
v -0.493620 -0.673701 4.303600
v -0.535521 -0.673701 4.405000
v -0.493620 -0.673701 4.405000
v -0.535521 -0.933601 4.405000
v -0.493620 -0.933601 4.405000
v -0.535521 -0.933601 4.440200
v -0.493620 -0.933601 4.440200
v -0.535521 -0.673701 4.440200
v -0.493620 -0.673701 4.440200
v 1.265179 -0.025001 4.751600
v 1.610379 -0.025001 4.751600
v 1.265179 0.278899 4.751600
v 1.610379 0.278899 4.751600
v 1.265179 0.278899 4.217300
v 1.610379 0.278899 4.217300
v 1.265179 -0.025001 4.217300
v 1.610379 -0.025001 4.217300
v 1.610379 0.033499 4.710800
v 1.610379 0.033499 4.382100
v 1.610379 0.220399 4.382100
v 1.610379 0.220399 4.710800
v 1.615679 0.033499 4.710800
v 1.615679 0.033499 4.382100
v 1.615679 0.220399 4.382100
v 1.615679 0.220399 4.710800
v 1.587679 -0.002901 4.354200
v 1.629479 -0.002901 4.354200
v 1.587679 0.256999 4.354200
v 1.629479 0.256999 4.354200
v 1.587679 0.256999 4.318900
v 1.629479 0.256999 4.318900
v 1.587679 -0.002901 4.318900
v 1.629479 -0.002901 4.318900
v 1.587679 0.210499 4.244200
v 1.629479 0.210499 4.244200
v 1.587679 0.210499 4.311800
v 1.629479 0.210499 4.311800
v 1.587679 0.238099 4.311800
v 1.629479 0.238099 4.311800
v 1.587679 0.238099 4.244200
v 1.629479 0.238099 4.244200
v 1.286479 0.256999 4.297700
v 1.244679 0.256999 4.297700
v 1.286479 -0.002901 4.297700
v 1.244679 -0.002901 4.297700
v 1.286479 -0.002901 4.262400
v 1.244679 -0.002901 4.262400
v 1.286479 0.256999 4.262400
v 1.244679 0.256999 4.262400
v 1.286479 0.256999 4.425900
v 1.244679 0.256999 4.425900
v 1.286479 -0.002901 4.425900
v 1.244679 -0.002901 4.425900
v 1.286479 -0.002901 4.390600
v 1.244679 -0.002901 4.390600
v 1.286479 0.256999 4.390600
v 1.244679 0.256999 4.390600
v 1.286479 0.256999 4.700600
v 1.244679 0.256999 4.700600
v 1.286479 -0.002901 4.700600
v 1.244679 -0.002901 4.700600
v 1.286479 -0.002901 4.665300
v 1.244679 -0.002901 4.665300
v 1.286479 0.256999 4.665300
v 1.244679 0.256999 4.665300
v 1.286479 0.256999 4.564000
v 1.244679 0.256999 4.564000
v 1.286479 -0.002901 4.564000
v 1.244679 -0.002901 4.564000
v 1.286479 -0.002901 4.528700
v 1.244679 -0.002901 4.528700
v 1.286479 0.256999 4.528700
v 1.244679 0.256999 4.528700
v 1.265179 -0.025001 3.918400
v 1.610379 -0.025001 3.918400
v 1.265179 0.278899 3.918400
v 1.610379 0.278899 3.918400
v 1.265179 0.278899 3.384100
v 1.610379 0.278899 3.384100
v 1.265179 -0.025001 3.384100
v 1.610379 -0.025001 3.384100
v 1.610379 0.033499 3.877600
v 1.610379 0.033499 3.548900
v 1.610379 0.220399 3.548900
v 1.610379 0.220399 3.877600
v 1.615679 0.033499 3.877600
v 1.615679 0.033499 3.548900
v 1.615679 0.220399 3.548900
v 1.615679 0.220399 3.877600
v 1.587679 -0.002901 3.521000
v 1.629479 -0.002901 3.521000
v 1.587679 0.256999 3.521000
v 1.629479 0.256999 3.521000
v 1.587679 0.256999 3.485700
v 1.629479 0.256999 3.485700
v 1.587679 -0.002901 3.485700
v 1.629479 -0.002901 3.485700
v 1.587679 0.210499 3.411000
v 1.629479 0.210499 3.411000
v 1.587679 0.210499 3.478600
v 1.629479 0.210499 3.478600
v 1.587679 0.238099 3.478600
v 1.629479 0.238099 3.478600
v 1.587679 0.238099 3.411000
v 1.629479 0.238099 3.411000
v 1.286479 0.256999 3.464500
v 1.244679 0.256999 3.464500
v 1.286479 -0.002901 3.464500
v 1.244679 -0.002901 3.464500
v 1.286479 -0.002901 3.429200
v 1.244679 -0.002901 3.429200
v 1.286479 0.256999 3.429200
v 1.244679 0.256999 3.429200
v 1.286479 0.256999 3.592700
v 1.244679 0.256999 3.592700
v 1.286479 -0.002901 3.592700
v 1.244679 -0.002901 3.592700
v 1.286479 -0.002901 3.557400
v 1.244679 -0.002901 3.557400
v 1.286479 0.256999 3.557400
v 1.244679 0.256999 3.557400
v 1.286479 0.256999 3.867400
v 1.244679 0.256999 3.867400
v 1.286479 -0.002901 3.867400
v 1.244679 -0.002901 3.867400
v 1.286479 -0.002901 3.832100
v 1.244679 -0.002901 3.832100
v 1.286479 0.256999 3.832100
v 1.244679 0.256999 3.832100
v 1.286479 0.256999 3.730800
v 1.244679 0.256999 3.730800
v 1.286479 -0.002901 3.730800
v 1.244679 -0.002901 3.730800
v 1.286479 -0.002901 3.695500
v 1.244679 -0.002901 3.695500
v 1.286479 0.256999 3.695500
v 1.244679 0.256999 3.695500
v 0.484479 -0.025001 4.751600
v 0.829679 -0.025001 4.751600
v 0.484479 0.278899 4.751600
v 0.829679 0.278899 4.751600
v 0.484479 0.278899 4.217300
v 0.829679 0.278899 4.217300
v 0.484479 -0.025001 4.217300
v 0.829679 -0.025001 4.217300
v 0.829679 0.033499 4.710800
v 0.829679 0.033499 4.382100
v 0.829679 0.220399 4.382100
v 0.829679 0.220399 4.710800
v 0.834980 0.033499 4.710800
v 0.834980 0.033499 4.382100
v 0.834980 0.220399 4.382100
v 0.834980 0.220399 4.710800
v 0.806979 -0.002901 4.354200
v 0.848779 -0.002901 4.354200
v 0.806979 0.256999 4.354200
v 0.848779 0.256999 4.354200
v 0.806979 0.256999 4.318900
v 0.848779 0.256999 4.318900
v 0.806979 -0.002901 4.318900
v 0.848779 -0.002901 4.318900
v 0.806979 0.210499 4.244200
v 0.848779 0.210499 4.244200
v 0.806979 0.210499 4.311800
v 0.848779 0.210499 4.311800
v 0.806979 0.238099 4.311800
v 0.848779 0.238099 4.311800
v 0.806979 0.238099 4.244200
v 0.848779 0.238099 4.244200
v 0.505779 0.256999 4.297700
v 0.463979 0.256999 4.297700
v 0.505779 -0.002901 4.297700
v 0.463979 -0.002901 4.297700
v 0.505779 -0.002901 4.262400
v 0.463979 -0.002901 4.262400
v 0.505779 0.256999 4.262400
v 0.463979 0.256999 4.262400
v 0.505779 0.256999 4.425900
v 0.463979 0.256999 4.425900
v 0.505779 -0.002901 4.425900
v 0.463979 -0.002901 4.425900
v 0.505779 -0.002901 4.390600
v 0.463979 -0.002901 4.390600
v 0.505779 0.256999 4.390600
v 0.463979 0.256999 4.390600
v 0.505779 0.256999 4.700600
v 0.463979 0.256999 4.700600
v 0.505779 -0.002901 4.700600
v 0.463979 -0.002901 4.700600
v 0.505779 -0.002901 4.665300
v 0.463979 -0.002901 4.665300
v 0.505779 0.256999 4.665300
v 0.463979 0.256999 4.665300
v 0.505779 0.256999 4.564000
v 0.463979 0.256999 4.564000
v 0.505779 -0.002901 4.564000
v 0.463979 -0.002901 4.564000
v 0.505779 -0.002901 4.528700
v 0.463979 -0.002901 4.528700
v 0.505779 0.256999 4.528700
v 0.463979 0.256999 4.528700
v 0.484479 -0.025001 3.918400
v 0.829679 -0.025001 3.918400
v 0.484479 0.278899 3.918400
v 0.829679 0.278899 3.918400
v 0.484479 0.278899 3.384100
v 0.829679 0.278899 3.384100
v 0.484479 -0.025001 3.384100
v 0.829679 -0.025001 3.384100
v 0.829679 0.033499 3.877600
v 0.829679 0.033499 3.548900
v 0.829679 0.220399 3.548900
v 0.829679 0.220399 3.877600
v 0.834980 0.033499 3.877600
v 0.834980 0.033499 3.548900
v 0.834980 0.220399 3.548900
v 0.834980 0.220399 3.877600
v 0.806979 -0.002901 3.521000
v 0.848779 -0.002901 3.521000
v 0.806979 0.256999 3.521000
v 0.848779 0.256999 3.521000
v 0.806979 0.256999 3.485700
v 0.848779 0.256999 3.485700
v 0.806979 -0.002901 3.485700
v 0.848779 -0.002901 3.485700
v 0.806979 0.210499 3.411000
v 0.848779 0.210499 3.411000
v 0.806979 0.210499 3.478600
v 0.848779 0.210499 3.478600
v 0.806979 0.238099 3.478600
v 0.848779 0.238099 3.478600
v 0.806979 0.238099 3.411000
v 0.848779 0.238099 3.411000
v 0.505779 0.256999 3.464500
v 0.463979 0.256999 3.464500
v 0.505779 -0.002901 3.464500
v 0.463979 -0.002901 3.464500
v 0.505779 -0.002901 3.429200
v 0.463979 -0.002901 3.429200
v 0.505779 0.256999 3.429200
v 0.463979 0.256999 3.429200
v 0.505779 0.256999 3.592700
v 0.463979 0.256999 3.592700
v 0.505779 -0.002901 3.592700
v 0.463979 -0.002901 3.592700
v 0.505779 -0.002901 3.557400
v 0.463979 -0.002901 3.557400
v 0.505779 0.256999 3.557400
v 0.463979 0.256999 3.557400
v 0.505779 0.256999 3.867400
v 0.463979 0.256999 3.867400
v 0.505779 -0.002901 3.867400
v 0.463979 -0.002901 3.867400
v 0.505779 -0.002901 3.832100
v 0.463979 -0.002901 3.832100
v 0.505779 0.256999 3.832100
v 0.463979 0.256999 3.832100
v 0.505779 0.256999 3.730800
v 0.463979 0.256999 3.730800
v 0.505779 -0.002901 3.730800
v 0.463979 -0.002901 3.730800
v 0.505779 -0.002901 3.695500
v 0.463979 -0.002901 3.695500
v 0.505779 0.256999 3.695500
v 0.463979 0.256999 3.695500
v 1.265179 -0.955901 4.751600
v 1.610379 -0.955901 4.751600
v 1.265179 -0.652001 4.751600
v 1.610379 -0.652001 4.751600
v 1.265179 -0.652001 4.217300
v 1.610379 -0.652001 4.217300
v 1.265179 -0.955901 4.217300
v 1.610379 -0.955901 4.217300
v 1.610379 -0.897401 4.710800
v 1.610379 -0.897401 4.382100
v 1.610379 -0.710501 4.382100
v 1.610379 -0.710501 4.710800
v 1.615679 -0.897401 4.710800
v 1.615679 -0.897401 4.382100
v 1.615679 -0.710501 4.382100
v 1.615679 -0.710501 4.710800
v 1.587679 -0.933801 4.354200
v 1.629479 -0.933801 4.354200
v 1.587679 -0.673901 4.354200
v 1.629479 -0.673901 4.354200
v 1.587679 -0.673901 4.318900
v 1.629479 -0.673901 4.318900
v 1.587679 -0.933801 4.318900
v 1.629479 -0.933801 4.318900
v 1.587679 -0.720401 4.244200
v 1.629479 -0.720401 4.244200
v 1.587679 -0.720401 4.311800
v 1.629479 -0.720401 4.311800
v 1.587679 -0.692801 4.311800
v 1.629479 -0.692801 4.311800
v 1.587679 -0.692801 4.244200
v 1.629479 -0.692801 4.244200
v 1.286479 -0.673901 4.297700
v 1.244679 -0.673901 4.297700
v 1.286479 -0.933801 4.297700
v 1.244679 -0.933801 4.297700
v 1.286479 -0.933801 4.262400
v 1.244679 -0.933801 4.262400
v 1.286479 -0.673901 4.262400
v 1.244679 -0.673901 4.262400
v 1.286479 -0.673901 4.425900
v 1.244679 -0.673901 4.425900
v 1.286479 -0.933801 4.425900
v 1.244679 -0.933801 4.425900
v 1.286479 -0.933801 4.390600
v 1.244679 -0.933801 4.390600
v 1.286479 -0.673901 4.390600
v 1.244679 -0.673901 4.390600
v 1.286479 -0.673901 4.700600
v 1.244679 -0.673901 4.700600
v 1.286479 -0.933801 4.700600
v 1.244679 -0.933801 4.700600
v 1.286479 -0.933801 4.665300
v 1.244679 -0.933801 4.665300
v 1.286479 -0.673901 4.665300
v 1.244679 -0.673901 4.665300
v 1.286479 -0.673901 4.564000
v 1.244679 -0.673901 4.564000
v 1.286479 -0.933801 4.564000
v 1.244679 -0.933801 4.564000
v 1.286479 -0.933801 4.528700
v 1.244679 -0.933801 4.528700
v 1.286479 -0.673901 4.528700
v 1.244679 -0.673901 4.528700
v 1.265179 -0.955901 3.918400
v 1.610379 -0.955901 3.918400
v 1.265179 -0.652001 3.918400
v 1.610379 -0.652001 3.918400
v 1.265179 -0.652001 3.384100
v 1.610379 -0.652001 3.384100
v 1.265179 -0.955901 3.384100
v 1.610379 -0.955901 3.384100
v 1.610379 -0.897401 3.877600
v 1.610379 -0.897401 3.548900
v 1.610379 -0.710501 3.548900
v 1.610379 -0.710501 3.877600
v 1.615679 -0.897401 3.877600
v 1.615679 -0.897401 3.548900
v 1.615679 -0.710501 3.548900
v 1.615679 -0.710501 3.877600
v 1.587679 -0.933801 3.521000
v 1.629479 -0.933801 3.521000
v 1.587679 -0.673901 3.521000
v 1.629479 -0.673901 3.521000
v 1.587679 -0.673901 3.485700
v 1.629479 -0.673901 3.485700
v 1.587679 -0.933801 3.485700
v 1.629479 -0.933801 3.485700
v 1.587679 -0.720401 3.411000
v 1.629479 -0.720401 3.411000
v 1.587679 -0.720401 3.478600
v 1.629479 -0.720401 3.478600
v 1.587679 -0.692801 3.478600
v 1.629479 -0.692801 3.478600
v 1.587679 -0.692801 3.411000
v 1.629479 -0.692801 3.411000
v 1.286479 -0.673901 3.464500
v 1.244679 -0.673901 3.464500
v 1.286479 -0.933801 3.464500
v 1.244679 -0.933801 3.464500
v 1.286479 -0.933801 3.429200
v 1.244679 -0.933801 3.429200
v 1.286479 -0.673901 3.429200
v 1.244679 -0.673901 3.429200
v 1.286479 -0.673901 3.592700
v 1.244679 -0.673901 3.592700
v 1.286479 -0.933801 3.592700
v 1.244679 -0.933801 3.592700
v 1.286479 -0.933801 3.557400
v 1.244679 -0.933801 3.557400
v 1.286479 -0.673901 3.557400
v 1.244679 -0.673901 3.557400
v 1.286479 -0.673901 3.867400
v 1.244679 -0.673901 3.867400
v 1.286479 -0.933801 3.867400
v 1.244679 -0.933801 3.867400
v 1.286479 -0.933801 3.832100
v 1.244679 -0.933801 3.832100
v 1.286479 -0.673901 3.832100
v 1.244679 -0.673901 3.832100
v 1.286479 -0.673901 3.730800
v 1.244679 -0.673901 3.730800
v 1.286479 -0.933801 3.730800
v 1.244679 -0.933801 3.730800
v 1.286479 -0.933801 3.695500
v 1.244679 -0.933801 3.695500
v 1.286479 -0.673901 3.695500
v 1.244679 -0.673901 3.695500
v 0.484479 -0.955901 4.751600
v 0.829679 -0.955901 4.751600
v 0.484479 -0.652001 4.751600
v 0.829679 -0.652001 4.751600
v 0.484479 -0.652001 4.217300
v 0.829679 -0.652001 4.217300
v 0.484479 -0.955901 4.217300
v 0.829679 -0.955901 4.217300
v 0.829679 -0.897401 4.710800
v 0.829679 -0.897401 4.382100
v 0.829679 -0.710501 4.382100
v 0.829679 -0.710501 4.710800
v 0.834980 -0.897401 4.710800
v 0.834980 -0.897401 4.382100
v 0.834980 -0.710501 4.382100
v 0.834980 -0.710501 4.710800
v 0.806979 -0.933801 4.354200
v 0.848779 -0.933801 4.354200
v 0.806979 -0.673901 4.354200
v 0.848779 -0.673901 4.354200
v 0.806979 -0.673901 4.318900
v 0.848779 -0.673901 4.318900
v 0.806979 -0.933801 4.318900
v 0.848779 -0.933801 4.318900
v 0.806979 -0.720401 4.244200
v 0.848779 -0.720401 4.244200
v 0.806979 -0.720401 4.311800
v 0.848779 -0.720401 4.311800
v 0.806979 -0.692801 4.311800
v 0.848779 -0.692801 4.311800
v 0.806979 -0.692801 4.244200
v 0.848779 -0.692801 4.244200
v 0.505779 -0.673901 4.297700
v 0.463979 -0.673901 4.297700
v 0.505779 -0.933801 4.297700
v 0.463979 -0.933801 4.297700
v 0.505779 -0.933801 4.262400
v 0.463979 -0.933801 4.262400
v 0.505779 -0.673901 4.262400
v 0.463979 -0.673901 4.262400
v 0.505779 -0.673901 4.425900
v 0.463979 -0.673901 4.425900
v 0.505779 -0.933801 4.425900
v 0.463979 -0.933801 4.425900
v 0.505779 -0.933801 4.390600
v 0.463979 -0.933801 4.390600
v 0.505779 -0.673901 4.390600
v 0.463979 -0.673901 4.390600
v 0.505779 -0.673901 4.700600
v 0.463979 -0.673901 4.700600
v 0.505779 -0.933801 4.700600
v 0.463979 -0.933801 4.700600
v 0.505779 -0.933801 4.665300
v 0.463979 -0.933801 4.665300
v 0.505779 -0.673901 4.665300
v 0.463979 -0.673901 4.665300
v 0.505779 -0.673901 4.564000
v 0.463979 -0.673901 4.564000
v 0.505779 -0.933801 4.564000
v 0.463979 -0.933801 4.564000
v 0.505779 -0.933801 4.528700
v 0.463979 -0.933801 4.528700
v 0.505779 -0.673901 4.528700
v 0.463979 -0.673901 4.528700
v 0.484479 -0.955901 3.918400
v 0.829679 -0.955901 3.918400
v 0.484479 -0.652001 3.918400
v 0.829679 -0.652001 3.918400
v 0.484479 -0.652001 3.384100
v 0.829679 -0.652001 3.384100
v 0.484479 -0.955901 3.384100
v 0.829679 -0.955901 3.384100
v 0.829679 -0.897401 3.877600
v 0.829679 -0.897401 3.548900
v 0.829679 -0.710501 3.548900
v 0.829679 -0.710501 3.877600
v 0.834980 -0.897401 3.877600
v 0.834980 -0.897401 3.548900
v 0.834980 -0.710501 3.548900
v 0.834980 -0.710501 3.877600
v 0.806979 -0.933801 3.521000
v 0.848779 -0.933801 3.521000
v 0.806979 -0.673901 3.521000
v 0.848779 -0.673901 3.521000
v 0.806979 -0.673901 3.485700
v 0.848779 -0.673901 3.485700
v 0.806979 -0.933801 3.485700
v 0.848779 -0.933801 3.485700
v 0.806979 -0.720401 3.411000
v 0.848779 -0.720401 3.411000
v 0.806979 -0.720401 3.478600
v 0.848779 -0.720401 3.478600
v 0.806979 -0.692801 3.478600
v 0.848779 -0.692801 3.478600
v 0.806979 -0.692801 3.411000
v 0.848779 -0.692801 3.411000
v 0.505779 -0.673901 3.464500
v 0.463979 -0.673901 3.464500
v 0.505779 -0.933801 3.464500
v 0.463979 -0.933801 3.464500
v 0.505779 -0.933801 3.429200
v 0.463979 -0.933801 3.429200
v 0.505779 -0.673901 3.429200
v 0.463979 -0.673901 3.429200
v 0.505779 -0.673901 3.592700
v 0.463979 -0.673901 3.592700
v 0.505779 -0.933801 3.592700
v 0.463979 -0.933801 3.592700
v 0.505779 -0.933801 3.557400
v 0.463979 -0.933801 3.557400
v 0.505779 -0.673901 3.557400
v 0.463979 -0.673901 3.557400
v 0.505779 -0.673901 3.867400
v 0.463979 -0.673901 3.867400
v 0.505779 -0.933801 3.867400
v 0.463979 -0.933801 3.867400
v 0.505779 -0.933801 3.832100
v 0.463979 -0.933801 3.832100
v 0.505779 -0.673901 3.832100
v 0.463979 -0.673901 3.832100
v 0.505779 -0.673901 3.730800
v 0.463979 -0.673901 3.730800
v 0.505779 -0.933801 3.730800
v 0.463979 -0.933801 3.730800
v 0.505779 -0.933801 3.695500
v 0.463979 -0.933801 3.695500
v 0.505779 -0.673901 3.695500
v 0.463979 -0.673901 3.695500
v -1.294920 -0.025400 -2.712400
v -1.640021 -0.025400 -2.712400
v -1.294920 0.278500 -2.712400
v -1.640021 0.278500 -2.712400
v -1.294920 0.278500 -2.178000
v -1.640021 0.278500 -2.178000
v -1.294920 -0.025400 -2.178000
v -1.640021 -0.025400 -2.178000
v -1.640021 0.033100 -2.671500
v -1.640021 0.033100 -2.342800
v -1.640021 0.220000 -2.342800
v -1.640021 0.220000 -2.671500
v -1.645320 0.033100 -2.671500
v -1.645320 0.033100 -2.342800
v -1.645320 0.220000 -2.342800
v -1.645320 0.220000 -2.671500
v -1.617321 -0.003300 -2.314900
v -1.659221 -0.003300 -2.314900
v -1.617321 0.256600 -2.314900
v -1.659221 0.256600 -2.314900
v -1.617321 0.256600 -2.279700
v -1.659221 0.256600 -2.279700
v -1.617321 -0.003300 -2.279700
v -1.659221 -0.003300 -2.279700
v -1.617321 0.210100 -2.205000
v -1.659221 0.210100 -2.205000
v -1.617321 0.210100 -2.272600
v -1.659221 0.210100 -2.272600
v -1.617321 0.237700 -2.272600
v -1.659221 0.237700 -2.272600
v -1.617321 0.237700 -2.205000
v -1.659221 0.237700 -2.205000
v -1.316221 0.256600 -2.258400
v -1.274321 0.256600 -2.258400
v -1.316221 -0.003300 -2.258400
v -1.274321 -0.003300 -2.258400
v -1.316221 -0.003300 -2.223200
v -1.274321 -0.003300 -2.223200
v -1.316221 0.256600 -2.223200
v -1.274321 0.256600 -2.223200
v -1.316221 0.256600 -2.386600
v -1.274321 0.256600 -2.386600
v -1.316221 -0.003300 -2.386600
v -1.274321 -0.003300 -2.386600
v -1.316221 -0.003300 -2.351400
v -1.274321 -0.003300 -2.351400
v -1.316221 0.256600 -2.351400
v -1.274321 0.256600 -2.351400
v -1.316221 0.256600 -2.661300
v -1.274321 0.256600 -2.661300
v -1.316221 -0.003300 -2.661300
v -1.274321 -0.003300 -2.661300
v -1.316221 -0.003300 -2.626100
v -1.274321 -0.003300 -2.626100
v -1.316221 0.256600 -2.626100
v -1.274321 0.256600 -2.626100
v -1.316221 0.256600 -2.524700
v -1.274321 0.256600 -2.524700
v -1.316221 -0.003300 -2.524700
v -1.274321 -0.003300 -2.524700
v -1.316221 -0.003300 -2.489500
v -1.274321 -0.003300 -2.489500
v -1.316221 0.256600 -2.489500
v -1.274321 0.256600 -2.489500
v -1.294920 -0.025400 -1.879200
v -1.640021 -0.025400 -1.879200
v -1.294920 0.278500 -1.879200
v -1.640021 0.278500 -1.879200
v -1.294920 0.278500 -1.344800
v -1.640021 0.278500 -1.344800
v -1.294920 -0.025400 -1.344800
v -1.640021 -0.025400 -1.344800
v -1.640021 0.033100 -1.838300
v -1.640021 0.033100 -1.509600
v -1.640021 0.220000 -1.509600
v -1.640021 0.220000 -1.838300
v -1.645320 0.033100 -1.838300
v -1.645320 0.033100 -1.509600
v -1.645320 0.220000 -1.509600
v -1.645320 0.220000 -1.838300
v -1.617321 -0.003300 -1.481700
v -1.659221 -0.003300 -1.481700
v -1.617321 0.256600 -1.481700
v -1.659221 0.256600 -1.481700
v -1.617321 0.256600 -1.446500
v -1.659221 0.256600 -1.446500
v -1.617321 -0.003300 -1.446500
v -1.659221 -0.003300 -1.446500
v -1.617321 0.210100 -1.371800
v -1.659221 0.210100 -1.371800
v -1.617321 0.210100 -1.439400
v -1.659221 0.210100 -1.439400
v -1.617321 0.237700 -1.439400
v -1.659221 0.237700 -1.439400
v -1.617321 0.237700 -1.371800
v -1.659221 0.237700 -1.371800
v -1.316221 0.256600 -1.425200
v -1.274321 0.256600 -1.425200
v -1.316221 -0.003300 -1.425200
v -1.274321 -0.003300 -1.425200
v -1.316221 -0.003300 -1.390000
v -1.274321 -0.003300 -1.390000
v -1.316221 0.256600 -1.390000
v -1.274321 0.256600 -1.390000
v -1.316221 0.256600 -1.553400
v -1.274321 0.256600 -1.553400
v -1.316221 -0.003300 -1.553400
v -1.274321 -0.003300 -1.553400
v -1.316221 -0.003300 -1.518200
v -1.274321 -0.003300 -1.518200
v -1.316221 0.256600 -1.518200
v -1.274321 0.256600 -1.518200
v -1.316221 0.256600 -1.828100
v -1.274321 0.256600 -1.828100
v -1.316221 -0.003300 -1.828100
v -1.274321 -0.003300 -1.828100
v -1.316221 -0.003300 -1.792900
v -1.274321 -0.003300 -1.792900
v -1.316221 0.256600 -1.792900
v -1.274321 0.256600 -1.792900
v -1.316221 0.256600 -1.691500
v -1.274321 0.256600 -1.691500
v -1.316221 -0.003300 -1.691500
v -1.274321 -0.003300 -1.691500
v -1.316221 -0.003300 -1.656300
v -1.274321 -0.003300 -1.656300
v -1.316221 0.256600 -1.656300
v -1.274321 0.256600 -1.656300
v -1.294920 -0.025400 -2.712400
v -1.640021 -0.025400 -2.712400
v -1.294920 0.278500 -2.712400
v -1.640021 0.278500 -2.712400
v -1.294920 0.278500 -2.178000
v -1.640021 0.278500 -2.178000
v -1.294920 -0.025400 -2.178000
v -1.640021 -0.025400 -2.178000
v -1.640021 0.033100 -2.671500
v -1.640021 0.033100 -2.342800
v -1.640021 0.220000 -2.342800
v -1.640021 0.220000 -2.671500
v -1.645320 0.033100 -2.671500
v -1.645320 0.033100 -2.342800
v -1.645320 0.220000 -2.342800
v -1.645320 0.220000 -2.671500
v -1.617321 -0.003300 -2.314900
v -1.659221 -0.003300 -2.314900
v -1.617321 0.256600 -2.314900
v -1.659221 0.256600 -2.314900
v -1.617321 0.256600 -2.279700
v -1.659221 0.256600 -2.279700
v -1.617321 -0.003300 -2.279700
v -1.659221 -0.003300 -2.279700
v -1.617321 0.210100 -2.205000
v -1.659221 0.210100 -2.205000
v -1.617321 0.210100 -2.272600
v -1.659221 0.210100 -2.272600
v -1.617321 0.237700 -2.272600
v -1.659221 0.237700 -2.272600
v -1.617321 0.237700 -2.205000
v -1.659221 0.237700 -2.205000
v -1.316221 0.256600 -2.258400
v -1.274321 0.256600 -2.258400
v -1.316221 -0.003300 -2.258400
v -1.274321 -0.003300 -2.258400
v -1.316221 -0.003300 -2.223200
v -1.274321 -0.003300 -2.223200
v -1.316221 0.256600 -2.223200
v -1.274321 0.256600 -2.223200
v -1.316221 0.256600 -2.386600
v -1.274321 0.256600 -2.386600
v -1.316221 -0.003300 -2.386600
v -1.274321 -0.003300 -2.386600
v -1.316221 -0.003300 -2.351400
v -1.274321 -0.003300 -2.351400
v -1.316221 0.256600 -2.351400
v -1.274321 0.256600 -2.351400
v -1.316221 0.256600 -2.661300
v -1.274321 0.256600 -2.661300
v -1.316221 -0.003300 -2.661300
v -1.274321 -0.003300 -2.661300
v -1.316221 -0.003300 -2.626100
v -1.274321 -0.003300 -2.626100
v -1.316221 0.256600 -2.626100
v -1.274321 0.256600 -2.626100
v -1.316221 0.256600 -2.524700
v -1.274321 0.256600 -2.524700
v -1.316221 -0.003300 -2.524700
v -1.274321 -0.003300 -2.524700
v -1.316221 -0.003300 -2.489500
v -1.274321 -0.003300 -2.489500
v -1.316221 0.256600 -2.489500
v -1.274321 0.256600 -2.489500
v -1.294920 -0.025400 -1.879200
v -1.640021 -0.025400 -1.879200
v -1.294920 0.278500 -1.879200
v -1.640021 0.278500 -1.879200
v -1.294920 0.278500 -1.344800
v -1.640021 0.278500 -1.344800
v -1.294920 -0.025400 -1.344800
v -1.640021 -0.025400 -1.344800
v -1.640021 0.033100 -1.838300
v -1.640021 0.033100 -1.509600
v -1.640021 0.220000 -1.509600
v -1.640021 0.220000 -1.838300
v -1.645320 0.033100 -1.838300
v -1.645320 0.033100 -1.509600
v -1.645320 0.220000 -1.509600
v -1.645320 0.220000 -1.838300
v -1.617321 -0.003300 -1.481700
v -1.659221 -0.003300 -1.481700
v -1.617321 0.256600 -1.481700
v -1.659221 0.256600 -1.481700
v -1.617321 0.256600 -1.446500
v -1.659221 0.256600 -1.446500
v -1.617321 -0.003300 -1.446500
v -1.659221 -0.003300 -1.446500
v -1.617321 0.210100 -1.371800
v -1.659221 0.210100 -1.371800
v -1.617321 0.210100 -1.439400
v -1.659221 0.210100 -1.439400
v -1.617321 0.237700 -1.439400
v -1.659221 0.237700 -1.439400
v -1.617321 0.237700 -1.371800
v -1.659221 0.237700 -1.371800
v -1.316221 0.256600 -1.425200
v -1.274321 0.256600 -1.425200
v -1.316221 -0.003300 -1.425200
v -1.274321 -0.003300 -1.425200
v -1.316221 -0.003300 -1.390000
v -1.274321 -0.003300 -1.390000
v -1.316221 0.256600 -1.390000
v -1.274321 0.256600 -1.390000
v -1.316221 0.256600 -1.553400
v -1.274321 0.256600 -1.553400
v -1.316221 -0.003300 -1.553400
v -1.274321 -0.003300 -1.553400
v -1.316221 -0.003300 -1.518200
v -1.274321 -0.003300 -1.518200
v -1.316221 0.256600 -1.518200
v -1.274321 0.256600 -1.518200
v -1.316221 0.256600 -1.828100
v -1.274321 0.256600 -1.828100
v -1.316221 -0.003300 -1.828100
v -1.274321 -0.003300 -1.828100
v -1.316221 -0.003300 -1.792900
v -1.274321 -0.003300 -1.792900
v -1.316221 0.256600 -1.792900
v -1.274321 0.256600 -1.792900
v -1.316221 0.256600 -1.691500
v -1.274321 0.256600 -1.691500
v -1.316221 -0.003300 -1.691500
v -1.274321 -0.003300 -1.691500
v -1.316221 -0.003300 -1.656300
v -1.274321 -0.003300 -1.656300
v -1.316221 0.256600 -1.656300
v -1.274321 0.256600 -1.656300
v -1.294920 -0.956200 -2.712400
v -1.640021 -0.956200 -2.712400
v -1.294920 -0.652300 -2.712400
v -1.640021 -0.652300 -2.712400
v -1.294920 -0.652300 -2.178000
v -1.640021 -0.652300 -2.178000
v -1.294920 -0.956200 -2.178000
v -1.640021 -0.956200 -2.178000
v -1.640021 -0.897700 -2.671500
v -1.640021 -0.897700 -2.342800
v -1.640021 -0.710800 -2.342800
v -1.640021 -0.710800 -2.671500
v -1.645320 -0.897700 -2.671500
v -1.645320 -0.897700 -2.342800
v -1.645320 -0.710800 -2.342800
v -1.645320 -0.710800 -2.671500
v -1.617321 -0.934100 -2.314900
v -1.659221 -0.934100 -2.314900
v -1.617321 -0.674200 -2.314900
v -1.659221 -0.674200 -2.314900
v -1.617321 -0.674200 -2.279700
v -1.659221 -0.674200 -2.279700
v -1.617321 -0.934100 -2.279700
v -1.659221 -0.934100 -2.279700
v -1.617321 -0.720700 -2.205000
v -1.659221 -0.720700 -2.205000
v -1.617321 -0.720700 -2.272600
v -1.659221 -0.720700 -2.272600
v -1.617321 -0.693100 -2.272600
v -1.659221 -0.693100 -2.272600
v -1.617321 -0.693100 -2.205000
v -1.659221 -0.693100 -2.205000
v -1.316221 -0.674200 -2.258400
v -1.274321 -0.674200 -2.258400
v -1.316221 -0.934100 -2.258400
v -1.274321 -0.934100 -2.258400
v -1.316221 -0.934100 -2.223200
v -1.274321 -0.934100 -2.223200
v -1.316221 -0.674200 -2.223200
v -1.274321 -0.674200 -2.223200
v -1.316221 -0.674200 -2.386600
v -1.274321 -0.674200 -2.386600
v -1.316221 -0.934100 -2.386600
v -1.274321 -0.934100 -2.386600
v -1.316221 -0.934100 -2.351400
v -1.274321 -0.934100 -2.351400
v -1.316221 -0.674200 -2.351400
v -1.274321 -0.674200 -2.351400
v -1.316221 -0.674200 -2.661300
v -1.274321 -0.674200 -2.661300
v -1.316221 -0.934100 -2.661300
v -1.274321 -0.934100 -2.661300
v -1.316221 -0.934100 -2.626100
v -1.274321 -0.934100 -2.626100
v -1.316221 -0.674200 -2.626100
v -1.274321 -0.674200 -2.626100
v -1.316221 -0.674200 -2.524700
v -1.274321 -0.674200 -2.524700
v -1.316221 -0.934100 -2.524700
v -1.274321 -0.934100 -2.524700
v -1.316221 -0.934100 -2.489500
v -1.274321 -0.934100 -2.489500
v -1.316221 -0.674200 -2.489500
v -1.274321 -0.674200 -2.489500
v -1.294920 -0.956200 -1.879200
v -1.640021 -0.956200 -1.879200
v -1.294920 -0.652300 -1.879200
v -1.640021 -0.652300 -1.879200
v -1.294920 -0.652300 -1.344800
v -1.640021 -0.652300 -1.344800
v -1.294920 -0.956200 -1.344800
v -1.640021 -0.956200 -1.344800
v -1.640021 -0.897700 -1.838300
v -1.640021 -0.897700 -1.509600
v -1.640021 -0.710800 -1.509600
v -1.640021 -0.710800 -1.838300
v -1.645320 -0.897700 -1.838300
v -1.645320 -0.897700 -1.509600
v -1.645320 -0.710800 -1.509600
v -1.645320 -0.710800 -1.838300
v -1.617321 -0.934100 -1.481700
v -1.659221 -0.934100 -1.481700
v -1.617321 -0.674200 -1.481700
v -1.659221 -0.674200 -1.481700
v -1.617321 -0.674200 -1.446500
v -1.659221 -0.674200 -1.446500
v -1.617321 -0.934100 -1.446500
v -1.659221 -0.934100 -1.446500
v -1.617321 -0.720700 -1.371800
v -1.659221 -0.720700 -1.371800
v -1.617321 -0.720700 -1.439400
v -1.659221 -0.720700 -1.439400
v -1.617321 -0.693100 -1.439400
v -1.659221 -0.693100 -1.439400
v -1.617321 -0.693100 -1.371800
v -1.659221 -0.693100 -1.371800
v -1.316221 -0.674200 -1.425200
v -1.274321 -0.674200 -1.425200
v -1.316221 -0.934100 -1.425200
v -1.274321 -0.934100 -1.425200
v -1.316221 -0.934100 -1.390000
v -1.274321 -0.934100 -1.390000
v -1.316221 -0.674200 -1.390000
v -1.274321 -0.674200 -1.390000
v -1.316221 -0.674200 -1.553400
v -1.274321 -0.674200 -1.553400
v -1.316221 -0.934100 -1.553400
v -1.274321 -0.934100 -1.553400
v -1.316221 -0.934100 -1.518200
v -1.274321 -0.934100 -1.518200
v -1.316221 -0.674200 -1.518200
v -1.274321 -0.674200 -1.518200
v -1.316221 -0.674200 -1.828100
v -1.274321 -0.674200 -1.828100
v -1.316221 -0.934100 -1.828100
v -1.274321 -0.934100 -1.828100
v -1.316221 -0.934100 -1.792900
v -1.274321 -0.934100 -1.792900
v -1.316221 -0.674200 -1.792900
v -1.274321 -0.674200 -1.792900
v -1.316221 -0.674200 -1.691500
v -1.274321 -0.674200 -1.691500
v -1.316221 -0.934100 -1.691500
v -1.274321 -0.934100 -1.691500
v -1.316221 -0.934100 -1.656300
v -1.274321 -0.934100 -1.656300
v -1.316221 -0.674200 -1.656300
v -1.274321 -0.674200 -1.656300
v -1.294920 -0.956200 -2.712400
v -1.640021 -0.956200 -2.712400
v -1.294920 -0.652300 -2.712400
v -1.640021 -0.652300 -2.712400
v -1.294920 -0.652300 -2.178000
v -1.640021 -0.652300 -2.178000
v -1.294920 -0.956200 -2.178000
v -1.640021 -0.956200 -2.178000
v -1.640021 -0.897700 -2.671500
v -1.640021 -0.897700 -2.342800
v -1.640021 -0.710800 -2.342800
v -1.640021 -0.710800 -2.671500
v -1.645320 -0.897700 -2.671500
v -1.645320 -0.897700 -2.342800
v -1.645320 -0.710800 -2.342800
v -1.645320 -0.710800 -2.671500
v -1.617321 -0.934100 -2.314900
v -1.659221 -0.934100 -2.314900
v -1.617321 -0.674200 -2.314900
v -1.659221 -0.674200 -2.314900
v -1.617321 -0.674200 -2.279700
v -1.659221 -0.674200 -2.279700
v -1.617321 -0.934100 -2.279700
v -1.659221 -0.934100 -2.279700
v -1.617321 -0.720700 -2.205000
v -1.659221 -0.720700 -2.205000
v -1.617321 -0.720700 -2.272600
v -1.659221 -0.720700 -2.272600
v -1.617321 -0.693100 -2.272600
v -1.659221 -0.693100 -2.272600
v -1.617321 -0.693100 -2.205000
v -1.659221 -0.693100 -2.205000
v -1.316221 -0.674200 -2.258400
v -1.274321 -0.674200 -2.258400
v -1.316221 -0.934100 -2.258400
v -1.274321 -0.934100 -2.258400
v -1.316221 -0.934100 -2.223200
v -1.274321 -0.934100 -2.223200
v -1.316221 -0.674200 -2.223200
v -1.274321 -0.674200 -2.223200
v -1.316221 -0.674200 -2.386600
v -1.274321 -0.674200 -2.386600
v -1.316221 -0.934100 -2.386600
v -1.274321 -0.934100 -2.386600
v -1.316221 -0.934100 -2.351400
v -1.274321 -0.934100 -2.351400
v -1.316221 -0.674200 -2.351400
v -1.274321 -0.674200 -2.351400
v -1.316221 -0.674200 -2.661300
v -1.274321 -0.674200 -2.661300
v -1.316221 -0.934100 -2.661300
v -1.274321 -0.934100 -2.661300
v -1.316221 -0.934100 -2.626100
v -1.274321 -0.934100 -2.626100
v -1.316221 -0.674200 -2.626100
v -1.274321 -0.674200 -2.626100
v -1.316221 -0.674200 -2.524700
v -1.274321 -0.674200 -2.524700
v -1.316221 -0.934100 -2.524700
v -1.274321 -0.934100 -2.524700
v -1.316221 -0.934100 -2.489500
v -1.274321 -0.934100 -2.489500
v -1.316221 -0.674200 -2.489500
v -1.274321 -0.674200 -2.489500
v -1.294920 -0.956200 -1.879200
v -1.640021 -0.956200 -1.879200
v -1.294920 -0.652300 -1.879200
v -1.640021 -0.652300 -1.879200
v -1.294920 -0.652300 -1.344800
v -1.640021 -0.652300 -1.344800
v -1.294920 -0.956200 -1.344800
v -1.640021 -0.956200 -1.344800
v -1.640021 -0.897700 -1.838300
v -1.640021 -0.897700 -1.509600
v -1.640021 -0.710800 -1.509600
v -1.640021 -0.710800 -1.838300
v -1.645320 -0.897700 -1.838300
v -1.645320 -0.897700 -1.509600
v -1.645320 -0.710800 -1.509600
v -1.645320 -0.710800 -1.838300
v -1.617321 -0.934100 -1.481700
v -1.659221 -0.934100 -1.481700
v -1.617321 -0.674200 -1.481700
v -1.659221 -0.674200 -1.481700
v -1.617321 -0.674200 -1.446500
v -1.659221 -0.674200 -1.446500
v -1.617321 -0.934100 -1.446500
v -1.659221 -0.934100 -1.446500
v -1.617321 -0.720700 -1.371800
v -1.659221 -0.720700 -1.371800
v -1.617321 -0.720700 -1.439400
v -1.659221 -0.720700 -1.439400
v -1.617321 -0.693100 -1.439400
v -1.659221 -0.693100 -1.439400
v -1.617321 -0.693100 -1.371800
v -1.659221 -0.693100 -1.371800
v -1.316221 -0.674200 -1.425200
v -1.274321 -0.674200 -1.425200
v -1.316221 -0.934100 -1.425200
v -1.274321 -0.934100 -1.425200
v -1.316221 -0.934100 -1.390000
v -1.274321 -0.934100 -1.390000
v -1.316221 -0.674200 -1.390000
v -1.274321 -0.674200 -1.390000
v -1.316221 -0.674200 -1.553400
v -1.274321 -0.674200 -1.553400
v -1.316221 -0.934100 -1.553400
v -1.274321 -0.934100 -1.553400
v -1.316221 -0.934100 -1.518200
v -1.274321 -0.934100 -1.518200
v -1.316221 -0.674200 -1.518200
v -1.274321 -0.674200 -1.518200
v -1.316221 -0.674200 -1.828100
v -1.274321 -0.674200 -1.828100
v -1.316221 -0.934100 -1.828100
v -1.274321 -0.934100 -1.828100
v -1.316221 -0.934100 -1.792900
v -1.274321 -0.934100 -1.792900
v -1.316221 -0.674200 -1.792900
v -1.274321 -0.674200 -1.792900
v -1.316221 -0.674200 -1.691500
v -1.274321 -0.674200 -1.691500
v -1.316221 -0.934100 -1.691500
v -1.274321 -0.934100 -1.691500
v -1.316221 -0.934100 -1.656300
v -1.274321 -0.934100 -1.656300
v -1.316221 -0.674200 -1.656300
v -1.274321 -0.674200 -1.656300
v -1.294920 -0.024900 -0.692100
v -1.640021 -0.024900 -0.692100
v -1.294920 0.279000 -0.692100
v -1.640021 0.279000 -0.692100
v -1.294920 0.279000 -0.157700
v -1.640021 0.279000 -0.157700
v -1.294920 -0.024900 -0.157700
v -1.640021 -0.024900 -0.157700
v -1.640021 0.033600 -0.651200
v -1.640021 0.033600 -0.322500
v -1.640021 0.220500 -0.322500
v -1.640021 0.220500 -0.651200
v -1.645320 0.033600 -0.651200
v -1.645320 0.033600 -0.322500
v -1.645320 0.220500 -0.322500
v -1.645320 0.220500 -0.651200
v -1.617321 -0.002800 -0.294600
v -1.659221 -0.002800 -0.294600
v -1.617321 0.257100 -0.294600
v -1.659221 0.257100 -0.294600
v -1.617321 0.257100 -0.259400
v -1.659221 0.257100 -0.259400
v -1.617321 -0.002800 -0.259400
v -1.659221 -0.002800 -0.259400
v -1.617321 0.210600 -0.184700
v -1.659221 0.210600 -0.184700
v -1.617321 0.210600 -0.252300
v -1.659221 0.210600 -0.252300
v -1.617321 0.238200 -0.252300
v -1.659221 0.238200 -0.252300
v -1.617321 0.238200 -0.184700
v -1.659221 0.238200 -0.184700
v -1.316221 0.257100 -0.238100
v -1.274321 0.257100 -0.238100
v -1.316221 -0.002800 -0.238100
v -1.274321 -0.002800 -0.238100
v -1.316221 -0.002800 -0.202900
v -1.274321 -0.002800 -0.202900
v -1.316221 0.257100 -0.202900
v -1.274321 0.257100 -0.202900
v -1.316221 0.257100 -0.366300
v -1.274321 0.257100 -0.366300
v -1.316221 -0.002800 -0.366300
v -1.274321 -0.002800 -0.366300
v -1.316221 -0.002800 -0.331100
v -1.274321 -0.002800 -0.331100
v -1.316221 0.257100 -0.331100
v -1.274321 0.257100 -0.331100
v -1.316221 0.257100 -0.641000
v -1.274321 0.257100 -0.641000
v -1.316221 -0.002800 -0.641000
v -1.274321 -0.002800 -0.641000
v -1.316221 -0.002800 -0.605800
v -1.274321 -0.002800 -0.605800
v -1.316221 0.257100 -0.605800
v -1.274321 0.257100 -0.605800
v -1.316221 0.257100 -0.504400
v -1.274321 0.257100 -0.504400
v -1.316221 -0.002800 -0.504400
v -1.274321 -0.002800 -0.504400
v -1.316221 -0.002800 -0.469200
v -1.274321 -0.002800 -0.469200
v -1.316221 0.257100 -0.469200
v -1.274321 0.257100 -0.469200
v -1.294920 -0.024900 0.141100
v -1.640021 -0.024900 0.141100
v -1.294920 0.279000 0.141100
v -1.640021 0.279000 0.141100
v -1.294920 0.279000 0.675500
v -1.640021 0.279000 0.675500
v -1.294920 -0.024900 0.675500
v -1.640021 -0.024900 0.675500
v -1.640021 0.033600 0.182000
v -1.640021 0.033600 0.510700
v -1.640021 0.220500 0.510700
v -1.640021 0.220500 0.182000
v -1.645320 0.033600 0.182000
v -1.645320 0.033600 0.510700
v -1.645320 0.220500 0.510700
v -1.645320 0.220500 0.182000
v -1.617321 -0.002800 0.538600
v -1.659221 -0.002800 0.538600
v -1.617321 0.257100 0.538600
v -1.659221 0.257100 0.538600
v -1.617321 0.257100 0.573800
v -1.659221 0.257100 0.573800
v -1.617321 -0.002800 0.573800
v -1.659221 -0.002800 0.573800
v -1.617321 0.210600 0.648500
v -1.659221 0.210600 0.648500
v -1.617321 0.210600 0.580900
v -1.659221 0.210600 0.580900
v -1.617321 0.238200 0.580900
v -1.659221 0.238200 0.580900
v -1.617321 0.238200 0.648500
v -1.659221 0.238200 0.648500
v -1.316221 0.257100 0.595100
v -1.274321 0.257100 0.595100
v -1.316221 -0.002800 0.595100
v -1.274321 -0.002800 0.595100
v -1.316221 -0.002800 0.630300
v -1.274321 -0.002800 0.630300
v -1.316221 0.257100 0.630300
v -1.274321 0.257100 0.630300
v -1.316221 0.257100 0.466900
v -1.274321 0.257100 0.466900
v -1.316221 -0.002800 0.466900
v -1.274321 -0.002800 0.466900
v -1.316221 -0.002800 0.502100
v -1.274321 -0.002800 0.502100
v -1.316221 0.257100 0.502100
v -1.274321 0.257100 0.502100
v -1.316221 0.257100 0.192200
v -1.274321 0.257100 0.192200
v -1.316221 -0.002800 0.192200
v -1.274321 -0.002800 0.192200
v -1.316221 -0.002800 0.227400
v -1.274321 -0.002800 0.227400
v -1.316221 0.257100 0.227400
v -1.274321 0.257100 0.227400
v -1.316221 0.257100 0.328800
v -1.274321 0.257100 0.328800
v -1.316221 -0.002800 0.328800
v -1.274321 -0.002800 0.328800
v -1.316221 -0.002800 0.364000
v -1.274321 -0.002800 0.364000
v -1.316221 0.257100 0.364000
v -1.274321 0.257100 0.364000
v -1.294920 -0.024900 -0.692100
v -1.640021 -0.024900 -0.692100
v -1.294920 0.279000 -0.692100
v -1.640021 0.279000 -0.692100
v -1.294920 0.279000 -0.157700
v -1.640021 0.279000 -0.157700
v -1.294920 -0.024900 -0.157700
v -1.640021 -0.024900 -0.157700
v -1.640021 0.033600 -0.651200
v -1.640021 0.033600 -0.322500
v -1.640021 0.220500 -0.322500
v -1.640021 0.220500 -0.651200
v -1.645320 0.033600 -0.651200
v -1.645320 0.033600 -0.322500
v -1.645320 0.220500 -0.322500
v -1.645320 0.220500 -0.651200
v -1.617321 -0.002800 -0.294600
v -1.659221 -0.002800 -0.294600
v -1.617321 0.257100 -0.294600
v -1.659221 0.257100 -0.294600
v -1.617321 0.257100 -0.259400
v -1.659221 0.257100 -0.259400
v -1.617321 -0.002800 -0.259400
v -1.659221 -0.002800 -0.259400
v -1.617321 0.210600 -0.184700
v -1.659221 0.210600 -0.184700
v -1.617321 0.210600 -0.252300
v -1.659221 0.210600 -0.252300
v -1.617321 0.238200 -0.252300
v -1.659221 0.238200 -0.252300
v -1.617321 0.238200 -0.184700
v -1.659221 0.238200 -0.184700
v -1.316221 0.257100 -0.238100
v -1.274321 0.257100 -0.238100
v -1.316221 -0.002800 -0.238100
v -1.274321 -0.002800 -0.238100
v -1.316221 -0.002800 -0.202900
v -1.274321 -0.002800 -0.202900
v -1.316221 0.257100 -0.202900
v -1.274321 0.257100 -0.202900
v -1.316221 0.257100 -0.366300
v -1.274321 0.257100 -0.366300
v -1.316221 -0.002800 -0.366300
v -1.274321 -0.002800 -0.366300
v -1.316221 -0.002800 -0.331100
v -1.274321 -0.002800 -0.331100
v -1.316221 0.257100 -0.331100
v -1.274321 0.257100 -0.331100
v -1.316221 0.257100 -0.641000
v -1.274321 0.257100 -0.641000
v -1.316221 -0.002800 -0.641000
v -1.274321 -0.002800 -0.641000
v -1.316221 -0.002800 -0.605800
v -1.274321 -0.002800 -0.605800
v -1.316221 0.257100 -0.605800
v -1.274321 0.257100 -0.605800
v -1.316221 0.257100 -0.504400
v -1.274321 0.257100 -0.504400
v -1.316221 -0.002800 -0.504400
v -1.274321 -0.002800 -0.504400
v -1.316221 -0.002800 -0.469200
v -1.274321 -0.002800 -0.469200
v -1.316221 0.257100 -0.469200
v -1.274321 0.257100 -0.469200
v -1.294920 -0.024900 0.141100
v -1.640021 -0.024900 0.141100
v -1.294920 0.279000 0.141100
v -1.640021 0.279000 0.141100
v -1.294920 0.279000 0.675500
v -1.640021 0.279000 0.675500
v -1.294920 -0.024900 0.675500
v -1.640021 -0.024900 0.675500
v -1.640021 0.033600 0.182000
v -1.640021 0.033600 0.510700
v -1.640021 0.220500 0.510700
v -1.640021 0.220500 0.182000
v -1.645320 0.033600 0.182000
v -1.645320 0.033600 0.510700
v -1.645320 0.220500 0.510700
v -1.645320 0.220500 0.182000
v -1.617321 -0.002800 0.538600
v -1.659221 -0.002800 0.538600
v -1.617321 0.257100 0.538600
v -1.659221 0.257100 0.538600
v -1.617321 0.257100 0.573800
v -1.659221 0.257100 0.573800
v -1.617321 -0.002800 0.573800
v -1.659221 -0.002800 0.573800
v -1.617321 0.210600 0.648500
v -1.659221 0.210600 0.648500
v -1.617321 0.210600 0.580900
v -1.659221 0.210600 0.580900
v -1.617321 0.238200 0.580900
v -1.659221 0.238200 0.580900
v -1.617321 0.238200 0.648500
v -1.659221 0.238200 0.648500
v -1.316221 0.257100 0.595100
v -1.274321 0.257100 0.595100
v -1.316221 -0.002800 0.595100
v -1.274321 -0.002800 0.595100
v -1.316221 -0.002800 0.630300
v -1.274321 -0.002800 0.630300
v -1.316221 0.257100 0.630300
v -1.274321 0.257100 0.630300
v -1.316221 0.257100 0.466900
v -1.274321 0.257100 0.466900
v -1.316221 -0.002800 0.466900
v -1.274321 -0.002800 0.466900
v -1.316221 -0.002800 0.502100
v -1.274321 -0.002800 0.502100
v -1.316221 0.257100 0.502100
v -1.274321 0.257100 0.502100
v -1.316221 0.257100 0.192200
v -1.274321 0.257100 0.192200
v -1.316221 -0.002800 0.192200
v -1.274321 -0.002800 0.192200
v -1.316221 -0.002800 0.227400
v -1.274321 -0.002800 0.227400
v -1.316221 0.257100 0.227400
v -1.274321 0.257100 0.227400
v -1.316221 0.257100 0.328800
v -1.274321 0.257100 0.328800
v -1.316221 -0.002800 0.328800
v -1.274321 -0.002800 0.328800
v -1.316221 -0.002800 0.364000
v -1.274321 -0.002800 0.364000
v -1.316221 0.257100 0.364000
v -1.274321 0.257100 0.364000
v -1.294920 -0.955400 -0.692100
v -1.640021 -0.955400 -0.692100
v -1.294920 -0.651500 -0.692100
v -1.640021 -0.651500 -0.692100
v -1.294920 -0.651500 -0.157700
v -1.640021 -0.651500 -0.157700
v -1.294920 -0.955400 -0.157700
v -1.640021 -0.955400 -0.157700
v -1.640021 -0.896900 -0.651200
v -1.640021 -0.896900 -0.322500
v -1.640021 -0.710000 -0.322500
v -1.640021 -0.710000 -0.651200
v -1.645320 -0.896900 -0.651200
v -1.645320 -0.896900 -0.322500
v -1.645320 -0.710000 -0.322500
v -1.645320 -0.710000 -0.651200
v -1.617321 -0.933300 -0.294600
v -1.659221 -0.933300 -0.294600
v -1.617321 -0.673400 -0.294600
v -1.659221 -0.673400 -0.294600
v -1.617321 -0.673400 -0.259400
v -1.659221 -0.673400 -0.259400
v -1.617321 -0.933300 -0.259400
v -1.659221 -0.933300 -0.259400
v -1.617321 -0.719900 -0.184700
v -1.659221 -0.719900 -0.184700
v -1.617321 -0.719900 -0.252300
v -1.659221 -0.719900 -0.252300
v -1.617321 -0.692300 -0.252300
v -1.659221 -0.692300 -0.252300
v -1.617321 -0.692300 -0.184700
v -1.659221 -0.692300 -0.184700
v -1.316221 -0.673400 -0.238100
v -1.274321 -0.673400 -0.238100
v -1.316221 -0.933300 -0.238100
v -1.274321 -0.933300 -0.238100
v -1.316221 -0.933300 -0.202900
v -1.274321 -0.933300 -0.202900
v -1.316221 -0.673400 -0.202900
v -1.274321 -0.673400 -0.202900
v -1.316221 -0.673400 -0.366300
v -1.274321 -0.673400 -0.366300
v -1.316221 -0.933300 -0.366300
v -1.274321 -0.933300 -0.366300
v -1.316221 -0.933300 -0.331100
v -1.274321 -0.933300 -0.331100
v -1.316221 -0.673400 -0.331100
v -1.274321 -0.673400 -0.331100
v -1.316221 -0.673400 -0.641000
v -1.274321 -0.673400 -0.641000
v -1.316221 -0.933300 -0.641000
v -1.274321 -0.933300 -0.641000
v -1.316221 -0.933300 -0.605800
v -1.274321 -0.933300 -0.605800
v -1.316221 -0.673400 -0.605800
v -1.274321 -0.673400 -0.605800
v -1.316221 -0.673400 -0.504400
v -1.274321 -0.673400 -0.504400
v -1.316221 -0.933300 -0.504400
v -1.274321 -0.933300 -0.504400
v -1.316221 -0.933300 -0.469200
v -1.274321 -0.933300 -0.469200
v -1.316221 -0.673400 -0.469200
v -1.274321 -0.673400 -0.469200
v -1.294920 -0.955400 0.141100
v -1.640021 -0.955400 0.141100
v -1.294920 -0.651500 0.141100
v -1.640021 -0.651500 0.141100
v -1.294920 -0.651500 0.675500
v -1.640021 -0.651500 0.675500
v -1.294920 -0.955400 0.675500
v -1.640021 -0.955400 0.675500
v -1.640021 -0.896900 0.182000
v -1.640021 -0.896900 0.510700
v -1.640021 -0.710000 0.510700
v -1.640021 -0.710000 0.182000
v -1.645320 -0.896900 0.182000
v -1.645320 -0.896900 0.510700
v -1.645320 -0.710000 0.510700
v -1.645320 -0.710000 0.182000
v -1.617321 -0.933300 0.538600
v -1.659221 -0.933300 0.538600
v -1.617321 -0.673400 0.538600
v -1.659221 -0.673400 0.538600
v -1.617321 -0.673400 0.573800
v -1.659221 -0.673400 0.573800
v -1.617321 -0.933300 0.573800
v -1.659221 -0.933300 0.573800
v -1.617321 -0.719900 0.648500
v -1.659221 -0.719900 0.648500
v -1.617321 -0.719900 0.580900
v -1.659221 -0.719900 0.580900
v -1.617321 -0.692300 0.580900
v -1.659221 -0.692300 0.580900
v -1.617321 -0.692300 0.648500
v -1.659221 -0.692300 0.648500
v -1.316221 -0.673400 0.595100
v -1.274321 -0.673400 0.595100
v -1.316221 -0.933300 0.595100
v -1.274321 -0.933300 0.595100
v -1.316221 -0.933300 0.630300
v -1.274321 -0.933300 0.630300
v -1.316221 -0.673400 0.630300
v -1.274321 -0.673400 0.630300
v -1.316221 -0.673400 0.466900
v -1.274321 -0.673400 0.466900
v -1.316221 -0.933300 0.466900
v -1.274321 -0.933300 0.466900
v -1.316221 -0.933300 0.502100
v -1.274321 -0.933300 0.502100
v -1.316221 -0.673400 0.502100
v -1.274321 -0.673400 0.502100
v -1.316221 -0.673400 0.192200
v -1.274321 -0.673400 0.192200
v -1.316221 -0.933300 0.192200
v -1.274321 -0.933300 0.192200
v -1.316221 -0.933300 0.227400
v -1.274321 -0.933300 0.227400
v -1.316221 -0.673400 0.227400
v -1.274321 -0.673400 0.227400
v -1.316221 -0.673400 0.328800
v -1.274321 -0.673400 0.328800
v -1.316221 -0.933300 0.328800
v -1.274321 -0.933300 0.328800
v -1.316221 -0.933300 0.364000
v -1.274321 -0.933300 0.364000
v -1.316221 -0.673400 0.364000
v -1.274321 -0.673400 0.364000
v -1.294920 -0.955400 -0.692100
v -1.640021 -0.955400 -0.692100
v -1.294920 -0.651500 -0.692100
v -1.640021 -0.651500 -0.692100
v -1.294920 -0.651500 -0.157700
v -1.640021 -0.651500 -0.157700
v -1.294920 -0.955400 -0.157700
v -1.640021 -0.955400 -0.157700
v -1.640021 -0.896900 -0.651200
v -1.640021 -0.896900 -0.322500
v -1.640021 -0.710000 -0.322500
v -1.640021 -0.710000 -0.651200
v -1.645320 -0.896900 -0.651200
v -1.645320 -0.896900 -0.322500
v -1.645320 -0.710000 -0.322500
v -1.645320 -0.710000 -0.651200
v -1.617321 -0.933300 -0.294600
v -1.659221 -0.933300 -0.294600
v -1.617321 -0.673400 -0.294600
v -1.659221 -0.673400 -0.294600
v -1.617321 -0.673400 -0.259400
v -1.659221 -0.673400 -0.259400
v -1.617321 -0.933300 -0.259400
v -1.659221 -0.933300 -0.259400
v -1.617321 -0.719900 -0.184700
v -1.659221 -0.719900 -0.184700
v -1.617321 -0.719900 -0.252300
v -1.659221 -0.719900 -0.252300
v -1.617321 -0.692300 -0.252300
v -1.659221 -0.692300 -0.252300
v -1.617321 -0.692300 -0.184700
v -1.659221 -0.692300 -0.184700
v -1.316221 -0.673400 -0.238100
v -1.274321 -0.673400 -0.238100
v -1.316221 -0.933300 -0.238100
v -1.274321 -0.933300 -0.238100
v -1.316221 -0.933300 -0.202900
v -1.274321 -0.933300 -0.202900
v -1.316221 -0.673400 -0.202900
v -1.274321 -0.673400 -0.202900
v -1.316221 -0.673400 -0.366300
v -1.274321 -0.673400 -0.366300
v -1.316221 -0.933300 -0.366300
v -1.274321 -0.933300 -0.366300
v -1.316221 -0.933300 -0.331100
v -1.274321 -0.933300 -0.331100
v -1.316221 -0.673400 -0.331100
v -1.274321 -0.673400 -0.331100
v -1.316221 -0.673400 -0.641000
v -1.274321 -0.673400 -0.641000
v -1.316221 -0.933300 -0.641000
v -1.274321 -0.933300 -0.641000
v -1.316221 -0.933300 -0.605800
v -1.274321 -0.933300 -0.605800
v -1.316221 -0.673400 -0.605800
v -1.274321 -0.673400 -0.605800
v -1.316221 -0.673400 -0.504400
v -1.274321 -0.673400 -0.504400
v -1.316221 -0.933300 -0.504400
v -1.274321 -0.933300 -0.504400
v -1.316221 -0.933300 -0.469200
v -1.274321 -0.933300 -0.469200
v -1.316221 -0.673400 -0.469200
v -1.274321 -0.673400 -0.469200
v -1.294920 -0.955400 0.141100
v -1.640021 -0.955400 0.141100
v -1.294920 -0.651500 0.141100
v -1.640021 -0.651500 0.141100
v -1.294920 -0.651500 0.675500
v -1.640021 -0.651500 0.675500
v -1.294920 -0.955400 0.675500
v -1.640021 -0.955400 0.675500
v -1.640021 -0.896900 0.182000
v -1.640021 -0.896900 0.510700
v -1.640021 -0.710000 0.510700
v -1.640021 -0.710000 0.182000
v -1.645320 -0.896900 0.182000
v -1.645320 -0.896900 0.510700
v -1.645320 -0.710000 0.510700
v -1.645320 -0.710000 0.182000
v -1.617321 -0.933300 0.538600
v -1.659221 -0.933300 0.538600
v -1.617321 -0.673400 0.538600
v -1.659221 -0.673400 0.538600
v -1.617321 -0.673400 0.573800
v -1.659221 -0.673400 0.573800
v -1.617321 -0.933300 0.573800
v -1.659221 -0.933300 0.573800
v -1.617321 -0.719900 0.648500
v -1.659221 -0.719900 0.648500
v -1.617321 -0.719900 0.580900
v -1.659221 -0.719900 0.580900
v -1.617321 -0.692300 0.580900
v -1.659221 -0.692300 0.580900
v -1.617321 -0.692300 0.648500
v -1.659221 -0.692300 0.648500
v -1.316221 -0.673400 0.595100
v -1.274321 -0.673400 0.595100
v -1.316221 -0.933300 0.595100
v -1.274321 -0.933300 0.595100
v -1.316221 -0.933300 0.630300
v -1.274321 -0.933300 0.630300
v -1.316221 -0.673400 0.630300
v -1.274321 -0.673400 0.630300
v -1.316221 -0.673400 0.466900
v -1.274321 -0.673400 0.466900
v -1.316221 -0.933300 0.466900
v -1.274321 -0.933300 0.466900
v -1.316221 -0.933300 0.502100
v -1.274321 -0.933300 0.502100
v -1.316221 -0.673400 0.502100
v -1.274321 -0.673400 0.502100
v -1.316221 -0.673400 0.192200
v -1.274321 -0.673400 0.192200
v -1.316221 -0.933300 0.192200
v -1.274321 -0.933300 0.192200
v -1.316221 -0.933300 0.227400
v -1.274321 -0.933300 0.227400
v -1.316221 -0.673400 0.227400
v -1.274321 -0.673400 0.227400
v -1.316221 -0.673400 0.328800
v -1.274321 -0.673400 0.328800
v -1.316221 -0.933300 0.328800
v -1.274321 -0.933300 0.328800
v -1.316221 -0.933300 0.364000
v -1.274321 -0.933300 0.364000
v -1.316221 -0.673400 0.364000
v -1.274321 -0.673400 0.364000
v -1.294920 -0.026000 1.344200
v -1.640021 -0.026000 1.344200
v -1.294920 0.277900 1.344200
v -1.640021 0.277900 1.344200
v -1.294920 0.277900 1.878600
v -1.640021 0.277900 1.878600
v -1.294920 -0.026000 1.878600
v -1.640021 -0.026000 1.878600
v -1.640021 0.032500 1.385100
v -1.640021 0.032500 1.713800
v -1.640021 0.219400 1.713800
v -1.640021 0.219400 1.385100
v -1.645320 0.032500 1.385100
v -1.645320 0.032500 1.713800
v -1.645320 0.219400 1.713800
v -1.645320 0.219400 1.385100
v -1.617321 -0.003900 1.741700
v -1.659221 -0.003900 1.741700
v -1.617321 0.256000 1.741700
v -1.659221 0.256000 1.741700
v -1.617321 0.256000 1.776900
v -1.659221 0.256000 1.776900
v -1.617321 -0.003900 1.776900
v -1.659221 -0.003900 1.776900
v -1.617321 0.209500 1.851600
v -1.659221 0.209500 1.851600
v -1.617321 0.209500 1.784000
v -1.659221 0.209500 1.784000
v -1.617321 0.237100 1.784000
v -1.659221 0.237100 1.784000
v -1.617321 0.237100 1.851600
v -1.659221 0.237100 1.851600
v -1.316221 0.256000 1.798200
v -1.274321 0.256000 1.798200
v -1.316221 -0.003900 1.798200
v -1.274321 -0.003900 1.798200
v -1.316221 -0.003900 1.833400
v -1.274321 -0.003900 1.833400
v -1.316221 0.256000 1.833400
v -1.274321 0.256000 1.833400
v -1.316221 0.256000 1.670000
v -1.274321 0.256000 1.670000
v -1.316221 -0.003900 1.670000
v -1.274321 -0.003900 1.670000
v -1.316221 -0.003900 1.705200
v -1.274321 -0.003900 1.705200
v -1.316221 0.256000 1.705200
v -1.274321 0.256000 1.705200
v -1.316221 0.256000 1.395300
v -1.274321 0.256000 1.395300
v -1.316221 -0.003900 1.395300
v -1.274321 -0.003900 1.395300
v -1.316221 -0.003900 1.430500
v -1.274321 -0.003900 1.430500
v -1.316221 0.256000 1.430500
v -1.274321 0.256000 1.430500
v -1.316221 0.256000 1.531900
v -1.274321 0.256000 1.531900
v -1.316221 -0.003900 1.531900
v -1.274321 -0.003900 1.531900
v -1.316221 -0.003900 1.567100
v -1.274321 -0.003900 1.567100
v -1.316221 0.256000 1.567100
v -1.274321 0.256000 1.567100
v -1.294920 -0.026000 2.177400
v -1.640021 -0.026000 2.177400
v -1.294920 0.277900 2.177400
v -1.640021 0.277900 2.177400
v -1.294920 0.277900 2.711800
v -1.640021 0.277900 2.711800
v -1.294920 -0.026000 2.711800
v -1.640021 -0.026000 2.711800
v -1.640021 0.032500 2.218300
v -1.640021 0.032500 2.547000
v -1.640021 0.219400 2.547000
v -1.640021 0.219400 2.218300
v -1.645320 0.032500 2.218300
v -1.645320 0.032500 2.547000
v -1.645320 0.219400 2.547000
v -1.645320 0.219400 2.218300
v -1.617321 -0.003900 2.574900
v -1.659221 -0.003900 2.574900
v -1.617321 0.256000 2.574900
v -1.659221 0.256000 2.574900
v -1.617321 0.256000 2.610100
v -1.659221 0.256000 2.610100
v -1.617321 -0.003900 2.610100
v -1.659221 -0.003900 2.610100
v -1.617321 0.209500 2.684800
v -1.659221 0.209500 2.684800
v -1.617321 0.209500 2.617200
v -1.659221 0.209500 2.617200
v -1.617321 0.237100 2.617200
v -1.659221 0.237100 2.617200
v -1.617321 0.237100 2.684800
v -1.659221 0.237100 2.684800
v -1.316221 0.256000 2.631400
v -1.274321 0.256000 2.631400
v -1.316221 -0.003900 2.631400
v -1.274321 -0.003900 2.631400
v -1.316221 -0.003900 2.666600
v -1.274321 -0.003900 2.666600
v -1.316221 0.256000 2.666600
v -1.274321 0.256000 2.666600
v -1.316221 0.256000 2.503200
v -1.274321 0.256000 2.503200
v -1.316221 -0.003900 2.503200
v -1.274321 -0.003900 2.503200
v -1.316221 -0.003900 2.538400
v -1.274321 -0.003900 2.538400
v -1.316221 0.256000 2.538400
v -1.274321 0.256000 2.538400
v -1.316221 0.256000 2.228500
v -1.274321 0.256000 2.228500
v -1.316221 -0.003900 2.228500
v -1.274321 -0.003900 2.228500
v -1.316221 -0.003900 2.263700
v -1.274321 -0.003900 2.263700
v -1.316221 0.256000 2.263700
v -1.274321 0.256000 2.263700
v -1.316221 0.256000 2.365100
v -1.274321 0.256000 2.365100
v -1.316221 -0.003900 2.365100
v -1.274321 -0.003900 2.365100
v -1.316221 -0.003900 2.400300
v -1.274321 -0.003900 2.400300
v -1.316221 0.256000 2.400300
v -1.274321 0.256000 2.400300
v -1.294920 -0.026000 1.344200
v -1.640021 -0.026000 1.344200
v -1.294920 0.277900 1.344200
v -1.640021 0.277900 1.344200
v -1.294920 0.277900 1.878600
v -1.640021 0.277900 1.878600
v -1.294920 -0.026000 1.878600
v -1.640021 -0.026000 1.878600
v -1.640021 0.032500 1.385100
v -1.640021 0.032500 1.713800
v -1.640021 0.219400 1.713800
v -1.640021 0.219400 1.385100
v -1.645320 0.032500 1.385100
v -1.645320 0.032500 1.713800
v -1.645320 0.219400 1.713800
v -1.645320 0.219400 1.385100
v -1.617321 -0.003900 1.741700
v -1.659221 -0.003900 1.741700
v -1.617321 0.256000 1.741700
v -1.659221 0.256000 1.741700
v -1.617321 0.256000 1.776900
v -1.659221 0.256000 1.776900
v -1.617321 -0.003900 1.776900
v -1.659221 -0.003900 1.776900
v -1.617321 0.209500 1.851600
v -1.659221 0.209500 1.851600
v -1.617321 0.209500 1.784000
v -1.659221 0.209500 1.784000
v -1.617321 0.237100 1.784000
v -1.659221 0.237100 1.784000
v -1.617321 0.237100 1.851600
v -1.659221 0.237100 1.851600
v -1.316221 0.256000 1.798200
v -1.274321 0.256000 1.798200
v -1.316221 -0.003900 1.798200
v -1.274321 -0.003900 1.798200
v -1.316221 -0.003900 1.833400
v -1.274321 -0.003900 1.833400
v -1.316221 0.256000 1.833400
v -1.274321 0.256000 1.833400
v -1.316221 0.256000 1.670000
v -1.274321 0.256000 1.670000
v -1.316221 -0.003900 1.670000
v -1.274321 -0.003900 1.670000
v -1.316221 -0.003900 1.705200
v -1.274321 -0.003900 1.705200
v -1.316221 0.256000 1.705200
v -1.274321 0.256000 1.705200
v -1.316221 0.256000 1.395300
v -1.274321 0.256000 1.395300
v -1.316221 -0.003900 1.395300
v -1.274321 -0.003900 1.395300
v -1.316221 -0.003900 1.430500
v -1.274321 -0.003900 1.430500
v -1.316221 0.256000 1.430500
v -1.274321 0.256000 1.430500
v -1.316221 0.256000 1.531900
v -1.274321 0.256000 1.531900
v -1.316221 -0.003900 1.531900
v -1.274321 -0.003900 1.531900
v -1.316221 -0.003900 1.567100
v -1.274321 -0.003900 1.567100
v -1.316221 0.256000 1.567100
v -1.274321 0.256000 1.567100
v -1.294920 -0.026000 2.177400
v -1.640021 -0.026000 2.177400
v -1.294920 0.277900 2.177400
v -1.640021 0.277900 2.177400
v -1.294920 0.277900 2.711800
v -1.640021 0.277900 2.711800
v -1.294920 -0.026000 2.711800
v -1.640021 -0.026000 2.711800
v -1.640021 0.032500 2.218300
v -1.640021 0.032500 2.547000
v -1.640021 0.219400 2.547000
v -1.640021 0.219400 2.218300
v -1.645320 0.032500 2.218300
v -1.645320 0.032500 2.547000
v -1.645320 0.219400 2.547000
v -1.645320 0.219400 2.218300
v -1.617321 -0.003900 2.574900
v -1.659221 -0.003900 2.574900
v -1.617321 0.256000 2.574900
v -1.659221 0.256000 2.574900
v -1.617321 0.256000 2.610100
v -1.659221 0.256000 2.610100
v -1.617321 -0.003900 2.610100
v -1.659221 -0.003900 2.610100
v -1.617321 0.209500 2.684800
v -1.659221 0.209500 2.684800
v -1.617321 0.209500 2.617200
v -1.659221 0.209500 2.617200
v -1.617321 0.237100 2.617200
v -1.659221 0.237100 2.617200
v -1.617321 0.237100 2.684800
v -1.659221 0.237100 2.684800
v -1.316221 0.256000 2.631400
v -1.274321 0.256000 2.631400
v -1.316221 -0.003900 2.631400
v -1.274321 -0.003900 2.631400
v -1.316221 -0.003900 2.666600
v -1.274321 -0.003900 2.666600
v -1.316221 0.256000 2.666600
v -1.274321 0.256000 2.666600
v -1.316221 0.256000 2.503200
v -1.274321 0.256000 2.503200
v -1.316221 -0.003900 2.503200
v -1.274321 -0.003900 2.503200
v -1.316221 -0.003900 2.538400
v -1.274321 -0.003900 2.538400
v -1.316221 0.256000 2.538400
v -1.274321 0.256000 2.538400
v -1.316221 0.256000 2.228500
v -1.274321 0.256000 2.228500
v -1.316221 -0.003900 2.228500
v -1.274321 -0.003900 2.228500
v -1.316221 -0.003900 2.263700
v -1.274321 -0.003900 2.263700
v -1.316221 0.256000 2.263700
v -1.274321 0.256000 2.263700
v -1.316221 0.256000 2.365100
v -1.274321 0.256000 2.365100
v -1.316221 -0.003900 2.365100
v -1.274321 -0.003900 2.365100
v -1.316221 -0.003900 2.400300
v -1.274321 -0.003900 2.400300
v -1.316221 0.256000 2.400300
v -1.274321 0.256000 2.400300
v -1.294920 -0.955400 1.344200
v -1.640021 -0.955400 1.344200
v -1.294920 -0.651500 1.344200
v -1.640021 -0.651500 1.344200
v -1.294920 -0.651500 1.878600
v -1.640021 -0.651500 1.878600
v -1.294920 -0.955400 1.878600
v -1.640021 -0.955400 1.878600
v -1.640021 -0.896900 1.385100
v -1.640021 -0.896900 1.713800
v -1.640021 -0.710000 1.713800
v -1.640021 -0.710000 1.385100
v -1.645320 -0.896900 1.385100
v -1.645320 -0.896900 1.713800
v -1.645320 -0.710000 1.713800
v -1.645320 -0.710000 1.385100
v -1.617321 -0.933300 1.741700
v -1.659221 -0.933300 1.741700
v -1.617321 -0.673400 1.741700
v -1.659221 -0.673400 1.741700
v -1.617321 -0.673400 1.776900
v -1.659221 -0.673400 1.776900
v -1.617321 -0.933300 1.776900
v -1.659221 -0.933300 1.776900
v -1.617321 -0.719900 1.851600
v -1.659221 -0.719900 1.851600
v -1.617321 -0.719900 1.784000
v -1.659221 -0.719900 1.784000
v -1.617321 -0.692300 1.784000
v -1.659221 -0.692300 1.784000
v -1.617321 -0.692300 1.851600
v -1.659221 -0.692300 1.851600
v -1.316221 -0.673400 1.798200
v -1.274321 -0.673400 1.798200
v -1.316221 -0.933300 1.798200
v -1.274321 -0.933300 1.798200
v -1.316221 -0.933300 1.833400
v -1.274321 -0.933300 1.833400
v -1.316221 -0.673400 1.833400
v -1.274321 -0.673400 1.833400
v -1.316221 -0.673400 1.670000
v -1.274321 -0.673400 1.670000
v -1.316221 -0.933300 1.670000
v -1.274321 -0.933300 1.670000
v -1.316221 -0.933300 1.705200
v -1.274321 -0.933300 1.705200
v -1.316221 -0.673400 1.705200
v -1.274321 -0.673400 1.705200
v -1.316221 -0.673400 1.395300
v -1.274321 -0.673400 1.395300
v -1.316221 -0.933300 1.395300
v -1.274321 -0.933300 1.395300
v -1.316221 -0.933300 1.430500
v -1.274321 -0.933300 1.430500
v -1.316221 -0.673400 1.430500
v -1.274321 -0.673400 1.430500
v -1.316221 -0.673400 1.531900
v -1.274321 -0.673400 1.531900
v -1.316221 -0.933300 1.531900
v -1.274321 -0.933300 1.531900
v -1.316221 -0.933300 1.567100
v -1.274321 -0.933300 1.567100
v -1.316221 -0.673400 1.567100
v -1.274321 -0.673400 1.567100
v -1.294920 -0.955400 2.177400
v -1.640021 -0.955400 2.177400
v -1.294920 -0.651500 2.177400
v -1.640021 -0.651500 2.177400
v -1.294920 -0.651500 2.711800
v -1.640021 -0.651500 2.711800
v -1.294920 -0.955400 2.711800
v -1.640021 -0.955400 2.711800
v -1.640021 -0.896900 2.218300
v -1.640021 -0.896900 2.547000
v -1.640021 -0.710000 2.547000
v -1.640021 -0.710000 2.218300
v -1.645320 -0.896900 2.218300
v -1.645320 -0.896900 2.547000
v -1.645320 -0.710000 2.547000
v -1.645320 -0.710000 2.218300
v -1.617321 -0.933300 2.574900
v -1.659221 -0.933300 2.574900
v -1.617321 -0.673400 2.574900
v -1.659221 -0.673400 2.574900
v -1.617321 -0.673400 2.610100
v -1.659221 -0.673400 2.610100
v -1.617321 -0.933300 2.610100
v -1.659221 -0.933300 2.610100
v -1.617321 -0.719900 2.684800
v -1.659221 -0.719900 2.684800
v -1.617321 -0.719900 2.617200
v -1.659221 -0.719900 2.617200
v -1.617321 -0.692300 2.617200
v -1.659221 -0.692300 2.617200
v -1.617321 -0.692300 2.684800
v -1.659221 -0.692300 2.684800
v -1.316221 -0.673400 2.631400
v -1.274321 -0.673400 2.631400
v -1.316221 -0.933300 2.631400
v -1.274321 -0.933300 2.631400
v -1.316221 -0.933300 2.666600
v -1.274321 -0.933300 2.666600
v -1.316221 -0.673400 2.666600
v -1.274321 -0.673400 2.666600
v -1.316221 -0.673400 2.503200
v -1.274321 -0.673400 2.503200
v -1.316221 -0.933300 2.503200
v -1.274321 -0.933300 2.503200
v -1.316221 -0.933300 2.538400
v -1.274321 -0.933300 2.538400
v -1.316221 -0.673400 2.538400
v -1.274321 -0.673400 2.538400
v -1.316221 -0.673400 2.228500
v -1.274321 -0.673400 2.228500
v -1.316221 -0.933300 2.228500
v -1.274321 -0.933300 2.228500
v -1.316221 -0.933300 2.263700
v -1.274321 -0.933300 2.263700
v -1.316221 -0.673400 2.263700
v -1.274321 -0.673400 2.263700
v -1.316221 -0.673400 2.365100
v -1.274321 -0.673400 2.365100
v -1.316221 -0.933300 2.365100
v -1.274321 -0.933300 2.365100
v -1.316221 -0.933300 2.400300
v -1.274321 -0.933300 2.400300
v -1.316221 -0.673400 2.400300
v -1.274321 -0.673400 2.400300
v -1.294920 -0.955400 1.344200
v -1.640021 -0.955400 1.344200
v -1.294920 -0.651500 1.344200
v -1.640021 -0.651500 1.344200
v -1.294920 -0.651500 1.878600
v -1.640021 -0.651500 1.878600
v -1.294920 -0.955400 1.878600
v -1.640021 -0.955400 1.878600
v -1.640021 -0.896900 1.385100
v -1.640021 -0.896900 1.713800
v -1.640021 -0.710000 1.713800
v -1.640021 -0.710000 1.385100
v -1.645320 -0.896900 1.385100
v -1.645320 -0.896900 1.713800
v -1.645320 -0.710000 1.713800
v -1.645320 -0.710000 1.385100
v -1.617321 -0.933300 1.741700
v -1.659221 -0.933300 1.741700
v -1.617321 -0.673400 1.741700
v -1.659221 -0.673400 1.741700
v -1.617321 -0.673400 1.776900
v -1.659221 -0.673400 1.776900
v -1.617321 -0.933300 1.776900
v -1.659221 -0.933300 1.776900
v -1.617321 -0.719900 1.851600
v -1.659221 -0.719900 1.851600
v -1.617321 -0.719900 1.784000
v -1.659221 -0.719900 1.784000
v -1.617321 -0.692300 1.784000
v -1.659221 -0.692300 1.784000
v -1.617321 -0.692300 1.851600
v -1.659221 -0.692300 1.851600
v -1.316221 -0.673400 1.798200
v -1.274321 -0.673400 1.798200
v -1.316221 -0.933300 1.798200
v -1.274321 -0.933300 1.798200
v -1.316221 -0.933300 1.833400
v -1.274321 -0.933300 1.833400
v -1.316221 -0.673400 1.833400
v -1.274321 -0.673400 1.833400
v -1.316221 -0.673400 1.670000
v -1.274321 -0.673400 1.670000
v -1.316221 -0.933300 1.670000
v -1.274321 -0.933300 1.670000
v -1.316221 -0.933300 1.705200
v -1.274321 -0.933300 1.705200
v -1.316221 -0.673400 1.705200
v -1.274321 -0.673400 1.705200
v -1.316221 -0.673400 1.395300
v -1.274321 -0.673400 1.395300
v -1.316221 -0.933300 1.395300
v -1.274321 -0.933300 1.395300
v -1.316221 -0.933300 1.430500
v -1.274321 -0.933300 1.430500
v -1.316221 -0.673400 1.430500
v -1.274321 -0.673400 1.430500
v -1.316221 -0.673400 1.531900
v -1.274321 -0.673400 1.531900
v -1.316221 -0.933300 1.531900
v -1.274321 -0.933300 1.531900
v -1.316221 -0.933300 1.567100
v -1.274321 -0.933300 1.567100
v -1.316221 -0.673400 1.567100
v -1.274321 -0.673400 1.567100
v -1.294920 -0.955400 2.177400
v -1.640021 -0.955400 2.177400
v -1.294920 -0.651500 2.177400
v -1.640021 -0.651500 2.177400
v -1.294920 -0.651500 2.711800
v -1.640021 -0.651500 2.711800
v -1.294920 -0.955400 2.711800
v -1.640021 -0.955400 2.711800
v -1.640021 -0.896900 2.218300
v -1.640021 -0.896900 2.547000
v -1.640021 -0.710000 2.547000
v -1.640021 -0.710000 2.218300
v -1.645320 -0.896900 2.218300
v -1.645320 -0.896900 2.547000
v -1.645320 -0.710000 2.547000
v -1.645320 -0.710000 2.218300
v -1.617321 -0.933300 2.574900
v -1.659221 -0.933300 2.574900
v -1.617321 -0.673400 2.574900
v -1.659221 -0.673400 2.574900
v -1.617321 -0.673400 2.610100
v -1.659221 -0.673400 2.610100
v -1.617321 -0.933300 2.610100
v -1.659221 -0.933300 2.610100
v -1.617321 -0.719900 2.684800
v -1.659221 -0.719900 2.684800
v -1.617321 -0.719900 2.617200
v -1.659221 -0.719900 2.617200
v -1.617321 -0.692300 2.617200
v -1.659221 -0.692300 2.617200
v -1.617321 -0.692300 2.684800
v -1.659221 -0.692300 2.684800
v -1.316221 -0.673400 2.631400
v -1.274321 -0.673400 2.631400
v -1.316221 -0.933300 2.631400
v -1.274321 -0.933300 2.631400
v -1.316221 -0.933300 2.666600
v -1.274321 -0.933300 2.666600
v -1.316221 -0.673400 2.666600
v -1.274321 -0.673400 2.666600
v -1.316221 -0.673400 2.503200
v -1.274321 -0.673400 2.503200
v -1.316221 -0.933300 2.503200
v -1.274321 -0.933300 2.503200
v -1.316221 -0.933300 2.538400
v -1.274321 -0.933300 2.538400
v -1.316221 -0.673400 2.538400
v -1.274321 -0.673400 2.538400
v -1.316221 -0.673400 2.228500
v -1.274321 -0.673400 2.228500
v -1.316221 -0.933300 2.228500
v -1.274321 -0.933300 2.228500
v -1.316221 -0.933300 2.263700
v -1.274321 -0.933300 2.263700
v -1.316221 -0.673400 2.263700
v -1.274321 -0.673400 2.263700
v -1.316221 -0.673400 2.365100
v -1.274321 -0.673400 2.365100
v -1.316221 -0.933300 2.365100
v -1.274321 -0.933300 2.365100
v -1.316221 -0.933300 2.400300
v -1.274321 -0.933300 2.400300
v -1.316221 -0.673400 2.400300
v -1.274321 -0.673400 2.400300
v 1.265579 -0.025400 2.713200
v 1.610779 -0.025400 2.713200
v 1.265579 0.278500 2.713200
v 1.610779 0.278500 2.713200
v 1.265579 0.278500 2.178900
v 1.610779 0.278500 2.178900
v 1.265579 -0.025400 2.178900
v 1.610779 -0.025400 2.178900
v 1.610779 0.033100 2.672400
v 1.610779 0.033100 2.343700
v 1.610779 0.220000 2.343700
v 1.610779 0.220000 2.672400
v 1.616078 0.033100 2.672400
v 1.616078 0.033100 2.343700
v 1.616078 0.220000 2.343700
v 1.616078 0.220000 2.672400
v 1.588079 -0.003300 2.315800
v 1.629879 -0.003300 2.315800
v 1.588079 0.256600 2.315800
v 1.629879 0.256600 2.315800
v 1.588079 0.256600 2.280500
v 1.629879 0.256600 2.280500
v 1.588079 -0.003300 2.280500
v 1.629879 -0.003300 2.280500
v 1.588079 0.210100 2.205800
v 1.629879 0.210100 2.205800
v 1.588079 0.210100 2.273400
v 1.629879 0.210100 2.273400
v 1.588079 0.237700 2.273400
v 1.629879 0.237700 2.273400
v 1.588079 0.237700 2.205800
v 1.629879 0.237700 2.205800
v 1.286879 0.256600 2.259300
v 1.245080 0.256600 2.259300
v 1.286879 -0.003300 2.259300
v 1.245080 -0.003300 2.259300
v 1.286879 -0.003300 2.224000
v 1.245080 -0.003300 2.224000
v 1.286879 0.256600 2.224000
v 1.245080 0.256600 2.224000
v 1.286879 0.256600 2.387500
v 1.245080 0.256600 2.387500
v 1.286879 -0.003300 2.387500
v 1.245080 -0.003300 2.387500
v 1.286879 -0.003300 2.352200
v 1.245080 -0.003300 2.352200
v 1.286879 0.256600 2.352200
v 1.245080 0.256600 2.352200
v 1.286879 0.256600 2.662200
v 1.245080 0.256600 2.662200
v 1.286879 -0.003300 2.662200
v 1.245080 -0.003300 2.662200
v 1.286879 -0.003300 2.626900
v 1.245080 -0.003300 2.626900
v 1.286879 0.256600 2.626900
v 1.245080 0.256600 2.626900
v 1.286879 0.256600 2.525600
v 1.245080 0.256600 2.525600
v 1.286879 -0.003300 2.525600
v 1.245080 -0.003300 2.525600
v 1.286879 -0.003300 2.490300
v 1.245080 -0.003300 2.490300
v 1.286879 0.256600 2.490300
v 1.245080 0.256600 2.490300
v 1.265579 -0.025400 1.880000
v 1.610779 -0.025400 1.880000
v 1.265579 0.278500 1.880000
v 1.610779 0.278500 1.880000
v 1.265579 0.278500 1.345700
v 1.610779 0.278500 1.345700
v 1.265579 -0.025400 1.345700
v 1.610779 -0.025400 1.345700
v 1.610779 0.033100 1.839200
v 1.610779 0.033100 1.510500
v 1.610779 0.220000 1.510500
v 1.610779 0.220000 1.839200
v 1.616078 0.033100 1.839200
v 1.616078 0.033100 1.510500
v 1.616078 0.220000 1.510500
v 1.616078 0.220000 1.839200
v 1.588079 -0.003300 1.482600
v 1.629879 -0.003300 1.482600
v 1.588079 0.256600 1.482600
v 1.629879 0.256600 1.482600
v 1.588079 0.256600 1.447300
v 1.629879 0.256600 1.447300
v 1.588079 -0.003300 1.447300
v 1.629879 -0.003300 1.447300
v 1.588079 0.210100 1.372600
v 1.629879 0.210100 1.372600
v 1.588079 0.210100 1.440200
v 1.629879 0.210100 1.440200
v 1.588079 0.237700 1.440200
v 1.629879 0.237700 1.440200
v 1.588079 0.237700 1.372600
v 1.629879 0.237700 1.372600
v 1.286879 0.256600 1.426100
v 1.245080 0.256600 1.426100
v 1.286879 -0.003300 1.426100
v 1.245080 -0.003300 1.426100
v 1.286879 -0.003300 1.390800
v 1.245080 -0.003300 1.390800
v 1.286879 0.256600 1.390800
v 1.245080 0.256600 1.390800
v 1.286879 0.256600 1.554300
v 1.245080 0.256600 1.554300
v 1.286879 -0.003300 1.554300
v 1.245080 -0.003300 1.554300
v 1.286879 -0.003300 1.519000
v 1.245080 -0.003300 1.519000
v 1.286879 0.256600 1.519000
v 1.245080 0.256600 1.519000
v 1.286879 0.256600 1.829000
v 1.245080 0.256600 1.829000
v 1.286879 -0.003300 1.829000
v 1.245080 -0.003300 1.829000
v 1.286879 -0.003300 1.793700
v 1.245080 -0.003300 1.793700
v 1.286879 0.256600 1.793700
v 1.245080 0.256600 1.793700
v 1.286879 0.256600 1.692400
v 1.245080 0.256600 1.692400
v 1.286879 -0.003300 1.692400
v 1.245080 -0.003300 1.692400
v 1.286879 -0.003300 1.657100
v 1.245080 -0.003300 1.657100
v 1.286879 0.256600 1.657100
v 1.245080 0.256600 1.657100
v 1.265579 -0.025400 2.713200
v 1.610779 -0.025400 2.713200
v 1.265579 0.278500 2.713200
v 1.610779 0.278500 2.713200
v 1.265579 0.278500 2.178900
v 1.610779 0.278500 2.178900
v 1.265579 -0.025400 2.178900
v 1.610779 -0.025400 2.178900
v 1.610779 0.033100 2.672400
v 1.610779 0.033100 2.343700
v 1.610779 0.220000 2.343700
v 1.610779 0.220000 2.672400
v 1.616078 0.033100 2.672400
v 1.616078 0.033100 2.343700
v 1.616078 0.220000 2.343700
v 1.616078 0.220000 2.672400
v 1.588079 -0.003300 2.315800
v 1.629879 -0.003300 2.315800
v 1.588079 0.256600 2.315800
v 1.629879 0.256600 2.315800
v 1.588079 0.256600 2.280500
v 1.629879 0.256600 2.280500
v 1.588079 -0.003300 2.280500
v 1.629879 -0.003300 2.280500
v 1.588079 0.210100 2.205800
v 1.629879 0.210100 2.205800
v 1.588079 0.210100 2.273400
v 1.629879 0.210100 2.273400
v 1.588079 0.237700 2.273400
v 1.629879 0.237700 2.273400
v 1.588079 0.237700 2.205800
v 1.629879 0.237700 2.205800
v 1.286879 0.256600 2.259300
v 1.245080 0.256600 2.259300
v 1.286879 -0.003300 2.259300
v 1.245080 -0.003300 2.259300
v 1.286879 -0.003300 2.224000
v 1.245080 -0.003300 2.224000
v 1.286879 0.256600 2.224000
v 1.245080 0.256600 2.224000
v 1.286879 0.256600 2.387500
v 1.245080 0.256600 2.387500
v 1.286879 -0.003300 2.387500
v 1.245080 -0.003300 2.387500
v 1.286879 -0.003300 2.352200
v 1.245080 -0.003300 2.352200
v 1.286879 0.256600 2.352200
v 1.245080 0.256600 2.352200
v 1.286879 0.256600 2.662200
v 1.245080 0.256600 2.662200
v 1.286879 -0.003300 2.662200
v 1.245080 -0.003300 2.662200
v 1.286879 -0.003300 2.626900
v 1.245080 -0.003300 2.626900
v 1.286879 0.256600 2.626900
v 1.245080 0.256600 2.626900
v 1.286879 0.256600 2.525600
v 1.245080 0.256600 2.525600
v 1.286879 -0.003300 2.525600
v 1.245080 -0.003300 2.525600
v 1.286879 -0.003300 2.490300
v 1.245080 -0.003300 2.490300
v 1.286879 0.256600 2.490300
v 1.245080 0.256600 2.490300
v 1.265579 -0.025400 1.880000
v 1.610779 -0.025400 1.880000
v 1.265579 0.278500 1.880000
v 1.610779 0.278500 1.880000
v 1.265579 0.278500 1.345700
v 1.610779 0.278500 1.345700
v 1.265579 -0.025400 1.345700
v 1.610779 -0.025400 1.345700
v 1.610779 0.033100 1.839200
v 1.610779 0.033100 1.510500
v 1.610779 0.220000 1.510500
v 1.610779 0.220000 1.839200
v 1.616078 0.033100 1.839200
v 1.616078 0.033100 1.510500
v 1.616078 0.220000 1.510500
v 1.616078 0.220000 1.839200
v 1.588079 -0.003300 1.482600
v 1.629879 -0.003300 1.482600
v 1.588079 0.256600 1.482600
v 1.629879 0.256600 1.482600
v 1.588079 0.256600 1.447300
v 1.629879 0.256600 1.447300
v 1.588079 -0.003300 1.447300
v 1.629879 -0.003300 1.447300
v 1.588079 0.210100 1.372600
v 1.629879 0.210100 1.372600
v 1.588079 0.210100 1.440200
v 1.629879 0.210100 1.440200
v 1.588079 0.237700 1.440200
v 1.629879 0.237700 1.440200
v 1.588079 0.237700 1.372600
v 1.629879 0.237700 1.372600
v 1.286879 0.256600 1.426100
v 1.245080 0.256600 1.426100
v 1.286879 -0.003300 1.426100
v 1.245080 -0.003300 1.426100
v 1.286879 -0.003300 1.390800
v 1.245080 -0.003300 1.390800
v 1.286879 0.256600 1.390800
v 1.245080 0.256600 1.390800
v 1.286879 0.256600 1.554300
v 1.245080 0.256600 1.554300
v 1.286879 -0.003300 1.554300
v 1.245080 -0.003300 1.554300
v 1.286879 -0.003300 1.519000
v 1.245080 -0.003300 1.519000
v 1.286879 0.256600 1.519000
v 1.245080 0.256600 1.519000
v 1.286879 0.256600 1.829000
v 1.245080 0.256600 1.829000
v 1.286879 -0.003300 1.829000
v 1.245080 -0.003300 1.829000
v 1.286879 -0.003300 1.793700
v 1.245080 -0.003300 1.793700
v 1.286879 0.256600 1.793700
v 1.245080 0.256600 1.793700
v 1.286879 0.256600 1.692400
v 1.245080 0.256600 1.692400
v 1.286879 -0.003300 1.692400
v 1.245080 -0.003300 1.692400
v 1.286879 -0.003300 1.657100
v 1.245080 -0.003300 1.657100
v 1.286879 0.256600 1.657100
v 1.245080 0.256600 1.657100
v 1.265579 -0.954100 2.713200
v 1.610779 -0.954100 2.713200
v 1.265579 -0.650200 2.713200
v 1.610779 -0.650200 2.713200
v 1.265579 -0.650200 2.178900
v 1.610779 -0.650200 2.178900
v 1.265579 -0.954100 2.178900
v 1.610779 -0.954100 2.178900
v 1.610779 -0.895600 2.672400
v 1.610779 -0.895600 2.343700
v 1.610779 -0.708700 2.343700
v 1.610779 -0.708700 2.672400
v 1.616078 -0.895600 2.672400
v 1.616078 -0.895600 2.343700
v 1.616078 -0.708700 2.343700
v 1.616078 -0.708700 2.672400
v 1.588079 -0.932000 2.315800
v 1.629879 -0.932000 2.315800
v 1.588079 -0.672100 2.315800
v 1.629879 -0.672100 2.315800
v 1.588079 -0.672100 2.280500
v 1.629879 -0.672100 2.280500
v 1.588079 -0.932000 2.280500
v 1.629879 -0.932000 2.280500
v 1.588079 -0.718600 2.205800
v 1.629879 -0.718600 2.205800
v 1.588079 -0.718600 2.273400
v 1.629879 -0.718600 2.273400
v 1.588079 -0.691000 2.273400
v 1.629879 -0.691000 2.273400
v 1.588079 -0.691000 2.205800
v 1.629879 -0.691000 2.205800
v 1.286879 -0.672100 2.259300
v 1.245080 -0.672100 2.259300
v 1.286879 -0.932000 2.259300
v 1.245080 -0.932000 2.259300
v 1.286879 -0.932000 2.224000
v 1.245080 -0.932000 2.224000
v 1.286879 -0.672100 2.224000
v 1.245080 -0.672100 2.224000
v 1.286879 -0.672100 2.387500
v 1.245080 -0.672100 2.387500
v 1.286879 -0.932000 2.387500
v 1.245080 -0.932000 2.387500
v 1.286879 -0.932000 2.352200
v 1.245080 -0.932000 2.352200
v 1.286879 -0.672100 2.352200
v 1.245080 -0.672100 2.352200
v 1.286879 -0.672100 2.662200
v 1.245080 -0.672100 2.662200
v 1.286879 -0.932000 2.662200
v 1.245080 -0.932000 2.662200
v 1.286879 -0.932000 2.626900
v 1.245080 -0.932000 2.626900
v 1.286879 -0.672100 2.626900
v 1.245080 -0.672100 2.626900
v 1.286879 -0.672100 2.525600
v 1.245080 -0.672100 2.525600
v 1.286879 -0.932000 2.525600
v 1.245080 -0.932000 2.525600
v 1.286879 -0.932000 2.490300
v 1.245080 -0.932000 2.490300
v 1.286879 -0.672100 2.490300
v 1.245080 -0.672100 2.490300
v 1.265579 -0.954100 1.880000
v 1.610779 -0.954100 1.880000
v 1.265579 -0.650200 1.880000
v 1.610779 -0.650200 1.880000
v 1.265579 -0.650200 1.345700
v 1.610779 -0.650200 1.345700
v 1.265579 -0.954100 1.345700
v 1.610779 -0.954100 1.345700
v 1.610779 -0.895600 1.839200
v 1.610779 -0.895600 1.510500
v 1.610779 -0.708700 1.510500
v 1.610779 -0.708700 1.839200
v 1.616078 -0.895600 1.839200
v 1.616078 -0.895600 1.510500
v 1.616078 -0.708700 1.510500
v 1.616078 -0.708700 1.839200
v 1.588079 -0.932000 1.482600
v 1.629879 -0.932000 1.482600
v 1.588079 -0.672100 1.482600
v 1.629879 -0.672100 1.482600
v 1.588079 -0.672100 1.447300
v 1.629879 -0.672100 1.447300
v 1.588079 -0.932000 1.447300
v 1.629879 -0.932000 1.447300
v 1.588079 -0.718600 1.372600
v 1.629879 -0.718600 1.372600
v 1.588079 -0.718600 1.440200
v 1.629879 -0.718600 1.440200
v 1.588079 -0.691000 1.440200
v 1.629879 -0.691000 1.440200
v 1.588079 -0.691000 1.372600
v 1.629879 -0.691000 1.372600
v 1.286879 -0.672100 1.426100
v 1.245080 -0.672100 1.426100
v 1.286879 -0.932000 1.426100
v 1.245080 -0.932000 1.426100
v 1.286879 -0.932000 1.390800
v 1.245080 -0.932000 1.390800
v 1.286879 -0.672100 1.390800
v 1.245080 -0.672100 1.390800
v 1.286879 -0.672100 1.554300
v 1.245080 -0.672100 1.554300
v 1.286879 -0.932000 1.554300
v 1.245080 -0.932000 1.554300
v 1.286879 -0.932000 1.519000
v 1.245080 -0.932000 1.519000
v 1.286879 -0.672100 1.519000
v 1.245080 -0.672100 1.519000
v 1.286879 -0.672100 1.829000
v 1.245080 -0.672100 1.829000
v 1.286879 -0.932000 1.829000
v 1.245080 -0.932000 1.829000
v 1.286879 -0.932000 1.793700
v 1.245080 -0.932000 1.793700
v 1.286879 -0.672100 1.793700
v 1.245080 -0.672100 1.793700
v 1.286879 -0.672100 1.692400
v 1.245080 -0.672100 1.692400
v 1.286879 -0.932000 1.692400
v 1.245080 -0.932000 1.692400
v 1.286879 -0.932000 1.657100
v 1.245080 -0.932000 1.657100
v 1.286879 -0.672100 1.657100
v 1.245080 -0.672100 1.657100
v 1.265579 -0.954100 2.713200
v 1.610779 -0.954100 2.713200
v 1.265579 -0.650200 2.713200
v 1.610779 -0.650200 2.713200
v 1.265579 -0.650200 2.178900
v 1.610779 -0.650200 2.178900
v 1.265579 -0.954100 2.178900
v 1.610779 -0.954100 2.178900
v 1.610779 -0.895600 2.672400
v 1.610779 -0.895600 2.343700
v 1.610779 -0.708700 2.343700
v 1.610779 -0.708700 2.672400
v 1.616078 -0.895600 2.672400
v 1.616078 -0.895600 2.343700
v 1.616078 -0.708700 2.343700
v 1.616078 -0.708700 2.672400
v 1.588079 -0.932000 2.315800
v 1.629879 -0.932000 2.315800
v 1.588079 -0.672100 2.315800
v 1.629879 -0.672100 2.315800
v 1.588079 -0.672100 2.280500
v 1.629879 -0.672100 2.280500
v 1.588079 -0.932000 2.280500
v 1.629879 -0.932000 2.280500
v 1.588079 -0.718600 2.205800
v 1.629879 -0.718600 2.205800
v 1.588079 -0.718600 2.273400
v 1.629879 -0.718600 2.273400
v 1.588079 -0.691000 2.273400
v 1.629879 -0.691000 2.273400
v 1.588079 -0.691000 2.205800
v 1.629879 -0.691000 2.205800
v 1.286879 -0.672100 2.259300
v 1.245080 -0.672100 2.259300
v 1.286879 -0.932000 2.259300
v 1.245080 -0.932000 2.259300
v 1.286879 -0.932000 2.224000
v 1.245080 -0.932000 2.224000
v 1.286879 -0.672100 2.224000
v 1.245080 -0.672100 2.224000
v 1.286879 -0.672100 2.387500
v 1.245080 -0.672100 2.387500
v 1.286879 -0.932000 2.387500
v 1.245080 -0.932000 2.387500
v 1.286879 -0.932000 2.352200
v 1.245080 -0.932000 2.352200
v 1.286879 -0.672100 2.352200
v 1.245080 -0.672100 2.352200
v 1.286879 -0.672100 2.662200
v 1.245080 -0.672100 2.662200
v 1.286879 -0.932000 2.662200
v 1.245080 -0.932000 2.662200
v 1.286879 -0.932000 2.626900
v 1.245080 -0.932000 2.626900
v 1.286879 -0.672100 2.626900
v 1.245080 -0.672100 2.626900
v 1.286879 -0.672100 2.525600
v 1.245080 -0.672100 2.525600
v 1.286879 -0.932000 2.525600
v 1.245080 -0.932000 2.525600
v 1.286879 -0.932000 2.490300
v 1.245080 -0.932000 2.490300
v 1.286879 -0.672100 2.490300
v 1.245080 -0.672100 2.490300
v 1.265579 -0.954100 1.880000
v 1.610779 -0.954100 1.880000
v 1.265579 -0.650200 1.880000
v 1.610779 -0.650200 1.880000
v 1.265579 -0.650200 1.345700
v 1.610779 -0.650200 1.345700
v 1.265579 -0.954100 1.345700
v 1.610779 -0.954100 1.345700
v 1.610779 -0.895600 1.839200
v 1.610779 -0.895600 1.510500
v 1.610779 -0.708700 1.510500
v 1.610779 -0.708700 1.839200
v 1.616078 -0.895600 1.839200
v 1.616078 -0.895600 1.510500
v 1.616078 -0.708700 1.510500
v 1.616078 -0.708700 1.839200
v 1.588079 -0.932000 1.482600
v 1.629879 -0.932000 1.482600
v 1.588079 -0.672100 1.482600
v 1.629879 -0.672100 1.482600
v 1.588079 -0.672100 1.447300
v 1.629879 -0.672100 1.447300
v 1.588079 -0.932000 1.447300
v 1.629879 -0.932000 1.447300
v 1.588079 -0.718600 1.372600
v 1.629879 -0.718600 1.372600
v 1.588079 -0.718600 1.440200
v 1.629879 -0.718600 1.440200
v 1.588079 -0.691000 1.440200
v 1.629879 -0.691000 1.440200
v 1.588079 -0.691000 1.372600
v 1.629879 -0.691000 1.372600
v 1.286879 -0.672100 1.426100
v 1.245080 -0.672100 1.426100
v 1.286879 -0.932000 1.426100
v 1.245080 -0.932000 1.426100
v 1.286879 -0.932000 1.390800
v 1.245080 -0.932000 1.390800
v 1.286879 -0.672100 1.390800
v 1.245080 -0.672100 1.390800
v 1.286879 -0.672100 1.554300
v 1.245080 -0.672100 1.554300
v 1.286879 -0.932000 1.554300
v 1.245080 -0.932000 1.554300
v 1.286879 -0.932000 1.519000
v 1.245080 -0.932000 1.519000
v 1.286879 -0.672100 1.519000
v 1.245080 -0.672100 1.519000
v 1.286879 -0.672100 1.829000
v 1.245080 -0.672100 1.829000
v 1.286879 -0.932000 1.829000
v 1.245080 -0.932000 1.829000
v 1.286879 -0.932000 1.793700
v 1.245080 -0.932000 1.793700
v 1.286879 -0.672100 1.793700
v 1.245080 -0.672100 1.793700
v 1.286879 -0.672100 1.692400
v 1.245080 -0.672100 1.692400
v 1.286879 -0.932000 1.692400
v 1.245080 -0.932000 1.692400
v 1.286879 -0.932000 1.657100
v 1.245080 -0.932000 1.657100
v 1.286879 -0.672100 1.657100
v 1.245080 -0.672100 1.657100
v 1.265579 -0.954100 0.676500
v 1.610779 -0.954100 0.676500
v 1.265579 -0.650200 0.676500
v 1.610779 -0.650200 0.676500
v 1.265579 -0.650200 0.142200
v 1.610779 -0.650200 0.142200
v 1.265579 -0.954100 0.142200
v 1.610779 -0.954100 0.142200
v 1.610779 -0.895600 0.635700
v 1.610779 -0.895600 0.307000
v 1.610779 -0.708700 0.307000
v 1.610779 -0.708700 0.635700
v 1.616078 -0.895600 0.635700
v 1.616078 -0.895600 0.307000
v 1.616078 -0.708700 0.307000
v 1.616078 -0.708700 0.635700
v 1.588079 -0.932000 0.279100
v 1.629879 -0.932000 0.279100
v 1.588079 -0.672100 0.279100
v 1.629879 -0.672100 0.279100
v 1.588079 -0.672100 0.243800
v 1.629879 -0.672100 0.243800
v 1.588079 -0.932000 0.243800
v 1.629879 -0.932000 0.243800
v 1.588079 -0.718600 0.169100
v 1.629879 -0.718600 0.169100
v 1.588079 -0.718600 0.236700
v 1.629879 -0.718600 0.236700
v 1.588079 -0.691000 0.236700
v 1.629879 -0.691000 0.236700
v 1.588079 -0.691000 0.169100
v 1.629879 -0.691000 0.169100
v 1.286879 -0.672100 0.222600
v 1.245080 -0.672100 0.222600
v 1.286879 -0.932000 0.222600
v 1.245080 -0.932000 0.222600
v 1.286879 -0.932000 0.187300
v 1.245080 -0.932000 0.187300
v 1.286879 -0.672100 0.187300
v 1.245080 -0.672100 0.187300
v 1.286879 -0.672100 0.350800
v 1.245080 -0.672100 0.350800
v 1.286879 -0.932000 0.350800
v 1.245080 -0.932000 0.350800
v 1.286879 -0.932000 0.315500
v 1.245080 -0.932000 0.315500
v 1.286879 -0.672100 0.315500
v 1.245080 -0.672100 0.315500
v 1.286879 -0.672100 0.625500
v 1.245080 -0.672100 0.625500
v 1.286879 -0.932000 0.625500
v 1.245080 -0.932000 0.625500
v 1.286879 -0.932000 0.590200
v 1.245080 -0.932000 0.590200
v 1.286879 -0.672100 0.590200
v 1.245080 -0.672100 0.590200
v 1.286879 -0.672100 0.488900
v 1.245080 -0.672100 0.488900
v 1.286879 -0.932000 0.488900
v 1.245080 -0.932000 0.488900
v 1.286879 -0.932000 0.453600
v 1.245080 -0.932000 0.453600
v 1.286879 -0.672100 0.453600
v 1.245080 -0.672100 0.453600
v 1.265579 -0.954100 -0.156700
v 1.610779 -0.954100 -0.156700
v 1.265579 -0.650200 -0.156700
v 1.610779 -0.650200 -0.156700
v 1.265579 -0.650200 -0.691000
v 1.610779 -0.650200 -0.691000
v 1.265579 -0.954100 -0.691000
v 1.610779 -0.954100 -0.691000
v 1.610779 -0.895600 -0.197500
v 1.610779 -0.895600 -0.526200
v 1.610779 -0.708700 -0.526200
v 1.610779 -0.708700 -0.197500
v 1.616078 -0.895600 -0.197500
v 1.616078 -0.895600 -0.526200
v 1.616078 -0.708700 -0.526200
v 1.616078 -0.708700 -0.197500
v 1.588079 -0.932000 -0.554100
v 1.629879 -0.932000 -0.554100
v 1.588079 -0.672100 -0.554100
v 1.629879 -0.672100 -0.554100
v 1.588079 -0.672100 -0.589400
v 1.629879 -0.672100 -0.589400
v 1.588079 -0.932000 -0.589400
v 1.629879 -0.932000 -0.589400
v 1.588079 -0.718600 -0.664100
v 1.629879 -0.718600 -0.664100
v 1.588079 -0.718600 -0.596500
v 1.629879 -0.718600 -0.596500
v 1.588079 -0.691000 -0.596500
v 1.629879 -0.691000 -0.596500
v 1.588079 -0.691000 -0.664100
v 1.629879 -0.691000 -0.664100
v 1.286879 -0.672100 -0.610600
v 1.245080 -0.672100 -0.610600
v 1.286879 -0.932000 -0.610600
v 1.245080 -0.932000 -0.610600
v 1.286879 -0.932000 -0.645900
v 1.245080 -0.932000 -0.645900
v 1.286879 -0.672100 -0.645900
v 1.245080 -0.672100 -0.645900
v 1.286879 -0.672100 -0.482400
v 1.245080 -0.672100 -0.482400
v 1.286879 -0.932000 -0.482400
v 1.245080 -0.932000 -0.482400
v 1.286879 -0.932000 -0.517700
v 1.245080 -0.932000 -0.517700
v 1.286879 -0.672100 -0.517700
v 1.245080 -0.672100 -0.517700
v 1.286879 -0.672100 -0.207700
v 1.245080 -0.672100 -0.207700
v 1.286879 -0.932000 -0.207700
v 1.245080 -0.932000 -0.207700
v 1.286879 -0.932000 -0.243000
v 1.245080 -0.932000 -0.243000
v 1.286879 -0.672100 -0.243000
v 1.245080 -0.672100 -0.243000
v 1.286879 -0.672100 -0.344300
v 1.245080 -0.672100 -0.344300
v 1.286879 -0.932000 -0.344300
v 1.245080 -0.932000 -0.344300
v 1.286879 -0.932000 -0.379600
v 1.245080 -0.932000 -0.379600
v 1.286879 -0.672100 -0.379600
v 1.245080 -0.672100 -0.379600
v 1.265579 -0.954100 0.676500
v 1.610779 -0.954100 0.676500
v 1.265579 -0.650200 0.676500
v 1.610779 -0.650200 0.676500
v 1.265579 -0.650200 0.142200
v 1.610779 -0.650200 0.142200
v 1.265579 -0.954100 0.142200
v 1.610779 -0.954100 0.142200
v 1.610779 -0.895600 0.635700
v 1.610779 -0.895600 0.307000
v 1.610779 -0.708700 0.307000
v 1.610779 -0.708700 0.635700
v 1.616078 -0.895600 0.635700
v 1.616078 -0.895600 0.307000
v 1.616078 -0.708700 0.307000
v 1.616078 -0.708700 0.635700
v 1.588079 -0.932000 0.279100
v 1.629879 -0.932000 0.279100
v 1.588079 -0.672100 0.279100
v 1.629879 -0.672100 0.279100
v 1.588079 -0.672100 0.243800
v 1.629879 -0.672100 0.243800
v 1.588079 -0.932000 0.243800
v 1.629879 -0.932000 0.243800
v 1.588079 -0.718600 0.169100
v 1.629879 -0.718600 0.169100
v 1.588079 -0.718600 0.236700
v 1.629879 -0.718600 0.236700
v 1.588079 -0.691000 0.236700
v 1.629879 -0.691000 0.236700
v 1.588079 -0.691000 0.169100
v 1.629879 -0.691000 0.169100
v 1.286879 -0.672100 0.222600
v 1.245080 -0.672100 0.222600
v 1.286879 -0.932000 0.222600
v 1.245080 -0.932000 0.222600
v 1.286879 -0.932000 0.187300
v 1.245080 -0.932000 0.187300
v 1.286879 -0.672100 0.187300
v 1.245080 -0.672100 0.187300
v 1.286879 -0.672100 0.350800
v 1.245080 -0.672100 0.350800
v 1.286879 -0.932000 0.350800
v 1.245080 -0.932000 0.350800
v 1.286879 -0.932000 0.315500
v 1.245080 -0.932000 0.315500
v 1.286879 -0.672100 0.315500
v 1.245080 -0.672100 0.315500
v 1.286879 -0.672100 0.625500
v 1.245080 -0.672100 0.625500
v 1.286879 -0.932000 0.625500
v 1.245080 -0.932000 0.625500
v 1.286879 -0.932000 0.590200
v 1.245080 -0.932000 0.590200
v 1.286879 -0.672100 0.590200
v 1.245080 -0.672100 0.590200
v 1.286879 -0.672100 0.488900
v 1.245080 -0.672100 0.488900
v 1.286879 -0.932000 0.488900
v 1.245080 -0.932000 0.488900
v 1.286879 -0.932000 0.453600
v 1.245080 -0.932000 0.453600
v 1.286879 -0.672100 0.453600
v 1.245080 -0.672100 0.453600
v 1.265579 -0.954100 -0.156700
v 1.610779 -0.954100 -0.156700
v 1.265579 -0.650200 -0.156700
v 1.610779 -0.650200 -0.156700
v 1.265579 -0.650200 -0.691000
v 1.610779 -0.650200 -0.691000
v 1.265579 -0.954100 -0.691000
v 1.610779 -0.954100 -0.691000
v 1.610779 -0.895600 -0.197500
v 1.610779 -0.895600 -0.526200
v 1.610779 -0.708700 -0.526200
v 1.610779 -0.708700 -0.197500
v 1.616078 -0.895600 -0.197500
v 1.616078 -0.895600 -0.526200
v 1.616078 -0.708700 -0.526200
v 1.616078 -0.708700 -0.197500
v 1.588079 -0.932000 -0.554100
v 1.629879 -0.932000 -0.554100
v 1.588079 -0.672100 -0.554100
v 1.629879 -0.672100 -0.554100
v 1.588079 -0.672100 -0.589400
v 1.629879 -0.672100 -0.589400
v 1.588079 -0.932000 -0.589400
v 1.629879 -0.932000 -0.589400
v 1.588079 -0.718600 -0.664100
v 1.629879 -0.718600 -0.664100
v 1.588079 -0.718600 -0.596500
v 1.629879 -0.718600 -0.596500
v 1.588079 -0.691000 -0.596500
v 1.629879 -0.691000 -0.596500
v 1.588079 -0.691000 -0.664100
v 1.629879 -0.691000 -0.664100
v 1.286879 -0.672100 -0.610600
v 1.245080 -0.672100 -0.610600
v 1.286879 -0.932000 -0.610600
v 1.245080 -0.932000 -0.610600
v 1.286879 -0.932000 -0.645900
v 1.245080 -0.932000 -0.645900
v 1.286879 -0.672100 -0.645900
v 1.245080 -0.672100 -0.645900
v 1.286879 -0.672100 -0.482400
v 1.245080 -0.672100 -0.482400
v 1.286879 -0.932000 -0.482400
v 1.245080 -0.932000 -0.482400
v 1.286879 -0.932000 -0.517700
v 1.245080 -0.932000 -0.517700
v 1.286879 -0.672100 -0.517700
v 1.245080 -0.672100 -0.517700
v 1.286879 -0.672100 -0.207700
v 1.245080 -0.672100 -0.207700
v 1.286879 -0.932000 -0.207700
v 1.245080 -0.932000 -0.207700
v 1.286879 -0.932000 -0.243000
v 1.245080 -0.932000 -0.243000
v 1.286879 -0.672100 -0.243000
v 1.245080 -0.672100 -0.243000
v 1.286879 -0.672100 -0.344300
v 1.245080 -0.672100 -0.344300
v 1.286879 -0.932000 -0.344300
v 1.245080 -0.932000 -0.344300
v 1.286879 -0.932000 -0.379600
v 1.245080 -0.932000 -0.379600
v 1.286879 -0.672100 -0.379600
v 1.245080 -0.672100 -0.379600
v 1.265579 -0.024900 0.676500
v 1.610779 -0.024900 0.676500
v 1.265579 0.279000 0.676500
v 1.610779 0.279000 0.676500
v 1.265579 0.279000 0.142200
v 1.610779 0.279000 0.142200
v 1.265579 -0.024900 0.142200
v 1.610779 -0.024900 0.142200
v 1.610779 0.033600 0.635700
v 1.610779 0.033600 0.307000
v 1.610779 0.220500 0.307000
v 1.610779 0.220500 0.635700
v 1.616078 0.033600 0.635700
v 1.616078 0.033600 0.307000
v 1.616078 0.220500 0.307000
v 1.616078 0.220500 0.635700
v 1.588079 -0.002800 0.279100
v 1.629879 -0.002800 0.279100
v 1.588079 0.257100 0.279100
v 1.629879 0.257100 0.279100
v 1.588079 0.257100 0.243800
v 1.629879 0.257100 0.243800
v 1.588079 -0.002800 0.243800
v 1.629879 -0.002800 0.243800
v 1.588079 0.210600 0.169100
v 1.629879 0.210600 0.169100
v 1.588079 0.210600 0.236700
v 1.629879 0.210600 0.236700
v 1.588079 0.238200 0.236700
v 1.629879 0.238200 0.236700
v 1.588079 0.238200 0.169100
v 1.629879 0.238200 0.169100
v 1.286879 0.257100 0.222600
v 1.245080 0.257100 0.222600
v 1.286879 -0.002800 0.222600
v 1.245080 -0.002800 0.222600
v 1.286879 -0.002800 0.187300
v 1.245080 -0.002800 0.187300
v 1.286879 0.257100 0.187300
v 1.245080 0.257100 0.187300
v 1.286879 0.257100 0.350800
v 1.245080 0.257100 0.350800
v 1.286879 -0.002800 0.350800
v 1.245080 -0.002800 0.350800
v 1.286879 -0.002800 0.315500
v 1.245080 -0.002800 0.315500
v 1.286879 0.257100 0.315500
v 1.245080 0.257100 0.315500
v 1.286879 0.257100 0.625500
v 1.245080 0.257100 0.625500
v 1.286879 -0.002800 0.625500
v 1.245080 -0.002800 0.625500
v 1.286879 -0.002800 0.590200
v 1.245080 -0.002800 0.590200
v 1.286879 0.257100 0.590200
v 1.245080 0.257100 0.590200
v 1.286879 0.257100 0.488900
v 1.245080 0.257100 0.488900
v 1.286879 -0.002800 0.488900
v 1.245080 -0.002800 0.488900
v 1.286879 -0.002800 0.453600
v 1.245080 -0.002800 0.453600
v 1.286879 0.257100 0.453600
v 1.245080 0.257100 0.453600
v 1.265579 -0.024900 -0.156700
v 1.610779 -0.024900 -0.156700
v 1.265579 0.279000 -0.156700
v 1.610779 0.279000 -0.156700
v 1.265579 0.279000 -0.691000
v 1.610779 0.279000 -0.691000
v 1.265579 -0.024900 -0.691000
v 1.610779 -0.024900 -0.691000
v 1.610779 0.033600 -0.197500
v 1.610779 0.033600 -0.526200
v 1.610779 0.220500 -0.526200
v 1.610779 0.220500 -0.197500
v 1.616078 0.033600 -0.197500
v 1.616078 0.033600 -0.526200
v 1.616078 0.220500 -0.526200
v 1.616078 0.220500 -0.197500
v 1.588079 -0.002800 -0.554100
v 1.629879 -0.002800 -0.554100
v 1.588079 0.257100 -0.554100
v 1.629879 0.257100 -0.554100
v 1.588079 0.257100 -0.589400
v 1.629879 0.257100 -0.589400
v 1.588079 -0.002800 -0.589400
v 1.629879 -0.002800 -0.589400
v 1.588079 0.210600 -0.664100
v 1.629879 0.210600 -0.664100
v 1.588079 0.210600 -0.596500
v 1.629879 0.210600 -0.596500
v 1.588079 0.238200 -0.596500
v 1.629879 0.238200 -0.596500
v 1.588079 0.238200 -0.664100
v 1.629879 0.238200 -0.664100
v 1.286879 0.257100 -0.610600
v 1.245080 0.257100 -0.610600
v 1.286879 -0.002800 -0.610600
v 1.245080 -0.002800 -0.610600
v 1.286879 -0.002800 -0.645900
v 1.245080 -0.002800 -0.645900
v 1.286879 0.257100 -0.645900
v 1.245080 0.257100 -0.645900
v 1.286879 0.257100 -0.482400
v 1.245080 0.257100 -0.482400
v 1.286879 -0.002800 -0.482400
v 1.245080 -0.002800 -0.482400
v 1.286879 -0.002800 -0.517700
v 1.245080 -0.002800 -0.517700
v 1.286879 0.257100 -0.517700
v 1.245080 0.257100 -0.517700
v 1.286879 0.257100 -0.207700
v 1.245080 0.257100 -0.207700
v 1.286879 -0.002800 -0.207700
v 1.245080 -0.002800 -0.207700
v 1.286879 -0.002800 -0.243000
v 1.245080 -0.002800 -0.243000
v 1.286879 0.257100 -0.243000
v 1.245080 0.257100 -0.243000
v 1.286879 0.257100 -0.344300
v 1.245080 0.257100 -0.344300
v 1.286879 -0.002800 -0.344300
v 1.245080 -0.002800 -0.344300
v 1.286879 -0.002800 -0.379600
v 1.245080 -0.002800 -0.379600
v 1.286879 0.257100 -0.379600
v 1.245080 0.257100 -0.379600
v 1.265579 -0.024900 0.676500
v 1.610779 -0.024900 0.676500
v 1.265579 0.279000 0.676500
v 1.610779 0.279000 0.676500
v 1.265579 0.279000 0.142200
v 1.610779 0.279000 0.142200
v 1.265579 -0.024900 0.142200
v 1.610779 -0.024900 0.142200
v 1.610779 0.033600 0.635700
v 1.610779 0.033600 0.307000
v 1.610779 0.220500 0.307000
v 1.610779 0.220500 0.635700
v 1.616078 0.033600 0.635700
v 1.616078 0.033600 0.307000
v 1.616078 0.220500 0.307000
v 1.616078 0.220500 0.635700
v 1.588079 -0.002800 0.279100
v 1.629879 -0.002800 0.279100
v 1.588079 0.257100 0.279100
v 1.629879 0.257100 0.279100
v 1.588079 0.257100 0.243800
v 1.629879 0.257100 0.243800
v 1.588079 -0.002800 0.243800
v 1.629879 -0.002800 0.243800
v 1.588079 0.210600 0.169100
v 1.629879 0.210600 0.169100
v 1.588079 0.210600 0.236700
v 1.629879 0.210600 0.236700
v 1.588079 0.238200 0.236700
v 1.629879 0.238200 0.236700
v 1.588079 0.238200 0.169100
v 1.629879 0.238200 0.169100
v 1.286879 0.257100 0.222600
v 1.245080 0.257100 0.222600
v 1.286879 -0.002800 0.222600
v 1.245080 -0.002800 0.222600
v 1.286879 -0.002800 0.187300
v 1.245080 -0.002800 0.187300
v 1.286879 0.257100 0.187300
v 1.245080 0.257100 0.187300
v 1.286879 0.257100 0.350800
v 1.245080 0.257100 0.350800
v 1.286879 -0.002800 0.350800
v 1.245080 -0.002800 0.350800
v 1.286879 -0.002800 0.315500
v 1.245080 -0.002800 0.315500
v 1.286879 0.257100 0.315500
v 1.245080 0.257100 0.315500
v 1.286879 0.257100 0.625500
v 1.245080 0.257100 0.625500
v 1.286879 -0.002800 0.625500
v 1.245080 -0.002800 0.625500
v 1.286879 -0.002800 0.590200
v 1.245080 -0.002800 0.590200
v 1.286879 0.257100 0.590200
v 1.245080 0.257100 0.590200
v 1.286879 0.257100 0.488900
v 1.245080 0.257100 0.488900
v 1.286879 -0.002800 0.488900
v 1.245080 -0.002800 0.488900
v 1.286879 -0.002800 0.453600
v 1.245080 -0.002800 0.453600
v 1.286879 0.257100 0.453600
v 1.245080 0.257100 0.453600
v 1.265579 -0.024900 -0.156700
v 1.610779 -0.024900 -0.156700
v 1.265579 0.279000 -0.156700
v 1.610779 0.279000 -0.156700
v 1.265579 0.279000 -0.691000
v 1.610779 0.279000 -0.691000
v 1.265579 -0.024900 -0.691000
v 1.610779 -0.024900 -0.691000
v 1.610779 0.033600 -0.197500
v 1.610779 0.033600 -0.526200
v 1.610779 0.220500 -0.526200
v 1.610779 0.220500 -0.197500
v 1.616078 0.033600 -0.197500
v 1.616078 0.033600 -0.526200
v 1.616078 0.220500 -0.526200
v 1.616078 0.220500 -0.197500
v 1.588079 -0.002800 -0.554100
v 1.629879 -0.002800 -0.554100
v 1.588079 0.257100 -0.554100
v 1.629879 0.257100 -0.554100
v 1.588079 0.257100 -0.589400
v 1.629879 0.257100 -0.589400
v 1.588079 -0.002800 -0.589400
v 1.629879 -0.002800 -0.589400
v 1.588079 0.210600 -0.664100
v 1.629879 0.210600 -0.664100
v 1.588079 0.210600 -0.596500
v 1.629879 0.210600 -0.596500
v 1.588079 0.238200 -0.596500
v 1.629879 0.238200 -0.596500
v 1.588079 0.238200 -0.664100
v 1.629879 0.238200 -0.664100
v 1.286879 0.257100 -0.610600
v 1.245080 0.257100 -0.610600
v 1.286879 -0.002800 -0.610600
v 1.245080 -0.002800 -0.610600
v 1.286879 -0.002800 -0.645900
v 1.245080 -0.002800 -0.645900
v 1.286879 0.257100 -0.645900
v 1.245080 0.257100 -0.645900
v 1.286879 0.257100 -0.482400
v 1.245080 0.257100 -0.482400
v 1.286879 -0.002800 -0.482400
v 1.245080 -0.002800 -0.482400
v 1.286879 -0.002800 -0.517700
v 1.245080 -0.002800 -0.517700
v 1.286879 0.257100 -0.517700
v 1.245080 0.257100 -0.517700
v 1.286879 0.257100 -0.207700
v 1.245080 0.257100 -0.207700
v 1.286879 -0.002800 -0.207700
v 1.245080 -0.002800 -0.207700
v 1.286879 -0.002800 -0.243000
v 1.245080 -0.002800 -0.243000
v 1.286879 0.257100 -0.243000
v 1.245080 0.257100 -0.243000
v 1.286879 0.257100 -0.344300
v 1.245080 0.257100 -0.344300
v 1.286879 -0.002800 -0.344300
v 1.245080 -0.002800 -0.344300
v 1.286879 -0.002800 -0.379600
v 1.245080 -0.002800 -0.379600
v 1.286879 0.257100 -0.379600
v 1.245080 0.257100 -0.379600
v 1.265579 -0.024900 -1.344300
v 1.610779 -0.024900 -1.344300
v 1.265579 0.279000 -1.344300
v 1.610779 0.279000 -1.344300
v 1.265579 0.279000 -1.878600
v 1.610779 0.279000 -1.878600
v 1.265579 -0.024900 -1.878600
v 1.610779 -0.024900 -1.878600
v 1.610779 0.033600 -1.385100
v 1.610779 0.033600 -1.713800
v 1.610779 0.220500 -1.713800
v 1.610779 0.220500 -1.385100
v 1.616078 0.033600 -1.385100
v 1.616078 0.033600 -1.713800
v 1.616078 0.220500 -1.713800
v 1.616078 0.220500 -1.385100
v 1.588079 -0.002800 -1.741700
v 1.629879 -0.002800 -1.741700
v 1.588079 0.257100 -1.741700
v 1.629879 0.257100 -1.741700
v 1.588079 0.257100 -1.777000
v 1.629879 0.257100 -1.777000
v 1.588079 -0.002800 -1.777000
v 1.629879 -0.002800 -1.777000
v 1.588079 0.210600 -1.851700
v 1.629879 0.210600 -1.851700
v 1.588079 0.210600 -1.784100
v 1.629879 0.210600 -1.784100
v 1.588079 0.238200 -1.784100
v 1.629879 0.238200 -1.784100
v 1.588079 0.238200 -1.851700
v 1.629879 0.238200 -1.851700
v 1.286879 0.257100 -1.798200
v 1.245080 0.257100 -1.798200
v 1.286879 -0.002800 -1.798200
v 1.245080 -0.002800 -1.798200
v 1.286879 -0.002800 -1.833500
v 1.245080 -0.002800 -1.833500
v 1.286879 0.257100 -1.833500
v 1.245080 0.257100 -1.833500
v 1.286879 0.257100 -1.670000
v 1.245080 0.257100 -1.670000
v 1.286879 -0.002800 -1.670000
v 1.245080 -0.002800 -1.670000
v 1.286879 -0.002800 -1.705300
v 1.245080 -0.002800 -1.705300
v 1.286879 0.257100 -1.705300
v 1.245080 0.257100 -1.705300
v 1.286879 0.257100 -1.395300
v 1.245080 0.257100 -1.395300
v 1.286879 -0.002800 -1.395300
v 1.245080 -0.002800 -1.395300
v 1.286879 -0.002800 -1.430600
v 1.245080 -0.002800 -1.430600
v 1.286879 0.257100 -1.430600
v 1.245080 0.257100 -1.430600
v 1.286879 0.257100 -1.531900
v 1.245080 0.257100 -1.531900
v 1.286879 -0.002800 -1.531900
v 1.245080 -0.002800 -1.531900
v 1.286879 -0.002800 -1.567200
v 1.245080 -0.002800 -1.567200
v 1.286879 0.257100 -1.567200
v 1.245080 0.257100 -1.567200
v 1.265579 -0.024900 -2.177500
v 1.610779 -0.024900 -2.177500
v 1.265579 0.279000 -2.177500
v 1.610779 0.279000 -2.177500
v 1.265579 0.279000 -2.711800
v 1.610779 0.279000 -2.711800
v 1.265579 -0.024900 -2.711800
v 1.610779 -0.024900 -2.711800
v 1.610779 0.033600 -2.218300
v 1.610779 0.033600 -2.547000
v 1.610779 0.220500 -2.547000
v 1.610779 0.220500 -2.218300
v 1.616078 0.033600 -2.218300
v 1.616078 0.033600 -2.547000
v 1.616078 0.220500 -2.547000
v 1.616078 0.220500 -2.218300
v 1.588079 -0.002800 -2.574900
v 1.629879 -0.002800 -2.574900
v 1.588079 0.257100 -2.574900
v 1.629879 0.257100 -2.574900
v 1.588079 0.257100 -2.610200
v 1.629879 0.257100 -2.610200
v 1.588079 -0.002800 -2.610200
v 1.629879 -0.002800 -2.610200
v 1.588079 0.210600 -2.684900
v 1.629879 0.210600 -2.684900
v 1.588079 0.210600 -2.617300
v 1.629879 0.210600 -2.617300
v 1.588079 0.238200 -2.617300
v 1.629879 0.238200 -2.617300
v 1.588079 0.238200 -2.684900
v 1.629879 0.238200 -2.684900
v 1.286879 0.257100 -2.631400
v 1.245080 0.257100 -2.631400
v 1.286879 -0.002800 -2.631400
v 1.245080 -0.002800 -2.631400
v 1.286879 -0.002800 -2.666700
v 1.245080 -0.002800 -2.666700
v 1.286879 0.257100 -2.666700
v 1.245080 0.257100 -2.666700
v 1.286879 0.257100 -2.503200
v 1.245080 0.257100 -2.503200
v 1.286879 -0.002800 -2.503200
v 1.245080 -0.002800 -2.503200
v 1.286879 -0.002800 -2.538500
v 1.245080 -0.002800 -2.538500
v 1.286879 0.257100 -2.538500
v 1.245080 0.257100 -2.538500
v 1.286879 0.257100 -2.228500
v 1.245080 0.257100 -2.228500
v 1.286879 -0.002800 -2.228500
v 1.245080 -0.002800 -2.228500
v 1.286879 -0.002800 -2.263800
v 1.245080 -0.002800 -2.263800
v 1.286879 0.257100 -2.263800
v 1.245080 0.257100 -2.263800
v 1.286879 0.257100 -2.365100
v 1.245080 0.257100 -2.365100
v 1.286879 -0.002800 -2.365100
v 1.245080 -0.002800 -2.365100
v 1.286879 -0.002800 -2.400400
v 1.245080 -0.002800 -2.400400
v 1.286879 0.257100 -2.400400
v 1.245080 0.257100 -2.400400
v 1.265579 -0.024900 -1.344300
v 1.610779 -0.024900 -1.344300
v 1.265579 0.279000 -1.344300
v 1.610779 0.279000 -1.344300
v 1.265579 0.279000 -1.878600
v 1.610779 0.279000 -1.878600
v 1.265579 -0.024900 -1.878600
v 1.610779 -0.024900 -1.878600
v 1.610779 0.033600 -1.385100
v 1.610779 0.033600 -1.713800
v 1.610779 0.220500 -1.713800
v 1.610779 0.220500 -1.385100
v 1.616078 0.033600 -1.385100
v 1.616078 0.033600 -1.713800
v 1.616078 0.220500 -1.713800
v 1.616078 0.220500 -1.385100
v 1.588079 -0.002800 -1.741700
v 1.629879 -0.002800 -1.741700
v 1.588079 0.257100 -1.741700
v 1.629879 0.257100 -1.741700
v 1.588079 0.257100 -1.777000
v 1.629879 0.257100 -1.777000
v 1.588079 -0.002800 -1.777000
v 1.629879 -0.002800 -1.777000
v 1.588079 0.210600 -1.851700
v 1.629879 0.210600 -1.851700
v 1.588079 0.210600 -1.784100
v 1.629879 0.210600 -1.784100
v 1.588079 0.238200 -1.784100
v 1.629879 0.238200 -1.784100
v 1.588079 0.238200 -1.851700
v 1.629879 0.238200 -1.851700
v 1.286879 0.257100 -1.798200
v 1.245080 0.257100 -1.798200
v 1.286879 -0.002800 -1.798200
v 1.245080 -0.002800 -1.798200
v 1.286879 -0.002800 -1.833500
v 1.245080 -0.002800 -1.833500
v 1.286879 0.257100 -1.833500
v 1.245080 0.257100 -1.833500
v 1.286879 0.257100 -1.670000
v 1.245080 0.257100 -1.670000
v 1.286879 -0.002800 -1.670000
v 1.245080 -0.002800 -1.670000
v 1.286879 -0.002800 -1.705300
v 1.245080 -0.002800 -1.705300
v 1.286879 0.257100 -1.705300
v 1.245080 0.257100 -1.705300
v 1.286879 0.257100 -1.395300
v 1.245080 0.257100 -1.395300
v 1.286879 -0.002800 -1.395300
v 1.245080 -0.002800 -1.395300
v 1.286879 -0.002800 -1.430600
v 1.245080 -0.002800 -1.430600
v 1.286879 0.257100 -1.430600
v 1.245080 0.257100 -1.430600
v 1.286879 0.257100 -1.531900
v 1.245080 0.257100 -1.531900
v 1.286879 -0.002800 -1.531900
v 1.245080 -0.002800 -1.531900
v 1.286879 -0.002800 -1.567200
v 1.245080 -0.002800 -1.567200
v 1.286879 0.257100 -1.567200
v 1.245080 0.257100 -1.567200
v 1.265579 -0.024900 -2.177500
v 1.610779 -0.024900 -2.177500
v 1.265579 0.279000 -2.177500
v 1.610779 0.279000 -2.177500
v 1.265579 0.279000 -2.711800
v 1.610779 0.279000 -2.711800
v 1.265579 -0.024900 -2.711800
v 1.610779 -0.024900 -2.711800
v 1.610779 0.033600 -2.218300
v 1.610779 0.033600 -2.547000
v 1.610779 0.220500 -2.547000
v 1.610779 0.220500 -2.218300
v 1.616078 0.033600 -2.218300
v 1.616078 0.033600 -2.547000
v 1.616078 0.220500 -2.547000
v 1.616078 0.220500 -2.218300
v 1.588079 -0.002800 -2.574900
v 1.629879 -0.002800 -2.574900
v 1.588079 0.257100 -2.574900
v 1.629879 0.257100 -2.574900
v 1.588079 0.257100 -2.610200
v 1.629879 0.257100 -2.610200
v 1.588079 -0.002800 -2.610200
v 1.629879 -0.002800 -2.610200
v 1.588079 0.210600 -2.684900
v 1.629879 0.210600 -2.684900
v 1.588079 0.210600 -2.617300
v 1.629879 0.210600 -2.617300
v 1.588079 0.238200 -2.617300
v 1.629879 0.238200 -2.617300
v 1.588079 0.238200 -2.684900
v 1.629879 0.238200 -2.684900
v 1.286879 0.257100 -2.631400
v 1.245080 0.257100 -2.631400
v 1.286879 -0.002800 -2.631400
v 1.245080 -0.002800 -2.631400
v 1.286879 -0.002800 -2.666700
v 1.245080 -0.002800 -2.666700
v 1.286879 0.257100 -2.666700
v 1.245080 0.257100 -2.666700
v 1.286879 0.257100 -2.503200
v 1.245080 0.257100 -2.503200
v 1.286879 -0.002800 -2.503200
v 1.245080 -0.002800 -2.503200
v 1.286879 -0.002800 -2.538500
v 1.245080 -0.002800 -2.538500
v 1.286879 0.257100 -2.538500
v 1.245080 0.257100 -2.538500
v 1.286879 0.257100 -2.228500
v 1.245080 0.257100 -2.228500
v 1.286879 -0.002800 -2.228500
v 1.245080 -0.002800 -2.228500
v 1.286879 -0.002800 -2.263800
v 1.245080 -0.002800 -2.263800
v 1.286879 0.257100 -2.263800
v 1.245080 0.257100 -2.263800
v 1.286879 0.257100 -2.365100
v 1.245080 0.257100 -2.365100
v 1.286879 -0.002800 -2.365100
v 1.245080 -0.002800 -2.365100
v 1.286879 -0.002800 -2.400400
v 1.245080 -0.002800 -2.400400
v 1.286879 0.257100 -2.400400
v 1.245080 0.257100 -2.400400
v 1.265579 -0.956200 -1.344300
v 1.610779 -0.956200 -1.344300
v 1.265579 -0.652300 -1.344300
v 1.610779 -0.652300 -1.344300
v 1.265579 -0.652300 -1.878600
v 1.610779 -0.652300 -1.878600
v 1.265579 -0.956200 -1.878600
v 1.610779 -0.956200 -1.878600
v 1.610779 -0.897700 -1.385100
v 1.610779 -0.897700 -1.713800
v 1.610779 -0.710800 -1.713800
v 1.610779 -0.710800 -1.385100
v 1.616078 -0.897700 -1.385100
v 1.616078 -0.897700 -1.713800
v 1.616078 -0.710800 -1.713800
v 1.616078 -0.710800 -1.385100
v 1.588079 -0.934100 -1.741700
v 1.629879 -0.934100 -1.741700
v 1.588079 -0.674200 -1.741700
v 1.629879 -0.674200 -1.741700
v 1.588079 -0.674200 -1.777000
v 1.629879 -0.674200 -1.777000
v 1.588079 -0.934100 -1.777000
v 1.629879 -0.934100 -1.777000
v 1.588079 -0.720700 -1.851700
v 1.629879 -0.720700 -1.851700
v 1.588079 -0.720700 -1.784100
v 1.629879 -0.720700 -1.784100
v 1.588079 -0.693100 -1.784100
v 1.629879 -0.693100 -1.784100
v 1.588079 -0.693100 -1.851700
v 1.629879 -0.693100 -1.851700
v 1.286879 -0.674200 -1.798200
v 1.245080 -0.674200 -1.798200
v 1.286879 -0.934100 -1.798200
v 1.245080 -0.934100 -1.798200
v 1.286879 -0.934100 -1.833500
v 1.245080 -0.934100 -1.833500
v 1.286879 -0.674200 -1.833500
v 1.245080 -0.674200 -1.833500
v 1.286879 -0.674200 -1.670000
v 1.245080 -0.674200 -1.670000
v 1.286879 -0.934100 -1.670000
v 1.245080 -0.934100 -1.670000
v 1.286879 -0.934100 -1.705300
v 1.245080 -0.934100 -1.705300
v 1.286879 -0.674200 -1.705300
v 1.245080 -0.674200 -1.705300
v 1.286879 -0.674200 -1.395300
v 1.245080 -0.674200 -1.395300
v 1.286879 -0.934100 -1.395300
v 1.245080 -0.934100 -1.395300
v 1.286879 -0.934100 -1.430600
v 1.245080 -0.934100 -1.430600
v 1.286879 -0.674200 -1.430600
v 1.245080 -0.674200 -1.430600
v 1.286879 -0.674200 -1.531900
v 1.245080 -0.674200 -1.531900
v 1.286879 -0.934100 -1.531900
v 1.245080 -0.934100 -1.531900
v 1.286879 -0.934100 -1.567200
v 1.245080 -0.934100 -1.567200
v 1.286879 -0.674200 -1.567200
v 1.245080 -0.674200 -1.567200
v 1.265579 -0.956200 -2.177500
v 1.610779 -0.956200 -2.177500
v 1.265579 -0.652300 -2.177500
v 1.610779 -0.652300 -2.177500
v 1.265579 -0.652300 -2.711800
v 1.610779 -0.652300 -2.711800
v 1.265579 -0.956200 -2.711800
v 1.610779 -0.956200 -2.711800
v 1.610779 -0.897700 -2.218300
v 1.610779 -0.897700 -2.547000
v 1.610779 -0.710800 -2.547000
v 1.610779 -0.710800 -2.218300
v 1.616078 -0.897700 -2.218300
v 1.616078 -0.897700 -2.547000
v 1.616078 -0.710800 -2.547000
v 1.616078 -0.710800 -2.218300
v 1.588079 -0.934100 -2.574900
v 1.629879 -0.934100 -2.574900
v 1.588079 -0.674200 -2.574900
v 1.629879 -0.674200 -2.574900
v 1.588079 -0.674200 -2.610200
v 1.629879 -0.674200 -2.610200
v 1.588079 -0.934100 -2.610200
v 1.629879 -0.934100 -2.610200
v 1.588079 -0.720700 -2.684900
v 1.629879 -0.720700 -2.684900
v 1.588079 -0.720700 -2.617300
v 1.629879 -0.720700 -2.617300
v 1.588079 -0.693100 -2.617300
v 1.629879 -0.693100 -2.617300
v 1.588079 -0.693100 -2.684900
v 1.629879 -0.693100 -2.684900
v 1.286879 -0.674200 -2.631400
v 1.245080 -0.674200 -2.631400
v 1.286879 -0.934100 -2.631400
v 1.245080 -0.934100 -2.631400
v 1.286879 -0.934100 -2.666700
v 1.245080 -0.934100 -2.666700
v 1.286879 -0.674200 -2.666700
v 1.245080 -0.674200 -2.666700
v 1.286879 -0.674200 -2.503200
v 1.245080 -0.674200 -2.503200
v 1.286879 -0.934100 -2.503200
v 1.245080 -0.934100 -2.503200
v 1.286879 -0.934100 -2.538500
v 1.245080 -0.934100 -2.538500
v 1.286879 -0.674200 -2.538500
v 1.245080 -0.674200 -2.538500
v 1.286879 -0.674200 -2.228500
v 1.245080 -0.674200 -2.228500
v 1.286879 -0.934100 -2.228500
v 1.245080 -0.934100 -2.228500
v 1.286879 -0.934100 -2.263800
v 1.245080 -0.934100 -2.263800
v 1.286879 -0.674200 -2.263800
v 1.245080 -0.674200 -2.263800
v 1.286879 -0.674200 -2.365100
v 1.245080 -0.674200 -2.365100
v 1.286879 -0.934100 -2.365100
v 1.245080 -0.934100 -2.365100
v 1.286879 -0.934100 -2.400400
v 1.245080 -0.934100 -2.400400
v 1.286879 -0.674200 -2.400400
v 1.245080 -0.674200 -2.400400
v 1.265579 -0.956200 -1.344300
v 1.610779 -0.956200 -1.344300
v 1.265579 -0.652300 -1.344300
v 1.610779 -0.652300 -1.344300
v 1.265579 -0.652300 -1.878600
v 1.610779 -0.652300 -1.878600
v 1.265579 -0.956200 -1.878600
v 1.610779 -0.956200 -1.878600
v 1.610779 -0.897700 -1.385100
v 1.610779 -0.897700 -1.713800
v 1.610779 -0.710800 -1.713800
v 1.610779 -0.710800 -1.385100
v 1.616078 -0.897700 -1.385100
v 1.616078 -0.897700 -1.713800
v 1.616078 -0.710800 -1.713800
v 1.616078 -0.710800 -1.385100
v 1.588079 -0.934100 -1.741700
v 1.629879 -0.934100 -1.741700
v 1.588079 -0.674200 -1.741700
v 1.629879 -0.674200 -1.741700
v 1.588079 -0.674200 -1.777000
v 1.629879 -0.674200 -1.777000
v 1.588079 -0.934100 -1.777000
v 1.629879 -0.934100 -1.777000
v 1.588079 -0.720700 -1.851700
v 1.629879 -0.720700 -1.851700
v 1.588079 -0.720700 -1.784100
v 1.629879 -0.720700 -1.784100
v 1.588079 -0.693100 -1.784100
v 1.629879 -0.693100 -1.784100
v 1.588079 -0.693100 -1.851700
v 1.629879 -0.693100 -1.851700
v 1.286879 -0.674200 -1.798200
v 1.245080 -0.674200 -1.798200
v 1.286879 -0.934100 -1.798200
v 1.245080 -0.934100 -1.798200
v 1.286879 -0.934100 -1.833500
v 1.245080 -0.934100 -1.833500
v 1.286879 -0.674200 -1.833500
v 1.245080 -0.674200 -1.833500
v 1.286879 -0.674200 -1.670000
v 1.245080 -0.674200 -1.670000
v 1.286879 -0.934100 -1.670000
v 1.245080 -0.934100 -1.670000
v 1.286879 -0.934100 -1.705300
v 1.245080 -0.934100 -1.705300
v 1.286879 -0.674200 -1.705300
v 1.245080 -0.674200 -1.705300
v 1.286879 -0.674200 -1.395300
v 1.245080 -0.674200 -1.395300
v 1.286879 -0.934100 -1.395300
v 1.245080 -0.934100 -1.395300
v 1.286879 -0.934100 -1.430600
v 1.245080 -0.934100 -1.430600
v 1.286879 -0.674200 -1.430600
v 1.245080 -0.674200 -1.430600
v 1.286879 -0.674200 -1.531900
v 1.245080 -0.674200 -1.531900
v 1.286879 -0.934100 -1.531900
v 1.245080 -0.934100 -1.531900
v 1.286879 -0.934100 -1.567200
v 1.245080 -0.934100 -1.567200
v 1.286879 -0.674200 -1.567200
v 1.245080 -0.674200 -1.567200
v 1.265579 -0.956200 -2.177500
v 1.610779 -0.956200 -2.177500
v 1.265579 -0.652300 -2.177500
v 1.610779 -0.652300 -2.177500
v 1.265579 -0.652300 -2.711800
v 1.610779 -0.652300 -2.711800
v 1.265579 -0.956200 -2.711800
v 1.610779 -0.956200 -2.711800
v 1.610779 -0.897700 -2.218300
v 1.610779 -0.897700 -2.547000
v 1.610779 -0.710800 -2.547000
v 1.610779 -0.710800 -2.218300
v 1.616078 -0.897700 -2.218300
v 1.616078 -0.897700 -2.547000
v 1.616078 -0.710800 -2.547000
v 1.616078 -0.710800 -2.218300
v 1.588079 -0.934100 -2.574900
v 1.629879 -0.934100 -2.574900
v 1.588079 -0.674200 -2.574900
v 1.629879 -0.674200 -2.574900
v 1.588079 -0.674200 -2.610200
v 1.629879 -0.674200 -2.610200
v 1.588079 -0.934100 -2.610200
v 1.629879 -0.934100 -2.610200
v 1.588079 -0.720700 -2.684900
v 1.629879 -0.720700 -2.684900
v 1.588079 -0.720700 -2.617300
v 1.629879 -0.720700 -2.617300
v 1.588079 -0.693100 -2.617300
v 1.629879 -0.693100 -2.617300
v 1.588079 -0.693100 -2.684900
v 1.629879 -0.693100 -2.684900
v 1.286879 -0.674200 -2.631400
v 1.245080 -0.674200 -2.631400
v 1.286879 -0.934100 -2.631400
v 1.245080 -0.934100 -2.631400
v 1.286879 -0.934100 -2.666700
v 1.245080 -0.934100 -2.666700
v 1.286879 -0.674200 -2.666700
v 1.245080 -0.674200 -2.666700
v 1.286879 -0.674200 -2.503200
v 1.245080 -0.674200 -2.503200
v 1.286879 -0.934100 -2.503200
v 1.245080 -0.934100 -2.503200
v 1.286879 -0.934100 -2.538500
v 1.245080 -0.934100 -2.538500
v 1.286879 -0.674200 -2.538500
v 1.245080 -0.674200 -2.538500
v 1.286879 -0.674200 -2.228500
v 1.245080 -0.674200 -2.228500
v 1.286879 -0.934100 -2.228500
v 1.245080 -0.934100 -2.228500
v 1.286879 -0.934100 -2.263800
v 1.245080 -0.934100 -2.263800
v 1.286879 -0.674200 -2.263800
v 1.245080 -0.674200 -2.263800
v 1.286879 -0.674200 -2.365100
v 1.245080 -0.674200 -2.365100
v 1.286879 -0.934100 -2.365100
v 1.245080 -0.934100 -2.365100
v 1.286879 -0.934100 -2.400400
v 1.245080 -0.934100 -2.400400
v 1.286879 -0.674200 -2.400400
v 1.245080 -0.674200 -2.400400
vn -0.0000 -0.0000 1.0000
vn -0.0000 1.0000 -0.0000
vn -0.0000 -0.0000 -1.0000
vn -1.0000 -0.0000 -0.0000
vn 1.0000 -0.0000 -0.0000
vn -0.0000 -1.0000 -0.0000
s 0
usemtl Material.001
vt 0.750000 0.250000
vt 0.750000 0.250000
vt 0.750000 0.250000
vt 0.250000 0.750000
vt 0.250000 0.750000
vt 0.750000 0.250000
vt 0.750000 0.250000
vt 0.750000 0.250000
vt 0.750000 0.250000
vt 0.750000 0.250000
vt 0.750000 0.250000
vt 0.750000 0.250000
vt 0.750000 0.250000
vt 0.750000 0.250000
vt 0.750000 0.250000
vt 0.750000 0.250000
vt 0.750000 0.250000
vt 0.750000 0.250000
vt 0.750000 0.250000
vt 0.750000 0.250000
vt 0.750000 0.250000
vt 0.750000 0.250000
vt 0.750000 0.250000
vt 0.750000 0.250000
vt 0.750000 0.250000
vt 0.750000 0.250000
vt 0.750000 0.250000
vt 0.750000 0.250000
vt 0.750000 0.250000
vt 0.750000 0.250000
vt 0.750000 0.250000
vt 0.750000 0.250000
vt 0.750000 0.250000
vt 0.750000 0.250000
vt 0.750000 0.250000
vt 0.750000 0.250000
vt 0.750000 0.250000
vt 0.250000 0.250000
vt 0.750000 0.250000
vt 0.750000 0.250000
vt 0.250000 0.750000
vt 0.250000 0.750000
vt 0.750000 0.250000
vt 0.750000 0.250000
vt 0.250000 0.750000
vt 0.250000 0.750000
vt 0.750000 0.250000
vt 0.750000 0.250000
vt 0.250000 0.750000
vt 0.250000 0.750000
vt 0.750000 0.250000
vt 0.750000 0.250000
vt 0.250000 0.750000
vt 0.250000 0.750000
vt 0.250000 0.250000
vt 0.250000 0.250000
vt 0.250000 0.250000
vt 0.250000 0.250000
vt 0.250000 0.250000
vt 0.750000 0.250000
vt 0.750000 0.250000
vt 0.250000 0.750000
vt 0.250000 0.750000
vt 0.750000 0.250000
vt 0.750000 0.250000
vt 0.250000 0.750000
vt 0.250000 0.750000
vt 0.750000 0.250000
vt 0.750000 0.250000
vt 0.250000 0.750000
vt 0.250000 0.750000
vt 0.750000 0.250000
vt 0.750000 0.250000
vt 0.250000 0.750000
vt 0.250000 0.750000
vt 0.250000 0.250000
vt 0.250000 0.250000
vt 0.250000 0.250000
vt 0.750000 0.250000
vt 0.750000 0.250000
vt 0.250000 0.750000
vt 0.250000 0.750000
vt 0.750000 0.250000
vt 0.750000 0.250000
vt 0.250000 0.750000
vt 0.250000 0.750000
vt 0.750000 0.250000
vt 0.750000 0.250000
vt 0.250000 0.750000
vt 0.250000 0.750000
vt 0.750000 0.250000
vt 0.750000 0.250000
vt 0.250000 0.750000
vt 0.250000 0.750000
vt 0.250000 0.250000
vt 0.250000 0.250000
vt 0.250000 0.250000
vt 0.750000 0.250000
vt 0.750000 0.250000
vt 0.250000 0.750000
vt 0.250000 0.750000
vt 0.750000 0.250000
vt 0.750000 0.250000
vt 0.250000 0.750000
vt 0.250000 0.750000
vt 0.750000 0.250000
vt 0.750000 0.250000
vt 0.250000 0.750000
vt 0.250000 0.750000
vt 0.750000 0.250000
vt 0.750000 0.250000
vt 0.250000 0.750000
vt 0.250000 0.750000
vt 0.250000 0.250000
vt 0.250000 0.250000
vt 0.250000 0.250000
vt 0.750000 0.250000
vt 0.750000 0.250000
vt 0.250000 0.750000
vt 0.250000 0.750000
vt 0.750000 0.250000
vt 0.750000 0.250000
vt 0.250000 0.750000
vt 0.250000 0.750000
vt 0.750000 0.250000
vt 0.750000 0.250000
vt 0.250000 0.750000
vt 0.250000 0.750000
vt 0.750000 0.250000
vt 0.750000 0.250000
vt 0.250000 0.750000
vt 0.250000 0.750000
vt 0.250000 0.250000
vt 0.250000 0.250000
vt 0.750000 0.250000
vt 0.750000 0.250000
vt 0.250000 0.750000
vt 0.250000 0.750000
vt 0.250000 0.250000
vt 0.750000 0.250000
vt 0.750000 0.250000
vt 0.250000 0.750000
vt 0.250000 0.750000
vt 0.250000 0.250000
vt 0.250000 0.250000
vt 0.250000 0.250000
vt 0.250000 0.250000
vt 0.250000 0.250000
vt 0.250000 0.250000
vt 0.750000 0.250000
vt 0.750000 0.250000
vt 0.250000 0.750000
vt 0.250000 0.750000
vt 0.250000 0.250000
vt 0.750000 0.250000
vt 0.750000 0.250000
vt 0.250000 0.750000
vt 0.250000 0.750000
vt 0.750000 0.250000
vt 0.750000 0.250000
vt 0.250000 0.750000
vt 0.250000 0.750000
vt 0.750000 0.250000
vt 0.750000 0.250000
vt 0.250000 0.750000
vt 0.250000 0.750000
vt 0.750000 0.250000
vt 0.750000 0.250000
vt 0.250000 0.750000
vt 0.250000 0.750000
vt 0.750000 0.250000
vt 0.750000 0.250000
vt 0.250000 0.750000
vt 0.250000 0.750000
vt 0.250000 0.250000
vt 0.250000 0.250000
vt 0.750000 0.250000
vt 0.750000 0.250000
vt 0.250000 0.750000
vt 0.250000 0.750000
vt 0.750000 0.250000
vt 0.750000 0.250000
vt 0.250000 0.750000
vt 0.250000 0.750000
vt 0.750000 0.250000
vt 0.750000 0.250000
vt 0.250000 0.750000
vt 0.250000 0.750000
vt 0.750000 0.250000
vt 0.750000 0.250000
vt 0.250000 0.750000
vt 0.250000 0.750000
vt 0.750000 0.250000
vt 0.750000 0.250000
vt 0.250000 0.750000
vt 0.250000 0.750000
vt 0.750000 0.250000
vt 0.750000 0.250000
vt 0.250000 0.750000
vt 0.250000 0.750000
vt 0.750000 0.250000
vt 0.750000 0.250000
vt 0.250000 0.750000
vt 0.250000 0.750000
vt 0.750000 0.250000
vt 0.750000 0.250000
vt 0.250000 0.750000
vt 0.250000 0.750000
vt 0.750000 0.250000
vt 0.750000 0.250000
vt 0.250000 0.750000
vt 0.250000 0.750000
vt 0.750000 0.250000
vt 0.750000 0.250000
vt 0.250000 0.750000
vt 0.250000 0.750000
vt 0.750000 0.250000
vt 0.750000 0.250000
vt 0.250000 0.750000
vt 0.250000 0.750000
vt 0.750000 0.250000
vt 0.750000 0.250000
vt 0.250000 0.750000
vt 0.250000 0.750000
vt 0.250000 0.250000
vt 0.250000 0.250000
vt 0.250000 0.250000
vt 0.750000 0.250000
vt 0.750000 0.250000
vt 0.750000 0.250000
vt 0.250000 0.750000
vt 0.250000 0.750000
vt 0.750000 0.250000
vt 0.750000 0.250000
vt 0.750000 0.250000
vt 0.750000 0.250000
vt 0.750000 0.250000
vt 0.750000 0.250000
vt 0.750000 0.250000
vt 0.750000 0.250000
vt 0.750000 0.250000
vt 0.750000 0.250000
vt 0.750000 0.250000
vt 0.750000 0.250000
vt 0.750000 0.250000
vt 0.750000 0.250000
vt 0.750000 0.250000
vt 0.750000 0.250000
vt 0.750000 0.250000
vt 0.750000 0.250000
vt 0.750000 0.250000
vt 0.750000 0.250000
vt 0.750000 0.250000
vt 0.750000 0.250000
vt 0.750000 0.250000
vt 0.750000 0.250000
vt 0.750000 0.250000
vt 0.750000 0.250000
vt 0.750000 0.250000
vt 0.750000 0.250000
vt 0.750000 0.250000
vt 0.750000 0.250000
vt 0.750000 0.250000
vt 0.750000 0.250000
vt 0.750000 0.250000
vt 0.750000 0.250000
vt 0.750000 0.250000
vt 0.250000 0.750000
vt 0.250000 0.750000
vt 0.750000 0.250000
vt 0.750000 0.250000
vt 0.750000 0.250000
vt 0.750000 0.250000
vt 0.750000 0.250000
vt 0.750000 0.250000
vt 0.750000 0.250000
vt 0.750000 0.250000
vt 0.750000 0.250000
vt 0.750000 0.250000
vt 0.750000 0.250000
vt 0.750000 0.250000
vt 0.750000 0.250000
vt 0.750000 0.250000
vt 0.750000 0.250000
vt 0.750000 0.250000
vt 0.750000 0.250000
vt 0.750000 0.250000
vt 0.750000 0.250000
vt 0.750000 0.250000
vt 0.750000 0.250000
vt 0.750000 0.250000
vt 0.750000 0.250000
vt 0.750000 0.250000
vt 0.750000 0.250000
vt 0.750000 0.250000
vt 0.750000 0.250000
vt 0.750000 0.250000
vt 0.750000 0.250000
vt 0.750000 0.250000
vt 0.750000 0.250000
vt 0.750000 0.250000
vt 0.750000 0.250000
vt 0.750000 0.250000
vt 0.750000 0.250000
vt 0.250000 0.750000
vt 0.250000 0.750000
vt 0.750000 0.250000
vt 0.750000 0.250000
vt 0.750000 0.250000
vt 0.750000 0.250000
vt 0.750000 0.250000
vt 0.750000 0.250000
vt 0.750000 0.250000
vt 0.750000 0.250000
vt 0.750000 0.250000
vt 0.750000 0.250000
vt 0.750000 0.250000
vt 0.750000 0.250000
vt 0.750000 0.250000
vt 0.750000 0.250000
vt 0.750000 0.250000
vt 0.750000 0.250000
vt 0.750000 0.250000
vt 0.750000 0.250000
vt 0.750000 0.250000
vt 0.750000 0.250000
vt 0.750000 0.250000
vt 0.750000 0.250000
vt 0.750000 0.250000
vt 0.750000 0.250000
vt 0.750000 0.250000
vt 0.750000 0.250000
vt 0.750000 0.250000
vt 0.750000 0.250000
vt 0.750000 0.250000
vt 0.750000 0.250000
vt 0.750000 0.250000
vt 0.750000 0.250000
vt 0.750000 0.250000
vt 0.750000 0.250000
vt 0.750000 0.250000
vt 0.250000 0.750000
vt 0.250000 0.750000
vt 0.750000 0.250000
vt 0.750000 0.250000
vt 0.750000 0.250000
vt 0.750000 0.250000
vt 0.750000 0.250000
vt 0.750000 0.250000
vt 0.750000 0.250000
vt 0.750000 0.250000
vt 0.750000 0.250000
vt 0.750000 0.250000
vt 0.750000 0.250000
vt 0.750000 0.250000
vt 0.750000 0.250000
vt 0.750000 0.250000
vt 0.750000 0.250000
vt 0.750000 0.250000
vt 0.750000 0.250000
vt 0.750000 0.250000
vt 0.750000 0.250000
vt 0.750000 0.250000
vt 0.750000 0.250000
vt 0.750000 0.250000
vt 0.750000 0.250000
vt 0.750000 0.250000
vt 0.750000 0.250000
vt 0.750000 0.250000
vt 0.750000 0.250000
vt 0.750000 0.250000
vt 0.750000 0.250000
vt 0.750000 0.250000
vt 0.750000 0.250000
vt 0.750000 0.250000
vt 0.750000 0.250000
vt 0.750000 0.250000
vt 0.750000 0.250000
vt 0.250000 0.750000
vt 0.250000 0.750000
vt 0.750000 0.250000
vt 0.750000 0.250000
vt 0.750000 0.250000
vt 0.750000 0.250000
vt 0.750000 0.250000
vt 0.750000 0.250000
vt 0.750000 0.250000
vt 0.750000 0.250000
vt 0.750000 0.250000
vt 0.750000 0.250000
vt 0.750000 0.250000
vt 0.750000 0.250000
vt 0.750000 0.250000
vt 0.750000 0.250000
vt 0.750000 0.250000
vt 0.750000 0.250000
vt 0.750000 0.250000
vt 0.750000 0.250000
vt 0.750000 0.250000
vt 0.750000 0.250000
vt 0.750000 0.250000
vt 0.750000 0.250000
vt 0.750000 0.250000
vt 0.750000 0.250000
vt 0.750000 0.250000
vt 0.750000 0.250000
vt 0.750000 0.250000
vt 0.750000 0.250000
vt 0.750000 0.250000
vt 0.750000 0.250000
vt 0.750000 0.250000
vt 0.750000 0.250000
vt 0.750000 0.250000
vt 0.750000 0.250000
vt 0.750000 0.250000
vt 0.250000 0.750000
vt 0.250000 0.750000
vt 0.750000 0.250000
vt 0.750000 0.250000
vt 0.750000 0.250000
vt 0.750000 0.250000
vt 0.750000 0.250000
vt 0.750000 0.250000
vt 0.750000 0.250000
vt 0.750000 0.250000
vt 0.750000 0.250000
vt 0.750000 0.250000
vt 0.750000 0.250000
vt 0.750000 0.250000
vt 0.750000 0.250000
vt 0.750000 0.250000
vt 0.750000 0.250000
vt 0.750000 0.250000
vt 0.750000 0.250000
vt 0.750000 0.250000
vt 0.750000 0.250000
vt 0.750000 0.250000
vt 0.750000 0.250000
vt 0.750000 0.250000
vt 0.750000 0.250000
vt 0.750000 0.250000
vt 0.750000 0.250000
vt 0.750000 0.250000
vt 0.750000 0.250000
vt 0.750000 0.250000
vt 0.750000 0.250000
vt 0.750000 0.250000
vt 0.750000 0.250000
vt 0.750000 0.250000
vt 0.750000 0.250000
vt 0.750000 0.250000
vt 0.750000 0.250000
vt 0.250000 0.750000
vt 0.250000 0.750000
vt 0.750000 0.250000
vt 0.750000 0.250000
vt 0.750000 0.250000
vt 0.750000 0.250000
vt 0.750000 0.250000
vt 0.750000 0.250000
vt 0.750000 0.250000
vt 0.750000 0.250000
vt 0.750000 0.250000
vt 0.750000 0.250000
vt 0.750000 0.250000
vt 0.750000 0.250000
vt 0.750000 0.250000
vt 0.750000 0.250000
vt 0.750000 0.250000
vt 0.750000 0.250000
vt 0.750000 0.250000
vt 0.750000 0.250000
vt 0.750000 0.250000
vt 0.750000 0.250000
vt 0.750000 0.250000
vt 0.750000 0.250000
vt 0.750000 0.250000
vt 0.750000 0.250000
vt 0.750000 0.250000
vt 0.750000 0.250000
vt 0.750000 0.250000
vt 0.750000 0.250000
vt 0.750000 0.250000
vt 0.750000 0.250000
vt 0.750000 0.250000
vt 0.750000 0.250000
vt 0.750000 0.250000
vt 0.750000 0.250000
vt 0.750000 0.250000
vt 0.250000 0.750000
vt 0.250000 0.750000
vt 0.750000 0.250000
vt 0.750000 0.250000
vt 0.750000 0.250000
vt 0.750000 0.250000
vt 0.750000 0.250000
vt 0.750000 0.250000
vt 0.750000 0.250000
vt 0.750000 0.250000
vt 0.750000 0.250000
vt 0.750000 0.250000
vt 0.750000 0.250000
vt 0.750000 0.250000
vt 0.750000 0.250000
vt 0.750000 0.250000
vt 0.750000 0.250000
vt 0.750000 0.250000
vt 0.750000 0.250000
vt 0.750000 0.250000
vt 0.750000 0.250000
vt 0.750000 0.250000
vt 0.750000 0.250000
vt 0.750000 0.250000
vt 0.750000 0.250000
vt 0.750000 0.250000
vt 0.750000 0.250000
vt 0.750000 0.250000
vt 0.750000 0.250000
vt 0.750000 0.250000
vt 0.750000 0.250000
vt 0.750000 0.250000
vt 0.750000 0.250000
vt 0.750000 0.250000
vt 0.750000 0.250000
vt 0.750000 0.250000
vt 0.750000 0.250000
vt 0.250000 0.750000
vt 0.250000 0.750000
vt 0.750000 0.250000
vt 0.750000 0.250000
vt 0.750000 0.250000
vt 0.750000 0.250000
vt 0.750000 0.250000
vt 0.750000 0.250000
vt 0.750000 0.250000
vt 0.750000 0.250000
vt 0.750000 0.250000
vt 0.750000 0.250000
vt 0.750000 0.250000
vt 0.750000 0.250000
vt 0.750000 0.250000
vt 0.750000 0.250000
vt 0.750000 0.250000
vt 0.750000 0.250000
vt 0.750000 0.250000
vt 0.750000 0.250000
vt 0.750000 0.250000
vt 0.750000 0.250000
vt 0.750000 0.250000
vt 0.750000 0.250000
vt 0.750000 0.250000
vt 0.750000 0.250000
vt 0.750000 0.250000
vt 0.750000 0.250000
vt 0.750000 0.250000
vt 0.750000 0.250000
vt 0.750000 0.250000
vt 0.750000 0.250000
vt 0.750000 0.250000
vt 0.750000 0.250000
vt 0.750000 0.250000
vt 0.750000 0.250000
vt 0.750000 0.250000
vt 0.250000 0.750000
vt 0.250000 0.750000
vt 0.750000 0.250000
vt 0.750000 0.250000
vt 0.750000 0.250000
vt 0.750000 0.250000
vt 0.750000 0.250000
vt 0.750000 0.250000
vt 0.750000 0.250000
vt 0.750000 0.250000
vt 0.750000 0.250000
vt 0.750000 0.250000
vt 0.750000 0.250000
vt 0.750000 0.250000
vt 0.750000 0.250000
vt 0.750000 0.250000
vt 0.750000 0.250000
vt 0.750000 0.250000
vt 0.750000 0.250000
vt 0.750000 0.250000
vt 0.750000 0.250000
vt 0.750000 0.250000
vt 0.750000 0.250000
vt 0.750000 0.250000
vt 0.750000 0.250000
vt 0.750000 0.250000
vt 0.750000 0.250000
vt 0.750000 0.250000
vt 0.750000 0.250000
vt 0.750000 0.250000
vt 0.750000 0.250000
vt 0.750000 0.250000
vt 0.750000 0.250000
vt 0.750000 0.250000
vt 0.750000 0.250000
vt 0.750000 0.250000
vt 0.750000 0.250000
vt 0.250000 0.750000
vt 0.250000 0.750000
vt 0.750000 0.250000
vt 0.750000 0.250000
vt 0.750000 0.250000
vt 0.750000 0.250000
vt 0.750000 0.250000
vt 0.750000 0.250000
vt 0.750000 0.250000
vt 0.750000 0.250000
vt 0.750000 0.250000
vt 0.750000 0.250000
vt 0.750000 0.250000
vt 0.750000 0.250000
vt 0.750000 0.250000
vt 0.750000 0.250000
vt 0.750000 0.250000
vt 0.750000 0.250000
vt 0.750000 0.250000
vt 0.750000 0.250000
vt 0.750000 0.250000
vt 0.750000 0.250000
vt 0.750000 0.250000
vt 0.750000 0.250000
vt 0.750000 0.250000
vt 0.750000 0.250000
vt 0.750000 0.250000
vt 0.750000 0.250000
vt 0.750000 0.250000
vt 0.750000 0.250000
vt 0.750000 0.250000
vt 0.750000 0.250000
vt 0.750000 0.250000
vt 0.750000 0.250000
vt 0.750000 0.250000
vt 0.750000 0.250000
vt 0.750000 0.250000
vt 0.250000 0.750000
vt 0.250000 0.750000
vt 0.750000 0.250000
vt 0.750000 0.250000
vt 0.750000 0.250000
vt 0.750000 0.250000
vt 0.750000 0.250000
vt 0.750000 0.250000
vt 0.750000 0.250000
vt 0.750000 0.250000
vt 0.750000 0.250000
vt 0.750000 0.250000
vt 0.750000 0.250000
vt 0.750000 0.250000
vt 0.750000 0.250000
vt 0.750000 0.250000
vt 0.750000 0.250000
vt 0.750000 0.250000
vt 0.750000 0.250000
vt 0.750000 0.250000
vt 0.750000 0.250000
vt 0.750000 0.250000
vt 0.750000 0.250000
vt 0.750000 0.250000
vt 0.750000 0.250000
vt 0.750000 0.250000
vt 0.750000 0.250000
vt 0.750000 0.250000
vt 0.750000 0.250000
vt 0.750000 0.250000
vt 0.750000 0.250000
vt 0.750000 0.250000
vt 0.750000 0.250000
vt 0.750000 0.250000
vt 0.750000 0.250000
vt 0.750000 0.250000
vt 0.750000 0.250000
vt 0.250000 0.750000
vt 0.250000 0.750000
vt 0.750000 0.250000
vt 0.750000 0.250000
vt 0.750000 0.250000
vt 0.750000 0.250000
vt 0.750000 0.250000
vt 0.750000 0.250000
vt 0.750000 0.250000
vt 0.750000 0.250000
vt 0.750000 0.250000
vt 0.750000 0.250000
vt 0.750000 0.250000
vt 0.750000 0.250000
vt 0.750000 0.250000
vt 0.750000 0.250000
vt 0.750000 0.250000
vt 0.750000 0.250000
vt 0.750000 0.250000
vt 0.750000 0.250000
vt 0.750000 0.250000
vt 0.750000 0.250000
vt 0.750000 0.250000
vt 0.750000 0.250000
vt 0.750000 0.250000
vt 0.750000 0.250000
vt 0.750000 0.250000
vt 0.750000 0.250000
vt 0.750000 0.250000
vt 0.750000 0.250000
vt 0.750000 0.250000
vt 0.750000 0.250000
vt 0.750000 0.250000
vt 0.750000 0.250000
vt 0.750000 0.250000
vt 0.750000 0.250000
vt 0.750000 0.250000
vt 0.250000 0.750000
vt 0.250000 0.750000
vt 0.750000 0.250000
vt 0.750000 0.250000
vt 0.750000 0.250000
vt 0.750000 0.250000
vt 0.750000 0.250000
vt 0.750000 0.250000
vt 0.750000 0.250000
vt 0.750000 0.250000
vt 0.750000 0.250000
vt 0.750000 0.250000
vt 0.750000 0.250000
vt 0.750000 0.250000
vt 0.750000 0.250000
vt 0.750000 0.250000
vt 0.750000 0.250000
vt 0.750000 0.250000
vt 0.750000 0.250000
vt 0.750000 0.250000
vt 0.750000 0.250000
vt 0.750000 0.250000
vt 0.750000 0.250000
vt 0.750000 0.250000
vt 0.750000 0.250000
vt 0.750000 0.250000
vt 0.750000 0.250000
vt 0.750000 0.250000
vt 0.750000 0.250000
vt 0.750000 0.250000
vt 0.750000 0.250000
vt 0.750000 0.250000
vt 0.750000 0.250000
vt 0.750000 0.250000
vt 0.750000 0.250000
vt 0.750000 0.250000
vt 0.750000 0.250000
vt 0.250000 0.750000
vt 0.250000 0.750000
vt 0.750000 0.250000
vt 0.750000 0.250000
vt 0.750000 0.250000
vt 0.750000 0.250000
vt 0.750000 0.250000
vt 0.750000 0.250000
vt 0.750000 0.250000
vt 0.750000 0.250000
vt 0.750000 0.250000
vt 0.750000 0.250000
vt 0.750000 0.250000
vt 0.750000 0.250000
vt 0.750000 0.250000
vt 0.750000 0.250000
vt 0.750000 0.250000
vt 0.750000 0.250000
vt 0.750000 0.250000
vt 0.750000 0.250000
vt 0.750000 0.250000
vt 0.750000 0.250000
vt 0.750000 0.250000
vt 0.750000 0.250000
vt 0.750000 0.250000
vt 0.750000 0.250000
vt 0.750000 0.250000
vt 0.750000 0.250000
vt 0.750000 0.250000
vt 0.750000 0.250000
vt 0.750000 0.250000
vt 0.750000 0.250000
vt 0.750000 0.250000
vt 0.750000 0.250000
vt 0.750000 0.250000
vt 0.750000 0.250000
vt 0.750000 0.250000
vt 0.250000 0.750000
vt 0.250000 0.750000
vt 0.750000 0.250000
vt 0.750000 0.250000
vt 0.750000 0.250000
vt 0.750000 0.250000
vt 0.750000 0.250000
vt 0.750000 0.250000
vt 0.750000 0.250000
vt 0.750000 0.250000
vt 0.750000 0.250000
vt 0.750000 0.250000
vt 0.750000 0.250000
vt 0.750000 0.250000
vt 0.750000 0.250000
vt 0.750000 0.250000
vt 0.750000 0.250000
vt 0.750000 0.250000
vt 0.750000 0.250000
vt 0.750000 0.250000
vt 0.750000 0.250000
vt 0.750000 0.250000
vt 0.750000 0.250000
vt 0.750000 0.250000
vt 0.750000 0.250000
vt 0.750000 0.250000
vt 0.750000 0.250000
vt 0.750000 0.250000
vt 0.750000 0.250000
vt 0.750000 0.250000
vt 0.750000 0.250000
vt 0.750000 0.250000
vt 0.750000 0.250000
vt 0.750000 0.250000
vt 0.750000 0.250000
vt 0.750000 0.250000
vt 0.750000 0.250000
vt 0.250000 0.750000
vt 0.250000 0.750000
vt 0.750000 0.250000
vt 0.750000 0.250000
vt 0.750000 0.250000
vt 0.750000 0.250000
vt 0.750000 0.250000
vt 0.750000 0.250000
vt 0.750000 0.250000
vt 0.750000 0.250000
vt 0.750000 0.250000
vt 0.750000 0.250000
vt 0.750000 0.250000
vt 0.750000 0.250000
vt 0.750000 0.250000
vt 0.750000 0.250000
vt 0.750000 0.250000
vt 0.750000 0.250000
vt 0.750000 0.250000
vt 0.750000 0.250000
vt 0.750000 0.250000
vt 0.750000 0.250000
vt 0.750000 0.250000
vt 0.750000 0.250000
vt 0.750000 0.250000
vt 0.750000 0.250000
vt 0.750000 0.250000
vt 0.750000 0.250000
vt 0.750000 0.250000
vt 0.750000 0.250000
vt 0.750000 0.250000
vt 0.750000 0.250000
vt 0.750000 0.250000
vt 0.750000 0.250000
vt 0.750000 0.250000
vt 0.750000 0.250000
vt 0.750000 0.250000
vt 0.250000 0.750000
vt 0.250000 0.750000
vt 0.750000 0.250000
vt 0.750000 0.250000
vt 0.750000 0.250000
vt 0.750000 0.250000
vt 0.750000 0.250000
vt 0.750000 0.250000
vt 0.750000 0.250000
vt 0.750000 0.250000
vt 0.750000 0.250000
vt 0.750000 0.250000
vt 0.750000 0.250000
vt 0.750000 0.250000
vt 0.750000 0.250000
vt 0.750000 0.250000
vt 0.750000 0.250000
vt 0.750000 0.250000
vt 0.750000 0.250000
vt 0.750000 0.250000
vt 0.750000 0.250000
vt 0.750000 0.250000
vt 0.750000 0.250000
vt 0.750000 0.250000
vt 0.750000 0.250000
vt 0.750000 0.250000
vt 0.750000 0.250000
vt 0.750000 0.250000
vt 0.750000 0.250000
vt 0.750000 0.250000
vt 0.750000 0.250000
vt 0.750000 0.250000
vt 0.750000 0.250000
vt 0.750000 0.250000
vt 0.750000 0.250000
vt 0.750000 0.250000
vt 0.750000 0.250000
vt 0.250000 0.750000
vt 0.250000 0.750000
vt 0.750000 0.250000
vt 0.750000 0.250000
vt 0.750000 0.250000
vt 0.750000 0.250000
vt 0.750000 0.250000
vt 0.750000 0.250000
vt 0.750000 0.250000
vt 0.750000 0.250000
vt 0.750000 0.250000
vt 0.750000 0.250000
vt 0.750000 0.250000
vt 0.750000 0.250000
vt 0.750000 0.250000
vt 0.750000 0.250000
vt 0.750000 0.250000
vt 0.750000 0.250000
vt 0.750000 0.250000
vt 0.750000 0.250000
vt 0.750000 0.250000
vt 0.750000 0.250000
vt 0.750000 0.250000
vt 0.750000 0.250000
vt 0.750000 0.250000
vt 0.750000 0.250000
vt 0.750000 0.250000
vt 0.750000 0.250000
vt 0.750000 0.250000
vt 0.750000 0.250000
vt 0.750000 0.250000
vt 0.750000 0.250000
vt 0.750000 0.250000
vt 0.750000 0.250000
vt 0.750000 0.250000
vt 0.750000 0.250000
vt 0.750000 0.250000
vt 0.250000 0.750000
vt 0.250000 0.750000
vt 0.750000 0.250000
vt 0.750000 0.250000
vt 0.750000 0.250000
vt 0.750000 0.250000
vt 0.750000 0.250000
vt 0.750000 0.250000
vt 0.750000 0.250000
vt 0.750000 0.250000
vt 0.750000 0.250000
vt 0.750000 0.250000
vt 0.750000 0.250000
vt 0.750000 0.250000
vt 0.750000 0.250000
vt 0.750000 0.250000
vt 0.750000 0.250000
vt 0.750000 0.250000
vt 0.750000 0.250000
vt 0.750000 0.250000
vt 0.750000 0.250000
vt 0.750000 0.250000
vt 0.750000 0.250000
vt 0.750000 0.250000
vt 0.750000 0.250000
vt 0.750000 0.250000
vt 0.750000 0.250000
vt 0.750000 0.250000
vt 0.750000 0.250000
vt 0.750000 0.250000
vt 0.750000 0.250000
vt 0.750000 0.250000
vt 0.750000 0.250000
vt 0.750000 0.250000
vt 0.750000 0.250000
vt 0.750000 0.250000
vt 0.750000 0.250000
vt 0.250000 0.750000
vt 0.250000 0.750000
vt 0.750000 0.250000
vt 0.750000 0.250000
vt 0.750000 0.250000
vt 0.750000 0.250000
vt 0.750000 0.250000
vt 0.750000 0.250000
vt 0.750000 0.250000
vt 0.750000 0.250000
vt 0.750000 0.250000
vt 0.750000 0.250000
vt 0.750000 0.250000
vt 0.750000 0.250000
vt 0.750000 0.250000
vt 0.750000 0.250000
vt 0.750000 0.250000
vt 0.750000 0.250000
vt 0.750000 0.250000
vt 0.750000 0.250000
vt 0.750000 0.250000
vt 0.750000 0.250000
vt 0.750000 0.250000
vt 0.750000 0.250000
vt 0.750000 0.250000
vt 0.750000 0.250000
vt 0.750000 0.250000
vt 0.750000 0.250000
vt 0.750000 0.250000
vt 0.750000 0.250000
vt 0.750000 0.250000
vt 0.750000 0.250000
vt 0.750000 0.250000
vt 0.750000 0.250000
vt 0.750000 0.250000
vt 0.750000 0.250000
vt 0.750000 0.250000
vt 0.250000 0.750000
vt 0.250000 0.750000
vt 0.750000 0.250000
vt 0.750000 0.250000
vt 0.750000 0.250000
vt 0.750000 0.250000
vt 0.750000 0.250000
vt 0.750000 0.250000
vt 0.750000 0.250000
vt 0.750000 0.250000
vt 0.750000 0.250000
vt 0.750000 0.250000
vt 0.750000 0.250000
vt 0.750000 0.250000
vt 0.750000 0.250000
vt 0.750000 0.250000
vt 0.750000 0.250000
vt 0.750000 0.250000
vt 0.750000 0.250000
vt 0.750000 0.250000
vt 0.750000 0.250000
vt 0.750000 0.250000
vt 0.750000 0.250000
vt 0.750000 0.250000
vt 0.750000 0.250000
vt 0.750000 0.250000
vt 0.750000 0.250000
vt 0.750000 0.250000
vt 0.750000 0.250000
vt 0.750000 0.250000
vt 0.750000 0.250000
vt 0.750000 0.250000
vt 0.750000 0.250000
vt 0.750000 0.250000
vt 0.750000 0.250000
vt 0.750000 0.250000
vt 0.750000 0.250000
vt 0.250000 0.750000
vt 0.250000 0.750000
vt 0.750000 0.250000
vt 0.750000 0.250000
vt 0.750000 0.250000
vt 0.750000 0.250000
vt 0.750000 0.250000
vt 0.750000 0.250000
vt 0.750000 0.250000
vt 0.750000 0.250000
vt 0.750000 0.250000
vt 0.750000 0.250000
vt 0.750000 0.250000
vt 0.750000 0.250000
vt 0.750000 0.250000
vt 0.750000 0.250000
vt 0.750000 0.250000
vt 0.750000 0.250000
vt 0.750000 0.250000
vt 0.750000 0.250000
vt 0.750000 0.250000
vt 0.750000 0.250000
vt 0.750000 0.250000
vt 0.750000 0.250000
vt 0.750000 0.250000
vt 0.750000 0.250000
vt 0.750000 0.250000
vt 0.750000 0.250000
vt 0.750000 0.250000
vt 0.750000 0.250000
vt 0.750000 0.250000
vt 0.750000 0.250000
vt 0.750000 0.250000
vt 0.750000 0.250000
vt 0.750000 0.250000
vt 0.750000 0.250000
vt 0.750000 0.250000
vt 0.250000 0.750000
vt 0.250000 0.750000
vt 0.750000 0.250000
vt 0.750000 0.250000
vt 0.750000 0.250000
vt 0.750000 0.250000
vt 0.750000 0.250000
vt 0.750000 0.250000
vt 0.750000 0.250000
vt 0.750000 0.250000
vt 0.750000 0.250000
vt 0.750000 0.250000
vt 0.750000 0.250000
vt 0.750000 0.250000
vt 0.750000 0.250000
vt 0.750000 0.250000
vt 0.750000 0.250000
vt 0.750000 0.250000
vt 0.750000 0.250000
vt 0.750000 0.250000
vt 0.750000 0.250000
vt 0.750000 0.250000
vt 0.750000 0.250000
vt 0.750000 0.250000
vt 0.750000 0.250000
vt 0.750000 0.250000
vt 0.750000 0.250000
vt 0.750000 0.250000
vt 0.750000 0.250000
vt 0.750000 0.250000
vt 0.750000 0.250000
vt 0.750000 0.250000
vt 0.750000 0.250000
vt 0.750000 0.250000
vt 0.750000 0.250000
vt 0.750000 0.250000
vt 0.750000 0.250000
vt 0.250000 0.750000
vt 0.250000 0.750000
vt 0.750000 0.250000
vt 0.750000 0.250000
vt 0.750000 0.250000
vt 0.750000 0.250000
vt 0.750000 0.250000
vt 0.750000 0.250000
vt 0.750000 0.250000
vt 0.750000 0.250000
vt 0.750000 0.250000
vt 0.750000 0.250000
vt 0.750000 0.250000
vt 0.750000 0.250000
vt 0.750000 0.250000
vt 0.750000 0.250000
vt 0.750000 0.250000
vt 0.750000 0.250000
vt 0.750000 0.250000
vt 0.750000 0.250000
vt 0.750000 0.250000
vt 0.750000 0.250000
vt 0.750000 0.250000
vt 0.750000 0.250000
vt 0.750000 0.250000
vt 0.750000 0.250000
vt 0.750000 0.250000
vt 0.750000 0.250000
vt 0.750000 0.250000
vt 0.750000 0.250000
vt 0.750000 0.250000
vt 0.750000 0.250000
vt 0.750000 0.250000
vt 0.750000 0.250000
vt 0.750000 0.250000
vt 0.750000 0.250000
vt 0.750000 0.250000
vt 0.250000 0.750000
vt 0.250000 0.750000
vt 0.750000 0.250000
vt 0.750000 0.250000
vt 0.750000 0.250000
vt 0.750000 0.250000
vt 0.750000 0.250000
vt 0.750000 0.250000
vt 0.750000 0.250000
vt 0.750000 0.250000
vt 0.750000 0.250000
vt 0.750000 0.250000
vt 0.750000 0.250000
vt 0.750000 0.250000
vt 0.750000 0.250000
vt 0.750000 0.250000
vt 0.750000 0.250000
vt 0.750000 0.250000
vt 0.750000 0.250000
vt 0.750000 0.250000
vt 0.750000 0.250000
vt 0.750000 0.250000
vt 0.750000 0.250000
vt 0.750000 0.250000
vt 0.750000 0.250000
vt 0.750000 0.250000
vt 0.750000 0.250000
vt 0.750000 0.250000
vt 0.750000 0.250000
vt 0.750000 0.250000
vt 0.750000 0.250000
vt 0.750000 0.250000
vt 0.750000 0.250000
vt 0.750000 0.250000
vt 0.750000 0.250000
vt 0.750000 0.250000
vt 0.750000 0.250000
vt 0.250000 0.750000
vt 0.250000 0.750000
vt 0.750000 0.250000
vt 0.750000 0.250000
vt 0.750000 0.250000
vt 0.750000 0.250000
vt 0.750000 0.250000
vt 0.750000 0.250000
vt 0.750000 0.250000
vt 0.750000 0.250000
vt 0.750000 0.250000
vt 0.750000 0.250000
vt 0.750000 0.250000
vt 0.750000 0.250000
vt 0.750000 0.250000
vt 0.750000 0.250000
vt 0.750000 0.250000
vt 0.750000 0.250000
vt 0.750000 0.250000
vt 0.750000 0.250000
vt 0.750000 0.250000
vt 0.750000 0.250000
vt 0.750000 0.250000
vt 0.750000 0.250000
vt 0.750000 0.250000
vt 0.750000 0.250000
vt 0.750000 0.250000
vt 0.750000 0.250000
vt 0.750000 0.250000
vt 0.750000 0.250000
vt 0.750000 0.250000
vt 0.750000 0.250000
vt 0.750000 0.250000
vt 0.750000 0.250000
vt 0.750000 0.250000
vt 0.750000 0.250000
vt 0.750000 0.250000
vt 0.250000 0.750000
vt 0.250000 0.750000
vt 0.750000 0.250000
vt 0.750000 0.250000
vt 0.750000 0.250000
vt 0.750000 0.250000
vt 0.750000 0.250000
vt 0.750000 0.250000
vt 0.750000 0.250000
vt 0.750000 0.250000
vt 0.750000 0.250000
vt 0.750000 0.250000
vt 0.750000 0.250000
vt 0.750000 0.250000
vt 0.750000 0.250000
vt 0.750000 0.250000
vt 0.750000 0.250000
vt 0.750000 0.250000
vt 0.750000 0.250000
vt 0.750000 0.250000
vt 0.750000 0.250000
vt 0.750000 0.250000
vt 0.750000 0.250000
vt 0.750000 0.250000
vt 0.750000 0.250000
vt 0.750000 0.250000
vt 0.750000 0.250000
vt 0.750000 0.250000
vt 0.750000 0.250000
vt 0.750000 0.250000
vt 0.750000 0.250000
vt 0.750000 0.250000
vt 0.750000 0.250000
vt 0.750000 0.250000
vt 0.750000 0.250000
vt 0.750000 0.250000
vt 0.750000 0.250000
vt 0.250000 0.750000
vt 0.250000 0.750000
vt 0.750000 0.250000
vt 0.750000 0.250000
vt 0.750000 0.250000
vt 0.750000 0.250000
vt 0.750000 0.250000
vt 0.750000 0.250000
vt 0.750000 0.250000
vt 0.750000 0.250000
vt 0.750000 0.250000
vt 0.750000 0.250000
vt 0.750000 0.250000
vt 0.750000 0.250000
vt 0.750000 0.250000
vt 0.750000 0.250000
vt 0.750000 0.250000
vt 0.750000 0.250000
vt 0.750000 0.250000
vt 0.750000 0.250000
vt 0.750000 0.250000
vt 0.750000 0.250000
vt 0.750000 0.250000
vt 0.750000 0.250000
vt 0.750000 0.250000
vt 0.750000 0.250000
vt 0.750000 0.250000
vt 0.750000 0.250000
vt 0.750000 0.250000
vt 0.750000 0.250000
vt 0.750000 0.250000
vt 0.750000 0.250000
vt 0.750000 0.250000
vt 0.750000 0.250000
vt 0.750000 0.250000
vt 0.750000 0.250000
vt 0.750000 0.250000
vt 0.250000 0.750000
vt 0.250000 0.750000
vt 0.750000 0.250000
vt 0.750000 0.250000
vt 0.750000 0.250000
vt 0.750000 0.250000
vt 0.750000 0.250000
vt 0.750000 0.250000
vt 0.750000 0.250000
vt 0.750000 0.250000
vt 0.750000 0.250000
vt 0.750000 0.250000
vt 0.750000 0.250000
vt 0.750000 0.250000
vt 0.750000 0.250000
vt 0.750000 0.250000
vt 0.750000 0.250000
vt 0.750000 0.250000
vt 0.750000 0.250000
vt 0.750000 0.250000
vt 0.750000 0.250000
vt 0.750000 0.250000
vt 0.750000 0.250000
vt 0.750000 0.250000
vt 0.750000 0.250000
vt 0.750000 0.250000
vt 0.750000 0.250000
vt 0.750000 0.250000
vt 0.750000 0.250000
vt 0.750000 0.250000
vt 0.750000 0.250000
vt 0.750000 0.250000
vt 0.750000 0.250000
vt 0.750000 0.250000
vt 0.750000 0.250000
vt 0.750000 0.250000
vt 0.750000 0.250000
vt 0.250000 0.750000
vt 0.250000 0.750000
vt 0.750000 0.250000
vt 0.750000 0.250000
vt 0.750000 0.250000
vt 0.750000 0.250000
vt 0.750000 0.250000
vt 0.750000 0.250000
vt 0.750000 0.250000
vt 0.750000 0.250000
vt 0.750000 0.250000
vt 0.750000 0.250000
vt 0.750000 0.250000
vt 0.750000 0.250000
vt 0.750000 0.250000
vt 0.750000 0.250000
vt 0.750000 0.250000
vt 0.750000 0.250000
vt 0.750000 0.250000
vt 0.750000 0.250000
vt 0.750000 0.250000
vt 0.750000 0.250000
vt 0.750000 0.250000
vt 0.750000 0.250000
vt 0.750000 0.250000
vt 0.750000 0.250000
vt 0.750000 0.250000
vt 0.750000 0.250000
vt 0.750000 0.250000
vt 0.750000 0.250000
vt 0.750000 0.250000
vt 0.750000 0.250000
vt 0.750000 0.250000
vt 0.750000 0.250000
vt 0.750000 0.250000
vt 0.750000 0.250000
vt 0.750000 0.250000
vt 0.250000 0.750000
vt 0.250000 0.750000
vt 0.750000 0.250000
vt 0.750000 0.250000
vt 0.750000 0.250000
vt 0.750000 0.250000
vt 0.750000 0.250000
vt 0.750000 0.250000
vt 0.750000 0.250000
vt 0.750000 0.250000
vt 0.750000 0.250000
vt 0.750000 0.250000
vt 0.750000 0.250000
vt 0.750000 0.250000
vt 0.750000 0.250000
vt 0.750000 0.250000
vt 0.750000 0.250000
vt 0.750000 0.250000
vt 0.750000 0.250000
vt 0.750000 0.250000
vt 0.750000 0.250000
vt 0.750000 0.250000
vt 0.750000 0.250000
vt 0.750000 0.250000
vt 0.750000 0.250000
vt 0.750000 0.250000
vt 0.750000 0.250000
vt 0.750000 0.250000
vt 0.750000 0.250000
vt 0.750000 0.250000
vt 0.750000 0.250000
vt 0.750000 0.250000
vt 0.750000 0.250000
vt 0.750000 0.250000
vt 0.750000 0.250000
vt 0.750000 0.250000
vt 0.750000 0.250000
vt 0.250000 0.750000
vt 0.250000 0.750000
vt 0.750000 0.250000
vt 0.750000 0.250000
vt 0.750000 0.250000
vt 0.750000 0.250000
vt 0.750000 0.250000
vt 0.750000 0.250000
vt 0.750000 0.250000
vt 0.750000 0.250000
vt 0.750000 0.250000
vt 0.750000 0.250000
vt 0.750000 0.250000
vt 0.750000 0.250000
vt 0.750000 0.250000
vt 0.750000 0.250000
vt 0.750000 0.250000
vt 0.750000 0.250000
vt 0.750000 0.250000
vt 0.750000 0.250000
vt 0.750000 0.250000
vt 0.750000 0.250000
vt 0.750000 0.250000
vt 0.750000 0.250000
vt 0.750000 0.250000
vt 0.750000 0.250000
vt 0.750000 0.250000
vt 0.750000 0.250000
vt 0.750000 0.250000
vt 0.750000 0.250000
vt 0.750000 0.250000
vt 0.750000 0.250000
vt 0.750000 0.250000
vt 0.750000 0.250000
vt 0.750000 0.250000
vt 0.750000 0.250000
vt 0.750000 0.250000
vt 0.250000 0.750000
vt 0.250000 0.750000
vt 0.750000 0.250000
vt 0.750000 0.250000
vt 0.750000 0.250000
vt 0.750000 0.250000
vt 0.750000 0.250000
vt 0.750000 0.250000
vt 0.750000 0.250000
vt 0.750000 0.250000
vt 0.750000 0.250000
vt 0.750000 0.250000
vt 0.750000 0.250000
vt 0.750000 0.250000
vt 0.750000 0.250000
vt 0.750000 0.250000
vt 0.750000 0.250000
vt 0.750000 0.250000
vt 0.750000 0.250000
vt 0.750000 0.250000
vt 0.750000 0.250000
vt 0.750000 0.250000
vt 0.750000 0.250000
vt 0.750000 0.250000
vt 0.750000 0.250000
vt 0.750000 0.250000
vt 0.750000 0.250000
vt 0.750000 0.250000
vt 0.750000 0.250000
vt 0.750000 0.250000
vt 0.750000 0.250000
vt 0.750000 0.250000
vt 0.750000 0.250000
vt 0.750000 0.250000
vt 0.750000 0.250000
vt 0.750000 0.250000
vt 0.750000 0.250000
vt 0.250000 0.750000
vt 0.250000 0.750000
vt 0.750000 0.250000
vt 0.750000 0.250000
vt 0.750000 0.250000
vt 0.750000 0.250000
vt 0.750000 0.250000
vt 0.750000 0.250000
vt 0.750000 0.250000
vt 0.750000 0.250000
vt 0.750000 0.250000
vt 0.750000 0.250000
vt 0.750000 0.250000
vt 0.750000 0.250000
vt 0.750000 0.250000
vt 0.750000 0.250000
vt 0.750000 0.250000
vt 0.750000 0.250000
vt 0.750000 0.250000
vt 0.750000 0.250000
vt 0.750000 0.250000
vt 0.750000 0.250000
vt 0.750000 0.250000
vt 0.750000 0.250000
vt 0.750000 0.250000
vt 0.750000 0.250000
vt 0.750000 0.250000
vt 0.750000 0.250000
vt 0.750000 0.250000
vt 0.750000 0.250000
vt 0.750000 0.250000
vt 0.750000 0.250000
vt 0.750000 0.250000
vt 0.750000 0.250000
vt 0.750000 0.250000
vt 0.750000 0.250000
vt 0.750000 0.250000
vt 0.250000 0.750000
vt 0.250000 0.750000
vt 0.750000 0.250000
vt 0.750000 0.250000
vt 0.750000 0.250000
vt 0.750000 0.250000
vt 0.750000 0.250000
vt 0.750000 0.250000
vt 0.750000 0.250000
vt 0.750000 0.250000
vt 0.750000 0.250000
vt 0.750000 0.250000
vt 0.750000 0.250000
vt 0.750000 0.250000
vt 0.750000 0.250000
vt 0.750000 0.250000
vt 0.750000 0.250000
vt 0.750000 0.250000
vt 0.750000 0.250000
vt 0.750000 0.250000
vt 0.750000 0.250000
vt 0.750000 0.250000
vt 0.750000 0.250000
vt 0.750000 0.250000
vt 0.750000 0.250000
vt 0.750000 0.250000
vt 0.750000 0.250000
vt 0.750000 0.250000
vt 0.750000 0.250000
vt 0.750000 0.250000
vt 0.750000 0.250000
vt 0.750000 0.250000
vt 0.750000 0.250000
vt 0.750000 0.250000
vt 0.750000 0.250000
vt 0.750000 0.250000
vt 0.750000 0.250000
vt 0.250000 0.750000
vt 0.250000 0.750000
vt 0.750000 0.250000
vt 0.750000 0.250000
vt 0.750000 0.250000
vt 0.750000 0.250000
vt 0.750000 0.250000
vt 0.750000 0.250000
vt 0.750000 0.250000
vt 0.750000 0.250000
vt 0.750000 0.250000
vt 0.750000 0.250000
vt 0.750000 0.250000
vt 0.750000 0.250000
vt 0.750000 0.250000
vt 0.750000 0.250000
vt 0.750000 0.250000
vt 0.750000 0.250000
vt 0.750000 0.250000
vt 0.750000 0.250000
vt 0.750000 0.250000
vt 0.750000 0.250000
vt 0.750000 0.250000
vt 0.750000 0.250000
vt 0.750000 0.250000
vt 0.750000 0.250000
vt 0.750000 0.250000
vt 0.750000 0.250000
vt 0.750000 0.250000
vt 0.750000 0.250000
vt 0.750000 0.250000
vt 0.750000 0.250000
vt 0.750000 0.250000
vt 0.750000 0.250000
vt 0.750000 0.250000
vt 0.750000 0.250000
vt 0.750000 0.250000
vt 0.250000 0.750000
vt 0.250000 0.750000
vt 0.750000 0.250000
vt 0.750000 0.250000
vt 0.750000 0.250000
vt 0.750000 0.250000
vt 0.750000 0.250000
vt 0.750000 0.250000
vt 0.750000 0.250000
vt 0.750000 0.250000
vt 0.750000 0.250000
vt 0.750000 0.250000
vt 0.750000 0.250000
vt 0.750000 0.250000
vt 0.750000 0.250000
vt 0.750000 0.250000
vt 0.750000 0.250000
vt 0.750000 0.250000
vt 0.750000 0.250000
vt 0.750000 0.250000
vt 0.750000 0.250000
vt 0.750000 0.250000
vt 0.750000 0.250000
vt 0.750000 0.250000
vt 0.750000 0.250000
vt 0.750000 0.250000
vt 0.750000 0.250000
vt 0.750000 0.250000
vt 0.750000 0.250000
vt 0.750000 0.250000
vt 0.750000 0.250000
vt 0.750000 0.250000
vt 0.750000 0.250000
vt 0.750000 0.250000
vt 0.750000 0.250000
vt 0.750000 0.250000
vt 0.750000 0.250000
vt 0.250000 0.750000
vt 0.250000 0.750000
vt 0.750000 0.250000
vt 0.750000 0.250000
vt 0.750000 0.250000
vt 0.750000 0.250000
vt 0.750000 0.250000
vt 0.750000 0.250000
vt 0.750000 0.250000
vt 0.750000 0.250000
vt 0.750000 0.250000
vt 0.750000 0.250000
vt 0.750000 0.250000
vt 0.750000 0.250000
vt 0.750000 0.250000
vt 0.750000 0.250000
vt 0.750000 0.250000
vt 0.750000 0.250000
vt 0.750000 0.250000
vt 0.750000 0.250000
vt 0.750000 0.250000
vt 0.750000 0.250000
vt 0.750000 0.250000
vt 0.750000 0.250000
vt 0.750000 0.250000
vt 0.750000 0.250000
vt 0.750000 0.250000
vt 0.750000 0.250000
vt 0.750000 0.250000
vt 0.750000 0.250000
vt 0.750000 0.250000
vt 0.750000 0.250000
vt 0.750000 0.250000
vt 0.750000 0.250000
vt 0.750000 0.250000
vt 0.750000 0.250000
vt 0.750000 0.250000
vt 0.250000 0.750000
vt 0.250000 0.750000
vt 0.750000 0.250000
vt 0.750000 0.250000
vt 0.750000 0.250000
vt 0.750000 0.250000
vt 0.750000 0.250000
vt 0.750000 0.250000
vt 0.750000 0.250000
vt 0.750000 0.250000
vt 0.750000 0.250000
vt 0.750000 0.250000
vt 0.750000 0.250000
vt 0.750000 0.250000
vt 0.750000 0.250000
vt 0.750000 0.250000
vt 0.750000 0.250000
vt 0.750000 0.250000
vt 0.750000 0.250000
vt 0.750000 0.250000
vt 0.750000 0.250000
vt 0.750000 0.250000
vt 0.750000 0.250000
vt 0.750000 0.250000
vt 0.750000 0.250000
vt 0.750000 0.250000
vt 0.750000 0.250000
vt 0.750000 0.250000
vt 0.750000 0.250000
vt 0.750000 0.250000
vt 0.750000 0.250000
vt 0.750000 0.250000
vt 0.750000 0.250000
vt 0.750000 0.250000
vt 0.750000 0.250000
vt 0.750000 0.250000
vt 0.750000 0.250000
vt 0.250000 0.750000
vt 0.250000 0.750000
vt 0.750000 0.250000
vt 0.750000 0.250000
vt 0.750000 0.250000
vt 0.750000 0.250000
vt 0.750000 0.250000
vt 0.750000 0.250000
vt 0.750000 0.250000
vt 0.750000 0.250000
vt 0.750000 0.250000
vt 0.750000 0.250000
vt 0.750000 0.250000
vt 0.750000 0.250000
vt 0.750000 0.250000
vt 0.750000 0.250000
vt 0.750000 0.250000
vt 0.750000 0.250000
vt 0.750000 0.250000
vt 0.750000 0.250000
vt 0.750000 0.250000
vt 0.750000 0.250000
vt 0.750000 0.250000
vt 0.750000 0.250000
vt 0.750000 0.250000
vt 0.750000 0.250000
vt 0.750000 0.250000
vt 0.750000 0.250000
vt 0.750000 0.250000
vt 0.750000 0.250000
vt 0.750000 0.250000
vt 0.750000 0.250000
vt 0.750000 0.250000
vt 0.750000 0.250000
vt 0.750000 0.250000
vt 0.750000 0.250000
vt 0.750000 0.250000
vt 0.250000 0.750000
vt 0.250000 0.750000
vt 0.750000 0.250000
vt 0.750000 0.250000
vt 0.750000 0.250000
vt 0.750000 0.250000
vt 0.750000 0.250000
vt 0.750000 0.250000
vt 0.750000 0.250000
vt 0.750000 0.250000
vt 0.750000 0.250000
vt 0.750000 0.250000
vt 0.750000 0.250000
vt 0.750000 0.250000
vt 0.750000 0.250000
vt 0.750000 0.250000
vt 0.750000 0.250000
vt 0.750000 0.250000
vt 0.750000 0.250000
vt 0.750000 0.250000
vt 0.750000 0.250000
vt 0.750000 0.250000
vt 0.750000 0.250000
vt 0.750000 0.250000
vt 0.750000 0.250000
vt 0.750000 0.250000
vt 0.750000 0.250000
vt 0.750000 0.250000
vt 0.750000 0.250000
vt 0.750000 0.250000
vt 0.750000 0.250000
vt 0.750000 0.250000
vt 0.750000 0.250000
vt 0.750000 0.250000
vt 0.750000 0.250000
vt 0.750000 0.250000
vt 0.750000 0.250000
vt 0.250000 0.750000
vt 0.250000 0.750000
vt 0.750000 0.250000
vt 0.750000 0.250000
vt 0.750000 0.250000
vt 0.750000 0.250000
vt 0.750000 0.250000
vt 0.750000 0.250000
vt 0.750000 0.250000
vt 0.750000 0.250000
vt 0.750000 0.250000
vt 0.750000 0.250000
vt 0.750000 0.250000
vt 0.750000 0.250000
vt 0.750000 0.250000
vt 0.750000 0.250000
vt 0.750000 0.250000
vt 0.750000 0.250000
vt 0.750000 0.250000
vt 0.750000 0.250000
vt 0.750000 0.250000
vt 0.750000 0.250000
vt 0.750000 0.250000
vt 0.750000 0.250000
vt 0.750000 0.250000
vt 0.750000 0.250000
vt 0.750000 0.250000
vt 0.750000 0.250000
vt 0.750000 0.250000
vt 0.750000 0.250000
vt 0.750000 0.250000
vt 0.750000 0.250000
vt 0.750000 0.250000
vt 0.750000 0.250000
vt 0.750000 0.250000
vt 0.750000 0.250000
vt 0.750000 0.250000
vt 0.250000 0.750000
vt 0.250000 0.750000
vt 0.750000 0.250000
vt 0.750000 0.250000
vt 0.750000 0.250000
vt 0.750000 0.250000
vt 0.750000 0.250000
vt 0.750000 0.250000
vt 0.750000 0.250000
vt 0.750000 0.250000
vt 0.750000 0.250000
vt 0.750000 0.250000
vt 0.750000 0.250000
vt 0.750000 0.250000
vt 0.750000 0.250000
vt 0.750000 0.250000
vt 0.750000 0.250000
vt 0.750000 0.250000
vt 0.750000 0.250000
vt 0.750000 0.250000
vt 0.750000 0.250000
vt 0.750000 0.250000
vt 0.750000 0.250000
vt 0.750000 0.250000
vt 0.750000 0.250000
vt 0.750000 0.250000
vt 0.750000 0.250000
vt 0.750000 0.250000
vt 0.750000 0.250000
vt 0.750000 0.250000
vt 0.750000 0.250000
vt 0.750000 0.250000
vt 0.750000 0.250000
vt 0.750000 0.250000
vt 0.750000 0.250000
vt 0.750000 0.250000
vt 0.750000 0.250000
vt 0.250000 0.750000
vt 0.250000 0.750000
vt 0.750000 0.250000
vt 0.750000 0.250000
vt 0.750000 0.250000
vt 0.750000 0.250000
vt 0.750000 0.250000
vt 0.750000 0.250000
vt 0.750000 0.250000
vt 0.750000 0.250000
vt 0.750000 0.250000
vt 0.750000 0.250000
vt 0.750000 0.250000
vt 0.750000 0.250000
vt 0.750000 0.250000
vt 0.750000 0.250000
vt 0.750000 0.250000
vt 0.750000 0.250000
vt 0.750000 0.250000
vt 0.750000 0.250000
vt 0.750000 0.250000
vt 0.750000 0.250000
vt 0.750000 0.250000
vt 0.750000 0.250000
vt 0.750000 0.250000
vt 0.750000 0.250000
vt 0.750000 0.250000
vt 0.750000 0.250000
vt 0.750000 0.250000
vt 0.750000 0.250000
vt 0.750000 0.250000
vt 0.750000 0.250000
vt 0.750000 0.250000
vt 0.750000 0.250000
vt 0.750000 0.250000
vt 0.750000 0.250000
vt 0.750000 0.250000
vt 0.250000 0.750000
vt 0.250000 0.750000
vt 0.750000 0.250000
vt 0.750000 0.250000
vt 0.750000 0.250000
vt 0.750000 0.250000
vt 0.750000 0.250000
vt 0.750000 0.250000
vt 0.750000 0.250000
vt 0.750000 0.250000
vt 0.750000 0.250000
vt 0.750000 0.250000
vt 0.750000 0.250000
vt 0.750000 0.250000
vt 0.750000 0.250000
vt 0.750000 0.250000
vt 0.750000 0.250000
vt 0.750000 0.250000
vt 0.750000 0.250000
vt 0.750000 0.250000
vt 0.750000 0.250000
vt 0.750000 0.250000
vt 0.750000 0.250000
vt 0.750000 0.250000
vt 0.750000 0.250000
vt 0.750000 0.250000
vt 0.750000 0.250000
vt 0.750000 0.250000
vt 0.750000 0.250000
vt 0.750000 0.250000
vt 0.750000 0.250000
vt 0.750000 0.250000
vt 0.750000 0.250000
vt 0.750000 0.250000
vt 0.750000 0.250000
vt 0.750000 0.250000
vt 0.750000 0.250000
vt 0.250000 0.750000
vt 0.250000 0.750000
vt 0.750000 0.250000
vt 0.750000 0.250000
vt 0.750000 0.250000
vt 0.750000 0.250000
vt 0.750000 0.250000
vt 0.750000 0.250000
vt 0.750000 0.250000
vt 0.750000 0.250000
vt 0.750000 0.250000
vt 0.750000 0.250000
vt 0.750000 0.250000
vt 0.750000 0.250000
vt 0.750000 0.250000
vt 0.750000 0.250000
vt 0.750000 0.250000
vt 0.750000 0.250000
vt 0.750000 0.250000
vt 0.750000 0.250000
vt 0.750000 0.250000
vt 0.750000 0.250000
vt 0.750000 0.250000
vt 0.750000 0.250000
vt 0.750000 0.250000
vt 0.750000 0.250000
vt 0.750000 0.250000
vt 0.750000 0.250000
vt 0.750000 0.250000
vt 0.750000 0.250000
vt 0.750000 0.250000
vt 0.750000 0.250000
vt 0.750000 0.250000
vt 0.750000 0.250000
vt 0.750000 0.250000
vt 0.750000 0.250000
vt 0.750000 0.250000
vt 0.250000 0.750000
vt 0.250000 0.750000
vt 0.750000 0.250000
vt 0.750000 0.250000
vt 0.750000 0.250000
vt 0.750000 0.250000
vt 0.750000 0.250000
vt 0.750000 0.250000
vt 0.750000 0.250000
vt 0.750000 0.250000
vt 0.750000 0.250000
vt 0.750000 0.250000
vt 0.750000 0.250000
vt 0.750000 0.250000
vt 0.750000 0.250000
vt 0.750000 0.250000
vt 0.750000 0.250000
vt 0.750000 0.250000
vt 0.750000 0.250000
vt 0.750000 0.250000
vt 0.750000 0.250000
vt 0.750000 0.250000
vt 0.750000 0.250000
vt 0.750000 0.250000
vt 0.750000 0.250000
vt 0.750000 0.250000
vt 0.750000 0.250000
vt 0.750000 0.250000
vt 0.750000 0.250000
vt 0.750000 0.250000
vt 0.750000 0.250000
vt 0.750000 0.250000
vt 0.750000 0.250000
vt 0.750000 0.250000
vt 0.750000 0.250000
vt 0.750000 0.250000
vt 0.750000 0.250000
vt 0.250000 0.750000
vt 0.250000 0.750000
vt 0.750000 0.250000
vt 0.750000 0.250000
vt 0.750000 0.250000
vt 0.750000 0.250000
vt 0.750000 0.250000
vt 0.750000 0.250000
vt 0.750000 0.250000
vt 0.750000 0.250000
vt 0.750000 0.250000
vt 0.750000 0.250000
vt 0.750000 0.250000
vt 0.750000 0.250000
vt 0.750000 0.250000
vt 0.750000 0.250000
vt 0.750000 0.250000
vt 0.750000 0.250000
vt 0.750000 0.250000
vt 0.750000 0.250000
vt 0.750000 0.250000
vt 0.750000 0.250000
vt 0.750000 0.250000
vt 0.750000 0.250000
vt 0.750000 0.250000
vt 0.750000 0.250000
vt 0.750000 0.250000
vt 0.750000 0.250000
vt 0.750000 0.250000
vt 0.750000 0.250000
vt 0.750000 0.250000
vt 0.750000 0.250000
vt 0.750000 0.250000
vt 0.750000 0.250000
vt 0.750000 0.250000
vt 0.750000 0.250000
vt 0.750000 0.250000
vt 0.250000 0.750000
vt 0.250000 0.750000
vt 0.750000 0.250000
vt 0.750000 0.250000
vt 0.750000 0.250000
vt 0.750000 0.250000
vt 0.750000 0.250000
vt 0.750000 0.250000
vt 0.750000 0.250000
vt 0.750000 0.250000
vt 0.750000 0.250000
vt 0.750000 0.250000
vt 0.750000 0.250000
vt 0.750000 0.250000
vt 0.750000 0.250000
vt 0.750000 0.250000
vt 0.750000 0.250000
vt 0.750000 0.250000
vt 0.750000 0.250000
vt 0.750000 0.250000
vt 0.750000 0.250000
vt 0.750000 0.250000
vt 0.750000 0.250000
vt 0.750000 0.250000
vt 0.750000 0.250000
vt 0.750000 0.250000
vt 0.750000 0.250000
vt 0.750000 0.250000
vt 0.750000 0.250000
vt 0.750000 0.250000
vt 0.750000 0.250000
vt 0.750000 0.250000
vt 0.750000 0.250000
vt 0.750000 0.250000
vt 0.750000 0.250000
vt 0.750000 0.250000
vt 0.750000 0.250000
vt 0.250000 0.750000
vt 0.250000 0.750000
vt 0.750000 0.250000
vt 0.750000 0.250000
vt 0.750000 0.250000
vt 0.750000 0.250000
vt 0.750000 0.250000
vt 0.750000 0.250000
vt 0.750000 0.250000
vt 0.750000 0.250000
vt 0.750000 0.250000
vt 0.750000 0.250000
vt 0.750000 0.250000
vt 0.750000 0.250000
vt 0.750000 0.250000
vt 0.750000 0.250000
vt 0.750000 0.250000
vt 0.750000 0.250000
vt 0.750000 0.250000
vt 0.750000 0.250000
vt 0.750000 0.250000
vt 0.750000 0.250000
vt 0.750000 0.250000
vt 0.750000 0.250000
vt 0.750000 0.250000
vt 0.750000 0.250000
vt 0.750000 0.250000
vt 0.750000 0.250000
vt 0.750000 0.250000
vt 0.750000 0.250000
vt 0.750000 0.250000
vt 0.750000 0.250000
vt 0.750000 0.250000
vt 0.750000 0.250000
vt 0.750000 0.250000
vt 0.750000 0.250000
vt 0.750000 0.250000
vt 0.250000 0.750000
vt 0.250000 0.750000
vt 0.750000 0.250000
vt 0.750000 0.250000
vt 0.750000 0.250000
vt 0.750000 0.250000
vt 0.750000 0.250000
vt 0.750000 0.250000
vt 0.750000 0.250000
vt 0.750000 0.250000
vt 0.750000 0.250000
vt 0.750000 0.250000
vt 0.750000 0.250000
vt 0.750000 0.250000
vt 0.750000 0.250000
vt 0.750000 0.250000
vt 0.750000 0.250000
vt 0.750000 0.250000
vt 0.750000 0.250000
vt 0.750000 0.250000
vt 0.750000 0.250000
vt 0.750000 0.250000
vt 0.750000 0.250000
vt 0.750000 0.250000
vt 0.750000 0.250000
vt 0.750000 0.250000
vt 0.750000 0.250000
vt 0.750000 0.250000
vt 0.750000 0.250000
vt 0.750000 0.250000
vt 0.750000 0.250000
vt 0.750000 0.250000
vt 0.750000 0.250000
vt 0.750000 0.250000
vt 0.750000 0.250000
vt 0.750000 0.250000
vt 0.750000 0.250000
vt 0.250000 0.750000
vt 0.250000 0.750000
vt 0.750000 0.250000
vt 0.750000 0.250000
vt 0.750000 0.250000
vt 0.750000 0.250000
vt 0.750000 0.250000
vt 0.750000 0.250000
vt 0.750000 0.250000
vt 0.750000 0.250000
vt 0.750000 0.250000
vt 0.750000 0.250000
vt 0.750000 0.250000
vt 0.750000 0.250000
vt 0.750000 0.250000
vt 0.750000 0.250000
vt 0.750000 0.250000
vt 0.750000 0.250000
vt 0.750000 0.250000
vt 0.750000 0.250000
vt 0.750000 0.250000
vt 0.750000 0.250000
vt 0.750000 0.250000
vt 0.750000 0.250000
vt 0.750000 0.250000
vt 0.750000 0.250000
vt 0.750000 0.250000
vt 0.750000 0.250000
vt 0.750000 0.250000
vt 0.750000 0.250000
vt 0.750000 0.250000
vt 0.750000 0.250000
vt 0.750000 0.250000
vt 0.750000 0.250000
vt 0.750000 0.250000
vt 0.750000 0.250000
vt 0.750000 0.250000
vt 0.250000 0.750000
vt 0.250000 0.750000
vt 0.750000 0.250000
vt 0.750000 0.250000
vt 0.750000 0.250000
vt 0.750000 0.250000
vt 0.750000 0.250000
vt 0.750000 0.250000
vt 0.750000 0.250000
vt 0.750000 0.250000
vt 0.750000 0.250000
vt 0.750000 0.250000
vt 0.750000 0.250000
vt 0.750000 0.250000
vt 0.750000 0.250000
vt 0.750000 0.250000
vt 0.750000 0.250000
vt 0.750000 0.250000
vt 0.750000 0.250000
vt 0.750000 0.250000
vt 0.750000 0.250000
vt 0.750000 0.250000
vt 0.750000 0.250000
vt 0.750000 0.250000
vt 0.750000 0.250000
vt 0.750000 0.250000
vt 0.750000 0.250000
vt 0.750000 0.250000
vt 0.750000 0.250000
vt 0.750000 0.250000
vt 0.750000 0.250000
vt 0.750000 0.250000
vt 0.750000 0.250000
vt 0.750000 0.250000
vt 0.750000 0.250000
vt 0.750000 0.250000
vt 0.750000 0.250000
vt 0.250000 0.750000
vt 0.250000 0.750000
vt 0.750000 0.250000
vt 0.750000 0.250000
vt 0.750000 0.250000
vt 0.750000 0.250000
vt 0.750000 0.250000
vt 0.750000 0.250000
vt 0.750000 0.250000
vt 0.750000 0.250000
vt 0.750000 0.250000
vt 0.750000 0.250000
vt 0.750000 0.250000
vt 0.750000 0.250000
vt 0.750000 0.250000
vt 0.750000 0.250000
vt 0.750000 0.250000
vt 0.750000 0.250000
vt 0.750000 0.250000
vt 0.750000 0.250000
vt 0.750000 0.250000
vt 0.750000 0.250000
vt 0.750000 0.250000
vt 0.750000 0.250000
vt 0.750000 0.250000
vt 0.750000 0.250000
vt 0.750000 0.250000
vt 0.750000 0.250000
vt 0.750000 0.250000
vt 0.750000 0.250000
vt 0.750000 0.250000
vt 0.750000 0.250000
vt 0.750000 0.250000
vt 0.750000 0.250000
vt 0.750000 0.250000
vt 0.750000 0.250000
vt 0.750000 0.250000
vt 0.250000 0.750000
vt 0.250000 0.750000
vt 0.750000 0.250000
vt 0.750000 0.250000
vt 0.750000 0.250000
vt 0.750000 0.250000
vt 0.750000 0.250000
vt 0.750000 0.250000
vt 0.750000 0.250000
vt 0.750000 0.250000
vt 0.750000 0.250000
vt 0.750000 0.250000
vt 0.750000 0.250000
vt 0.750000 0.250000
vt 0.750000 0.250000
vt 0.750000 0.250000
vt 0.750000 0.250000
vt 0.750000 0.250000
vt 0.750000 0.250000
vt 0.750000 0.250000
vt 0.750000 0.250000
vt 0.750000 0.250000
vt 0.750000 0.250000
vt 0.750000 0.250000
vt 0.750000 0.250000
vt 0.750000 0.250000
vt 0.750000 0.250000
vt 0.750000 0.250000
vt 0.750000 0.250000
vt 0.750000 0.250000
vt 0.750000 0.250000
vt 0.750000 0.250000
vt 0.750000 0.250000
vt 0.750000 0.250000
vt 0.750000 0.250000
vt 0.750000 0.250000
vt 0.750000 0.250000
vt 0.250000 0.750000
vt 0.250000 0.750000
vt 0.750000 0.250000
vt 0.750000 0.250000
vt 0.750000 0.250000
vt 0.750000 0.250000
vt 0.750000 0.250000
vt 0.750000 0.250000
vt 0.750000 0.250000
vt 0.750000 0.250000
vt 0.750000 0.250000
vt 0.750000 0.250000
vt 0.750000 0.250000
vt 0.750000 0.250000
vt 0.750000 0.250000
vt 0.750000 0.250000
vt 0.750000 0.250000
vt 0.750000 0.250000
vt 0.750000 0.250000
vt 0.750000 0.250000
vt 0.750000 0.250000
vt 0.750000 0.250000
vt 0.750000 0.250000
vt 0.750000 0.250000
vt 0.750000 0.250000
vt 0.750000 0.250000
vt 0.750000 0.250000
vt 0.750000 0.250000
vt 0.750000 0.250000
vt 0.750000 0.250000
vt 0.750000 0.250000
vt 0.750000 0.250000
vt 0.750000 0.250000
vt 0.750000 0.250000
vt 0.750000 0.250000
vt 0.750000 0.250000
vt 0.750000 0.250000
vt 0.250000 0.750000
vt 0.250000 0.750000
vt 0.750000 0.250000
vt 0.750000 0.250000
vt 0.750000 0.250000
vt 0.750000 0.250000
vt 0.750000 0.250000
vt 0.750000 0.250000
vt 0.750000 0.250000
vt 0.750000 0.250000
vt 0.750000 0.250000
vt 0.750000 0.250000
vt 0.750000 0.250000
vt 0.750000 0.250000
vt 0.750000 0.250000
vt 0.750000 0.250000
vt 0.750000 0.250000
vt 0.750000 0.250000
vt 0.750000 0.250000
vt 0.750000 0.250000
vt 0.750000 0.250000
vt 0.750000 0.250000
vt 0.750000 0.250000
vt 0.750000 0.250000
vt 0.750000 0.250000
vt 0.750000 0.250000
vt 0.750000 0.250000
vt 0.750000 0.250000
vt 0.750000 0.250000
vt 0.750000 0.250000
vt 0.750000 0.250000
vt 0.750000 0.250000
vt 0.750000 0.250000
vt 0.750000 0.250000
vt 0.750000 0.250000
vt 0.750000 0.250000
vt 0.750000 0.250000
vt 0.250000 0.750000
vt 0.250000 0.750000
vt 0.750000 0.250000
vt 0.750000 0.250000
vt 0.750000 0.250000
vt 0.750000 0.250000
vt 0.750000 0.250000
vt 0.750000 0.250000
vt 0.750000 0.250000
vt 0.750000 0.250000
vt 0.750000 0.250000
vt 0.750000 0.250000
vt 0.750000 0.250000
vt 0.750000 0.250000
vt 0.750000 0.250000
vt 0.750000 0.250000
vt 0.750000 0.250000
vt 0.750000 0.250000
vt 0.750000 0.250000
vt 0.750000 0.250000
vt 0.750000 0.250000
vt 0.750000 0.250000
vt 0.750000 0.250000
vt 0.750000 0.250000
vt 0.750000 0.250000
vt 0.750000 0.250000
vt 0.750000 0.250000
vt 0.750000 0.250000
vt 0.750000 0.250000
vt 0.750000 0.250000
vt 0.750000 0.250000
vt 0.750000 0.250000
vt 0.750000 0.250000
vt 0.750000 0.250000
vt 0.750000 0.250000
vt 0.750000 0.250000
vt 0.750000 0.250000
vt 0.250000 0.750000
vt 0.250000 0.750000
vt 0.750000 0.250000
vt 0.750000 0.250000
vt 0.750000 0.250000
vt 0.750000 0.250000
vt 0.750000 0.250000
vt 0.750000 0.250000
vt 0.750000 0.250000
vt 0.750000 0.250000
vt 0.750000 0.250000
vt 0.750000 0.250000
vt 0.750000 0.250000
vt 0.750000 0.250000
vt 0.750000 0.250000
vt 0.750000 0.250000
vt 0.750000 0.250000
vt 0.750000 0.250000
vt 0.750000 0.250000
vt 0.750000 0.250000
vt 0.750000 0.250000
vt 0.750000 0.250000
vt 0.750000 0.250000
vt 0.750000 0.250000
vt 0.750000 0.250000
vt 0.750000 0.250000
vt 0.750000 0.250000
vt 0.750000 0.250000
vt 0.750000 0.250000
vt 0.750000 0.250000
vt 0.750000 0.250000
vt 0.750000 0.250000
vt 0.750000 0.250000
vt 0.750000 0.250000
vt 0.750000 0.250000
vt 0.750000 0.250000
vt 0.750000 0.250000
vt 0.250000 0.750000
vt 0.250000 0.750000
vt 0.750000 0.250000
vt 0.750000 0.250000
vt 0.750000 0.250000
vt 0.750000 0.250000
vt 0.750000 0.250000
vt 0.750000 0.250000
vt 0.750000 0.250000
vt 0.750000 0.250000
vt 0.750000 0.250000
vt 0.750000 0.250000
vt 0.750000 0.250000
vt 0.750000 0.250000
vt 0.750000 0.250000
vt 0.750000 0.250000
vt 0.750000 0.250000
vt 0.750000 0.250000
vt 0.750000 0.250000
vt 0.750000 0.250000
vt 0.750000 0.250000
vt 0.750000 0.250000
vt 0.750000 0.250000
vt 0.750000 0.250000
vt 0.750000 0.250000
vt 0.750000 0.250000
vt 0.750000 0.250000
vt 0.750000 0.250000
vt 0.750000 0.250000
vt 0.750000 0.250000
vt 0.750000 0.250000
vt 0.750000 0.250000
vt 0.750000 0.250000
vt 0.750000 0.250000
vt 0.750000 0.250000
vt 0.750000 0.250000
vt 0.750000 0.250000
vt 0.250000 0.750000
vt 0.250000 0.750000
vt 0.750000 0.250000
vt 0.750000 0.250000
vt 0.750000 0.250000
vt 0.750000 0.250000
vt 0.750000 0.250000
vt 0.750000 0.250000
vt 0.750000 0.250000
vt 0.750000 0.250000
vt 0.750000 0.250000
vt 0.750000 0.250000
vt 0.750000 0.250000
vt 0.750000 0.250000
vt 0.750000 0.250000
vt 0.750000 0.250000
vt 0.750000 0.250000
vt 0.750000 0.250000
vt 0.750000 0.250000
vt 0.750000 0.250000
vt 0.750000 0.250000
vt 0.750000 0.250000
vt 0.750000 0.250000
vt 0.750000 0.250000
vt 0.750000 0.250000
vt 0.750000 0.250000
vt 0.750000 0.250000
vt 0.750000 0.250000
vt 0.750000 0.250000
vt 0.750000 0.250000
vt 0.750000 0.250000
vt 0.750000 0.250000
vt 0.750000 0.250000
vt 0.750000 0.250000
vt 0.750000 0.250000
vt 0.750000 0.250000
vt 0.750000 0.250000
vt 0.250000 0.750000
vt 0.250000 0.750000
vt 0.750000 0.250000
vt 0.750000 0.250000
vt 0.750000 0.250000
vt 0.750000 0.250000
vt 0.750000 0.250000
vt 0.750000 0.250000
vt 0.750000 0.250000
vt 0.750000 0.250000
vt 0.750000 0.250000
vt 0.750000 0.250000
vt 0.750000 0.250000
vt 0.750000 0.250000
vt 0.750000 0.250000
vt 0.750000 0.250000
vt 0.750000 0.250000
vt 0.750000 0.250000
vt 0.750000 0.250000
vt 0.750000 0.250000
vt 0.750000 0.250000
vt 0.750000 0.250000
vt 0.750000 0.250000
vt 0.750000 0.250000
vt 0.750000 0.250000
vt 0.750000 0.250000
vt 0.750000 0.250000
vt 0.750000 0.250000
vt 0.750000 0.250000
vt 0.750000 0.250000
vt 0.750000 0.250000
vt 0.750000 0.250000
vt 0.750000 0.250000
vt 0.750000 0.250000
vt 0.750000 0.250000
vt 0.750000 0.250000
vt 0.750000 0.250000
vt 0.250000 0.750000
vt 0.250000 0.750000
vt 0.750000 0.250000
vt 0.750000 0.250000
vt 0.750000 0.250000
vt 0.750000 0.250000
vt 0.750000 0.250000
vt 0.750000 0.250000
vt 0.750000 0.250000
vt 0.750000 0.250000
vt 0.750000 0.250000
vt 0.750000 0.250000
vt 0.750000 0.250000
vt 0.750000 0.250000
vt 0.750000 0.250000
vt 0.750000 0.250000
vt 0.750000 0.250000
vt 0.750000 0.250000
vt 0.750000 0.250000
vt 0.750000 0.250000
vt 0.750000 0.250000
vt 0.750000 0.250000
vt 0.750000 0.250000
vt 0.750000 0.250000
vt 0.750000 0.250000
vt 0.750000 0.250000
vt 0.750000 0.250000
vt 0.750000 0.250000
vt 0.750000 0.250000
vt 0.750000 0.250000
vt 0.750000 0.250000
vt 0.750000 0.250000
vt 0.750000 0.250000
vt 0.750000 0.250000
vt 0.750000 0.250000
vt 0.750000 0.250000
vt 0.750000 0.250000
vt 0.250000 0.750000
vt 0.250000 0.750000
vt 0.750000 0.250000
vt 0.750000 0.250000
vt 0.750000 0.250000
vt 0.750000 0.250000
vt 0.750000 0.250000
vt 0.750000 0.250000
vt 0.750000 0.250000
vt 0.750000 0.250000
vt 0.750000 0.250000
vt 0.750000 0.250000
vt 0.750000 0.250000
vt 0.750000 0.250000
vt 0.750000 0.250000
vt 0.750000 0.250000
vt 0.750000 0.250000
vt 0.750000 0.250000
vt 0.750000 0.250000
vt 0.750000 0.250000
vt 0.750000 0.250000
vt 0.750000 0.250000
vt 0.750000 0.250000
vt 0.750000 0.250000
vt 0.750000 0.250000
vt 0.750000 0.250000
vt 0.750000 0.250000
vt 0.750000 0.250000
vt 0.750000 0.250000
vt 0.750000 0.250000
vt 0.750000 0.250000
vt 0.750000 0.250000
vt 0.750000 0.250000
vt 0.750000 0.250000
vt 0.750000 0.250000
vt 0.750000 0.250000
vt 0.750000 0.250000
vt 0.250000 0.750000
vt 0.250000 0.750000
vt 0.750000 0.250000
vt 0.750000 0.250000
vt 0.750000 0.250000
vt 0.750000 0.250000
vt 0.750000 0.250000
vt 0.750000 0.250000
vt 0.750000 0.250000
vt 0.750000 0.250000
vt 0.750000 0.250000
vt 0.750000 0.250000
vt 0.750000 0.250000
vt 0.750000 0.250000
vt 0.750000 0.250000
vt 0.750000 0.250000
vt 0.750000 0.250000
vt 0.750000 0.250000
vt 0.750000 0.250000
vt 0.750000 0.250000
vt 0.750000 0.250000
vt 0.750000 0.250000
vt 0.750000 0.250000
vt 0.750000 0.250000
vt 0.750000 0.250000
vt 0.750000 0.250000
vt 0.750000 0.250000
vt 0.750000 0.250000
vt 0.750000 0.250000
vt 0.750000 0.250000
vt 0.750000 0.250000
vt 0.750000 0.250000
vt 0.750000 0.250000
vt 0.750000 0.250000
vt 0.750000 0.250000
vt 0.750000 0.250000
vt 0.750000 0.250000
vt 0.250000 0.750000
vt 0.250000 0.750000
vt 0.750000 0.250000
vt 0.750000 0.250000
vt 0.750000 0.250000
vt 0.750000 0.250000
vt 0.750000 0.250000
vt 0.750000 0.250000
vt 0.750000 0.250000
vt 0.750000 0.250000
vt 0.750000 0.250000
vt 0.750000 0.250000
vt 0.750000 0.250000
vt 0.750000 0.250000
vt 0.750000 0.250000
vt 0.750000 0.250000
vt 0.750000 0.250000
vt 0.750000 0.250000
vt 0.750000 0.250000
vt 0.750000 0.250000
vt 0.750000 0.250000
vt 0.750000 0.250000
vt 0.750000 0.250000
vt 0.750000 0.250000
vt 0.750000 0.250000
vt 0.750000 0.250000
vt 0.750000 0.250000
vt 0.750000 0.250000
vt 0.750000 0.250000
vt 0.750000 0.250000
vt 0.750000 0.250000
vt 0.750000 0.250000
vt 0.750000 0.250000
vt 0.750000 0.250000
vt 0.750000 0.250000
vt 0.750000 0.250000
vt 0.750000 0.250000
vt 0.250000 0.750000
vt 0.250000 0.750000
vt 0.750000 0.250000
vt 0.750000 0.250000
vt 0.750000 0.250000
vt 0.750000 0.250000
vt 0.750000 0.250000
vt 0.750000 0.250000
vt 0.750000 0.250000
vt 0.750000 0.250000
vt 0.750000 0.250000
vt 0.750000 0.250000
vt 0.750000 0.250000
vt 0.750000 0.250000
vt 0.750000 0.250000
vt 0.750000 0.250000
vt 0.750000 0.250000
vt 0.750000 0.250000
vt 0.750000 0.250000
vt 0.750000 0.250000
vt 0.750000 0.250000
vt 0.750000 0.250000
vt 0.750000 0.250000
vt 0.750000 0.250000
vt 0.750000 0.250000
vt 0.750000 0.250000
vt 0.750000 0.250000
vt 0.750000 0.250000
vt 0.750000 0.250000
vt 0.750000 0.250000
vt 0.750000 0.250000
vt 0.750000 0.250000
vt 0.750000 0.250000
vt 0.750000 0.250000
vt 0.750000 0.250000
vt 0.750000 0.250000
vt 0.750000 0.250000
vt 0.250000 0.750000
vt 0.250000 0.750000
vt 0.750000 0.250000
vt 0.750000 0.250000
vt 0.750000 0.250000
vt 0.750000 0.250000
vt 0.750000 0.250000
vt 0.750000 0.250000
vt 0.750000 0.250000
vt 0.750000 0.250000
vt 0.750000 0.250000
vt 0.750000 0.250000
vt 0.750000 0.250000
vt 0.750000 0.250000
vt 0.750000 0.250000
vt 0.750000 0.250000
vt 0.750000 0.250000
vt 0.750000 0.250000
vt 0.750000 0.250000
vt 0.750000 0.250000
vt 0.750000 0.250000
vt 0.750000 0.250000
vt 0.750000 0.250000
vt 0.750000 0.250000
vt 0.750000 0.250000
vt 0.750000 0.250000
vt 0.750000 0.250000
vt 0.750000 0.250000
vt 0.750000 0.250000
vt 0.750000 0.250000
vt 0.750000 0.250000
vt 0.750000 0.250000
vt 0.750000 0.250000
vt 0.750000 0.250000
vt 0.750000 0.250000
vt 0.750000 0.250000
vt 0.750000 0.250000
vt 0.250000 0.750000
vt 0.250000 0.750000
vt 0.750000 0.250000
vt 0.750000 0.250000
vt 0.750000 0.250000
vt 0.750000 0.250000
vt 0.750000 0.250000
vt 0.750000 0.250000
vt 0.750000 0.250000
vt 0.750000 0.250000
vt 0.750000 0.250000
vt 0.750000 0.250000
vt 0.750000 0.250000
vt 0.750000 0.250000
vt 0.750000 0.250000
vt 0.750000 0.250000
vt 0.750000 0.250000
vt 0.750000 0.250000
vt 0.750000 0.250000
vt 0.750000 0.250000
vt 0.750000 0.250000
vt 0.750000 0.250000
vt 0.750000 0.250000
vt 0.750000 0.250000
vt 0.750000 0.250000
vt 0.750000 0.250000
vt 0.750000 0.250000
vt 0.750000 0.250000
vt 0.750000 0.250000
vt 0.750000 0.250000
vt 0.750000 0.250000
vt 0.750000 0.250000
vt 0.750000 0.250000
vt 0.750000 0.250000
vt 0.750000 0.250000
vt 0.750000 0.250000
vt 0.750000 0.250000
vt 0.250000 0.750000
vt 0.250000 0.750000
vt 0.750000 0.250000
vt 0.750000 0.250000
vt 0.750000 0.250000
vt 0.750000 0.250000
vt 0.750000 0.250000
vt 0.750000 0.250000
vt 0.750000 0.250000
vt 0.750000 0.250000
vt 0.750000 0.250000
vt 0.750000 0.250000
vt 0.750000 0.250000
vt 0.750000 0.250000
vt 0.750000 0.250000
vt 0.750000 0.250000
vt 0.750000 0.250000
vt 0.750000 0.250000
vt 0.750000 0.250000
vt 0.750000 0.250000
vt 0.750000 0.250000
vt 0.750000 0.250000
vt 0.750000 0.250000
vt 0.750000 0.250000
vt 0.750000 0.250000
vt 0.750000 0.250000
vt 0.750000 0.250000
vt 0.750000 0.250000
vt 0.750000 0.250000
vt 0.750000 0.250000
vt 0.750000 0.250000
vt 0.750000 0.250000
vt 0.750000 0.250000
vt 0.750000 0.250000
vt 0.750000 0.250000
vt 0.750000 0.250000
vt 0.750000 0.250000
vt 0.250000 0.750000
vt 0.250000 0.750000
vt 0.750000 0.250000
vt 0.750000 0.250000
vt 0.750000 0.250000
vt 0.750000 0.250000
vt 0.750000 0.250000
vt 0.750000 0.250000
vt 0.750000 0.250000
vt 0.750000 0.250000
vt 0.750000 0.250000
vt 0.750000 0.250000
vt 0.750000 0.250000
vt 0.750000 0.250000
vt 0.750000 0.250000
vt 0.750000 0.250000
vt 0.750000 0.250000
vt 0.750000 0.250000
vt 0.750000 0.250000
vt 0.750000 0.250000
vt 0.750000 0.250000
vt 0.750000 0.250000
vt 0.750000 0.250000
vt 0.750000 0.250000
vt 0.750000 0.250000
vt 0.750000 0.250000
vt 0.750000 0.250000
vt 0.750000 0.250000
vt 0.750000 0.250000
vt 0.750000 0.250000
vt 0.750000 0.250000
vt 0.750000 0.250000
vt 0.750000 0.250000
vt 0.750000 0.250000
vt 0.750000 0.250000
vt 0.750000 0.250000
vt 0.750000 0.250000
vt 0.250000 0.750000
vt 0.250000 0.750000
vt 0.750000 0.250000
vt 0.750000 0.250000
vt 0.750000 0.250000
vt 0.750000 0.250000
vt 0.750000 0.250000
vt 0.750000 0.250000
vt 0.750000 0.250000
vt 0.750000 0.250000
vt 0.750000 0.250000
vt 0.750000 0.250000
vt 0.750000 0.250000
vt 0.750000 0.250000
vt 0.750000 0.250000
vt 0.750000 0.250000
vt 0.750000 0.250000
vt 0.750000 0.250000
vt 0.750000 0.250000
vt 0.750000 0.250000
vt 0.750000 0.250000
vt 0.750000 0.250000
vt 0.750000 0.250000
vt 0.750000 0.250000
vt 0.750000 0.250000
vt 0.750000 0.250000
vt 0.750000 0.250000
vt 0.750000 0.250000
vt 0.750000 0.250000
vt 0.750000 0.250000
vt 0.750000 0.250000
vt 0.750000 0.250000
vt 0.750000 0.250000
vt 0.750000 0.250000
vt 0.750000 0.250000
vt 0.750000 0.250000
vt 0.750000 0.250000
vt 0.250000 0.750000
vt 0.250000 0.750000
vt 0.750000 0.250000
vt 0.750000 0.250000
vt 0.750000 0.250000
vt 0.750000 0.250000
vt 0.750000 0.250000
vt 0.750000 0.250000
vt 0.750000 0.250000
vt 0.750000 0.250000
vt 0.750000 0.250000
vt 0.750000 0.250000
vt 0.750000 0.250000
vt 0.750000 0.250000
vt 0.750000 0.250000
vt 0.750000 0.250000
vt 0.750000 0.250000
vt 0.750000 0.250000
vt 0.750000 0.250000
vt 0.750000 0.250000
vt 0.750000 0.250000
vt 0.750000 0.250000
vt 0.750000 0.250000
vt 0.750000 0.250000
vt 0.750000 0.250000
vt 0.750000 0.250000
vt 0.750000 0.250000
vt 0.750000 0.250000
vt 0.750000 0.250000
vt 0.750000 0.250000
vt 0.750000 0.250000
vt 0.750000 0.250000
vt 0.750000 0.250000
vt 0.750000 0.250000
vt 0.750000 0.250000
vt 0.750000 0.250000
vt 0.750000 0.250000
vt 0.250000 0.750000
vt 0.250000 0.750000
vt 0.750000 0.250000
vt 0.750000 0.250000
vt 0.750000 0.250000
vt 0.750000 0.250000
vt 0.750000 0.250000
vt 0.750000 0.250000
vt 0.750000 0.250000
vt 0.750000 0.250000
vt 0.750000 0.250000
vt 0.750000 0.250000
vt 0.750000 0.250000
vt 0.750000 0.250000
vt 0.750000 0.250000
vt 0.750000 0.250000
vt 0.750000 0.250000
vt 0.750000 0.250000
vt 0.750000 0.250000
vt 0.750000 0.250000
vt 0.750000 0.250000
vt 0.750000 0.250000
vt 0.750000 0.250000
vt 0.750000 0.250000
vt 0.750000 0.250000
vt 0.750000 0.250000
vt 0.750000 0.250000
vt 0.750000 0.250000
vt 0.750000 0.250000
vt 0.750000 0.250000
vt 0.750000 0.250000
vt 0.750000 0.250000
vt 0.750000 0.250000
vt 0.750000 0.250000
vt 0.750000 0.250000
vt 0.750000 0.250000
vt 0.750000 0.250000
vt 0.250000 0.750000
vt 0.250000 0.750000
vt 0.750000 0.250000
vt 0.750000 0.250000
vt 0.750000 0.250000
vt 0.750000 0.250000
vt 0.750000 0.250000
vt 0.750000 0.250000
vt 0.750000 0.250000
vt 0.750000 0.250000
vt 0.750000 0.250000
vt 0.750000 0.250000
vt 0.750000 0.250000
vt 0.750000 0.250000
vt 0.750000 0.250000
vt 0.750000 0.250000
vt 0.750000 0.250000
vt 0.750000 0.250000
vt 0.750000 0.250000
vt 0.750000 0.250000
vt 0.750000 0.250000
vt 0.750000 0.250000
vt 0.750000 0.250000
vt 0.750000 0.250000
vt 0.750000 0.250000
vt 0.750000 0.250000
vt 0.750000 0.250000
vt 0.750000 0.250000
vt 0.750000 0.250000
vt 0.750000 0.250000
vt 0.750000 0.250000
vt 0.750000 0.250000
vt 0.750000 0.250000
vt 0.750000 0.250000
vt 0.750000 0.250000
vt 0.750000 0.250000
vt 0.750000 0.250000
vt 0.250000 0.750000
vt 0.250000 0.750000
vt 0.750000 0.250000
vt 0.750000 0.250000
vt 0.750000 0.250000
vt 0.750000 0.250000
vt 0.750000 0.250000
vt 0.750000 0.250000
vt 0.750000 0.250000
vt 0.750000 0.250000
vt 0.750000 0.250000
vt 0.750000 0.250000
vt 0.750000 0.250000
vt 0.750000 0.250000
vt 0.750000 0.250000
vt 0.750000 0.250000
vt 0.750000 0.250000
vt 0.750000 0.250000
vt 0.750000 0.250000
vt 0.750000 0.250000
vt 0.750000 0.250000
vt 0.750000 0.250000
vt 0.750000 0.250000
vt 0.750000 0.250000
vt 0.750000 0.250000
vt 0.750000 0.250000
vt 0.750000 0.250000
vt 0.750000 0.250000
vt 0.750000 0.250000
vt 0.750000 0.250000
vt 0.750000 0.250000
vt 0.750000 0.250000
vt 0.750000 0.250000
vt 0.750000 0.250000
vt 0.750000 0.250000
vt 0.750000 0.250000
vt 0.750000 0.250000
vt 0.250000 0.750000
vt 0.250000 0.750000
vt 0.750000 0.250000
vt 0.750000 0.250000
vt 0.750000 0.250000
vt 0.750000 0.250000
vt 0.750000 0.250000
vt 0.750000 0.250000
vt 0.750000 0.250000
vt 0.750000 0.250000
vt 0.750000 0.250000
vt 0.750000 0.250000
vt 0.750000 0.250000
vt 0.750000 0.250000
vt 0.750000 0.250000
vt 0.750000 0.250000
vt 0.750000 0.250000
vt 0.750000 0.250000
vt 0.750000 0.250000
vt 0.750000 0.250000
vt 0.750000 0.250000
vt 0.750000 0.250000
vt 0.750000 0.250000
vt 0.750000 0.250000
vt 0.750000 0.250000
vt 0.750000 0.250000
vt 0.750000 0.250000
vt 0.750000 0.250000
vt 0.750000 0.250000
vt 0.750000 0.250000
vt 0.750000 0.250000
vt 0.750000 0.250000
vt 0.750000 0.250000
vt 0.750000 0.250000
vt 0.750000 0.250000
vt 0.750000 0.250000
vt 0.750000 0.250000
vt 0.250000 0.750000
vt 0.250000 0.750000
vt 0.750000 0.250000
vt 0.750000 0.250000
vt 0.750000 0.250000
vt 0.750000 0.250000
vt 0.750000 0.250000
vt 0.750000 0.250000
vt 0.750000 0.250000
vt 0.750000 0.250000
vt 0.750000 0.250000
vt 0.750000 0.250000
vt 0.750000 0.250000
vt 0.750000 0.250000
vt 0.750000 0.250000
vt 0.750000 0.250000
vt 0.750000 0.250000
vt 0.750000 0.250000
vt 0.750000 0.250000
vt 0.750000 0.250000
vt 0.750000 0.250000
vt 0.750000 0.250000
vt 0.750000 0.250000
vt 0.750000 0.250000
vt 0.750000 0.250000
vt 0.750000 0.250000
vt 0.750000 0.250000
vt 0.750000 0.250000
vt 0.750000 0.250000
vt 0.750000 0.250000
vt 0.750000 0.250000
vt 0.750000 0.250000
vt 0.750000 0.250000
vt 0.750000 0.250000
vt 0.750000 0.250000
vt 0.750000 0.250000
vt 0.750000 0.250000
vt 0.250000 0.750000
vt 0.250000 0.750000
vt 0.750000 0.250000
vt 0.750000 0.250000
vt 0.750000 0.250000
vt 0.750000 0.250000
vt 0.750000 0.250000
vt 0.750000 0.250000
vt 0.750000 0.250000
vt 0.750000 0.250000
vt 0.750000 0.250000
vt 0.750000 0.250000
vt 0.750000 0.250000
vt 0.750000 0.250000
vt 0.750000 0.250000
vt 0.750000 0.250000
vt 0.750000 0.250000
vt 0.750000 0.250000
vt 0.750000 0.250000
vt 0.750000 0.250000
vt 0.750000 0.250000
vt 0.750000 0.250000
vt 0.750000 0.250000
vt 0.750000 0.250000
vt 0.750000 0.250000
vt 0.750000 0.250000
vt 0.750000 0.250000
vt 0.750000 0.250000
vt 0.750000 0.250000
vt 0.750000 0.250000
vt 0.750000 0.250000
vt 0.750000 0.250000
vt 0.750000 0.250000
vt 0.750000 0.250000
vt 0.750000 0.250000
vt 0.750000 0.250000
vt 0.750000 0.250000
vt 0.250000 0.750000
vt 0.250000 0.750000
vt 0.750000 0.250000
vt 0.750000 0.250000
vt 0.750000 0.250000
vt 0.750000 0.250000
vt 0.750000 0.250000
vt 0.750000 0.250000
vt 0.750000 0.250000
vt 0.750000 0.250000
vt 0.750000 0.250000
vt 0.750000 0.250000
vt 0.750000 0.250000
vt 0.750000 0.250000
vt 0.750000 0.250000
vt 0.750000 0.250000
vt 0.750000 0.250000
vt 0.750000 0.250000
vt 0.750000 0.250000
vt 0.750000 0.250000
vt 0.750000 0.250000
vt 0.750000 0.250000
vt 0.750000 0.250000
vt 0.750000 0.250000
vt 0.750000 0.250000
vt 0.750000 0.250000
vt 0.750000 0.250000
vt 0.750000 0.250000
vt 0.750000 0.250000
vt 0.750000 0.250000
vt 0.750000 0.250000
vt 0.750000 0.250000
vt 0.750000 0.250000
vt 0.750000 0.250000
vt 0.750000 0.250000
vt 0.750000 0.250000
vt 0.750000 0.250000
vt 0.250000 0.750000
vt 0.250000 0.750000
vt 0.750000 0.250000
vt 0.750000 0.250000
vt 0.750000 0.250000
vt 0.750000 0.250000
vt 0.750000 0.250000
vt 0.750000 0.250000
vt 0.750000 0.250000
vt 0.750000 0.250000
vt 0.750000 0.250000
vt 0.750000 0.250000
vt 0.750000 0.250000
vt 0.750000 0.250000
vt 0.750000 0.250000
vt 0.750000 0.250000
vt 0.750000 0.250000
vt 0.750000 0.250000
vt 0.750000 0.250000
vt 0.750000 0.250000
vt 0.750000 0.250000
vt 0.750000 0.250000
vt 0.750000 0.250000
vt 0.750000 0.250000
vt 0.750000 0.250000
vt 0.750000 0.250000
vt 0.750000 0.250000
vt 0.750000 0.250000
vt 0.750000 0.250000
vt 0.750000 0.250000
vt 0.750000 0.250000
vt 0.750000 0.250000
vt 0.750000 0.250000
vt 0.750000 0.250000
vt 0.750000 0.250000
vt 0.750000 0.250000
vt 0.750000 0.250000
vt 0.250000 0.750000
vt 0.250000 0.750000
vt 0.750000 0.250000
vt 0.750000 0.250000
vt 0.750000 0.250000
vt 0.750000 0.250000
vt 0.750000 0.250000
vt 0.750000 0.250000
vt 0.750000 0.250000
vt 0.750000 0.250000
vt 0.750000 0.250000
vt 0.750000 0.250000
vt 0.750000 0.250000
vt 0.750000 0.250000
vt 0.750000 0.250000
vt 0.750000 0.250000
vt 0.750000 0.250000
vt 0.750000 0.250000
vt 0.750000 0.250000
vt 0.750000 0.250000
vt 0.750000 0.250000
vt 0.750000 0.250000
vt 0.750000 0.250000
vt 0.750000 0.250000
vt 0.750000 0.250000
vt 0.750000 0.250000
vt 0.750000 0.250000
vt 0.750000 0.250000
vt 0.750000 0.250000
vt 0.750000 0.250000
vt 0.750000 0.250000
vt 0.750000 0.250000
vt 0.750000 0.250000
vt 0.750000 0.250000
vt 0.750000 0.250000
vt 0.750000 0.250000
vt 0.750000 0.250000
vt 0.250000 0.750000
vt 0.250000 0.750000
vt 0.750000 0.250000
vt 0.750000 0.250000
vt 0.750000 0.250000
vt 0.750000 0.250000
vt 0.750000 0.250000
vt 0.750000 0.250000
vt 0.750000 0.250000
vt 0.750000 0.250000
vt 0.750000 0.250000
vt 0.750000 0.250000
vt 0.750000 0.250000
vt 0.750000 0.250000
vt 0.750000 0.250000
vt 0.750000 0.250000
vt 0.750000 0.250000
vt 0.750000 0.250000
vt 0.750000 0.250000
vt 0.750000 0.250000
vt 0.750000 0.250000
vt 0.750000 0.250000
vt 0.750000 0.250000
vt 0.750000 0.250000
vt 0.750000 0.250000
vt 0.750000 0.250000
vt 0.750000 0.250000
vt 0.750000 0.250000
vt 0.750000 0.250000
vt 0.750000 0.250000
vt 0.750000 0.250000
vt 0.750000 0.250000
vt 0.750000 0.250000
vt 0.750000 0.250000
vt 0.750000 0.250000
vt 0.750000 0.250000
vt 0.750000 0.250000
vt 0.250000 0.750000
vt 0.250000 0.750000
vt 0.750000 0.250000
vt 0.750000 0.250000
vt 0.750000 0.250000
vt 0.750000 0.250000
vt 0.750000 0.250000
vt 0.750000 0.250000
vt 0.750000 0.250000
vt 0.750000 0.250000
vt 0.750000 0.250000
vt 0.750000 0.250000
vt 0.750000 0.250000
vt 0.750000 0.250000
vt 0.750000 0.250000
vt 0.750000 0.250000
vt 0.750000 0.250000
vt 0.750000 0.250000
vt 0.750000 0.250000
vt 0.750000 0.250000
vt 0.750000 0.250000
vt 0.750000 0.250000
vt 0.750000 0.250000
vt 0.750000 0.250000
vt 0.750000 0.250000
vt 0.750000 0.250000
vt 0.750000 0.250000
vt 0.750000 0.250000
vt 0.750000 0.250000
vt 0.750000 0.250000
vt 0.750000 0.250000
vt 0.750000 0.250000
vt 0.750000 0.250000
vt 0.750000 0.250000
vt 0.750000 0.250000
vt 0.750000 0.250000
vt 0.750000 0.250000
vt 0.250000 0.750000
vt 0.250000 0.750000
vt 0.750000 0.250000
vt 0.750000 0.250000
vt 0.750000 0.250000
vt 0.750000 0.250000
vt 0.750000 0.250000
vt 0.750000 0.250000
vt 0.750000 0.250000
vt 0.750000 0.250000
vt 0.750000 0.250000
vt 0.750000 0.250000
vt 0.750000 0.250000
vt 0.750000 0.250000
vt 0.750000 0.250000
vt 0.750000 0.250000
vt 0.750000 0.250000
vt 0.750000 0.250000
vt 0.750000 0.250000
vt 0.750000 0.250000
vt 0.750000 0.250000
vt 0.750000 0.250000
vt 0.750000 0.250000
vt 0.750000 0.250000
vt 0.750000 0.250000
vt 0.750000 0.250000
vt 0.750000 0.250000
vt 0.750000 0.250000
vt 0.750000 0.250000
vt 0.750000 0.250000
vt 0.750000 0.250000
vt 0.750000 0.250000
vt 0.750000 0.250000
vt 0.750000 0.250000
vt 0.750000 0.250000
vt 0.750000 0.250000
vt 0.750000 0.250000
vt 0.250000 0.750000
vt 0.250000 0.750000
vt 0.750000 0.250000
vt 0.750000 0.250000
vt 0.750000 0.250000
vt 0.750000 0.250000
vt 0.750000 0.250000
vt 0.750000 0.250000
vt 0.750000 0.250000
vt 0.750000 0.250000
vt 0.750000 0.250000
vt 0.750000 0.250000
vt 0.750000 0.250000
vt 0.750000 0.250000
vt 0.750000 0.250000
vt 0.750000 0.250000
vt 0.750000 0.250000
vt 0.750000 0.250000
vt 0.750000 0.250000
vt 0.750000 0.250000
vt 0.750000 0.250000
vt 0.750000 0.250000
vt 0.750000 0.250000
vt 0.750000 0.250000
vt 0.750000 0.250000
vt 0.750000 0.250000
vt 0.750000 0.250000
vt 0.750000 0.250000
vt 0.750000 0.250000
vt 0.750000 0.250000
vt 0.750000 0.250000
vt 0.750000 0.250000
vt 0.750000 0.250000
vt 0.750000 0.250000
vt 0.750000 0.250000
vt 0.750000 0.250000
vt 0.750000 0.250000
vt 0.250000 0.750000
vt 0.250000 0.750000
vt 0.750000 0.250000
vt 0.750000 0.250000
vt 0.750000 0.250000
vt 0.750000 0.250000
vt 0.750000 0.250000
vt 0.750000 0.250000
vt 0.750000 0.250000
vt 0.750000 0.250000
vt 0.750000 0.250000
vt 0.750000 0.250000
vt 0.750000 0.250000
vt 0.750000 0.250000
vt 0.750000 0.250000
vt 0.750000 0.250000
vt 0.750000 0.250000
vt 0.750000 0.250000
vt 0.750000 0.250000
vt 0.750000 0.250000
vt 0.750000 0.250000
vt 0.750000 0.250000
vt 0.750000 0.250000
vt 0.750000 0.250000
vt 0.750000 0.250000
vt 0.750000 0.250000
vt 0.750000 0.250000
vt 0.750000 0.250000
vt 0.750000 0.250000
vt 0.750000 0.250000
vt 0.750000 0.250000
vt 0.750000 0.250000
vt 0.750000 0.250000
vt 0.750000 0.250000
vt 0.750000 0.250000
vt 0.750000 0.250000
vt 0.750000 0.250000
vt 0.250000 0.750000
vt 0.250000 0.750000
vt 0.750000 0.250000
vt 0.750000 0.250000
vt 0.750000 0.250000
vt 0.750000 0.250000
vt 0.750000 0.250000
vt 0.750000 0.250000
vt 0.750000 0.250000
vt 0.750000 0.250000
vt 0.750000 0.250000
vt 0.750000 0.250000
vt 0.750000 0.250000
vt 0.750000 0.250000
vt 0.750000 0.250000
vt 0.750000 0.250000
vt 0.750000 0.250000
vt 0.750000 0.250000
vt 0.750000 0.250000
vt 0.750000 0.250000
vt 0.750000 0.250000
vt 0.750000 0.250000
vt 0.750000 0.250000
vt 0.750000 0.250000
vt 0.750000 0.250000
vt 0.750000 0.250000
vt 0.750000 0.250000
vt 0.750000 0.250000
vt 0.750000 0.250000
vt 0.750000 0.250000
vt 0.750000 0.250000
vt 0.750000 0.250000
vt 0.750000 0.250000
vt 0.750000 0.250000
vt 0.750000 0.250000
vt 0.750000 0.250000
vt 0.750000 0.250000
vt 0.250000 0.750000
vt 0.250000 0.750000
vt 0.750000 0.250000
vt 0.750000 0.250000
vt 0.750000 0.250000
vt 0.750000 0.250000
vt 0.750000 0.250000
vt 0.750000 0.250000
vt 0.750000 0.250000
vt 0.750000 0.250000
vt 0.750000 0.250000
vt 0.750000 0.250000
vt 0.750000 0.250000
vt 0.750000 0.250000
vt 0.750000 0.250000
vt 0.750000 0.250000
vt 0.750000 0.250000
vt 0.750000 0.250000
vt 0.750000 0.250000
vt 0.750000 0.250000
vt 0.750000 0.250000
vt 0.750000 0.250000
vt 0.750000 0.250000
vt 0.750000 0.250000
vt 0.750000 0.250000
vt 0.750000 0.250000
vt 0.750000 0.250000
vt 0.750000 0.250000
vt 0.750000 0.250000
vt 0.750000 0.250000
vt 0.750000 0.250000
vt 0.750000 0.250000
vt 0.750000 0.250000
vt 0.750000 0.250000
vt 0.750000 0.250000
vt 0.750000 0.250000
vt 0.750000 0.250000
vt 0.250000 0.750000
vt 0.250000 0.750000
vt 0.750000 0.250000
vt 0.750000 0.250000
vt 0.750000 0.250000
vt 0.750000 0.250000
vt 0.750000 0.250000
vt 0.750000 0.250000
vt 0.750000 0.250000
vt 0.750000 0.250000
vt 0.750000 0.250000
vt 0.750000 0.250000
vt 0.750000 0.250000
vt 0.750000 0.250000
vt 0.750000 0.250000
vt 0.750000 0.250000
vt 0.750000 0.250000
vt 0.750000 0.250000
vt 0.750000 0.250000
vt 0.750000 0.250000
vt 0.750000 0.250000
vt 0.750000 0.250000
vt 0.750000 0.250000
vt 0.750000 0.250000
vt 0.750000 0.250000
vt 0.750000 0.250000
vt 0.750000 0.250000
vt 0.750000 0.250000
vt 0.750000 0.250000
vt 0.750000 0.250000
vt 0.750000 0.250000
vt 0.750000 0.250000
vt 0.750000 0.250000
vt 0.750000 0.250000
vt 0.750000 0.250000
vt 0.750000 0.250000
vt 0.750000 0.250000
vt 0.250000 0.750000
vt 0.250000 0.750000
vt 0.750000 0.250000
vt 0.750000 0.250000
vt 0.750000 0.250000
vt 0.750000 0.250000
vt 0.750000 0.250000
vt 0.750000 0.250000
vt 0.750000 0.250000
vt 0.750000 0.250000
vt 0.750000 0.250000
vt 0.750000 0.250000
vt 0.750000 0.250000
vt 0.750000 0.250000
vt 0.750000 0.250000
vt 0.750000 0.250000
vt 0.750000 0.250000
vt 0.750000 0.250000
vt 0.750000 0.250000
vt 0.750000 0.250000
vt 0.750000 0.250000
vt 0.750000 0.250000
vt 0.750000 0.250000
vt 0.750000 0.250000
vt 0.750000 0.250000
vt 0.750000 0.250000
vt 0.750000 0.250000
vt 0.750000 0.250000
vt 0.750000 0.250000
vt 0.750000 0.250000
vt 0.750000 0.250000
vt 0.750000 0.250000
vt 0.750000 0.250000
vt 0.750000 0.250000
vt 0.750000 0.250000
vt 0.750000 0.250000
vt 0.750000 0.250000
vt 0.250000 0.750000
vt 0.250000 0.750000
vt 0.750000 0.250000
vt 0.750000 0.250000
vt 0.750000 0.250000
vt 0.750000 0.250000
vt 0.750000 0.250000
vt 0.750000 0.250000
vt 0.750000 0.250000
vt 0.750000 0.250000
vt 0.750000 0.250000
vt 0.750000 0.250000
vt 0.750000 0.250000
vt 0.750000 0.250000
vt 0.750000 0.250000
vt 0.750000 0.250000
vt 0.750000 0.250000
vt 0.750000 0.250000
vt 0.750000 0.250000
vt 0.750000 0.250000
vt 0.750000 0.250000
vt 0.750000 0.250000
vt 0.750000 0.250000
vt 0.750000 0.250000
vt 0.750000 0.250000
vt 0.750000 0.250000
vt 0.750000 0.250000
vt 0.750000 0.250000
vt 0.750000 0.250000
vt 0.750000 0.250000
vt 0.750000 0.250000
vt 0.750000 0.250000
vt 0.750000 0.250000
vt 0.750000 0.250000
vt 0.750000 0.250000
vt 0.750000 0.250000
vt 0.750000 0.250000
vt 0.250000 0.750000
vt 0.250000 0.750000
vt 0.750000 0.250000
vt 0.750000 0.250000
vt 0.750000 0.250000
vt 0.750000 0.250000
vt 0.750000 0.250000
vt 0.750000 0.250000
vt 0.750000 0.250000
vt 0.750000 0.250000
vt 0.750000 0.250000
vt 0.750000 0.250000
vt 0.750000 0.250000
vt 0.750000 0.250000
vt 0.750000 0.250000
vt 0.750000 0.250000
vt 0.750000 0.250000
vt 0.750000 0.250000
vt 0.750000 0.250000
vt 0.750000 0.250000
vt 0.750000 0.250000
vt 0.750000 0.250000
vt 0.750000 0.250000
vt 0.750000 0.250000
vt 0.750000 0.250000
vt 0.750000 0.250000
vt 0.750000 0.250000
vt 0.750000 0.250000
vt 0.750000 0.250000
vt 0.750000 0.250000
vt 0.750000 0.250000
vt 0.750000 0.250000
vt 0.750000 0.250000
vt 0.750000 0.250000
vt 0.750000 0.250000
vt 0.750000 0.250000
vt 0.750000 0.250000
vt 0.250000 0.750000
vt 0.250000 0.750000
vt 0.750000 0.250000
vt 0.750000 0.250000
vt 0.750000 0.250000
vt 0.750000 0.250000
vt 0.750000 0.250000
vt 0.750000 0.250000
vt 0.750000 0.250000
vt 0.750000 0.250000
vt 0.750000 0.250000
vt 0.750000 0.250000
vt 0.750000 0.250000
vt 0.750000 0.250000
vt 0.750000 0.250000
vt 0.750000 0.250000
vt 0.750000 0.250000
vt 0.750000 0.250000
vt 0.750000 0.250000
vt 0.750000 0.250000
vt 0.750000 0.250000
vt 0.750000 0.250000
vt 0.750000 0.250000
vt 0.750000 0.250000
vt 0.750000 0.250000
vt 0.750000 0.250000
vt 0.750000 0.250000
vt 0.750000 0.250000
vt 0.750000 0.250000
vt 0.750000 0.250000
vt 0.750000 0.250000
vt 0.750000 0.250000
vt 0.750000 0.250000
vt 0.750000 0.250000
vt 0.750000 0.250000
vt 0.750000 0.250000
vt 0.750000 0.250000
vt 0.250000 0.750000
vt 0.250000 0.750000
vt 0.750000 0.250000
vt 0.750000 0.250000
vt 0.750000 0.250000
vt 0.750000 0.250000
vt 0.750000 0.250000
vt 0.750000 0.250000
vt 0.750000 0.250000
vt 0.750000 0.250000
vt 0.750000 0.250000
vt 0.750000 0.250000
vt 0.750000 0.250000
vt 0.750000 0.250000
vt 0.750000 0.250000
vt 0.750000 0.250000
vt 0.750000 0.250000
vt 0.750000 0.250000
vt 0.750000 0.250000
vt 0.750000 0.250000
vt 0.750000 0.250000
vt 0.750000 0.250000
vt 0.750000 0.250000
vt 0.750000 0.250000
vt 0.750000 0.250000
vt 0.750000 0.250000
vt 0.750000 0.250000
vt 0.750000 0.250000
vt 0.750000 0.250000
vt 0.750000 0.250000
vt 0.750000 0.250000
vt 0.750000 0.250000
vt 0.750000 0.250000
vt 0.750000 0.250000
vt 0.750000 0.250000
vt 0.750000 0.250000
vt 0.750000 0.250000
vt 0.250000 0.750000
vt 0.250000 0.750000
vt 0.750000 0.250000
vt 0.750000 0.250000
vt 0.750000 0.250000
vt 0.750000 0.250000
vt 0.750000 0.250000
vt 0.750000 0.250000
vt 0.750000 0.250000
vt 0.750000 0.250000
vt 0.750000 0.250000
vt 0.750000 0.250000
vt 0.750000 0.250000
vt 0.750000 0.250000
vt 0.750000 0.250000
vt 0.750000 0.250000
vt 0.750000 0.250000
vt 0.750000 0.250000
vt 0.750000 0.250000
vt 0.750000 0.250000
vt 0.750000 0.250000
vt 0.750000 0.250000
vt 0.750000 0.250000
vt 0.750000 0.250000
vt 0.750000 0.250000
vt 0.750000 0.250000
vt 0.750000 0.250000
vt 0.750000 0.250000
vt 0.750000 0.250000
vt 0.750000 0.250000
vt 0.750000 0.250000
vt 0.750000 0.250000
vt 0.750000 0.250000
vt 0.750000 0.250000
vt 0.750000 0.250000
vt 0.750000 0.250000
vt 0.750000 0.250000
vt 0.250000 0.750000
vt 0.250000 0.750000
vt 0.750000 0.250000
vt 0.750000 0.250000
vt 0.750000 0.250000
vt 0.750000 0.250000
vt 0.750000 0.250000
vt 0.750000 0.250000
vt 0.750000 0.250000
vt 0.750000 0.250000
vt 0.750000 0.250000
vt 0.750000 0.250000
vt 0.750000 0.250000
vt 0.750000 0.250000
vt 0.750000 0.250000
vt 0.750000 0.250000
vt 0.750000 0.250000
vt 0.750000 0.250000
vt 0.750000 0.250000
vt 0.750000 0.250000
vt 0.750000 0.250000
vt 0.750000 0.250000
vt 0.750000 0.250000
vt 0.750000 0.250000
vt 0.750000 0.250000
vt 0.750000 0.250000
vt 0.750000 0.250000
vt 0.750000 0.250000
vt 0.750000 0.250000
vt 0.750000 0.250000
vt 0.750000 0.250000
vt 0.750000 0.250000
vt 0.750000 0.250000
vt 0.750000 0.250000
vt 0.750000 0.250000
vt 0.750000 0.250000
vt 0.750000 0.250000
vt 0.250000 0.750000
vt 0.250000 0.750000
vt 0.750000 0.250000
vt 0.750000 0.250000
vt 0.750000 0.250000
vt 0.750000 0.250000
vt 0.750000 0.250000
vt 0.750000 0.250000
vt 0.750000 0.250000
vt 0.750000 0.250000
vt 0.750000 0.250000
vt 0.750000 0.250000
vt 0.750000 0.250000
vt 0.750000 0.250000
vt 0.750000 0.250000
vt 0.750000 0.250000
vt 0.750000 0.250000
vt 0.750000 0.250000
vt 0.750000 0.250000
vt 0.750000 0.250000
vt 0.750000 0.250000
vt 0.750000 0.250000
vt 0.750000 0.250000
vt 0.750000 0.250000
vt 0.750000 0.250000
vt 0.750000 0.250000
vt 0.750000 0.250000
vt 0.750000 0.250000
vt 0.750000 0.250000
vt 0.750000 0.250000
vt 0.750000 0.250000
vt 0.750000 0.250000
vt 0.750000 0.250000
vt 0.750000 0.250000
vt 0.750000 0.250000
vt 0.750000 0.250000
vt 0.750000 0.250000
vt 0.250000 0.750000
vt 0.250000 0.750000
vt 0.750000 0.250000
vt 0.750000 0.250000
vt 0.750000 0.250000
vt 0.750000 0.250000
vt 0.750000 0.250000
vt 0.750000 0.250000
vt 0.750000 0.250000
vt 0.750000 0.250000
vt 0.750000 0.250000
vt 0.750000 0.250000
vt 0.750000 0.250000
vt 0.750000 0.250000
vt 0.750000 0.250000
vt 0.750000 0.250000
vt 0.750000 0.250000
vt 0.750000 0.250000
vt 0.750000 0.250000
vt 0.750000 0.250000
vt 0.750000 0.250000
vt 0.750000 0.250000
vt 0.750000 0.250000
vt 0.750000 0.250000
vt 0.750000 0.250000
vt 0.750000 0.250000
vt 0.750000 0.250000
vt 0.750000 0.250000
vt 0.750000 0.250000
vt 0.750000 0.250000
vt 0.750000 0.250000
vt 0.750000 0.250000
vt 0.750000 0.250000
vt 0.750000 0.250000
vt 0.750000 0.250000
vt 0.750000 0.250000
vt 0.750000 0.250000
vt 0.250000 0.750000
vt 0.250000 0.750000
vt 0.750000 0.250000
vt 0.750000 0.250000
vt 0.750000 0.250000
vt 0.750000 0.250000
vt 0.750000 0.250000
vt 0.750000 0.250000
vt 0.750000 0.250000
vt 0.750000 0.250000
vt 0.750000 0.250000
vt 0.750000 0.250000
vt 0.750000 0.250000
vt 0.750000 0.250000
vt 0.750000 0.250000
vt 0.750000 0.250000
vt 0.750000 0.250000
vt 0.750000 0.250000
vt 0.750000 0.250000
vt 0.750000 0.250000
vt 0.750000 0.250000
vt 0.750000 0.250000
vt 0.750000 0.250000
vt 0.750000 0.250000
vt 0.750000 0.250000
vt 0.750000 0.250000
vt 0.750000 0.250000
vt 0.750000 0.250000
vt 0.750000 0.250000
vt 0.750000 0.250000
vt 0.750000 0.250000
vt 0.750000 0.250000
vt 0.750000 0.250000
vt 0.750000 0.250000
vt 0.750000 0.250000
vt 0.750000 0.250000
vt 0.750000 0.250000
vt 0.250000 0.750000
vt 0.250000 0.750000
vt 0.750000 0.250000
vt 0.750000 0.250000
vt 0.750000 0.250000
vt 0.750000 0.250000
vt 0.750000 0.250000
vt 0.750000 0.250000
vt 0.750000 0.250000
vt 0.750000 0.250000
vt 0.750000 0.250000
vt 0.750000 0.250000
vt 0.750000 0.250000
vt 0.750000 0.250000
vt 0.750000 0.250000
vt 0.750000 0.250000
vt 0.750000 0.250000
vt 0.750000 0.250000
vt 0.750000 0.250000
vt 0.750000 0.250000
vt 0.750000 0.250000
vt 0.750000 0.250000
vt 0.750000 0.250000
vt 0.750000 0.250000
vt 0.750000 0.250000
vt 0.750000 0.250000
vt 0.750000 0.250000
vt 0.750000 0.250000
vt 0.750000 0.250000
vt 0.750000 0.250000
vt 0.750000 0.250000
vt 0.750000 0.250000
vt 0.750000 0.250000
vt 0.750000 0.250000
vt 0.750000 0.250000
vt 0.750000 0.250000
vt 0.750000 0.250000
vt 0.250000 0.750000
vt 0.250000 0.750000
vt 0.750000 0.250000
vt 0.750000 0.250000
vt 0.750000 0.250000
vt 0.750000 0.250000
vt 0.750000 0.250000
vt 0.750000 0.250000
vt 0.750000 0.250000
vt 0.750000 0.250000
vt 0.750000 0.250000
vt 0.750000 0.250000
vt 0.750000 0.250000
vt 0.750000 0.250000
vt 0.750000 0.250000
vt 0.750000 0.250000
vt 0.750000 0.250000
vt 0.750000 0.250000
vt 0.750000 0.250000
vt 0.750000 0.250000
vt 0.750000 0.250000
vt 0.750000 0.250000
vt 0.750000 0.250000
vt 0.750000 0.250000
vt 0.750000 0.250000
vt 0.750000 0.250000
vt 0.750000 0.250000
vt 0.750000 0.250000
vt 0.750000 0.250000
vt 0.750000 0.250000
vt 0.750000 0.250000
vt 0.750000 0.250000
vt 0.750000 0.250000
vt 0.750000 0.250000
vt 0.750000 0.250000
vt 0.750000 0.250000
vt 0.750000 0.250000
vt 0.250000 0.750000
vt 0.250000 0.750000
vt 0.750000 0.250000
vt 0.750000 0.250000
vt 0.750000 0.250000
vt 0.750000 0.250000
vt 0.750000 0.250000
vt 0.750000 0.250000
vt 0.750000 0.250000
vt 0.750000 0.250000
vt 0.750000 0.250000
vt 0.750000 0.250000
vt 0.750000 0.250000
vt 0.750000 0.250000
vt 0.750000 0.250000
vt 0.750000 0.250000
vt 0.750000 0.250000
vt 0.750000 0.250000
vt 0.750000 0.250000
vt 0.750000 0.250000
vt 0.750000 0.250000
vt 0.750000 0.250000
vt 0.750000 0.250000
vt 0.750000 0.250000
vt 0.750000 0.250000
vt 0.750000 0.250000
vt 0.750000 0.250000
vt 0.750000 0.250000
vt 0.750000 0.250000
vt 0.750000 0.250000
vt 0.750000 0.250000
vt 0.750000 0.250000
vt 0.750000 0.250000
vt 0.750000 0.250000
vt 0.750000 0.250000
vt 0.750000 0.250000
vt 0.750000 0.250000
vt 0.250000 0.750000
vt 0.250000 0.750000
vt 0.750000 0.250000
vt 0.750000 0.250000
vt 0.750000 0.250000
vt 0.750000 0.250000
vt 0.750000 0.250000
vt 0.750000 0.250000
vt 0.750000 0.250000
vt 0.750000 0.250000
vt 0.750000 0.250000
vt 0.750000 0.250000
vt 0.750000 0.250000
vt 0.750000 0.250000
vt 0.750000 0.250000
vt 0.750000 0.250000
vt 0.750000 0.250000
vt 0.750000 0.250000
vt 0.750000 0.250000
vt 0.750000 0.250000
vt 0.750000 0.250000
vt 0.750000 0.250000
vt 0.750000 0.250000
vt 0.750000 0.250000
vt 0.750000 0.250000
vt 0.750000 0.250000
vt 0.750000 0.250000
vt 0.750000 0.250000
vt 0.750000 0.250000
vt 0.750000 0.250000
vt 0.750000 0.250000
vt 0.750000 0.250000
vt 0.750000 0.250000
vt 0.750000 0.250000
vt 0.750000 0.250000
vt 0.750000 0.250000
vt 0.750000 0.250000
vt 0.250000 0.750000
vt 0.250000 0.750000
vt 0.750000 0.250000
vt 0.750000 0.250000
vt 0.750000 0.250000
vt 0.750000 0.250000
vt 0.750000 0.250000
vt 0.750000 0.250000
vt 0.750000 0.250000
vt 0.750000 0.250000
vt 0.750000 0.250000
vt 0.750000 0.250000
vt 0.750000 0.250000
vt 0.750000 0.250000
vt 0.750000 0.250000
vt 0.750000 0.250000
vt 0.750000 0.250000
vt 0.750000 0.250000
vt 0.750000 0.250000
vt 0.750000 0.250000
vt 0.750000 0.250000
vt 0.750000 0.250000
vt 0.750000 0.250000
vt 0.750000 0.250000
vt 0.750000 0.250000
vt 0.750000 0.250000
vt 0.750000 0.250000
vt 0.750000 0.250000
vt 0.750000 0.250000
vt 0.750000 0.250000
vt 0.750000 0.250000
vt 0.750000 0.250000
vt 0.750000 0.250000
vt 0.750000 0.250000
vt 0.750000 0.250000
vt 0.750000 0.250000
vt 0.750000 0.250000
vt 0.250000 0.750000
vt 0.250000 0.750000
vt 0.750000 0.250000
vt 0.750000 0.250000
vt 0.750000 0.250000
vt 0.750000 0.250000
vt 0.750000 0.250000
vt 0.750000 0.250000
vt 0.750000 0.250000
vt 0.750000 0.250000
vt 0.750000 0.250000
vt 0.750000 0.250000
vt 0.750000 0.250000
vt 0.750000 0.250000
vt 0.750000 0.250000
vt 0.750000 0.250000
vt 0.750000 0.250000
vt 0.750000 0.250000
vt 0.750000 0.250000
vt 0.750000 0.250000
vt 0.750000 0.250000
vt 0.750000 0.250000
vt 0.750000 0.250000
vt 0.750000 0.250000
vt 0.750000 0.250000
vt 0.750000 0.250000
vt 0.750000 0.250000
vt 0.750000 0.250000
vt 0.750000 0.250000
vt 0.750000 0.250000
vt 0.750000 0.250000
vt 0.750000 0.250000
vt 0.750000 0.250000
vt 0.750000 0.250000
vt 0.750000 0.250000
vt 0.750000 0.250000
vt 0.750000 0.250000
vt 0.250000 0.750000
vt 0.250000 0.750000
vt 0.750000 0.250000
vt 0.750000 0.250000
vt 0.750000 0.250000
vt 0.750000 0.250000
vt 0.750000 0.250000
vt 0.750000 0.250000
vt 0.750000 0.250000
vt 0.750000 0.250000
vt 0.750000 0.250000
vt 0.750000 0.250000
vt 0.750000 0.250000
vt 0.750000 0.250000
vt 0.750000 0.250000
vt 0.750000 0.250000
vt 0.750000 0.250000
vt 0.750000 0.250000
vt 0.750000 0.250000
vt 0.750000 0.250000
vt 0.750000 0.250000
vt 0.750000 0.250000
vt 0.750000 0.250000
vt 0.750000 0.250000
vt 0.750000 0.250000
vt 0.750000 0.250000
vt 0.750000 0.250000
vt 0.750000 0.250000
vt 0.750000 0.250000
vt 0.750000 0.250000
vt 0.750000 0.250000
vt 0.750000 0.250000
vt 0.750000 0.250000
vt 0.750000 0.250000
vt 0.750000 0.250000
vt 0.750000 0.250000
vt 0.750000 0.250000
vt 0.250000 0.750000
vt 0.250000 0.750000
vt 0.750000 0.250000
vt 0.750000 0.250000
vt 0.750000 0.250000
vt 0.750000 0.250000
vt 0.750000 0.250000
vt 0.750000 0.250000
vt 0.750000 0.250000
vt 0.750000 0.250000
vt 0.750000 0.250000
vt 0.750000 0.250000
vt 0.750000 0.250000
vt 0.750000 0.250000
vt 0.750000 0.250000
vt 0.750000 0.250000
vt 0.750000 0.250000
vt 0.750000 0.250000
vt 0.750000 0.250000
vt 0.750000 0.250000
vt 0.750000 0.250000
vt 0.750000 0.250000
vt 0.750000 0.250000
vt 0.750000 0.250000
vt 0.750000 0.250000
vt 0.750000 0.250000
vt 0.750000 0.250000
vt 0.750000 0.250000
vt 0.750000 0.250000
vt 0.750000 0.250000
vt 0.750000 0.250000
vt 0.750000 0.250000
vt 0.750000 0.250000
vt 0.750000 0.250000
vt 0.750000 0.250000
vt 0.750000 0.250000
vt 0.750000 0.250000
vt 0.250000 0.750000
vt 0.250000 0.750000
vt 0.750000 0.250000
vt 0.750000 0.250000
vt 0.750000 0.250000
vt 0.750000 0.250000
vt 0.750000 0.250000
vt 0.750000 0.250000
vt 0.750000 0.250000
vt 0.750000 0.250000
vt 0.750000 0.250000
vt 0.750000 0.250000
vt 0.750000 0.250000
vt 0.750000 0.250000
vt 0.750000 0.250000
vt 0.750000 0.250000
vt 0.750000 0.250000
vt 0.750000 0.250000
vt 0.750000 0.250000
vt 0.750000 0.250000
vt 0.750000 0.250000
vt 0.750000 0.250000
vt 0.750000 0.250000
vt 0.750000 0.250000
vt 0.750000 0.250000
vt 0.750000 0.250000
vt 0.750000 0.250000
vt 0.750000 0.250000
vt 0.750000 0.250000
vt 0.750000 0.250000
vt 0.750000 0.250000
vt 0.750000 0.250000
vt 0.750000 0.250000
vt 0.750000 0.250000
vt 0.750000 0.250000
vt 0.750000 0.250000
vt 0.750000 0.250000
vt 0.250000 0.750000
vt 0.250000 0.750000
vt 0.750000 0.250000
vt 0.750000 0.250000
vt 0.750000 0.250000
vt 0.750000 0.250000
vt 0.750000 0.250000
vt 0.750000 0.250000
vt 0.750000 0.250000
vt 0.750000 0.250000
vt 0.750000 0.250000
vt 0.750000 0.250000
vt 0.750000 0.250000
vt 0.750000 0.250000
vt 0.750000 0.250000
vt 0.750000 0.250000
vt 0.750000 0.250000
vt 0.750000 0.250000
vt 0.750000 0.250000
vt 0.750000 0.250000
vt 0.750000 0.250000
vt 0.750000 0.250000
vt 0.750000 0.250000
vt 0.750000 0.250000
vt 0.750000 0.250000
vt 0.750000 0.250000
vt 0.750000 0.250000
vt 0.750000 0.250000
vt 0.750000 0.250000
vt 0.750000 0.250000
vt 0.750000 0.250000
vt 0.750000 0.250000
vt 0.750000 0.250000
vt 0.750000 0.250000
vt 0.750000 0.250000
vt 0.750000 0.250000
vt 0.750000 0.250000
vt 0.250000 0.750000
vt 0.250000 0.750000
vt 0.750000 0.250000
vt 0.750000 0.250000
vt 0.750000 0.250000
vt 0.750000 0.250000
vt 0.750000 0.250000
vt 0.750000 0.250000
vt 0.750000 0.250000
vt 0.750000 0.250000
vt 0.750000 0.250000
vt 0.750000 0.250000
vt 0.750000 0.250000
vt 0.750000 0.250000
vt 0.750000 0.250000
vt 0.750000 0.250000
vt 0.750000 0.250000
vt 0.750000 0.250000
vt 0.750000 0.250000
vt 0.750000 0.250000
vt 0.750000 0.250000
vt 0.750000 0.250000
vt 0.750000 0.250000
vt 0.750000 0.250000
vt 0.750000 0.250000
vt 0.750000 0.250000
vt 0.750000 0.250000
vt 0.750000 0.250000
vt 0.750000 0.250000
vt 0.750000 0.250000
vt 0.750000 0.250000
vt 0.750000 0.250000
vt 0.750000 0.250000
vt 0.750000 0.250000
vt 0.750000 0.250000
vt 0.750000 0.250000
vt 0.750000 0.250000
vt 0.250000 0.750000
vt 0.250000 0.750000
vt 0.750000 0.250000
vt 0.750000 0.250000
vt 0.750000 0.250000
vt 0.750000 0.250000
vt 0.750000 0.250000
vt 0.750000 0.250000
vt 0.750000 0.250000
vt 0.750000 0.250000
vt 0.750000 0.250000
vt 0.750000 0.250000
vt 0.750000 0.250000
vt 0.750000 0.250000
vt 0.750000 0.250000
vt 0.750000 0.250000
vt 0.750000 0.250000
vt 0.750000 0.250000
vt 0.750000 0.250000
vt 0.750000 0.250000
vt 0.750000 0.250000
vt 0.750000 0.250000
vt 0.750000 0.250000
vt 0.750000 0.250000
vt 0.750000 0.250000
vt 0.750000 0.250000
vt 0.750000 0.250000
vt 0.750000 0.250000
vt 0.750000 0.250000
vt 0.750000 0.250000
vt 0.750000 0.250000
vt 0.750000 0.250000
vt 0.750000 0.250000
vt 0.750000 0.250000
vt 0.750000 0.250000
vt 0.750000 0.250000
vt 0.750000 0.250000
vt 0.250000 0.750000
vt 0.250000 0.750000
vt 0.750000 0.250000
vt 0.750000 0.250000
vt 0.750000 0.250000
vt 0.750000 0.250000
vt 0.750000 0.250000
vt 0.750000 0.250000
vt 0.750000 0.250000
vt 0.750000 0.250000
vt 0.750000 0.250000
vt 0.750000 0.250000
vt 0.750000 0.250000
vt 0.750000 0.250000
vt 0.750000 0.250000
vt 0.750000 0.250000
vt 0.750000 0.250000
vt 0.750000 0.250000
vt 0.750000 0.250000
vt 0.750000 0.250000
vt 0.750000 0.250000
vt 0.750000 0.250000
vt 0.750000 0.250000
vt 0.750000 0.250000
vt 0.750000 0.250000
vt 0.750000 0.250000
vt 0.750000 0.250000
vt 0.750000 0.250000
vt 0.750000 0.250000
vt 0.750000 0.250000
vt 0.750000 0.250000
vt 0.750000 0.250000
vt 0.750000 0.250000
vt 0.750000 0.250000
vt 0.750000 0.250000
vt 0.750000 0.250000
vt 0.750000 0.250000
vt 0.250000 0.750000
vt 0.250000 0.750000
vt 0.750000 0.250000
vt 0.750000 0.250000
vt 0.750000 0.250000
vt 0.750000 0.250000
vt 0.750000 0.250000
vt 0.750000 0.250000
vt 0.750000 0.250000
vt 0.750000 0.250000
vt 0.750000 0.250000
vt 0.750000 0.250000
vt 0.750000 0.250000
vt 0.750000 0.250000
vt 0.750000 0.250000
vt 0.750000 0.250000
vt 0.750000 0.250000
vt 0.750000 0.250000
vt 0.750000 0.250000
vt 0.750000 0.250000
vt 0.750000 0.250000
vt 0.750000 0.250000
vt 0.750000 0.250000
vt 0.750000 0.250000
vt 0.750000 0.250000
vt 0.750000 0.250000
vt 0.750000 0.250000
vt 0.750000 0.250000
vt 0.750000 0.250000
vt 0.750000 0.250000
vt 0.750000 0.250000
vt 0.750000 0.250000
vt 0.750000 0.250000
vt 0.750000 0.250000
vt 0.750000 0.250000
vt 0.750000 0.250000
vt 0.750000 0.250000
vt 0.250000 0.750000
vt 0.250000 0.750000
vt 0.750000 0.250000
vt 0.750000 0.250000
vt 0.750000 0.250000
vt 0.750000 0.250000
vt 0.750000 0.250000
vt 0.750000 0.250000
vt 0.750000 0.250000
vt 0.750000 0.250000
vt 0.750000 0.250000
vt 0.750000 0.250000
vt 0.750000 0.250000
vt 0.750000 0.250000
vt 0.750000 0.250000
vt 0.750000 0.250000
vt 0.750000 0.250000
vt 0.750000 0.250000
vt 0.750000 0.250000
vt 0.750000 0.250000
vt 0.750000 0.250000
vt 0.750000 0.250000
vt 0.750000 0.250000
vt 0.750000 0.250000
vt 0.750000 0.250000
vt 0.750000 0.250000
vt 0.750000 0.250000
vt 0.750000 0.250000
vt 0.750000 0.250000
vt 0.750000 0.250000
vt 0.750000 0.250000
vt 0.750000 0.250000
vt 0.750000 0.250000
vt 0.750000 0.250000
vt 0.750000 0.250000
vt 0.750000 0.250000
vt 0.750000 0.250000
vt 0.250000 0.750000
vt 0.250000 0.750000
vt 0.750000 0.250000
vt 0.750000 0.250000
vt 0.750000 0.250000
vt 0.750000 0.250000
vt 0.750000 0.250000
vt 0.750000 0.250000
vt 0.750000 0.250000
vt 0.750000 0.250000
vt 0.750000 0.250000
vt 0.750000 0.250000
vt 0.750000 0.250000
vt 0.750000 0.250000
vt 0.750000 0.250000
vt 0.750000 0.250000
vt 0.750000 0.250000
vt 0.750000 0.250000
vt 0.750000 0.250000
vt 0.750000 0.250000
vt 0.750000 0.250000
vt 0.750000 0.250000
vt 0.750000 0.250000
vt 0.750000 0.250000
vt 0.750000 0.250000
vt 0.750000 0.250000
vt 0.750000 0.250000
vt 0.750000 0.250000
vt 0.750000 0.250000
vt 0.750000 0.250000
vt 0.750000 0.250000
vt 0.750000 0.250000
vt 0.750000 0.250000
vt 0.750000 0.250000
vt 0.750000 0.250000
vt 0.750000 0.250000
vt 0.750000 0.250000
vt 0.250000 0.750000
vt 0.250000 0.750000
vt 0.750000 0.250000
vt 0.750000 0.250000
vt 0.750000 0.250000
vt 0.750000 0.250000
vt 0.750000 0.250000
vt 0.750000 0.250000
vt 0.750000 0.250000
vt 0.750000 0.250000
vt 0.750000 0.250000
vt 0.750000 0.250000
vt 0.750000 0.250000
vt 0.750000 0.250000
vt 0.750000 0.250000
vt 0.750000 0.250000
vt 0.750000 0.250000
vt 0.750000 0.250000
vt 0.750000 0.250000
vt 0.750000 0.250000
vt 0.750000 0.250000
vt 0.750000 0.250000
vt 0.750000 0.250000
vt 0.750000 0.250000
vt 0.750000 0.250000
vt 0.750000 0.250000
vt 0.750000 0.250000
vt 0.750000 0.250000
vt 0.750000 0.250000
vt 0.750000 0.250000
vt 0.750000 0.250000
vt 0.750000 0.250000
vt 0.750000 0.250000
vt 0.750000 0.250000
vt 0.750000 0.250000
vt 0.750000 0.250000
vt 0.750000 0.250000
vt 0.250000 0.750000
vt 0.250000 0.750000
vt 0.750000 0.250000
vt 0.750000 0.250000
vt 0.750000 0.250000
vt 0.750000 0.250000
vt 0.750000 0.250000
vt 0.750000 0.250000
vt 0.750000 0.250000
vt 0.750000 0.250000
vt 0.750000 0.250000
vt 0.750000 0.250000
vt 0.750000 0.250000
vt 0.750000 0.250000
vt 0.750000 0.250000
vt 0.750000 0.250000
vt 0.750000 0.250000
vt 0.750000 0.250000
vt 0.750000 0.250000
vt 0.750000 0.250000
vt 0.750000 0.250000
vt 0.750000 0.250000
vt 0.750000 0.250000
vt 0.750000 0.250000
vt 0.750000 0.250000
vt 0.750000 0.250000
vt 0.750000 0.250000
vt 0.750000 0.250000
vt 0.750000 0.250000
vt 0.750000 0.250000
vt 0.750000 0.250000
vt 0.750000 0.250000
vt 0.750000 0.250000
vt 0.750000 0.250000
vt 0.750000 0.250000
vt 0.750000 0.250000
vt 0.750000 0.250000
vt 0.250000 0.750000
vt 0.250000 0.750000
vt 0.750000 0.250000
vt 0.750000 0.250000
vt 0.750000 0.250000
vt 0.750000 0.250000
vt 0.750000 0.250000
vt 0.750000 0.250000
vt 0.750000 0.250000
vt 0.750000 0.250000
vt 0.750000 0.250000
vt 0.750000 0.250000
vt 0.750000 0.250000
vt 0.750000 0.250000
vt 0.750000 0.250000
vt 0.750000 0.250000
vt 0.750000 0.250000
vt 0.750000 0.250000
vt 0.750000 0.250000
vt 0.750000 0.250000
vt 0.750000 0.250000
vt 0.750000 0.250000
vt 0.750000 0.250000
vt 0.750000 0.250000
vt 0.750000 0.250000
vt 0.750000 0.250000
vt 0.750000 0.250000
vt 0.750000 0.250000
vt 0.750000 0.250000
vt 0.750000 0.250000
vt 0.750000 0.250000
vt 0.750000 0.250000
vt 0.750000 0.250000
vt 0.750000 0.250000
vt 0.750000 0.250000
vt 0.750000 0.250000
vt 0.750000 0.250000
vt 0.250000 0.750000
vt 0.250000 0.750000
vt 0.750000 0.250000
vt 0.750000 0.250000
vt 0.750000 0.250000
vt 0.750000 0.250000
vt 0.750000 0.250000
vt 0.750000 0.250000
vt 0.750000 0.250000
vt 0.750000 0.250000
vt 0.750000 0.250000
vt 0.750000 0.250000
vt 0.750000 0.250000
vt 0.750000 0.250000
vt 0.750000 0.250000
vt 0.750000 0.250000
vt 0.750000 0.250000
vt 0.750000 0.250000
vt 0.750000 0.250000
vt 0.750000 0.250000
vt 0.750000 0.250000
vt 0.750000 0.250000
vt 0.750000 0.250000
vt 0.750000 0.250000
vt 0.750000 0.250000
vt 0.750000 0.250000
vt 0.750000 0.250000
vt 0.750000 0.250000
vt 0.750000 0.250000
vt 0.750000 0.250000
vt 0.750000 0.250000
vt 0.750000 0.250000
vt 0.750000 0.250000
vt 0.750000 0.250000
vt 0.750000 0.250000
vt 0.750000 0.250000
vt 0.750000 0.250000
vt 0.250000 0.750000
vt 0.250000 0.750000
vt 0.750000 0.250000
vt 0.750000 0.250000
vt 0.750000 0.250000
vt 0.750000 0.250000
vt 0.750000 0.250000
vt 0.750000 0.250000
vt 0.750000 0.250000
vt 0.750000 0.250000
vt 0.750000 0.250000
vt 0.750000 0.250000
vt 0.750000 0.250000
vt 0.750000 0.250000
vt 0.750000 0.250000
vt 0.750000 0.250000
vt 0.750000 0.250000
vt 0.750000 0.250000
vt 0.750000 0.250000
vt 0.750000 0.250000
vt 0.750000 0.250000
vt 0.750000 0.250000
vt 0.750000 0.250000
vt 0.750000 0.250000
vt 0.750000 0.250000
vt 0.750000 0.250000
vt 0.750000 0.250000
vt 0.750000 0.250000
vt 0.750000 0.250000
vt 0.750000 0.250000
vt 0.750000 0.250000
vt 0.750000 0.250000
vt 0.750000 0.250000
vt 0.750000 0.250000
vt 0.750000 0.250000
vt 0.750000 0.250000
vt 0.750000 0.250000
vt 0.250000 0.750000
vt 0.250000 0.750000
vt 0.750000 0.250000
vt 0.750000 0.250000
vt 0.750000 0.250000
vt 0.750000 0.250000
vt 0.750000 0.250000
vt 0.750000 0.250000
vt 0.750000 0.250000
vt 0.750000 0.250000
vt 0.750000 0.250000
vt 0.750000 0.250000
vt 0.750000 0.250000
vt 0.750000 0.250000
vt 0.750000 0.250000
vt 0.750000 0.250000
vt 0.750000 0.250000
vt 0.750000 0.250000
vt 0.750000 0.250000
vt 0.750000 0.250000
vt 0.750000 0.250000
vt 0.750000 0.250000
vt 0.750000 0.250000
vt 0.750000 0.250000
vt 0.750000 0.250000
vt 0.750000 0.250000
vt 0.750000 0.250000
vt 0.750000 0.250000
vt 0.750000 0.250000
vt 0.750000 0.250000
vt 0.750000 0.250000
vt 0.750000 0.250000
vt 0.750000 0.250000
vt 0.750000 0.250000
vt 0.750000 0.250000
vt 0.750000 0.250000
vt 0.750000 0.250000
vt 0.250000 0.750000
vt 0.250000 0.750000
vt 0.750000 0.250000
vt 0.750000 0.250000
vt 0.750000 0.250000
vt 0.750000 0.250000
vt 0.750000 0.250000
vt 0.750000 0.250000
vt 0.750000 0.250000
vt 0.750000 0.250000
vt 0.750000 0.250000
vt 0.750000 0.250000
vt 0.750000 0.250000
vt 0.750000 0.250000
vt 0.750000 0.250000
vt 0.750000 0.250000
vt 0.750000 0.250000
vt 0.750000 0.250000
vt 0.750000 0.250000
vt 0.750000 0.250000
vt 0.750000 0.250000
vt 0.750000 0.250000
vt 0.750000 0.250000
vt 0.750000 0.250000
vt 0.750000 0.250000
vt 0.750000 0.250000
vt 0.750000 0.250000
vt 0.750000 0.250000
vt 0.750000 0.250000
vt 0.750000 0.250000
vt 0.750000 0.250000
vt 0.750000 0.250000
vt 0.750000 0.250000
vt 0.750000 0.250000
vt 0.750000 0.250000
vt 0.750000 0.250000
vt 0.750000 0.250000
vt 0.250000 0.750000
vt 0.250000 0.750000
vt 0.750000 0.250000
vt 0.750000 0.250000
vt 0.750000 0.250000
vt 0.750000 0.250000
vt 0.750000 0.250000
vt 0.750000 0.250000
vt 0.750000 0.250000
vt 0.750000 0.250000
vt 0.750000 0.250000
vt 0.750000 0.250000
vt 0.750000 0.250000
vt 0.750000 0.250000
vt 0.750000 0.250000
vt 0.750000 0.250000
vt 0.750000 0.250000
vt 0.750000 0.250000
vt 0.750000 0.250000
vt 0.750000 0.250000
vt 0.750000 0.250000
vt 0.750000 0.250000
vt 0.750000 0.250000
vt 0.750000 0.250000
vt 0.750000 0.250000
vt 0.750000 0.250000
vt 0.750000 0.250000
vt 0.750000 0.250000
vt 0.750000 0.250000
vt 0.750000 0.250000
vt 0.750000 0.250000
vt 0.750000 0.250000
vt 0.750000 0.250000
vt 0.750000 0.250000
vt 0.750000 0.250000
vt 0.750000 0.250000
vt 0.750000 0.250000
vt 0.250000 0.750000
vt 0.250000 0.750000
vt 0.750000 0.250000
vt 0.750000 0.250000
vt 0.750000 0.250000
vt 0.750000 0.250000
vt 0.750000 0.250000
vt 0.750000 0.250000
vt 0.750000 0.250000
vt 0.750000 0.250000
vt 0.750000 0.250000
vt 0.750000 0.250000
vt 0.750000 0.250000
vt 0.750000 0.250000
vt 0.750000 0.250000
vt 0.750000 0.250000
vt 0.750000 0.250000
vt 0.750000 0.250000
vt 0.750000 0.250000
vt 0.750000 0.250000
vt 0.750000 0.250000
vt 0.750000 0.250000
vt 0.750000 0.250000
vt 0.750000 0.250000
vt 0.750000 0.250000
vt 0.750000 0.250000
vt 0.750000 0.250000
vt 0.750000 0.250000
vt 0.750000 0.250000
vt 0.750000 0.250000
vt 0.750000 0.250000
vt 0.750000 0.250000
vt 0.750000 0.250000
vt 0.750000 0.250000
vt 0.750000 0.250000
vt 0.750000 0.250000
vt 0.750000 0.250000
vt 0.250000 0.750000
vt 0.250000 0.750000
vt 0.750000 0.250000
vt 0.750000 0.250000
vt 0.750000 0.250000
vt 0.750000 0.250000
vt 0.750000 0.250000
vt 0.750000 0.250000
vt 0.750000 0.250000
vt 0.750000 0.250000
vt 0.750000 0.250000
vt 0.750000 0.250000
vt 0.750000 0.250000
vt 0.750000 0.250000
vt 0.750000 0.250000
vt 0.750000 0.250000
vt 0.750000 0.250000
vt 0.750000 0.250000
vt 0.750000 0.250000
vt 0.750000 0.250000
vt 0.750000 0.250000
vt 0.750000 0.250000
vt 0.750000 0.250000
vt 0.750000 0.250000
vt 0.750000 0.250000
vt 0.750000 0.250000
vt 0.750000 0.250000
vt 0.750000 0.250000
vt 0.750000 0.250000
vt 0.750000 0.250000
vt 0.750000 0.250000
vt 0.750000 0.250000
vt 0.750000 0.250000
vt 0.750000 0.250000
vt 0.750000 0.250000
vt 0.750000 0.250000
vt 0.750000 0.250000
vt 0.250000 0.750000
vt 0.250000 0.750000
vt 0.750000 0.250000
vt 0.750000 0.250000
vt 0.750000 0.250000
vt 0.750000 0.250000
vt 0.750000 0.250000
vt 0.750000 0.250000
vt 0.750000 0.250000
vt 0.750000 0.250000
vt 0.750000 0.250000
vt 0.750000 0.250000
vt 0.750000 0.250000
vt 0.750000 0.250000
vt 0.750000 0.250000
vt 0.750000 0.250000
vt 0.750000 0.250000
vt 0.750000 0.250000
vt 0.750000 0.250000
vt 0.750000 0.250000
vt 0.750000 0.250000
vt 0.750000 0.250000
vt 0.750000 0.250000
vt 0.750000 0.250000
vt 0.750000 0.250000
vt 0.750000 0.250000
vt 0.750000 0.250000
vt 0.750000 0.250000
vt 0.750000 0.250000
vt 0.750000 0.250000
vt 0.750000 0.250000
vt 0.750000 0.250000
vt 0.750000 0.250000
vt 0.750000 0.250000
vt 0.750000 0.250000
vt 0.750000 0.250000
vt 0.750000 0.250000
vt 0.250000 0.750000
vt 0.250000 0.750000
vt 0.750000 0.250000
vt 0.750000 0.250000
vt 0.750000 0.250000
vt 0.750000 0.250000
vt 0.750000 0.250000
vt 0.750000 0.250000
vt 0.750000 0.250000
vt 0.750000 0.250000
vt 0.750000 0.250000
vt 0.750000 0.250000
vt 0.750000 0.250000
vt 0.750000 0.250000
vt 0.750000 0.250000
vt 0.750000 0.250000
vt 0.750000 0.250000
vt 0.750000 0.250000
vt 0.750000 0.250000
vt 0.750000 0.250000
vt 0.750000 0.250000
vt 0.750000 0.250000
vt 0.750000 0.250000
vt 0.750000 0.250000
vt 0.750000 0.250000
vt 0.750000 0.250000
vt 0.750000 0.250000
vt 0.750000 0.250000
vt 0.750000 0.250000
vt 0.750000 0.250000
vt 0.750000 0.250000
vt 0.750000 0.250000
vt 0.750000 0.250000
vt 0.750000 0.250000
vt 0.750000 0.250000
vt 0.750000 0.250000
vt 0.750000 0.250000
vt 0.250000 0.750000
vt 0.250000 0.750000
vt 0.750000 0.250000
vt 0.750000 0.250000
vt 0.750000 0.250000
vt 0.750000 0.250000
vt 0.750000 0.250000
vt 0.750000 0.250000
vt 0.750000 0.250000
vt 0.750000 0.250000
vt 0.750000 0.250000
vt 0.750000 0.250000
vt 0.750000 0.250000
vt 0.750000 0.250000
vt 0.750000 0.250000
vt 0.750000 0.250000
vt 0.750000 0.250000
vt 0.750000 0.250000
vt 0.750000 0.250000
vt 0.750000 0.250000
vt 0.750000 0.250000
vt 0.750000 0.250000
vt 0.750000 0.250000
vt 0.750000 0.250000
vt 0.750000 0.250000
vt 0.750000 0.250000
vt 0.750000 0.250000
vt 0.750000 0.250000
vt 0.750000 0.250000
vt 0.750000 0.250000
vt 0.750000 0.250000
vt 0.750000 0.250000
vt 0.750000 0.250000
vt 0.750000 0.250000
vt 0.750000 0.250000
vt 0.750000 0.250000
vt 0.750000 0.250000
vt 0.250000 0.750000
vt 0.250000 0.750000
vt 0.750000 0.250000
vt 0.750000 0.250000
vt 0.750000 0.250000
vt 0.750000 0.250000
vt 0.750000 0.250000
vt 0.750000 0.250000
vt 0.750000 0.250000
vt 0.750000 0.250000
vt 0.750000 0.250000
vt 0.750000 0.250000
vt 0.750000 0.250000
vt 0.750000 0.250000
vt 0.750000 0.250000
vt 0.750000 0.250000
vt 0.750000 0.250000
vt 0.750000 0.250000
vt 0.750000 0.250000
vt 0.750000 0.250000
vt 0.750000 0.250000
vt 0.750000 0.250000
vt 0.750000 0.250000
vt 0.750000 0.250000
vt 0.750000 0.250000
vt 0.750000 0.250000
vt 0.750000 0.250000
vt 0.750000 0.250000
vt 0.750000 0.250000
vt 0.750000 0.250000
vt 0.750000 0.250000
vt 0.750000 0.250000
vt 0.750000 0.250000
vt 0.750000 0.250000
vt 0.750000 0.250000
vt 0.750000 0.250000
vt 0.750000 0.250000
vt 0.250000 0.750000
vt 0.250000 0.750000
vt 0.750000 0.250000
vt 0.750000 0.250000
vt 0.750000 0.250000
vt 0.750000 0.250000
vt 0.750000 0.250000
vt 0.750000 0.250000
vt 0.750000 0.250000
vt 0.750000 0.250000
vt 0.750000 0.250000
vt 0.750000 0.250000
vt 0.750000 0.250000
vt 0.750000 0.250000
vt 0.750000 0.250000
vt 0.750000 0.250000
vt 0.750000 0.250000
vt 0.750000 0.250000
vt 0.750000 0.250000
vt 0.750000 0.250000
vt 0.750000 0.250000
vt 0.750000 0.250000
vt 0.750000 0.250000
vt 0.750000 0.250000
vt 0.750000 0.250000
vt 0.750000 0.250000
vt 0.750000 0.250000
vt 0.750000 0.250000
vt 0.750000 0.250000
vt 0.750000 0.250000
vt 0.750000 0.250000
vt 0.750000 0.250000
vt 0.750000 0.250000
vt 0.750000 0.250000
vt 0.750000 0.250000
vt 0.750000 0.250000
vt 0.750000 0.250000
vt 0.250000 0.750000
vt 0.250000 0.750000
vt 0.750000 0.250000
vt 0.750000 0.250000
vt 0.750000 0.250000
vt 0.750000 0.250000
vt 0.750000 0.250000
vt 0.750000 0.250000
vt 0.750000 0.250000
vt 0.750000 0.250000
vt 0.750000 0.250000
vt 0.750000 0.250000
vt 0.750000 0.250000
vt 0.750000 0.250000
vt 0.750000 0.250000
vt 0.750000 0.250000
vt 0.750000 0.250000
vt 0.750000 0.250000
vt 0.750000 0.250000
vt 0.750000 0.250000
vt 0.750000 0.250000
vt 0.750000 0.250000
vt 0.750000 0.250000
vt 0.750000 0.250000
vt 0.750000 0.250000
vt 0.750000 0.250000
vt 0.750000 0.250000
vt 0.750000 0.250000
vt 0.750000 0.250000
vt 0.750000 0.250000
vt 0.750000 0.250000
vt 0.750000 0.250000
vt 0.750000 0.250000
vt 0.750000 0.250000
vt 0.750000 0.250000
vt 0.750000 0.250000
vt 0.750000 0.250000
vt 0.250000 0.750000
vt 0.250000 0.750000
vt 0.750000 0.250000
vt 0.750000 0.250000
vt 0.750000 0.250000
vt 0.750000 0.250000
vt 0.750000 0.250000
vt 0.750000 0.250000
vt 0.750000 0.250000
vt 0.750000 0.250000
vt 0.750000 0.250000
vt 0.750000 0.250000
vt 0.750000 0.250000
vt 0.750000 0.250000
vt 0.750000 0.250000
vt 0.750000 0.250000
vt 0.750000 0.250000
vt 0.750000 0.250000
vt 0.750000 0.250000
vt 0.750000 0.250000
vt 0.750000 0.250000
vt 0.750000 0.250000
vt 0.750000 0.250000
vt 0.750000 0.250000
vt 0.750000 0.250000
vt 0.750000 0.250000
vt 0.750000 0.250000
vt 0.750000 0.250000
vt 0.750000 0.250000
vt 0.750000 0.250000
vt 0.750000 0.250000
vt 0.750000 0.250000
vt 0.750000 0.250000
vt 0.750000 0.250000
vt 0.750000 0.250000
vt 0.750000 0.250000
vt 0.750000 0.250000
vt 0.250000 0.750000
vt 0.250000 0.750000
vt 0.750000 0.250000
vt 0.750000 0.250000
vt 0.750000 0.250000
vt 0.750000 0.250000
vt 0.750000 0.250000
vt 0.750000 0.250000
vt 0.750000 0.250000
vt 0.750000 0.250000
vt 0.750000 0.250000
vt 0.750000 0.250000
vt 0.750000 0.250000
vt 0.750000 0.250000
vt 0.750000 0.250000
vt 0.750000 0.250000
vt 0.750000 0.250000
vt 0.750000 0.250000
vt 0.750000 0.250000
vt 0.750000 0.250000
vt 0.750000 0.250000
vt 0.750000 0.250000
vt 0.750000 0.250000
vt 0.750000 0.250000
vt 0.750000 0.250000
vt 0.750000 0.250000
vt 0.750000 0.250000
vt 0.750000 0.250000
vt 0.750000 0.250000
vt 0.750000 0.250000
vt 0.750000 0.250000
vt 0.750000 0.250000
vt 0.750000 0.250000
vt 0.750000 0.250000
vt 0.750000 0.250000
vt 0.750000 0.250000
vt 0.750000 0.250000
vt 0.250000 0.750000
vt 0.250000 0.750000
vt 0.750000 0.250000
vt 0.750000 0.250000
vt 0.750000 0.250000
vt 0.750000 0.250000
vt 0.750000 0.250000
vt 0.750000 0.250000
vt 0.750000 0.250000
vt 0.750000 0.250000
vt 0.750000 0.250000
vt 0.750000 0.250000
vt 0.750000 0.250000
vt 0.750000 0.250000
vt 0.750000 0.250000
vt 0.750000 0.250000
vt 0.750000 0.250000
vt 0.750000 0.250000
vt 0.750000 0.250000
vt 0.750000 0.250000
vt 0.750000 0.250000
vt 0.750000 0.250000
vt 0.750000 0.250000
vt 0.750000 0.250000
vt 0.750000 0.250000
vt 0.750000 0.250000
vt 0.750000 0.250000
vt 0.750000 0.250000
vt 0.750000 0.250000
vt 0.750000 0.250000
vt 0.750000 0.250000
vt 0.750000 0.250000
vt 0.750000 0.250000
vt 0.750000 0.250000
vt 0.750000 0.250000
vt 0.750000 0.250000
vt 0.750000 0.250000
vt 0.250000 0.750000
vt 0.250000 0.750000
vt 0.750000 0.250000
vt 0.750000 0.250000
vt 0.750000 0.250000
vt 0.750000 0.250000
vt 0.750000 0.250000
vt 0.750000 0.250000
vt 0.750000 0.250000
vt 0.750000 0.250000
vt 0.750000 0.250000
vt 0.750000 0.250000
vt 0.750000 0.250000
vt 0.750000 0.250000
vt 0.750000 0.250000
vt 0.750000 0.250000
vt 0.750000 0.250000
vt 0.750000 0.250000
vt 0.750000 0.250000
vt 0.750000 0.250000
vt 0.750000 0.250000
vt 0.750000 0.250000
vt 0.750000 0.250000
vt 0.750000 0.250000
vt 0.750000 0.250000
vt 0.750000 0.250000
vt 0.750000 0.250000
vt 0.750000 0.250000
vt 0.750000 0.250000
vt 0.750000 0.250000
vt 0.750000 0.250000
vt 0.750000 0.250000
vt 0.750000 0.250000
vt 0.750000 0.250000
vt 0.750000 0.250000
vt 0.750000 0.250000
vt 0.750000 0.250000
vt 0.250000 0.750000
vt 0.250000 0.750000
vt 0.750000 0.250000
vt 0.750000 0.250000
vt 0.750000 0.250000
vt 0.750000 0.250000
vt 0.750000 0.250000
vt 0.750000 0.250000
vt 0.750000 0.250000
vt 0.750000 0.250000
vt 0.750000 0.250000
vt 0.750000 0.250000
vt 0.750000 0.250000
vt 0.750000 0.250000
vt 0.750000 0.250000
vt 0.750000 0.250000
vt 0.750000 0.250000
vt 0.750000 0.250000
vt 0.750000 0.250000
vt 0.750000 0.250000
vt 0.750000 0.250000
vt 0.750000 0.250000
vt 0.750000 0.250000
vt 0.750000 0.250000
vt 0.750000 0.250000
vt 0.750000 0.250000
vt 0.750000 0.250000
vt 0.750000 0.250000
vt 0.750000 0.250000
vt 0.750000 0.250000
vt 0.750000 0.250000
vt 0.750000 0.250000
vt 0.750000 0.250000
vt 0.750000 0.250000
vt 0.750000 0.250000
vt 0.750000 0.250000
vt 0.750000 0.250000
vt 0.250000 0.750000
vt 0.250000 0.750000
vt 0.750000 0.250000
vt 0.750000 0.250000
vt 0.750000 0.250000
vt 0.750000 0.250000
vt 0.750000 0.250000
vt 0.750000 0.250000
vt 0.750000 0.250000
vt 0.750000 0.250000
vt 0.750000 0.250000
vt 0.750000 0.250000
vt 0.750000 0.250000
vt 0.750000 0.250000
vt 0.750000 0.250000
vt 0.750000 0.250000
vt 0.750000 0.250000
vt 0.750000 0.250000
vt 0.750000 0.250000
vt 0.750000 0.250000
vt 0.750000 0.250000
vt 0.750000 0.250000
vt 0.750000 0.250000
vt 0.750000 0.250000
vt 0.750000 0.250000
vt 0.750000 0.250000
vt 0.750000 0.250000
vt 0.750000 0.250000
vt 0.750000 0.250000
vt 0.750000 0.250000
vt 0.750000 0.250000
vt 0.750000 0.250000
vt 0.750000 0.250000
vt 0.750000 0.250000
vt 0.750000 0.250000
vt 0.750000 0.250000
vt 0.750000 0.250000
vt 0.250000 0.750000
vt 0.250000 0.750000
vt 0.750000 0.250000
vt 0.750000 0.250000
vt 0.750000 0.250000
vt 0.750000 0.250000
vt 0.750000 0.250000
vt 0.750000 0.250000
vt 0.750000 0.250000
vt 0.750000 0.250000
vt 0.750000 0.250000
vt 0.750000 0.250000
vt 0.750000 0.250000
vt 0.750000 0.250000
vt 0.750000 0.250000
vt 0.750000 0.250000
vt 0.750000 0.250000
vt 0.750000 0.250000
vt 0.750000 0.250000
vt 0.750000 0.250000
vt 0.750000 0.250000
vt 0.750000 0.250000
vt 0.750000 0.250000
vt 0.750000 0.250000
vt 0.750000 0.250000
vt 0.750000 0.250000
vt 0.750000 0.250000
vt 0.750000 0.250000
vt 0.750000 0.250000
vt 0.750000 0.250000
vt 0.750000 0.250000
vt 0.750000 0.250000
vt 0.750000 0.250000
vt 0.750000 0.250000
vt 0.750000 0.250000
vt 0.750000 0.250000
vt 0.750000 0.250000
vt 0.250000 0.750000
vt 0.250000 0.750000
vt 0.750000 0.250000
vt 0.750000 0.250000
vt 0.750000 0.250000
vt 0.750000 0.250000
vt 0.750000 0.250000
vt 0.750000 0.250000
vt 0.750000 0.250000
vt 0.750000 0.250000
vt 0.750000 0.250000
vt 0.750000 0.250000
vt 0.750000 0.250000
vt 0.750000 0.250000
vt 0.750000 0.250000
vt 0.750000 0.250000
vt 0.750000 0.250000
vt 0.750000 0.250000
vt 0.750000 0.250000
vt 0.750000 0.250000
vt 0.750000 0.250000
vt 0.750000 0.250000
vt 0.750000 0.250000
vt 0.750000 0.250000
vt 0.750000 0.250000
vt 0.750000 0.250000
vt 0.750000 0.250000
vt 0.750000 0.250000
vt 0.750000 0.250000
vt 0.750000 0.250000
vt 0.750000 0.250000
vt 0.750000 0.250000
vt 0.750000 0.250000
vt 0.750000 0.250000
vt 0.750000 0.250000
vt 0.750000 0.250000
vt 0.750000 0.250000
vt 0.250000 0.750000
vt 0.250000 0.750000
vt 0.750000 0.250000
vt 0.750000 0.250000
vt 0.750000 0.250000
vt 0.750000 0.250000
vt 0.750000 0.250000
vt 0.750000 0.250000
vt 0.750000 0.250000
vt 0.750000 0.250000
vt 0.750000 0.250000
vt 0.750000 0.250000
vt 0.750000 0.250000
vt 0.750000 0.250000
vt 0.750000 0.250000
vt 0.750000 0.250000
vt 0.750000 0.250000
vt 0.750000 0.250000
vt 0.750000 0.250000
vt 0.750000 0.250000
vt 0.750000 0.250000
vt 0.750000 0.250000
vt 0.750000 0.250000
vt 0.750000 0.250000
vt 0.750000 0.250000
vt 0.750000 0.250000
vt 0.750000 0.250000
vt 0.750000 0.250000
vt 0.750000 0.250000
vt 0.750000 0.250000
vt 0.750000 0.250000
vt 0.750000 0.250000
vt 0.750000 0.250000
vt 0.750000 0.250000
vt 0.750000 0.250000
vt 0.750000 0.250000
vt 0.750000 0.250000
vt 0.250000 0.750000
vt 0.250000 0.750000
vt 0.750000 0.250000
vt 0.750000 0.250000
vt 0.750000 0.250000
vt 0.750000 0.250000
vt 0.750000 0.250000
vt 0.750000 0.250000
vt 0.750000 0.250000
vt 0.750000 0.250000
vt 0.750000 0.250000
vt 0.750000 0.250000
vt 0.750000 0.250000
vt 0.750000 0.250000
vt 0.750000 0.250000
vt 0.750000 0.250000
vt 0.750000 0.250000
vt 0.750000 0.250000
vt 0.750000 0.250000
vt 0.750000 0.250000
vt 0.750000 0.250000
vt 0.750000 0.250000
vt 0.750000 0.250000
vt 0.750000 0.250000
vt 0.750000 0.250000
vt 0.750000 0.250000
vt 0.750000 0.250000
vt 0.750000 0.250000
vt 0.750000 0.250000
vt 0.750000 0.250000
vt 0.750000 0.250000
vt 0.750000 0.250000
vt 0.750000 0.250000
vt 0.750000 0.250000
vt 0.750000 0.250000
vt 0.750000 0.250000
vt 0.750000 0.250000
vt 0.250000 0.750000
vt 0.250000 0.750000
vt 0.750000 0.250000
vt 0.750000 0.250000
vt 0.750000 0.250000
vt 0.750000 0.250000
vt 0.750000 0.250000
vt 0.750000 0.250000
vt 0.750000 0.250000
vt 0.750000 0.250000
vt 0.750000 0.250000
vt 0.750000 0.250000
vt 0.750000 0.250000
vt 0.750000 0.250000
vt 0.750000 0.250000
vt 0.750000 0.250000
vt 0.750000 0.250000
vt 0.750000 0.250000
vt 0.750000 0.250000
vt 0.750000 0.250000
vt 0.750000 0.250000
vt 0.750000 0.250000
vt 0.750000 0.250000
vt 0.750000 0.250000
vt 0.750000 0.250000
vt 0.750000 0.250000
vt 0.750000 0.250000
vt 0.750000 0.250000
vt 0.750000 0.250000
vt 0.750000 0.250000
vt 0.750000 0.250000
vt 0.750000 0.250000
vt 0.750000 0.250000
vt 0.750000 0.250000
vt 0.750000 0.250000
vt 0.750000 0.250000
vt 0.750000 0.250000
vt 0.250000 0.750000
vt 0.250000 0.750000
vt 0.750000 0.250000
vt 0.750000 0.250000
vt 0.750000 0.250000
vt 0.750000 0.250000
vt 0.750000 0.250000
vt 0.750000 0.250000
vt 0.750000 0.250000
vt 0.750000 0.250000
vt 0.750000 0.250000
vt 0.750000 0.250000
vt 0.750000 0.250000
vt 0.750000 0.250000
vt 0.750000 0.250000
vt 0.750000 0.250000
vt 0.750000 0.250000
vt 0.750000 0.250000
vt 0.750000 0.250000
vt 0.750000 0.250000
vt 0.750000 0.250000
vt 0.750000 0.250000
vt 0.750000 0.250000
vt 0.750000 0.250000
vt 0.750000 0.250000
vt 0.750000 0.250000
vt 0.750000 0.250000
vt 0.750000 0.250000
vt 0.750000 0.250000
vt 0.750000 0.250000
vt 0.750000 0.250000
vt 0.750000 0.250000
vt 0.750000 0.250000
vt 0.750000 0.250000
vt 0.750000 0.250000
vt 0.750000 0.250000
vt 0.750000 0.250000
vt 0.250000 0.750000
vt 0.250000 0.750000
vt 0.750000 0.250000
vt 0.750000 0.250000
vt 0.750000 0.250000
vt 0.750000 0.250000
vt 0.750000 0.250000
vt 0.750000 0.250000
vt 0.750000 0.250000
vt 0.750000 0.250000
vt 0.750000 0.250000
vt 0.750000 0.250000
vt 0.750000 0.250000
vt 0.750000 0.250000
vt 0.750000 0.250000
vt 0.750000 0.250000
vt 0.750000 0.250000
vt 0.750000 0.250000
vt 0.750000 0.250000
vt 0.750000 0.250000
vt 0.750000 0.250000
vt 0.750000 0.250000
vt 0.750000 0.250000
vt 0.750000 0.250000
vt 0.750000 0.250000
vt 0.750000 0.250000
vt 0.750000 0.250000
vt 0.750000 0.250000
vt 0.750000 0.250000
vt 0.750000 0.250000
vt 0.750000 0.250000
vt 0.750000 0.250000
vt 0.750000 0.250000
vt 0.750000 0.250000
vt 0.750000 0.250000
vt 0.750000 0.250000
vt 0.750000 0.250000
vt 0.250000 0.750000
vt 0.250000 0.750000
vt 0.750000 0.250000
vt 0.750000 0.250000
vt 0.750000 0.250000
vt 0.750000 0.250000
vt 0.750000 0.250000
vt 0.750000 0.250000
vt 0.750000 0.250000
vt 0.750000 0.250000
vt 0.750000 0.250000
vt 0.750000 0.250000
vt 0.750000 0.250000
vt 0.750000 0.250000
vt 0.750000 0.250000
vt 0.750000 0.250000
vt 0.750000 0.250000
vt 0.750000 0.250000
vt 0.750000 0.250000
vt 0.750000 0.250000
vt 0.750000 0.250000
vt 0.750000 0.250000
vt 0.750000 0.250000
vt 0.750000 0.250000
vt 0.750000 0.250000
vt 0.750000 0.250000
vt 0.750000 0.250000
vt 0.750000 0.250000
vt 0.750000 0.250000
vt 0.750000 0.250000
vt 0.750000 0.250000
vt 0.750000 0.250000
vt 0.750000 0.250000
vt 0.750000 0.250000
vt 0.750000 0.250000
vt 0.750000 0.250000
vt 0.750000 0.250000
vt 0.250000 0.750000
vt 0.250000 0.750000
vt 0.750000 0.250000
vt 0.750000 0.250000
vt 0.750000 0.250000
vt 0.750000 0.250000
vt 0.750000 0.250000
vt 0.750000 0.250000
vt 0.750000 0.250000
vt 0.750000 0.250000
vt 0.750000 0.250000
vt 0.750000 0.250000
vt 0.750000 0.250000
vt 0.750000 0.250000
vt 0.750000 0.250000
vt 0.750000 0.250000
vt 0.750000 0.250000
vt 0.750000 0.250000
vt 0.750000 0.250000
vt 0.750000 0.250000
vt 0.750000 0.250000
vt 0.750000 0.250000
vt 0.750000 0.250000
vt 0.750000 0.250000
vt 0.750000 0.250000
vt 0.750000 0.250000
vt 0.750000 0.250000
vt 0.750000 0.250000
vt 0.750000 0.250000
vt 0.750000 0.250000
vt 0.750000 0.250000
vt 0.750000 0.250000
vt 0.750000 0.250000
vt 0.750000 0.250000
vt 0.750000 0.250000
vt 0.750000 0.250000
vt 0.750000 0.250000
vt 0.250000 0.750000
vt 0.250000 0.750000
vt 0.750000 0.250000
vt 0.750000 0.250000
vt 0.750000 0.250000
vt 0.750000 0.250000
vt 0.750000 0.250000
vt 0.750000 0.250000
vt 0.750000 0.250000
vt 0.750000 0.250000
vt 0.750000 0.250000
vt 0.750000 0.250000
vt 0.750000 0.250000
vt 0.750000 0.250000
vt 0.750000 0.250000
vt 0.750000 0.250000
vt 0.750000 0.250000
vt 0.750000 0.250000
vt 0.750000 0.250000
vt 0.750000 0.250000
vt 0.750000 0.250000
vt 0.750000 0.250000
vt 0.750000 0.250000
vt 0.750000 0.250000
vt 0.750000 0.250000
vt 0.750000 0.250000
vt 0.750000 0.250000
vt 0.750000 0.250000
vt 0.750000 0.250000
vt 0.750000 0.250000
vt 0.750000 0.250000
vt 0.750000 0.250000
vt 0.750000 0.250000
vt 0.750000 0.250000
vt 0.750000 0.250000
vt 0.750000 0.250000
vt 0.750000 0.250000
vt 0.250000 0.750000
vt 0.250000 0.750000
vt 0.750000 0.250000
vt 0.750000 0.250000
vt 0.750000 0.250000
vt 0.750000 0.250000
vt 0.750000 0.250000
vt 0.750000 0.250000
vt 0.750000 0.250000
vt 0.750000 0.250000
vt 0.750000 0.250000
vt 0.750000 0.250000
vt 0.750000 0.250000
vt 0.750000 0.250000
vt 0.750000 0.250000
vt 0.750000 0.250000
vt 0.750000 0.250000
vt 0.750000 0.250000
vt 0.750000 0.250000
vt 0.750000 0.250000
vt 0.750000 0.250000
vt 0.750000 0.250000
vt 0.750000 0.250000
vt 0.750000 0.250000
vt 0.750000 0.250000
vt 0.750000 0.250000
vt 0.750000 0.250000
vt 0.750000 0.250000
vt 0.750000 0.250000
vt 0.750000 0.250000
vt 0.750000 0.250000
vt 0.750000 0.250000
vt 0.750000 0.250000
vt 0.750000 0.250000
vt 0.750000 0.250000
vt 0.750000 0.250000
vt 0.750000 0.250000
vt 0.250000 0.750000
vt 0.250000 0.750000
vt 0.750000 0.250000
vt 0.750000 0.250000
vt 0.750000 0.250000
vt 0.750000 0.250000
vt 0.750000 0.250000
vt 0.750000 0.250000
vt 0.750000 0.250000
vt 0.750000 0.250000
vt 0.750000 0.250000
vt 0.750000 0.250000
vt 0.750000 0.250000
vt 0.750000 0.250000
vt 0.750000 0.250000
vt 0.750000 0.250000
vt 0.750000 0.250000
vt 0.750000 0.250000
vt 0.750000 0.250000
vt 0.750000 0.250000
vt 0.750000 0.250000
vt 0.750000 0.250000
vt 0.750000 0.250000
vt 0.750000 0.250000
vt 0.750000 0.250000
vt 0.750000 0.250000
vt 0.750000 0.250000
vt 0.750000 0.250000
vt 0.750000 0.250000
vt 0.750000 0.250000
vt 0.750000 0.250000
vt 0.750000 0.250000
vt 0.750000 0.250000
vt 0.750000 0.250000
vt 0.750000 0.250000
vt 0.750000 0.250000
vt 0.750000 0.250000
vt 0.250000 0.750000
vt 0.250000 0.750000
vt 0.750000 0.250000
vt 0.750000 0.250000
vt 0.750000 0.250000
vt 0.750000 0.250000
vt 0.750000 0.250000
vt 0.750000 0.250000
vt 0.750000 0.250000
vt 0.750000 0.250000
vt 0.750000 0.250000
vt 0.750000 0.250000
vt 0.750000 0.250000
vt 0.750000 0.250000
vt 0.750000 0.250000
vt 0.750000 0.250000
vt 0.750000 0.250000
vt 0.750000 0.250000
vt 0.750000 0.250000
vt 0.750000 0.250000
vt 0.750000 0.250000
vt 0.750000 0.250000
vt 0.750000 0.250000
vt 0.750000 0.250000
vt 0.750000 0.250000
vt 0.750000 0.250000
vt 0.750000 0.250000
vt 0.750000 0.250000
vt 0.750000 0.250000
vt 0.750000 0.250000
vt 0.750000 0.250000
vt 0.750000 0.250000
vt 0.750000 0.250000
vt 0.750000 0.250000
vt 0.750000 0.250000
vt 0.750000 0.250000
vt 0.750000 0.250000
vt 0.250000 0.750000
vt 0.250000 0.750000
vt 0.750000 0.250000
vt 0.750000 0.250000
vt 0.750000 0.250000
vt 0.750000 0.250000
vt 0.750000 0.250000
vt 0.750000 0.250000
vt 0.750000 0.250000
vt 0.750000 0.250000
vt 0.750000 0.250000
vt 0.750000 0.250000
vt 0.750000 0.250000
vt 0.750000 0.250000
vt 0.750000 0.250000
vt 0.750000 0.250000
vt 0.750000 0.250000
vt 0.750000 0.250000
vt 0.750000 0.250000
vt 0.750000 0.250000
vt 0.750000 0.250000
vt 0.750000 0.250000
vt 0.750000 0.250000
vt 0.750000 0.250000
vt 0.750000 0.250000
vt 0.750000 0.250000
vt 0.750000 0.250000
vt 0.750000 0.250000
vt 0.750000 0.250000
vt 0.750000 0.250000
vt 0.750000 0.250000
vt 0.750000 0.250000
vt 0.750000 0.250000
vt 0.750000 0.250000
vt 0.750000 0.250000
vt 0.750000 0.250000
vt 0.750000 0.250000
vt 0.250000 0.750000
vt 0.250000 0.750000
vt 0.750000 0.250000
vt 0.750000 0.250000
vt 0.750000 0.250000
vt 0.750000 0.250000
vt 0.750000 0.250000
vt 0.750000 0.250000
vt 0.750000 0.250000
vt 0.750000 0.250000
vt 0.750000 0.250000
vt 0.750000 0.250000
vt 0.750000 0.250000
vt 0.750000 0.250000
vt 0.750000 0.250000
vt 0.750000 0.250000
vt 0.750000 0.250000
vt 0.750000 0.250000
vt 0.750000 0.250000
vt 0.750000 0.250000
vt 0.750000 0.250000
vt 0.750000 0.250000
vt 0.750000 0.250000
vt 0.750000 0.250000
vt 0.750000 0.250000
vt 0.750000 0.250000
vt 0.750000 0.250000
vt 0.750000 0.250000
vt 0.750000 0.250000
vt 0.750000 0.250000
vt 0.750000 0.250000
vt 0.750000 0.250000
vt 0.750000 0.250000
vt 0.750000 0.250000
vt 0.750000 0.250000
vt 0.750000 0.250000
vt 0.750000 0.250000
vt 0.250000 0.750000
vt 0.250000 0.750000
vt 0.750000 0.250000
vt 0.750000 0.250000
vt 0.750000 0.250000
vt 0.750000 0.250000
vt 0.750000 0.250000
vt 0.750000 0.250000
vt 0.750000 0.250000
vt 0.750000 0.250000
vt 0.750000 0.250000
vt 0.750000 0.250000
vt 0.750000 0.250000
vt 0.750000 0.250000
vt 0.750000 0.250000
vt 0.750000 0.250000
vt 0.750000 0.250000
vt 0.750000 0.250000
vt 0.750000 0.250000
vt 0.750000 0.250000
vt 0.750000 0.250000
vt 0.750000 0.250000
vt 0.750000 0.250000
vt 0.750000 0.250000
vt 0.750000 0.250000
vt 0.750000 0.250000
vt 0.750000 0.250000
vt 0.750000 0.250000
vt 0.750000 0.250000
vt 0.750000 0.250000
vt 0.750000 0.250000
vt 0.750000 0.250000
vt 0.750000 0.250000
vt 0.750000 0.250000
f 1/1/1 2/1/1 4/1/1 3/1/1
f 3/2/2 4/2/2 6/2/2 5/2/2
f 5/3/3 6/3/3 8/3/3 7/3/3
f 7/4/4 1/4/4 3/4/4 5/4/4
f 13/5/5 14/5/5 15/5/5 16/5/5
f 10/6/5 9/6/5 2/6/5 8/6/5
f 11/7/5 10/7/5 8/7/5 6/7/5
f 12/8/5 11/8/5 6/8/5 4/8/5
f 9/9/5 12/9/5 4/9/5 2/9/5
f 14/10/6 13/10/6 9/10/6 10/10/6
f 15/11/3 14/11/3 10/11/3 11/11/3
f 16/12/2 15/12/2 11/12/2 12/12/2
f 13/13/1 16/13/1 12/13/1 9/13/1
f 17/14/1 18/14/1 20/14/1 19/14/1
f 19/15/2 20/15/2 22/15/2 21/15/2
f 21/16/3 22/16/3 24/16/3 23/16/3
f 18/17/5 24/17/5 22/17/5 20/17/5
f 27/18/1 28/18/1 30/18/1 29/18/1
f 29/19/2 30/19/2 32/19/2 31/19/2
f 31/20/3 32/20/3 26/20/3 25/20/3
f 26/21/5 32/21/5 30/21/5 28/21/5
f 33/22/1 34/22/1 36/22/1 35/22/1
f 37/23/3 38/23/3 40/23/3 39/23/3
f 39/24/2 40/24/2 34/24/2 33/24/2
f 34/25/4 40/25/4 38/25/4 36/25/4
f 41/26/1 42/26/1 44/26/1 43/26/1
f 45/27/3 46/27/3 48/27/3 47/27/3
f 47/28/2 48/28/2 42/28/2 41/28/2
f 42/29/4 48/29/4 46/29/4 44/29/4
f 49/30/1 50/30/1 52/30/1 51/30/1
f 53/31/3 54/31/3 56/31/3 55/31/3
f 55/32/2 56/32/2 50/32/2 49/32/2
f 50/33/4 56/33/4 54/33/4 52/33/4
f 57/34/1 58/34/1 60/34/1 59/34/1
f 61/35/3 62/35/3 64/35/3 63/35/3
f 63/36/2 64/36/2 58/36/2 57/36/2
f 58/37/4 64/37/4 62/37/4 60/37/4
f 65/38/2 66/38/2 68/38/2 67/38/2
f 69/39/1 70/39/1 72/39/1 71/39/1
f 73/40/3 74/40/3 76/40/3 75/40/3
f 75/41/4 69/41/4 71/41/4 73/41/4
f 70/42/5 76/42/5 74/42/5 72/42/5
f 77/43/1 78/43/1 80/43/1 79/43/1
f 81/44/3 82/44/3 84/44/3 83/44/3
f 83/45/4 77/45/4 79/45/4 81/45/4
f 78/46/5 84/46/5 82/46/5 80/46/5
f 85/47/1 86/47/1 88/47/1 87/47/1
f 89/48/3 90/48/3 92/48/3 91/48/3
f 91/49/4 85/49/4 87/49/4 89/49/4
f 86/50/5 92/50/5 90/50/5 88/50/5
f 93/51/1 94/51/1 96/51/1 95/51/1
f 97/52/3 98/52/3 100/52/3 99/52/3
f 99/53/4 93/53/4 95/53/4 97/53/4
f 94/54/5 100/54/5 98/54/5 96/54/5
f 101/55/2 102/55/2 104/55/2 103/55/2
f 105/56/2 106/56/2 108/56/2 107/56/2
f 109/57/2 110/57/2 112/57/2 111/57/2
f 113/58/2 114/58/2 116/58/2 115/58/2
f 117/59/2 118/59/2 120/59/2 119/59/2
f 121/60/1 122/60/1 124/60/1 123/60/1
f 125/61/3 126/61/3 128/61/3 127/61/3
f 127/62/4 121/62/4 123/62/4 125/62/4
f 122/63/5 128/63/5 126/63/5 124/63/5
f 129/64/1 130/64/1 132/64/1 131/64/1
f 133/65/3 134/65/3 136/65/3 135/65/3
f 135/66/4 129/66/4 131/66/4 133/66/4
f 130/67/5 136/67/5 134/67/5 132/67/5
f 137/68/1 138/68/1 140/68/1 139/68/1
f 141/69/3 142/69/3 144/69/3 143/69/3
f 143/70/4 137/70/4 139/70/4 141/70/4
f 138/71/5 144/71/5 142/71/5 140/71/5
f 145/72/1 146/72/1 148/72/1 147/72/1
f 149/73/3 150/73/3 152/73/3 151/73/3
f 151/74/4 145/74/4 147/74/4 149/74/4
f 146/75/5 152/75/5 150/75/5 148/75/5
f 153/76/2 154/76/2 156/76/2 155/76/2
f 157/77/2 158/77/2 160/77/2 159/77/2
f 161/78/2 162/78/2 164/78/2 163/78/2
f 165/79/1 166/79/1 168/79/1 167/79/1
f 169/80/3 170/80/3 172/80/3 171/80/3
f 171/81/4 165/81/4 167/81/4 169/81/4
f 166/82/5 172/82/5 170/82/5 168/82/5
f 173/83/1 174/83/1 176/83/1 175/83/1
f 177/84/3 178/84/3 180/84/3 179/84/3
f 179/85/4 173/85/4 175/85/4 177/85/4
f 174/86/5 180/86/5 178/86/5 176/86/5
f 181/87/1 182/87/1 184/87/1 183/87/1
f 185/88/3 186/88/3 188/88/3 187/88/3
f 187/89/4 181/89/4 183/89/4 185/89/4
f 182/90/5 188/90/5 186/90/5 184/90/5
f 189/91/1 190/91/1 192/91/1 191/91/1
f 193/92/3 194/92/3 196/92/3 195/92/3
f 195/93/4 189/93/4 191/93/4 193/93/4
f 190/94/5 196/94/5 194/94/5 192/94/5
f 197/95/2 198/95/2 200/95/2 199/95/2
f 201/96/2 202/96/2 204/96/2 203/96/2
f 205/97/2 206/97/2 208/97/2 207/97/2
f 209/98/1 210/98/1 212/98/1 211/98/1
f 213/99/3 214/99/3 216/99/3 215/99/3
f 215/100/4 209/100/4 211/100/4 213/100/4
f 210/101/5 216/101/5 214/101/5 212/101/5
f 217/102/1 218/102/1 220/102/1 219/102/1
f 221/103/3 222/103/3 224/103/3 223/103/3
f 223/104/4 217/104/4 219/104/4 221/104/4
f 218/105/5 224/105/5 222/105/5 220/105/5
f 225/106/1 226/106/1 228/106/1 227/106/1
f 229/107/3 230/107/3 232/107/3 231/107/3
f 231/108/4 225/108/4 227/108/4 229/108/4
f 226/109/5 232/109/5 230/109/5 228/109/5
f 233/110/1 234/110/1 236/110/1 235/110/1
f 237/111/3 238/111/3 240/111/3 239/111/3
f 239/112/4 233/112/4 235/112/4 237/112/4
f 234/113/5 240/113/5 238/113/5 236/113/5
f 241/114/2 242/114/2 244/114/2 243/114/2
f 245/115/2 246/115/2 248/115/2 247/115/2
f 249/116/2 250/116/2 252/116/2 251/116/2
f 253/117/1 254/117/1 256/117/1 255/117/1
f 257/118/3 258/118/3 260/118/3 259/118/3
f 259/119/4 253/119/4 255/119/4 257/119/4
f 254/120/5 260/120/5 258/120/5 256/120/5
f 261/121/1 262/121/1 264/121/1 263/121/1
f 265/122/3 266/122/3 268/122/3 267/122/3
f 267/123/4 261/123/4 263/123/4 265/123/4
f 262/124/5 268/124/5 266/124/5 264/124/5
f 269/125/1 270/125/1 272/125/1 271/125/1
f 273/126/3 274/126/3 276/126/3 275/126/3
f 275/127/4 269/127/4 271/127/4 273/127/4
f 270/128/5 276/128/5 274/128/5 272/128/5
f 277/129/1 278/129/1 280/129/1 279/129/1
f 281/130/3 282/130/3 284/130/3 283/130/3
f 283/131/4 277/131/4 279/131/4 281/131/4
f 278/132/5 284/132/5 282/132/5 280/132/5
f 285/133/2 286/133/2 288/133/2 287/133/2
f 289/134/2 290/134/2 292/134/2 291/134/2
f 293/135/1 294/135/1 296/135/1 295/135/1
f 297/136/3 298/136/3 300/136/3 299/136/3
f 299/137/4 293/137/4 295/137/4 297/137/4
f 294/138/5 300/138/5 298/138/5 296/138/5
f 301/139/2 302/139/2 304/139/2 303/139/2
f 305/140/1 306/140/1 308/140/1 307/140/1
f 309/141/3 310/141/3 312/141/3 311/141/3
f 311/142/4 305/142/4 307/142/4 309/142/4
f 306/143/5 312/143/5 310/143/5 308/143/5
f 313/144/2 314/144/2 316/144/2 315/144/2
f 317/145/2 318/145/2 320/145/2 319/145/2
f 321/146/2 322/146/2 324/146/2 323/146/2
f 325/147/2 326/147/2 328/147/2 327/147/2
f 329/148/2 330/148/2 332/148/2 331/148/2
f 333/149/2 334/149/2 336/149/2 335/149/2
f 337/150/1 338/150/1 340/150/1 339/150/1
f 341/151/3 342/151/3 344/151/3 343/151/3
f 343/152/4 337/152/4 339/152/4 341/152/4
f 338/153/5 344/153/5 342/153/5 340/153/5
f 345/154/2 346/154/2 348/154/2 347/154/2
f 349/155/1 350/155/1 352/155/1 351/155/1
f 353/156/3 354/156/3 356/156/3 355/156/3
f 355/157/4 349/157/4 351/157/4 353/157/4
f 350/158/5 356/158/5 354/158/5 352/158/5
f 357/159/1 358/159/1 360/159/1 359/159/1
f 361/160/3 362/160/3 364/160/3 363/160/3
f 363/161/4 357/161/4 359/161/4 361/161/4
f 358/162/5 364/162/5 362/162/5 360/162/5
f 365/163/1 366/163/1 368/163/1 367/163/1
f 369/164/3 370/164/3 372/164/3 371/164/3
f 371/165/4 365/165/4 367/165/4 369/165/4
f 366/166/5 372/166/5 370/166/5 368/166/5
f 373/167/1 374/167/1 376/167/1 375/167/1
f 377/168/3 378/168/3 380/168/3 379/168/3
f 379/169/4 373/169/4 375/169/4 377/169/4
f 374/170/5 380/170/5 378/170/5 376/170/5
f 381/171/1 382/171/1 384/171/1 383/171/1
f 385/172/3 386/172/3 388/172/3 387/172/3
f 387/173/4 381/173/4 383/173/4 385/173/4
f 382/174/5 388/174/5 386/174/5 384/174/5
f 389/175/2 390/175/2 392/175/2 391/175/2
f 393/176/2 394/176/2 396/176/2 395/176/2
f 397/177/1 398/177/1 400/177/1 399/177/1
f 401/178/3 402/178/3 404/178/3 403/178/3
f 403/179/4 397/179/4 399/179/4 401/179/4
f 398/180/5 404/180/5 402/180/5 400/180/5
f 405/181/1 406/181/1 408/181/1 407/181/1
f 409/182/3 410/182/3 412/182/3 411/182/3
f 411/183/4 405/183/4 407/183/4 409/183/4
f 406/184/5 412/184/5 410/184/5 408/184/5
f 413/185/1 414/185/1 416/185/1 415/185/1
f 417/186/3 418/186/3 420/186/3 419/186/3
f 419/187/4 413/187/4 415/187/4 417/187/4
f 414/188/5 420/188/5 418/188/5 416/188/5
f 421/189/1 422/189/1 424/189/1 423/189/1
f 425/190/3 426/190/3 428/190/3 427/190/3
f 427/191/4 421/191/4 423/191/4 425/191/4
f 422/192/5 428/192/5 426/192/5 424/192/5
f 429/193/1 430/193/1 432/193/1 431/193/1
f 433/194/3 434/194/3 436/194/3 435/194/3
f 435/195/4 429/195/4 431/195/4 433/195/4
f 430/196/5 436/196/5 434/196/5 432/196/5
f 437/197/1 438/197/1 440/197/1 439/197/1
f 441/198/3 442/198/3 444/198/3 443/198/3
f 443/199/4 437/199/4 439/199/4 441/199/4
f 438/200/5 444/200/5 442/200/5 440/200/5
f 445/201/1 446/201/1 448/201/1 447/201/1
f 449/202/3 450/202/3 452/202/3 451/202/3
f 451/203/4 445/203/4 447/203/4 449/203/4
f 446/204/5 452/204/5 450/204/5 448/204/5
f 453/205/1 454/205/1 456/205/1 455/205/1
f 457/206/3 458/206/3 460/206/3 459/206/3
f 459/207/4 453/207/4 455/207/4 457/207/4
f 454/208/5 460/208/5 458/208/5 456/208/5
f 461/209/1 462/209/1 464/209/1 463/209/1
f 465/210/3 466/210/3 468/210/3 467/210/3
f 467/211/4 461/211/4 463/211/4 465/211/4
f 462/212/5 468/212/5 466/212/5 464/212/5
f 469/213/1 470/213/1 472/213/1 471/213/1
f 473/214/3 474/214/3 476/214/3 475/214/3
f 475/215/4 469/215/4 471/215/4 473/215/4
f 470/216/5 476/216/5 474/216/5 472/216/5
f 477/217/1 478/217/1 480/217/1 479/217/1
f 481/218/3 482/218/3 484/218/3 483/218/3
f 483/219/4 477/219/4 479/219/4 481/219/4
f 478/220/5 484/220/5 482/220/5 480/220/5
f 485/221/1 486/221/1 488/221/1 487/221/1
f 489/222/3 490/222/3 492/222/3 491/222/3
f 491/223/4 485/223/4 487/223/4 489/223/4
f 486/224/5 492/224/5 490/224/5 488/224/5
f 493/225/2 494/225/2 496/225/2 495/225/2
f 497/226/2 498/226/2 500/226/2 499/226/2
f 501/227/2 502/227/2 504/227/2 503/227/2
f 505/228/1 506/228/1 508/228/1 507/228/1
f 507/229/2 508/229/2 510/229/2 509/229/2
f 509/230/3 510/230/3 512/230/3 511/230/3
f 511/231/4 505/231/4 507/231/4 509/231/4
f 517/232/5 518/232/5 519/232/5 520/232/5
f 514/233/5 513/233/5 506/233/5 512/233/5
f 515/234/5 514/234/5 512/234/5 510/234/5
f 516/235/5 515/235/5 510/235/5 508/235/5
f 513/236/5 516/236/5 508/236/5 506/236/5
f 518/237/6 517/237/6 513/237/6 514/237/6
f 519/238/3 518/238/3 514/238/3 515/238/3
f 520/239/2 519/239/2 515/239/2 516/239/2
f 517/240/1 520/240/1 516/240/1 513/240/1
f 521/241/1 522/241/1 524/241/1 523/241/1
f 523/242/2 524/242/2 526/242/2 525/242/2
f 525/243/3 526/243/3 528/243/3 527/243/3
f 522/244/5 528/244/5 526/244/5 524/244/5
f 531/245/1 532/245/1 534/245/1 533/245/1
f 533/246/2 534/246/2 536/246/2 535/246/2
f 535/247/3 536/247/3 530/247/3 529/247/3
f 530/248/5 536/248/5 534/248/5 532/248/5
f 537/249/1 538/249/1 540/249/1 539/249/1
f 541/250/3 542/250/3 544/250/3 543/250/3
f 543/251/2 544/251/2 538/251/2 537/251/2
f 538/252/4 544/252/4 542/252/4 540/252/4
f 545/253/1 546/253/1 548/253/1 547/253/1
f 549/254/3 550/254/3 552/254/3 551/254/3
f 551/255/2 552/255/2 546/255/2 545/255/2
f 546/256/4 552/256/4 550/256/4 548/256/4
f 553/257/1 554/257/1 556/257/1 555/257/1
f 557/258/3 558/258/3 560/258/3 559/258/3
f 559/259/2 560/259/2 554/259/2 553/259/2
f 554/260/4 560/260/4 558/260/4 556/260/4
f 561/261/1 562/261/1 564/261/1 563/261/1
f 565/262/3 566/262/3 568/262/3 567/262/3
f 567/263/2 568/263/2 562/263/2 561/263/2
f 562/264/4 568/264/4 566/264/4 564/264/4
f 569/265/1 570/265/1 572/265/1 571/265/1
f 571/266/2 572/266/2 574/266/2 573/266/2
f 573/267/3 574/267/3 576/267/3 575/267/3
f 575/268/4 569/268/4 571/268/4 573/268/4
f 581/269/5 582/269/5 583/269/5 584/269/5
f 578/270/5 577/270/5 570/270/5 576/270/5
f 579/271/5 578/271/5 576/271/5 574/271/5
f 580/272/5 579/272/5 574/272/5 572/272/5
f 577/273/5 580/273/5 572/273/5 570/273/5
f 582/274/6 581/274/6 577/274/6 578/274/6
f 583/275/3 582/275/3 578/275/3 579/275/3
f 584/276/2 583/276/2 579/276/2 580/276/2
f 581/277/1 584/277/1 580/277/1 577/277/1
f 585/278/1 586/278/1 588/278/1 587/278/1
f 587/279/2 588/279/2 590/279/2 589/279/2
f 589/280/3 590/280/3 592/280/3 591/280/3
f 586/281/5 592/281/5 590/281/5 588/281/5
f 595/282/1 596/282/1 598/282/1 597/282/1
f 597/283/2 598/283/2 600/283/2 599/283/2
f 599/284/3 600/284/3 594/284/3 593/284/3
f 594/285/5 600/285/5 598/285/5 596/285/5
f 601/286/1 602/286/1 604/286/1 603/286/1
f 605/287/3 606/287/3 608/287/3 607/287/3
f 607/288/2 608/288/2 602/288/2 601/288/2
f 602/289/4 608/289/4 606/289/4 604/289/4
f 609/290/1 610/290/1 612/290/1 611/290/1
f 613/291/3 614/291/3 616/291/3 615/291/3
f 615/292/2 616/292/2 610/292/2 609/292/2
f 610/293/4 616/293/4 614/293/4 612/293/4
f 617/294/1 618/294/1 620/294/1 619/294/1
f 621/295/3 622/295/3 624/295/3 623/295/3
f 623/296/2 624/296/2 618/296/2 617/296/2
f 618/297/4 624/297/4 622/297/4 620/297/4
f 625/298/1 626/298/1 628/298/1 627/298/1
f 629/299/3 630/299/3 632/299/3 631/299/3
f 631/300/2 632/300/2 626/300/2 625/300/2
f 626/301/4 632/301/4 630/301/4 628/301/4
f 633/302/1 634/302/1 636/302/1 635/302/1
f 635/303/2 636/303/2 638/303/2 637/303/2
f 637/304/3 638/304/3 640/304/3 639/304/3
f 639/305/4 633/305/4 635/305/4 637/305/4
f 645/306/5 646/306/5 647/306/5 648/306/5
f 642/307/5 641/307/5 634/307/5 640/307/5
f 643/308/5 642/308/5 640/308/5 638/308/5
f 644/309/5 643/309/5 638/309/5 636/309/5
f 641/310/5 644/310/5 636/310/5 634/310/5
f 646/311/6 645/311/6 641/311/6 642/311/6
f 647/312/3 646/312/3 642/312/3 643/312/3
f 648/313/2 647/313/2 643/313/2 644/313/2
f 645/314/1 648/314/1 644/314/1 641/314/1
f 649/315/1 650/315/1 652/315/1 651/315/1
f 651/316/2 652/316/2 654/316/2 653/316/2
f 653/317/3 654/317/3 656/317/3 655/317/3
f 650/318/5 656/318/5 654/318/5 652/318/5
f 659/319/1 660/319/1 662/319/1 661/319/1
f 661/320/2 662/320/2 664/320/2 663/320/2
f 663/321/3 664/321/3 658/321/3 657/321/3
f 658/322/5 664/322/5 662/322/5 660/322/5
f 665/323/1 666/323/1 668/323/1 667/323/1
f 669/324/3 670/324/3 672/324/3 671/324/3
f 671/325/2 672/325/2 666/325/2 665/325/2
f 666/326/4 672/326/4 670/326/4 668/326/4
f 673/327/1 674/327/1 676/327/1 675/327/1
f 677/328/3 678/328/3 680/328/3 679/328/3
f 679/329/2 680/329/2 674/329/2 673/329/2
f 674/330/4 680/330/4 678/330/4 676/330/4
f 681/331/1 682/331/1 684/331/1 683/331/1
f 685/332/3 686/332/3 688/332/3 687/332/3
f 687/333/2 688/333/2 682/333/2 681/333/2
f 682/334/4 688/334/4 686/334/4 684/334/4
f 689/335/1 690/335/1 692/335/1 691/335/1
f 693/336/3 694/336/3 696/336/3 695/336/3
f 695/337/2 696/337/2 690/337/2 689/337/2
f 690/338/4 696/338/4 694/338/4 692/338/4
f 697/339/1 698/339/1 700/339/1 699/339/1
f 699/340/2 700/340/2 702/340/2 701/340/2
f 701/341/3 702/341/3 704/341/3 703/341/3
f 703/342/4 697/342/4 699/342/4 701/342/4
f 709/343/5 710/343/5 711/343/5 712/343/5
f 706/344/5 705/344/5 698/344/5 704/344/5
f 707/345/5 706/345/5 704/345/5 702/345/5
f 708/346/5 707/346/5 702/346/5 700/346/5
f 705/347/5 708/347/5 700/347/5 698/347/5
f 710/348/6 709/348/6 705/348/6 706/348/6
f 711/349/3 710/349/3 706/349/3 707/349/3
f 712/350/2 711/350/2 707/350/2 708/350/2
f 709/351/1 712/351/1 708/351/1 705/351/1
f 713/352/1 714/352/1 716/352/1 715/352/1
f 715/353/2 716/353/2 718/353/2 717/353/2
f 717/354/3 718/354/3 720/354/3 719/354/3
f 714/355/5 720/355/5 718/355/5 716/355/5
f 723/356/1 724/356/1 726/356/1 725/356/1
f 725/357/2 726/357/2 728/357/2 727/357/2
f 727/358/3 728/358/3 722/358/3 721/358/3
f 722/359/5 728/359/5 726/359/5 724/359/5
f 729/360/1 730/360/1 732/360/1 731/360/1
f 733/361/3 734/361/3 736/361/3 735/361/3
f 735/362/2 736/362/2 730/362/2 729/362/2
f 730/363/4 736/363/4 734/363/4 732/363/4
f 737/364/1 738/364/1 740/364/1 739/364/1
f 741/365/3 742/365/3 744/365/3 743/365/3
f 743/366/2 744/366/2 738/366/2 737/366/2
f 738/367/4 744/367/4 742/367/4 740/367/4
f 745/368/1 746/368/1 748/368/1 747/368/1
f 749/369/3 750/369/3 752/369/3 751/369/3
f 751/370/2 752/370/2 746/370/2 745/370/2
f 746/371/4 752/371/4 750/371/4 748/371/4
f 753/372/1 754/372/1 756/372/1 755/372/1
f 757/373/3 758/373/3 760/373/3 759/373/3
f 759/374/2 760/374/2 754/374/2 753/374/2
f 754/375/4 760/375/4 758/375/4 756/375/4
f 761/376/1 762/376/1 764/376/1 763/376/1
f 763/377/2 764/377/2 766/377/2 765/377/2
f 765/378/3 766/378/3 768/378/3 767/378/3
f 767/379/4 761/379/4 763/379/4 765/379/4
f 773/380/5 774/380/5 775/380/5 776/380/5
f 770/381/5 769/381/5 762/381/5 768/381/5
f 771/382/5 770/382/5 768/382/5 766/382/5
f 772/383/5 771/383/5 766/383/5 764/383/5
f 769/384/5 772/384/5 764/384/5 762/384/5
f 774/385/6 773/385/6 769/385/6 770/385/6
f 775/386/3 774/386/3 770/386/3 771/386/3
f 776/387/2 775/387/2 771/387/2 772/387/2
f 773/388/1 776/388/1 772/388/1 769/388/1
f 777/389/1 778/389/1 780/389/1 779/389/1
f 779/390/2 780/390/2 782/390/2 781/390/2
f 781/391/3 782/391/3 784/391/3 783/391/3
f 778/392/5 784/392/5 782/392/5 780/392/5
f 787/393/1 788/393/1 790/393/1 789/393/1
f 789/394/2 790/394/2 792/394/2 791/394/2
f 791/395/3 792/395/3 786/395/3 785/395/3
f 786/396/5 792/396/5 790/396/5 788/396/5
f 793/397/1 794/397/1 796/397/1 795/397/1
f 797/398/3 798/398/3 800/398/3 799/398/3
f 799/399/2 800/399/2 794/399/2 793/399/2
f 794/400/4 800/400/4 798/400/4 796/400/4
f 801/401/1 802/401/1 804/401/1 803/401/1
f 805/402/3 806/402/3 808/402/3 807/402/3
f 807/403/2 808/403/2 802/403/2 801/403/2
f 802/404/4 808/404/4 806/404/4 804/404/4
f 809/405/1 810/405/1 812/405/1 811/405/1
f 813/406/3 814/406/3 816/406/3 815/406/3
f 815/407/2 816/407/2 810/407/2 809/407/2
f 810/408/4 816/408/4 814/408/4 812/408/4
f 817/409/1 818/409/1 820/409/1 819/409/1
f 821/410/3 822/410/3 824/410/3 823/410/3
f 823/411/2 824/411/2 818/411/2 817/411/2
f 818/412/4 824/412/4 822/412/4 820/412/4
f 825/413/1 826/413/1 828/413/1 827/413/1
f 827/414/2 828/414/2 830/414/2 829/414/2
f 829/415/3 830/415/3 832/415/3 831/415/3
f 831/416/4 825/416/4 827/416/4 829/416/4
f 837/417/5 838/417/5 839/417/5 840/417/5
f 834/418/5 833/418/5 826/418/5 832/418/5
f 835/419/5 834/419/5 832/419/5 830/419/5
f 836/420/5 835/420/5 830/420/5 828/420/5
f 833/421/5 836/421/5 828/421/5 826/421/5
f 838/422/6 837/422/6 833/422/6 834/422/6
f 839/423/3 838/423/3 834/423/3 835/423/3
f 840/424/2 839/424/2 835/424/2 836/424/2
f 837/425/1 840/425/1 836/425/1 833/425/1
f 841/426/1 842/426/1 844/426/1 843/426/1
f 843/427/2 844/427/2 846/427/2 845/427/2
f 845/428/3 846/428/3 848/428/3 847/428/3
f 842/429/5 848/429/5 846/429/5 844/429/5
f 851/430/1 852/430/1 854/430/1 853/430/1
f 853/431/2 854/431/2 856/431/2 855/431/2
f 855/432/3 856/432/3 850/432/3 849/432/3
f 850/433/5 856/433/5 854/433/5 852/433/5
f 857/434/1 858/434/1 860/434/1 859/434/1
f 861/435/3 862/435/3 864/435/3 863/435/3
f 863/436/2 864/436/2 858/436/2 857/436/2
f 858/437/4 864/437/4 862/437/4 860/437/4
f 865/438/1 866/438/1 868/438/1 867/438/1
f 869/439/3 870/439/3 872/439/3 871/439/3
f 871/440/2 872/440/2 866/440/2 865/440/2
f 866/441/4 872/441/4 870/441/4 868/441/4
f 873/442/1 874/442/1 876/442/1 875/442/1
f 877/443/3 878/443/3 880/443/3 879/443/3
f 879/444/2 880/444/2 874/444/2 873/444/2
f 874/445/4 880/445/4 878/445/4 876/445/4
f 881/446/1 882/446/1 884/446/1 883/446/1
f 885/447/3 886/447/3 888/447/3 887/447/3
f 887/448/2 888/448/2 882/448/2 881/448/2
f 882/449/4 888/449/4 886/449/4 884/449/4
f 889/450/1 890/450/1 892/450/1 891/450/1
f 891/451/2 892/451/2 894/451/2 893/451/2
f 893/452/3 894/452/3 896/452/3 895/452/3
f 895/453/4 889/453/4 891/453/4 893/453/4
f 901/454/5 902/454/5 903/454/5 904/454/5
f 898/455/5 897/455/5 890/455/5 896/455/5
f 899/456/5 898/456/5 896/456/5 894/456/5
f 900/457/5 899/457/5 894/457/5 892/457/5
f 897/458/5 900/458/5 892/458/5 890/458/5
f 902/459/6 901/459/6 897/459/6 898/459/6
f 903/460/3 902/460/3 898/460/3 899/460/3
f 904/461/2 903/461/2 899/461/2 900/461/2
f 901/462/1 904/462/1 900/462/1 897/462/1
f 905/463/1 906/463/1 908/463/1 907/463/1
f 907/464/2 908/464/2 910/464/2 909/464/2
f 909/465/3 910/465/3 912/465/3 911/465/3
f 906/466/5 912/466/5 910/466/5 908/466/5
f 915/467/1 916/467/1 918/467/1 917/467/1
f 917/468/2 918/468/2 920/468/2 919/468/2
f 919/469/3 920/469/3 914/469/3 913/469/3
f 914/470/5 920/470/5 918/470/5 916/470/5
f 921/471/1 922/471/1 924/471/1 923/471/1
f 925/472/3 926/472/3 928/472/3 927/472/3
f 927/473/2 928/473/2 922/473/2 921/473/2
f 922/474/4 928/474/4 926/474/4 924/474/4
f 929/475/1 930/475/1 932/475/1 931/475/1
f 933/476/3 934/476/3 936/476/3 935/476/3
f 935/477/2 936/477/2 930/477/2 929/477/2
f 930/478/4 936/478/4 934/478/4 932/478/4
f 937/479/1 938/479/1 940/479/1 939/479/1
f 941/480/3 942/480/3 944/480/3 943/480/3
f 943/481/2 944/481/2 938/481/2 937/481/2
f 938/482/4 944/482/4 942/482/4 940/482/4
f 945/483/1 946/483/1 948/483/1 947/483/1
f 949/484/3 950/484/3 952/484/3 951/484/3
f 951/485/2 952/485/2 946/485/2 945/485/2
f 946/486/4 952/486/4 950/486/4 948/486/4
f 953/487/1 954/487/1 956/487/1 955/487/1
f 955/488/2 956/488/2 958/488/2 957/488/2
f 957/489/3 958/489/3 960/489/3 959/489/3
f 959/490/4 953/490/4 955/490/4 957/490/4
f 965/491/5 966/491/5 967/491/5 968/491/5
f 962/492/5 961/492/5 954/492/5 960/492/5
f 963/493/5 962/493/5 960/493/5 958/493/5
f 964/494/5 963/494/5 958/494/5 956/494/5
f 961/495/5 964/495/5 956/495/5 954/495/5
f 966/496/6 965/496/6 961/496/6 962/496/6
f 967/497/3 966/497/3 962/497/3 963/497/3
f 968/498/2 967/498/2 963/498/2 964/498/2
f 965/499/1 968/499/1 964/499/1 961/499/1
f 969/500/1 970/500/1 972/500/1 971/500/1
f 971/501/2 972/501/2 974/501/2 973/501/2
f 973/502/3 974/502/3 976/502/3 975/502/3
f 970/503/5 976/503/5 974/503/5 972/503/5
f 979/504/1 980/504/1 982/504/1 981/504/1
f 981/505/2 982/505/2 984/505/2 983/505/2
f 983/506/3 984/506/3 978/506/3 977/506/3
f 978/507/5 984/507/5 982/507/5 980/507/5
f 985/508/1 986/508/1 988/508/1 987/508/1
f 989/509/3 990/509/3 992/509/3 991/509/3
f 991/510/2 992/510/2 986/510/2 985/510/2
f 986/511/4 992/511/4 990/511/4 988/511/4
f 993/512/1 994/512/1 996/512/1 995/512/1
f 997/513/3 998/513/3 1000/513/3 999/513/3
f 999/514/2 1000/514/2 994/514/2 993/514/2
f 994/515/4 1000/515/4 998/515/4 996/515/4
f 1001/516/1 1002/516/1 1004/516/1 1003/516/1
f 1005/517/3 1006/517/3 1008/517/3 1007/517/3
f 1007/518/2 1008/518/2 1002/518/2 1001/518/2
f 1002/519/4 1008/519/4 1006/519/4 1004/519/4
f 1009/520/1 1010/520/1 1012/520/1 1011/520/1
f 1013/521/3 1014/521/3 1016/521/3 1015/521/3
f 1015/522/2 1016/522/2 1010/522/2 1009/522/2
f 1010/523/4 1016/523/4 1014/523/4 1012/523/4
f 1017/524/1 1018/524/1 1020/524/1 1019/524/1
f 1019/525/2 1020/525/2 1022/525/2 1021/525/2
f 1021/526/3 1022/526/3 1024/526/3 1023/526/3
f 1023/527/4 1017/527/4 1019/527/4 1021/527/4
f 1029/528/5 1030/528/5 1031/528/5 1032/528/5
f 1026/529/5 1025/529/5 1018/529/5 1024/529/5
f 1027/530/5 1026/530/5 1024/530/5 1022/530/5
f 1028/531/5 1027/531/5 1022/531/5 1020/531/5
f 1025/532/5 1028/532/5 1020/532/5 1018/532/5
f 1030/533/6 1029/533/6 1025/533/6 1026/533/6
f 1031/534/3 1030/534/3 1026/534/3 1027/534/3
f 1032/535/2 1031/535/2 1027/535/2 1028/535/2
f 1029/536/1 1032/536/1 1028/536/1 1025/536/1
f 1033/537/1 1034/537/1 1036/537/1 1035/537/1
f 1035/538/2 1036/538/2 1038/538/2 1037/538/2
f 1037/539/3 1038/539/3 1040/539/3 1039/539/3
f 1034/540/5 1040/540/5 1038/540/5 1036/540/5
f 1043/541/1 1044/541/1 1046/541/1 1045/541/1
f 1045/542/2 1046/542/2 1048/542/2 1047/542/2
f 1047/543/3 1048/543/3 1042/543/3 1041/543/3
f 1042/544/5 1048/544/5 1046/544/5 1044/544/5
f 1049/545/1 1050/545/1 1052/545/1 1051/545/1
f 1053/546/3 1054/546/3 1056/546/3 1055/546/3
f 1055/547/2 1056/547/2 1050/547/2 1049/547/2
f 1050/548/4 1056/548/4 1054/548/4 1052/548/4
f 1057/549/1 1058/549/1 1060/549/1 1059/549/1
f 1061/550/3 1062/550/3 1064/550/3 1063/550/3
f 1063/551/2 1064/551/2 1058/551/2 1057/551/2
f 1058/552/4 1064/552/4 1062/552/4 1060/552/4
f 1065/553/1 1066/553/1 1068/553/1 1067/553/1
f 1069/554/3 1070/554/3 1072/554/3 1071/554/3
f 1071/555/2 1072/555/2 1066/555/2 1065/555/2
f 1066/556/4 1072/556/4 1070/556/4 1068/556/4
f 1073/557/1 1074/557/1 1076/557/1 1075/557/1
f 1077/558/3 1078/558/3 1080/558/3 1079/558/3
f 1079/559/2 1080/559/2 1074/559/2 1073/559/2
f 1074/560/4 1080/560/4 1078/560/4 1076/560/4
f 1081/561/1 1082/561/1 1084/561/1 1083/561/1
f 1083/562/2 1084/562/2 1086/562/2 1085/562/2
f 1085/563/3 1086/563/3 1088/563/3 1087/563/3
f 1087/564/4 1081/564/4 1083/564/4 1085/564/4
f 1093/565/5 1094/565/5 1095/565/5 1096/565/5
f 1090/566/5 1089/566/5 1082/566/5 1088/566/5
f 1091/567/5 1090/567/5 1088/567/5 1086/567/5
f 1092/568/5 1091/568/5 1086/568/5 1084/568/5
f 1089/569/5 1092/569/5 1084/569/5 1082/569/5
f 1094/570/6 1093/570/6 1089/570/6 1090/570/6
f 1095/571/3 1094/571/3 1090/571/3 1091/571/3
f 1096/572/2 1095/572/2 1091/572/2 1092/572/2
f 1093/573/1 1096/573/1 1092/573/1 1089/573/1
f 1097/574/1 1098/574/1 1100/574/1 1099/574/1
f 1099/575/2 1100/575/2 1102/575/2 1101/575/2
f 1101/576/3 1102/576/3 1104/576/3 1103/576/3
f 1098/577/5 1104/577/5 1102/577/5 1100/577/5
f 1107/578/1 1108/578/1 1110/578/1 1109/578/1
f 1109/579/2 1110/579/2 1112/579/2 1111/579/2
f 1111/580/3 1112/580/3 1106/580/3 1105/580/3
f 1106/581/5 1112/581/5 1110/581/5 1108/581/5
f 1113/582/1 1114/582/1 1116/582/1 1115/582/1
f 1117/583/3 1118/583/3 1120/583/3 1119/583/3
f 1119/584/2 1120/584/2 1114/584/2 1113/584/2
f 1114/585/4 1120/585/4 1118/585/4 1116/585/4
f 1121/586/1 1122/586/1 1124/586/1 1123/586/1
f 1125/587/3 1126/587/3 1128/587/3 1127/587/3
f 1127/588/2 1128/588/2 1122/588/2 1121/588/2
f 1122/589/4 1128/589/4 1126/589/4 1124/589/4
f 1129/590/1 1130/590/1 1132/590/1 1131/590/1
f 1133/591/3 1134/591/3 1136/591/3 1135/591/3
f 1135/592/2 1136/592/2 1130/592/2 1129/592/2
f 1130/593/4 1136/593/4 1134/593/4 1132/593/4
f 1137/594/1 1138/594/1 1140/594/1 1139/594/1
f 1141/595/3 1142/595/3 1144/595/3 1143/595/3
f 1143/596/2 1144/596/2 1138/596/2 1137/596/2
f 1138/597/4 1144/597/4 1142/597/4 1140/597/4
f 1145/598/1 1146/598/1 1148/598/1 1147/598/1
f 1147/599/2 1148/599/2 1150/599/2 1149/599/2
f 1149/600/3 1150/600/3 1152/600/3 1151/600/3
f 1151/601/4 1145/601/4 1147/601/4 1149/601/4
f 1157/602/5 1158/602/5 1159/602/5 1160/602/5
f 1154/603/5 1153/603/5 1146/603/5 1152/603/5
f 1155/604/5 1154/604/5 1152/604/5 1150/604/5
f 1156/605/5 1155/605/5 1150/605/5 1148/605/5
f 1153/606/5 1156/606/5 1148/606/5 1146/606/5
f 1158/607/6 1157/607/6 1153/607/6 1154/607/6
f 1159/608/3 1158/608/3 1154/608/3 1155/608/3
f 1160/609/2 1159/609/2 1155/609/2 1156/609/2
f 1157/610/1 1160/610/1 1156/610/1 1153/610/1
f 1161/611/1 1162/611/1 1164/611/1 1163/611/1
f 1163/612/2 1164/612/2 1166/612/2 1165/612/2
f 1165/613/3 1166/613/3 1168/613/3 1167/613/3
f 1162/614/5 1168/614/5 1166/614/5 1164/614/5
f 1171/615/1 1172/615/1 1174/615/1 1173/615/1
f 1173/616/2 1174/616/2 1176/616/2 1175/616/2
f 1175/617/3 1176/617/3 1170/617/3 1169/617/3
f 1170/618/5 1176/618/5 1174/618/5 1172/618/5
f 1177/619/1 1178/619/1 1180/619/1 1179/619/1
f 1181/620/3 1182/620/3 1184/620/3 1183/620/3
f 1183/621/2 1184/621/2 1178/621/2 1177/621/2
f 1178/622/4 1184/622/4 1182/622/4 1180/622/4
f 1185/623/1 1186/623/1 1188/623/1 1187/623/1
f 1189/624/3 1190/624/3 1192/624/3 1191/624/3
f 1191/625/2 1192/625/2 1186/625/2 1185/625/2
f 1186/626/4 1192/626/4 1190/626/4 1188/626/4
f 1193/627/1 1194/627/1 1196/627/1 1195/627/1
f 1197/628/3 1198/628/3 1200/628/3 1199/628/3
f 1199/629/2 1200/629/2 1194/629/2 1193/629/2
f 1194/630/4 1200/630/4 1198/630/4 1196/630/4
f 1201/631/1 1202/631/1 1204/631/1 1203/631/1
f 1205/632/3 1206/632/3 1208/632/3 1207/632/3
f 1207/633/2 1208/633/2 1202/633/2 1201/633/2
f 1202/634/4 1208/634/4 1206/634/4 1204/634/4
f 1209/635/1 1210/635/1 1212/635/1 1211/635/1
f 1211/636/2 1212/636/2 1214/636/2 1213/636/2
f 1213/637/3 1214/637/3 1216/637/3 1215/637/3
f 1215/638/4 1209/638/4 1211/638/4 1213/638/4
f 1221/639/5 1222/639/5 1223/639/5 1224/639/5
f 1218/640/5 1217/640/5 1210/640/5 1216/640/5
f 1219/641/5 1218/641/5 1216/641/5 1214/641/5
f 1220/642/5 1219/642/5 1214/642/5 1212/642/5
f 1217/643/5 1220/643/5 1212/643/5 1210/643/5
f 1222/644/6 1221/644/6 1217/644/6 1218/644/6
f 1223/645/3 1222/645/3 1218/645/3 1219/645/3
f 1224/646/2 1223/646/2 1219/646/2 1220/646/2
f 1221/647/1 1224/647/1 1220/647/1 1217/647/1
f 1225/648/1 1226/648/1 1228/648/1 1227/648/1
f 1227/649/2 1228/649/2 1230/649/2 1229/649/2
f 1229/650/3 1230/650/3 1232/650/3 1231/650/3
f 1226/651/5 1232/651/5 1230/651/5 1228/651/5
f 1235/652/1 1236/652/1 1238/652/1 1237/652/1
f 1237/653/2 1238/653/2 1240/653/2 1239/653/2
f 1239/654/3 1240/654/3 1234/654/3 1233/654/3
f 1234/655/5 1240/655/5 1238/655/5 1236/655/5
f 1241/656/1 1242/656/1 1244/656/1 1243/656/1
f 1245/657/3 1246/657/3 1248/657/3 1247/657/3
f 1247/658/2 1248/658/2 1242/658/2 1241/658/2
f 1242/659/4 1248/659/4 1246/659/4 1244/659/4
f 1249/660/1 1250/660/1 1252/660/1 1251/660/1
f 1253/661/3 1254/661/3 1256/661/3 1255/661/3
f 1255/662/2 1256/662/2 1250/662/2 1249/662/2
f 1250/663/4 1256/663/4 1254/663/4 1252/663/4
f 1257/664/1 1258/664/1 1260/664/1 1259/664/1
f 1261/665/3 1262/665/3 1264/665/3 1263/665/3
f 1263/666/2 1264/666/2 1258/666/2 1257/666/2
f 1258/667/4 1264/667/4 1262/667/4 1260/667/4
f 1265/668/1 1266/668/1 1268/668/1 1267/668/1
f 1269/669/3 1270/669/3 1272/669/3 1271/669/3
f 1271/670/2 1272/670/2 1266/670/2 1265/670/2
f 1266/671/4 1272/671/4 1270/671/4 1268/671/4
f 1273/672/1 1274/672/1 1276/672/1 1275/672/1
f 1275/673/2 1276/673/2 1278/673/2 1277/673/2
f 1277/674/3 1278/674/3 1280/674/3 1279/674/3
f 1279/675/4 1273/675/4 1275/675/4 1277/675/4
f 1285/676/5 1286/676/5 1287/676/5 1288/676/5
f 1282/677/5 1281/677/5 1274/677/5 1280/677/5
f 1283/678/5 1282/678/5 1280/678/5 1278/678/5
f 1284/679/5 1283/679/5 1278/679/5 1276/679/5
f 1281/680/5 1284/680/5 1276/680/5 1274/680/5
f 1286/681/6 1285/681/6 1281/681/6 1282/681/6
f 1287/682/3 1286/682/3 1282/682/3 1283/682/3
f 1288/683/2 1287/683/2 1283/683/2 1284/683/2
f 1285/684/1 1288/684/1 1284/684/1 1281/684/1
f 1289/685/1 1290/685/1 1292/685/1 1291/685/1
f 1291/686/2 1292/686/2 1294/686/2 1293/686/2
f 1293/687/3 1294/687/3 1296/687/3 1295/687/3
f 1290/688/5 1296/688/5 1294/688/5 1292/688/5
f 1299/689/1 1300/689/1 1302/689/1 1301/689/1
f 1301/690/2 1302/690/2 1304/690/2 1303/690/2
f 1303/691/3 1304/691/3 1298/691/3 1297/691/3
f 1298/692/5 1304/692/5 1302/692/5 1300/692/5
f 1305/693/1 1306/693/1 1308/693/1 1307/693/1
f 1309/694/3 1310/694/3 1312/694/3 1311/694/3
f 1311/695/2 1312/695/2 1306/695/2 1305/695/2
f 1306/696/4 1312/696/4 1310/696/4 1308/696/4
f 1313/697/1 1314/697/1 1316/697/1 1315/697/1
f 1317/698/3 1318/698/3 1320/698/3 1319/698/3
f 1319/699/2 1320/699/2 1314/699/2 1313/699/2
f 1314/700/4 1320/700/4 1318/700/4 1316/700/4
f 1321/701/1 1322/701/1 1324/701/1 1323/701/1
f 1325/702/3 1326/702/3 1328/702/3 1327/702/3
f 1327/703/2 1328/703/2 1322/703/2 1321/703/2
f 1322/704/4 1328/704/4 1326/704/4 1324/704/4
f 1329/705/1 1330/705/1 1332/705/1 1331/705/1
f 1333/706/3 1334/706/3 1336/706/3 1335/706/3
f 1335/707/2 1336/707/2 1330/707/2 1329/707/2
f 1330/708/4 1336/708/4 1334/708/4 1332/708/4
f 1337/709/1 1338/709/1 1340/709/1 1339/709/1
f 1339/710/2 1340/710/2 1342/710/2 1341/710/2
f 1341/711/3 1342/711/3 1344/711/3 1343/711/3
f 1343/712/4 1337/712/4 1339/712/4 1341/712/4
f 1349/713/5 1350/713/5 1351/713/5 1352/713/5
f 1346/714/5 1345/714/5 1338/714/5 1344/714/5
f 1347/715/5 1346/715/5 1344/715/5 1342/715/5
f 1348/716/5 1347/716/5 1342/716/5 1340/716/5
f 1345/717/5 1348/717/5 1340/717/5 1338/717/5
f 1350/718/6 1349/718/6 1345/718/6 1346/718/6
f 1351/719/3 1350/719/3 1346/719/3 1347/719/3
f 1352/720/2 1351/720/2 1347/720/2 1348/720/2
f 1349/721/1 1352/721/1 1348/721/1 1345/721/1
f 1353/722/1 1354/722/1 1356/722/1 1355/722/1
f 1355/723/2 1356/723/2 1358/723/2 1357/723/2
f 1357/724/3 1358/724/3 1360/724/3 1359/724/3
f 1354/725/5 1360/725/5 1358/725/5 1356/725/5
f 1363/726/1 1364/726/1 1366/726/1 1365/726/1
f 1365/727/2 1366/727/2 1368/727/2 1367/727/2
f 1367/728/3 1368/728/3 1362/728/3 1361/728/3
f 1362/729/5 1368/729/5 1366/729/5 1364/729/5
f 1369/730/1 1370/730/1 1372/730/1 1371/730/1
f 1373/731/3 1374/731/3 1376/731/3 1375/731/3
f 1375/732/2 1376/732/2 1370/732/2 1369/732/2
f 1370/733/4 1376/733/4 1374/733/4 1372/733/4
f 1377/734/1 1378/734/1 1380/734/1 1379/734/1
f 1381/735/3 1382/735/3 1384/735/3 1383/735/3
f 1383/736/2 1384/736/2 1378/736/2 1377/736/2
f 1378/737/4 1384/737/4 1382/737/4 1380/737/4
f 1385/738/1 1386/738/1 1388/738/1 1387/738/1
f 1389/739/3 1390/739/3 1392/739/3 1391/739/3
f 1391/740/2 1392/740/2 1386/740/2 1385/740/2
f 1386/741/4 1392/741/4 1390/741/4 1388/741/4
f 1393/742/1 1394/742/1 1396/742/1 1395/742/1
f 1397/743/3 1398/743/3 1400/743/3 1399/743/3
f 1399/744/2 1400/744/2 1394/744/2 1393/744/2
f 1394/745/4 1400/745/4 1398/745/4 1396/745/4
f 1401/746/1 1402/746/1 1404/746/1 1403/746/1
f 1403/747/2 1404/747/2 1406/747/2 1405/747/2
f 1405/748/3 1406/748/3 1408/748/3 1407/748/3
f 1407/749/4 1401/749/4 1403/749/4 1405/749/4
f 1413/750/5 1414/750/5 1415/750/5 1416/750/5
f 1410/751/5 1409/751/5 1402/751/5 1408/751/5
f 1411/752/5 1410/752/5 1408/752/5 1406/752/5
f 1412/753/5 1411/753/5 1406/753/5 1404/753/5
f 1409/754/5 1412/754/5 1404/754/5 1402/754/5
f 1414/755/6 1413/755/6 1409/755/6 1410/755/6
f 1415/756/3 1414/756/3 1410/756/3 1411/756/3
f 1416/757/2 1415/757/2 1411/757/2 1412/757/2
f 1413/758/1 1416/758/1 1412/758/1 1409/758/1
f 1417/759/1 1418/759/1 1420/759/1 1419/759/1
f 1419/760/2 1420/760/2 1422/760/2 1421/760/2
f 1421/761/3 1422/761/3 1424/761/3 1423/761/3
f 1418/762/5 1424/762/5 1422/762/5 1420/762/5
f 1427/763/1 1428/763/1 1430/763/1 1429/763/1
f 1429/764/2 1430/764/2 1432/764/2 1431/764/2
f 1431/765/3 1432/765/3 1426/765/3 1425/765/3
f 1426/766/5 1432/766/5 1430/766/5 1428/766/5
f 1433/767/1 1434/767/1 1436/767/1 1435/767/1
f 1437/768/3 1438/768/3 1440/768/3 1439/768/3
f 1439/769/2 1440/769/2 1434/769/2 1433/769/2
f 1434/770/4 1440/770/4 1438/770/4 1436/770/4
f 1441/771/1 1442/771/1 1444/771/1 1443/771/1
f 1445/772/3 1446/772/3 1448/772/3 1447/772/3
f 1447/773/2 1448/773/2 1442/773/2 1441/773/2
f 1442/774/4 1448/774/4 1446/774/4 1444/774/4
f 1449/775/1 1450/775/1 1452/775/1 1451/775/1
f 1453/776/3 1454/776/3 1456/776/3 1455/776/3
f 1455/777/2 1456/777/2 1450/777/2 1449/777/2
f 1450/778/4 1456/778/4 1454/778/4 1452/778/4
f 1457/779/1 1458/779/1 1460/779/1 1459/779/1
f 1461/780/3 1462/780/3 1464/780/3 1463/780/3
f 1463/781/2 1464/781/2 1458/781/2 1457/781/2
f 1458/782/4 1464/782/4 1462/782/4 1460/782/4
f 1465/783/1 1466/783/1 1468/783/1 1467/783/1
f 1467/784/2 1468/784/2 1470/784/2 1469/784/2
f 1469/785/3 1470/785/3 1472/785/3 1471/785/3
f 1471/786/4 1465/786/4 1467/786/4 1469/786/4
f 1477/787/5 1478/787/5 1479/787/5 1480/787/5
f 1474/788/5 1473/788/5 1466/788/5 1472/788/5
f 1475/789/5 1474/789/5 1472/789/5 1470/789/5
f 1476/790/5 1475/790/5 1470/790/5 1468/790/5
f 1473/791/5 1476/791/5 1468/791/5 1466/791/5
f 1478/792/6 1477/792/6 1473/792/6 1474/792/6
f 1479/793/3 1478/793/3 1474/793/3 1475/793/3
f 1480/794/2 1479/794/2 1475/794/2 1476/794/2
f 1477/795/1 1480/795/1 1476/795/1 1473/795/1
f 1481/796/1 1482/796/1 1484/796/1 1483/796/1
f 1483/797/2 1484/797/2 1486/797/2 1485/797/2
f 1485/798/3 1486/798/3 1488/798/3 1487/798/3
f 1482/799/5 1488/799/5 1486/799/5 1484/799/5
f 1491/800/1 1492/800/1 1494/800/1 1493/800/1
f 1493/801/2 1494/801/2 1496/801/2 1495/801/2
f 1495/802/3 1496/802/3 1490/802/3 1489/802/3
f 1490/803/5 1496/803/5 1494/803/5 1492/803/5
f 1497/804/1 1498/804/1 1500/804/1 1499/804/1
f 1501/805/3 1502/805/3 1504/805/3 1503/805/3
f 1503/806/2 1504/806/2 1498/806/2 1497/806/2
f 1498/807/4 1504/807/4 1502/807/4 1500/807/4
f 1505/808/1 1506/808/1 1508/808/1 1507/808/1
f 1509/809/3 1510/809/3 1512/809/3 1511/809/3
f 1511/810/2 1512/810/2 1506/810/2 1505/810/2
f 1506/811/4 1512/811/4 1510/811/4 1508/811/4
f 1513/812/1 1514/812/1 1516/812/1 1515/812/1
f 1517/813/3 1518/813/3 1520/813/3 1519/813/3
f 1519/814/2 1520/814/2 1514/814/2 1513/814/2
f 1514/815/4 1520/815/4 1518/815/4 1516/815/4
f 1521/816/1 1522/816/1 1524/816/1 1523/816/1
f 1525/817/3 1526/817/3 1528/817/3 1527/817/3
f 1527/818/2 1528/818/2 1522/818/2 1521/818/2
f 1522/819/4 1528/819/4 1526/819/4 1524/819/4
f 1529/820/1 1530/820/1 1532/820/1 1531/820/1
f 1531/821/2 1532/821/2 1534/821/2 1533/821/2
f 1533/822/3 1534/822/3 1536/822/3 1535/822/3
f 1535/823/4 1529/823/4 1531/823/4 1533/823/4
f 1541/824/5 1542/824/5 1543/824/5 1544/824/5
f 1538/825/5 1537/825/5 1530/825/5 1536/825/5
f 1539/826/5 1538/826/5 1536/826/5 1534/826/5
f 1540/827/5 1539/827/5 1534/827/5 1532/827/5
f 1537/828/5 1540/828/5 1532/828/5 1530/828/5
f 1542/829/6 1541/829/6 1537/829/6 1538/829/6
f 1543/830/3 1542/830/3 1538/830/3 1539/830/3
f 1544/831/2 1543/831/2 1539/831/2 1540/831/2
f 1541/832/1 1544/832/1 1540/832/1 1537/832/1
f 1545/833/1 1546/833/1 1548/833/1 1547/833/1
f 1547/834/2 1548/834/2 1550/834/2 1549/834/2
f 1549/835/3 1550/835/3 1552/835/3 1551/835/3
f 1546/836/5 1552/836/5 1550/836/5 1548/836/5
f 1555/837/1 1556/837/1 1558/837/1 1557/837/1
f 1557/838/2 1558/838/2 1560/838/2 1559/838/2
f 1559/839/3 1560/839/3 1554/839/3 1553/839/3
f 1554/840/5 1560/840/5 1558/840/5 1556/840/5
f 1561/841/1 1562/841/1 1564/841/1 1563/841/1
f 1565/842/3 1566/842/3 1568/842/3 1567/842/3
f 1567/843/2 1568/843/2 1562/843/2 1561/843/2
f 1562/844/4 1568/844/4 1566/844/4 1564/844/4
f 1569/845/1 1570/845/1 1572/845/1 1571/845/1
f 1573/846/3 1574/846/3 1576/846/3 1575/846/3
f 1575/847/2 1576/847/2 1570/847/2 1569/847/2
f 1570/848/4 1576/848/4 1574/848/4 1572/848/4
f 1577/849/1 1578/849/1 1580/849/1 1579/849/1
f 1581/850/3 1582/850/3 1584/850/3 1583/850/3
f 1583/851/2 1584/851/2 1578/851/2 1577/851/2
f 1578/852/4 1584/852/4 1582/852/4 1580/852/4
f 1585/853/1 1586/853/1 1588/853/1 1587/853/1
f 1589/854/3 1590/854/3 1592/854/3 1591/854/3
f 1591/855/2 1592/855/2 1586/855/2 1585/855/2
f 1586/856/4 1592/856/4 1590/856/4 1588/856/4
f 1593/857/1 1594/857/1 1596/857/1 1595/857/1
f 1595/858/2 1596/858/2 1598/858/2 1597/858/2
f 1597/859/3 1598/859/3 1600/859/3 1599/859/3
f 1599/860/4 1593/860/4 1595/860/4 1597/860/4
f 1605/861/5 1606/861/5 1607/861/5 1608/861/5
f 1602/862/5 1601/862/5 1594/862/5 1600/862/5
f 1603/863/5 1602/863/5 1600/863/5 1598/863/5
f 1604/864/5 1603/864/5 1598/864/5 1596/864/5
f 1601/865/5 1604/865/5 1596/865/5 1594/865/5
f 1606/866/6 1605/866/6 1601/866/6 1602/866/6
f 1607/867/3 1606/867/3 1602/867/3 1603/867/3
f 1608/868/2 1607/868/2 1603/868/2 1604/868/2
f 1605/869/1 1608/869/1 1604/869/1 1601/869/1
f 1609/870/1 1610/870/1 1612/870/1 1611/870/1
f 1611/871/2 1612/871/2 1614/871/2 1613/871/2
f 1613/872/3 1614/872/3 1616/872/3 1615/872/3
f 1610/873/5 1616/873/5 1614/873/5 1612/873/5
f 1619/874/1 1620/874/1 1622/874/1 1621/874/1
f 1621/875/2 1622/875/2 1624/875/2 1623/875/2
f 1623/876/3 1624/876/3 1618/876/3 1617/876/3
f 1618/877/5 1624/877/5 1622/877/5 1620/877/5
f 1625/878/1 1626/878/1 1628/878/1 1627/878/1
f 1629/879/3 1630/879/3 1632/879/3 1631/879/3
f 1631/880/2 1632/880/2 1626/880/2 1625/880/2
f 1626/881/4 1632/881/4 1630/881/4 1628/881/4
f 1633/882/1 1634/882/1 1636/882/1 1635/882/1
f 1637/883/3 1638/883/3 1640/883/3 1639/883/3
f 1639/884/2 1640/884/2 1634/884/2 1633/884/2
f 1634/885/4 1640/885/4 1638/885/4 1636/885/4
f 1641/886/1 1642/886/1 1644/886/1 1643/886/1
f 1645/887/3 1646/887/3 1648/887/3 1647/887/3
f 1647/888/2 1648/888/2 1642/888/2 1641/888/2
f 1642/889/4 1648/889/4 1646/889/4 1644/889/4
f 1649/890/1 1650/890/1 1652/890/1 1651/890/1
f 1653/891/3 1654/891/3 1656/891/3 1655/891/3
f 1655/892/2 1656/892/2 1650/892/2 1649/892/2
f 1650/893/4 1656/893/4 1654/893/4 1652/893/4
f 1657/894/1 1658/894/1 1660/894/1 1659/894/1
f 1659/895/2 1660/895/2 1662/895/2 1661/895/2
f 1661/896/3 1662/896/3 1664/896/3 1663/896/3
f 1663/897/4 1657/897/4 1659/897/4 1661/897/4
f 1669/898/5 1670/898/5 1671/898/5 1672/898/5
f 1666/899/5 1665/899/5 1658/899/5 1664/899/5
f 1667/900/5 1666/900/5 1664/900/5 1662/900/5
f 1668/901/5 1667/901/5 1662/901/5 1660/901/5
f 1665/902/5 1668/902/5 1660/902/5 1658/902/5
f 1670/903/6 1669/903/6 1665/903/6 1666/903/6
f 1671/904/3 1670/904/3 1666/904/3 1667/904/3
f 1672/905/2 1671/905/2 1667/905/2 1668/905/2
f 1669/906/1 1672/906/1 1668/906/1 1665/906/1
f 1673/907/1 1674/907/1 1676/907/1 1675/907/1
f 1675/908/2 1676/908/2 1678/908/2 1677/908/2
f 1677/909/3 1678/909/3 1680/909/3 1679/909/3
f 1674/910/5 1680/910/5 1678/910/5 1676/910/5
f 1683/911/1 1684/911/1 1686/911/1 1685/911/1
f 1685/912/2 1686/912/2 1688/912/2 1687/912/2
f 1687/913/3 1688/913/3 1682/913/3 1681/913/3
f 1682/914/5 1688/914/5 1686/914/5 1684/914/5
f 1689/915/1 1690/915/1 1692/915/1 1691/915/1
f 1693/916/3 1694/916/3 1696/916/3 1695/916/3
f 1695/917/2 1696/917/2 1690/917/2 1689/917/2
f 1690/918/4 1696/918/4 1694/918/4 1692/918/4
f 1697/919/1 1698/919/1 1700/919/1 1699/919/1
f 1701/920/3 1702/920/3 1704/920/3 1703/920/3
f 1703/921/2 1704/921/2 1698/921/2 1697/921/2
f 1698/922/4 1704/922/4 1702/922/4 1700/922/4
f 1705/923/1 1706/923/1 1708/923/1 1707/923/1
f 1709/924/3 1710/924/3 1712/924/3 1711/924/3
f 1711/925/2 1712/925/2 1706/925/2 1705/925/2
f 1706/926/4 1712/926/4 1710/926/4 1708/926/4
f 1713/927/1 1714/927/1 1716/927/1 1715/927/1
f 1717/928/3 1718/928/3 1720/928/3 1719/928/3
f 1719/929/2 1720/929/2 1714/929/2 1713/929/2
f 1714/930/4 1720/930/4 1718/930/4 1716/930/4
f 1721/931/1 1722/931/1 1724/931/1 1723/931/1
f 1723/932/2 1724/932/2 1726/932/2 1725/932/2
f 1725/933/3 1726/933/3 1728/933/3 1727/933/3
f 1727/934/4 1721/934/4 1723/934/4 1725/934/4
f 1733/935/5 1734/935/5 1735/935/5 1736/935/5
f 1730/936/5 1729/936/5 1722/936/5 1728/936/5
f 1731/937/5 1730/937/5 1728/937/5 1726/937/5
f 1732/938/5 1731/938/5 1726/938/5 1724/938/5
f 1729/939/5 1732/939/5 1724/939/5 1722/939/5
f 1734/940/6 1733/940/6 1729/940/6 1730/940/6
f 1735/941/3 1734/941/3 1730/941/3 1731/941/3
f 1736/942/2 1735/942/2 1731/942/2 1732/942/2
f 1733/943/1 1736/943/1 1732/943/1 1729/943/1
f 1737/944/1 1738/944/1 1740/944/1 1739/944/1
f 1739/945/2 1740/945/2 1742/945/2 1741/945/2
f 1741/946/3 1742/946/3 1744/946/3 1743/946/3
f 1738/947/5 1744/947/5 1742/947/5 1740/947/5
f 1747/948/1 1748/948/1 1750/948/1 1749/948/1
f 1749/949/2 1750/949/2 1752/949/2 1751/949/2
f 1751/950/3 1752/950/3 1746/950/3 1745/950/3
f 1746/951/5 1752/951/5 1750/951/5 1748/951/5
f 1753/952/1 1754/952/1 1756/952/1 1755/952/1
f 1757/953/3 1758/953/3 1760/953/3 1759/953/3
f 1759/954/2 1760/954/2 1754/954/2 1753/954/2
f 1754/955/4 1760/955/4 1758/955/4 1756/955/4
f 1761/956/1 1762/956/1 1764/956/1 1763/956/1
f 1765/957/3 1766/957/3 1768/957/3 1767/957/3
f 1767/958/2 1768/958/2 1762/958/2 1761/958/2
f 1762/959/4 1768/959/4 1766/959/4 1764/959/4
f 1769/960/1 1770/960/1 1772/960/1 1771/960/1
f 1773/961/3 1774/961/3 1776/961/3 1775/961/3
f 1775/962/2 1776/962/2 1770/962/2 1769/962/2
f 1770/963/4 1776/963/4 1774/963/4 1772/963/4
f 1777/964/1 1778/964/1 1780/964/1 1779/964/1
f 1781/965/3 1782/965/3 1784/965/3 1783/965/3
f 1783/966/2 1784/966/2 1778/966/2 1777/966/2
f 1778/967/4 1784/967/4 1782/967/4 1780/967/4
f 1785/968/1 1786/968/1 1788/968/1 1787/968/1
f 1787/969/2 1788/969/2 1790/969/2 1789/969/2
f 1789/970/3 1790/970/3 1792/970/3 1791/970/3
f 1791/971/4 1785/971/4 1787/971/4 1789/971/4
f 1797/972/5 1798/972/5 1799/972/5 1800/972/5
f 1794/973/5 1793/973/5 1786/973/5 1792/973/5
f 1795/974/5 1794/974/5 1792/974/5 1790/974/5
f 1796/975/5 1795/975/5 1790/975/5 1788/975/5
f 1793/976/5 1796/976/5 1788/976/5 1786/976/5
f 1798/977/6 1797/977/6 1793/977/6 1794/977/6
f 1799/978/3 1798/978/3 1794/978/3 1795/978/3
f 1800/979/2 1799/979/2 1795/979/2 1796/979/2
f 1797/980/1 1800/980/1 1796/980/1 1793/980/1
f 1801/981/1 1802/981/1 1804/981/1 1803/981/1
f 1803/982/2 1804/982/2 1806/982/2 1805/982/2
f 1805/983/3 1806/983/3 1808/983/3 1807/983/3
f 1802/984/5 1808/984/5 1806/984/5 1804/984/5
f 1811/985/1 1812/985/1 1814/985/1 1813/985/1
f 1813/986/2 1814/986/2 1816/986/2 1815/986/2
f 1815/987/3 1816/987/3 1810/987/3 1809/987/3
f 1810/988/5 1816/988/5 1814/988/5 1812/988/5
f 1817/989/1 1818/989/1 1820/989/1 1819/989/1
f 1821/990/3 1822/990/3 1824/990/3 1823/990/3
f 1823/991/2 1824/991/2 1818/991/2 1817/991/2
f 1818/992/4 1824/992/4 1822/992/4 1820/992/4
f 1825/993/1 1826/993/1 1828/993/1 1827/993/1
f 1829/994/3 1830/994/3 1832/994/3 1831/994/3
f 1831/995/2 1832/995/2 1826/995/2 1825/995/2
f 1826/996/4 1832/996/4 1830/996/4 1828/996/4
f 1833/997/1 1834/997/1 1836/997/1 1835/997/1
f 1837/998/3 1838/998/3 1840/998/3 1839/998/3
f 1839/999/2 1840/999/2 1834/999/2 1833/999/2
f 1834/1000/4 1840/1000/4 1838/1000/4 1836/1000/4
f 1841/1001/1 1842/1001/1 1844/1001/1 1843/1001/1
f 1845/1002/3 1846/1002/3 1848/1002/3 1847/1002/3
f 1847/1003/2 1848/1003/2 1842/1003/2 1841/1003/2
f 1842/1004/4 1848/1004/4 1846/1004/4 1844/1004/4
f 1849/1005/1 1850/1005/1 1852/1005/1 1851/1005/1
f 1851/1006/2 1852/1006/2 1854/1006/2 1853/1006/2
f 1853/1007/3 1854/1007/3 1856/1007/3 1855/1007/3
f 1855/1008/4 1849/1008/4 1851/1008/4 1853/1008/4
f 1861/1009/5 1862/1009/5 1863/1009/5 1864/1009/5
f 1858/1010/5 1857/1010/5 1850/1010/5 1856/1010/5
f 1859/1011/5 1858/1011/5 1856/1011/5 1854/1011/5
f 1860/1012/5 1859/1012/5 1854/1012/5 1852/1012/5
f 1857/1013/5 1860/1013/5 1852/1013/5 1850/1013/5
f 1862/1014/6 1861/1014/6 1857/1014/6 1858/1014/6
f 1863/1015/3 1862/1015/3 1858/1015/3 1859/1015/3
f 1864/1016/2 1863/1016/2 1859/1016/2 1860/1016/2
f 1861/1017/1 1864/1017/1 1860/1017/1 1857/1017/1
f 1865/1018/1 1866/1018/1 1868/1018/1 1867/1018/1
f 1867/1019/2 1868/1019/2 1870/1019/2 1869/1019/2
f 1869/1020/3 1870/1020/3 1872/1020/3 1871/1020/3
f 1866/1021/5 1872/1021/5 1870/1021/5 1868/1021/5
f 1875/1022/1 1876/1022/1 1878/1022/1 1877/1022/1
f 1877/1023/2 1878/1023/2 1880/1023/2 1879/1023/2
f 1879/1024/3 1880/1024/3 1874/1024/3 1873/1024/3
f 1874/1025/5 1880/1025/5 1878/1025/5 1876/1025/5
f 1881/1026/1 1882/1026/1 1884/1026/1 1883/1026/1
f 1885/1027/3 1886/1027/3 1888/1027/3 1887/1027/3
f 1887/1028/2 1888/1028/2 1882/1028/2 1881/1028/2
f 1882/1029/4 1888/1029/4 1886/1029/4 1884/1029/4
f 1889/1030/1 1890/1030/1 1892/1030/1 1891/1030/1
f 1893/1031/3 1894/1031/3 1896/1031/3 1895/1031/3
f 1895/1032/2 1896/1032/2 1890/1032/2 1889/1032/2
f 1890/1033/4 1896/1033/4 1894/1033/4 1892/1033/4
f 1897/1034/1 1898/1034/1 1900/1034/1 1899/1034/1
f 1901/1035/3 1902/1035/3 1904/1035/3 1903/1035/3
f 1903/1036/2 1904/1036/2 1898/1036/2 1897/1036/2
f 1898/1037/4 1904/1037/4 1902/1037/4 1900/1037/4
f 1905/1038/1 1906/1038/1 1908/1038/1 1907/1038/1
f 1909/1039/3 1910/1039/3 1912/1039/3 1911/1039/3
f 1911/1040/2 1912/1040/2 1906/1040/2 1905/1040/2
f 1906/1041/4 1912/1041/4 1910/1041/4 1908/1041/4
f 1913/1042/1 1914/1042/1 1916/1042/1 1915/1042/1
f 1915/1043/2 1916/1043/2 1918/1043/2 1917/1043/2
f 1917/1044/3 1918/1044/3 1920/1044/3 1919/1044/3
f 1919/1045/4 1913/1045/4 1915/1045/4 1917/1045/4
f 1925/1046/5 1926/1046/5 1927/1046/5 1928/1046/5
f 1922/1047/5 1921/1047/5 1914/1047/5 1920/1047/5
f 1923/1048/5 1922/1048/5 1920/1048/5 1918/1048/5
f 1924/1049/5 1923/1049/5 1918/1049/5 1916/1049/5
f 1921/1050/5 1924/1050/5 1916/1050/5 1914/1050/5
f 1926/1051/6 1925/1051/6 1921/1051/6 1922/1051/6
f 1927/1052/3 1926/1052/3 1922/1052/3 1923/1052/3
f 1928/1053/2 1927/1053/2 1923/1053/2 1924/1053/2
f 1925/1054/1 1928/1054/1 1924/1054/1 1921/1054/1
f 1929/1055/1 1930/1055/1 1932/1055/1 1931/1055/1
f 1931/1056/2 1932/1056/2 1934/1056/2 1933/1056/2
f 1933/1057/3 1934/1057/3 1936/1057/3 1935/1057/3
f 1930/1058/5 1936/1058/5 1934/1058/5 1932/1058/5
f 1939/1059/1 1940/1059/1 1942/1059/1 1941/1059/1
f 1941/1060/2 1942/1060/2 1944/1060/2 1943/1060/2
f 1943/1061/3 1944/1061/3 1938/1061/3 1937/1061/3
f 1938/1062/5 1944/1062/5 1942/1062/5 1940/1062/5
f 1945/1063/1 1946/1063/1 1948/1063/1 1947/1063/1
f 1949/1064/3 1950/1064/3 1952/1064/3 1951/1064/3
f 1951/1065/2 1952/1065/2 1946/1065/2 1945/1065/2
f 1946/1066/4 1952/1066/4 1950/1066/4 1948/1066/4
f 1953/1067/1 1954/1067/1 1956/1067/1 1955/1067/1
f 1957/1068/3 1958/1068/3 1960/1068/3 1959/1068/3
f 1959/1069/2 1960/1069/2 1954/1069/2 1953/1069/2
f 1954/1070/4 1960/1070/4 1958/1070/4 1956/1070/4
f 1961/1071/1 1962/1071/1 1964/1071/1 1963/1071/1
f 1965/1072/3 1966/1072/3 1968/1072/3 1967/1072/3
f 1967/1073/2 1968/1073/2 1962/1073/2 1961/1073/2
f 1962/1074/4 1968/1074/4 1966/1074/4 1964/1074/4
f 1969/1075/1 1970/1075/1 1972/1075/1 1971/1075/1
f 1973/1076/3 1974/1076/3 1976/1076/3 1975/1076/3
f 1975/1077/2 1976/1077/2 1970/1077/2 1969/1077/2
f 1970/1078/4 1976/1078/4 1974/1078/4 1972/1078/4
f 1977/1079/1 1978/1079/1 1980/1079/1 1979/1079/1
f 1979/1080/2 1980/1080/2 1982/1080/2 1981/1080/2
f 1981/1081/3 1982/1081/3 1984/1081/3 1983/1081/3
f 1983/1082/4 1977/1082/4 1979/1082/4 1981/1082/4
f 1989/1083/5 1990/1083/5 1991/1083/5 1992/1083/5
f 1986/1084/5 1985/1084/5 1978/1084/5 1984/1084/5
f 1987/1085/5 1986/1085/5 1984/1085/5 1982/1085/5
f 1988/1086/5 1987/1086/5 1982/1086/5 1980/1086/5
f 1985/1087/5 1988/1087/5 1980/1087/5 1978/1087/5
f 1990/1088/6 1989/1088/6 1985/1088/6 1986/1088/6
f 1991/1089/3 1990/1089/3 1986/1089/3 1987/1089/3
f 1992/1090/2 1991/1090/2 1987/1090/2 1988/1090/2
f 1989/1091/1 1992/1091/1 1988/1091/1 1985/1091/1
f 1993/1092/1 1994/1092/1 1996/1092/1 1995/1092/1
f 1995/1093/2 1996/1093/2 1998/1093/2 1997/1093/2
f 1997/1094/3 1998/1094/3 2000/1094/3 1999/1094/3
f 1994/1095/5 2000/1095/5 1998/1095/5 1996/1095/5
f 2003/1096/1 2004/1096/1 2006/1096/1 2005/1096/1
f 2005/1097/2 2006/1097/2 2008/1097/2 2007/1097/2
f 2007/1098/3 2008/1098/3 2002/1098/3 2001/1098/3
f 2002/1099/5 2008/1099/5 2006/1099/5 2004/1099/5
f 2009/1100/1 2010/1100/1 2012/1100/1 2011/1100/1
f 2013/1101/3 2014/1101/3 2016/1101/3 2015/1101/3
f 2015/1102/2 2016/1102/2 2010/1102/2 2009/1102/2
f 2010/1103/4 2016/1103/4 2014/1103/4 2012/1103/4
f 2017/1104/1 2018/1104/1 2020/1104/1 2019/1104/1
f 2021/1105/3 2022/1105/3 2024/1105/3 2023/1105/3
f 2023/1106/2 2024/1106/2 2018/1106/2 2017/1106/2
f 2018/1107/4 2024/1107/4 2022/1107/4 2020/1107/4
f 2025/1108/1 2026/1108/1 2028/1108/1 2027/1108/1
f 2029/1109/3 2030/1109/3 2032/1109/3 2031/1109/3
f 2031/1110/2 2032/1110/2 2026/1110/2 2025/1110/2
f 2026/1111/4 2032/1111/4 2030/1111/4 2028/1111/4
f 2033/1112/1 2034/1112/1 2036/1112/1 2035/1112/1
f 2037/1113/3 2038/1113/3 2040/1113/3 2039/1113/3
f 2039/1114/2 2040/1114/2 2034/1114/2 2033/1114/2
f 2034/1115/4 2040/1115/4 2038/1115/4 2036/1115/4
f 2041/1116/1 2042/1116/1 2044/1116/1 2043/1116/1
f 2043/1117/2 2044/1117/2 2046/1117/2 2045/1117/2
f 2045/1118/3 2046/1118/3 2048/1118/3 2047/1118/3
f 2047/1119/4 2041/1119/4 2043/1119/4 2045/1119/4
f 2053/1120/5 2054/1120/5 2055/1120/5 2056/1120/5
f 2050/1121/5 2049/1121/5 2042/1121/5 2048/1121/5
f 2051/1122/5 2050/1122/5 2048/1122/5 2046/1122/5
f 2052/1123/5 2051/1123/5 2046/1123/5 2044/1123/5
f 2049/1124/5 2052/1124/5 2044/1124/5 2042/1124/5
f 2054/1125/6 2053/1125/6 2049/1125/6 2050/1125/6
f 2055/1126/3 2054/1126/3 2050/1126/3 2051/1126/3
f 2056/1127/2 2055/1127/2 2051/1127/2 2052/1127/2
f 2053/1128/1 2056/1128/1 2052/1128/1 2049/1128/1
f 2057/1129/1 2058/1129/1 2060/1129/1 2059/1129/1
f 2059/1130/2 2060/1130/2 2062/1130/2 2061/1130/2
f 2061/1131/3 2062/1131/3 2064/1131/3 2063/1131/3
f 2058/1132/5 2064/1132/5 2062/1132/5 2060/1132/5
f 2067/1133/1 2068/1133/1 2070/1133/1 2069/1133/1
f 2069/1134/2 2070/1134/2 2072/1134/2 2071/1134/2
f 2071/1135/3 2072/1135/3 2066/1135/3 2065/1135/3
f 2066/1136/5 2072/1136/5 2070/1136/5 2068/1136/5
f 2073/1137/1 2074/1137/1 2076/1137/1 2075/1137/1
f 2077/1138/3 2078/1138/3 2080/1138/3 2079/1138/3
f 2079/1139/2 2080/1139/2 2074/1139/2 2073/1139/2
f 2074/1140/4 2080/1140/4 2078/1140/4 2076/1140/4
f 2081/1141/1 2082/1141/1 2084/1141/1 2083/1141/1
f 2085/1142/3 2086/1142/3 2088/1142/3 2087/1142/3
f 2087/1143/2 2088/1143/2 2082/1143/2 2081/1143/2
f 2082/1144/4 2088/1144/4 2086/1144/4 2084/1144/4
f 2089/1145/1 2090/1145/1 2092/1145/1 2091/1145/1
f 2093/1146/3 2094/1146/3 2096/1146/3 2095/1146/3
f 2095/1147/2 2096/1147/2 2090/1147/2 2089/1147/2
f 2090/1148/4 2096/1148/4 2094/1148/4 2092/1148/4
f 2097/1149/1 2098/1149/1 2100/1149/1 2099/1149/1
f 2101/1150/3 2102/1150/3 2104/1150/3 2103/1150/3
f 2103/1151/2 2104/1151/2 2098/1151/2 2097/1151/2
f 2098/1152/4 2104/1152/4 2102/1152/4 2100/1152/4
f 2105/1153/1 2106/1153/1 2108/1153/1 2107/1153/1
f 2107/1154/2 2108/1154/2 2110/1154/2 2109/1154/2
f 2109/1155/3 2110/1155/3 2112/1155/3 2111/1155/3
f 2111/1156/4 2105/1156/4 2107/1156/4 2109/1156/4
f 2117/1157/5 2118/1157/5 2119/1157/5 2120/1157/5
f 2114/1158/5 2113/1158/5 2106/1158/5 2112/1158/5
f 2115/1159/5 2114/1159/5 2112/1159/5 2110/1159/5
f 2116/1160/5 2115/1160/5 2110/1160/5 2108/1160/5
f 2113/1161/5 2116/1161/5 2108/1161/5 2106/1161/5
f 2118/1162/6 2117/1162/6 2113/1162/6 2114/1162/6
f 2119/1163/3 2118/1163/3 2114/1163/3 2115/1163/3
f 2120/1164/2 2119/1164/2 2115/1164/2 2116/1164/2
f 2117/1165/1 2120/1165/1 2116/1165/1 2113/1165/1
f 2121/1166/1 2122/1166/1 2124/1166/1 2123/1166/1
f 2123/1167/2 2124/1167/2 2126/1167/2 2125/1167/2
f 2125/1168/3 2126/1168/3 2128/1168/3 2127/1168/3
f 2122/1169/5 2128/1169/5 2126/1169/5 2124/1169/5
f 2131/1170/1 2132/1170/1 2134/1170/1 2133/1170/1
f 2133/1171/2 2134/1171/2 2136/1171/2 2135/1171/2
f 2135/1172/3 2136/1172/3 2130/1172/3 2129/1172/3
f 2130/1173/5 2136/1173/5 2134/1173/5 2132/1173/5
f 2137/1174/1 2138/1174/1 2140/1174/1 2139/1174/1
f 2141/1175/3 2142/1175/3 2144/1175/3 2143/1175/3
f 2143/1176/2 2144/1176/2 2138/1176/2 2137/1176/2
f 2138/1177/4 2144/1177/4 2142/1177/4 2140/1177/4
f 2145/1178/1 2146/1178/1 2148/1178/1 2147/1178/1
f 2149/1179/3 2150/1179/3 2152/1179/3 2151/1179/3
f 2151/1180/2 2152/1180/2 2146/1180/2 2145/1180/2
f 2146/1181/4 2152/1181/4 2150/1181/4 2148/1181/4
f 2153/1182/1 2154/1182/1 2156/1182/1 2155/1182/1
f 2157/1183/3 2158/1183/3 2160/1183/3 2159/1183/3
f 2159/1184/2 2160/1184/2 2154/1184/2 2153/1184/2
f 2154/1185/4 2160/1185/4 2158/1185/4 2156/1185/4
f 2161/1186/1 2162/1186/1 2164/1186/1 2163/1186/1
f 2165/1187/3 2166/1187/3 2168/1187/3 2167/1187/3
f 2167/1188/2 2168/1188/2 2162/1188/2 2161/1188/2
f 2162/1189/4 2168/1189/4 2166/1189/4 2164/1189/4
f 2169/1190/1 2170/1190/1 2172/1190/1 2171/1190/1
f 2171/1191/2 2172/1191/2 2174/1191/2 2173/1191/2
f 2173/1192/3 2174/1192/3 2176/1192/3 2175/1192/3
f 2175/1193/4 2169/1193/4 2171/1193/4 2173/1193/4
f 2181/1194/5 2182/1194/5 2183/1194/5 2184/1194/5
f 2178/1195/5 2177/1195/5 2170/1195/5 2176/1195/5
f 2179/1196/5 2178/1196/5 2176/1196/5 2174/1196/5
f 2180/1197/5 2179/1197/5 2174/1197/5 2172/1197/5
f 2177/1198/5 2180/1198/5 2172/1198/5 2170/1198/5
f 2182/1199/6 2181/1199/6 2177/1199/6 2178/1199/6
f 2183/1200/3 2182/1200/3 2178/1200/3 2179/1200/3
f 2184/1201/2 2183/1201/2 2179/1201/2 2180/1201/2
f 2181/1202/1 2184/1202/1 2180/1202/1 2177/1202/1
f 2185/1203/1 2186/1203/1 2188/1203/1 2187/1203/1
f 2187/1204/2 2188/1204/2 2190/1204/2 2189/1204/2
f 2189/1205/3 2190/1205/3 2192/1205/3 2191/1205/3
f 2186/1206/5 2192/1206/5 2190/1206/5 2188/1206/5
f 2195/1207/1 2196/1207/1 2198/1207/1 2197/1207/1
f 2197/1208/2 2198/1208/2 2200/1208/2 2199/1208/2
f 2199/1209/3 2200/1209/3 2194/1209/3 2193/1209/3
f 2194/1210/5 2200/1210/5 2198/1210/5 2196/1210/5
f 2201/1211/1 2202/1211/1 2204/1211/1 2203/1211/1
f 2205/1212/3 2206/1212/3 2208/1212/3 2207/1212/3
f 2207/1213/2 2208/1213/2 2202/1213/2 2201/1213/2
f 2202/1214/4 2208/1214/4 2206/1214/4 2204/1214/4
f 2209/1215/1 2210/1215/1 2212/1215/1 2211/1215/1
f 2213/1216/3 2214/1216/3 2216/1216/3 2215/1216/3
f 2215/1217/2 2216/1217/2 2210/1217/2 2209/1217/2
f 2210/1218/4 2216/1218/4 2214/1218/4 2212/1218/4
f 2217/1219/1 2218/1219/1 2220/1219/1 2219/1219/1
f 2221/1220/3 2222/1220/3 2224/1220/3 2223/1220/3
f 2223/1221/2 2224/1221/2 2218/1221/2 2217/1221/2
f 2218/1222/4 2224/1222/4 2222/1222/4 2220/1222/4
f 2225/1223/1 2226/1223/1 2228/1223/1 2227/1223/1
f 2229/1224/3 2230/1224/3 2232/1224/3 2231/1224/3
f 2231/1225/2 2232/1225/2 2226/1225/2 2225/1225/2
f 2226/1226/4 2232/1226/4 2230/1226/4 2228/1226/4
f 2233/1227/3 2234/1227/3 2236/1227/3 2235/1227/3
f 2235/1228/2 2236/1228/2 2238/1228/2 2237/1228/2
f 2237/1229/1 2238/1229/1 2240/1229/1 2239/1229/1
f 2239/1230/5 2233/1230/5 2235/1230/5 2237/1230/5
f 2245/1231/4 2246/1231/4 2247/1231/4 2248/1231/4
f 2242/1232/4 2241/1232/4 2234/1232/4 2240/1232/4
f 2243/1233/4 2242/1233/4 2240/1233/4 2238/1233/4
f 2244/1234/4 2243/1234/4 2238/1234/4 2236/1234/4
f 2241/1235/4 2244/1235/4 2236/1235/4 2234/1235/4
f 2246/1236/6 2245/1236/6 2241/1236/6 2242/1236/6
f 2247/1237/1 2246/1237/1 2242/1237/1 2243/1237/1
f 2248/1238/2 2247/1238/2 2243/1238/2 2244/1238/2
f 2245/1239/3 2248/1239/3 2244/1239/3 2241/1239/3
f 2249/1240/3 2250/1240/3 2252/1240/3 2251/1240/3
f 2251/1241/2 2252/1241/2 2254/1241/2 2253/1241/2
f 2253/1242/1 2254/1242/1 2256/1242/1 2255/1242/1
f 2250/1243/4 2256/1243/4 2254/1243/4 2252/1243/4
f 2259/1244/3 2260/1244/3 2262/1244/3 2261/1244/3
f 2261/1245/2 2262/1245/2 2264/1245/2 2263/1245/2
f 2263/1246/1 2264/1246/1 2258/1246/1 2257/1246/1
f 2258/1247/4 2264/1247/4 2262/1247/4 2260/1247/4
f 2265/1248/3 2266/1248/3 2268/1248/3 2267/1248/3
f 2269/1249/1 2270/1249/1 2272/1249/1 2271/1249/1
f 2271/1250/2 2272/1250/2 2266/1250/2 2265/1250/2
f 2266/1251/5 2272/1251/5 2270/1251/5 2268/1251/5
f 2273/1252/3 2274/1252/3 2276/1252/3 2275/1252/3
f 2277/1253/1 2278/1253/1 2280/1253/1 2279/1253/1
f 2279/1254/2 2280/1254/2 2274/1254/2 2273/1254/2
f 2274/1255/5 2280/1255/5 2278/1255/5 2276/1255/5
f 2281/1256/3 2282/1256/3 2284/1256/3 2283/1256/3
f 2285/1257/1 2286/1257/1 2288/1257/1 2287/1257/1
f 2287/1258/2 2288/1258/2 2282/1258/2 2281/1258/2
f 2282/1259/5 2288/1259/5 2286/1259/5 2284/1259/5
f 2289/1260/3 2290/1260/3 2292/1260/3 2291/1260/3
f 2293/1261/1 2294/1261/1 2296/1261/1 2295/1261/1
f 2295/1262/2 2296/1262/2 2290/1262/2 2289/1262/2
f 2290/1263/5 2296/1263/5 2294/1263/5 2292/1263/5
f 2297/1264/3 2298/1264/3 2300/1264/3 2299/1264/3
f 2299/1265/2 2300/1265/2 2302/1265/2 2301/1265/2
f 2301/1266/1 2302/1266/1 2304/1266/1 2303/1266/1
f 2303/1267/5 2297/1267/5 2299/1267/5 2301/1267/5
f 2309/1268/4 2310/1268/4 2311/1268/4 2312/1268/4
f 2306/1269/4 2305/1269/4 2298/1269/4 2304/1269/4
f 2307/1270/4 2306/1270/4 2304/1270/4 2302/1270/4
f 2308/1271/4 2307/1271/4 2302/1271/4 2300/1271/4
f 2305/1272/4 2308/1272/4 2300/1272/4 2298/1272/4
f 2310/1273/6 2309/1273/6 2305/1273/6 2306/1273/6
f 2311/1274/1 2310/1274/1 2306/1274/1 2307/1274/1
f 2312/1275/2 2311/1275/2 2307/1275/2 2308/1275/2
f 2309/1276/3 2312/1276/3 2308/1276/3 2305/1276/3
f 2313/1277/3 2314/1277/3 2316/1277/3 2315/1277/3
f 2315/1278/2 2316/1278/2 2318/1278/2 2317/1278/2
f 2317/1279/1 2318/1279/1 2320/1279/1 2319/1279/1
f 2314/1280/4 2320/1280/4 2318/1280/4 2316/1280/4
f 2323/1281/3 2324/1281/3 2326/1281/3 2325/1281/3
f 2325/1282/2 2326/1282/2 2328/1282/2 2327/1282/2
f 2327/1283/1 2328/1283/1 2322/1283/1 2321/1283/1
f 2322/1284/4 2328/1284/4 2326/1284/4 2324/1284/4
f 2329/1285/3 2330/1285/3 2332/1285/3 2331/1285/3
f 2333/1286/1 2334/1286/1 2336/1286/1 2335/1286/1
f 2335/1287/2 2336/1287/2 2330/1287/2 2329/1287/2
f 2330/1288/5 2336/1288/5 2334/1288/5 2332/1288/5
f 2337/1289/3 2338/1289/3 2340/1289/3 2339/1289/3
f 2341/1290/1 2342/1290/1 2344/1290/1 2343/1290/1
f 2343/1291/2 2344/1291/2 2338/1291/2 2337/1291/2
f 2338/1292/5 2344/1292/5 2342/1292/5 2340/1292/5
f 2345/1293/3 2346/1293/3 2348/1293/3 2347/1293/3
f 2349/1294/1 2350/1294/1 2352/1294/1 2351/1294/1
f 2351/1295/2 2352/1295/2 2346/1295/2 2345/1295/2
f 2346/1296/5 2352/1296/5 2350/1296/5 2348/1296/5
f 2353/1297/3 2354/1297/3 2356/1297/3 2355/1297/3
f 2357/1298/1 2358/1298/1 2360/1298/1 2359/1298/1
f 2359/1299/2 2360/1299/2 2354/1299/2 2353/1299/2
f 2354/1300/5 2360/1300/5 2358/1300/5 2356/1300/5
f 2361/1301/3 2362/1301/3 2364/1301/3 2363/1301/3
f 2363/1302/2 2364/1302/2 2366/1302/2 2365/1302/2
f 2365/1303/1 2366/1303/1 2368/1303/1 2367/1303/1
f 2367/1304/5 2361/1304/5 2363/1304/5 2365/1304/5
f 2373/1305/4 2374/1305/4 2375/1305/4 2376/1305/4
f 2370/1306/4 2369/1306/4 2362/1306/4 2368/1306/4
f 2371/1307/4 2370/1307/4 2368/1307/4 2366/1307/4
f 2372/1308/4 2371/1308/4 2366/1308/4 2364/1308/4
f 2369/1309/4 2372/1309/4 2364/1309/4 2362/1309/4
f 2374/1310/6 2373/1310/6 2369/1310/6 2370/1310/6
f 2375/1311/1 2374/1311/1 2370/1311/1 2371/1311/1
f 2376/1312/2 2375/1312/2 2371/1312/2 2372/1312/2
f 2373/1313/3 2376/1313/3 2372/1313/3 2369/1313/3
f 2377/1314/3 2378/1314/3 2380/1314/3 2379/1314/3
f 2379/1315/2 2380/1315/2 2382/1315/2 2381/1315/2
f 2381/1316/1 2382/1316/1 2384/1316/1 2383/1316/1
f 2378/1317/4 2384/1317/4 2382/1317/4 2380/1317/4
f 2387/1318/3 2388/1318/3 2390/1318/3 2389/1318/3
f 2389/1319/2 2390/1319/2 2392/1319/2 2391/1319/2
f 2391/1320/1 2392/1320/1 2386/1320/1 2385/1320/1
f 2386/1321/4 2392/1321/4 2390/1321/4 2388/1321/4
f 2393/1322/3 2394/1322/3 2396/1322/3 2395/1322/3
f 2397/1323/1 2398/1323/1 2400/1323/1 2399/1323/1
f 2399/1324/2 2400/1324/2 2394/1324/2 2393/1324/2
f 2394/1325/5 2400/1325/5 2398/1325/5 2396/1325/5
f 2401/1326/3 2402/1326/3 2404/1326/3 2403/1326/3
f 2405/1327/1 2406/1327/1 2408/1327/1 2407/1327/1
f 2407/1328/2 2408/1328/2 2402/1328/2 2401/1328/2
f 2402/1329/5 2408/1329/5 2406/1329/5 2404/1329/5
f 2409/1330/3 2410/1330/3 2412/1330/3 2411/1330/3
f 2413/1331/1 2414/1331/1 2416/1331/1 2415/1331/1
f 2415/1332/2 2416/1332/2 2410/1332/2 2409/1332/2
f 2410/1333/5 2416/1333/5 2414/1333/5 2412/1333/5
f 2417/1334/3 2418/1334/3 2420/1334/3 2419/1334/3
f 2421/1335/1 2422/1335/1 2424/1335/1 2423/1335/1
f 2423/1336/2 2424/1336/2 2418/1336/2 2417/1336/2
f 2418/1337/5 2424/1337/5 2422/1337/5 2420/1337/5
f 2425/1338/3 2426/1338/3 2428/1338/3 2427/1338/3
f 2427/1339/2 2428/1339/2 2430/1339/2 2429/1339/2
f 2429/1340/1 2430/1340/1 2432/1340/1 2431/1340/1
f 2431/1341/5 2425/1341/5 2427/1341/5 2429/1341/5
f 2437/1342/4 2438/1342/4 2439/1342/4 2440/1342/4
f 2434/1343/4 2433/1343/4 2426/1343/4 2432/1343/4
f 2435/1344/4 2434/1344/4 2432/1344/4 2430/1344/4
f 2436/1345/4 2435/1345/4 2430/1345/4 2428/1345/4
f 2433/1346/4 2436/1346/4 2428/1346/4 2426/1346/4
f 2438/1347/6 2437/1347/6 2433/1347/6 2434/1347/6
f 2439/1348/1 2438/1348/1 2434/1348/1 2435/1348/1
f 2440/1349/2 2439/1349/2 2435/1349/2 2436/1349/2
f 2437/1350/3 2440/1350/3 2436/1350/3 2433/1350/3
f 2441/1351/3 2442/1351/3 2444/1351/3 2443/1351/3
f 2443/1352/2 2444/1352/2 2446/1352/2 2445/1352/2
f 2445/1353/1 2446/1353/1 2448/1353/1 2447/1353/1
f 2442/1354/4 2448/1354/4 2446/1354/4 2444/1354/4
f 2451/1355/3 2452/1355/3 2454/1355/3 2453/1355/3
f 2453/1356/2 2454/1356/2 2456/1356/2 2455/1356/2
f 2455/1357/1 2456/1357/1 2450/1357/1 2449/1357/1
f 2450/1358/4 2456/1358/4 2454/1358/4 2452/1358/4
f 2457/1359/3 2458/1359/3 2460/1359/3 2459/1359/3
f 2461/1360/1 2462/1360/1 2464/1360/1 2463/1360/1
f 2463/1361/2 2464/1361/2 2458/1361/2 2457/1361/2
f 2458/1362/5 2464/1362/5 2462/1362/5 2460/1362/5
f 2465/1363/3 2466/1363/3 2468/1363/3 2467/1363/3
f 2469/1364/1 2470/1364/1 2472/1364/1 2471/1364/1
f 2471/1365/2 2472/1365/2 2466/1365/2 2465/1365/2
f 2466/1366/5 2472/1366/5 2470/1366/5 2468/1366/5
f 2473/1367/3 2474/1367/3 2476/1367/3 2475/1367/3
f 2477/1368/1 2478/1368/1 2480/1368/1 2479/1368/1
f 2479/1369/2 2480/1369/2 2474/1369/2 2473/1369/2
f 2474/1370/5 2480/1370/5 2478/1370/5 2476/1370/5
f 2481/1371/3 2482/1371/3 2484/1371/3 2483/1371/3
f 2485/1372/1 2486/1372/1 2488/1372/1 2487/1372/1
f 2487/1373/2 2488/1373/2 2482/1373/2 2481/1373/2
f 2482/1374/5 2488/1374/5 2486/1374/5 2484/1374/5
f 2489/1375/3 2490/1375/3 2492/1375/3 2491/1375/3
f 2491/1376/2 2492/1376/2 2494/1376/2 2493/1376/2
f 2493/1377/1 2494/1377/1 2496/1377/1 2495/1377/1
f 2495/1378/5 2489/1378/5 2491/1378/5 2493/1378/5
f 2501/1379/4 2502/1379/4 2503/1379/4 2504/1379/4
f 2498/1380/4 2497/1380/4 2490/1380/4 2496/1380/4
f 2499/1381/4 2498/1381/4 2496/1381/4 2494/1381/4
f 2500/1382/4 2499/1382/4 2494/1382/4 2492/1382/4
f 2497/1383/4 2500/1383/4 2492/1383/4 2490/1383/4
f 2502/1384/6 2501/1384/6 2497/1384/6 2498/1384/6
f 2503/1385/1 2502/1385/1 2498/1385/1 2499/1385/1
f 2504/1386/2 2503/1386/2 2499/1386/2 2500/1386/2
f 2501/1387/3 2504/1387/3 2500/1387/3 2497/1387/3
f 2505/1388/3 2506/1388/3 2508/1388/3 2507/1388/3
f 2507/1389/2 2508/1389/2 2510/1389/2 2509/1389/2
f 2509/1390/1 2510/1390/1 2512/1390/1 2511/1390/1
f 2506/1391/4 2512/1391/4 2510/1391/4 2508/1391/4
f 2515/1392/3 2516/1392/3 2518/1392/3 2517/1392/3
f 2517/1393/2 2518/1393/2 2520/1393/2 2519/1393/2
f 2519/1394/1 2520/1394/1 2514/1394/1 2513/1394/1
f 2514/1395/4 2520/1395/4 2518/1395/4 2516/1395/4
f 2521/1396/3 2522/1396/3 2524/1396/3 2523/1396/3
f 2525/1397/1 2526/1397/1 2528/1397/1 2527/1397/1
f 2527/1398/2 2528/1398/2 2522/1398/2 2521/1398/2
f 2522/1399/5 2528/1399/5 2526/1399/5 2524/1399/5
f 2529/1400/3 2530/1400/3 2532/1400/3 2531/1400/3
f 2533/1401/1 2534/1401/1 2536/1401/1 2535/1401/1
f 2535/1402/2 2536/1402/2 2530/1402/2 2529/1402/2
f 2530/1403/5 2536/1403/5 2534/1403/5 2532/1403/5
f 2537/1404/3 2538/1404/3 2540/1404/3 2539/1404/3
f 2541/1405/1 2542/1405/1 2544/1405/1 2543/1405/1
f 2543/1406/2 2544/1406/2 2538/1406/2 2537/1406/2
f 2538/1407/5 2544/1407/5 2542/1407/5 2540/1407/5
f 2545/1408/3 2546/1408/3 2548/1408/3 2547/1408/3
f 2549/1409/1 2550/1409/1 2552/1409/1 2551/1409/1
f 2551/1410/2 2552/1410/2 2546/1410/2 2545/1410/2
f 2546/1411/5 2552/1411/5 2550/1411/5 2548/1411/5
f 2553/1412/3 2554/1412/3 2556/1412/3 2555/1412/3
f 2555/1413/2 2556/1413/2 2558/1413/2 2557/1413/2
f 2557/1414/1 2558/1414/1 2560/1414/1 2559/1414/1
f 2559/1415/5 2553/1415/5 2555/1415/5 2557/1415/5
f 2565/1416/4 2566/1416/4 2567/1416/4 2568/1416/4
f 2562/1417/4 2561/1417/4 2554/1417/4 2560/1417/4
f 2563/1418/4 2562/1418/4 2560/1418/4 2558/1418/4
f 2564/1419/4 2563/1419/4 2558/1419/4 2556/1419/4
f 2561/1420/4 2564/1420/4 2556/1420/4 2554/1420/4
f 2566/1421/6 2565/1421/6 2561/1421/6 2562/1421/6
f 2567/1422/1 2566/1422/1 2562/1422/1 2563/1422/1
f 2568/1423/2 2567/1423/2 2563/1423/2 2564/1423/2
f 2565/1424/3 2568/1424/3 2564/1424/3 2561/1424/3
f 2569/1425/3 2570/1425/3 2572/1425/3 2571/1425/3
f 2571/1426/2 2572/1426/2 2574/1426/2 2573/1426/2
f 2573/1427/1 2574/1427/1 2576/1427/1 2575/1427/1
f 2570/1428/4 2576/1428/4 2574/1428/4 2572/1428/4
f 2579/1429/3 2580/1429/3 2582/1429/3 2581/1429/3
f 2581/1430/2 2582/1430/2 2584/1430/2 2583/1430/2
f 2583/1431/1 2584/1431/1 2578/1431/1 2577/1431/1
f 2578/1432/4 2584/1432/4 2582/1432/4 2580/1432/4
f 2585/1433/3 2586/1433/3 2588/1433/3 2587/1433/3
f 2589/1434/1 2590/1434/1 2592/1434/1 2591/1434/1
f 2591/1435/2 2592/1435/2 2586/1435/2 2585/1435/2
f 2586/1436/5 2592/1436/5 2590/1436/5 2588/1436/5
f 2593/1437/3 2594/1437/3 2596/1437/3 2595/1437/3
f 2597/1438/1 2598/1438/1 2600/1438/1 2599/1438/1
f 2599/1439/2 2600/1439/2 2594/1439/2 2593/1439/2
f 2594/1440/5 2600/1440/5 2598/1440/5 2596/1440/5
f 2601/1441/3 2602/1441/3 2604/1441/3 2603/1441/3
f 2605/1442/1 2606/1442/1 2608/1442/1 2607/1442/1
f 2607/1443/2 2608/1443/2 2602/1443/2 2601/1443/2
f 2602/1444/5 2608/1444/5 2606/1444/5 2604/1444/5
f 2609/1445/3 2610/1445/3 2612/1445/3 2611/1445/3
f 2613/1446/1 2614/1446/1 2616/1446/1 2615/1446/1
f 2615/1447/2 2616/1447/2 2610/1447/2 2609/1447/2
f 2610/1448/5 2616/1448/5 2614/1448/5 2612/1448/5
f 2617/1449/3 2618/1449/3 2620/1449/3 2619/1449/3
f 2619/1450/2 2620/1450/2 2622/1450/2 2621/1450/2
f 2621/1451/1 2622/1451/1 2624/1451/1 2623/1451/1
f 2623/1452/5 2617/1452/5 2619/1452/5 2621/1452/5
f 2629/1453/4 2630/1453/4 2631/1453/4 2632/1453/4
f 2626/1454/4 2625/1454/4 2618/1454/4 2624/1454/4
f 2627/1455/4 2626/1455/4 2624/1455/4 2622/1455/4
f 2628/1456/4 2627/1456/4 2622/1456/4 2620/1456/4
f 2625/1457/4 2628/1457/4 2620/1457/4 2618/1457/4
f 2630/1458/6 2629/1458/6 2625/1458/6 2626/1458/6
f 2631/1459/1 2630/1459/1 2626/1459/1 2627/1459/1
f 2632/1460/2 2631/1460/2 2627/1460/2 2628/1460/2
f 2629/1461/3 2632/1461/3 2628/1461/3 2625/1461/3
f 2633/1462/3 2634/1462/3 2636/1462/3 2635/1462/3
f 2635/1463/2 2636/1463/2 2638/1463/2 2637/1463/2
f 2637/1464/1 2638/1464/1 2640/1464/1 2639/1464/1
f 2634/1465/4 2640/1465/4 2638/1465/4 2636/1465/4
f 2643/1466/3 2644/1466/3 2646/1466/3 2645/1466/3
f 2645/1467/2 2646/1467/2 2648/1467/2 2647/1467/2
f 2647/1468/1 2648/1468/1 2642/1468/1 2641/1468/1
f 2642/1469/4 2648/1469/4 2646/1469/4 2644/1469/4
f 2649/1470/3 2650/1470/3 2652/1470/3 2651/1470/3
f 2653/1471/1 2654/1471/1 2656/1471/1 2655/1471/1
f 2655/1472/2 2656/1472/2 2650/1472/2 2649/1472/2
f 2650/1473/5 2656/1473/5 2654/1473/5 2652/1473/5
f 2657/1474/3 2658/1474/3 2660/1474/3 2659/1474/3
f 2661/1475/1 2662/1475/1 2664/1475/1 2663/1475/1
f 2663/1476/2 2664/1476/2 2658/1476/2 2657/1476/2
f 2658/1477/5 2664/1477/5 2662/1477/5 2660/1477/5
f 2665/1478/3 2666/1478/3 2668/1478/3 2667/1478/3
f 2669/1479/1 2670/1479/1 2672/1479/1 2671/1479/1
f 2671/1480/2 2672/1480/2 2666/1480/2 2665/1480/2
f 2666/1481/5 2672/1481/5 2670/1481/5 2668/1481/5
f 2673/1482/3 2674/1482/3 2676/1482/3 2675/1482/3
f 2677/1483/1 2678/1483/1 2680/1483/1 2679/1483/1
f 2679/1484/2 2680/1484/2 2674/1484/2 2673/1484/2
f 2674/1485/5 2680/1485/5 2678/1485/5 2676/1485/5
f 2681/1486/3 2682/1486/3 2684/1486/3 2683/1486/3
f 2683/1487/2 2684/1487/2 2686/1487/2 2685/1487/2
f 2685/1488/1 2686/1488/1 2688/1488/1 2687/1488/1
f 2687/1489/5 2681/1489/5 2683/1489/5 2685/1489/5
f 2693/1490/4 2694/1490/4 2695/1490/4 2696/1490/4
f 2690/1491/4 2689/1491/4 2682/1491/4 2688/1491/4
f 2691/1492/4 2690/1492/4 2688/1492/4 2686/1492/4
f 2692/1493/4 2691/1493/4 2686/1493/4 2684/1493/4
f 2689/1494/4 2692/1494/4 2684/1494/4 2682/1494/4
f 2694/1495/6 2693/1495/6 2689/1495/6 2690/1495/6
f 2695/1496/1 2694/1496/1 2690/1496/1 2691/1496/1
f 2696/1497/2 2695/1497/2 2691/1497/2 2692/1497/2
f 2693/1498/3 2696/1498/3 2692/1498/3 2689/1498/3
f 2697/1499/3 2698/1499/3 2700/1499/3 2699/1499/3
f 2699/1500/2 2700/1500/2 2702/1500/2 2701/1500/2
f 2701/1501/1 2702/1501/1 2704/1501/1 2703/1501/1
f 2698/1502/4 2704/1502/4 2702/1502/4 2700/1502/4
f 2707/1503/3 2708/1503/3 2710/1503/3 2709/1503/3
f 2709/1504/2 2710/1504/2 2712/1504/2 2711/1504/2
f 2711/1505/1 2712/1505/1 2706/1505/1 2705/1505/1
f 2706/1506/4 2712/1506/4 2710/1506/4 2708/1506/4
f 2713/1507/3 2714/1507/3 2716/1507/3 2715/1507/3
f 2717/1508/1 2718/1508/1 2720/1508/1 2719/1508/1
f 2719/1509/2 2720/1509/2 2714/1509/2 2713/1509/2
f 2714/1510/5 2720/1510/5 2718/1510/5 2716/1510/5
f 2721/1511/3 2722/1511/3 2724/1511/3 2723/1511/3
f 2725/1512/1 2726/1512/1 2728/1512/1 2727/1512/1
f 2727/1513/2 2728/1513/2 2722/1513/2 2721/1513/2
f 2722/1514/5 2728/1514/5 2726/1514/5 2724/1514/5
f 2729/1515/3 2730/1515/3 2732/1515/3 2731/1515/3
f 2733/1516/1 2734/1516/1 2736/1516/1 2735/1516/1
f 2735/1517/2 2736/1517/2 2730/1517/2 2729/1517/2
f 2730/1518/5 2736/1518/5 2734/1518/5 2732/1518/5
f 2737/1519/3 2738/1519/3 2740/1519/3 2739/1519/3
f 2741/1520/1 2742/1520/1 2744/1520/1 2743/1520/1
f 2743/1521/2 2744/1521/2 2738/1521/2 2737/1521/2
f 2738/1522/5 2744/1522/5 2742/1522/5 2740/1522/5
f 2745/1523/3 2746/1523/3 2748/1523/3 2747/1523/3
f 2747/1524/2 2748/1524/2 2750/1524/2 2749/1524/2
f 2749/1525/1 2750/1525/1 2752/1525/1 2751/1525/1
f 2751/1526/5 2745/1526/5 2747/1526/5 2749/1526/5
f 2757/1527/4 2758/1527/4 2759/1527/4 2760/1527/4
f 2754/1528/4 2753/1528/4 2746/1528/4 2752/1528/4
f 2755/1529/4 2754/1529/4 2752/1529/4 2750/1529/4
f 2756/1530/4 2755/1530/4 2750/1530/4 2748/1530/4
f 2753/1531/4 2756/1531/4 2748/1531/4 2746/1531/4
f 2758/1532/6 2757/1532/6 2753/1532/6 2754/1532/6
f 2759/1533/1 2758/1533/1 2754/1533/1 2755/1533/1
f 2760/1534/2 2759/1534/2 2755/1534/2 2756/1534/2
f 2757/1535/3 2760/1535/3 2756/1535/3 2753/1535/3
f 2761/1536/3 2762/1536/3 2764/1536/3 2763/1536/3
f 2763/1537/2 2764/1537/2 2766/1537/2 2765/1537/2
f 2765/1538/1 2766/1538/1 2768/1538/1 2767/1538/1
f 2762/1539/4 2768/1539/4 2766/1539/4 2764/1539/4
f 2771/1540/3 2772/1540/3 2774/1540/3 2773/1540/3
f 2773/1541/2 2774/1541/2 2776/1541/2 2775/1541/2
f 2775/1542/1 2776/1542/1 2770/1542/1 2769/1542/1
f 2770/1543/4 2776/1543/4 2774/1543/4 2772/1543/4
f 2777/1544/3 2778/1544/3 2780/1544/3 2779/1544/3
f 2781/1545/1 2782/1545/1 2784/1545/1 2783/1545/1
f 2783/1546/2 2784/1546/2 2778/1546/2 2777/1546/2
f 2778/1547/5 2784/1547/5 2782/1547/5 2780/1547/5
f 2785/1548/3 2786/1548/3 2788/1548/3 2787/1548/3
f 2789/1549/1 2790/1549/1 2792/1549/1 2791/1549/1
f 2791/1550/2 2792/1550/2 2786/1550/2 2785/1550/2
f 2786/1551/5 2792/1551/5 2790/1551/5 2788/1551/5
f 2793/1552/3 2794/1552/3 2796/1552/3 2795/1552/3
f 2797/1553/1 2798/1553/1 2800/1553/1 2799/1553/1
f 2799/1554/2 2800/1554/2 2794/1554/2 2793/1554/2
f 2794/1555/5 2800/1555/5 2798/1555/5 2796/1555/5
f 2801/1556/3 2802/1556/3 2804/1556/3 2803/1556/3
f 2805/1557/1 2806/1557/1 2808/1557/1 2807/1557/1
f 2807/1558/2 2808/1558/2 2802/1558/2 2801/1558/2
f 2802/1559/5 2808/1559/5 2806/1559/5 2804/1559/5
f 2809/1560/3 2810/1560/3 2812/1560/3 2811/1560/3
f 2811/1561/2 2812/1561/2 2814/1561/2 2813/1561/2
f 2813/1562/1 2814/1562/1 2816/1562/1 2815/1562/1
f 2815/1563/5 2809/1563/5 2811/1563/5 2813/1563/5
f 2821/1564/4 2822/1564/4 2823/1564/4 2824/1564/4
f 2818/1565/4 2817/1565/4 2810/1565/4 2816/1565/4
f 2819/1566/4 2818/1566/4 2816/1566/4 2814/1566/4
f 2820/1567/4 2819/1567/4 2814/1567/4 2812/1567/4
f 2817/1568/4 2820/1568/4 2812/1568/4 2810/1568/4
f 2822/1569/6 2821/1569/6 2817/1569/6 2818/1569/6
f 2823/1570/1 2822/1570/1 2818/1570/1 2819/1570/1
f 2824/1571/2 2823/1571/2 2819/1571/2 2820/1571/2
f 2821/1572/3 2824/1572/3 2820/1572/3 2817/1572/3
f 2825/1573/3 2826/1573/3 2828/1573/3 2827/1573/3
f 2827/1574/2 2828/1574/2 2830/1574/2 2829/1574/2
f 2829/1575/1 2830/1575/1 2832/1575/1 2831/1575/1
f 2826/1576/4 2832/1576/4 2830/1576/4 2828/1576/4
f 2835/1577/3 2836/1577/3 2838/1577/3 2837/1577/3
f 2837/1578/2 2838/1578/2 2840/1578/2 2839/1578/2
f 2839/1579/1 2840/1579/1 2834/1579/1 2833/1579/1
f 2834/1580/4 2840/1580/4 2838/1580/4 2836/1580/4
f 2841/1581/3 2842/1581/3 2844/1581/3 2843/1581/3
f 2845/1582/1 2846/1582/1 2848/1582/1 2847/1582/1
f 2847/1583/2 2848/1583/2 2842/1583/2 2841/1583/2
f 2842/1584/5 2848/1584/5 2846/1584/5 2844/1584/5
f 2849/1585/3 2850/1585/3 2852/1585/3 2851/1585/3
f 2853/1586/1 2854/1586/1 2856/1586/1 2855/1586/1
f 2855/1587/2 2856/1587/2 2850/1587/2 2849/1587/2
f 2850/1588/5 2856/1588/5 2854/1588/5 2852/1588/5
f 2857/1589/3 2858/1589/3 2860/1589/3 2859/1589/3
f 2861/1590/1 2862/1590/1 2864/1590/1 2863/1590/1
f 2863/1591/2 2864/1591/2 2858/1591/2 2857/1591/2
f 2858/1592/5 2864/1592/5 2862/1592/5 2860/1592/5
f 2865/1593/3 2866/1593/3 2868/1593/3 2867/1593/3
f 2869/1594/1 2870/1594/1 2872/1594/1 2871/1594/1
f 2871/1595/2 2872/1595/2 2866/1595/2 2865/1595/2
f 2866/1596/5 2872/1596/5 2870/1596/5 2868/1596/5
f 2873/1597/3 2874/1597/3 2876/1597/3 2875/1597/3
f 2875/1598/2 2876/1598/2 2878/1598/2 2877/1598/2
f 2877/1599/1 2878/1599/1 2880/1599/1 2879/1599/1
f 2879/1600/5 2873/1600/5 2875/1600/5 2877/1600/5
f 2885/1601/4 2886/1601/4 2887/1601/4 2888/1601/4
f 2882/1602/4 2881/1602/4 2874/1602/4 2880/1602/4
f 2883/1603/4 2882/1603/4 2880/1603/4 2878/1603/4
f 2884/1604/4 2883/1604/4 2878/1604/4 2876/1604/4
f 2881/1605/4 2884/1605/4 2876/1605/4 2874/1605/4
f 2886/1606/6 2885/1606/6 2881/1606/6 2882/1606/6
f 2887/1607/1 2886/1607/1 2882/1607/1 2883/1607/1
f 2888/1608/2 2887/1608/2 2883/1608/2 2884/1608/2
f 2885/1609/3 2888/1609/3 2884/1609/3 2881/1609/3
f 2889/1610/3 2890/1610/3 2892/1610/3 2891/1610/3
f 2891/1611/2 2892/1611/2 2894/1611/2 2893/1611/2
f 2893/1612/1 2894/1612/1 2896/1612/1 2895/1612/1
f 2890/1613/4 2896/1613/4 2894/1613/4 2892/1613/4
f 2899/1614/3 2900/1614/3 2902/1614/3 2901/1614/3
f 2901/1615/2 2902/1615/2 2904/1615/2 2903/1615/2
f 2903/1616/1 2904/1616/1 2898/1616/1 2897/1616/1
f 2898/1617/4 2904/1617/4 2902/1617/4 2900/1617/4
f 2905/1618/3 2906/1618/3 2908/1618/3 2907/1618/3
f 2909/1619/1 2910/1619/1 2912/1619/1 2911/1619/1
f 2911/1620/2 2912/1620/2 2906/1620/2 2905/1620/2
f 2906/1621/5 2912/1621/5 2910/1621/5 2908/1621/5
f 2913/1622/3 2914/1622/3 2916/1622/3 2915/1622/3
f 2917/1623/1 2918/1623/1 2920/1623/1 2919/1623/1
f 2919/1624/2 2920/1624/2 2914/1624/2 2913/1624/2
f 2914/1625/5 2920/1625/5 2918/1625/5 2916/1625/5
f 2921/1626/3 2922/1626/3 2924/1626/3 2923/1626/3
f 2925/1627/1 2926/1627/1 2928/1627/1 2927/1627/1
f 2927/1628/2 2928/1628/2 2922/1628/2 2921/1628/2
f 2922/1629/5 2928/1629/5 2926/1629/5 2924/1629/5
f 2929/1630/3 2930/1630/3 2932/1630/3 2931/1630/3
f 2933/1631/1 2934/1631/1 2936/1631/1 2935/1631/1
f 2935/1632/2 2936/1632/2 2930/1632/2 2929/1632/2
f 2930/1633/5 2936/1633/5 2934/1633/5 2932/1633/5
f 2937/1634/3 2938/1634/3 2940/1634/3 2939/1634/3
f 2939/1635/2 2940/1635/2 2942/1635/2 2941/1635/2
f 2941/1636/1 2942/1636/1 2944/1636/1 2943/1636/1
f 2943/1637/5 2937/1637/5 2939/1637/5 2941/1637/5
f 2949/1638/4 2950/1638/4 2951/1638/4 2952/1638/4
f 2946/1639/4 2945/1639/4 2938/1639/4 2944/1639/4
f 2947/1640/4 2946/1640/4 2944/1640/4 2942/1640/4
f 2948/1641/4 2947/1641/4 2942/1641/4 2940/1641/4
f 2945/1642/4 2948/1642/4 2940/1642/4 2938/1642/4
f 2950/1643/6 2949/1643/6 2945/1643/6 2946/1643/6
f 2951/1644/1 2950/1644/1 2946/1644/1 2947/1644/1
f 2952/1645/2 2951/1645/2 2947/1645/2 2948/1645/2
f 2949/1646/3 2952/1646/3 2948/1646/3 2945/1646/3
f 2953/1647/3 2954/1647/3 2956/1647/3 2955/1647/3
f 2955/1648/2 2956/1648/2 2958/1648/2 2957/1648/2
f 2957/1649/1 2958/1649/1 2960/1649/1 2959/1649/1
f 2954/1650/4 2960/1650/4 2958/1650/4 2956/1650/4
f 2963/1651/3 2964/1651/3 2966/1651/3 2965/1651/3
f 2965/1652/2 2966/1652/2 2968/1652/2 2967/1652/2
f 2967/1653/1 2968/1653/1 2962/1653/1 2961/1653/1
f 2962/1654/4 2968/1654/4 2966/1654/4 2964/1654/4
f 2969/1655/3 2970/1655/3 2972/1655/3 2971/1655/3
f 2973/1656/1 2974/1656/1 2976/1656/1 2975/1656/1
f 2975/1657/2 2976/1657/2 2970/1657/2 2969/1657/2
f 2970/1658/5 2976/1658/5 2974/1658/5 2972/1658/5
f 2977/1659/3 2978/1659/3 2980/1659/3 2979/1659/3
f 2981/1660/1 2982/1660/1 2984/1660/1 2983/1660/1
f 2983/1661/2 2984/1661/2 2978/1661/2 2977/1661/2
f 2978/1662/5 2984/1662/5 2982/1662/5 2980/1662/5
f 2985/1663/3 2986/1663/3 2988/1663/3 2987/1663/3
f 2989/1664/1 2990/1664/1 2992/1664/1 2991/1664/1
f 2991/1665/2 2992/1665/2 2986/1665/2 2985/1665/2
f 2986/1666/5 2992/1666/5 2990/1666/5 2988/1666/5
f 2993/1667/3 2994/1667/3 2996/1667/3 2995/1667/3
f 2997/1668/1 2998/1668/1 3000/1668/1 2999/1668/1
f 2999/1669/2 3000/1669/2 2994/1669/2 2993/1669/2
f 2994/1670/5 3000/1670/5 2998/1670/5 2996/1670/5
f 3001/1671/3 3002/1671/3 3004/1671/3 3003/1671/3
f 3003/1672/2 3004/1672/2 3006/1672/2 3005/1672/2
f 3005/1673/1 3006/1673/1 3008/1673/1 3007/1673/1
f 3007/1674/5 3001/1674/5 3003/1674/5 3005/1674/5
f 3013/1675/4 3014/1675/4 3015/1675/4 3016/1675/4
f 3010/1676/4 3009/1676/4 3002/1676/4 3008/1676/4
f 3011/1677/4 3010/1677/4 3008/1677/4 3006/1677/4
f 3012/1678/4 3011/1678/4 3006/1678/4 3004/1678/4
f 3009/1679/4 3012/1679/4 3004/1679/4 3002/1679/4
f 3014/1680/6 3013/1680/6 3009/1680/6 3010/1680/6
f 3015/1681/1 3014/1681/1 3010/1681/1 3011/1681/1
f 3016/1682/2 3015/1682/2 3011/1682/2 3012/1682/2
f 3013/1683/3 3016/1683/3 3012/1683/3 3009/1683/3
f 3017/1684/3 3018/1684/3 3020/1684/3 3019/1684/3
f 3019/1685/2 3020/1685/2 3022/1685/2 3021/1685/2
f 3021/1686/1 3022/1686/1 3024/1686/1 3023/1686/1
f 3018/1687/4 3024/1687/4 3022/1687/4 3020/1687/4
f 3027/1688/3 3028/1688/3 3030/1688/3 3029/1688/3
f 3029/1689/2 3030/1689/2 3032/1689/2 3031/1689/2
f 3031/1690/1 3032/1690/1 3026/1690/1 3025/1690/1
f 3026/1691/4 3032/1691/4 3030/1691/4 3028/1691/4
f 3033/1692/3 3034/1692/3 3036/1692/3 3035/1692/3
f 3037/1693/1 3038/1693/1 3040/1693/1 3039/1693/1
f 3039/1694/2 3040/1694/2 3034/1694/2 3033/1694/2
f 3034/1695/5 3040/1695/5 3038/1695/5 3036/1695/5
f 3041/1696/3 3042/1696/3 3044/1696/3 3043/1696/3
f 3045/1697/1 3046/1697/1 3048/1697/1 3047/1697/1
f 3047/1698/2 3048/1698/2 3042/1698/2 3041/1698/2
f 3042/1699/5 3048/1699/5 3046/1699/5 3044/1699/5
f 3049/1700/3 3050/1700/3 3052/1700/3 3051/1700/3
f 3053/1701/1 3054/1701/1 3056/1701/1 3055/1701/1
f 3055/1702/2 3056/1702/2 3050/1702/2 3049/1702/2
f 3050/1703/5 3056/1703/5 3054/1703/5 3052/1703/5
f 3057/1704/3 3058/1704/3 3060/1704/3 3059/1704/3
f 3061/1705/1 3062/1705/1 3064/1705/1 3063/1705/1
f 3063/1706/2 3064/1706/2 3058/1706/2 3057/1706/2
f 3058/1707/5 3064/1707/5 3062/1707/5 3060/1707/5
f 3065/1708/3 3066/1708/3 3068/1708/3 3067/1708/3
f 3067/1709/2 3068/1709/2 3070/1709/2 3069/1709/2
f 3069/1710/1 3070/1710/1 3072/1710/1 3071/1710/1
f 3071/1711/5 3065/1711/5 3067/1711/5 3069/1711/5
f 3077/1712/4 3078/1712/4 3079/1712/4 3080/1712/4
f 3074/1713/4 3073/1713/4 3066/1713/4 3072/1713/4
f 3075/1714/4 3074/1714/4 3072/1714/4 3070/1714/4
f 3076/1715/4 3075/1715/4 3070/1715/4 3068/1715/4
f 3073/1716/4 3076/1716/4 3068/1716/4 3066/1716/4
f 3078/1717/6 3077/1717/6 3073/1717/6 3074/1717/6
f 3079/1718/1 3078/1718/1 3074/1718/1 3075/1718/1
f 3080/1719/2 3079/1719/2 3075/1719/2 3076/1719/2
f 3077/1720/3 3080/1720/3 3076/1720/3 3073/1720/3
f 3081/1721/3 3082/1721/3 3084/1721/3 3083/1721/3
f 3083/1722/2 3084/1722/2 3086/1722/2 3085/1722/2
f 3085/1723/1 3086/1723/1 3088/1723/1 3087/1723/1
f 3082/1724/4 3088/1724/4 3086/1724/4 3084/1724/4
f 3091/1725/3 3092/1725/3 3094/1725/3 3093/1725/3
f 3093/1726/2 3094/1726/2 3096/1726/2 3095/1726/2
f 3095/1727/1 3096/1727/1 3090/1727/1 3089/1727/1
f 3090/1728/4 3096/1728/4 3094/1728/4 3092/1728/4
f 3097/1729/3 3098/1729/3 3100/1729/3 3099/1729/3
f 3101/1730/1 3102/1730/1 3104/1730/1 3103/1730/1
f 3103/1731/2 3104/1731/2 3098/1731/2 3097/1731/2
f 3098/1732/5 3104/1732/5 3102/1732/5 3100/1732/5
f 3105/1733/3 3106/1733/3 3108/1733/3 3107/1733/3
f 3109/1734/1 3110/1734/1 3112/1734/1 3111/1734/1
f 3111/1735/2 3112/1735/2 3106/1735/2 3105/1735/2
f 3106/1736/5 3112/1736/5 3110/1736/5 3108/1736/5
f 3113/1737/3 3114/1737/3 3116/1737/3 3115/1737/3
f 3117/1738/1 3118/1738/1 3120/1738/1 3119/1738/1
f 3119/1739/2 3120/1739/2 3114/1739/2 3113/1739/2
f 3114/1740/5 3120/1740/5 3118/1740/5 3116/1740/5
f 3121/1741/3 3122/1741/3 3124/1741/3 3123/1741/3
f 3125/1742/1 3126/1742/1 3128/1742/1 3127/1742/1
f 3127/1743/2 3128/1743/2 3122/1743/2 3121/1743/2
f 3122/1744/5 3128/1744/5 3126/1744/5 3124/1744/5
f 3129/1745/3 3130/1745/3 3132/1745/3 3131/1745/3
f 3131/1746/2 3132/1746/2 3134/1746/2 3133/1746/2
f 3133/1747/1 3134/1747/1 3136/1747/1 3135/1747/1
f 3135/1748/5 3129/1748/5 3131/1748/5 3133/1748/5
f 3141/1749/4 3142/1749/4 3143/1749/4 3144/1749/4
f 3138/1750/4 3137/1750/4 3130/1750/4 3136/1750/4
f 3139/1751/4 3138/1751/4 3136/1751/4 3134/1751/4
f 3140/1752/4 3139/1752/4 3134/1752/4 3132/1752/4
f 3137/1753/4 3140/1753/4 3132/1753/4 3130/1753/4
f 3142/1754/6 3141/1754/6 3137/1754/6 3138/1754/6
f 3143/1755/1 3142/1755/1 3138/1755/1 3139/1755/1
f 3144/1756/2 3143/1756/2 3139/1756/2 3140/1756/2
f 3141/1757/3 3144/1757/3 3140/1757/3 3137/1757/3
f 3145/1758/3 3146/1758/3 3148/1758/3 3147/1758/3
f 3147/1759/2 3148/1759/2 3150/1759/2 3149/1759/2
f 3149/1760/1 3150/1760/1 3152/1760/1 3151/1760/1
f 3146/1761/4 3152/1761/4 3150/1761/4 3148/1761/4
f 3155/1762/3 3156/1762/3 3158/1762/3 3157/1762/3
f 3157/1763/2 3158/1763/2 3160/1763/2 3159/1763/2
f 3159/1764/1 3160/1764/1 3154/1764/1 3153/1764/1
f 3154/1765/4 3160/1765/4 3158/1765/4 3156/1765/4
f 3161/1766/3 3162/1766/3 3164/1766/3 3163/1766/3
f 3165/1767/1 3166/1767/1 3168/1767/1 3167/1767/1
f 3167/1768/2 3168/1768/2 3162/1768/2 3161/1768/2
f 3162/1769/5 3168/1769/5 3166/1769/5 3164/1769/5
f 3169/1770/3 3170/1770/3 3172/1770/3 3171/1770/3
f 3173/1771/1 3174/1771/1 3176/1771/1 3175/1771/1
f 3175/1772/2 3176/1772/2 3170/1772/2 3169/1772/2
f 3170/1773/5 3176/1773/5 3174/1773/5 3172/1773/5
f 3177/1774/3 3178/1774/3 3180/1774/3 3179/1774/3
f 3181/1775/1 3182/1775/1 3184/1775/1 3183/1775/1
f 3183/1776/2 3184/1776/2 3178/1776/2 3177/1776/2
f 3178/1777/5 3184/1777/5 3182/1777/5 3180/1777/5
f 3185/1778/3 3186/1778/3 3188/1778/3 3187/1778/3
f 3189/1779/1 3190/1779/1 3192/1779/1 3191/1779/1
f 3191/1780/2 3192/1780/2 3186/1780/2 3185/1780/2
f 3186/1781/5 3192/1781/5 3190/1781/5 3188/1781/5
f 3193/1782/3 3194/1782/3 3196/1782/3 3195/1782/3
f 3195/1783/2 3196/1783/2 3198/1783/2 3197/1783/2
f 3197/1784/1 3198/1784/1 3200/1784/1 3199/1784/1
f 3199/1785/5 3193/1785/5 3195/1785/5 3197/1785/5
f 3205/1786/4 3206/1786/4 3207/1786/4 3208/1786/4
f 3202/1787/4 3201/1787/4 3194/1787/4 3200/1787/4
f 3203/1788/4 3202/1788/4 3200/1788/4 3198/1788/4
f 3204/1789/4 3203/1789/4 3198/1789/4 3196/1789/4
f 3201/1790/4 3204/1790/4 3196/1790/4 3194/1790/4
f 3206/1791/6 3205/1791/6 3201/1791/6 3202/1791/6
f 3207/1792/1 3206/1792/1 3202/1792/1 3203/1792/1
f 3208/1793/2 3207/1793/2 3203/1793/2 3204/1793/2
f 3205/1794/3 3208/1794/3 3204/1794/3 3201/1794/3
f 3209/1795/3 3210/1795/3 3212/1795/3 3211/1795/3
f 3211/1796/2 3212/1796/2 3214/1796/2 3213/1796/2
f 3213/1797/1 3214/1797/1 3216/1797/1 3215/1797/1
f 3210/1798/4 3216/1798/4 3214/1798/4 3212/1798/4
f 3219/1799/3 3220/1799/3 3222/1799/3 3221/1799/3
f 3221/1800/2 3222/1800/2 3224/1800/2 3223/1800/2
f 3223/1801/1 3224/1801/1 3218/1801/1 3217/1801/1
f 3218/1802/4 3224/1802/4 3222/1802/4 3220/1802/4
f 3225/1803/3 3226/1803/3 3228/1803/3 3227/1803/3
f 3229/1804/1 3230/1804/1 3232/1804/1 3231/1804/1
f 3231/1805/2 3232/1805/2 3226/1805/2 3225/1805/2
f 3226/1806/5 3232/1806/5 3230/1806/5 3228/1806/5
f 3233/1807/3 3234/1807/3 3236/1807/3 3235/1807/3
f 3237/1808/1 3238/1808/1 3240/1808/1 3239/1808/1
f 3239/1809/2 3240/1809/2 3234/1809/2 3233/1809/2
f 3234/1810/5 3240/1810/5 3238/1810/5 3236/1810/5
f 3241/1811/3 3242/1811/3 3244/1811/3 3243/1811/3
f 3245/1812/1 3246/1812/1 3248/1812/1 3247/1812/1
f 3247/1813/2 3248/1813/2 3242/1813/2 3241/1813/2
f 3242/1814/5 3248/1814/5 3246/1814/5 3244/1814/5
f 3249/1815/3 3250/1815/3 3252/1815/3 3251/1815/3
f 3253/1816/1 3254/1816/1 3256/1816/1 3255/1816/1
f 3255/1817/2 3256/1817/2 3250/1817/2 3249/1817/2
f 3250/1818/5 3256/1818/5 3254/1818/5 3252/1818/5
f 3257/1819/3 3258/1819/3 3260/1819/3 3259/1819/3
f 3259/1820/2 3260/1820/2 3262/1820/2 3261/1820/2
f 3261/1821/1 3262/1821/1 3264/1821/1 3263/1821/1
f 3263/1822/5 3257/1822/5 3259/1822/5 3261/1822/5
f 3269/1823/4 3270/1823/4 3271/1823/4 3272/1823/4
f 3266/1824/4 3265/1824/4 3258/1824/4 3264/1824/4
f 3267/1825/4 3266/1825/4 3264/1825/4 3262/1825/4
f 3268/1826/4 3267/1826/4 3262/1826/4 3260/1826/4
f 3265/1827/4 3268/1827/4 3260/1827/4 3258/1827/4
f 3270/1828/6 3269/1828/6 3265/1828/6 3266/1828/6
f 3271/1829/1 3270/1829/1 3266/1829/1 3267/1829/1
f 3272/1830/2 3271/1830/2 3267/1830/2 3268/1830/2
f 3269/1831/3 3272/1831/3 3268/1831/3 3265/1831/3
f 3273/1832/3 3274/1832/3 3276/1832/3 3275/1832/3
f 3275/1833/2 3276/1833/2 3278/1833/2 3277/1833/2
f 3277/1834/1 3278/1834/1 3280/1834/1 3279/1834/1
f 3274/1835/4 3280/1835/4 3278/1835/4 3276/1835/4
f 3283/1836/3 3284/1836/3 3286/1836/3 3285/1836/3
f 3285/1837/2 3286/1837/2 3288/1837/2 3287/1837/2
f 3287/1838/1 3288/1838/1 3282/1838/1 3281/1838/1
f 3282/1839/4 3288/1839/4 3286/1839/4 3284/1839/4
f 3289/1840/3 3290/1840/3 3292/1840/3 3291/1840/3
f 3293/1841/1 3294/1841/1 3296/1841/1 3295/1841/1
f 3295/1842/2 3296/1842/2 3290/1842/2 3289/1842/2
f 3290/1843/5 3296/1843/5 3294/1843/5 3292/1843/5
f 3297/1844/3 3298/1844/3 3300/1844/3 3299/1844/3
f 3301/1845/1 3302/1845/1 3304/1845/1 3303/1845/1
f 3303/1846/2 3304/1846/2 3298/1846/2 3297/1846/2
f 3298/1847/5 3304/1847/5 3302/1847/5 3300/1847/5
f 3305/1848/3 3306/1848/3 3308/1848/3 3307/1848/3
f 3309/1849/1 3310/1849/1 3312/1849/1 3311/1849/1
f 3311/1850/2 3312/1850/2 3306/1850/2 3305/1850/2
f 3306/1851/5 3312/1851/5 3310/1851/5 3308/1851/5
f 3313/1852/3 3314/1852/3 3316/1852/3 3315/1852/3
f 3317/1853/1 3318/1853/1 3320/1853/1 3319/1853/1
f 3319/1854/2 3320/1854/2 3314/1854/2 3313/1854/2
f 3314/1855/5 3320/1855/5 3318/1855/5 3316/1855/5
f 3321/1856/3 3322/1856/3 3324/1856/3 3323/1856/3
f 3323/1857/2 3324/1857/2 3326/1857/2 3325/1857/2
f 3325/1858/1 3326/1858/1 3328/1858/1 3327/1858/1
f 3327/1859/5 3321/1859/5 3323/1859/5 3325/1859/5
f 3333/1860/4 3334/1860/4 3335/1860/4 3336/1860/4
f 3330/1861/4 3329/1861/4 3322/1861/4 3328/1861/4
f 3331/1862/4 3330/1862/4 3328/1862/4 3326/1862/4
f 3332/1863/4 3331/1863/4 3326/1863/4 3324/1863/4
f 3329/1864/4 3332/1864/4 3324/1864/4 3322/1864/4
f 3334/1865/6 3333/1865/6 3329/1865/6 3330/1865/6
f 3335/1866/1 3334/1866/1 3330/1866/1 3331/1866/1
f 3336/1867/2 3335/1867/2 3331/1867/2 3332/1867/2
f 3333/1868/3 3336/1868/3 3332/1868/3 3329/1868/3
f 3337/1869/3 3338/1869/3 3340/1869/3 3339/1869/3
f 3339/1870/2 3340/1870/2 3342/1870/2 3341/1870/2
f 3341/1871/1 3342/1871/1 3344/1871/1 3343/1871/1
f 3338/1872/4 3344/1872/4 3342/1872/4 3340/1872/4
f 3347/1873/3 3348/1873/3 3350/1873/3 3349/1873/3
f 3349/1874/2 3350/1874/2 3352/1874/2 3351/1874/2
f 3351/1875/1 3352/1875/1 3346/1875/1 3345/1875/1
f 3346/1876/4 3352/1876/4 3350/1876/4 3348/1876/4
f 3353/1877/3 3354/1877/3 3356/1877/3 3355/1877/3
f 3357/1878/1 3358/1878/1 3360/1878/1 3359/1878/1
f 3359/1879/2 3360/1879/2 3354/1879/2 3353/1879/2
f 3354/1880/5 3360/1880/5 3358/1880/5 3356/1880/5
f 3361/1881/3 3362/1881/3 3364/1881/3 3363/1881/3
f 3365/1882/1 3366/1882/1 3368/1882/1 3367/1882/1
f 3367/1883/2 3368/1883/2 3362/1883/2 3361/1883/2
f 3362/1884/5 3368/1884/5 3366/1884/5 3364/1884/5
f 3369/1885/3 3370/1885/3 3372/1885/3 3371/1885/3
f 3373/1886/1 3374/1886/1 3376/1886/1 3375/1886/1
f 3375/1887/2 3376/1887/2 3370/1887/2 3369/1887/2
f 3370/1888/5 3376/1888/5 3374/1888/5 3372/1888/5
f 3377/1889/3 3378/1889/3 3380/1889/3 3379/1889/3
f 3381/1890/1 3382/1890/1 3384/1890/1 3383/1890/1
f 3383/1891/2 3384/1891/2 3378/1891/2 3377/1891/2
f 3378/1892/5 3384/1892/5 3382/1892/5 3380/1892/5
f 3385/1893/3 3386/1893/3 3388/1893/3 3387/1893/3
f 3387/1894/2 3388/1894/2 3390/1894/2 3389/1894/2
f 3389/1895/1 3390/1895/1 3392/1895/1 3391/1895/1
f 3391/1896/5 3385/1896/5 3387/1896/5 3389/1896/5
f 3397/1897/4 3398/1897/4 3399/1897/4 3400/1897/4
f 3394/1898/4 3393/1898/4 3386/1898/4 3392/1898/4
f 3395/1899/4 3394/1899/4 3392/1899/4 3390/1899/4
f 3396/1900/4 3395/1900/4 3390/1900/4 3388/1900/4
f 3393/1901/4 3396/1901/4 3388/1901/4 3386/1901/4
f 3398/1902/6 3397/1902/6 3393/1902/6 3394/1902/6
f 3399/1903/1 3398/1903/1 3394/1903/1 3395/1903/1
f 3400/1904/2 3399/1904/2 3395/1904/2 3396/1904/2
f 3397/1905/3 3400/1905/3 3396/1905/3 3393/1905/3
f 3401/1906/3 3402/1906/3 3404/1906/3 3403/1906/3
f 3403/1907/2 3404/1907/2 3406/1907/2 3405/1907/2
f 3405/1908/1 3406/1908/1 3408/1908/1 3407/1908/1
f 3402/1909/4 3408/1909/4 3406/1909/4 3404/1909/4
f 3411/1910/3 3412/1910/3 3414/1910/3 3413/1910/3
f 3413/1911/2 3414/1911/2 3416/1911/2 3415/1911/2
f 3415/1912/1 3416/1912/1 3410/1912/1 3409/1912/1
f 3410/1913/4 3416/1913/4 3414/1913/4 3412/1913/4
f 3417/1914/3 3418/1914/3 3420/1914/3 3419/1914/3
f 3421/1915/1 3422/1915/1 3424/1915/1 3423/1915/1
f 3423/1916/2 3424/1916/2 3418/1916/2 3417/1916/2
f 3418/1917/5 3424/1917/5 3422/1917/5 3420/1917/5
f 3425/1918/3 3426/1918/3 3428/1918/3 3427/1918/3
f 3429/1919/1 3430/1919/1 3432/1919/1 3431/1919/1
f 3431/1920/2 3432/1920/2 3426/1920/2 3425/1920/2
f 3426/1921/5 3432/1921/5 3430/1921/5 3428/1921/5
f 3433/1922/3 3434/1922/3 3436/1922/3 3435/1922/3
f 3437/1923/1 3438/1923/1 3440/1923/1 3439/1923/1
f 3439/1924/2 3440/1924/2 3434/1924/2 3433/1924/2
f 3434/1925/5 3440/1925/5 3438/1925/5 3436/1925/5
f 3441/1926/3 3442/1926/3 3444/1926/3 3443/1926/3
f 3445/1927/1 3446/1927/1 3448/1927/1 3447/1927/1
f 3447/1928/2 3448/1928/2 3442/1928/2 3441/1928/2
f 3442/1929/5 3448/1929/5 3446/1929/5 3444/1929/5
f 3449/1930/3 3450/1930/3 3452/1930/3 3451/1930/3
f 3451/1931/2 3452/1931/2 3454/1931/2 3453/1931/2
f 3453/1932/1 3454/1932/1 3456/1932/1 3455/1932/1
f 3455/1933/5 3449/1933/5 3451/1933/5 3453/1933/5
f 3461/1934/4 3462/1934/4 3463/1934/4 3464/1934/4
f 3458/1935/4 3457/1935/4 3450/1935/4 3456/1935/4
f 3459/1936/4 3458/1936/4 3456/1936/4 3454/1936/4
f 3460/1937/4 3459/1937/4 3454/1937/4 3452/1937/4
f 3457/1938/4 3460/1938/4 3452/1938/4 3450/1938/4
f 3462/1939/6 3461/1939/6 3457/1939/6 3458/1939/6
f 3463/1940/1 3462/1940/1 3458/1940/1 3459/1940/1
f 3464/1941/2 3463/1941/2 3459/1941/2 3460/1941/2
f 3461/1942/3 3464/1942/3 3460/1942/3 3457/1942/3
f 3465/1943/3 3466/1943/3 3468/1943/3 3467/1943/3
f 3467/1944/2 3468/1944/2 3470/1944/2 3469/1944/2
f 3469/1945/1 3470/1945/1 3472/1945/1 3471/1945/1
f 3466/1946/4 3472/1946/4 3470/1946/4 3468/1946/4
f 3475/1947/3 3476/1947/3 3478/1947/3 3477/1947/3
f 3477/1948/2 3478/1948/2 3480/1948/2 3479/1948/2
f 3479/1949/1 3480/1949/1 3474/1949/1 3473/1949/1
f 3474/1950/4 3480/1950/4 3478/1950/4 3476/1950/4
f 3481/1951/3 3482/1951/3 3484/1951/3 3483/1951/3
f 3485/1952/1 3486/1952/1 3488/1952/1 3487/1952/1
f 3487/1953/2 3488/1953/2 3482/1953/2 3481/1953/2
f 3482/1954/5 3488/1954/5 3486/1954/5 3484/1954/5
f 3489/1955/3 3490/1955/3 3492/1955/3 3491/1955/3
f 3493/1956/1 3494/1956/1 3496/1956/1 3495/1956/1
f 3495/1957/2 3496/1957/2 3490/1957/2 3489/1957/2
f 3490/1958/5 3496/1958/5 3494/1958/5 3492/1958/5
f 3497/1959/3 3498/1959/3 3500/1959/3 3499/1959/3
f 3501/1960/1 3502/1960/1 3504/1960/1 3503/1960/1
f 3503/1961/2 3504/1961/2 3498/1961/2 3497/1961/2
f 3498/1962/5 3504/1962/5 3502/1962/5 3500/1962/5
f 3505/1963/3 3506/1963/3 3508/1963/3 3507/1963/3
f 3509/1964/1 3510/1964/1 3512/1964/1 3511/1964/1
f 3511/1965/2 3512/1965/2 3506/1965/2 3505/1965/2
f 3506/1966/5 3512/1966/5 3510/1966/5 3508/1966/5
f 3513/1967/3 3514/1967/3 3516/1967/3 3515/1967/3
f 3515/1968/2 3516/1968/2 3518/1968/2 3517/1968/2
f 3517/1969/1 3518/1969/1 3520/1969/1 3519/1969/1
f 3519/1970/5 3513/1970/5 3515/1970/5 3517/1970/5
f 3525/1971/4 3526/1971/4 3527/1971/4 3528/1971/4
f 3522/1972/4 3521/1972/4 3514/1972/4 3520/1972/4
f 3523/1973/4 3522/1973/4 3520/1973/4 3518/1973/4
f 3524/1974/4 3523/1974/4 3518/1974/4 3516/1974/4
f 3521/1975/4 3524/1975/4 3516/1975/4 3514/1975/4
f 3526/1976/6 3525/1976/6 3521/1976/6 3522/1976/6
f 3527/1977/1 3526/1977/1 3522/1977/1 3523/1977/1
f 3528/1978/2 3527/1978/2 3523/1978/2 3524/1978/2
f 3525/1979/3 3528/1979/3 3524/1979/3 3521/1979/3
f 3529/1980/3 3530/1980/3 3532/1980/3 3531/1980/3
f 3531/1981/2 3532/1981/2 3534/1981/2 3533/1981/2
f 3533/1982/1 3534/1982/1 3536/1982/1 3535/1982/1
f 3530/1983/4 3536/1983/4 3534/1983/4 3532/1983/4
f 3539/1984/3 3540/1984/3 3542/1984/3 3541/1984/3
f 3541/1985/2 3542/1985/2 3544/1985/2 3543/1985/2
f 3543/1986/1 3544/1986/1 3538/1986/1 3537/1986/1
f 3538/1987/4 3544/1987/4 3542/1987/4 3540/1987/4
f 3545/1988/3 3546/1988/3 3548/1988/3 3547/1988/3
f 3549/1989/1 3550/1989/1 3552/1989/1 3551/1989/1
f 3551/1990/2 3552/1990/2 3546/1990/2 3545/1990/2
f 3546/1991/5 3552/1991/5 3550/1991/5 3548/1991/5
f 3553/1992/3 3554/1992/3 3556/1992/3 3555/1992/3
f 3557/1993/1 3558/1993/1 3560/1993/1 3559/1993/1
f 3559/1994/2 3560/1994/2 3554/1994/2 3553/1994/2
f 3554/1995/5 3560/1995/5 3558/1995/5 3556/1995/5
f 3561/1996/3 3562/1996/3 3564/1996/3 3563/1996/3
f 3565/1997/1 3566/1997/1 3568/1997/1 3567/1997/1
f 3567/1998/2 3568/1998/2 3562/1998/2 3561/1998/2
f 3562/1999/5 3568/1999/5 3566/1999/5 3564/1999/5
f 3569/2000/3 3570/2000/3 3572/2000/3 3571/2000/3
f 3573/2001/1 3574/2001/1 3576/2001/1 3575/2001/1
f 3575/2002/2 3576/2002/2 3570/2002/2 3569/2002/2
f 3570/2003/5 3576/2003/5 3574/2003/5 3572/2003/5
f 3577/2004/3 3578/2004/3 3580/2004/3 3579/2004/3
f 3579/2005/2 3580/2005/2 3582/2005/2 3581/2005/2
f 3581/2006/1 3582/2006/1 3584/2006/1 3583/2006/1
f 3583/2007/5 3577/2007/5 3579/2007/5 3581/2007/5
f 3589/2008/4 3590/2008/4 3591/2008/4 3592/2008/4
f 3586/2009/4 3585/2009/4 3578/2009/4 3584/2009/4
f 3587/2010/4 3586/2010/4 3584/2010/4 3582/2010/4
f 3588/2011/4 3587/2011/4 3582/2011/4 3580/2011/4
f 3585/2012/4 3588/2012/4 3580/2012/4 3578/2012/4
f 3590/2013/6 3589/2013/6 3585/2013/6 3586/2013/6
f 3591/2014/1 3590/2014/1 3586/2014/1 3587/2014/1
f 3592/2015/2 3591/2015/2 3587/2015/2 3588/2015/2
f 3589/2016/3 3592/2016/3 3588/2016/3 3585/2016/3
f 3593/2017/3 3594/2017/3 3596/2017/3 3595/2017/3
f 3595/2018/2 3596/2018/2 3598/2018/2 3597/2018/2
f 3597/2019/1 3598/2019/1 3600/2019/1 3599/2019/1
f 3594/2020/4 3600/2020/4 3598/2020/4 3596/2020/4
f 3603/2021/3 3604/2021/3 3606/2021/3 3605/2021/3
f 3605/2022/2 3606/2022/2 3608/2022/2 3607/2022/2
f 3607/2023/1 3608/2023/1 3602/2023/1 3601/2023/1
f 3602/2024/4 3608/2024/4 3606/2024/4 3604/2024/4
f 3609/2025/3 3610/2025/3 3612/2025/3 3611/2025/3
f 3613/2026/1 3614/2026/1 3616/2026/1 3615/2026/1
f 3615/2027/2 3616/2027/2 3610/2027/2 3609/2027/2
f 3610/2028/5 3616/2028/5 3614/2028/5 3612/2028/5
f 3617/2029/3 3618/2029/3 3620/2029/3 3619/2029/3
f 3621/2030/1 3622/2030/1 3624/2030/1 3623/2030/1
f 3623/2031/2 3624/2031/2 3618/2031/2 3617/2031/2
f 3618/2032/5 3624/2032/5 3622/2032/5 3620/2032/5
f 3625/2033/3 3626/2033/3 3628/2033/3 3627/2033/3
f 3629/2034/1 3630/2034/1 3632/2034/1 3631/2034/1
f 3631/2035/2 3632/2035/2 3626/2035/2 3625/2035/2
f 3626/2036/5 3632/2036/5 3630/2036/5 3628/2036/5
f 3633/2037/3 3634/2037/3 3636/2037/3 3635/2037/3
f 3637/2038/1 3638/2038/1 3640/2038/1 3639/2038/1
f 3639/2039/2 3640/2039/2 3634/2039/2 3633/2039/2
f 3634/2040/5 3640/2040/5 3638/2040/5 3636/2040/5
f 3641/2041/3 3642/2041/3 3644/2041/3 3643/2041/3
f 3643/2042/2 3644/2042/2 3646/2042/2 3645/2042/2
f 3645/2043/1 3646/2043/1 3648/2043/1 3647/2043/1
f 3647/2044/5 3641/2044/5 3643/2044/5 3645/2044/5
f 3653/2045/4 3654/2045/4 3655/2045/4 3656/2045/4
f 3650/2046/4 3649/2046/4 3642/2046/4 3648/2046/4
f 3651/2047/4 3650/2047/4 3648/2047/4 3646/2047/4
f 3652/2048/4 3651/2048/4 3646/2048/4 3644/2048/4
f 3649/2049/4 3652/2049/4 3644/2049/4 3642/2049/4
f 3654/2050/6 3653/2050/6 3649/2050/6 3650/2050/6
f 3655/2051/1 3654/2051/1 3650/2051/1 3651/2051/1
f 3656/2052/2 3655/2052/2 3651/2052/2 3652/2052/2
f 3653/2053/3 3656/2053/3 3652/2053/3 3649/2053/3
f 3657/2054/3 3658/2054/3 3660/2054/3 3659/2054/3
f 3659/2055/2 3660/2055/2 3662/2055/2 3661/2055/2
f 3661/2056/1 3662/2056/1 3664/2056/1 3663/2056/1
f 3658/2057/4 3664/2057/4 3662/2057/4 3660/2057/4
f 3667/2058/3 3668/2058/3 3670/2058/3 3669/2058/3
f 3669/2059/2 3670/2059/2 3672/2059/2 3671/2059/2
f 3671/2060/1 3672/2060/1 3666/2060/1 3665/2060/1
f 3666/2061/4 3672/2061/4 3670/2061/4 3668/2061/4
f 3673/2062/3 3674/2062/3 3676/2062/3 3675/2062/3
f 3677/2063/1 3678/2063/1 3680/2063/1 3679/2063/1
f 3679/2064/2 3680/2064/2 3674/2064/2 3673/2064/2
f 3674/2065/5 3680/2065/5 3678/2065/5 3676/2065/5
f 3681/2066/3 3682/2066/3 3684/2066/3 3683/2066/3
f 3685/2067/1 3686/2067/1 3688/2067/1 3687/2067/1
f 3687/2068/2 3688/2068/2 3682/2068/2 3681/2068/2
f 3682/2069/5 3688/2069/5 3686/2069/5 3684/2069/5
f 3689/2070/3 3690/2070/3 3692/2070/3 3691/2070/3
f 3693/2071/1 3694/2071/1 3696/2071/1 3695/2071/1
f 3695/2072/2 3696/2072/2 3690/2072/2 3689/2072/2
f 3690/2073/5 3696/2073/5 3694/2073/5 3692/2073/5
f 3697/2074/3 3698/2074/3 3700/2074/3 3699/2074/3
f 3701/2075/1 3702/2075/1 3704/2075/1 3703/2075/1
f 3703/2076/2 3704/2076/2 3698/2076/2 3697/2076/2
f 3698/2077/5 3704/2077/5 3702/2077/5 3700/2077/5
f 3705/2078/3 3706/2078/3 3708/2078/3 3707/2078/3
f 3707/2079/2 3708/2079/2 3710/2079/2 3709/2079/2
f 3709/2080/1 3710/2080/1 3712/2080/1 3711/2080/1
f 3711/2081/5 3705/2081/5 3707/2081/5 3709/2081/5
f 3717/2082/4 3718/2082/4 3719/2082/4 3720/2082/4
f 3714/2083/4 3713/2083/4 3706/2083/4 3712/2083/4
f 3715/2084/4 3714/2084/4 3712/2084/4 3710/2084/4
f 3716/2085/4 3715/2085/4 3710/2085/4 3708/2085/4
f 3713/2086/4 3716/2086/4 3708/2086/4 3706/2086/4
f 3718/2087/6 3717/2087/6 3713/2087/6 3714/2087/6
f 3719/2088/1 3718/2088/1 3714/2088/1 3715/2088/1
f 3720/2089/2 3719/2089/2 3715/2089/2 3716/2089/2
f 3717/2090/3 3720/2090/3 3716/2090/3 3713/2090/3
f 3721/2091/3 3722/2091/3 3724/2091/3 3723/2091/3
f 3723/2092/2 3724/2092/2 3726/2092/2 3725/2092/2
f 3725/2093/1 3726/2093/1 3728/2093/1 3727/2093/1
f 3722/2094/4 3728/2094/4 3726/2094/4 3724/2094/4
f 3731/2095/3 3732/2095/3 3734/2095/3 3733/2095/3
f 3733/2096/2 3734/2096/2 3736/2096/2 3735/2096/2
f 3735/2097/1 3736/2097/1 3730/2097/1 3729/2097/1
f 3730/2098/4 3736/2098/4 3734/2098/4 3732/2098/4
f 3737/2099/3 3738/2099/3 3740/2099/3 3739/2099/3
f 3741/2100/1 3742/2100/1 3744/2100/1 3743/2100/1
f 3743/2101/2 3744/2101/2 3738/2101/2 3737/2101/2
f 3738/2102/5 3744/2102/5 3742/2102/5 3740/2102/5
f 3745/2103/3 3746/2103/3 3748/2103/3 3747/2103/3
f 3749/2104/1 3750/2104/1 3752/2104/1 3751/2104/1
f 3751/2105/2 3752/2105/2 3746/2105/2 3745/2105/2
f 3746/2106/5 3752/2106/5 3750/2106/5 3748/2106/5
f 3753/2107/3 3754/2107/3 3756/2107/3 3755/2107/3
f 3757/2108/1 3758/2108/1 3760/2108/1 3759/2108/1
f 3759/2109/2 3760/2109/2 3754/2109/2 3753/2109/2
f 3754/2110/5 3760/2110/5 3758/2110/5 3756/2110/5
f 3761/2111/3 3762/2111/3 3764/2111/3 3763/2111/3
f 3765/2112/1 3766/2112/1 3768/2112/1 3767/2112/1
f 3767/2113/2 3768/2113/2 3762/2113/2 3761/2113/2
f 3762/2114/5 3768/2114/5 3766/2114/5 3764/2114/5
f 3769/2115/3 3770/2115/3 3772/2115/3 3771/2115/3
f 3771/2116/2 3772/2116/2 3774/2116/2 3773/2116/2
f 3773/2117/1 3774/2117/1 3776/2117/1 3775/2117/1
f 3775/2118/5 3769/2118/5 3771/2118/5 3773/2118/5
f 3781/2119/4 3782/2119/4 3783/2119/4 3784/2119/4
f 3778/2120/4 3777/2120/4 3770/2120/4 3776/2120/4
f 3779/2121/4 3778/2121/4 3776/2121/4 3774/2121/4
f 3780/2122/4 3779/2122/4 3774/2122/4 3772/2122/4
f 3777/2123/4 3780/2123/4 3772/2123/4 3770/2123/4
f 3782/2124/6 3781/2124/6 3777/2124/6 3778/2124/6
f 3783/2125/1 3782/2125/1 3778/2125/1 3779/2125/1
f 3784/2126/2 3783/2126/2 3779/2126/2 3780/2126/2
f 3781/2127/3 3784/2127/3 3780/2127/3 3777/2127/3
f 3785/2128/3 3786/2128/3 3788/2128/3 3787/2128/3
f 3787/2129/2 3788/2129/2 3790/2129/2 3789/2129/2
f 3789/2130/1 3790/2130/1 3792/2130/1 3791/2130/1
f 3786/2131/4 3792/2131/4 3790/2131/4 3788/2131/4
f 3795/2132/3 3796/2132/3 3798/2132/3 3797/2132/3
f 3797/2133/2 3798/2133/2 3800/2133/2 3799/2133/2
f 3799/2134/1 3800/2134/1 3794/2134/1 3793/2134/1
f 3794/2135/4 3800/2135/4 3798/2135/4 3796/2135/4
f 3801/2136/3 3802/2136/3 3804/2136/3 3803/2136/3
f 3805/2137/1 3806/2137/1 3808/2137/1 3807/2137/1
f 3807/2138/2 3808/2138/2 3802/2138/2 3801/2138/2
f 3802/2139/5 3808/2139/5 3806/2139/5 3804/2139/5
f 3809/2140/3 3810/2140/3 3812/2140/3 3811/2140/3
f 3813/2141/1 3814/2141/1 3816/2141/1 3815/2141/1
f 3815/2142/2 3816/2142/2 3810/2142/2 3809/2142/2
f 3810/2143/5 3816/2143/5 3814/2143/5 3812/2143/5
f 3817/2144/3 3818/2144/3 3820/2144/3 3819/2144/3
f 3821/2145/1 3822/2145/1 3824/2145/1 3823/2145/1
f 3823/2146/2 3824/2146/2 3818/2146/2 3817/2146/2
f 3818/2147/5 3824/2147/5 3822/2147/5 3820/2147/5
f 3825/2148/3 3826/2148/3 3828/2148/3 3827/2148/3
f 3829/2149/1 3830/2149/1 3832/2149/1 3831/2149/1
f 3831/2150/2 3832/2150/2 3826/2150/2 3825/2150/2
f 3826/2151/5 3832/2151/5 3830/2151/5 3828/2151/5
f 3833/2152/3 3834/2152/3 3836/2152/3 3835/2152/3
f 3835/2153/2 3836/2153/2 3838/2153/2 3837/2153/2
f 3837/2154/1 3838/2154/1 3840/2154/1 3839/2154/1
f 3839/2155/5 3833/2155/5 3835/2155/5 3837/2155/5
f 3845/2156/4 3846/2156/4 3847/2156/4 3848/2156/4
f 3842/2157/4 3841/2157/4 3834/2157/4 3840/2157/4
f 3843/2158/4 3842/2158/4 3840/2158/4 3838/2158/4
f 3844/2159/4 3843/2159/4 3838/2159/4 3836/2159/4
f 3841/2160/4 3844/2160/4 3836/2160/4 3834/2160/4
f 3846/2161/6 3845/2161/6 3841/2161/6 3842/2161/6
f 3847/2162/1 3846/2162/1 3842/2162/1 3843/2162/1
f 3848/2163/2 3847/2163/2 3843/2163/2 3844/2163/2
f 3845/2164/3 3848/2164/3 3844/2164/3 3841/2164/3
f 3849/2165/3 3850/2165/3 3852/2165/3 3851/2165/3
f 3851/2166/2 3852/2166/2 3854/2166/2 3853/2166/2
f 3853/2167/1 3854/2167/1 3856/2167/1 3855/2167/1
f 3850/2168/4 3856/2168/4 3854/2168/4 3852/2168/4
f 3859/2169/3 3860/2169/3 3862/2169/3 3861/2169/3
f 3861/2170/2 3862/2170/2 3864/2170/2 3863/2170/2
f 3863/2171/1 3864/2171/1 3858/2171/1 3857/2171/1
f 3858/2172/4 3864/2172/4 3862/2172/4 3860/2172/4
f 3865/2173/3 3866/2173/3 3868/2173/3 3867/2173/3
f 3869/2174/1 3870/2174/1 3872/2174/1 3871/2174/1
f 3871/2175/2 3872/2175/2 3866/2175/2 3865/2175/2
f 3866/2176/5 3872/2176/5 3870/2176/5 3868/2176/5
f 3873/2177/3 3874/2177/3 3876/2177/3 3875/2177/3
f 3877/2178/1 3878/2178/1 3880/2178/1 3879/2178/1
f 3879/2179/2 3880/2179/2 3874/2179/2 3873/2179/2
f 3874/2180/5 3880/2180/5 3878/2180/5 3876/2180/5
f 3881/2181/3 3882/2181/3 3884/2181/3 3883/2181/3
f 3885/2182/1 3886/2182/1 3888/2182/1 3887/2182/1
f 3887/2183/2 3888/2183/2 3882/2183/2 3881/2183/2
f 3882/2184/5 3888/2184/5 3886/2184/5 3884/2184/5
f 3889/2185/3 3890/2185/3 3892/2185/3 3891/2185/3
f 3893/2186/1 3894/2186/1 3896/2186/1 3895/2186/1
f 3895/2187/2 3896/2187/2 3890/2187/2 3889/2187/2
f 3890/2188/5 3896/2188/5 3894/2188/5 3892/2188/5
f 3897/2189/3 3898/2189/3 3900/2189/3 3899/2189/3
f 3899/2190/2 3900/2190/2 3902/2190/2 3901/2190/2
f 3901/2191/1 3902/2191/1 3904/2191/1 3903/2191/1
f 3903/2192/5 3897/2192/5 3899/2192/5 3901/2192/5
f 3909/2193/4 3910/2193/4 3911/2193/4 3912/2193/4
f 3906/2194/4 3905/2194/4 3898/2194/4 3904/2194/4
f 3907/2195/4 3906/2195/4 3904/2195/4 3902/2195/4
f 3908/2196/4 3907/2196/4 3902/2196/4 3900/2196/4
f 3905/2197/4 3908/2197/4 3900/2197/4 3898/2197/4
f 3910/2198/6 3909/2198/6 3905/2198/6 3906/2198/6
f 3911/2199/1 3910/2199/1 3906/2199/1 3907/2199/1
f 3912/2200/2 3911/2200/2 3907/2200/2 3908/2200/2
f 3909/2201/3 3912/2201/3 3908/2201/3 3905/2201/3
f 3913/2202/3 3914/2202/3 3916/2202/3 3915/2202/3
f 3915/2203/2 3916/2203/2 3918/2203/2 3917/2203/2
f 3917/2204/1 3918/2204/1 3920/2204/1 3919/2204/1
f 3914/2205/4 3920/2205/4 3918/2205/4 3916/2205/4
f 3923/2206/3 3924/2206/3 3926/2206/3 3925/2206/3
f 3925/2207/2 3926/2207/2 3928/2207/2 3927/2207/2
f 3927/2208/1 3928/2208/1 3922/2208/1 3921/2208/1
f 3922/2209/4 3928/2209/4 3926/2209/4 3924/2209/4
f 3929/2210/3 3930/2210/3 3932/2210/3 3931/2210/3
f 3933/2211/1 3934/2211/1 3936/2211/1 3935/2211/1
f 3935/2212/2 3936/2212/2 3930/2212/2 3929/2212/2
f 3930/2213/5 3936/2213/5 3934/2213/5 3932/2213/5
f 3937/2214/3 3938/2214/3 3940/2214/3 3939/2214/3
f 3941/2215/1 3942/2215/1 3944/2215/1 3943/2215/1
f 3943/2216/2 3944/2216/2 3938/2216/2 3937/2216/2
f 3938/2217/5 3944/2217/5 3942/2217/5 3940/2217/5
f 3945/2218/3 3946/2218/3 3948/2218/3 3947/2218/3
f 3949/2219/1 3950/2219/1 3952/2219/1 3951/2219/1
f 3951/2220/2 3952/2220/2 3946/2220/2 3945/2220/2
f 3946/2221/5 3952/2221/5 3950/2221/5 3948/2221/5
f 3953/2222/3 3954/2222/3 3956/2222/3 3955/2222/3
f 3957/2223/1 3958/2223/1 3960/2223/1 3959/2223/1
f 3959/2224/2 3960/2224/2 3954/2224/2 3953/2224/2
f 3954/2225/5 3960/2225/5 3958/2225/5 3956/2225/5
f 3961/2226/3 3962/2226/3 3964/2226/3 3963/2226/3
f 3963/2227/2 3964/2227/2 3966/2227/2 3965/2227/2
f 3965/2228/1 3966/2228/1 3968/2228/1 3967/2228/1
f 3967/2229/5 3961/2229/5 3963/2229/5 3965/2229/5
f 3973/2230/4 3974/2230/4 3975/2230/4 3976/2230/4
f 3970/2231/4 3969/2231/4 3962/2231/4 3968/2231/4
f 3971/2232/4 3970/2232/4 3968/2232/4 3966/2232/4
f 3972/2233/4 3971/2233/4 3966/2233/4 3964/2233/4
f 3969/2234/4 3972/2234/4 3964/2234/4 3962/2234/4
f 3974/2235/6 3973/2235/6 3969/2235/6 3970/2235/6
f 3975/2236/1 3974/2236/1 3970/2236/1 3971/2236/1
f 3976/2237/2 3975/2237/2 3971/2237/2 3972/2237/2
f 3973/2238/3 3976/2238/3 3972/2238/3 3969/2238/3
f 3977/2239/3 3978/2239/3 3980/2239/3 3979/2239/3
f 3979/2240/2 3980/2240/2 3982/2240/2 3981/2240/2
f 3981/2241/1 3982/2241/1 3984/2241/1 3983/2241/1
f 3978/2242/4 3984/2242/4 3982/2242/4 3980/2242/4
f 3987/2243/3 3988/2243/3 3990/2243/3 3989/2243/3
f 3989/2244/2 3990/2244/2 3992/2244/2 3991/2244/2
f 3991/2245/1 3992/2245/1 3986/2245/1 3985/2245/1
f 3986/2246/4 3992/2246/4 3990/2246/4 3988/2246/4
f 3993/2247/3 3994/2247/3 3996/2247/3 3995/2247/3
f 3997/2248/1 3998/2248/1 4000/2248/1 3999/2248/1
f 3999/2249/2 4000/2249/2 3994/2249/2 3993/2249/2
f 3994/2250/5 4000/2250/5 3998/2250/5 3996/2250/5
f 4001/2251/3 4002/2251/3 4004/2251/3 4003/2251/3
f 4005/2252/1 4006/2252/1 4008/2252/1 4007/2252/1
f 4007/2253/2 4008/2253/2 4002/2253/2 4001/2253/2
f 4002/2254/5 4008/2254/5 4006/2254/5 4004/2254/5
f 4009/2255/3 4010/2255/3 4012/2255/3 4011/2255/3
f 4013/2256/1 4014/2256/1 4016/2256/1 4015/2256/1
f 4015/2257/2 4016/2257/2 4010/2257/2 4009/2257/2
f 4010/2258/5 4016/2258/5 4014/2258/5 4012/2258/5
f 4017/2259/3 4018/2259/3 4020/2259/3 4019/2259/3
f 4021/2260/1 4022/2260/1 4024/2260/1 4023/2260/1
f 4023/2261/2 4024/2261/2 4018/2261/2 4017/2261/2
f 4018/2262/5 4024/2262/5 4022/2262/5 4020/2262/5
f 4025/2263/3 4026/2263/3 4028/2263/3 4027/2263/3
f 4027/2264/2 4028/2264/2 4030/2264/2 4029/2264/2
f 4029/2265/1 4030/2265/1 4032/2265/1 4031/2265/1
f 4031/2266/5 4025/2266/5 4027/2266/5 4029/2266/5
f 4037/2267/4 4038/2267/4 4039/2267/4 4040/2267/4
f 4034/2268/4 4033/2268/4 4026/2268/4 4032/2268/4
f 4035/2269/4 4034/2269/4 4032/2269/4 4030/2269/4
f 4036/2270/4 4035/2270/4 4030/2270/4 4028/2270/4
f 4033/2271/4 4036/2271/4 4028/2271/4 4026/2271/4
f 4038/2272/6 4037/2272/6 4033/2272/6 4034/2272/6
f 4039/2273/1 4038/2273/1 4034/2273/1 4035/2273/1
f 4040/2274/2 4039/2274/2 4035/2274/2 4036/2274/2
f 4037/2275/3 4040/2275/3 4036/2275/3 4033/2275/3
f 4041/2276/3 4042/2276/3 4044/2276/3 4043/2276/3
f 4043/2277/2 4044/2277/2 4046/2277/2 4045/2277/2
f 4045/2278/1 4046/2278/1 4048/2278/1 4047/2278/1
f 4042/2279/4 4048/2279/4 4046/2279/4 4044/2279/4
f 4051/2280/3 4052/2280/3 4054/2280/3 4053/2280/3
f 4053/2281/2 4054/2281/2 4056/2281/2 4055/2281/2
f 4055/2282/1 4056/2282/1 4050/2282/1 4049/2282/1
f 4050/2283/4 4056/2283/4 4054/2283/4 4052/2283/4
f 4057/2284/3 4058/2284/3 4060/2284/3 4059/2284/3
f 4061/2285/1 4062/2285/1 4064/2285/1 4063/2285/1
f 4063/2286/2 4064/2286/2 4058/2286/2 4057/2286/2
f 4058/2287/5 4064/2287/5 4062/2287/5 4060/2287/5
f 4065/2288/3 4066/2288/3 4068/2288/3 4067/2288/3
f 4069/2289/1 4070/2289/1 4072/2289/1 4071/2289/1
f 4071/2290/2 4072/2290/2 4066/2290/2 4065/2290/2
f 4066/2291/5 4072/2291/5 4070/2291/5 4068/2291/5
f 4073/2292/3 4074/2292/3 4076/2292/3 4075/2292/3
f 4077/2293/1 4078/2293/1 4080/2293/1 4079/2293/1
f 4079/2294/2 4080/2294/2 4074/2294/2 4073/2294/2
f 4074/2295/5 4080/2295/5 4078/2295/5 4076/2295/5
f 4081/2296/3 4082/2296/3 4084/2296/3 4083/2296/3
f 4085/2297/1 4086/2297/1 4088/2297/1 4087/2297/1
f 4087/2298/2 4088/2298/2 4082/2298/2 4081/2298/2
f 4082/2299/5 4088/2299/5 4086/2299/5 4084/2299/5
f 4089/2300/3 4090/2300/3 4092/2300/3 4091/2300/3
f 4091/2301/2 4092/2301/2 4094/2301/2 4093/2301/2
f 4093/2302/1 4094/2302/1 4096/2302/1 4095/2302/1
f 4095/2303/5 4089/2303/5 4091/2303/5 4093/2303/5
f 4101/2304/4 4102/2304/4 4103/2304/4 4104/2304/4
f 4098/2305/4 4097/2305/4 4090/2305/4 4096/2305/4
f 4099/2306/4 4098/2306/4 4096/2306/4 4094/2306/4
f 4100/2307/4 4099/2307/4 4094/2307/4 4092/2307/4
f 4097/2308/4 4100/2308/4 4092/2308/4 4090/2308/4
f 4102/2309/6 4101/2309/6 4097/2309/6 4098/2309/6
f 4103/2310/1 4102/2310/1 4098/2310/1 4099/2310/1
f 4104/2311/2 4103/2311/2 4099/2311/2 4100/2311/2
f 4101/2312/3 4104/2312/3 4100/2312/3 4097/2312/3
f 4105/2313/3 4106/2313/3 4108/2313/3 4107/2313/3
f 4107/2314/2 4108/2314/2 4110/2314/2 4109/2314/2
f 4109/2315/1 4110/2315/1 4112/2315/1 4111/2315/1
f 4106/2316/4 4112/2316/4 4110/2316/4 4108/2316/4
f 4115/2317/3 4116/2317/3 4118/2317/3 4117/2317/3
f 4117/2318/2 4118/2318/2 4120/2318/2 4119/2318/2
f 4119/2319/1 4120/2319/1 4114/2319/1 4113/2319/1
f 4114/2320/4 4120/2320/4 4118/2320/4 4116/2320/4
f 4121/2321/3 4122/2321/3 4124/2321/3 4123/2321/3
f 4125/2322/1 4126/2322/1 4128/2322/1 4127/2322/1
f 4127/2323/2 4128/2323/2 4122/2323/2 4121/2323/2
f 4122/2324/5 4128/2324/5 4126/2324/5 4124/2324/5
f 4129/2325/3 4130/2325/3 4132/2325/3 4131/2325/3
f 4133/2326/1 4134/2326/1 4136/2326/1 4135/2326/1
f 4135/2327/2 4136/2327/2 4130/2327/2 4129/2327/2
f 4130/2328/5 4136/2328/5 4134/2328/5 4132/2328/5
f 4137/2329/3 4138/2329/3 4140/2329/3 4139/2329/3
f 4141/2330/1 4142/2330/1 4144/2330/1 4143/2330/1
f 4143/2331/2 4144/2331/2 4138/2331/2 4137/2331/2
f 4138/2332/5 4144/2332/5 4142/2332/5 4140/2332/5
f 4145/2333/3 4146/2333/3 4148/2333/3 4147/2333/3
f 4149/2334/1 4150/2334/1 4152/2334/1 4151/2334/1
f 4151/2335/2 4152/2335/2 4146/2335/2 4145/2335/2
f 4146/2336/5 4152/2336/5 4150/2336/5 4148/2336/5
f 4153/2337/3 4154/2337/3 4156/2337/3 4155/2337/3
f 4155/2338/2 4156/2338/2 4158/2338/2 4157/2338/2
f 4157/2339/1 4158/2339/1 4160/2339/1 4159/2339/1
f 4159/2340/5 4153/2340/5 4155/2340/5 4157/2340/5
f 4165/2341/4 4166/2341/4 4167/2341/4 4168/2341/4
f 4162/2342/4 4161/2342/4 4154/2342/4 4160/2342/4
f 4163/2343/4 4162/2343/4 4160/2343/4 4158/2343/4
f 4164/2344/4 4163/2344/4 4158/2344/4 4156/2344/4
f 4161/2345/4 4164/2345/4 4156/2345/4 4154/2345/4
f 4166/2346/6 4165/2346/6 4161/2346/6 4162/2346/6
f 4167/2347/1 4166/2347/1 4162/2347/1 4163/2347/1
f 4168/2348/2 4167/2348/2 4163/2348/2 4164/2348/2
f 4165/2349/3 4168/2349/3 4164/2349/3 4161/2349/3
f 4169/2350/3 4170/2350/3 4172/2350/3 4171/2350/3
f 4171/2351/2 4172/2351/2 4174/2351/2 4173/2351/2
f 4173/2352/1 4174/2352/1 4176/2352/1 4175/2352/1
f 4170/2353/4 4176/2353/4 4174/2353/4 4172/2353/4
f 4179/2354/3 4180/2354/3 4182/2354/3 4181/2354/3
f 4181/2355/2 4182/2355/2 4184/2355/2 4183/2355/2
f 4183/2356/1 4184/2356/1 4178/2356/1 4177/2356/1
f 4178/2357/4 4184/2357/4 4182/2357/4 4180/2357/4
f 4185/2358/3 4186/2358/3 4188/2358/3 4187/2358/3
f 4189/2359/1 4190/2359/1 4192/2359/1 4191/2359/1
f 4191/2360/2 4192/2360/2 4186/2360/2 4185/2360/2
f 4186/2361/5 4192/2361/5 4190/2361/5 4188/2361/5
f 4193/2362/3 4194/2362/3 4196/2362/3 4195/2362/3
f 4197/2363/1 4198/2363/1 4200/2363/1 4199/2363/1
f 4199/2364/2 4200/2364/2 4194/2364/2 4193/2364/2
f 4194/2365/5 4200/2365/5 4198/2365/5 4196/2365/5
f 4201/2366/3 4202/2366/3 4204/2366/3 4203/2366/3
f 4205/2367/1 4206/2367/1 4208/2367/1 4207/2367/1
f 4207/2368/2 4208/2368/2 4202/2368/2 4201/2368/2
f 4202/2369/5 4208/2369/5 4206/2369/5 4204/2369/5
f 4209/2370/3 4210/2370/3 4212/2370/3 4211/2370/3
f 4213/2371/1 4214/2371/1 4216/2371/1 4215/2371/1
f 4215/2372/2 4216/2372/2 4210/2372/2 4209/2372/2
f 4210/2373/5 4216/2373/5 4214/2373/5 4212/2373/5
f 4217/2374/3 4218/2374/3 4220/2374/3 4219/2374/3
f 4219/2375/2 4220/2375/2 4222/2375/2 4221/2375/2
f 4221/2376/1 4222/2376/1 4224/2376/1 4223/2376/1
f 4223/2377/5 4217/2377/5 4219/2377/5 4221/2377/5
f 4229/2378/4 4230/2378/4 4231/2378/4 4232/2378/4
f 4226/2379/4 4225/2379/4 4218/2379/4 4224/2379/4
f 4227/2380/4 4226/2380/4 4224/2380/4 4222/2380/4
f 4228/2381/4 4227/2381/4 4222/2381/4 4220/2381/4
f 4225/2382/4 4228/2382/4 4220/2382/4 4218/2382/4
f 4230/2383/6 4229/2383/6 4225/2383/6 4226/2383/6
f 4231/2384/1 4230/2384/1 4226/2384/1 4227/2384/1
f 4232/2385/2 4231/2385/2 4227/2385/2 4228/2385/2
f 4229/2386/3 4232/2386/3 4228/2386/3 4225/2386/3
f 4233/2387/3 4234/2387/3 4236/2387/3 4235/2387/3
f 4235/2388/2 4236/2388/2 4238/2388/2 4237/2388/2
f 4237/2389/1 4238/2389/1 4240/2389/1 4239/2389/1
f 4234/2390/4 4240/2390/4 4238/2390/4 4236/2390/4
f 4243/2391/3 4244/2391/3 4246/2391/3 4245/2391/3
f 4245/2392/2 4246/2392/2 4248/2392/2 4247/2392/2
f 4247/2393/1 4248/2393/1 4242/2393/1 4241/2393/1
f 4242/2394/4 4248/2394/4 4246/2394/4 4244/2394/4
f 4249/2395/3 4250/2395/3 4252/2395/3 4251/2395/3
f 4253/2396/1 4254/2396/1 4256/2396/1 4255/2396/1
f 4255/2397/2 4256/2397/2 4250/2397/2 4249/2397/2
f 4250/2398/5 4256/2398/5 4254/2398/5 4252/2398/5
f 4257/2399/3 4258/2399/3 4260/2399/3 4259/2399/3
f 4261/2400/1 4262/2400/1 4264/2400/1 4263/2400/1
f 4263/2401/2 4264/2401/2 4258/2401/2 4257/2401/2
f 4258/2402/5 4264/2402/5 4262/2402/5 4260/2402/5
f 4265/2403/3 4266/2403/3 4268/2403/3 4267/2403/3
f 4269/2404/1 4270/2404/1 4272/2404/1 4271/2404/1
f 4271/2405/2 4272/2405/2 4266/2405/2 4265/2405/2
f 4266/2406/5 4272/2406/5 4270/2406/5 4268/2406/5
f 4273/2407/3 4274/2407/3 4276/2407/3 4275/2407/3
f 4277/2408/1 4278/2408/1 4280/2408/1 4279/2408/1
f 4279/2409/2 4280/2409/2 4274/2409/2 4273/2409/2
f 4274/2410/5 4280/2410/5 4278/2410/5 4276/2410/5
f 4281/2411/3 4282/2411/3 4284/2411/3 4283/2411/3
f 4283/2412/2 4284/2412/2 4286/2412/2 4285/2412/2
f 4285/2413/1 4286/2413/1 4288/2413/1 4287/2413/1
f 4287/2414/5 4281/2414/5 4283/2414/5 4285/2414/5
f 4293/2415/4 4294/2415/4 4295/2415/4 4296/2415/4
f 4290/2416/4 4289/2416/4 4282/2416/4 4288/2416/4
f 4291/2417/4 4290/2417/4 4288/2417/4 4286/2417/4
f 4292/2418/4 4291/2418/4 4286/2418/4 4284/2418/4
f 4289/2419/4 4292/2419/4 4284/2419/4 4282/2419/4
f 4294/2420/6 4293/2420/6 4289/2420/6 4290/2420/6
f 4295/2421/1 4294/2421/1 4290/2421/1 4291/2421/1
f 4296/2422/2 4295/2422/2 4291/2422/2 4292/2422/2
f 4293/2423/3 4296/2423/3 4292/2423/3 4289/2423/3
f 4297/2424/3 4298/2424/3 4300/2424/3 4299/2424/3
f 4299/2425/2 4300/2425/2 4302/2425/2 4301/2425/2
f 4301/2426/1 4302/2426/1 4304/2426/1 4303/2426/1
f 4298/2427/4 4304/2427/4 4302/2427/4 4300/2427/4
f 4307/2428/3 4308/2428/3 4310/2428/3 4309/2428/3
f 4309/2429/2 4310/2429/2 4312/2429/2 4311/2429/2
f 4311/2430/1 4312/2430/1 4306/2430/1 4305/2430/1
f 4306/2431/4 4312/2431/4 4310/2431/4 4308/2431/4
f 4313/2432/3 4314/2432/3 4316/2432/3 4315/2432/3
f 4317/2433/1 4318/2433/1 4320/2433/1 4319/2433/1
f 4319/2434/2 4320/2434/2 4314/2434/2 4313/2434/2
f 4314/2435/5 4320/2435/5 4318/2435/5 4316/2435/5
f 4321/2436/3 4322/2436/3 4324/2436/3 4323/2436/3
f 4325/2437/1 4326/2437/1 4328/2437/1 4327/2437/1
f 4327/2438/2 4328/2438/2 4322/2438/2 4321/2438/2
f 4322/2439/5 4328/2439/5 4326/2439/5 4324/2439/5
f 4329/2440/3 4330/2440/3 4332/2440/3 4331/2440/3
f 4333/2441/1 4334/2441/1 4336/2441/1 4335/2441/1
f 4335/2442/2 4336/2442/2 4330/2442/2 4329/2442/2
f 4330/2443/5 4336/2443/5 4334/2443/5 4332/2443/5
f 4337/2444/3 4338/2444/3 4340/2444/3 4339/2444/3
f 4341/2445/1 4342/2445/1 4344/2445/1 4343/2445/1
f 4343/2446/2 4344/2446/2 4338/2446/2 4337/2446/2
f 4338/2447/5 4344/2447/5 4342/2447/5 4340/2447/5
f 4345/2448/3 4346/2448/3 4348/2448/3 4347/2448/3
f 4347/2449/2 4348/2449/2 4350/2449/2 4349/2449/2
f 4349/2450/1 4350/2450/1 4352/2450/1 4351/2450/1
f 4351/2451/5 4345/2451/5 4347/2451/5 4349/2451/5
f 4357/2452/4 4358/2452/4 4359/2452/4 4360/2452/4
f 4354/2453/4 4353/2453/4 4346/2453/4 4352/2453/4
f 4355/2454/4 4354/2454/4 4352/2454/4 4350/2454/4
f 4356/2455/4 4355/2455/4 4350/2455/4 4348/2455/4
f 4353/2456/4 4356/2456/4 4348/2456/4 4346/2456/4
f 4358/2457/6 4357/2457/6 4353/2457/6 4354/2457/6
f 4359/2458/1 4358/2458/1 4354/2458/1 4355/2458/1
f 4360/2459/2 4359/2459/2 4355/2459/2 4356/2459/2
f 4357/2460/3 4360/2460/3 4356/2460/3 4353/2460/3
f 4361/2461/3 4362/2461/3 4364/2461/3 4363/2461/3
f 4363/2462/2 4364/2462/2 4366/2462/2 4365/2462/2
f 4365/2463/1 4366/2463/1 4368/2463/1 4367/2463/1
f 4362/2464/4 4368/2464/4 4366/2464/4 4364/2464/4
f 4371/2465/3 4372/2465/3 4374/2465/3 4373/2465/3
f 4373/2466/2 4374/2466/2 4376/2466/2 4375/2466/2
f 4375/2467/1 4376/2467/1 4370/2467/1 4369/2467/1
f 4370/2468/4 4376/2468/4 4374/2468/4 4372/2468/4
f 4377/2469/3 4378/2469/3 4380/2469/3 4379/2469/3
f 4381/2470/1 4382/2470/1 4384/2470/1 4383/2470/1
f 4383/2471/2 4384/2471/2 4378/2471/2 4377/2471/2
f 4378/2472/5 4384/2472/5 4382/2472/5 4380/2472/5
f 4385/2473/3 4386/2473/3 4388/2473/3 4387/2473/3
f 4389/2474/1 4390/2474/1 4392/2474/1 4391/2474/1
f 4391/2475/2 4392/2475/2 4386/2475/2 4385/2475/2
f 4386/2476/5 4392/2476/5 4390/2476/5 4388/2476/5
f 4393/2477/3 4394/2477/3 4396/2477/3 4395/2477/3
f 4397/2478/1 4398/2478/1 4400/2478/1 4399/2478/1
f 4399/2479/2 4400/2479/2 4394/2479/2 4393/2479/2
f 4394/2480/5 4400/2480/5 4398/2480/5 4396/2480/5
f 4401/2481/3 4402/2481/3 4404/2481/3 4403/2481/3
f 4405/2482/1 4406/2482/1 4408/2482/1 4407/2482/1
f 4407/2483/2 4408/2483/2 4402/2483/2 4401/2483/2
f 4402/2484/5 4408/2484/5 4406/2484/5 4404/2484/5
f 4409/2485/3 4410/2485/3 4412/2485/3 4411/2485/3
f 4411/2486/2 4412/2486/2 4414/2486/2 4413/2486/2
f 4413/2487/1 4414/2487/1 4416/2487/1 4415/2487/1
f 4415/2488/5 4409/2488/5 4411/2488/5 4413/2488/5
f 4421/2489/4 4422/2489/4 4423/2489/4 4424/2489/4
f 4418/2490/4 4417/2490/4 4410/2490/4 4416/2490/4
f 4419/2491/4 4418/2491/4 4416/2491/4 4414/2491/4
f 4420/2492/4 4419/2492/4 4414/2492/4 4412/2492/4
f 4417/2493/4 4420/2493/4 4412/2493/4 4410/2493/4
f 4422/2494/6 4421/2494/6 4417/2494/6 4418/2494/6
f 4423/2495/1 4422/2495/1 4418/2495/1 4419/2495/1
f 4424/2496/2 4423/2496/2 4419/2496/2 4420/2496/2
f 4421/2497/3 4424/2497/3 4420/2497/3 4417/2497/3
f 4425/2498/3 4426/2498/3 4428/2498/3 4427/2498/3
f 4427/2499/2 4428/2499/2 4430/2499/2 4429/2499/2
f 4429/2500/1 4430/2500/1 4432/2500/1 4431/2500/1
f 4426/2501/4 4432/2501/4 4430/2501/4 4428/2501/4
f 4435/2502/3 4436/2502/3 4438/2502/3 4437/2502/3
f 4437/2503/2 4438/2503/2 4440/2503/2 4439/2503/2
f 4439/2504/1 4440/2504/1 4434/2504/1 4433/2504/1
f 4434/2505/4 4440/2505/4 4438/2505/4 4436/2505/4
f 4441/2506/3 4442/2506/3 4444/2506/3 4443/2506/3
f 4445/2507/1 4446/2507/1 4448/2507/1 4447/2507/1
f 4447/2508/2 4448/2508/2 4442/2508/2 4441/2508/2
f 4442/2509/5 4448/2509/5 4446/2509/5 4444/2509/5
f 4449/2510/3 4450/2510/3 4452/2510/3 4451/2510/3
f 4453/2511/1 4454/2511/1 4456/2511/1 4455/2511/1
f 4455/2512/2 4456/2512/2 4450/2512/2 4449/2512/2
f 4450/2513/5 4456/2513/5 4454/2513/5 4452/2513/5
f 4457/2514/3 4458/2514/3 4460/2514/3 4459/2514/3
f 4461/2515/1 4462/2515/1 4464/2515/1 4463/2515/1
f 4463/2516/2 4464/2516/2 4458/2516/2 4457/2516/2
f 4458/2517/5 4464/2517/5 4462/2517/5 4460/2517/5
f 4465/2518/3 4466/2518/3 4468/2518/3 4467/2518/3
f 4469/2519/1 4470/2519/1 4472/2519/1 4471/2519/1
f 4471/2520/2 4472/2520/2 4466/2520/2 4465/2520/2
f 4466/2521/5 4472/2521/5 4470/2521/5 4468/2521/5
f 4473/2522/3 4474/2522/3 4476/2522/3 4475/2522/3
f 4475/2523/2 4476/2523/2 4478/2523/2 4477/2523/2
f 4477/2524/1 4478/2524/1 4480/2524/1 4479/2524/1
f 4479/2525/5 4473/2525/5 4475/2525/5 4477/2525/5
f 4485/2526/4 4486/2526/4 4487/2526/4 4488/2526/4
f 4482/2527/4 4481/2527/4 4474/2527/4 4480/2527/4
f 4483/2528/4 4482/2528/4 4480/2528/4 4478/2528/4
f 4484/2529/4 4483/2529/4 4478/2529/4 4476/2529/4
f 4481/2530/4 4484/2530/4 4476/2530/4 4474/2530/4
f 4486/2531/6 4485/2531/6 4481/2531/6 4482/2531/6
f 4487/2532/1 4486/2532/1 4482/2532/1 4483/2532/1
f 4488/2533/2 4487/2533/2 4483/2533/2 4484/2533/2
f 4485/2534/3 4488/2534/3 4484/2534/3 4481/2534/3
f 4489/2535/3 4490/2535/3 4492/2535/3 4491/2535/3
f 4491/2536/2 4492/2536/2 4494/2536/2 4493/2536/2
f 4493/2537/1 4494/2537/1 4496/2537/1 4495/2537/1
f 4490/2538/4 4496/2538/4 4494/2538/4 4492/2538/4
f 4499/2539/3 4500/2539/3 4502/2539/3 4501/2539/3
f 4501/2540/2 4502/2540/2 4504/2540/2 4503/2540/2
f 4503/2541/1 4504/2541/1 4498/2541/1 4497/2541/1
f 4498/2542/4 4504/2542/4 4502/2542/4 4500/2542/4
f 4505/2543/3 4506/2543/3 4508/2543/3 4507/2543/3
f 4509/2544/1 4510/2544/1 4512/2544/1 4511/2544/1
f 4511/2545/2 4512/2545/2 4506/2545/2 4505/2545/2
f 4506/2546/5 4512/2546/5 4510/2546/5 4508/2546/5
f 4513/2547/3 4514/2547/3 4516/2547/3 4515/2547/3
f 4517/2548/1 4518/2548/1 4520/2548/1 4519/2548/1
f 4519/2549/2 4520/2549/2 4514/2549/2 4513/2549/2
f 4514/2550/5 4520/2550/5 4518/2550/5 4516/2550/5
f 4521/2551/3 4522/2551/3 4524/2551/3 4523/2551/3
f 4525/2552/1 4526/2552/1 4528/2552/1 4527/2552/1
f 4527/2553/2 4528/2553/2 4522/2553/2 4521/2553/2
f 4522/2554/5 4528/2554/5 4526/2554/5 4524/2554/5
f 4529/2555/3 4530/2555/3 4532/2555/3 4531/2555/3
f 4533/2556/1 4534/2556/1 4536/2556/1 4535/2556/1
f 4535/2557/2 4536/2557/2 4530/2557/2 4529/2557/2
f 4530/2558/5 4536/2558/5 4534/2558/5 4532/2558/5
f 4537/2559/3 4538/2559/3 4540/2559/3 4539/2559/3
f 4539/2560/2 4540/2560/2 4542/2560/2 4541/2560/2
f 4541/2561/1 4542/2561/1 4544/2561/1 4543/2561/1
f 4543/2562/5 4537/2562/5 4539/2562/5 4541/2562/5
f 4549/2563/4 4550/2563/4 4551/2563/4 4552/2563/4
f 4546/2564/4 4545/2564/4 4538/2564/4 4544/2564/4
f 4547/2565/4 4546/2565/4 4544/2565/4 4542/2565/4
f 4548/2566/4 4547/2566/4 4542/2566/4 4540/2566/4
f 4545/2567/4 4548/2567/4 4540/2567/4 4538/2567/4
f 4550/2568/6 4549/2568/6 4545/2568/6 4546/2568/6
f 4551/2569/1 4550/2569/1 4546/2569/1 4547/2569/1
f 4552/2570/2 4551/2570/2 4547/2570/2 4548/2570/2
f 4549/2571/3 4552/2571/3 4548/2571/3 4545/2571/3
f 4553/2572/3 4554/2572/3 4556/2572/3 4555/2572/3
f 4555/2573/2 4556/2573/2 4558/2573/2 4557/2573/2
f 4557/2574/1 4558/2574/1 4560/2574/1 4559/2574/1
f 4554/2575/4 4560/2575/4 4558/2575/4 4556/2575/4
f 4563/2576/3 4564/2576/3 4566/2576/3 4565/2576/3
f 4565/2577/2 4566/2577/2 4568/2577/2 4567/2577/2
f 4567/2578/1 4568/2578/1 4562/2578/1 4561/2578/1
f 4562/2579/4 4568/2579/4 4566/2579/4 4564/2579/4
f 4569/2580/3 4570/2580/3 4572/2580/3 4571/2580/3
f 4573/2581/1 4574/2581/1 4576/2581/1 4575/2581/1
f 4575/2582/2 4576/2582/2 4570/2582/2 4569/2582/2
f 4570/2583/5 4576/2583/5 4574/2583/5 4572/2583/5
f 4577/2584/3 4578/2584/3 4580/2584/3 4579/2584/3
f 4581/2585/1 4582/2585/1 4584/2585/1 4583/2585/1
f 4583/2586/2 4584/2586/2 4578/2586/2 4577/2586/2
f 4578/2587/5 4584/2587/5 4582/2587/5 4580/2587/5
f 4585/2588/3 4586/2588/3 4588/2588/3 4587/2588/3
f 4589/2589/1 4590/2589/1 4592/2589/1 4591/2589/1
f 4591/2590/2 4592/2590/2 4586/2590/2 4585/2590/2
f 4586/2591/5 4592/2591/5 4590/2591/5 4588/2591/5
f 4593/2592/3 4594/2592/3 4596/2592/3 4595/2592/3
f 4597/2593/1 4598/2593/1 4600/2593/1 4599/2593/1
f 4599/2594/2 4600/2594/2 4594/2594/2 4593/2594/2
f 4594/2595/5 4600/2595/5 4598/2595/5 4596/2595/5
f 4601/2596/3 4602/2596/3 4604/2596/3 4603/2596/3
f 4603/2597/2 4604/2597/2 4606/2597/2 4605/2597/2
f 4605/2598/1 4606/2598/1 4608/2598/1 4607/2598/1
f 4607/2599/5 4601/2599/5 4603/2599/5 4605/2599/5
f 4613/2600/4 4614/2600/4 4615/2600/4 4616/2600/4
f 4610/2601/4 4609/2601/4 4602/2601/4 4608/2601/4
f 4611/2602/4 4610/2602/4 4608/2602/4 4606/2602/4
f 4612/2603/4 4611/2603/4 4606/2603/4 4604/2603/4
f 4609/2604/4 4612/2604/4 4604/2604/4 4602/2604/4
f 4614/2605/6 4613/2605/6 4609/2605/6 4610/2605/6
f 4615/2606/1 4614/2606/1 4610/2606/1 4611/2606/1
f 4616/2607/2 4615/2607/2 4611/2607/2 4612/2607/2
f 4613/2608/3 4616/2608/3 4612/2608/3 4609/2608/3
f 4617/2609/3 4618/2609/3 4620/2609/3 4619/2609/3
f 4619/2610/2 4620/2610/2 4622/2610/2 4621/2610/2
f 4621/2611/1 4622/2611/1 4624/2611/1 4623/2611/1
f 4618/2612/4 4624/2612/4 4622/2612/4 4620/2612/4
f 4627/2613/3 4628/2613/3 4630/2613/3 4629/2613/3
f 4629/2614/2 4630/2614/2 4632/2614/2 4631/2614/2
f 4631/2615/1 4632/2615/1 4626/2615/1 4625/2615/1
f 4626/2616/4 4632/2616/4 4630/2616/4 4628/2616/4
f 4633/2617/3 4634/2617/3 4636/2617/3 4635/2617/3
f 4637/2618/1 4638/2618/1 4640/2618/1 4639/2618/1
f 4639/2619/2 4640/2619/2 4634/2619/2 4633/2619/2
f 4634/2620/5 4640/2620/5 4638/2620/5 4636/2620/5
f 4641/2621/3 4642/2621/3 4644/2621/3 4643/2621/3
f 4645/2622/1 4646/2622/1 4648/2622/1 4647/2622/1
f 4647/2623/2 4648/2623/2 4642/2623/2 4641/2623/2
f 4642/2624/5 4648/2624/5 4646/2624/5 4644/2624/5
f 4649/2625/3 4650/2625/3 4652/2625/3 4651/2625/3
f 4653/2626/1 4654/2626/1 4656/2626/1 4655/2626/1
f 4655/2627/2 4656/2627/2 4650/2627/2 4649/2627/2
f 4650/2628/5 4656/2628/5 4654/2628/5 4652/2628/5
f 4657/2629/3 4658/2629/3 4660/2629/3 4659/2629/3
f 4661/2630/1 4662/2630/1 4664/2630/1 4663/2630/1
f 4663/2631/2 4664/2631/2 4658/2631/2 4657/2631/2
f 4658/2632/5 4664/2632/5 4662/2632/5 4660/2632/5
f 4665/2633/3 4666/2633/3 4668/2633/3 4667/2633/3
f 4667/2634/2 4668/2634/2 4670/2634/2 4669/2634/2
f 4669/2635/1 4670/2635/1 4672/2635/1 4671/2635/1
f 4671/2636/5 4665/2636/5 4667/2636/5 4669/2636/5
f 4677/2637/4 4678/2637/4 4679/2637/4 4680/2637/4
f 4674/2638/4 4673/2638/4 4666/2638/4 4672/2638/4
f 4675/2639/4 4674/2639/4 4672/2639/4 4670/2639/4
f 4676/2640/4 4675/2640/4 4670/2640/4 4668/2640/4
f 4673/2641/4 4676/2641/4 4668/2641/4 4666/2641/4
f 4678/2642/6 4677/2642/6 4673/2642/6 4674/2642/6
f 4679/2643/1 4678/2643/1 4674/2643/1 4675/2643/1
f 4680/2644/2 4679/2644/2 4675/2644/2 4676/2644/2
f 4677/2645/3 4680/2645/3 4676/2645/3 4673/2645/3
f 4681/2646/3 4682/2646/3 4684/2646/3 4683/2646/3
f 4683/2647/2 4684/2647/2 4686/2647/2 4685/2647/2
f 4685/2648/1 4686/2648/1 4688/2648/1 4687/2648/1
f 4682/2649/4 4688/2649/4 4686/2649/4 4684/2649/4
f 4691/2650/3 4692/2650/3 4694/2650/3 4693/2650/3
f 4693/2651/2 4694/2651/2 4696/2651/2 4695/2651/2
f 4695/2652/1 4696/2652/1 4690/2652/1 4689/2652/1
f 4690/2653/4 4696/2653/4 4694/2653/4 4692/2653/4
f 4697/2654/3 4698/2654/3 4700/2654/3 4699/2654/3
f 4701/2655/1 4702/2655/1 4704/2655/1 4703/2655/1
f 4703/2656/2 4704/2656/2 4698/2656/2 4697/2656/2
f 4698/2657/5 4704/2657/5 4702/2657/5 4700/2657/5
f 4705/2658/3 4706/2658/3 4708/2658/3 4707/2658/3
f 4709/2659/1 4710/2659/1 4712/2659/1 4711/2659/1
f 4711/2660/2 4712/2660/2 4706/2660/2 4705/2660/2
f 4706/2661/5 4712/2661/5 4710/2661/5 4708/2661/5
f 4713/2662/3 4714/2662/3 4716/2662/3 4715/2662/3
f 4717/2663/1 4718/2663/1 4720/2663/1 4719/2663/1
f 4719/2664/2 4720/2664/2 4714/2664/2 4713/2664/2
f 4714/2665/5 4720/2665/5 4718/2665/5 4716/2665/5
f 4721/2666/3 4722/2666/3 4724/2666/3 4723/2666/3
f 4725/2667/1 4726/2667/1 4728/2667/1 4727/2667/1
f 4727/2668/2 4728/2668/2 4722/2668/2 4721/2668/2
f 4722/2669/5 4728/2669/5 4726/2669/5 4724/2669/5
f 4729/2670/3 4730/2670/3 4732/2670/3 4731/2670/3
f 4731/2671/2 4732/2671/2 4734/2671/2 4733/2671/2
f 4733/2672/1 4734/2672/1 4736/2672/1 4735/2672/1
f 4735/2673/5 4729/2673/5 4731/2673/5 4733/2673/5
f 4741/2674/4 4742/2674/4 4743/2674/4 4744/2674/4
f 4738/2675/4 4737/2675/4 4730/2675/4 4736/2675/4
f 4739/2676/4 4738/2676/4 4736/2676/4 4734/2676/4
f 4740/2677/4 4739/2677/4 4734/2677/4 4732/2677/4
f 4737/2678/4 4740/2678/4 4732/2678/4 4730/2678/4
f 4742/2679/6 4741/2679/6 4737/2679/6 4738/2679/6
f 4743/2680/1 4742/2680/1 4738/2680/1 4739/2680/1
f 4744/2681/2 4743/2681/2 4739/2681/2 4740/2681/2
f 4741/2682/3 4744/2682/3 4740/2682/3 4737/2682/3
f 4745/2683/3 4746/2683/3 4748/2683/3 4747/2683/3
f 4747/2684/2 4748/2684/2 4750/2684/2 4749/2684/2
f 4749/2685/1 4750/2685/1 4752/2685/1 4751/2685/1
f 4746/2686/4 4752/2686/4 4750/2686/4 4748/2686/4
f 4755/2687/3 4756/2687/3 4758/2687/3 4757/2687/3
f 4757/2688/2 4758/2688/2 4760/2688/2 4759/2688/2
f 4759/2689/1 4760/2689/1 4754/2689/1 4753/2689/1
f 4754/2690/4 4760/2690/4 4758/2690/4 4756/2690/4
f 4761/2691/3 4762/2691/3 4764/2691/3 4763/2691/3
f 4765/2692/1 4766/2692/1 4768/2692/1 4767/2692/1
f 4767/2693/2 4768/2693/2 4762/2693/2 4761/2693/2
f 4762/2694/5 4768/2694/5 4766/2694/5 4764/2694/5
f 4769/2695/3 4770/2695/3 4772/2695/3 4771/2695/3
f 4773/2696/1 4774/2696/1 4776/2696/1 4775/2696/1
f 4775/2697/2 4776/2697/2 4770/2697/2 4769/2697/2
f 4770/2698/5 4776/2698/5 4774/2698/5 4772/2698/5
f 4777/2699/3 4778/2699/3 4780/2699/3 4779/2699/3
f 4781/2700/1 4782/2700/1 4784/2700/1 4783/2700/1
f 4783/2701/2 4784/2701/2 4778/2701/2 4777/2701/2
f 4778/2702/5 4784/2702/5 4782/2702/5 4780/2702/5
f 4785/2703/3 4786/2703/3 4788/2703/3 4787/2703/3
f 4789/2704/1 4790/2704/1 4792/2704/1 4791/2704/1
f 4791/2705/2 4792/2705/2 4786/2705/2 4785/2705/2
f 4786/2706/5 4792/2706/5 4790/2706/5 4788/2706/5
f 4793/2707/3 4794/2707/3 4796/2707/3 4795/2707/3
f 4795/2708/2 4796/2708/2 4798/2708/2 4797/2708/2
f 4797/2709/1 4798/2709/1 4800/2709/1 4799/2709/1
f 4799/2710/5 4793/2710/5 4795/2710/5 4797/2710/5
f 4805/2711/4 4806/2711/4 4807/2711/4 4808/2711/4
f 4802/2712/4 4801/2712/4 4794/2712/4 4800/2712/4
f 4803/2713/4 4802/2713/4 4800/2713/4 4798/2713/4
f 4804/2714/4 4803/2714/4 4798/2714/4 4796/2714/4
f 4801/2715/4 4804/2715/4 4796/2715/4 4794/2715/4
f 4806/2716/6 4805/2716/6 4801/2716/6 4802/2716/6
f 4807/2717/1 4806/2717/1 4802/2717/1 4803/2717/1
f 4808/2718/2 4807/2718/2 4803/2718/2 4804/2718/2
f 4805/2719/3 4808/2719/3 4804/2719/3 4801/2719/3
f 4809/2720/3 4810/2720/3 4812/2720/3 4811/2720/3
f 4811/2721/2 4812/2721/2 4814/2721/2 4813/2721/2
f 4813/2722/1 4814/2722/1 4816/2722/1 4815/2722/1
f 4810/2723/4 4816/2723/4 4814/2723/4 4812/2723/4
f 4819/2724/3 4820/2724/3 4822/2724/3 4821/2724/3
f 4821/2725/2 4822/2725/2 4824/2725/2 4823/2725/2
f 4823/2726/1 4824/2726/1 4818/2726/1 4817/2726/1
f 4818/2727/4 4824/2727/4 4822/2727/4 4820/2727/4
f 4825/2728/3 4826/2728/3 4828/2728/3 4827/2728/3
f 4829/2729/1 4830/2729/1 4832/2729/1 4831/2729/1
f 4831/2730/2 4832/2730/2 4826/2730/2 4825/2730/2
f 4826/2731/5 4832/2731/5 4830/2731/5 4828/2731/5
f 4833/2732/3 4834/2732/3 4836/2732/3 4835/2732/3
f 4837/2733/1 4838/2733/1 4840/2733/1 4839/2733/1
f 4839/2734/2 4840/2734/2 4834/2734/2 4833/2734/2
f 4834/2735/5 4840/2735/5 4838/2735/5 4836/2735/5
f 4841/2736/3 4842/2736/3 4844/2736/3 4843/2736/3
f 4845/2737/1 4846/2737/1 4848/2737/1 4847/2737/1
f 4847/2738/2 4848/2738/2 4842/2738/2 4841/2738/2
f 4842/2739/5 4848/2739/5 4846/2739/5 4844/2739/5
f 4849/2740/3 4850/2740/3 4852/2740/3 4851/2740/3
f 4853/2741/1 4854/2741/1 4856/2741/1 4855/2741/1
f 4855/2742/2 4856/2742/2 4850/2742/2 4849/2742/2
f 4850/2743/5 4856/2743/5 4854/2743/5 4852/2743/5
f 4857/2744/3 4858/2744/3 4860/2744/3 4859/2744/3
f 4859/2745/2 4860/2745/2 4862/2745/2 4861/2745/2
f 4861/2746/1 4862/2746/1 4864/2746/1 4863/2746/1
f 4863/2747/5 4857/2747/5 4859/2747/5 4861/2747/5
f 4869/2748/4 4870/2748/4 4871/2748/4 4872/2748/4
f 4866/2749/4 4865/2749/4 4858/2749/4 4864/2749/4
f 4867/2750/4 4866/2750/4 4864/2750/4 4862/2750/4
f 4868/2751/4 4867/2751/4 4862/2751/4 4860/2751/4
f 4865/2752/4 4868/2752/4 4860/2752/4 4858/2752/4
f 4870/2753/6 4869/2753/6 4865/2753/6 4866/2753/6
f 4871/2754/1 4870/2754/1 4866/2754/1 4867/2754/1
f 4872/2755/2 4871/2755/2 4867/2755/2 4868/2755/2
f 4869/2756/3 4872/2756/3 4868/2756/3 4865/2756/3
f 4873/2757/3 4874/2757/3 4876/2757/3 4875/2757/3
f 4875/2758/2 4876/2758/2 4878/2758/2 4877/2758/2
f 4877/2759/1 4878/2759/1 4880/2759/1 4879/2759/1
f 4874/2760/4 4880/2760/4 4878/2760/4 4876/2760/4
f 4883/2761/3 4884/2761/3 4886/2761/3 4885/2761/3
f 4885/2762/2 4886/2762/2 4888/2762/2 4887/2762/2
f 4887/2763/1 4888/2763/1 4882/2763/1 4881/2763/1
f 4882/2764/4 4888/2764/4 4886/2764/4 4884/2764/4
f 4889/2765/3 4890/2765/3 4892/2765/3 4891/2765/3
f 4893/2766/1 4894/2766/1 4896/2766/1 4895/2766/1
f 4895/2767/2 4896/2767/2 4890/2767/2 4889/2767/2
f 4890/2768/5 4896/2768/5 4894/2768/5 4892/2768/5
f 4897/2769/3 4898/2769/3 4900/2769/3 4899/2769/3
f 4901/2770/1 4902/2770/1 4904/2770/1 4903/2770/1
f 4903/2771/2 4904/2771/2 4898/2771/2 4897/2771/2
f 4898/2772/5 4904/2772/5 4902/2772/5 4900/2772/5
f 4905/2773/3 4906/2773/3 4908/2773/3 4907/2773/3
f 4909/2774/1 4910/2774/1 4912/2774/1 4911/2774/1
f 4911/2775/2 4912/2775/2 4906/2775/2 4905/2775/2
f 4906/2776/5 4912/2776/5 4910/2776/5 4908/2776/5
f 4913/2777/3 4914/2777/3 4916/2777/3 4915/2777/3
f 4917/2778/1 4918/2778/1 4920/2778/1 4919/2778/1
f 4919/2779/2 4920/2779/2 4914/2779/2 4913/2779/2
f 4914/2780/5 4920/2780/5 4918/2780/5 4916/2780/5
f 4921/2781/3 4922/2781/3 4924/2781/3 4923/2781/3
f 4923/2782/2 4924/2782/2 4926/2782/2 4925/2782/2
f 4925/2783/1 4926/2783/1 4928/2783/1 4927/2783/1
f 4927/2784/5 4921/2784/5 4923/2784/5 4925/2784/5
f 4933/2785/4 4934/2785/4 4935/2785/4 4936/2785/4
f 4930/2786/4 4929/2786/4 4922/2786/4 4928/2786/4
f 4931/2787/4 4930/2787/4 4928/2787/4 4926/2787/4
f 4932/2788/4 4931/2788/4 4926/2788/4 4924/2788/4
f 4929/2789/4 4932/2789/4 4924/2789/4 4922/2789/4
f 4934/2790/6 4933/2790/6 4929/2790/6 4930/2790/6
f 4935/2791/1 4934/2791/1 4930/2791/1 4931/2791/1
f 4936/2792/2 4935/2792/2 4931/2792/2 4932/2792/2
f 4933/2793/3 4936/2793/3 4932/2793/3 4929/2793/3
f 4937/2794/3 4938/2794/3 4940/2794/3 4939/2794/3
f 4939/2795/2 4940/2795/2 4942/2795/2 4941/2795/2
f 4941/2796/1 4942/2796/1 4944/2796/1 4943/2796/1
f 4938/2797/4 4944/2797/4 4942/2797/4 4940/2797/4
f 4947/2798/3 4948/2798/3 4950/2798/3 4949/2798/3
f 4949/2799/2 4950/2799/2 4952/2799/2 4951/2799/2
f 4951/2800/1 4952/2800/1 4946/2800/1 4945/2800/1
f 4946/2801/4 4952/2801/4 4950/2801/4 4948/2801/4
f 4953/2802/3 4954/2802/3 4956/2802/3 4955/2802/3
f 4957/2803/1 4958/2803/1 4960/2803/1 4959/2803/1
f 4959/2804/2 4960/2804/2 4954/2804/2 4953/2804/2
f 4954/2805/5 4960/2805/5 4958/2805/5 4956/2805/5
f 4961/2806/3 4962/2806/3 4964/2806/3 4963/2806/3
f 4965/2807/1 4966/2807/1 4968/2807/1 4967/2807/1
f 4967/2808/2 4968/2808/2 4962/2808/2 4961/2808/2
f 4962/2809/5 4968/2809/5 4966/2809/5 4964/2809/5
f 4969/2810/3 4970/2810/3 4972/2810/3 4971/2810/3
f 4973/2811/1 4974/2811/1 4976/2811/1 4975/2811/1
f 4975/2812/2 4976/2812/2 4970/2812/2 4969/2812/2
f 4970/2813/5 4976/2813/5 4974/2813/5 4972/2813/5
f 4977/2814/3 4978/2814/3 4980/2814/3 4979/2814/3
f 4981/2815/1 4982/2815/1 4984/2815/1 4983/2815/1
f 4983/2816/2 4984/2816/2 4978/2816/2 4977/2816/2
f 4978/2817/5 4984/2817/5 4982/2817/5 4980/2817/5
f 4985/2818/3 4986/2818/3 4988/2818/3 4987/2818/3
f 4987/2819/2 4988/2819/2 4990/2819/2 4989/2819/2
f 4989/2820/1 4990/2820/1 4992/2820/1 4991/2820/1
f 4991/2821/5 4985/2821/5 4987/2821/5 4989/2821/5
f 4997/2822/4 4998/2822/4 4999/2822/4 5000/2822/4
f 4994/2823/4 4993/2823/4 4986/2823/4 4992/2823/4
f 4995/2824/4 4994/2824/4 4992/2824/4 4990/2824/4
f 4996/2825/4 4995/2825/4 4990/2825/4 4988/2825/4
f 4993/2826/4 4996/2826/4 4988/2826/4 4986/2826/4
f 4998/2827/6 4997/2827/6 4993/2827/6 4994/2827/6
f 4999/2828/1 4998/2828/1 4994/2828/1 4995/2828/1
f 5000/2829/2 4999/2829/2 4995/2829/2 4996/2829/2
f 4997/2830/3 5000/2830/3 4996/2830/3 4993/2830/3
f 5001/2831/3 5002/2831/3 5004/2831/3 5003/2831/3
f 5003/2832/2 5004/2832/2 5006/2832/2 5005/2832/2
f 5005/2833/1 5006/2833/1 5008/2833/1 5007/2833/1
f 5002/2834/4 5008/2834/4 5006/2834/4 5004/2834/4
f 5011/2835/3 5012/2835/3 5014/2835/3 5013/2835/3
f 5013/2836/2 5014/2836/2 5016/2836/2 5015/2836/2
f 5015/2837/1 5016/2837/1 5010/2837/1 5009/2837/1
f 5010/2838/4 5016/2838/4 5014/2838/4 5012/2838/4
f 5017/2839/3 5018/2839/3 5020/2839/3 5019/2839/3
f 5021/2840/1 5022/2840/1 5024/2840/1 5023/2840/1
f 5023/2841/2 5024/2841/2 5018/2841/2 5017/2841/2
f 5018/2842/5 5024/2842/5 5022/2842/5 5020/2842/5
f 5025/2843/3 5026/2843/3 5028/2843/3 5027/2843/3
f 5029/2844/1 5030/2844/1 5032/2844/1 5031/2844/1
f 5031/2845/2 5032/2845/2 5026/2845/2 5025/2845/2
f 5026/2846/5 5032/2846/5 5030/2846/5 5028/2846/5
f 5033/2847/3 5034/2847/3 5036/2847/3 5035/2847/3
f 5037/2848/1 5038/2848/1 5040/2848/1 5039/2848/1
f 5039/2849/2 5040/2849/2 5034/2849/2 5033/2849/2
f 5034/2850/5 5040/2850/5 5038/2850/5 5036/2850/5
f 5041/2851/3 5042/2851/3 5044/2851/3 5043/2851/3
f 5045/2852/1 5046/2852/1 5048/2852/1 5047/2852/1
f 5047/2853/2 5048/2853/2 5042/2853/2 5041/2853/2
f 5042/2854/5 5048/2854/5 5046/2854/5 5044/2854/5
f 5049/2855/3 5050/2855/3 5052/2855/3 5051/2855/3
f 5051/2856/2 5052/2856/2 5054/2856/2 5053/2856/2
f 5053/2857/1 5054/2857/1 5056/2857/1 5055/2857/1
f 5055/2858/5 5049/2858/5 5051/2858/5 5053/2858/5
f 5061/2859/4 5062/2859/4 5063/2859/4 5064/2859/4
f 5058/2860/4 5057/2860/4 5050/2860/4 5056/2860/4
f 5059/2861/4 5058/2861/4 5056/2861/4 5054/2861/4
f 5060/2862/4 5059/2862/4 5054/2862/4 5052/2862/4
f 5057/2863/4 5060/2863/4 5052/2863/4 5050/2863/4
f 5062/2864/6 5061/2864/6 5057/2864/6 5058/2864/6
f 5063/2865/1 5062/2865/1 5058/2865/1 5059/2865/1
f 5064/2866/2 5063/2866/2 5059/2866/2 5060/2866/2
f 5061/2867/3 5064/2867/3 5060/2867/3 5057/2867/3
f 5065/2868/3 5066/2868/3 5068/2868/3 5067/2868/3
f 5067/2869/2 5068/2869/2 5070/2869/2 5069/2869/2
f 5069/2870/1 5070/2870/1 5072/2870/1 5071/2870/1
f 5066/2871/4 5072/2871/4 5070/2871/4 5068/2871/4
f 5075/2872/3 5076/2872/3 5078/2872/3 5077/2872/3
f 5077/2873/2 5078/2873/2 5080/2873/2 5079/2873/2
f 5079/2874/1 5080/2874/1 5074/2874/1 5073/2874/1
f 5074/2875/4 5080/2875/4 5078/2875/4 5076/2875/4
f 5081/2876/3 5082/2876/3 5084/2876/3 5083/2876/3
f 5085/2877/1 5086/2877/1 5088/2877/1 5087/2877/1
f 5087/2878/2 5088/2878/2 5082/2878/2 5081/2878/2
f 5082/2879/5 5088/2879/5 5086/2879/5 5084/2879/5
f 5089/2880/3 5090/2880/3 5092/2880/3 5091/2880/3
f 5093/2881/1 5094/2881/1 5096/2881/1 5095/2881/1
f 5095/2882/2 5096/2882/2 5090/2882/2 5089/2882/2
f 5090/2883/5 5096/2883/5 5094/2883/5 5092/2883/5
f 5097/2884/3 5098/2884/3 5100/2884/3 5099/2884/3
f 5101/2885/1 5102/2885/1 5104/2885/1 5103/2885/1
f 5103/2886/2 5104/2886/2 5098/2886/2 5097/2886/2
f 5098/2887/5 5104/2887/5 5102/2887/5 5100/2887/5
f 5105/2888/3 5106/2888/3 5108/2888/3 5107/2888/3
f 5109/2889/1 5110/2889/1 5112/2889/1 5111/2889/1
f 5111/2890/2 5112/2890/2 5106/2890/2 5105/2890/2
f 5106/2891/5 5112/2891/5 5110/2891/5 5108/2891/5
f 5113/2892/3 5114/2892/3 5116/2892/3 5115/2892/3
f 5115/2893/2 5116/2893/2 5118/2893/2 5117/2893/2
f 5117/2894/1 5118/2894/1 5120/2894/1 5119/2894/1
f 5119/2895/5 5113/2895/5 5115/2895/5 5117/2895/5
f 5125/2896/4 5126/2896/4 5127/2896/4 5128/2896/4
f 5122/2897/4 5121/2897/4 5114/2897/4 5120/2897/4
f 5123/2898/4 5122/2898/4 5120/2898/4 5118/2898/4
f 5124/2899/4 5123/2899/4 5118/2899/4 5116/2899/4
f 5121/2900/4 5124/2900/4 5116/2900/4 5114/2900/4
f 5126/2901/6 5125/2901/6 5121/2901/6 5122/2901/6
f 5127/2902/1 5126/2902/1 5122/2902/1 5123/2902/1
f 5128/2903/2 5127/2903/2 5123/2903/2 5124/2903/2
f 5125/2904/3 5128/2904/3 5124/2904/3 5121/2904/3
f 5129/2905/3 5130/2905/3 5132/2905/3 5131/2905/3
f 5131/2906/2 5132/2906/2 5134/2906/2 5133/2906/2
f 5133/2907/1 5134/2907/1 5136/2907/1 5135/2907/1
f 5130/2908/4 5136/2908/4 5134/2908/4 5132/2908/4
f 5139/2909/3 5140/2909/3 5142/2909/3 5141/2909/3
f 5141/2910/2 5142/2910/2 5144/2910/2 5143/2910/2
f 5143/2911/1 5144/2911/1 5138/2911/1 5137/2911/1
f 5138/2912/4 5144/2912/4 5142/2912/4 5140/2912/4
f 5145/2913/3 5146/2913/3 5148/2913/3 5147/2913/3
f 5149/2914/1 5150/2914/1 5152/2914/1 5151/2914/1
f 5151/2915/2 5152/2915/2 5146/2915/2 5145/2915/2
f 5146/2916/5 5152/2916/5 5150/2916/5 5148/2916/5
f 5153/2917/3 5154/2917/3 5156/2917/3 5155/2917/3
f 5157/2918/1 5158/2918/1 5160/2918/1 5159/2918/1
f 5159/2919/2 5160/2919/2 5154/2919/2 5153/2919/2
f 5154/2920/5 5160/2920/5 5158/2920/5 5156/2920/5
f 5161/2921/3 5162/2921/3 5164/2921/3 5163/2921/3
f 5165/2922/1 5166/2922/1 5168/2922/1 5167/2922/1
f 5167/2923/2 5168/2923/2 5162/2923/2 5161/2923/2
f 5162/2924/5 5168/2924/5 5166/2924/5 5164/2924/5
f 5169/2925/3 5170/2925/3 5172/2925/3 5171/2925/3
f 5173/2926/1 5174/2926/1 5176/2926/1 5175/2926/1
f 5175/2927/2 5176/2927/2 5170/2927/2 5169/2927/2
f 5170/2928/5 5176/2928/5 5174/2928/5 5172/2928/5
f 5177/2929/3 5178/2929/3 5180/2929/3 5179/2929/3
f 5179/2930/2 5180/2930/2 5182/2930/2 5181/2930/2
f 5181/2931/1 5182/2931/1 5184/2931/1 5183/2931/1
f 5183/2932/5 5177/2932/5 5179/2932/5 5181/2932/5
f 5189/2933/4 5190/2933/4 5191/2933/4 5192/2933/4
f 5186/2934/4 5185/2934/4 5178/2934/4 5184/2934/4
f 5187/2935/4 5186/2935/4 5184/2935/4 5182/2935/4
f 5188/2936/4 5187/2936/4 5182/2936/4 5180/2936/4
f 5185/2937/4 5188/2937/4 5180/2937/4 5178/2937/4
f 5190/2938/6 5189/2938/6 5185/2938/6 5186/2938/6
f 5191/2939/1 5190/2939/1 5186/2939/1 5187/2939/1
f 5192/2940/2 5191/2940/2 5187/2940/2 5188/2940/2
f 5189/2941/3 5192/2941/3 5188/2941/3 5185/2941/3
f 5193/2942/3 5194/2942/3 5196/2942/3 5195/2942/3
f 5195/2943/2 5196/2943/2 5198/2943/2 5197/2943/2
f 5197/2944/1 5198/2944/1 5200/2944/1 5199/2944/1
f 5194/2945/4 5200/2945/4 5198/2945/4 5196/2945/4
f 5203/2946/3 5204/2946/3 5206/2946/3 5205/2946/3
f 5205/2947/2 5206/2947/2 5208/2947/2 5207/2947/2
f 5207/2948/1 5208/2948/1 5202/2948/1 5201/2948/1
f 5202/2949/4 5208/2949/4 5206/2949/4 5204/2949/4
f 5209/2950/3 5210/2950/3 5212/2950/3 5211/2950/3
f 5213/2951/1 5214/2951/1 5216/2951/1 5215/2951/1
f 5215/2952/2 5216/2952/2 5210/2952/2 5209/2952/2
f 5210/2953/5 5216/2953/5 5214/2953/5 5212/2953/5
f 5217/2954/3 5218/2954/3 5220/2954/3 5219/2954/3
f 5221/2955/1 5222/2955/1 5224/2955/1 5223/2955/1
f 5223/2956/2 5224/2956/2 5218/2956/2 5217/2956/2
f 5218/2957/5 5224/2957/5 5222/2957/5 5220/2957/5
f 5225/2958/3 5226/2958/3 5228/2958/3 5227/2958/3
f 5229/2959/1 5230/2959/1 5232/2959/1 5231/2959/1
f 5231/2960/2 5232/2960/2 5226/2960/2 5225/2960/2
f 5226/2961/5 5232/2961/5 5230/2961/5 5228/2961/5
f 5233/2962/3 5234/2962/3 5236/2962/3 5235/2962/3
f 5237/2963/1 5238/2963/1 5240/2963/1 5239/2963/1
f 5239/2964/2 5240/2964/2 5234/2964/2 5233/2964/2
f 5234/2965/5 5240/2965/5 5238/2965/5 5236/2965/5
f 5241/2966/3 5242/2966/3 5244/2966/3 5243/2966/3
f 5243/2967/2 5244/2967/2 5246/2967/2 5245/2967/2
f 5245/2968/1 5246/2968/1 5248/2968/1 5247/2968/1
f 5247/2969/5 5241/2969/5 5243/2969/5 5245/2969/5
f 5253/2970/4 5254/2970/4 5255/2970/4 5256/2970/4
f 5250/2971/4 5249/2971/4 5242/2971/4 5248/2971/4
f 5251/2972/4 5250/2972/4 5248/2972/4 5246/2972/4
f 5252/2973/4 5251/2973/4 5246/2973/4 5244/2973/4
f 5249/2974/4 5252/2974/4 5244/2974/4 5242/2974/4
f 5254/2975/6 5253/2975/6 5249/2975/6 5250/2975/6
f 5255/2976/1 5254/2976/1 5250/2976/1 5251/2976/1
f 5256/2977/2 5255/2977/2 5251/2977/2 5252/2977/2
f 5253/2978/3 5256/2978/3 5252/2978/3 5249/2978/3
f 5257/2979/3 5258/2979/3 5260/2979/3 5259/2979/3
f 5259/2980/2 5260/2980/2 5262/2980/2 5261/2980/2
f 5261/2981/1 5262/2981/1 5264/2981/1 5263/2981/1
f 5258/2982/4 5264/2982/4 5262/2982/4 5260/2982/4
f 5267/2983/3 5268/2983/3 5270/2983/3 5269/2983/3
f 5269/2984/2 5270/2984/2 5272/2984/2 5271/2984/2
f 5271/2985/1 5272/2985/1 5266/2985/1 5265/2985/1
f 5266/2986/4 5272/2986/4 5270/2986/4 5268/2986/4
f 5273/2987/3 5274/2987/3 5276/2987/3 5275/2987/3
f 5277/2988/1 5278/2988/1 5280/2988/1 5279/2988/1
f 5279/2989/2 5280/2989/2 5274/2989/2 5273/2989/2
f 5274/2990/5 5280/2990/5 5278/2990/5 5276/2990/5
f 5281/2991/3 5282/2991/3 5284/2991/3 5283/2991/3
f 5285/2992/1 5286/2992/1 5288/2992/1 5287/2992/1
f 5287/2993/2 5288/2993/2 5282/2993/2 5281/2993/2
f 5282/2994/5 5288/2994/5 5286/2994/5 5284/2994/5
f 5289/2995/3 5290/2995/3 5292/2995/3 5291/2995/3
f 5293/2996/1 5294/2996/1 5296/2996/1 5295/2996/1
f 5295/2997/2 5296/2997/2 5290/2997/2 5289/2997/2
f 5290/2998/5 5296/2998/5 5294/2998/5 5292/2998/5
f 5297/2999/3 5298/2999/3 5300/2999/3 5299/2999/3
f 5301/3000/1 5302/3000/1 5304/3000/1 5303/3000/1
f 5303/3001/2 5304/3001/2 5298/3001/2 5297/3001/2
f 5298/3002/5 5304/3002/5 5302/3002/5 5300/3002/5
f 5305/3003/3 5306/3003/3 5308/3003/3 5307/3003/3
f 5307/3004/2 5308/3004/2 5310/3004/2 5309/3004/2
f 5309/3005/1 5310/3005/1 5312/3005/1 5311/3005/1
f 5311/3006/5 5305/3006/5 5307/3006/5 5309/3006/5
f 5317/3007/4 5318/3007/4 5319/3007/4 5320/3007/4
f 5314/3008/4 5313/3008/4 5306/3008/4 5312/3008/4
f 5315/3009/4 5314/3009/4 5312/3009/4 5310/3009/4
f 5316/3010/4 5315/3010/4 5310/3010/4 5308/3010/4
f 5313/3011/4 5316/3011/4 5308/3011/4 5306/3011/4
f 5318/3012/6 5317/3012/6 5313/3012/6 5314/3012/6
f 5319/3013/1 5318/3013/1 5314/3013/1 5315/3013/1
f 5320/3014/2 5319/3014/2 5315/3014/2 5316/3014/2
f 5317/3015/3 5320/3015/3 5316/3015/3 5313/3015/3
f 5321/3016/3 5322/3016/3 5324/3016/3 5323/3016/3
f 5323/3017/2 5324/3017/2 5326/3017/2 5325/3017/2
f 5325/3018/1 5326/3018/1 5328/3018/1 5327/3018/1
f 5322/3019/4 5328/3019/4 5326/3019/4 5324/3019/4
f 5331/3020/3 5332/3020/3 5334/3020/3 5333/3020/3
f 5333/3021/2 5334/3021/2 5336/3021/2 5335/3021/2
f 5335/3022/1 5336/3022/1 5330/3022/1 5329/3022/1
f 5330/3023/4 5336/3023/4 5334/3023/4 5332/3023/4
f 5337/3024/3 5338/3024/3 5340/3024/3 5339/3024/3
f 5341/3025/1 5342/3025/1 5344/3025/1 5343/3025/1
f 5343/3026/2 5344/3026/2 5338/3026/2 5337/3026/2
f 5338/3027/5 5344/3027/5 5342/3027/5 5340/3027/5
f 5345/3028/3 5346/3028/3 5348/3028/3 5347/3028/3
f 5349/3029/1 5350/3029/1 5352/3029/1 5351/3029/1
f 5351/3030/2 5352/3030/2 5346/3030/2 5345/3030/2
f 5346/3031/5 5352/3031/5 5350/3031/5 5348/3031/5
f 5353/3032/3 5354/3032/3 5356/3032/3 5355/3032/3
f 5357/3033/1 5358/3033/1 5360/3033/1 5359/3033/1
f 5359/3034/2 5360/3034/2 5354/3034/2 5353/3034/2
f 5354/3035/5 5360/3035/5 5358/3035/5 5356/3035/5
f 5361/3036/3 5362/3036/3 5364/3036/3 5363/3036/3
f 5365/3037/1 5366/3037/1 5368/3037/1 5367/3037/1
f 5367/3038/2 5368/3038/2 5362/3038/2 5361/3038/2
f 5362/3039/5 5368/3039/5 5366/3039/5 5364/3039/5
f 5369/3040/3 5370/3040/3 5372/3040/3 5371/3040/3
f 5371/3041/2 5372/3041/2 5374/3041/2 5373/3041/2
f 5373/3042/1 5374/3042/1 5376/3042/1 5375/3042/1
f 5375/3043/5 5369/3043/5 5371/3043/5 5373/3043/5
f 5381/3044/4 5382/3044/4 5383/3044/4 5384/3044/4
f 5378/3045/4 5377/3045/4 5370/3045/4 5376/3045/4
f 5379/3046/4 5378/3046/4 5376/3046/4 5374/3046/4
f 5380/3047/4 5379/3047/4 5374/3047/4 5372/3047/4
f 5377/3048/4 5380/3048/4 5372/3048/4 5370/3048/4
f 5382/3049/6 5381/3049/6 5377/3049/6 5378/3049/6
f 5383/3050/1 5382/3050/1 5378/3050/1 5379/3050/1
f 5384/3051/2 5383/3051/2 5379/3051/2 5380/3051/2
f 5381/3052/3 5384/3052/3 5380/3052/3 5377/3052/3
f 5385/3053/3 5386/3053/3 5388/3053/3 5387/3053/3
f 5387/3054/2 5388/3054/2 5390/3054/2 5389/3054/2
f 5389/3055/1 5390/3055/1 5392/3055/1 5391/3055/1
f 5386/3056/4 5392/3056/4 5390/3056/4 5388/3056/4
f 5395/3057/3 5396/3057/3 5398/3057/3 5397/3057/3
f 5397/3058/2 5398/3058/2 5400/3058/2 5399/3058/2
f 5399/3059/1 5400/3059/1 5394/3059/1 5393/3059/1
f 5394/3060/4 5400/3060/4 5398/3060/4 5396/3060/4
f 5401/3061/3 5402/3061/3 5404/3061/3 5403/3061/3
f 5405/3062/1 5406/3062/1 5408/3062/1 5407/3062/1
f 5407/3063/2 5408/3063/2 5402/3063/2 5401/3063/2
f 5402/3064/5 5408/3064/5 5406/3064/5 5404/3064/5
f 5409/3065/3 5410/3065/3 5412/3065/3 5411/3065/3
f 5413/3066/1 5414/3066/1 5416/3066/1 5415/3066/1
f 5415/3067/2 5416/3067/2 5410/3067/2 5409/3067/2
f 5410/3068/5 5416/3068/5 5414/3068/5 5412/3068/5
f 5417/3069/3 5418/3069/3 5420/3069/3 5419/3069/3
f 5421/3070/1 5422/3070/1 5424/3070/1 5423/3070/1
f 5423/3071/2 5424/3071/2 5418/3071/2 5417/3071/2
f 5418/3072/5 5424/3072/5 5422/3072/5 5420/3072/5
f 5425/3073/3 5426/3073/3 5428/3073/3 5427/3073/3
f 5429/3074/1 5430/3074/1 5432/3074/1 5431/3074/1
f 5431/3075/2 5432/3075/2 5426/3075/2 5425/3075/2
f 5426/3076/5 5432/3076/5 5430/3076/5 5428/3076/5
f 5433/3077/3 5434/3077/3 5436/3077/3 5435/3077/3
f 5435/3078/2 5436/3078/2 5438/3078/2 5437/3078/2
f 5437/3079/1 5438/3079/1 5440/3079/1 5439/3079/1
f 5439/3080/5 5433/3080/5 5435/3080/5 5437/3080/5
f 5445/3081/4 5446/3081/4 5447/3081/4 5448/3081/4
f 5442/3082/4 5441/3082/4 5434/3082/4 5440/3082/4
f 5443/3083/4 5442/3083/4 5440/3083/4 5438/3083/4
f 5444/3084/4 5443/3084/4 5438/3084/4 5436/3084/4
f 5441/3085/4 5444/3085/4 5436/3085/4 5434/3085/4
f 5446/3086/6 5445/3086/6 5441/3086/6 5442/3086/6
f 5447/3087/1 5446/3087/1 5442/3087/1 5443/3087/1
f 5448/3088/2 5447/3088/2 5443/3088/2 5444/3088/2
f 5445/3089/3 5448/3089/3 5444/3089/3 5441/3089/3
f 5449/3090/3 5450/3090/3 5452/3090/3 5451/3090/3
f 5451/3091/2 5452/3091/2 5454/3091/2 5453/3091/2
f 5453/3092/1 5454/3092/1 5456/3092/1 5455/3092/1
f 5450/3093/4 5456/3093/4 5454/3093/4 5452/3093/4
f 5459/3094/3 5460/3094/3 5462/3094/3 5461/3094/3
f 5461/3095/2 5462/3095/2 5464/3095/2 5463/3095/2
f 5463/3096/1 5464/3096/1 5458/3096/1 5457/3096/1
f 5458/3097/4 5464/3097/4 5462/3097/4 5460/3097/4
f 5465/3098/3 5466/3098/3 5468/3098/3 5467/3098/3
f 5469/3099/1 5470/3099/1 5472/3099/1 5471/3099/1
f 5471/3100/2 5472/3100/2 5466/3100/2 5465/3100/2
f 5466/3101/5 5472/3101/5 5470/3101/5 5468/3101/5
f 5473/3102/3 5474/3102/3 5476/3102/3 5475/3102/3
f 5477/3103/1 5478/3103/1 5480/3103/1 5479/3103/1
f 5479/3104/2 5480/3104/2 5474/3104/2 5473/3104/2
f 5474/3105/5 5480/3105/5 5478/3105/5 5476/3105/5
f 5481/3106/3 5482/3106/3 5484/3106/3 5483/3106/3
f 5485/3107/1 5486/3107/1 5488/3107/1 5487/3107/1
f 5487/3108/2 5488/3108/2 5482/3108/2 5481/3108/2
f 5482/3109/5 5488/3109/5 5486/3109/5 5484/3109/5
f 5489/3110/3 5490/3110/3 5492/3110/3 5491/3110/3
f 5493/3111/1 5494/3111/1 5496/3111/1 5495/3111/1
f 5495/3112/2 5496/3112/2 5490/3112/2 5489/3112/2
f 5490/3113/5 5496/3113/5 5494/3113/5 5492/3113/5
f 5497/3114/3 5498/3114/3 5500/3114/3 5499/3114/3
f 5499/3115/2 5500/3115/2 5502/3115/2 5501/3115/2
f 5501/3116/1 5502/3116/1 5504/3116/1 5503/3116/1
f 5503/3117/5 5497/3117/5 5499/3117/5 5501/3117/5
f 5509/3118/4 5510/3118/4 5511/3118/4 5512/3118/4
f 5506/3119/4 5505/3119/4 5498/3119/4 5504/3119/4
f 5507/3120/4 5506/3120/4 5504/3120/4 5502/3120/4
f 5508/3121/4 5507/3121/4 5502/3121/4 5500/3121/4
f 5505/3122/4 5508/3122/4 5500/3122/4 5498/3122/4
f 5510/3123/6 5509/3123/6 5505/3123/6 5506/3123/6
f 5511/3124/1 5510/3124/1 5506/3124/1 5507/3124/1
f 5512/3125/2 5511/3125/2 5507/3125/2 5508/3125/2
f 5509/3126/3 5512/3126/3 5508/3126/3 5505/3126/3
f 5513/3127/3 5514/3127/3 5516/3127/3 5515/3127/3
f 5515/3128/2 5516/3128/2 5518/3128/2 5517/3128/2
f 5517/3129/1 5518/3129/1 5520/3129/1 5519/3129/1
f 5514/3130/4 5520/3130/4 5518/3130/4 5516/3130/4
f 5523/3131/3 5524/3131/3 5526/3131/3 5525/3131/3
f 5525/3132/2 5526/3132/2 5528/3132/2 5527/3132/2
f 5527/3133/1 5528/3133/1 5522/3133/1 5521/3133/1
f 5522/3134/4 5528/3134/4 5526/3134/4 5524/3134/4
f 5529/3135/3 5530/3135/3 5532/3135/3 5531/3135/3
f 5533/3136/1 5534/3136/1 5536/3136/1 5535/3136/1
f 5535/3137/2 5536/3137/2 5530/3137/2 5529/3137/2
f 5530/3138/5 5536/3138/5 5534/3138/5 5532/3138/5
f 5537/3139/3 5538/3139/3 5540/3139/3 5539/3139/3
f 5541/3140/1 5542/3140/1 5544/3140/1 5543/3140/1
f 5543/3141/2 5544/3141/2 5538/3141/2 5537/3141/2
f 5538/3142/5 5544/3142/5 5542/3142/5 5540/3142/5
f 5545/3143/3 5546/3143/3 5548/3143/3 5547/3143/3
f 5549/3144/1 5550/3144/1 5552/3144/1 5551/3144/1
f 5551/3145/2 5552/3145/2 5546/3145/2 5545/3145/2
f 5546/3146/5 5552/3146/5 5550/3146/5 5548/3146/5
f 5553/3147/3 5554/3147/3 5556/3147/3 5555/3147/3
f 5557/3148/1 5558/3148/1 5560/3148/1 5559/3148/1
f 5559/3149/2 5560/3149/2 5554/3149/2 5553/3149/2
f 5554/3150/5 5560/3150/5 5558/3150/5 5556/3150/5
f 5561/3151/3 5562/3151/3 5564/3151/3 5563/3151/3
f 5563/3152/2 5564/3152/2 5566/3152/2 5565/3152/2
f 5565/3153/1 5566/3153/1 5568/3153/1 5567/3153/1
f 5567/3154/5 5561/3154/5 5563/3154/5 5565/3154/5
f 5573/3155/4 5574/3155/4 5575/3155/4 5576/3155/4
f 5570/3156/4 5569/3156/4 5562/3156/4 5568/3156/4
f 5571/3157/4 5570/3157/4 5568/3157/4 5566/3157/4
f 5572/3158/4 5571/3158/4 5566/3158/4 5564/3158/4
f 5569/3159/4 5572/3159/4 5564/3159/4 5562/3159/4
f 5574/3160/6 5573/3160/6 5569/3160/6 5570/3160/6
f 5575/3161/1 5574/3161/1 5570/3161/1 5571/3161/1
f 5576/3162/2 5575/3162/2 5571/3162/2 5572/3162/2
f 5573/3163/3 5576/3163/3 5572/3163/3 5569/3163/3
f 5577/3164/3 5578/3164/3 5580/3164/3 5579/3164/3
f 5579/3165/2 5580/3165/2 5582/3165/2 5581/3165/2
f 5581/3166/1 5582/3166/1 5584/3166/1 5583/3166/1
f 5578/3167/4 5584/3167/4 5582/3167/4 5580/3167/4
f 5587/3168/3 5588/3168/3 5590/3168/3 5589/3168/3
f 5589/3169/2 5590/3169/2 5592/3169/2 5591/3169/2
f 5591/3170/1 5592/3170/1 5586/3170/1 5585/3170/1
f 5586/3171/4 5592/3171/4 5590/3171/4 5588/3171/4
f 5593/3172/3 5594/3172/3 5596/3172/3 5595/3172/3
f 5597/3173/1 5598/3173/1 5600/3173/1 5599/3173/1
f 5599/3174/2 5600/3174/2 5594/3174/2 5593/3174/2
f 5594/3175/5 5600/3175/5 5598/3175/5 5596/3175/5
f 5601/3176/3 5602/3176/3 5604/3176/3 5603/3176/3
f 5605/3177/1 5606/3177/1 5608/3177/1 5607/3177/1
f 5607/3178/2 5608/3178/2 5602/3178/2 5601/3178/2
f 5602/3179/5 5608/3179/5 5606/3179/5 5604/3179/5
f 5609/3180/3 5610/3180/3 5612/3180/3 5611/3180/3
f 5613/3181/1 5614/3181/1 5616/3181/1 5615/3181/1
f 5615/3182/2 5616/3182/2 5610/3182/2 5609/3182/2
f 5610/3183/5 5616/3183/5 5614/3183/5 5612/3183/5
f 5617/3184/3 5618/3184/3 5620/3184/3 5619/3184/3
f 5621/3185/1 5622/3185/1 5624/3185/1 5623/3185/1
f 5623/3186/2 5624/3186/2 5618/3186/2 5617/3186/2
f 5618/3187/5 5624/3187/5 5622/3187/5 5620/3187/5
f 5625/3188/3 5626/3188/3 5628/3188/3 5627/3188/3
f 5627/3189/2 5628/3189/2 5630/3189/2 5629/3189/2
f 5629/3190/1 5630/3190/1 5632/3190/1 5631/3190/1
f 5631/3191/5 5625/3191/5 5627/3191/5 5629/3191/5
f 5637/3192/4 5638/3192/4 5639/3192/4 5640/3192/4
f 5634/3193/4 5633/3193/4 5626/3193/4 5632/3193/4
f 5635/3194/4 5634/3194/4 5632/3194/4 5630/3194/4
f 5636/3195/4 5635/3195/4 5630/3195/4 5628/3195/4
f 5633/3196/4 5636/3196/4 5628/3196/4 5626/3196/4
f 5638/3197/6 5637/3197/6 5633/3197/6 5634/3197/6
f 5639/3198/1 5638/3198/1 5634/3198/1 5635/3198/1
f 5640/3199/2 5639/3199/2 5635/3199/2 5636/3199/2
f 5637/3200/3 5640/3200/3 5636/3200/3 5633/3200/3
f 5641/3201/3 5642/3201/3 5644/3201/3 5643/3201/3
f 5643/3202/2 5644/3202/2 5646/3202/2 5645/3202/2
f 5645/3203/1 5646/3203/1 5648/3203/1 5647/3203/1
f 5642/3204/4 5648/3204/4 5646/3204/4 5644/3204/4
f 5651/3205/3 5652/3205/3 5654/3205/3 5653/3205/3
f 5653/3206/2 5654/3206/2 5656/3206/2 5655/3206/2
f 5655/3207/1 5656/3207/1 5650/3207/1 5649/3207/1
f 5650/3208/4 5656/3208/4 5654/3208/4 5652/3208/4
f 5657/3209/3 5658/3209/3 5660/3209/3 5659/3209/3
f 5661/3210/1 5662/3210/1 5664/3210/1 5663/3210/1
f 5663/3211/2 5664/3211/2 5658/3211/2 5657/3211/2
f 5658/3212/5 5664/3212/5 5662/3212/5 5660/3212/5
f 5665/3213/3 5666/3213/3 5668/3213/3 5667/3213/3
f 5669/3214/1 5670/3214/1 5672/3214/1 5671/3214/1
f 5671/3215/2 5672/3215/2 5666/3215/2 5665/3215/2
f 5666/3216/5 5672/3216/5 5670/3216/5 5668/3216/5
f 5673/3217/3 5674/3217/3 5676/3217/3 5675/3217/3
f 5677/3218/1 5678/3218/1 5680/3218/1 5679/3218/1
f 5679/3219/2 5680/3219/2 5674/3219/2 5673/3219/2
f 5674/3220/5 5680/3220/5 5678/3220/5 5676/3220/5
f 5681/3221/3 5682/3221/3 5684/3221/3 5683/3221/3
f 5685/3222/1 5686/3222/1 5688/3222/1 5687/3222/1
f 5687/3223/2 5688/3223/2 5682/3223/2 5681/3223/2
f 5682/3224/5 5688/3224/5 5686/3224/5 5684/3224/5
f 5689/3225/3 5690/3225/3 5692/3225/3 5691/3225/3
f 5691/3226/2 5692/3226/2 5694/3226/2 5693/3226/2
f 5693/3227/1 5694/3227/1 5696/3227/1 5695/3227/1
f 5695/3228/5 5689/3228/5 5691/3228/5 5693/3228/5
f 5701/3229/4 5702/3229/4 5703/3229/4 5704/3229/4
f 5698/3230/4 5697/3230/4 5690/3230/4 5696/3230/4
f 5699/3231/4 5698/3231/4 5696/3231/4 5694/3231/4
f 5700/3232/4 5699/3232/4 5694/3232/4 5692/3232/4
f 5697/3233/4 5700/3233/4 5692/3233/4 5690/3233/4
f 5702/3234/6 5701/3234/6 5697/3234/6 5698/3234/6
f 5703/3235/1 5702/3235/1 5698/3235/1 5699/3235/1
f 5704/3236/2 5703/3236/2 5699/3236/2 5700/3236/2
f 5701/3237/3 5704/3237/3 5700/3237/3 5697/3237/3
f 5705/3238/3 5706/3238/3 5708/3238/3 5707/3238/3
f 5707/3239/2 5708/3239/2 5710/3239/2 5709/3239/2
f 5709/3240/1 5710/3240/1 5712/3240/1 5711/3240/1
f 5706/3241/4 5712/3241/4 5710/3241/4 5708/3241/4
f 5715/3242/3 5716/3242/3 5718/3242/3 5717/3242/3
f 5717/3243/2 5718/3243/2 5720/3243/2 5719/3243/2
f 5719/3244/1 5720/3244/1 5714/3244/1 5713/3244/1
f 5714/3245/4 5720/3245/4 5718/3245/4 5716/3245/4
f 5721/3246/3 5722/3246/3 5724/3246/3 5723/3246/3
f 5725/3247/1 5726/3247/1 5728/3247/1 5727/3247/1
f 5727/3248/2 5728/3248/2 5722/3248/2 5721/3248/2
f 5722/3249/5 5728/3249/5 5726/3249/5 5724/3249/5
f 5729/3250/3 5730/3250/3 5732/3250/3 5731/3250/3
f 5733/3251/1 5734/3251/1 5736/3251/1 5735/3251/1
f 5735/3252/2 5736/3252/2 5730/3252/2 5729/3252/2
f 5730/3253/5 5736/3253/5 5734/3253/5 5732/3253/5
f 5737/3254/3 5738/3254/3 5740/3254/3 5739/3254/3
f 5741/3255/1 5742/3255/1 5744/3255/1 5743/3255/1
f 5743/3256/2 5744/3256/2 5738/3256/2 5737/3256/2
f 5738/3257/5 5744/3257/5 5742/3257/5 5740/3257/5
f 5745/3258/3 5746/3258/3 5748/3258/3 5747/3258/3
f 5749/3259/1 5750/3259/1 5752/3259/1 5751/3259/1
f 5751/3260/2 5752/3260/2 5746/3260/2 5745/3260/2
f 5746/3261/5 5752/3261/5 5750/3261/5 5748/3261/5
f 5753/3262/3 5754/3262/3 5756/3262/3 5755/3262/3
f 5755/3263/2 5756/3263/2 5758/3263/2 5757/3263/2
f 5757/3264/1 5758/3264/1 5760/3264/1 5759/3264/1
f 5759/3265/5 5753/3265/5 5755/3265/5 5757/3265/5
f 5765/3266/4 5766/3266/4 5767/3266/4 5768/3266/4
f 5762/3267/4 5761/3267/4 5754/3267/4 5760/3267/4
f 5763/3268/4 5762/3268/4 5760/3268/4 5758/3268/4
f 5764/3269/4 5763/3269/4 5758/3269/4 5756/3269/4
f 5761/3270/4 5764/3270/4 5756/3270/4 5754/3270/4
f 5766/3271/6 5765/3271/6 5761/3271/6 5762/3271/6
f 5767/3272/1 5766/3272/1 5762/3272/1 5763/3272/1
f 5768/3273/2 5767/3273/2 5763/3273/2 5764/3273/2
f 5765/3274/3 5768/3274/3 5764/3274/3 5761/3274/3
f 5769/3275/3 5770/3275/3 5772/3275/3 5771/3275/3
f 5771/3276/2 5772/3276/2 5774/3276/2 5773/3276/2
f 5773/3277/1 5774/3277/1 5776/3277/1 5775/3277/1
f 5770/3278/4 5776/3278/4 5774/3278/4 5772/3278/4
f 5779/3279/3 5780/3279/3 5782/3279/3 5781/3279/3
f 5781/3280/2 5782/3280/2 5784/3280/2 5783/3280/2
f 5783/3281/1 5784/3281/1 5778/3281/1 5777/3281/1
f 5778/3282/4 5784/3282/4 5782/3282/4 5780/3282/4
f 5785/3283/3 5786/3283/3 5788/3283/3 5787/3283/3
f 5789/3284/1 5790/3284/1 5792/3284/1 5791/3284/1
f 5791/3285/2 5792/3285/2 5786/3285/2 5785/3285/2
f 5786/3286/5 5792/3286/5 5790/3286/5 5788/3286/5
f 5793/3287/3 5794/3287/3 5796/3287/3 5795/3287/3
f 5797/3288/1 5798/3288/1 5800/3288/1 5799/3288/1
f 5799/3289/2 5800/3289/2 5794/3289/2 5793/3289/2
f 5794/3290/5 5800/3290/5 5798/3290/5 5796/3290/5
f 5801/3291/3 5802/3291/3 5804/3291/3 5803/3291/3
f 5805/3292/1 5806/3292/1 5808/3292/1 5807/3292/1
f 5807/3293/2 5808/3293/2 5802/3293/2 5801/3293/2
f 5802/3294/5 5808/3294/5 5806/3294/5 5804/3294/5
f 5809/3295/3 5810/3295/3 5812/3295/3 5811/3295/3
f 5813/3296/1 5814/3296/1 5816/3296/1 5815/3296/1
f 5815/3297/2 5816/3297/2 5810/3297/2 5809/3297/2
f 5810/3298/5 5816/3298/5 5814/3298/5 5812/3298/5
f 5817/3299/3 5818/3299/3 5820/3299/3 5819/3299/3
f 5819/3300/2 5820/3300/2 5822/3300/2 5821/3300/2
f 5821/3301/1 5822/3301/1 5824/3301/1 5823/3301/1
f 5823/3302/5 5817/3302/5 5819/3302/5 5821/3302/5
f 5829/3303/4 5830/3303/4 5831/3303/4 5832/3303/4
f 5826/3304/4 5825/3304/4 5818/3304/4 5824/3304/4
f 5827/3305/4 5826/3305/4 5824/3305/4 5822/3305/4
f 5828/3306/4 5827/3306/4 5822/3306/4 5820/3306/4
f 5825/3307/4 5828/3307/4 5820/3307/4 5818/3307/4
f 5830/3308/6 5829/3308/6 5825/3308/6 5826/3308/6
f 5831/3309/1 5830/3309/1 5826/3309/1 5827/3309/1
f 5832/3310/2 5831/3310/2 5827/3310/2 5828/3310/2
f 5829/3311/3 5832/3311/3 5828/3311/3 5825/3311/3
f 5833/3312/3 5834/3312/3 5836/3312/3 5835/3312/3
f 5835/3313/2 5836/3313/2 5838/3313/2 5837/3313/2
f 5837/3314/1 5838/3314/1 5840/3314/1 5839/3314/1
f 5834/3315/4 5840/3315/4 5838/3315/4 5836/3315/4
f 5843/3316/3 5844/3316/3 5846/3316/3 5845/3316/3
f 5845/3317/2 5846/3317/2 5848/3317/2 5847/3317/2
f 5847/3318/1 5848/3318/1 5842/3318/1 5841/3318/1
f 5842/3319/4 5848/3319/4 5846/3319/4 5844/3319/4
f 5849/3320/3 5850/3320/3 5852/3320/3 5851/3320/3
f 5853/3321/1 5854/3321/1 5856/3321/1 5855/3321/1
f 5855/3322/2 5856/3322/2 5850/3322/2 5849/3322/2
f 5850/3323/5 5856/3323/5 5854/3323/5 5852/3323/5
f 5857/3324/3 5858/3324/3 5860/3324/3 5859/3324/3
f 5861/3325/1 5862/3325/1 5864/3325/1 5863/3325/1
f 5863/3326/2 5864/3326/2 5858/3326/2 5857/3326/2
f 5858/3327/5 5864/3327/5 5862/3327/5 5860/3327/5
f 5865/3328/3 5866/3328/3 5868/3328/3 5867/3328/3
f 5869/3329/1 5870/3329/1 5872/3329/1 5871/3329/1
f 5871/3330/2 5872/3330/2 5866/3330/2 5865/3330/2
f 5866/3331/5 5872/3331/5 5870/3331/5 5868/3331/5
f 5873/3332/3 5874/3332/3 5876/3332/3 5875/3332/3
f 5877/3333/1 5878/3333/1 5880/3333/1 5879/3333/1
f 5879/3334/2 5880/3334/2 5874/3334/2 5873/3334/2
f 5874/3335/5 5880/3335/5 5878/3335/5 5876/3335/5
f 5881/3336/3 5882/3336/3 5884/3336/3 5883/3336/3
f 5883/3337/2 5884/3337/2 5886/3337/2 5885/3337/2
f 5885/3338/1 5886/3338/1 5888/3338/1 5887/3338/1
f 5887/3339/5 5881/3339/5 5883/3339/5 5885/3339/5
f 5893/3340/4 5894/3340/4 5895/3340/4 5896/3340/4
f 5890/3341/4 5889/3341/4 5882/3341/4 5888/3341/4
f 5891/3342/4 5890/3342/4 5888/3342/4 5886/3342/4
f 5892/3343/4 5891/3343/4 5886/3343/4 5884/3343/4
f 5889/3344/4 5892/3344/4 5884/3344/4 5882/3344/4
f 5894/3345/6 5893/3345/6 5889/3345/6 5890/3345/6
f 5895/3346/1 5894/3346/1 5890/3346/1 5891/3346/1
f 5896/3347/2 5895/3347/2 5891/3347/2 5892/3347/2
f 5893/3348/3 5896/3348/3 5892/3348/3 5889/3348/3
f 5897/3349/3 5898/3349/3 5900/3349/3 5899/3349/3
f 5899/3350/2 5900/3350/2 5902/3350/2 5901/3350/2
f 5901/3351/1 5902/3351/1 5904/3351/1 5903/3351/1
f 5898/3352/4 5904/3352/4 5902/3352/4 5900/3352/4
f 5907/3353/3 5908/3353/3 5910/3353/3 5909/3353/3
f 5909/3354/2 5910/3354/2 5912/3354/2 5911/3354/2
f 5911/3355/1 5912/3355/1 5906/3355/1 5905/3355/1
f 5906/3356/4 5912/3356/4 5910/3356/4 5908/3356/4
f 5913/3357/3 5914/3357/3 5916/3357/3 5915/3357/3
f 5917/3358/1 5918/3358/1 5920/3358/1 5919/3358/1
f 5919/3359/2 5920/3359/2 5914/3359/2 5913/3359/2
f 5914/3360/5 5920/3360/5 5918/3360/5 5916/3360/5
f 5921/3361/3 5922/3361/3 5924/3361/3 5923/3361/3
f 5925/3362/1 5926/3362/1 5928/3362/1 5927/3362/1
f 5927/3363/2 5928/3363/2 5922/3363/2 5921/3363/2
f 5922/3364/5 5928/3364/5 5926/3364/5 5924/3364/5
f 5929/3365/3 5930/3365/3 5932/3365/3 5931/3365/3
f 5933/3366/1 5934/3366/1 5936/3366/1 5935/3366/1
f 5935/3367/2 5936/3367/2 5930/3367/2 5929/3367/2
f 5930/3368/5 5936/3368/5 5934/3368/5 5932/3368/5
f 5937/3369/3 5938/3369/3 5940/3369/3 5939/3369/3
f 5941/3370/1 5942/3370/1 5944/3370/1 5943/3370/1
f 5943/3371/2 5944/3371/2 5938/3371/2 5937/3371/2
f 5938/3372/5 5944/3372/5 5942/3372/5 5940/3372/5
f 5945/3373/3 5946/3373/3 5948/3373/3 5947/3373/3
f 5947/3374/2 5948/3374/2 5950/3374/2 5949/3374/2
f 5949/3375/1 5950/3375/1 5952/3375/1 5951/3375/1
f 5951/3376/5 5945/3376/5 5947/3376/5 5949/3376/5
f 5957/3377/4 5958/3377/4 5959/3377/4 5960/3377/4
f 5954/3378/4 5953/3378/4 5946/3378/4 5952/3378/4
f 5955/3379/4 5954/3379/4 5952/3379/4 5950/3379/4
f 5956/3380/4 5955/3380/4 5950/3380/4 5948/3380/4
f 5953/3381/4 5956/3381/4 5948/3381/4 5946/3381/4
f 5958/3382/6 5957/3382/6 5953/3382/6 5954/3382/6
f 5959/3383/1 5958/3383/1 5954/3383/1 5955/3383/1
f 5960/3384/2 5959/3384/2 5955/3384/2 5956/3384/2
f 5957/3385/3 5960/3385/3 5956/3385/3 5953/3385/3
f 5961/3386/3 5962/3386/3 5964/3386/3 5963/3386/3
f 5963/3387/2 5964/3387/2 5966/3387/2 5965/3387/2
f 5965/3388/1 5966/3388/1 5968/3388/1 5967/3388/1
f 5962/3389/4 5968/3389/4 5966/3389/4 5964/3389/4
f 5971/3390/3 5972/3390/3 5974/3390/3 5973/3390/3
f 5973/3391/2 5974/3391/2 5976/3391/2 5975/3391/2
f 5975/3392/1 5976/3392/1 5970/3392/1 5969/3392/1
f 5970/3393/4 5976/3393/4 5974/3393/4 5972/3393/4
f 5977/3394/3 5978/3394/3 5980/3394/3 5979/3394/3
f 5981/3395/1 5982/3395/1 5984/3395/1 5983/3395/1
f 5983/3396/2 5984/3396/2 5978/3396/2 5977/3396/2
f 5978/3397/5 5984/3397/5 5982/3397/5 5980/3397/5
f 5985/3398/3 5986/3398/3 5988/3398/3 5987/3398/3
f 5989/3399/1 5990/3399/1 5992/3399/1 5991/3399/1
f 5991/3400/2 5992/3400/2 5986/3400/2 5985/3400/2
f 5986/3401/5 5992/3401/5 5990/3401/5 5988/3401/5
f 5993/3402/3 5994/3402/3 5996/3402/3 5995/3402/3
f 5997/3403/1 5998/3403/1 6000/3403/1 5999/3403/1
f 5999/3404/2 6000/3404/2 5994/3404/2 5993/3404/2
f 5994/3405/5 6000/3405/5 5998/3405/5 5996/3405/5
f 6001/3406/3 6002/3406/3 6004/3406/3 6003/3406/3
f 6005/3407/1 6006/3407/1 6008/3407/1 6007/3407/1
f 6007/3408/2 6008/3408/2 6002/3408/2 6001/3408/2
f 6002/3409/5 6008/3409/5 6006/3409/5 6004/3409/5
f 6009/3410/3 6010/3410/3 6012/3410/3 6011/3410/3
f 6011/3411/2 6012/3411/2 6014/3411/2 6013/3411/2
f 6013/3412/1 6014/3412/1 6016/3412/1 6015/3412/1
f 6015/3413/5 6009/3413/5 6011/3413/5 6013/3413/5
f 6021/3414/4 6022/3414/4 6023/3414/4 6024/3414/4
f 6018/3415/4 6017/3415/4 6010/3415/4 6016/3415/4
f 6019/3416/4 6018/3416/4 6016/3416/4 6014/3416/4
f 6020/3417/4 6019/3417/4 6014/3417/4 6012/3417/4
f 6017/3418/4 6020/3418/4 6012/3418/4 6010/3418/4
f 6022/3419/6 6021/3419/6 6017/3419/6 6018/3419/6
f 6023/3420/1 6022/3420/1 6018/3420/1 6019/3420/1
f 6024/3421/2 6023/3421/2 6019/3421/2 6020/3421/2
f 6021/3422/3 6024/3422/3 6020/3422/3 6017/3422/3
f 6025/3423/3 6026/3423/3 6028/3423/3 6027/3423/3
f 6027/3424/2 6028/3424/2 6030/3424/2 6029/3424/2
f 6029/3425/1 6030/3425/1 6032/3425/1 6031/3425/1
f 6026/3426/4 6032/3426/4 6030/3426/4 6028/3426/4
f 6035/3427/3 6036/3427/3 6038/3427/3 6037/3427/3
f 6037/3428/2 6038/3428/2 6040/3428/2 6039/3428/2
f 6039/3429/1 6040/3429/1 6034/3429/1 6033/3429/1
f 6034/3430/4 6040/3430/4 6038/3430/4 6036/3430/4
f 6041/3431/3 6042/3431/3 6044/3431/3 6043/3431/3
f 6045/3432/1 6046/3432/1 6048/3432/1 6047/3432/1
f 6047/3433/2 6048/3433/2 6042/3433/2 6041/3433/2
f 6042/3434/5 6048/3434/5 6046/3434/5 6044/3434/5
f 6049/3435/3 6050/3435/3 6052/3435/3 6051/3435/3
f 6053/3436/1 6054/3436/1 6056/3436/1 6055/3436/1
f 6055/3437/2 6056/3437/2 6050/3437/2 6049/3437/2
f 6050/3438/5 6056/3438/5 6054/3438/5 6052/3438/5
f 6057/3439/3 6058/3439/3 6060/3439/3 6059/3439/3
f 6061/3440/1 6062/3440/1 6064/3440/1 6063/3440/1
f 6063/3441/2 6064/3441/2 6058/3441/2 6057/3441/2
f 6058/3442/5 6064/3442/5 6062/3442/5 6060/3442/5
f 6065/3443/3 6066/3443/3 6068/3443/3 6067/3443/3
f 6069/3444/1 6070/3444/1 6072/3444/1 6071/3444/1
f 6071/3445/2 6072/3445/2 6066/3445/2 6065/3445/2
f 6066/3446/5 6072/3446/5 6070/3446/5 6068/3446/5
f 6073/3447/3 6074/3447/3 6076/3447/3 6075/3447/3
f 6075/3448/2 6076/3448/2 6078/3448/2 6077/3448/2
f 6077/3449/1 6078/3449/1 6080/3449/1 6079/3449/1
f 6079/3450/5 6073/3450/5 6075/3450/5 6077/3450/5
f 6085/3451/4 6086/3451/4 6087/3451/4 6088/3451/4
f 6082/3452/4 6081/3452/4 6074/3452/4 6080/3452/4
f 6083/3453/4 6082/3453/4 6080/3453/4 6078/3453/4
f 6084/3454/4 6083/3454/4 6078/3454/4 6076/3454/4
f 6081/3455/4 6084/3455/4 6076/3455/4 6074/3455/4
f 6086/3456/6 6085/3456/6 6081/3456/6 6082/3456/6
f 6087/3457/1 6086/3457/1 6082/3457/1 6083/3457/1
f 6088/3458/2 6087/3458/2 6083/3458/2 6084/3458/2
f 6085/3459/3 6088/3459/3 6084/3459/3 6081/3459/3
f 6089/3460/3 6090/3460/3 6092/3460/3 6091/3460/3
f 6091/3461/2 6092/3461/2 6094/3461/2 6093/3461/2
f 6093/3462/1 6094/3462/1 6096/3462/1 6095/3462/1
f 6090/3463/4 6096/3463/4 6094/3463/4 6092/3463/4
f 6099/3464/3 6100/3464/3 6102/3464/3 6101/3464/3
f 6101/3465/2 6102/3465/2 6104/3465/2 6103/3465/2
f 6103/3466/1 6104/3466/1 6098/3466/1 6097/3466/1
f 6098/3467/4 6104/3467/4 6102/3467/4 6100/3467/4
f 6105/3468/3 6106/3468/3 6108/3468/3 6107/3468/3
f 6109/3469/1 6110/3469/1 6112/3469/1 6111/3469/1
f 6111/3470/2 6112/3470/2 6106/3470/2 6105/3470/2
f 6106/3471/5 6112/3471/5 6110/3471/5 6108/3471/5
f 6113/3472/3 6114/3472/3 6116/3472/3 6115/3472/3
f 6117/3473/1 6118/3473/1 6120/3473/1 6119/3473/1
f 6119/3474/2 6120/3474/2 6114/3474/2 6113/3474/2
f 6114/3475/5 6120/3475/5 6118/3475/5 6116/3475/5
f 6121/3476/3 6122/3476/3 6124/3476/3 6123/3476/3
f 6125/3477/1 6126/3477/1 6128/3477/1 6127/3477/1
f 6127/3478/2 6128/3478/2 6122/3478/2 6121/3478/2
f 6122/3479/5 6128/3479/5 6126/3479/5 6124/3479/5
f 6129/3480/3 6130/3480/3 6132/3480/3 6131/3480/3
f 6133/3481/1 6134/3481/1 6136/3481/1 6135/3481/1
f 6135/3482/2 6136/3482/2 6130/3482/2 6129/3482/2
f 6130/3483/5 6136/3483/5 6134/3483/5 6132/3483/5
f 6137/3484/3 6138/3484/3 6140/3484/3 6139/3484/3
f 6139/3485/2 6140/3485/2 6142/3485/2 6141/3485/2
f 6141/3486/1 6142/3486/1 6144/3486/1 6143/3486/1
f 6143/3487/5 6137/3487/5 6139/3487/5 6141/3487/5
f 6149/3488/4 6150/3488/4 6151/3488/4 6152/3488/4
f 6146/3489/4 6145/3489/4 6138/3489/4 6144/3489/4
f 6147/3490/4 6146/3490/4 6144/3490/4 6142/3490/4
f 6148/3491/4 6147/3491/4 6142/3491/4 6140/3491/4
f 6145/3492/4 6148/3492/4 6140/3492/4 6138/3492/4
f 6150/3493/6 6149/3493/6 6145/3493/6 6146/3493/6
f 6151/3494/1 6150/3494/1 6146/3494/1 6147/3494/1
f 6152/3495/2 6151/3495/2 6147/3495/2 6148/3495/2
f 6149/3496/3 6152/3496/3 6148/3496/3 6145/3496/3
f 6153/3497/3 6154/3497/3 6156/3497/3 6155/3497/3
f 6155/3498/2 6156/3498/2 6158/3498/2 6157/3498/2
f 6157/3499/1 6158/3499/1 6160/3499/1 6159/3499/1
f 6154/3500/4 6160/3500/4 6158/3500/4 6156/3500/4
f 6163/3501/3 6164/3501/3 6166/3501/3 6165/3501/3
f 6165/3502/2 6166/3502/2 6168/3502/2 6167/3502/2
f 6167/3503/1 6168/3503/1 6162/3503/1 6161/3503/1
f 6162/3504/4 6168/3504/4 6166/3504/4 6164/3504/4
f 6169/3505/3 6170/3505/3 6172/3505/3 6171/3505/3
f 6173/3506/1 6174/3506/1 6176/3506/1 6175/3506/1
f 6175/3507/2 6176/3507/2 6170/3507/2 6169/3507/2
f 6170/3508/5 6176/3508/5 6174/3508/5 6172/3508/5
f 6177/3509/3 6178/3509/3 6180/3509/3 6179/3509/3
f 6181/3510/1 6182/3510/1 6184/3510/1 6183/3510/1
f 6183/3511/2 6184/3511/2 6178/3511/2 6177/3511/2
f 6178/3512/5 6184/3512/5 6182/3512/5 6180/3512/5
f 6185/3513/3 6186/3513/3 6188/3513/3 6187/3513/3
f 6189/3514/1 6190/3514/1 6192/3514/1 6191/3514/1
f 6191/3515/2 6192/3515/2 6186/3515/2 6185/3515/2
f 6186/3516/5 6192/3516/5 6190/3516/5 6188/3516/5
f 6193/3517/3 6194/3517/3 6196/3517/3 6195/3517/3
f 6197/3518/1 6198/3518/1 6200/3518/1 6199/3518/1
f 6199/3519/2 6200/3519/2 6194/3519/2 6193/3519/2
f 6194/3520/5 6200/3520/5 6198/3520/5 6196/3520/5
f 6201/3521/3 6202/3521/3 6204/3521/3 6203/3521/3
f 6203/3522/2 6204/3522/2 6206/3522/2 6205/3522/2
f 6205/3523/1 6206/3523/1 6208/3523/1 6207/3523/1
f 6207/3524/5 6201/3524/5 6203/3524/5 6205/3524/5
f 6213/3525/4 6214/3525/4 6215/3525/4 6216/3525/4
f 6210/3526/4 6209/3526/4 6202/3526/4 6208/3526/4
f 6211/3527/4 6210/3527/4 6208/3527/4 6206/3527/4
f 6212/3528/4 6211/3528/4 6206/3528/4 6204/3528/4
f 6209/3529/4 6212/3529/4 6204/3529/4 6202/3529/4
f 6214/3530/6 6213/3530/6 6209/3530/6 6210/3530/6
f 6215/3531/1 6214/3531/1 6210/3531/1 6211/3531/1
f 6216/3532/2 6215/3532/2 6211/3532/2 6212/3532/2
f 6213/3533/3 6216/3533/3 6212/3533/3 6209/3533/3
f 6217/3534/3 6218/3534/3 6220/3534/3 6219/3534/3
f 6219/3535/2 6220/3535/2 6222/3535/2 6221/3535/2
f 6221/3536/1 6222/3536/1 6224/3536/1 6223/3536/1
f 6218/3537/4 6224/3537/4 6222/3537/4 6220/3537/4
f 6227/3538/3 6228/3538/3 6230/3538/3 6229/3538/3
f 6229/3539/2 6230/3539/2 6232/3539/2 6231/3539/2
f 6231/3540/1 6232/3540/1 6226/3540/1 6225/3540/1
f 6226/3541/4 6232/3541/4 6230/3541/4 6228/3541/4
f 6233/3542/3 6234/3542/3 6236/3542/3 6235/3542/3
f 6237/3543/1 6238/3543/1 6240/3543/1 6239/3543/1
f 6239/3544/2 6240/3544/2 6234/3544/2 6233/3544/2
f 6234/3545/5 6240/3545/5 6238/3545/5 6236/3545/5
f 6241/3546/3 6242/3546/3 6244/3546/3 6243/3546/3
f 6245/3547/1 6246/3547/1 6248/3547/1 6247/3547/1
f 6247/3548/2 6248/3548/2 6242/3548/2 6241/3548/2
f 6242/3549/5 6248/3549/5 6246/3549/5 6244/3549/5
f 6249/3550/3 6250/3550/3 6252/3550/3 6251/3550/3
f 6253/3551/1 6254/3551/1 6256/3551/1 6255/3551/1
f 6255/3552/2 6256/3552/2 6250/3552/2 6249/3552/2
f 6250/3553/5 6256/3553/5 6254/3553/5 6252/3553/5
f 6257/3554/3 6258/3554/3 6260/3554/3 6259/3554/3
f 6261/3555/1 6262/3555/1 6264/3555/1 6263/3555/1
f 6263/3556/2 6264/3556/2 6258/3556/2 6257/3556/2
f 6258/3557/5 6264/3557/5 6262/3557/5 6260/3557/5
f 6265/3558/3 6266/3558/3 6268/3558/3 6267/3558/3
f 6267/3559/2 6268/3559/2 6270/3559/2 6269/3559/2
f 6269/3560/1 6270/3560/1 6272/3560/1 6271/3560/1
f 6271/3561/5 6265/3561/5 6267/3561/5 6269/3561/5
f 6277/3562/4 6278/3562/4 6279/3562/4 6280/3562/4
f 6274/3563/4 6273/3563/4 6266/3563/4 6272/3563/4
f 6275/3564/4 6274/3564/4 6272/3564/4 6270/3564/4
f 6276/3565/4 6275/3565/4 6270/3565/4 6268/3565/4
f 6273/3566/4 6276/3566/4 6268/3566/4 6266/3566/4
f 6278/3567/6 6277/3567/6 6273/3567/6 6274/3567/6
f 6279/3568/1 6278/3568/1 6274/3568/1 6275/3568/1
f 6280/3569/2 6279/3569/2 6275/3569/2 6276/3569/2
f 6277/3570/3 6280/3570/3 6276/3570/3 6273/3570/3
f 6281/3571/3 6282/3571/3 6284/3571/3 6283/3571/3
f 6283/3572/2 6284/3572/2 6286/3572/2 6285/3572/2
f 6285/3573/1 6286/3573/1 6288/3573/1 6287/3573/1
f 6282/3574/4 6288/3574/4 6286/3574/4 6284/3574/4
f 6291/3575/3 6292/3575/3 6294/3575/3 6293/3575/3
f 6293/3576/2 6294/3576/2 6296/3576/2 6295/3576/2
f 6295/3577/1 6296/3577/1 6290/3577/1 6289/3577/1
f 6290/3578/4 6296/3578/4 6294/3578/4 6292/3578/4
f 6297/3579/3 6298/3579/3 6300/3579/3 6299/3579/3
f 6301/3580/1 6302/3580/1 6304/3580/1 6303/3580/1
f 6303/3581/2 6304/3581/2 6298/3581/2 6297/3581/2
f 6298/3582/5 6304/3582/5 6302/3582/5 6300/3582/5
f 6305/3583/3 6306/3583/3 6308/3583/3 6307/3583/3
f 6309/3584/1 6310/3584/1 6312/3584/1 6311/3584/1
f 6311/3585/2 6312/3585/2 6306/3585/2 6305/3585/2
f 6306/3586/5 6312/3586/5 6310/3586/5 6308/3586/5
f 6313/3587/3 6314/3587/3 6316/3587/3 6315/3587/3
f 6317/3588/1 6318/3588/1 6320/3588/1 6319/3588/1
f 6319/3589/2 6320/3589/2 6314/3589/2 6313/3589/2
f 6314/3590/5 6320/3590/5 6318/3590/5 6316/3590/5
f 6321/3591/3 6322/3591/3 6324/3591/3 6323/3591/3
f 6325/3592/1 6326/3592/1 6328/3592/1 6327/3592/1
f 6327/3593/2 6328/3593/2 6322/3593/2 6321/3593/2
f 6322/3594/5 6328/3594/5 6326/3594/5 6324/3594/5
f 6329/3595/3 6330/3595/3 6332/3595/3 6331/3595/3
f 6331/3596/2 6332/3596/2 6334/3596/2 6333/3596/2
f 6333/3597/1 6334/3597/1 6336/3597/1 6335/3597/1
f 6335/3598/5 6329/3598/5 6331/3598/5 6333/3598/5
f 6341/3599/4 6342/3599/4 6343/3599/4 6344/3599/4
f 6338/3600/4 6337/3600/4 6330/3600/4 6336/3600/4
f 6339/3601/4 6338/3601/4 6336/3601/4 6334/3601/4
f 6340/3602/4 6339/3602/4 6334/3602/4 6332/3602/4
f 6337/3603/4 6340/3603/4 6332/3603/4 6330/3603/4
f 6342/3604/6 6341/3604/6 6337/3604/6 6338/3604/6
f 6343/3605/1 6342/3605/1 6338/3605/1 6339/3605/1
f 6344/3606/2 6343/3606/2 6339/3606/2 6340/3606/2
f 6341/3607/3 6344/3607/3 6340/3607/3 6337/3607/3
f 6345/3608/3 6346/3608/3 6348/3608/3 6347/3608/3
f 6347/3609/2 6348/3609/2 6350/3609/2 6349/3609/2
f 6349/3610/1 6350/3610/1 6352/3610/1 6351/3610/1
f 6346/3611/4 6352/3611/4 6350/3611/4 6348/3611/4
f 6355/3612/3 6356/3612/3 6358/3612/3 6357/3612/3
f 6357/3613/2 6358/3613/2 6360/3613/2 6359/3613/2
f 6359/3614/1 6360/3614/1 6354/3614/1 6353/3614/1
f 6354/3615/4 6360/3615/4 6358/3615/4 6356/3615/4
f 6361/3616/3 6362/3616/3 6364/3616/3 6363/3616/3
f 6365/3617/1 6366/3617/1 6368/3617/1 6367/3617/1
f 6367/3618/2 6368/3618/2 6362/3618/2 6361/3618/2
f 6362/3619/5 6368/3619/5 6366/3619/5 6364/3619/5
f 6369/3620/3 6370/3620/3 6372/3620/3 6371/3620/3
f 6373/3621/1 6374/3621/1 6376/3621/1 6375/3621/1
f 6375/3622/2 6376/3622/2 6370/3622/2 6369/3622/2
f 6370/3623/5 6376/3623/5 6374/3623/5 6372/3623/5
f 6377/3624/3 6378/3624/3 6380/3624/3 6379/3624/3
f 6381/3625/1 6382/3625/1 6384/3625/1 6383/3625/1
f 6383/3626/2 6384/3626/2 6378/3626/2 6377/3626/2
f 6378/3627/5 6384/3627/5 6382/3627/5 6380/3627/5
f 6385/3628/3 6386/3628/3 6388/3628/3 6387/3628/3
f 6389/3629/1 6390/3629/1 6392/3629/1 6391/3629/1
f 6391/3630/2 6392/3630/2 6386/3630/2 6385/3630/2
f 6386/3631/5 6392/3631/5 6390/3631/5 6388/3631/5
f 6393/3632/3 6394/3632/3 6396/3632/3 6395/3632/3
f 6395/3633/2 6396/3633/2 6398/3633/2 6397/3633/2
f 6397/3634/1 6398/3634/1 6400/3634/1 6399/3634/1
f 6399/3635/5 6393/3635/5 6395/3635/5 6397/3635/5
f 6405/3636/4 6406/3636/4 6407/3636/4 6408/3636/4
f 6402/3637/4 6401/3637/4 6394/3637/4 6400/3637/4
f 6403/3638/4 6402/3638/4 6400/3638/4 6398/3638/4
f 6404/3639/4 6403/3639/4 6398/3639/4 6396/3639/4
f 6401/3640/4 6404/3640/4 6396/3640/4 6394/3640/4
f 6406/3641/6 6405/3641/6 6401/3641/6 6402/3641/6
f 6407/3642/1 6406/3642/1 6402/3642/1 6403/3642/1
f 6408/3643/2 6407/3643/2 6403/3643/2 6404/3643/2
f 6405/3644/3 6408/3644/3 6404/3644/3 6401/3644/3
f 6409/3645/3 6410/3645/3 6412/3645/3 6411/3645/3
f 6411/3646/2 6412/3646/2 6414/3646/2 6413/3646/2
f 6413/3647/1 6414/3647/1 6416/3647/1 6415/3647/1
f 6410/3648/4 6416/3648/4 6414/3648/4 6412/3648/4
f 6419/3649/3 6420/3649/3 6422/3649/3 6421/3649/3
f 6421/3650/2 6422/3650/2 6424/3650/2 6423/3650/2
f 6423/3651/1 6424/3651/1 6418/3651/1 6417/3651/1
f 6418/3652/4 6424/3652/4 6422/3652/4 6420/3652/4
f 6425/3653/3 6426/3653/3 6428/3653/3 6427/3653/3
f 6429/3654/1 6430/3654/1 6432/3654/1 6431/3654/1
f 6431/3655/2 6432/3655/2 6426/3655/2 6425/3655/2
f 6426/3656/5 6432/3656/5 6430/3656/5 6428/3656/5
f 6433/3657/3 6434/3657/3 6436/3657/3 6435/3657/3
f 6437/3658/1 6438/3658/1 6440/3658/1 6439/3658/1
f 6439/3659/2 6440/3659/2 6434/3659/2 6433/3659/2
f 6434/3660/5 6440/3660/5 6438/3660/5 6436/3660/5
f 6441/3661/3 6442/3661/3 6444/3661/3 6443/3661/3
f 6445/3662/1 6446/3662/1 6448/3662/1 6447/3662/1
f 6447/3663/2 6448/3663/2 6442/3663/2 6441/3663/2
f 6442/3664/5 6448/3664/5 6446/3664/5 6444/3664/5
f 6449/3665/3 6450/3665/3 6452/3665/3 6451/3665/3
f 6453/3666/1 6454/3666/1 6456/3666/1 6455/3666/1
f 6455/3667/2 6456/3667/2 6450/3667/2 6449/3667/2
f 6450/3668/5 6456/3668/5 6454/3668/5 6452/3668/5
f 6457/3669/3 6458/3669/3 6460/3669/3 6459/3669/3
f 6459/3670/2 6460/3670/2 6462/3670/2 6461/3670/2
f 6461/3671/1 6462/3671/1 6464/3671/1 6463/3671/1
f 6463/3672/5 6457/3672/5 6459/3672/5 6461/3672/5
f 6469/3673/4 6470/3673/4 6471/3673/4 6472/3673/4
f 6466/3674/4 6465/3674/4 6458/3674/4 6464/3674/4
f 6467/3675/4 6466/3675/4 6464/3675/4 6462/3675/4
f 6468/3676/4 6467/3676/4 6462/3676/4 6460/3676/4
f 6465/3677/4 6468/3677/4 6460/3677/4 6458/3677/4
f 6470/3678/6 6469/3678/6 6465/3678/6 6466/3678/6
f 6471/3679/1 6470/3679/1 6466/3679/1 6467/3679/1
f 6472/3680/2 6471/3680/2 6467/3680/2 6468/3680/2
f 6469/3681/3 6472/3681/3 6468/3681/3 6465/3681/3
f 6473/3682/3 6474/3682/3 6476/3682/3 6475/3682/3
f 6475/3683/2 6476/3683/2 6478/3683/2 6477/3683/2
f 6477/3684/1 6478/3684/1 6480/3684/1 6479/3684/1
f 6474/3685/4 6480/3685/4 6478/3685/4 6476/3685/4
f 6483/3686/3 6484/3686/3 6486/3686/3 6485/3686/3
f 6485/3687/2 6486/3687/2 6488/3687/2 6487/3687/2
f 6487/3688/1 6488/3688/1 6482/3688/1 6481/3688/1
f 6482/3689/4 6488/3689/4 6486/3689/4 6484/3689/4
f 6489/3690/3 6490/3690/3 6492/3690/3 6491/3690/3
f 6493/3691/1 6494/3691/1 6496/3691/1 6495/3691/1
f 6495/3692/2 6496/3692/2 6490/3692/2 6489/3692/2
f 6490/3693/5 6496/3693/5 6494/3693/5 6492/3693/5
f 6497/3694/3 6498/3694/3 6500/3694/3 6499/3694/3
f 6501/3695/1 6502/3695/1 6504/3695/1 6503/3695/1
f 6503/3696/2 6504/3696/2 6498/3696/2 6497/3696/2
f 6498/3697/5 6504/3697/5 6502/3697/5 6500/3697/5
f 6505/3698/3 6506/3698/3 6508/3698/3 6507/3698/3
f 6509/3699/1 6510/3699/1 6512/3699/1 6511/3699/1
f 6511/3700/2 6512/3700/2 6506/3700/2 6505/3700/2
f 6506/3701/5 6512/3701/5 6510/3701/5 6508/3701/5
f 6513/3702/3 6514/3702/3 6516/3702/3 6515/3702/3
f 6517/3703/1 6518/3703/1 6520/3703/1 6519/3703/1
f 6519/3704/2 6520/3704/2 6514/3704/2 6513/3704/2
f 6514/3705/5 6520/3705/5 6518/3705/5 6516/3705/5
f 6521/3706/3 6522/3706/3 6524/3706/3 6523/3706/3
f 6523/3707/2 6524/3707/2 6526/3707/2 6525/3707/2
f 6525/3708/1 6526/3708/1 6528/3708/1 6527/3708/1
f 6527/3709/5 6521/3709/5 6523/3709/5 6525/3709/5
f 6533/3710/4 6534/3710/4 6535/3710/4 6536/3710/4
f 6530/3711/4 6529/3711/4 6522/3711/4 6528/3711/4
f 6531/3712/4 6530/3712/4 6528/3712/4 6526/3712/4
f 6532/3713/4 6531/3713/4 6526/3713/4 6524/3713/4
f 6529/3714/4 6532/3714/4 6524/3714/4 6522/3714/4
f 6534/3715/6 6533/3715/6 6529/3715/6 6530/3715/6
f 6535/3716/1 6534/3716/1 6530/3716/1 6531/3716/1
f 6536/3717/2 6535/3717/2 6531/3717/2 6532/3717/2
f 6533/3718/3 6536/3718/3 6532/3718/3 6529/3718/3
f 6537/3719/3 6538/3719/3 6540/3719/3 6539/3719/3
f 6539/3720/2 6540/3720/2 6542/3720/2 6541/3720/2
f 6541/3721/1 6542/3721/1 6544/3721/1 6543/3721/1
f 6538/3722/4 6544/3722/4 6542/3722/4 6540/3722/4
f 6547/3723/3 6548/3723/3 6550/3723/3 6549/3723/3
f 6549/3724/2 6550/3724/2 6552/3724/2 6551/3724/2
f 6551/3725/1 6552/3725/1 6546/3725/1 6545/3725/1
f 6546/3726/4 6552/3726/4 6550/3726/4 6548/3726/4
f 6553/3727/3 6554/3727/3 6556/3727/3 6555/3727/3
f 6557/3728/1 6558/3728/1 6560/3728/1 6559/3728/1
f 6559/3729/2 6560/3729/2 6554/3729/2 6553/3729/2
f 6554/3730/5 6560/3730/5 6558/3730/5 6556/3730/5
f 6561/3731/3 6562/3731/3 6564/3731/3 6563/3731/3
f 6565/3732/1 6566/3732/1 6568/3732/1 6567/3732/1
f 6567/3733/2 6568/3733/2 6562/3733/2 6561/3733/2
f 6562/3734/5 6568/3734/5 6566/3734/5 6564/3734/5
f 6569/3735/3 6570/3735/3 6572/3735/3 6571/3735/3
f 6573/3736/1 6574/3736/1 6576/3736/1 6575/3736/1
f 6575/3737/2 6576/3737/2 6570/3737/2 6569/3737/2
f 6570/3738/5 6576/3738/5 6574/3738/5 6572/3738/5
f 6577/3739/3 6578/3739/3 6580/3739/3 6579/3739/3
f 6581/3740/1 6582/3740/1 6584/3740/1 6583/3740/1
f 6583/3741/2 6584/3741/2 6578/3741/2 6577/3741/2
f 6578/3742/5 6584/3742/5 6582/3742/5 6580/3742/5
f 6585/3743/3 6586/3743/3 6588/3743/3 6587/3743/3
f 6587/3744/2 6588/3744/2 6590/3744/2 6589/3744/2
f 6589/3745/1 6590/3745/1 6592/3745/1 6591/3745/1
f 6591/3746/5 6585/3746/5 6587/3746/5 6589/3746/5
f 6597/3747/4 6598/3747/4 6599/3747/4 6600/3747/4
f 6594/3748/4 6593/3748/4 6586/3748/4 6592/3748/4
f 6595/3749/4 6594/3749/4 6592/3749/4 6590/3749/4
f 6596/3750/4 6595/3750/4 6590/3750/4 6588/3750/4
f 6593/3751/4 6596/3751/4 6588/3751/4 6586/3751/4
f 6598/3752/6 6597/3752/6 6593/3752/6 6594/3752/6
f 6599/3753/1 6598/3753/1 6594/3753/1 6595/3753/1
f 6600/3754/2 6599/3754/2 6595/3754/2 6596/3754/2
f 6597/3755/3 6600/3755/3 6596/3755/3 6593/3755/3
f 6601/3756/3 6602/3756/3 6604/3756/3 6603/3756/3
f 6603/3757/2 6604/3757/2 6606/3757/2 6605/3757/2
f 6605/3758/1 6606/3758/1 6608/3758/1 6607/3758/1
f 6602/3759/4 6608/3759/4 6606/3759/4 6604/3759/4
f 6611/3760/3 6612/3760/3 6614/3760/3 6613/3760/3
f 6613/3761/2 6614/3761/2 6616/3761/2 6615/3761/2
f 6615/3762/1 6616/3762/1 6610/3762/1 6609/3762/1
f 6610/3763/4 6616/3763/4 6614/3763/4 6612/3763/4
f 6617/3764/3 6618/3764/3 6620/3764/3 6619/3764/3
f 6621/3765/1 6622/3765/1 6624/3765/1 6623/3765/1
f 6623/3766/2 6624/3766/2 6618/3766/2 6617/3766/2
f 6618/3767/5 6624/3767/5 6622/3767/5 6620/3767/5
f 6625/3768/3 6626/3768/3 6628/3768/3 6627/3768/3
f 6629/3769/1 6630/3769/1 6632/3769/1 6631/3769/1
f 6631/3770/2 6632/3770/2 6626/3770/2 6625/3770/2
f 6626/3771/5 6632/3771/5 6630/3771/5 6628/3771/5
f 6633/3772/3 6634/3772/3 6636/3772/3 6635/3772/3
f 6637/3773/1 6638/3773/1 6640/3773/1 6639/3773/1
f 6639/3774/2 6640/3774/2 6634/3774/2 6633/3774/2
f 6634/3775/5 6640/3775/5 6638/3775/5 6636/3775/5
f 6641/3776/3 6642/3776/3 6644/3776/3 6643/3776/3
f 6645/3777/1 6646/3777/1 6648/3777/1 6647/3777/1
f 6647/3778/2 6648/3778/2 6642/3778/2 6641/3778/2
f 6642/3779/5 6648/3779/5 6646/3779/5 6644/3779/5
f 6649/3780/3 6650/3780/3 6652/3780/3 6651/3780/3
f 6651/3781/2 6652/3781/2 6654/3781/2 6653/3781/2
f 6653/3782/1 6654/3782/1 6656/3782/1 6655/3782/1
f 6655/3783/5 6649/3783/5 6651/3783/5 6653/3783/5
f 6661/3784/4 6662/3784/4 6663/3784/4 6664/3784/4
f 6658/3785/4 6657/3785/4 6650/3785/4 6656/3785/4
f 6659/3786/4 6658/3786/4 6656/3786/4 6654/3786/4
f 6660/3787/4 6659/3787/4 6654/3787/4 6652/3787/4
f 6657/3788/4 6660/3788/4 6652/3788/4 6650/3788/4
f 6662/3789/6 6661/3789/6 6657/3789/6 6658/3789/6
f 6663/3790/1 6662/3790/1 6658/3790/1 6659/3790/1
f 6664/3791/2 6663/3791/2 6659/3791/2 6660/3791/2
f 6661/3792/3 6664/3792/3 6660/3792/3 6657/3792/3
f 6665/3793/3 6666/3793/3 6668/3793/3 6667/3793/3
f 6667/3794/2 6668/3794/2 6670/3794/2 6669/3794/2
f 6669/3795/1 6670/3795/1 6672/3795/1 6671/3795/1
f 6666/3796/4 6672/3796/4 6670/3796/4 6668/3796/4
f 6675/3797/3 6676/3797/3 6678/3797/3 6677/3797/3
f 6677/3798/2 6678/3798/2 6680/3798/2 6679/3798/2
f 6679/3799/1 6680/3799/1 6674/3799/1 6673/3799/1
f 6674/3800/4 6680/3800/4 6678/3800/4 6676/3800/4
f 6681/3801/3 6682/3801/3 6684/3801/3 6683/3801/3
f 6685/3802/1 6686/3802/1 6688/3802/1 6687/3802/1
f 6687/3803/2 6688/3803/2 6682/3803/2 6681/3803/2
f 6682/3804/5 6688/3804/5 6686/3804/5 6684/3804/5
f 6689/3805/3 6690/3805/3 6692/3805/3 6691/3805/3
f 6693/3806/1 6694/3806/1 6696/3806/1 6695/3806/1
f 6695/3807/2 6696/3807/2 6690/3807/2 6689/3807/2
f 6690/3808/5 6696/3808/5 6694/3808/5 6692/3808/5
f 6697/3809/3 6698/3809/3 6700/3809/3 6699/3809/3
f 6701/3810/1 6702/3810/1 6704/3810/1 6703/3810/1
f 6703/3811/2 6704/3811/2 6698/3811/2 6697/3811/2
f 6698/3812/5 6704/3812/5 6702/3812/5 6700/3812/5
f 6705/3813/3 6706/3813/3 6708/3813/3 6707/3813/3
f 6709/3814/1 6710/3814/1 6712/3814/1 6711/3814/1
f 6711/3815/2 6712/3815/2 6706/3815/2 6705/3815/2
f 6706/3816/5 6712/3816/5 6710/3816/5 6708/3816/5
f 6713/3817/3 6714/3817/3 6716/3817/3 6715/3817/3
f 6715/3818/2 6716/3818/2 6718/3818/2 6717/3818/2
f 6717/3819/1 6718/3819/1 6720/3819/1 6719/3819/1
f 6719/3820/5 6713/3820/5 6715/3820/5 6717/3820/5
f 6725/3821/4 6726/3821/4 6727/3821/4 6728/3821/4
f 6722/3822/4 6721/3822/4 6714/3822/4 6720/3822/4
f 6723/3823/4 6722/3823/4 6720/3823/4 6718/3823/4
f 6724/3824/4 6723/3824/4 6718/3824/4 6716/3824/4
f 6721/3825/4 6724/3825/4 6716/3825/4 6714/3825/4
f 6726/3826/6 6725/3826/6 6721/3826/6 6722/3826/6
f 6727/3827/1 6726/3827/1 6722/3827/1 6723/3827/1
f 6728/3828/2 6727/3828/2 6723/3828/2 6724/3828/2
f 6725/3829/3 6728/3829/3 6724/3829/3 6721/3829/3
f 6729/3830/3 6730/3830/3 6732/3830/3 6731/3830/3
f 6731/3831/2 6732/3831/2 6734/3831/2 6733/3831/2
f 6733/3832/1 6734/3832/1 6736/3832/1 6735/3832/1
f 6730/3833/4 6736/3833/4 6734/3833/4 6732/3833/4
f 6739/3834/3 6740/3834/3 6742/3834/3 6741/3834/3
f 6741/3835/2 6742/3835/2 6744/3835/2 6743/3835/2
f 6743/3836/1 6744/3836/1 6738/3836/1 6737/3836/1
f 6738/3837/4 6744/3837/4 6742/3837/4 6740/3837/4
f 6745/3838/3 6746/3838/3 6748/3838/3 6747/3838/3
f 6749/3839/1 6750/3839/1 6752/3839/1 6751/3839/1
f 6751/3840/2 6752/3840/2 6746/3840/2 6745/3840/2
f 6746/3841/5 6752/3841/5 6750/3841/5 6748/3841/5
f 6753/3842/3 6754/3842/3 6756/3842/3 6755/3842/3
f 6757/3843/1 6758/3843/1 6760/3843/1 6759/3843/1
f 6759/3844/2 6760/3844/2 6754/3844/2 6753/3844/2
f 6754/3845/5 6760/3845/5 6758/3845/5 6756/3845/5
f 6761/3846/3 6762/3846/3 6764/3846/3 6763/3846/3
f 6765/3847/1 6766/3847/1 6768/3847/1 6767/3847/1
f 6767/3848/2 6768/3848/2 6762/3848/2 6761/3848/2
f 6762/3849/5 6768/3849/5 6766/3849/5 6764/3849/5
f 6769/3850/3 6770/3850/3 6772/3850/3 6771/3850/3
f 6773/3851/1 6774/3851/1 6776/3851/1 6775/3851/1
f 6775/3852/2 6776/3852/2 6770/3852/2 6769/3852/2
f 6770/3853/5 6776/3853/5 6774/3853/5 6772/3853/5
f 6777/3854/3 6778/3854/3 6780/3854/3 6779/3854/3
f 6779/3855/2 6780/3855/2 6782/3855/2 6781/3855/2
f 6781/3856/1 6782/3856/1 6784/3856/1 6783/3856/1
f 6783/3857/5 6777/3857/5 6779/3857/5 6781/3857/5
f 6789/3858/4 6790/3858/4 6791/3858/4 6792/3858/4
f 6786/3859/4 6785/3859/4 6778/3859/4 6784/3859/4
f 6787/3860/4 6786/3860/4 6784/3860/4 6782/3860/4
f 6788/3861/4 6787/3861/4 6782/3861/4 6780/3861/4
f 6785/3862/4 6788/3862/4 6780/3862/4 6778/3862/4
f 6790/3863/6 6789/3863/6 6785/3863/6 6786/3863/6
f 6791/3864/1 6790/3864/1 6786/3864/1 6787/3864/1
f 6792/3865/2 6791/3865/2 6787/3865/2 6788/3865/2
f 6789/3866/3 6792/3866/3 6788/3866/3 6785/3866/3
f 6793/3867/3 6794/3867/3 6796/3867/3 6795/3867/3
f 6795/3868/2 6796/3868/2 6798/3868/2 6797/3868/2
f 6797/3869/1 6798/3869/1 6800/3869/1 6799/3869/1
f 6794/3870/4 6800/3870/4 6798/3870/4 6796/3870/4
f 6803/3871/3 6804/3871/3 6806/3871/3 6805/3871/3
f 6805/3872/2 6806/3872/2 6808/3872/2 6807/3872/2
f 6807/3873/1 6808/3873/1 6802/3873/1 6801/3873/1
f 6802/3874/4 6808/3874/4 6806/3874/4 6804/3874/4
f 6809/3875/3 6810/3875/3 6812/3875/3 6811/3875/3
f 6813/3876/1 6814/3876/1 6816/3876/1 6815/3876/1
f 6815/3877/2 6816/3877/2 6810/3877/2 6809/3877/2
f 6810/3878/5 6816/3878/5 6814/3878/5 6812/3878/5
f 6817/3879/3 6818/3879/3 6820/3879/3 6819/3879/3
f 6821/3880/1 6822/3880/1 6824/3880/1 6823/3880/1
f 6823/3881/2 6824/3881/2 6818/3881/2 6817/3881/2
f 6818/3882/5 6824/3882/5 6822/3882/5 6820/3882/5
f 6825/3883/3 6826/3883/3 6828/3883/3 6827/3883/3
f 6829/3884/1 6830/3884/1 6832/3884/1 6831/3884/1
f 6831/3885/2 6832/3885/2 6826/3885/2 6825/3885/2
f 6826/3886/5 6832/3886/5 6830/3886/5 6828/3886/5
f 6833/3887/3 6834/3887/3 6836/3887/3 6835/3887/3
f 6837/3888/1 6838/3888/1 6840/3888/1 6839/3888/1
f 6839/3889/2 6840/3889/2 6834/3889/2 6833/3889/2
f 6834/3890/5 6840/3890/5 6838/3890/5 6836/3890/5
f 6841/3891/1 6842/3891/1 6844/3891/1 6843/3891/1
f 6843/3892/2 6844/3892/2 6846/3892/2 6845/3892/2
f 6845/3893/3 6846/3893/3 6848/3893/3 6847/3893/3
f 6847/3894/4 6841/3894/4 6843/3894/4 6845/3894/4
f 6853/3895/5 6854/3895/5 6855/3895/5 6856/3895/5
f 6850/3896/5 6849/3896/5 6842/3896/5 6848/3896/5
f 6851/3897/5 6850/3897/5 6848/3897/5 6846/3897/5
f 6852/3898/5 6851/3898/5 6846/3898/5 6844/3898/5
f 6849/3899/5 6852/3899/5 6844/3899/5 6842/3899/5
f 6854/3900/6 6853/3900/6 6849/3900/6 6850/3900/6
f 6855/3901/3 6854/3901/3 6850/3901/3 6851/3901/3
f 6856/3902/2 6855/3902/2 6851/3902/2 6852/3902/2
f 6853/3903/1 6856/3903/1 6852/3903/1 6849/3903/1
f 6857/3904/1 6858/3904/1 6860/3904/1 6859/3904/1
f 6859/3905/2 6860/3905/2 6862/3905/2 6861/3905/2
f 6861/3906/3 6862/3906/3 6864/3906/3 6863/3906/3
f 6858/3907/5 6864/3907/5 6862/3907/5 6860/3907/5
f 6867/3908/1 6868/3908/1 6870/3908/1 6869/3908/1
f 6869/3909/2 6870/3909/2 6872/3909/2 6871/3909/2
f 6871/3910/3 6872/3910/3 6866/3910/3 6865/3910/3
f 6866/3911/5 6872/3911/5 6870/3911/5 6868/3911/5
f 6873/3912/1 6874/3912/1 6876/3912/1 6875/3912/1
f 6877/3913/3 6878/3913/3 6880/3913/3 6879/3913/3
f 6879/3914/2 6880/3914/2 6874/3914/2 6873/3914/2
f 6874/3915/4 6880/3915/4 6878/3915/4 6876/3915/4
f 6881/3916/1 6882/3916/1 6884/3916/1 6883/3916/1
f 6885/3917/3 6886/3917/3 6888/3917/3 6887/3917/3
f 6887/3918/2 6888/3918/2 6882/3918/2 6881/3918/2
f 6882/3919/4 6888/3919/4 6886/3919/4 6884/3919/4
f 6889/3920/1 6890/3920/1 6892/3920/1 6891/3920/1
f 6893/3921/3 6894/3921/3 6896/3921/3 6895/3921/3
f 6895/3922/2 6896/3922/2 6890/3922/2 6889/3922/2
f 6890/3923/4 6896/3923/4 6894/3923/4 6892/3923/4
f 6897/3924/1 6898/3924/1 6900/3924/1 6899/3924/1
f 6901/3925/3 6902/3925/3 6904/3925/3 6903/3925/3
f 6903/3926/2 6904/3926/2 6898/3926/2 6897/3926/2
f 6898/3927/4 6904/3927/4 6902/3927/4 6900/3927/4
f 6905/3928/1 6906/3928/1 6908/3928/1 6907/3928/1
f 6907/3929/2 6908/3929/2 6910/3929/2 6909/3929/2
f 6909/3930/3 6910/3930/3 6912/3930/3 6911/3930/3
f 6911/3931/4 6905/3931/4 6907/3931/4 6909/3931/4
f 6917/3932/5 6918/3932/5 6919/3932/5 6920/3932/5
f 6914/3933/5 6913/3933/5 6906/3933/5 6912/3933/5
f 6915/3934/5 6914/3934/5 6912/3934/5 6910/3934/5
f 6916/3935/5 6915/3935/5 6910/3935/5 6908/3935/5
f 6913/3936/5 6916/3936/5 6908/3936/5 6906/3936/5
f 6918/3937/6 6917/3937/6 6913/3937/6 6914/3937/6
f 6919/3938/3 6918/3938/3 6914/3938/3 6915/3938/3
f 6920/3939/2 6919/3939/2 6915/3939/2 6916/3939/2
f 6917/3940/1 6920/3940/1 6916/3940/1 6913/3940/1
f 6921/3941/1 6922/3941/1 6924/3941/1 6923/3941/1
f 6923/3942/2 6924/3942/2 6926/3942/2 6925/3942/2
f 6925/3943/3 6926/3943/3 6928/3943/3 6927/3943/3
f 6922/3944/5 6928/3944/5 6926/3944/5 6924/3944/5
f 6931/3945/1 6932/3945/1 6934/3945/1 6933/3945/1
f 6933/3946/2 6934/3946/2 6936/3946/2 6935/3946/2
f 6935/3947/3 6936/3947/3 6930/3947/3 6929/3947/3
f 6930/3948/5 6936/3948/5 6934/3948/5 6932/3948/5
f 6937/3949/1 6938/3949/1 6940/3949/1 6939/3949/1
f 6941/3950/3 6942/3950/3 6944/3950/3 6943/3950/3
f 6943/3951/2 6944/3951/2 6938/3951/2 6937/3951/2
f 6938/3952/4 6944/3952/4 6942/3952/4 6940/3952/4
f 6945/3953/1 6946/3953/1 6948/3953/1 6947/3953/1
f 6949/3954/3 6950/3954/3 6952/3954/3 6951/3954/3
f 6951/3955/2 6952/3955/2 6946/3955/2 6945/3955/2
f 6946/3956/4 6952/3956/4 6950/3956/4 6948/3956/4
f 6953/3957/1 6954/3957/1 6956/3957/1 6955/3957/1
f 6957/3958/3 6958/3958/3 6960/3958/3 6959/3958/3
f 6959/3959/2 6960/3959/2 6954/3959/2 6953/3959/2
f 6954/3960/4 6960/3960/4 6958/3960/4 6956/3960/4
f 6961/3961/1 6962/3961/1 6964/3961/1 6963/3961/1
f 6965/3962/3 6966/3962/3 6968/3962/3 6967/3962/3
f 6967/3963/2 6968/3963/2 6962/3963/2 6961/3963/2
f 6962/3964/4 6968/3964/4 6966/3964/4 6964/3964/4
f 6969/3965/1 6970/3965/1 6972/3965/1 6971/3965/1
f 6971/3966/2 6972/3966/2 6974/3966/2 6973/3966/2
f 6973/3967/3 6974/3967/3 6976/3967/3 6975/3967/3
f 6975/3968/4 6969/3968/4 6971/3968/4 6973/3968/4
f 6981/3969/5 6982/3969/5 6983/3969/5 6984/3969/5
f 6978/3970/5 6977/3970/5 6970/3970/5 6976/3970/5
f 6979/3971/5 6978/3971/5 6976/3971/5 6974/3971/5
f 6980/3972/5 6979/3972/5 6974/3972/5 6972/3972/5
f 6977/3973/5 6980/3973/5 6972/3973/5 6970/3973/5
f 6982/3974/6 6981/3974/6 6977/3974/6 6978/3974/6
f 6983/3975/3 6982/3975/3 6978/3975/3 6979/3975/3
f 6984/3976/2 6983/3976/2 6979/3976/2 6980/3976/2
f 6981/3977/1 6984/3977/1 6980/3977/1 6977/3977/1
f 6985/3978/1 6986/3978/1 6988/3978/1 6987/3978/1
f 6987/3979/2 6988/3979/2 6990/3979/2 6989/3979/2
f 6989/3980/3 6990/3980/3 6992/3980/3 6991/3980/3
f 6986/3981/5 6992/3981/5 6990/3981/5 6988/3981/5
f 6995/3982/1 6996/3982/1 6998/3982/1 6997/3982/1
f 6997/3983/2 6998/3983/2 7000/3983/2 6999/3983/2
f 6999/3984/3 7000/3984/3 6994/3984/3 6993/3984/3
f 6994/3985/5 7000/3985/5 6998/3985/5 6996/3985/5
f 7001/3986/1 7002/3986/1 7004/3986/1 7003/3986/1
f 7005/3987/3 7006/3987/3 7008/3987/3 7007/3987/3
f 7007/3988/2 7008/3988/2 7002/3988/2 7001/3988/2
f 7002/3989/4 7008/3989/4 7006/3989/4 7004/3989/4
f 7009/3990/1 7010/3990/1 7012/3990/1 7011/3990/1
f 7013/3991/3 7014/3991/3 7016/3991/3 7015/3991/3
f 7015/3992/2 7016/3992/2 7010/3992/2 7009/3992/2
f 7010/3993/4 7016/3993/4 7014/3993/4 7012/3993/4
f 7017/3994/1 7018/3994/1 7020/3994/1 7019/3994/1
f 7021/3995/3 7022/3995/3 7024/3995/3 7023/3995/3
f 7023/3996/2 7024/3996/2 7018/3996/2 7017/3996/2
f 7018/3997/4 7024/3997/4 7022/3997/4 7020/3997/4
f 7025/3998/1 7026/3998/1 7028/3998/1 7027/3998/1
f 7029/3999/3 7030/3999/3 7032/3999/3 7031/3999/3
f 7031/4000/2 7032/4000/2 7026/4000/2 7025/4000/2
f 7026/4001/4 7032/4001/4 7030/4001/4 7028/4001/4
f 7033/4002/1 7034/4002/1 7036/4002/1 7035/4002/1
f 7035/4003/2 7036/4003/2 7038/4003/2 7037/4003/2
f 7037/4004/3 7038/4004/3 7040/4004/3 7039/4004/3
f 7039/4005/4 7033/4005/4 7035/4005/4 7037/4005/4
f 7045/4006/5 7046/4006/5 7047/4006/5 7048/4006/5
f 7042/4007/5 7041/4007/5 7034/4007/5 7040/4007/5
f 7043/4008/5 7042/4008/5 7040/4008/5 7038/4008/5
f 7044/4009/5 7043/4009/5 7038/4009/5 7036/4009/5
f 7041/4010/5 7044/4010/5 7036/4010/5 7034/4010/5
f 7046/4011/6 7045/4011/6 7041/4011/6 7042/4011/6
f 7047/4012/3 7046/4012/3 7042/4012/3 7043/4012/3
f 7048/4013/2 7047/4013/2 7043/4013/2 7044/4013/2
f 7045/4014/1 7048/4014/1 7044/4014/1 7041/4014/1
f 7049/4015/1 7050/4015/1 7052/4015/1 7051/4015/1
f 7051/4016/2 7052/4016/2 7054/4016/2 7053/4016/2
f 7053/4017/3 7054/4017/3 7056/4017/3 7055/4017/3
f 7050/4018/5 7056/4018/5 7054/4018/5 7052/4018/5
f 7059/4019/1 7060/4019/1 7062/4019/1 7061/4019/1
f 7061/4020/2 7062/4020/2 7064/4020/2 7063/4020/2
f 7063/4021/3 7064/4021/3 7058/4021/3 7057/4021/3
f 7058/4022/5 7064/4022/5 7062/4022/5 7060/4022/5
f 7065/4023/1 7066/4023/1 7068/4023/1 7067/4023/1
f 7069/4024/3 7070/4024/3 7072/4024/3 7071/4024/3
f 7071/4025/2 7072/4025/2 7066/4025/2 7065/4025/2
f 7066/4026/4 7072/4026/4 7070/4026/4 7068/4026/4
f 7073/4027/1 7074/4027/1 7076/4027/1 7075/4027/1
f 7077/4028/3 7078/4028/3 7080/4028/3 7079/4028/3
f 7079/4029/2 7080/4029/2 7074/4029/2 7073/4029/2
f 7074/4030/4 7080/4030/4 7078/4030/4 7076/4030/4
f 7081/4031/1 7082/4031/1 7084/4031/1 7083/4031/1
f 7085/4032/3 7086/4032/3 7088/4032/3 7087/4032/3
f 7087/4033/2 7088/4033/2 7082/4033/2 7081/4033/2
f 7082/4034/4 7088/4034/4 7086/4034/4 7084/4034/4
f 7089/4035/1 7090/4035/1 7092/4035/1 7091/4035/1
f 7093/4036/3 7094/4036/3 7096/4036/3 7095/4036/3
f 7095/4037/2 7096/4037/2 7090/4037/2 7089/4037/2
f 7090/4038/4 7096/4038/4 7094/4038/4 7092/4038/4
f 7097/4039/1 7098/4039/1 7100/4039/1 7099/4039/1
f 7099/4040/2 7100/4040/2 7102/4040/2 7101/4040/2
f 7101/4041/3 7102/4041/3 7104/4041/3 7103/4041/3
f 7103/4042/4 7097/4042/4 7099/4042/4 7101/4042/4
f 7109/4043/5 7110/4043/5 7111/4043/5 7112/4043/5
f 7106/4044/5 7105/4044/5 7098/4044/5 7104/4044/5
f 7107/4045/5 7106/4045/5 7104/4045/5 7102/4045/5
f 7108/4046/5 7107/4046/5 7102/4046/5 7100/4046/5
f 7105/4047/5 7108/4047/5 7100/4047/5 7098/4047/5
f 7110/4048/6 7109/4048/6 7105/4048/6 7106/4048/6
f 7111/4049/3 7110/4049/3 7106/4049/3 7107/4049/3
f 7112/4050/2 7111/4050/2 7107/4050/2 7108/4050/2
f 7109/4051/1 7112/4051/1 7108/4051/1 7105/4051/1
f 7113/4052/1 7114/4052/1 7116/4052/1 7115/4052/1
f 7115/4053/2 7116/4053/2 7118/4053/2 7117/4053/2
f 7117/4054/3 7118/4054/3 7120/4054/3 7119/4054/3
f 7114/4055/5 7120/4055/5 7118/4055/5 7116/4055/5
f 7123/4056/1 7124/4056/1 7126/4056/1 7125/4056/1
f 7125/4057/2 7126/4057/2 7128/4057/2 7127/4057/2
f 7127/4058/3 7128/4058/3 7122/4058/3 7121/4058/3
f 7122/4059/5 7128/4059/5 7126/4059/5 7124/4059/5
f 7129/4060/1 7130/4060/1 7132/4060/1 7131/4060/1
f 7133/4061/3 7134/4061/3 7136/4061/3 7135/4061/3
f 7135/4062/2 7136/4062/2 7130/4062/2 7129/4062/2
f 7130/4063/4 7136/4063/4 7134/4063/4 7132/4063/4
f 7137/4064/1 7138/4064/1 7140/4064/1 7139/4064/1
f 7141/4065/3 7142/4065/3 7144/4065/3 7143/4065/3
f 7143/4066/2 7144/4066/2 7138/4066/2 7137/4066/2
f 7138/4067/4 7144/4067/4 7142/4067/4 7140/4067/4
f 7145/4068/1 7146/4068/1 7148/4068/1 7147/4068/1
f 7149/4069/3 7150/4069/3 7152/4069/3 7151/4069/3
f 7151/4070/2 7152/4070/2 7146/4070/2 7145/4070/2
f 7146/4071/4 7152/4071/4 7150/4071/4 7148/4071/4
f 7153/4072/1 7154/4072/1 7156/4072/1 7155/4072/1
f 7157/4073/3 7158/4073/3 7160/4073/3 7159/4073/3
f 7159/4074/2 7160/4074/2 7154/4074/2 7153/4074/2
f 7154/4075/4 7160/4075/4 7158/4075/4 7156/4075/4
f 7161/4076/1 7162/4076/1 7164/4076/1 7163/4076/1
f 7163/4077/2 7164/4077/2 7166/4077/2 7165/4077/2
f 7165/4078/3 7166/4078/3 7168/4078/3 7167/4078/3
f 7167/4079/4 7161/4079/4 7163/4079/4 7165/4079/4
f 7173/4080/5 7174/4080/5 7175/4080/5 7176/4080/5
f 7170/4081/5 7169/4081/5 7162/4081/5 7168/4081/5
f 7171/4082/5 7170/4082/5 7168/4082/5 7166/4082/5
f 7172/4083/5 7171/4083/5 7166/4083/5 7164/4083/5
f 7169/4084/5 7172/4084/5 7164/4084/5 7162/4084/5
f 7174/4085/6 7173/4085/6 7169/4085/6 7170/4085/6
f 7175/4086/3 7174/4086/3 7170/4086/3 7171/4086/3
f 7176/4087/2 7175/4087/2 7171/4087/2 7172/4087/2
f 7173/4088/1 7176/4088/1 7172/4088/1 7169/4088/1
f 7177/4089/1 7178/4089/1 7180/4089/1 7179/4089/1
f 7179/4090/2 7180/4090/2 7182/4090/2 7181/4090/2
f 7181/4091/3 7182/4091/3 7184/4091/3 7183/4091/3
f 7178/4092/5 7184/4092/5 7182/4092/5 7180/4092/5
f 7187/4093/1 7188/4093/1 7190/4093/1 7189/4093/1
f 7189/4094/2 7190/4094/2 7192/4094/2 7191/4094/2
f 7191/4095/3 7192/4095/3 7186/4095/3 7185/4095/3
f 7186/4096/5 7192/4096/5 7190/4096/5 7188/4096/5
f 7193/4097/1 7194/4097/1 7196/4097/1 7195/4097/1
f 7197/4098/3 7198/4098/3 7200/4098/3 7199/4098/3
f 7199/4099/2 7200/4099/2 7194/4099/2 7193/4099/2
f 7194/4100/4 7200/4100/4 7198/4100/4 7196/4100/4
f 7201/4101/1 7202/4101/1 7204/4101/1 7203/4101/1
f 7205/4102/3 7206/4102/3 7208/4102/3 7207/4102/3
f 7207/4103/2 7208/4103/2 7202/4103/2 7201/4103/2
f 7202/4104/4 7208/4104/4 7206/4104/4 7204/4104/4
f 7209/4105/1 7210/4105/1 7212/4105/1 7211/4105/1
f 7213/4106/3 7214/4106/3 7216/4106/3 7215/4106/3
f 7215/4107/2 7216/4107/2 7210/4107/2 7209/4107/2
f 7210/4108/4 7216/4108/4 7214/4108/4 7212/4108/4
f 7217/4109/1 7218/4109/1 7220/4109/1 7219/4109/1
f 7221/4110/3 7222/4110/3 7224/4110/3 7223/4110/3
f 7223/4111/2 7224/4111/2 7218/4111/2 7217/4111/2
f 7218/4112/4 7224/4112/4 7222/4112/4 7220/4112/4
f 7225/4113/1 7226/4113/1 7228/4113/1 7227/4113/1
f 7227/4114/2 7228/4114/2 7230/4114/2 7229/4114/2
f 7229/4115/3 7230/4115/3 7232/4115/3 7231/4115/3
f 7231/4116/4 7225/4116/4 7227/4116/4 7229/4116/4
f 7237/4117/5 7238/4117/5 7239/4117/5 7240/4117/5
f 7234/4118/5 7233/4118/5 7226/4118/5 7232/4118/5
f 7235/4119/5 7234/4119/5 7232/4119/5 7230/4119/5
f 7236/4120/5 7235/4120/5 7230/4120/5 7228/4120/5
f 7233/4121/5 7236/4121/5 7228/4121/5 7226/4121/5
f 7238/4122/6 7237/4122/6 7233/4122/6 7234/4122/6
f 7239/4123/3 7238/4123/3 7234/4123/3 7235/4123/3
f 7240/4124/2 7239/4124/2 7235/4124/2 7236/4124/2
f 7237/4125/1 7240/4125/1 7236/4125/1 7233/4125/1
f 7241/4126/1 7242/4126/1 7244/4126/1 7243/4126/1
f 7243/4127/2 7244/4127/2 7246/4127/2 7245/4127/2
f 7245/4128/3 7246/4128/3 7248/4128/3 7247/4128/3
f 7242/4129/5 7248/4129/5 7246/4129/5 7244/4129/5
f 7251/4130/1 7252/4130/1 7254/4130/1 7253/4130/1
f 7253/4131/2 7254/4131/2 7256/4131/2 7255/4131/2
f 7255/4132/3 7256/4132/3 7250/4132/3 7249/4132/3
f 7250/4133/5 7256/4133/5 7254/4133/5 7252/4133/5
f 7257/4134/1 7258/4134/1 7260/4134/1 7259/4134/1
f 7261/4135/3 7262/4135/3 7264/4135/3 7263/4135/3
f 7263/4136/2 7264/4136/2 7258/4136/2 7257/4136/2
f 7258/4137/4 7264/4137/4 7262/4137/4 7260/4137/4
f 7265/4138/1 7266/4138/1 7268/4138/1 7267/4138/1
f 7269/4139/3 7270/4139/3 7272/4139/3 7271/4139/3
f 7271/4140/2 7272/4140/2 7266/4140/2 7265/4140/2
f 7266/4141/4 7272/4141/4 7270/4141/4 7268/4141/4
f 7273/4142/1 7274/4142/1 7276/4142/1 7275/4142/1
f 7277/4143/3 7278/4143/3 7280/4143/3 7279/4143/3
f 7279/4144/2 7280/4144/2 7274/4144/2 7273/4144/2
f 7274/4145/4 7280/4145/4 7278/4145/4 7276/4145/4
f 7281/4146/1 7282/4146/1 7284/4146/1 7283/4146/1
f 7285/4147/3 7286/4147/3 7288/4147/3 7287/4147/3
f 7287/4148/2 7288/4148/2 7282/4148/2 7281/4148/2
f 7282/4149/4 7288/4149/4 7286/4149/4 7284/4149/4
f 7289/4150/1 7290/4150/1 7292/4150/1 7291/4150/1
f 7291/4151/2 7292/4151/2 7294/4151/2 7293/4151/2
f 7293/4152/3 7294/4152/3 7296/4152/3 7295/4152/3
f 7295/4153/4 7289/4153/4 7291/4153/4 7293/4153/4
f 7301/4154/5 7302/4154/5 7303/4154/5 7304/4154/5
f 7298/4155/5 7297/4155/5 7290/4155/5 7296/4155/5
f 7299/4156/5 7298/4156/5 7296/4156/5 7294/4156/5
f 7300/4157/5 7299/4157/5 7294/4157/5 7292/4157/5
f 7297/4158/5 7300/4158/5 7292/4158/5 7290/4158/5
f 7302/4159/6 7301/4159/6 7297/4159/6 7298/4159/6
f 7303/4160/3 7302/4160/3 7298/4160/3 7299/4160/3
f 7304/4161/2 7303/4161/2 7299/4161/2 7300/4161/2
f 7301/4162/1 7304/4162/1 7300/4162/1 7297/4162/1
f 7305/4163/1 7306/4163/1 7308/4163/1 7307/4163/1
f 7307/4164/2 7308/4164/2 7310/4164/2 7309/4164/2
f 7309/4165/3 7310/4165/3 7312/4165/3 7311/4165/3
f 7306/4166/5 7312/4166/5 7310/4166/5 7308/4166/5
f 7315/4167/1 7316/4167/1 7318/4167/1 7317/4167/1
f 7317/4168/2 7318/4168/2 7320/4168/2 7319/4168/2
f 7319/4169/3 7320/4169/3 7314/4169/3 7313/4169/3
f 7314/4170/5 7320/4170/5 7318/4170/5 7316/4170/5
f 7321/4171/1 7322/4171/1 7324/4171/1 7323/4171/1
f 7325/4172/3 7326/4172/3 7328/4172/3 7327/4172/3
f 7327/4173/2 7328/4173/2 7322/4173/2 7321/4173/2
f 7322/4174/4 7328/4174/4 7326/4174/4 7324/4174/4
f 7329/4175/1 7330/4175/1 7332/4175/1 7331/4175/1
f 7333/4176/3 7334/4176/3 7336/4176/3 7335/4176/3
f 7335/4177/2 7336/4177/2 7330/4177/2 7329/4177/2
f 7330/4178/4 7336/4178/4 7334/4178/4 7332/4178/4
f 7337/4179/1 7338/4179/1 7340/4179/1 7339/4179/1
f 7341/4180/3 7342/4180/3 7344/4180/3 7343/4180/3
f 7343/4181/2 7344/4181/2 7338/4181/2 7337/4181/2
f 7338/4182/4 7344/4182/4 7342/4182/4 7340/4182/4
f 7345/4183/1 7346/4183/1 7348/4183/1 7347/4183/1
f 7349/4184/3 7350/4184/3 7352/4184/3 7351/4184/3
f 7351/4185/2 7352/4185/2 7346/4185/2 7345/4185/2
f 7346/4186/4 7352/4186/4 7350/4186/4 7348/4186/4
f 7353/4187/3 7354/4187/3 7356/4187/3 7355/4187/3
f 7355/4188/2 7356/4188/2 7358/4188/2 7357/4188/2
f 7357/4189/1 7358/4189/1 7360/4189/1 7359/4189/1
f 7359/4190/5 7353/4190/5 7355/4190/5 7357/4190/5
f 7365/4191/4 7366/4191/4 7367/4191/4 7368/4191/4
f 7362/4192/4 7361/4192/4 7354/4192/4 7360/4192/4
f 7363/4193/4 7362/4193/4 7360/4193/4 7358/4193/4
f 7364/4194/4 7363/4194/4 7358/4194/4 7356/4194/4
f 7361/4195/4 7364/4195/4 7356/4195/4 7354/4195/4
f 7366/4196/6 7365/4196/6 7361/4196/6 7362/4196/6
f 7367/4197/1 7366/4197/1 7362/4197/1 7363/4197/1
f 7368/4198/2 7367/4198/2 7363/4198/2 7364/4198/2
f 7365/4199/3 7368/4199/3 7364/4199/3 7361/4199/3
f 7369/4200/3 7370/4200/3 7372/4200/3 7371/4200/3
f 7371/4201/2 7372/4201/2 7374/4201/2 7373/4201/2
f 7373/4202/1 7374/4202/1 7376/4202/1 7375/4202/1
f 7370/4203/4 7376/4203/4 7374/4203/4 7372/4203/4
f 7379/4204/3 7380/4204/3 7382/4204/3 7381/4204/3
f 7381/4205/2 7382/4205/2 7384/4205/2 7383/4205/2
f 7383/4206/1 7384/4206/1 7378/4206/1 7377/4206/1
f 7378/4207/4 7384/4207/4 7382/4207/4 7380/4207/4
f 7385/4208/3 7386/4208/3 7388/4208/3 7387/4208/3
f 7389/4209/1 7390/4209/1 7392/4209/1 7391/4209/1
f 7391/4210/2 7392/4210/2 7386/4210/2 7385/4210/2
f 7386/4211/5 7392/4211/5 7390/4211/5 7388/4211/5
f 7393/4212/3 7394/4212/3 7396/4212/3 7395/4212/3
f 7397/4213/1 7398/4213/1 7400/4213/1 7399/4213/1
f 7399/4214/2 7400/4214/2 7394/4214/2 7393/4214/2
f 7394/4215/5 7400/4215/5 7398/4215/5 7396/4215/5
f 7401/4216/3 7402/4216/3 7404/4216/3 7403/4216/3
f 7405/4217/1 7406/4217/1 7408/4217/1 7407/4217/1
f 7407/4218/2 7408/4218/2 7402/4218/2 7401/4218/2
f 7402/4219/5 7408/4219/5 7406/4219/5 7404/4219/5
f 7409/4220/3 7410/4220/3 7412/4220/3 7411/4220/3
f 7413/4221/1 7414/4221/1 7416/4221/1 7415/4221/1
f 7415/4222/2 7416/4222/2 7410/4222/2 7409/4222/2
f 7410/4223/5 7416/4223/5 7414/4223/5 7412/4223/5
f 7417/4224/3 7418/4224/3 7420/4224/3 7419/4224/3
f 7419/4225/2 7420/4225/2 7422/4225/2 7421/4225/2
f 7421/4226/1 7422/4226/1 7424/4226/1 7423/4226/1
f 7423/4227/5 7417/4227/5 7419/4227/5 7421/4227/5
f 7429/4228/4 7430/4228/4 7431/4228/4 7432/4228/4
f 7426/4229/4 7425/4229/4 7418/4229/4 7424/4229/4
f 7427/4230/4 7426/4230/4 7424/4230/4 7422/4230/4
f 7428/4231/4 7427/4231/4 7422/4231/4 7420/4231/4
f 7425/4232/4 7428/4232/4 7420/4232/4 7418/4232/4
f 7430/4233/6 7429/4233/6 7425/4233/6 7426/4233/6
f 7431/4234/1 7430/4234/1 7426/4234/1 7427/4234/1
f 7432/4235/2 7431/4235/2 7427/4235/2 7428/4235/2
f 7429/4236/3 7432/4236/3 7428/4236/3 7425/4236/3
f 7433/4237/3 7434/4237/3 7436/4237/3 7435/4237/3
f 7435/4238/2 7436/4238/2 7438/4238/2 7437/4238/2
f 7437/4239/1 7438/4239/1 7440/4239/1 7439/4239/1
f 7434/4240/4 7440/4240/4 7438/4240/4 7436/4240/4
f 7443/4241/3 7444/4241/3 7446/4241/3 7445/4241/3
f 7445/4242/2 7446/4242/2 7448/4242/2 7447/4242/2
f 7447/4243/1 7448/4243/1 7442/4243/1 7441/4243/1
f 7442/4244/4 7448/4244/4 7446/4244/4 7444/4244/4
f 7449/4245/3 7450/4245/3 7452/4245/3 7451/4245/3
f 7453/4246/1 7454/4246/1 7456/4246/1 7455/4246/1
f 7455/4247/2 7456/4247/2 7450/4247/2 7449/4247/2
f 7450/4248/5 7456/4248/5 7454/4248/5 7452/4248/5
f 7457/4249/3 7458/4249/3 7460/4249/3 7459/4249/3
f 7461/4250/1 7462/4250/1 7464/4250/1 7463/4250/1
f 7463/4251/2 7464/4251/2 7458/4251/2 7457/4251/2
f 7458/4252/5 7464/4252/5 7462/4252/5 7460/4252/5
f 7465/4253/3 7466/4253/3 7468/4253/3 7467/4253/3
f 7469/4254/1 7470/4254/1 7472/4254/1 7471/4254/1
f 7471/4255/2 7472/4255/2 7466/4255/2 7465/4255/2
f 7466/4256/5 7472/4256/5 7470/4256/5 7468/4256/5
f 7473/4257/3 7474/4257/3 7476/4257/3 7475/4257/3
f 7477/4258/1 7478/4258/1 7480/4258/1 7479/4258/1
f 7479/4259/2 7480/4259/2 7474/4259/2 7473/4259/2
f 7474/4260/5 7480/4260/5 7478/4260/5 7476/4260/5
f 7481/4261/3 7482/4261/3 7484/4261/3 7483/4261/3
f 7483/4262/2 7484/4262/2 7486/4262/2 7485/4262/2
f 7485/4263/1 7486/4263/1 7488/4263/1 7487/4263/1
f 7487/4264/5 7481/4264/5 7483/4264/5 7485/4264/5
f 7493/4265/4 7494/4265/4 7495/4265/4 7496/4265/4
f 7490/4266/4 7489/4266/4 7482/4266/4 7488/4266/4
f 7491/4267/4 7490/4267/4 7488/4267/4 7486/4267/4
f 7492/4268/4 7491/4268/4 7486/4268/4 7484/4268/4
f 7489/4269/4 7492/4269/4 7484/4269/4 7482/4269/4
f 7494/4270/6 7493/4270/6 7489/4270/6 7490/4270/6
f 7495/4271/1 7494/4271/1 7490/4271/1 7491/4271/1
f 7496/4272/2 7495/4272/2 7491/4272/2 7492/4272/2
f 7493/4273/3 7496/4273/3 7492/4273/3 7489/4273/3
f 7497/4274/3 7498/4274/3 7500/4274/3 7499/4274/3
f 7499/4275/2 7500/4275/2 7502/4275/2 7501/4275/2
f 7501/4276/1 7502/4276/1 7504/4276/1 7503/4276/1
f 7498/4277/4 7504/4277/4 7502/4277/4 7500/4277/4
f 7507/4278/3 7508/4278/3 7510/4278/3 7509/4278/3
f 7509/4279/2 7510/4279/2 7512/4279/2 7511/4279/2
f 7511/4280/1 7512/4280/1 7506/4280/1 7505/4280/1
f 7506/4281/4 7512/4281/4 7510/4281/4 7508/4281/4
f 7513/4282/3 7514/4282/3 7516/4282/3 7515/4282/3
f 7517/4283/1 7518/4283/1 7520/4283/1 7519/4283/1
f 7519/4284/2 7520/4284/2 7514/4284/2 7513/4284/2
f 7514/4285/5 7520/4285/5 7518/4285/5 7516/4285/5
f 7521/4286/3 7522/4286/3 7524/4286/3 7523/4286/3
f 7525/4287/1 7526/4287/1 7528/4287/1 7527/4287/1
f 7527/4288/2 7528/4288/2 7522/4288/2 7521/4288/2
f 7522/4289/5 7528/4289/5 7526/4289/5 7524/4289/5
f 7529/4290/3 7530/4290/3 7532/4290/3 7531/4290/3
f 7533/4291/1 7534/4291/1 7536/4291/1 7535/4291/1
f 7535/4292/2 7536/4292/2 7530/4292/2 7529/4292/2
f 7530/4293/5 7536/4293/5 7534/4293/5 7532/4293/5
f 7537/4294/3 7538/4294/3 7540/4294/3 7539/4294/3
f 7541/4295/1 7542/4295/1 7544/4295/1 7543/4295/1
f 7543/4296/2 7544/4296/2 7538/4296/2 7537/4296/2
f 7538/4297/5 7544/4297/5 7542/4297/5 7540/4297/5
f 7545/4298/3 7546/4298/3 7548/4298/3 7547/4298/3
f 7547/4299/2 7548/4299/2 7550/4299/2 7549/4299/2
f 7549/4300/1 7550/4300/1 7552/4300/1 7551/4300/1
f 7551/4301/5 7545/4301/5 7547/4301/5 7549/4301/5
f 7557/4302/4 7558/4302/4 7559/4302/4 7560/4302/4
f 7554/4303/4 7553/4303/4 7546/4303/4 7552/4303/4
f 7555/4304/4 7554/4304/4 7552/4304/4 7550/4304/4
f 7556/4305/4 7555/4305/4 7550/4305/4 7548/4305/4
f 7553/4306/4 7556/4306/4 7548/4306/4 7546/4306/4
f 7558/4307/6 7557/4307/6 7553/4307/6 7554/4307/6
f 7559/4308/1 7558/4308/1 7554/4308/1 7555/4308/1
f 7560/4309/2 7559/4309/2 7555/4309/2 7556/4309/2
f 7557/4310/3 7560/4310/3 7556/4310/3 7553/4310/3
f 7561/4311/3 7562/4311/3 7564/4311/3 7563/4311/3
f 7563/4312/2 7564/4312/2 7566/4312/2 7565/4312/2
f 7565/4313/1 7566/4313/1 7568/4313/1 7567/4313/1
f 7562/4314/4 7568/4314/4 7566/4314/4 7564/4314/4
f 7571/4315/3 7572/4315/3 7574/4315/3 7573/4315/3
f 7573/4316/2 7574/4316/2 7576/4316/2 7575/4316/2
f 7575/4317/1 7576/4317/1 7570/4317/1 7569/4317/1
f 7570/4318/4 7576/4318/4 7574/4318/4 7572/4318/4
f 7577/4319/3 7578/4319/3 7580/4319/3 7579/4319/3
f 7581/4320/1 7582/4320/1 7584/4320/1 7583/4320/1
f 7583/4321/2 7584/4321/2 7578/4321/2 7577/4321/2
f 7578/4322/5 7584/4322/5 7582/4322/5 7580/4322/5
f 7585/4323/3 7586/4323/3 7588/4323/3 7587/4323/3
f 7589/4324/1 7590/4324/1 7592/4324/1 7591/4324/1
f 7591/4325/2 7592/4325/2 7586/4325/2 7585/4325/2
f 7586/4326/5 7592/4326/5 7590/4326/5 7588/4326/5
f 7593/4327/3 7594/4327/3 7596/4327/3 7595/4327/3
f 7597/4328/1 7598/4328/1 7600/4328/1 7599/4328/1
f 7599/4329/2 7600/4329/2 7594/4329/2 7593/4329/2
f 7594/4330/5 7600/4330/5 7598/4330/5 7596/4330/5
f 7601/4331/3 7602/4331/3 7604/4331/3 7603/4331/3
f 7605/4332/1 7606/4332/1 7608/4332/1 7607/4332/1
f 7607/4333/2 7608/4333/2 7602/4333/2 7601/4333/2
f 7602/4334/5 7608/4334/5 7606/4334/5 7604/4334/5
f 7609/4335/3 7610/4335/3 7612/4335/3 7611/4335/3
f 7611/4336/2 7612/4336/2 7614/4336/2 7613/4336/2
f 7613/4337/1 7614/4337/1 7616/4337/1 7615/4337/1
f 7615/4338/5 7609/4338/5 7611/4338/5 7613/4338/5
f 7621/4339/4 7622/4339/4 7623/4339/4 7624/4339/4
f 7618/4340/4 7617/4340/4 7610/4340/4 7616/4340/4
f 7619/4341/4 7618/4341/4 7616/4341/4 7614/4341/4
f 7620/4342/4 7619/4342/4 7614/4342/4 7612/4342/4
f 7617/4343/4 7620/4343/4 7612/4343/4 7610/4343/4
f 7622/4344/6 7621/4344/6 7617/4344/6 7618/4344/6
f 7623/4345/1 7622/4345/1 7618/4345/1 7619/4345/1
f 7624/4346/2 7623/4346/2 7619/4346/2 7620/4346/2
f 7621/4347/3 7624/4347/3 7620/4347/3 7617/4347/3
f 7625/4348/3 7626/4348/3 7628/4348/3 7627/4348/3
f 7627/4349/2 7628/4349/2 7630/4349/2 7629/4349/2
f 7629/4350/1 7630/4350/1 7632/4350/1 7631/4350/1
f 7626/4351/4 7632/4351/4 7630/4351/4 7628/4351/4
f 7635/4352/3 7636/4352/3 7638/4352/3 7637/4352/3
f 7637/4353/2 7638/4353/2 7640/4353/2 7639/4353/2
f 7639/4354/1 7640/4354/1 7634/4354/1 7633/4354/1
f 7634/4355/4 7640/4355/4 7638/4355/4 7636/4355/4
f 7641/4356/3 7642/4356/3 7644/4356/3 7643/4356/3
f 7645/4357/1 7646/4357/1 7648/4357/1 7647/4357/1
f 7647/4358/2 7648/4358/2 7642/4358/2 7641/4358/2
f 7642/4359/5 7648/4359/5 7646/4359/5 7644/4359/5
f 7649/4360/3 7650/4360/3 7652/4360/3 7651/4360/3
f 7653/4361/1 7654/4361/1 7656/4361/1 7655/4361/1
f 7655/4362/2 7656/4362/2 7650/4362/2 7649/4362/2
f 7650/4363/5 7656/4363/5 7654/4363/5 7652/4363/5
f 7657/4364/3 7658/4364/3 7660/4364/3 7659/4364/3
f 7661/4365/1 7662/4365/1 7664/4365/1 7663/4365/1
f 7663/4366/2 7664/4366/2 7658/4366/2 7657/4366/2
f 7658/4367/5 7664/4367/5 7662/4367/5 7660/4367/5
f 7665/4368/3 7666/4368/3 7668/4368/3 7667/4368/3
f 7669/4369/1 7670/4369/1 7672/4369/1 7671/4369/1
f 7671/4370/2 7672/4370/2 7666/4370/2 7665/4370/2
f 7666/4371/5 7672/4371/5 7670/4371/5 7668/4371/5
f 7673/4372/3 7674/4372/3 7676/4372/3 7675/4372/3
f 7675/4373/2 7676/4373/2 7678/4373/2 7677/4373/2
f 7677/4374/1 7678/4374/1 7680/4374/1 7679/4374/1
f 7679/4375/5 7673/4375/5 7675/4375/5 7677/4375/5
f 7685/4376/4 7686/4376/4 7687/4376/4 7688/4376/4
f 7682/4377/4 7681/4377/4 7674/4377/4 7680/4377/4
f 7683/4378/4 7682/4378/4 7680/4378/4 7678/4378/4
f 7684/4379/4 7683/4379/4 7678/4379/4 7676/4379/4
f 7681/4380/4 7684/4380/4 7676/4380/4 7674/4380/4
f 7686/4381/6 7685/4381/6 7681/4381/6 7682/4381/6
f 7687/4382/1 7686/4382/1 7682/4382/1 7683/4382/1
f 7688/4383/2 7687/4383/2 7683/4383/2 7684/4383/2
f 7685/4384/3 7688/4384/3 7684/4384/3 7681/4384/3
f 7689/4385/3 7690/4385/3 7692/4385/3 7691/4385/3
f 7691/4386/2 7692/4386/2 7694/4386/2 7693/4386/2
f 7693/4387/1 7694/4387/1 7696/4387/1 7695/4387/1
f 7690/4388/4 7696/4388/4 7694/4388/4 7692/4388/4
f 7699/4389/3 7700/4389/3 7702/4389/3 7701/4389/3
f 7701/4390/2 7702/4390/2 7704/4390/2 7703/4390/2
f 7703/4391/1 7704/4391/1 7698/4391/1 7697/4391/1
f 7698/4392/4 7704/4392/4 7702/4392/4 7700/4392/4
f 7705/4393/3 7706/4393/3 7708/4393/3 7707/4393/3
f 7709/4394/1 7710/4394/1 7712/4394/1 7711/4394/1
f 7711/4395/2 7712/4395/2 7706/4395/2 7705/4395/2
f 7706/4396/5 7712/4396/5 7710/4396/5 7708/4396/5
f 7713/4397/3 7714/4397/3 7716/4397/3 7715/4397/3
f 7717/4398/1 7718/4398/1 7720/4398/1 7719/4398/1
f 7719/4399/2 7720/4399/2 7714/4399/2 7713/4399/2
f 7714/4400/5 7720/4400/5 7718/4400/5 7716/4400/5
f 7721/4401/3 7722/4401/3 7724/4401/3 7723/4401/3
f 7725/4402/1 7726/4402/1 7728/4402/1 7727/4402/1
f 7727/4403/2 7728/4403/2 7722/4403/2 7721/4403/2
f 7722/4404/5 7728/4404/5 7726/4404/5 7724/4404/5
f 7729/4405/3 7730/4405/3 7732/4405/3 7731/4405/3
f 7733/4406/1 7734/4406/1 7736/4406/1 7735/4406/1
f 7735/4407/2 7736/4407/2 7730/4407/2 7729/4407/2
f 7730/4408/5 7736/4408/5 7734/4408/5 7732/4408/5
f 7737/4409/3 7738/4409/3 7740/4409/3 7739/4409/3
f 7739/4410/2 7740/4410/2 7742/4410/2 7741/4410/2
f 7741/4411/1 7742/4411/1 7744/4411/1 7743/4411/1
f 7743/4412/5 7737/4412/5 7739/4412/5 7741/4412/5
f 7749/4413/4 7750/4413/4 7751/4413/4 7752/4413/4
f 7746/4414/4 7745/4414/4 7738/4414/4 7744/4414/4
f 7747/4415/4 7746/4415/4 7744/4415/4 7742/4415/4
f 7748/4416/4 7747/4416/4 7742/4416/4 7740/4416/4
f 7745/4417/4 7748/4417/4 7740/4417/4 7738/4417/4
f 7750/4418/6 7749/4418/6 7745/4418/6 7746/4418/6
f 7751/4419/1 7750/4419/1 7746/4419/1 7747/4419/1
f 7752/4420/2 7751/4420/2 7747/4420/2 7748/4420/2
f 7749/4421/3 7752/4421/3 7748/4421/3 7745/4421/3
f 7753/4422/3 7754/4422/3 7756/4422/3 7755/4422/3
f 7755/4423/2 7756/4423/2 7758/4423/2 7757/4423/2
f 7757/4424/1 7758/4424/1 7760/4424/1 7759/4424/1
f 7754/4425/4 7760/4425/4 7758/4425/4 7756/4425/4
f 7763/4426/3 7764/4426/3 7766/4426/3 7765/4426/3
f 7765/4427/2 7766/4427/2 7768/4427/2 7767/4427/2
f 7767/4428/1 7768/4428/1 7762/4428/1 7761/4428/1
f 7762/4429/4 7768/4429/4 7766/4429/4 7764/4429/4
f 7769/4430/3 7770/4430/3 7772/4430/3 7771/4430/3
f 7773/4431/1 7774/4431/1 7776/4431/1 7775/4431/1
f 7775/4432/2 7776/4432/2 7770/4432/2 7769/4432/2
f 7770/4433/5 7776/4433/5 7774/4433/5 7772/4433/5
f 7777/4434/3 7778/4434/3 7780/4434/3 7779/4434/3
f 7781/4435/1 7782/4435/1 7784/4435/1 7783/4435/1
f 7783/4436/2 7784/4436/2 7778/4436/2 7777/4436/2
f 7778/4437/5 7784/4437/5 7782/4437/5 7780/4437/5
f 7785/4438/3 7786/4438/3 7788/4438/3 7787/4438/3
f 7789/4439/1 7790/4439/1 7792/4439/1 7791/4439/1
f 7791/4440/2 7792/4440/2 7786/4440/2 7785/4440/2
f 7786/4441/5 7792/4441/5 7790/4441/5 7788/4441/5
f 7793/4442/3 7794/4442/3 7796/4442/3 7795/4442/3
f 7797/4443/1 7798/4443/1 7800/4443/1 7799/4443/1
f 7799/4444/2 7800/4444/2 7794/4444/2 7793/4444/2
f 7794/4445/5 7800/4445/5 7798/4445/5 7796/4445/5
f 7801/4446/3 7802/4446/3 7804/4446/3 7803/4446/3
f 7803/4447/2 7804/4447/2 7806/4447/2 7805/4447/2
f 7805/4448/1 7806/4448/1 7808/4448/1 7807/4448/1
f 7807/4449/5 7801/4449/5 7803/4449/5 7805/4449/5
f 7813/4450/4 7814/4450/4 7815/4450/4 7816/4450/4
f 7810/4451/4 7809/4451/4 7802/4451/4 7808/4451/4
f 7811/4452/4 7810/4452/4 7808/4452/4 7806/4452/4
f 7812/4453/4 7811/4453/4 7806/4453/4 7804/4453/4
f 7809/4454/4 7812/4454/4 7804/4454/4 7802/4454/4
f 7814/4455/6 7813/4455/6 7809/4455/6 7810/4455/6
f 7815/4456/1 7814/4456/1 7810/4456/1 7811/4456/1
f 7816/4457/2 7815/4457/2 7811/4457/2 7812/4457/2
f 7813/4458/3 7816/4458/3 7812/4458/3 7809/4458/3
f 7817/4459/3 7818/4459/3 7820/4459/3 7819/4459/3
f 7819/4460/2 7820/4460/2 7822/4460/2 7821/4460/2
f 7821/4461/1 7822/4461/1 7824/4461/1 7823/4461/1
f 7818/4462/4 7824/4462/4 7822/4462/4 7820/4462/4
f 7827/4463/3 7828/4463/3 7830/4463/3 7829/4463/3
f 7829/4464/2 7830/4464/2 7832/4464/2 7831/4464/2
f 7831/4465/1 7832/4465/1 7826/4465/1 7825/4465/1
f 7826/4466/4 7832/4466/4 7830/4466/4 7828/4466/4
f 7833/4467/3 7834/4467/3 7836/4467/3 7835/4467/3
f 7837/4468/1 7838/4468/1 7840/4468/1 7839/4468/1
f 7839/4469/2 7840/4469/2 7834/4469/2 7833/4469/2
f 7834/4470/5 7840/4470/5 7838/4470/5 7836/4470/5
f 7841/4471/3 7842/4471/3 7844/4471/3 7843/4471/3
f 7845/4472/1 7846/4472/1 7848/4472/1 7847/4472/1
f 7847/4473/2 7848/4473/2 7842/4473/2 7841/4473/2
f 7842/4474/5 7848/4474/5 7846/4474/5 7844/4474/5
f 7849/4475/3 7850/4475/3 7852/4475/3 7851/4475/3
f 7853/4476/1 7854/4476/1 7856/4476/1 7855/4476/1
f 7855/4477/2 7856/4477/2 7850/4477/2 7849/4477/2
f 7850/4478/5 7856/4478/5 7854/4478/5 7852/4478/5
f 7857/4479/3 7858/4479/3 7860/4479/3 7859/4479/3
f 7861/4480/1 7862/4480/1 7864/4480/1 7863/4480/1
f 7863/4481/2 7864/4481/2 7858/4481/2 7857/4481/2
f 7858/4482/5 7864/4482/5 7862/4482/5 7860/4482/5
f 7865/4483/3 7866/4483/3 7868/4483/3 7867/4483/3
f 7867/4484/2 7868/4484/2 7870/4484/2 7869/4484/2
f 7869/4485/1 7870/4485/1 7872/4485/1 7871/4485/1
f 7871/4486/5 7865/4486/5 7867/4486/5 7869/4486/5
f 7877/4487/4 7878/4487/4 7879/4487/4 7880/4487/4
f 7874/4488/4 7873/4488/4 7866/4488/4 7872/4488/4
f 7875/4489/4 7874/4489/4 7872/4489/4 7870/4489/4
f 7876/4490/4 7875/4490/4 7870/4490/4 7868/4490/4
f 7873/4491/4 7876/4491/4 7868/4491/4 7866/4491/4
f 7878/4492/6 7877/4492/6 7873/4492/6 7874/4492/6
f 7879/4493/1 7878/4493/1 7874/4493/1 7875/4493/1
f 7880/4494/2 7879/4494/2 7875/4494/2 7876/4494/2
f 7877/4495/3 7880/4495/3 7876/4495/3 7873/4495/3
f 7881/4496/3 7882/4496/3 7884/4496/3 7883/4496/3
f 7883/4497/2 7884/4497/2 7886/4497/2 7885/4497/2
f 7885/4498/1 7886/4498/1 7888/4498/1 7887/4498/1
f 7882/4499/4 7888/4499/4 7886/4499/4 7884/4499/4
f 7891/4500/3 7892/4500/3 7894/4500/3 7893/4500/3
f 7893/4501/2 7894/4501/2 7896/4501/2 7895/4501/2
f 7895/4502/1 7896/4502/1 7890/4502/1 7889/4502/1
f 7890/4503/4 7896/4503/4 7894/4503/4 7892/4503/4
f 7897/4504/3 7898/4504/3 7900/4504/3 7899/4504/3
f 7901/4505/1 7902/4505/1 7904/4505/1 7903/4505/1
f 7903/4506/2 7904/4506/2 7898/4506/2 7897/4506/2
f 7898/4507/5 7904/4507/5 7902/4507/5 7900/4507/5
f 7905/4508/3 7906/4508/3 7908/4508/3 7907/4508/3
f 7909/4509/1 7910/4509/1 7912/4509/1 7911/4509/1
f 7911/4510/2 7912/4510/2 7906/4510/2 7905/4510/2
f 7906/4511/5 7912/4511/5 7910/4511/5 7908/4511/5
f 7913/4512/3 7914/4512/3 7916/4512/3 7915/4512/3
f 7917/4513/1 7918/4513/1 7920/4513/1 7919/4513/1
f 7919/4514/2 7920/4514/2 7914/4514/2 7913/4514/2
f 7914/4515/5 7920/4515/5 7918/4515/5 7916/4515/5
f 7921/4516/3 7922/4516/3 7924/4516/3 7923/4516/3
f 7925/4517/1 7926/4517/1 7928/4517/1 7927/4517/1
f 7927/4518/2 7928/4518/2 7922/4518/2 7921/4518/2
f 7922/4519/5 7928/4519/5 7926/4519/5 7924/4519/5
f 7929/4520/3 7930/4520/3 7932/4520/3 7931/4520/3
f 7931/4521/2 7932/4521/2 7934/4521/2 7933/4521/2
f 7933/4522/1 7934/4522/1 7936/4522/1 7935/4522/1
f 7935/4523/5 7929/4523/5 7931/4523/5 7933/4523/5
f 7941/4524/4 7942/4524/4 7943/4524/4 7944/4524/4
f 7938/4525/4 7937/4525/4 7930/4525/4 7936/4525/4
f 7939/4526/4 7938/4526/4 7936/4526/4 7934/4526/4
f 7940/4527/4 7939/4527/4 7934/4527/4 7932/4527/4
f 7937/4528/4 7940/4528/4 7932/4528/4 7930/4528/4
f 7942/4529/6 7941/4529/6 7937/4529/6 7938/4529/6
f 7943/4530/1 7942/4530/1 7938/4530/1 7939/4530/1
f 7944/4531/2 7943/4531/2 7939/4531/2 7940/4531/2
f 7941/4532/3 7944/4532/3 7940/4532/3 7937/4532/3
f 7945/4533/3 7946/4533/3 7948/4533/3 7947/4533/3
f 7947/4534/2 7948/4534/2 7950/4534/2 7949/4534/2
f 7949/4535/1 7950/4535/1 7952/4535/1 7951/4535/1
f 7946/4536/4 7952/4536/4 7950/4536/4 7948/4536/4
f 7955/4537/3 7956/4537/3 7958/4537/3 7957/4537/3
f 7957/4538/2 7958/4538/2 7960/4538/2 7959/4538/2
f 7959/4539/1 7960/4539/1 7954/4539/1 7953/4539/1
f 7954/4540/4 7960/4540/4 7958/4540/4 7956/4540/4
f 7961/4541/3 7962/4541/3 7964/4541/3 7963/4541/3
f 7965/4542/1 7966/4542/1 7968/4542/1 7967/4542/1
f 7967/4543/2 7968/4543/2 7962/4543/2 7961/4543/2
f 7962/4544/5 7968/4544/5 7966/4544/5 7964/4544/5
f 7969/4545/3 7970/4545/3 7972/4545/3 7971/4545/3
f 7973/4546/1 7974/4546/1 7976/4546/1 7975/4546/1
f 7975/4547/2 7976/4547/2 7970/4547/2 7969/4547/2
f 7970/4548/5 7976/4548/5 7974/4548/5 7972/4548/5
f 7977/4549/3 7978/4549/3 7980/4549/3 7979/4549/3
f 7981/4550/1 7982/4550/1 7984/4550/1 7983/4550/1
f 7983/4551/2 7984/4551/2 7978/4551/2 7977/4551/2
f 7978/4552/5 7984/4552/5 7982/4552/5 7980/4552/5
f 7985/4553/3 7986/4553/3 7988/4553/3 7987/4553/3
f 7989/4554/1 7990/4554/1 7992/4554/1 7991/4554/1
f 7991/4555/2 7992/4555/2 7986/4555/2 7985/4555/2
f 7986/4556/5 7992/4556/5 7990/4556/5 7988/4556/5
f 7993/4557/3 7994/4557/3 7996/4557/3 7995/4557/3
f 7995/4558/2 7996/4558/2 7998/4558/2 7997/4558/2
f 7997/4559/1 7998/4559/1 8000/4559/1 7999/4559/1
f 7999/4560/5 7993/4560/5 7995/4560/5 7997/4560/5
f 8005/4561/4 8006/4561/4 8007/4561/4 8008/4561/4
f 8002/4562/4 8001/4562/4 7994/4562/4 8000/4562/4
f 8003/4563/4 8002/4563/4 8000/4563/4 7998/4563/4
f 8004/4564/4 8003/4564/4 7998/4564/4 7996/4564/4
f 8001/4565/4 8004/4565/4 7996/4565/4 7994/4565/4
f 8006/4566/6 8005/4566/6 8001/4566/6 8002/4566/6
f 8007/4567/1 8006/4567/1 8002/4567/1 8003/4567/1
f 8008/4568/2 8007/4568/2 8003/4568/2 8004/4568/2
f 8005/4569/3 8008/4569/3 8004/4569/3 8001/4569/3
f 8009/4570/3 8010/4570/3 8012/4570/3 8011/4570/3
f 8011/4571/2 8012/4571/2 8014/4571/2 8013/4571/2
f 8013/4572/1 8014/4572/1 8016/4572/1 8015/4572/1
f 8010/4573/4 8016/4573/4 8014/4573/4 8012/4573/4
f 8019/4574/3 8020/4574/3 8022/4574/3 8021/4574/3
f 8021/4575/2 8022/4575/2 8024/4575/2 8023/4575/2
f 8023/4576/1 8024/4576/1 8018/4576/1 8017/4576/1
f 8018/4577/4 8024/4577/4 8022/4577/4 8020/4577/4
f 8025/4578/3 8026/4578/3 8028/4578/3 8027/4578/3
f 8029/4579/1 8030/4579/1 8032/4579/1 8031/4579/1
f 8031/4580/2 8032/4580/2 8026/4580/2 8025/4580/2
f 8026/4581/5 8032/4581/5 8030/4581/5 8028/4581/5
f 8033/4582/3 8034/4582/3 8036/4582/3 8035/4582/3
f 8037/4583/1 8038/4583/1 8040/4583/1 8039/4583/1
f 8039/4584/2 8040/4584/2 8034/4584/2 8033/4584/2
f 8034/4585/5 8040/4585/5 8038/4585/5 8036/4585/5
f 8041/4586/3 8042/4586/3 8044/4586/3 8043/4586/3
f 8045/4587/1 8046/4587/1 8048/4587/1 8047/4587/1
f 8047/4588/2 8048/4588/2 8042/4588/2 8041/4588/2
f 8042/4589/5 8048/4589/5 8046/4589/5 8044/4589/5
f 8049/4590/3 8050/4590/3 8052/4590/3 8051/4590/3
f 8053/4591/1 8054/4591/1 8056/4591/1 8055/4591/1
f 8055/4592/2 8056/4592/2 8050/4592/2 8049/4592/2
f 8050/4593/5 8056/4593/5 8054/4593/5 8052/4593/5
f 8057/4594/3 8058/4594/3 8060/4594/3 8059/4594/3
f 8059/4595/2 8060/4595/2 8062/4595/2 8061/4595/2
f 8061/4596/1 8062/4596/1 8064/4596/1 8063/4596/1
f 8063/4597/5 8057/4597/5 8059/4597/5 8061/4597/5
f 8069/4598/4 8070/4598/4 8071/4598/4 8072/4598/4
f 8066/4599/4 8065/4599/4 8058/4599/4 8064/4599/4
f 8067/4600/4 8066/4600/4 8064/4600/4 8062/4600/4
f 8068/4601/4 8067/4601/4 8062/4601/4 8060/4601/4
f 8065/4602/4 8068/4602/4 8060/4602/4 8058/4602/4
f 8070/4603/6 8069/4603/6 8065/4603/6 8066/4603/6
f 8071/4604/1 8070/4604/1 8066/4604/1 8067/4604/1
f 8072/4605/2 8071/4605/2 8067/4605/2 8068/4605/2
f 8069/4606/3 8072/4606/3 8068/4606/3 8065/4606/3
f 8073/4607/3 8074/4607/3 8076/4607/3 8075/4607/3
f 8075/4608/2 8076/4608/2 8078/4608/2 8077/4608/2
f 8077/4609/1 8078/4609/1 8080/4609/1 8079/4609/1
f 8074/4610/4 8080/4610/4 8078/4610/4 8076/4610/4
f 8083/4611/3 8084/4611/3 8086/4611/3 8085/4611/3
f 8085/4612/2 8086/4612/2 8088/4612/2 8087/4612/2
f 8087/4613/1 8088/4613/1 8082/4613/1 8081/4613/1
f 8082/4614/4 8088/4614/4 8086/4614/4 8084/4614/4
f 8089/4615/3 8090/4615/3 8092/4615/3 8091/4615/3
f 8093/4616/1 8094/4616/1 8096/4616/1 8095/4616/1
f 8095/4617/2 8096/4617/2 8090/4617/2 8089/4617/2
f 8090/4618/5 8096/4618/5 8094/4618/5 8092/4618/5
f 8097/4619/3 8098/4619/3 8100/4619/3 8099/4619/3
f 8101/4620/1 8102/4620/1 8104/4620/1 8103/4620/1
f 8103/4621/2 8104/4621/2 8098/4621/2 8097/4621/2
f 8098/4622/5 8104/4622/5 8102/4622/5 8100/4622/5
f 8105/4623/3 8106/4623/3 8108/4623/3 8107/4623/3
f 8109/4624/1 8110/4624/1 8112/4624/1 8111/4624/1
f 8111/4625/2 8112/4625/2 8106/4625/2 8105/4625/2
f 8106/4626/5 8112/4626/5 8110/4626/5 8108/4626/5
f 8113/4627/3 8114/4627/3 8116/4627/3 8115/4627/3
f 8117/4628/1 8118/4628/1 8120/4628/1 8119/4628/1
f 8119/4629/2 8120/4629/2 8114/4629/2 8113/4629/2
f 8114/4630/5 8120/4630/5 8118/4630/5 8116/4630/5
f 8121/4631/3 8122/4631/3 8124/4631/3 8123/4631/3
f 8123/4632/2 8124/4632/2 8126/4632/2 8125/4632/2
f 8125/4633/1 8126/4633/1 8128/4633/1 8127/4633/1
f 8127/4634/5 8121/4634/5 8123/4634/5 8125/4634/5
f 8133/4635/4 8134/4635/4 8135/4635/4 8136/4635/4
f 8130/4636/4 8129/4636/4 8122/4636/4 8128/4636/4
f 8131/4637/4 8130/4637/4 8128/4637/4 8126/4637/4
f 8132/4638/4 8131/4638/4 8126/4638/4 8124/4638/4
f 8129/4639/4 8132/4639/4 8124/4639/4 8122/4639/4
f 8134/4640/6 8133/4640/6 8129/4640/6 8130/4640/6
f 8135/4641/1 8134/4641/1 8130/4641/1 8131/4641/1
f 8136/4642/2 8135/4642/2 8131/4642/2 8132/4642/2
f 8133/4643/3 8136/4643/3 8132/4643/3 8129/4643/3
f 8137/4644/3 8138/4644/3 8140/4644/3 8139/4644/3
f 8139/4645/2 8140/4645/2 8142/4645/2 8141/4645/2
f 8141/4646/1 8142/4646/1 8144/4646/1 8143/4646/1
f 8138/4647/4 8144/4647/4 8142/4647/4 8140/4647/4
f 8147/4648/3 8148/4648/3 8150/4648/3 8149/4648/3
f 8149/4649/2 8150/4649/2 8152/4649/2 8151/4649/2
f 8151/4650/1 8152/4650/1 8146/4650/1 8145/4650/1
f 8146/4651/4 8152/4651/4 8150/4651/4 8148/4651/4
f 8153/4652/3 8154/4652/3 8156/4652/3 8155/4652/3
f 8157/4653/1 8158/4653/1 8160/4653/1 8159/4653/1
f 8159/4654/2 8160/4654/2 8154/4654/2 8153/4654/2
f 8154/4655/5 8160/4655/5 8158/4655/5 8156/4655/5
f 8161/4656/3 8162/4656/3 8164/4656/3 8163/4656/3
f 8165/4657/1 8166/4657/1 8168/4657/1 8167/4657/1
f 8167/4658/2 8168/4658/2 8162/4658/2 8161/4658/2
f 8162/4659/5 8168/4659/5 8166/4659/5 8164/4659/5
f 8169/4660/3 8170/4660/3 8172/4660/3 8171/4660/3
f 8173/4661/1 8174/4661/1 8176/4661/1 8175/4661/1
f 8175/4662/2 8176/4662/2 8170/4662/2 8169/4662/2
f 8170/4663/5 8176/4663/5 8174/4663/5 8172/4663/5
f 8177/4664/3 8178/4664/3 8180/4664/3 8179/4664/3
f 8181/4665/1 8182/4665/1 8184/4665/1 8183/4665/1
f 8183/4666/2 8184/4666/2 8178/4666/2 8177/4666/2
f 8178/4667/5 8184/4667/5 8182/4667/5 8180/4667/5
f 8185/4668/3 8186/4668/3 8188/4668/3 8187/4668/3
f 8187/4669/2 8188/4669/2 8190/4669/2 8189/4669/2
f 8189/4670/1 8190/4670/1 8192/4670/1 8191/4670/1
f 8191/4671/5 8185/4671/5 8187/4671/5 8189/4671/5
f 8197/4672/4 8198/4672/4 8199/4672/4 8200/4672/4
f 8194/4673/4 8193/4673/4 8186/4673/4 8192/4673/4
f 8195/4674/4 8194/4674/4 8192/4674/4 8190/4674/4
f 8196/4675/4 8195/4675/4 8190/4675/4 8188/4675/4
f 8193/4676/4 8196/4676/4 8188/4676/4 8186/4676/4
f 8198/4677/6 8197/4677/6 8193/4677/6 8194/4677/6
f 8199/4678/1 8198/4678/1 8194/4678/1 8195/4678/1
f 8200/4679/2 8199/4679/2 8195/4679/2 8196/4679/2
f 8197/4680/3 8200/4680/3 8196/4680/3 8193/4680/3
f 8201/4681/3 8202/4681/3 8204/4681/3 8203/4681/3
f 8203/4682/2 8204/4682/2 8206/4682/2 8205/4682/2
f 8205/4683/1 8206/4683/1 8208/4683/1 8207/4683/1
f 8202/4684/4 8208/4684/4 8206/4684/4 8204/4684/4
f 8211/4685/3 8212/4685/3 8214/4685/3 8213/4685/3
f 8213/4686/2 8214/4686/2 8216/4686/2 8215/4686/2
f 8215/4687/1 8216/4687/1 8210/4687/1 8209/4687/1
f 8210/4688/4 8216/4688/4 8214/4688/4 8212/4688/4
f 8217/4689/3 8218/4689/3 8220/4689/3 8219/4689/3
f 8221/4690/1 8222/4690/1 8224/4690/1 8223/4690/1
f 8223/4691/2 8224/4691/2 8218/4691/2 8217/4691/2
f 8218/4692/5 8224/4692/5 8222/4692/5 8220/4692/5
f 8225/4693/3 8226/4693/3 8228/4693/3 8227/4693/3
f 8229/4694/1 8230/4694/1 8232/4694/1 8231/4694/1
f 8231/4695/2 8232/4695/2 8226/4695/2 8225/4695/2
f 8226/4696/5 8232/4696/5 8230/4696/5 8228/4696/5
f 8233/4697/3 8234/4697/3 8236/4697/3 8235/4697/3
f 8237/4698/1 8238/4698/1 8240/4698/1 8239/4698/1
f 8239/4699/2 8240/4699/2 8234/4699/2 8233/4699/2
f 8234/4700/5 8240/4700/5 8238/4700/5 8236/4700/5
f 8241/4701/3 8242/4701/3 8244/4701/3 8243/4701/3
f 8245/4702/1 8246/4702/1 8248/4702/1 8247/4702/1
f 8247/4703/2 8248/4703/2 8242/4703/2 8241/4703/2
f 8242/4704/5 8248/4704/5 8246/4704/5 8244/4704/5
f 8249/4705/3 8250/4705/3 8252/4705/3 8251/4705/3
f 8251/4706/2 8252/4706/2 8254/4706/2 8253/4706/2
f 8253/4707/1 8254/4707/1 8256/4707/1 8255/4707/1
f 8255/4708/5 8249/4708/5 8251/4708/5 8253/4708/5
f 8261/4709/4 8262/4709/4 8263/4709/4 8264/4709/4
f 8258/4710/4 8257/4710/4 8250/4710/4 8256/4710/4
f 8259/4711/4 8258/4711/4 8256/4711/4 8254/4711/4
f 8260/4712/4 8259/4712/4 8254/4712/4 8252/4712/4
f 8257/4713/4 8260/4713/4 8252/4713/4 8250/4713/4
f 8262/4714/6 8261/4714/6 8257/4714/6 8258/4714/6
f 8263/4715/1 8262/4715/1 8258/4715/1 8259/4715/1
f 8264/4716/2 8263/4716/2 8259/4716/2 8260/4716/2
f 8261/4717/3 8264/4717/3 8260/4717/3 8257/4717/3
f 8265/4718/3 8266/4718/3 8268/4718/3 8267/4718/3
f 8267/4719/2 8268/4719/2 8270/4719/2 8269/4719/2
f 8269/4720/1 8270/4720/1 8272/4720/1 8271/4720/1
f 8266/4721/4 8272/4721/4 8270/4721/4 8268/4721/4
f 8275/4722/3 8276/4722/3 8278/4722/3 8277/4722/3
f 8277/4723/2 8278/4723/2 8280/4723/2 8279/4723/2
f 8279/4724/1 8280/4724/1 8274/4724/1 8273/4724/1
f 8274/4725/4 8280/4725/4 8278/4725/4 8276/4725/4
f 8281/4726/3 8282/4726/3 8284/4726/3 8283/4726/3
f 8285/4727/1 8286/4727/1 8288/4727/1 8287/4727/1
f 8287/4728/2 8288/4728/2 8282/4728/2 8281/4728/2
f 8282/4729/5 8288/4729/5 8286/4729/5 8284/4729/5
f 8289/4730/3 8290/4730/3 8292/4730/3 8291/4730/3
f 8293/4731/1 8294/4731/1 8296/4731/1 8295/4731/1
f 8295/4732/2 8296/4732/2 8290/4732/2 8289/4732/2
f 8290/4733/5 8296/4733/5 8294/4733/5 8292/4733/5
f 8297/4734/3 8298/4734/3 8300/4734/3 8299/4734/3
f 8301/4735/1 8302/4735/1 8304/4735/1 8303/4735/1
f 8303/4736/2 8304/4736/2 8298/4736/2 8297/4736/2
f 8298/4737/5 8304/4737/5 8302/4737/5 8300/4737/5
f 8305/4738/3 8306/4738/3 8308/4738/3 8307/4738/3
f 8309/4739/1 8310/4739/1 8312/4739/1 8311/4739/1
f 8311/4740/2 8312/4740/2 8306/4740/2 8305/4740/2
f 8306/4741/5 8312/4741/5 8310/4741/5 8308/4741/5
f 8313/4742/3 8314/4742/3 8316/4742/3 8315/4742/3
f 8315/4743/2 8316/4743/2 8318/4743/2 8317/4743/2
f 8317/4744/1 8318/4744/1 8320/4744/1 8319/4744/1
f 8319/4745/5 8313/4745/5 8315/4745/5 8317/4745/5
f 8325/4746/4 8326/4746/4 8327/4746/4 8328/4746/4
f 8322/4747/4 8321/4747/4 8314/4747/4 8320/4747/4
f 8323/4748/4 8322/4748/4 8320/4748/4 8318/4748/4
f 8324/4749/4 8323/4749/4 8318/4749/4 8316/4749/4
f 8321/4750/4 8324/4750/4 8316/4750/4 8314/4750/4
f 8326/4751/6 8325/4751/6 8321/4751/6 8322/4751/6
f 8327/4752/1 8326/4752/1 8322/4752/1 8323/4752/1
f 8328/4753/2 8327/4753/2 8323/4753/2 8324/4753/2
f 8325/4754/3 8328/4754/3 8324/4754/3 8321/4754/3
f 8329/4755/3 8330/4755/3 8332/4755/3 8331/4755/3
f 8331/4756/2 8332/4756/2 8334/4756/2 8333/4756/2
f 8333/4757/1 8334/4757/1 8336/4757/1 8335/4757/1
f 8330/4758/4 8336/4758/4 8334/4758/4 8332/4758/4
f 8339/4759/3 8340/4759/3 8342/4759/3 8341/4759/3
f 8341/4760/2 8342/4760/2 8344/4760/2 8343/4760/2
f 8343/4761/1 8344/4761/1 8338/4761/1 8337/4761/1
f 8338/4762/4 8344/4762/4 8342/4762/4 8340/4762/4
f 8345/4763/3 8346/4763/3 8348/4763/3 8347/4763/3
f 8349/4764/1 8350/4764/1 8352/4764/1 8351/4764/1
f 8351/4765/2 8352/4765/2 8346/4765/2 8345/4765/2
f 8346/4766/5 8352/4766/5 8350/4766/5 8348/4766/5
f 8353/4767/3 8354/4767/3 8356/4767/3 8355/4767/3
f 8357/4768/1 8358/4768/1 8360/4768/1 8359/4768/1
f 8359/4769/2 8360/4769/2 8354/4769/2 8353/4769/2
f 8354/4770/5 8360/4770/5 8358/4770/5 8356/4770/5
f 8361/4771/3 8362/4771/3 8364/4771/3 8363/4771/3
f 8365/4772/1 8366/4772/1 8368/4772/1 8367/4772/1
f 8367/4773/2 8368/4773/2 8362/4773/2 8361/4773/2
f 8362/4774/5 8368/4774/5 8366/4774/5 8364/4774/5
f 8369/4775/3 8370/4775/3 8372/4775/3 8371/4775/3
f 8373/4776/1 8374/4776/1 8376/4776/1 8375/4776/1
f 8375/4777/2 8376/4777/2 8370/4777/2 8369/4777/2
f 8370/4778/5 8376/4778/5 8374/4778/5 8372/4778/5
f 8377/4779/3 8378/4779/3 8380/4779/3 8379/4779/3
f 8379/4780/2 8380/4780/2 8382/4780/2 8381/4780/2
f 8381/4781/1 8382/4781/1 8384/4781/1 8383/4781/1
f 8383/4782/5 8377/4782/5 8379/4782/5 8381/4782/5
f 8389/4783/4 8390/4783/4 8391/4783/4 8392/4783/4
f 8386/4784/4 8385/4784/4 8378/4784/4 8384/4784/4
f 8387/4785/4 8386/4785/4 8384/4785/4 8382/4785/4
f 8388/4786/4 8387/4786/4 8382/4786/4 8380/4786/4
f 8385/4787/4 8388/4787/4 8380/4787/4 8378/4787/4
f 8390/4788/6 8389/4788/6 8385/4788/6 8386/4788/6
f 8391/4789/1 8390/4789/1 8386/4789/1 8387/4789/1
f 8392/4790/2 8391/4790/2 8387/4790/2 8388/4790/2
f 8389/4791/3 8392/4791/3 8388/4791/3 8385/4791/3
f 8393/4792/3 8394/4792/3 8396/4792/3 8395/4792/3
f 8395/4793/2 8396/4793/2 8398/4793/2 8397/4793/2
f 8397/4794/1 8398/4794/1 8400/4794/1 8399/4794/1
f 8394/4795/4 8400/4795/4 8398/4795/4 8396/4795/4
f 8403/4796/3 8404/4796/3 8406/4796/3 8405/4796/3
f 8405/4797/2 8406/4797/2 8408/4797/2 8407/4797/2
f 8407/4798/1 8408/4798/1 8402/4798/1 8401/4798/1
f 8402/4799/4 8408/4799/4 8406/4799/4 8404/4799/4
f 8409/4800/3 8410/4800/3 8412/4800/3 8411/4800/3
f 8413/4801/1 8414/4801/1 8416/4801/1 8415/4801/1
f 8415/4802/2 8416/4802/2 8410/4802/2 8409/4802/2
f 8410/4803/5 8416/4803/5 8414/4803/5 8412/4803/5
f 8417/4804/3 8418/4804/3 8420/4804/3 8419/4804/3
f 8421/4805/1 8422/4805/1 8424/4805/1 8423/4805/1
f 8423/4806/2 8424/4806/2 8418/4806/2 8417/4806/2
f 8418/4807/5 8424/4807/5 8422/4807/5 8420/4807/5
f 8425/4808/3 8426/4808/3 8428/4808/3 8427/4808/3
f 8429/4809/1 8430/4809/1 8432/4809/1 8431/4809/1
f 8431/4810/2 8432/4810/2 8426/4810/2 8425/4810/2
f 8426/4811/5 8432/4811/5 8430/4811/5 8428/4811/5
f 8433/4812/3 8434/4812/3 8436/4812/3 8435/4812/3
f 8437/4813/1 8438/4813/1 8440/4813/1 8439/4813/1
f 8439/4814/2 8440/4814/2 8434/4814/2 8433/4814/2
f 8434/4815/5 8440/4815/5 8438/4815/5 8436/4815/5
f 8441/4816/3 8442/4816/3 8444/4816/3 8443/4816/3
f 8443/4817/2 8444/4817/2 8446/4817/2 8445/4817/2
f 8445/4818/1 8446/4818/1 8448/4818/1 8447/4818/1
f 8447/4819/5 8441/4819/5 8443/4819/5 8445/4819/5
f 8453/4820/4 8454/4820/4 8455/4820/4 8456/4820/4
f 8450/4821/4 8449/4821/4 8442/4821/4 8448/4821/4
f 8451/4822/4 8450/4822/4 8448/4822/4 8446/4822/4
f 8452/4823/4 8451/4823/4 8446/4823/4 8444/4823/4
f 8449/4824/4 8452/4824/4 8444/4824/4 8442/4824/4
f 8454/4825/6 8453/4825/6 8449/4825/6 8450/4825/6
f 8455/4826/1 8454/4826/1 8450/4826/1 8451/4826/1
f 8456/4827/2 8455/4827/2 8451/4827/2 8452/4827/2
f 8453/4828/3 8456/4828/3 8452/4828/3 8449/4828/3
f 8457/4829/3 8458/4829/3 8460/4829/3 8459/4829/3
f 8459/4830/2 8460/4830/2 8462/4830/2 8461/4830/2
f 8461/4831/1 8462/4831/1 8464/4831/1 8463/4831/1
f 8458/4832/4 8464/4832/4 8462/4832/4 8460/4832/4
f 8467/4833/3 8468/4833/3 8470/4833/3 8469/4833/3
f 8469/4834/2 8470/4834/2 8472/4834/2 8471/4834/2
f 8471/4835/1 8472/4835/1 8466/4835/1 8465/4835/1
f 8466/4836/4 8472/4836/4 8470/4836/4 8468/4836/4
f 8473/4837/3 8474/4837/3 8476/4837/3 8475/4837/3
f 8477/4838/1 8478/4838/1 8480/4838/1 8479/4838/1
f 8479/4839/2 8480/4839/2 8474/4839/2 8473/4839/2
f 8474/4840/5 8480/4840/5 8478/4840/5 8476/4840/5
f 8481/4841/3 8482/4841/3 8484/4841/3 8483/4841/3
f 8485/4842/1 8486/4842/1 8488/4842/1 8487/4842/1
f 8487/4843/2 8488/4843/2 8482/4843/2 8481/4843/2
f 8482/4844/5 8488/4844/5 8486/4844/5 8484/4844/5
f 8489/4845/3 8490/4845/3 8492/4845/3 8491/4845/3
f 8493/4846/1 8494/4846/1 8496/4846/1 8495/4846/1
f 8495/4847/2 8496/4847/2 8490/4847/2 8489/4847/2
f 8490/4848/5 8496/4848/5 8494/4848/5 8492/4848/5
f 8497/4849/3 8498/4849/3 8500/4849/3 8499/4849/3
f 8501/4850/1 8502/4850/1 8504/4850/1 8503/4850/1
f 8503/4851/2 8504/4851/2 8498/4851/2 8497/4851/2
f 8498/4852/5 8504/4852/5 8502/4852/5 8500/4852/5
f 8505/4853/3 8506/4853/3 8508/4853/3 8507/4853/3
f 8507/4854/2 8508/4854/2 8510/4854/2 8509/4854/2
f 8509/4855/1 8510/4855/1 8512/4855/1 8511/4855/1
f 8511/4856/5 8505/4856/5 8507/4856/5 8509/4856/5
f 8517/4857/4 8518/4857/4 8519/4857/4 8520/4857/4
f 8514/4858/4 8513/4858/4 8506/4858/4 8512/4858/4
f 8515/4859/4 8514/4859/4 8512/4859/4 8510/4859/4
f 8516/4860/4 8515/4860/4 8510/4860/4 8508/4860/4
f 8513/4861/4 8516/4861/4 8508/4861/4 8506/4861/4
f 8518/4862/6 8517/4862/6 8513/4862/6 8514/4862/6
f 8519/4863/1 8518/4863/1 8514/4863/1 8515/4863/1
f 8520/4864/2 8519/4864/2 8515/4864/2 8516/4864/2
f 8517/4865/3 8520/4865/3 8516/4865/3 8513/4865/3
f 8521/4866/3 8522/4866/3 8524/4866/3 8523/4866/3
f 8523/4867/2 8524/4867/2 8526/4867/2 8525/4867/2
f 8525/4868/1 8526/4868/1 8528/4868/1 8527/4868/1
f 8522/4869/4 8528/4869/4 8526/4869/4 8524/4869/4
f 8531/4870/3 8532/4870/3 8534/4870/3 8533/4870/3
f 8533/4871/2 8534/4871/2 8536/4871/2 8535/4871/2
f 8535/4872/1 8536/4872/1 8530/4872/1 8529/4872/1
f 8530/4873/4 8536/4873/4 8534/4873/4 8532/4873/4
f 8537/4874/3 8538/4874/3 8540/4874/3 8539/4874/3
f 8541/4875/1 8542/4875/1 8544/4875/1 8543/4875/1
f 8543/4876/2 8544/4876/2 8538/4876/2 8537/4876/2
f 8538/4877/5 8544/4877/5 8542/4877/5 8540/4877/5
f 8545/4878/3 8546/4878/3 8548/4878/3 8547/4878/3
f 8549/4879/1 8550/4879/1 8552/4879/1 8551/4879/1
f 8551/4880/2 8552/4880/2 8546/4880/2 8545/4880/2
f 8546/4881/5 8552/4881/5 8550/4881/5 8548/4881/5
f 8553/4882/3 8554/4882/3 8556/4882/3 8555/4882/3
f 8557/4883/1 8558/4883/1 8560/4883/1 8559/4883/1
f 8559/4884/2 8560/4884/2 8554/4884/2 8553/4884/2
f 8554/4885/5 8560/4885/5 8558/4885/5 8556/4885/5
f 8561/4886/3 8562/4886/3 8564/4886/3 8563/4886/3
f 8565/4887/1 8566/4887/1 8568/4887/1 8567/4887/1
f 8567/4888/2 8568/4888/2 8562/4888/2 8561/4888/2
f 8562/4889/5 8568/4889/5 8566/4889/5 8564/4889/5
f 8569/4890/3 8570/4890/3 8572/4890/3 8571/4890/3
f 8571/4891/2 8572/4891/2 8574/4891/2 8573/4891/2
f 8573/4892/1 8574/4892/1 8576/4892/1 8575/4892/1
f 8575/4893/5 8569/4893/5 8571/4893/5 8573/4893/5
f 8581/4894/4 8582/4894/4 8583/4894/4 8584/4894/4
f 8578/4895/4 8577/4895/4 8570/4895/4 8576/4895/4
f 8579/4896/4 8578/4896/4 8576/4896/4 8574/4896/4
f 8580/4897/4 8579/4897/4 8574/4897/4 8572/4897/4
f 8577/4898/4 8580/4898/4 8572/4898/4 8570/4898/4
f 8582/4899/6 8581/4899/6 8577/4899/6 8578/4899/6
f 8583/4900/1 8582/4900/1 8578/4900/1 8579/4900/1
f 8584/4901/2 8583/4901/2 8579/4901/2 8580/4901/2
f 8581/4902/3 8584/4902/3 8580/4902/3 8577/4902/3
f 8585/4903/3 8586/4903/3 8588/4903/3 8587/4903/3
f 8587/4904/2 8588/4904/2 8590/4904/2 8589/4904/2
f 8589/4905/1 8590/4905/1 8592/4905/1 8591/4905/1
f 8586/4906/4 8592/4906/4 8590/4906/4 8588/4906/4
f 8595/4907/3 8596/4907/3 8598/4907/3 8597/4907/3
f 8597/4908/2 8598/4908/2 8600/4908/2 8599/4908/2
f 8599/4909/1 8600/4909/1 8594/4909/1 8593/4909/1
f 8594/4910/4 8600/4910/4 8598/4910/4 8596/4910/4
f 8601/4911/3 8602/4911/3 8604/4911/3 8603/4911/3
f 8605/4912/1 8606/4912/1 8608/4912/1 8607/4912/1
f 8607/4913/2 8608/4913/2 8602/4913/2 8601/4913/2
f 8602/4914/5 8608/4914/5 8606/4914/5 8604/4914/5
f 8609/4915/3 8610/4915/3 8612/4915/3 8611/4915/3
f 8613/4916/1 8614/4916/1 8616/4916/1 8615/4916/1
f 8615/4917/2 8616/4917/2 8610/4917/2 8609/4917/2
f 8610/4918/5 8616/4918/5 8614/4918/5 8612/4918/5
f 8617/4919/3 8618/4919/3 8620/4919/3 8619/4919/3
f 8621/4920/1 8622/4920/1 8624/4920/1 8623/4920/1
f 8623/4921/2 8624/4921/2 8618/4921/2 8617/4921/2
f 8618/4922/5 8624/4922/5 8622/4922/5 8620/4922/5
f 8625/4923/3 8626/4923/3 8628/4923/3 8627/4923/3
f 8629/4924/1 8630/4924/1 8632/4924/1 8631/4924/1
f 8631/4925/2 8632/4925/2 8626/4925/2 8625/4925/2
f 8626/4926/5 8632/4926/5 8630/4926/5 8628/4926/5
f 8633/4927/3 8634/4927/3 8636/4927/3 8635/4927/3
f 8635/4928/2 8636/4928/2 8638/4928/2 8637/4928/2
f 8637/4929/1 8638/4929/1 8640/4929/1 8639/4929/1
f 8639/4930/5 8633/4930/5 8635/4930/5 8637/4930/5
f 8645/4931/4 8646/4931/4 8647/4931/4 8648/4931/4
f 8642/4932/4 8641/4932/4 8634/4932/4 8640/4932/4
f 8643/4933/4 8642/4933/4 8640/4933/4 8638/4933/4
f 8644/4934/4 8643/4934/4 8638/4934/4 8636/4934/4
f 8641/4935/4 8644/4935/4 8636/4935/4 8634/4935/4
f 8646/4936/6 8645/4936/6 8641/4936/6 8642/4936/6
f 8647/4937/1 8646/4937/1 8642/4937/1 8643/4937/1
f 8648/4938/2 8647/4938/2 8643/4938/2 8644/4938/2
f 8645/4939/3 8648/4939/3 8644/4939/3 8641/4939/3
f 8649/4940/3 8650/4940/3 8652/4940/3 8651/4940/3
f 8651/4941/2 8652/4941/2 8654/4941/2 8653/4941/2
f 8653/4942/1 8654/4942/1 8656/4942/1 8655/4942/1
f 8650/4943/4 8656/4943/4 8654/4943/4 8652/4943/4
f 8659/4944/3 8660/4944/3 8662/4944/3 8661/4944/3
f 8661/4945/2 8662/4945/2 8664/4945/2 8663/4945/2
f 8663/4946/1 8664/4946/1 8658/4946/1 8657/4946/1
f 8658/4947/4 8664/4947/4 8662/4947/4 8660/4947/4
f 8665/4948/3 8666/4948/3 8668/4948/3 8667/4948/3
f 8669/4949/1 8670/4949/1 8672/4949/1 8671/4949/1
f 8671/4950/2 8672/4950/2 8666/4950/2 8665/4950/2
f 8666/4951/5 8672/4951/5 8670/4951/5 8668/4951/5
f 8673/4952/3 8674/4952/3 8676/4952/3 8675/4952/3
f 8677/4953/1 8678/4953/1 8680/4953/1 8679/4953/1
f 8679/4954/2 8680/4954/2 8674/4954/2 8673/4954/2
f 8674/4955/5 8680/4955/5 8678/4955/5 8676/4955/5
f 8681/4956/3 8682/4956/3 8684/4956/3 8683/4956/3
f 8685/4957/1 8686/4957/1 8688/4957/1 8687/4957/1
f 8687/4958/2 8688/4958/2 8682/4958/2 8681/4958/2
f 8682/4959/5 8688/4959/5 8686/4959/5 8684/4959/5
f 8689/4960/3 8690/4960/3 8692/4960/3 8691/4960/3
f 8693/4961/1 8694/4961/1 8696/4961/1 8695/4961/1
f 8695/4962/2 8696/4962/2 8690/4962/2 8689/4962/2
f 8690/4963/5 8696/4963/5 8694/4963/5 8692/4963/5
f 8697/4964/3 8698/4964/3 8700/4964/3 8699/4964/3
f 8699/4965/2 8700/4965/2 8702/4965/2 8701/4965/2
f 8701/4966/1 8702/4966/1 8704/4966/1 8703/4966/1
f 8703/4967/5 8697/4967/5 8699/4967/5 8701/4967/5
f 8709/4968/4 8710/4968/4 8711/4968/4 8712/4968/4
f 8706/4969/4 8705/4969/4 8698/4969/4 8704/4969/4
f 8707/4970/4 8706/4970/4 8704/4970/4 8702/4970/4
f 8708/4971/4 8707/4971/4 8702/4971/4 8700/4971/4
f 8705/4972/4 8708/4972/4 8700/4972/4 8698/4972/4
f 8710/4973/6 8709/4973/6 8705/4973/6 8706/4973/6
f 8711/4974/1 8710/4974/1 8706/4974/1 8707/4974/1
f 8712/4975/2 8711/4975/2 8707/4975/2 8708/4975/2
f 8709/4976/3 8712/4976/3 8708/4976/3 8705/4976/3
f 8713/4977/3 8714/4977/3 8716/4977/3 8715/4977/3
f 8715/4978/2 8716/4978/2 8718/4978/2 8717/4978/2
f 8717/4979/1 8718/4979/1 8720/4979/1 8719/4979/1
f 8714/4980/4 8720/4980/4 8718/4980/4 8716/4980/4
f 8723/4981/3 8724/4981/3 8726/4981/3 8725/4981/3
f 8725/4982/2 8726/4982/2 8728/4982/2 8727/4982/2
f 8727/4983/1 8728/4983/1 8722/4983/1 8721/4983/1
f 8722/4984/4 8728/4984/4 8726/4984/4 8724/4984/4
f 8729/4985/3 8730/4985/3 8732/4985/3 8731/4985/3
f 8733/4986/1 8734/4986/1 8736/4986/1 8735/4986/1
f 8735/4987/2 8736/4987/2 8730/4987/2 8729/4987/2
f 8730/4988/5 8736/4988/5 8734/4988/5 8732/4988/5
f 8737/4989/3 8738/4989/3 8740/4989/3 8739/4989/3
f 8741/4990/1 8742/4990/1 8744/4990/1 8743/4990/1
f 8743/4991/2 8744/4991/2 8738/4991/2 8737/4991/2
f 8738/4992/5 8744/4992/5 8742/4992/5 8740/4992/5
f 8745/4993/3 8746/4993/3 8748/4993/3 8747/4993/3
f 8749/4994/1 8750/4994/1 8752/4994/1 8751/4994/1
f 8751/4995/2 8752/4995/2 8746/4995/2 8745/4995/2
f 8746/4996/5 8752/4996/5 8750/4996/5 8748/4996/5
f 8753/4997/3 8754/4997/3 8756/4997/3 8755/4997/3
f 8757/4998/1 8758/4998/1 8760/4998/1 8759/4998/1
f 8759/4999/2 8760/4999/2 8754/4999/2 8753/4999/2
f 8754/5000/5 8760/5000/5 8758/5000/5 8756/5000/5
f 8761/5001/3 8762/5001/3 8764/5001/3 8763/5001/3
f 8763/5002/2 8764/5002/2 8766/5002/2 8765/5002/2
f 8765/5003/1 8766/5003/1 8768/5003/1 8767/5003/1
f 8767/5004/5 8761/5004/5 8763/5004/5 8765/5004/5
f 8773/5005/4 8774/5005/4 8775/5005/4 8776/5005/4
f 8770/5006/4 8769/5006/4 8762/5006/4 8768/5006/4
f 8771/5007/4 8770/5007/4 8768/5007/4 8766/5007/4
f 8772/5008/4 8771/5008/4 8766/5008/4 8764/5008/4
f 8769/5009/4 8772/5009/4 8764/5009/4 8762/5009/4
f 8774/5010/6 8773/5010/6 8769/5010/6 8770/5010/6
f 8775/5011/1 8774/5011/1 8770/5011/1 8771/5011/1
f 8776/5012/2 8775/5012/2 8771/5012/2 8772/5012/2
f 8773/5013/3 8776/5013/3 8772/5013/3 8769/5013/3
f 8777/5014/3 8778/5014/3 8780/5014/3 8779/5014/3
f 8779/5015/2 8780/5015/2 8782/5015/2 8781/5015/2
f 8781/5016/1 8782/5016/1 8784/5016/1 8783/5016/1
f 8778/5017/4 8784/5017/4 8782/5017/4 8780/5017/4
f 8787/5018/3 8788/5018/3 8790/5018/3 8789/5018/3
f 8789/5019/2 8790/5019/2 8792/5019/2 8791/5019/2
f 8791/5020/1 8792/5020/1 8786/5020/1 8785/5020/1
f 8786/5021/4 8792/5021/4 8790/5021/4 8788/5021/4
f 8793/5022/3 8794/5022/3 8796/5022/3 8795/5022/3
f 8797/5023/1 8798/5023/1 8800/5023/1 8799/5023/1
f 8799/5024/2 8800/5024/2 8794/5024/2 8793/5024/2
f 8794/5025/5 8800/5025/5 8798/5025/5 8796/5025/5
f 8801/5026/3 8802/5026/3 8804/5026/3 8803/5026/3
f 8805/5027/1 8806/5027/1 8808/5027/1 8807/5027/1
f 8807/5028/2 8808/5028/2 8802/5028/2 8801/5028/2
f 8802/5029/5 8808/5029/5 8806/5029/5 8804/5029/5
f 8809/5030/3 8810/5030/3 8812/5030/3 8811/5030/3
f 8813/5031/1 8814/5031/1 8816/5031/1 8815/5031/1
f 8815/5032/2 8816/5032/2 8810/5032/2 8809/5032/2
f 8810/5033/5 8816/5033/5 8814/5033/5 8812/5033/5
f 8817/5034/3 8818/5034/3 8820/5034/3 8819/5034/3
f 8821/5035/1 8822/5035/1 8824/5035/1 8823/5035/1
f 8823/5036/2 8824/5036/2 8818/5036/2 8817/5036/2
f 8818/5037/5 8824/5037/5 8822/5037/5 8820/5037/5
f 8825/5038/3 8826/5038/3 8828/5038/3 8827/5038/3
f 8827/5039/2 8828/5039/2 8830/5039/2 8829/5039/2
f 8829/5040/1 8830/5040/1 8832/5040/1 8831/5040/1
f 8831/5041/5 8825/5041/5 8827/5041/5 8829/5041/5
f 8837/5042/4 8838/5042/4 8839/5042/4 8840/5042/4
f 8834/5043/4 8833/5043/4 8826/5043/4 8832/5043/4
f 8835/5044/4 8834/5044/4 8832/5044/4 8830/5044/4
f 8836/5045/4 8835/5045/4 8830/5045/4 8828/5045/4
f 8833/5046/4 8836/5046/4 8828/5046/4 8826/5046/4
f 8838/5047/6 8837/5047/6 8833/5047/6 8834/5047/6
f 8839/5048/1 8838/5048/1 8834/5048/1 8835/5048/1
f 8840/5049/2 8839/5049/2 8835/5049/2 8836/5049/2
f 8837/5050/3 8840/5050/3 8836/5050/3 8833/5050/3
f 8841/5051/3 8842/5051/3 8844/5051/3 8843/5051/3
f 8843/5052/2 8844/5052/2 8846/5052/2 8845/5052/2
f 8845/5053/1 8846/5053/1 8848/5053/1 8847/5053/1
f 8842/5054/4 8848/5054/4 8846/5054/4 8844/5054/4
f 8851/5055/3 8852/5055/3 8854/5055/3 8853/5055/3
f 8853/5056/2 8854/5056/2 8856/5056/2 8855/5056/2
f 8855/5057/1 8856/5057/1 8850/5057/1 8849/5057/1
f 8850/5058/4 8856/5058/4 8854/5058/4 8852/5058/4
f 8857/5059/3 8858/5059/3 8860/5059/3 8859/5059/3
f 8861/5060/1 8862/5060/1 8864/5060/1 8863/5060/1
f 8863/5061/2 8864/5061/2 8858/5061/2 8857/5061/2
f 8858/5062/5 8864/5062/5 8862/5062/5 8860/5062/5
f 8865/5063/3 8866/5063/3 8868/5063/3 8867/5063/3
f 8869/5064/1 8870/5064/1 8872/5064/1 8871/5064/1
f 8871/5065/2 8872/5065/2 8866/5065/2 8865/5065/2
f 8866/5066/5 8872/5066/5 8870/5066/5 8868/5066/5
f 8873/5067/3 8874/5067/3 8876/5067/3 8875/5067/3
f 8877/5068/1 8878/5068/1 8880/5068/1 8879/5068/1
f 8879/5069/2 8880/5069/2 8874/5069/2 8873/5069/2
f 8874/5070/5 8880/5070/5 8878/5070/5 8876/5070/5
f 8881/5071/3 8882/5071/3 8884/5071/3 8883/5071/3
f 8885/5072/1 8886/5072/1 8888/5072/1 8887/5072/1
f 8887/5073/2 8888/5073/2 8882/5073/2 8881/5073/2
f 8882/5074/5 8888/5074/5 8886/5074/5 8884/5074/5
f 8889/5075/1 8890/5075/1 8892/5075/1 8891/5075/1
f 8891/5076/2 8892/5076/2 8894/5076/2 8893/5076/2
f 8893/5077/3 8894/5077/3 8896/5077/3 8895/5077/3
f 8895/5078/4 8889/5078/4 8891/5078/4 8893/5078/4
f 8901/5079/5 8902/5079/5 8903/5079/5 8904/5079/5
f 8898/5080/5 8897/5080/5 8890/5080/5 8896/5080/5
f 8899/5081/5 8898/5081/5 8896/5081/5 8894/5081/5
f 8900/5082/5 8899/5082/5 8894/5082/5 8892/5082/5
f 8897/5083/5 8900/5083/5 8892/5083/5 8890/5083/5
f 8902/5084/6 8901/5084/6 8897/5084/6 8898/5084/6
f 8903/5085/3 8902/5085/3 8898/5085/3 8899/5085/3
f 8904/5086/2 8903/5086/2 8899/5086/2 8900/5086/2
f 8901/5087/1 8904/5087/1 8900/5087/1 8897/5087/1
f 8905/5088/1 8906/5088/1 8908/5088/1 8907/5088/1
f 8907/5089/2 8908/5089/2 8910/5089/2 8909/5089/2
f 8909/5090/3 8910/5090/3 8912/5090/3 8911/5090/3
f 8906/5091/5 8912/5091/5 8910/5091/5 8908/5091/5
f 8915/5092/1 8916/5092/1 8918/5092/1 8917/5092/1
f 8917/5093/2 8918/5093/2 8920/5093/2 8919/5093/2
f 8919/5094/3 8920/5094/3 8914/5094/3 8913/5094/3
f 8914/5095/5 8920/5095/5 8918/5095/5 8916/5095/5
f 8921/5096/1 8922/5096/1 8924/5096/1 8923/5096/1
f 8925/5097/3 8926/5097/3 8928/5097/3 8927/5097/3
f 8927/5098/2 8928/5098/2 8922/5098/2 8921/5098/2
f 8922/5099/4 8928/5099/4 8926/5099/4 8924/5099/4
f 8929/5100/1 8930/5100/1 8932/5100/1 8931/5100/1
f 8933/5101/3 8934/5101/3 8936/5101/3 8935/5101/3
f 8935/5102/2 8936/5102/2 8930/5102/2 8929/5102/2
f 8930/5103/4 8936/5103/4 8934/5103/4 8932/5103/4
f 8937/5104/1 8938/5104/1 8940/5104/1 8939/5104/1
f 8941/5105/3 8942/5105/3 8944/5105/3 8943/5105/3
f 8943/5106/2 8944/5106/2 8938/5106/2 8937/5106/2
f 8938/5107/4 8944/5107/4 8942/5107/4 8940/5107/4
f 8945/5108/1 8946/5108/1 8948/5108/1 8947/5108/1
f 8949/5109/3 8950/5109/3 8952/5109/3 8951/5109/3
f 8951/5110/2 8952/5110/2 8946/5110/2 8945/5110/2
f 8946/5111/4 8952/5111/4 8950/5111/4 8948/5111/4
f 8953/5112/1 8954/5112/1 8956/5112/1 8955/5112/1
f 8955/5113/2 8956/5113/2 8958/5113/2 8957/5113/2
f 8957/5114/3 8958/5114/3 8960/5114/3 8959/5114/3
f 8959/5115/4 8953/5115/4 8955/5115/4 8957/5115/4
f 8965/5116/5 8966/5116/5 8967/5116/5 8968/5116/5
f 8962/5117/5 8961/5117/5 8954/5117/5 8960/5117/5
f 8963/5118/5 8962/5118/5 8960/5118/5 8958/5118/5
f 8964/5119/5 8963/5119/5 8958/5119/5 8956/5119/5
f 8961/5120/5 8964/5120/5 8956/5120/5 8954/5120/5
f 8966/5121/6 8965/5121/6 8961/5121/6 8962/5121/6
f 8967/5122/3 8966/5122/3 8962/5122/3 8963/5122/3
f 8968/5123/2 8967/5123/2 8963/5123/2 8964/5123/2
f 8965/5124/1 8968/5124/1 8964/5124/1 8961/5124/1
f 8969/5125/1 8970/5125/1 8972/5125/1 8971/5125/1
f 8971/5126/2 8972/5126/2 8974/5126/2 8973/5126/2
f 8973/5127/3 8974/5127/3 8976/5127/3 8975/5127/3
f 8970/5128/5 8976/5128/5 8974/5128/5 8972/5128/5
f 8979/5129/1 8980/5129/1 8982/5129/1 8981/5129/1
f 8981/5130/2 8982/5130/2 8984/5130/2 8983/5130/2
f 8983/5131/3 8984/5131/3 8978/5131/3 8977/5131/3
f 8978/5132/5 8984/5132/5 8982/5132/5 8980/5132/5
f 8985/5133/1 8986/5133/1 8988/5133/1 8987/5133/1
f 8989/5134/3 8990/5134/3 8992/5134/3 8991/5134/3
f 8991/5135/2 8992/5135/2 8986/5135/2 8985/5135/2
f 8986/5136/4 8992/5136/4 8990/5136/4 8988/5136/4
f 8993/5137/1 8994/5137/1 8996/5137/1 8995/5137/1
f 8997/5138/3 8998/5138/3 9000/5138/3 8999/5138/3
f 8999/5139/2 9000/5139/2 8994/5139/2 8993/5139/2
f 8994/5140/4 9000/5140/4 8998/5140/4 8996/5140/4
f 9001/5141/1 9002/5141/1 9004/5141/1 9003/5141/1
f 9005/5142/3 9006/5142/3 9008/5142/3 9007/5142/3
f 9007/5143/2 9008/5143/2 9002/5143/2 9001/5143/2
f 9002/5144/4 9008/5144/4 9006/5144/4 9004/5144/4
f 9009/5145/1 9010/5145/1 9012/5145/1 9011/5145/1
f 9013/5146/3 9014/5146/3 9016/5146/3 9015/5146/3
f 9015/5147/2 9016/5147/2 9010/5147/2 9009/5147/2
f 9010/5148/4 9016/5148/4 9014/5148/4 9012/5148/4
f 9017/5149/1 9018/5149/1 9020/5149/1 9019/5149/1
f 9019/5150/2 9020/5150/2 9022/5150/2 9021/5150/2
f 9021/5151/3 9022/5151/3 9024/5151/3 9023/5151/3
f 9023/5152/4 9017/5152/4 9019/5152/4 9021/5152/4
f 9029/5153/5 9030/5153/5 9031/5153/5 9032/5153/5
f 9026/5154/5 9025/5154/5 9018/5154/5 9024/5154/5
f 9027/5155/5 9026/5155/5 9024/5155/5 9022/5155/5
f 9028/5156/5 9027/5156/5 9022/5156/5 9020/5156/5
f 9025/5157/5 9028/5157/5 9020/5157/5 9018/5157/5
f 9030/5158/6 9029/5158/6 9025/5158/6 9026/5158/6
f 9031/5159/3 9030/5159/3 9026/5159/3 9027/5159/3
f 9032/5160/2 9031/5160/2 9027/5160/2 9028/5160/2
f 9029/5161/1 9032/5161/1 9028/5161/1 9025/5161/1
f 9033/5162/1 9034/5162/1 9036/5162/1 9035/5162/1
f 9035/5163/2 9036/5163/2 9038/5163/2 9037/5163/2
f 9037/5164/3 9038/5164/3 9040/5164/3 9039/5164/3
f 9034/5165/5 9040/5165/5 9038/5165/5 9036/5165/5
f 9043/5166/1 9044/5166/1 9046/5166/1 9045/5166/1
f 9045/5167/2 9046/5167/2 9048/5167/2 9047/5167/2
f 9047/5168/3 9048/5168/3 9042/5168/3 9041/5168/3
f 9042/5169/5 9048/5169/5 9046/5169/5 9044/5169/5
f 9049/5170/1 9050/5170/1 9052/5170/1 9051/5170/1
f 9053/5171/3 9054/5171/3 9056/5171/3 9055/5171/3
f 9055/5172/2 9056/5172/2 9050/5172/2 9049/5172/2
f 9050/5173/4 9056/5173/4 9054/5173/4 9052/5173/4
f 9057/5174/1 9058/5174/1 9060/5174/1 9059/5174/1
f 9061/5175/3 9062/5175/3 9064/5175/3 9063/5175/3
f 9063/5176/2 9064/5176/2 9058/5176/2 9057/5176/2
f 9058/5177/4 9064/5177/4 9062/5177/4 9060/5177/4
f 9065/5178/1 9066/5178/1 9068/5178/1 9067/5178/1
f 9069/5179/3 9070/5179/3 9072/5179/3 9071/5179/3
f 9071/5180/2 9072/5180/2 9066/5180/2 9065/5180/2
f 9066/5181/4 9072/5181/4 9070/5181/4 9068/5181/4
f 9073/5182/1 9074/5182/1 9076/5182/1 9075/5182/1
f 9077/5183/3 9078/5183/3 9080/5183/3 9079/5183/3
f 9079/5184/2 9080/5184/2 9074/5184/2 9073/5184/2
f 9074/5185/4 9080/5185/4 9078/5185/4 9076/5185/4
f 9081/5186/1 9082/5186/1 9084/5186/1 9083/5186/1
f 9083/5187/2 9084/5187/2 9086/5187/2 9085/5187/2
f 9085/5188/3 9086/5188/3 9088/5188/3 9087/5188/3
f 9087/5189/4 9081/5189/4 9083/5189/4 9085/5189/4
f 9093/5190/5 9094/5190/5 9095/5190/5 9096/5190/5
f 9090/5191/5 9089/5191/5 9082/5191/5 9088/5191/5
f 9091/5192/5 9090/5192/5 9088/5192/5 9086/5192/5
f 9092/5193/5 9091/5193/5 9086/5193/5 9084/5193/5
f 9089/5194/5 9092/5194/5 9084/5194/5 9082/5194/5
f 9094/5195/6 9093/5195/6 9089/5195/6 9090/5195/6
f 9095/5196/3 9094/5196/3 9090/5196/3 9091/5196/3
f 9096/5197/2 9095/5197/2 9091/5197/2 9092/5197/2
f 9093/5198/1 9096/5198/1 9092/5198/1 9089/5198/1
f 9097/5199/1 9098/5199/1 9100/5199/1 9099/5199/1
f 9099/5200/2 9100/5200/2 9102/5200/2 9101/5200/2
f 9101/5201/3 9102/5201/3 9104/5201/3 9103/5201/3
f 9098/5202/5 9104/5202/5 9102/5202/5 9100/5202/5
f 9107/5203/1 9108/5203/1 9110/5203/1 9109/5203/1
f 9109/5204/2 9110/5204/2 9112/5204/2 9111/5204/2
f 9111/5205/3 9112/5205/3 9106/5205/3 9105/5205/3
f 9106/5206/5 9112/5206/5 9110/5206/5 9108/5206/5
f 9113/5207/1 9114/5207/1 9116/5207/1 9115/5207/1
f 9117/5208/3 9118/5208/3 9120/5208/3 9119/5208/3
f 9119/5209/2 9120/5209/2 9114/5209/2 9113/5209/2
f 9114/5210/4 9120/5210/4 9118/5210/4 9116/5210/4
f 9121/5211/1 9122/5211/1 9124/5211/1 9123/5211/1
f 9125/5212/3 9126/5212/3 9128/5212/3 9127/5212/3
f 9127/5213/2 9128/5213/2 9122/5213/2 9121/5213/2
f 9122/5214/4 9128/5214/4 9126/5214/4 9124/5214/4
f 9129/5215/1 9130/5215/1 9132/5215/1 9131/5215/1
f 9133/5216/3 9134/5216/3 9136/5216/3 9135/5216/3
f 9135/5217/2 9136/5217/2 9130/5217/2 9129/5217/2
f 9130/5218/4 9136/5218/4 9134/5218/4 9132/5218/4
f 9137/5219/1 9138/5219/1 9140/5219/1 9139/5219/1
f 9141/5220/3 9142/5220/3 9144/5220/3 9143/5220/3
f 9143/5221/2 9144/5221/2 9138/5221/2 9137/5221/2
f 9138/5222/4 9144/5222/4 9142/5222/4 9140/5222/4
f 9145/5223/1 9146/5223/1 9148/5223/1 9147/5223/1
f 9147/5224/2 9148/5224/2 9150/5224/2 9149/5224/2
f 9149/5225/3 9150/5225/3 9152/5225/3 9151/5225/3
f 9151/5226/4 9145/5226/4 9147/5226/4 9149/5226/4
f 9157/5227/5 9158/5227/5 9159/5227/5 9160/5227/5
f 9154/5228/5 9153/5228/5 9146/5228/5 9152/5228/5
f 9155/5229/5 9154/5229/5 9152/5229/5 9150/5229/5
f 9156/5230/5 9155/5230/5 9150/5230/5 9148/5230/5
f 9153/5231/5 9156/5231/5 9148/5231/5 9146/5231/5
f 9158/5232/6 9157/5232/6 9153/5232/6 9154/5232/6
f 9159/5233/3 9158/5233/3 9154/5233/3 9155/5233/3
f 9160/5234/2 9159/5234/2 9155/5234/2 9156/5234/2
f 9157/5235/1 9160/5235/1 9156/5235/1 9153/5235/1
f 9161/5236/1 9162/5236/1 9164/5236/1 9163/5236/1
f 9163/5237/2 9164/5237/2 9166/5237/2 9165/5237/2
f 9165/5238/3 9166/5238/3 9168/5238/3 9167/5238/3
f 9162/5239/5 9168/5239/5 9166/5239/5 9164/5239/5
f 9171/5240/1 9172/5240/1 9174/5240/1 9173/5240/1
f 9173/5241/2 9174/5241/2 9176/5241/2 9175/5241/2
f 9175/5242/3 9176/5242/3 9170/5242/3 9169/5242/3
f 9170/5243/5 9176/5243/5 9174/5243/5 9172/5243/5
f 9177/5244/1 9178/5244/1 9180/5244/1 9179/5244/1
f 9181/5245/3 9182/5245/3 9184/5245/3 9183/5245/3
f 9183/5246/2 9184/5246/2 9178/5246/2 9177/5246/2
f 9178/5247/4 9184/5247/4 9182/5247/4 9180/5247/4
f 9185/5248/1 9186/5248/1 9188/5248/1 9187/5248/1
f 9189/5249/3 9190/5249/3 9192/5249/3 9191/5249/3
f 9191/5250/2 9192/5250/2 9186/5250/2 9185/5250/2
f 9186/5251/4 9192/5251/4 9190/5251/4 9188/5251/4
f 9193/5252/1 9194/5252/1 9196/5252/1 9195/5252/1
f 9197/5253/3 9198/5253/3 9200/5253/3 9199/5253/3
f 9199/5254/2 9200/5254/2 9194/5254/2 9193/5254/2
f 9194/5255/4 9200/5255/4 9198/5255/4 9196/5255/4
f 9201/5256/1 9202/5256/1 9204/5256/1 9203/5256/1
f 9205/5257/3 9206/5257/3 9208/5257/3 9207/5257/3
f 9207/5258/2 9208/5258/2 9202/5258/2 9201/5258/2
f 9202/5259/4 9208/5259/4 9206/5259/4 9204/5259/4
f 9209/5260/1 9210/5260/1 9212/5260/1 9211/5260/1
f 9211/5261/2 9212/5261/2 9214/5261/2 9213/5261/2
f 9213/5262/3 9214/5262/3 9216/5262/3 9215/5262/3
f 9215/5263/4 9209/5263/4 9211/5263/4 9213/5263/4
f 9221/5264/5 9222/5264/5 9223/5264/5 9224/5264/5
f 9218/5265/5 9217/5265/5 9210/5265/5 9216/5265/5
f 9219/5266/5 9218/5266/5 9216/5266/5 9214/5266/5
f 9220/5267/5 9219/5267/5 9214/5267/5 9212/5267/5
f 9217/5268/5 9220/5268/5 9212/5268/5 9210/5268/5
f 9222/5269/6 9221/5269/6 9217/5269/6 9218/5269/6
f 9223/5270/3 9222/5270/3 9218/5270/3 9219/5270/3
f 9224/5271/2 9223/5271/2 9219/5271/2 9220/5271/2
f 9221/5272/1 9224/5272/1 9220/5272/1 9217/5272/1
f 9225/5273/1 9226/5273/1 9228/5273/1 9227/5273/1
f 9227/5274/2 9228/5274/2 9230/5274/2 9229/5274/2
f 9229/5275/3 9230/5275/3 9232/5275/3 9231/5275/3
f 9226/5276/5 9232/5276/5 9230/5276/5 9228/5276/5
f 9235/5277/1 9236/5277/1 9238/5277/1 9237/5277/1
f 9237/5278/2 9238/5278/2 9240/5278/2 9239/5278/2
f 9239/5279/3 9240/5279/3 9234/5279/3 9233/5279/3
f 9234/5280/5 9240/5280/5 9238/5280/5 9236/5280/5
f 9241/5281/1 9242/5281/1 9244/5281/1 9243/5281/1
f 9245/5282/3 9246/5282/3 9248/5282/3 9247/5282/3
f 9247/5283/2 9248/5283/2 9242/5283/2 9241/5283/2
f 9242/5284/4 9248/5284/4 9246/5284/4 9244/5284/4
f 9249/5285/1 9250/5285/1 9252/5285/1 9251/5285/1
f 9253/5286/3 9254/5286/3 9256/5286/3 9255/5286/3
f 9255/5287/2 9256/5287/2 9250/5287/2 9249/5287/2
f 9250/5288/4 9256/5288/4 9254/5288/4 9252/5288/4
f 9257/5289/1 9258/5289/1 9260/5289/1 9259/5289/1
f 9261/5290/3 9262/5290/3 9264/5290/3 9263/5290/3
f 9263/5291/2 9264/5291/2 9258/5291/2 9257/5291/2
f 9258/5292/4 9264/5292/4 9262/5292/4 9260/5292/4
f 9265/5293/1 9266/5293/1 9268/5293/1 9267/5293/1
f 9269/5294/3 9270/5294/3 9272/5294/3 9271/5294/3
f 9271/5295/2 9272/5295/2 9266/5295/2 9265/5295/2
f 9266/5296/4 9272/5296/4 9270/5296/4 9268/5296/4
f 9273/5297/1 9274/5297/1 9276/5297/1 9275/5297/1
f 9275/5298/2 9276/5298/2 9278/5298/2 9277/5298/2
f 9277/5299/3 9278/5299/3 9280/5299/3 9279/5299/3
f 9279/5300/4 9273/5300/4 9275/5300/4 9277/5300/4
f 9285/5301/5 9286/5301/5 9287/5301/5 9288/5301/5
f 9282/5302/5 9281/5302/5 9274/5302/5 9280/5302/5
f 9283/5303/5 9282/5303/5 9280/5303/5 9278/5303/5
f 9284/5304/5 9283/5304/5 9278/5304/5 9276/5304/5
f 9281/5305/5 9284/5305/5 9276/5305/5 9274/5305/5
f 9286/5306/6 9285/5306/6 9281/5306/6 9282/5306/6
f 9287/5307/3 9286/5307/3 9282/5307/3 9283/5307/3
f 9288/5308/2 9287/5308/2 9283/5308/2 9284/5308/2
f 9285/5309/1 9288/5309/1 9284/5309/1 9281/5309/1
f 9289/5310/1 9290/5310/1 9292/5310/1 9291/5310/1
f 9291/5311/2 9292/5311/2 9294/5311/2 9293/5311/2
f 9293/5312/3 9294/5312/3 9296/5312/3 9295/5312/3
f 9290/5313/5 9296/5313/5 9294/5313/5 9292/5313/5
f 9299/5314/1 9300/5314/1 9302/5314/1 9301/5314/1
f 9301/5315/2 9302/5315/2 9304/5315/2 9303/5315/2
f 9303/5316/3 9304/5316/3 9298/5316/3 9297/5316/3
f 9298/5317/5 9304/5317/5 9302/5317/5 9300/5317/5
f 9305/5318/1 9306/5318/1 9308/5318/1 9307/5318/1
f 9309/5319/3 9310/5319/3 9312/5319/3 9311/5319/3
f 9311/5320/2 9312/5320/2 9306/5320/2 9305/5320/2
f 9306/5321/4 9312/5321/4 9310/5321/4 9308/5321/4
f 9313/5322/1 9314/5322/1 9316/5322/1 9315/5322/1
f 9317/5323/3 9318/5323/3 9320/5323/3 9319/5323/3
f 9319/5324/2 9320/5324/2 9314/5324/2 9313/5324/2
f 9314/5325/4 9320/5325/4 9318/5325/4 9316/5325/4
f 9321/5326/1 9322/5326/1 9324/5326/1 9323/5326/1
f 9325/5327/3 9326/5327/3 9328/5327/3 9327/5327/3
f 9327/5328/2 9328/5328/2 9322/5328/2 9321/5328/2
f 9322/5329/4 9328/5329/4 9326/5329/4 9324/5329/4
f 9329/5330/1 9330/5330/1 9332/5330/1 9331/5330/1
f 9333/5331/3 9334/5331/3 9336/5331/3 9335/5331/3
f 9335/5332/2 9336/5332/2 9330/5332/2 9329/5332/2
f 9330/5333/4 9336/5333/4 9334/5333/4 9332/5333/4
f 9337/5334/1 9338/5334/1 9340/5334/1 9339/5334/1
f 9339/5335/2 9340/5335/2 9342/5335/2 9341/5335/2
f 9341/5336/3 9342/5336/3 9344/5336/3 9343/5336/3
f 9343/5337/4 9337/5337/4 9339/5337/4 9341/5337/4
f 9349/5338/5 9350/5338/5 9351/5338/5 9352/5338/5
f 9346/5339/5 9345/5339/5 9338/5339/5 9344/5339/5
f 9347/5340/5 9346/5340/5 9344/5340/5 9342/5340/5
f 9348/5341/5 9347/5341/5 9342/5341/5 9340/5341/5
f 9345/5342/5 9348/5342/5 9340/5342/5 9338/5342/5
f 9350/5343/6 9349/5343/6 9345/5343/6 9346/5343/6
f 9351/5344/3 9350/5344/3 9346/5344/3 9347/5344/3
f 9352/5345/2 9351/5345/2 9347/5345/2 9348/5345/2
f 9349/5346/1 9352/5346/1 9348/5346/1 9345/5346/1
f 9353/5347/1 9354/5347/1 9356/5347/1 9355/5347/1
f 9355/5348/2 9356/5348/2 9358/5348/2 9357/5348/2
f 9357/5349/3 9358/5349/3 9360/5349/3 9359/5349/3
f 9354/5350/5 9360/5350/5 9358/5350/5 9356/5350/5
f 9363/5351/1 9364/5351/1 9366/5351/1 9365/5351/1
f 9365/5352/2 9366/5352/2 9368/5352/2 9367/5352/2
f 9367/5353/3 9368/5353/3 9362/5353/3 9361/5353/3
f 9362/5354/5 9368/5354/5 9366/5354/5 9364/5354/5
f 9369/5355/1 9370/5355/1 9372/5355/1 9371/5355/1
f 9373/5356/3 9374/5356/3 9376/5356/3 9375/5356/3
f 9375/5357/2 9376/5357/2 9370/5357/2 9369/5357/2
f 9370/5358/4 9376/5358/4 9374/5358/4 9372/5358/4
f 9377/5359/1 9378/5359/1 9380/5359/1 9379/5359/1
f 9381/5360/3 9382/5360/3 9384/5360/3 9383/5360/3
f 9383/5361/2 9384/5361/2 9378/5361/2 9377/5361/2
f 9378/5362/4 9384/5362/4 9382/5362/4 9380/5362/4
f 9385/5363/1 9386/5363/1 9388/5363/1 9387/5363/1
f 9389/5364/3 9390/5364/3 9392/5364/3 9391/5364/3
f 9391/5365/2 9392/5365/2 9386/5365/2 9385/5365/2
f 9386/5366/4 9392/5366/4 9390/5366/4 9388/5366/4
f 9393/5367/1 9394/5367/1 9396/5367/1 9395/5367/1
f 9397/5368/3 9398/5368/3 9400/5368/3 9399/5368/3
f 9399/5369/2 9400/5369/2 9394/5369/2 9393/5369/2
f 9394/5370/4 9400/5370/4 9398/5370/4 9396/5370/4
f 9401/5371/1 9402/5371/1 9404/5371/1 9403/5371/1
f 9403/5372/2 9404/5372/2 9406/5372/2 9405/5372/2
f 9405/5373/3 9406/5373/3 9408/5373/3 9407/5373/3
f 9407/5374/4 9401/5374/4 9403/5374/4 9405/5374/4
f 9413/5375/5 9414/5375/5 9415/5375/5 9416/5375/5
f 9410/5376/5 9409/5376/5 9402/5376/5 9408/5376/5
f 9411/5377/5 9410/5377/5 9408/5377/5 9406/5377/5
f 9412/5378/5 9411/5378/5 9406/5378/5 9404/5378/5
f 9409/5379/5 9412/5379/5 9404/5379/5 9402/5379/5
f 9414/5380/6 9413/5380/6 9409/5380/6 9410/5380/6
f 9415/5381/3 9414/5381/3 9410/5381/3 9411/5381/3
f 9416/5382/2 9415/5382/2 9411/5382/2 9412/5382/2
f 9413/5383/1 9416/5383/1 9412/5383/1 9409/5383/1
f 9417/5384/1 9418/5384/1 9420/5384/1 9419/5384/1
f 9419/5385/2 9420/5385/2 9422/5385/2 9421/5385/2
f 9421/5386/3 9422/5386/3 9424/5386/3 9423/5386/3
f 9418/5387/5 9424/5387/5 9422/5387/5 9420/5387/5
f 9427/5388/1 9428/5388/1 9430/5388/1 9429/5388/1
f 9429/5389/2 9430/5389/2 9432/5389/2 9431/5389/2
f 9431/5390/3 9432/5390/3 9426/5390/3 9425/5390/3
f 9426/5391/5 9432/5391/5 9430/5391/5 9428/5391/5
f 9433/5392/1 9434/5392/1 9436/5392/1 9435/5392/1
f 9437/5393/3 9438/5393/3 9440/5393/3 9439/5393/3
f 9439/5394/2 9440/5394/2 9434/5394/2 9433/5394/2
f 9434/5395/4 9440/5395/4 9438/5395/4 9436/5395/4
f 9441/5396/1 9442/5396/1 9444/5396/1 9443/5396/1
f 9445/5397/3 9446/5397/3 9448/5397/3 9447/5397/3
f 9447/5398/2 9448/5398/2 9442/5398/2 9441/5398/2
f 9442/5399/4 9448/5399/4 9446/5399/4 9444/5399/4
f 9449/5400/1 9450/5400/1 9452/5400/1 9451/5400/1
f 9453/5401/3 9454/5401/3 9456/5401/3 9455/5401/3
f 9455/5402/2 9456/5402/2 9450/5402/2 9449/5402/2
f 9450/5403/4 9456/5403/4 9454/5403/4 9452/5403/4
f 9457/5404/1 9458/5404/1 9460/5404/1 9459/5404/1
f 9461/5405/3 9462/5405/3 9464/5405/3 9463/5405/3
f 9463/5406/2 9464/5406/2 9458/5406/2 9457/5406/2
f 9458/5407/4 9464/5407/4 9462/5407/4 9460/5407/4
f 9465/5408/1 9466/5408/1 9468/5408/1 9467/5408/1
f 9467/5409/2 9468/5409/2 9470/5409/2 9469/5409/2
f 9469/5410/3 9470/5410/3 9472/5410/3 9471/5410/3
f 9471/5411/4 9465/5411/4 9467/5411/4 9469/5411/4
f 9477/5412/5 9478/5412/5 9479/5412/5 9480/5412/5
f 9474/5413/5 9473/5413/5 9466/5413/5 9472/5413/5
f 9475/5414/5 9474/5414/5 9472/5414/5 9470/5414/5
f 9476/5415/5 9475/5415/5 9470/5415/5 9468/5415/5
f 9473/5416/5 9476/5416/5 9468/5416/5 9466/5416/5
f 9478/5417/6 9477/5417/6 9473/5417/6 9474/5417/6
f 9479/5418/3 9478/5418/3 9474/5418/3 9475/5418/3
f 9480/5419/2 9479/5419/2 9475/5419/2 9476/5419/2
f 9477/5420/1 9480/5420/1 9476/5420/1 9473/5420/1
f 9481/5421/1 9482/5421/1 9484/5421/1 9483/5421/1
f 9483/5422/2 9484/5422/2 9486/5422/2 9485/5422/2
f 9485/5423/3 9486/5423/3 9488/5423/3 9487/5423/3
f 9482/5424/5 9488/5424/5 9486/5424/5 9484/5424/5
f 9491/5425/1 9492/5425/1 9494/5425/1 9493/5425/1
f 9493/5426/2 9494/5426/2 9496/5426/2 9495/5426/2
f 9495/5427/3 9496/5427/3 9490/5427/3 9489/5427/3
f 9490/5428/5 9496/5428/5 9494/5428/5 9492/5428/5
f 9497/5429/1 9498/5429/1 9500/5429/1 9499/5429/1
f 9501/5430/3 9502/5430/3 9504/5430/3 9503/5430/3
f 9503/5431/2 9504/5431/2 9498/5431/2 9497/5431/2
f 9498/5432/4 9504/5432/4 9502/5432/4 9500/5432/4
f 9505/5433/1 9506/5433/1 9508/5433/1 9507/5433/1
f 9509/5434/3 9510/5434/3 9512/5434/3 9511/5434/3
f 9511/5435/2 9512/5435/2 9506/5435/2 9505/5435/2
f 9506/5436/4 9512/5436/4 9510/5436/4 9508/5436/4
f 9513/5437/1 9514/5437/1 9516/5437/1 9515/5437/1
f 9517/5438/3 9518/5438/3 9520/5438/3 9519/5438/3
f 9519/5439/2 9520/5439/2 9514/5439/2 9513/5439/2
f 9514/5440/4 9520/5440/4 9518/5440/4 9516/5440/4
f 9521/5441/1 9522/5441/1 9524/5441/1 9523/5441/1
f 9525/5442/3 9526/5442/3 9528/5442/3 9527/5442/3
f 9527/5443/2 9528/5443/2 9522/5443/2 9521/5443/2
f 9522/5444/4 9528/5444/4 9526/5444/4 9524/5444/4
f 9529/5445/1 9530/5445/1 9532/5445/1 9531/5445/1
f 9531/5446/2 9532/5446/2 9534/5446/2 9533/5446/2
f 9533/5447/3 9534/5447/3 9536/5447/3 9535/5447/3
f 9535/5448/4 9529/5448/4 9531/5448/4 9533/5448/4
f 9541/5449/5 9542/5449/5 9543/5449/5 9544/5449/5
f 9538/5450/5 9537/5450/5 9530/5450/5 9536/5450/5
f 9539/5451/5 9538/5451/5 9536/5451/5 9534/5451/5
f 9540/5452/5 9539/5452/5 9534/5452/5 9532/5452/5
f 9537/5453/5 9540/5453/5 9532/5453/5 9530/5453/5
f 9542/5454/6 9541/5454/6 9537/5454/6 9538/5454/6
f 9543/5455/3 9542/5455/3 9538/5455/3 9539/5455/3
f 9544/5456/2 9543/5456/2 9539/5456/2 9540/5456/2
f 9541/5457/1 9544/5457/1 9540/5457/1 9537/5457/1
f 9545/5458/1 9546/5458/1 9548/5458/1 9547/5458/1
f 9547/5459/2 9548/5459/2 9550/5459/2 9549/5459/2
f 9549/5460/3 9550/5460/3 9552/5460/3 9551/5460/3
f 9546/5461/5 9552/5461/5 9550/5461/5 9548/5461/5
f 9555/5462/1 9556/5462/1 9558/5462/1 9557/5462/1
f 9557/5463/2 9558/5463/2 9560/5463/2 9559/5463/2
f 9559/5464/3 9560/5464/3 9554/5464/3 9553/5464/3
f 9554/5465/5 9560/5465/5 9558/5465/5 9556/5465/5
f 9561/5466/1 9562/5466/1 9564/5466/1 9563/5466/1
f 9565/5467/3 9566/5467/3 9568/5467/3 9567/5467/3
f 9567/5468/2 9568/5468/2 9562/5468/2 9561/5468/2
f 9562/5469/4 9568/5469/4 9566/5469/4 9564/5469/4
f 9569/5470/1 9570/5470/1 9572/5470/1 9571/5470/1
f 9573/5471/3 9574/5471/3 9576/5471/3 9575/5471/3
f 9575/5472/2 9576/5472/2 9570/5472/2 9569/5472/2
f 9570/5473/4 9576/5473/4 9574/5473/4 9572/5473/4
f 9577/5474/1 9578/5474/1 9580/5474/1 9579/5474/1
f 9581/5475/3 9582/5475/3 9584/5475/3 9583/5475/3
f 9583/5476/2 9584/5476/2 9578/5476/2 9577/5476/2
f 9578/5477/4 9584/5477/4 9582/5477/4 9580/5477/4
f 9585/5478/1 9586/5478/1 9588/5478/1 9587/5478/1
f 9589/5479/3 9590/5479/3 9592/5479/3 9591/5479/3
f 9591/5480/2 9592/5480/2 9586/5480/2 9585/5480/2
f 9586/5481/4 9592/5481/4 9590/5481/4 9588/5481/4
f 9593/5482/1 9594/5482/1 9596/5482/1 9595/5482/1
f 9595/5483/2 9596/5483/2 9598/5483/2 9597/5483/2
f 9597/5484/3 9598/5484/3 9600/5484/3 9599/5484/3
f 9599/5485/4 9593/5485/4 9595/5485/4 9597/5485/4
f 9605/5486/5 9606/5486/5 9607/5486/5 9608/5486/5
f 9602/5487/5 9601/5487/5 9594/5487/5 9600/5487/5
f 9603/5488/5 9602/5488/5 9600/5488/5 9598/5488/5
f 9604/5489/5 9603/5489/5 9598/5489/5 9596/5489/5
f 9601/5490/5 9604/5490/5 9596/5490/5 9594/5490/5
f 9606/5491/6 9605/5491/6 9601/5491/6 9602/5491/6
f 9607/5492/3 9606/5492/3 9602/5492/3 9603/5492/3
f 9608/5493/2 9607/5493/2 9603/5493/2 9604/5493/2
f 9605/5494/1 9608/5494/1 9604/5494/1 9601/5494/1
f 9609/5495/1 9610/5495/1 9612/5495/1 9611/5495/1
f 9611/5496/2 9612/5496/2 9614/5496/2 9613/5496/2
f 9613/5497/3 9614/5497/3 9616/5497/3 9615/5497/3
f 9610/5498/5 9616/5498/5 9614/5498/5 9612/5498/5
f 9619/5499/1 9620/5499/1 9622/5499/1 9621/5499/1
f 9621/5500/2 9622/5500/2 9624/5500/2 9623/5500/2
f 9623/5501/3 9624/5501/3 9618/5501/3 9617/5501/3
f 9618/5502/5 9624/5502/5 9622/5502/5 9620/5502/5
f 9625/5503/1 9626/5503/1 9628/5503/1 9627/5503/1
f 9629/5504/3 9630/5504/3 9632/5504/3 9631/5504/3
f 9631/5505/2 9632/5505/2 9626/5505/2 9625/5505/2
f 9626/5506/4 9632/5506/4 9630/5506/4 9628/5506/4
f 9633/5507/1 9634/5507/1 9636/5507/1 9635/5507/1
f 9637/5508/3 9638/5508/3 9640/5508/3 9639/5508/3
f 9639/5509/2 9640/5509/2 9634/5509/2 9633/5509/2
f 9634/5510/4 9640/5510/4 9638/5510/4 9636/5510/4
f 9641/5511/1 9642/5511/1 9644/5511/1 9643/5511/1
f 9645/5512/3 9646/5512/3 9648/5512/3 9647/5512/3
f 9647/5513/2 9648/5513/2 9642/5513/2 9641/5513/2
f 9642/5514/4 9648/5514/4 9646/5514/4 9644/5514/4
f 9649/5515/1 9650/5515/1 9652/5515/1 9651/5515/1
f 9653/5516/3 9654/5516/3 9656/5516/3 9655/5516/3
f 9655/5517/2 9656/5517/2 9650/5517/2 9649/5517/2
f 9650/5518/4 9656/5518/4 9654/5518/4 9652/5518/4
f 9657/5519/1 9658/5519/1 9660/5519/1 9659/5519/1
f 9659/5520/2 9660/5520/2 9662/5520/2 9661/5520/2
f 9661/5521/3 9662/5521/3 9664/5521/3 9663/5521/3
f 9663/5522/4 9657/5522/4 9659/5522/4 9661/5522/4
f 9669/5523/5 9670/5523/5 9671/5523/5 9672/5523/5
f 9666/5524/5 9665/5524/5 9658/5524/5 9664/5524/5
f 9667/5525/5 9666/5525/5 9664/5525/5 9662/5525/5
f 9668/5526/5 9667/5526/5 9662/5526/5 9660/5526/5
f 9665/5527/5 9668/5527/5 9660/5527/5 9658/5527/5
f 9670/5528/6 9669/5528/6 9665/5528/6 9666/5528/6
f 9671/5529/3 9670/5529/3 9666/5529/3 9667/5529/3
f 9672/5530/2 9671/5530/2 9667/5530/2 9668/5530/2
f 9669/5531/1 9672/5531/1 9668/5531/1 9665/5531/1
f 9673/5532/1 9674/5532/1 9676/5532/1 9675/5532/1
f 9675/5533/2 9676/5533/2 9678/5533/2 9677/5533/2
f 9677/5534/3 9678/5534/3 9680/5534/3 9679/5534/3
f 9674/5535/5 9680/5535/5 9678/5535/5 9676/5535/5
f 9683/5536/1 9684/5536/1 9686/5536/1 9685/5536/1
f 9685/5537/2 9686/5537/2 9688/5537/2 9687/5537/2
f 9687/5538/3 9688/5538/3 9682/5538/3 9681/5538/3
f 9682/5539/5 9688/5539/5 9686/5539/5 9684/5539/5
f 9689/5540/1 9690/5540/1 9692/5540/1 9691/5540/1
f 9693/5541/3 9694/5541/3 9696/5541/3 9695/5541/3
f 9695/5542/2 9696/5542/2 9690/5542/2 9689/5542/2
f 9690/5543/4 9696/5543/4 9694/5543/4 9692/5543/4
f 9697/5544/1 9698/5544/1 9700/5544/1 9699/5544/1
f 9701/5545/3 9702/5545/3 9704/5545/3 9703/5545/3
f 9703/5546/2 9704/5546/2 9698/5546/2 9697/5546/2
f 9698/5547/4 9704/5547/4 9702/5547/4 9700/5547/4
f 9705/5548/1 9706/5548/1 9708/5548/1 9707/5548/1
f 9709/5549/3 9710/5549/3 9712/5549/3 9711/5549/3
f 9711/5550/2 9712/5550/2 9706/5550/2 9705/5550/2
f 9706/5551/4 9712/5551/4 9710/5551/4 9708/5551/4
f 9713/5552/1 9714/5552/1 9716/5552/1 9715/5552/1
f 9717/5553/3 9718/5553/3 9720/5553/3 9719/5553/3
f 9719/5554/2 9720/5554/2 9714/5554/2 9713/5554/2
f 9714/5555/4 9720/5555/4 9718/5555/4 9716/5555/4
f 9721/5556/1 9722/5556/1 9724/5556/1 9723/5556/1
f 9723/5557/2 9724/5557/2 9726/5557/2 9725/5557/2
f 9725/5558/3 9726/5558/3 9728/5558/3 9727/5558/3
f 9727/5559/4 9721/5559/4 9723/5559/4 9725/5559/4
f 9733/5560/5 9734/5560/5 9735/5560/5 9736/5560/5
f 9730/5561/5 9729/5561/5 9722/5561/5 9728/5561/5
f 9731/5562/5 9730/5562/5 9728/5562/5 9726/5562/5
f 9732/5563/5 9731/5563/5 9726/5563/5 9724/5563/5
f 9729/5564/5 9732/5564/5 9724/5564/5 9722/5564/5
f 9734/5565/6 9733/5565/6 9729/5565/6 9730/5565/6
f 9735/5566/3 9734/5566/3 9730/5566/3 9731/5566/3
f 9736/5567/2 9735/5567/2 9731/5567/2 9732/5567/2
f 9733/5568/1 9736/5568/1 9732/5568/1 9729/5568/1
f 9737/5569/1 9738/5569/1 9740/5569/1 9739/5569/1
f 9739/5570/2 9740/5570/2 9742/5570/2 9741/5570/2
f 9741/5571/3 9742/5571/3 9744/5571/3 9743/5571/3
f 9738/5572/5 9744/5572/5 9742/5572/5 9740/5572/5
f 9747/5573/1 9748/5573/1 9750/5573/1 9749/5573/1
f 9749/5574/2 9750/5574/2 9752/5574/2 9751/5574/2
f 9751/5575/3 9752/5575/3 9746/5575/3 9745/5575/3
f 9746/5576/5 9752/5576/5 9750/5576/5 9748/5576/5
f 9753/5577/1 9754/5577/1 9756/5577/1 9755/5577/1
f 9757/5578/3 9758/5578/3 9760/5578/3 9759/5578/3
f 9759/5579/2 9760/5579/2 9754/5579/2 9753/5579/2
f 9754/5580/4 9760/5580/4 9758/5580/4 9756/5580/4
f 9761/5581/1 9762/5581/1 9764/5581/1 9763/5581/1
f 9765/5582/3 9766/5582/3 9768/5582/3 9767/5582/3
f 9767/5583/2 9768/5583/2 9762/5583/2 9761/5583/2
f 9762/5584/4 9768/5584/4 9766/5584/4 9764/5584/4
f 9769/5585/1 9770/5585/1 9772/5585/1 9771/5585/1
f 9773/5586/3 9774/5586/3 9776/5586/3 9775/5586/3
f 9775/5587/2 9776/5587/2 9770/5587/2 9769/5587/2
f 9770/5588/4 9776/5588/4 9774/5588/4 9772/5588/4
f 9777/5589/1 9778/5589/1 9780/5589/1 9779/5589/1
f 9781/5590/3 9782/5590/3 9784/5590/3 9783/5590/3
f 9783/5591/2 9784/5591/2 9778/5591/2 9777/5591/2
f 9778/5592/4 9784/5592/4 9782/5592/4 9780/5592/4
f 9785/5593/1 9786/5593/1 9788/5593/1 9787/5593/1
f 9787/5594/2 9788/5594/2 9790/5594/2 9789/5594/2
f 9789/5595/3 9790/5595/3 9792/5595/3 9791/5595/3
f 9791/5596/4 9785/5596/4 9787/5596/4 9789/5596/4
f 9797/5597/5 9798/5597/5 9799/5597/5 9800/5597/5
f 9794/5598/5 9793/5598/5 9786/5598/5 9792/5598/5
f 9795/5599/5 9794/5599/5 9792/5599/5 9790/5599/5
f 9796/5600/5 9795/5600/5 9790/5600/5 9788/5600/5
f 9793/5601/5 9796/5601/5 9788/5601/5 9786/5601/5
f 9798/5602/6 9797/5602/6 9793/5602/6 9794/5602/6
f 9799/5603/3 9798/5603/3 9794/5603/3 9795/5603/3
f 9800/5604/2 9799/5604/2 9795/5604/2 9796/5604/2
f 9797/5605/1 9800/5605/1 9796/5605/1 9793/5605/1
f 9801/5606/1 9802/5606/1 9804/5606/1 9803/5606/1
f 9803/5607/2 9804/5607/2 9806/5607/2 9805/5607/2
f 9805/5608/3 9806/5608/3 9808/5608/3 9807/5608/3
f 9802/5609/5 9808/5609/5 9806/5609/5 9804/5609/5
f 9811/5610/1 9812/5610/1 9814/5610/1 9813/5610/1
f 9813/5611/2 9814/5611/2 9816/5611/2 9815/5611/2
f 9815/5612/3 9816/5612/3 9810/5612/3 9809/5612/3
f 9810/5613/5 9816/5613/5 9814/5613/5 9812/5613/5
f 9817/5614/1 9818/5614/1 9820/5614/1 9819/5614/1
f 9821/5615/3 9822/5615/3 9824/5615/3 9823/5615/3
f 9823/5616/2 9824/5616/2 9818/5616/2 9817/5616/2
f 9818/5617/4 9824/5617/4 9822/5617/4 9820/5617/4
f 9825/5618/1 9826/5618/1 9828/5618/1 9827/5618/1
f 9829/5619/3 9830/5619/3 9832/5619/3 9831/5619/3
f 9831/5620/2 9832/5620/2 9826/5620/2 9825/5620/2
f 9826/5621/4 9832/5621/4 9830/5621/4 9828/5621/4
f 9833/5622/1 9834/5622/1 9836/5622/1 9835/5622/1
f 9837/5623/3 9838/5623/3 9840/5623/3 9839/5623/3
f 9839/5624/2 9840/5624/2 9834/5624/2 9833/5624/2
f 9834/5625/4 9840/5625/4 9838/5625/4 9836/5625/4
f 9841/5626/1 9842/5626/1 9844/5626/1 9843/5626/1
f 9845/5627/3 9846/5627/3 9848/5627/3 9847/5627/3
f 9847/5628/2 9848/5628/2 9842/5628/2 9841/5628/2
f 9842/5629/4 9848/5629/4 9846/5629/4 9844/5629/4
f 9849/5630/1 9850/5630/1 9852/5630/1 9851/5630/1
f 9851/5631/2 9852/5631/2 9854/5631/2 9853/5631/2
f 9853/5632/3 9854/5632/3 9856/5632/3 9855/5632/3
f 9855/5633/4 9849/5633/4 9851/5633/4 9853/5633/4
f 9861/5634/5 9862/5634/5 9863/5634/5 9864/5634/5
f 9858/5635/5 9857/5635/5 9850/5635/5 9856/5635/5
f 9859/5636/5 9858/5636/5 9856/5636/5 9854/5636/5
f 9860/5637/5 9859/5637/5 9854/5637/5 9852/5637/5
f 9857/5638/5 9860/5638/5 9852/5638/5 9850/5638/5
f 9862/5639/6 9861/5639/6 9857/5639/6 9858/5639/6
f 9863/5640/3 9862/5640/3 9858/5640/3 9859/5640/3
f 9864/5641/2 9863/5641/2 9859/5641/2 9860/5641/2
f 9861/5642/1 9864/5642/1 9860/5642/1 9857/5642/1
f 9865/5643/1 9866/5643/1 9868/5643/1 9867/5643/1
f 9867/5644/2 9868/5644/2 9870/5644/2 9869/5644/2
f 9869/5645/3 9870/5645/3 9872/5645/3 9871/5645/3
f 9866/5646/5 9872/5646/5 9870/5646/5 9868/5646/5
f 9875/5647/1 9876/5647/1 9878/5647/1 9877/5647/1
f 9877/5648/2 9878/5648/2 9880/5648/2 9879/5648/2
f 9879/5649/3 9880/5649/3 9874/5649/3 9873/5649/3
f 9874/5650/5 9880/5650/5 9878/5650/5 9876/5650/5
f 9881/5651/1 9882/5651/1 9884/5651/1 9883/5651/1
f 9885/5652/3 9886/5652/3 9888/5652/3 9887/5652/3
f 9887/5653/2 9888/5653/2 9882/5653/2 9881/5653/2
f 9882/5654/4 9888/5654/4 9886/5654/4 9884/5654/4
f 9889/5655/1 9890/5655/1 9892/5655/1 9891/5655/1
f 9893/5656/3 9894/5656/3 9896/5656/3 9895/5656/3
f 9895/5657/2 9896/5657/2 9890/5657/2 9889/5657/2
f 9890/5658/4 9896/5658/4 9894/5658/4 9892/5658/4
f 9897/5659/1 9898/5659/1 9900/5659/1 9899/5659/1
f 9901/5660/3 9902/5660/3 9904/5660/3 9903/5660/3
f 9903/5661/2 9904/5661/2 9898/5661/2 9897/5661/2
f 9898/5662/4 9904/5662/4 9902/5662/4 9900/5662/4
f 9905/5663/1 9906/5663/1 9908/5663/1 9907/5663/1
f 9909/5664/3 9910/5664/3 9912/5664/3 9911/5664/3
f 9911/5665/2 9912/5665/2 9906/5665/2 9905/5665/2
f 9906/5666/4 9912/5666/4 9910/5666/4 9908/5666/4
f 9913/5667/1 9914/5667/1 9916/5667/1 9915/5667/1
f 9915/5668/2 9916/5668/2 9918/5668/2 9917/5668/2
f 9917/5669/3 9918/5669/3 9920/5669/3 9919/5669/3
f 9919/5670/4 9913/5670/4 9915/5670/4 9917/5670/4
f 9925/5671/5 9926/5671/5 9927/5671/5 9928/5671/5
f 9922/5672/5 9921/5672/5 9914/5672/5 9920/5672/5
f 9923/5673/5 9922/5673/5 9920/5673/5 9918/5673/5
f 9924/5674/5 9923/5674/5 9918/5674/5 9916/5674/5
f 9921/5675/5 9924/5675/5 9916/5675/5 9914/5675/5
f 9926/5676/6 9925/5676/6 9921/5676/6 9922/5676/6
f 9927/5677/3 9926/5677/3 9922/5677/3 9923/5677/3
f 9928/5678/2 9927/5678/2 9923/5678/2 9924/5678/2
f 9925/5679/1 9928/5679/1 9924/5679/1 9921/5679/1
f 9929/5680/1 9930/5680/1 9932/5680/1 9931/5680/1
f 9931/5681/2 9932/5681/2 9934/5681/2 9933/5681/2
f 9933/5682/3 9934/5682/3 9936/5682/3 9935/5682/3
f 9930/5683/5 9936/5683/5 9934/5683/5 9932/5683/5
f 9939/5684/1 9940/5684/1 9942/5684/1 9941/5684/1
f 9941/5685/2 9942/5685/2 9944/5685/2 9943/5685/2
f 9943/5686/3 9944/5686/3 9938/5686/3 9937/5686/3
f 9938/5687/5 9944/5687/5 9942/5687/5 9940/5687/5
f 9945/5688/1 9946/5688/1 9948/5688/1 9947/5688/1
f 9949/5689/3 9950/5689/3 9952/5689/3 9951/5689/3
f 9951/5690/2 9952/5690/2 9946/5690/2 9945/5690/2
f 9946/5691/4 9952/5691/4 9950/5691/4 9948/5691/4
f 9953/5692/1 9954/5692/1 9956/5692/1 9955/5692/1
f 9957/5693/3 9958/5693/3 9960/5693/3 9959/5693/3
f 9959/5694/2 9960/5694/2 9954/5694/2 9953/5694/2
f 9954/5695/4 9960/5695/4 9958/5695/4 9956/5695/4
f 9961/5696/1 9962/5696/1 9964/5696/1 9963/5696/1
f 9965/5697/3 9966/5697/3 9968/5697/3 9967/5697/3
f 9967/5698/2 9968/5698/2 9962/5698/2 9961/5698/2
f 9962/5699/4 9968/5699/4 9966/5699/4 9964/5699/4
f 9969/5700/1 9970/5700/1 9972/5700/1 9971/5700/1
f 9973/5701/3 9974/5701/3 9976/5701/3 9975/5701/3
f 9975/5702/2 9976/5702/2 9970/5702/2 9969/5702/2
f 9970/5703/4 9976/5703/4 9974/5703/4 9972/5703/4
f 9977/5704/1 9978/5704/1 9980/5704/1 9979/5704/1
f 9979/5705/2 9980/5705/2 9982/5705/2 9981/5705/2
f 9981/5706/3 9982/5706/3 9984/5706/3 9983/5706/3
f 9983/5707/4 9977/5707/4 9979/5707/4 9981/5707/4
f 9989/5708/5 9990/5708/5 9991/5708/5 9992/5708/5
f 9986/5709/5 9985/5709/5 9978/5709/5 9984/5709/5
f 9987/5710/5 9986/5710/5 9984/5710/5 9982/5710/5
f 9988/5711/5 9987/5711/5 9982/5711/5 9980/5711/5
f 9985/5712/5 9988/5712/5 9980/5712/5 9978/5712/5
f 9990/5713/6 9989/5713/6 9985/5713/6 9986/5713/6
f 9991/5714/3 9990/5714/3 9986/5714/3 9987/5714/3
f 9992/5715/2 9991/5715/2 9987/5715/2 9988/5715/2
f 9989/5716/1 9992/5716/1 9988/5716/1 9985/5716/1
f 9993/5717/1 9994/5717/1 9996/5717/1 9995/5717/1
f 9995/5718/2 9996/5718/2 9998/5718/2 9997/5718/2
f 9997/5719/3 9998/5719/3 10000/5719/3 9999/5719/3
f 9994/5720/5 10000/5720/5 9998/5720/5 9996/5720/5
f 10003/5721/1 10004/5721/1 10006/5721/1 10005/5721/1
f 10005/5722/2 10006/5722/2 10008/5722/2 10007/5722/2
f 10007/5723/3 10008/5723/3 10002/5723/3 10001/5723/3
f 10002/5724/5 10008/5724/5 10006/5724/5 10004/5724/5
f 10009/5725/1 10010/5725/1 10012/5725/1 10011/5725/1
f 10013/5726/3 10014/5726/3 10016/5726/3 10015/5726/3
f 10015/5727/2 10016/5727/2 10010/5727/2 10009/5727/2
f 10010/5728/4 10016/5728/4 10014/5728/4 10012/5728/4
f 10017/5729/1 10018/5729/1 10020/5729/1 10019/5729/1
f 10021/5730/3 10022/5730/3 10024/5730/3 10023/5730/3
f 10023/5731/2 10024/5731/2 10018/5731/2 10017/5731/2
f 10018/5732/4 10024/5732/4 10022/5732/4 10020/5732/4
f 10025/5733/1 10026/5733/1 10028/5733/1 10027/5733/1
f 10029/5734/3 10030/5734/3 10032/5734/3 10031/5734/3
f 10031/5735/2 10032/5735/2 10026/5735/2 10025/5735/2
f 10026/5736/4 10032/5736/4 10030/5736/4 10028/5736/4
f 10033/5737/1 10034/5737/1 10036/5737/1 10035/5737/1
f 10037/5738/3 10038/5738/3 10040/5738/3 10039/5738/3
f 10039/5739/2 10040/5739/2 10034/5739/2 10033/5739/2
f 10034/5740/4 10040/5740/4 10038/5740/4 10036/5740/4
f 10041/5741/1 10042/5741/1 10044/5741/1 10043/5741/1
f 10043/5742/2 10044/5742/2 10046/5742/2 10045/5742/2
f 10045/5743/3 10046/5743/3 10048/5743/3 10047/5743/3
f 10047/5744/4 10041/5744/4 10043/5744/4 10045/5744/4
f 10053/5745/5 10054/5745/5 10055/5745/5 10056/5745/5
f 10050/5746/5 10049/5746/5 10042/5746/5 10048/5746/5
f 10051/5747/5 10050/5747/5 10048/5747/5 10046/5747/5
f 10052/5748/5 10051/5748/5 10046/5748/5 10044/5748/5
f 10049/5749/5 10052/5749/5 10044/5749/5 10042/5749/5
f 10054/5750/6 10053/5750/6 10049/5750/6 10050/5750/6
f 10055/5751/3 10054/5751/3 10050/5751/3 10051/5751/3
f 10056/5752/2 10055/5752/2 10051/5752/2 10052/5752/2
f 10053/5753/1 10056/5753/1 10052/5753/1 10049/5753/1
f 10057/5754/1 10058/5754/1 10060/5754/1 10059/5754/1
f 10059/5755/2 10060/5755/2 10062/5755/2 10061/5755/2
f 10061/5756/3 10062/5756/3 10064/5756/3 10063/5756/3
f 10058/5757/5 10064/5757/5 10062/5757/5 10060/5757/5
f 10067/5758/1 10068/5758/1 10070/5758/1 10069/5758/1
f 10069/5759/2 10070/5759/2 10072/5759/2 10071/5759/2
f 10071/5760/3 10072/5760/3 10066/5760/3 10065/5760/3
f 10066/5761/5 10072/5761/5 10070/5761/5 10068/5761/5
f 10073/5762/1 10074/5762/1 10076/5762/1 10075/5762/1
f 10077/5763/3 10078/5763/3 10080/5763/3 10079/5763/3
f 10079/5764/2 10080/5764/2 10074/5764/2 10073/5764/2
f 10074/5765/4 10080/5765/4 10078/5765/4 10076/5765/4
f 10081/5766/1 10082/5766/1 10084/5766/1 10083/5766/1
f 10085/5767/3 10086/5767/3 10088/5767/3 10087/5767/3
f 10087/5768/2 10088/5768/2 10082/5768/2 10081/5768/2
f 10082/5769/4 10088/5769/4 10086/5769/4 10084/5769/4
f 10089/5770/1 10090/5770/1 10092/5770/1 10091/5770/1
f 10093/5771/3 10094/5771/3 10096/5771/3 10095/5771/3
f 10095/5772/2 10096/5772/2 10090/5772/2 10089/5772/2
f 10090/5773/4 10096/5773/4 10094/5773/4 10092/5773/4
f 10097/5774/1 10098/5774/1 10100/5774/1 10099/5774/1
f 10101/5775/3 10102/5775/3 10104/5775/3 10103/5775/3
f 10103/5776/2 10104/5776/2 10098/5776/2 10097/5776/2
f 10098/5777/4 10104/5777/4 10102/5777/4 10100/5777/4
f 10105/5778/1 10106/5778/1 10108/5778/1 10107/5778/1
f 10107/5779/2 10108/5779/2 10110/5779/2 10109/5779/2
f 10109/5780/3 10110/5780/3 10112/5780/3 10111/5780/3
f 10111/5781/4 10105/5781/4 10107/5781/4 10109/5781/4
f 10117/5782/5 10118/5782/5 10119/5782/5 10120/5782/5
f 10114/5783/5 10113/5783/5 10106/5783/5 10112/5783/5
f 10115/5784/5 10114/5784/5 10112/5784/5 10110/5784/5
f 10116/5785/5 10115/5785/5 10110/5785/5 10108/5785/5
f 10113/5786/5 10116/5786/5 10108/5786/5 10106/5786/5
f 10118/5787/6 10117/5787/6 10113/5787/6 10114/5787/6
f 10119/5788/3 10118/5788/3 10114/5788/3 10115/5788/3
f 10120/5789/2 10119/5789/2 10115/5789/2 10116/5789/2
f 10117/5790/1 10120/5790/1 10116/5790/1 10113/5790/1
f 10121/5791/1 10122/5791/1 10124/5791/1 10123/5791/1
f 10123/5792/2 10124/5792/2 10126/5792/2 10125/5792/2
f 10125/5793/3 10126/5793/3 10128/5793/3 10127/5793/3
f 10122/5794/5 10128/5794/5 10126/5794/5 10124/5794/5
f 10131/5795/1 10132/5795/1 10134/5795/1 10133/5795/1
f 10133/5796/2 10134/5796/2 10136/5796/2 10135/5796/2
f 10135/5797/3 10136/5797/3 10130/5797/3 10129/5797/3
f 10130/5798/5 10136/5798/5 10134/5798/5 10132/5798/5
f 10137/5799/1 10138/5799/1 10140/5799/1 10139/5799/1
f 10141/5800/3 10142/5800/3 10144/5800/3 10143/5800/3
f 10143/5801/2 10144/5801/2 10138/5801/2 10137/5801/2
f 10138/5802/4 10144/5802/4 10142/5802/4 10140/5802/4
f 10145/5803/1 10146/5803/1 10148/5803/1 10147/5803/1
f 10149/5804/3 10150/5804/3 10152/5804/3 10151/5804/3
f 10151/5805/2 10152/5805/2 10146/5805/2 10145/5805/2
f 10146/5806/4 10152/5806/4 10150/5806/4 10148/5806/4
f 10153/5807/1 10154/5807/1 10156/5807/1 10155/5807/1
f 10157/5808/3 10158/5808/3 10160/5808/3 10159/5808/3
f 10159/5809/2 10160/5809/2 10154/5809/2 10153/5809/2
f 10154/5810/4 10160/5810/4 10158/5810/4 10156/5810/4
f 10161/5811/1 10162/5811/1 10164/5811/1 10163/5811/1
f 10165/5812/3 10166/5812/3 10168/5812/3 10167/5812/3
f 10167/5813/2 10168/5813/2 10162/5813/2 10161/5813/2
f 10162/5814/4 10168/5814/4 10166/5814/4 10164/5814/4
f 10169/5815/1 10170/5815/1 10172/5815/1 10171/5815/1
f 10171/5816/2 10172/5816/2 10174/5816/2 10173/5816/2
f 10173/5817/3 10174/5817/3 10176/5817/3 10175/5817/3
f 10175/5818/4 10169/5818/4 10171/5818/4 10173/5818/4
f 10181/5819/5 10182/5819/5 10183/5819/5 10184/5819/5
f 10178/5820/5 10177/5820/5 10170/5820/5 10176/5820/5
f 10179/5821/5 10178/5821/5 10176/5821/5 10174/5821/5
f 10180/5822/5 10179/5822/5 10174/5822/5 10172/5822/5
f 10177/5823/5 10180/5823/5 10172/5823/5 10170/5823/5
f 10182/5824/6 10181/5824/6 10177/5824/6 10178/5824/6
f 10183/5825/3 10182/5825/3 10178/5825/3 10179/5825/3
f 10184/5826/2 10183/5826/2 10179/5826/2 10180/5826/2
f 10181/5827/1 10184/5827/1 10180/5827/1 10177/5827/1
f 10185/5828/1 10186/5828/1 10188/5828/1 10187/5828/1
f 10187/5829/2 10188/5829/2 10190/5829/2 10189/5829/2
f 10189/5830/3 10190/5830/3 10192/5830/3 10191/5830/3
f 10186/5831/5 10192/5831/5 10190/5831/5 10188/5831/5
f 10195/5832/1 10196/5832/1 10198/5832/1 10197/5832/1
f 10197/5833/2 10198/5833/2 10200/5833/2 10199/5833/2
f 10199/5834/3 10200/5834/3 10194/5834/3 10193/5834/3
f 10194/5835/5 10200/5835/5 10198/5835/5 10196/5835/5
f 10201/5836/1 10202/5836/1 10204/5836/1 10203/5836/1
f 10205/5837/3 10206/5837/3 10208/5837/3 10207/5837/3
f 10207/5838/2 10208/5838/2 10202/5838/2 10201/5838/2
f 10202/5839/4 10208/5839/4 10206/5839/4 10204/5839/4
f 10209/5840/1 10210/5840/1 10212/5840/1 10211/5840/1
f 10213/5841/3 10214/5841/3 10216/5841/3 10215/5841/3
f 10215/5842/2 10216/5842/2 10210/5842/2 10209/5842/2
f 10210/5843/4 10216/5843/4 10214/5843/4 10212/5843/4
f 10217/5844/1 10218/5844/1 10220/5844/1 10219/5844/1
f 10221/5845/3 10222/5845/3 10224/5845/3 10223/5845/3
f 10223/5846/2 10224/5846/2 10218/5846/2 10217/5846/2
f 10218/5847/4 10224/5847/4 10222/5847/4 10220/5847/4
f 10225/5848/1 10226/5848/1 10228/5848/1 10227/5848/1
f 10229/5849/3 10230/5849/3 10232/5849/3 10231/5849/3
f 10231/5850/2 10232/5850/2 10226/5850/2 10225/5850/2
f 10226/5851/4 10232/5851/4 10230/5851/4 10228/5851/4
f 10233/5852/1 10234/5852/1 10236/5852/1 10235/5852/1
f 10235/5853/2 10236/5853/2 10238/5853/2 10237/5853/2
f 10237/5854/3 10238/5854/3 10240/5854/3 10239/5854/3
f 10239/5855/4 10233/5855/4 10235/5855/4 10237/5855/4
f 10245/5856/5 10246/5856/5 10247/5856/5 10248/5856/5
f 10242/5857/5 10241/5857/5 10234/5857/5 10240/5857/5
f 10243/5858/5 10242/5858/5 10240/5858/5 10238/5858/5
f 10244/5859/5 10243/5859/5 10238/5859/5 10236/5859/5
f 10241/5860/5 10244/5860/5 10236/5860/5 10234/5860/5
f 10246/5861/6 10245/5861/6 10241/5861/6 10242/5861/6
f 10247/5862/3 10246/5862/3 10242/5862/3 10243/5862/3
f 10248/5863/2 10247/5863/2 10243/5863/2 10244/5863/2
f 10245/5864/1 10248/5864/1 10244/5864/1 10241/5864/1
f 10249/5865/1 10250/5865/1 10252/5865/1 10251/5865/1
f 10251/5866/2 10252/5866/2 10254/5866/2 10253/5866/2
f 10253/5867/3 10254/5867/3 10256/5867/3 10255/5867/3
f 10250/5868/5 10256/5868/5 10254/5868/5 10252/5868/5
f 10259/5869/1 10260/5869/1 10262/5869/1 10261/5869/1
f 10261/5870/2 10262/5870/2 10264/5870/2 10263/5870/2
f 10263/5871/3 10264/5871/3 10258/5871/3 10257/5871/3
f 10258/5872/5 10264/5872/5 10262/5872/5 10260/5872/5
f 10265/5873/1 10266/5873/1 10268/5873/1 10267/5873/1
f 10269/5874/3 10270/5874/3 10272/5874/3 10271/5874/3
f 10271/5875/2 10272/5875/2 10266/5875/2 10265/5875/2
f 10266/5876/4 10272/5876/4 10270/5876/4 10268/5876/4
f 10273/5877/1 10274/5877/1 10276/5877/1 10275/5877/1
f 10277/5878/3 10278/5878/3 10280/5878/3 10279/5878/3
f 10279/5879/2 10280/5879/2 10274/5879/2 10273/5879/2
f 10274/5880/4 10280/5880/4 10278/5880/4 10276/5880/4
f 10281/5881/1 10282/5881/1 10284/5881/1 10283/5881/1
f 10285/5882/3 10286/5882/3 10288/5882/3 10287/5882/3
f 10287/5883/2 10288/5883/2 10282/5883/2 10281/5883/2
f 10282/5884/4 10288/5884/4 10286/5884/4 10284/5884/4
f 10289/5885/1 10290/5885/1 10292/5885/1 10291/5885/1
f 10293/5886/3 10294/5886/3 10296/5886/3 10295/5886/3
f 10295/5887/2 10296/5887/2 10290/5887/2 10289/5887/2
f 10290/5888/4 10296/5888/4 10294/5888/4 10292/5888/4
f 10297/5889/1 10298/5889/1 10300/5889/1 10299/5889/1
f 10299/5890/2 10300/5890/2 10302/5890/2 10301/5890/2
f 10301/5891/3 10302/5891/3 10304/5891/3 10303/5891/3
f 10303/5892/4 10297/5892/4 10299/5892/4 10301/5892/4
f 10309/5893/5 10310/5893/5 10311/5893/5 10312/5893/5
f 10306/5894/5 10305/5894/5 10298/5894/5 10304/5894/5
f 10307/5895/5 10306/5895/5 10304/5895/5 10302/5895/5
f 10308/5896/5 10307/5896/5 10302/5896/5 10300/5896/5
f 10305/5897/5 10308/5897/5 10300/5897/5 10298/5897/5
f 10310/5898/6 10309/5898/6 10305/5898/6 10306/5898/6
f 10311/5899/3 10310/5899/3 10306/5899/3 10307/5899/3
f 10312/5900/2 10311/5900/2 10307/5900/2 10308/5900/2
f 10309/5901/1 10312/5901/1 10308/5901/1 10305/5901/1
f 10313/5902/1 10314/5902/1 10316/5902/1 10315/5902/1
f 10315/5903/2 10316/5903/2 10318/5903/2 10317/5903/2
f 10317/5904/3 10318/5904/3 10320/5904/3 10319/5904/3
f 10314/5905/5 10320/5905/5 10318/5905/5 10316/5905/5
f 10323/5906/1 10324/5906/1 10326/5906/1 10325/5906/1
f 10325/5907/2 10326/5907/2 10328/5907/2 10327/5907/2
f 10327/5908/3 10328/5908/3 10322/5908/3 10321/5908/3
f 10322/5909/5 10328/5909/5 10326/5909/5 10324/5909/5
f 10329/5910/1 10330/5910/1 10332/5910/1 10331/5910/1
f 10333/5911/3 10334/5911/3 10336/5911/3 10335/5911/3
f 10335/5912/2 10336/5912/2 10330/5912/2 10329/5912/2
f 10330/5913/4 10336/5913/4 10334/5913/4 10332/5913/4
f 10337/5914/1 10338/5914/1 10340/5914/1 10339/5914/1
f 10341/5915/3 10342/5915/3 10344/5915/3 10343/5915/3
f 10343/5916/2 10344/5916/2 10338/5916/2 10337/5916/2
f 10338/5917/4 10344/5917/4 10342/5917/4 10340/5917/4
f 10345/5918/1 10346/5918/1 10348/5918/1 10347/5918/1
f 10349/5919/3 10350/5919/3 10352/5919/3 10351/5919/3
f 10351/5920/2 10352/5920/2 10346/5920/2 10345/5920/2
f 10346/5921/4 10352/5921/4 10350/5921/4 10348/5921/4
f 10353/5922/1 10354/5922/1 10356/5922/1 10355/5922/1
f 10357/5923/3 10358/5923/3 10360/5923/3 10359/5923/3
f 10359/5924/2 10360/5924/2 10354/5924/2 10353/5924/2
f 10354/5925/4 10360/5925/4 10358/5925/4 10356/5925/4
f 10361/5926/1 10362/5926/1 10364/5926/1 10363/5926/1
f 10363/5927/2 10364/5927/2 10366/5927/2 10365/5927/2
f 10365/5928/3 10366/5928/3 10368/5928/3 10367/5928/3
f 10367/5929/4 10361/5929/4 10363/5929/4 10365/5929/4
f 10373/5930/5 10374/5930/5 10375/5930/5 10376/5930/5
f 10370/5931/5 10369/5931/5 10362/5931/5 10368/5931/5
f 10371/5932/5 10370/5932/5 10368/5932/5 10366/5932/5
f 10372/5933/5 10371/5933/5 10366/5933/5 10364/5933/5
f 10369/5934/5 10372/5934/5 10364/5934/5 10362/5934/5
f 10374/5935/6 10373/5935/6 10369/5935/6 10370/5935/6
f 10375/5936/3 10374/5936/3 10370/5936/3 10371/5936/3
f 10376/5937/2 10375/5937/2 10371/5937/2 10372/5937/2
f 10373/5938/1 10376/5938/1 10372/5938/1 10369/5938/1
f 10377/5939/1 10378/5939/1 10380/5939/1 10379/5939/1
f 10379/5940/2 10380/5940/2 10382/5940/2 10381/5940/2
f 10381/5941/3 10382/5941/3 10384/5941/3 10383/5941/3
f 10378/5942/5 10384/5942/5 10382/5942/5 10380/5942/5
f 10387/5943/1 10388/5943/1 10390/5943/1 10389/5943/1
f 10389/5944/2 10390/5944/2 10392/5944/2 10391/5944/2
f 10391/5945/3 10392/5945/3 10386/5945/3 10385/5945/3
f 10386/5946/5 10392/5946/5 10390/5946/5 10388/5946/5
f 10393/5947/1 10394/5947/1 10396/5947/1 10395/5947/1
f 10397/5948/3 10398/5948/3 10400/5948/3 10399/5948/3
f 10399/5949/2 10400/5949/2 10394/5949/2 10393/5949/2
f 10394/5950/4 10400/5950/4 10398/5950/4 10396/5950/4
f 10401/5951/1 10402/5951/1 10404/5951/1 10403/5951/1
f 10405/5952/3 10406/5952/3 10408/5952/3 10407/5952/3
f 10407/5953/2 10408/5953/2 10402/5953/2 10401/5953/2
f 10402/5954/4 10408/5954/4 10406/5954/4 10404/5954/4
f 10409/5955/1 10410/5955/1 10412/5955/1 10411/5955/1
f 10413/5956/3 10414/5956/3 10416/5956/3 10415/5956/3
f 10415/5957/2 10416/5957/2 10410/5957/2 10409/5957/2
f 10410/5958/4 10416/5958/4 10414/5958/4 10412/5958/4
f 10417/5959/1 10418/5959/1 10420/5959/1 10419/5959/1
f 10421/5960/3 10422/5960/3 10424/5960/3 10423/5960/3
f 10423/5961/2 10424/5961/2 10418/5961/2 10417/5961/2
f 10418/5962/4 10424/5962/4 10422/5962/4 10420/5962/4
