# Blender 3.3.21
# www.blender.org
mtllib EstanteTecnologia.mtl
o EstanteTecnologia
v 0.311723 0.869398 9.959400
v 0.656923 0.869398 9.959400
v 0.311723 1.173298 9.959400
v 0.656923 1.173298 9.959400
v 0.311723 1.173298 9.425099
v 0.656923 1.173298 9.425099
v 0.311723 0.869398 9.425099
v 0.656923 0.869398 9.425099
v 0.656923 0.927898 9.918600
v 0.656923 0.927898 9.589900
v 0.656923 1.114798 9.589900
v 0.656923 1.114798 9.918600
v 0.662223 0.927898 9.918600
v 0.662223 0.927898 9.589900
v 0.662223 1.114798 9.589900
v 0.662223 1.114798 9.918600
v 0.634223 0.891498 9.561999
v 0.676023 0.891498 9.561999
v 0.634223 1.151398 9.561999
v 0.676023 1.151398 9.561999
v 0.634223 1.151398 9.526700
v 0.676023 1.151398 9.526700
v 0.634223 0.891498 9.526700
v 0.676023 0.891498 9.526700
v 0.634223 1.104898 9.452000
v 0.676023 1.104898 9.452000
v 0.634223 1.104898 9.519600
v 0.676023 1.104898 9.519600
v 0.634223 1.132499 9.519600
v 0.676023 1.132499 9.519600
v 0.634223 1.132499 9.452000
v 0.676023 1.132499 9.452000
v 0.333023 1.151398 9.505500
v 0.291223 1.151398 9.505500
v 0.333023 0.891498 9.505500
v 0.291223 0.891498 9.505500
v 0.333023 0.891498 9.470200
v 0.291223 0.891498 9.470200
v 0.333023 1.151398 9.470200
v 0.291223 1.151398 9.470200
v 0.333023 1.151398 9.633699
v 0.291223 1.151398 9.633699
v 0.333023 0.891498 9.633699
v 0.291223 0.891498 9.633699
v 0.333023 0.891498 9.598400
v 0.291223 0.891498 9.598400
v 0.333023 1.151398 9.598400
v 0.291223 1.151398 9.598400
v 0.333023 1.151398 9.908400
v 0.291223 1.151398 9.908400
v 0.333023 0.891498 9.908400
v 0.291223 0.891498 9.908400
v 0.333023 0.891498 9.873099
v 0.291223 0.891498 9.873099
v 0.333023 1.151398 9.873099
v 0.291223 1.151398 9.873099
v 0.333023 1.151398 9.771800
v 0.291223 1.151398 9.771800
v 0.333023 0.891498 9.771800
v 0.291223 0.891498 9.771800
v 0.333023 0.891498 9.736500
v 0.291223 0.891498 9.736500
v 0.333023 1.151398 9.736500
v 0.291223 1.151398 9.736500
v 0.311723 0.869399 9.126200
v 0.656923 0.869399 9.126200
v 0.311723 1.173299 9.126200
v 0.656923 1.173299 9.126200
v 0.311723 1.173299 8.591900
v 0.656923 1.173299 8.591900
v 0.311723 0.869399 8.591900
v 0.656923 0.869399 8.591900
v 0.656923 0.927899 9.085400
v 0.656923 0.927899 8.756700
v 0.656923 1.114799 8.756700
v 0.656923 1.114799 9.085400
v 0.662223 0.927899 9.085400
v 0.662223 0.927899 8.756700
v 0.662223 1.114799 8.756700
v 0.662223 1.114799 9.085400
v 0.634223 0.891499 8.728800
v 0.676023 0.891499 8.728800
v 0.634223 1.151399 8.728800
v 0.676023 1.151399 8.728800
v 0.634223 1.151399 8.693500
v 0.676023 1.151399 8.693500
v 0.634223 0.891499 8.693500
v 0.676023 0.891499 8.693500
v 0.634223 1.104899 8.618800
v 0.676023 1.104899 8.618800
v 0.634223 1.104899 8.686399
v 0.676023 1.104899 8.686399
v 0.634223 1.132499 8.686399
v 0.676023 1.132499 8.686399
v 0.634223 1.132499 8.618800
v 0.676023 1.132499 8.618800
v 0.333023 1.151399 8.672299
v 0.291223 1.151399 8.672299
v 0.333023 0.891499 8.672299
v 0.291223 0.891499 8.672299
v 0.333023 0.891499 8.637000
v 0.291223 0.891499 8.637000
v 0.333023 1.151399 8.637000
v 0.291223 1.151399 8.637000
v 0.333023 1.151399 8.800500
v 0.291223 1.151399 8.800500
v 0.333023 0.891499 8.800500
v 0.291223 0.891499 8.800500
v 0.333023 0.891499 8.765200
v 0.291223 0.891499 8.765200
v 0.333023 1.151399 8.765200
v 0.291223 1.151399 8.765200
v 0.333023 1.151399 9.075200
v 0.291223 1.151399 9.075200
v 0.333023 0.891499 9.075200
v 0.291223 0.891499 9.075200
v 0.333023 0.891499 9.039900
v 0.291223 0.891499 9.039900
v 0.333023 1.151399 9.039900
v 0.291223 1.151399 9.039900
v 0.333023 1.151399 8.938600
v 0.291223 1.151399 8.938600
v 0.333023 0.891499 8.938600
v 0.291223 0.891499 8.938600
v 0.333023 0.891499 8.903299
v 0.291223 0.891499 8.903299
v 0.333023 1.151399 8.903299
v 0.291223 1.151399 8.903299
v -1.015577 0.868699 4.181700
v 0.985123 0.868699 4.181700
v -1.015577 0.868700 2.191900
v 0.985123 0.868700 2.191900
v 0.777623 -0.962901 4.068700
v 0.881923 -0.962901 4.068700
v 0.777623 0.868599 4.068700
v 0.881923 0.868599 4.068700
v 0.777623 0.868599 3.953100
v 0.881923 0.868599 3.953100
v 0.777623 -0.962901 3.953100
v 0.881923 -0.962901 3.953100
v -0.885677 -0.962901 4.068700
v -0.781377 -0.962901 4.068700
v -0.885677 0.868599 4.068700
v -0.781377 0.868599 4.068700
v -0.885677 0.868599 3.953100
v -0.781377 0.868599 3.953100
v -0.885677 -0.962901 3.953100
v -0.781377 -0.962901 3.953100
v 0.777623 -0.962900 2.406200
v 0.881923 -0.962900 2.406200
v 0.777623 0.868600 2.406200
v 0.881923 0.868600 2.406200
v 0.777623 0.868600 2.290600
v 0.881923 0.868600 2.290600
v 0.777623 -0.962900 2.290600
v 0.881923 -0.962900 2.290600
v -0.885677 -0.962900 2.406200
v -0.781377 -0.962900 2.406200
v -0.885677 0.868600 2.406200
v -0.781377 0.868600 2.406200
v -0.885677 0.868600 2.290600
v -0.781377 0.868600 2.290600
v -0.885677 -0.962900 2.290600
v -0.781377 -0.962900 2.290600
v -1.015577 -0.032501 4.181700
v 0.985123 -0.032501 4.181700
v -1.015577 -0.032500 2.191900
v 0.985123 -0.032500 2.191900
v -1.015577 -0.962901 4.181700
v 0.985123 -0.962901 4.181700
v -1.015577 -0.962900 2.191900
v 0.985123 -0.962900 2.191900
v -1.015577 0.868700 2.065200
v 0.985123 0.868700 2.065200
v -1.015577 0.868700 0.075400
v 0.985123 0.868700 0.075400
v -1.015577 -0.032500 2.065200
v 0.985123 -0.032500 2.065200
v -1.015577 -0.032500 0.075400
v 0.985123 -0.032500 0.075400
v -1.015577 -0.962900 2.065200
v 0.985123 -0.962900 2.065200
v -1.015577 -0.962900 0.075400
v 0.985123 -0.962900 0.075400
v -0.885677 -0.962900 1.952200
v -0.781377 -0.962900 1.952200
v -0.885677 0.868600 1.952200
v -0.781377 0.868600 1.952200
v -0.885677 0.868600 1.836600
v -0.781377 0.868600 1.836600
v -0.885677 -0.962900 1.836600
v -0.781377 -0.962900 1.836600
v 0.777623 -0.962900 1.952200
v 0.881923 -0.962900 1.952200
v 0.777623 0.868600 1.952200
v 0.881923 0.868600 1.952200
v 0.777623 0.868600 1.836600
v 0.881923 0.868600 1.836600
v 0.777623 -0.962900 1.836600
v 0.881923 -0.962900 1.836600
v -0.885677 -0.962900 0.289700
v -0.781377 -0.962900 0.289700
v -0.885677 0.868600 0.289700
v -0.781377 0.868600 0.289700
v -0.885677 0.868600 0.174100
v -0.781377 0.868600 0.174100
v -0.885677 -0.962900 0.174100
v -0.781377 -0.962900 0.174100
v 0.777623 -0.962900 0.289700
v 0.881923 -0.962900 0.289700
v 0.777623 0.868600 0.289700
v 0.881923 0.868600 0.289700
v 0.777623 0.868600 0.174100
v 0.881923 0.868600 0.174100
v 0.777623 -0.962900 0.174100
v 0.881923 -0.962900 0.174100
v -1.015577 0.868699 6.202100
v 0.985123 0.868699 6.202100
v -1.015577 0.868699 4.212300
v 0.985123 0.868699 4.212300
v -1.015577 -0.032501 6.202100
v 0.985123 -0.032501 6.202100
v -1.015577 -0.032501 4.212300
v 0.985123 -0.032501 4.212300
v -1.015577 -0.962901 6.202100
v 0.985123 -0.962901 6.202100
v -1.015577 -0.962901 4.212300
v 0.985123 -0.962901 4.212300
v -0.885677 -0.962901 6.089100
v -0.781377 -0.962901 6.089100
v -0.885677 0.868599 6.089100
v -0.781377 0.868599 6.089100
v -0.885677 0.868599 5.973500
v -0.781377 0.868599 5.973500
v -0.885677 -0.962901 5.973500
v -0.781377 -0.962901 5.973500
v 0.777623 -0.962901 6.089100
v 0.881923 -0.962901 6.089100
v 0.777623 0.868599 6.089100
v 0.881923 0.868599 6.089100
v 0.777623 0.868599 5.973500
v 0.881923 0.868599 5.973500
v 0.777623 -0.962901 5.973500
v 0.881923 -0.962901 5.973500
v -0.885677 -0.962901 4.426600
v -0.781377 -0.962901 4.426600
v -0.885677 0.868599 4.426600
v -0.781377 0.868599 4.426600
v -0.885677 0.868599 4.311000
v -0.781377 0.868599 4.311000
v -0.885677 -0.962901 4.311000
v -0.781377 -0.962901 4.311000
v 0.777623 -0.962901 4.426600
v 0.881923 -0.962901 4.426600
v 0.777623 0.868599 4.426600
v 0.881923 0.868599 4.426600
v 0.777623 0.868599 4.311000
v 0.881923 0.868599 4.311000
v 0.777623 -0.962901 4.311000
v 0.881923 -0.962901 4.311000
v -1.015577 0.868699 8.232900
v 0.985123 0.868699 8.232900
v -1.015577 0.868699 6.243100
v 0.985123 0.868699 6.243100
v -1.015577 -0.032501 8.232900
v 0.985123 -0.032501 8.232900
v -1.015577 -0.032501 6.243100
v 0.985123 -0.032501 6.243100
v -1.015577 -0.962901 8.232900
v 0.985123 -0.962901 8.232900
v -1.015577 -0.962901 6.243100
v 0.985123 -0.962901 6.243100
v -0.885677 -0.962901 8.119900
v -0.781377 -0.962901 8.119900
v -0.885677 0.868599 8.119900
v -0.781377 0.868599 8.119900
v -0.885677 0.868599 8.004300
v -0.781377 0.868599 8.004300
v -0.885677 -0.962901 8.004300
v -0.781377 -0.962901 8.004300
v 0.777623 -0.962901 8.119900
v 0.881923 -0.962901 8.119900
v 0.777623 0.868599 8.119900
v 0.881923 0.868599 8.119900
v 0.777623 0.868599 8.004300
v 0.881923 0.868599 8.004300
v 0.777623 -0.962901 8.004300
v 0.881923 -0.962901 8.004300
v -0.885677 -0.962901 6.457400
v -0.781377 -0.962901 6.457400
v -0.885677 0.868599 6.457400
v -0.781377 0.868599 6.457400
v -0.885677 0.868599 6.341800
v -0.781377 0.868599 6.341800
v -0.885677 -0.962901 6.341800
v -0.781377 -0.962901 6.341800
v 0.777623 -0.962901 6.457400
v 0.881923 -0.962901 6.457400
v 0.777623 0.868599 6.457400
v 0.881923 0.868599 6.457400
v 0.777623 0.868599 6.341800
v 0.881923 0.868599 6.341800
v 0.777623 -0.962901 6.341800
v 0.881923 -0.962901 6.341800
v -1.015577 0.868698 10.277200
v 0.985123 0.868698 10.277200
v -1.015577 0.868699 8.287400
v 0.985123 0.868699 8.287400
v -1.015577 -0.032502 10.277200
v 0.985123 -0.032502 10.277200
v -1.015577 -0.032501 8.287400
v 0.985123 -0.032501 8.287400
v -1.015577 -0.962902 10.277200
v 0.985123 -0.962902 10.277200
v -1.015577 -0.962901 8.287400
v 0.985123 -0.962901 8.287400
v -0.885677 -0.962902 10.164200
v -0.781377 -0.962902 10.164200
v -0.885677 0.868598 10.164200
v -0.781377 0.868598 10.164200
v -0.885677 0.868598 10.048600
v -0.781377 0.868598 10.048600
v -0.885677 -0.962902 10.048600
v -0.781377 -0.962902 10.048600
v 0.777623 -0.962902 10.164200
v 0.881923 -0.962902 10.164200
v 0.777623 0.868598 10.164200
v 0.881923 0.868598 10.164200
v 0.777623 0.868598 10.048600
v 0.881923 0.868598 10.048600
v 0.777623 -0.962902 10.048600
v 0.881923 -0.962902 10.048600
v -0.885677 -0.962901 8.501699
v -0.781377 -0.962901 8.501699
v -0.885677 0.868599 8.501699
v -0.781377 0.868599 8.501699
v -0.885677 0.868599 8.386100
v -0.781377 0.868599 8.386100
v -0.885677 -0.962901 8.386100
v -0.781377 -0.962901 8.386100
v 0.777623 -0.962901 8.501699
v 0.881923 -0.962901 8.501699
v 0.777623 0.868599 8.501699
v 0.881923 0.868599 8.501699
v 0.777623 0.868599 8.386100
v 0.881923 0.868599 8.386100
v 0.777623 -0.962901 8.386100
v 0.881923 -0.962901 8.386100
v -1.015577 0.868701 -6.140200
v 0.985123 0.868701 -6.140200
v -1.015577 0.868701 -8.130000
v 0.985123 0.868701 -8.130000
v 0.777623 -0.962899 -6.253200
v 0.881923 -0.962899 -6.253200
v 0.777623 0.868601 -6.253200
v 0.881923 0.868601 -6.253200
v 0.777623 0.868601 -6.368800
v 0.881923 0.868601 -6.368800
v 0.777623 -0.962899 -6.368800
v 0.881923 -0.962899 -6.368800
v -0.885677 -0.962899 -6.253200
v -0.781377 -0.962899 -6.253200
v -0.885677 0.868601 -6.253200
v -0.781377 0.868601 -6.253200
v -0.885677 0.868601 -6.368800
v -0.781377 0.868601 -6.368800
v -0.885677 -0.962899 -6.368800
v -0.781377 -0.962899 -6.368800
v 0.777623 -0.962899 -7.915700
v 0.881923 -0.962899 -7.915700
v 0.777623 0.868601 -7.915700
v 0.881923 0.868601 -7.915700
v 0.777623 0.868601 -8.031300
v 0.881923 0.868601 -8.031300
v 0.777623 -0.962899 -8.031300
v 0.881923 -0.962899 -8.031300
v -0.885677 -0.962899 -7.915700
v -0.781377 -0.962899 -7.915700
v -0.885677 0.868601 -7.915700
v -0.781377 0.868601 -7.915700
v -0.885677 0.868601 -8.031300
v -0.781377 0.868601 -8.031300
v -0.885677 -0.962899 -8.031300
v -0.781377 -0.962899 -8.031300
v -1.015577 -0.032499 -6.140200
v 0.985123 -0.032499 -6.140200
v -1.015577 -0.032499 -8.130000
v 0.985123 -0.032499 -8.130000
v -1.015577 -0.962899 -6.140200
v 0.985123 -0.962899 -6.140200
v -1.015577 -0.962899 -8.130000
v 0.985123 -0.962899 -8.130000
v -1.015577 0.868701 -8.256700
v 0.985123 0.868701 -8.256700
v -1.015577 0.868702 -10.246500
v 0.985123 0.868702 -10.246500
v -1.015577 -0.032499 -8.256700
v 0.985123 -0.032499 -8.256700
v -1.015577 -0.032498 -10.246500
v 0.985123 -0.032498 -10.246500
v -1.015577 -0.962899 -8.256700
v 0.985123 -0.962899 -8.256700
v -1.015577 -0.962898 -10.246500
v 0.985123 -0.962898 -10.246500
v -0.885677 -0.962899 -8.369699
v -0.781377 -0.962899 -8.369699
v -0.885677 0.868601 -8.369699
v -0.781377 0.868601 -8.369699
v -0.885677 0.868601 -8.485300
v -0.781377 0.868601 -8.485300
v -0.885677 -0.962899 -8.485300
v -0.781377 -0.962899 -8.485300
v 0.777623 -0.962899 -8.369699
v 0.881923 -0.962899 -8.369699
v 0.777623 0.868601 -8.369699
v 0.881923 0.868601 -8.369699
v 0.777623 0.868601 -8.485300
v 0.881923 0.868601 -8.485300
v 0.777623 -0.962899 -8.485300
v 0.881923 -0.962899 -8.485300
v -0.885677 -0.962898 -10.032200
v -0.781377 -0.962898 -10.032200
v -0.885677 0.868602 -10.032200
v -0.781377 0.868602 -10.032200
v -0.885677 0.868602 -10.147800
v -0.781377 0.868602 -10.147800
v -0.885677 -0.962898 -10.147800
v -0.781377 -0.962898 -10.147800
v 0.777623 -0.962898 -10.032200
v 0.881923 -0.962898 -10.032200
v 0.777623 0.868602 -10.032200
v 0.881923 0.868602 -10.032200
v 0.777623 0.868602 -10.147800
v 0.881923 0.868602 -10.147800
v 0.777623 -0.962898 -10.147800
v 0.881923 -0.962898 -10.147800
v -1.015577 0.868701 -4.119800
v 0.985123 0.868701 -4.119800
v -1.015577 0.868701 -6.109600
v 0.985123 0.868701 -6.109600
v -1.015577 -0.032499 -4.119800
v 0.985123 -0.032499 -4.119800
v -1.015577 -0.032499 -6.109600
v 0.985123 -0.032499 -6.109600
v -1.015577 -0.962899 -4.119800
v 0.985123 -0.962899 -4.119800
v -1.015577 -0.962899 -6.109600
v 0.985123 -0.962899 -6.109600
v -0.885677 -0.962899 -4.232800
v -0.781377 -0.962899 -4.232800
v -0.885677 0.868601 -4.232800
v -0.781377 0.868601 -4.232800
v -0.885677 0.868601 -4.348400
v -0.781377 0.868601 -4.348400
v -0.885677 -0.962899 -4.348400
v -0.781377 -0.962899 -4.348400
v 0.777623 -0.962899 -4.232800
v 0.881923 -0.962899 -4.232800
v 0.777623 0.868601 -4.232800
v 0.881923 0.868601 -4.232800
v 0.777623 0.868601 -4.348400
v 0.881923 0.868601 -4.348400
v 0.777623 -0.962899 -4.348400
v 0.881923 -0.962899 -4.348400
v -0.885677 -0.962899 -5.895300
v -0.781377 -0.962899 -5.895300
v -0.885677 0.868601 -5.895300
v -0.781377 0.868601 -5.895300
v -0.885677 0.868601 -6.010900
v -0.781377 0.868601 -6.010900
v -0.885677 -0.962899 -6.010900
v -0.781377 -0.962899 -6.010900
v 0.777623 -0.962899 -5.895300
v 0.881923 -0.962899 -5.895300
v 0.777623 0.868601 -5.895300
v 0.881923 0.868601 -5.895300
v 0.777623 0.868601 -6.010900
v 0.881923 0.868601 -6.010900
v 0.777623 -0.962899 -6.010900
v 0.881923 -0.962899 -6.010900
v -1.015577 0.868700 -2.089000
v 0.985123 0.868700 -2.089000
v -1.015577 0.868701 -4.078800
v 0.985123 0.868701 -4.078800
v -1.015577 -0.032500 -2.089000
v 0.985123 -0.032500 -2.089000
v -1.015577 -0.032499 -4.078800
v 0.985123 -0.032499 -4.078800
v -1.015577 -0.962900 -2.089000
v 0.985123 -0.962900 -2.089000
v -1.015577 -0.962899 -4.078800
v 0.985123 -0.962899 -4.078800
v -0.885677 -0.962900 -2.202000
v -0.781377 -0.962900 -2.202000
v -0.885677 0.868600 -2.202000
v -0.781377 0.868600 -2.202000
v -0.885677 0.868600 -2.317600
v -0.781377 0.868600 -2.317600
v -0.885677 -0.962900 -2.317600
v -0.781377 -0.962900 -2.317600
v 0.777623 -0.962900 -2.202000
v 0.881923 -0.962900 -2.202000
v 0.777623 0.868600 -2.202000
v 0.881923 0.868600 -2.202000
v 0.777623 0.868600 -2.317600
v 0.881923 0.868600 -2.317600
v 0.777623 -0.962900 -2.317600
v 0.881923 -0.962900 -2.317600
v -0.885677 -0.962899 -3.864500
v -0.781377 -0.962899 -3.864500
v -0.885677 0.868601 -3.864500
v -0.781377 0.868601 -3.864500
v -0.885677 0.868601 -3.980100
v -0.781377 0.868601 -3.980100
v -0.885677 -0.962899 -3.980100
v -0.781377 -0.962899 -3.980100
v 0.777623 -0.962899 -3.864500
v 0.881923 -0.962899 -3.864500
v 0.777623 0.868601 -3.864500
v 0.881923 0.868601 -3.864500
v 0.777623 0.868601 -3.980100
v 0.881923 0.868601 -3.980100
v 0.777623 -0.962899 -3.980100
v 0.881923 -0.962899 -3.980100
v -1.015577 0.868700 -0.044700
v 0.985123 0.868700 -0.044700
v -1.015577 0.868700 -2.034500
v 0.985123 0.868700 -2.034500
v -1.015577 -0.032500 -0.044700
v 0.985123 -0.032500 -0.044700
v -1.015577 -0.032500 -2.034500
v 0.985123 -0.032500 -2.034500
v -1.015577 -0.962900 -0.044700
v 0.985123 -0.962900 -0.044700
v -1.015577 -0.962900 -2.034500
v 0.985123 -0.962900 -2.034500
v -0.885677 -0.962900 -0.157700
v -0.781377 -0.962900 -0.157700
v -0.885677 0.868600 -0.157700
v -0.781377 0.868600 -0.157700
v -0.885677 0.868600 -0.273300
v -0.781377 0.868600 -0.273300
v -0.885677 -0.962900 -0.273300
v -0.781377 -0.962900 -0.273300
v 0.777623 -0.962900 -0.157700
v 0.881923 -0.962900 -0.157700
v 0.777623 0.868600 -0.157700
v 0.881923 0.868600 -0.157700
v 0.777623 0.868600 -0.273300
v 0.881923 0.868600 -0.273300
v 0.777623 -0.962900 -0.273300
v 0.881923 -0.962900 -0.273300
v -0.885677 -0.962900 -1.820200
v -0.781377 -0.962900 -1.820200
v -0.885677 0.868600 -1.820200
v -0.781377 0.868600 -1.820200
v -0.885677 0.868600 -1.935800
v -0.781377 0.868600 -1.935800
v -0.885677 -0.962900 -1.935800
v -0.781377 -0.962900 -1.935800
v 0.777623 -0.962900 -1.820200
v 0.881923 -0.962900 -1.820200
v 0.777623 0.868600 -1.820200
v 0.881923 0.868600 -1.820200
v 0.777623 0.868600 -1.935800
v 0.881923 0.868600 -1.935800
v 0.777623 -0.962900 -1.935800
v 0.881923 -0.962900 -1.935800
v 0.311723 0.869399 7.912800
v 0.656923 0.869399 7.912800
v 0.311723 1.173299 7.912800
v 0.656923 1.173299 7.912800
v 0.311723 1.173299 7.378500
v 0.656923 1.173299 7.378500
v 0.311723 0.869399 7.378500
v 0.656923 0.869399 7.378500
v 0.656923 0.927899 7.872000
v 0.656923 0.927899 7.543300
v 0.656923 1.114799 7.543300
v 0.656923 1.114799 7.872000
v 0.662223 0.927899 7.872000
v 0.662223 0.927899 7.543300
v 0.662223 1.114799 7.543300
v 0.662223 1.114799 7.872000
v 0.634223 0.891499 7.515400
v 0.676023 0.891499 7.515400
v 0.634223 1.151399 7.515400
v 0.676023 1.151399 7.515400
v 0.634223 1.151399 7.480100
v 0.676023 1.151399 7.480100
v 0.634223 0.891499 7.480100
v 0.676023 0.891499 7.480100
v 0.634223 1.104899 7.405400
v 0.676023 1.104899 7.405400
v 0.634223 1.104899 7.473000
v 0.676023 1.104899 7.473000
v 0.634223 1.132499 7.473000
v 0.676023 1.132499 7.473000
v 0.634223 1.132499 7.405400
v 0.676023 1.132499 7.405400
v 0.333023 1.151399 7.458900
v 0.291223 1.151399 7.458900
v 0.333023 0.891499 7.458900
v 0.291223 0.891499 7.458900
v 0.333023 0.891499 7.423600
v 0.291223 0.891499 7.423600
v 0.333023 1.151399 7.423600
v 0.291223 1.151399 7.423600
v 0.333023 1.151399 7.587100
v 0.291223 1.151399 7.587100
v 0.333023 0.891499 7.587100
v 0.291223 0.891499 7.587100
v 0.333023 0.891499 7.551800
v 0.291223 0.891499 7.551800
v 0.333023 1.151399 7.551800
v 0.291223 1.151399 7.551800
v 0.333023 1.151399 7.861800
v 0.291223 1.151399 7.861800
v 0.333023 0.891499 7.861800
v 0.291223 0.891499 7.861800
v 0.333023 0.891499 7.826500
v 0.291223 0.891499 7.826500
v 0.333023 1.151399 7.826500
v 0.291223 1.151399 7.826500
v 0.333023 1.151399 7.725200
v 0.291223 1.151399 7.725200
v 0.333023 0.891499 7.725200
v 0.291223 0.891499 7.725200
v 0.333023 0.891499 7.689900
v 0.291223 0.891499 7.689900
v 0.333023 1.151399 7.689900
v 0.291223 1.151399 7.689900
v 0.311723 0.869399 7.079600
v 0.656923 0.869399 7.079600
v 0.311723 1.173299 7.079600
v 0.656923 1.173299 7.079600
v 0.311723 1.173299 6.545300
v 0.656923 1.173299 6.545300
v 0.311723 0.869399 6.545300
v 0.656923 0.869399 6.545300
v 0.656923 0.927899 7.038800
v 0.656923 0.927899 6.710100
v 0.656923 1.114799 6.710100
v 0.656923 1.114799 7.038800
v 0.662223 0.927899 7.038800
v 0.662223 0.927899 6.710100
v 0.662223 1.114799 6.710100
v 0.662223 1.114799 7.038800
v 0.634223 0.891499 6.682200
v 0.676023 0.891499 6.682200
v 0.634223 1.151399 6.682200
v 0.676023 1.151399 6.682200
v 0.634223 1.151399 6.646900
v 0.676023 1.151399 6.646900
v 0.634223 0.891499 6.646900
v 0.676023 0.891499 6.646900
v 0.634223 1.104899 6.572200
v 0.676023 1.104899 6.572200
v 0.634223 1.104899 6.639800
v 0.676023 1.104899 6.639800
v 0.634223 1.132499 6.639800
v 0.676023 1.132499 6.639800
v 0.634223 1.132499 6.572200
v 0.676023 1.132499 6.572200
v 0.333023 1.151399 6.625700
v 0.291223 1.151399 6.625700
v 0.333023 0.891499 6.625700
v 0.291223 0.891499 6.625700
v 0.333023 0.891499 6.590400
v 0.291223 0.891499 6.590400
v 0.333023 1.151399 6.590400
v 0.291223 1.151399 6.590400
v 0.333023 1.151399 6.753900
v 0.291223 1.151399 6.753900
v 0.333023 0.891499 6.753900
v 0.291223 0.891499 6.753900
v 0.333023 0.891499 6.718600
v 0.291223 0.891499 6.718600
v 0.333023 1.151399 6.718600
v 0.291223 1.151399 6.718600
v 0.333023 1.151399 7.028600
v 0.291223 1.151399 7.028600
v 0.333023 0.891499 7.028600
v 0.291223 0.891499 7.028600
v 0.333023 0.891499 6.993300
v 0.291223 0.891499 6.993300
v 0.333023 1.151399 6.993300
v 0.291223 1.151399 6.993300
v 0.333023 1.151399 6.892000
v 0.291223 1.151399 6.892000
v 0.333023 0.891499 6.892000
v 0.291223 0.891499 6.892000
v 0.333023 0.891499 6.856700
v 0.291223 0.891499 6.856700
v 0.333023 1.151399 6.856700
v 0.291223 1.151399 6.856700
v 0.311723 0.869399 5.888900
v 0.656923 0.869399 5.888900
v 0.311723 1.173299 5.888900
v 0.656923 1.173299 5.888900
v 0.311723 1.173299 5.354600
v 0.656923 1.173299 5.354600
v 0.311723 0.869399 5.354600
v 0.656923 0.869399 5.354600
v 0.656923 0.927899 5.848100
v 0.656923 0.927899 5.519400
v 0.656923 1.114799 5.519400
v 0.656923 1.114799 5.848100
v 0.662223 0.927899 5.848100
v 0.662223 0.927899 5.519400
v 0.662223 1.114799 5.519400
v 0.662223 1.114799 5.848100
v 0.634223 0.891499 5.491500
v 0.676023 0.891499 5.491500
v 0.634223 1.151399 5.491500
v 0.676023 1.151399 5.491500
v 0.634223 1.151399 5.456200
v 0.676023 1.151399 5.456200
v 0.634223 0.891499 5.456200
v 0.676023 0.891499 5.456200
v 0.634223 1.104899 5.381500
v 0.676023 1.104899 5.381500
v 0.634223 1.104899 5.449100
v 0.676023 1.104899 5.449100
v 0.634223 1.132499 5.449100
v 0.676023 1.132499 5.449100
v 0.634223 1.132499 5.381500
v 0.676023 1.132499 5.381500
v 0.333023 1.151399 5.435000
v 0.291223 1.151399 5.435000
v 0.333023 0.891499 5.435000
v 0.291223 0.891499 5.435000
v 0.333023 0.891499 5.399700
v 0.291223 0.891499 5.399700
v 0.333023 1.151399 5.399700
v 0.291223 1.151399 5.399700
v 0.333023 1.151399 5.563200
v 0.291223 1.151399 5.563200
v 0.333023 0.891499 5.563200
v 0.291223 0.891499 5.563200
v 0.333023 0.891499 5.527900
v 0.291223 0.891499 5.527900
v 0.333023 1.151399 5.527900
v 0.291223 1.151399 5.527900
v 0.333023 1.151399 5.837900
v 0.291223 1.151399 5.837900
v 0.333023 0.891499 5.837900
v 0.291223 0.891499 5.837900
v 0.333023 0.891499 5.802600
v 0.291223 0.891499 5.802600
v 0.333023 1.151399 5.802600
v 0.291223 1.151399 5.802600
v 0.333023 1.151399 5.701300
v 0.291223 1.151399 5.701300
v 0.333023 0.891499 5.701300
v 0.291223 0.891499 5.701300
v 0.333023 0.891499 5.666000
v 0.291223 0.891499 5.666000
v 0.333023 1.151399 5.666000
v 0.291223 1.151399 5.666000
v 0.311723 0.869399 5.055700
v 0.656923 0.869399 5.055700
v 0.311723 1.173299 5.055700
v 0.656923 1.173299 5.055700
v 0.311723 1.173299 4.521400
v 0.656923 1.173299 4.521400
v 0.311723 0.869399 4.521400
v 0.656923 0.869399 4.521400
v 0.656923 0.927899 5.014900
v 0.656923 0.927899 4.686200
v 0.656923 1.114799 4.686200
v 0.656923 1.114799 5.014900
v 0.662223 0.927899 5.014900
v 0.662223 0.927899 4.686200
v 0.662223 1.114799 4.686200
v 0.662223 1.114799 5.014900
v 0.634223 0.891499 4.658300
v 0.676023 0.891499 4.658300
v 0.634223 1.151399 4.658300
v 0.676023 1.151399 4.658300
v 0.634223 1.151399 4.623000
v 0.676023 1.151399 4.623000
v 0.634223 0.891499 4.623000
v 0.676023 0.891499 4.623000
v 0.634223 1.104899 4.548300
v 0.676023 1.104899 4.548300
v 0.634223 1.104899 4.615900
v 0.676023 1.104899 4.615900
v 0.634223 1.132499 4.615900
v 0.676023 1.132499 4.615900
v 0.634223 1.132499 4.548300
v 0.676023 1.132499 4.548300
v 0.333023 1.151399 4.601800
v 0.291223 1.151399 4.601800
v 0.333023 0.891499 4.601800
v 0.291223 0.891499 4.601800
v 0.333023 0.891499 4.566500
v 0.291223 0.891499 4.566500
v 0.333023 1.151399 4.566500
v 0.291223 1.151399 4.566500
v 0.333023 1.151399 4.730000
v 0.291223 1.151399 4.730000
v 0.333023 0.891499 4.730000
v 0.291223 0.891499 4.730000
v 0.333023 0.891499 4.694700
v 0.291223 0.891499 4.694700
v 0.333023 1.151399 4.694700
v 0.291223 1.151399 4.694700
v 0.333023 1.151399 5.004700
v 0.291223 1.151399 5.004700
v 0.333023 0.891499 5.004700
v 0.291223 0.891499 5.004700
v 0.333023 0.891499 4.969400
v 0.291223 0.891499 4.969400
v 0.333023 1.151399 4.969400
v 0.291223 1.151399 4.969400
v 0.333023 1.151399 4.868100
v 0.291223 1.151399 4.868100
v 0.333023 0.891499 4.868100
v 0.291223 0.891499 4.868100
v 0.333023 0.891499 4.832800
v 0.291223 0.891499 4.832800
v 0.333023 1.151399 4.832800
v 0.291223 1.151399 4.832800
v 0.311723 0.869399 3.859100
v 0.656923 0.869399 3.859100
v 0.311723 1.173299 3.859100
v 0.656923 1.173299 3.859100
v 0.311723 1.173299 3.324800
v 0.656923 1.173299 3.324800
v 0.311723 0.869399 3.324800
v 0.656923 0.869399 3.324800
v 0.656923 0.927899 3.818300
v 0.656923 0.927899 3.489600
v 0.656923 1.114799 3.489600
v 0.656923 1.114799 3.818300
v 0.662223 0.927899 3.818300
v 0.662223 0.927899 3.489600
v 0.662223 1.114799 3.489600
v 0.662223 1.114799 3.818300
v 0.634223 0.891499 3.461700
v 0.676023 0.891499 3.461700
v 0.634223 1.151399 3.461700
v 0.676023 1.151399 3.461700
v 0.634223 1.151399 3.426400
v 0.676023 1.151399 3.426400
v 0.634223 0.891499 3.426400
v 0.676023 0.891499 3.426400
v 0.634223 1.104899 3.351700
v 0.676023 1.104899 3.351700
v 0.634223 1.104899 3.419300
v 0.676023 1.104899 3.419300
v 0.634223 1.132499 3.419300
v 0.676023 1.132499 3.419300
v 0.634223 1.132499 3.351700
v 0.676023 1.132499 3.351700
v 0.333023 1.151399 3.405200
v 0.291223 1.151399 3.405200
v 0.333023 0.891499 3.405200
v 0.291223 0.891499 3.405200
v 0.333023 0.891499 3.369900
v 0.291223 0.891499 3.369900
v 0.333023 1.151399 3.369900
v 0.291223 1.151399 3.369900
v 0.333023 1.151399 3.533400
v 0.291223 1.151399 3.533400
v 0.333023 0.891499 3.533400
v 0.291223 0.891499 3.533400
v 0.333023 0.891499 3.498100
v 0.291223 0.891499 3.498100
v 0.333023 1.151399 3.498100
v 0.291223 1.151399 3.498100
v 0.333023 1.151399 3.808100
v 0.291223 1.151399 3.808100
v 0.333023 0.891499 3.808100
v 0.291223 0.891499 3.808100
v 0.333023 0.891499 3.772800
v 0.291223 0.891499 3.772800
v 0.333023 1.151399 3.772800
v 0.291223 1.151399 3.772800
v 0.333023 1.151399 3.671500
v 0.291223 1.151399 3.671500
v 0.333023 0.891499 3.671500
v 0.291223 0.891499 3.671500
v 0.333023 0.891499 3.636200
v 0.291223 0.891499 3.636200
v 0.333023 1.151399 3.636200
v 0.291223 1.151399 3.636200
v 0.311723 0.869400 3.025900
v 0.656923 0.869400 3.025900
v 0.311723 1.173300 3.025900
v 0.656923 1.173300 3.025900
v 0.311723 1.173300 2.491600
v 0.656923 1.173300 2.491600
v 0.311723 0.869400 2.491600
v 0.656923 0.869400 2.491600
v 0.656923 0.927900 2.985100
v 0.656923 0.927900 2.656400
v 0.656923 1.114799 2.656400
v 0.656923 1.114799 2.985100
v 0.662223 0.927900 2.985100
v 0.662223 0.927900 2.656400
v 0.662223 1.114799 2.656400
v 0.662223 1.114799 2.985100
v 0.634223 0.891500 2.628500
v 0.676023 0.891500 2.628500
v 0.634223 1.151399 2.628500
v 0.676023 1.151399 2.628500
v 0.634223 1.151399 2.593200
v 0.676023 1.151399 2.593200
v 0.634223 0.891500 2.593200
v 0.676023 0.891500 2.593200
v 0.634223 1.104900 2.518500
v 0.676023 1.104900 2.518500
v 0.634223 1.104900 2.586100
v 0.676023 1.104900 2.586100
v 0.634223 1.132500 2.586100
v 0.676023 1.132500 2.586100
v 0.634223 1.132500 2.518500
v 0.676023 1.132500 2.518500
v 0.333023 1.151399 2.572000
v 0.291223 1.151399 2.572000
v 0.333023 0.891500 2.572000
v 0.291223 0.891500 2.572000
v 0.333023 0.891500 2.536700
v 0.291223 0.891500 2.536700
v 0.333023 1.151400 2.536700
v 0.291223 1.151400 2.536700
v 0.333023 1.151399 2.700200
v 0.291223 1.151399 2.700200
v 0.333023 0.891500 2.700200
v 0.291223 0.891500 2.700200
v 0.333023 0.891500 2.664900
v 0.291223 0.891500 2.664900
v 0.333023 1.151399 2.664900
v 0.291223 1.151399 2.664900
v 0.333023 1.151399 2.974900
v 0.291223 1.151399 2.974900
v 0.333023 0.891500 2.974900
v 0.291223 0.891500 2.974900
v 0.333023 0.891500 2.939600
v 0.291223 0.891500 2.939600
v 0.333023 1.151399 2.939600
v 0.291223 1.151399 2.939600
v 0.333023 1.151399 2.838300
v 0.291223 1.151399 2.838300
v 0.333023 0.891500 2.838300
v 0.291223 0.891500 2.838300
v 0.333023 0.891500 2.803000
v 0.291223 0.891500 2.803000
v 0.333023 1.151399 2.803000
v 0.291223 1.151399 2.803000
v 0.311723 0.869400 1.750600
v 0.656923 0.869400 1.750600
v 0.311723 1.173300 1.750600
v 0.656923 1.173300 1.750600
v 0.311723 1.173300 1.216300
v 0.656923 1.173300 1.216300
v 0.311723 0.869400 1.216300
v 0.656923 0.869400 1.216300
v 0.656923 0.927900 1.709800
v 0.656923 0.927900 1.381100
v 0.656923 1.114800 1.381100
v 0.656923 1.114800 1.709800
v 0.662223 0.927900 1.709800
v 0.662223 0.927900 1.381100
v 0.662223 1.114800 1.381100
v 0.662223 1.114800 1.709800
v 0.634223 0.891500 1.353200
v 0.676023 0.891500 1.353200
v 0.634223 1.151400 1.353200
v 0.676023 1.151400 1.353200
v 0.634223 1.151400 1.317900
v 0.676023 1.151400 1.317900
v 0.634223 0.891500 1.317900
v 0.676023 0.891500 1.317900
v 0.634223 1.104900 1.243200
v 0.676023 1.104900 1.243200
v 0.634223 1.104900 1.310800
v 0.676023 1.104900 1.310800
v 0.634223 1.132500 1.310800
v 0.676023 1.132500 1.310800
v 0.634223 1.132500 1.243200
v 0.676023 1.132500 1.243200
v 0.333023 1.151400 1.296700
v 0.291223 1.151400 1.296700
v 0.333023 0.891500 1.296700
v 0.291223 0.891500 1.296700
v 0.333023 0.891500 1.261400
v 0.291223 0.891500 1.261400
v 0.333023 1.151400 1.261400
v 0.291223 1.151400 1.261400
v 0.333023 1.151400 1.424900
v 0.291223 1.151400 1.424900
v 0.333023 0.891500 1.424900
v 0.291223 0.891500 1.424900
v 0.333023 0.891500 1.389600
v 0.291223 0.891500 1.389600
v 0.333023 1.151400 1.389600
v 0.291223 1.151400 1.389600
v 0.333023 1.151400 1.699600
v 0.291223 1.151400 1.699600
v 0.333023 0.891500 1.699600
v 0.291223 0.891500 1.699600
v 0.333023 0.891500 1.664300
v 0.291223 0.891500 1.664300
v 0.333023 1.151400 1.664300
v 0.291223 1.151400 1.664300
v 0.333023 1.151400 1.563000
v 0.291223 1.151400 1.563000
v 0.333023 0.891500 1.563000
v 0.291223 0.891500 1.563000
v 0.333023 0.891500 1.527700
v 0.291223 0.891500 1.527700
v 0.333023 1.151400 1.527700
v 0.291223 1.151400 1.527700
v 0.311723 0.869400 0.917400
v 0.656923 0.869400 0.917400
v 0.311723 1.173300 0.917400
v 0.656923 1.173300 0.917400
v 0.311723 1.173300 0.383100
v 0.656923 1.173300 0.383100
v 0.311723 0.869400 0.383100
v 0.656923 0.869400 0.383100
v 0.656923 0.927900 0.876600
v 0.656923 0.927900 0.547900
v 0.656923 1.114800 0.547900
v 0.656923 1.114800 0.876600
v 0.662223 0.927900 0.876600
v 0.662223 0.927900 0.547900
v 0.662223 1.114800 0.547900
v 0.662223 1.114800 0.876600
v 0.634223 0.891500 0.520000
v 0.676023 0.891500 0.520000
v 0.634223 1.151400 0.520000
v 0.676023 1.151400 0.520000
v 0.634223 1.151400 0.484700
v 0.676023 1.151400 0.484700
v 0.634223 0.891500 0.484700
v 0.676023 0.891500 0.484700
v 0.634223 1.104900 0.410000
v 0.676023 1.104900 0.410000
v 0.634223 1.104900 0.477600
v 0.676023 1.104900 0.477600
v 0.634223 1.132500 0.477600
v 0.676023 1.132500 0.477600
v 0.634223 1.132500 0.410000
v 0.676023 1.132500 0.410000
v 0.333023 1.151400 0.463500
v 0.291223 1.151400 0.463500
v 0.333023 0.891500 0.463500
v 0.291223 0.891500 0.463500
v 0.333023 0.891500 0.428200
v 0.291223 0.891500 0.428200
v 0.333023 1.151400 0.428200
v 0.291223 1.151400 0.428200
v 0.333023 1.151400 0.591700
v 0.291223 1.151400 0.591700
v 0.333023 0.891500 0.591700
v 0.291223 0.891500 0.591700
v 0.333023 0.891500 0.556400
v 0.291223 0.891500 0.556400
v 0.333023 1.151400 0.556400
v 0.291223 1.151400 0.556400
v 0.333023 1.151400 0.866400
v 0.291223 1.151400 0.866400
v 0.333023 0.891500 0.866400
v 0.291223 0.891500 0.866400
v 0.333023 0.891500 0.831100
v 0.291223 0.891500 0.831100
v 0.333023 1.151400 0.831100
v 0.291223 1.151400 0.831100
v 0.333023 1.151400 0.729800
v 0.291223 1.151400 0.729800
v 0.333023 0.891500 0.729800
v 0.291223 0.891500 0.729800
v 0.333023 0.891500 0.694500
v 0.291223 0.891500 0.694500
v 0.333023 1.151400 0.694500
v 0.291223 1.151400 0.694500
v 0.311723 0.869400 -0.363500
v 0.656923 0.869400 -0.363500
v 0.311723 1.173300 -0.363500
v 0.656923 1.173300 -0.363500
v 0.311723 1.173300 -0.897800
v 0.656923 1.173300 -0.897800
v 0.311723 0.869400 -0.897800
v 0.656923 0.869400 -0.897800
v 0.656923 0.927900 -0.404300
v 0.656923 0.927900 -0.733000
v 0.656923 1.114800 -0.733000
v 0.656923 1.114800 -0.404300
v 0.662223 0.927900 -0.404300
v 0.662223 0.927900 -0.733000
v 0.662223 1.114800 -0.733000
v 0.662223 1.114800 -0.404300
v 0.634223 0.891500 -0.760900
v 0.676023 0.891500 -0.760900
v 0.634223 1.151400 -0.760900
v 0.676023 1.151400 -0.760900
v 0.634223 1.151400 -0.796200
v 0.676023 1.151400 -0.796200
v 0.634223 0.891500 -0.796200
v 0.676023 0.891500 -0.796200
v 0.634223 1.104900 -0.870900
v 0.676023 1.104900 -0.870900
v 0.634223 1.104900 -0.803300
v 0.676023 1.104900 -0.803300
v 0.634223 1.132500 -0.803300
v 0.676023 1.132500 -0.803300
v 0.634223 1.132500 -0.870900
v 0.676023 1.132500 -0.870900
v 0.333023 1.151400 -0.817400
v 0.291223 1.151400 -0.817400
v 0.333023 0.891500 -0.817400
v 0.291223 0.891500 -0.817400
v 0.333023 0.891500 -0.852700
v 0.291223 0.891500 -0.852700
v 0.333023 1.151400 -0.852700
v 0.291223 1.151400 -0.852700
v 0.333023 1.151400 -0.689200
v 0.291223 1.151400 -0.689200
v 0.333023 0.891500 -0.689200
v 0.291223 0.891500 -0.689200
v 0.333023 0.891500 -0.724500
v 0.291223 0.891500 -0.724500
v 0.333023 1.151400 -0.724500
v 0.291223 1.151400 -0.724500
v 0.333023 1.151400 -0.414500
v 0.291223 1.151400 -0.414500
v 0.333023 0.891500 -0.414500
v 0.291223 0.891500 -0.414500
v 0.333023 0.891500 -0.449800
v 0.291223 0.891500 -0.449800
v 0.333023 1.151400 -0.449800
v 0.291223 1.151400 -0.449800
v 0.333023 1.151400 -0.551100
v 0.291223 1.151400 -0.551100
v 0.333023 0.891500 -0.551100
v 0.291223 0.891500 -0.551100
v 0.333023 0.891500 -0.586400
v 0.291223 0.891500 -0.586400
v 0.333023 1.151400 -0.586400
v 0.291223 1.151400 -0.586400
v 0.311723 0.869400 -1.196700
v 0.656923 0.869400 -1.196700
v 0.311723 1.173300 -1.196700
v 0.656923 1.173300 -1.196700
v 0.311723 1.173300 -1.731000
v 0.656923 1.173300 -1.731000
v 0.311723 0.869400 -1.731000
v 0.656923 0.869400 -1.731000
v 0.656923 0.927900 -1.237500
v 0.656923 0.927900 -1.566200
v 0.656923 1.114800 -1.566200
v 0.656923 1.114800 -1.237500
v 0.662223 0.927900 -1.237500
v 0.662223 0.927900 -1.566200
v 0.662223 1.114800 -1.566200
v 0.662223 1.114800 -1.237500
v 0.634223 0.891500 -1.594100
v 0.676023 0.891500 -1.594100
v 0.634223 1.151400 -1.594100
v 0.676023 1.151400 -1.594100
v 0.634223 1.151400 -1.629400
v 0.676023 1.151400 -1.629400
v 0.634223 0.891500 -1.629400
v 0.676023 0.891500 -1.629400
v 0.634223 1.104900 -1.704100
v 0.676023 1.104900 -1.704100
v 0.634223 1.104900 -1.636500
v 0.676023 1.104900 -1.636500
v 0.634223 1.132500 -1.636500
v 0.676023 1.132500 -1.636500
v 0.634223 1.132500 -1.704100
v 0.676023 1.132500 -1.704100
v 0.333023 1.151400 -1.650600
v 0.291223 1.151400 -1.650600
v 0.333023 0.891500 -1.650600
v 0.291223 0.891500 -1.650600
v 0.333023 0.891500 -1.685900
v 0.291223 0.891500 -1.685900
v 0.333023 1.151400 -1.685900
v 0.291223 1.151400 -1.685900
v 0.333023 1.151400 -1.522400
v 0.291223 1.151400 -1.522400
v 0.333023 0.891500 -1.522400
v 0.291223 0.891500 -1.522400
v 0.333023 0.891500 -1.557700
v 0.291223 0.891500 -1.557700
v 0.333023 1.151400 -1.557700
v 0.291223 1.151400 -1.557700
v 0.333023 1.151400 -1.247700
v 0.291223 1.151400 -1.247700
v 0.333023 0.891500 -1.247700
v 0.291223 0.891500 -1.247700
v 0.333023 0.891500 -1.283000
v 0.291223 0.891500 -1.283000
v 0.333023 1.151400 -1.283000
v 0.291223 1.151400 -1.283000
v 0.333023 1.151400 -1.384300
v 0.291223 1.151400 -1.384300
v 0.333023 0.891500 -1.384300
v 0.291223 0.891500 -1.384300
v 0.333023 0.891500 -1.419600
v 0.291223 0.891500 -1.419600
v 0.333023 1.151400 -1.419600
v 0.291223 1.151400 -1.419600
v 0.311723 0.869400 -2.409000
v 0.656923 0.869400 -2.409000
v 0.311723 1.173300 -2.409000
v 0.656923 1.173300 -2.409000
v 0.311723 1.173301 -2.943300
v 0.656923 1.173301 -2.943300
v 0.311723 0.869401 -2.943300
v 0.656923 0.869401 -2.943300
v 0.656923 0.927900 -2.449800
v 0.656923 0.927900 -2.778500
v 0.656923 1.114800 -2.778500
v 0.656923 1.114800 -2.449800
v 0.662223 0.927900 -2.449800
v 0.662223 0.927900 -2.778500
v 0.662223 1.114800 -2.778500
v 0.662223 1.114800 -2.449800
v 0.634223 0.891500 -2.806400
v 0.676023 0.891500 -2.806400
v 0.634223 1.151400 -2.806400
v 0.676023 1.151400 -2.806400
v 0.634223 1.151400 -2.841700
v 0.676023 1.151400 -2.841700
v 0.634223 0.891500 -2.841700
v 0.676023 0.891500 -2.841700
v 0.634223 1.104900 -2.916400
v 0.676023 1.104900 -2.916400
v 0.634223 1.104900 -2.848800
v 0.676023 1.104900 -2.848800
v 0.634223 1.132501 -2.848800
v 0.676023 1.132501 -2.848800
v 0.634223 1.132501 -2.916400
v 0.676023 1.132501 -2.916400
v 0.333023 1.151400 -2.862900
v 0.291223 1.151400 -2.862900
v 0.333023 0.891500 -2.862900
v 0.291223 0.891500 -2.862900
v 0.333023 0.891500 -2.898200
v 0.291223 0.891500 -2.898200
v 0.333023 1.151400 -2.898200
v 0.291223 1.151400 -2.898200
v 0.333023 1.151400 -2.734700
v 0.291223 1.151400 -2.734700
v 0.333023 0.891500 -2.734700
v 0.291223 0.891500 -2.734700
v 0.333023 0.891500 -2.770000
v 0.291223 0.891500 -2.770000
v 0.333023 1.151400 -2.770000
v 0.291223 1.151400 -2.770000
v 0.333023 1.151400 -2.460000
v 0.291223 1.151400 -2.460000
v 0.333023 0.891500 -2.460000
v 0.291223 0.891500 -2.460000
v 0.333023 0.891500 -2.495300
v 0.291223 0.891500 -2.495300
v 0.333023 1.151400 -2.495300
v 0.291223 1.151400 -2.495300
v 0.333023 1.151400 -2.596600
v 0.291223 1.151400 -2.596600
v 0.333023 0.891500 -2.596600
v 0.291223 0.891500 -2.596600
v 0.333023 0.891500 -2.631900
v 0.291223 0.891500 -2.631900
v 0.333023 1.151400 -2.631900
v 0.291223 1.151400 -2.631900
v 0.311723 0.869401 -3.242200
v 0.656923 0.869401 -3.242200
v 0.311723 1.173301 -3.242200
v 0.656923 1.173301 -3.242200
v 0.311723 1.173301 -3.776500
v 0.656923 1.173301 -3.776500
v 0.311723 0.869401 -3.776500
v 0.656923 0.869401 -3.776500
v 0.656923 0.927901 -3.283000
v 0.656923 0.927901 -3.611700
v 0.656923 1.114801 -3.611700
v 0.656923 1.114800 -3.283000
v 0.662223 0.927901 -3.283000
v 0.662223 0.927901 -3.611700
v 0.662223 1.114801 -3.611700
v 0.662223 1.114800 -3.283000
v 0.634223 0.891501 -3.639600
v 0.676023 0.891501 -3.639600
v 0.634223 1.151401 -3.639600
v 0.676023 1.151401 -3.639600
v 0.634223 1.151401 -3.674900
v 0.676023 1.151401 -3.674900
v 0.634223 0.891501 -3.674900
v 0.676023 0.891501 -3.674900
v 0.634223 1.104901 -3.749600
v 0.676023 1.104901 -3.749600
v 0.634223 1.104901 -3.682000
v 0.676023 1.104901 -3.682000
v 0.634223 1.132501 -3.682000
v 0.676023 1.132501 -3.682000
v 0.634223 1.132501 -3.749600
v 0.676023 1.132501 -3.749600
v 0.333023 1.151401 -3.696100
v 0.291223 1.151401 -3.696100
v 0.333023 0.891501 -3.696100
v 0.291223 0.891501 -3.696100
v 0.333023 0.891501 -3.731400
v 0.291223 0.891501 -3.731400
v 0.333023 1.151401 -3.731400
v 0.291223 1.151401 -3.731400
v 0.333023 1.151401 -3.567900
v 0.291223 1.151401 -3.567900
v 0.333023 0.891501 -3.567900
v 0.291223 0.891501 -3.567900
v 0.333023 0.891501 -3.603200
v 0.291223 0.891501 -3.603200
v 0.333023 1.151401 -3.603200
v 0.291223 1.151401 -3.603200
v 0.333023 1.151401 -3.293200
v 0.291223 1.151401 -3.293200
v 0.333023 0.891501 -3.293200
v 0.291223 0.891501 -3.293200
v 0.333023 0.891501 -3.328500
v 0.291223 0.891501 -3.328500
v 0.333023 1.151401 -3.328500
v 0.291223 1.151401 -3.328500
v 0.333023 1.151401 -3.429800
v 0.291223 1.151401 -3.429800
v 0.333023 0.891501 -3.429800
v 0.291223 0.891501 -3.429800
v 0.333023 0.891501 -3.465100
v 0.291223 0.891501 -3.465100
v 0.333023 1.151401 -3.465100
v 0.291223 1.151401 -3.465100
v 0.311723 0.869401 -4.443000
v 0.656923 0.869401 -4.443000
v 0.311723 1.173301 -4.443000
v 0.656923 1.173301 -4.443000
v 0.311723 1.173301 -4.977300
v 0.656923 1.173301 -4.977300
v 0.311723 0.869401 -4.977300
v 0.656923 0.869401 -4.977300
v 0.656923 0.927901 -4.483800
v 0.656923 0.927901 -4.812500
v 0.656923 1.114801 -4.812500
v 0.656923 1.114801 -4.483800
v 0.662223 0.927901 -4.483800
v 0.662223 0.927901 -4.812500
v 0.662223 1.114801 -4.812500
v 0.662223 1.114801 -4.483800
v 0.634223 0.891501 -4.840400
v 0.676023 0.891501 -4.840400
v 0.634223 1.151401 -4.840400
v 0.676023 1.151401 -4.840400
v 0.634223 1.151401 -4.875700
v 0.676023 1.151401 -4.875700
v 0.634223 0.891501 -4.875700
v 0.676023 0.891501 -4.875700
v 0.634223 1.104901 -4.950400
v 0.676023 1.104901 -4.950400
v 0.634223 1.104901 -4.882800
v 0.676023 1.104901 -4.882800
v 0.634223 1.132501 -4.882800
v 0.676023 1.132501 -4.882800
v 0.634223 1.132501 -4.950400
v 0.676023 1.132501 -4.950400
v 0.333023 1.151401 -4.896900
v 0.291223 1.151401 -4.896900
v 0.333023 0.891501 -4.896900
v 0.291223 0.891501 -4.896900
v 0.333023 0.891501 -4.932200
v 0.291223 0.891501 -4.932200
v 0.333023 1.151401 -4.932200
v 0.291223 1.151401 -4.932200
v 0.333023 1.151401 -4.768700
v 0.291223 1.151401 -4.768700
v 0.333023 0.891501 -4.768700
v 0.291223 0.891501 -4.768700
v 0.333023 0.891501 -4.804000
v 0.291223 0.891501 -4.804000
v 0.333023 1.151401 -4.804000
v 0.291223 1.151401 -4.804000
v 0.333023 1.151401 -4.494000
v 0.291223 1.151401 -4.494000
v 0.333023 0.891501 -4.494000
v 0.291223 0.891501 -4.494000
v 0.333023 0.891501 -4.529300
v 0.291223 0.891501 -4.529300
v 0.333023 1.151401 -4.529300
v 0.291223 1.151401 -4.529300
v 0.333023 1.151401 -4.630600
v 0.291223 1.151401 -4.630600
v 0.333023 0.891501 -4.630600
v 0.291223 0.891501 -4.630600
v 0.333023 0.891501 -4.665900
v 0.291223 0.891501 -4.665900
v 0.333023 1.151401 -4.665900
v 0.291223 1.151401 -4.665900
v 0.311723 0.869401 -5.276200
v 0.656923 0.869401 -5.276200
v 0.311723 1.173301 -5.276200
v 0.656923 1.173301 -5.276200
v 0.311723 1.173301 -5.810500
v 0.656923 1.173301 -5.810500
v 0.311723 0.869401 -5.810500
v 0.656923 0.869401 -5.810500
v 0.656923 0.927901 -5.317000
v 0.656923 0.927901 -5.645700
v 0.656923 1.114801 -5.645700
v 0.656923 1.114801 -5.317000
v 0.662223 0.927901 -5.317000
v 0.662223 0.927901 -5.645700
v 0.662223 1.114801 -5.645700
v 0.662223 1.114801 -5.317000
v 0.634223 0.891501 -5.673600
v 0.676023 0.891501 -5.673600
v 0.634223 1.151401 -5.673600
v 0.676023 1.151401 -5.673600
v 0.634223 1.151401 -5.708900
v 0.676023 1.151401 -5.708900
v 0.634223 0.891501 -5.708900
v 0.676023 0.891501 -5.708900
v 0.634223 1.104901 -5.783600
v 0.676023 1.104901 -5.783600
v 0.634223 1.104901 -5.716000
v 0.676023 1.104901 -5.716000
v 0.634223 1.132501 -5.716000
v 0.676023 1.132501 -5.716000
v 0.634223 1.132501 -5.783600
v 0.676023 1.132501 -5.783600
v 0.333023 1.151401 -5.730100
v 0.291223 1.151401 -5.730100
v 0.333023 0.891501 -5.730100
v 0.291223 0.891501 -5.730100
v 0.333023 0.891501 -5.765400
v 0.291223 0.891501 -5.765400
v 0.333023 1.151401 -5.765400
v 0.291223 1.151401 -5.765400
v 0.333023 1.151401 -5.601900
v 0.291223 1.151401 -5.601900
v 0.333023 0.891501 -5.601900
v 0.291223 0.891501 -5.601900
v 0.333023 0.891501 -5.637200
v 0.291223 0.891501 -5.637200
v 0.333023 1.151401 -5.637200
v 0.291223 1.151401 -5.637200
v 0.333023 1.151401 -5.327200
v 0.291223 1.151401 -5.327200
v 0.333023 0.891501 -5.327200
v 0.291223 0.891501 -5.327200
v 0.333023 0.891501 -5.362500
v 0.291223 0.891501 -5.362500
v 0.333023 1.151401 -5.362500
v 0.291223 1.151401 -5.362500
v 0.333023 1.151401 -5.463800
v 0.291223 1.151401 -5.463800
v 0.333023 0.891501 -5.463800
v 0.291223 0.891501 -5.463800
v 0.333023 0.891501 -5.499100
v 0.291223 0.891501 -5.499100
v 0.333023 1.151401 -5.499100
v 0.291223 1.151401 -5.499100
v 0.311723 0.869401 -6.459200
v 0.656923 0.869401 -6.459200
v 0.311723 1.173301 -6.459200
v 0.656923 1.173301 -6.459200
v 0.311723 1.173301 -6.993500
v 0.656923 1.173301 -6.993500
v 0.311723 0.869401 -6.993500
v 0.656923 0.869401 -6.993500
v 0.656923 0.927901 -6.500000
v 0.656923 0.927901 -6.828700
v 0.656923 1.114801 -6.828700
v 0.656923 1.114801 -6.500000
v 0.662223 0.927901 -6.500000
v 0.662223 0.927901 -6.828700
v 0.662223 1.114801 -6.828700
v 0.662223 1.114801 -6.500000
v 0.634223 0.891501 -6.856600
v 0.676023 0.891501 -6.856600
v 0.634223 1.151401 -6.856600
v 0.676023 1.151401 -6.856600
v 0.634223 1.151401 -6.891900
v 0.676023 1.151401 -6.891900
v 0.634223 0.891501 -6.891900
v 0.676023 0.891501 -6.891900
v 0.634223 1.104901 -6.966600
v 0.676023 1.104901 -6.966600
v 0.634223 1.104901 -6.899000
v 0.676023 1.104901 -6.899000
v 0.634223 1.132501 -6.899000
v 0.676023 1.132501 -6.899000
v 0.634223 1.132501 -6.966600
v 0.676023 1.132501 -6.966600
v 0.333023 1.151401 -6.913100
v 0.291223 1.151401 -6.913100
v 0.333023 0.891501 -6.913100
v 0.291223 0.891501 -6.913100
v 0.333023 0.891501 -6.948400
v 0.291223 0.891501 -6.948400
v 0.333023 1.151401 -6.948400
v 0.291223 1.151401 -6.948400
v 0.333023 1.151401 -6.784900
v 0.291223 1.151401 -6.784900
v 0.333023 0.891501 -6.784900
v 0.291223 0.891501 -6.784900
v 0.333023 0.891501 -6.820200
v 0.291223 0.891501 -6.820200
v 0.333023 1.151401 -6.820200
v 0.291223 1.151401 -6.820200
v 0.333023 1.151401 -6.510200
v 0.291223 1.151401 -6.510200
v 0.333023 0.891501 -6.510200
v 0.291223 0.891501 -6.510200
v 0.333023 0.891501 -6.545500
v 0.291223 0.891501 -6.545500
v 0.333023 1.151401 -6.545500
v 0.291223 1.151401 -6.545500
v 0.333023 1.151401 -6.646800
v 0.291223 1.151401 -6.646800
v 0.333023 0.891501 -6.646800
v 0.291223 0.891501 -6.646800
v 0.333023 0.891501 -6.682100
v 0.291223 0.891501 -6.682100
v 0.333023 1.151401 -6.682100
v 0.291223 1.151401 -6.682100
v 0.311723 0.869401 -7.292400
v 0.656923 0.869401 -7.292400
v 0.311723 1.173301 -7.292400
v 0.656923 1.173301 -7.292400
v 0.311723 1.173301 -7.826700
v 0.656923 1.173301 -7.826700
v 0.311723 0.869401 -7.826700
v 0.656923 0.869401 -7.826700
v 0.656923 0.927901 -7.333200
v 0.656923 0.927901 -7.661900
v 0.656923 1.114801 -7.661900
v 0.656923 1.114801 -7.333200
v 0.662223 0.927901 -7.333200
v 0.662223 0.927901 -7.661900
v 0.662223 1.114801 -7.661900
v 0.662223 1.114801 -7.333200
v 0.634223 0.891501 -7.689800
v 0.676023 0.891501 -7.689800
v 0.634223 1.151401 -7.689800
v 0.676023 1.151401 -7.689800
v 0.634223 1.151401 -7.725100
v 0.676023 1.151401 -7.725100
v 0.634223 0.891501 -7.725100
v 0.676023 0.891501 -7.725100
v 0.634223 1.104901 -7.799800
v 0.676023 1.104901 -7.799800
v 0.634223 1.104901 -7.732200
v 0.676023 1.104901 -7.732200
v 0.634223 1.132501 -7.732200
v 0.676023 1.132501 -7.732200
v 0.634223 1.132501 -7.799800
v 0.676023 1.132501 -7.799800
v 0.333023 1.151401 -7.746300
v 0.291223 1.151401 -7.746300
v 0.333023 0.891501 -7.746300
v 0.291223 0.891501 -7.746300
v 0.333023 0.891501 -7.781600
v 0.291223 0.891501 -7.781600
v 0.333023 1.151401 -7.781600
v 0.291223 1.151401 -7.781600
v 0.333023 1.151401 -7.618100
v 0.291223 1.151401 -7.618100
v 0.333023 0.891501 -7.618100
v 0.291223 0.891501 -7.618100
v 0.333023 0.891501 -7.653400
v 0.291223 0.891501 -7.653400
v 0.333023 1.151401 -7.653400
v 0.291223 1.151401 -7.653400
v 0.333023 1.151401 -7.343400
v 0.291223 1.151401 -7.343400
v 0.333023 0.891501 -7.343400
v 0.291223 0.891501 -7.343400
v 0.333023 0.891501 -7.378700
v 0.291223 0.891501 -7.378700
v 0.333023 1.151401 -7.378700
v 0.291223 1.151401 -7.378700
v 0.333023 1.151401 -7.480000
v 0.291223 1.151401 -7.480000
v 0.333023 0.891501 -7.480000
v 0.291223 0.891501 -7.480000
v 0.333023 0.891501 -7.515300
v 0.291223 0.891501 -7.515300
v 0.333023 1.151401 -7.515300
v 0.291223 1.151401 -7.515300
v 0.311723 0.869401 -8.570000
v 0.656923 0.869401 -8.570000
v 0.311723 1.173301 -8.570000
v 0.656923 1.173301 -8.570000
v 0.311723 1.173301 -9.104300
v 0.656923 1.173301 -9.104300
v 0.311723 0.869402 -9.104300
v 0.656923 0.869402 -9.104300
v 0.656923 0.927901 -8.610800
v 0.656923 0.927901 -8.939500
v 0.656923 1.114801 -8.939500
v 0.656923 1.114801 -8.610800
v 0.662223 0.927901 -8.610800
v 0.662223 0.927901 -8.939500
v 0.662223 1.114801 -8.939500
v 0.662223 1.114801 -8.610800
v 0.634223 0.891501 -8.967400
v 0.676023 0.891501 -8.967400
v 0.634223 1.151401 -8.967400
v 0.676023 1.151401 -8.967400
v 0.634223 1.151401 -9.002700
v 0.676023 1.151401 -9.002700
v 0.634223 0.891501 -9.002700
v 0.676023 0.891501 -9.002700
v 0.634223 1.104901 -9.077400
v 0.676023 1.104901 -9.077400
v 0.634223 1.104901 -9.009800
v 0.676023 1.104901 -9.009800
v 0.634223 1.132501 -9.009800
v 0.676023 1.132501 -9.009800
v 0.634223 1.132501 -9.077400
v 0.676023 1.132501 -9.077400
v 0.333023 1.151401 -9.023900
v 0.291223 1.151401 -9.023900
v 0.333023 0.891501 -9.023900
v 0.291223 0.891501 -9.023900
v 0.333023 0.891501 -9.059199
v 0.291223 0.891501 -9.059199
v 0.333023 1.151401 -9.059199
v 0.291223 1.151401 -9.059199
v 0.333023 1.151401 -8.895700
v 0.291223 1.151401 -8.895700
v 0.333023 0.891501 -8.895700
v 0.291223 0.891501 -8.895700
v 0.333023 0.891501 -8.931000
v 0.291223 0.891501 -8.931000
v 0.333023 1.151401 -8.931000
v 0.291223 1.151401 -8.931000
v 0.333023 1.151401 -8.620999
v 0.291223 1.151401 -8.620999
v 0.333023 0.891501 -8.620999
v 0.291223 0.891501 -8.620999
v 0.333023 0.891501 -8.656300
v 0.291223 0.891501 -8.656300
v 0.333023 1.151401 -8.656300
v 0.291223 1.151401 -8.656300
v 0.333023 1.151401 -8.757600
v 0.291223 1.151401 -8.757600
v 0.333023 0.891501 -8.757600
v 0.291223 0.891501 -8.757600
v 0.333023 0.891501 -8.792900
v 0.291223 0.891501 -8.792900
v 0.333023 1.151401 -8.792900
v 0.291223 1.151401 -8.792900
v 0.311723 0.869402 -9.403200
v 0.656923 0.869402 -9.403200
v 0.311723 1.173302 -9.403200
v 0.656923 1.173302 -9.403200
v 0.311723 1.173302 -9.937500
v 0.656923 1.173302 -9.937500
v 0.311723 0.869402 -9.937500
v 0.656923 0.869402 -9.937500
v 0.656923 0.927902 -9.443999
v 0.656923 0.927902 -9.772699
v 0.656923 1.114802 -9.772699
v 0.656923 1.114802 -9.443999
v 0.662223 0.927902 -9.443999
v 0.662223 0.927902 -9.772699
v 0.662223 1.114802 -9.772699
v 0.662223 1.114802 -9.443999
v 0.634223 0.891502 -9.800600
v 0.676023 0.891502 -9.800600
v 0.634223 1.151402 -9.800600
v 0.676023 1.151402 -9.800600
v 0.634223 1.151402 -9.835899
v 0.676023 1.151402 -9.835899
v 0.634223 0.891502 -9.835899
v 0.676023 0.891502 -9.835899
v 0.634223 1.104902 -9.910600
v 0.676023 1.104902 -9.910600
v 0.634223 1.104902 -9.842999
v 0.676023 1.104902 -9.842999
v 0.634223 1.132502 -9.842999
v 0.676023 1.132502 -9.842999
v 0.634223 1.132502 -9.910600
v 0.676023 1.132502 -9.910600
v 0.333023 1.151402 -9.857100
v 0.291223 1.151402 -9.857100
v 0.333023 0.891502 -9.857100
v 0.291223 0.891502 -9.857100
v 0.333023 0.891502 -9.892400
v 0.291223 0.891502 -9.892400
v 0.333023 1.151402 -9.892400
v 0.291223 1.151402 -9.892400
v 0.333023 1.151402 -9.728900
v 0.291223 1.151402 -9.728900
v 0.333023 0.891502 -9.728900
v 0.291223 0.891502 -9.728900
v 0.333023 0.891502 -9.764200
v 0.291223 0.891502 -9.764200
v 0.333023 1.151402 -9.764200
v 0.291223 1.151402 -9.764200
v 0.333023 1.151402 -9.454200
v 0.291223 1.151402 -9.454200
v 0.333023 0.891502 -9.454200
v 0.291223 0.891502 -9.454200
v 0.333023 0.891502 -9.489500
v 0.291223 0.891502 -9.489500
v 0.333023 1.151402 -9.489500
v 0.291223 1.151402 -9.489500
v 0.333023 1.151402 -9.590799
v 0.291223 1.151402 -9.590799
v 0.333023 0.891502 -9.590799
v 0.291223 0.891502 -9.590799
v 0.333023 0.891502 -9.626100
v 0.291223 0.891502 -9.626100
v 0.333023 1.151402 -9.626100
v 0.291223 1.151402 -9.626100
v 0.311723 -0.031902 9.959400
v 0.656923 -0.031902 9.959400
v 0.311723 0.271998 9.959400
v 0.656923 0.271998 9.959400
v 0.311723 0.271998 9.425099
v 0.656923 0.271998 9.425099
v 0.311723 -0.031902 9.425099
v 0.656923 -0.031902 9.425099
v 0.656923 0.026598 9.918600
v 0.656923 0.026598 9.589900
v 0.656923 0.213498 9.589900
v 0.656923 0.213498 9.918600
v 0.662223 0.026598 9.918600
v 0.662223 0.026598 9.589900
v 0.662223 0.213498 9.589900
v 0.662223 0.213498 9.918600
v 0.634223 -0.009802 9.561999
v 0.676023 -0.009802 9.561999
v 0.634223 0.250098 9.561999
v 0.676023 0.250098 9.561999
v 0.634223 0.250098 9.526700
v 0.676023 0.250098 9.526700
v 0.634223 -0.009802 9.526700
v 0.676023 -0.009802 9.526700
v 0.634223 0.203598 9.452000
v 0.676023 0.203598 9.452000
v 0.634223 0.203598 9.519600
v 0.676023 0.203598 9.519600
v 0.634223 0.231198 9.519600
v 0.676023 0.231198 9.519600
v 0.634223 0.231198 9.452000
v 0.676023 0.231198 9.452000
v 0.333023 0.250098 9.505500
v 0.291223 0.250098 9.505500
v 0.333023 -0.009802 9.505500
v 0.291223 -0.009802 9.505500
v 0.333023 -0.009802 9.470200
v 0.291223 -0.009802 9.470200
v 0.333023 0.250098 9.470200
v 0.291223 0.250098 9.470200
v 0.333023 0.250098 9.633699
v 0.291223 0.250098 9.633699
v 0.333023 -0.009802 9.633699
v 0.291223 -0.009802 9.633699
v 0.333023 -0.009802 9.598400
v 0.291223 -0.009802 9.598400
v 0.333023 0.250098 9.598400
v 0.291223 0.250098 9.598400
v 0.333023 0.250098 9.908400
v 0.291223 0.250098 9.908400
v 0.333023 -0.009802 9.908400
v 0.291223 -0.009802 9.908400
v 0.333023 -0.009802 9.873099
v 0.291223 -0.009802 9.873099
v 0.333023 0.250098 9.873099
v 0.291223 0.250098 9.873099
v 0.333023 0.250098 9.771800
v 0.291223 0.250098 9.771800
v 0.333023 -0.009802 9.771800
v 0.291223 -0.009802 9.771800
v 0.333023 -0.009802 9.736500
v 0.291223 -0.009802 9.736500
v 0.333023 0.250098 9.736500
v 0.291223 0.250098 9.736500
v 0.311723 -0.031901 9.126200
v 0.656923 -0.031901 9.126200
v 0.311723 0.271999 9.126200
v 0.656923 0.271999 9.126200
v 0.311723 0.271999 8.591900
v 0.656923 0.271999 8.591900
v 0.311723 -0.031901 8.591900
v 0.656923 -0.031901 8.591900
v 0.656923 0.026599 9.085400
v 0.656923 0.026599 8.756700
v 0.656923 0.213499 8.756700
v 0.656923 0.213499 9.085400
v 0.662223 0.026599 9.085400
v 0.662223 0.026599 8.756700
v 0.662223 0.213499 8.756700
v 0.662223 0.213499 9.085400
v 0.634223 -0.009801 8.728800
v 0.676023 -0.009801 8.728800
v 0.634223 0.250099 8.728800
v 0.676023 0.250099 8.728800
v 0.634223 0.250099 8.693500
v 0.676023 0.250099 8.693500
v 0.634223 -0.009801 8.693500
v 0.676023 -0.009801 8.693500
v 0.634223 0.203599 8.618800
v 0.676023 0.203599 8.618800
v 0.634223 0.203599 8.686399
v 0.676023 0.203599 8.686399
v 0.634223 0.231199 8.686399
v 0.676023 0.231199 8.686399
v 0.634223 0.231199 8.618800
v 0.676023 0.231199 8.618800
v 0.333023 0.250099 8.672299
v 0.291223 0.250099 8.672299
v 0.333023 -0.009801 8.672299
v 0.291223 -0.009801 8.672299
v 0.333023 -0.009801 8.637000
v 0.291223 -0.009801 8.637000
v 0.333023 0.250099 8.637000
v 0.291223 0.250099 8.637000
v 0.333023 0.250099 8.800500
v 0.291223 0.250099 8.800500
v 0.333023 -0.009801 8.800500
v 0.291223 -0.009801 8.800500
v 0.333023 -0.009801 8.765200
v 0.291223 -0.009801 8.765200
v 0.333023 0.250099 8.765200
v 0.291223 0.250099 8.765200
v 0.333023 0.250098 9.075200
v 0.291223 0.250098 9.075200
v 0.333023 -0.009801 9.075200
v 0.291223 -0.009801 9.075200
v 0.333023 -0.009801 9.039900
v 0.291223 -0.009801 9.039900
v 0.333023 0.250099 9.039900
v 0.291223 0.250099 9.039900
v 0.333023 0.250099 8.938600
v 0.291223 0.250099 8.938600
v 0.333023 -0.009801 8.938600
v 0.291223 -0.009801 8.938600
v 0.333023 -0.009801 8.903299
v 0.291223 -0.009801 8.903299
v 0.333023 0.250099 8.903299
v 0.291223 0.250099 8.903299
v 0.311723 -0.031901 7.912800
v 0.656923 -0.031901 7.912800
v 0.311723 0.271999 7.912800
v 0.656923 0.271999 7.912800
v 0.311723 0.271999 7.378500
v 0.656923 0.271999 7.378500
v 0.311723 -0.031901 7.378500
v 0.656923 -0.031901 7.378500
v 0.656923 0.026599 7.872000
v 0.656923 0.026599 7.543300
v 0.656923 0.213499 7.543300
v 0.656923 0.213499 7.872000
v 0.662223 0.026599 7.872000
v 0.662223 0.026599 7.543300
v 0.662223 0.213499 7.543300
v 0.662223 0.213499 7.872000
v 0.634223 -0.009801 7.515400
v 0.676023 -0.009801 7.515400
v 0.634223 0.250099 7.515400
v 0.676023 0.250099 7.515400
v 0.634223 0.250099 7.480100
v 0.676023 0.250099 7.480100
v 0.634223 -0.009801 7.480100
v 0.676023 -0.009801 7.480100
v 0.634223 0.203599 7.405400
v 0.676023 0.203599 7.405400
v 0.634223 0.203599 7.473000
v 0.676023 0.203599 7.473000
v 0.634223 0.231199 7.473000
v 0.676023 0.231199 7.473000
v 0.634223 0.231199 7.405400
v 0.676023 0.231199 7.405400
v 0.333023 0.250099 7.458900
v 0.291223 0.250099 7.458900
v 0.333023 -0.009801 7.458900
v 0.291223 -0.009801 7.458900
v 0.333023 -0.009801 7.423600
v 0.291223 -0.009801 7.423600
v 0.333023 0.250099 7.423600
v 0.291223 0.250099 7.423600
v 0.333023 0.250099 7.587100
v 0.291223 0.250099 7.587100
v 0.333023 -0.009801 7.587100
v 0.291223 -0.009801 7.587100
v 0.333023 -0.009801 7.551800
v 0.291223 -0.009801 7.551800
v 0.333023 0.250099 7.551800
v 0.291223 0.250099 7.551800
v 0.333023 0.250099 7.861800
v 0.291223 0.250099 7.861800
v 0.333023 -0.009801 7.861800
v 0.291223 -0.009801 7.861800
v 0.333023 -0.009801 7.826500
v 0.291223 -0.009801 7.826500
v 0.333023 0.250099 7.826500
v 0.291223 0.250099 7.826500
v 0.333023 0.250099 7.725200
v 0.291223 0.250099 7.725200
v 0.333023 -0.009801 7.725200
v 0.291223 -0.009801 7.725200
v 0.333023 -0.009801 7.689900
v 0.291223 -0.009801 7.689900
v 0.333023 0.250099 7.689900
v 0.291223 0.250099 7.689900
v 0.311723 -0.031901 7.079600
v 0.656923 -0.031901 7.079600
v 0.311723 0.271999 7.079600
v 0.656923 0.271999 7.079600
v 0.311723 0.271999 6.545300
v 0.656923 0.271999 6.545300
v 0.311723 -0.031901 6.545300
v 0.656923 -0.031901 6.545300
v 0.656923 0.026599 7.038800
v 0.656923 0.026599 6.710100
v 0.656923 0.213499 6.710100
v 0.656923 0.213499 7.038800
v 0.662223 0.026599 7.038800
v 0.662223 0.026599 6.710100
v 0.662223 0.213499 6.710100
v 0.662223 0.213499 7.038800
v 0.634223 -0.009801 6.682200
v 0.676023 -0.009801 6.682200
v 0.634223 0.250099 6.682200
v 0.676023 0.250099 6.682200
v 0.634223 0.250099 6.646900
v 0.676023 0.250099 6.646900
v 0.634223 -0.009801 6.646900
v 0.676023 -0.009801 6.646900
v 0.634223 0.203599 6.572200
v 0.676023 0.203599 6.572200
v 0.634223 0.203599 6.639800
v 0.676023 0.203599 6.639800
v 0.634223 0.231199 6.639800
v 0.676023 0.231199 6.639800
v 0.634223 0.231199 6.572200
v 0.676023 0.231199 6.572200
v 0.333023 0.250099 6.625700
v 0.291223 0.250099 6.625700
v 0.333023 -0.009801 6.625700
v 0.291223 -0.009801 6.625700
v 0.333023 -0.009801 6.590400
v 0.291223 -0.009801 6.590400
v 0.333023 0.250099 6.590400
v 0.291223 0.250099 6.590400
v 0.333023 0.250099 6.753900
v 0.291223 0.250099 6.753900
v 0.333023 -0.009801 6.753900
v 0.291223 -0.009801 6.753900
v 0.333023 -0.009801 6.718600
v 0.291223 -0.009801 6.718600
v 0.333023 0.250099 6.718600
v 0.291223 0.250099 6.718600
v 0.333023 0.250099 7.028600
v 0.291223 0.250099 7.028600
v 0.333023 -0.009801 7.028600
v 0.291223 -0.009801 7.028600
v 0.333023 -0.009801 6.993300
v 0.291223 -0.009801 6.993300
v 0.333023 0.250099 6.993300
v 0.291223 0.250099 6.993300
v 0.333023 0.250099 6.892000
v 0.291223 0.250099 6.892000
v 0.333023 -0.009801 6.892000
v 0.291223 -0.009801 6.892000
v 0.333023 -0.009801 6.856700
v 0.291223 -0.009801 6.856700
v 0.333023 0.250099 6.856700
v 0.291223 0.250099 6.856700
v 0.311723 -0.031901 5.888900
v 0.656923 -0.031901 5.888900
v 0.311723 0.271999 5.888900
v 0.656923 0.271999 5.888900
v 0.311723 0.271999 5.354600
v 0.656923 0.271999 5.354600
v 0.311723 -0.031901 5.354600
v 0.656923 -0.031901 5.354600
v 0.656923 0.026599 5.848100
v 0.656923 0.026599 5.519400
v 0.656923 0.213499 5.519400
v 0.656923 0.213499 5.848100
v 0.662223 0.026599 5.848100
v 0.662223 0.026599 5.519400
v 0.662223 0.213499 5.519400
v 0.662223 0.213499 5.848100
v 0.634223 -0.009801 5.491500
v 0.676023 -0.009801 5.491500
v 0.634223 0.250099 5.491500
v 0.676023 0.250099 5.491500
v 0.634223 0.250099 5.456200
v 0.676023 0.250099 5.456200
v 0.634223 -0.009801 5.456200
v 0.676023 -0.009801 5.456200
v 0.634223 0.203599 5.381500
v 0.676023 0.203599 5.381500
v 0.634223 0.203599 5.449100
v 0.676023 0.203599 5.449100
v 0.634223 0.231199 5.449100
v 0.676023 0.231199 5.449100
v 0.634223 0.231199 5.381500
v 0.676023 0.231199 5.381500
v 0.333023 0.250099 5.435000
v 0.291223 0.250099 5.435000
v 0.333023 -0.009801 5.435000
v 0.291223 -0.009801 5.435000
v 0.333023 -0.009801 5.399700
v 0.291223 -0.009801 5.399700
v 0.333023 0.250099 5.399700
v 0.291223 0.250099 5.399700
v 0.333023 0.250099 5.563200
v 0.291223 0.250099 5.563200
v 0.333023 -0.009801 5.563200
v 0.291223 -0.009801 5.563200
v 0.333023 -0.009801 5.527900
v 0.291223 -0.009801 5.527900
v 0.333023 0.250099 5.527900
v 0.291223 0.250099 5.527900
v 0.333023 0.250099 5.837900
v 0.291223 0.250099 5.837900
v 0.333023 -0.009801 5.837900
v 0.291223 -0.009801 5.837900
v 0.333023 -0.009801 5.802600
v 0.291223 -0.009801 5.802600
v 0.333023 0.250099 5.802600
v 0.291223 0.250099 5.802600
v 0.333023 0.250099 5.701300
v 0.291223 0.250099 5.701300
v 0.333023 -0.009801 5.701300
v 0.291223 -0.009801 5.701300
v 0.333023 -0.009801 5.666000
v 0.291223 -0.009801 5.666000
v 0.333023 0.250099 5.666000
v 0.291223 0.250099 5.666000
v 0.311723 -0.031901 5.055700
v 0.656923 -0.031901 5.055700
v 0.311723 0.271999 5.055700
v 0.656923 0.271999 5.055700
v 0.311723 0.271999 4.521400
v 0.656923 0.271999 4.521400
v 0.311723 -0.031901 4.521400
v 0.656923 -0.031901 4.521400
v 0.656923 0.026599 5.014900
v 0.656923 0.026599 4.686200
v 0.656923 0.213499 4.686200
v 0.656923 0.213499 5.014900
v 0.662223 0.026599 5.014900
v 0.662223 0.026599 4.686200
v 0.662223 0.213499 4.686200
v 0.662223 0.213499 5.014900
v 0.634223 -0.009801 4.658300
v 0.676023 -0.009801 4.658300
v 0.634223 0.250099 4.658300
v 0.676023 0.250099 4.658300
v 0.634223 0.250099 4.623000
v 0.676023 0.250099 4.623000
v 0.634223 -0.009801 4.623000
v 0.676023 -0.009801 4.623000
v 0.634223 0.203599 4.548300
v 0.676023 0.203599 4.548300
v 0.634223 0.203599 4.615900
v 0.676023 0.203599 4.615900
v 0.634223 0.231199 4.615900
v 0.676023 0.231199 4.615900
v 0.634223 0.231199 4.548300
v 0.676023 0.231199 4.548300
v 0.333023 0.250099 4.601800
v 0.291223 0.250099 4.601800
v 0.333023 -0.009801 4.601800
v 0.291223 -0.009801 4.601800
v 0.333023 -0.009801 4.566500
v 0.291223 -0.009801 4.566500
v 0.333023 0.250099 4.566500
v 0.291223 0.250099 4.566500
v 0.333023 0.250099 4.730000
v 0.291223 0.250099 4.730000
v 0.333023 -0.009801 4.730000
v 0.291223 -0.009801 4.730000
v 0.333023 -0.009801 4.694700
v 0.291223 -0.009801 4.694700
v 0.333023 0.250099 4.694700
v 0.291223 0.250099 4.694700
v 0.333023 0.250099 5.004700
v 0.291223 0.250099 5.004700
v 0.333023 -0.009801 5.004700
v 0.291223 -0.009801 5.004700
v 0.333023 -0.009801 4.969400
v 0.291223 -0.009801 4.969400
v 0.333023 0.250099 4.969400
v 0.291223 0.250099 4.969400
v 0.333023 0.250099 4.868100
v 0.291223 0.250099 4.868100
v 0.333023 -0.009801 4.868100
v 0.291223 -0.009801 4.868100
v 0.333023 -0.009801 4.832800
v 0.291223 -0.009801 4.832800
v 0.333023 0.250099 4.832800
v 0.291223 0.250099 4.832800
v 0.311723 -0.031901 3.859100
v 0.656923 -0.031901 3.859100
v 0.311723 0.271999 3.859100
v 0.656923 0.271999 3.859100
v 0.311723 0.271999 3.324800
v 0.656923 0.271999 3.324800
v 0.311723 -0.031901 3.324800
v 0.656923 -0.031901 3.324800
v 0.656923 0.026599 3.818300
v 0.656923 0.026599 3.489600
v 0.656923 0.213499 3.489600
v 0.656923 0.213499 3.818300
v 0.662223 0.026599 3.818300
v 0.662223 0.026599 3.489600
v 0.662223 0.213499 3.489600
v 0.662223 0.213499 3.818300
v 0.634223 -0.009801 3.461700
v 0.676023 -0.009801 3.461700
v 0.634223 0.250099 3.461700
v 0.676023 0.250099 3.461700
v 0.634223 0.250099 3.426400
v 0.676023 0.250099 3.426400
v 0.634223 -0.009801 3.426400
v 0.676023 -0.009801 3.426400
v 0.634223 0.203599 3.351700
v 0.676023 0.203599 3.351700
v 0.634223 0.203599 3.419300
v 0.676023 0.203599 3.419300
v 0.634223 0.231199 3.419300
v 0.676023 0.231199 3.419300
v 0.634223 0.231199 3.351700
v 0.676023 0.231199 3.351700
v 0.333023 0.250099 3.405200
v 0.291223 0.250099 3.405200
v 0.333023 -0.009801 3.405200
v 0.291223 -0.009801 3.405200
v 0.333023 -0.009801 3.369900
v 0.291223 -0.009801 3.369900
v 0.333023 0.250099 3.369900
v 0.291223 0.250099 3.369900
v 0.333023 0.250099 3.533400
v 0.291223 0.250099 3.533400
v 0.333023 -0.009801 3.533400
v 0.291223 -0.009801 3.533400
v 0.333023 -0.009801 3.498100
v 0.291223 -0.009801 3.498100
v 0.333023 0.250099 3.498100
v 0.291223 0.250099 3.498100
v 0.333023 0.250099 3.808100
v 0.291223 0.250099 3.808100
v 0.333023 -0.009801 3.808100
v 0.291223 -0.009801 3.808100
v 0.333023 -0.009801 3.772800
v 0.291223 -0.009801 3.772800
v 0.333023 0.250099 3.772800
v 0.291223 0.250099 3.772800
v 0.333023 0.250099 3.671500
v 0.291223 0.250099 3.671500
v 0.333023 -0.009801 3.671500
v 0.291223 -0.009801 3.671500
v 0.333023 -0.009801 3.636200
v 0.291223 -0.009801 3.636200
v 0.333023 0.250099 3.636200
v 0.291223 0.250099 3.636200
v 0.311723 -0.031900 3.025900
v 0.656923 -0.031900 3.025900
v 0.311723 0.272000 3.025900
v 0.656923 0.272000 3.025900
v 0.311723 0.272000 2.491600
v 0.656923 0.272000 2.491600
v 0.311723 -0.031900 2.491600
v 0.656923 -0.031900 2.491600
v 0.656923 0.026600 2.985100
v 0.656923 0.026600 2.656400
v 0.656923 0.213500 2.656400
v 0.656923 0.213500 2.985100
v 0.662223 0.026600 2.985100
v 0.662223 0.026600 2.656400
v 0.662223 0.213500 2.656400
v 0.662223 0.213500 2.985100
v 0.634223 -0.009800 2.628500
v 0.676023 -0.009800 2.628500
v 0.634223 0.250100 2.628500
v 0.676023 0.250100 2.628500
v 0.634223 0.250100 2.593200
v 0.676023 0.250100 2.593200
v 0.634223 -0.009800 2.593200
v 0.676023 -0.009800 2.593200
v 0.634223 0.203600 2.518500
v 0.676023 0.203600 2.518500
v 0.634223 0.203600 2.586100
v 0.676023 0.203600 2.586100
v 0.634223 0.231200 2.586100
v 0.676023 0.231200 2.586100
v 0.634223 0.231200 2.518500
v 0.676023 0.231200 2.518500
v 0.333023 0.250100 2.572000
v 0.291223 0.250100 2.572000
v 0.333023 -0.009800 2.572000
v 0.291223 -0.009800 2.572000
v 0.333023 -0.009800 2.536700
v 0.291223 -0.009800 2.536700
v 0.333023 0.250100 2.536700
v 0.291223 0.250100 2.536700
v 0.333023 0.250100 2.700200
v 0.291223 0.250100 2.700200
v 0.333023 -0.009800 2.700200
v 0.291223 -0.009800 2.700200
v 0.333023 -0.009800 2.664900
v 0.291223 -0.009800 2.664900
v 0.333023 0.250100 2.664900
v 0.291223 0.250100 2.664900
v 0.333023 0.250100 2.974900
v 0.291223 0.250100 2.974900
v 0.333023 -0.009800 2.974900
v 0.291223 -0.009800 2.974900
v 0.333023 -0.009800 2.939600
v 0.291223 -0.009800 2.939600
v 0.333023 0.250100 2.939600
v 0.291223 0.250100 2.939600
v 0.333023 0.250100 2.838300
v 0.291223 0.250100 2.838300
v 0.333023 -0.009800 2.838300
v 0.291223 -0.009800 2.838300
v 0.333023 -0.009800 2.803000
v 0.291223 -0.009800 2.803000
v 0.333023 0.250100 2.803000
v 0.291223 0.250100 2.803000
v 0.311723 -0.031900 1.750600
v 0.656923 -0.031900 1.750600
v 0.311723 0.272000 1.750600
v 0.656923 0.272000 1.750600
v 0.311723 0.272000 1.216300
v 0.656923 0.272000 1.216300
v 0.311723 -0.031900 1.216300
v 0.656923 -0.031900 1.216300
v 0.656923 0.026600 1.709800
v 0.656923 0.026600 1.381100
v 0.656923 0.213500 1.381100
v 0.656923 0.213500 1.709800
v 0.662223 0.026600 1.709800
v 0.662223 0.026600 1.381100
v 0.662223 0.213500 1.381100
v 0.662223 0.213500 1.709800
v 0.634223 -0.009800 1.353200
v 0.676023 -0.009800 1.353200
v 0.634223 0.250100 1.353200
v 0.676023 0.250100 1.353200
v 0.634223 0.250100 1.317900
v 0.676023 0.250100 1.317900
v 0.634223 -0.009800 1.317900
v 0.676023 -0.009800 1.317900
v 0.634223 0.203600 1.243200
v 0.676023 0.203600 1.243200
v 0.634223 0.203600 1.310800
v 0.676023 0.203600 1.310800
v 0.634223 0.231200 1.310800
v 0.676023 0.231200 1.310800
v 0.634223 0.231200 1.243200
v 0.676023 0.231200 1.243200
v 0.333023 0.250100 1.296700
v 0.291223 0.250100 1.296700
v 0.333023 -0.009800 1.296700
v 0.291223 -0.009800 1.296700
v 0.333023 -0.009800 1.261400
v 0.291223 -0.009800 1.261400
v 0.333023 0.250100 1.261400
v 0.291223 0.250100 1.261400
v 0.333023 0.250100 1.424900
v 0.291223 0.250100 1.424900
v 0.333023 -0.009800 1.424900
v 0.291223 -0.009800 1.424900
v 0.333023 -0.009800 1.389600
v 0.291223 -0.009800 1.389600
v 0.333023 0.250100 1.389600
v 0.291223 0.250100 1.389600
v 0.333023 0.250100 1.699600
v 0.291223 0.250100 1.699600
v 0.333023 -0.009800 1.699600
v 0.291223 -0.009800 1.699600
v 0.333023 -0.009800 1.664300
v 0.291223 -0.009800 1.664300
v 0.333023 0.250100 1.664300
v 0.291223 0.250100 1.664300
v 0.333023 0.250100 1.563000
v 0.291223 0.250100 1.563000
v 0.333023 -0.009800 1.563000
v 0.291223 -0.009800 1.563000
v 0.333023 -0.009800 1.527700
v 0.291223 -0.009800 1.527700
v 0.333023 0.250100 1.527700
v 0.291223 0.250100 1.527700
v 0.311723 -0.031900 0.917400
v 0.656923 -0.031900 0.917400
v 0.311723 0.272000 0.917400
v 0.656923 0.272000 0.917400
v 0.311723 0.272000 0.383100
v 0.656923 0.272000 0.383100
v 0.311723 -0.031900 0.383100
v 0.656923 -0.031900 0.383100
v 0.656923 0.026600 0.876600
v 0.656923 0.026600 0.547900
v 0.656923 0.213500 0.547900
v 0.656923 0.213500 0.876600
v 0.662223 0.026600 0.876600
v 0.662223 0.026600 0.547900
v 0.662223 0.213500 0.547900
v 0.662223 0.213500 0.876600
v 0.634223 -0.009800 0.520000
v 0.676023 -0.009800 0.520000
v 0.634223 0.250100 0.520000
v 0.676023 0.250100 0.520000
v 0.634223 0.250100 0.484700
v 0.676023 0.250100 0.484700
v 0.634223 -0.009800 0.484700
v 0.676023 -0.009800 0.484700
v 0.634223 0.203600 0.410000
v 0.676023 0.203600 0.410000
v 0.634223 0.203600 0.477600
v 0.676023 0.203600 0.477600
v 0.634223 0.231200 0.477600
v 0.676023 0.231200 0.477600
v 0.634223 0.231200 0.410000
v 0.676023 0.231200 0.410000
v 0.333023 0.250100 0.463500
v 0.291223 0.250100 0.463500
v 0.333023 -0.009800 0.463500
v 0.291223 -0.009800 0.463500
v 0.333023 -0.009800 0.428200
v 0.291223 -0.009800 0.428200
v 0.333023 0.250100 0.428200
v 0.291223 0.250100 0.428200
v 0.333023 0.250100 0.591700
v 0.291223 0.250100 0.591700
v 0.333023 -0.009800 0.591700
v 0.291223 -0.009800 0.591700
v 0.333023 -0.009800 0.556400
v 0.291223 -0.009800 0.556400
v 0.333023 0.250100 0.556400
v 0.291223 0.250100 0.556400
v 0.333023 0.250100 0.866400
v 0.291223 0.250100 0.866400
v 0.333023 -0.009800 0.866400
v 0.291223 -0.009800 0.866400
v 0.333023 -0.009800 0.831100
v 0.291223 -0.009800 0.831100
v 0.333023 0.250100 0.831100
v 0.291223 0.250100 0.831100
v 0.333023 0.250100 0.729800
v 0.291223 0.250100 0.729800
v 0.333023 -0.009800 0.729800
v 0.291223 -0.009800 0.729800
v 0.333023 -0.009800 0.694500
v 0.291223 -0.009800 0.694500
v 0.333023 0.250100 0.694500
v 0.291223 0.250100 0.694500
v 0.311723 -0.031900 -0.363500
v 0.656923 -0.031900 -0.363500
v 0.311723 0.272000 -0.363500
v 0.656923 0.272000 -0.363500
v 0.311723 0.272000 -0.897800
v 0.656923 0.272000 -0.897800
v 0.311723 -0.031900 -0.897800
v 0.656923 -0.031900 -0.897800
v 0.656923 0.026600 -0.404300
v 0.656923 0.026600 -0.733000
v 0.656923 0.213500 -0.733000
v 0.656923 0.213500 -0.404300
v 0.662223 0.026600 -0.404300
v 0.662223 0.026600 -0.733000
v 0.662223 0.213500 -0.733000
v 0.662223 0.213500 -0.404300
v 0.634223 -0.009800 -0.760900
v 0.676023 -0.009800 -0.760900
v 0.634223 0.250100 -0.760900
v 0.676023 0.250100 -0.760900
v 0.634223 0.250100 -0.796200
v 0.676023 0.250100 -0.796200
v 0.634223 -0.009800 -0.796200
v 0.676023 -0.009800 -0.796200
v 0.634223 0.203600 -0.870900
v 0.676023 0.203600 -0.870900
v 0.634223 0.203600 -0.803300
v 0.676023 0.203600 -0.803300
v 0.634223 0.231200 -0.803300
v 0.676023 0.231200 -0.803300
v 0.634223 0.231200 -0.870900
v 0.676023 0.231200 -0.870900
v 0.333023 0.250100 -0.817400
v 0.291223 0.250100 -0.817400
v 0.333023 -0.009800 -0.817400
v 0.291223 -0.009800 -0.817400
v 0.333023 -0.009800 -0.852700
v 0.291223 -0.009800 -0.852700
v 0.333023 0.250100 -0.852700
v 0.291223 0.250100 -0.852700
v 0.333023 0.250100 -0.689200
v 0.291223 0.250100 -0.689200
v 0.333023 -0.009800 -0.689200
v 0.291223 -0.009800 -0.689200
v 0.333023 -0.009800 -0.724500
v 0.291223 -0.009800 -0.724500
v 0.333023 0.250100 -0.724500
v 0.291223 0.250100 -0.724500
v 0.333023 0.250100 -0.414500
v 0.291223 0.250100 -0.414500
v 0.333023 -0.009800 -0.414500
v 0.291223 -0.009800 -0.414500
v 0.333023 -0.009800 -0.449800
v 0.291223 -0.009800 -0.449800
v 0.333023 0.250100 -0.449800
v 0.291223 0.250100 -0.449800
v 0.333023 0.250100 -0.551100
v 0.291223 0.250100 -0.551100
v 0.333023 -0.009800 -0.551100
v 0.291223 -0.009800 -0.551100
v 0.333023 -0.009800 -0.586400
v 0.291223 -0.009800 -0.586400
v 0.333023 0.250100 -0.586400
v 0.291223 0.250100 -0.586400
v 0.311723 -0.031900 -1.196700
v 0.656923 -0.031900 -1.196700
v 0.311723 0.272000 -1.196700
v 0.656923 0.272000 -1.196700
v 0.311723 0.272000 -1.731000
v 0.656923 0.272000 -1.731000
v 0.311723 -0.031900 -1.731000
v 0.656923 -0.031900 -1.731000
v 0.656923 0.026600 -1.237500
v 0.656923 0.026600 -1.566200
v 0.656923 0.213500 -1.566200
v 0.656923 0.213500 -1.237500
v 0.662223 0.026600 -1.237500
v 0.662223 0.026600 -1.566200
v 0.662223 0.213500 -1.566200
v 0.662223 0.213500 -1.237500
v 0.634223 -0.009800 -1.594100
v 0.676023 -0.009800 -1.594100
v 0.634223 0.250100 -1.594100
v 0.676023 0.250100 -1.594100
v 0.634223 0.250100 -1.629400
v 0.676023 0.250100 -1.629400
v 0.634223 -0.009800 -1.629400
v 0.676023 -0.009800 -1.629400
v 0.634223 0.203600 -1.704100
v 0.676023 0.203600 -1.704100
v 0.634223 0.203600 -1.636500
v 0.676023 0.203600 -1.636500
v 0.634223 0.231200 -1.636500
v 0.676023 0.231200 -1.636500
v 0.634223 0.231200 -1.704100
v 0.676023 0.231200 -1.704100
v 0.333023 0.250100 -1.650600
v 0.291223 0.250100 -1.650600
v 0.333023 -0.009800 -1.650600
v 0.291223 -0.009800 -1.650600
v 0.333023 -0.009800 -1.685900
v 0.291223 -0.009800 -1.685900
v 0.333023 0.250100 -1.685900
v 0.291223 0.250100 -1.685900
v 0.333023 0.250100 -1.522400
v 0.291223 0.250100 -1.522400
v 0.333023 -0.009800 -1.522400
v 0.291223 -0.009800 -1.522400
v 0.333023 -0.009800 -1.557700
v 0.291223 -0.009800 -1.557700
v 0.333023 0.250100 -1.557700
v 0.291223 0.250100 -1.557700
v 0.333023 0.250100 -1.247700
v 0.291223 0.250100 -1.247700
v 0.333023 -0.009800 -1.247700
v 0.291223 -0.009800 -1.247700
v 0.333023 -0.009800 -1.283000
v 0.291223 -0.009800 -1.283000
v 0.333023 0.250100 -1.283000
v 0.291223 0.250100 -1.283000
v 0.333023 0.250100 -1.384300
v 0.291223 0.250100 -1.384300
v 0.333023 -0.009800 -1.384300
v 0.291223 -0.009800 -1.384300
v 0.333023 -0.009800 -1.419600
v 0.291223 -0.009800 -1.419600
v 0.333023 0.250100 -1.419600
v 0.291223 0.250100 -1.419600
v 0.311723 -0.031900 -2.409000
v 0.656923 -0.031900 -2.409000
v 0.311723 0.272000 -2.409000
v 0.656923 0.272000 -2.409000
v 0.311723 0.272000 -2.943300
v 0.656923 0.272000 -2.943300
v 0.311723 -0.031900 -2.943300
v 0.656923 -0.031900 -2.943300
v 0.656923 0.026600 -2.449800
v 0.656923 0.026600 -2.778500
v 0.656923 0.213500 -2.778500
v 0.656923 0.213500 -2.449800
v 0.662223 0.026600 -2.449800
v 0.662223 0.026600 -2.778500
v 0.662223 0.213500 -2.778500
v 0.662223 0.213500 -2.449800
v 0.634223 -0.009800 -2.806400
v 0.676023 -0.009800 -2.806400
v 0.634223 0.250100 -2.806400
v 0.676023 0.250100 -2.806400
v 0.634223 0.250100 -2.841700
v 0.676023 0.250100 -2.841700
v 0.634223 -0.009800 -2.841700
v 0.676023 -0.009800 -2.841700
v 0.634223 0.203600 -2.916400
v 0.676023 0.203600 -2.916400
v 0.634223 0.203600 -2.848800
v 0.676023 0.203600 -2.848800
v 0.634223 0.231200 -2.848800
v 0.676023 0.231200 -2.848800
v 0.634223 0.231200 -2.916400
v 0.676023 0.231200 -2.916400
v 0.333023 0.250100 -2.862900
v 0.291223 0.250100 -2.862900
v 0.333023 -0.009800 -2.862900
v 0.291223 -0.009800 -2.862900
v 0.333023 -0.009800 -2.898200
v 0.291223 -0.009800 -2.898200
v 0.333023 0.250100 -2.898200
v 0.291223 0.250100 -2.898200
v 0.333023 0.250100 -2.734700
v 0.291223 0.250100 -2.734700
v 0.333023 -0.009800 -2.734700
v 0.291223 -0.009800 -2.734700
v 0.333023 -0.009800 -2.770000
v 0.291223 -0.009800 -2.770000
v 0.333023 0.250100 -2.770000
v 0.291223 0.250100 -2.770000
v 0.333023 0.250100 -2.460000
v 0.291223 0.250100 -2.460000
v 0.333023 -0.009800 -2.460000
v 0.291223 -0.009800 -2.460000
v 0.333023 -0.009800 -2.495300
v 0.291223 -0.009800 -2.495300
v 0.333023 0.250100 -2.495300
v 0.291223 0.250100 -2.495300
v 0.333023 0.250100 -2.596600
v 0.291223 0.250100 -2.596600
v 0.333023 -0.009800 -2.596600
v 0.291223 -0.009800 -2.596600
v 0.333023 -0.009800 -2.631900
v 0.291223 -0.009800 -2.631900
v 0.333023 0.250100 -2.631900
v 0.291223 0.250100 -2.631900
v 0.311723 -0.031899 -3.242200
v 0.656923 -0.031899 -3.242200
v 0.311723 0.272001 -3.242200
v 0.656923 0.272001 -3.242200
v 0.311723 0.272001 -3.776500
v 0.656923 0.272001 -3.776500
v 0.311723 -0.031899 -3.776500
v 0.656923 -0.031899 -3.776500
v 0.656923 0.026601 -3.283000
v 0.656923 0.026601 -3.611700
v 0.656923 0.213501 -3.611700
v 0.656923 0.213501 -3.283000
v 0.662223 0.026601 -3.283000
v 0.662223 0.026601 -3.611700
v 0.662223 0.213501 -3.611700
v 0.662223 0.213501 -3.283000
v 0.634223 -0.009799 -3.639600
v 0.676023 -0.009799 -3.639600
v 0.634223 0.250101 -3.639600
v 0.676023 0.250101 -3.639600
v 0.634223 0.250101 -3.674900
v 0.676023 0.250101 -3.674900
v 0.634223 -0.009799 -3.674900
v 0.676023 -0.009799 -3.674900
v 0.634223 0.203601 -3.749600
v 0.676023 0.203601 -3.749600
v 0.634223 0.203601 -3.682000
v 0.676023 0.203601 -3.682000
v 0.634223 0.231201 -3.682000
v 0.676023 0.231201 -3.682000
v 0.634223 0.231201 -3.749600
v 0.676023 0.231201 -3.749600
v 0.333023 0.250101 -3.696100
v 0.291223 0.250101 -3.696100
v 0.333023 -0.009799 -3.696100
v 0.291223 -0.009799 -3.696100
v 0.333023 -0.009799 -3.731400
v 0.291223 -0.009799 -3.731400
v 0.333023 0.250101 -3.731400
v 0.291223 0.250101 -3.731400
v 0.333023 0.250101 -3.567900
v 0.291223 0.250101 -3.567900
v 0.333023 -0.009799 -3.567900
v 0.291223 -0.009799 -3.567900
v 0.333023 -0.009799 -3.603200
v 0.291223 -0.009799 -3.603200
v 0.333023 0.250101 -3.603200
v 0.291223 0.250101 -3.603200
v 0.333023 0.250101 -3.293200
v 0.291223 0.250101 -3.293200
v 0.333023 -0.009799 -3.293200
v 0.291223 -0.009799 -3.293200
v 0.333023 -0.009799 -3.328500
v 0.291223 -0.009799 -3.328500
v 0.333023 0.250101 -3.328500
v 0.291223 0.250101 -3.328500
v 0.333023 0.250101 -3.429800
v 0.291223 0.250101 -3.429800
v 0.333023 -0.009799 -3.429800
v 0.291223 -0.009799 -3.429800
v 0.333023 -0.009799 -3.465100
v 0.291223 -0.009799 -3.465100
v 0.333023 0.250101 -3.465100
v 0.291223 0.250101 -3.465100
v 0.311723 -0.031899 -4.443000
v 0.656923 -0.031899 -4.443000
v 0.311723 0.272001 -4.443000
v 0.656923 0.272001 -4.443000
v 0.311723 0.272001 -4.977300
v 0.656923 0.272001 -4.977300
v 0.311723 -0.031899 -4.977300
v 0.656923 -0.031899 -4.977300
v 0.656923 0.026601 -4.483800
v 0.656923 0.026601 -4.812500
v 0.656923 0.213501 -4.812500
v 0.656923 0.213501 -4.483800
v 0.662223 0.026601 -4.483800
v 0.662223 0.026601 -4.812500
v 0.662223 0.213501 -4.812500
v 0.662223 0.213501 -4.483800
v 0.634223 -0.009799 -4.840400
v 0.676023 -0.009799 -4.840400
v 0.634223 0.250101 -4.840400
v 0.676023 0.250101 -4.840400
v 0.634223 0.250101 -4.875700
v 0.676023 0.250101 -4.875700
v 0.634223 -0.009799 -4.875700
v 0.676023 -0.009799 -4.875700
v 0.634223 0.203601 -4.950400
v 0.676023 0.203601 -4.950400
v 0.634223 0.203601 -4.882800
v 0.676023 0.203601 -4.882800
v 0.634223 0.231201 -4.882800
v 0.676023 0.231201 -4.882800
v 0.634223 0.231201 -4.950400
v 0.676023 0.231201 -4.950400
v 0.333023 0.250101 -4.896900
v 0.291223 0.250101 -4.896900
v 0.333023 -0.009799 -4.896900
v 0.291223 -0.009799 -4.896900
v 0.333023 -0.009799 -4.932200
v 0.291223 -0.009799 -4.932200
v 0.333023 0.250101 -4.932200
v 0.291223 0.250101 -4.932200
v 0.333023 0.250101 -4.768700
v 0.291223 0.250101 -4.768700
v 0.333023 -0.009799 -4.768700
v 0.291223 -0.009799 -4.768700
v 0.333023 -0.009799 -4.804000
v 0.291223 -0.009799 -4.804000
v 0.333023 0.250101 -4.804000
v 0.291223 0.250101 -4.804000
v 0.333023 0.250101 -4.494000
v 0.291223 0.250101 -4.494000
v 0.333023 -0.009799 -4.494000
v 0.291223 -0.009799 -4.494000
v 0.333023 -0.009799 -4.529300
v 0.291223 -0.009799 -4.529300
v 0.333023 0.250101 -4.529300
v 0.291223 0.250101 -4.529300
v 0.333023 0.250101 -4.630600
v 0.291223 0.250101 -4.630600
v 0.333023 -0.009799 -4.630600
v 0.291223 -0.009799 -4.630600
v 0.333023 -0.009799 -4.665900
v 0.291223 -0.009799 -4.665900
v 0.333023 0.250101 -4.665900
v 0.291223 0.250101 -4.665900
v 0.311723 -0.031899 -5.276200
v 0.656923 -0.031899 -5.276200
v 0.311723 0.272001 -5.276200
v 0.656923 0.272001 -5.276200
v 0.311723 0.272001 -5.810500
v 0.656923 0.272001 -5.810500
v 0.311723 -0.031899 -5.810500
v 0.656923 -0.031899 -5.810500
v 0.656923 0.026601 -5.317000
v 0.656923 0.026601 -5.645700
v 0.656923 0.213501 -5.645700
v 0.656923 0.213501 -5.317000
v 0.662223 0.026601 -5.317000
v 0.662223 0.026601 -5.645700
v 0.662223 0.213501 -5.645700
v 0.662223 0.213501 -5.317000
v 0.634223 -0.009799 -5.673600
v 0.676023 -0.009799 -5.673600
v 0.634223 0.250101 -5.673600
v 0.676023 0.250101 -5.673600
v 0.634223 0.250101 -5.708900
v 0.676023 0.250101 -5.708900
v 0.634223 -0.009799 -5.708900
v 0.676023 -0.009799 -5.708900
v 0.634223 0.203601 -5.783600
v 0.676023 0.203601 -5.783600
v 0.634223 0.203601 -5.716000
v 0.676023 0.203601 -5.716000
v 0.634223 0.231201 -5.716000
v 0.676023 0.231201 -5.716000
v 0.634223 0.231201 -5.783600
v 0.676023 0.231201 -5.783600
v 0.333023 0.250101 -5.730100
v 0.291223 0.250101 -5.730100
v 0.333023 -0.009799 -5.730100
v 0.291223 -0.009799 -5.730100
v 0.333023 -0.009799 -5.765400
v 0.291223 -0.009799 -5.765400
v 0.333023 0.250101 -5.765400
v 0.291223 0.250101 -5.765400
v 0.333023 0.250101 -5.601900
v 0.291223 0.250101 -5.601900
v 0.333023 -0.009799 -5.601900
v 0.291223 -0.009799 -5.601900
v 0.333023 -0.009799 -5.637200
v 0.291223 -0.009799 -5.637200
v 0.333023 0.250101 -5.637200
v 0.291223 0.250101 -5.637200
v 0.333023 0.250101 -5.327200
v 0.291223 0.250101 -5.327200
v 0.333023 -0.009799 -5.327200
v 0.291223 -0.009799 -5.327200
v 0.333023 -0.009799 -5.362500
v 0.291223 -0.009799 -5.362500
v 0.333023 0.250101 -5.362500
v 0.291223 0.250101 -5.362500
v 0.333023 0.250101 -5.463800
v 0.291223 0.250101 -5.463800
v 0.333023 -0.009799 -5.463800
v 0.291223 -0.009799 -5.463800
v 0.333023 -0.009799 -5.499100
v 0.291223 -0.009799 -5.499100
v 0.333023 0.250101 -5.499100
v 0.291223 0.250101 -5.499100
v 0.311723 -0.031899 -6.459200
v 0.656923 -0.031899 -6.459200
v 0.311723 0.272001 -6.459200
v 0.656923 0.272001 -6.459200
v 0.311723 0.272001 -6.993500
v 0.656923 0.272001 -6.993500
v 0.311723 -0.031899 -6.993500
v 0.656923 -0.031899 -6.993500
v 0.656923 0.026601 -6.500000
v 0.656923 0.026601 -6.828700
v 0.656923 0.213501 -6.828700
v 0.656923 0.213501 -6.500000
v 0.662223 0.026601 -6.500000
v 0.662223 0.026601 -6.828700
v 0.662223 0.213501 -6.828700
v 0.662223 0.213501 -6.500000
v 0.634223 -0.009799 -6.856600
v 0.676023 -0.009799 -6.856600
v 0.634223 0.250101 -6.856600
v 0.676023 0.250101 -6.856600
v 0.634223 0.250101 -6.891900
v 0.676023 0.250101 -6.891900
v 0.634223 -0.009799 -6.891900
v 0.676023 -0.009799 -6.891900
v 0.634223 0.203601 -6.966600
v 0.676023 0.203601 -6.966600
v 0.634223 0.203601 -6.899000
v 0.676023 0.203601 -6.899000
v 0.634223 0.231201 -6.899000
v 0.676023 0.231201 -6.899000
v 0.634223 0.231201 -6.966600
v 0.676023 0.231201 -6.966600
v 0.333023 0.250101 -6.913100
v 0.291223 0.250101 -6.913100
v 0.333023 -0.009799 -6.913100
v 0.291223 -0.009799 -6.913100
v 0.333023 -0.009799 -6.948400
v 0.291223 -0.009799 -6.948400
v 0.333023 0.250101 -6.948400
v 0.291223 0.250101 -6.948400
v 0.333023 0.250101 -6.784900
v 0.291223 0.250101 -6.784900
v 0.333023 -0.009799 -6.784900
v 0.291223 -0.009799 -6.784900
v 0.333023 -0.009799 -6.820200
v 0.291223 -0.009799 -6.820200
v 0.333023 0.250101 -6.820200
v 0.291223 0.250101 -6.820200
v 0.333023 0.250101 -6.510200
v 0.291223 0.250101 -6.510200
v 0.333023 -0.009799 -6.510200
v 0.291223 -0.009799 -6.510200
v 0.333023 -0.009799 -6.545500
v 0.291223 -0.009799 -6.545500
v 0.333023 0.250101 -6.545500
v 0.291223 0.250101 -6.545500
v 0.333023 0.250101 -6.646800
v 0.291223 0.250101 -6.646800
v 0.333023 -0.009799 -6.646800
v 0.291223 -0.009799 -6.646800
v 0.333023 -0.009799 -6.682100
v 0.291223 -0.009799 -6.682100
v 0.333023 0.250101 -6.682100
v 0.291223 0.250101 -6.682100
v 0.311723 -0.031899 -7.292400
v 0.656923 -0.031899 -7.292400
v 0.311723 0.272001 -7.292400
v 0.656923 0.272001 -7.292400
v 0.311723 0.272001 -7.826700
v 0.656923 0.272001 -7.826700
v 0.311723 -0.031899 -7.826700
v 0.656923 -0.031899 -7.826700
v 0.656923 0.026601 -7.333200
v 0.656923 0.026601 -7.661900
v 0.656923 0.213501 -7.661900
v 0.656923 0.213501 -7.333200
v 0.662223 0.026601 -7.333200
v 0.662223 0.026601 -7.661900
v 0.662223 0.213501 -7.661900
v 0.662223 0.213501 -7.333200
v 0.634223 -0.009799 -7.689800
v 0.676023 -0.009799 -7.689800
v 0.634223 0.250101 -7.689800
v 0.676023 0.250101 -7.689800
v 0.634223 0.250101 -7.725100
v 0.676023 0.250101 -7.725100
v 0.634223 -0.009799 -7.725100
v 0.676023 -0.009799 -7.725100
v 0.634223 0.203601 -7.799800
v 0.676023 0.203601 -7.799800
v 0.634223 0.203601 -7.732200
v 0.676023 0.203601 -7.732200
v 0.634223 0.231201 -7.732200
v 0.676023 0.231201 -7.732200
v 0.634223 0.231201 -7.799800
v 0.676023 0.231201 -7.799800
v 0.333023 0.250101 -7.746300
v 0.291223 0.250101 -7.746300
v 0.333023 -0.009799 -7.746300
v 0.291223 -0.009799 -7.746300
v 0.333023 -0.009799 -7.781600
v 0.291223 -0.009799 -7.781600
v 0.333023 0.250101 -7.781600
v 0.291223 0.250101 -7.781600
v 0.333023 0.250101 -7.618100
v 0.291223 0.250101 -7.618100
v 0.333023 -0.009799 -7.618100
v 0.291223 -0.009799 -7.618100
v 0.333023 -0.009799 -7.653400
v 0.291223 -0.009799 -7.653400
v 0.333023 0.250101 -7.653400
v 0.291223 0.250101 -7.653400
v 0.333023 0.250101 -7.343400
v 0.291223 0.250101 -7.343400
v 0.333023 -0.009799 -7.343400
v 0.291223 -0.009799 -7.343400
v 0.333023 -0.009799 -7.378700
v 0.291223 -0.009799 -7.378700
v 0.333023 0.250101 -7.378700
v 0.291223 0.250101 -7.378700
v 0.333023 0.250101 -7.480000
v 0.291223 0.250101 -7.480000
v 0.333023 -0.009799 -7.480000
v 0.291223 -0.009799 -7.480000
v 0.333023 -0.009799 -7.515300
v 0.291223 -0.009799 -7.515300
v 0.333023 0.250101 -7.515300
v 0.291223 0.250101 -7.515300
v 0.311723 -0.031899 -8.570000
v 0.656923 -0.031899 -8.570000
v 0.311723 0.272001 -8.570000
v 0.656923 0.272001 -8.570000
v 0.311723 0.272002 -9.104300
v 0.656923 0.272002 -9.104300
v 0.311723 -0.031899 -9.104300
v 0.656923 -0.031899 -9.104300
v 0.656923 0.026601 -8.610800
v 0.656923 0.026601 -8.939500
v 0.656923 0.213501 -8.939500
v 0.656923 0.213501 -8.610800
v 0.662223 0.026601 -8.610800
v 0.662223 0.026601 -8.939500
v 0.662223 0.213501 -8.939500
v 0.662223 0.213501 -8.610800
v 0.634223 -0.009799 -8.967400
v 0.676023 -0.009799 -8.967400
v 0.634223 0.250101 -8.967400
v 0.676023 0.250101 -8.967400
v 0.634223 0.250101 -9.002700
v 0.676023 0.250101 -9.002700
v 0.634223 -0.009799 -9.002700
v 0.676023 -0.009799 -9.002700
v 0.634223 0.203601 -9.077400
v 0.676023 0.203601 -9.077400
v 0.634223 0.203601 -9.009800
v 0.676023 0.203601 -9.009800
v 0.634223 0.231201 -9.009800
v 0.676023 0.231201 -9.009800
v 0.634223 0.231201 -9.077400
v 0.676023 0.231201 -9.077400
v 0.333023 0.250101 -9.023900
v 0.291223 0.250101 -9.023900
v 0.333023 -0.009799 -9.023900
v 0.291223 -0.009799 -9.023900
v 0.333023 -0.009799 -9.059199
v 0.291223 -0.009799 -9.059199
v 0.333023 0.250101 -9.059199
v 0.291223 0.250101 -9.059199
v 0.333023 0.250101 -8.895700
v 0.291223 0.250101 -8.895700
v 0.333023 -0.009799 -8.895700
v 0.291223 -0.009799 -8.895700
v 0.333023 -0.009799 -8.931000
v 0.291223 -0.009799 -8.931000
v 0.333023 0.250101 -8.931000
v 0.291223 0.250101 -8.931000
v 0.333023 0.250101 -8.620999
v 0.291223 0.250101 -8.620999
v 0.333023 -0.009799 -8.620999
v 0.291223 -0.009799 -8.620999
v 0.333023 -0.009799 -8.656300
v 0.291223 -0.009799 -8.656300
v 0.333023 0.250101 -8.656300
v 0.291223 0.250101 -8.656300
v 0.333023 0.250101 -8.757600
v 0.291223 0.250101 -8.757600
v 0.333023 -0.009799 -8.757600
v 0.291223 -0.009799 -8.757600
v 0.333023 -0.009799 -8.792900
v 0.291223 -0.009799 -8.792900
v 0.333023 0.250101 -8.792900
v 0.291223 0.250101 -8.792900
v 0.311723 -0.031898 -9.403200
v 0.656923 -0.031898 -9.403200
v 0.311723 0.272002 -9.403200
v 0.656923 0.272002 -9.403200
v 0.311723 0.272002 -9.937500
v 0.656923 0.272002 -9.937500
v 0.311723 -0.031898 -9.937500
v 0.656923 -0.031898 -9.937500
v 0.656923 0.026602 -9.443999
v 0.656923 0.026602 -9.772699
v 0.656923 0.213502 -9.772699
v 0.656923 0.213502 -9.443999
v 0.662223 0.026602 -9.443999
v 0.662223 0.026602 -9.772699
v 0.662223 0.213502 -9.772699
v 0.662223 0.213502 -9.443999
v 0.634223 -0.009798 -9.800600
v 0.676023 -0.009798 -9.800600
v 0.634223 0.250102 -9.800600
v 0.676023 0.250102 -9.800600
v 0.634223 0.250102 -9.835899
v 0.676023 0.250102 -9.835899
v 0.634223 -0.009798 -9.835899
v 0.676023 -0.009798 -9.835899
v 0.634223 0.203602 -9.910600
v 0.676023 0.203602 -9.910600
v 0.634223 0.203602 -9.842999
v 0.676023 0.203602 -9.842999
v 0.634223 0.231202 -9.842999
v 0.676023 0.231202 -9.842999
v 0.634223 0.231202 -9.910600
v 0.676023 0.231202 -9.910600
v 0.333023 0.250102 -9.857100
v 0.291223 0.250102 -9.857100
v 0.333023 -0.009798 -9.857100
v 0.291223 -0.009798 -9.857100
v 0.333023 -0.009798 -9.892400
v 0.291223 -0.009798 -9.892400
v 0.333023 0.250102 -9.892400
v 0.291223 0.250102 -9.892400
v 0.333023 0.250102 -9.728900
v 0.291223 0.250102 -9.728900
v 0.333023 -0.009798 -9.728900
v 0.291223 -0.009798 -9.728900
v 0.333023 -0.009798 -9.764200
v 0.291223 -0.009798 -9.764200
v 0.333023 0.250102 -9.764200
v 0.291223 0.250102 -9.764200
v 0.333023 0.250102 -9.454200
v 0.291223 0.250102 -9.454200
v 0.333023 -0.009798 -9.454200
v 0.291223 -0.009798 -9.454200
v 0.333023 -0.009798 -9.489500
v 0.291223 -0.009798 -9.489500
v 0.333023 0.250102 -9.489500
v 0.291223 0.250102 -9.489500
v 0.333023 0.250102 -9.590799
v 0.291223 0.250102 -9.590799
v 0.333023 -0.009798 -9.590799
v 0.291223 -0.009798 -9.590799
v 0.333023 -0.009798 -9.626100
v 0.291223 -0.009798 -9.626100
v 0.333023 0.250102 -9.626100
v 0.291223 0.250102 -9.626100
v 0.311723 -0.962602 9.959400
v 0.656923 -0.962602 9.959400
v 0.311723 -0.658702 9.959400
v 0.656923 -0.658702 9.959400
v 0.311723 -0.658702 9.425099
v 0.656923 -0.658702 9.425099
v 0.311723 -0.962602 9.425099
v 0.656923 -0.962602 9.425099
v 0.656923 -0.904102 9.918600
v 0.656923 -0.904102 9.589900
v 0.656923 -0.717202 9.589900
v 0.656923 -0.717202 9.918600
v 0.662223 -0.904102 9.918600
v 0.662223 -0.904102 9.589900
v 0.662223 -0.717202 9.589900
v 0.662223 -0.717202 9.918600
v 0.634223 -0.940502 9.561999
v 0.676023 -0.940502 9.561999
v 0.634223 -0.680602 9.561999
v 0.676023 -0.680602 9.561999
v 0.634223 -0.680602 9.526700
v 0.676023 -0.680602 9.526700
v 0.634223 -0.940502 9.526700
v 0.676023 -0.940502 9.526700
v 0.634223 -0.727102 9.452000
v 0.676023 -0.727102 9.452000
v 0.634223 -0.727102 9.519600
v 0.676023 -0.727102 9.519600
v 0.634223 -0.699502 9.519600
v 0.676023 -0.699502 9.519600
v 0.634223 -0.699502 9.452000
v 0.676023 -0.699502 9.452000
v 0.333023 -0.680602 9.505500
v 0.291223 -0.680602 9.505500
v 0.333023 -0.940502 9.505500
v 0.291223 -0.940502 9.505500
v 0.333023 -0.940502 9.470200
v 0.291223 -0.940502 9.470200
v 0.333023 -0.680602 9.470200
v 0.291223 -0.680602 9.470200
v 0.333023 -0.680602 9.633699
v 0.291223 -0.680602 9.633699
v 0.333023 -0.940502 9.633699
v 0.291223 -0.940502 9.633699
v 0.333023 -0.940502 9.598400
v 0.291223 -0.940502 9.598400
v 0.333023 -0.680602 9.598400
v 0.291223 -0.680602 9.598400
v 0.333023 -0.680602 9.908400
v 0.291223 -0.680602 9.908400
v 0.333023 -0.940502 9.908400
v 0.291223 -0.940502 9.908400
v 0.333023 -0.940502 9.873099
v 0.291223 -0.940502 9.873099
v 0.333023 -0.680602 9.873099
v 0.291223 -0.680602 9.873099
v 0.333023 -0.680602 9.771800
v 0.291223 -0.680602 9.771800
v 0.333023 -0.940502 9.771800
v 0.291223 -0.940502 9.771800
v 0.333023 -0.940502 9.736500
v 0.291223 -0.940502 9.736500
v 0.333023 -0.680602 9.736500
v 0.291223 -0.680602 9.736500
v 0.311723 -0.962601 9.126200
v 0.656923 -0.962601 9.126200
v 0.311723 -0.658701 9.126200
v 0.656923 -0.658701 9.126200
v 0.311723 -0.658701 8.591900
v 0.656923 -0.658701 8.591900
v 0.311723 -0.962601 8.591900
v 0.656923 -0.962601 8.591900
v 0.656923 -0.904101 9.085400
v 0.656923 -0.904101 8.756700
v 0.656923 -0.717201 8.756700
v 0.656923 -0.717201 9.085400
v 0.662223 -0.904101 9.085400
v 0.662223 -0.904101 8.756700
v 0.662223 -0.717201 8.756700
v 0.662223 -0.717201 9.085400
v 0.634223 -0.940501 8.728800
v 0.676023 -0.940501 8.728800
v 0.634223 -0.680601 8.728800
v 0.676023 -0.680601 8.728800
v 0.634223 -0.680601 8.693500
v 0.676023 -0.680601 8.693500
v 0.634223 -0.940501 8.693500
v 0.676023 -0.940501 8.693500
v 0.634223 -0.727101 8.618800
v 0.676023 -0.727101 8.618800
v 0.634223 -0.727101 8.686399
v 0.676023 -0.727101 8.686399
v 0.634223 -0.699501 8.686399
v 0.676023 -0.699501 8.686399
v 0.634223 -0.699501 8.618800
v 0.676023 -0.699501 8.618800
v 0.333023 -0.680601 8.672299
v 0.291223 -0.680601 8.672299
v 0.333023 -0.940501 8.672299
v 0.291223 -0.940501 8.672299
v 0.333023 -0.940501 8.637000
v 0.291223 -0.940501 8.637000
v 0.333023 -0.680601 8.637000
v 0.291223 -0.680601 8.637000
v 0.333023 -0.680601 8.800500
v 0.291223 -0.680601 8.800500
v 0.333023 -0.940501 8.800500
v 0.291223 -0.940501 8.800500
v 0.333023 -0.940501 8.765200
v 0.291223 -0.940501 8.765200
v 0.333023 -0.680601 8.765200
v 0.291223 -0.680601 8.765200
v 0.333023 -0.680601 9.075200
v 0.291223 -0.680601 9.075200
v 0.333023 -0.940502 9.075200
v 0.291223 -0.940502 9.075200
v 0.333023 -0.940502 9.039900
v 0.291223 -0.940502 9.039900
v 0.333023 -0.680601 9.039900
v 0.291223 -0.680601 9.039900
v 0.333023 -0.680601 8.938600
v 0.291223 -0.680601 8.938600
v 0.333023 -0.940501 8.938600
v 0.291223 -0.940501 8.938600
v 0.333023 -0.940501 8.903299
v 0.291223 -0.940501 8.903299
v 0.333023 -0.680601 8.903299
v 0.291223 -0.680601 8.903299
v 0.311723 -0.962601 7.912800
v 0.656923 -0.962601 7.912800
v 0.311723 -0.658701 7.912800
v 0.656923 -0.658701 7.912800
v 0.311723 -0.658701 7.378500
v 0.656923 -0.658701 7.378500
v 0.311723 -0.962601 7.378500
v 0.656923 -0.962601 7.378500
v 0.656923 -0.904101 7.872000
v 0.656923 -0.904101 7.543300
v 0.656923 -0.717201 7.543300
v 0.656923 -0.717201 7.872000
v 0.662223 -0.904101 7.872000
v 0.662223 -0.904101 7.543300
v 0.662223 -0.717201 7.543300
v 0.662223 -0.717201 7.872000
v 0.634223 -0.940501 7.515400
v 0.676023 -0.940501 7.515400
v 0.634223 -0.680601 7.515400
v 0.676023 -0.680601 7.515400
v 0.634223 -0.680601 7.480100
v 0.676023 -0.680601 7.480100
v 0.634223 -0.940501 7.480100
v 0.676023 -0.940501 7.480100
v 0.634223 -0.727101 7.405400
v 0.676023 -0.727101 7.405400
v 0.634223 -0.727101 7.473000
v 0.676023 -0.727101 7.473000
v 0.634223 -0.699501 7.473000
v 0.676023 -0.699501 7.473000
v 0.634223 -0.699501 7.405400
v 0.676023 -0.699501 7.405400
v 0.333023 -0.680601 7.458900
v 0.291223 -0.680601 7.458900
v 0.333023 -0.940501 7.458900
v 0.291223 -0.940501 7.458900
v 0.333023 -0.940501 7.423600
v 0.291223 -0.940501 7.423600
v 0.333023 -0.680601 7.423600
v 0.291223 -0.680601 7.423600
v 0.333023 -0.680601 7.587100
v 0.291223 -0.680601 7.587100
v 0.333023 -0.940501 7.587100
v 0.291223 -0.940501 7.587100
v 0.333023 -0.940501 7.551800
v 0.291223 -0.940501 7.551800
v 0.333023 -0.680601 7.551800
v 0.291223 -0.680601 7.551800
v 0.333023 -0.680601 7.861800
v 0.291223 -0.680601 7.861800
v 0.333023 -0.940501 7.861800
v 0.291223 -0.940501 7.861800
v 0.333023 -0.940501 7.826500
v 0.291223 -0.940501 7.826500
v 0.333023 -0.680601 7.826500
v 0.291223 -0.680601 7.826500
v 0.333023 -0.680601 7.725200
v 0.291223 -0.680601 7.725200
v 0.333023 -0.940501 7.725200
v 0.291223 -0.940501 7.725200
v 0.333023 -0.940501 7.689900
v 0.291223 -0.940501 7.689900
v 0.333023 -0.680601 7.689900
v 0.291223 -0.680601 7.689900
v 0.311723 -0.962601 7.079600
v 0.656923 -0.962601 7.079600
v 0.311723 -0.658701 7.079600
v 0.656923 -0.658701 7.079600
v 0.311723 -0.658701 6.545300
v 0.656923 -0.658701 6.545300
v 0.311723 -0.962601 6.545300
v 0.656923 -0.962601 6.545300
v 0.656923 -0.904101 7.038800
v 0.656923 -0.904101 6.710100
v 0.656923 -0.717201 6.710100
v 0.656923 -0.717201 7.038800
v 0.662223 -0.904101 7.038800
v 0.662223 -0.904101 6.710100
v 0.662223 -0.717201 6.710100
v 0.662223 -0.717201 7.038800
v 0.634223 -0.940501 6.682200
v 0.676023 -0.940501 6.682200
v 0.634223 -0.680601 6.682200
v 0.676023 -0.680601 6.682200
v 0.634223 -0.680601 6.646900
v 0.676023 -0.680601 6.646900
v 0.634223 -0.940501 6.646900
v 0.676023 -0.940501 6.646900
v 0.634223 -0.727101 6.572200
v 0.676023 -0.727101 6.572200
v 0.634223 -0.727101 6.639800
v 0.676023 -0.727101 6.639800
v 0.634223 -0.699501 6.639800
v 0.676023 -0.699501 6.639800
v 0.634223 -0.699501 6.572200
v 0.676023 -0.699501 6.572200
v 0.333023 -0.680601 6.625700
v 0.291223 -0.680601 6.625700
v 0.333023 -0.940501 6.625700
v 0.291223 -0.940501 6.625700
v 0.333023 -0.940501 6.590400
v 0.291223 -0.940501 6.590400
v 0.333023 -0.680601 6.590400
v 0.291223 -0.680601 6.590400
v 0.333023 -0.680601 6.753900
v 0.291223 -0.680601 6.753900
v 0.333023 -0.940501 6.753900
v 0.291223 -0.940501 6.753900
v 0.333023 -0.940501 6.718600
v 0.291223 -0.940501 6.718600
v 0.333023 -0.680601 6.718600
v 0.291223 -0.680601 6.718600
v 0.333023 -0.680601 7.028600
v 0.291223 -0.680601 7.028600
v 0.333023 -0.940501 7.028600
v 0.291223 -0.940501 7.028600
v 0.333023 -0.940501 6.993300
v 0.291223 -0.940501 6.993300
v 0.333023 -0.680601 6.993300
v 0.291223 -0.680601 6.993300
v 0.333023 -0.680601 6.892000
v 0.291223 -0.680601 6.892000
v 0.333023 -0.940501 6.892000
v 0.291223 -0.940501 6.892000
v 0.333023 -0.940501 6.856700
v 0.291223 -0.940501 6.856700
v 0.333023 -0.680601 6.856700
v 0.291223 -0.680601 6.856700
v 0.311723 -0.962601 5.888900
v 0.656923 -0.962601 5.888900
v 0.311723 -0.658701 5.888900
v 0.656923 -0.658701 5.888900
v 0.311723 -0.658701 5.354600
v 0.656923 -0.658701 5.354600
v 0.311723 -0.962601 5.354600
v 0.656923 -0.962601 5.354600
v 0.656923 -0.904101 5.848100
v 0.656923 -0.904101 5.519400
v 0.656923 -0.717201 5.519400
v 0.656923 -0.717201 5.848100
v 0.662223 -0.904101 5.848100
v 0.662223 -0.904101 5.519400
v 0.662223 -0.717201 5.519400
v 0.662223 -0.717201 5.848100
v 0.634223 -0.940501 5.491500
v 0.676023 -0.940501 5.491500
v 0.634223 -0.680601 5.491500
v 0.676023 -0.680601 5.491500
v 0.634223 -0.680601 5.456200
v 0.676023 -0.680601 5.456200
v 0.634223 -0.940501 5.456200
v 0.676023 -0.940501 5.456200
v 0.634223 -0.727101 5.381500
v 0.676023 -0.727101 5.381500
v 0.634223 -0.727101 5.449100
v 0.676023 -0.727101 5.449100
v 0.634223 -0.699501 5.449100
v 0.676023 -0.699501 5.449100
v 0.634223 -0.699501 5.381500
v 0.676023 -0.699501 5.381500
v 0.333023 -0.680601 5.435000
v 0.291223 -0.680601 5.435000
v 0.333023 -0.940501 5.435000
v 0.291223 -0.940501 5.435000
v 0.333023 -0.940501 5.399700
v 0.291223 -0.940501 5.399700
v 0.333023 -0.680601 5.399700
v 0.291223 -0.680601 5.399700
v 0.333023 -0.680601 5.563200
v 0.291223 -0.680601 5.563200
v 0.333023 -0.940501 5.563200
v 0.291223 -0.940501 5.563200
v 0.333023 -0.940501 5.527900
v 0.291223 -0.940501 5.527900
v 0.333023 -0.680601 5.527900
v 0.291223 -0.680601 5.527900
v 0.333023 -0.680601 5.837900
v 0.291223 -0.680601 5.837900
v 0.333023 -0.940501 5.837900
v 0.291223 -0.940501 5.837900
v 0.333023 -0.940501 5.802600
v 0.291223 -0.940501 5.802600
v 0.333023 -0.680601 5.802600
v 0.291223 -0.680601 5.802600
v 0.333023 -0.680601 5.701300
v 0.291223 -0.680601 5.701300
v 0.333023 -0.940501 5.701300
v 0.291223 -0.940501 5.701300
v 0.333023 -0.940501 5.666000
v 0.291223 -0.940501 5.666000
v 0.333023 -0.680601 5.666000
v 0.291223 -0.680601 5.666000
v 0.311723 -0.962601 5.055700
v 0.656923 -0.962601 5.055700
v 0.311723 -0.658701 5.055700
v 0.656923 -0.658701 5.055700
v 0.311723 -0.658701 4.521400
v 0.656923 -0.658701 4.521400
v 0.311723 -0.962601 4.521400
v 0.656923 -0.962601 4.521400
v 0.656923 -0.904101 5.014900
v 0.656923 -0.904101 4.686200
v 0.656923 -0.717201 4.686200
v 0.656923 -0.717201 5.014900
v 0.662223 -0.904101 5.014900
v 0.662223 -0.904101 4.686200
v 0.662223 -0.717201 4.686200
v 0.662223 -0.717201 5.014900
v 0.634223 -0.940501 4.658300
v 0.676023 -0.940501 4.658300
v 0.634223 -0.680601 4.658300
v 0.676023 -0.680601 4.658300
v 0.634223 -0.680601 4.623000
v 0.676023 -0.680601 4.623000
v 0.634223 -0.940501 4.623000
v 0.676023 -0.940501 4.623000
v 0.634223 -0.727101 4.548300
v 0.676023 -0.727101 4.548300
v 0.634223 -0.727101 4.615900
v 0.676023 -0.727101 4.615900
v 0.634223 -0.699501 4.615900
v 0.676023 -0.699501 4.615900
v 0.634223 -0.699501 4.548300
v 0.676023 -0.699501 4.548300
v 0.333023 -0.680601 4.601800
v 0.291223 -0.680601 4.601800
v 0.333023 -0.940501 4.601800
v 0.291223 -0.940501 4.601800
v 0.333023 -0.940501 4.566500
v 0.291223 -0.940501 4.566500
v 0.333023 -0.680601 4.566500
v 0.291223 -0.680601 4.566500
v 0.333023 -0.680601 4.730000
v 0.291223 -0.680601 4.730000
v 0.333023 -0.940501 4.730000
v 0.291223 -0.940501 4.730000
v 0.333023 -0.940501 4.694700
v 0.291223 -0.940501 4.694700
v 0.333023 -0.680601 4.694700
v 0.291223 -0.680601 4.694700
v 0.333023 -0.680601 5.004700
v 0.291223 -0.680601 5.004700
v 0.333023 -0.940501 5.004700
v 0.291223 -0.940501 5.004700
v 0.333023 -0.940501 4.969400
v 0.291223 -0.940501 4.969400
v 0.333023 -0.680601 4.969400
v 0.291223 -0.680601 4.969400
v 0.333023 -0.680601 4.868100
v 0.291223 -0.680601 4.868100
v 0.333023 -0.940501 4.868100
v 0.291223 -0.940501 4.868100
v 0.333023 -0.940501 4.832800
v 0.291223 -0.940501 4.832800
v 0.333023 -0.680601 4.832800
v 0.291223 -0.680601 4.832800
v 0.311723 -0.962601 3.859100
v 0.656923 -0.962601 3.859100
v 0.311723 -0.658701 3.859100
v 0.656923 -0.658701 3.859100
v 0.311723 -0.658701 3.324800
v 0.656923 -0.658701 3.324800
v 0.311723 -0.962601 3.324800
v 0.656923 -0.962601 3.324800
v 0.656923 -0.904101 3.818300
v 0.656923 -0.904101 3.489600
v 0.656923 -0.717201 3.489600
v 0.656923 -0.717201 3.818300
v 0.662223 -0.904101 3.818300
v 0.662223 -0.904101 3.489600
v 0.662223 -0.717201 3.489600
v 0.662223 -0.717201 3.818300
v 0.634223 -0.940501 3.461700
v 0.676023 -0.940501 3.461700
v 0.634223 -0.680601 3.461700
v 0.676023 -0.680601 3.461700
v 0.634223 -0.680601 3.426400
v 0.676023 -0.680601 3.426400
v 0.634223 -0.940501 3.426400
v 0.676023 -0.940501 3.426400
v 0.634223 -0.727101 3.351700
v 0.676023 -0.727101 3.351700
v 0.634223 -0.727101 3.419300
v 0.676023 -0.727101 3.419300
v 0.634223 -0.699501 3.419300
v 0.676023 -0.699501 3.419300
v 0.634223 -0.699501 3.351700
v 0.676023 -0.699501 3.351700
v 0.333023 -0.680601 3.405200
v 0.291223 -0.680601 3.405200
v 0.333023 -0.940501 3.405200
v 0.291223 -0.940501 3.405200
v 0.333023 -0.940501 3.369900
v 0.291223 -0.940501 3.369900
v 0.333023 -0.680601 3.369900
v 0.291223 -0.680601 3.369900
v 0.333023 -0.680601 3.533400
v 0.291223 -0.680601 3.533400
v 0.333023 -0.940501 3.533400
v 0.291223 -0.940501 3.533400
v 0.333023 -0.940501 3.498100
v 0.291223 -0.940501 3.498100
v 0.333023 -0.680601 3.498100
v 0.291223 -0.680601 3.498100
v 0.333023 -0.680601 3.808100
v 0.291223 -0.680601 3.808100
v 0.333023 -0.940501 3.808100
v 0.291223 -0.940501 3.808100
v 0.333023 -0.940501 3.772800
v 0.291223 -0.940501 3.772800
v 0.333023 -0.680601 3.772800
v 0.291223 -0.680601 3.772800
v 0.333023 -0.680601 3.671500
v 0.291223 -0.680601 3.671500
v 0.333023 -0.940501 3.671500
v 0.291223 -0.940501 3.671500
v 0.333023 -0.940501 3.636200
v 0.291223 -0.940501 3.636200
v 0.333023 -0.680601 3.636200
v 0.291223 -0.680601 3.636200
v 0.311723 -0.962600 3.025900
v 0.656923 -0.962600 3.025900
v 0.311723 -0.658700 3.025900
v 0.656923 -0.658700 3.025900
v 0.311723 -0.658700 2.491600
v 0.656923 -0.658700 2.491600
v 0.311723 -0.962600 2.491600
v 0.656923 -0.962600 2.491600
v 0.656923 -0.904100 2.985100
v 0.656923 -0.904100 2.656400
v 0.656923 -0.717200 2.656400
v 0.656923 -0.717200 2.985100
v 0.662223 -0.904100 2.985100
v 0.662223 -0.904100 2.656400
v 0.662223 -0.717200 2.656400
v 0.662223 -0.717200 2.985100
v 0.634223 -0.940500 2.628500
v 0.676023 -0.940500 2.628500
v 0.634223 -0.680600 2.628500
v 0.676023 -0.680600 2.628500
v 0.634223 -0.680600 2.593200
v 0.676023 -0.680600 2.593200
v 0.634223 -0.940500 2.593200
v 0.676023 -0.940500 2.593200
v 0.634223 -0.727100 2.518500
v 0.676023 -0.727100 2.518500
v 0.634223 -0.727100 2.586100
v 0.676023 -0.727100 2.586100
v 0.634223 -0.699500 2.586100
v 0.676023 -0.699500 2.586100
v 0.634223 -0.699500 2.518500
v 0.676023 -0.699500 2.518500
v 0.333023 -0.680600 2.572000
v 0.291223 -0.680600 2.572000
v 0.333023 -0.940500 2.572000
v 0.291223 -0.940500 2.572000
v 0.333023 -0.940500 2.536700
v 0.291223 -0.940500 2.536700
v 0.333023 -0.680600 2.536700
v 0.291223 -0.680600 2.536700
v 0.333023 -0.680600 2.700200
v 0.291223 -0.680600 2.700200
v 0.333023 -0.940500 2.700200
v 0.291223 -0.940500 2.700200
v 0.333023 -0.940500 2.664900
v 0.291223 -0.940500 2.664900
v 0.333023 -0.680600 2.664900
v 0.291223 -0.680600 2.664900
v 0.333023 -0.680600 2.974900
v 0.291223 -0.680600 2.974900
v 0.333023 -0.940500 2.974900
v 0.291223 -0.940500 2.974900
v 0.333023 -0.940500 2.939600
v 0.291223 -0.940500 2.939600
v 0.333023 -0.680600 2.939600
v 0.291223 -0.680600 2.939600
v 0.333023 -0.680600 2.838300
v 0.291223 -0.680600 2.838300
v 0.333023 -0.940500 2.838300
v 0.291223 -0.940500 2.838300
v 0.333023 -0.940500 2.803000
v 0.291223 -0.940500 2.803000
v 0.333023 -0.680600 2.803000
v 0.291223 -0.680600 2.803000
v 0.311723 -0.962600 1.750600
v 0.656923 -0.962600 1.750600
v 0.311723 -0.658700 1.750600
v 0.656923 -0.658700 1.750600
v 0.311723 -0.658700 1.216300
v 0.656923 -0.658700 1.216300
v 0.311723 -0.962600 1.216300
v 0.656923 -0.962600 1.216300
v 0.656923 -0.904100 1.709800
v 0.656923 -0.904100 1.381100
v 0.656923 -0.717200 1.381100
v 0.656923 -0.717200 1.709800
v 0.662223 -0.904100 1.709800
v 0.662223 -0.904100 1.381100
v 0.662223 -0.717200 1.381100
v 0.662223 -0.717200 1.709800
v 0.634223 -0.940500 1.353200
v 0.676023 -0.940500 1.353200
v 0.634223 -0.680600 1.353200
v 0.676023 -0.680600 1.353200
v 0.634223 -0.680600 1.317900
v 0.676023 -0.680600 1.317900
v 0.634223 -0.940500 1.317900
v 0.676023 -0.940500 1.317900
v 0.634223 -0.727100 1.243200
v 0.676023 -0.727100 1.243200
v 0.634223 -0.727100 1.310800
v 0.676023 -0.727100 1.310800
v 0.634223 -0.699500 1.310800
v 0.676023 -0.699500 1.310800
v 0.634223 -0.699500 1.243200
v 0.676023 -0.699500 1.243200
v 0.333023 -0.680600 1.296700
v 0.291223 -0.680600 1.296700
v 0.333023 -0.940500 1.296700
v 0.291223 -0.940500 1.296700
v 0.333023 -0.940500 1.261400
v 0.291223 -0.940500 1.261400
v 0.333023 -0.680600 1.261400
v 0.291223 -0.680600 1.261400
v 0.333023 -0.680600 1.424900
v 0.291223 -0.680600 1.424900
v 0.333023 -0.940500 1.424900
v 0.291223 -0.940500 1.424900
v 0.333023 -0.940500 1.389600
v 0.291223 -0.940500 1.389600
v 0.333023 -0.680600 1.389600
v 0.291223 -0.680600 1.389600
v 0.333023 -0.680600 1.699600
v 0.291223 -0.680600 1.699600
v 0.333023 -0.940500 1.699600
v 0.291223 -0.940500 1.699600
v 0.333023 -0.940500 1.664300
v 0.291223 -0.940500 1.664300
v 0.333023 -0.680600 1.664300
v 0.291223 -0.680600 1.664300
v 0.333023 -0.680600 1.563000
v 0.291223 -0.680600 1.563000
v 0.333023 -0.940500 1.563000
v 0.291223 -0.940500 1.563000
v 0.333023 -0.940500 1.527700
v 0.291223 -0.940500 1.527700
v 0.333023 -0.680600 1.527700
v 0.291223 -0.680600 1.527700
v 0.311723 -0.962600 0.917400
v 0.656923 -0.962600 0.917400
v 0.311723 -0.658700 0.917400
v 0.656923 -0.658700 0.917400
v 0.311723 -0.658700 0.383100
v 0.656923 -0.658700 0.383100
v 0.311723 -0.962600 0.383100
v 0.656923 -0.962600 0.383100
v 0.656923 -0.904100 0.876600
v 0.656923 -0.904100 0.547900
v 0.656923 -0.717200 0.547900
v 0.656923 -0.717200 0.876600
v 0.662223 -0.904100 0.876600
v 0.662223 -0.904100 0.547900
v 0.662223 -0.717200 0.547900
v 0.662223 -0.717200 0.876600
v 0.634223 -0.940500 0.520000
v 0.676023 -0.940500 0.520000
v 0.634223 -0.680600 0.520000
v 0.676023 -0.680600 0.520000
v 0.634223 -0.680600 0.484700
v 0.676023 -0.680600 0.484700
v 0.634223 -0.940500 0.484700
v 0.676023 -0.940500 0.484700
v 0.634223 -0.727100 0.410000
v 0.676023 -0.727100 0.410000
v 0.634223 -0.727100 0.477600
v 0.676023 -0.727100 0.477600
v 0.634223 -0.699500 0.477600
v 0.676023 -0.699500 0.477600
v 0.634223 -0.699500 0.410000
v 0.676023 -0.699500 0.410000
v 0.333023 -0.680600 0.463500
v 0.291223 -0.680600 0.463500
v 0.333023 -0.940500 0.463500
v 0.291223 -0.940500 0.463500
v 0.333023 -0.940500 0.428200
v 0.291223 -0.940500 0.428200
v 0.333023 -0.680600 0.428200
v 0.291223 -0.680600 0.428200
v 0.333023 -0.680600 0.591700
v 0.291223 -0.680600 0.591700
v 0.333023 -0.940500 0.591700
v 0.291223 -0.940500 0.591700
v 0.333023 -0.940500 0.556400
v 0.291223 -0.940500 0.556400
v 0.333023 -0.680600 0.556400
v 0.291223 -0.680600 0.556400
v 0.333023 -0.680600 0.866400
v 0.291223 -0.680600 0.866400
v 0.333023 -0.940500 0.866400
v 0.291223 -0.940500 0.866400
v 0.333023 -0.940500 0.831100
v 0.291223 -0.940500 0.831100
v 0.333023 -0.680600 0.831100
v 0.291223 -0.680600 0.831100
v 0.333023 -0.680600 0.729800
v 0.291223 -0.680600 0.729800
v 0.333023 -0.940500 0.729800
v 0.291223 -0.940500 0.729800
v 0.333023 -0.940500 0.694500
v 0.291223 -0.940500 0.694500
v 0.333023 -0.680600 0.694500
v 0.291223 -0.680600 0.694500
v 0.311723 -0.962600 -0.363500
v 0.656923 -0.962600 -0.363500
v 0.311723 -0.658700 -0.363500
v 0.656923 -0.658700 -0.363500
v 0.311723 -0.658700 -0.897800
v 0.656923 -0.658700 -0.897800
v 0.311723 -0.962600 -0.897800
v 0.656923 -0.962600 -0.897800
v 0.656923 -0.904100 -0.404300
v 0.656923 -0.904100 -0.733000
v 0.656923 -0.717200 -0.733000
v 0.656923 -0.717200 -0.404300
v 0.662223 -0.904100 -0.404300
v 0.662223 -0.904100 -0.733000
v 0.662223 -0.717200 -0.733000
v 0.662223 -0.717200 -0.404300
v 0.634223 -0.940500 -0.760900
v 0.676023 -0.940500 -0.760900
v 0.634223 -0.680600 -0.760900
v 0.676023 -0.680600 -0.760900
v 0.634223 -0.680600 -0.796200
v 0.676023 -0.680600 -0.796200
v 0.634223 -0.940500 -0.796200
v 0.676023 -0.940500 -0.796200
v 0.634223 -0.727100 -0.870900
v 0.676023 -0.727100 -0.870900
v 0.634223 -0.727100 -0.803300
v 0.676023 -0.727100 -0.803300
v 0.634223 -0.699500 -0.803300
v 0.676023 -0.699500 -0.803300
v 0.634223 -0.699500 -0.870900
v 0.676023 -0.699500 -0.870900
v 0.333023 -0.680600 -0.817400
v 0.291223 -0.680600 -0.817400
v 0.333023 -0.940500 -0.817400
v 0.291223 -0.940500 -0.817400
v 0.333023 -0.940500 -0.852700
v 0.291223 -0.940500 -0.852700
v 0.333023 -0.680600 -0.852700
v 0.291223 -0.680600 -0.852700
v 0.333023 -0.680600 -0.689200
v 0.291223 -0.680600 -0.689200
v 0.333023 -0.940500 -0.689200
v 0.291223 -0.940500 -0.689200
v 0.333023 -0.940500 -0.724500
v 0.291223 -0.940500 -0.724500
v 0.333023 -0.680600 -0.724500
v 0.291223 -0.680600 -0.724500
v 0.333023 -0.680600 -0.414500
v 0.291223 -0.680600 -0.414500
v 0.333023 -0.940500 -0.414500
v 0.291223 -0.940500 -0.414500
v 0.333023 -0.940500 -0.449800
v 0.291223 -0.940500 -0.449800
v 0.333023 -0.680600 -0.449800
v 0.291223 -0.680600 -0.449800
v 0.333023 -0.680600 -0.551100
v 0.291223 -0.680600 -0.551100
v 0.333023 -0.940500 -0.551100
v 0.291223 -0.940500 -0.551100
v 0.333023 -0.940500 -0.586400
v 0.291223 -0.940500 -0.586400
v 0.333023 -0.680600 -0.586400
v 0.291223 -0.680600 -0.586400
v 0.311723 -0.962600 -1.196700
v 0.656923 -0.962600 -1.196700
v 0.311723 -0.658700 -1.196700
v 0.656923 -0.658700 -1.196700
v 0.311723 -0.658700 -1.731000
v 0.656923 -0.658700 -1.731000
v 0.311723 -0.962600 -1.731000
v 0.656923 -0.962600 -1.731000
v 0.656923 -0.904100 -1.237500
v 0.656923 -0.904100 -1.566200
v 0.656923 -0.717200 -1.566200
v 0.656923 -0.717200 -1.237500
v 0.662223 -0.904100 -1.237500
v 0.662223 -0.904100 -1.566200
v 0.662223 -0.717200 -1.566200
v 0.662223 -0.717200 -1.237500
v 0.634223 -0.940500 -1.594100
v 0.676023 -0.940500 -1.594100
v 0.634223 -0.680600 -1.594100
v 0.676023 -0.680600 -1.594100
v 0.634223 -0.680600 -1.629400
v 0.676023 -0.680600 -1.629400
v 0.634223 -0.940500 -1.629400
v 0.676023 -0.940500 -1.629400
v 0.634223 -0.727100 -1.704100
v 0.676023 -0.727100 -1.704100
v 0.634223 -0.727100 -1.636500
v 0.676023 -0.727100 -1.636500
v 0.634223 -0.699500 -1.636500
v 0.676023 -0.699500 -1.636500
v 0.634223 -0.699500 -1.704100
v 0.676023 -0.699500 -1.704100
v 0.333023 -0.680600 -1.650600
v 0.291223 -0.680600 -1.650600
v 0.333023 -0.940500 -1.650600
v 0.291223 -0.940500 -1.650600
v 0.333023 -0.940500 -1.685900
v 0.291223 -0.940500 -1.685900
v 0.333023 -0.680600 -1.685900
v 0.291223 -0.680600 -1.685900
v 0.333023 -0.680600 -1.522400
v 0.291223 -0.680600 -1.522400
v 0.333023 -0.940500 -1.522400
v 0.291223 -0.940500 -1.522400
v 0.333023 -0.940500 -1.557700
v 0.291223 -0.940500 -1.557700
v 0.333023 -0.680600 -1.557700
v 0.291223 -0.680600 -1.557700
v 0.333023 -0.680600 -1.247700
v 0.291223 -0.680600 -1.247700
v 0.333023 -0.940500 -1.247700
v 0.291223 -0.940500 -1.247700
v 0.333023 -0.940500 -1.283000
v 0.291223 -0.940500 -1.283000
v 0.333023 -0.680600 -1.283000
v 0.291223 -0.680600 -1.283000
v 0.333023 -0.680600 -1.384300
v 0.291223 -0.680600 -1.384300
v 0.333023 -0.940500 -1.384300
v 0.291223 -0.940500 -1.384300
v 0.333023 -0.940500 -1.419600
v 0.291223 -0.940500 -1.419600
v 0.333023 -0.680600 -1.419600
v 0.291223 -0.680600 -1.419600
v 0.311723 -0.962600 -2.409000
v 0.656923 -0.962600 -2.409000
v 0.311723 -0.658700 -2.409000
v 0.656923 -0.658700 -2.409000
v 0.311723 -0.658700 -2.943300
v 0.656923 -0.658700 -2.943300
v 0.311723 -0.962600 -2.943300
v 0.656923 -0.962600 -2.943300
v 0.656923 -0.904100 -2.449800
v 0.656923 -0.904100 -2.778500
v 0.656923 -0.717200 -2.778500
v 0.656923 -0.717200 -2.449800
v 0.662223 -0.904100 -2.449800
v 0.662223 -0.904100 -2.778500
v 0.662223 -0.717200 -2.778500
v 0.662223 -0.717200 -2.449800
v 0.634223 -0.940500 -2.806400
v 0.676023 -0.940500 -2.806400
v 0.634223 -0.680600 -2.806400
v 0.676023 -0.680600 -2.806400
v 0.634223 -0.680600 -2.841700
v 0.676023 -0.680600 -2.841700
v 0.634223 -0.940500 -2.841700
v 0.676023 -0.940500 -2.841700
v 0.634223 -0.727100 -2.916400
v 0.676023 -0.727100 -2.916400
v 0.634223 -0.727100 -2.848800
v 0.676023 -0.727100 -2.848800
v 0.634223 -0.699500 -2.848800
v 0.676023 -0.699500 -2.848800
v 0.634223 -0.699500 -2.916400
v 0.676023 -0.699500 -2.916400
v 0.333023 -0.680600 -2.862900
v 0.291223 -0.680600 -2.862900
v 0.333023 -0.940500 -2.862900
v 0.291223 -0.940500 -2.862900
v 0.333023 -0.940500 -2.898200
v 0.291223 -0.940500 -2.898200
v 0.333023 -0.680600 -2.898200
v 0.291223 -0.680600 -2.898200
v 0.333023 -0.680600 -2.734700
v 0.291223 -0.680600 -2.734700
v 0.333023 -0.940500 -2.734700
v 0.291223 -0.940500 -2.734700
v 0.333023 -0.940500 -2.770000
v 0.291223 -0.940500 -2.770000
v 0.333023 -0.680600 -2.770000
v 0.291223 -0.680600 -2.770000
v 0.333023 -0.680600 -2.460000
v 0.291223 -0.680600 -2.460000
v 0.333023 -0.940500 -2.460000
v 0.291223 -0.940500 -2.460000
v 0.333023 -0.940500 -2.495300
v 0.291223 -0.940500 -2.495300
v 0.333023 -0.680600 -2.495300
v 0.291223 -0.680600 -2.495300
v 0.333023 -0.680600 -2.596600
v 0.291223 -0.680600 -2.596600
v 0.333023 -0.940500 -2.596600
v 0.291223 -0.940500 -2.596600
v 0.333023 -0.940500 -2.631900
v 0.291223 -0.940500 -2.631900
v 0.333023 -0.680600 -2.631900
v 0.291223 -0.680600 -2.631900
v 0.311723 -0.962599 -3.242200
v 0.656923 -0.962599 -3.242200
v 0.311723 -0.658699 -3.242200
v 0.656923 -0.658699 -3.242200
v 0.311723 -0.658699 -3.776500
v 0.656923 -0.658699 -3.776500
v 0.311723 -0.962599 -3.776500
v 0.656923 -0.962599 -3.776500
v 0.656923 -0.904099 -3.283000
v 0.656923 -0.904099 -3.611700
v 0.656923 -0.717199 -3.611700
v 0.656923 -0.717199 -3.283000
v 0.662223 -0.904099 -3.283000
v 0.662223 -0.904099 -3.611700
v 0.662223 -0.717199 -3.611700
v 0.662223 -0.717199 -3.283000
v 0.634223 -0.940499 -3.639600
v 0.676023 -0.940499 -3.639600
v 0.634223 -0.680599 -3.639600
v 0.676023 -0.680599 -3.639600
v 0.634223 -0.680599 -3.674900
v 0.676023 -0.680599 -3.674900
v 0.634223 -0.940499 -3.674900
v 0.676023 -0.940499 -3.674900
v 0.634223 -0.727099 -3.749600
v 0.676023 -0.727099 -3.749600
v 0.634223 -0.727099 -3.682000
v 0.676023 -0.727099 -3.682000
v 0.634223 -0.699499 -3.682000
v 0.676023 -0.699499 -3.682000
v 0.634223 -0.699499 -3.749600
v 0.676023 -0.699499 -3.749600
v 0.333023 -0.680599 -3.696100
v 0.291223 -0.680599 -3.696100
v 0.333023 -0.940499 -3.696100
v 0.291223 -0.940499 -3.696100
v 0.333023 -0.940499 -3.731400
v 0.291223 -0.940499 -3.731400
v 0.333023 -0.680599 -3.731400
v 0.291223 -0.680599 -3.731400
v 0.333023 -0.680599 -3.567900
v 0.291223 -0.680599 -3.567900
v 0.333023 -0.940499 -3.567900
v 0.291223 -0.940499 -3.567900
v 0.333023 -0.940499 -3.603200
v 0.291223 -0.940499 -3.603200
v 0.333023 -0.680599 -3.603200
v 0.291223 -0.680599 -3.603200
v 0.333023 -0.680599 -3.293200
v 0.291223 -0.680599 -3.293200
v 0.333023 -0.940499 -3.293200
v 0.291223 -0.940499 -3.293200
v 0.333023 -0.940499 -3.328500
v 0.291223 -0.940499 -3.328500
v 0.333023 -0.680599 -3.328500
v 0.291223 -0.680599 -3.328500
v 0.333023 -0.680599 -3.429800
v 0.291223 -0.680599 -3.429800
v 0.333023 -0.940499 -3.429800
v 0.291223 -0.940499 -3.429800
v 0.333023 -0.940499 -3.465100
v 0.291223 -0.940499 -3.465100
v 0.333023 -0.680599 -3.465100
v 0.291223 -0.680599 -3.465100
v 0.311723 -0.962599 -4.443000
v 0.656923 -0.962599 -4.443000
v 0.311723 -0.658699 -4.443000
v 0.656923 -0.658699 -4.443000
v 0.311723 -0.658699 -4.977300
v 0.656923 -0.658699 -4.977300
v 0.311723 -0.962599 -4.977300
v 0.656923 -0.962599 -4.977300
v 0.656923 -0.904099 -4.483800
v 0.656923 -0.904099 -4.812500
v 0.656923 -0.717199 -4.812500
v 0.656923 -0.717199 -4.483800
v 0.662223 -0.904099 -4.483800
v 0.662223 -0.904099 -4.812500
v 0.662223 -0.717199 -4.812500
v 0.662223 -0.717199 -4.483800
v 0.634223 -0.940499 -4.840400
v 0.676023 -0.940499 -4.840400
v 0.634223 -0.680599 -4.840400
v 0.676023 -0.680599 -4.840400
v 0.634223 -0.680599 -4.875700
v 0.676023 -0.680599 -4.875700
v 0.634223 -0.940499 -4.875700
v 0.676023 -0.940499 -4.875700
v 0.634223 -0.727099 -4.950400
v 0.676023 -0.727099 -4.950400
v 0.634223 -0.727099 -4.882800
v 0.676023 -0.727099 -4.882800
v 0.634223 -0.699499 -4.882800
v 0.676023 -0.699499 -4.882800
v 0.634223 -0.699499 -4.950400
v 0.676023 -0.699499 -4.950400
v 0.333023 -0.680599 -4.896900
v 0.291223 -0.680599 -4.896900
v 0.333023 -0.940499 -4.896900
v 0.291223 -0.940499 -4.896900
v 0.333023 -0.940499 -4.932200
v 0.291223 -0.940499 -4.932200
v 0.333023 -0.680599 -4.932200
v 0.291223 -0.680599 -4.932200
v 0.333023 -0.680599 -4.768700
v 0.291223 -0.680599 -4.768700
v 0.333023 -0.940499 -4.768700
v 0.291223 -0.940499 -4.768700
v 0.333023 -0.940499 -4.804000
v 0.291223 -0.940499 -4.804000
v 0.333023 -0.680599 -4.804000
v 0.291223 -0.680599 -4.804000
v 0.333023 -0.680599 -4.494000
v 0.291223 -0.680599 -4.494000
v 0.333023 -0.940499 -4.494000
v 0.291223 -0.940499 -4.494000
v 0.333023 -0.940499 -4.529300
v 0.291223 -0.940499 -4.529300
v 0.333023 -0.680599 -4.529300
v 0.291223 -0.680599 -4.529300
v 0.333023 -0.680599 -4.630600
v 0.291223 -0.680599 -4.630600
v 0.333023 -0.940499 -4.630600
v 0.291223 -0.940499 -4.630600
v 0.333023 -0.940499 -4.665900
v 0.291223 -0.940499 -4.665900
v 0.333023 -0.680599 -4.665900
v 0.291223 -0.680599 -4.665900
v 0.311723 -0.962599 -5.276200
v 0.656923 -0.962599 -5.276200
v 0.311723 -0.658699 -5.276200
v 0.656923 -0.658699 -5.276200
v 0.311723 -0.658699 -5.810500
v 0.656923 -0.658699 -5.810500
v 0.311723 -0.962599 -5.810500
v 0.656923 -0.962599 -5.810500
v 0.656923 -0.904099 -5.317000
v 0.656923 -0.904099 -5.645700
v 0.656923 -0.717199 -5.645700
v 0.656923 -0.717199 -5.317000
v 0.662223 -0.904099 -5.317000
v 0.662223 -0.904099 -5.645700
v 0.662223 -0.717199 -5.645700
v 0.662223 -0.717199 -5.317000
v 0.634223 -0.940499 -5.673600
v 0.676023 -0.940499 -5.673600
v 0.634223 -0.680599 -5.673600
v 0.676023 -0.680599 -5.673600
v 0.634223 -0.680599 -5.708900
v 0.676023 -0.680599 -5.708900
v 0.634223 -0.940499 -5.708900
v 0.676023 -0.940499 -5.708900
v 0.634223 -0.727099 -5.783600
v 0.676023 -0.727099 -5.783600
v 0.634223 -0.727099 -5.716000
v 0.676023 -0.727099 -5.716000
v 0.634223 -0.699499 -5.716000
v 0.676023 -0.699499 -5.716000
v 0.634223 -0.699499 -5.783600
v 0.676023 -0.699499 -5.783600
v 0.333023 -0.680599 -5.730100
v 0.291223 -0.680599 -5.730100
v 0.333023 -0.940499 -5.730100
v 0.291223 -0.940499 -5.730100
v 0.333023 -0.940499 -5.765400
v 0.291223 -0.940499 -5.765400
v 0.333023 -0.680599 -5.765400
v 0.291223 -0.680599 -5.765400
v 0.333023 -0.680599 -5.601900
v 0.291223 -0.680599 -5.601900
v 0.333023 -0.940499 -5.601900
v 0.291223 -0.940499 -5.601900
v 0.333023 -0.940499 -5.637200
v 0.291223 -0.940499 -5.637200
v 0.333023 -0.680599 -5.637200
v 0.291223 -0.680599 -5.637200
v 0.333023 -0.680599 -5.327200
v 0.291223 -0.680599 -5.327200
v 0.333023 -0.940499 -5.327200
v 0.291223 -0.940499 -5.327200
v 0.333023 -0.940499 -5.362500
v 0.291223 -0.940499 -5.362500
v 0.333023 -0.680599 -5.362500
v 0.291223 -0.680599 -5.362500
v 0.333023 -0.680599 -5.463800
v 0.291223 -0.680599 -5.463800
v 0.333023 -0.940499 -5.463800
v 0.291223 -0.940499 -5.463800
v 0.333023 -0.940499 -5.499100
v 0.291223 -0.940499 -5.499100
v 0.333023 -0.680599 -5.499100
v 0.291223 -0.680599 -5.499100
v 0.311723 -0.962599 -6.459200
v 0.656923 -0.962599 -6.459200
v 0.311723 -0.658699 -6.459200
v 0.656923 -0.658699 -6.459200
v 0.311723 -0.658699 -6.993500
v 0.656923 -0.658699 -6.993500
v 0.311723 -0.962599 -6.993500
v 0.656923 -0.962599 -6.993500
v 0.656923 -0.904099 -6.500000
v 0.656923 -0.904099 -6.828700
v 0.656923 -0.717199 -6.828700
v 0.656923 -0.717199 -6.500000
v 0.662223 -0.904099 -6.500000
v 0.662223 -0.904099 -6.828700
v 0.662223 -0.717199 -6.828700
v 0.662223 -0.717199 -6.500000
v 0.634223 -0.940499 -6.856600
v 0.676023 -0.940499 -6.856600
v 0.634223 -0.680599 -6.856600
v 0.676023 -0.680599 -6.856600
v 0.634223 -0.680599 -6.891900
v 0.676023 -0.680599 -6.891900
v 0.634223 -0.940499 -6.891900
v 0.676023 -0.940499 -6.891900
v 0.634223 -0.727099 -6.966600
v 0.676023 -0.727099 -6.966600
v 0.634223 -0.727099 -6.899000
v 0.676023 -0.727099 -6.899000
v 0.634223 -0.699499 -6.899000
v 0.676023 -0.699499 -6.899000
v 0.634223 -0.699499 -6.966600
v 0.676023 -0.699499 -6.966600
v 0.333023 -0.680599 -6.913100
v 0.291223 -0.680599 -6.913100
v 0.333023 -0.940499 -6.913100
v 0.291223 -0.940499 -6.913100
v 0.333023 -0.940499 -6.948400
v 0.291223 -0.940499 -6.948400
v 0.333023 -0.680599 -6.948400
v 0.291223 -0.680599 -6.948400
v 0.333023 -0.680599 -6.784900
v 0.291223 -0.680599 -6.784900
v 0.333023 -0.940499 -6.784900
v 0.291223 -0.940499 -6.784900
v 0.333023 -0.940499 -6.820200
v 0.291223 -0.940499 -6.820200
v 0.333023 -0.680599 -6.820200
v 0.291223 -0.680599 -6.820200
v 0.333023 -0.680599 -6.510200
v 0.291223 -0.680599 -6.510200
v 0.333023 -0.940499 -6.510200
v 0.291223 -0.940499 -6.510200
v 0.333023 -0.940499 -6.545500
v 0.291223 -0.940499 -6.545500
v 0.333023 -0.680599 -6.545500
v 0.291223 -0.680599 -6.545500
v 0.333023 -0.680599 -6.646800
v 0.291223 -0.680599 -6.646800
v 0.333023 -0.940499 -6.646800
v 0.291223 -0.940499 -6.646800
v 0.333023 -0.940499 -6.682100
v 0.291223 -0.940499 -6.682100
v 0.333023 -0.680599 -6.682100
v 0.291223 -0.680599 -6.682100
v 0.311723 -0.962599 -7.292400
v 0.656923 -0.962599 -7.292400
v 0.311723 -0.658699 -7.292400
v 0.656923 -0.658699 -7.292400
v 0.311723 -0.658699 -7.826700
v 0.656923 -0.658699 -7.826700
v 0.311723 -0.962599 -7.826700
v 0.656923 -0.962599 -7.826700
v 0.656923 -0.904099 -7.333200
v 0.656923 -0.904099 -7.661900
v 0.656923 -0.717199 -7.661900
v 0.656923 -0.717199 -7.333200
v 0.662223 -0.904099 -7.333200
v 0.662223 -0.904099 -7.661900
v 0.662223 -0.717199 -7.661900
v 0.662223 -0.717199 -7.333200
v 0.634223 -0.940499 -7.689800
v 0.676023 -0.940499 -7.689800
v 0.634223 -0.680599 -7.689800
v 0.676023 -0.680599 -7.689800
v 0.634223 -0.680599 -7.725100
v 0.676023 -0.680599 -7.725100
v 0.634223 -0.940499 -7.725100
v 0.676023 -0.940499 -7.725100
v 0.634223 -0.727099 -7.799800
v 0.676023 -0.727099 -7.799800
v 0.634223 -0.727099 -7.732200
v 0.676023 -0.727099 -7.732200
v 0.634223 -0.699499 -7.732200
v 0.676023 -0.699499 -7.732200
v 0.634223 -0.699499 -7.799800
v 0.676023 -0.699499 -7.799800
v 0.333023 -0.680599 -7.746300
v 0.291223 -0.680599 -7.746300
v 0.333023 -0.940499 -7.746300
v 0.291223 -0.940499 -7.746300
v 0.333023 -0.940499 -7.781600
v 0.291223 -0.940499 -7.781600
v 0.333023 -0.680599 -7.781600
v 0.291223 -0.680599 -7.781600
v 0.333023 -0.680599 -7.618100
v 0.291223 -0.680599 -7.618100
v 0.333023 -0.940499 -7.618100
v 0.291223 -0.940499 -7.618100
v 0.333023 -0.940499 -7.653400
v 0.291223 -0.940499 -7.653400
v 0.333023 -0.680599 -7.653400
v 0.291223 -0.680599 -7.653400
v 0.333023 -0.680599 -7.343400
v 0.291223 -0.680599 -7.343400
v 0.333023 -0.940499 -7.343400
v 0.291223 -0.940499 -7.343400
v 0.333023 -0.940499 -7.378700
v 0.291223 -0.940499 -7.378700
v 0.333023 -0.680599 -7.378700
v 0.291223 -0.680599 -7.378700
v 0.333023 -0.680599 -7.480000
v 0.291223 -0.680599 -7.480000
v 0.333023 -0.940499 -7.480000
v 0.291223 -0.940499 -7.480000
v 0.333023 -0.940499 -7.515300
v 0.291223 -0.940499 -7.515300
v 0.333023 -0.680599 -7.515300
v 0.291223 -0.680599 -7.515300
v 0.311723 -0.962599 -8.570000
v 0.656923 -0.962599 -8.570000
v 0.311723 -0.658699 -8.570000
v 0.656923 -0.658699 -8.570000
v 0.311723 -0.658698 -9.104300
v 0.656923 -0.658698 -9.104300
v 0.311723 -0.962599 -9.104300
v 0.656923 -0.962599 -9.104300
v 0.656923 -0.904099 -8.610800
v 0.656923 -0.904099 -8.939500
v 0.656923 -0.717199 -8.939500
v 0.656923 -0.717199 -8.610800
v 0.662223 -0.904099 -8.610800
v 0.662223 -0.904099 -8.939500
v 0.662223 -0.717199 -8.939500
v 0.662223 -0.717199 -8.610800
v 0.634223 -0.940499 -8.967400
v 0.676023 -0.940499 -8.967400
v 0.634223 -0.680598 -8.967400
v 0.676023 -0.680598 -8.967400
v 0.634223 -0.680598 -9.002700
v 0.676023 -0.680598 -9.002700
v 0.634223 -0.940499 -9.002700
v 0.676023 -0.940499 -9.002700
v 0.634223 -0.727099 -9.077400
v 0.676023 -0.727099 -9.077400
v 0.634223 -0.727099 -9.009800
v 0.676023 -0.727099 -9.009800
v 0.634223 -0.699499 -9.009800
v 0.676023 -0.699499 -9.009800
v 0.634223 -0.699499 -9.077400
v 0.676023 -0.699499 -9.077400
v 0.333023 -0.680598 -9.023900
v 0.291223 -0.680598 -9.023900
v 0.333023 -0.940499 -9.023900
v 0.291223 -0.940499 -9.023900
v 0.333023 -0.940499 -9.059199
v 0.291223 -0.940499 -9.059199
v 0.333023 -0.680598 -9.059199
v 0.291223 -0.680598 -9.059199
v 0.333023 -0.680599 -8.895700
v 0.291223 -0.680599 -8.895700
v 0.333023 -0.940499 -8.895700
v 0.291223 -0.940499 -8.895700
v 0.333023 -0.940499 -8.931000
v 0.291223 -0.940499 -8.931000
v 0.333023 -0.680599 -8.931000
v 0.291223 -0.680599 -8.931000
v 0.333023 -0.680599 -8.620999
v 0.291223 -0.680599 -8.620999
v 0.333023 -0.940499 -8.620999
v 0.291223 -0.940499 -8.620999
v 0.333023 -0.940499 -8.656300
v 0.291223 -0.940499 -8.656300
v 0.333023 -0.680599 -8.656300
v 0.291223 -0.680599 -8.656300
v 0.333023 -0.680599 -8.757600
v 0.291223 -0.680599 -8.757600
v 0.333023 -0.940499 -8.757600
v 0.291223 -0.940499 -8.757600
v 0.333023 -0.940499 -8.792900
v 0.291223 -0.940499 -8.792900
v 0.333023 -0.680599 -8.792900
v 0.291223 -0.680599 -8.792900
v 0.311723 -0.962598 -9.403200
v 0.656923 -0.962598 -9.403200
v 0.311723 -0.658698 -9.403200
v 0.656923 -0.658698 -9.403200
v 0.311723 -0.658698 -9.937500
v 0.656923 -0.658698 -9.937500
v 0.311723 -0.962598 -9.937500
v 0.656923 -0.962598 -9.937500
v 0.656923 -0.904098 -9.443999
v 0.656923 -0.904098 -9.772699
v 0.656923 -0.717198 -9.772699
v 0.656923 -0.717198 -9.443999
v 0.662223 -0.904098 -9.443999
v 0.662223 -0.904098 -9.772699
v 0.662223 -0.717198 -9.772699
v 0.662223 -0.717198 -9.443999
v 0.634223 -0.940498 -9.800600
v 0.676023 -0.940498 -9.800600
v 0.634223 -0.680598 -9.800600
v 0.676023 -0.680598 -9.800600
v 0.634223 -0.680598 -9.835899
v 0.676023 -0.680598 -9.835899
v 0.634223 -0.940498 -9.835899
v 0.676023 -0.940498 -9.835899
v 0.634223 -0.727098 -9.910600
v 0.676023 -0.727098 -9.910600
v 0.634223 -0.727098 -9.842999
v 0.676023 -0.727098 -9.842999
v 0.634223 -0.699498 -9.842999
v 0.676023 -0.699498 -9.842999
v 0.634223 -0.699498 -9.910600
v 0.676023 -0.699498 -9.910600
v 0.333023 -0.680598 -9.857100
v 0.291223 -0.680598 -9.857100
v 0.333023 -0.940498 -9.857100
v 0.291223 -0.940498 -9.857100
v 0.333023 -0.940498 -9.892400
v 0.291223 -0.940498 -9.892400
v 0.333023 -0.680598 -9.892400
v 0.291223 -0.680598 -9.892400
v 0.333023 -0.680598 -9.728900
v 0.291223 -0.680598 -9.728900
v 0.333023 -0.940498 -9.728900
v 0.291223 -0.940498 -9.728900
v 0.333023 -0.940498 -9.764200
v 0.291223 -0.940498 -9.764200
v 0.333023 -0.680598 -9.764200
v 0.291223 -0.680598 -9.764200
v 0.333023 -0.680598 -9.454200
v 0.291223 -0.680598 -9.454200
v 0.333023 -0.940498 -9.454200
v 0.291223 -0.940498 -9.454200
v 0.333023 -0.940498 -9.489500
v 0.291223 -0.940498 -9.489500
v 0.333023 -0.680598 -9.489500
v 0.291223 -0.680598 -9.489500
v 0.333023 -0.680598 -9.590799
v 0.291223 -0.680598 -9.590799
v 0.333023 -0.940498 -9.590799
v 0.291223 -0.940498 -9.590799
v 0.333023 -0.940498 -9.626100
v 0.291223 -0.940498 -9.626100
v 0.333023 -0.680598 -9.626100
v 0.291223 -0.680598 -9.626100
v -0.327777 -0.962598 -9.940400
v -0.672977 -0.962598 -9.940400
v -0.327777 -0.658698 -9.940400
v -0.672977 -0.658698 -9.940400
v -0.327777 -0.658698 -9.406099
v -0.672977 -0.658698 -9.406099
v -0.327777 -0.962598 -9.406099
v -0.672977 -0.962598 -9.406099
v -0.672977 -0.904098 -9.899600
v -0.672977 -0.904098 -9.570900
v -0.672977 -0.717198 -9.570900
v -0.672977 -0.717198 -9.899600
v -0.678277 -0.904098 -9.899600
v -0.678277 -0.904098 -9.570900
v -0.678277 -0.717198 -9.570900
v -0.678277 -0.717198 -9.899600
v -0.650277 -0.940498 -9.543000
v -0.692077 -0.940498 -9.543000
v -0.650277 -0.680598 -9.543000
v -0.692077 -0.680598 -9.543000
v -0.650277 -0.680598 -9.507700
v -0.692077 -0.680598 -9.507700
v -0.650277 -0.940498 -9.507700
v -0.692077 -0.940498 -9.507700
v -0.650277 -0.727098 -9.433000
v -0.692077 -0.727098 -9.433000
v -0.650277 -0.727098 -9.500600
v -0.692077 -0.727098 -9.500600
v -0.650277 -0.699498 -9.500600
v -0.692077 -0.699498 -9.500600
v -0.650277 -0.699498 -9.433000
v -0.692077 -0.699498 -9.433000
v -0.349077 -0.680598 -9.486500
v -0.307277 -0.680598 -9.486500
v -0.349077 -0.940498 -9.486500
v -0.307277 -0.940498 -9.486500
v -0.349077 -0.940498 -9.451200
v -0.307277 -0.940498 -9.451200
v -0.349077 -0.680598 -9.451200
v -0.307277 -0.680598 -9.451200
v -0.349077 -0.680598 -9.614699
v -0.307277 -0.680598 -9.614699
v -0.349077 -0.940498 -9.614699
v -0.307277 -0.940498 -9.614699
v -0.349077 -0.940498 -9.579400
v -0.307277 -0.940498 -9.579400
v -0.349077 -0.680598 -9.579400
v -0.307277 -0.680598 -9.579400
v -0.349077 -0.680598 -9.889400
v -0.307277 -0.680598 -9.889400
v -0.349077 -0.940498 -9.889400
v -0.307277 -0.940498 -9.889400
v -0.349077 -0.940498 -9.854100
v -0.307277 -0.940498 -9.854100
v -0.349077 -0.680598 -9.854100
v -0.307277 -0.680598 -9.854100
v -0.349077 -0.680598 -9.752800
v -0.307277 -0.680598 -9.752800
v -0.349077 -0.940498 -9.752800
v -0.307277 -0.940498 -9.752800
v -0.349077 -0.940498 -9.717500
v -0.307277 -0.940498 -9.717500
v -0.349077 -0.680598 -9.717500
v -0.307277 -0.680598 -9.717500
v -0.327777 -0.962599 -9.107200
v -0.672977 -0.962599 -9.107200
v -0.327777 -0.658698 -9.107200
v -0.672977 -0.658698 -9.107200
v -0.327777 -0.658699 -8.572900
v -0.672977 -0.658699 -8.572900
v -0.327777 -0.962599 -8.572900
v -0.672977 -0.962599 -8.572900
v -0.672977 -0.904099 -9.066400
v -0.672977 -0.904099 -8.737700
v -0.672977 -0.717199 -8.737700
v -0.672977 -0.717198 -9.066400
v -0.678277 -0.904099 -9.066400
v -0.678277 -0.904099 -8.737700
v -0.678277 -0.717199 -8.737700
v -0.678277 -0.717198 -9.066400
v -0.650277 -0.940499 -8.709800
v -0.692077 -0.940499 -8.709800
v -0.650277 -0.680599 -8.709800
v -0.692077 -0.680599 -8.709800
v -0.650277 -0.680599 -8.674500
v -0.692077 -0.680599 -8.674500
v -0.650277 -0.940499 -8.674500
v -0.692077 -0.940499 -8.674500
v -0.650277 -0.727099 -8.599800
v -0.692077 -0.727099 -8.599800
v -0.650277 -0.727099 -8.667399
v -0.692077 -0.727099 -8.667399
v -0.650277 -0.699499 -8.667399
v -0.692077 -0.699499 -8.667399
v -0.650277 -0.699499 -8.599800
v -0.692077 -0.699499 -8.599800
v -0.349077 -0.680599 -8.653299
v -0.307277 -0.680599 -8.653299
v -0.349077 -0.940499 -8.653299
v -0.307277 -0.940499 -8.653299
v -0.349077 -0.940499 -8.618000
v -0.307277 -0.940499 -8.618000
v -0.349077 -0.680599 -8.618000
v -0.307277 -0.680599 -8.618000
v -0.349077 -0.680599 -8.781500
v -0.307277 -0.680599 -8.781500
v -0.349077 -0.940499 -8.781500
v -0.307277 -0.940499 -8.781500
v -0.349077 -0.940499 -8.746200
v -0.307277 -0.940499 -8.746200
v -0.349077 -0.680599 -8.746200
v -0.307277 -0.680599 -8.746200
v -0.349077 -0.680598 -9.056200
v -0.307277 -0.680598 -9.056200
v -0.349077 -0.940499 -9.056200
v -0.307277 -0.940499 -9.056200
v -0.349077 -0.940499 -9.020900
v -0.307277 -0.940499 -9.020900
v -0.349077 -0.680598 -9.020900
v -0.307277 -0.680598 -9.020900
v -0.349077 -0.680599 -8.919600
v -0.307277 -0.680599 -8.919600
v -0.349077 -0.940499 -8.919600
v -0.307277 -0.940499 -8.919600
v -0.349077 -0.940499 -8.884300
v -0.307277 -0.940499 -8.884300
v -0.349077 -0.680599 -8.884300
v -0.307277 -0.680599 -8.884300
v -0.327777 -0.962599 -7.893800
v -0.672977 -0.962599 -7.893800
v -0.327777 -0.658699 -7.893800
v -0.672977 -0.658699 -7.893800
v -0.327777 -0.658699 -7.359500
v -0.672977 -0.658699 -7.359500
v -0.327777 -0.962599 -7.359500
v -0.672977 -0.962599 -7.359500
v -0.672977 -0.904099 -7.853000
v -0.672977 -0.904099 -7.524300
v -0.672977 -0.717199 -7.524300
v -0.672977 -0.717199 -7.853000
v -0.678277 -0.904099 -7.853000
v -0.678277 -0.904099 -7.524300
v -0.678277 -0.717199 -7.524300
v -0.678277 -0.717199 -7.853000
v -0.650277 -0.940499 -7.496400
v -0.692077 -0.940499 -7.496400
v -0.650277 -0.680599 -7.496400
v -0.692077 -0.680599 -7.496400
v -0.650277 -0.680599 -7.461100
v -0.692077 -0.680599 -7.461100
v -0.650277 -0.940499 -7.461100
v -0.692077 -0.940499 -7.461100
v -0.650277 -0.727099 -7.386400
v -0.692077 -0.727099 -7.386400
v -0.650277 -0.727099 -7.454000
v -0.692077 -0.727099 -7.454000
v -0.650277 -0.699499 -7.454000
v -0.692077 -0.699499 -7.454000
v -0.650277 -0.699499 -7.386400
v -0.692077 -0.699499 -7.386400
v -0.349077 -0.680599 -7.439900
v -0.307277 -0.680599 -7.439900
v -0.349077 -0.940499 -7.439900
v -0.307277 -0.940499 -7.439900
v -0.349077 -0.940499 -7.404600
v -0.307277 -0.940499 -7.404600
v -0.349077 -0.680599 -7.404600
v -0.307277 -0.680599 -7.404600
v -0.349077 -0.680599 -7.568100
v -0.307277 -0.680599 -7.568100
v -0.349077 -0.940499 -7.568100
v -0.307277 -0.940499 -7.568100
v -0.349077 -0.940499 -7.532800
v -0.307277 -0.940499 -7.532800
v -0.349077 -0.680599 -7.532800
v -0.307277 -0.680599 -7.532800
v -0.349077 -0.680599 -7.842800
v -0.307277 -0.680599 -7.842800
v -0.349077 -0.940499 -7.842800
v -0.307277 -0.940499 -7.842800
v -0.349077 -0.940499 -7.807500
v -0.307277 -0.940499 -7.807500
v -0.349077 -0.680599 -7.807500
v -0.307277 -0.680599 -7.807500
v -0.349077 -0.680599 -7.706200
v -0.307277 -0.680599 -7.706200
v -0.349077 -0.940499 -7.706200
v -0.307277 -0.940499 -7.706200
v -0.349077 -0.940499 -7.670900
v -0.307277 -0.940499 -7.670900
v -0.349077 -0.680599 -7.670900
v -0.307277 -0.680599 -7.670900
v -0.327777 -0.962599 -7.060600
v -0.672977 -0.962599 -7.060600
v -0.327777 -0.658699 -7.060600
v -0.672977 -0.658699 -7.060600
v -0.327777 -0.658699 -6.526300
v -0.672977 -0.658699 -6.526300
v -0.327777 -0.962599 -6.526300
v -0.672977 -0.962599 -6.526300
v -0.672977 -0.904099 -7.019800
v -0.672977 -0.904099 -6.691100
v -0.672977 -0.717199 -6.691100
v -0.672977 -0.717199 -7.019800
v -0.678277 -0.904099 -7.019800
v -0.678277 -0.904099 -6.691100
v -0.678277 -0.717199 -6.691100
v -0.678277 -0.717199 -7.019800
v -0.650277 -0.940499 -6.663200
v -0.692077 -0.940499 -6.663200
v -0.650277 -0.680599 -6.663200
v -0.692077 -0.680599 -6.663200
v -0.650277 -0.680599 -6.627900
v -0.692077 -0.680599 -6.627900
v -0.650277 -0.940499 -6.627900
v -0.692077 -0.940499 -6.627900
v -0.650277 -0.727099 -6.553200
v -0.692077 -0.727099 -6.553200
v -0.650277 -0.727099 -6.620800
v -0.692077 -0.727099 -6.620800
v -0.650277 -0.699499 -6.620800
v -0.692077 -0.699499 -6.620800
v -0.650277 -0.699499 -6.553200
v -0.692077 -0.699499 -6.553200
v -0.349077 -0.680599 -6.606700
v -0.307277 -0.680599 -6.606700
v -0.349077 -0.940499 -6.606700
v -0.307277 -0.940499 -6.606700
v -0.349077 -0.940499 -6.571400
v -0.307277 -0.940499 -6.571400
v -0.349077 -0.680599 -6.571400
v -0.307277 -0.680599 -6.571400
v -0.349077 -0.680599 -6.734900
v -0.307277 -0.680599 -6.734900
v -0.349077 -0.940499 -6.734900
v -0.307277 -0.940499 -6.734900
v -0.349077 -0.940499 -6.699600
v -0.307277 -0.940499 -6.699600
v -0.349077 -0.680599 -6.699600
v -0.307277 -0.680599 -6.699600
v -0.349077 -0.680599 -7.009600
v -0.307277 -0.680599 -7.009600
v -0.349077 -0.940499 -7.009600
v -0.307277 -0.940499 -7.009600
v -0.349077 -0.940499 -6.974300
v -0.307277 -0.940499 -6.974300
v -0.349077 -0.680599 -6.974300
v -0.307277 -0.680599 -6.974300
v -0.349077 -0.680599 -6.873000
v -0.307277 -0.680599 -6.873000
v -0.349077 -0.940499 -6.873000
v -0.307277 -0.940499 -6.873000
v -0.349077 -0.940499 -6.837700
v -0.307277 -0.940499 -6.837700
v -0.349077 -0.680599 -6.837700
v -0.307277 -0.680599 -6.837700
v -0.327777 -0.962599 -5.869900
v -0.672977 -0.962599 -5.869900
v -0.327777 -0.658699 -5.869900
v -0.672977 -0.658699 -5.869900
v -0.327777 -0.658699 -5.335600
v -0.672977 -0.658699 -5.335600
v -0.327777 -0.962599 -5.335600
v -0.672977 -0.962599 -5.335600
v -0.672977 -0.904099 -5.829100
v -0.672977 -0.904099 -5.500400
v -0.672977 -0.717199 -5.500400
v -0.672977 -0.717199 -5.829100
v -0.678277 -0.904099 -5.829100
v -0.678277 -0.904099 -5.500400
v -0.678277 -0.717199 -5.500400
v -0.678277 -0.717199 -5.829100
v -0.650277 -0.940499 -5.472500
v -0.692077 -0.940499 -5.472500
v -0.650277 -0.680599 -5.472500
v -0.692077 -0.680599 -5.472500
v -0.650277 -0.680599 -5.437200
v -0.692077 -0.680599 -5.437200
v -0.650277 -0.940499 -5.437200
v -0.692077 -0.940499 -5.437200
v -0.650277 -0.727099 -5.362500
v -0.692077 -0.727099 -5.362500
v -0.650277 -0.727099 -5.430100
v -0.692077 -0.727099 -5.430100
v -0.650277 -0.699499 -5.430100
v -0.692077 -0.699499 -5.430100
v -0.650277 -0.699499 -5.362500
v -0.692077 -0.699499 -5.362500
v -0.349077 -0.680599 -5.416000
v -0.307277 -0.680599 -5.416000
v -0.349077 -0.940499 -5.416000
v -0.307277 -0.940499 -5.416000
v -0.349077 -0.940499 -5.380700
v -0.307277 -0.940499 -5.380700
v -0.349077 -0.680599 -5.380700
v -0.307277 -0.680599 -5.380700
v -0.349077 -0.680599 -5.544200
v -0.307277 -0.680599 -5.544200
v -0.349077 -0.940499 -5.544200
v -0.307277 -0.940499 -5.544200
v -0.349077 -0.940499 -5.508900
v -0.307277 -0.940499 -5.508900
v -0.349077 -0.680599 -5.508900
v -0.307277 -0.680599 -5.508900
v -0.349077 -0.680599 -5.818900
v -0.307277 -0.680599 -5.818900
v -0.349077 -0.940499 -5.818900
v -0.307277 -0.940499 -5.818900
v -0.349077 -0.940499 -5.783600
v -0.307277 -0.940499 -5.783600
v -0.349077 -0.680599 -5.783600
v -0.307277 -0.680599 -5.783600
v -0.349077 -0.680599 -5.682300
v -0.307277 -0.680599 -5.682300
v -0.349077 -0.940499 -5.682300
v -0.307277 -0.940499 -5.682300
v -0.349077 -0.940499 -5.647000
v -0.307277 -0.940499 -5.647000
v -0.349077 -0.680599 -5.647000
v -0.307277 -0.680599 -5.647000
v -0.327777 -0.962599 -5.036700
v -0.672977 -0.962599 -5.036700
v -0.327777 -0.658699 -5.036700
v -0.672977 -0.658699 -5.036700
v -0.327777 -0.658699 -4.502400
v -0.672977 -0.658699 -4.502400
v -0.327777 -0.962599 -4.502400
v -0.672977 -0.962599 -4.502400
v -0.672977 -0.904099 -4.995900
v -0.672977 -0.904099 -4.667200
v -0.672977 -0.717199 -4.667200
v -0.672977 -0.717199 -4.995900
v -0.678277 -0.904099 -4.995900
v -0.678277 -0.904099 -4.667200
v -0.678277 -0.717199 -4.667200
v -0.678277 -0.717199 -4.995900
v -0.650277 -0.940499 -4.639300
v -0.692077 -0.940499 -4.639300
v -0.650277 -0.680599 -4.639300
v -0.692077 -0.680599 -4.639300
v -0.650277 -0.680599 -4.604000
v -0.692077 -0.680599 -4.604000
v -0.650277 -0.940499 -4.604000
v -0.692077 -0.940499 -4.604000
v -0.650277 -0.727099 -4.529300
v -0.692077 -0.727099 -4.529300
v -0.650277 -0.727099 -4.596900
v -0.692077 -0.727099 -4.596900
v -0.650277 -0.699499 -4.596900
v -0.692077 -0.699499 -4.596900
v -0.650277 -0.699499 -4.529300
v -0.692077 -0.699499 -4.529300
v -0.349077 -0.680599 -4.582800
v -0.307277 -0.680599 -4.582800
v -0.349077 -0.940499 -4.582800
v -0.307277 -0.940499 -4.582800
v -0.349077 -0.940499 -4.547500
v -0.307277 -0.940499 -4.547500
v -0.349077 -0.680599 -4.547500
v -0.307277 -0.680599 -4.547500
v -0.349077 -0.680599 -4.711000
v -0.307277 -0.680599 -4.711000
v -0.349077 -0.940499 -4.711000
v -0.307277 -0.940499 -4.711000
v -0.349077 -0.940499 -4.675700
v -0.307277 -0.940499 -4.675700
v -0.349077 -0.680599 -4.675700
v -0.307277 -0.680599 -4.675700
v -0.349077 -0.680599 -4.985700
v -0.307277 -0.680599 -4.985700
v -0.349077 -0.940499 -4.985700
v -0.307277 -0.940499 -4.985700
v -0.349077 -0.940499 -4.950400
v -0.307277 -0.940499 -4.950400
v -0.349077 -0.680599 -4.950400
v -0.307277 -0.680599 -4.950400
v -0.349077 -0.680599 -4.849100
v -0.307277 -0.680599 -4.849100
v -0.349077 -0.940499 -4.849100
v -0.307277 -0.940499 -4.849100
v -0.349077 -0.940499 -4.813800
v -0.307277 -0.940499 -4.813800
v -0.349077 -0.680599 -4.813800
v -0.307277 -0.680599 -4.813800
v -0.327777 -0.962599 -3.840100
v -0.672977 -0.962599 -3.840100
v -0.327777 -0.658699 -3.840100
v -0.672977 -0.658699 -3.840100
v -0.327777 -0.658699 -3.305800
v -0.672977 -0.658699 -3.305800
v -0.327777 -0.962599 -3.305800
v -0.672977 -0.962599 -3.305800
v -0.672977 -0.904099 -3.799300
v -0.672977 -0.904099 -3.470600
v -0.672977 -0.717199 -3.470600
v -0.672977 -0.717199 -3.799300
v -0.678277 -0.904099 -3.799300
v -0.678277 -0.904099 -3.470600
v -0.678277 -0.717199 -3.470600
v -0.678277 -0.717199 -3.799300
v -0.650277 -0.940499 -3.442700
v -0.692077 -0.940499 -3.442700
v -0.650277 -0.680599 -3.442700
v -0.692077 -0.680599 -3.442700
v -0.650277 -0.680599 -3.407400
v -0.692077 -0.680599 -3.407400
v -0.650277 -0.940499 -3.407400
v -0.692077 -0.940499 -3.407400
v -0.650277 -0.727099 -3.332700
v -0.692077 -0.727099 -3.332700
v -0.650277 -0.727099 -3.400300
v -0.692077 -0.727099 -3.400300
v -0.650277 -0.699499 -3.400300
v -0.692077 -0.699499 -3.400300
v -0.650277 -0.699499 -3.332700
v -0.692077 -0.699499 -3.332700
v -0.349077 -0.680599 -3.386200
v -0.307277 -0.680599 -3.386200
v -0.349077 -0.940499 -3.386200
v -0.307277 -0.940499 -3.386200
v -0.349077 -0.940499 -3.350900
v -0.307277 -0.940499 -3.350900
v -0.349077 -0.680599 -3.350900
v -0.307277 -0.680599 -3.350900
v -0.349077 -0.680599 -3.514400
v -0.307277 -0.680599 -3.514400
v -0.349077 -0.940499 -3.514400
v -0.307277 -0.940499 -3.514400
v -0.349077 -0.940499 -3.479100
v -0.307277 -0.940499 -3.479100
v -0.349077 -0.680599 -3.479100
v -0.307277 -0.680599 -3.479100
v -0.349077 -0.680599 -3.789100
v -0.307277 -0.680599 -3.789100
v -0.349077 -0.940499 -3.789100
v -0.307277 -0.940499 -3.789100
v -0.349077 -0.940499 -3.753800
v -0.307277 -0.940499 -3.753800
v -0.349077 -0.680599 -3.753800
v -0.307277 -0.680599 -3.753800
v -0.349077 -0.680599 -3.652500
v -0.307277 -0.680599 -3.652500
v -0.349077 -0.940499 -3.652500
v -0.307277 -0.940499 -3.652500
v -0.349077 -0.940499 -3.617200
v -0.307277 -0.940499 -3.617200
v -0.349077 -0.680599 -3.617200
v -0.307277 -0.680599 -3.617200
v -0.327777 -0.962600 -3.006900
v -0.672977 -0.962600 -3.006900
v -0.327777 -0.658700 -3.006900
v -0.672977 -0.658700 -3.006900
v -0.327777 -0.658700 -2.472600
v -0.672977 -0.658700 -2.472600
v -0.327777 -0.962600 -2.472600
v -0.672977 -0.962600 -2.472600
v -0.672977 -0.904100 -2.966100
v -0.672977 -0.904100 -2.637400
v -0.672977 -0.717200 -2.637400
v -0.672977 -0.717200 -2.966100
v -0.678277 -0.904100 -2.966100
v -0.678277 -0.904100 -2.637400
v -0.678277 -0.717200 -2.637400
v -0.678277 -0.717200 -2.966100
v -0.650277 -0.940500 -2.609500
v -0.692077 -0.940500 -2.609500
v -0.650277 -0.680600 -2.609500
v -0.692077 -0.680600 -2.609500
v -0.650277 -0.680600 -2.574200
v -0.692077 -0.680600 -2.574200
v -0.650277 -0.940500 -2.574200
v -0.692077 -0.940500 -2.574200
v -0.650277 -0.727100 -2.499500
v -0.692077 -0.727100 -2.499500
v -0.650277 -0.727100 -2.567100
v -0.692077 -0.727100 -2.567100
v -0.650277 -0.699500 -2.567100
v -0.692077 -0.699500 -2.567100
v -0.650277 -0.699500 -2.499500
v -0.692077 -0.699500 -2.499500
v -0.349077 -0.680600 -2.553000
v -0.307277 -0.680600 -2.553000
v -0.349077 -0.940500 -2.553000
v -0.307277 -0.940500 -2.553000
v -0.349077 -0.940500 -2.517700
v -0.307277 -0.940500 -2.517700
v -0.349077 -0.680600 -2.517700
v -0.307277 -0.680600 -2.517700
v -0.349077 -0.680600 -2.681200
v -0.307277 -0.680600 -2.681200
v -0.349077 -0.940500 -2.681200
v -0.307277 -0.940500 -2.681200
v -0.349077 -0.940500 -2.645900
v -0.307277 -0.940500 -2.645900
v -0.349077 -0.680600 -2.645900
v -0.307277 -0.680600 -2.645900
v -0.349077 -0.680600 -2.955900
v -0.307277 -0.680600 -2.955900
v -0.349077 -0.940500 -2.955900
v -0.307277 -0.940500 -2.955900
v -0.349077 -0.940500 -2.920600
v -0.307277 -0.940500 -2.920600
v -0.349077 -0.680600 -2.920600
v -0.307277 -0.680600 -2.920600
v -0.349077 -0.680600 -2.819300
v -0.307277 -0.680600 -2.819300
v -0.349077 -0.940500 -2.819300
v -0.307277 -0.940500 -2.819300
v -0.349077 -0.940500 -2.784000
v -0.307277 -0.940500 -2.784000
v -0.349077 -0.680600 -2.784000
v -0.307277 -0.680600 -2.784000
v -0.327777 -0.962600 -1.731600
v -0.672977 -0.962600 -1.731600
v -0.327777 -0.658700 -1.731600
v -0.672977 -0.658700 -1.731600
v -0.327777 -0.658700 -1.197300
v -0.672977 -0.658700 -1.197300
v -0.327777 -0.962600 -1.197300
v -0.672977 -0.962600 -1.197300
v -0.672977 -0.904100 -1.690800
v -0.672977 -0.904100 -1.362100
v -0.672977 -0.717200 -1.362100
v -0.672977 -0.717200 -1.690800
v -0.678277 -0.904100 -1.690800
v -0.678277 -0.904100 -1.362100
v -0.678277 -0.717200 -1.362100
v -0.678277 -0.717200 -1.690800
v -0.650277 -0.940500 -1.334200
v -0.692077 -0.940500 -1.334200
v -0.650277 -0.680600 -1.334200
v -0.692077 -0.680600 -1.334200
v -0.650277 -0.680600 -1.298900
v -0.692077 -0.680600 -1.298900
v -0.650277 -0.940500 -1.298900
v -0.692077 -0.940500 -1.298900
v -0.650277 -0.727100 -1.224200
v -0.692077 -0.727100 -1.224200
v -0.650277 -0.727100 -1.291800
v -0.692077 -0.727100 -1.291800
v -0.650277 -0.699500 -1.291800
v -0.692077 -0.699500 -1.291800
v -0.650277 -0.699500 -1.224200
v -0.692077 -0.699500 -1.224200
v -0.349077 -0.680600 -1.277700
v -0.307277 -0.680600 -1.277700
v -0.349077 -0.940500 -1.277700
v -0.307277 -0.940500 -1.277700
v -0.349077 -0.940500 -1.242400
v -0.307277 -0.940500 -1.242400
v -0.349077 -0.680600 -1.242400
v -0.307277 -0.680600 -1.242400
v -0.349077 -0.680600 -1.405900
v -0.307277 -0.680600 -1.405900
v -0.349077 -0.940500 -1.405900
v -0.307277 -0.940500 -1.405900
v -0.349077 -0.940500 -1.370600
v -0.307277 -0.940500 -1.370600
v -0.349077 -0.680600 -1.370600
v -0.307277 -0.680600 -1.370600
v -0.349077 -0.680600 -1.680600
v -0.307277 -0.680600 -1.680600
v -0.349077 -0.940500 -1.680600
v -0.307277 -0.940500 -1.680600
v -0.349077 -0.940500 -1.645300
v -0.307277 -0.940500 -1.645300
v -0.349077 -0.680600 -1.645300
v -0.307277 -0.680600 -1.645300
v -0.349077 -0.680600 -1.544000
v -0.307277 -0.680600 -1.544000
v -0.349077 -0.940500 -1.544000
v -0.307277 -0.940500 -1.544000
v -0.349077 -0.940500 -1.508700
v -0.307277 -0.940500 -1.508700
v -0.349077 -0.680600 -1.508700
v -0.307277 -0.680600 -1.508700
v -0.327777 -0.962600 -0.898400
v -0.672977 -0.962600 -0.898400
v -0.327777 -0.658700 -0.898400
v -0.672977 -0.658700 -0.898400
v -0.327777 -0.658700 -0.364100
v -0.672977 -0.658700 -0.364100
v -0.327777 -0.962600 -0.364100
v -0.672977 -0.962600 -0.364100
v -0.672977 -0.904100 -0.857600
v -0.672977 -0.904100 -0.528900
v -0.672977 -0.717200 -0.528900
v -0.672977 -0.717200 -0.857600
v -0.678277 -0.904100 -0.857600
v -0.678277 -0.904100 -0.528900
v -0.678277 -0.717200 -0.528900
v -0.678277 -0.717200 -0.857600
v -0.650277 -0.940500 -0.501000
v -0.692077 -0.940500 -0.501000
v -0.650277 -0.680600 -0.501000
v -0.692077 -0.680600 -0.501000
v -0.650277 -0.680600 -0.465700
v -0.692077 -0.680600 -0.465700
v -0.650277 -0.940500 -0.465700
v -0.692077 -0.940500 -0.465700
v -0.650277 -0.727100 -0.391000
v -0.692077 -0.727100 -0.391000
v -0.650277 -0.727100 -0.458600
v -0.692077 -0.727100 -0.458600
v -0.650277 -0.699500 -0.458600
v -0.692077 -0.699500 -0.458600
v -0.650277 -0.699500 -0.391000
v -0.692077 -0.699500 -0.391000
v -0.349077 -0.680600 -0.444500
v -0.307277 -0.680600 -0.444500
v -0.349077 -0.940500 -0.444500
v -0.307277 -0.940500 -0.444500
v -0.349077 -0.940500 -0.409200
v -0.307277 -0.940500 -0.409200
v -0.349077 -0.680600 -0.409200
v -0.307277 -0.680600 -0.409200
v -0.349077 -0.680600 -0.572700
v -0.307277 -0.680600 -0.572700
v -0.349077 -0.940500 -0.572700
v -0.307277 -0.940500 -0.572700
v -0.349077 -0.940500 -0.537400
v -0.307277 -0.940500 -0.537400
v -0.349077 -0.680600 -0.537400
v -0.307277 -0.680600 -0.537400
v -0.349077 -0.680600 -0.847400
v -0.307277 -0.680600 -0.847400
v -0.349077 -0.940500 -0.847400
v -0.307277 -0.940500 -0.847400
v -0.349077 -0.940500 -0.812100
v -0.307277 -0.940500 -0.812100
v -0.349077 -0.680600 -0.812100
v -0.307277 -0.680600 -0.812100
v -0.349077 -0.680600 -0.710800
v -0.307277 -0.680600 -0.710800
v -0.349077 -0.940500 -0.710800
v -0.307277 -0.940500 -0.710800
v -0.349077 -0.940500 -0.675500
v -0.307277 -0.940500 -0.675500
v -0.349077 -0.680600 -0.675500
v -0.307277 -0.680600 -0.675500
v -0.327777 -0.962600 0.382500
v -0.672977 -0.962600 0.382500
v -0.327777 -0.658700 0.382500
v -0.672977 -0.658700 0.382500
v -0.327777 -0.658700 0.916800
v -0.672977 -0.658700 0.916800
v -0.327777 -0.962600 0.916800
v -0.672977 -0.962600 0.916800
v -0.672977 -0.904100 0.423300
v -0.672977 -0.904100 0.752000
v -0.672977 -0.717200 0.752000
v -0.672977 -0.717200 0.423300
v -0.678277 -0.904100 0.423300
v -0.678277 -0.904100 0.752000
v -0.678277 -0.717200 0.752000
v -0.678277 -0.717200 0.423300
v -0.650277 -0.940500 0.779900
v -0.692077 -0.940500 0.779900
v -0.650277 -0.680600 0.779900
v -0.692077 -0.680600 0.779900
v -0.650277 -0.680600 0.815200
v -0.692077 -0.680600 0.815200
v -0.650277 -0.940500 0.815200
v -0.692077 -0.940500 0.815200
v -0.650277 -0.727100 0.889900
v -0.692077 -0.727100 0.889900
v -0.650277 -0.727100 0.822300
v -0.692077 -0.727100 0.822300
v -0.650277 -0.699500 0.822300
v -0.692077 -0.699500 0.822300
v -0.650277 -0.699500 0.889900
v -0.692077 -0.699500 0.889900
v -0.349077 -0.680600 0.836400
v -0.307277 -0.680600 0.836400
v -0.349077 -0.940500 0.836400
v -0.307277 -0.940500 0.836400
v -0.349077 -0.940500 0.871700
v -0.307277 -0.940500 0.871700
v -0.349077 -0.680600 0.871700
v -0.307277 -0.680600 0.871700
v -0.349077 -0.680600 0.708200
v -0.307277 -0.680600 0.708200
v -0.349077 -0.940500 0.708200
v -0.307277 -0.940500 0.708200
v -0.349077 -0.940500 0.743500
v -0.307277 -0.940500 0.743500
v -0.349077 -0.680600 0.743500
v -0.307277 -0.680600 0.743500
v -0.349077 -0.680600 0.433500
v -0.307277 -0.680600 0.433500
v -0.349077 -0.940500 0.433500
v -0.307277 -0.940500 0.433500
v -0.349077 -0.940500 0.468800
v -0.307277 -0.940500 0.468800
v -0.349077 -0.680600 0.468800
v -0.307277 -0.680600 0.468800
v -0.349077 -0.680600 0.570100
v -0.307277 -0.680600 0.570100
v -0.349077 -0.940500 0.570100
v -0.307277 -0.940500 0.570100
v -0.349077 -0.940500 0.605400
v -0.307277 -0.940500 0.605400
v -0.349077 -0.680600 0.605400
v -0.307277 -0.680600 0.605400
v -0.327777 -0.962600 1.215700
v -0.672977 -0.962600 1.215700
v -0.327777 -0.658700 1.215700
v -0.672977 -0.658700 1.215700
v -0.327777 -0.658700 1.750000
v -0.672977 -0.658700 1.750000
v -0.327777 -0.962600 1.750000
v -0.672977 -0.962600 1.750000
v -0.672977 -0.904100 1.256500
v -0.672977 -0.904100 1.585200
v -0.672977 -0.717200 1.585200
v -0.672977 -0.717200 1.256500
v -0.678277 -0.904100 1.256500
v -0.678277 -0.904100 1.585200
v -0.678277 -0.717200 1.585200
v -0.678277 -0.717200 1.256500
v -0.650277 -0.940500 1.613100
v -0.692077 -0.940500 1.613100
v -0.650277 -0.680600 1.613100
v -0.692077 -0.680600 1.613100
v -0.650277 -0.680600 1.648400
v -0.692077 -0.680600 1.648400
v -0.650277 -0.940500 1.648400
v -0.692077 -0.940500 1.648400
v -0.650277 -0.727100 1.723100
v -0.692077 -0.727100 1.723100
v -0.650277 -0.727100 1.655500
v -0.692077 -0.727100 1.655500
v -0.650277 -0.699500 1.655500
v -0.692077 -0.699500 1.655500
v -0.650277 -0.699500 1.723100
v -0.692077 -0.699500 1.723100
v -0.349077 -0.680600 1.669600
v -0.307277 -0.680600 1.669600
v -0.349077 -0.940500 1.669600
v -0.307277 -0.940500 1.669600
v -0.349077 -0.940500 1.704900
v -0.307277 -0.940500 1.704900
v -0.349077 -0.680600 1.704900
v -0.307277 -0.680600 1.704900
v -0.349077 -0.680600 1.541400
v -0.307277 -0.680600 1.541400
v -0.349077 -0.940500 1.541400
v -0.307277 -0.940500 1.541400
v -0.349077 -0.940500 1.576700
v -0.307277 -0.940500 1.576700
v -0.349077 -0.680600 1.576700
v -0.307277 -0.680600 1.576700
v -0.349077 -0.680600 1.266700
v -0.307277 -0.680600 1.266700
v -0.349077 -0.940500 1.266700
v -0.307277 -0.940500 1.266700
v -0.349077 -0.940500 1.302000
v -0.307277 -0.940500 1.302000
v -0.349077 -0.680600 1.302000
v -0.307277 -0.680600 1.302000
v -0.349077 -0.680600 1.403300
v -0.307277 -0.680600 1.403300
v -0.349077 -0.940500 1.403300
v -0.307277 -0.940500 1.403300
v -0.349077 -0.940500 1.438600
v -0.307277 -0.940500 1.438600
v -0.349077 -0.680600 1.438600
v -0.307277 -0.680600 1.438600
v -0.327777 -0.962600 2.428000
v -0.672977 -0.962600 2.428000
v -0.327777 -0.658700 2.428000
v -0.672977 -0.658700 2.428000
v -0.327777 -0.658700 2.962300
v -0.672977 -0.658700 2.962300
v -0.327777 -0.962600 2.962300
v -0.672977 -0.962600 2.962300
v -0.672977 -0.904100 2.468800
v -0.672977 -0.904100 2.797500
v -0.672977 -0.717200 2.797500
v -0.672977 -0.717200 2.468800
v -0.678277 -0.904100 2.468800
v -0.678277 -0.904100 2.797500
v -0.678277 -0.717200 2.797500
v -0.678277 -0.717200 2.468800
v -0.650277 -0.940500 2.825400
v -0.692077 -0.940500 2.825400
v -0.650277 -0.680600 2.825400
v -0.692077 -0.680600 2.825400
v -0.650277 -0.680600 2.860700
v -0.692077 -0.680600 2.860700
v -0.650277 -0.940500 2.860700
v -0.692077 -0.940500 2.860700
v -0.650277 -0.727100 2.935400
v -0.692077 -0.727100 2.935400
v -0.650277 -0.727100 2.867800
v -0.692077 -0.727100 2.867800
v -0.650277 -0.699501 2.867800
v -0.692077 -0.699501 2.867800
v -0.650277 -0.699501 2.935400
v -0.692077 -0.699501 2.935400
v -0.349077 -0.680600 2.881900
v -0.307277 -0.680600 2.881900
v -0.349077 -0.940500 2.881900
v -0.307277 -0.940500 2.881900
v -0.349077 -0.940500 2.917200
v -0.307277 -0.940500 2.917200
v -0.349077 -0.680600 2.917200
v -0.307277 -0.680600 2.917200
v -0.349077 -0.680600 2.753700
v -0.307277 -0.680600 2.753700
v -0.349077 -0.940500 2.753700
v -0.307277 -0.940500 2.753700
v -0.349077 -0.940500 2.789000
v -0.307277 -0.940500 2.789000
v -0.349077 -0.680600 2.789000
v -0.307277 -0.680600 2.789000
v -0.349077 -0.680600 2.479000
v -0.307277 -0.680600 2.479000
v -0.349077 -0.940500 2.479000
v -0.307277 -0.940500 2.479000
v -0.349077 -0.940500 2.514300
v -0.307277 -0.940500 2.514300
v -0.349077 -0.680600 2.514300
v -0.307277 -0.680600 2.514300
v -0.349077 -0.680600 2.615600
v -0.307277 -0.680600 2.615600
v -0.349077 -0.940500 2.615600
v -0.307277 -0.940500 2.615600
v -0.349077 -0.940500 2.650900
v -0.307277 -0.940500 2.650900
v -0.349077 -0.680600 2.650900
v -0.307277 -0.680600 2.650900
v -0.327777 -0.962601 3.261200
v -0.672977 -0.962601 3.261200
v -0.327777 -0.658701 3.261200
v -0.672977 -0.658701 3.261200
v -0.327777 -0.658701 3.795500
v -0.672977 -0.658701 3.795500
v -0.327777 -0.962601 3.795500
v -0.672977 -0.962601 3.795500
v -0.672977 -0.904101 3.302000
v -0.672977 -0.904101 3.630700
v -0.672977 -0.717201 3.630700
v -0.672977 -0.717201 3.302000
v -0.678277 -0.904101 3.302000
v -0.678277 -0.904101 3.630700
v -0.678277 -0.717201 3.630700
v -0.678277 -0.717201 3.302000
v -0.650277 -0.940501 3.658600
v -0.692077 -0.940501 3.658600
v -0.650277 -0.680601 3.658600
v -0.692077 -0.680601 3.658600
v -0.650277 -0.680601 3.693900
v -0.692077 -0.680601 3.693900
v -0.650277 -0.940501 3.693900
v -0.692077 -0.940501 3.693900
v -0.650277 -0.727101 3.768600
v -0.692077 -0.727101 3.768600
v -0.650277 -0.727101 3.701000
v -0.692077 -0.727101 3.701000
v -0.650277 -0.699501 3.701000
v -0.692077 -0.699501 3.701000
v -0.650277 -0.699501 3.768600
v -0.692077 -0.699501 3.768600
v -0.349077 -0.680601 3.715100
v -0.307277 -0.680601 3.715100
v -0.349077 -0.940501 3.715100
v -0.307277 -0.940501 3.715100
v -0.349077 -0.940501 3.750400
v -0.307277 -0.940501 3.750400
v -0.349077 -0.680601 3.750400
v -0.307277 -0.680601 3.750400
v -0.349077 -0.680601 3.586900
v -0.307277 -0.680601 3.586900
v -0.349077 -0.940501 3.586900
v -0.307277 -0.940501 3.586900
v -0.349077 -0.940501 3.622200
v -0.307277 -0.940501 3.622200
v -0.349077 -0.680601 3.622200
v -0.307277 -0.680601 3.622200
v -0.349077 -0.680601 3.312200
v -0.307277 -0.680601 3.312200
v -0.349077 -0.940501 3.312200
v -0.307277 -0.940501 3.312200
v -0.349077 -0.940501 3.347500
v -0.307277 -0.940501 3.347500
v -0.349077 -0.680601 3.347500
v -0.307277 -0.680601 3.347500
v -0.349077 -0.680601 3.448800
v -0.307277 -0.680601 3.448800
v -0.349077 -0.940501 3.448800
v -0.307277 -0.940501 3.448800
v -0.349077 -0.940501 3.484100
v -0.307277 -0.940501 3.484100
v -0.349077 -0.680601 3.484100
v -0.307277 -0.680601 3.484100
v -0.327777 -0.962601 4.462000
v -0.672977 -0.962601 4.462000
v -0.327777 -0.658701 4.462000
v -0.672977 -0.658701 4.462000
v -0.327777 -0.658701 4.996300
v -0.672977 -0.658701 4.996300
v -0.327777 -0.962601 4.996300
v -0.672977 -0.962601 4.996300
v -0.672977 -0.904101 4.502800
v -0.672977 -0.904101 4.831500
v -0.672977 -0.717201 4.831500
v -0.672977 -0.717201 4.502800
v -0.678277 -0.904101 4.502800
v -0.678277 -0.904101 4.831500
v -0.678277 -0.717201 4.831500
v -0.678277 -0.717201 4.502800
v -0.650277 -0.940501 4.859400
v -0.692077 -0.940501 4.859400
v -0.650277 -0.680601 4.859400
v -0.692077 -0.680601 4.859400
v -0.650277 -0.680601 4.894700
v -0.692077 -0.680601 4.894700
v -0.650277 -0.940501 4.894700
v -0.692077 -0.940501 4.894700
v -0.650277 -0.727101 4.969400
v -0.692077 -0.727101 4.969400
v -0.650277 -0.727101 4.901800
v -0.692077 -0.727101 4.901800
v -0.650277 -0.699501 4.901800
v -0.692077 -0.699501 4.901800
v -0.650277 -0.699501 4.969400
v -0.692077 -0.699501 4.969400
v -0.349077 -0.680601 4.915900
v -0.307277 -0.680601 4.915900
v -0.349077 -0.940501 4.915900
v -0.307277 -0.940501 4.915900
v -0.349077 -0.940501 4.951200
v -0.307277 -0.940501 4.951200
v -0.349077 -0.680601 4.951200
v -0.307277 -0.680601 4.951200
v -0.349077 -0.680601 4.787700
v -0.307277 -0.680601 4.787700
v -0.349077 -0.940501 4.787700
v -0.307277 -0.940501 4.787700
v -0.349077 -0.940501 4.823000
v -0.307277 -0.940501 4.823000
v -0.349077 -0.680601 4.823000
v -0.307277 -0.680601 4.823000
v -0.349077 -0.680601 4.513000
v -0.307277 -0.680601 4.513000
v -0.349077 -0.940501 4.513000
v -0.307277 -0.940501 4.513000
v -0.349077 -0.940501 4.548300
v -0.307277 -0.940501 4.548300
v -0.349077 -0.680601 4.548300
v -0.307277 -0.680601 4.548300
v -0.349077 -0.680601 4.649600
v -0.307277 -0.680601 4.649600
v -0.349077 -0.940501 4.649600
v -0.307277 -0.940501 4.649600
v -0.349077 -0.940501 4.684900
v -0.307277 -0.940501 4.684900
v -0.349077 -0.680601 4.684900
v -0.307277 -0.680601 4.684900
v -0.327777 -0.962601 5.295200
v -0.672977 -0.962601 5.295200
v -0.327777 -0.658701 5.295200
v -0.672977 -0.658701 5.295200
v -0.327777 -0.658701 5.829500
v -0.672977 -0.658701 5.829500
v -0.327777 -0.962601 5.829500
v -0.672977 -0.962601 5.829500
v -0.672977 -0.904101 5.336000
v -0.672977 -0.904101 5.664700
v -0.672977 -0.717201 5.664700
v -0.672977 -0.717201 5.336000
v -0.678277 -0.904101 5.336000
v -0.678277 -0.904101 5.664700
v -0.678277 -0.717201 5.664700
v -0.678277 -0.717201 5.336000
v -0.650277 -0.940501 5.692600
v -0.692077 -0.940501 5.692600
v -0.650277 -0.680601 5.692600
v -0.692077 -0.680601 5.692600
v -0.650277 -0.680601 5.727900
v -0.692077 -0.680601 5.727900
v -0.650277 -0.940501 5.727900
v -0.692077 -0.940501 5.727900
v -0.650277 -0.727101 5.802600
v -0.692077 -0.727101 5.802600
v -0.650277 -0.727101 5.735000
v -0.692077 -0.727101 5.735000
v -0.650277 -0.699501 5.735000
v -0.692077 -0.699501 5.735000
v -0.650277 -0.699501 5.802600
v -0.692077 -0.699501 5.802600
v -0.349077 -0.680601 5.749100
v -0.307277 -0.680601 5.749100
v -0.349077 -0.940501 5.749100
v -0.307277 -0.940501 5.749100
v -0.349077 -0.940501 5.784400
v -0.307277 -0.940501 5.784400
v -0.349077 -0.680601 5.784400
v -0.307277 -0.680601 5.784400
v -0.349077 -0.680601 5.620900
v -0.307277 -0.680601 5.620900
v -0.349077 -0.940501 5.620900
v -0.307277 -0.940501 5.620900
v -0.349077 -0.940501 5.656200
v -0.307277 -0.940501 5.656200
v -0.349077 -0.680601 5.656200
v -0.307277 -0.680601 5.656200
v -0.349077 -0.680601 5.346200
v -0.307277 -0.680601 5.346200
v -0.349077 -0.940501 5.346200
v -0.307277 -0.940501 5.346200
v -0.349077 -0.940501 5.381500
v -0.307277 -0.940501 5.381500
v -0.349077 -0.680601 5.381500
v -0.307277 -0.680601 5.381500
v -0.349077 -0.680601 5.482800
v -0.307277 -0.680601 5.482800
v -0.349077 -0.940501 5.482800
v -0.307277 -0.940501 5.482800
v -0.349077 -0.940501 5.518100
v -0.307277 -0.940501 5.518100
v -0.349077 -0.680601 5.518100
v -0.307277 -0.680601 5.518100
v -0.327777 -0.962601 6.478300
v -0.672977 -0.962601 6.478200
v -0.327777 -0.658701 6.478300
v -0.672977 -0.658701 6.478200
v -0.327777 -0.658701 7.012600
v -0.672977 -0.658701 7.012500
v -0.327777 -0.962601 7.012600
v -0.672977 -0.962601 7.012500
v -0.672977 -0.904101 6.519000
v -0.672977 -0.904101 6.847800
v -0.672977 -0.717201 6.847800
v -0.672977 -0.717201 6.519000
v -0.678277 -0.904101 6.519000
v -0.678277 -0.904101 6.847700
v -0.678277 -0.717201 6.847700
v -0.678277 -0.717201 6.519000
v -0.650277 -0.940501 6.875600
v -0.692077 -0.940501 6.875600
v -0.650277 -0.680601 6.875600
v -0.692077 -0.680601 6.875600
v -0.650277 -0.680601 6.910900
v -0.692077 -0.680601 6.910900
v -0.650277 -0.940501 6.910900
v -0.692077 -0.940501 6.910900
v -0.650277 -0.727101 6.985600
v -0.692077 -0.727101 6.985600
v -0.650277 -0.727101 6.918000
v -0.692077 -0.727101 6.918100
v -0.650277 -0.699501 6.918000
v -0.692077 -0.699501 6.918100
v -0.650277 -0.699501 6.985600
v -0.692077 -0.699501 6.985600
v -0.349077 -0.680601 6.932100
v -0.307277 -0.680601 6.932200
v -0.349077 -0.940501 6.932100
v -0.307277 -0.940501 6.932200
v -0.349077 -0.940501 6.967400
v -0.307277 -0.940501 6.967400
v -0.349077 -0.680601 6.967400
v -0.307277 -0.680601 6.967400
v -0.349077 -0.680601 6.803900
v -0.307277 -0.680601 6.804000
v -0.349077 -0.940501 6.803900
v -0.307277 -0.940501 6.804000
v -0.349077 -0.940501 6.839200
v -0.307277 -0.940501 6.839200
v -0.349077 -0.680601 6.839200
v -0.307277 -0.680601 6.839200
v -0.349077 -0.680601 6.529200
v -0.307277 -0.680601 6.529300
v -0.349077 -0.940501 6.529200
v -0.307277 -0.940501 6.529300
v -0.349077 -0.940501 6.564500
v -0.307277 -0.940501 6.564500
v -0.349077 -0.680601 6.564500
v -0.307277 -0.680601 6.564500
v -0.349077 -0.680601 6.665800
v -0.307277 -0.680601 6.665800
v -0.349077 -0.940501 6.665800
v -0.307277 -0.940501 6.665800
v -0.349077 -0.940501 6.701100
v -0.307277 -0.940501 6.701100
v -0.349077 -0.680601 6.701100
v -0.307277 -0.680601 6.701100
v -0.327777 -0.962601 7.311400
v -0.672977 -0.962601 7.311400
v -0.327777 -0.658701 7.311400
v -0.672977 -0.658701 7.311400
v -0.327777 -0.658701 7.845700
v -0.672977 -0.658701 7.845700
v -0.327777 -0.962601 7.845700
v -0.672977 -0.962601 7.845700
v -0.672977 -0.904101 7.352200
v -0.672977 -0.904101 7.680900
v -0.672977 -0.717201 7.680900
v -0.672977 -0.717201 7.352200
v -0.678277 -0.904101 7.352200
v -0.678277 -0.904101 7.680900
v -0.678277 -0.717201 7.680900
v -0.678277 -0.717201 7.352200
v -0.650277 -0.940501 7.708800
v -0.692077 -0.940501 7.708800
v -0.650277 -0.680601 7.708800
v -0.692077 -0.680601 7.708800
v -0.650277 -0.680601 7.744200
v -0.692077 -0.680601 7.744100
v -0.650277 -0.940501 7.744200
v -0.692077 -0.940501 7.744100
v -0.650277 -0.727101 7.818800
v -0.692077 -0.727101 7.818900
v -0.650277 -0.727101 7.751200
v -0.692077 -0.727101 7.751200
v -0.650277 -0.699501 7.751200
v -0.692077 -0.699501 7.751200
v -0.650277 -0.699501 7.818800
v -0.692077 -0.699501 7.818900
v -0.349077 -0.680601 7.765400
v -0.307277 -0.680601 7.765300
v -0.349077 -0.940501 7.765400
v -0.307277 -0.940501 7.765300
v -0.349077 -0.940501 7.800600
v -0.307277 -0.940501 7.800700
v -0.349077 -0.680601 7.800600
v -0.307277 -0.680601 7.800700
v -0.349077 -0.680601 7.637100
v -0.307277 -0.680601 7.637100
v -0.349077 -0.940501 7.637100
v -0.307277 -0.940501 7.637100
v -0.349077 -0.940501 7.672400
v -0.307277 -0.940501 7.672400
v -0.349077 -0.680601 7.672400
v -0.307277 -0.680601 7.672400
v -0.349077 -0.680601 7.362400
v -0.307277 -0.680601 7.362400
v -0.349077 -0.940501 7.362400
v -0.307277 -0.940501 7.362400
v -0.349077 -0.940501 7.397700
v -0.307277 -0.940501 7.397700
v -0.349077 -0.680601 7.397700
v -0.307277 -0.680601 7.397700
v -0.349077 -0.680601 7.499000
v -0.307277 -0.680601 7.499000
v -0.349077 -0.940501 7.499000
v -0.307277 -0.940501 7.499000
v -0.349077 -0.940501 7.534300
v -0.307277 -0.940501 7.534300
v -0.349077 -0.680601 7.534300
v -0.307277 -0.680601 7.534300
v -0.327777 -0.962601 8.589000
v -0.672977 -0.962601 8.589100
v -0.327777 -0.658701 8.589000
v -0.672977 -0.658701 8.589100
v -0.327777 -0.658701 9.123400
v -0.672977 -0.658701 9.123300
v -0.327777 -0.962601 9.123400
v -0.672977 -0.962601 9.123300
v -0.672977 -0.904101 8.629900
v -0.672977 -0.904101 8.958600
v -0.672977 -0.717201 8.958600
v -0.672977 -0.717201 8.629900
v -0.678277 -0.904101 8.629900
v -0.678277 -0.904101 8.958600
v -0.678277 -0.717201 8.958600
v -0.678277 -0.717201 8.629900
v -0.650277 -0.940502 8.986500
v -0.692077 -0.940502 8.986500
v -0.650277 -0.680601 8.986500
v -0.692077 -0.680601 8.986500
v -0.650277 -0.680601 9.021800
v -0.692077 -0.680601 9.021800
v -0.650277 -0.940502 9.021800
v -0.692077 -0.940502 9.021800
v -0.650277 -0.727102 9.096499
v -0.692077 -0.727102 9.096499
v -0.650277 -0.727102 9.028900
v -0.692077 -0.727102 9.028900
v -0.650277 -0.699502 9.028900
v -0.692077 -0.699502 9.028900
v -0.650277 -0.699502 9.096499
v -0.692077 -0.699502 9.096499
v -0.349077 -0.680601 9.043000
v -0.307277 -0.680601 9.043000
v -0.349077 -0.940502 9.043000
v -0.307277 -0.940502 9.043000
v -0.349077 -0.940502 9.078300
v -0.307277 -0.940502 9.078300
v -0.349077 -0.680601 9.078300
v -0.307277 -0.680601 9.078300
v -0.349077 -0.680601 8.914800
v -0.307277 -0.680601 8.914800
v -0.349077 -0.940501 8.914800
v -0.307277 -0.940501 8.914800
v -0.349077 -0.940501 8.950100
v -0.307277 -0.940501 8.950100
v -0.349077 -0.680601 8.950100
v -0.307277 -0.680601 8.950100
v -0.349077 -0.680601 8.640100
v -0.307277 -0.680601 8.640100
v -0.349077 -0.940501 8.640100
v -0.307277 -0.940501 8.640100
v -0.349077 -0.940501 8.675400
v -0.307277 -0.940501 8.675400
v -0.349077 -0.680601 8.675400
v -0.307277 -0.680601 8.675400
v -0.349077 -0.680601 8.776700
v -0.307277 -0.680601 8.776700
v -0.349077 -0.940501 8.776700
v -0.307277 -0.940501 8.776700
v -0.349077 -0.940501 8.811999
v -0.307277 -0.940501 8.811999
v -0.349077 -0.680601 8.811999
v -0.307277 -0.680601 8.811999
v -0.327777 -0.962602 9.422299
v -0.672977 -0.962602 9.422299
v -0.327777 -0.658702 9.422299
v -0.672977 -0.658702 9.422299
v -0.327777 -0.658702 9.956600
v -0.672977 -0.658702 9.956600
v -0.327777 -0.962602 9.956600
v -0.672977 -0.962602 9.956600
v -0.672977 -0.904102 9.463099
v -0.672977 -0.904102 9.791800
v -0.672977 -0.717202 9.791800
v -0.672977 -0.717202 9.463099
v -0.678277 -0.904102 9.462999
v -0.678277 -0.904102 9.791800
v -0.678277 -0.717202 9.791800
v -0.678277 -0.717202 9.462999
v -0.650277 -0.940502 9.819600
v -0.692077 -0.940502 9.819699
v -0.650277 -0.680602 9.819600
v -0.692077 -0.680602 9.819699
v -0.650277 -0.680602 9.855000
v -0.692077 -0.680602 9.855000
v -0.650277 -0.940502 9.855000
v -0.692077 -0.940502 9.855000
v -0.650277 -0.727102 9.929600
v -0.692077 -0.727102 9.929700
v -0.650277 -0.727102 9.862100
v -0.692077 -0.727102 9.862100
v -0.650277 -0.699502 9.862100
v -0.692077 -0.699502 9.862100
v -0.650277 -0.699502 9.929600
v -0.692077 -0.699502 9.929700
v -0.349077 -0.680602 9.876100
v -0.307277 -0.680602 9.876200
v -0.349077 -0.940502 9.876100
v -0.307277 -0.940502 9.876200
v -0.349077 -0.940502 9.911500
v -0.307277 -0.940502 9.911500
v -0.349077 -0.680602 9.911500
v -0.307277 -0.680602 9.911500
v -0.349077 -0.680602 9.747900
v -0.307277 -0.680602 9.747900
v -0.349077 -0.940502 9.747900
v -0.307277 -0.940502 9.747900
v -0.349077 -0.940502 9.783299
v -0.307277 -0.940502 9.783299
v -0.349077 -0.680602 9.783299
v -0.307277 -0.680602 9.783299
v -0.349077 -0.680602 9.473200
v -0.307277 -0.680602 9.473200
v -0.349077 -0.940502 9.473200
v -0.307277 -0.940502 9.473200
v -0.349077 -0.940502 9.508600
v -0.307277 -0.940502 9.508600
v -0.349077 -0.680602 9.508600
v -0.307277 -0.680602 9.508600
v -0.349077 -0.680602 9.609900
v -0.307277 -0.680602 9.609900
v -0.349077 -0.940502 9.609900
v -0.307277 -0.940502 9.609900
v -0.349077 -0.940502 9.645200
v -0.307277 -0.940502 9.645100
v -0.349077 -0.680602 9.645200
v -0.307277 -0.680602 9.645100
v -0.327777 -0.031498 -9.940400
v -0.672977 -0.031498 -9.940400
v -0.327777 0.272402 -9.940400
v -0.672977 0.272402 -9.940400
v -0.327777 0.272402 -9.406099
v -0.672977 0.272402 -9.406099
v -0.327777 -0.031498 -9.406099
v -0.672977 -0.031498 -9.406099
v -0.672977 0.027002 -9.899600
v -0.672977 0.027002 -9.570900
v -0.672977 0.213902 -9.570900
v -0.672977 0.213902 -9.899600
v -0.678277 0.027002 -9.899600
v -0.678277 0.027002 -9.570900
v -0.678277 0.213902 -9.570900
v -0.678277 0.213902 -9.899600
v -0.650277 -0.009398 -9.543000
v -0.692077 -0.009398 -9.543000
v -0.650277 0.250502 -9.543000
v -0.692077 0.250502 -9.543000
v -0.650277 0.250502 -9.507700
v -0.692077 0.250502 -9.507700
v -0.650277 -0.009398 -9.507700
v -0.692077 -0.009398 -9.507700
v -0.650277 0.204002 -9.433000
v -0.692077 0.204002 -9.433000
v -0.650277 0.204002 -9.500600
v -0.692077 0.204002 -9.500600
v -0.650277 0.231602 -9.500600
v -0.692077 0.231602 -9.500600
v -0.650277 0.231602 -9.433000
v -0.692077 0.231602 -9.433000
v -0.349077 0.250502 -9.486500
v -0.307277 0.250502 -9.486500
v -0.349077 -0.009398 -9.486500
v -0.307277 -0.009398 -9.486500
v -0.349077 -0.009398 -9.451200
v -0.307277 -0.009398 -9.451200
v -0.349077 0.250502 -9.451200
v -0.307277 0.250502 -9.451200
v -0.349077 0.250502 -9.614699
v -0.307277 0.250502 -9.614699
v -0.349077 -0.009398 -9.614699
v -0.307277 -0.009398 -9.614699
v -0.349077 -0.009398 -9.579400
v -0.307277 -0.009398 -9.579400
v -0.349077 0.250502 -9.579400
v -0.307277 0.250502 -9.579400
v -0.349077 0.250502 -9.889400
v -0.307277 0.250502 -9.889400
v -0.349077 -0.009398 -9.889400
v -0.307277 -0.009398 -9.889400
v -0.349077 -0.009398 -9.854100
v -0.307277 -0.009398 -9.854100
v -0.349077 0.250502 -9.854100
v -0.307277 0.250502 -9.854100
v -0.349077 0.250502 -9.752800
v -0.307277 0.250502 -9.752800
v -0.349077 -0.009398 -9.752800
v -0.307277 -0.009398 -9.752800
v -0.349077 -0.009398 -9.717500
v -0.307277 -0.009398 -9.717500
v -0.349077 0.250502 -9.717500
v -0.307277 0.250502 -9.717500
v -0.327777 -0.031499 -9.107200
v -0.672977 -0.031499 -9.107200
v -0.327777 0.272401 -9.107200
v -0.672977 0.272401 -9.107200
v -0.327777 0.272401 -8.572900
v -0.672977 0.272401 -8.572900
v -0.327777 -0.031499 -8.572900
v -0.672977 -0.031499 -8.572900
v -0.672977 0.027001 -9.066400
v -0.672977 0.027001 -8.737700
v -0.672977 0.213901 -8.737700
v -0.672977 0.213901 -9.066400
v -0.678277 0.027001 -9.066400
v -0.678277 0.027001 -8.737700
v -0.678277 0.213901 -8.737700
v -0.678277 0.213901 -9.066400
v -0.650277 -0.009399 -8.709800
v -0.692077 -0.009399 -8.709800
v -0.650277 0.250501 -8.709800
v -0.692077 0.250501 -8.709800
v -0.650277 0.250501 -8.674500
v -0.692077 0.250501 -8.674500
v -0.650277 -0.009399 -8.674500
v -0.692077 -0.009399 -8.674500
v -0.650277 0.204001 -8.599800
v -0.692077 0.204001 -8.599800
v -0.650277 0.204001 -8.667399
v -0.692077 0.204001 -8.667399
v -0.650277 0.231601 -8.667399
v -0.692077 0.231601 -8.667399
v -0.650277 0.231601 -8.599800
v -0.692077 0.231601 -8.599800
v -0.349077 0.250501 -8.653299
v -0.307277 0.250501 -8.653299
v -0.349077 -0.009399 -8.653299
v -0.307277 -0.009399 -8.653299
v -0.349077 -0.009399 -8.618000
v -0.307277 -0.009399 -8.618000
v -0.349077 0.250501 -8.618000
v -0.307277 0.250501 -8.618000
v -0.349077 0.250501 -8.781500
v -0.307277 0.250501 -8.781500
v -0.349077 -0.009399 -8.781500
v -0.307277 -0.009399 -8.781500
v -0.349077 -0.009399 -8.746200
v -0.307277 -0.009399 -8.746200
v -0.349077 0.250501 -8.746200
v -0.307277 0.250501 -8.746200
v -0.349077 0.250501 -9.056200
v -0.307277 0.250501 -9.056200
v -0.349077 -0.009399 -9.056200
v -0.307277 -0.009399 -9.056200
v -0.349077 -0.009399 -9.020900
v -0.307277 -0.009399 -9.020900
v -0.349077 0.250501 -9.020900
v -0.307277 0.250501 -9.020900
v -0.349077 0.250501 -8.919600
v -0.307277 0.250501 -8.919600
v -0.349077 -0.009399 -8.919600
v -0.307277 -0.009399 -8.919600
v -0.349077 -0.009399 -8.884300
v -0.307277 -0.009399 -8.884300
v -0.349077 0.250501 -8.884300
v -0.307277 0.250501 -8.884300
v -0.327777 -0.031499 -7.893800
v -0.672977 -0.031499 -7.893800
v -0.327777 0.272401 -7.893800
v -0.672977 0.272401 -7.893800
v -0.327777 0.272401 -7.359500
v -0.672977 0.272401 -7.359500
v -0.327777 -0.031499 -7.359500
v -0.672977 -0.031499 -7.359500
v -0.672977 0.027001 -7.853000
v -0.672977 0.027001 -7.524300
v -0.672977 0.213901 -7.524300
v -0.672977 0.213901 -7.853000
v -0.678277 0.027001 -7.853000
v -0.678277 0.027001 -7.524300
v -0.678277 0.213901 -7.524300
v -0.678277 0.213901 -7.853000
v -0.650277 -0.009399 -7.496400
v -0.692077 -0.009399 -7.496400
v -0.650277 0.250501 -7.496400
v -0.692077 0.250501 -7.496400
v -0.650277 0.250501 -7.461100
v -0.692077 0.250501 -7.461100
v -0.650277 -0.009399 -7.461100
v -0.692077 -0.009399 -7.461100
v -0.650277 0.204001 -7.386400
v -0.692077 0.204001 -7.386400
v -0.650277 0.204001 -7.454000
v -0.692077 0.204001 -7.454000
v -0.650277 0.231601 -7.454000
v -0.692077 0.231601 -7.454000
v -0.650277 0.231601 -7.386400
v -0.692077 0.231601 -7.386400
v -0.349077 0.250501 -7.439900
v -0.307277 0.250501 -7.439900
v -0.349077 -0.009399 -7.439900
v -0.307277 -0.009399 -7.439900
v -0.349077 -0.009399 -7.404600
v -0.307277 -0.009399 -7.404600
v -0.349077 0.250501 -7.404600
v -0.307277 0.250501 -7.404600
v -0.349077 0.250501 -7.568100
v -0.307277 0.250501 -7.568100
v -0.349077 -0.009399 -7.568100
v -0.307277 -0.009399 -7.568100
v -0.349077 -0.009399 -7.532800
v -0.307277 -0.009399 -7.532800
v -0.349077 0.250501 -7.532800
v -0.307277 0.250501 -7.532800
v -0.349077 0.250501 -7.842800
v -0.307277 0.250501 -7.842800
v -0.349077 -0.009399 -7.842800
v -0.307277 -0.009399 -7.842800
v -0.349077 -0.009399 -7.807500
v -0.307277 -0.009399 -7.807500
v -0.349077 0.250501 -7.807500
v -0.307277 0.250501 -7.807500
v -0.349077 0.250501 -7.706200
v -0.307277 0.250501 -7.706200
v -0.349077 -0.009399 -7.706200
v -0.307277 -0.009399 -7.706200
v -0.349077 -0.009399 -7.670900
v -0.307277 -0.009399 -7.670900
v -0.349077 0.250501 -7.670900
v -0.307277 0.250501 -7.670900
v -0.327777 -0.031499 -7.060600
v -0.672977 -0.031499 -7.060600
v -0.327777 0.272401 -7.060600
v -0.672977 0.272401 -7.060600
v -0.327777 0.272401 -6.526300
v -0.672977 0.272401 -6.526300
v -0.327777 -0.031499 -6.526300
v -0.672977 -0.031499 -6.526300
v -0.672977 0.027001 -7.019800
v -0.672977 0.027001 -6.691100
v -0.672977 0.213901 -6.691100
v -0.672977 0.213901 -7.019800
v -0.678277 0.027001 -7.019800
v -0.678277 0.027001 -6.691100
v -0.678277 0.213901 -6.691100
v -0.678277 0.213901 -7.019800
v -0.650277 -0.009399 -6.663200
v -0.692077 -0.009399 -6.663200
v -0.650277 0.250501 -6.663200
v -0.692077 0.250501 -6.663200
v -0.650277 0.250501 -6.627900
v -0.692077 0.250501 -6.627900
v -0.650277 -0.009399 -6.627900
v -0.692077 -0.009399 -6.627900
v -0.650277 0.204001 -6.553200
v -0.692077 0.204001 -6.553200
v -0.650277 0.204001 -6.620800
v -0.692077 0.204001 -6.620800
v -0.650277 0.231601 -6.620800
v -0.692077 0.231601 -6.620800
v -0.650277 0.231601 -6.553200
v -0.692077 0.231601 -6.553200
v -0.349077 0.250501 -6.606700
v -0.307277 0.250501 -6.606700
v -0.349077 -0.009399 -6.606700
v -0.307277 -0.009399 -6.606700
v -0.349077 -0.009399 -6.571400
v -0.307277 -0.009399 -6.571400
v -0.349077 0.250501 -6.571400
v -0.307277 0.250501 -6.571400
v -0.349077 0.250501 -6.734900
v -0.307277 0.250501 -6.734900
v -0.349077 -0.009399 -6.734900
v -0.307277 -0.009399 -6.734900
v -0.349077 -0.009399 -6.699600
v -0.307277 -0.009399 -6.699600
v -0.349077 0.250501 -6.699600
v -0.307277 0.250501 -6.699600
v -0.349077 0.250501 -7.009600
v -0.307277 0.250501 -7.009600
v -0.349077 -0.009399 -7.009600
v -0.307277 -0.009399 -7.009600
v -0.349077 -0.009399 -6.974300
v -0.307277 -0.009399 -6.974300
v -0.349077 0.250501 -6.974300
v -0.307277 0.250501 -6.974300
v -0.349077 0.250501 -6.873000
v -0.307277 0.250501 -6.873000
v -0.349077 -0.009399 -6.873000
v -0.307277 -0.009399 -6.873000
v -0.349077 -0.009399 -6.837700
v -0.307277 -0.009399 -6.837700
v -0.349077 0.250501 -6.837700
v -0.307277 0.250501 -6.837700
v -0.327777 -0.031499 -5.869900
v -0.672977 -0.031499 -5.869900
v -0.327777 0.272401 -5.869900
v -0.672977 0.272401 -5.869900
v -0.327777 0.272401 -5.335600
v -0.672977 0.272401 -5.335600
v -0.327777 -0.031499 -5.335600
v -0.672977 -0.031499 -5.335600
v -0.672977 0.027001 -5.829100
v -0.672977 0.027001 -5.500400
v -0.672977 0.213901 -5.500400
v -0.672977 0.213901 -5.829100
v -0.678277 0.027001 -5.829100
v -0.678277 0.027001 -5.500400
v -0.678277 0.213901 -5.500400
v -0.678277 0.213901 -5.829100
v -0.650277 -0.009399 -5.472500
v -0.692077 -0.009399 -5.472500
v -0.650277 0.250501 -5.472500
v -0.692077 0.250501 -5.472500
v -0.650277 0.250501 -5.437200
v -0.692077 0.250501 -5.437200
v -0.650277 -0.009399 -5.437200
v -0.692077 -0.009399 -5.437200
v -0.650277 0.204001 -5.362500
v -0.692077 0.204001 -5.362500
v -0.650277 0.204001 -5.430100
v -0.692077 0.204001 -5.430100
v -0.650277 0.231601 -5.430100
v -0.692077 0.231601 -5.430100
v -0.650277 0.231601 -5.362500
v -0.692077 0.231601 -5.362500
v -0.349077 0.250501 -5.416000
v -0.307277 0.250501 -5.416000
v -0.349077 -0.009399 -5.416000
v -0.307277 -0.009399 -5.416000
v -0.349077 -0.009399 -5.380700
v -0.307277 -0.009399 -5.380700
v -0.349077 0.250501 -5.380700
v -0.307277 0.250501 -5.380700
v -0.349077 0.250501 -5.544200
v -0.307277 0.250501 -5.544200
v -0.349077 -0.009399 -5.544200
v -0.307277 -0.009399 -5.544200
v -0.349077 -0.009399 -5.508900
v -0.307277 -0.009399 -5.508900
v -0.349077 0.250501 -5.508900
v -0.307277 0.250501 -5.508900
v -0.349077 0.250501 -5.818900
v -0.307277 0.250501 -5.818900
v -0.349077 -0.009399 -5.818900
v -0.307277 -0.009399 -5.818900
v -0.349077 -0.009399 -5.783600
v -0.307277 -0.009399 -5.783600
v -0.349077 0.250501 -5.783600
v -0.307277 0.250501 -5.783600
v -0.349077 0.250501 -5.682300
v -0.307277 0.250501 -5.682300
v -0.349077 -0.009399 -5.682300
v -0.307277 -0.009399 -5.682300
v -0.349077 -0.009399 -5.647000
v -0.307277 -0.009399 -5.647000
v -0.349077 0.250501 -5.647000
v -0.307277 0.250501 -5.647000
v -0.327777 -0.031499 -5.036700
v -0.672977 -0.031499 -5.036700
v -0.327777 0.272401 -5.036700
v -0.672977 0.272401 -5.036700
v -0.327777 0.272401 -4.502400
v -0.672977 0.272401 -4.502400
v -0.327777 -0.031499 -4.502400
v -0.672977 -0.031499 -4.502400
v -0.672977 0.027001 -4.995900
v -0.672977 0.027001 -4.667200
v -0.672977 0.213901 -4.667200
v -0.672977 0.213901 -4.995900
v -0.678277 0.027001 -4.995900
v -0.678277 0.027001 -4.667200
v -0.678277 0.213901 -4.667200
v -0.678277 0.213901 -4.995900
v -0.650277 -0.009399 -4.639300
v -0.692077 -0.009399 -4.639300
v -0.650277 0.250501 -4.639300
v -0.692077 0.250501 -4.639300
v -0.650277 0.250501 -4.604000
v -0.692077 0.250501 -4.604000
v -0.650277 -0.009399 -4.604000
v -0.692077 -0.009399 -4.604000
v -0.650277 0.204001 -4.529300
v -0.692077 0.204001 -4.529300
v -0.650277 0.204001 -4.596900
v -0.692077 0.204001 -4.596900
v -0.650277 0.231601 -4.596900
v -0.692077 0.231601 -4.596900
v -0.650277 0.231601 -4.529300
v -0.692077 0.231601 -4.529300
v -0.349077 0.250501 -4.582800
v -0.307277 0.250501 -4.582800
v -0.349077 -0.009399 -4.582800
v -0.307277 -0.009399 -4.582800
v -0.349077 -0.009399 -4.547500
v -0.307277 -0.009399 -4.547500
v -0.349077 0.250501 -4.547500
v -0.307277 0.250501 -4.547500
v -0.349077 0.250501 -4.711000
v -0.307277 0.250501 -4.711000
v -0.349077 -0.009399 -4.711000
v -0.307277 -0.009399 -4.711000
v -0.349077 -0.009399 -4.675700
v -0.307277 -0.009399 -4.675700
v -0.349077 0.250501 -4.675700
v -0.307277 0.250501 -4.675700
v -0.349077 0.250501 -4.985700
v -0.307277 0.250501 -4.985700
v -0.349077 -0.009399 -4.985700
v -0.307277 -0.009399 -4.985700
v -0.349077 -0.009399 -4.950400
v -0.307277 -0.009399 -4.950400
v -0.349077 0.250501 -4.950400
v -0.307277 0.250501 -4.950400
v -0.349077 0.250501 -4.849100
v -0.307277 0.250501 -4.849100
v -0.349077 -0.009399 -4.849100
v -0.307277 -0.009399 -4.849100
v -0.349077 -0.009399 -4.813800
v -0.307277 -0.009399 -4.813800
v -0.349077 0.250501 -4.813800
v -0.307277 0.250501 -4.813800
v -0.327777 -0.031499 -3.840100
v -0.672977 -0.031499 -3.840100
v -0.327777 0.272401 -3.840100
v -0.672977 0.272401 -3.840100
v -0.327777 0.272401 -3.305800
v -0.672977 0.272401 -3.305800
v -0.327777 -0.031499 -3.305800
v -0.672977 -0.031499 -3.305800
v -0.672977 0.027001 -3.799300
v -0.672977 0.027001 -3.470600
v -0.672977 0.213901 -3.470600
v -0.672977 0.213901 -3.799300
v -0.678277 0.027001 -3.799300
v -0.678277 0.027001 -3.470600
v -0.678277 0.213901 -3.470600
v -0.678277 0.213901 -3.799300
v -0.650277 -0.009399 -3.442700
v -0.692077 -0.009399 -3.442700
v -0.650277 0.250501 -3.442700
v -0.692077 0.250501 -3.442700
v -0.650277 0.250501 -3.407400
v -0.692077 0.250501 -3.407400
v -0.650277 -0.009399 -3.407400
v -0.692077 -0.009399 -3.407400
v -0.650277 0.204001 -3.332700
v -0.692077 0.204001 -3.332700
v -0.650277 0.204001 -3.400300
v -0.692077 0.204001 -3.400300
v -0.650277 0.231601 -3.400300
v -0.692077 0.231601 -3.400300
v -0.650277 0.231601 -3.332700
v -0.692077 0.231601 -3.332700
v -0.349077 0.250501 -3.386200
v -0.307277 0.250501 -3.386200
v -0.349077 -0.009399 -3.386200
v -0.307277 -0.009399 -3.386200
v -0.349077 -0.009399 -3.350900
v -0.307277 -0.009399 -3.350900
v -0.349077 0.250501 -3.350900
v -0.307277 0.250501 -3.350900
v -0.349077 0.250501 -3.514400
v -0.307277 0.250501 -3.514400
v -0.349077 -0.009399 -3.514400
v -0.307277 -0.009399 -3.514400
v -0.349077 -0.009399 -3.479100
v -0.307277 -0.009399 -3.479100
v -0.349077 0.250501 -3.479100
v -0.307277 0.250501 -3.479100
v -0.349077 0.250501 -3.789100
v -0.307277 0.250501 -3.789100
v -0.349077 -0.009399 -3.789100
v -0.307277 -0.009399 -3.789100
v -0.349077 -0.009399 -3.753800
v -0.307277 -0.009399 -3.753800
v -0.349077 0.250501 -3.753800
v -0.307277 0.250501 -3.753800
v -0.349077 0.250501 -3.652500
v -0.307277 0.250501 -3.652500
v -0.349077 -0.009399 -3.652500
v -0.307277 -0.009399 -3.652500
v -0.349077 -0.009399 -3.617200
v -0.307277 -0.009399 -3.617200
v -0.349077 0.250501 -3.617200
v -0.307277 0.250501 -3.617200
v -0.327777 -0.031500 -3.006900
v -0.672977 -0.031500 -3.006900
v -0.327777 0.272400 -3.006900
v -0.672977 0.272400 -3.006900
v -0.327777 0.272400 -2.472600
v -0.672977 0.272400 -2.472600
v -0.327777 -0.031500 -2.472600
v -0.672977 -0.031500 -2.472600
v -0.672977 0.027000 -2.966100
v -0.672977 0.027000 -2.637400
v -0.672977 0.213900 -2.637400
v -0.672977 0.213900 -2.966100
v -0.678277 0.027000 -2.966100
v -0.678277 0.027000 -2.637400
v -0.678277 0.213900 -2.637400
v -0.678277 0.213900 -2.966100
v -0.650277 -0.009400 -2.609500
v -0.692077 -0.009400 -2.609500
v -0.650277 0.250500 -2.609500
v -0.692077 0.250500 -2.609500
v -0.650277 0.250500 -2.574200
v -0.692077 0.250500 -2.574200
v -0.650277 -0.009400 -2.574200
v -0.692077 -0.009400 -2.574200
v -0.650277 0.204000 -2.499500
v -0.692077 0.204000 -2.499500
v -0.650277 0.204000 -2.567100
v -0.692077 0.204000 -2.567100
v -0.650277 0.231600 -2.567100
v -0.692077 0.231600 -2.567100
v -0.650277 0.231600 -2.499500
v -0.692077 0.231600 -2.499500
v -0.349077 0.250500 -2.553000
v -0.307277 0.250500 -2.553000
v -0.349077 -0.009400 -2.553000
v -0.307277 -0.009400 -2.553000
v -0.349077 -0.009400 -2.517700
v -0.307277 -0.009400 -2.517700
v -0.349077 0.250500 -2.517700
v -0.307277 0.250500 -2.517700
v -0.349077 0.250500 -2.681200
v -0.307277 0.250500 -2.681200
v -0.349077 -0.009400 -2.681200
v -0.307277 -0.009400 -2.681200
v -0.349077 -0.009400 -2.645900
v -0.307277 -0.009400 -2.645900
v -0.349077 0.250500 -2.645900
v -0.307277 0.250500 -2.645900
v -0.349077 0.250500 -2.955900
v -0.307277 0.250500 -2.955900
v -0.349077 -0.009400 -2.955900
v -0.307277 -0.009400 -2.955900
v -0.349077 -0.009400 -2.920600
v -0.307277 -0.009400 -2.920600
v -0.349077 0.250500 -2.920600
v -0.307277 0.250500 -2.920600
v -0.349077 0.250500 -2.819300
v -0.307277 0.250500 -2.819300
v -0.349077 -0.009400 -2.819300
v -0.307277 -0.009400 -2.819300
v -0.349077 -0.009400 -2.784000
v -0.307277 -0.009400 -2.784000
v -0.349077 0.250500 -2.784000
v -0.307277 0.250500 -2.784000
v -0.327777 -0.031500 -1.731600
v -0.672977 -0.031500 -1.731600
v -0.327777 0.272400 -1.731600
v -0.672977 0.272400 -1.731600
v -0.327777 0.272400 -1.197300
v -0.672977 0.272400 -1.197300
v -0.327777 -0.031500 -1.197300
v -0.672977 -0.031500 -1.197300
v -0.672977 0.027000 -1.690800
v -0.672977 0.027000 -1.362100
v -0.672977 0.213900 -1.362100
v -0.672977 0.213900 -1.690800
v -0.678277 0.027000 -1.690800
v -0.678277 0.027000 -1.362100
v -0.678277 0.213900 -1.362100
v -0.678277 0.213900 -1.690800
v -0.650277 -0.009400 -1.334200
v -0.692077 -0.009400 -1.334200
v -0.650277 0.250500 -1.334200
v -0.692077 0.250500 -1.334200
v -0.650277 0.250500 -1.298900
v -0.692077 0.250500 -1.298900
v -0.650277 -0.009400 -1.298900
v -0.692077 -0.009400 -1.298900
v -0.650277 0.204000 -1.224200
v -0.692077 0.204000 -1.224200
v -0.650277 0.204000 -1.291800
v -0.692077 0.204000 -1.291800
v -0.650277 0.231600 -1.291800
v -0.692077 0.231600 -1.291800
v -0.650277 0.231600 -1.224200
v -0.692077 0.231600 -1.224200
v -0.349077 0.250500 -1.277700
v -0.307277 0.250500 -1.277700
v -0.349077 -0.009400 -1.277700
v -0.307277 -0.009400 -1.277700
v -0.349077 -0.009400 -1.242400
v -0.307277 -0.009400 -1.242400
v -0.349077 0.250500 -1.242400
v -0.307277 0.250500 -1.242400
v -0.349077 0.250500 -1.405900
v -0.307277 0.250500 -1.405900
v -0.349077 -0.009400 -1.405900
v -0.307277 -0.009400 -1.405900
v -0.349077 -0.009400 -1.370600
v -0.307277 -0.009400 -1.370600
v -0.349077 0.250500 -1.370600
v -0.307277 0.250500 -1.370600
v -0.349077 0.250500 -1.680600
v -0.307277 0.250500 -1.680600
v -0.349077 -0.009400 -1.680600
v -0.307277 -0.009400 -1.680600
v -0.349077 -0.009400 -1.645300
v -0.307277 -0.009400 -1.645300
v -0.349077 0.250500 -1.645300
v -0.307277 0.250500 -1.645300
v -0.349077 0.250500 -1.544000
v -0.307277 0.250500 -1.544000
v -0.349077 -0.009400 -1.544000
v -0.307277 -0.009400 -1.544000
v -0.349077 -0.009400 -1.508700
v -0.307277 -0.009400 -1.508700
v -0.349077 0.250500 -1.508700
v -0.307277 0.250500 -1.508700
v -0.327777 -0.031500 -0.898400
v -0.672977 -0.031500 -0.898400
v -0.327777 0.272400 -0.898400
v -0.672977 0.272400 -0.898400
v -0.327777 0.272400 -0.364100
v -0.672977 0.272400 -0.364100
v -0.327777 -0.031500 -0.364100
v -0.672977 -0.031500 -0.364100
v -0.672977 0.027000 -0.857600
v -0.672977 0.027000 -0.528900
v -0.672977 0.213900 -0.528900
v -0.672977 0.213900 -0.857600
v -0.678277 0.027000 -0.857600
v -0.678277 0.027000 -0.528900
v -0.678277 0.213900 -0.528900
v -0.678277 0.213900 -0.857600
v -0.650277 -0.009400 -0.501000
v -0.692077 -0.009400 -0.501000
v -0.650277 0.250500 -0.501000
v -0.692077 0.250500 -0.501000
v -0.650277 0.250500 -0.465700
v -0.692077 0.250500 -0.465700
v -0.650277 -0.009400 -0.465700
v -0.692077 -0.009400 -0.465700
v -0.650277 0.204000 -0.391000
v -0.692077 0.204000 -0.391000
v -0.650277 0.204000 -0.458600
v -0.692077 0.204000 -0.458600
v -0.650277 0.231600 -0.458600
v -0.692077 0.231600 -0.458600
v -0.650277 0.231600 -0.391000
v -0.692077 0.231600 -0.391000
v -0.349077 0.250500 -0.444500
v -0.307277 0.250500 -0.444500
v -0.349077 -0.009400 -0.444500
v -0.307277 -0.009400 -0.444500
v -0.349077 -0.009400 -0.409200
v -0.307277 -0.009400 -0.409200
v -0.349077 0.250500 -0.409200
v -0.307277 0.250500 -0.409200
v -0.349077 0.250500 -0.572700
v -0.307277 0.250500 -0.572700
v -0.349077 -0.009400 -0.572700
v -0.307277 -0.009400 -0.572700
v -0.349077 -0.009400 -0.537400
v -0.307277 -0.009400 -0.537400
v -0.349077 0.250500 -0.537400
v -0.307277 0.250500 -0.537400
v -0.349077 0.250500 -0.847400
v -0.307277 0.250500 -0.847400
v -0.349077 -0.009400 -0.847400
v -0.307277 -0.009400 -0.847400
v -0.349077 -0.009400 -0.812100
v -0.307277 -0.009400 -0.812100
v -0.349077 0.250500 -0.812100
v -0.307277 0.250500 -0.812100
v -0.349077 0.250500 -0.710800
v -0.307277 0.250500 -0.710800
v -0.349077 -0.009400 -0.710800
v -0.307277 -0.009400 -0.710800
v -0.349077 -0.009400 -0.675500
v -0.307277 -0.009400 -0.675500
v -0.349077 0.250500 -0.675500
v -0.307277 0.250500 -0.675500
v -0.327777 -0.031500 0.382500
v -0.672977 -0.031500 0.382500
v -0.327777 0.272400 0.382500
v -0.672977 0.272400 0.382500
v -0.327777 0.272400 0.916800
v -0.672977 0.272400 0.916800
v -0.327777 -0.031500 0.916800
v -0.672977 -0.031500 0.916800
v -0.672977 0.027000 0.423300
v -0.672977 0.027000 0.752000
v -0.672977 0.213900 0.752000
v -0.672977 0.213900 0.423300
v -0.678277 0.027000 0.423300
v -0.678277 0.027000 0.752000
v -0.678277 0.213900 0.752000
v -0.678277 0.213900 0.423300
v -0.650277 -0.009400 0.779900
v -0.692077 -0.009400 0.779900
v -0.650277 0.250500 0.779900
v -0.692077 0.250500 0.779900
v -0.650277 0.250500 0.815200
v -0.692077 0.250500 0.815200
v -0.650277 -0.009400 0.815200
v -0.692077 -0.009400 0.815200
v -0.650277 0.204000 0.889900
v -0.692077 0.204000 0.889900
v -0.650277 0.204000 0.822300
v -0.692077 0.204000 0.822300
v -0.650277 0.231600 0.822300
v -0.692077 0.231600 0.822300
v -0.650277 0.231600 0.889900
v -0.692077 0.231600 0.889900
v -0.349077 0.250500 0.836400
v -0.307277 0.250500 0.836400
v -0.349077 -0.009400 0.836400
v -0.307277 -0.009400 0.836400
v -0.349077 -0.009400 0.871700
v -0.307277 -0.009400 0.871700
v -0.349077 0.250500 0.871700
v -0.307277 0.250500 0.871700
v -0.349077 0.250500 0.708200
v -0.307277 0.250500 0.708200
v -0.349077 -0.009400 0.708200
v -0.307277 -0.009400 0.708200
v -0.349077 -0.009400 0.743500
v -0.307277 -0.009400 0.743500
v -0.349077 0.250500 0.743500
v -0.307277 0.250500 0.743500
v -0.349077 0.250500 0.433500
v -0.307277 0.250500 0.433500
v -0.349077 -0.009400 0.433500
v -0.307277 -0.009400 0.433500
v -0.349077 -0.009400 0.468800
v -0.307277 -0.009400 0.468800
v -0.349077 0.250500 0.468800
v -0.307277 0.250500 0.468800
v -0.349077 0.250500 0.570100
v -0.307277 0.250500 0.570100
v -0.349077 -0.009400 0.570100
v -0.307277 -0.009400 0.570100
v -0.349077 -0.009400 0.605400
v -0.307277 -0.009400 0.605400
v -0.349077 0.250500 0.605400
v -0.307277 0.250500 0.605400
v -0.327777 -0.031500 1.215700
v -0.672977 -0.031500 1.215700
v -0.327777 0.272400 1.215700
v -0.672977 0.272400 1.215700
v -0.327777 0.272400 1.750000
v -0.672977 0.272400 1.750000
v -0.327777 -0.031500 1.750000
v -0.672977 -0.031500 1.750000
v -0.672977 0.027000 1.256500
v -0.672977 0.027000 1.585200
v -0.672977 0.213900 1.585200
v -0.672977 0.213900 1.256500
v -0.678277 0.027000 1.256500
v -0.678277 0.027000 1.585200
v -0.678277 0.213900 1.585200
v -0.678277 0.213900 1.256500
v -0.650277 -0.009400 1.613100
v -0.692077 -0.009400 1.613100
v -0.650277 0.250500 1.613100
v -0.692077 0.250500 1.613100
v -0.650277 0.250500 1.648400
v -0.692077 0.250500 1.648400
v -0.650277 -0.009400 1.648400
v -0.692077 -0.009400 1.648400
v -0.650277 0.204000 1.723100
v -0.692077 0.204000 1.723100
v -0.650277 0.204000 1.655500
v -0.692077 0.204000 1.655500
v -0.650277 0.231600 1.655500
v -0.692077 0.231600 1.655500
v -0.650277 0.231600 1.723100
v -0.692077 0.231600 1.723100
v -0.349077 0.250500 1.669600
v -0.307277 0.250500 1.669600
v -0.349077 -0.009400 1.669600
v -0.307277 -0.009400 1.669600
v -0.349077 -0.009400 1.704900
v -0.307277 -0.009400 1.704900
v -0.349077 0.250500 1.704900
v -0.307277 0.250500 1.704900
v -0.349077 0.250500 1.541400
v -0.307277 0.250500 1.541400
v -0.349077 -0.009400 1.541400
v -0.307277 -0.009400 1.541400
v -0.349077 -0.009400 1.576700
v -0.307277 -0.009400 1.576700
v -0.349077 0.250500 1.576700
v -0.307277 0.250500 1.576700
v -0.349077 0.250500 1.266700
v -0.307277 0.250500 1.266700
v -0.349077 -0.009400 1.266700
v -0.307277 -0.009400 1.266700
v -0.349077 -0.009400 1.302000
v -0.307277 -0.009400 1.302000
v -0.349077 0.250500 1.302000
v -0.307277 0.250500 1.302000
v -0.349077 0.250500 1.403300
v -0.307277 0.250500 1.403300
v -0.349077 -0.009400 1.403300
v -0.307277 -0.009400 1.403300
v -0.349077 -0.009400 1.438600
v -0.307277 -0.009400 1.438600
v -0.349077 0.250500 1.438600
v -0.307277 0.250500 1.438600
v -0.327777 -0.031500 2.428000
v -0.672977 -0.031500 2.428000
v -0.327777 0.272400 2.428000
v -0.672977 0.272400 2.428000
v -0.327777 0.272400 2.962300
v -0.672977 0.272400 2.962300
v -0.327777 -0.031500 2.962300
v -0.672977 -0.031500 2.962300
v -0.672977 0.027000 2.468800
v -0.672977 0.027000 2.797500
v -0.672977 0.213900 2.797500
v -0.672977 0.213900 2.468800
v -0.678277 0.027000 2.468800
v -0.678277 0.027000 2.797500
v -0.678277 0.213900 2.797500
v -0.678277 0.213900 2.468800
v -0.650277 -0.009400 2.825400
v -0.692077 -0.009400 2.825400
v -0.650277 0.250500 2.825400
v -0.692077 0.250500 2.825400
v -0.650277 0.250500 2.860700
v -0.692077 0.250500 2.860700
v -0.650277 -0.009400 2.860700
v -0.692077 -0.009400 2.860700
v -0.650277 0.204000 2.935400
v -0.692077 0.204000 2.935400
v -0.650277 0.204000 2.867800
v -0.692077 0.204000 2.867800
v -0.650277 0.231600 2.867800
v -0.692077 0.231600 2.867800
v -0.650277 0.231600 2.935400
v -0.692077 0.231600 2.935400
v -0.349077 0.250500 2.881900
v -0.307277 0.250500 2.881900
v -0.349077 -0.009400 2.881900
v -0.307277 -0.009400 2.881900
v -0.349077 -0.009400 2.917200
v -0.307277 -0.009400 2.917200
v -0.349077 0.250500 2.917200
v -0.307277 0.250500 2.917200
v -0.349077 0.250500 2.753700
v -0.307277 0.250500 2.753700
v -0.349077 -0.009400 2.753700
v -0.307277 -0.009400 2.753700
v -0.349077 -0.009400 2.789000
v -0.307277 -0.009400 2.789000
v -0.349077 0.250500 2.789000
v -0.307277 0.250500 2.789000
v -0.349077 0.250500 2.479000
v -0.307277 0.250500 2.479000
v -0.349077 -0.009400 2.479000
v -0.307277 -0.009400 2.479000
v -0.349077 -0.009400 2.514300
v -0.307277 -0.009400 2.514300
v -0.349077 0.250500 2.514300
v -0.307277 0.250500 2.514300
v -0.349077 0.250500 2.615600
v -0.307277 0.250500 2.615600
v -0.349077 -0.009400 2.615600
v -0.307277 -0.009400 2.615600
v -0.349077 -0.009400 2.650900
v -0.307277 -0.009400 2.650900
v -0.349077 0.250500 2.650900
v -0.307277 0.250500 2.650900
v -0.327777 -0.031501 3.261200
v -0.672977 -0.031501 3.261200
v -0.327777 0.272399 3.261200
v -0.672977 0.272399 3.261200
v -0.327777 0.272399 3.795500
v -0.672977 0.272399 3.795500
v -0.327777 -0.031501 3.795500
v -0.672977 -0.031501 3.795500
v -0.672977 0.026999 3.302000
v -0.672977 0.026999 3.630700
v -0.672977 0.213899 3.630700
v -0.672977 0.213899 3.302000
v -0.678277 0.026999 3.302000
v -0.678277 0.026999 3.630700
v -0.678277 0.213899 3.630700
v -0.678277 0.213899 3.302000
v -0.650277 -0.009401 3.658600
v -0.692077 -0.009401 3.658600
v -0.650277 0.250499 3.658600
v -0.692077 0.250499 3.658600
v -0.650277 0.250499 3.693900
v -0.692077 0.250499 3.693900
v -0.650277 -0.009401 3.693900
v -0.692077 -0.009401 3.693900
v -0.650277 0.203999 3.768600
v -0.692077 0.203999 3.768600
v -0.650277 0.203999 3.701000
v -0.692077 0.203999 3.701000
v -0.650277 0.231599 3.701000
v -0.692077 0.231599 3.701000
v -0.650277 0.231599 3.768600
v -0.692077 0.231599 3.768600
v -0.349077 0.250499 3.715100
v -0.307277 0.250499 3.715100
v -0.349077 -0.009401 3.715100
v -0.307277 -0.009401 3.715100
v -0.349077 -0.009401 3.750400
v -0.307277 -0.009401 3.750400
v -0.349077 0.250499 3.750400
v -0.307277 0.250499 3.750400
v -0.349077 0.250499 3.586900
v -0.307277 0.250499 3.586900
v -0.349077 -0.009401 3.586900
v -0.307277 -0.009401 3.586900
v -0.349077 -0.009401 3.622200
v -0.307277 -0.009401 3.622200
v -0.349077 0.250499 3.622200
v -0.307277 0.250499 3.622200
v -0.349077 0.250499 3.312200
v -0.307277 0.250499 3.312200
v -0.349077 -0.009401 3.312200
v -0.307277 -0.009401 3.312200
v -0.349077 -0.009401 3.347500
v -0.307277 -0.009401 3.347500
v -0.349077 0.250499 3.347500
v -0.307277 0.250499 3.347500
v -0.349077 0.250499 3.448800
v -0.307277 0.250499 3.448800
v -0.349077 -0.009401 3.448800
v -0.307277 -0.009401 3.448800
v -0.349077 -0.009401 3.484100
v -0.307277 -0.009401 3.484100
v -0.349077 0.250499 3.484100
v -0.307277 0.250499 3.484100
v -0.327777 -0.031501 4.462000
v -0.672977 -0.031501 4.462000
v -0.327777 0.272399 4.462000
v -0.672977 0.272399 4.462000
v -0.327777 0.272399 4.996300
v -0.672977 0.272399 4.996300
v -0.327777 -0.031501 4.996300
v -0.672977 -0.031501 4.996300
v -0.672977 0.026999 4.502800
v -0.672977 0.026999 4.831500
v -0.672977 0.213899 4.831500
v -0.672977 0.213899 4.502800
v -0.678277 0.026999 4.502800
v -0.678277 0.026999 4.831500
v -0.678277 0.213899 4.831500
v -0.678277 0.213899 4.502800
v -0.650277 -0.009401 4.859400
v -0.692077 -0.009401 4.859400
v -0.650277 0.250499 4.859400
v -0.692077 0.250499 4.859400
v -0.650277 0.250499 4.894700
v -0.692077 0.250499 4.894700
v -0.650277 -0.009401 4.894700
v -0.692077 -0.009401 4.894700
v -0.650277 0.203999 4.969400
v -0.692077 0.203999 4.969400
v -0.650277 0.203999 4.901800
v -0.692077 0.203999 4.901800
v -0.650277 0.231599 4.901800
v -0.692077 0.231599 4.901800
v -0.650277 0.231599 4.969400
v -0.692077 0.231599 4.969400
v -0.349077 0.250499 4.915900
v -0.307277 0.250499 4.915900
v -0.349077 -0.009401 4.915900
v -0.307277 -0.009401 4.915900
v -0.349077 -0.009401 4.951200
v -0.307277 -0.009401 4.951200
v -0.349077 0.250499 4.951200
v -0.307277 0.250499 4.951200
v -0.349077 0.250499 4.787700
v -0.307277 0.250499 4.787700
v -0.349077 -0.009401 4.787700
v -0.307277 -0.009401 4.787700
v -0.349077 -0.009401 4.823000
v -0.307277 -0.009401 4.823000
v -0.349077 0.250499 4.823000
v -0.307277 0.250499 4.823000
v -0.349077 0.250499 4.513000
v -0.307277 0.250499 4.513000
v -0.349077 -0.009401 4.513000
v -0.307277 -0.009401 4.513000
v -0.349077 -0.009401 4.548300
v -0.307277 -0.009401 4.548300
v -0.349077 0.250499 4.548300
v -0.307277 0.250499 4.548300
v -0.349077 0.250499 4.649600
v -0.307277 0.250499 4.649600
v -0.349077 -0.009401 4.649600
v -0.307277 -0.009401 4.649600
v -0.349077 -0.009401 4.684900
v -0.307277 -0.009401 4.684900
v -0.349077 0.250499 4.684900
v -0.307277 0.250499 4.684900
v -0.327777 -0.031501 5.295200
v -0.672977 -0.031501 5.295200
v -0.327777 0.272399 5.295200
v -0.672977 0.272399 5.295200
v -0.327777 0.272399 5.829500
v -0.672977 0.272399 5.829500
v -0.327777 -0.031501 5.829500
v -0.672977 -0.031501 5.829500
v -0.672977 0.026999 5.336000
v -0.672977 0.026999 5.664700
v -0.672977 0.213899 5.664700
v -0.672977 0.213899 5.336000
v -0.678277 0.026999 5.336000
v -0.678277 0.026999 5.664700
v -0.678277 0.213899 5.664700
v -0.678277 0.213899 5.336000
v -0.650277 -0.009401 5.692600
v -0.692077 -0.009401 5.692600
v -0.650277 0.250499 5.692600
v -0.692077 0.250499 5.692600
v -0.650277 0.250499 5.727900
v -0.692077 0.250499 5.727900
v -0.650277 -0.009401 5.727900
v -0.692077 -0.009401 5.727900
v -0.650277 0.203999 5.802600
v -0.692077 0.203999 5.802600
v -0.650277 0.203999 5.735000
v -0.692077 0.203999 5.735000
v -0.650277 0.231599 5.735000
v -0.692077 0.231599 5.735000
v -0.650277 0.231599 5.802600
v -0.692077 0.231599 5.802600
v -0.349077 0.250499 5.749100
v -0.307277 0.250499 5.749100
v -0.349077 -0.009401 5.749100
v -0.307277 -0.009401 5.749100
v -0.349077 -0.009401 5.784400
v -0.307277 -0.009401 5.784400
v -0.349077 0.250499 5.784400
v -0.307277 0.250499 5.784400
v -0.349077 0.250499 5.620900
v -0.307277 0.250499 5.620900
v -0.349077 -0.009401 5.620900
v -0.307277 -0.009401 5.620900
v -0.349077 -0.009401 5.656200
v -0.307277 -0.009401 5.656200
v -0.349077 0.250499 5.656200
v -0.307277 0.250499 5.656200
v -0.349077 0.250499 5.346200
v -0.307277 0.250499 5.346200
v -0.349077 -0.009401 5.346200
v -0.307277 -0.009401 5.346200
v -0.349077 -0.009401 5.381500
v -0.307277 -0.009401 5.381500
v -0.349077 0.250499 5.381500
v -0.307277 0.250499 5.381500
v -0.349077 0.250499 5.482800
v -0.307277 0.250499 5.482800
v -0.349077 -0.009401 5.482800
v -0.307277 -0.009401 5.482800
v -0.349077 -0.009401 5.518100
v -0.307277 -0.009401 5.518100
v -0.349077 0.250499 5.518100
v -0.307277 0.250499 5.518100
v -0.327777 -0.031501 6.478300
v -0.672977 -0.031501 6.478200
v -0.327777 0.272399 6.478300
v -0.672977 0.272399 6.478200
v -0.327777 0.272399 7.012600
v -0.672977 0.272399 7.012500
v -0.327777 -0.031501 7.012600
v -0.672977 -0.031501 7.012500
v -0.672977 0.026999 6.519000
v -0.672977 0.026999 6.847800
v -0.672977 0.213899 6.847800
v -0.672977 0.213899 6.519000
v -0.678277 0.026999 6.519000
v -0.678277 0.026999 6.847700
v -0.678277 0.213899 6.847700
v -0.678277 0.213899 6.519000
v -0.650277 -0.009401 6.875600
v -0.692077 -0.009401 6.875600
v -0.650277 0.250499 6.875600
v -0.692077 0.250499 6.875600
v -0.650277 0.250499 6.910900
v -0.692077 0.250499 6.910900
v -0.650277 -0.009401 6.910900
v -0.692077 -0.009401 6.910900
v -0.650277 0.203999 6.985600
v -0.692077 0.203999 6.985600
v -0.650277 0.203999 6.918000
v -0.692077 0.203999 6.918100
v -0.650277 0.231599 6.918000
v -0.692077 0.231599 6.918100
v -0.650277 0.231599 6.985600
v -0.692077 0.231599 6.985600
v -0.349077 0.250499 6.932100
v -0.307277 0.250499 6.932200
v -0.349077 -0.009401 6.932100
v -0.307277 -0.009401 6.932200
v -0.349077 -0.009401 6.967400
v -0.307277 -0.009401 6.967400
v -0.349077 0.250499 6.967400
v -0.307277 0.250499 6.967400
v -0.349077 0.250499 6.803900
v -0.307277 0.250499 6.804000
v -0.349077 -0.009401 6.803900
v -0.307277 -0.009401 6.804000
v -0.349077 -0.009401 6.839200
v -0.307277 -0.009401 6.839200
v -0.349077 0.250499 6.839200
v -0.307277 0.250499 6.839200
v -0.349077 0.250499 6.529200
v -0.307277 0.250499 6.529300
v -0.349077 -0.009401 6.529200
v -0.307277 -0.009401 6.529300
v -0.349077 -0.009401 6.564500
v -0.307277 -0.009401 6.564500
v -0.349077 0.250499 6.564500
v -0.307277 0.250499 6.564500
v -0.349077 0.250499 6.665800
v -0.307277 0.250499 6.665800
v -0.349077 -0.009401 6.665800
v -0.307277 -0.009401 6.665800
v -0.349077 -0.009401 6.701100
v -0.307277 -0.009401 6.701100
v -0.349077 0.250499 6.701100
v -0.307277 0.250499 6.701100
v -0.327777 -0.031501 7.311400
v -0.672977 -0.031501 7.311400
v -0.327777 0.272399 7.311400
v -0.672977 0.272399 7.311400
v -0.327777 0.272399 7.845700
v -0.672977 0.272399 7.845700
v -0.327777 -0.031501 7.845700
v -0.672977 -0.031501 7.845700
v -0.672977 0.026999 7.352200
v -0.672977 0.026999 7.680900
v -0.672977 0.213899 7.680900
v -0.672977 0.213899 7.352200
v -0.678277 0.026999 7.352200
v -0.678277 0.026999 7.680900
v -0.678277 0.213899 7.680900
v -0.678277 0.213899 7.352200
v -0.650277 -0.009401 7.708800
v -0.692077 -0.009401 7.708800
v -0.650277 0.250499 7.708800
v -0.692077 0.250499 7.708800
v -0.650277 0.250499 7.744200
v -0.692077 0.250499 7.744100
v -0.650277 -0.009401 7.744200
v -0.692077 -0.009401 7.744100
v -0.650277 0.203999 7.818800
v -0.692077 0.203999 7.818900
v -0.650277 0.203999 7.751200
v -0.692077 0.203999 7.751200
v -0.650277 0.231599 7.751200
v -0.692077 0.231599 7.751200
v -0.650277 0.231599 7.818800
v -0.692077 0.231599 7.818900
v -0.349077 0.250499 7.765400
v -0.307277 0.250499 7.765300
v -0.349077 -0.009401 7.765400
v -0.307277 -0.009401 7.765300
v -0.349077 -0.009401 7.800600
v -0.307277 -0.009401 7.800700
v -0.349077 0.250499 7.800600
v -0.307277 0.250499 7.800700
v -0.349077 0.250499 7.637100
v -0.307277 0.250499 7.637100
v -0.349077 -0.009401 7.637100
v -0.307277 -0.009401 7.637100
v -0.349077 -0.009401 7.672400
v -0.307277 -0.009401 7.672400
v -0.349077 0.250499 7.672400
v -0.307277 0.250499 7.672400
v -0.349077 0.250499 7.362400
v -0.307277 0.250499 7.362400
v -0.349077 -0.009401 7.362400
v -0.307277 -0.009401 7.362400
v -0.349077 -0.009401 7.397700
v -0.307277 -0.009401 7.397700
v -0.349077 0.250499 7.397700
v -0.307277 0.250499 7.397700
v -0.349077 0.250499 7.499000
v -0.307277 0.250499 7.499000
v -0.349077 -0.009401 7.499000
v -0.307277 -0.009401 7.499000
v -0.349077 -0.009401 7.534300
v -0.307277 -0.009401 7.534300
v -0.349077 0.250499 7.534300
v -0.307277 0.250499 7.534300
v -0.327777 -0.031501 8.589000
v -0.672977 -0.031501 8.589100
v -0.327777 0.272399 8.589000
v -0.672977 0.272399 8.589100
v -0.327777 0.272399 9.123400
v -0.672977 0.272399 9.123300
v -0.327777 -0.031501 9.123400
v -0.672977 -0.031501 9.123300
v -0.672977 0.026999 8.629900
v -0.672977 0.026999 8.958600
v -0.672977 0.213899 8.958600
v -0.672977 0.213899 8.629900
v -0.678277 0.026999 8.629900
v -0.678277 0.026999 8.958600
v -0.678277 0.213899 8.958600
v -0.678277 0.213899 8.629900
v -0.650277 -0.009401 8.986500
v -0.692077 -0.009401 8.986500
v -0.650277 0.250499 8.986500
v -0.692077 0.250499 8.986500
v -0.650277 0.250499 9.021800
v -0.692077 0.250499 9.021800
v -0.650277 -0.009401 9.021800
v -0.692077 -0.009401 9.021800
v -0.650277 0.203999 9.096499
v -0.692077 0.203999 9.096499
v -0.650277 0.203999 9.028900
v -0.692077 0.203999 9.028900
v -0.650277 0.231599 9.028900
v -0.692077 0.231599 9.028900
v -0.650277 0.231599 9.096499
v -0.692077 0.231599 9.096499
v -0.349077 0.250499 9.043000
v -0.307277 0.250499 9.043000
v -0.349077 -0.009401 9.043000
v -0.307277 -0.009401 9.043000
v -0.349077 -0.009401 9.078300
v -0.307277 -0.009401 9.078300
v -0.349077 0.250499 9.078300
v -0.307277 0.250499 9.078300
v -0.349077 0.250499 8.914800
v -0.307277 0.250499 8.914800
v -0.349077 -0.009401 8.914800
v -0.307277 -0.009401 8.914800
v -0.349077 -0.009401 8.950100
v -0.307277 -0.009401 8.950100
v -0.349077 0.250499 8.950100
v -0.307277 0.250499 8.950100
v -0.349077 0.250499 8.640100
v -0.307277 0.250499 8.640100
v -0.349077 -0.009401 8.640100
v -0.307277 -0.009401 8.640100
v -0.349077 -0.009401 8.675400
v -0.307277 -0.009401 8.675400
v -0.349077 0.250499 8.675400
v -0.307277 0.250499 8.675400
v -0.349077 0.250499 8.776700
v -0.307277 0.250499 8.776700
v -0.349077 -0.009401 8.776700
v -0.307277 -0.009401 8.776700
v -0.349077 -0.009401 8.811999
v -0.307277 -0.009401 8.811999
v -0.349077 0.250499 8.811999
v -0.307277 0.250499 8.811999
v -0.327777 -0.031502 9.422299
v -0.672977 -0.031502 9.422299
v -0.327777 0.272398 9.422299
v -0.672977 0.272398 9.422299
v -0.327777 0.272398 9.956600
v -0.672977 0.272398 9.956600
v -0.327777 -0.031502 9.956600
v -0.672977 -0.031502 9.956600
v -0.672977 0.026998 9.463099
v -0.672977 0.026998 9.791800
v -0.672977 0.213898 9.791800
v -0.672977 0.213898 9.463099
v -0.678277 0.026998 9.462999
v -0.678277 0.026998 9.791800
v -0.678277 0.213898 9.791800
v -0.678277 0.213898 9.462999
v -0.650277 -0.009402 9.819600
v -0.692077 -0.009402 9.819699
v -0.650277 0.250498 9.819600
v -0.692077 0.250498 9.819699
v -0.650277 0.250498 9.855000
v -0.692077 0.250498 9.855000
v -0.650277 -0.009402 9.855000
v -0.692077 -0.009402 9.855000
v -0.650277 0.203998 9.929600
v -0.692077 0.203998 9.929700
v -0.650277 0.203998 9.862100
v -0.692077 0.203998 9.862100
v -0.650277 0.231598 9.862100
v -0.692077 0.231598 9.862100
v -0.650277 0.231598 9.929600
v -0.692077 0.231598 9.929700
v -0.349077 0.250498 9.876100
v -0.307277 0.250498 9.876200
v -0.349077 -0.009402 9.876100
v -0.307277 -0.009402 9.876200
v -0.349077 -0.009402 9.911500
v -0.307277 -0.009402 9.911500
v -0.349077 0.250498 9.911500
v -0.307277 0.250498 9.911500
v -0.349077 0.250498 9.747900
v -0.307277 0.250498 9.747900
v -0.349077 -0.009402 9.747900
v -0.307277 -0.009402 9.747900
v -0.349077 -0.009402 9.783299
v -0.307277 -0.009402 9.783299
v -0.349077 0.250498 9.783299
v -0.307277 0.250498 9.783299
v -0.349077 0.250498 9.473200
v -0.307277 0.250498 9.473200
v -0.349077 -0.009402 9.473200
v -0.307277 -0.009402 9.473200
v -0.349077 -0.009402 9.508600
v -0.307277 -0.009402 9.508600
v -0.349077 0.250498 9.508600
v -0.307277 0.250498 9.508600
v -0.349077 0.250498 9.609900
v -0.307277 0.250498 9.609900
v -0.349077 -0.009402 9.609900
v -0.307277 -0.009402 9.609900
v -0.349077 -0.009402 9.645200
v -0.307277 -0.009402 9.645100
v -0.349077 0.250498 9.645200
v -0.307277 0.250498 9.645100
v -0.327777 0.868402 -9.940400
v -0.672977 0.868402 -9.940400
v -0.327777 1.172302 -9.940400
v -0.672977 1.172302 -9.940400
v -0.327777 1.172302 -9.406099
v -0.672977 1.172302 -9.406099
v -0.327777 0.868402 -9.406099
v -0.672977 0.868402 -9.406099
v -0.672977 0.926902 -9.899600
v -0.672977 0.926902 -9.570900
v -0.672977 1.113802 -9.570900
v -0.672977 1.113802 -9.899600
v -0.678277 0.926902 -9.899600
v -0.678277 0.926902 -9.570900
v -0.678277 1.113802 -9.570900
v -0.678277 1.113802 -9.899600
v -0.650277 0.890501 -9.543000
v -0.692077 0.890501 -9.543000
v -0.650277 1.150402 -9.543000
v -0.692077 1.150402 -9.543000
v -0.650277 1.150402 -9.507700
v -0.692077 1.150402 -9.507700
v -0.650277 0.890501 -9.507700
v -0.692077 0.890501 -9.507700
v -0.650277 1.103902 -9.433000
v -0.692077 1.103902 -9.433000
v -0.650277 1.103902 -9.500600
v -0.692077 1.103902 -9.500600
v -0.650277 1.131502 -9.500600
v -0.692077 1.131502 -9.500600
v -0.650277 1.131502 -9.433000
v -0.692077 1.131502 -9.433000
v -0.349077 1.150402 -9.486500
v -0.307277 1.150402 -9.486500
v -0.349077 0.890501 -9.486500
v -0.307277 0.890501 -9.486500
v -0.349077 0.890501 -9.451200
v -0.307277 0.890501 -9.451200
v -0.349077 1.150402 -9.451200
v -0.307277 1.150402 -9.451200
v -0.349077 1.150402 -9.614699
v -0.307277 1.150402 -9.614699
v -0.349077 0.890501 -9.614699
v -0.307277 0.890501 -9.614699
v -0.349077 0.890501 -9.579400
v -0.307277 0.890501 -9.579400
v -0.349077 1.150402 -9.579400
v -0.307277 1.150402 -9.579400
v -0.349077 1.150402 -9.889400
v -0.307277 1.150402 -9.889400
v -0.349077 0.890501 -9.889400
v -0.307277 0.890501 -9.889400
v -0.349077 0.890501 -9.854100
v -0.307277 0.890501 -9.854100
v -0.349077 1.150402 -9.854100
v -0.307277 1.150402 -9.854100
v -0.349077 1.150402 -9.752800
v -0.307277 1.150402 -9.752800
v -0.349077 0.890501 -9.752800
v -0.307277 0.890501 -9.752800
v -0.349077 0.890501 -9.717500
v -0.307277 0.890501 -9.717500
v -0.349077 1.150402 -9.717500
v -0.307277 1.150402 -9.717500
v -0.327777 0.868401 -9.107200
v -0.672977 0.868401 -9.107200
v -0.327777 1.172301 -9.107200
v -0.672977 1.172301 -9.107200
v -0.327777 1.172301 -8.572900
v -0.672977 1.172301 -8.572900
v -0.327777 0.868401 -8.572900
v -0.672977 0.868401 -8.572900
v -0.672977 0.926902 -9.066400
v -0.672977 0.926901 -8.737700
v -0.672977 1.113801 -8.737700
v -0.672977 1.113801 -9.066400
v -0.678277 0.926902 -9.066400
v -0.678277 0.926901 -8.737700
v -0.678277 1.113801 -8.737700
v -0.678277 1.113801 -9.066400
v -0.650277 0.890501 -8.709800
v -0.692077 0.890501 -8.709800
v -0.650277 1.150401 -8.709800
v -0.692077 1.150401 -8.709800
v -0.650277 1.150401 -8.674500
v -0.692077 1.150401 -8.674500
v -0.650277 0.890501 -8.674500
v -0.692077 0.890501 -8.674500
v -0.650277 1.103901 -8.599800
v -0.692077 1.103901 -8.599800
v -0.650277 1.103901 -8.667399
v -0.692077 1.103901 -8.667399
v -0.650277 1.131501 -8.667399
v -0.692077 1.131501 -8.667399
v -0.650277 1.131501 -8.599800
v -0.692077 1.131501 -8.599800
v -0.349077 1.150401 -8.653299
v -0.307277 1.150401 -8.653299
v -0.349077 0.890501 -8.653299
v -0.307277 0.890501 -8.653299
v -0.349077 0.890501 -8.618000
v -0.307277 0.890501 -8.618000
v -0.349077 1.150401 -8.618000
v -0.307277 1.150401 -8.618000
v -0.349077 1.150401 -8.781500
v -0.307277 1.150401 -8.781500
v -0.349077 0.890501 -8.781500
v -0.307277 0.890501 -8.781500
v -0.349077 0.890501 -8.746200
v -0.307277 0.890501 -8.746200
v -0.349077 1.150401 -8.746200
v -0.307277 1.150401 -8.746200
v -0.349077 1.150401 -9.056200
v -0.307277 1.150401 -9.056200
v -0.349077 0.890501 -9.056200
v -0.307277 0.890501 -9.056200
v -0.349077 0.890501 -9.020900
v -0.307277 0.890501 -9.020900
v -0.349077 1.150401 -9.020900
v -0.307277 1.150401 -9.020900
v -0.349077 1.150401 -8.919600
v -0.307277 1.150401 -8.919600
v -0.349077 0.890501 -8.919600
v -0.307277 0.890501 -8.919600
v -0.349077 0.890501 -8.884300
v -0.307277 0.890501 -8.884300
v -0.349077 1.150401 -8.884300
v -0.307277 1.150401 -8.884300
v -0.327777 0.868401 -7.893800
v -0.672977 0.868401 -7.893800
v -0.327777 1.172301 -7.893800
v -0.672977 1.172301 -7.893800
v -0.327777 1.172301 -7.359500
v -0.672977 1.172301 -7.359500
v -0.327777 0.868401 -7.359500
v -0.672977 0.868401 -7.359500
v -0.672977 0.926901 -7.853000
v -0.672977 0.926901 -7.524300
v -0.672977 1.113801 -7.524300
v -0.672977 1.113801 -7.853000
v -0.678277 0.926901 -7.853000
v -0.678277 0.926901 -7.524300
v -0.678277 1.113801 -7.524300
v -0.678277 1.113801 -7.853000
v -0.650277 0.890501 -7.496400
v -0.692077 0.890501 -7.496400
v -0.650277 1.150401 -7.496400
v -0.692077 1.150401 -7.496400
v -0.650277 1.150401 -7.461100
v -0.692077 1.150401 -7.461100
v -0.650277 0.890501 -7.461100
v -0.692077 0.890501 -7.461100
v -0.650277 1.103901 -7.386400
v -0.692077 1.103901 -7.386400
v -0.650277 1.103901 -7.454000
v -0.692077 1.103901 -7.454000
v -0.650277 1.131501 -7.454000
v -0.692077 1.131501 -7.454000
v -0.650277 1.131501 -7.386400
v -0.692077 1.131501 -7.386400
v -0.349077 1.150401 -7.439900
v -0.307277 1.150401 -7.439900
v -0.349077 0.890501 -7.439900
v -0.307277 0.890501 -7.439900
v -0.349077 0.890501 -7.404600
v -0.307277 0.890501 -7.404600
v -0.349077 1.150401 -7.404600
v -0.307277 1.150401 -7.404600
v -0.349077 1.150401 -7.568100
v -0.307277 1.150401 -7.568100
v -0.349077 0.890501 -7.568100
v -0.307277 0.890501 -7.568100
v -0.349077 0.890501 -7.532800
v -0.307277 0.890501 -7.532800
v -0.349077 1.150401 -7.532800
v -0.307277 1.150401 -7.532800
v -0.349077 1.150401 -7.842800
v -0.307277 1.150401 -7.842800
v -0.349077 0.890501 -7.842800
v -0.307277 0.890501 -7.842800
v -0.349077 0.890501 -7.807500
v -0.307277 0.890501 -7.807500
v -0.349077 1.150401 -7.807500
v -0.307277 1.150401 -7.807500
v -0.349077 1.150401 -7.706200
v -0.307277 1.150401 -7.706200
v -0.349077 0.890501 -7.706200
v -0.307277 0.890501 -7.706200
v -0.349077 0.890501 -7.670900
v -0.307277 0.890501 -7.670900
v -0.349077 1.150401 -7.670900
v -0.307277 1.150401 -7.670900
v -0.327777 0.868401 -7.060600
v -0.672977 0.868401 -7.060600
v -0.327777 1.172301 -7.060600
v -0.672977 1.172301 -7.060600
v -0.327777 1.172301 -6.526300
v -0.672977 1.172301 -6.526300
v -0.327777 0.868401 -6.526300
v -0.672977 0.868401 -6.526300
v -0.672977 0.926901 -7.019800
v -0.672977 0.926901 -6.691100
v -0.672977 1.113801 -6.691100
v -0.672977 1.113801 -7.019800
v -0.678277 0.926901 -7.019800
v -0.678277 0.926901 -6.691100
v -0.678277 1.113801 -6.691100
v -0.678277 1.113801 -7.019800
v -0.650277 0.890501 -6.663200
v -0.692077 0.890501 -6.663200
v -0.650277 1.150401 -6.663200
v -0.692077 1.150401 -6.663200
v -0.650277 1.150401 -6.627900
v -0.692077 1.150401 -6.627900
v -0.650277 0.890501 -6.627900
v -0.692077 0.890501 -6.627900
v -0.650277 1.103901 -6.553200
v -0.692077 1.103901 -6.553200
v -0.650277 1.103901 -6.620800
v -0.692077 1.103901 -6.620800
v -0.650277 1.131501 -6.620800
v -0.692077 1.131501 -6.620800
v -0.650277 1.131501 -6.553200
v -0.692077 1.131501 -6.553200
v -0.349077 1.150401 -6.606700
v -0.307277 1.150401 -6.606700
v -0.349077 0.890501 -6.606700
v -0.307277 0.890501 -6.606700
v -0.349077 0.890501 -6.571400
v -0.307277 0.890501 -6.571400
v -0.349077 1.150401 -6.571400
v -0.307277 1.150401 -6.571400
v -0.349077 1.150401 -6.734900
v -0.307277 1.150401 -6.734900
v -0.349077 0.890501 -6.734900
v -0.307277 0.890501 -6.734900
v -0.349077 0.890501 -6.699600
v -0.307277 0.890501 -6.699600
v -0.349077 1.150401 -6.699600
v -0.307277 1.150401 -6.699600
v -0.349077 1.150401 -7.009600
v -0.307277 1.150401 -7.009600
v -0.349077 0.890501 -7.009600
v -0.307277 0.890501 -7.009600
v -0.349077 0.890501 -6.974300
v -0.307277 0.890501 -6.974300
v -0.349077 1.150401 -6.974300
v -0.307277 1.150401 -6.974300
v -0.349077 1.150401 -6.873000
v -0.307277 1.150401 -6.873000
v -0.349077 0.890501 -6.873000
v -0.307277 0.890501 -6.873000
v -0.349077 0.890501 -6.837700
v -0.307277 0.890501 -6.837700
v -0.349077 1.150401 -6.837700
v -0.307277 1.150401 -6.837700
v -0.327777 0.868401 -5.869900
v -0.672977 0.868401 -5.869900
v -0.327777 1.172301 -5.869900
v -0.672977 1.172301 -5.869900
v -0.327777 1.172301 -5.335600
v -0.672977 1.172301 -5.335600
v -0.327777 0.868401 -5.335600
v -0.672977 0.868401 -5.335600
v -0.672977 0.926901 -5.829100
v -0.672977 0.926901 -5.500400
v -0.672977 1.113801 -5.500400
v -0.672977 1.113801 -5.829100
v -0.678277 0.926901 -5.829100
v -0.678277 0.926901 -5.500400
v -0.678277 1.113801 -5.500400
v -0.678277 1.113801 -5.829100
v -0.650277 0.890501 -5.472500
v -0.692077 0.890501 -5.472500
v -0.650277 1.150401 -5.472500
v -0.692077 1.150401 -5.472500
v -0.650277 1.150401 -5.437200
v -0.692077 1.150401 -5.437200
v -0.650277 0.890501 -5.437200
v -0.692077 0.890501 -5.437200
v -0.650277 1.103901 -5.362500
v -0.692077 1.103901 -5.362500
v -0.650277 1.103901 -5.430100
v -0.692077 1.103901 -5.430100
v -0.650277 1.131501 -5.430100
v -0.692077 1.131501 -5.430100
v -0.650277 1.131501 -5.362500
v -0.692077 1.131501 -5.362500
v -0.349077 1.150401 -5.416000
v -0.307277 1.150401 -5.416000
v -0.349077 0.890501 -5.416000
v -0.307277 0.890501 -5.416000
v -0.349077 0.890501 -5.380700
v -0.307277 0.890501 -5.380700
v -0.349077 1.150401 -5.380700
v -0.307277 1.150401 -5.380700
v -0.349077 1.150401 -5.544200
v -0.307277 1.150401 -5.544200
v -0.349077 0.890501 -5.544200
v -0.307277 0.890501 -5.544200
v -0.349077 0.890501 -5.508900
v -0.307277 0.890501 -5.508900
v -0.349077 1.150401 -5.508900
v -0.307277 1.150401 -5.508900
v -0.349077 1.150401 -5.818900
v -0.307277 1.150401 -5.818900
v -0.349077 0.890501 -5.818900
v -0.307277 0.890501 -5.818900
v -0.349077 0.890501 -5.783600
v -0.307277 0.890501 -5.783600
v -0.349077 1.150401 -5.783600
v -0.307277 1.150401 -5.783600
v -0.349077 1.150401 -5.682300
v -0.307277 1.150401 -5.682300
v -0.349077 0.890501 -5.682300
v -0.307277 0.890501 -5.682300
v -0.349077 0.890501 -5.647000
v -0.307277 0.890501 -5.647000
v -0.349077 1.150401 -5.647000
v -0.307277 1.150401 -5.647000
v -0.327777 0.868401 -5.036700
v -0.672977 0.868401 -5.036700
v -0.327777 1.172301 -5.036700
v -0.672977 1.172301 -5.036700
v -0.327777 1.172301 -4.502400
v -0.672977 1.172301 -4.502400
v -0.327777 0.868401 -4.502400
v -0.672977 0.868401 -4.502400
v -0.672977 0.926901 -4.995900
v -0.672977 0.926901 -4.667200
v -0.672977 1.113801 -4.667200
v -0.672977 1.113801 -4.995900
v -0.678277 0.926901 -4.995900
v -0.678277 0.926901 -4.667200
v -0.678277 1.113801 -4.667200
v -0.678277 1.113801 -4.995900
v -0.650277 0.890501 -4.639300
v -0.692077 0.890501 -4.639300
v -0.650277 1.150401 -4.639300
v -0.692077 1.150401 -4.639300
v -0.650277 1.150401 -4.604000
v -0.692077 1.150401 -4.604000
v -0.650277 0.890501 -4.604000
v -0.692077 0.890501 -4.604000
v -0.650277 1.103901 -4.529300
v -0.692077 1.103901 -4.529300
v -0.650277 1.103901 -4.596900
v -0.692077 1.103901 -4.596900
v -0.650277 1.131501 -4.596900
v -0.692077 1.131501 -4.596900
v -0.650277 1.131501 -4.529300
v -0.692077 1.131501 -4.529300
v -0.349077 1.150401 -4.582800
v -0.307277 1.150401 -4.582800
v -0.349077 0.890501 -4.582800
v -0.307277 0.890501 -4.582800
v -0.349077 0.890501 -4.547500
v -0.307277 0.890501 -4.547500
v -0.349077 1.150401 -4.547500
v -0.307277 1.150401 -4.547500
v -0.349077 1.150401 -4.711000
v -0.307277 1.150401 -4.711000
v -0.349077 0.890501 -4.711000
v -0.307277 0.890501 -4.711000
v -0.349077 0.890501 -4.675700
v -0.307277 0.890501 -4.675700
v -0.349077 1.150401 -4.675700
v -0.307277 1.150401 -4.675700
v -0.349077 1.150401 -4.985700
v -0.307277 1.150401 -4.985700
v -0.349077 0.890501 -4.985700
v -0.307277 0.890501 -4.985700
v -0.349077 0.890501 -4.950400
v -0.307277 0.890501 -4.950400
v -0.349077 1.150401 -4.950400
v -0.307277 1.150401 -4.950400
v -0.349077 1.150401 -4.849100
v -0.307277 1.150401 -4.849100
v -0.349077 0.890501 -4.849100
v -0.307277 0.890501 -4.849100
v -0.349077 0.890501 -4.813800
v -0.307277 0.890501 -4.813800
v -0.349077 1.150401 -4.813800
v -0.307277 1.150401 -4.813800
v -0.327777 0.868401 -3.840100
v -0.672977 0.868401 -3.840100
v -0.327777 1.172301 -3.840100
v -0.672977 1.172301 -3.840100
v -0.327777 1.172301 -3.305800
v -0.672977 1.172301 -3.305800
v -0.327777 0.868401 -3.305800
v -0.672977 0.868401 -3.305800
v -0.672977 0.926901 -3.799300
v -0.672977 0.926901 -3.470600
v -0.672977 1.113801 -3.470600
v -0.672977 1.113801 -3.799300
v -0.678277 0.926901 -3.799300
v -0.678277 0.926901 -3.470600
v -0.678277 1.113801 -3.470600
v -0.678277 1.113801 -3.799300
v -0.650277 0.890500 -3.442700
v -0.692077 0.890500 -3.442700
v -0.650277 1.150401 -3.442700
v -0.692077 1.150401 -3.442700
v -0.650277 1.150401 -3.407400
v -0.692077 1.150401 -3.407400
v -0.650277 0.890500 -3.407400
v -0.692077 0.890500 -3.407400
v -0.650277 1.103901 -3.332700
v -0.692077 1.103901 -3.332700
v -0.650277 1.103901 -3.400300
v -0.692077 1.103901 -3.400300
v -0.650277 1.131501 -3.400300
v -0.692077 1.131501 -3.400300
v -0.650277 1.131501 -3.332700
v -0.692077 1.131501 -3.332700
v -0.349077 1.150401 -3.386200
v -0.307277 1.150401 -3.386200
v -0.349077 0.890500 -3.386200
v -0.307277 0.890500 -3.386200
v -0.349077 0.890500 -3.350900
v -0.307277 0.890500 -3.350900
v -0.349077 1.150401 -3.350900
v -0.307277 1.150401 -3.350900
v -0.349077 1.150401 -3.514400
v -0.307277 1.150401 -3.514400
v -0.349077 0.890500 -3.514400
v -0.307277 0.890500 -3.514400
v -0.349077 0.890500 -3.479100
v -0.307277 0.890500 -3.479100
v -0.349077 1.150401 -3.479100
v -0.307277 1.150401 -3.479100
v -0.349077 1.150401 -3.789100
v -0.307277 1.150401 -3.789100
v -0.349077 0.890500 -3.789100
v -0.307277 0.890500 -3.789100
v -0.349077 0.890500 -3.753800
v -0.307277 0.890500 -3.753800
v -0.349077 1.150401 -3.753800
v -0.307277 1.150401 -3.753800
v -0.349077 1.150401 -3.652500
v -0.307277 1.150401 -3.652500
v -0.349077 0.890500 -3.652500
v -0.307277 0.890500 -3.652500
v -0.349077 0.890500 -3.617200
v -0.307277 0.890500 -3.617200
v -0.349077 1.150401 -3.617200
v -0.307277 1.150401 -3.617200
v -0.327777 0.868400 -3.006900
v -0.672977 0.868400 -3.006900
v -0.327777 1.172300 -3.006900
v -0.672977 1.172300 -3.006900
v -0.327777 1.172300 -2.472600
v -0.672977 1.172300 -2.472600
v -0.327777 0.868400 -2.472600
v -0.672977 0.868400 -2.472600
v -0.672977 0.926901 -2.966100
v -0.672977 0.926900 -2.637400
v -0.672977 1.113801 -2.637400
v -0.672977 1.113801 -2.966100
v -0.678277 0.926901 -2.966100
v -0.678277 0.926900 -2.637400
v -0.678277 1.113801 -2.637400
v -0.678277 1.113801 -2.966100
v -0.650277 0.890500 -2.609500
v -0.692077 0.890500 -2.609500
v -0.650277 1.150401 -2.609500
v -0.692077 1.150401 -2.609500
v -0.650277 1.150401 -2.574200
v -0.692077 1.150401 -2.574200
v -0.650277 0.890500 -2.574200
v -0.692077 0.890500 -2.574200
v -0.650277 1.103900 -2.499500
v -0.692077 1.103900 -2.499500
v -0.650277 1.103900 -2.567100
v -0.692077 1.103900 -2.567100
v -0.650277 1.131500 -2.567100
v -0.692077 1.131500 -2.567100
v -0.650277 1.131500 -2.499500
v -0.692077 1.131500 -2.499500
v -0.349077 1.150400 -2.553000
v -0.307277 1.150400 -2.553000
v -0.349077 0.890500 -2.553000
v -0.307277 0.890500 -2.553000
v -0.349077 0.890500 -2.517700
v -0.307277 0.890500 -2.517700
v -0.349077 1.150400 -2.517700
v -0.307277 1.150400 -2.517700
v -0.349077 1.150401 -2.681200
v -0.307277 1.150401 -2.681200
v -0.349077 0.890500 -2.681200
v -0.307277 0.890500 -2.681200
v -0.349077 0.890500 -2.645900
v -0.307277 0.890500 -2.645900
v -0.349077 1.150401 -2.645900
v -0.307277 1.150401 -2.645900
v -0.349077 1.150401 -2.955900
v -0.307277 1.150401 -2.955900
v -0.349077 0.890500 -2.955900
v -0.307277 0.890500 -2.955900
v -0.349077 0.890500 -2.920600
v -0.307277 0.890500 -2.920600
v -0.349077 1.150401 -2.920600
v -0.307277 1.150401 -2.920600
v -0.349077 1.150401 -2.819300
v -0.307277 1.150401 -2.819300
v -0.349077 0.890500 -2.819300
v -0.307277 0.890500 -2.819300
v -0.349077 0.890500 -2.784000
v -0.307277 0.890500 -2.784000
v -0.349077 1.150401 -2.784000
v -0.307277 1.150401 -2.784000
v -0.327777 0.868400 -1.731600
v -0.672977 0.868400 -1.731600
v -0.327777 1.172300 -1.731600
v -0.672977 1.172300 -1.731600
v -0.327777 1.172300 -1.197300
v -0.672977 1.172300 -1.197300
v -0.327777 0.868400 -1.197300
v -0.672977 0.868400 -1.197300
v -0.672977 0.926900 -1.690800
v -0.672977 0.926900 -1.362100
v -0.672977 1.113800 -1.362100
v -0.672977 1.113800 -1.690800
v -0.678277 0.926900 -1.690800
v -0.678277 0.926900 -1.362100
v -0.678277 1.113800 -1.362100
v -0.678277 1.113800 -1.690800
v -0.650277 0.890500 -1.334200
v -0.692077 0.890500 -1.334200
v -0.650277 1.150400 -1.334200
v -0.692077 1.150400 -1.334200
v -0.650277 1.150400 -1.298900
v -0.692077 1.150400 -1.298900
v -0.650277 0.890500 -1.298900
v -0.692077 0.890500 -1.298900
v -0.650277 1.103900 -1.224200
v -0.692077 1.103900 -1.224200
v -0.650277 1.103900 -1.291800
v -0.692077 1.103900 -1.291800
v -0.650277 1.131500 -1.291800
v -0.692077 1.131500 -1.291800
v -0.650277 1.131500 -1.224200
v -0.692077 1.131500 -1.224200
v -0.349077 1.150400 -1.277700
v -0.307277 1.150400 -1.277700
v -0.349077 0.890500 -1.277700
v -0.307277 0.890500 -1.277700
v -0.349077 0.890500 -1.242400
v -0.307277 0.890500 -1.242400
v -0.349077 1.150400 -1.242400
v -0.307277 1.150400 -1.242400
v -0.349077 1.150400 -1.405900
v -0.307277 1.150400 -1.405900
v -0.349077 0.890500 -1.405900
v -0.307277 0.890500 -1.405900
v -0.349077 0.890500 -1.370600
v -0.307277 0.890500 -1.370600
v -0.349077 1.150400 -1.370600
v -0.307277 1.150400 -1.370600
v -0.349077 1.150400 -1.680600
v -0.307277 1.150400 -1.680600
v -0.349077 0.890500 -1.680600
v -0.307277 0.890500 -1.680600
v -0.349077 0.890500 -1.645300
v -0.307277 0.890500 -1.645300
v -0.349077 1.150400 -1.645300
v -0.307277 1.150400 -1.645300
v -0.349077 1.150400 -1.544000
v -0.307277 1.150400 -1.544000
v -0.349077 0.890500 -1.544000
v -0.307277 0.890500 -1.544000
v -0.349077 0.890500 -1.508700
v -0.307277 0.890500 -1.508700
v -0.349077 1.150400 -1.508700
v -0.307277 1.150400 -1.508700
v -0.327777 0.868400 -0.898400
v -0.672977 0.868400 -0.898400
v -0.327777 1.172300 -0.898400
v -0.672977 1.172300 -0.898400
v -0.327777 1.172300 -0.364100
v -0.672977 1.172300 -0.364100
v -0.327777 0.868400 -0.364100
v -0.672977 0.868400 -0.364100
v -0.672977 0.926900 -0.857600
v -0.672977 0.926900 -0.528900
v -0.672977 1.113800 -0.528900
v -0.672977 1.113800 -0.857600
v -0.678277 0.926900 -0.857600
v -0.678277 0.926900 -0.528900
v -0.678277 1.113800 -0.528900
v -0.678277 1.113800 -0.857600
v -0.650277 0.890500 -0.501000
v -0.692077 0.890500 -0.501000
v -0.650277 1.150400 -0.501000
v -0.692077 1.150400 -0.501000
v -0.650277 1.150400 -0.465700
v -0.692077 1.150400 -0.465700
v -0.650277 0.890500 -0.465700
v -0.692077 0.890500 -0.465700
v -0.650277 1.103900 -0.391000
v -0.692077 1.103900 -0.391000
v -0.650277 1.103900 -0.458600
v -0.692077 1.103900 -0.458600
v -0.650277 1.131500 -0.458600
v -0.692077 1.131500 -0.458600
v -0.650277 1.131500 -0.391000
v -0.692077 1.131500 -0.391000
v -0.349077 1.150400 -0.444500
v -0.307277 1.150400 -0.444500
v -0.349077 0.890500 -0.444500
v -0.307277 0.890500 -0.444500
v -0.349077 0.890500 -0.409200
v -0.307277 0.890500 -0.409200
v -0.349077 1.150400 -0.409200
v -0.307277 1.150400 -0.409200
v -0.349077 1.150400 -0.572700
v -0.307277 1.150400 -0.572700
v -0.349077 0.890500 -0.572700
v -0.307277 0.890500 -0.572700
v -0.349077 0.890500 -0.537400
v -0.307277 0.890500 -0.537400
v -0.349077 1.150400 -0.537400
v -0.307277 1.150400 -0.537400
v -0.349077 1.150400 -0.847400
v -0.307277 1.150400 -0.847400
v -0.349077 0.890500 -0.847400
v -0.307277 0.890500 -0.847400
v -0.349077 0.890500 -0.812100
v -0.307277 0.890500 -0.812100
v -0.349077 1.150400 -0.812100
v -0.307277 1.150400 -0.812100
v -0.349077 1.150400 -0.710800
v -0.307277 1.150400 -0.710800
v -0.349077 0.890500 -0.710800
v -0.307277 0.890500 -0.710800
v -0.349077 0.890500 -0.675500
v -0.307277 0.890500 -0.675500
v -0.349077 1.150400 -0.675500
v -0.307277 1.150400 -0.675500
v -0.327777 0.868400 0.382500
v -0.672977 0.868400 0.382500
v -0.327777 1.172300 0.382500
v -0.672977 1.172300 0.382500
v -0.327777 1.172300 0.916800
v -0.672977 1.172300 0.916800
v -0.327777 0.868400 0.916800
v -0.672977 0.868400 0.916800
v -0.672977 0.926900 0.423300
v -0.672977 0.926900 0.752000
v -0.672977 1.113800 0.752000
v -0.672977 1.113800 0.423300
v -0.678277 0.926900 0.423300
v -0.678277 0.926900 0.752000
v -0.678277 1.113800 0.752000
v -0.678277 1.113800 0.423300
v -0.650277 0.890500 0.779900
v -0.692077 0.890500 0.779900
v -0.650277 1.150400 0.779900
v -0.692077 1.150400 0.779900
v -0.650277 1.150400 0.815200
v -0.692077 1.150400 0.815200
v -0.650277 0.890500 0.815200
v -0.692077 0.890500 0.815200
v -0.650277 1.103900 0.889900
v -0.692077 1.103900 0.889900
v -0.650277 1.103900 0.822300
v -0.692077 1.103900 0.822300
v -0.650277 1.131500 0.822300
v -0.692077 1.131500 0.822300
v -0.650277 1.131500 0.889900
v -0.692077 1.131500 0.889900
v -0.349077 1.150400 0.836400
v -0.307277 1.150400 0.836400
v -0.349077 0.890500 0.836400
v -0.307277 0.890500 0.836400
v -0.349077 0.890500 0.871700
v -0.307277 0.890500 0.871700
v -0.349077 1.150400 0.871700
v -0.307277 1.150400 0.871700
v -0.349077 1.150400 0.708200
v -0.307277 1.150400 0.708200
v -0.349077 0.890500 0.708200
v -0.307277 0.890500 0.708200
v -0.349077 0.890500 0.743500
v -0.307277 0.890500 0.743500
v -0.349077 1.150400 0.743500
v -0.307277 1.150400 0.743500
v -0.349077 1.150400 0.433500
v -0.307277 1.150400 0.433500
v -0.349077 0.890500 0.433500
v -0.307277 0.890500 0.433500
v -0.349077 0.890500 0.468800
v -0.307277 0.890500 0.468800
v -0.349077 1.150400 0.468800
v -0.307277 1.150400 0.468800
v -0.349077 1.150400 0.570100
v -0.307277 1.150400 0.570100
v -0.349077 0.890500 0.570100
v -0.307277 0.890500 0.570100
v -0.349077 0.890500 0.605400
v -0.307277 0.890500 0.605400
v -0.349077 1.150400 0.605400
v -0.307277 1.150400 0.605400
v -0.327777 0.868400 1.215700
v -0.672977 0.868400 1.215700
v -0.327777 1.172300 1.215700
v -0.672977 1.172300 1.215700
v -0.327777 1.172300 1.750000
v -0.672977 1.172300 1.750000
v -0.327777 0.868400 1.750000
v -0.672977 0.868400 1.750000
v -0.672977 0.926900 1.256500
v -0.672977 0.926900 1.585200
v -0.672977 1.113800 1.585200
v -0.672977 1.113800 1.256500
v -0.678277 0.926900 1.256500
v -0.678277 0.926900 1.585200
v -0.678277 1.113800 1.585200
v -0.678277 1.113800 1.256500
v -0.650277 0.890500 1.613100
v -0.692077 0.890500 1.613100
v -0.650277 1.150400 1.613100
v -0.692077 1.150400 1.613100
v -0.650277 1.150400 1.648400
v -0.692077 1.150400 1.648400
v -0.650277 0.890500 1.648400
v -0.692077 0.890500 1.648400
v -0.650277 1.103900 1.723100
v -0.692077 1.103900 1.723100
v -0.650277 1.103900 1.655500
v -0.692077 1.103900 1.655500
v -0.650277 1.131500 1.655500
v -0.692077 1.131500 1.655500
v -0.650277 1.131500 1.723100
v -0.692077 1.131500 1.723100
v -0.349077 1.150400 1.669600
v -0.307277 1.150400 1.669600
v -0.349077 0.890500 1.669600
v -0.307277 0.890500 1.669600
v -0.349077 0.890500 1.704900
v -0.307277 0.890500 1.704900
v -0.349077 1.150400 1.704900
v -0.307277 1.150400 1.704900
v -0.349077 1.150400 1.541400
v -0.307277 1.150400 1.541400
v -0.349077 0.890500 1.541400
v -0.307277 0.890500 1.541400
v -0.349077 0.890500 1.576700
v -0.307277 0.890500 1.576700
v -0.349077 1.150400 1.576700
v -0.307277 1.150400 1.576700
v -0.349077 1.150400 1.266700
v -0.307277 1.150400 1.266700
v -0.349077 0.890500 1.266700
v -0.307277 0.890500 1.266700
v -0.349077 0.890500 1.302000
v -0.307277 0.890500 1.302000
v -0.349077 1.150400 1.302000
v -0.307277 1.150400 1.302000
v -0.349077 1.150400 1.403300
v -0.307277 1.150400 1.403300
v -0.349077 0.890500 1.403300
v -0.307277 0.890500 1.403300
v -0.349077 0.890500 1.438600
v -0.307277 0.890500 1.438600
v -0.349077 1.150400 1.438600
v -0.307277 1.150400 1.438600
v -0.327777 0.868400 2.428000
v -0.672977 0.868400 2.428000
v -0.327777 1.172300 2.428000
v -0.672977 1.172300 2.428000
v -0.327777 1.172300 2.962300
v -0.672977 1.172300 2.962300
v -0.327777 0.868400 2.962300
v -0.672977 0.868400 2.962300
v -0.672977 0.926900 2.468800
v -0.672977 0.926900 2.797500
v -0.672977 1.113800 2.797500
v -0.672977 1.113800 2.468800
v -0.678277 0.926900 2.468800
v -0.678277 0.926900 2.797500
v -0.678277 1.113800 2.797500
v -0.678277 1.113800 2.468800
v -0.650277 0.890499 2.825400
v -0.692077 0.890499 2.825400
v -0.650277 1.150400 2.825400
v -0.692077 1.150400 2.825400
v -0.650277 1.150400 2.860700
v -0.692077 1.150400 2.860700
v -0.650277 0.890499 2.860700
v -0.692077 0.890499 2.860700
v -0.650277 1.103899 2.935400
v -0.692077 1.103899 2.935400
v -0.650277 1.103899 2.867800
v -0.692077 1.103899 2.867800
v -0.650277 1.131500 2.867800
v -0.692077 1.131500 2.867800
v -0.650277 1.131500 2.935400
v -0.692077 1.131500 2.935400
v -0.349077 1.150400 2.881900
v -0.307277 1.150400 2.881900
v -0.349077 0.890499 2.881900
v -0.307277 0.890499 2.881900
v -0.349077 0.890499 2.917200
v -0.307277 0.890499 2.917200
v -0.349077 1.150400 2.917200
v -0.307277 1.150400 2.917200
v -0.349077 1.150400 2.753700
v -0.307277 1.150400 2.753700
v -0.349077 0.890499 2.753700
v -0.307277 0.890499 2.753700
v -0.349077 0.890499 2.789000
v -0.307277 0.890499 2.789000
v -0.349077 1.150400 2.789000
v -0.307277 1.150400 2.789000
v -0.349077 1.150400 2.479000
v -0.307277 1.150400 2.479000
v -0.349077 0.890499 2.479000
v -0.307277 0.890499 2.479000
v -0.349077 0.890499 2.514300
v -0.307277 0.890499 2.514300
v -0.349077 1.150400 2.514300
v -0.307277 1.150400 2.514300
v -0.349077 1.150400 2.615600
v -0.307277 1.150400 2.615600
v -0.349077 0.890499 2.615600
v -0.307277 0.890499 2.615600
v -0.349077 0.890499 2.650900
v -0.307277 0.890499 2.650900
v -0.349077 1.150400 2.650900
v -0.307277 1.150400 2.650900
v -0.327777 0.868399 3.261200
v -0.672977 0.868399 3.261200
v -0.327777 1.172300 3.261200
v -0.672977 1.172300 3.261200
v -0.327777 1.172299 3.795500
v -0.672977 1.172299 3.795500
v -0.327777 0.868399 3.795500
v -0.672977 0.868399 3.795500
v -0.672977 0.926899 3.302000
v -0.672977 0.926899 3.630700
v -0.672977 1.113799 3.630700
v -0.672977 1.113799 3.302000
v -0.678277 0.926899 3.302000
v -0.678277 0.926899 3.630700
v -0.678277 1.113799 3.630700
v -0.678277 1.113799 3.302000
v -0.650277 0.890499 3.658600
v -0.692077 0.890499 3.658600
v -0.650277 1.150399 3.658600
v -0.692077 1.150399 3.658600
v -0.650277 1.150399 3.693900
v -0.692077 1.150399 3.693900
v -0.650277 0.890499 3.693900
v -0.692077 0.890499 3.693900
v -0.650277 1.103899 3.768600
v -0.692077 1.103899 3.768600
v -0.650277 1.103899 3.701000
v -0.692077 1.103899 3.701000
v -0.650277 1.131499 3.701000
v -0.692077 1.131499 3.701000
v -0.650277 1.131499 3.768600
v -0.692077 1.131499 3.768600
v -0.349077 1.150399 3.715100
v -0.307277 1.150399 3.715100
v -0.349077 0.890499 3.715100
v -0.307277 0.890499 3.715100
v -0.349077 0.890499 3.750400
v -0.307277 0.890499 3.750400
v -0.349077 1.150399 3.750400
v -0.307277 1.150399 3.750400
v -0.349077 1.150399 3.586900
v -0.307277 1.150399 3.586900
v -0.349077 0.890499 3.586900
v -0.307277 0.890499 3.586900
v -0.349077 0.890499 3.622200
v -0.307277 0.890499 3.622200
v -0.349077 1.150399 3.622200
v -0.307277 1.150399 3.622200
v -0.349077 1.150399 3.312200
v -0.307277 1.150399 3.312200
v -0.349077 0.890499 3.312200
v -0.307277 0.890499 3.312200
v -0.349077 0.890499 3.347500
v -0.307277 0.890499 3.347500
v -0.349077 1.150399 3.347500
v -0.307277 1.150399 3.347500
v -0.349077 1.150399 3.448800
v -0.307277 1.150399 3.448800
v -0.349077 0.890499 3.448800
v -0.307277 0.890499 3.448800
v -0.349077 0.890499 3.484100
v -0.307277 0.890499 3.484100
v -0.349077 1.150399 3.484100
v -0.307277 1.150399 3.484100
v -0.327777 0.868399 4.462000
v -0.672977 0.868399 4.462000
v -0.327777 1.172299 4.462000
v -0.672977 1.172299 4.462000
v -0.327777 1.172299 4.996300
v -0.672977 1.172299 4.996300
v -0.327777 0.868399 4.996300
v -0.672977 0.868399 4.996300
v -0.672977 0.926899 4.502800
v -0.672977 0.926899 4.831500
v -0.672977 1.113799 4.831500
v -0.672977 1.113799 4.502800
v -0.678277 0.926899 4.502800
v -0.678277 0.926899 4.831500
v -0.678277 1.113799 4.831500
v -0.678277 1.113799 4.502800
v -0.650277 0.890499 4.859400
v -0.692077 0.890499 4.859400
v -0.650277 1.150399 4.859400
v -0.692077 1.150399 4.859400
v -0.650277 1.150399 4.894700
v -0.692077 1.150399 4.894700
v -0.650277 0.890499 4.894700
v -0.692077 0.890499 4.894700
v -0.650277 1.103899 4.969400
v -0.692077 1.103899 4.969400
v -0.650277 1.103899 4.901800
v -0.692077 1.103899 4.901800
v -0.650277 1.131499 4.901800
v -0.692077 1.131499 4.901800
v -0.650277 1.131499 4.969400
v -0.692077 1.131499 4.969400
v -0.349077 1.150399 4.915900
v -0.307277 1.150399 4.915900
v -0.349077 0.890499 4.915900
v -0.307277 0.890499 4.915900
v -0.349077 0.890499 4.951200
v -0.307277 0.890499 4.951200
v -0.349077 1.150399 4.951200
v -0.307277 1.150399 4.951200
v -0.349077 1.150399 4.787700
v -0.307277 1.150399 4.787700
v -0.349077 0.890499 4.787700
v -0.307277 0.890499 4.787700
v -0.349077 0.890499 4.823000
v -0.307277 0.890499 4.823000
v -0.349077 1.150399 4.823000
v -0.307277 1.150399 4.823000
v -0.349077 1.150399 4.513000
v -0.307277 1.150399 4.513000
v -0.349077 0.890499 4.513000
v -0.307277 0.890499 4.513000
v -0.349077 0.890499 4.548300
v -0.307277 0.890499 4.548300
v -0.349077 1.150399 4.548300
v -0.307277 1.150399 4.548300
v -0.349077 1.150399 4.649600
v -0.307277 1.150399 4.649600
v -0.349077 0.890499 4.649600
v -0.307277 0.890499 4.649600
v -0.349077 0.890499 4.684900
v -0.307277 0.890499 4.684900
v -0.349077 1.150399 4.684900
v -0.307277 1.150399 4.684900
v -0.327777 0.868399 5.295200
v -0.672977 0.868399 5.295200
v -0.327777 1.172299 5.295200
v -0.672977 1.172299 5.295200
v -0.327777 1.172299 5.829500
v -0.672977 1.172299 5.829500
v -0.327777 0.868399 5.829500
v -0.672977 0.868399 5.829500
v -0.672977 0.926899 5.336000
v -0.672977 0.926899 5.664700
v -0.672977 1.113799 5.664700
v -0.672977 1.113799 5.336000
v -0.678277 0.926899 5.336000
v -0.678277 0.926899 5.664700
v -0.678277 1.113799 5.664700
v -0.678277 1.113799 5.336000
v -0.650277 0.890499 5.692600
v -0.692077 0.890499 5.692600
v -0.650277 1.150399 5.692600
v -0.692077 1.150399 5.692600
v -0.650277 1.150399 5.727900
v -0.692077 1.150399 5.727900
v -0.650277 0.890499 5.727900
v -0.692077 0.890499 5.727900
v -0.650277 1.103899 5.802600
v -0.692077 1.103899 5.802600
v -0.650277 1.103899 5.735000
v -0.692077 1.103899 5.735000
v -0.650277 1.131499 5.735000
v -0.692077 1.131499 5.735000
v -0.650277 1.131499 5.802600
v -0.692077 1.131499 5.802600
v -0.349077 1.150399 5.749100
v -0.307277 1.150399 5.749100
v -0.349077 0.890499 5.749100
v -0.307277 0.890499 5.749100
v -0.349077 0.890499 5.784400
v -0.307277 0.890499 5.784400
v -0.349077 1.150399 5.784400
v -0.307277 1.150399 5.784400
v -0.349077 1.150399 5.620900
v -0.307277 1.150399 5.620900
v -0.349077 0.890499 5.620900
v -0.307277 0.890499 5.620900
v -0.349077 0.890499 5.656200
v -0.307277 0.890499 5.656200
v -0.349077 1.150399 5.656200
v -0.307277 1.150399 5.656200
v -0.349077 1.150399 5.346200
v -0.307277 1.150399 5.346200
v -0.349077 0.890499 5.346200
v -0.307277 0.890499 5.346200
v -0.349077 0.890499 5.381500
v -0.307277 0.890499 5.381500
v -0.349077 1.150399 5.381500
v -0.307277 1.150399 5.381500
v -0.349077 1.150399 5.482800
v -0.307277 1.150399 5.482800
v -0.349077 0.890499 5.482800
v -0.307277 0.890499 5.482800
v -0.349077 0.890499 5.518100
v -0.307277 0.890499 5.518100
v -0.349077 1.150399 5.518100
v -0.307277 1.150399 5.518100
v -0.327777 0.868399 6.478300
v -0.672977 0.868399 6.478200
v -0.327777 1.172299 6.478300
v -0.672977 1.172299 6.478200
v -0.327777 1.172299 7.012600
v -0.672977 1.172299 7.012500
v -0.327777 0.868399 7.012600
v -0.672977 0.868399 7.012500
v -0.672977 0.926899 6.519000
v -0.672977 0.926899 6.847800
v -0.672977 1.113799 6.847800
v -0.672977 1.113799 6.519000
v -0.678277 0.926899 6.519000
v -0.678277 0.926899 6.847700
v -0.678277 1.113799 6.847700
v -0.678277 1.113799 6.519000
v -0.650277 0.890499 6.875600
v -0.692077 0.890499 6.875600
v -0.650277 1.150399 6.875600
v -0.692077 1.150399 6.875600
v -0.650277 1.150399 6.910900
v -0.692077 1.150399 6.910900
v -0.650277 0.890499 6.910900
v -0.692077 0.890499 6.910900
v -0.650277 1.103899 6.985600
v -0.692077 1.103899 6.985600
v -0.650277 1.103899 6.918000
v -0.692077 1.103899 6.918100
v -0.650277 1.131499 6.918000
v -0.692077 1.131499 6.918100
v -0.650277 1.131499 6.985600
v -0.692077 1.131499 6.985600
v -0.349077 1.150399 6.932100
v -0.307277 1.150399 6.932200
v -0.349077 0.890499 6.932100
v -0.307277 0.890499 6.932200
v -0.349077 0.890499 6.967400
v -0.307277 0.890499 6.967400
v -0.349077 1.150399 6.967400
v -0.307277 1.150399 6.967400
v -0.349077 1.150399 6.803900
v -0.307277 1.150399 6.804000
v -0.349077 0.890499 6.803900
v -0.307277 0.890499 6.804000
v -0.349077 0.890499 6.839200
v -0.307277 0.890499 6.839200
v -0.349077 1.150399 6.839200
v -0.307277 1.150399 6.839200
v -0.349077 1.150399 6.529200
v -0.307277 1.150399 6.529300
v -0.349077 0.890499 6.529200
v -0.307277 0.890499 6.529300
v -0.349077 0.890499 6.564500
v -0.307277 0.890499 6.564500
v -0.349077 1.150399 6.564500
v -0.307277 1.150399 6.564500
v -0.349077 1.150399 6.665800
v -0.307277 1.150399 6.665800
v -0.349077 0.890499 6.665800
v -0.307277 0.890499 6.665800
v -0.349077 0.890499 6.701100
v -0.307277 0.890499 6.701100
v -0.349077 1.150399 6.701100
v -0.307277 1.150399 6.701100
v -0.327777 0.868399 7.311400
v -0.672977 0.868399 7.311400
v -0.327777 1.172299 7.311400
v -0.672977 1.172299 7.311400
v -0.327777 1.172299 7.845700
v -0.672977 1.172299 7.845700
v -0.327777 0.868399 7.845700
v -0.672977 0.868399 7.845700
v -0.672977 0.926899 7.352200
v -0.672977 0.926899 7.680900
v -0.672977 1.113799 7.680900
v -0.672977 1.113799 7.352200
v -0.678277 0.926899 7.352200
v -0.678277 0.926899 7.680900
v -0.678277 1.113799 7.680900
v -0.678277 1.113799 7.352200
v -0.650277 0.890499 7.708800
v -0.692077 0.890499 7.708800
v -0.650277 1.150399 7.708800
v -0.692077 1.150399 7.708800
v -0.650277 1.150399 7.744200
v -0.692077 1.150399 7.744100
v -0.650277 0.890499 7.744200
v -0.692077 0.890499 7.744100
v -0.650277 1.103899 7.818800
v -0.692077 1.103899 7.818900
v -0.650277 1.103899 7.751200
v -0.692077 1.103899 7.751200
v -0.650277 1.131499 7.751200
v -0.692077 1.131499 7.751200
v -0.650277 1.131499 7.818800
v -0.692077 1.131499 7.818900
v -0.349077 1.150399 7.765400
v -0.307277 1.150399 7.765300
v -0.349077 0.890499 7.765400
v -0.307277 0.890499 7.765300
v -0.349077 0.890499 7.800600
v -0.307277 0.890499 7.800700
v -0.349077 1.150399 7.800600
v -0.307277 1.150399 7.800700
v -0.349077 1.150399 7.637100
v -0.307277 1.150399 7.637100
v -0.349077 0.890499 7.637100
v -0.307277 0.890499 7.637100
v -0.349077 0.890499 7.672400
v -0.307277 0.890499 7.672400
v -0.349077 1.150399 7.672400
v -0.307277 1.150399 7.672400
v -0.349077 1.150399 7.362400
v -0.307277 1.150399 7.362400
v -0.349077 0.890499 7.362400
v -0.307277 0.890499 7.362400
v -0.349077 0.890499 7.397700
v -0.307277 0.890499 7.397700
v -0.349077 1.150399 7.397700
v -0.307277 1.150399 7.397700
v -0.349077 1.150399 7.499000
v -0.307277 1.150399 7.499000
v -0.349077 0.890499 7.499000
v -0.307277 0.890499 7.499000
v -0.349077 0.890499 7.534300
v -0.307277 0.890499 7.534300
v -0.349077 1.150399 7.534300
v -0.307277 1.150399 7.534300
v -0.327777 0.868399 8.589000
v -0.672977 0.868399 8.589100
v -0.327777 1.172299 8.589000
v -0.672977 1.172299 8.589100
v -0.327777 1.172299 9.123400
v -0.672977 1.172299 9.123300
v -0.327777 0.868398 9.123400
v -0.672977 0.868398 9.123300
v -0.672977 0.926899 8.629900
v -0.672977 0.926899 8.958600
v -0.672977 1.113799 8.958600
v -0.672977 1.113799 8.629900
v -0.678277 0.926899 8.629900
v -0.678277 0.926899 8.958600
v -0.678277 1.113799 8.958600
v -0.678277 1.113799 8.629900
v -0.650277 0.890498 8.986500
v -0.692077 0.890498 8.986500
v -0.650277 1.150399 8.986500
v -0.692077 1.150399 8.986500
v -0.650277 1.150399 9.021800
v -0.692077 1.150399 9.021800
v -0.650277 0.890498 9.021800
v -0.692077 0.890498 9.021800
v -0.650277 1.103899 9.096499
v -0.692077 1.103899 9.096499
v -0.650277 1.103899 9.028900
v -0.692077 1.103899 9.028900
v -0.650277 1.131499 9.028900
v -0.692077 1.131499 9.028900
v -0.650277 1.131499 9.096499
v -0.692077 1.131499 9.096499
v -0.349077 1.150399 9.043000
v -0.307277 1.150399 9.043000
v -0.349077 0.890498 9.043000
v -0.307277 0.890498 9.043000
v -0.349077 0.890498 9.078300
v -0.307277 0.890498 9.078300
v -0.349077 1.150399 9.078300
v -0.307277 1.150399 9.078300
v -0.349077 1.150399 8.914800
v -0.307277 1.150399 8.914800
v -0.349077 0.890498 8.914800
v -0.307277 0.890498 8.914800
v -0.349077 0.890498 8.950100
v -0.307277 0.890498 8.950100
v -0.349077 1.150399 8.950100
v -0.307277 1.150399 8.950100
v -0.349077 1.150399 8.640100
v -0.307277 1.150399 8.640100
v -0.349077 0.890498 8.640100
v -0.307277 0.890498 8.640100
v -0.349077 0.890498 8.675400
v -0.307277 0.890498 8.675400
v -0.349077 1.150399 8.675400
v -0.307277 1.150399 8.675400
v -0.349077 1.150399 8.776700
v -0.307277 1.150399 8.776700
v -0.349077 0.890498 8.776700
v -0.307277 0.890498 8.776700
v -0.349077 0.890498 8.811999
v -0.307277 0.890498 8.811999
v -0.349077 1.150399 8.811999
v -0.307277 1.150399 8.811999
v -0.327777 0.868398 9.422299
v -0.672977 0.868398 9.422299
v -0.327777 1.172298 9.422299
v -0.672977 1.172298 9.422299
v -0.327777 1.172298 9.956600
v -0.672977 1.172298 9.956600
v -0.327777 0.868398 9.956600
v -0.672977 0.868398 9.956600
v -0.672977 0.926898 9.463099
v -0.672977 0.926898 9.791800
v -0.672977 1.113798 9.791800
v -0.672977 1.113798 9.463099
v -0.678277 0.926898 9.462999
v -0.678277 0.926898 9.791800
v -0.678277 1.113798 9.791800
v -0.678277 1.113798 9.462999
v -0.650277 0.890498 9.819600
v -0.692077 0.890498 9.819699
v -0.650277 1.150398 9.819600
v -0.692077 1.150398 9.819699
v -0.650277 1.150398 9.855000
v -0.692077 1.150398 9.855000
v -0.650277 0.890498 9.855000
v -0.692077 0.890498 9.855000
v -0.650277 1.103898 9.929600
v -0.692077 1.103898 9.929700
v -0.650277 1.103898 9.862100
v -0.692077 1.103898 9.862100
v -0.650277 1.131498 9.862100
v -0.692077 1.131498 9.862100
v -0.650277 1.131498 9.929600
v -0.692077 1.131498 9.929700
v -0.349077 1.150398 9.876100
v -0.307277 1.150398 9.876200
v -0.349077 0.890498 9.876100
v -0.307277 0.890498 9.876200
v -0.349077 0.890498 9.911500
v -0.307277 0.890498 9.911500
v -0.349077 1.150398 9.911500
v -0.307277 1.150398 9.911500
v -0.349077 1.150398 9.747900
v -0.307277 1.150398 9.747900
v -0.349077 0.890498 9.747900
v -0.307277 0.890498 9.747900
v -0.349077 0.890498 9.783299
v -0.307277 0.890498 9.783299
v -0.349077 1.150398 9.783299
v -0.307277 1.150398 9.783299
v -0.349077 1.150398 9.473200
v -0.307277 1.150398 9.473200
v -0.349077 0.890498 9.473200
v -0.307277 0.890498 9.473200
v -0.349077 0.890498 9.508600
v -0.307277 0.890498 9.508600
v -0.349077 1.150398 9.508600
v -0.307277 1.150398 9.508600
v -0.349077 1.150398 9.609900
v -0.307277 1.150398 9.609900
v -0.349077 0.890498 9.609900
v -0.307277 0.890498 9.609900
v -0.349077 0.890498 9.645200
v -0.307277 0.890498 9.645100
v -0.349077 1.150398 9.645200
v -0.307277 1.150398 9.645100
vn -0.0000 -0.0000 1.0000
vn -0.0000 1.0000 -0.0000
vn -0.0000 -0.0000 -1.0000
vn -1.0000 -0.0000 -0.0000
vn 1.0000 -0.0000 -0.0000
vn -0.0000 -1.0000 -0.0000
vn 0.0003 -0.0000 -1.0000
vn -0.0003 -0.0000 1.0000
vn -0.0188 -0.0000 0.9998
vn -0.0024 -0.0000 -1.0000
vn 0.0024 -0.0000 -1.0000
vn -0.0024 -0.0000 1.0000
vn 0.0024 -0.0000 1.0000
vn -0.0003 -0.0000 -1.0000
vn 0.0186 -0.0000 -0.9998
vt 0.568967 0.202280
vt 0.420623 0.460714
vt 0.568967 0.196175
vt 0.022096 0.463059
vt 0.574343 0.202280
vt 0.406837 0.288892
vt 0.415248 0.460714
vt 0.574343 0.196175
vt 0.400731 0.288892
vt 0.027471 0.463059
vt 0.406837 0.279441
vt 0.371055 0.585413
vt 0.415248 0.451263
vt 0.400731 0.279441
vt 0.371055 0.591519
vt 0.027471 0.453609
vt 0.365680 0.585413
vt 0.420623 0.451263
vt 0.365680 0.591519
vt 0.022096 0.453609
vt 0.023131 0.462337
vt 0.437945 0.608480
vt 0.901662 0.124869
vt 0.023131 0.456524
vt 0.437945 0.602666
vt 0.373552 0.226588
vt 0.026437 0.456524
vt 0.373552 0.223282
vt 0.438039 0.619627
vt 0.026437 0.462337
vt 0.438039 0.625442
vt 0.901662 0.121563
vt 0.602012 0.201989
vt 0.438039 0.608480
vt 0.901568 0.124869
vt 0.602012 0.196175
vt 0.438039 0.602666
vt 0.373645 0.226588
vt 0.605318 0.196175
vt 0.373645 0.223282
vt 0.437945 0.619627
vt 0.605318 0.201989
vt 0.437945 0.625442
vt 0.901568 0.121563
vt 0.775812 0.627516
vt 0.775072 0.627516
vt 0.865548 0.290332
vt 0.775812 0.622919
vt 0.959876 0.077652
vt 0.775072 0.622919
vt 0.959876 0.076913
vt 0.865548 0.294929
vt 0.960501 0.077652
vt 0.574853 0.767631
vt 0.960501 0.076913
vt 0.575592 0.767631
vt 0.866173 0.294929
vt 0.574853 0.772228
vt 0.575592 0.772228
vt 0.866173 0.290332
vt 0.400586 0.991611
vt 0.400586 0.992351
vt 0.064361 0.920070
vt 0.522302 0.992349
vt 0.522302 0.991610
vt 0.064361 0.921266
vt 0.522790 0.992349
vt 0.902506 0.064581
vt 0.522790 0.991610
vt 0.901766 0.064581
vt 0.064849 0.921266
vt 0.902506 0.063385
vt 0.401075 0.991611
vt 0.901766 0.063385
vt 0.401075 0.992351
vt 0.064849 0.920070
vt 0.806460 0.306076
vt 0.254201 0.932413
vt 0.807200 0.306076
vt 0.254201 0.933152
vt 0.830938 0.187122
vt 0.806460 0.310673
vt 0.807200 0.310673
vt 0.830938 0.191719
vt 0.808020 0.081510
vt 0.807280 0.081510
vt 0.831563 0.191719
vt 0.808020 0.076913
vt 0.254826 0.932413
vt 0.807280 0.076913
vt 0.254826 0.933152
vt 0.831563 0.187122
vt 0.814605 0.656842
vt 0.955283 0.349103
vt 0.815345 0.656842
vt 0.955283 0.349842
vt 0.790832 0.861517
vt 0.814605 0.661439
vt 0.815345 0.661439
vt 0.790832 0.866114
vt 0.815345 0.787392
vt 0.814605 0.787392
vt 0.791456 0.866114
vt 0.815345 0.782796
vt 0.955908 0.349103
vt 0.814605 0.782796
vt 0.955908 0.349842
vt 0.791456 0.861517
vt 0.463831 0.812207
vt 0.159338 0.932413
vt 0.464571 0.812207
vt 0.159338 0.933152
vt 0.831138 0.037062
vt 0.463831 0.816804
vt 0.464571 0.816804
vt 0.831138 0.041659
vt 0.437739 0.816805
vt 0.437000 0.816805
vt 0.831762 0.041659
vt 0.437739 0.812209
vt 0.159963 0.932413
vt 0.437000 0.812209
vt 0.159963 0.933152
vt 0.831762 0.037062
vt 0.279250 0.813336
vt 0.135680 0.932413
vt 0.279990 0.813336
vt 0.135680 0.933152
vt 0.822618 0.622919
vt 0.279250 0.817933
vt 0.279990 0.817933
vt 0.822618 0.627516
vt 0.818541 0.590865
vt 0.817801 0.590865
vt 0.823243 0.627516
vt 0.818541 0.586268
vt 0.136305 0.932413
vt 0.817801 0.586268
vt 0.136305 0.933152
vt 0.823243 0.622919
vt 0.585690 0.011679
vt 0.466261 0.355378
vt 0.585690 0.005574
vt 0.187321 0.463059
vt 0.591065 0.011679
vt 0.028932 0.421864
vt 0.460885 0.355378
vt 0.591065 0.005574
vt 0.022827 0.421864
vt 0.192696 0.463059
vt 0.028932 0.412413
vt 0.590865 0.213428
vt 0.460885 0.345927
vt 0.022827 0.412413
vt 0.590865 0.219533
vt 0.192696 0.453608
vt 0.585490 0.213428
vt 0.466261 0.345927
vt 0.585490 0.219533
vt 0.187321 0.453608
vt 0.188355 0.462337
vt 0.270578 0.627786
vt 0.897215 0.761319
vt 0.188355 0.456523
vt 0.270578 0.621972
vt 0.890501 0.541286
vt 0.191661 0.456523
vt 0.890501 0.537980
vt 0.630192 0.292766
vt 0.191661 0.462337
vt 0.630192 0.298580
vt 0.897215 0.758013
vt 0.601192 0.298580
vt 0.270672 0.627786
vt 0.897122 0.761319
vt 0.601192 0.292766
vt 0.270672 0.621972
vt 0.890594 0.541286
vt 0.604498 0.292766
vt 0.890594 0.537980
vt 0.630098 0.292766
vt 0.604498 0.298580
vt 0.630098 0.298580
vt 0.897122 0.758013
vt 0.783612 0.404957
vt 0.782872 0.404957
vt 0.830419 0.400360
vt 0.783612 0.400360
vt 0.931740 0.337956
vt 0.782872 0.400360
vt 0.931740 0.337216
vt 0.830419 0.404957
vt 0.932364 0.337956
vt 0.770986 0.384616
vt 0.932364 0.337216
vt 0.771725 0.384616
vt 0.831043 0.404957
vt 0.770986 0.389212
vt 0.771725 0.389212
vt 0.831043 0.400360
vt 0.983416 0.167521
vt 0.983416 0.168260
vt 0.924869 0.463604
vt 0.983616 0.006313
vt 0.983616 0.005574
vt 0.924869 0.464800
vt 0.984104 0.006313
vt 0.917345 0.918887
vt 0.984104 0.005574
vt 0.916606 0.918887
vt 0.925357 0.464800
vt 0.917345 0.917691
vt 0.983904 0.167521
vt 0.916606 0.917691
vt 0.983904 0.168260
vt 0.925357 0.463604
vt 0.818532 0.368871
vt 0.962795 0.634806
vt 0.819271 0.368871
vt 0.962795 0.635545
vt 0.647848 0.861517
vt 0.818532 0.373468
vt 0.819271 0.373468
vt 0.647848 0.866114
vt 0.819271 0.404957
vt 0.818532 0.404957
vt 0.648473 0.866114
vt 0.819271 0.400360
vt 0.963420 0.634806
vt 0.818532 0.400360
vt 0.963420 0.635545
vt 0.648473 0.861517
vt 0.818532 0.416104
vt 0.099905 0.932413
vt 0.819271 0.416104
vt 0.099905 0.933153
vt 0.389338 0.827953
vt 0.818532 0.420701
vt 0.819271 0.420701
vt 0.389338 0.832550
vt 0.819271 0.389212
vt 0.818532 0.389212
vt 0.389962 0.832550
vt 0.819271 0.384616
vt 0.100530 0.932413
vt 0.818532 0.384616
vt 0.100530 0.933153
vt 0.389962 0.827953
vt 0.255192 0.814553
vt 0.551079 0.932724
vt 0.255931 0.814553
vt 0.551079 0.933463
vt 0.831642 0.529983
vt 0.255192 0.819150
vt 0.255931 0.819150
vt 0.831642 0.534580
vt 0.220271 0.819150
vt 0.219532 0.819150
vt 0.832267 0.534580
vt 0.220271 0.814553
vt 0.551703 0.932724
vt 0.219532 0.814553
vt 0.551703 0.933463
vt 0.832267 0.529983
vt 0.160099 0.814553
vt 0.064361 0.932413
vt 0.160838 0.814553
vt 0.064361 0.933153
vt 0.826741 0.325330
vt 0.160099 0.819150
vt 0.160838 0.819150
vt 0.826741 0.329927
vt 0.125179 0.819150
vt 0.124439 0.819150
vt 0.827366 0.329927
vt 0.125179 0.814553
vt 0.064985 0.932413
vt 0.124439 0.814553
vt 0.064985 0.933153
vt 0.827366 0.325330
vt 0.051916 0.087495
vt 0.051916 0.052108
vt 0.087110 0.087495
vt 0.087110 0.052108
vt 0.164122 0.357724
vt 0.216645 0.314182
vt 0.162278 0.357724
vt 0.323200 0.179741
vt 0.164122 0.325330
vt 0.216645 0.281788
vt 0.162278 0.325330
vt 0.323200 0.212135
vt 0.374747 0.281788
vt 0.218689 0.281788
vt 0.376592 0.281788
vt 0.325244 0.212135
vt 0.374747 0.314182
vt 0.218689 0.314182
vt 0.376592 0.314182
vt 0.325244 0.179741
vt 0.294043 0.401266
vt 0.203453 0.314182
vt 0.292198 0.401266
vt 0.336391 0.005574
vt 0.294043 0.368871
vt 0.203453 0.281788
vt 0.292198 0.368871
vt 0.336391 0.037968
vt 0.084325 0.325330
vt 0.205497 0.281788
vt 0.086170 0.325330
vt 0.338436 0.037968
vt 0.084325 0.357724
vt 0.205497 0.314182
vt 0.086170 0.357724
vt 0.338436 0.005574
vt 0.351428 0.168594
vt 0.137493 0.314182
vt 0.349583 0.168594
vt 0.150685 0.281788
vt 0.351428 0.136199
vt 0.137493 0.281788
vt 0.349583 0.136199
vt 0.150685 0.314182
vt 0.175270 0.368871
vt 0.139538 0.281788
vt 0.177115 0.368871
vt 0.152730 0.314182
vt 0.175270 0.401266
vt 0.139538 0.314182
vt 0.177115 0.401266
vt 0.152730 0.281788
vt 0.073178 0.401266
vt 0.097917 0.314182
vt 0.071333 0.401266
vt 0.084725 0.281788
vt 0.073178 0.368871
vt 0.097917 0.281788
vt 0.071333 0.368871
vt 0.084725 0.314182
vt 0.044950 0.325330
vt 0.099962 0.281788
vt 0.046794 0.325330
vt 0.086770 0.314182
vt 0.044950 0.357724
vt 0.099962 0.314182
vt 0.046794 0.357724
vt 0.086770 0.281788
vt 0.144599 0.087495
vt 0.144599 0.052108
vt 0.179793 0.087495
vt 0.179793 0.052108
vt 0.144599 0.040961
vt 0.144599 0.005574
vt 0.179793 0.040961
vt 0.179793 0.005574
vt 0.005574 0.134030
vt 0.005574 0.098643
vt 0.040768 0.134030
vt 0.040768 0.098643
vt 0.051915 0.134030
vt 0.051915 0.098643
vt 0.087110 0.134030
vt 0.087110 0.098643
vt 0.098257 0.134030
vt 0.098257 0.098643
vt 0.133451 0.134030
vt 0.133451 0.098643
vt 0.060186 0.401266
vt 0.005574 0.314182
vt 0.058341 0.401266
vt 0.071533 0.281788
vt 0.060186 0.368871
vt 0.005574 0.281788
vt 0.058341 0.368871
vt 0.071533 0.314182
vt 0.136294 0.325330
vt 0.007618 0.281788
vt 0.138138 0.325330
vt 0.073578 0.314182
vt 0.136294 0.357724
vt 0.007618 0.314182
vt 0.138138 0.357724
vt 0.073578 0.281788
vt 0.333019 0.357724
vt 0.296816 0.125052
vt 0.331174 0.357724
vt 0.296816 0.049115
vt 0.333019 0.325330
vt 0.296816 0.092657
vt 0.331174 0.325330
vt 0.296816 0.081510
vt 0.387739 0.238246
vt 0.298860 0.092657
vt 0.389584 0.238246
vt 0.298860 0.081510
vt 0.387739 0.270641
vt 0.298860 0.125052
vt 0.389584 0.270641
vt 0.298860 0.049115
vt 0.229083 0.401266
vt 0.163877 0.314182
vt 0.227238 0.401266
vt 0.295796 0.238246
vt 0.229083 0.368871
vt 0.163877 0.281788
vt 0.227238 0.368871
vt 0.295796 0.270641
vt 0.344166 0.325330
vt 0.165921 0.281788
vt 0.346011 0.325330
vt 0.297841 0.270641
vt 0.344166 0.357724
vt 0.165921 0.314182
vt 0.346011 0.357724
vt 0.297841 0.238246
vt 0.268059 0.357724
vt 0.310008 0.125052
vt 0.266214 0.357724
vt 0.296816 0.005574
vt 0.268059 0.325330
vt 0.310008 0.092657
vt 0.266214 0.325330
vt 0.296816 0.037968
vt 0.031758 0.368871
vt 0.312052 0.092657
vt 0.033602 0.368871
vt 0.298860 0.037968
vt 0.031758 0.401266
vt 0.312052 0.125052
vt 0.033602 0.401266
vt 0.298860 0.005574
vt 0.190940 0.180564
vt 0.190940 0.145177
vt 0.226135 0.180564
vt 0.226135 0.145177
vt 0.144599 0.180564
vt 0.144599 0.145177
vt 0.179793 0.180564
vt 0.179793 0.145177
vt 0.005574 0.227099
vt 0.005574 0.191712
vt 0.040768 0.227099
vt 0.040768 0.191712
vt 0.190107 0.401266
vt 0.177069 0.314182
vt 0.188262 0.401266
vt 0.335371 0.238246
vt 0.190107 0.368871
vt 0.177069 0.281788
vt 0.188262 0.368871
vt 0.335371 0.270641
vt 0.349583 0.092657
vt 0.179113 0.281788
vt 0.351428 0.092657
vt 0.337416 0.270641
vt 0.349583 0.125052
vt 0.179113 0.314182
vt 0.351428 0.125052
vt 0.337416 0.238246
vt 0.007418 0.357724
vt 0.190261 0.314182
vt 0.005574 0.357724
vt 0.336391 0.179741
vt 0.007418 0.325330
vt 0.190261 0.281788
vt 0.005574 0.325330
vt 0.336391 0.212135
vt 0.240230 0.368871
vt 0.192306 0.281788
vt 0.242075 0.368871
vt 0.338436 0.212135
vt 0.240230 0.401266
vt 0.192306 0.314182
vt 0.242075 0.401266
vt 0.338436 0.179741
vt 0.320027 0.401266
vt 0.282604 0.270641
vt 0.318182 0.401266
vt 0.058342 0.281788
vt 0.320027 0.368871
vt 0.282604 0.238246
vt 0.318182 0.368871
vt 0.058342 0.314182
vt 0.071333 0.325330
vt 0.284649 0.238246
vt 0.073178 0.325330
vt 0.060386 0.314182
vt 0.071333 0.357724
vt 0.284649 0.270641
vt 0.073178 0.357724
vt 0.060386 0.281788
vt 0.112154 0.357724
vt 0.283624 0.168594
vt 0.110310 0.357724
vt 0.018766 0.281788
vt 0.112154 0.325330
vt 0.283624 0.136199
vt 0.110310 0.325330
vt 0.018766 0.314182
vt 0.279206 0.368871
vt 0.285669 0.136199
vt 0.281051 0.368871
vt 0.020811 0.314182
vt 0.279206 0.401266
vt 0.285669 0.168594
vt 0.281051 0.401266
vt 0.020811 0.281788
vt 0.190940 0.227099
vt 0.190940 0.191712
vt 0.226134 0.227099
vt 0.226134 0.191712
vt 0.237282 0.040961
vt 0.237282 0.005574
vt 0.272476 0.040961
vt 0.272476 0.005574
vt 0.237282 0.087495
vt 0.237282 0.052108
vt 0.272476 0.087495
vt 0.272476 0.052108
vt 0.099162 0.401266
vt 0.229836 0.314182
vt 0.097318 0.401266
vt 0.243028 0.281788
vt 0.099162 0.368871
vt 0.229836 0.281788
vt 0.097318 0.368871
vt 0.243028 0.314182
vt 0.214246 0.325330
vt 0.231880 0.281788
vt 0.216091 0.325330
vt 0.245072 0.314182
vt 0.214246 0.357724
vt 0.231880 0.314182
vt 0.216091 0.357724
vt 0.245072 0.281788
vt 0.255067 0.357724
vt 0.256220 0.314182
vt 0.253222 0.357724
vt 0.269412 0.281788
vt 0.255067 0.325330
vt 0.256220 0.281788
vt 0.253222 0.325330
vt 0.269412 0.314182
vt 0.018566 0.368871
vt 0.258265 0.281788
vt 0.020410 0.368871
vt 0.271457 0.314182
vt 0.018566 0.401266
vt 0.258265 0.314182
vt 0.020410 0.401266
vt 0.271457 0.281788
vt 0.390404 0.125052
vt 0.348564 0.270641
vt 0.388559 0.125052
vt 0.349583 0.005574
vt 0.390404 0.092657
vt 0.348564 0.238246
vt 0.388559 0.092657
vt 0.349583 0.037968
vt 0.318182 0.325330
vt 0.350608 0.238246
vt 0.320027 0.325330
vt 0.351628 0.037968
vt 0.318182 0.357724
vt 0.350608 0.270641
vt 0.320027 0.357724
vt 0.351628 0.005574
vt 0.359003 0.357724
vt 0.348564 0.314182
vt 0.357158 0.357724
vt 0.349583 0.049115
vt 0.359003 0.325330
vt 0.348564 0.281788
vt 0.357158 0.325330
vt 0.349583 0.081510
vt 0.387739 0.281788
vt 0.350608 0.281788
vt 0.389584 0.281788
vt 0.351628 0.081510
vt 0.387739 0.314182
vt 0.350608 0.314182
vt 0.389584 0.314182
vt 0.351628 0.049115
vt 0.237282 0.134030
vt 0.237282 0.098643
vt 0.272476 0.134030
vt 0.272476 0.098643
vt 0.237282 0.180564
vt 0.237282 0.145177
vt 0.272476 0.180564
vt 0.272476 0.145177
vt 0.237282 0.227099
vt 0.237282 0.191712
vt 0.272476 0.227099
vt 0.272476 0.191712
vt 0.377412 0.125052
vt 0.111109 0.270641
vt 0.375567 0.125052
vt 0.124301 0.238246
vt 0.377412 0.092657
vt 0.111109 0.238246
vt 0.375567 0.092657
vt 0.124301 0.270641
vt 0.370150 0.325330
vt 0.113153 0.238246
vt 0.371995 0.325330
vt 0.126346 0.270641
vt 0.370150 0.357724
vt 0.113153 0.270641
vt 0.371995 0.357724
vt 0.126346 0.238246
vt 0.364620 0.081510
vt 0.137492 0.270641
vt 0.362775 0.081510
vt 0.150684 0.238246
vt 0.364620 0.049115
vt 0.137492 0.238246
vt 0.362775 0.049115
vt 0.150684 0.270641
vt 0.375567 0.136199
vt 0.139537 0.238246
vt 0.377412 0.136199
vt 0.152729 0.270641
vt 0.375567 0.168594
vt 0.139537 0.270641
vt 0.377412 0.168594
vt 0.152729 0.238246
vt 0.377612 0.081510
vt 0.163877 0.270641
vt 0.375767 0.081510
vt 0.177069 0.238246
vt 0.377612 0.049115
vt 0.163877 0.238246
vt 0.375767 0.049115
vt 0.177069 0.270641
vt 0.362575 0.092657
vt 0.165921 0.238246
vt 0.364420 0.092657
vt 0.179113 0.270641
vt 0.362575 0.125052
vt 0.165921 0.270641
vt 0.364420 0.125052
vt 0.179113 0.238246
vt 0.307035 0.357724
vt 0.190260 0.270641
vt 0.305190 0.357724
vt 0.203452 0.238246
vt 0.307035 0.325330
vt 0.190260 0.238246
vt 0.305190 0.325330
vt 0.203452 0.270641
vt 0.388559 0.136199
vt 0.192305 0.238246
vt 0.390404 0.136199
vt 0.205497 0.270641
vt 0.388559 0.168594
vt 0.192305 0.270641
vt 0.390404 0.168594
vt 0.205497 0.238246
vt 0.005574 0.180564
vt 0.005574 0.145177
vt 0.040768 0.180564
vt 0.040768 0.145177
vt 0.281051 0.357724
vt 0.336391 0.081510
vt 0.279206 0.357724
vt 0.282604 0.281788
vt 0.281051 0.325330
vt 0.336391 0.049115
vt 0.279206 0.325330
vt 0.282604 0.314182
vt 0.005574 0.368871
vt 0.338436 0.049115
vt 0.007418 0.368871
vt 0.284649 0.314182
vt 0.005574 0.401266
vt 0.338436 0.081510
vt 0.007418 0.401266
vt 0.284649 0.281788
vt 0.046594 0.401266
vt 0.336391 0.125052
vt 0.044750 0.401266
vt 0.323200 0.136199
vt 0.046594 0.368871
vt 0.336391 0.092657
vt 0.044750 0.368871
vt 0.323200 0.168594
vt 0.240230 0.325330
vt 0.338436 0.092657
vt 0.242075 0.325330
vt 0.325244 0.168594
vt 0.240230 0.357724
vt 0.338436 0.125052
vt 0.242075 0.357724
vt 0.325244 0.136199
vt 0.203099 0.357724
vt 0.295796 0.314182
vt 0.201254 0.357724
vt 0.308988 0.281788
vt 0.203099 0.325330
vt 0.295796 0.281788
vt 0.201254 0.325330
vt 0.308988 0.314182
vt 0.110310 0.368871
vt 0.297841 0.281788
vt 0.112154 0.368871
vt 0.311033 0.314182
vt 0.110310 0.401266
vt 0.297841 0.314182
vt 0.112154 0.401266
vt 0.311033 0.281788
vt 0.151130 0.401266
vt 0.322180 0.270641
vt 0.149286 0.401266
vt 0.322180 0.281788
vt 0.151130 0.368871
vt 0.322180 0.238246
vt 0.149286 0.368871
vt 0.322180 0.314182
vt 0.175270 0.325330
vt 0.324224 0.238246
vt 0.177114 0.325330
vt 0.324224 0.314182
vt 0.175270 0.357724
vt 0.324224 0.270641
vt 0.177114 0.357724
vt 0.324224 0.281788
vt 0.051916 0.180564
vt 0.051916 0.145177
vt 0.087110 0.180564
vt 0.087110 0.145177
vt 0.098257 0.180564
vt 0.098257 0.145177
vt 0.133451 0.180564
vt 0.133451 0.145177
vt 0.005574 0.087495
vt 0.005574 0.052108
vt 0.040768 0.087495
vt 0.040768 0.052108
vt 0.005574 0.040961
vt 0.005574 0.005574
vt 0.040768 0.040961
vt 0.040768 0.005574
vt 0.051916 0.040961
vt 0.051916 0.005574
vt 0.087110 0.040961
vt 0.087110 0.005574
vt 0.268059 0.401266
vt 0.031958 0.270641
vt 0.266214 0.401266
vt 0.005573 0.238246
vt 0.268059 0.368871
vt 0.031958 0.238246
vt 0.266214 0.368871
vt 0.005573 0.270641
vt 0.123302 0.325330
vt 0.034002 0.238246
vt 0.125146 0.325330
vt 0.007618 0.270641
vt 0.123302 0.357724
vt 0.034002 0.270641
vt 0.125146 0.357724
vt 0.007618 0.238246
vt 0.060186 0.357724
vt 0.018765 0.270641
vt 0.058341 0.357724
vt 0.045149 0.238246
vt 0.060186 0.325330
vt 0.018765 0.238246
vt 0.058341 0.325330
vt 0.045149 0.270641
vt 0.305190 0.368871
vt 0.020810 0.238246
vt 0.307035 0.368871
vt 0.047194 0.270641
vt 0.305190 0.401266
vt 0.020810 0.270641
vt 0.307035 0.401266
vt 0.047194 0.238246
vt 0.255067 0.401266
vt 0.058341 0.270641
vt 0.253222 0.401266
vt 0.097917 0.238246
vt 0.255067 0.368871
vt 0.058341 0.238246
vt 0.253222 0.368871
vt 0.097917 0.270641
vt 0.018766 0.325330
vt 0.060386 0.238246
vt 0.020610 0.325330
vt 0.099961 0.270641
vt 0.018766 0.357724
vt 0.060386 0.270641
vt 0.020610 0.357724
vt 0.099961 0.238246
vt 0.351428 0.212135
vt 0.071533 0.270641
vt 0.349583 0.212135
vt 0.084725 0.238246
vt 0.351428 0.179741
vt 0.071533 0.238246
vt 0.349583 0.179741
vt 0.084725 0.270641
vt 0.162278 0.368871
vt 0.073578 0.238246
vt 0.164122 0.368871
vt 0.086770 0.270641
vt 0.162278 0.401266
vt 0.073578 0.270641
vt 0.164122 0.401266
vt 0.086770 0.238246
vt 0.190940 0.087495
vt 0.190940 0.052108
vt 0.226135 0.087495
vt 0.226135 0.052108
vt 0.190940 0.134030
vt 0.190940 0.098643
vt 0.226135 0.134030
vt 0.226135 0.098643
vt 0.144598 0.227099
vt 0.144598 0.191712
vt 0.179793 0.227099
vt 0.179793 0.191712
vt 0.086170 0.401266
vt 0.296816 0.168594
vt 0.084325 0.401266
vt 0.283624 0.005574
vt 0.086170 0.368871
vt 0.296816 0.136199
vt 0.084325 0.368871
vt 0.283624 0.037968
vt 0.031958 0.325330
vt 0.298860 0.136199
vt 0.033802 0.325330
vt 0.285668 0.037968
vt 0.031958 0.357724
vt 0.298860 0.168594
vt 0.033802 0.357724
vt 0.285668 0.005574
vt 0.229083 0.357724
vt 0.310008 0.168594
vt 0.227238 0.357724
vt 0.283624 0.049115
vt 0.229083 0.325330
vt 0.310008 0.136199
vt 0.227238 0.325330
vt 0.283624 0.081510
vt 0.388759 0.049115
vt 0.312052 0.136199
vt 0.390604 0.049115
vt 0.285668 0.081510
vt 0.388759 0.081510
vt 0.312052 0.168594
vt 0.390604 0.081510
vt 0.285668 0.049115
vt 0.384987 0.357724
vt 0.335371 0.314182
vt 0.383142 0.357724
vt 0.323200 0.005574
vt 0.384987 0.325330
vt 0.335371 0.281788
vt 0.383142 0.325330
vt 0.323200 0.037968
vt 0.362575 0.179741
vt 0.337416 0.281788
vt 0.364420 0.179741
vt 0.325244 0.037968
vt 0.362575 0.212135
vt 0.337416 0.314182
vt 0.364420 0.212135
vt 0.325244 0.005574
vt 0.099162 0.357724
vt 0.336391 0.168594
vt 0.097317 0.357724
vt 0.323200 0.092657
vt 0.099162 0.325330
vt 0.336391 0.136199
vt 0.097317 0.325330
vt 0.323200 0.125052
vt 0.123302 0.368871
vt 0.338436 0.136199
vt 0.125146 0.368871
vt 0.325244 0.125052
vt 0.123302 0.401266
vt 0.338436 0.168594
vt 0.125146 0.401266
vt 0.325244 0.092657
vt 0.144599 0.134030
vt 0.144599 0.098643
vt 0.179793 0.134030
vt 0.179793 0.098643
vt 0.098257 0.087495
vt 0.098257 0.052108
vt 0.133451 0.087495
vt 0.133451 0.052108
vt 0.098257 0.040961
vt 0.098257 0.005574
vt 0.133451 0.040961
vt 0.133451 0.005574
vt 0.216091 0.401266
vt 0.256220 0.270641
vt 0.214246 0.401266
vt 0.243028 0.238246
vt 0.216091 0.368871
vt 0.256220 0.238246
vt 0.214246 0.368871
vt 0.243028 0.270641
vt 0.361755 0.281788
vt 0.258265 0.238246
vt 0.363600 0.281788
vt 0.245073 0.270641
vt 0.361755 0.314182
vt 0.258265 0.270641
vt 0.363600 0.314182
vt 0.245073 0.238246
vt 0.151130 0.357724
vt 0.229836 0.270641
vt 0.149286 0.357724
vt 0.216644 0.238246
vt 0.151130 0.325330
vt 0.229836 0.238246
vt 0.149286 0.325330
vt 0.216644 0.270641
vt 0.201254 0.368871
vt 0.231881 0.238246
vt 0.203099 0.368871
vt 0.218689 0.270641
vt 0.201254 0.401266
vt 0.231881 0.270641
vt 0.203099 0.401266
vt 0.218689 0.238246
vt 0.138138 0.401266
vt 0.045149 0.314182
vt 0.136294 0.401266
vt 0.283624 0.092657
vt 0.138138 0.368871
vt 0.045149 0.281788
vt 0.136294 0.368871
vt 0.283624 0.125052
vt 0.188262 0.325330
vt 0.047194 0.281788
vt 0.190107 0.325330
vt 0.285668 0.125052
vt 0.188262 0.357724
vt 0.047194 0.314182
vt 0.190107 0.357724
vt 0.285668 0.092657
vt 0.294043 0.357724
vt 0.283624 0.212135
vt 0.292198 0.357724
vt 0.269412 0.238246
vt 0.294043 0.325330
vt 0.283624 0.179741
vt 0.292198 0.325330
vt 0.269412 0.270641
vt 0.388759 0.005574
vt 0.285668 0.179741
vt 0.390604 0.005574
vt 0.271457 0.270641
vt 0.388759 0.037968
vt 0.285668 0.212135
vt 0.390604 0.037968
vt 0.271457 0.238246
vt 0.051915 0.227099
vt 0.051915 0.191712
vt 0.087110 0.227099
vt 0.087110 0.191712
vt 0.098257 0.227099
vt 0.098257 0.191712
vt 0.133451 0.227099
vt 0.133451 0.191712
vt 0.190940 0.040961
vt 0.190940 0.005574
vt 0.226135 0.040961
vt 0.226135 0.005574
vt 0.390404 0.212135
vt 0.296816 0.212135
vt 0.388559 0.212135
vt 0.308988 0.238246
vt 0.390404 0.179741
vt 0.296816 0.179741
vt 0.388559 0.179741
vt 0.308988 0.270641
vt 0.361755 0.238246
vt 0.298860 0.179741
vt 0.363600 0.238246
vt 0.311032 0.270641
vt 0.361755 0.270641
vt 0.298860 0.212135
vt 0.363600 0.270641
vt 0.311032 0.238246
vt 0.364420 0.168594
vt 0.310008 0.037968
vt 0.362575 0.168594
vt 0.310008 0.049115
vt 0.364420 0.136199
vt 0.310008 0.005574
vt 0.362575 0.136199
vt 0.310008 0.081510
vt 0.375767 0.005574
vt 0.312052 0.005574
vt 0.377612 0.005574
vt 0.312052 0.081510
vt 0.375767 0.037968
vt 0.312052 0.037968
vt 0.377612 0.037968
vt 0.312052 0.049115
vt 0.377412 0.212135
vt 0.310008 0.212135
vt 0.375567 0.212135
vt 0.031958 0.281788
vt 0.377412 0.179741
vt 0.310008 0.179741
vt 0.375567 0.179741
vt 0.031958 0.314182
vt 0.374747 0.238246
vt 0.312052 0.179741
vt 0.376592 0.238246
vt 0.034002 0.314182
vt 0.374747 0.270641
vt 0.312052 0.212135
vt 0.376592 0.270641
vt 0.034002 0.281788
vt 0.364620 0.037968
vt 0.111109 0.314182
vt 0.362775 0.037968
vt 0.124301 0.281788
vt 0.364620 0.005574
vt 0.111109 0.281788
vt 0.362775 0.005574
vt 0.124301 0.314182
vt 0.396134 0.325330
vt 0.113154 0.281788
vt 0.397979 0.325330
vt 0.126346 0.314182
vt 0.396134 0.357724
vt 0.113154 0.314182
vt 0.397979 0.357724
vt 0.126346 0.281788
vt 0.585490 0.202280
vt 0.491730 0.163901
vt 0.585490 0.196175
vt 0.486355 0.225694
vt 0.590865 0.202280
vt 0.441343 0.268294
vt 0.486355 0.163901
vt 0.590865 0.196175
vt 0.435237 0.268294
vt 0.491730 0.225694
vt 0.441343 0.258844
vt 0.590865 0.178922
vt 0.486355 0.154450
vt 0.435237 0.258844
vt 0.590865 0.185028
vt 0.491730 0.216243
vt 0.585490 0.178922
vt 0.491730 0.154450
vt 0.585490 0.185028
vt 0.486355 0.216243
vt 0.487390 0.224972
vt 0.623129 0.645694
vt 0.219281 0.896580
vt 0.487390 0.219158
vt 0.623129 0.639881
vt 0.890501 0.454568
vt 0.490696 0.219158
vt 0.890501 0.451262
vt 0.573655 0.640460
vt 0.490696 0.224972
vt 0.573655 0.646274
vt 0.219281 0.893274
vt 0.394586 0.625441
vt 0.623223 0.645694
vt 0.219187 0.896580
vt 0.394586 0.619627
vt 0.623223 0.639881
vt 0.890594 0.454568
vt 0.397892 0.619627
vt 0.890594 0.451262
vt 0.573562 0.640460
vt 0.397892 0.625441
vt 0.573562 0.646274
vt 0.219187 0.893274
vt 0.784951 0.455859
vt 0.784211 0.455859
vt 0.754598 0.877261
vt 0.784951 0.451262
vt 0.331175 0.968579
vt 0.784211 0.451262
vt 0.331175 0.967840
vt 0.754598 0.881858
vt 0.331799 0.968579
vt 0.612534 0.767051
vt 0.331799 0.967840
vt 0.613273 0.767051
vt 0.755222 0.881858
vt 0.612534 0.771648
vt 0.613273 0.771648
vt 0.755222 0.877261
vt 0.135680 0.991846
vt 0.135680 0.992585
vt 0.868262 0.921911
vt 0.983591 0.499548
vt 0.983591 0.498808
vt 0.868262 0.923107
vt 0.984079 0.499548
vt 0.920343 0.695066
vt 0.984079 0.498808
vt 0.919604 0.695066
vt 0.868750 0.923107
vt 0.920343 0.693871
vt 0.136169 0.991846
vt 0.919604 0.693871
vt 0.136169 0.992585
vt 0.868750 0.921911
vt 0.029347 0.814553
vt 0.253856 0.968073
vt 0.030086 0.814553
vt 0.253856 0.968812
vt 0.878026 0.124146
vt 0.029347 0.819150
vt 0.030086 0.819150
vt 0.878026 0.128743
vt 0.006313 0.819150
vt 0.005574 0.819150
vt 0.878651 0.128743
vt 0.006313 0.814553
vt 0.254480 0.968073
vt 0.005574 0.814553
vt 0.254480 0.968812
vt 0.878651 0.124146
vt 0.818347 0.290332
vt 0.963671 0.952438
vt 0.819086 0.290332
vt 0.963671 0.953177
vt 0.377452 0.859441
vt 0.818347 0.294929
vt 0.819086 0.294929
vt 0.377452 0.864038
vt 0.819086 0.279185
vt 0.818347 0.279185
vt 0.378076 0.864038
vt 0.819086 0.274588
vt 0.964295 0.952438
vt 0.818347 0.274588
vt 0.964295 0.953177
vt 0.378076 0.859441
vt 0.818347 0.258844
vt 0.812535 0.934254
vt 0.819086 0.258844
vt 0.812535 0.934993
vt 0.511263 0.827951
vt 0.818347 0.263441
vt 0.819086 0.263441
vt 0.511263 0.832548
vt 0.779685 0.818881
vt 0.778946 0.818881
vt 0.511888 0.832548
vt 0.779685 0.814284
vt 0.813160 0.934254
vt 0.778946 0.814284
vt 0.813160 0.934993
vt 0.511888 0.827951
vt 0.743286 0.814284
vt 0.958624 0.554780
vt 0.744025 0.814284
vt 0.958624 0.555519
vt 0.861807 0.798540
vt 0.743286 0.818881
vt 0.744025 0.818881
vt 0.861807 0.803137
vt 0.732139 0.818881
vt 0.731399 0.818881
vt 0.862432 0.803137
vt 0.732139 0.814284
vt 0.959249 0.554780
vt 0.731399 0.814284
vt 0.959249 0.555519
vt 0.862432 0.798540
vt 0.585400 0.244352
vt 0.308353 0.524852
vt 0.585400 0.238246
vt 0.535833 0.247697
vt 0.590776 0.244352
vt 0.458051 0.440115
vt 0.302978 0.524852
vt 0.590776 0.238246
vt 0.451945 0.440115
vt 0.541208 0.247697
vt 0.458051 0.430665
vt 0.590230 0.403377
vt 0.302978 0.515401
vt 0.451945 0.430665
vt 0.590230 0.409483
vt 0.541208 0.238246
vt 0.584855 0.403377
vt 0.308353 0.515401
vt 0.584855 0.409483
vt 0.535833 0.238246
vt 0.536868 0.246975
vt 0.199918 0.661708
vt 0.574717 0.896891
vt 0.536868 0.241161
vt 0.199918 0.655894
vt 0.889798 0.143196
vt 0.540174 0.241161
vt 0.889798 0.139890
vt 0.233734 0.655894
vt 0.540174 0.246975
vt 0.233734 0.661708
vt 0.574717 0.893585
vt 0.121231 0.627786
vt 0.200011 0.661708
vt 0.574623 0.896891
vt 0.121231 0.621972
vt 0.200011 0.655894
vt 0.889892 0.143196
vt 0.124537 0.621972
vt 0.889892 0.139890
vt 0.233641 0.655894
vt 0.124537 0.627786
vt 0.233641 0.661708
vt 0.574623 0.893585
vt 0.613273 0.787392
vt 0.612534 0.787392
vt 0.888546 0.602012
vt 0.613273 0.782796
vt 0.635962 0.970653
vt 0.612534 0.782796
vt 0.635962 0.969914
vt 0.888546 0.606609
vt 0.636586 0.970653
vt 0.759734 0.187122
vt 0.636586 0.969914
vt 0.760473 0.187122
vt 0.889171 0.606609
vt 0.759734 0.191719
vt 0.760473 0.191719
vt 0.889171 0.602012
vt 0.451945 0.991610
vt 0.451945 0.992349
vt 0.879898 0.921911
vt 0.475352 0.992349
vt 0.475352 0.991610
vt 0.879898 0.923107
vt 0.475840 0.992349
vt 0.920343 0.707409
vt 0.475840 0.991610
vt 0.919604 0.707409
vt 0.880386 0.923107
vt 0.920343 0.706213
vt 0.452433 0.991610
vt 0.919604 0.706213
vt 0.452433 0.992349
vt 0.880386 0.921911
vt 0.660080 0.814284
vt 0.753678 0.969914
vt 0.660819 0.814284
vt 0.753678 0.970653
vt 0.878025 0.155634
vt 0.660080 0.818881
vt 0.660819 0.818881
vt 0.878025 0.160231
vt 0.637046 0.818881
vt 0.636307 0.818881
vt 0.878649 0.160231
vt 0.637046 0.814284
vt 0.754302 0.969914
vt 0.636307 0.814284
vt 0.754302 0.970653
vt 0.878649 0.155634
vt 0.817801 0.570524
vt 0.871394 0.958027
vt 0.818541 0.570524
vt 0.871394 0.958767
vt 0.855186 0.514239
vt 0.817801 0.575121
vt 0.818541 0.575121
vt 0.855186 0.518836
vt 0.303763 0.817933
vt 0.303023 0.817933
vt 0.855810 0.518836
vt 0.303763 0.813336
vt 0.872018 0.958027
vt 0.303023 0.813336
vt 0.872018 0.958767
vt 0.855810 0.514239
vt 0.451945 0.812207
vt 0.958624 0.579009
vt 0.452684 0.812207
vt 0.958624 0.579749
vt 0.855186 0.467006
vt 0.451945 0.816804
vt 0.452684 0.816804
vt 0.855186 0.471603
vt 0.343800 0.816807
vt 0.343061 0.816807
vt 0.855810 0.471603
vt 0.343800 0.812210
vt 0.959249 0.579009
vt 0.343061 0.812210
vt 0.959249 0.579749
vt 0.855810 0.467006
vt 0.814605 0.735563
vt 0.959169 0.294503
vt 0.815345 0.735563
vt 0.959169 0.295243
vt 0.854682 0.021318
vt 0.814605 0.740160
vt 0.815345 0.740160
vt 0.854682 0.025915
vt 0.815345 0.692927
vt 0.814605 0.692927
vt 0.855306 0.025915
vt 0.815345 0.688330
vt 0.959794 0.294503
vt 0.814605 0.688330
vt 0.959794 0.295243
vt 0.855306 0.021318
vt 0.584670 0.282202
vt 0.093561 0.524852
vt 0.584670 0.276097
vt 0.071663 0.524852
vt 0.590045 0.282202
vt 0.449738 0.355378
vt 0.088186 0.524852
vt 0.590045 0.276097
vt 0.443632 0.355378
vt 0.077039 0.524852
vt 0.449738 0.345927
vt 0.589500 0.572033
vt 0.088186 0.515401
vt 0.443632 0.345927
vt 0.589500 0.578138
vt 0.077039 0.515401
vt 0.584125 0.572033
vt 0.093561 0.515401
vt 0.584125 0.578138
vt 0.071663 0.515401
vt 0.072698 0.524130
vt 0.256123 0.644747
vt 0.901662 0.095963
vt 0.072698 0.518316
vt 0.256123 0.638933
vt 0.585348 0.313908
vt 0.076004 0.518316
vt 0.585348 0.310603
vt 0.611982 0.639881
vt 0.076004 0.524130
vt 0.611982 0.645694
vt 0.901662 0.092657
vt 0.616465 0.132685
vt 0.256216 0.644747
vt 0.901568 0.095963
vt 0.616465 0.126872
vt 0.256216 0.638933
vt 0.585442 0.313908
vt 0.619771 0.126872
vt 0.585442 0.310603
vt 0.611888 0.639881
vt 0.619771 0.132685
vt 0.611888 0.645694
vt 0.901568 0.092657
vt 0.791572 0.740160
vt 0.790832 0.740160
vt 0.889277 0.384616
vt 0.791572 0.735563
vt 0.836079 0.970653
vt 0.790832 0.735563
vt 0.836079 0.969914
vt 0.889277 0.389213
vt 0.836703 0.970653
vt 0.758914 0.306076
vt 0.836703 0.969914
vt 0.759653 0.306076
vt 0.889901 0.389213
vt 0.758914 0.310673
vt 0.759653 0.310673
vt 0.889901 0.384616
vt 0.990212 0.854646
vt 0.990212 0.855385
vt 0.924608 0.238246
vt 0.990462 0.326069
vt 0.990462 0.325330
vt 0.924608 0.239442
vt 0.990950 0.326069
vt 0.920343 0.658037
vt 0.990950 0.325330
vt 0.919604 0.658037
vt 0.925096 0.239442
vt 0.920343 0.656842
vt 0.990700 0.854646
vt 0.919604 0.656842
vt 0.990700 0.855385
vt 0.925096 0.238246
vt 0.807984 0.451262
vt 0.970941 0.258844
vt 0.808724 0.451262
vt 0.970941 0.259583
vt 0.878025 0.187122
vt 0.807984 0.455859
vt 0.808724 0.455859
vt 0.878025 0.191719
vt 0.808220 0.010171
vt 0.807480 0.010171
vt 0.878649 0.191719
vt 0.808220 0.005574
vt 0.971565 0.258844
vt 0.807480 0.005574
vt 0.971565 0.259583
vt 0.878649 0.187122
vt 0.807280 0.155634
vt 0.971126 0.368871
vt 0.808020 0.155634
vt 0.971126 0.369611
vt 0.878027 0.076913
vt 0.807280 0.160231
vt 0.808020 0.160231
vt 0.878027 0.081510
vt 0.808020 0.097254
vt 0.807280 0.097254
vt 0.878651 0.081510
vt 0.808020 0.092657
vt 0.971750 0.368871
vt 0.807280 0.092657
vt 0.971750 0.369611
vt 0.878651 0.076913
vt 0.806645 0.384616
vt 0.960048 0.525319
vt 0.807385 0.384616
vt 0.960048 0.526059
vt 0.854394 0.238246
vt 0.806645 0.389212
vt 0.807385 0.389212
vt 0.854394 0.242843
vt 0.807200 0.279185
vt 0.806460 0.279185
vt 0.855018 0.242843
vt 0.807200 0.274588
vt 0.960672 0.525319
vt 0.806460 0.274588
vt 0.960672 0.526059
vt 0.855018 0.238246
vt 0.805915 0.586268
vt 0.951900 0.964325
vt 0.806654 0.586268
vt 0.951900 0.965064
vt 0.854484 0.076913
vt 0.805915 0.590865
vt 0.806654 0.590865
vt 0.854484 0.081510
vt 0.806654 0.559377
vt 0.805915 0.559377
vt 0.855108 0.081510
vt 0.806654 0.554780
vt 0.952524 0.964325
vt 0.805915 0.554780
vt 0.952524 0.965064
vt 0.855108 0.076913
vt 0.584125 0.509126
vt 0.209218 0.524852
vt 0.584125 0.503021
vt 0.269933 0.524852
vt 0.589500 0.509126
vt 0.458596 0.247697
vt 0.203843 0.524852
vt 0.589500 0.503021
vt 0.452490 0.247697
vt 0.275308 0.524852
vt 0.458596 0.238246
vt 0.589500 0.485768
vt 0.203843 0.515401
vt 0.452490 0.238246
vt 0.589500 0.491874
vt 0.275308 0.515401
vt 0.584125 0.485768
vt 0.209218 0.515401
vt 0.584125 0.491874
vt 0.269933 0.515401
vt 0.270968 0.524130
vt 0.652766 0.425568
vt 0.900957 0.291056
vt 0.270968 0.518316
vt 0.652766 0.419755
vt 0.607830 0.313908
vt 0.274273 0.518316
vt 0.607830 0.310603
vt 0.653494 0.211677
vt 0.274273 0.524130
vt 0.653494 0.217490
vt 0.900957 0.287750
vt 0.034480 0.627786
vt 0.652859 0.425568
vt 0.900863 0.291056
vt 0.034480 0.621972
vt 0.652859 0.419755
vt 0.607924 0.313908
vt 0.037785 0.621972
vt 0.607924 0.310603
vt 0.653400 0.211677
vt 0.037785 0.627786
vt 0.653400 0.217490
vt 0.900863 0.287750
vt 0.343800 0.801063
vt 0.343061 0.801063
vt 0.889092 0.258844
vt 0.343800 0.796466
vt 0.971646 0.117170
vt 0.343061 0.796466
vt 0.971646 0.116430
vt 0.889092 0.263441
vt 0.972270 0.117170
vt 0.065006 0.751576
vt 0.972270 0.116430
vt 0.065746 0.751576
vt 0.889716 0.263441
vt 0.065006 0.756173
vt 0.065746 0.756173
vt 0.889716 0.258844
vt 0.940128 0.989467
vt 0.940128 0.990206
vt 0.833356 0.921911
vt 0.990076 0.800676
vt 0.990076 0.799937
vt 0.833356 0.923107
vt 0.990564 0.800676
vt 0.917345 0.906544
vt 0.990564 0.799937
vt 0.916606 0.906544
vt 0.833844 0.923107
vt 0.917345 0.905348
vt 0.940616 0.989467
vt 0.916606 0.905348
vt 0.940616 0.990206
vt 0.833844 0.921911
vt 0.802719 0.704074
vt 0.971644 0.215067
vt 0.803458 0.704074
vt 0.971644 0.215806
vt 0.889798 0.076913
vt 0.802719 0.708671
vt 0.803458 0.708671
vt 0.889798 0.081510
vt 0.803458 0.677183
vt 0.802719 0.677183
vt 0.890422 0.081510
vt 0.803458 0.672586
vt 0.972269 0.215067
vt 0.802719 0.672586
vt 0.972269 0.215806
vt 0.890422 0.076913
vt 0.255192 0.798809
vt 0.111562 0.956186
vt 0.255931 0.798809
vt 0.111562 0.956926
vt 0.877320 0.258844
vt 0.255192 0.803406
vt 0.255931 0.803406
vt 0.877320 0.263441
vt 0.232158 0.803406
vt 0.231419 0.803406
vt 0.877944 0.263441
vt 0.232158 0.798809
vt 0.112186 0.956186
vt 0.231419 0.798809
vt 0.112186 0.956926
vt 0.877944 0.258844
vt 0.219532 0.798809
vt 0.487490 0.955950
vt 0.220271 0.798809
vt 0.487490 0.956689
vt 0.854482 0.155634
vt 0.219532 0.803406
vt 0.220271 0.803406
vt 0.854482 0.160231
vt 0.208385 0.803406
vt 0.207645 0.803406
vt 0.855106 0.160231
vt 0.208385 0.798809
vt 0.488114 0.955950
vt 0.207645 0.798809
vt 0.488114 0.956689
vt 0.855106 0.155634
vt 0.171986 0.798809
vt 0.959354 0.392645
vt 0.172725 0.798809
vt 0.959354 0.393384
vt 0.876775 0.602012
vt 0.171986 0.803406
vt 0.172725 0.803406
vt 0.876775 0.606609
vt 0.137065 0.803406
vt 0.136326 0.803406
vt 0.877399 0.606609
vt 0.137065 0.798809
vt 0.959979 0.392645
vt 0.136326 0.798809
vt 0.959979 0.393384
vt 0.877399 0.602012
vt 0.584125 0.457368
vt 0.242263 0.483656
vt 0.584125 0.451262
vt 0.469833 0.102108
vt 0.589500 0.457368
vt 0.425110 0.015024
vt 0.236888 0.483656
vt 0.589500 0.451262
vt 0.419004 0.015024
vt 0.475208 0.102108
vt 0.425110 0.005574
vt 0.581918 0.342583
vt 0.236888 0.474206
vt 0.419004 0.005574
vt 0.581918 0.348688
vt 0.475208 0.092657
vt 0.576543 0.342583
vt 0.242263 0.474206
vt 0.576543 0.348688
vt 0.469833 0.092657
vt 0.470867 0.101386
vt 0.630918 0.115724
vt 0.901835 0.497927
vt 0.470867 0.095572
vt 0.630918 0.109910
vt 0.748047 0.073147
vt 0.474173 0.095572
vt 0.748047 0.069842
vt 0.630377 0.368871
vt 0.474173 0.101386
vt 0.630377 0.374685
vt 0.901835 0.494621
vt 0.193496 0.610825
vt 0.631012 0.115724
vt 0.901742 0.497927
vt 0.193496 0.605011
vt 0.631012 0.109910
vt 0.748141 0.073147
vt 0.196802 0.605011
vt 0.748141 0.069842
vt 0.630283 0.368871
vt 0.196802 0.610825
vt 0.630283 0.374685
vt 0.901742 0.494621
vt 0.684592 0.803137
vt 0.683853 0.803137
vt 0.842712 0.124146
vt 0.684592 0.798540
vt 0.683048 0.946880
vt 0.683853 0.798540
vt 0.683048 0.946141
vt 0.842712 0.128743
vt 0.683673 0.946880
vt 0.267364 0.750359
vt 0.683673 0.946141
vt 0.268103 0.750359
vt 0.843336 0.128743
vt 0.267364 0.754956
vt 0.268103 0.754956
vt 0.843336 0.124146
vt 0.984261 0.063386
vt 0.984261 0.064125
vt 0.551080 0.920381
vt 0.987214 0.905631
vt 0.987214 0.904892
vt 0.551080 0.921576
vt 0.987702 0.905631
vt 0.912298 0.568318
vt 0.987702 0.904892
vt 0.911559 0.568318
vt 0.551568 0.921576
vt 0.912298 0.567122
vt 0.984749 0.063386
vt 0.911559 0.567122
vt 0.984749 0.064125
vt 0.551568 0.920381
vt 0.100666 0.798809
vt 0.159338 0.944300
vt 0.101406 0.798809
vt 0.159338 0.945039
vt 0.850035 0.704074
vt 0.100666 0.803406
vt 0.101406 0.803406
vt 0.850035 0.708671
vt 0.077632 0.803406
vt 0.076893 0.803406
vt 0.850660 0.708671
vt 0.077632 0.798809
vt 0.159963 0.944300
vt 0.076893 0.798809
vt 0.159963 0.945039
vt 0.850660 0.704074
vt 0.029347 0.798809
vt 0.111677 0.944300
vt 0.030086 0.798809
vt 0.111677 0.945039
vt 0.850035 0.656842
vt 0.029347 0.803406
vt 0.030086 0.803406
vt 0.850035 0.661439
vt 0.053859 0.803406
vt 0.053120 0.803406
vt 0.850660 0.661439
vt 0.053859 0.798809
vt 0.112302 0.944300
vt 0.053120 0.798809
vt 0.112302 0.945039
vt 0.850660 0.656842
vt 0.124439 0.798809
vt 0.475718 0.944063
vt 0.125179 0.798809
vt 0.475718 0.944803
vt 0.231419 0.846042
vt 0.124439 0.803406
vt 0.125179 0.803406
vt 0.231419 0.850639
vt 0.148952 0.803406
vt 0.148213 0.803406
vt 0.232043 0.850639
vt 0.148952 0.798809
vt 0.476342 0.944063
vt 0.148213 0.798809
vt 0.476342 0.944803
vt 0.232043 0.846042
vt 0.183872 0.798809
vt 0.943125 0.669185
vt 0.184612 0.798809
vt 0.943125 0.669924
vt 0.159869 0.846042
vt 0.183872 0.803406
vt 0.184612 0.803406
vt 0.159869 0.850639
vt 0.196498 0.803406
vt 0.195759 0.803406
vt 0.160493 0.850639
vt 0.196498 0.798809
vt 0.943750 0.669185
vt 0.195759 0.798809
vt 0.943750 0.669924
vt 0.160493 0.846042
vt 0.286455 0.576611
vt 0.353072 0.501911
vt 0.286455 0.570505
vt 0.484990 0.501908
vt 0.291831 0.576611
vt 0.441343 0.288892
vt 0.347697 0.501911
vt 0.291831 0.570505
vt 0.435237 0.288892
vt 0.490365 0.501908
vt 0.441343 0.279441
vt 0.275308 0.570505
vt 0.347697 0.492461
vt 0.435237 0.279441
vt 0.275308 0.576611
vt 0.490365 0.492457
vt 0.269933 0.570505
vt 0.353072 0.492461
vt 0.269933 0.576611
vt 0.484990 0.492457
vt 0.486024 0.501186
vt 0.631622 0.457076
vt 0.897215 0.746866
vt 0.486024 0.495372
vt 0.631622 0.451262
vt 0.376921 0.894236
vt 0.489330 0.495372
vt 0.376921 0.890930
vt 0.631212 0.005574
vt 0.489330 0.501186
vt 0.631212 0.011388
vt 0.897215 0.743560
vt 0.423492 0.608480
vt 0.631716 0.457076
vt 0.897122 0.746866
vt 0.423492 0.602666
vt 0.631716 0.451262
vt 0.377015 0.894236
vt 0.426798 0.602666
vt 0.377015 0.890930
vt 0.631118 0.005574
vt 0.426798 0.608480
vt 0.631118 0.011388
vt 0.897122 0.743560
vt 0.291876 0.802189
vt 0.291137 0.802189
vt 0.437000 0.843697
vt 0.291876 0.797592
vt 0.871394 0.934993
vt 0.291137 0.797592
vt 0.871394 0.934254
vt 0.437000 0.848294
vt 0.872018 0.934993
vt 0.747758 0.238246
vt 0.872018 0.934254
vt 0.748497 0.238246
vt 0.437624 0.848294
vt 0.747758 0.242843
vt 0.748497 0.242843
vt 0.437624 0.843697
vt 0.983418 0.092657
vt 0.983418 0.093397
vt 0.623918 0.921911
vt 0.983418 0.117170
vt 0.983418 0.116430
vt 0.623918 0.923107
vt 0.983906 0.117170
vt 0.912298 0.593004
vt 0.983906 0.116430
vt 0.911559 0.593004
vt 0.624406 0.923107
vt 0.912298 0.591808
vt 0.983906 0.092657
vt 0.911559 0.591808
vt 0.983906 0.093397
vt 0.624406 0.921911
vt 0.243305 0.798809
vt 0.936329 0.167521
vt 0.244044 0.798809
vt 0.936329 0.168260
vt 0.053120 0.846042
vt 0.243305 0.803406
vt 0.244044 0.803406
vt 0.053120 0.850639
vt 0.803458 0.661439
vt 0.802719 0.661439
vt 0.053744 0.850639
vt 0.803458 0.656842
vt 0.936954 0.167521
vt 0.802719 0.656842
vt 0.936954 0.168260
vt 0.053744 0.846042
vt 0.802719 0.735563
vt 0.943125 0.754216
vt 0.803458 0.735563
vt 0.943125 0.754955
vt 0.017345 0.846042
vt 0.802719 0.740160
vt 0.803458 0.740160
vt 0.017345 0.850639
vt 0.803458 0.787392
vt 0.802719 0.787392
vt 0.017970 0.850639
vt 0.803458 0.782796
vt 0.943750 0.754216
vt 0.802719 0.782796
vt 0.943750 0.754955
vt 0.017970 0.846042
vt 0.802969 0.325330
vt 0.943125 0.766102
vt 0.803708 0.325330
vt 0.943125 0.766842
vt 0.814605 0.845773
vt 0.802969 0.329927
vt 0.803708 0.329927
vt 0.814605 0.850370
vt 0.575592 0.803717
vt 0.574853 0.803717
vt 0.815230 0.850370
vt 0.575592 0.799120
vt 0.943750 0.766102
vt 0.574853 0.799120
vt 0.943750 0.766842
vt 0.815230 0.845773
vt 0.805915 0.570524
vt 0.943125 0.825535
vt 0.806654 0.570524
vt 0.943125 0.826275
vt 0.819367 0.021318
vt 0.805915 0.575121
vt 0.806654 0.575121
vt 0.819367 0.025915
vt 0.807200 0.263441
vt 0.806460 0.263441
vt 0.819991 0.025915
vt 0.807200 0.258844
vt 0.943750 0.825535
vt 0.806460 0.258844
vt 0.943750 0.826275
vt 0.819991 0.021318
vt 0.203843 0.576611
vt 0.524775 0.143303
vt 0.203843 0.570505
vt 0.502878 0.143303
vt 0.209218 0.576611
vt 0.441343 0.309489
vt 0.519400 0.143303
vt 0.209218 0.570505
vt 0.435237 0.309489
vt 0.508253 0.143303
vt 0.441343 0.300039
vt 0.192696 0.570505
vt 0.519400 0.133852
vt 0.435237 0.300039
vt 0.192696 0.576611
vt 0.508253 0.133852
vt 0.187321 0.570505
vt 0.524775 0.133852
vt 0.187321 0.576611
vt 0.502878 0.133852
vt 0.503912 0.142581
vt 0.485668 0.642400
vt 0.208005 0.896580
vt 0.503912 0.136767
vt 0.485668 0.636586
vt 0.854483 0.144487
vt 0.507218 0.136767
vt 0.854483 0.141181
vt 0.497003 0.636586
vt 0.507218 0.142581
vt 0.497003 0.642400
vt 0.208005 0.893274
vt 0.609587 0.331143
vt 0.485762 0.642400
vt 0.207911 0.896580
vt 0.609587 0.325330
vt 0.485762 0.636586
vt 0.854577 0.144487
vt 0.612893 0.325330
vt 0.854577 0.141181
vt 0.496909 0.636586
vt 0.612893 0.331143
vt 0.496909 0.642400
vt 0.207911 0.893274
vt 0.796133 0.223208
vt 0.795394 0.223208
vt 0.766944 0.845773
vt 0.796133 0.218611
vt 0.463716 0.944803
vt 0.795394 0.218611
vt 0.463716 0.944063
vt 0.766944 0.850369
vt 0.464341 0.944803
vt 0.231419 0.735832
vt 0.464341 0.944063
vt 0.232158 0.735832
vt 0.767568 0.850369
vt 0.231419 0.740429
vt 0.232158 0.740429
vt 0.767568 0.845773
vt 0.982898 0.428304
vt 0.982898 0.429044
vt 0.267364 0.920964
vt 0.982889 0.140629
vt 0.982889 0.139890
vt 0.267364 0.922159
vt 0.983377 0.140629
vt 0.913029 0.370067
vt 0.983377 0.139890
vt 0.912289 0.370067
vt 0.267852 0.922159
vt 0.913029 0.368871
vt 0.983386 0.428304
vt 0.912289 0.368871
vt 0.983386 0.429044
vt 0.267852 0.920964
vt 0.806460 0.290332
vt 0.946852 0.554780
vt 0.807200 0.290332
vt 0.946852 0.555519
vt 0.861807 0.719818
vt 0.806460 0.294929
vt 0.807200 0.294929
vt 0.861807 0.724415
vt 0.807385 0.373468
vt 0.806645 0.373468
vt 0.862431 0.724415
vt 0.807385 0.368871
vt 0.947477 0.554780
vt 0.806645 0.368871
vt 0.947477 0.555519
vt 0.862431 0.719818
vt 0.806645 0.400360
vt 0.600647 0.946141
vt 0.807385 0.400360
vt 0.600647 0.946880
vt 0.719283 0.845773
vt 0.806645 0.404957
vt 0.807385 0.404957
vt 0.719283 0.850370
vt 0.807385 0.420701
vt 0.806645 0.420701
vt 0.719907 0.850370
vt 0.807385 0.416104
vt 0.601271 0.946141
vt 0.806645 0.416104
vt 0.601271 0.946880
vt 0.719907 0.845773
vt 0.807191 0.238246
vt 0.635962 0.946141
vt 0.807930 0.238246
vt 0.635962 0.946880
vt 0.778831 0.845773
vt 0.807191 0.242843
vt 0.807930 0.242843
vt 0.778831 0.850370
vt 0.808020 0.112998
vt 0.807280 0.112998
vt 0.779455 0.850370
vt 0.808020 0.108401
vt 0.636586 0.946141
vt 0.807280 0.108401
vt 0.636586 0.946880
vt 0.779455 0.845773
vt 0.807280 0.139890
vt 0.267364 0.945193
vt 0.808020 0.139890
vt 0.267364 0.945932
vt 0.005574 0.846042
vt 0.807280 0.144487
vt 0.808020 0.144487
vt 0.005574 0.850639
vt 0.808020 0.191719
vt 0.807280 0.191719
vt 0.006198 0.850639
vt 0.808020 0.187122
vt 0.267988 0.945193
vt 0.807280 0.187122
vt 0.267988 0.945932
vt 0.006198 0.846042
vt 0.071663 0.576611
vt 0.523410 0.501908
vt 0.071663 0.570505
vt 0.484990 0.460712
vt 0.077039 0.576611
vt 0.442163 0.184498
vt 0.518035 0.501908
vt 0.077039 0.570505
vt 0.436057 0.184498
vt 0.490365 0.460712
vt 0.442163 0.175048
vt 0.060516 0.570505
vt 0.518035 0.492457
vt 0.436057 0.175048
vt 0.060516 0.576611
vt 0.490365 0.451262
vt 0.055141 0.570505
vt 0.523410 0.492457
vt 0.055141 0.576611
vt 0.484990 0.451262
vt 0.486024 0.459991
vt 0.342415 0.642404
vt 0.897215 0.717959
vt 0.486024 0.454177
vt 0.342415 0.636590
vt 0.641553 0.313908
vt 0.489330 0.454177
vt 0.641553 0.310603
vt 0.353750 0.636590
vt 0.489330 0.459991
vt 0.353750 0.642404
vt 0.897215 0.714654
vt 0.063386 0.610825
vt 0.342509 0.642404
vt 0.897122 0.717959
vt 0.063386 0.605011
vt 0.342509 0.636590
vt 0.641647 0.313908
vt 0.066692 0.605011
vt 0.641647 0.310603
vt 0.353656 0.636590
vt 0.066692 0.610825
vt 0.353656 0.642404
vt 0.897122 0.714654
vt 0.795313 0.263441
vt 0.794574 0.263441
vt 0.389223 0.859441
vt 0.795313 0.258844
vt 0.948727 0.116430
vt 0.794574 0.258844
vt 0.948727 0.117170
vt 0.389223 0.864038
vt 0.948103 0.116430
vt 0.671966 0.735563
vt 0.948103 0.117170
vt 0.672706 0.735563
vt 0.389848 0.864038
vt 0.671966 0.740160
vt 0.672706 0.740160
vt 0.389848 0.859441
vt 0.951899 0.988098
vt 0.951899 0.988837
vt 0.821720 0.921911
vt 0.983591 0.537945
vt 0.983591 0.537206
vt 0.821720 0.923107
vt 0.984079 0.537945
vt 0.912844 0.309411
vt 0.984079 0.537206
vt 0.912104 0.309411
vt 0.822209 0.923107
vt 0.912844 0.308215
vt 0.952387 0.988098
vt 0.912104 0.308215
vt 0.952387 0.988837
vt 0.822209 0.921911
vt 0.807280 0.218611
vt 0.954897 0.704844
vt 0.808020 0.218611
vt 0.954897 0.705584
vt 0.401340 0.859441
vt 0.807280 0.223208
vt 0.808020 0.223208
vt 0.401340 0.864038
vt 0.808220 0.041659
vt 0.807480 0.041659
vt 0.401964 0.864038
vt 0.808220 0.037062
vt 0.955522 0.704844
vt 0.807480 0.037062
vt 0.955522 0.705584
vt 0.401964 0.859441
vt 0.807984 0.467006
vt 0.951899 0.940551
vt 0.808724 0.467006
vt 0.951899 0.941291
vt 0.865548 0.306076
vt 0.807984 0.471603
vt 0.808724 0.471603
vt 0.865548 0.310673
vt 0.808724 0.503092
vt 0.807984 0.503092
vt 0.866173 0.310673
vt 0.808724 0.498495
vt 0.952524 0.940551
vt 0.807984 0.498495
vt 0.952524 0.941291
vt 0.866173 0.306076
vt 0.807984 0.529983
vt 0.871394 0.946141
vt 0.808724 0.529983
vt 0.871394 0.946880
vt 0.853962 0.400360
vt 0.807984 0.534580
vt 0.808724 0.534580
vt 0.853962 0.404957
vt 0.811471 0.643261
vt 0.810732 0.643261
vt 0.854586 0.404957
vt 0.811471 0.638664
vt 0.872018 0.946141
vt 0.810732 0.638664
vt 0.872018 0.946880
vt 0.854586 0.400360
vt 0.814605 0.704074
vt 0.951024 0.634806
vt 0.815345 0.704074
vt 0.951024 0.635545
vt 0.424883 0.859441
vt 0.814605 0.708671
vt 0.815345 0.708671
vt 0.424883 0.864038
vt 0.815345 0.724415
vt 0.814605 0.724415
vt 0.425507 0.864038
vt 0.815345 0.719818
vt 0.951648 0.634806
vt 0.814605 0.719818
vt 0.951648 0.635545
vt 0.425507 0.859441
vt 0.005574 0.576611
vt 0.093561 0.483657
vt 0.005574 0.570505
vt 0.502058 0.288892
vt 0.010949 0.576611
vt 0.442363 0.076817
vt 0.088186 0.483657
vt 0.010949 0.570505
vt 0.436257 0.076817
vt 0.507433 0.288892
vt 0.442363 0.067366
vt 0.574543 0.074585
vt 0.088186 0.474206
vt 0.436257 0.067366
vt 0.574543 0.080691
vt 0.507433 0.279441
vt 0.569167 0.074585
vt 0.093561 0.474206
vt 0.569167 0.080691
vt 0.502058 0.279441
vt 0.503092 0.288170
vt 0.519391 0.642400
vt 0.900957 0.262150
vt 0.503092 0.282356
vt 0.519391 0.636587
vt 0.890501 0.497927
vt 0.506398 0.282356
vt 0.890501 0.494621
vt 0.642253 0.212260
vt 0.506398 0.288170
vt 0.642253 0.218074
vt 0.900957 0.258844
vt 0.609587 0.348105
vt 0.519484 0.642400
vt 0.900863 0.262150
vt 0.609587 0.342291
vt 0.519484 0.636587
vt 0.890594 0.497927
vt 0.612893 0.342291
vt 0.890594 0.494621
vt 0.642159 0.212260
vt 0.612893 0.348105
vt 0.642159 0.218074
vt 0.900863 0.258844
vt 0.551819 0.787973
vt 0.551080 0.787973
vt 0.436655 0.859441
vt 0.551819 0.783376
vt 0.954897 0.800676
vt 0.551080 0.783376
vt 0.954897 0.799937
vt 0.436655 0.864038
vt 0.955522 0.800676
vt 0.499491 0.733486
vt 0.955522 0.799937
vt 0.500231 0.733486
vt 0.437279 0.864038
vt 0.499491 0.738083
vt 0.500231 0.738083
vt 0.437279 0.859441
vt 0.990212 0.692501
vt 0.990212 0.693241
vt 0.786814 0.921911
vt 0.990076 0.836336
vt 0.990076 0.835597
vt 0.786814 0.923107
vt 0.990564 0.836336
vt 0.920343 0.744755
vt 0.990564 0.835597
vt 0.919604 0.744755
vt 0.787302 0.923107
vt 0.920343 0.743560
vt 0.990700 0.692501
vt 0.919604 0.743560
vt 0.990700 0.693241
vt 0.787302 0.921911
vt 0.814605 0.767051
vt 0.812536 0.946141
vt 0.815345 0.767051
vt 0.812536 0.946880
vt 0.861807 0.688330
vt 0.814605 0.771648
vt 0.815345 0.771648
vt 0.861807 0.692927
vt 0.815595 0.329927
vt 0.814855 0.329927
vt 0.862431 0.692927
vt 0.815595 0.325330
vt 0.813160 0.946141
vt 0.814855 0.325330
vt 0.813160 0.946880
vt 0.862431 0.688330
vt 0.365680 0.812209
vt 0.948101 0.167521
vt 0.366420 0.812209
vt 0.948101 0.168260
vt 0.523034 0.859439
vt 0.365680 0.816805
vt 0.366420 0.816805
vt 0.523034 0.864036
vt 0.378306 0.816805
vt 0.377567 0.816805
vt 0.523659 0.864036
vt 0.378306 0.812209
vt 0.948725 0.167521
vt 0.377567 0.812209
vt 0.948725 0.168260
vt 0.523659 0.859439
vt 0.413226 0.812209
vt 0.948101 0.155634
vt 0.413966 0.812209
vt 0.948101 0.156373
vt 0.279135 0.860569
vt 0.413226 0.816805
vt 0.413966 0.816805
vt 0.279135 0.865166
vt 0.425852 0.816805
vt 0.425113 0.816805
vt 0.279760 0.865166
vt 0.425852 0.812209
vt 0.948725 0.155634
vt 0.425113 0.812209
vt 0.948725 0.156373
vt 0.279760 0.860569
vt 0.475718 0.812207
vt 0.954897 0.740504
vt 0.476457 0.812207
vt 0.954897 0.741243
vt 0.290907 0.860569
vt 0.475718 0.816804
vt 0.476457 0.816804
vt 0.290907 0.865166
vt 0.488344 0.816804
vt 0.487605 0.816804
vt 0.291531 0.865166
vt 0.488344 0.812207
vt 0.955522 0.740504
vt 0.487605 0.812207
vt 0.955522 0.741243
vt 0.291531 0.860569
vt 0.569167 0.011679
vt 0.490365 0.522505
vt 0.569167 0.005574
vt 0.519311 0.247696
vt 0.574543 0.011679
vt 0.046185 0.442461
vt 0.484990 0.522505
vt 0.574543 0.005574
vt 0.040080 0.442461
vt 0.524686 0.247696
vt 0.046185 0.433011
vt 0.574343 0.213428
vt 0.484990 0.513055
vt 0.040080 0.433011
vt 0.574343 0.219533
vt 0.524686 0.238246
vt 0.568967 0.213428
vt 0.490365 0.513055
vt 0.568967 0.219533
vt 0.519311 0.238246
vt 0.520345 0.246975
vt 0.642159 0.183568
vt 0.901142 0.415536
vt 0.520345 0.241161
vt 0.642159 0.177755
vt 0.819167 0.112998
vt 0.523651 0.241161
vt 0.819167 0.109693
vt 0.631012 0.143832
vt 0.523651 0.246975
vt 0.631012 0.149646
vt 0.901142 0.412230
vt 0.615100 0.594809
vt 0.642253 0.183568
vt 0.901048 0.415536
vt 0.615100 0.588996
vt 0.642253 0.177755
vt 0.819261 0.112998
vt 0.618406 0.588996
vt 0.819261 0.109693
vt 0.630918 0.143832
vt 0.618406 0.594809
vt 0.630918 0.149646
vt 0.901048 0.412230
vt 0.053859 0.787662
vt 0.053120 0.787662
vt 0.551080 0.846352
vt 0.053859 0.783065
vt 0.389338 0.944804
vt 0.053120 0.783065
vt 0.389338 0.944065
vt 0.551080 0.850949
vt 0.389963 0.944804
vt 0.735141 0.306076
vt 0.389963 0.944065
vt 0.735880 0.306076
vt 0.551704 0.850949
vt 0.735141 0.310673
vt 0.735880 0.310673
vt 0.551704 0.846352
vt 0.052108 0.991848
vt 0.052108 0.992587
vt 0.242157 0.920070
vt 0.075996 0.992586
vt 0.075996 0.991846
vt 0.242157 0.921266
vt 0.076485 0.992586
vt 0.917345 0.894201
vt 0.076485 0.991846
vt 0.916606 0.894201
vt 0.242645 0.921266
vt 0.917345 0.893005
vt 0.052596 0.991848
vt 0.916606 0.893005
vt 0.052596 0.992587
vt 0.242645 0.920070
vt 0.600647 0.814284
vt 0.706591 0.946141
vt 0.601386 0.814284
vt 0.706591 0.946880
vt 0.586394 0.846352
vt 0.600647 0.818881
vt 0.601386 0.818881
vt 0.586394 0.850949
vt 0.648933 0.818881
vt 0.648193 0.818881
vt 0.587019 0.850949
vt 0.648933 0.814284
vt 0.707216 0.946141
vt 0.648193 0.814284
vt 0.707216 0.946880
vt 0.587019 0.846352
vt 0.671966 0.814284
vt 0.960048 0.499721
vt 0.672706 0.814284
vt 0.960048 0.500460
vt 0.865733 0.416104
vt 0.671966 0.818881
vt 0.672706 0.818881
vt 0.865733 0.420701
vt 0.684592 0.818881
vt 0.683853 0.818881
vt 0.866358 0.420701
vt 0.684592 0.814284
vt 0.960672 0.499721
vt 0.683853 0.814284
vt 0.960672 0.500460
vt 0.866358 0.416104
vt 0.695740 0.814284
vt 0.847851 0.946141
vt 0.696479 0.814284
vt 0.847851 0.946880
vt 0.855186 0.482750
vt 0.695740 0.818881
vt 0.696479 0.818881
vt 0.855186 0.487347
vt 0.720252 0.818881
vt 0.719513 0.818881
vt 0.855810 0.487347
vt 0.720252 0.814284
vt 0.848475 0.946141
vt 0.719513 0.814284
vt 0.848475 0.946880
vt 0.855810 0.482750
vt 0.755172 0.814284
vt 0.551080 0.944611
vt 0.755912 0.814284
vt 0.551080 0.945350
vt 0.853962 0.384616
vt 0.755172 0.818881
vt 0.755912 0.818881
vt 0.853962 0.389212
vt 0.803458 0.818881
vt 0.802719 0.818881
vt 0.854586 0.389212
vt 0.803458 0.814284
vt 0.551704 0.944611
vt 0.802719 0.814284
vt 0.551704 0.945350
vt 0.854586 0.384616
vt 0.568967 0.185028
vt 0.482783 0.334780
vt 0.568967 0.178922
vt 0.431770 0.481312
vt 0.574343 0.185028
vt 0.406292 0.440116
vt 0.477408 0.334780
vt 0.574343 0.178922
vt 0.400186 0.440116
vt 0.437145 0.481312
vt 0.406292 0.430666
vt 0.574343 0.161669
vt 0.477408 0.325330
vt 0.400186 0.430666
vt 0.574343 0.167775
vt 0.437145 0.471861
vt 0.568967 0.161669
vt 0.482783 0.325330
vt 0.568967 0.167775
vt 0.431770 0.471861
vt 0.432805 0.480590
vt 0.641524 0.408899
vt 0.901660 0.174684
vt 0.432805 0.474776
vt 0.641524 0.403085
vt 0.328588 0.226588
vt 0.436110 0.474776
vt 0.328588 0.223282
vt 0.641618 0.385832
vt 0.436110 0.480590
vt 0.641618 0.391646
vt 0.901660 0.171378
vt 0.005574 0.610825
vt 0.641618 0.408899
vt 0.901566 0.174684
vt 0.005574 0.605011
vt 0.641618 0.403085
vt 0.328681 0.226588
vt 0.008879 0.605011
vt 0.328681 0.223282
vt 0.641524 0.385832
vt 0.008879 0.610825
vt 0.641524 0.391646
vt 0.901566 0.171378
vt 0.524004 0.785315
vt 0.523264 0.785315
vt 0.853231 0.586268
vt 0.524004 0.780718
vt 0.242429 0.945039
vt 0.523264 0.780718
vt 0.242429 0.944300
vt 0.853231 0.590865
vt 0.243054 0.945039
vt 0.586739 0.720399
vt 0.243054 0.944300
vt 0.587479 0.720399
vt 0.853856 0.590865
vt 0.586739 0.724995
vt 0.587479 0.724995
vt 0.853856 0.586268
vt 0.486987 0.991610
vt 0.486987 0.992349
vt 0.612282 0.921911
vt 0.016815 0.992585
vt 0.016815 0.991846
vt 0.612282 0.923107
vt 0.017303 0.992585
vt 0.912298 0.605347
vt 0.017303 0.991846
vt 0.911559 0.605347
vt 0.612771 0.923107
vt 0.912298 0.604151
vt 0.487475 0.991610
vt 0.911559 0.604151
vt 0.487475 0.992349
vt 0.612771 0.921911
vt 0.053120 0.814553
vt 0.088019 0.944300
vt 0.053859 0.814553
vt 0.088019 0.945039
vt 0.842005 0.258844
vt 0.053120 0.819150
vt 0.053859 0.819150
vt 0.842005 0.263441
vt 0.089519 0.819150
vt 0.088780 0.819150
vt 0.842629 0.263441
vt 0.089519 0.814553
vt 0.088643 0.944300
vt 0.088780 0.814553
vt 0.088643 0.945039
vt 0.842629 0.258844
vt 0.112553 0.814553
vt 0.076133 0.944300
vt 0.113292 0.814553
vt 0.076133 0.945039
vt 0.842712 0.076913
vt 0.112553 0.819150
vt 0.113292 0.819150
vt 0.842712 0.081510
vt 0.137065 0.819150
vt 0.136326 0.819150
vt 0.843336 0.081510
vt 0.137065 0.814553
vt 0.076757 0.944300
vt 0.136326 0.814553
vt 0.076757 0.945039
vt 0.843336 0.076913
vt 0.171986 0.814553
vt 0.365680 0.944065
vt 0.172725 0.814553
vt 0.365680 0.944804
vt 0.850035 0.735563
vt 0.171986 0.819150
vt 0.172725 0.819150
vt 0.850035 0.740160
vt 0.232158 0.819150
vt 0.231419 0.819150
vt 0.850659 0.740160
vt 0.232158 0.814553
vt 0.366304 0.944065
vt 0.231419 0.814553
vt 0.366304 0.944804
vt 0.850659 0.735563
vt 0.243305 0.814553
vt 0.943512 0.349103
vt 0.244044 0.814553
vt 0.943512 0.349842
vt 0.842910 0.037062
vt 0.243305 0.819150
vt 0.244044 0.819150
vt 0.842910 0.041659
vt 0.065746 0.819150
vt 0.065006 0.819150
vt 0.843534 0.041659
vt 0.065746 0.814553
vt 0.944136 0.349103
vt 0.065006 0.814553
vt 0.944136 0.349842
vt 0.843534 0.037062
vt 0.501512 0.574264
vt 0.458685 0.122705
vt 0.501512 0.568158
vt 0.038619 0.483657
vt 0.506887 0.574264
vt 0.337280 0.440118
vt 0.453310 0.122705
vt 0.506887 0.568158
vt 0.331174 0.440118
vt 0.043994 0.483657
vt 0.337280 0.430668
vt 0.437145 0.568160
vt 0.453310 0.113255
vt 0.331174 0.430668
vt 0.437145 0.574266
vt 0.043994 0.474206
vt 0.431770 0.568160
vt 0.458685 0.113255
vt 0.431770 0.574266
vt 0.038619 0.474206
vt 0.039653 0.482935
vt 0.641339 0.281619
vt 0.900411 0.586992
vt 0.039653 0.477121
vt 0.641339 0.275805
vt 0.596589 0.313908
vt 0.042959 0.477121
vt 0.596589 0.310603
vt 0.641433 0.258843
vt 0.042959 0.482935
vt 0.641433 0.264657
vt 0.900411 0.583686
vt 0.135684 0.610825
vt 0.641433 0.281619
vt 0.900318 0.586992
vt 0.135684 0.605011
vt 0.641433 0.275805
vt 0.596683 0.313908
vt 0.138990 0.605011
vt 0.596683 0.310603
vt 0.641340 0.258843
vt 0.138990 0.610825
vt 0.641340 0.264657
vt 0.900318 0.583686
vt 0.783612 0.420701
vt 0.782872 0.420701
vt 0.207415 0.846042
vt 0.783612 0.416104
vt 0.937175 0.064125
vt 0.782872 0.416104
vt 0.937175 0.063386
vt 0.207415 0.850639
vt 0.937799 0.064125
vt 0.683853 0.719818
vt 0.937799 0.063386
vt 0.684592 0.719818
vt 0.208040 0.850639
vt 0.683853 0.724415
vt 0.684592 0.724415
vt 0.208040 0.846042
vt 0.987214 0.928665
vt 0.987214 0.929404
vt 0.923445 0.554780
vt 0.975443 0.988837
vt 0.975443 0.988098
vt 0.923445 0.555975
vt 0.975931 0.988837
vt 0.913747 0.043798
vt 0.975931 0.988098
vt 0.913007 0.043798
vt 0.923934 0.555975
vt 0.913747 0.042603
vt 0.987702 0.928665
vt 0.913007 0.042603
vt 0.987702 0.929404
vt 0.923934 0.554780
vt 0.818347 0.306076
vt 0.777221 0.958027
vt 0.819086 0.306076
vt 0.777221 0.958767
vt 0.005574 0.861786
vt 0.818347 0.310673
vt 0.819086 0.310673
vt 0.005574 0.866383
vt 0.815345 0.818881
vt 0.814605 0.818881
vt 0.006198 0.866383
vt 0.815345 0.814284
vt 0.777845 0.958027
vt 0.814605 0.814284
vt 0.777845 0.958767
vt 0.006198 0.861786
vt 0.790832 0.814284
vt 0.936529 0.030259
vt 0.791572 0.814284
vt 0.936529 0.030999
vt 0.451945 0.843695
vt 0.790832 0.818881
vt 0.791572 0.818881
vt 0.451945 0.848292
vt 0.818541 0.606609
vt 0.817801 0.606609
vt 0.452569 0.848292
vt 0.818541 0.602012
vt 0.937154 0.030259
vt 0.817801 0.602012
vt 0.937154 0.030999
vt 0.452569 0.843695
vt 0.817801 0.554780
vt 0.936529 0.005574
vt 0.818541 0.554780
vt 0.936529 0.006313
vt 0.267364 0.844825
vt 0.817801 0.559377
vt 0.818541 0.559377
vt 0.267364 0.849422
vt 0.268103 0.817933
vt 0.267364 0.817933
vt 0.267988 0.849422
vt 0.268103 0.813336
vt 0.937154 0.005574
vt 0.267364 0.813336
vt 0.937154 0.006313
vt 0.267988 0.844825
vt 0.535151 0.812207
vt 0.935626 0.258844
vt 0.535890 0.812207
vt 0.935626 0.259583
vt 0.624305 0.845773
vt 0.535151 0.816804
vt 0.535890 0.816804
vt 0.624305 0.850370
vt 0.500230 0.816804
vt 0.499491 0.816804
vt 0.624929 0.850370
vt 0.500230 0.812207
vt 0.936250 0.258844
vt 0.499491 0.812207
vt 0.936250 0.259583
vt 0.624929 0.845773
vt 0.451945 0.574264
vt 0.524140 0.398920
vt 0.451945 0.568158
vt 0.486355 0.184498
vt 0.457320 0.574264
vt 0.097944 0.442461
vt 0.518765 0.398920
vt 0.457320 0.568158
vt 0.091838 0.442461
vt 0.491730 0.184498
vt 0.097944 0.433011
vt 0.336549 0.568162
vt 0.518765 0.389469
vt 0.091838 0.433011
vt 0.336549 0.574268
vt 0.491730 0.175048
vt 0.331174 0.568162
vt 0.524140 0.389469
vt 0.331174 0.574268
vt 0.486355 0.175048
vt 0.487390 0.183776
vt 0.653400 0.200529
vt 0.897215 0.775772
vt 0.487390 0.177963
vt 0.653400 0.194715
vt 0.893248 0.626225
vt 0.490696 0.177963
vt 0.893248 0.622919
vt 0.653694 0.056457
vt 0.490696 0.183776
vt 0.653694 0.062271
vt 0.897215 0.772466
vt 0.616465 0.149646
vt 0.653494 0.200529
vt 0.897122 0.775772
vt 0.616465 0.143832
vt 0.653494 0.194715
vt 0.893342 0.626225
vt 0.619771 0.143832
vt 0.893342 0.622919
vt 0.653600 0.056457
vt 0.619771 0.149646
vt 0.653600 0.062271
vt 0.897122 0.772466
vt 0.782881 0.559377
vt 0.782142 0.559377
vt 0.889709 0.238246
vt 0.782881 0.554780
vt 0.975443 0.893744
vt 0.782142 0.554780
vt 0.975443 0.893005
vt 0.889709 0.242843
vt 0.976067 0.893744
vt 0.722709 0.554780
vt 0.976067 0.893005
vt 0.723448 0.554780
vt 0.890333 0.242843
vt 0.722709 0.559377
vt 0.723448 0.559377
vt 0.890333 0.238246
vt 0.983416 0.179407
vt 0.983416 0.180146
vt 0.931490 0.681528
vt 0.983416 0.215806
vt 0.983416 0.215067
vt 0.931490 0.682723
vt 0.983904 0.215806
vt 0.452684 0.921030
vt 0.983904 0.215067
vt 0.451945 0.921030
vt 0.931978 0.682723
vt 0.452684 0.919834
vt 0.983904 0.179407
vt 0.451945 0.919834
vt 0.983904 0.180146
vt 0.931978 0.681528
vt 0.814605 0.751307
vt 0.978441 0.704388
vt 0.815345 0.751307
vt 0.978441 0.705127
vt 0.885350 0.735563
vt 0.814605 0.755904
vt 0.815345 0.755904
vt 0.885350 0.740160
vt 0.808724 0.487347
vt 0.807984 0.487347
vt 0.885974 0.740160
vt 0.808724 0.482750
vt 0.979065 0.704388
vt 0.807984 0.482750
vt 0.979065 0.705127
vt 0.885974 0.735563
vt 0.807480 0.052806
vt 0.978441 0.692501
vt 0.808220 0.052806
vt 0.978441 0.693241
vt 0.885350 0.719818
vt 0.807480 0.057403
vt 0.808220 0.057403
vt 0.885350 0.724415
vt 0.808220 0.025915
vt 0.807480 0.025915
vt 0.885974 0.724415
vt 0.808220 0.021318
vt 0.979065 0.692501
vt 0.807480 0.021318
vt 0.979065 0.693241
vt 0.885974 0.719818
vt 0.807280 0.202867
vt 0.171110 0.956186
vt 0.808020 0.202867
vt 0.171110 0.956926
vt 0.017345 0.861786
vt 0.807280 0.207464
vt 0.808020 0.207464
vt 0.017345 0.866383
vt 0.808020 0.175975
vt 0.807280 0.175975
vt 0.017970 0.866383
vt 0.808020 0.171378
vt 0.171734 0.956186
vt 0.807280 0.171378
vt 0.171734 0.956926
vt 0.017970 0.861786
vt 0.805915 0.602012
vt 0.147452 0.956186
vt 0.806654 0.602012
vt 0.147452 0.956926
vt 0.029117 0.861786
vt 0.805915 0.606609
vt 0.806654 0.606609
vt 0.029117 0.866383
vt 0.803458 0.803137
vt 0.802719 0.803137
vt 0.029741 0.866383
vt 0.803458 0.798540
vt 0.148077 0.956186
vt 0.802719 0.798540
vt 0.148077 0.956926
vt 0.029741 0.861786
vt 0.088186 0.576611
vt 0.491730 0.205096
vt 0.088186 0.570505
vt 0.486555 0.035622
vt 0.093561 0.576611
vt 0.442163 0.143303
vt 0.486355 0.205096
vt 0.093561 0.570505
vt 0.436057 0.143303
vt 0.491930 0.035622
vt 0.442163 0.133852
vt 0.126606 0.570505
vt 0.486355 0.195645
vt 0.436057 0.133852
vt 0.126606 0.576611
vt 0.491930 0.026171
vt 0.121231 0.570505
vt 0.491730 0.195645
vt 0.121231 0.576611
vt 0.486555 0.026171
vt 0.487590 0.034900
vt 0.342415 0.659365
vt 0.562414 0.896891
vt 0.487590 0.029086
vt 0.342415 0.653551
vt 0.619071 0.313908
vt 0.490896 0.029086
vt 0.619071 0.310603
vt 0.399497 0.653550
vt 0.490896 0.034900
vt 0.399497 0.659363
vt 0.562414 0.893585
vt 0.616465 0.201113
vt 0.342509 0.659365
vt 0.562321 0.896891
vt 0.616465 0.195300
vt 0.342509 0.653551
vt 0.619165 0.313908
vt 0.619771 0.195300
vt 0.619165 0.310603
vt 0.399403 0.653550
vt 0.619771 0.201113
vt 0.399403 0.659363
vt 0.562321 0.893585
vt 0.779685 0.661439
vt 0.778946 0.661439
vt 0.878025 0.218611
vt 0.779685 0.656842
vt 0.963671 0.976951
vt 0.778946 0.656842
vt 0.963671 0.976211
vt 0.878025 0.223208
vt 0.964295 0.976951
vt 0.712388 0.068550
vt 0.964295 0.976211
vt 0.713127 0.068550
vt 0.878649 0.223208
vt 0.712388 0.073147
vt 0.713127 0.073147
vt 0.878649 0.218611
vt 0.110903 0.991846
vt 0.110903 0.992586
vt 0.931490 0.730899
vt 0.983416 0.156373
vt 0.983416 0.155634
vt 0.931490 0.732095
vt 0.983904 0.156373
vt 0.476457 0.921030
vt 0.983904 0.155634
vt 0.475718 0.921030
vt 0.931978 0.732095
vt 0.476457 0.919834
vt 0.111391 0.991846
vt 0.475718 0.919834
vt 0.111391 0.992586
vt 0.931978 0.730899
vt 0.802719 0.719818
vt 0.972490 0.063386
vt 0.803458 0.719818
vt 0.972490 0.064125
vt 0.885350 0.656842
vt 0.802719 0.724415
vt 0.803458 0.724415
vt 0.885350 0.661439
vt 0.089519 0.803406
vt 0.088780 0.803406
vt 0.885974 0.661439
vt 0.089519 0.798809
vt 0.973114 0.063386
vt 0.088780 0.798809
vt 0.973114 0.064125
vt 0.885974 0.656842
vt 0.818532 0.431848
vt 0.971819 0.525319
vt 0.819271 0.431848
vt 0.971819 0.526059
vt 0.586394 0.877841
vt 0.818532 0.436445
vt 0.819271 0.436445
vt 0.586394 0.882438
vt 0.041973 0.803406
vt 0.041233 0.803406
vt 0.587018 0.882438
vt 0.041973 0.798809
vt 0.972444 0.525319
vt 0.041233 0.798809
vt 0.972444 0.526059
vt 0.587018 0.877841
vt 0.065006 0.798809
vt 0.624190 0.958027
vt 0.065746 0.798809
vt 0.624190 0.958767
vt 0.040889 0.861786
vt 0.065006 0.803406
vt 0.065746 0.803406
vt 0.040889 0.866383
vt 0.113292 0.803406
vt 0.112553 0.803406
vt 0.041513 0.866383
vt 0.113292 0.798809
vt 0.624815 0.958027
vt 0.112553 0.798809
vt 0.624815 0.958767
vt 0.041513 0.861786
vt 0.160099 0.798809
vt 0.959873 0.203180
vt 0.160838 0.798809
vt 0.959873 0.203920
vt 0.064432 0.861786
vt 0.160099 0.803406
vt 0.160838 0.803406
vt 0.064432 0.866383
vt 0.803458 0.692927
vt 0.802719 0.692927
vt 0.065056 0.866383
vt 0.803458 0.688330
vt 0.960497 0.203180
vt 0.802719 0.688330
vt 0.960497 0.203920
vt 0.065056 0.861786
vt 0.585490 0.098763
vt 0.524140 0.440115
vt 0.585490 0.092657
vt 0.501512 0.522505
vt 0.590865 0.098763
vt 0.440798 0.398920
vt 0.518765 0.440115
vt 0.590865 0.092657
vt 0.434692 0.398920
vt 0.506887 0.522505
vt 0.440798 0.389469
vt 0.590865 0.127163
vt 0.518765 0.430665
vt 0.434692 0.389469
vt 0.590865 0.133269
vt 0.506887 0.513055
vt 0.585490 0.127163
vt 0.524140 0.430665
vt 0.585490 0.133269
vt 0.501512 0.513055
vt 0.502547 0.521783
vt 0.061779 0.661708
vt 0.174282 0.896580
vt 0.502547 0.515970
vt 0.061779 0.655894
vt 0.294865 0.226588
vt 0.505853 0.515970
vt 0.294865 0.223282
vt 0.129321 0.655894
vt 0.505853 0.521783
vt 0.129321 0.661708
vt 0.174282 0.893274
vt 0.077839 0.627786
vt 0.061872 0.661708
vt 0.174188 0.896580
vt 0.077839 0.621972
vt 0.061872 0.655894
vt 0.294959 0.226588
vt 0.081145 0.621972
vt 0.294959 0.223282
vt 0.129227 0.655894
vt 0.081145 0.627786
vt 0.129227 0.661708
vt 0.174188 0.893274
vt 0.775812 0.643261
vt 0.775072 0.643261
vt 0.861807 0.704074
vt 0.775812 0.638664
vt 0.040473 0.956928
vt 0.775072 0.638664
vt 0.040473 0.956188
vt 0.861807 0.708671
vt 0.041097 0.956928
vt 0.711368 0.306076
vt 0.041097 0.956188
vt 0.712107 0.306076
vt 0.862431 0.708671
vt 0.711368 0.310673
vt 0.712107 0.310673
vt 0.862431 0.704074
vt 0.987214 0.940552
vt 0.987214 0.941291
vt 0.925539 0.063386
vt 0.986339 0.623659
vt 0.986339 0.622919
vt 0.925539 0.064581
vt 0.986827 0.623659
vt 0.464571 0.921029
vt 0.986827 0.622919
vt 0.463831 0.921029
vt 0.926028 0.064581
vt 0.464571 0.919834
vt 0.987702 0.940552
vt 0.463831 0.919834
vt 0.987702 0.941291
vt 0.926028 0.063386
vt 0.802719 0.751307
vt 0.959875 0.116430
vt 0.803458 0.751307
vt 0.959875 0.117170
vt 0.100206 0.861786
vt 0.802719 0.755904
vt 0.803458 0.755904
vt 0.100206 0.866383
vt 0.803458 0.771648
vt 0.802719 0.771648
vt 0.100831 0.866383
vt 0.803458 0.767051
vt 0.960499 0.116430
vt 0.802719 0.767051
vt 0.960499 0.117170
vt 0.100831 0.861786
vt 0.802969 0.341074
vt 0.971644 0.191294
vt 0.803708 0.341074
vt 0.971644 0.192033
vt 0.254962 0.877530
vt 0.802969 0.345671
vt 0.803708 0.345671
vt 0.254962 0.882127
vt 0.551819 0.803717
vt 0.551080 0.803717
vt 0.255586 0.882127
vt 0.551819 0.799120
vt 0.972269 0.191294
vt 0.551080 0.799120
vt 0.972269 0.192033
vt 0.255586 0.877530
vt 0.562966 0.799120
vt 0.971644 0.179407
vt 0.563706 0.799120
vt 0.971644 0.180146
vt 0.242731 0.877530
vt 0.562966 0.803717
vt 0.563706 0.803717
vt 0.242731 0.882127
vt 0.587479 0.803717
vt 0.586739 0.803717
vt 0.243355 0.882127
vt 0.587479 0.799120
vt 0.972269 0.179407
vt 0.586739 0.799120
vt 0.972269 0.180146
vt 0.243355 0.877530
vt 0.806645 0.431848
vt 0.971644 0.167521
vt 0.807385 0.431848
vt 0.971644 0.168260
vt 0.230959 0.877530
vt 0.806645 0.436445
vt 0.807385 0.436445
vt 0.230959 0.882127
vt 0.808020 0.128743
vt 0.807280 0.128743
vt 0.231583 0.882127
vt 0.808020 0.124146
vt 0.972269 0.167521
vt 0.807280 0.124146
vt 0.972269 0.168260
vt 0.231583 0.877530
vt 0.584670 0.264949
vt 0.474573 0.440115
vt 0.584670 0.258844
vt 0.137753 0.463059
vt 0.590045 0.264949
vt 0.202889 0.421864
vt 0.469198 0.440115
vt 0.590045 0.258844
vt 0.196784 0.421864
vt 0.143128 0.463059
vt 0.202889 0.412413
vt 0.589500 0.554780
vt 0.469198 0.430664
vt 0.196784 0.412413
vt 0.589500 0.560885
vt 0.143128 0.453609
vt 0.584125 0.554780
vt 0.474573 0.430664
vt 0.584125 0.560885
vt 0.137753 0.453609
vt 0.138788 0.462337
vt 0.660976 0.348104
vt 0.253004 0.896580
vt 0.138788 0.456524
vt 0.660976 0.342290
vt 0.362311 0.226588
vt 0.142094 0.456524
vt 0.362311 0.223282
vt 0.661069 0.325329
vt 0.142094 0.462337
vt 0.661069 0.331143
vt 0.253004 0.893274
vt 0.616465 0.098471
vt 0.661069 0.348104
vt 0.252910 0.896580
vt 0.616465 0.092658
vt 0.661069 0.342290
vt 0.362404 0.226588
vt 0.619771 0.092658
vt 0.362404 0.223282
vt 0.660976 0.325329
vt 0.619771 0.098471
vt 0.660976 0.331143
vt 0.252910 0.893274
vt 0.779685 0.755904
vt 0.778946 0.755904
vt 0.838149 0.861517
vt 0.779685 0.751307
vt 0.966669 0.657581
vt 0.778946 0.751307
vt 0.966669 0.656842
vt 0.838149 0.866114
vt 0.967293 0.657581
vt 0.671966 0.704074
vt 0.967293 0.656842
vt 0.672706 0.704074
vt 0.838773 0.866114
vt 0.671966 0.708671
vt 0.672706 0.708671
vt 0.838773 0.861517
vt 0.990212 0.716275
vt 0.990212 0.717014
vt 0.924894 0.005573
vt 0.990076 0.824449
vt 0.990076 0.823710
vt 0.924894 0.006769
vt 0.990564 0.824449
vt 0.913547 0.181516
vt 0.990564 0.823710
vt 0.912807 0.181516
vt 0.925382 0.006769
vt 0.913547 0.180320
vt 0.990700 0.716275
vt 0.912807 0.180320
vt 0.990700 0.717014
vt 0.925382 0.005573
vt 0.807984 0.514239
vt 0.960073 0.029347
vt 0.808724 0.514239
vt 0.960073 0.030086
vt 0.778831 0.861517
vt 0.807984 0.518836
vt 0.808724 0.518836
vt 0.778831 0.866114
vt 0.811471 0.627516
vt 0.810732 0.627516
vt 0.779455 0.866114
vt 0.811471 0.622919
vt 0.960697 0.029347
vt 0.810732 0.622919
vt 0.960697 0.030086
vt 0.779455 0.861517
vt 0.814605 0.672586
vt 0.970941 0.270730
vt 0.815345 0.672586
vt 0.970941 0.271470
vt 0.534806 0.875184
vt 0.814605 0.677183
vt 0.815345 0.677183
vt 0.534806 0.879781
vt 0.815345 0.803137
vt 0.814605 0.803137
vt 0.535430 0.879781
vt 0.815345 0.798540
vt 0.971565 0.270730
vt 0.814605 0.798540
vt 0.971565 0.271470
vt 0.535430 0.875184
vt 0.814855 0.341074
vt 0.970396 0.603239
vt 0.815595 0.341074
vt 0.970396 0.603978
vt 0.207416 0.877530
vt 0.814855 0.345671
vt 0.815595 0.345671
vt 0.207416 0.882127
vt 0.331914 0.816807
vt 0.331174 0.816807
vt 0.208040 0.882127
vt 0.331914 0.812210
vt 0.971020 0.603239
vt 0.331174 0.812210
vt 0.971020 0.603978
vt 0.208040 0.877530
vt 0.389453 0.812209
vt 0.970396 0.590896
vt 0.390193 0.812209
vt 0.970396 0.591635
vt 0.624190 0.877261
vt 0.389453 0.816805
vt 0.390193 0.816805
vt 0.624190 0.881858
vt 0.402079 0.816805
vt 0.401340 0.816805
vt 0.624815 0.881858
vt 0.402079 0.812209
vt 0.971020 0.590896
vt 0.401340 0.812209
vt 0.971020 0.591635
vt 0.624815 0.877261
vt 0.347697 0.574268
vt 0.126606 0.463059
vt 0.347697 0.568162
vt 0.469198 0.419518
vt 0.353072 0.574268
vt 0.354533 0.419520
vt 0.121231 0.463059
vt 0.353072 0.568162
vt 0.348427 0.419520
vt 0.474573 0.419518
vt 0.354533 0.410069
vt 0.387578 0.568160
vt 0.121231 0.453609
vt 0.348427 0.410069
vt 0.387578 0.574266
vt 0.474573 0.410067
vt 0.382203 0.568160
vt 0.126606 0.453609
vt 0.382203 0.574266
vt 0.469198 0.410067
vt 0.470232 0.418796
vt 0.623129 0.628734
vt 0.586488 0.896891
vt 0.470232 0.412982
vt 0.623129 0.622919
vt 0.574107 0.313908
vt 0.473538 0.412982
vt 0.574107 0.310603
vt 0.611982 0.622919
vt 0.473538 0.418796
vt 0.611982 0.628734
vt 0.586488 0.893585
vt 0.602212 0.011388
vt 0.623223 0.628734
vt 0.586394 0.896891
vt 0.602212 0.005573
vt 0.623223 0.622919
vt 0.574201 0.313908
vt 0.605518 0.005573
vt 0.574201 0.310603
vt 0.611888 0.622919
vt 0.605518 0.011388
vt 0.611888 0.628734
vt 0.586394 0.893585
vt 0.782881 0.590865
vt 0.782142 0.590865
vt 0.377566 0.827953
vt 0.782881 0.586268
vt 0.413111 0.932918
vt 0.782142 0.586268
vt 0.413111 0.932179
vt 0.377566 0.832550
vt 0.413735 0.932918
vt 0.523264 0.701997
vt 0.413735 0.932179
vt 0.524004 0.701997
vt 0.378191 0.832550
vt 0.523264 0.706594
vt 0.524004 0.706594
vt 0.378191 0.827953
vt 0.990212 0.866532
vt 0.990212 0.867272
vt 0.099769 0.920070
vt 0.990212 0.753130
vt 0.990212 0.752391
vt 0.099769 0.921266
vt 0.990700 0.753130
vt 0.053214 0.908923
vt 0.990700 0.752391
vt 0.052474 0.908923
vt 0.100258 0.921266
vt 0.053214 0.907727
vt 0.990700 0.866532
vt 0.052474 0.907727
vt 0.990700 0.867272
vt 0.100258 0.920070
vt 0.511378 0.812207
vt 0.718363 0.958027
vt 0.512117 0.812207
vt 0.718363 0.958767
vt 0.731054 0.861517
vt 0.511378 0.816804
vt 0.512117 0.816804
vt 0.731054 0.866114
vt 0.524004 0.816804
vt 0.523264 0.816804
vt 0.731679 0.866114
vt 0.524004 0.812207
vt 0.718987 0.958027
vt 0.523264 0.812207
vt 0.718987 0.958767
vt 0.731679 0.861517
vt 0.291137 0.813336
vt 0.683048 0.958027
vt 0.291876 0.813336
vt 0.683048 0.958767
vt 0.707396 0.861517
vt 0.291137 0.817933
vt 0.291876 0.817933
vt 0.707396 0.866114
vt 0.315649 0.817933
vt 0.314910 0.817933
vt 0.708021 0.866114
vt 0.315649 0.813336
vt 0.683672 0.958027
vt 0.314910 0.813336
vt 0.683672 0.958767
vt 0.708021 0.861517
vt 0.612534 0.814284
vt 0.884137 0.356818
vt 0.613273 0.814284
vt 0.884137 0.357557
vt 0.822618 0.638664
vt 0.612534 0.818881
vt 0.613273 0.818881
vt 0.822618 0.643261
vt 0.625160 0.818881
vt 0.624420 0.818881
vt 0.823243 0.643261
vt 0.625160 0.814284
vt 0.884761 0.356818
vt 0.624420 0.814284
vt 0.884761 0.357557
vt 0.823243 0.638664
vt 0.707626 0.814284
vt 0.931490 0.854646
vt 0.708365 0.814284
vt 0.931490 0.855385
vt 0.819870 0.514239
vt 0.707626 0.818881
vt 0.708365 0.818881
vt 0.819870 0.518836
vt 0.767798 0.818881
vt 0.767059 0.818881
vt 0.820495 0.518836
vt 0.767798 0.814284
vt 0.932115 0.854646
vt 0.767059 0.814284
vt 0.932115 0.855385
vt 0.820495 0.514239
vt 0.484990 0.574264
vt 0.473843 0.460712
vt 0.484990 0.568158
vt 0.469833 0.225694
vt 0.490365 0.574264
vt 0.220352 0.421864
vt 0.468467 0.460712
vt 0.490365 0.568158
vt 0.214246 0.421864
vt 0.475208 0.225694
vt 0.220352 0.412413
vt 0.574343 0.092657
vt 0.468467 0.451262
vt 0.214246 0.412413
vt 0.574343 0.098763
vt 0.475208 0.216243
vt 0.568967 0.092657
vt 0.473843 0.451262
vt 0.568967 0.098763
vt 0.469833 0.216243
vt 0.470867 0.224972
vt 0.600647 0.628734
vt 0.897215 0.790225
vt 0.470867 0.219158
vt 0.600647 0.622919
vt 0.890501 0.526833
vt 0.474173 0.219158
vt 0.890501 0.523527
vt 0.573655 0.623499
vt 0.474173 0.224972
vt 0.573655 0.629313
vt 0.897215 0.786919
vt 0.602212 0.028349
vt 0.600741 0.628734
vt 0.897122 0.790225
vt 0.602212 0.022534
vt 0.600741 0.622919
vt 0.890594 0.526833
vt 0.605518 0.022534
vt 0.890594 0.523527
vt 0.573561 0.623499
vt 0.605518 0.028349
vt 0.573561 0.629313
vt 0.897122 0.786919
vt 0.783427 0.294929
vt 0.782687 0.294929
vt 0.695395 0.861517
vt 0.783427 0.290332
vt 0.052474 0.956928
vt 0.782687 0.290332
vt 0.052474 0.956188
vt 0.695395 0.866114
vt 0.053099 0.956928
vt 0.700301 0.218611
vt 0.053099 0.956188
vt 0.701040 0.218611
vt 0.696019 0.866114
vt 0.700301 0.223208
vt 0.701040 0.223208
vt 0.696019 0.861517
vt 0.463580 0.991610
vt 0.463580 0.992349
vt 0.076248 0.920070
vt 0.412630 0.992351
vt 0.412630 0.991611
vt 0.076248 0.921266
vt 0.413119 0.992351
vt 0.600096 0.439078
vt 0.413119 0.991611
vt 0.599356 0.439078
vt 0.076736 0.921266
vt 0.600096 0.437882
vt 0.464068 0.991610
vt 0.599356 0.437882
vt 0.464068 0.992349
vt 0.076736 0.920070
vt 0.017460 0.814553
vt 0.499491 0.932177
vt 0.018200 0.814553
vt 0.499491 0.932916
vt 0.831138 0.021318
vt 0.017460 0.819150
vt 0.018200 0.819150
vt 0.831138 0.025915
vt 0.041973 0.819150
vt 0.041233 0.819150
vt 0.831762 0.025915
vt 0.041973 0.814553
vt 0.500115 0.932177
vt 0.041233 0.814553
vt 0.500115 0.932916
vt 0.831762 0.021318
vt 0.076893 0.814553
vt 0.123448 0.932413
vt 0.077632 0.814553
vt 0.123448 0.933153
vt 0.831642 0.482750
vt 0.076893 0.819150
vt 0.077632 0.819150
vt 0.831642 0.487347
vt 0.101406 0.819150
vt 0.100666 0.819150
vt 0.832267 0.487347
vt 0.101406 0.814553
vt 0.124073 0.932413
vt 0.100666 0.814553
vt 0.124073 0.933153
vt 0.832267 0.482750
vt 0.148213 0.814553
vt 0.171340 0.932413
vt 0.148952 0.814553
vt 0.171340 0.933152
vt 0.829688 0.570524
vt 0.148213 0.819150
vt 0.148952 0.819150
vt 0.829688 0.575121
vt 0.184612 0.819150
vt 0.183872 0.819150
vt 0.830313 0.575121
vt 0.184612 0.814553
vt 0.171965 0.932413
vt 0.183872 0.814553
vt 0.171965 0.933152
vt 0.830313 0.570524
vt 0.195759 0.814553
vt 0.218886 0.932413
vt 0.196498 0.814553
vt 0.218886 0.933152
vt 0.829688 0.602012
vt 0.195759 0.819150
vt 0.196498 0.819150
vt 0.829688 0.606609
vt 0.208385 0.819150
vt 0.207645 0.819150
vt 0.830313 0.606609
vt 0.208385 0.814553
vt 0.219511 0.932413
vt 0.207645 0.814553
vt 0.219511 0.933152
vt 0.830313 0.602012
vt 0.022096 0.593863
vt 0.371055 0.460714
vt 0.022096 0.587758
vt 0.453510 0.056219
vt 0.027471 0.593863
vt 0.406837 0.309489
vt 0.365680 0.460714
vt 0.027471 0.587758
vt 0.400731 0.309489
vt 0.458885 0.056219
vt 0.406837 0.300038
vt 0.043994 0.587758
vt 0.365680 0.451263
vt 0.400731 0.300038
vt 0.043994 0.593863
vt 0.458885 0.046768
vt 0.038619 0.587758
vt 0.371055 0.451263
vt 0.038619 0.593863
vt 0.453510 0.046768
vt 0.454545 0.055497
vt 0.319933 0.592783
vt 0.897465 0.343088
vt 0.454545 0.049684
vt 0.319933 0.586968
vt 0.897372 0.328635
vt 0.457851 0.049684
vt 0.897372 0.325330
vt 0.538757 0.602664
vt 0.457851 0.055497
vt 0.538757 0.608479
vt 0.897465 0.339783
vt 0.602012 0.115725
vt 0.320027 0.592783
vt 0.897372 0.343088
vt 0.602012 0.109910
vt 0.320027 0.586968
vt 0.897465 0.328635
vt 0.605318 0.109910
vt 0.897465 0.325330
vt 0.538663 0.602664
vt 0.605318 0.115725
vt 0.538663 0.608479
vt 0.897372 0.339783
vt 0.563706 0.693507
vt 0.562966 0.693507
vt 0.124324 0.861786
vt 0.563706 0.688910
vt 0.436654 0.956691
vt 0.562966 0.688910
vt 0.436654 0.955952
vt 0.124324 0.866383
vt 0.437279 0.956691
vt 0.783418 0.238246
vt 0.437279 0.955952
vt 0.784157 0.238246
vt 0.124949 0.866383
vt 0.783418 0.242843
vt 0.784157 0.242843
vt 0.124949 0.861786
vt 0.099267 0.991846
vt 0.099267 0.992586
vt 0.147567 0.920070
vt 0.135680 0.980699
vt 0.135680 0.979959
vt 0.147567 0.921266
vt 0.136169 0.980699
vt 0.017554 0.908923
vt 0.136169 0.979959
vt 0.016815 0.908923
vt 0.148055 0.921266
vt 0.017554 0.907727
vt 0.099755 0.991846
vt 0.016815 0.907727
vt 0.099755 0.992586
vt 0.148055 0.920070
vt 0.783507 0.108401
vt 0.302678 0.933306
vt 0.784247 0.108401
vt 0.302678 0.934046
vt 0.487604 0.827951
vt 0.783507 0.112998
vt 0.784247 0.112998
vt 0.487604 0.832548
vt 0.244044 0.693196
vt 0.243305 0.693196
vt 0.488229 0.832548
vt 0.244044 0.688599
vt 0.303303 0.933306
vt 0.243305 0.688599
vt 0.303303 0.934046
vt 0.488229 0.827951
vt 0.783507 0.124146
vt 0.182881 0.956186
vt 0.784247 0.124146
vt 0.182881 0.956926
vt 0.159869 0.861786
vt 0.783507 0.128743
vt 0.784247 0.128743
vt 0.159869 0.866383
vt 0.196498 0.693196
vt 0.195759 0.693196
vt 0.160494 0.866383
vt 0.196498 0.688599
vt 0.183506 0.956186
vt 0.195759 0.688599
vt 0.183506 0.956926
vt 0.160494 0.861786
vt 0.783507 0.171378
vt 0.600647 0.934254
vt 0.784247 0.171378
vt 0.600647 0.934993
vt 0.436999 0.827953
vt 0.783507 0.175975
vt 0.784247 0.175975
vt 0.436999 0.832550
vt 0.137065 0.693196
vt 0.136326 0.693196
vt 0.437624 0.832550
vt 0.137065 0.688599
vt 0.601272 0.934254
vt 0.136326 0.688599
vt 0.601272 0.934993
vt 0.437624 0.827953
vt 0.783507 0.218611
vt 0.612418 0.934254
vt 0.784247 0.218611
vt 0.612418 0.934993
vt 0.826491 0.735563
vt 0.783507 0.223208
vt 0.784247 0.223208
vt 0.826491 0.740160
vt 0.065746 0.693196
vt 0.065006 0.693196
vt 0.827116 0.740160
vt 0.065746 0.688599
vt 0.613043 0.934254
vt 0.065007 0.688599
vt 0.613043 0.934993
vt 0.827116 0.735563
vt 0.593065 0.331435
vt 0.077039 0.463059
vt 0.593065 0.325330
vt 0.104708 0.463059
vt 0.598440 0.331435
vt 0.185636 0.421864
vt 0.071663 0.463059
vt 0.598440 0.325330
vt 0.179531 0.421864
vt 0.110084 0.463059
vt 0.185636 0.412413
vt 0.606022 0.451262
vt 0.071663 0.453608
vt 0.179531 0.412413
vt 0.606022 0.457368
vt 0.110084 0.453608
vt 0.600647 0.451262
vt 0.077039 0.453608
vt 0.600647 0.457368
vt 0.104708 0.453608
vt 0.105743 0.462337
vt 0.248096 0.627786
vt 0.901142 0.372177
vt 0.105743 0.456523
vt 0.248096 0.621972
vt 0.900863 0.276603
vt 0.109049 0.456523
vt 0.900863 0.273297
vt 0.281913 0.621972
vt 0.109049 0.462337
vt 0.281913 0.627786
vt 0.901142 0.368871
vt 0.601377 0.425860
vt 0.248190 0.627786
vt 0.901048 0.372177
vt 0.601377 0.420046
vt 0.248190 0.621972
vt 0.900957 0.276603
vt 0.604683 0.420046
vt 0.900957 0.273297
vt 0.281819 0.621972
vt 0.604683 0.425860
vt 0.281819 0.627786
vt 0.901048 0.368871
vt 0.684592 0.692927
vt 0.683853 0.692927
vt 0.826741 0.341074
vt 0.684592 0.688330
vt 0.694819 0.934993
vt 0.683853 0.688330
vt 0.694819 0.934254
vt 0.826741 0.345671
vt 0.695444 0.934993
vt 0.783707 0.005574
vt 0.695444 0.934254
vt 0.784446 0.005574
vt 0.827366 0.345671
vt 0.783707 0.010171
vt 0.784446 0.010171
vt 0.827366 0.341074
vt 0.982898 0.368871
vt 0.982898 0.369611
vt 0.924869 0.512976
vt 0.982713 0.259583
vt 0.982713 0.258844
vt 0.924869 0.514172
vt 0.983201 0.259583
vt 0.920343 0.732095
vt 0.983201 0.258844
vt 0.919604 0.732095
vt 0.925357 0.514172
vt 0.920343 0.730899
vt 0.983386 0.368871
vt 0.919604 0.730899
vt 0.983386 0.369611
vt 0.925357 0.512976
vt 0.783707 0.021318
vt 0.959872 0.179407
vt 0.784446 0.021318
vt 0.959872 0.180146
vt 0.171986 0.861786
vt 0.783707 0.025915
vt 0.784446 0.025915
vt 0.171986 0.866383
vt 0.279990 0.691979
vt 0.279250 0.691979
vt 0.172610 0.866383
vt 0.279990 0.687382
vt 0.960497 0.179407
vt 0.279250 0.687382
vt 0.960497 0.180146
vt 0.172610 0.861786
vt 0.365680 0.780720
vt 0.931490 0.866989
vt 0.366419 0.780720
vt 0.931490 0.867728
vt 0.830940 0.124146
vt 0.365680 0.785317
vt 0.366419 0.785317
vt 0.830940 0.128743
vt 0.315649 0.691979
vt 0.314910 0.691979
vt 0.831565 0.128743
vt 0.315649 0.687382
vt 0.932115 0.866989
vt 0.314910 0.687382
vt 0.932115 0.867728
vt 0.831565 0.124146
vt 0.451945 0.780718
vt 0.451944 0.932177
vt 0.452684 0.780718
vt 0.451944 0.932916
vt 0.830419 0.416104
vt 0.451945 0.785315
vt 0.452684 0.785315
vt 0.830419 0.420701
vt 0.030086 0.693196
vt 0.029347 0.693196
vt 0.831043 0.420701
vt 0.030086 0.688599
vt 0.452569 0.932177
vt 0.029347 0.688599
vt 0.452569 0.932916
vt 0.831043 0.416104
vt 0.413226 0.780720
vt 0.931740 0.350015
vt 0.413966 0.780720
vt 0.931740 0.350755
vt 0.830419 0.368871
vt 0.413226 0.785317
vt 0.413966 0.785317
vt 0.830419 0.373468
vt 0.551819 0.693507
vt 0.551080 0.693507
vt 0.831043 0.373468
vt 0.551819 0.688910
vt 0.932364 0.350015
vt 0.551080 0.688910
vt 0.932364 0.350755
vt 0.831043 0.368871
vt 0.203843 0.593863
vt 0.420623 0.501910
vt 0.203843 0.587758
vt 0.038619 0.504254
vt 0.209218 0.593863
vt 0.442163 0.122705
vt 0.415248 0.501910
vt 0.209218 0.587758
vt 0.436057 0.122705
vt 0.043994 0.504254
vt 0.442163 0.113255
vt 0.176173 0.587758
vt 0.415248 0.492459
vt 0.436057 0.113255
vt 0.176173 0.593863
vt 0.043994 0.494804
vt 0.170798 0.587758
vt 0.420623 0.492459
vt 0.170798 0.593863
vt 0.038619 0.494804
vt 0.039653 0.503532
vt 0.289846 0.644747
vt 0.901660 0.218043
vt 0.039653 0.497719
vt 0.289846 0.638933
vt 0.901566 0.203590
vt 0.042959 0.497719
vt 0.901566 0.200284
vt 0.278698 0.638933
vt 0.042959 0.503532
vt 0.278698 0.644747
vt 0.901660 0.214737
vt 0.451945 0.625439
vt 0.289939 0.644747
vt 0.901566 0.218043
vt 0.451945 0.619626
vt 0.289939 0.638933
vt 0.901660 0.203590
vt 0.455251 0.619626
vt 0.901660 0.200284
vt 0.278605 0.638933
vt 0.455251 0.625439
vt 0.278605 0.644747
vt 0.901566 0.214737
vt 0.700406 0.389212
vt 0.699666 0.389212
vt 0.123750 0.877530
vt 0.700406 0.384616
vt 0.365681 0.968578
vt 0.699666 0.384616
vt 0.365681 0.967838
vt 0.123750 0.882127
vt 0.366305 0.968578
vt 0.425113 0.780720
vt 0.366305 0.967838
vt 0.425852 0.780720
vt 0.124374 0.882127
vt 0.425113 0.785317
vt 0.425852 0.785317
vt 0.124374 0.877530
vt 0.928377 0.989923
vt 0.928377 0.990662
vt 0.924176 0.418243
vt 0.647189 0.982540
vt 0.647189 0.981800
vt 0.924176 0.419438
vt 0.647677 0.982540
vt 0.914392 0.064581
vt 0.647677 0.981800
vt 0.913653 0.064581
vt 0.924664 0.419438
vt 0.914392 0.063386
vt 0.928865 0.989923
vt 0.913653 0.063386
vt 0.928865 0.990662
vt 0.924664 0.418243
vt 0.499491 0.780718
vt 0.342946 0.967840
vt 0.500230 0.780718
vt 0.342946 0.968579
vt 0.111978 0.877530
vt 0.499491 0.785315
vt 0.500230 0.785315
vt 0.111978 0.882127
vt 0.701240 0.025915
vt 0.700501 0.025915
vt 0.112602 0.882127
vt 0.701240 0.021318
vt 0.343570 0.967840
vt 0.700501 0.021318
vt 0.343570 0.968579
vt 0.112602 0.877530
vt 0.291137 0.781848
vt 0.966669 0.740504
vt 0.291876 0.781848
vt 0.966669 0.741243
vt 0.195644 0.861786
vt 0.291137 0.786445
vt 0.291876 0.786445
vt 0.195644 0.866383
vt 0.701745 0.534580
vt 0.701005 0.534580
vt 0.196269 0.866383
vt 0.701745 0.529983
vt 0.967293 0.740504
vt 0.701005 0.529983
vt 0.967293 0.741243
vt 0.196269 0.861786
vt 0.314910 0.781848
vt 0.777221 0.934254
vt 0.315649 0.781848
vt 0.777221 0.934993
vt 0.523264 0.827951
vt 0.314910 0.786445
vt 0.315649 0.786445
vt 0.523264 0.832548
vt 0.476457 0.706594
vt 0.475718 0.706594
vt 0.523889 0.832548
vt 0.476457 0.701997
vt 0.777845 0.934254
vt 0.475718 0.701997
vt 0.777845 0.934993
vt 0.523889 0.827951
vt 0.600647 0.782795
vt 0.966668 0.799937
vt 0.601386 0.782795
vt 0.966668 0.800676
vt 0.207416 0.861786
vt 0.600647 0.787392
vt 0.601386 0.787392
vt 0.207416 0.866383
vt 0.172725 0.708941
vt 0.171986 0.708941
vt 0.208040 0.866383
vt 0.172725 0.704344
vt 0.967293 0.799937
vt 0.171986 0.704344
vt 0.967293 0.800676
vt 0.208040 0.861786
vt 0.137753 0.593863
vt 0.539932 0.481310
vt 0.137753 0.587758
vt 0.534557 0.460712
vt 0.143128 0.593863
vt 0.449738 0.334780
vt 0.534557 0.481310
vt 0.143128 0.587758
vt 0.443632 0.334780
vt 0.539932 0.460712
vt 0.449738 0.325330
vt 0.275308 0.587758
vt 0.534557 0.471860
vt 0.443632 0.325330
vt 0.275308 0.593863
vt 0.539932 0.451262
vt 0.269933 0.587758
vt 0.539932 0.471860
vt 0.269933 0.593863
vt 0.534557 0.451262
vt 0.535592 0.459991
vt 0.244882 0.661708
vt 0.897215 0.674600
vt 0.535592 0.454177
vt 0.244882 0.655894
vt 0.901742 0.483474
vt 0.538898 0.454177
vt 0.901742 0.480168
vt 0.256216 0.655894
vt 0.538898 0.459991
vt 0.256216 0.661708
vt 0.897215 0.671295
vt 0.106745 0.627786
vt 0.244975 0.661708
vt 0.897122 0.674600
vt 0.106745 0.621972
vt 0.244975 0.655894
vt 0.901835 0.483474
vt 0.110051 0.621972
vt 0.901835 0.480168
vt 0.256123 0.655894
vt 0.110051 0.627786
vt 0.256123 0.661708
vt 0.897122 0.671295
vt 0.712927 0.223208
vt 0.712188 0.223208
vt 0.881477 0.622919
vt 0.712927 0.218611
vt 0.978441 0.669468
vt 0.712188 0.218611
vt 0.978441 0.668728
vt 0.881477 0.627516
vt 0.979065 0.669468
vt 0.648193 0.782796
vt 0.979065 0.668728
vt 0.648933 0.782796
vt 0.882101 0.627516
vt 0.648193 0.787392
vt 0.648933 0.787392
vt 0.882101 0.622919
vt 0.990212 0.740504
vt 0.990212 0.741243
vt 0.924176 0.368872
vt 0.159224 0.980699
vt 0.159224 0.979959
vt 0.924176 0.370067
vt 0.159712 0.980699
vt 0.920343 0.757098
vt 0.159712 0.979959
vt 0.919604 0.757098
vt 0.924664 0.370067
vt 0.920343 0.755903
vt 0.990700 0.740504
vt 0.919604 0.755903
vt 0.990700 0.741243
vt 0.924664 0.368872
vt 0.660080 0.782795
vt 0.683048 0.969914
vt 0.660819 0.782795
vt 0.683048 0.970653
vt 0.088435 0.877530
vt 0.660080 0.787392
vt 0.660819 0.787392
vt 0.088435 0.882127
vt 0.713631 0.455859
vt 0.712892 0.455859
vt 0.089059 0.882127
vt 0.713631 0.451262
vt 0.683672 0.969914
vt 0.712892 0.451262
vt 0.683672 0.970653
vt 0.089059 0.877530
vt 0.671966 0.782795
vt 0.966669 0.704844
vt 0.672706 0.782795
vt 0.966669 0.705584
vt 0.219187 0.861786
vt 0.671966 0.787392
vt 0.672706 0.787392
vt 0.219187 0.866383
vt 0.524004 0.722338
vt 0.523264 0.722338
vt 0.219811 0.866383
vt 0.524004 0.717741
vt 0.967293 0.704844
vt 0.523264 0.717741
vt 0.967293 0.705584
vt 0.219811 0.861786
vt 0.695740 0.782795
vt 0.966669 0.692501
vt 0.696479 0.782795
vt 0.966669 0.693241
vt 0.243190 0.861786
vt 0.695740 0.787392
vt 0.696479 0.787392
vt 0.243190 0.866383
vt 0.268103 0.723468
vt 0.267364 0.723468
vt 0.243814 0.866383
vt 0.268103 0.718871
vt 0.967293 0.692501
vt 0.267364 0.718871
vt 0.967293 0.693241
vt 0.243814 0.861786
vt 0.778946 0.782795
vt 0.966669 0.668728
vt 0.779685 0.782795
vt 0.966669 0.669468
vt 0.551080 0.862097
vt 0.778946 0.787392
vt 0.779685 0.787392
vt 0.551080 0.866694
vt 0.625160 0.724416
vt 0.624420 0.724416
vt 0.551704 0.866694
vt 0.625160 0.719819
vt 0.967293 0.668728
vt 0.624420 0.719819
vt 0.967293 0.669468
vt 0.551704 0.862097
vt 0.593065 0.348688
vt 0.524975 0.035622
vt 0.593065 0.342583
vt 0.154276 0.524852
vt 0.598440 0.348688
vt 0.289573 0.442461
vt 0.519600 0.035622
vt 0.598440 0.342583
vt 0.283467 0.442461
vt 0.159651 0.524852
vt 0.289573 0.433011
vt 0.589500 0.589285
vt 0.519600 0.026171
vt 0.283467 0.433011
vt 0.589500 0.595391
vt 0.159651 0.515401
vt 0.584125 0.589285
vt 0.524975 0.026171
vt 0.584125 0.595391
vt 0.154276 0.515401
vt 0.155310 0.524130
vt 0.312328 0.644747
vt 0.901835 0.454568
vt 0.155310 0.518316
vt 0.312328 0.638933
vt 0.901742 0.469021
vt 0.158616 0.518316
vt 0.901742 0.465715
vt 0.600741 0.639881
vt 0.158616 0.524130
vt 0.600741 0.645694
vt 0.901835 0.451262
vt 0.480851 0.625439
vt 0.312421 0.644747
vt 0.901742 0.454568
vt 0.480851 0.619626
vt 0.312421 0.638933
vt 0.901835 0.469021
vt 0.484157 0.619626
vt 0.901835 0.465715
vt 0.600647 0.639881
vt 0.484157 0.625439
vt 0.600647 0.645694
vt 0.901742 0.451262
vt 0.672706 0.724416
vt 0.671966 0.724416
vt 0.029117 0.877530
vt 0.672706 0.719819
vt 0.377452 0.968578
vt 0.671966 0.719819
vt 0.377452 0.967838
vt 0.029117 0.882127
vt 0.378076 0.968578
vt 0.005574 0.783065
vt 0.378076 0.967838
vt 0.006313 0.783065
vt 0.029741 0.882127
vt 0.005574 0.787662
vt 0.006313 0.787662
vt 0.029741 0.877530
vt 0.990076 0.811823
vt 0.990076 0.812563
vt 0.924176 0.430586
vt 0.635553 0.982540
vt 0.635553 0.981800
vt 0.924176 0.431782
vt 0.636042 0.982540
vt 0.913722 0.538858
vt 0.636042 0.981800
vt 0.912983 0.538858
vt 0.924664 0.431782
vt 0.913722 0.537663
vt 0.990564 0.811823
vt 0.912983 0.537663
vt 0.990564 0.812563
vt 0.924664 0.430586
vt 0.029347 0.783065
vt 0.463717 0.967836
vt 0.030086 0.783065
vt 0.463717 0.968576
vt 0.040889 0.877530
vt 0.029347 0.787662
vt 0.030086 0.787662
vt 0.040889 0.882127
vt 0.148952 0.724685
vt 0.148213 0.724685
vt 0.041513 0.882127
vt 0.148952 0.720088
vt 0.464341 0.967836
vt 0.148213 0.720088
vt 0.464341 0.968576
vt 0.041513 0.877530
vt 0.041233 0.783065
vt 0.436655 0.967838
vt 0.041973 0.783065
vt 0.436655 0.968578
vt 0.064432 0.877530
vt 0.041233 0.787662
vt 0.041973 0.787662
vt 0.064432 0.882127
vt 0.196498 0.724685
vt 0.195759 0.724685
vt 0.065056 0.882127
vt 0.196498 0.720088
vt 0.437279 0.967838
vt 0.195759 0.720088
vt 0.437279 0.968578
vt 0.065056 0.877530
vt 0.076893 0.783065
vt 0.962795 0.622919
vt 0.077632 0.783065
vt 0.962795 0.623659
vt 0.562851 0.862097
vt 0.076893 0.787662
vt 0.077632 0.787662
vt 0.562851 0.866694
vt 0.725013 0.057403
vt 0.724274 0.057403
vt 0.563476 0.866694
vt 0.725013 0.052806
vt 0.963419 0.622919
vt 0.724274 0.052806
vt 0.963419 0.623659
vt 0.563476 0.862097
vt 0.100666 0.783065
vt 0.960718 0.063386
vt 0.101406 0.783065
vt 0.960718 0.064125
vt 0.574623 0.862097
vt 0.100666 0.787662
vt 0.101406 0.787662
vt 0.574623 0.866694
vt 0.725013 0.073147
vt 0.724274 0.073147
vt 0.575247 0.866694
vt 0.725013 0.068550
vt 0.961342 0.063386
vt 0.724274 0.068550
vt 0.961342 0.064125
vt 0.575247 0.862097
vt 0.484990 0.591517
vt 0.143128 0.524852
vt 0.484990 0.585411
vt 0.022096 0.524852
vt 0.490365 0.591517
vt 0.306826 0.442461
vt 0.137753 0.524852
vt 0.490365 0.585411
vt 0.300720 0.442461
vt 0.027471 0.524852
vt 0.306826 0.433011
vt 0.473843 0.585411
vt 0.137753 0.515401
vt 0.300720 0.433011
vt 0.473843 0.591517
vt 0.027471 0.515402
vt 0.468467 0.585411
vt 0.143128 0.515401
vt 0.468467 0.591517
vt 0.022096 0.515402
vt 0.023131 0.524130
vt 0.653400 0.183568
vt 0.901660 0.158940
vt 0.023131 0.518317
vt 0.653400 0.177754
vt 0.901566 0.189137
vt 0.026437 0.518317
vt 0.901566 0.185831
vt 0.331268 0.653551
vt 0.026437 0.524130
vt 0.331268 0.659365
vt 0.901660 0.155634
vt 0.380133 0.625441
vt 0.653494 0.183568
vt 0.901566 0.158940
vt 0.380133 0.619627
vt 0.653494 0.177754
vt 0.901660 0.189137
vt 0.383439 0.619627
vt 0.901660 0.185831
vt 0.331174 0.653551
vt 0.383439 0.625441
vt 0.331174 0.659365
vt 0.901566 0.155634
vt 0.735880 0.263441
vt 0.735141 0.263441
vt 0.076663 0.877530
vt 0.735880 0.258844
vt 0.475488 0.968576
vt 0.735141 0.258844
vt 0.475488 0.967836
vt 0.076663 0.882127
vt 0.476112 0.968576
vt 0.124439 0.783065
vt 0.476112 0.967836
vt 0.125179 0.783065
vt 0.077288 0.882127
vt 0.124439 0.787662
vt 0.125179 0.787662
vt 0.077288 0.877530
vt 0.983616 0.041233
vt 0.983616 0.041973
vt 0.924894 0.030260
vt 0.705366 0.982540
vt 0.705366 0.981800
vt 0.924894 0.031455
vt 0.705854 0.982540
vt 0.913747 0.031455
vt 0.705854 0.981800
vt 0.913007 0.031455
vt 0.925382 0.031455
vt 0.913747 0.030260
vt 0.984104 0.041233
vt 0.913007 0.030260
vt 0.984104 0.041973
vt 0.925382 0.030260
vt 0.148213 0.783065
vt 0.511033 0.967836
vt 0.148952 0.783065
vt 0.511033 0.968576
vt 0.838149 0.877261
vt 0.148213 0.787662
vt 0.148952 0.787662
vt 0.838149 0.881858
vt 0.343800 0.738086
vt 0.343061 0.738086
vt 0.838773 0.881858
vt 0.343800 0.733489
vt 0.511657 0.967836
vt 0.343061 0.733489
vt 0.511657 0.968576
vt 0.838773 0.877261
vt 0.160099 0.783065
vt 0.960048 0.451262
vt 0.160838 0.783065
vt 0.960048 0.452001
vt 0.535036 0.859439
vt 0.160099 0.787662
vt 0.160838 0.787662
vt 0.535036 0.864036
vt 0.625160 0.740160
vt 0.624420 0.740160
vt 0.535660 0.864036
vt 0.625160 0.735563
vt 0.960672 0.451262
vt 0.624420 0.735563
vt 0.960672 0.452001
vt 0.535660 0.859439
vt 0.183872 0.783065
vt 0.959873 0.167521
vt 0.184612 0.783065
vt 0.959873 0.168260
vt 0.866255 0.076913
vt 0.183872 0.787662
vt 0.184612 0.787662
vt 0.866255 0.081510
vt 0.137065 0.740429
vt 0.136326 0.740429
vt 0.866879 0.081510
vt 0.137065 0.735832
vt 0.960497 0.167521
vt 0.136326 0.735832
vt 0.960497 0.168260
vt 0.866879 0.076913
vt 0.195759 0.783065
vt 0.959873 0.155634
vt 0.196498 0.783065
vt 0.959873 0.156373
vt 0.511263 0.859439
vt 0.195759 0.787662
vt 0.196498 0.787662
vt 0.511263 0.864036
vt 0.184612 0.740429
vt 0.183872 0.740429
vt 0.511887 0.864036
vt 0.184612 0.735832
vt 0.960497 0.155634
vt 0.183872 0.735832
vt 0.960497 0.156373
vt 0.511887 0.859439
vt 0.104708 0.593863
vt 0.475208 0.143303
vt 0.104708 0.587758
vt 0.302978 0.483656
vt 0.110084 0.593863
vt 0.424910 0.205096
vt 0.469833 0.143303
vt 0.110084 0.587758
vt 0.418804 0.205096
vt 0.308353 0.483656
vt 0.424910 0.195645
vt 0.126606 0.587758
vt 0.469833 0.133852
vt 0.418804 0.195645
vt 0.126606 0.593863
vt 0.308353 0.474206
vt 0.121231 0.587758
vt 0.475208 0.133852
vt 0.121231 0.593863
vt 0.302978 0.474206
vt 0.304013 0.482935
vt 0.630829 0.244060
vt 0.901662 0.110416
vt 0.304013 0.477121
vt 0.630829 0.238246
vt 0.901570 0.080219
vt 0.307318 0.477121
vt 0.901570 0.076913
vt 0.631012 0.126871
vt 0.307318 0.482935
vt 0.631012 0.132685
vt 0.901662 0.107110
vt 0.409039 0.608480
vt 0.630923 0.244060
vt 0.901568 0.110416
vt 0.409039 0.602666
vt 0.630923 0.238246
vt 0.901664 0.080219
vt 0.412345 0.602666
vt 0.901664 0.076913
vt 0.630918 0.126871
vt 0.412345 0.608480
vt 0.630918 0.132685
vt 0.901568 0.107110
vt 0.748587 0.097254
vt 0.747847 0.097254
vt 0.842910 0.052806
vt 0.748587 0.092657
vt 0.499491 0.944803
vt 0.747847 0.092657
vt 0.499491 0.944063
vt 0.842910 0.057403
vt 0.500116 0.944803
vt 0.231419 0.783065
vt 0.500116 0.944063
vt 0.232158 0.783065
vt 0.843534 0.057403
vt 0.231419 0.787662
vt 0.232158 0.787662
vt 0.843534 0.052806
vt 0.983591 0.463149
vt 0.983591 0.463888
vt 0.635553 0.921911
vt 0.833356 0.982540
vt 0.833356 0.981800
vt 0.635553 0.923107
vt 0.833844 0.982540
vt 0.207739 0.908923
vt 0.833844 0.981800
vt 0.207000 0.908923
vt 0.636042 0.923107
vt 0.207739 0.907727
vt 0.984079 0.463149
vt 0.207000 0.907727
vt 0.984079 0.463888
vt 0.636042 0.921911
vt 0.243305 0.783065
vt 0.424883 0.944065
vt 0.244044 0.783065
vt 0.424883 0.944805
vt 0.843414 0.451262
vt 0.243305 0.787662
vt 0.244044 0.787662
vt 0.843414 0.455859
vt 0.089519 0.756173
vt 0.088780 0.756173
vt 0.844038 0.455859
vt 0.089519 0.751576
vt 0.425507 0.944065
vt 0.088780 0.751576
vt 0.425507 0.944805
vt 0.844038 0.451262
vt 0.255192 0.783065
vt 0.943126 0.837422
vt 0.255931 0.783065
vt 0.943126 0.838161
vt 0.843414 0.514239
vt 0.255192 0.787662
vt 0.255931 0.787662
vt 0.843414 0.518836
vt 0.759838 0.420701
vt 0.759099 0.420701
vt 0.844039 0.518836
vt 0.759838 0.416104
vt 0.943750 0.837422
vt 0.759099 0.416104
vt 0.943750 0.838161
vt 0.844039 0.514239
vt 0.786959 0.638664
vt 0.943126 0.742329
vt 0.787698 0.638664
vt 0.943126 0.743069
vt 0.124440 0.830297
vt 0.786959 0.643261
vt 0.787698 0.643261
vt 0.124440 0.834894
vt 0.760473 0.097254
vt 0.759734 0.097254
vt 0.125064 0.834894
vt 0.760473 0.092657
vt 0.943750 0.742329
vt 0.759734 0.092657
vt 0.943750 0.743069
vt 0.125064 0.830297
vt 0.562966 0.783376
vt 0.943125 0.693414
vt 0.563706 0.783376
vt 0.943125 0.694153
vt 0.331174 0.843699
vt 0.562966 0.787973
vt 0.563706 0.787973
vt 0.331174 0.848296
vt 0.760473 0.112998
vt 0.759734 0.112998
vt 0.331799 0.848296
vt 0.760473 0.108401
vt 0.943750 0.693414
vt 0.759734 0.108401
vt 0.943750 0.694153
vt 0.331799 0.843699
vt 0.600647 0.509126
vt 0.507618 0.378322
vt 0.600647 0.503021
vt 0.503078 0.015024
vt 0.606022 0.509126
vt 0.442363 0.035622
vt 0.502243 0.378322
vt 0.606022 0.503021
vt 0.436257 0.035622
vt 0.508453 0.015024
vt 0.442363 0.026171
vt 0.606022 0.520274
vt 0.502243 0.368871
vt 0.436257 0.026171
vt 0.606022 0.526379
vt 0.508453 0.005574
vt 0.600647 0.520274
vt 0.507618 0.368871
vt 0.600647 0.526379
vt 0.503078 0.005574
vt 0.504112 0.014302
vt 0.631118 0.080107
vt 0.901142 0.429989
vt 0.504112 0.008488
vt 0.631118 0.074293
vt 0.901480 0.241552
vt 0.507418 0.008488
vt 0.901480 0.238246
vt 0.631716 0.468223
vt 0.507418 0.014302
vt 0.631716 0.474037
vt 0.901142 0.426683
vt 0.451945 0.608478
vt 0.631212 0.080107
vt 0.901048 0.429989
vt 0.451945 0.602664
vt 0.631212 0.074293
vt 0.901574 0.241552
vt 0.455251 0.602664
vt 0.901574 0.238246
vt 0.631622 0.468223
vt 0.455251 0.608478
vt 0.631622 0.474037
vt 0.901048 0.426683
vt 0.760473 0.207464
vt 0.759734 0.207464
vt 0.389223 0.843697
vt 0.760473 0.202867
vt 0.940128 0.930773
vt 0.759734 0.202867
vt 0.940128 0.930034
vt 0.389223 0.848294
vt 0.940752 0.930773
vt 0.586739 0.783376
vt 0.940752 0.930034
vt 0.587479 0.783376
vt 0.389848 0.848294
vt 0.586739 0.787973
vt 0.587479 0.787973
vt 0.389848 0.843697
vt 0.982898 0.392645
vt 0.982898 0.393384
vt 0.278999 0.920963
vt 0.879898 0.982540
vt 0.879898 0.981800
vt 0.278999 0.922159
vt 0.880386 0.982540
vt 0.587479 0.909234
vt 0.880386 0.981800
vt 0.586739 0.909234
vt 0.279487 0.922159
vt 0.587479 0.908038
vt 0.983386 0.392645
vt 0.586739 0.908038
vt 0.983386 0.393384
vt 0.279487 0.920963
vt 0.790832 0.688330
vt 0.936329 0.155634
vt 0.791572 0.688330
vt 0.936329 0.156373
vt 0.487489 0.843695
vt 0.790832 0.692927
vt 0.791572 0.692927
vt 0.487489 0.848292
vt 0.770995 0.606609
vt 0.770255 0.606609
vt 0.488114 0.848292
vt 0.770995 0.602012
vt 0.936954 0.155634
vt 0.770255 0.602012
vt 0.936954 0.156373
vt 0.488114 0.843695
vt 0.791082 0.325330
vt 0.935811 0.429673
vt 0.791822 0.325330
vt 0.935811 0.430413
vt 0.499491 0.843695
vt 0.791082 0.329927
vt 0.791822 0.329927
vt 0.499491 0.848292
vt 0.771725 0.420701
vt 0.770986 0.420701
vt 0.500115 0.848292
vt 0.771725 0.416104
vt 0.936435 0.429673
vt 0.770986 0.416104
vt 0.936435 0.430413
vt 0.500115 0.843695
vt 0.794028 0.570524
vt 0.935626 0.308215
vt 0.794768 0.570524
vt 0.935626 0.308955
vt 0.523034 0.843695
vt 0.794028 0.575121
vt 0.794768 0.575121
vt 0.523034 0.848292
vt 0.232158 0.771917
vt 0.231419 0.771917
vt 0.523659 0.848292
vt 0.232158 0.767321
vt 0.936251 0.308215
vt 0.231419 0.767321
vt 0.936251 0.308955
vt 0.523659 0.843695
vt 0.794028 0.586268
vt 0.343061 0.944067
vt 0.794768 0.586268
vt 0.343061 0.944806
vt 0.290907 0.844825
vt 0.794028 0.590865
vt 0.794768 0.590865
vt 0.290907 0.849422
vt 0.772360 0.207464
vt 0.771621 0.207464
vt 0.291531 0.849422
vt 0.772360 0.202867
vt 0.343685 0.944067
vt 0.771621 0.202867
vt 0.343685 0.944806
vt 0.291531 0.844825
vt 0.347697 0.591520
vt 0.523410 0.460712
vt 0.347697 0.585415
vt 0.137753 0.504254
vt 0.353072 0.591520
vt 0.115197 0.442461
vt 0.518035 0.460712
vt 0.353072 0.585415
vt 0.109091 0.442461
vt 0.143128 0.504254
vt 0.115197 0.433011
vt 0.420623 0.585413
vt 0.518035 0.451262
vt 0.109091 0.433011
vt 0.420623 0.591519
vt 0.143128 0.494804
vt 0.415248 0.585413
vt 0.523410 0.451262
vt 0.415248 0.591519
vt 0.137753 0.494804
vt 0.138788 0.503532
vt 0.451945 0.642400
vt 0.901142 0.386630
vt 0.138788 0.497719
vt 0.451945 0.636586
vt 0.901048 0.401083
vt 0.142094 0.497719
vt 0.901048 0.397777
vt 0.410738 0.636588
vt 0.142094 0.503532
vt 0.410738 0.642402
vt 0.901142 0.383324
vt 0.600647 0.611772
vt 0.452039 0.642400
vt 0.901048 0.386630
vt 0.600647 0.605958
vt 0.452039 0.636586
vt 0.901142 0.401083
vt 0.603953 0.605958
vt 0.901142 0.397777
vt 0.410644 0.636588
vt 0.603953 0.611772
vt 0.410644 0.642402
vt 0.901048 0.383324
vt 0.551819 0.772228
vt 0.551080 0.772228
vt 0.660080 0.845773
vt 0.551819 0.767631
vt 0.847851 0.934993
vt 0.551080 0.767631
vt 0.847851 0.934254
vt 0.660080 0.850369
vt 0.848475 0.934993
vt 0.794759 0.400360
vt 0.848475 0.934254
vt 0.795498 0.400360
vt 0.660704 0.850369
vt 0.794759 0.404957
vt 0.795498 0.404957
vt 0.660704 0.845773
vt 0.983616 0.029347
vt 0.983616 0.030086
vt 0.903169 0.921911
vt 0.982167 0.603978
vt 0.982167 0.603239
vt 0.903169 0.923107
vt 0.982655 0.603978
vt 0.913029 0.382410
vt 0.982655 0.603239
vt 0.912289 0.382410
vt 0.903657 0.923107
vt 0.913029 0.381214
vt 0.984104 0.029347
vt 0.912289 0.381214
vt 0.984104 0.030086
vt 0.903657 0.921911
vt 0.795304 0.238246
vt 0.836079 0.946141
vt 0.796044 0.238246
vt 0.836079 0.946880
vt 0.742826 0.845773
vt 0.795304 0.242843
vt 0.796044 0.242843
vt 0.742826 0.850370
vt 0.767798 0.771648
vt 0.767059 0.771648
vt 0.743450 0.850370
vt 0.767798 0.767051
vt 0.836704 0.946141
vt 0.767059 0.767051
vt 0.836704 0.946880
vt 0.743450 0.845773
vt 0.795394 0.124146
vt 0.935081 0.579466
vt 0.796133 0.124146
vt 0.935081 0.580205
vt 0.695625 0.845773
vt 0.795394 0.128743
vt 0.796133 0.128743
vt 0.695625 0.850370
vt 0.637046 0.771648
vt 0.636307 0.771648
vt 0.696249 0.850370
vt 0.637046 0.767051
vt 0.935705 0.579466
vt 0.636307 0.767051
vt 0.935705 0.580205
vt 0.696249 0.845773
vt 0.795394 0.171378
vt 0.935081 0.591352
vt 0.796133 0.171378
vt 0.935081 0.592091
vt 0.683623 0.845773
vt 0.795394 0.175975
vt 0.796133 0.175975
vt 0.683623 0.850370
vt 0.390193 0.769573
vt 0.389453 0.769573
vt 0.684247 0.850370
vt 0.390193 0.764976
vt 0.935705 0.591352
vt 0.389453 0.764976
vt 0.935705 0.592091
vt 0.684247 0.845773
vt 0.795394 0.202867
vt 0.935081 0.604151
vt 0.796133 0.202867
vt 0.935081 0.604891
vt 0.648193 0.845773
vt 0.795394 0.207464
vt 0.796133 0.207464
vt 0.648193 0.850370
vt 0.761177 0.518836
vt 0.760438 0.518836
vt 0.648818 0.850370
vt 0.761177 0.514239
vt 0.935705 0.604151
vt 0.760438 0.514239
vt 0.935705 0.604891
vt 0.648818 0.845773
vt 0.302978 0.593863
vt 0.499305 0.355378
vt 0.302978 0.587758
vt 0.501512 0.501908
vt 0.308353 0.593863
vt 0.028932 0.442461
vt 0.493930 0.355378
vt 0.308353 0.587758
vt 0.022827 0.442461
vt 0.506887 0.501908
vt 0.028932 0.433011
vt 0.192696 0.587758
vt 0.493930 0.345927
vt 0.022827 0.433011
vt 0.192696 0.593863
vt 0.506887 0.492457
vt 0.187321 0.587758
vt 0.499305 0.345927
vt 0.187321 0.593863
vt 0.501512 0.492457
vt 0.502547 0.501186
vt 0.463186 0.642400
vt 0.900957 0.305509
vt 0.502547 0.495372
vt 0.463186 0.636586
vt 0.901039 0.143196
vt 0.505853 0.495372
vt 0.901039 0.139890
vt 0.433220 0.636588
vt 0.505853 0.501186
vt 0.433220 0.642402
vt 0.900957 0.302203
vt 0.048933 0.610825
vt 0.463280 0.642400
vt 0.900863 0.305509
vt 0.048933 0.605011
vt 0.463280 0.636586
vt 0.901133 0.143196
vt 0.052238 0.605011
vt 0.901133 0.139890
vt 0.433126 0.636588
vt 0.052238 0.610825
vt 0.433126 0.642402
vt 0.900863 0.302203
vt 0.101406 0.756173
vt 0.100666 0.756173
vt 0.861807 0.735563
vt 0.101406 0.751576
vt 0.948729 0.076913
vt 0.100666 0.751576
vt 0.948729 0.077652
vt 0.861807 0.740160
vt 0.948105 0.076913
vt 0.796098 0.482750
vt 0.948105 0.077652
vt 0.796837 0.482750
vt 0.862431 0.740160
vt 0.796098 0.487347
vt 0.796837 0.487347
vt 0.862431 0.735563
vt 0.983591 0.512520
vt 0.983591 0.513259
vt 0.775179 0.921911
vt 0.810085 0.982540
vt 0.810085 0.981800
vt 0.775179 0.923107
vt 0.810573 0.982540
vt 0.913020 0.141085
vt 0.810573 0.981800
vt 0.912280 0.141085
vt 0.775667 0.923107
vt 0.913020 0.139890
vt 0.984079 0.512520
vt 0.912280 0.139890
vt 0.984079 0.513259
vt 0.775667 0.921911
vt 0.796098 0.514239
vt 0.954897 0.752391
vt 0.796837 0.514239
vt 0.954897 0.753130
vt 0.475488 0.859439
vt 0.796098 0.518836
vt 0.796837 0.518836
vt 0.475488 0.864036
vt 0.625160 0.755904
vt 0.624420 0.755904
vt 0.476112 0.864036
vt 0.625160 0.751307
vt 0.955522 0.752391
vt 0.624420 0.751307
vt 0.955522 0.753130
vt 0.476112 0.859439
vt 0.798845 0.638664
vt 0.948101 0.215067
vt 0.799585 0.638664
vt 0.948101 0.215806
vt 0.857933 0.622919
vt 0.798845 0.643261
vt 0.799585 0.643261
vt 0.857933 0.627516
vt 0.464571 0.753827
vt 0.463831 0.753827
vt 0.858558 0.627516
vt 0.464571 0.749230
vt 0.948725 0.215067
vt 0.463831 0.749230
vt 0.948725 0.215806
vt 0.858558 0.622919
vt 0.331174 0.796466
vt 0.800764 0.946141
vt 0.331914 0.796466
vt 0.800764 0.946880
vt 0.029117 0.846042
vt 0.331174 0.801063
vt 0.331914 0.801063
vt 0.029117 0.850639
vt 0.748587 0.128743
vt 0.747847 0.128743
vt 0.029741 0.850639
vt 0.748587 0.124146
vt 0.801389 0.946141
vt 0.747847 0.124146
vt 0.801389 0.946880
vt 0.029741 0.846042
vt 0.413226 0.796464
vt 0.948276 0.463149
vt 0.413966 0.796464
vt 0.948276 0.463888
vt 0.855186 0.529983
vt 0.413226 0.801061
vt 0.413966 0.801061
vt 0.855186 0.534580
vt 0.747952 0.420701
vt 0.747213 0.420701
vt 0.855810 0.534580
vt 0.747952 0.416104
vt 0.948901 0.463149
vt 0.747213 0.416104
vt 0.948901 0.463888
vt 0.855810 0.529983
vt 0.236888 0.593863
vt 0.225741 0.504254
vt 0.236888 0.587758
vt 0.485720 0.398919
vt 0.242263 0.593863
vt 0.442363 0.056219
vt 0.220366 0.504254
vt 0.242263 0.587758
vt 0.436257 0.056219
vt 0.491096 0.398919
vt 0.442363 0.046769
vt 0.060516 0.587758
vt 0.220366 0.494804
vt 0.436257 0.046769
vt 0.060516 0.593863
vt 0.491096 0.389469
vt 0.055141 0.587758
vt 0.225741 0.494804
vt 0.055141 0.593863
vt 0.485720 0.389469
vt 0.486755 0.398198
vt 0.121231 0.644747
vt 0.900411 0.572538
vt 0.486755 0.392384
vt 0.121231 0.638933
vt 0.900318 0.601444
vt 0.490061 0.392384
vt 0.900318 0.598139
vt 0.642253 0.160793
vt 0.490061 0.398198
vt 0.642253 0.166607
vt 0.900411 0.569233
vt 0.164590 0.610825
vt 0.121325 0.644747
vt 0.900318 0.572538
vt 0.164590 0.605011
vt 0.121325 0.638933
vt 0.900411 0.601444
vt 0.167896 0.605011
vt 0.900411 0.598139
vt 0.642159 0.160793
vt 0.167896 0.610825
vt 0.642159 0.166607
vt 0.900318 0.569233
vt 0.637046 0.740160
vt 0.636307 0.740160
vt 0.865003 0.586268
vt 0.637046 0.735563
vt 0.954897 0.776903
vt 0.636307 0.735563
vt 0.954897 0.776164
vt 0.865003 0.590865
vt 0.955522 0.776903
vt 0.437000 0.796464
vt 0.955522 0.776164
vt 0.437739 0.796464
vt 0.865627 0.590865
vt 0.437000 0.801061
vt 0.437739 0.801061
vt 0.865627 0.586268
vt 0.087632 0.991846
vt 0.087632 0.992586
vt 0.924696 0.105000
vt 0.868262 0.982540
vt 0.868262 0.981800
vt 0.924696 0.106196
vt 0.868750 0.982540
vt 0.913722 0.489486
vt 0.868750 0.981800
vt 0.912983 0.489486
vt 0.925184 0.106196
vt 0.913722 0.488291
vt 0.088120 0.991846
vt 0.912983 0.488291
vt 0.088120 0.992586
vt 0.925184 0.105000
vt 0.499491 0.796463
vt 0.777221 0.946141
vt 0.500230 0.796463
vt 0.777221 0.946880
vt 0.088435 0.846042
vt 0.499491 0.801060
vt 0.500230 0.801060
vt 0.088435 0.850639
vt 0.736900 0.025915
vt 0.736161 0.025915
vt 0.089059 0.850639
vt 0.736900 0.021318
vt 0.777845 0.946141
vt 0.736161 0.021318
vt 0.777845 0.946880
vt 0.089059 0.846042
vt 0.523264 0.796463
vt 0.948276 0.537662
vt 0.524004 0.796463
vt 0.948276 0.538402
vt 0.854682 0.052806
vt 0.523264 0.801060
vt 0.524004 0.801060
vt 0.854682 0.057403
vt 0.736700 0.191719
vt 0.735961 0.191719
vt 0.855306 0.057403
vt 0.736700 0.187122
vt 0.948901 0.537662
vt 0.735961 0.187122
vt 0.948901 0.538402
vt 0.855306 0.052806
vt 0.279250 0.797592
vt 0.948946 0.063386
vt 0.279990 0.797592
vt 0.948946 0.064125
vt 0.854482 0.218611
vt 0.279250 0.802189
vt 0.279990 0.802189
vt 0.854482 0.223208
vt 0.736065 0.436445
vt 0.735326 0.436445
vt 0.855106 0.223208
vt 0.736065 0.431848
vt 0.949571 0.063386
vt 0.735326 0.431848
vt 0.949571 0.064125
vt 0.855106 0.218611
vt 0.314910 0.797592
vt 0.954897 0.788050
vt 0.315649 0.797592
vt 0.954897 0.788790
vt 0.624305 0.861517
vt 0.314910 0.802189
vt 0.315649 0.802189
vt 0.624305 0.866114
vt 0.725518 0.487347
vt 0.724778 0.487347
vt 0.624930 0.866114
vt 0.725518 0.482750
vt 0.955522 0.788050
vt 0.724778 0.482750
vt 0.955522 0.788790
vt 0.624930 0.861517
vt 0.431770 0.591519
vt 0.258786 0.504254
vt 0.431770 0.585413
vt 0.503078 0.035622
vt 0.437145 0.591519
vt 0.442163 0.163900
vt 0.253410 0.504254
vt 0.437145 0.585413
vt 0.436057 0.163900
vt 0.508453 0.035622
vt 0.442163 0.154450
vt 0.077039 0.587758
vt 0.253410 0.494804
vt 0.436057 0.154450
vt 0.077039 0.593863
vt 0.508453 0.026171
vt 0.071663 0.587758
vt 0.258786 0.494804
vt 0.071663 0.593863
vt 0.503078 0.026171
vt 0.504112 0.034900
vt 0.642159 0.200529
vt 0.897465 0.357541
vt 0.504112 0.029086
vt 0.642159 0.194716
vt 0.900318 0.558085
vt 0.507418 0.029086
vt 0.900318 0.554780
vt 0.377015 0.636588
vt 0.507418 0.034900
vt 0.377015 0.642402
vt 0.897465 0.354236
vt 0.121231 0.610824
vt 0.642253 0.200529
vt 0.897372 0.357541
vt 0.121231 0.605011
vt 0.642253 0.194716
vt 0.900411 0.558085
vt 0.124537 0.605011
vt 0.900411 0.554780
vt 0.376921 0.636588
vt 0.124537 0.610824
vt 0.376921 0.642402
vt 0.897372 0.354236
vt 0.101406 0.724685
vt 0.100666 0.724685
vt 0.846162 0.622919
vt 0.101406 0.720088
vt 0.936329 0.180147
vt 0.100666 0.720088
vt 0.936329 0.179407
vt 0.846162 0.627516
vt 0.936954 0.180147
vt 0.624420 0.798540
vt 0.936954 0.179407
vt 0.625160 0.798540
vt 0.846786 0.627516
vt 0.624420 0.803137
vt 0.625160 0.803137
vt 0.846786 0.622919
vt 0.040473 0.991848
vt 0.040473 0.992587
vt 0.924696 0.117343
vt 0.182767 0.980699
vt 0.182767 0.979959
vt 0.924696 0.118539
vt 0.183255 0.980699
vt 0.913547 0.218544
vt 0.183255 0.979959
vt 0.912807 0.218544
vt 0.925184 0.118539
vt 0.913547 0.217348
vt 0.040961 0.991848
vt 0.912807 0.217348
vt 0.040961 0.992587
vt 0.925184 0.117343
vt 0.660080 0.798540
vt 0.936529 0.017460
vt 0.660819 0.798540
vt 0.936529 0.018200
vt 0.842710 0.218611
vt 0.660080 0.803137
vt 0.660819 0.803137
vt 0.842710 0.223208
vt 0.723994 0.263441
vt 0.723254 0.263441
vt 0.843334 0.223208
vt 0.723994 0.258844
vt 0.937154 0.017460
vt 0.723254 0.258844
vt 0.937154 0.018200
vt 0.843334 0.218611
vt 0.743286 0.798540
vt 0.377452 0.955952
vt 0.744025 0.798540
vt 0.377452 0.956691
vt 0.866255 0.092657
vt 0.743286 0.803137
vt 0.744025 0.803137
vt 0.866255 0.097254
vt 0.723448 0.606609
vt 0.722709 0.606609
vt 0.866879 0.097254
vt 0.723448 0.602012
vt 0.378076 0.955952
vt 0.722709 0.602012
vt 0.378076 0.956691
vt 0.866879 0.092657
vt 0.767059 0.798540
vt 0.753678 0.946141
vt 0.767798 0.798540
vt 0.753678 0.946880
vt 0.850035 0.672586
vt 0.767059 0.803137
vt 0.767798 0.803137
vt 0.850035 0.677183
vt 0.488344 0.722338
vt 0.487605 0.722338
vt 0.850660 0.677183
vt 0.488344 0.717741
vt 0.754302 0.946141
vt 0.487605 0.717741
vt 0.754302 0.946880
vt 0.850660 0.672586
vt 0.017460 0.798809
vt 0.936529 0.042602
vt 0.018200 0.798809
vt 0.936529 0.043342
vt 0.842710 0.202867
vt 0.017460 0.803406
vt 0.018200 0.803406
vt 0.842710 0.207464
vt 0.716379 0.627516
vt 0.715639 0.627516
vt 0.843334 0.207464
vt 0.716379 0.622919
vt 0.937154 0.042602
vt 0.715639 0.622919
vt 0.937154 0.043342
vt 0.843334 0.202867
vt 0.088186 0.593863
vt 0.491095 0.378322
vt 0.088186 0.587758
vt 0.104708 0.483656
vt 0.093561 0.593863
vt 0.389039 0.440116
vt 0.485720 0.378322
vt 0.093561 0.587758
vt 0.382933 0.440116
vt 0.110084 0.483656
vt 0.389039 0.430666
vt 0.291831 0.587758
vt 0.485720 0.368871
vt 0.382933 0.430666
vt 0.291831 0.593863
vt 0.110084 0.474206
vt 0.286455 0.587758
vt 0.491095 0.368871
vt 0.286455 0.593863
vt 0.104708 0.474206
vt 0.105743 0.482935
vt 0.634370 0.628733
vt 0.897215 0.862490
vt 0.105743 0.477121
vt 0.634370 0.622919
vt 0.897122 0.876943
vt 0.109049 0.477121
vt 0.897122 0.873637
vt 0.631716 0.537235
vt 0.109049 0.482935
vt 0.631716 0.543049
vt 0.897215 0.859184
vt 0.480851 0.608478
vt 0.634464 0.628733
vt 0.897122 0.862490
vt 0.480851 0.602664
vt 0.634464 0.622919
vt 0.897215 0.876943
vt 0.484157 0.602664
vt 0.897215 0.873637
vt 0.631622 0.537235
vt 0.484157 0.608478
vt 0.631622 0.543049
vt 0.897122 0.859184
vt 0.711562 0.606609
vt 0.710822 0.606609
vt 0.842710 0.171378
vt 0.711562 0.602012
vt 0.940128 0.918430
vt 0.710822 0.602012
vt 0.940128 0.917691
vt 0.842710 0.175975
vt 0.940752 0.918430
vt 0.790832 0.798540
vt 0.940752 0.917691
vt 0.791572 0.798540
vt 0.843334 0.175975
vt 0.790832 0.803137
vt 0.791572 0.803137
vt 0.843334 0.171378
vt 0.534921 0.991610
vt 0.534921 0.992349
vt 0.586739 0.920381
vt 0.206289 0.980699
vt 0.206289 0.979959
vt 0.586739 0.921577
vt 0.206777 0.980699
vt 0.912298 0.580661
vt 0.206777 0.979959
vt 0.911559 0.580661
vt 0.587227 0.921577
vt 0.912298 0.579465
vt 0.535409 0.991610
vt 0.911559 0.579465
vt 0.535409 0.992349
vt 0.587227 0.920381
vt 0.755172 0.798540
vt 0.943125 0.777989
vt 0.755912 0.798540
vt 0.943125 0.778728
vt 0.842712 0.108401
vt 0.755172 0.803137
vt 0.755912 0.803137
vt 0.842712 0.112998
vt 0.184612 0.708941
vt 0.183872 0.708941
vt 0.843336 0.112998
vt 0.184612 0.704344
vt 0.943750 0.777989
vt 0.183872 0.704344
vt 0.943750 0.778728
vt 0.843336 0.108401
vt 0.719513 0.798540
vt 0.943125 0.789876
vt 0.720252 0.798540
vt 0.943125 0.790615
vt 0.842712 0.092657
vt 0.719513 0.803137
vt 0.720252 0.803137
vt 0.842712 0.097254
vt 0.708365 0.708671
vt 0.707626 0.708671
vt 0.843336 0.097254
vt 0.708365 0.704074
vt 0.943750 0.789876
vt 0.707626 0.704074
vt 0.943750 0.790615
vt 0.843336 0.092657
vt 0.695740 0.798540
vt 0.943125 0.801762
vt 0.696479 0.798540
vt 0.943125 0.802501
vt 0.842190 0.416104
vt 0.695740 0.803137
vt 0.696479 0.803137
vt 0.842190 0.420701
vt 0.708616 0.329927
vt 0.707876 0.329927
vt 0.842814 0.420701
vt 0.708616 0.325330
vt 0.943750 0.801762
vt 0.707876 0.325330
vt 0.943750 0.802501
vt 0.842814 0.416104
vt 0.636307 0.798540
vt 0.943125 0.813649
vt 0.637046 0.798540
vt 0.943125 0.814388
vt 0.842190 0.400360
vt 0.636307 0.803137
vt 0.637046 0.803137
vt 0.842190 0.404957
vt 0.512117 0.706594
vt 0.511378 0.706594
vt 0.842814 0.404957
vt 0.512117 0.701997
vt 0.943750 0.813649
vt 0.511378 0.701997
vt 0.943750 0.814388
vt 0.842814 0.400360
vt 0.534557 0.591517
vt 0.475408 0.015024
vt 0.534557 0.585411
vt 0.469833 0.205096
vt 0.539932 0.591517
vt 0.425110 0.076817
vt 0.470033 0.015024
vt 0.539932 0.585411
vt 0.419004 0.076817
vt 0.475208 0.205096
vt 0.425110 0.067367
vt 0.523410 0.585411
vt 0.470033 0.005574
vt 0.419004 0.067367
vt 0.523410 0.591517
vt 0.475208 0.195645
vt 0.518035 0.585411
vt 0.475408 0.005574
vt 0.518035 0.591517
vt 0.469833 0.195645
vt 0.470867 0.204374
vt 0.642159 0.132685
vt 0.897215 0.833584
vt 0.470867 0.198560
vt 0.642159 0.126871
vt 0.897122 0.848037
vt 0.474173 0.198560
vt 0.897122 0.844731
vt 0.640888 0.588704
vt 0.474173 0.204374
vt 0.640888 0.594518
vt 0.897215 0.830278
vt 0.509757 0.608478
vt 0.642253 0.132685
vt 0.897122 0.833584
vt 0.509757 0.602664
vt 0.642253 0.126871
vt 0.897215 0.848037
vt 0.513063 0.602664
vt 0.897215 0.844731
vt 0.640794 0.588704
vt 0.513063 0.608478
vt 0.640794 0.594518
vt 0.897122 0.830278
vt 0.701040 0.160231
vt 0.700301 0.160231
vt 0.842190 0.368871
vt 0.701040 0.155634
vt 0.943262 0.855385
vt 0.700301 0.155634
vt 0.943262 0.854646
vt 0.842190 0.373468
vt 0.943886 0.855385
vt 0.303023 0.797592
vt 0.943886 0.854646
vt 0.303763 0.797592
vt 0.842814 0.373468
vt 0.303023 0.802189
vt 0.303763 0.802189
vt 0.842814 0.368871
vt 0.498623 0.991610
vt 0.498623 0.992349
vt 0.924694 0.192663
vt 0.229968 0.980699
vt 0.229968 0.979959
vt 0.924694 0.193858
vt 0.230456 0.980699
vt 0.916470 0.636458
vt 0.230456 0.979959
vt 0.915730 0.636458
vt 0.925182 0.193858
vt 0.916470 0.635262
vt 0.499111 0.991610
vt 0.915730 0.635262
vt 0.499111 0.992349
vt 0.925182 0.192663
vt 0.267364 0.797592
vt 0.954897 0.823710
vt 0.268103 0.797592
vt 0.954897 0.824449
vt 0.866255 0.108401
vt 0.267364 0.802189
vt 0.268103 0.802189
vt 0.866255 0.112998
vt 0.696479 0.692927
vt 0.695740 0.692927
vt 0.866879 0.112998
vt 0.696479 0.688330
vt 0.955522 0.823710
vt 0.695740 0.688330
vt 0.955522 0.824449
vt 0.866879 0.108401
vt 0.535151 0.796463
vt 0.401225 0.944065
vt 0.535890 0.796463
vt 0.401225 0.944804
vt 0.842005 0.274588
vt 0.535151 0.801060
vt 0.535890 0.801060
vt 0.842005 0.279185
vt 0.255931 0.693196
vt 0.255192 0.693196
vt 0.842629 0.279185
vt 0.255931 0.688599
vt 0.401849 0.944065
vt 0.255192 0.688599
vt 0.401849 0.944804
vt 0.842629 0.274588
vt 0.511378 0.796463
vt 0.413111 0.944065
vt 0.512117 0.796463
vt 0.413111 0.944804
vt 0.841460 0.602012
vt 0.511378 0.801060
vt 0.512117 0.801060
vt 0.841460 0.606609
vt 0.232158 0.693196
vt 0.231419 0.693196
vt 0.842084 0.606609
vt 0.232158 0.688599
vt 0.413736 0.944065
vt 0.231419 0.688599
vt 0.413736 0.944804
vt 0.842084 0.602012
vt 0.487605 0.796463
vt 0.451945 0.944063
vt 0.488344 0.796463
vt 0.451945 0.944803
vt 0.841460 0.586268
vt 0.487605 0.801060
vt 0.488344 0.801060
vt 0.841460 0.590865
vt 0.672706 0.692927
vt 0.671966 0.692927
vt 0.842084 0.590865
vt 0.672706 0.688330
vt 0.452569 0.944063
vt 0.671966 0.688330
vt 0.452569 0.944803
vt 0.842084 0.586268
vt 0.600647 0.474621
vt 0.404100 0.501910
vt 0.600647 0.468515
vt 0.088186 0.504254
vt 0.606022 0.474621
vt 0.442363 0.015024
vt 0.398725 0.501910
vt 0.606022 0.468515
vt 0.436257 0.015024
vt 0.093561 0.504254
vt 0.442363 0.005574
vt 0.606022 0.485768
vt 0.398725 0.492459
vt 0.436257 0.005574
vt 0.606022 0.491874
vt 0.093561 0.494804
vt 0.600647 0.485768
vt 0.404100 0.492459
vt 0.600647 0.491874
vt 0.088186 0.494804
vt 0.089221 0.503532
vt 0.652766 0.374685
vt 0.897215 0.804678
vt 0.089221 0.497719
vt 0.652766 0.368872
vt 0.897122 0.819131
vt 0.092526 0.497719
vt 0.897122 0.815825
vt 0.463280 0.653548
vt 0.092526 0.503532
vt 0.463280 0.659361
vt 0.897215 0.801372
vt 0.423492 0.625441
vt 0.652859 0.374685
vt 0.897122 0.804678
vt 0.423492 0.619627
vt 0.652859 0.368872
vt 0.897215 0.819131
vt 0.426798 0.619627
vt 0.897215 0.815825
vt 0.463186 0.653548
vt 0.426798 0.625441
vt 0.463186 0.659361
vt 0.897122 0.801372
vt 0.692605 0.643261
vt 0.691866 0.643261
vt 0.683623 0.877261
vt 0.692605 0.638664
vt 0.741906 0.970653
vt 0.691866 0.638664
vt 0.741906 0.969914
vt 0.683623 0.881858
vt 0.742531 0.970653
vt 0.463831 0.796463
vt 0.742531 0.969914
vt 0.464571 0.796463
vt 0.684247 0.881858
vt 0.463831 0.801059
vt 0.464571 0.801059
vt 0.684247 0.877261
vt 0.342946 0.991613
vt 0.342946 0.992353
vt 0.931490 0.805274
vt 0.551080 0.981010
vt 0.551080 0.980270
vt 0.931490 0.806470
vt 0.551568 0.981010
vt 0.920593 0.326525
vt 0.551568 0.980270
vt 0.919854 0.326525
vt 0.931978 0.806470
vt 0.920593 0.325330
vt 0.343434 0.991613
vt 0.919854 0.325330
vt 0.343434 0.992353
vt 0.931978 0.805274
vt 0.425113 0.796464
vt 0.788993 0.969914
vt 0.425852 0.796464
vt 0.788993 0.970653
vt 0.136096 0.877530
vt 0.425113 0.801061
vt 0.425852 0.801061
vt 0.136096 0.882127
vt 0.006313 0.693196
vt 0.005574 0.693196
vt 0.136720 0.882127
vt 0.006313 0.688599
vt 0.789617 0.969914
vt 0.005574 0.688599
vt 0.789617 0.970653
vt 0.136720 0.877530
vt 0.451945 0.796463
vt 0.800764 0.969914
vt 0.452684 0.796463
vt 0.800764 0.970653
vt 0.147868 0.877530
vt 0.451945 0.801060
vt 0.452684 0.801060
vt 0.147868 0.882127
vt 0.053859 0.693196
vt 0.053120 0.693196
vt 0.148492 0.882127
vt 0.053859 0.688599
vt 0.801389 0.969914
vt 0.053120 0.688599
vt 0.801389 0.970653
vt 0.148492 0.877530
vt 0.401340 0.796464
vt 0.586395 0.956497
vt 0.402079 0.796464
vt 0.586395 0.957237
vt 0.866253 0.155634
vt 0.401340 0.801061
vt 0.402079 0.801061
vt 0.866253 0.160231
vt 0.101406 0.693196
vt 0.100666 0.693196
vt 0.866878 0.160231
vt 0.101406 0.688599
vt 0.587019 0.956497
vt 0.100666 0.688599
vt 0.587019 0.957237
vt 0.866878 0.155634
vt 0.389453 0.796464
vt 0.267364 0.957080
vt 0.390193 0.796464
vt 0.267364 0.957819
vt 0.866255 0.124146
vt 0.389453 0.801061
vt 0.390193 0.801061
vt 0.866255 0.128743
vt 0.148952 0.693196
vt 0.148213 0.693196
vt 0.866879 0.128743
vt 0.148952 0.688599
vt 0.267988 0.957080
vt 0.148213 0.688599
vt 0.267988 0.957819
vt 0.866879 0.124146
vt 0.567602 0.595391
vt 0.507433 0.309493
vt 0.567602 0.589286
vt 0.518765 0.378322
vt 0.572977 0.595391
vt 0.011679 0.442461
vt 0.502058 0.309493
vt 0.572977 0.589286
vt 0.005574 0.442461
vt 0.524140 0.378322
vt 0.011679 0.433011
vt 0.556455 0.589285
vt 0.502058 0.300043
vt 0.005574 0.433011
vt 0.556455 0.595391
vt 0.524140 0.368872
vt 0.551080 0.589285
vt 0.507433 0.300043
vt 0.551080 0.595391
vt 0.518765 0.368872
vt 0.519800 0.377600
vt 0.652580 0.281619
vt 0.897215 0.703506
vt 0.519800 0.371787
vt 0.652580 0.275805
vt 0.897122 0.732413
vt 0.523106 0.371787
vt 0.897122 0.729107
vt 0.652674 0.258844
vt 0.523106 0.377600
vt 0.652674 0.264657
vt 0.897215 0.700201
vt 0.345627 0.625443
vt 0.652674 0.281619
vt 0.897122 0.703506
vt 0.345627 0.619629
vt 0.652674 0.275805
vt 0.897215 0.732413
vt 0.348933 0.619629
vt 0.897215 0.729107
vt 0.652580 0.258844
vt 0.348933 0.625443
vt 0.652580 0.264657
vt 0.897122 0.700201
vt 0.587479 0.693507
vt 0.586739 0.693507
vt 0.183757 0.877530
vt 0.587479 0.688910
vt 0.812536 0.970653
vt 0.586739 0.688910
vt 0.812536 0.969914
vt 0.183757 0.882127
vt 0.813160 0.970653
vt 0.377567 0.796464
vt 0.813160 0.969914
vt 0.378306 0.796464
vt 0.184381 0.882127
vt 0.377567 0.801061
vt 0.378306 0.801061
vt 0.184381 0.877530
vt 0.990462 0.337216
vt 0.990462 0.337956
vt 0.931490 0.706213
vt 0.586394 0.981010
vt 0.586394 0.980270
vt 0.931490 0.707409
vt 0.586883 0.981010
vt 0.488344 0.921030
vt 0.586883 0.980270
vt 0.487605 0.921030
vt 0.931978 0.707409
vt 0.488344 0.919834
vt 0.990950 0.337216
vt 0.487605 0.919834
vt 0.990950 0.337956
vt 0.931978 0.706213
vt 0.365680 0.796464
vt 0.847851 0.969914
vt 0.366419 0.796464
vt 0.847851 0.970653
vt 0.612419 0.877261
vt 0.365680 0.801061
vt 0.366419 0.801061
vt 0.612419 0.881858
vt 0.699675 0.606609
vt 0.698936 0.606609
vt 0.613043 0.881858
vt 0.699675 0.602012
vt 0.848475 0.969914
vt 0.698936 0.602012
vt 0.848475 0.970653
vt 0.613043 0.877261
vt 0.798845 0.622919
vt 0.859622 0.969914
vt 0.799585 0.622919
vt 0.859622 0.970653
vt 0.314450 0.876313
vt 0.798845 0.627516
vt 0.799585 0.627516
vt 0.314450 0.880910
vt 0.700221 0.310673
vt 0.699481 0.310673
vt 0.315074 0.880910
vt 0.700221 0.306076
vt 0.860247 0.969914
vt 0.699481 0.306076
vt 0.860247 0.970653
vt 0.315074 0.876313
vt 0.796098 0.529983
vt 0.894937 0.958027
vt 0.796837 0.529983
vt 0.894937 0.958767
vt 0.451945 0.859439
vt 0.796098 0.534580
vt 0.796837 0.534580
vt 0.451945 0.864036
vt 0.700406 0.420701
vt 0.699666 0.420701
vt 0.452569 0.864036
vt 0.700406 0.416104
vt 0.895561 0.958027
vt 0.699666 0.416104
vt 0.895561 0.958767
vt 0.452569 0.859439
vt 0.796098 0.498495
vt 0.959169 0.258844
vt 0.796837 0.498495
vt 0.959169 0.259583
vt 0.865549 0.258844
vt 0.796098 0.503092
vt 0.796837 0.503092
vt 0.865549 0.263441
vt 0.701040 0.112998
vt 0.700301 0.112998
vt 0.866173 0.263441
vt 0.701040 0.108401
vt 0.959794 0.258844
vt 0.700301 0.108401
vt 0.959794 0.259583
vt 0.866173 0.258844
vt 0.451945 0.591517
vt 0.353072 0.522509
vt 0.451945 0.585411
vt 0.510453 0.355378
vt 0.457320 0.591517
vt 0.440798 0.378322
vt 0.347697 0.522509
vt 0.457320 0.585411
vt 0.434692 0.378322
vt 0.515828 0.355378
vt 0.440798 0.368872
vt 0.404100 0.585413
vt 0.347697 0.513059
vt 0.434692 0.368872
vt 0.404100 0.591519
vt 0.515828 0.345927
vt 0.398725 0.585413
vt 0.353072 0.513059
vt 0.398725 0.591519
vt 0.510453 0.345927
vt 0.511487 0.354656
vt 0.485668 0.659361
vt 0.897215 0.660147
vt 0.511487 0.348842
vt 0.485668 0.653548
vt 0.897122 0.689054
vt 0.514793 0.348842
vt 0.897122 0.685748
vt 0.653694 0.039496
vt 0.514793 0.354656
vt 0.653694 0.045310
vt 0.897215 0.656842
vt 0.466398 0.625439
vt 0.485762 0.659361
vt 0.897122 0.660147
vt 0.466398 0.619626
vt 0.485762 0.653548
vt 0.897215 0.689054
vt 0.469704 0.619626
vt 0.897215 0.685748
vt 0.653600 0.039496
vt 0.469704 0.625439
vt 0.653600 0.045310
vt 0.897122 0.656842
vt 0.701744 0.455859
vt 0.701005 0.455859
vt 0.866253 0.171378
vt 0.701744 0.451262
vt 0.959873 0.215806
vt 0.701005 0.451262
vt 0.959873 0.215067
vt 0.866253 0.175975
vt 0.960497 0.215806
vt 0.796098 0.467006
vt 0.960497 0.215067
vt 0.796837 0.467006
vt 0.866878 0.175975
vt 0.796098 0.471603
vt 0.796837 0.471603
vt 0.866878 0.171378
vt 0.990212 0.728161
vt 0.990212 0.728900
vt 0.916606 0.930034
vt 0.278999 0.981592
vt 0.278999 0.980853
vt 0.916606 0.931230
vt 0.279487 0.981592
vt 0.343800 0.921033
vt 0.279487 0.980853
vt 0.343061 0.921033
vt 0.917094 0.931230
vt 0.343800 0.919837
vt 0.990700 0.728161
vt 0.343061 0.919837
vt 0.990700 0.728900
vt 0.917094 0.930034
vt 0.796098 0.451262
vt 0.963671 0.940552
vt 0.796837 0.451262
vt 0.963671 0.941291
vt 0.866253 0.218611
vt 0.796098 0.455859
vt 0.796837 0.455859
vt 0.866253 0.223208
vt 0.331914 0.706598
vt 0.331174 0.706598
vt 0.866878 0.223208
vt 0.331914 0.702001
vt 0.964295 0.940552
vt 0.331174 0.702001
vt 0.964295 0.941291
vt 0.866878 0.218611
vt 0.795594 0.052806
vt 0.970941 0.306390
vt 0.796333 0.052806
vt 0.970941 0.307129
vt 0.219187 0.877530
vt 0.795594 0.057403
vt 0.796333 0.057403
vt 0.219187 0.882127
vt 0.402079 0.706596
vt 0.401340 0.706596
vt 0.219811 0.882127
vt 0.402079 0.701999
vt 0.971565 0.306390
vt 0.401340 0.701999
vt 0.971565 0.307129
vt 0.219811 0.877530
vt 0.795594 0.037062
vt 0.971117 0.139890
vt 0.796333 0.037062
vt 0.971117 0.140629
vt 0.562851 0.877841
vt 0.795594 0.041659
vt 0.796333 0.041659
vt 0.562851 0.882438
vt 0.425852 0.706596
vt 0.425113 0.706596
vt 0.563476 0.882438
vt 0.425852 0.701999
vt 0.971742 0.139890
vt 0.425113 0.701999
vt 0.971742 0.140629
vt 0.563476 0.877841
vt 0.795594 0.021318
vt 0.971126 0.392645
vt 0.796333 0.021318
vt 0.971126 0.393384
vt 0.885350 0.672586
vt 0.795594 0.025915
vt 0.796333 0.025915
vt 0.885350 0.677183
vt 0.500230 0.706594
vt 0.499491 0.706594
vt 0.885974 0.677183
vt 0.500230 0.701997
vt 0.971750 0.392645
vt 0.499491 0.701997
vt 0.971750 0.393384
vt 0.885974 0.672586
vt 0.253410 0.593863
vt 0.159651 0.463059
vt 0.253410 0.587758
vt 0.088186 0.463059
vt 0.258786 0.593863
vt 0.150921 0.421864
vt 0.154276 0.463059
vt 0.258786 0.587758
vt 0.144815 0.421864
vt 0.093561 0.463059
vt 0.150921 0.412413
vt 0.606022 0.537527
vt 0.154276 0.453609
vt 0.144815 0.412413
vt 0.606022 0.543632
vt 0.093561 0.453609
vt 0.600647 0.537527
vt 0.159651 0.453609
vt 0.600647 0.543632
vt 0.088186 0.453609
vt 0.089221 0.462337
vt 0.654104 0.542465
vt 0.901860 0.008879
vt 0.089221 0.456524
vt 0.654104 0.536651
vt 0.551080 0.896891
vt 0.092526 0.456524
vt 0.551080 0.893585
vt 0.365774 0.653550
vt 0.092526 0.462337
vt 0.365774 0.659363
vt 0.901860 0.005574
vt 0.617169 0.474037
vt 0.654198 0.542465
vt 0.901766 0.008879
vt 0.617169 0.468223
vt 0.654198 0.536651
vt 0.551173 0.896891
vt 0.620475 0.468223
vt 0.551173 0.893585
vt 0.365680 0.653550
vt 0.620475 0.474037
vt 0.365680 0.659363
vt 0.901766 0.005574
vt 0.708616 0.345671
vt 0.707876 0.345671
vt 0.866453 0.052806
vt 0.708616 0.341074
vt 0.966669 0.788790
vt 0.707876 0.341074
vt 0.966669 0.788050
vt 0.866453 0.057403
vt 0.967293 0.788790
vt 0.795594 0.005574
vt 0.967293 0.788050
vt 0.796333 0.005574
vt 0.867077 0.057403
vt 0.795594 0.010171
vt 0.796333 0.010171
vt 0.867077 0.052806
vt 0.916606 0.989923
vt 0.916606 0.990662
vt 0.923991 0.258843
vt 0.314450 0.981592
vt 0.314450 0.980853
vt 0.923991 0.260039
vt 0.314938 0.981592
vt 0.913547 0.206202
vt 0.314938 0.980853
vt 0.912807 0.206202
vt 0.924479 0.260039
vt 0.913547 0.205006
vt 0.917094 0.989923
vt 0.912807 0.205006
vt 0.917094 0.990662
vt 0.924479 0.258843
vt 0.795394 0.187122
vt 0.966669 0.680615
vt 0.796133 0.187122
vt 0.966669 0.681354
vt 0.873579 0.719819
vt 0.795394 0.191719
vt 0.796133 0.191719
vt 0.873579 0.724415
vt 0.696479 0.708671
vt 0.695740 0.708671
vt 0.874203 0.724415
vt 0.696479 0.704074
vt 0.967293 0.680615
vt 0.695740 0.704074
vt 0.967293 0.681354
vt 0.874203 0.719819
vt 0.795394 0.155634
vt 0.971646 0.092657
vt 0.796133 0.155634
vt 0.971646 0.093397
vt 0.885350 0.704074
vt 0.795394 0.160231
vt 0.796133 0.160231
vt 0.885350 0.708671
vt 0.030086 0.708941
vt 0.029347 0.708941
vt 0.885974 0.708671
vt 0.030086 0.704344
vt 0.972270 0.092657
vt 0.029347 0.704344
vt 0.972270 0.093397
vt 0.885974 0.704074
vt 0.795394 0.139890
vt 0.971646 0.104544
vt 0.796133 0.139890
vt 0.971646 0.105283
vt 0.885350 0.782796
vt 0.795394 0.144487
vt 0.796133 0.144487
vt 0.885350 0.787393
vt 0.077632 0.708941
vt 0.076893 0.708941
vt 0.885974 0.787393
vt 0.077632 0.704344
vt 0.972270 0.104544
vt 0.076893 0.704344
vt 0.972270 0.105283
vt 0.885974 0.782796
vt 0.795394 0.108401
vt 0.971648 0.076913
vt 0.796133 0.108401
vt 0.971648 0.077652
vt 0.885350 0.798540
vt 0.795394 0.112998
vt 0.796133 0.112998
vt 0.885350 0.803137
vt 0.125179 0.708941
vt 0.124439 0.708941
vt 0.885974 0.803137
vt 0.125179 0.704344
vt 0.972272 0.076913
vt 0.124439 0.704344
vt 0.972272 0.077652
vt 0.885974 0.798540
vt 0.005574 0.593863
vt 0.060516 0.463059
vt 0.005574 0.587758
vt 0.038619 0.463059
vt 0.010949 0.593863
vt 0.389039 0.419519
vt 0.055141 0.463059
vt 0.010949 0.587758
vt 0.382933 0.419519
vt 0.043994 0.463059
vt 0.389039 0.410069
vt 0.506887 0.585411
vt 0.055141 0.453609
vt 0.382933 0.410069
vt 0.506887 0.591517
vt 0.043994 0.453609
vt 0.501512 0.585411
vt 0.060516 0.453609
vt 0.501512 0.591517
vt 0.038619 0.453609
vt 0.039653 0.462337
vt 0.630098 0.281619
vt 0.230522 0.896580
vt 0.039653 0.456524
vt 0.630098 0.275805
vt 0.241669 0.896580
vt 0.042959 0.456524
vt 0.241669 0.893274
vt 0.551173 0.623499
vt 0.042959 0.462337
vt 0.551173 0.629313
vt 0.230522 0.893274
vt 0.602012 0.132686
vt 0.630192 0.281619
vt 0.230428 0.896580
vt 0.602012 0.126871
vt 0.630192 0.275805
vt 0.241763 0.896580
vt 0.605318 0.126871
vt 0.241763 0.893274
vt 0.551080 0.623499
vt 0.605318 0.132686
vt 0.551080 0.629313
vt 0.230428 0.893274
vt 0.563706 0.709251
vt 0.562966 0.709251
vt 0.831138 0.005574
vt 0.563706 0.704654
vt 0.290907 0.934046
vt 0.562966 0.704654
vt 0.290907 0.933306
vt 0.831138 0.010171
vt 0.291532 0.934046
vt 0.795394 0.076913
vt 0.291532 0.933306
vt 0.796133 0.076913
vt 0.831763 0.010171
vt 0.795394 0.081510
vt 0.796133 0.081510
vt 0.831763 0.005574
vt 0.963671 0.988098
vt 0.963671 0.988837
vt 0.230522 0.920070
vt 0.670460 0.982540
vt 0.670460 0.981800
vt 0.230522 0.921266
vt 0.670948 0.982540
vt 0.029441 0.908923
vt 0.670948 0.981800
vt 0.028701 0.908923
vt 0.231010 0.921266
vt 0.029441 0.907727
vt 0.964159 0.988098
vt 0.028701 0.907727
vt 0.964159 0.988837
vt 0.231010 0.920070
vt 0.794759 0.416104
vt 0.859622 0.958027
vt 0.795498 0.416104
vt 0.859622 0.958767
vt 0.866957 0.529983
vt 0.794759 0.420701
vt 0.795498 0.420701
vt 0.866957 0.534580
vt 0.712107 0.294929
vt 0.711368 0.294929
vt 0.867582 0.534580
vt 0.712107 0.290332
vt 0.860247 0.958027
vt 0.711368 0.290332
vt 0.860247 0.958767
vt 0.867582 0.529983
vt 0.794759 0.384616
vt 0.824307 0.958027
vt 0.795498 0.384616
vt 0.824307 0.958767
vt 0.869705 0.638664
vt 0.794759 0.389213
vt 0.795498 0.389213
vt 0.869705 0.643261
vt 0.712292 0.404957
vt 0.711553 0.404957
vt 0.870329 0.643261
vt 0.712292 0.400360
vt 0.824932 0.958027
vt 0.711553 0.400360
vt 0.824932 0.958767
vt 0.870329 0.638664
vt 0.794759 0.368871
vt 0.535151 0.932177
vt 0.795498 0.368871
vt 0.535151 0.932916
vt 0.830938 0.202867
vt 0.794759 0.373468
vt 0.795498 0.373468
vt 0.830938 0.207464
vt 0.712927 0.097254
vt 0.712188 0.097254
vt 0.831563 0.207464
vt 0.712927 0.092657
vt 0.535775 0.932177
vt 0.712188 0.092657
vt 0.535775 0.932916
vt 0.831563 0.202867
vt 0.794574 0.290332
vt 0.365680 0.932179
vt 0.795313 0.290332
vt 0.365680 0.932918
vt 0.830940 0.139890
vt 0.794574 0.294929
vt 0.795313 0.294929
vt 0.830940 0.144487
vt 0.712927 0.160231
vt 0.712188 0.160231
vt 0.831564 0.144487
vt 0.712927 0.155634
vt 0.366304 0.932179
vt 0.712188 0.155634
vt 0.366304 0.932918
vt 0.831564 0.139890
vt 0.154276 0.593863
vt 0.209218 0.463059
vt 0.154276 0.587758
vt 0.286455 0.463059
vt 0.159651 0.593863
vt 0.011679 0.421864
vt 0.203843 0.463059
vt 0.159651 0.587758
vt 0.005574 0.421864
vt 0.291831 0.463059
vt 0.011679 0.412413
vt 0.225741 0.587758
vt 0.203843 0.453609
vt 0.005574 0.412413
vt 0.225741 0.593863
vt 0.291831 0.453609
vt 0.220365 0.587758
vt 0.209218 0.453609
vt 0.220365 0.593863
vt 0.286455 0.453609
vt 0.287490 0.462337
vt 0.225612 0.627786
vt 0.185523 0.896580
vt 0.287490 0.456524
vt 0.225612 0.621971
vt 0.196670 0.896580
vt 0.290796 0.456524
vt 0.196670 0.893274
vt 0.315636 0.621971
vt 0.290796 0.462337
vt 0.315636 0.627786
vt 0.185523 0.893274
vt 0.602012 0.167192
vt 0.225705 0.627786
vt 0.185429 0.896580
vt 0.602012 0.161377
vt 0.225705 0.621971
vt 0.196764 0.896580
vt 0.605318 0.161377
vt 0.196764 0.893274
vt 0.315542 0.621971
vt 0.605318 0.167192
vt 0.315542 0.627786
vt 0.185429 0.893274
vt 0.713631 0.503092
vt 0.712892 0.503092
vt 0.873578 0.656842
vt 0.713631 0.498495
vt 0.574622 0.957236
vt 0.712892 0.498495
vt 0.574622 0.956497
vt 0.873578 0.661439
vt 0.575247 0.957236
vt 0.794028 0.602012
vt 0.575247 0.956497
vt 0.794768 0.602012
vt 0.874203 0.661439
vt 0.794028 0.606609
vt 0.794768 0.606609
vt 0.874203 0.656842
vt 0.987214 0.916778
vt 0.987214 0.917518
vt 0.218886 0.920070
vt 0.775179 0.982540
vt 0.775179 0.981800
vt 0.218886 0.921266
vt 0.775667 0.982540
vt 0.611982 0.439078
vt 0.775667 0.981800
vt 0.611243 0.439078
vt 0.219375 0.921266
vt 0.611982 0.437882
vt 0.987702 0.916778
vt 0.611243 0.437882
vt 0.987702 0.917518
vt 0.219375 0.920070
vt 0.794028 0.554780
vt 0.331174 0.932180
vt 0.794768 0.554780
vt 0.331174 0.932920
vt 0.830940 0.108401
vt 0.794028 0.559377
vt 0.794768 0.559377
vt 0.830940 0.112998
vt 0.720502 0.329927
vt 0.719763 0.329927
vt 0.831565 0.112998
vt 0.720502 0.325330
vt 0.331799 0.932180
vt 0.719763 0.325330
vt 0.331799 0.932920
vt 0.831565 0.108401
vt 0.790832 0.719819
vt 0.343060 0.932180
vt 0.791572 0.719819
vt 0.343060 0.932920
vt 0.830940 0.092657
vt 0.790832 0.724416
vt 0.791572 0.724416
vt 0.830940 0.097254
vt 0.378306 0.722340
vt 0.377567 0.722340
vt 0.831565 0.097254
vt 0.378306 0.717743
vt 0.343685 0.932180
vt 0.377567 0.717743
vt 0.343685 0.932920
vt 0.831565 0.092657
vt 0.790832 0.672586
vt 0.389453 0.932179
vt 0.791572 0.672586
vt 0.389453 0.932918
vt 0.830940 0.076913
vt 0.790832 0.677183
vt 0.791572 0.677183
vt 0.830940 0.081510
vt 0.452684 0.722338
vt 0.451945 0.722338
vt 0.831565 0.081510
vt 0.452684 0.717741
vt 0.390078 0.932179
vt 0.451945 0.717741
vt 0.390078 0.932918
vt 0.831565 0.076913
vt 0.574853 0.783376
vt 0.401340 0.932179
vt 0.575592 0.783376
vt 0.401340 0.932918
vt 0.830419 0.431848
vt 0.574853 0.787973
vt 0.575592 0.787973
vt 0.830419 0.436445
vt 0.476457 0.722338
vt 0.475718 0.722338
vt 0.831043 0.436445
vt 0.476457 0.717741
vt 0.401964 0.932179
vt 0.475718 0.717741
vt 0.401964 0.932918
vt 0.831043 0.431848
vt 0.568967 0.116016
vt 0.387578 0.460714
vt 0.568967 0.109910
vt 0.453510 0.076818
vt 0.574343 0.116016
vt 0.407657 0.102108
vt 0.382203 0.460714
vt 0.574343 0.109910
vt 0.401551 0.102108
vt 0.458885 0.076818
vt 0.407657 0.092657
vt 0.539932 0.568158
vt 0.382203 0.451263
vt 0.401551 0.092657
vt 0.539932 0.574264
vt 0.458885 0.067367
vt 0.534557 0.568158
vt 0.387578 0.451263
vt 0.534557 0.574264
vt 0.453510 0.067367
vt 0.454545 0.076096
vt 0.146925 0.627786
vt 0.016908 0.896580
vt 0.454545 0.070282
vt 0.146925 0.621971
vt 0.669154 0.910764
vt 0.457851 0.070282
vt 0.669154 0.907458
vt 0.538757 0.619625
vt 0.457851 0.076096
vt 0.538757 0.625440
vt 0.016908 0.893274
vt 0.601192 0.281619
vt 0.147019 0.627786
vt 0.016815 0.896580
vt 0.601192 0.275805
vt 0.147019 0.621971
vt 0.669248 0.910764
vt 0.604498 0.275805
vt 0.669248 0.907458
vt 0.538663 0.619625
vt 0.604498 0.281619
vt 0.538663 0.625440
vt 0.016815 0.893274
vt 0.291876 0.723468
vt 0.291137 0.723468
vt 0.873578 0.704074
vt 0.291876 0.718871
vt 0.123334 0.956926
vt 0.291137 0.718871
vt 0.123334 0.956186
vt 0.873578 0.708671
vt 0.123959 0.956926
vt 0.314910 0.718871
vt 0.123959 0.956186
vt 0.315649 0.718871
vt 0.874203 0.708671
vt 0.314910 0.723468
vt 0.315649 0.723468
vt 0.874203 0.704074
vt 0.170587 0.991846
vt 0.170587 0.992585
vt 0.159454 0.920070
vt 0.158951 0.992585
vt 0.158951 0.991846
vt 0.159454 0.921266
vt 0.159439 0.992585
vt 0.065100 0.908923
vt 0.159439 0.991846
vt 0.064361 0.908923
vt 0.159942 0.921266
vt 0.065100 0.907727
vt 0.171075 0.991846
vt 0.064361 0.907727
vt 0.171075 0.992585
vt 0.159942 0.920070
vt 0.723439 0.384616
vt 0.487490 0.932177
vt 0.724179 0.384616
vt 0.487490 0.932916
vt 0.830419 0.384616
vt 0.723439 0.389213
vt 0.724179 0.389213
vt 0.830419 0.389213
vt 0.724179 0.404957
vt 0.723439 0.404957
vt 0.831043 0.389213
vt 0.724179 0.400360
vt 0.488114 0.932177
vt 0.723439 0.400360
vt 0.488114 0.932916
vt 0.831043 0.384616
vt 0.600647 0.719819
vt 0.960048 0.537206
vt 0.601386 0.719819
vt 0.960048 0.537945
vt 0.865733 0.400360
vt 0.600647 0.724416
vt 0.601386 0.724416
vt 0.865733 0.404957
vt 0.613273 0.724416
vt 0.612534 0.724416
vt 0.866358 0.404957
vt 0.613273 0.719819
vt 0.960672 0.537206
vt 0.612534 0.719819
vt 0.960672 0.537945
vt 0.866358 0.400360
vt 0.648193 0.719819
vt 0.511377 0.932177
vt 0.648933 0.719819
vt 0.511377 0.932916
vt 0.830234 0.306076
vt 0.648193 0.724416
vt 0.648933 0.724416
vt 0.830234 0.310673
vt 0.660819 0.724416
vt 0.660080 0.724416
vt 0.830858 0.310673
vt 0.660819 0.719819
vt 0.512002 0.932177
vt 0.660080 0.719819
vt 0.512002 0.932916
vt 0.830858 0.306076
vt 0.695740 0.719819
vt 0.523264 0.932177
vt 0.696479 0.719819
vt 0.523264 0.932916
vt 0.830234 0.274588
vt 0.695740 0.724416
vt 0.696479 0.724416
vt 0.830234 0.279185
vt 0.708365 0.724416
vt 0.707626 0.724416
vt 0.830858 0.279185
vt 0.708365 0.719819
vt 0.523889 0.932177
vt 0.707626 0.719819
vt 0.523889 0.932916
vt 0.830858 0.274588
vt 0.415248 0.574266
vt 0.275308 0.463059
vt 0.415248 0.568160
vt 0.460885 0.334780
vt 0.420623 0.574266
vt 0.407857 0.076818
vt 0.269933 0.463059
vt 0.420623 0.568160
vt 0.401751 0.076818
vt 0.466261 0.334780
vt 0.407857 0.067367
vt 0.523410 0.568158
vt 0.269933 0.453608
vt 0.401751 0.067367
vt 0.523410 0.574264
vt 0.466261 0.325329
vt 0.518035 0.568158
vt 0.275308 0.453608
vt 0.518035 0.574264
vt 0.460885 0.325329
vt 0.461920 0.334058
vt 0.293060 0.627786
vt 0.106836 0.896580
vt 0.461920 0.328245
vt 0.293060 0.621972
vt 0.611888 0.910764
vt 0.465226 0.328245
vt 0.611888 0.907458
vt 0.304395 0.621972
vt 0.465226 0.334058
vt 0.304395 0.627786
vt 0.106836 0.893274
vt 0.602012 0.218950
vt 0.293154 0.627786
vt 0.106743 0.896580
vt 0.602012 0.213136
vt 0.293154 0.621972
vt 0.611982 0.910764
vt 0.605318 0.213136
vt 0.611982 0.907458
vt 0.304301 0.621972
vt 0.605318 0.218950
vt 0.304301 0.627786
vt 0.106743 0.893274
vt 0.137065 0.724685
vt 0.136326 0.724685
vt 0.830234 0.258844
vt 0.137065 0.720088
vt 0.028701 0.933154
vt 0.136326 0.720088
vt 0.028701 0.932415
vt 0.830234 0.263441
vt 0.029325 0.933154
vt 0.160099 0.720088
vt 0.029325 0.932415
vt 0.160838 0.720088
vt 0.830858 0.263441
vt 0.160099 0.724685
vt 0.160838 0.724685
vt 0.830858 0.258844
vt 0.194402 0.991846
vt 0.194402 0.992585
vt 0.924694 0.217348
vt 0.182767 0.992585
vt 0.182767 0.991846
vt 0.924694 0.218544
vt 0.183255 0.992585
vt 0.920343 0.719752
vt 0.183255 0.991846
vt 0.919604 0.719752
vt 0.925182 0.218544
vt 0.920343 0.718556
vt 0.194890 0.991846
vt 0.919604 0.718556
vt 0.194890 0.992585
vt 0.925182 0.217348
vt 0.231419 0.720088
vt 0.523149 0.955950
vt 0.232158 0.720088
vt 0.523149 0.956689
vt 0.873578 0.735563
vt 0.231419 0.724685
vt 0.232158 0.724685
vt 0.873578 0.740160
vt 0.244044 0.724685
vt 0.243305 0.724685
vt 0.874203 0.740160
vt 0.244044 0.720088
vt 0.523774 0.955950
vt 0.243305 0.720088
vt 0.523774 0.956689
vt 0.874203 0.735563
vt 0.724074 0.092657
vt 0.040587 0.932415
vt 0.724814 0.092657
vt 0.040587 0.933154
vt 0.829688 0.586268
vt 0.724074 0.097254
vt 0.724814 0.097254
vt 0.829688 0.590865
vt 0.724814 0.112998
vt 0.724074 0.112998
vt 0.830313 0.590865
vt 0.724814 0.108401
vt 0.041212 0.932415
vt 0.724074 0.108401
vt 0.041212 0.933154
vt 0.830313 0.586268
vt 0.724074 0.155634
vt 0.076247 0.932413
vt 0.724814 0.155634
vt 0.076247 0.933153
vt 0.829688 0.554780
vt 0.724074 0.160231
vt 0.724814 0.160231
vt 0.829688 0.559377
vt 0.724814 0.175975
vt 0.724074 0.175975
vt 0.830313 0.559377
vt 0.724814 0.171378
vt 0.076872 0.932413
vt 0.724074 0.171378
vt 0.076872 0.933153
vt 0.830313 0.554780
vt 0.724074 0.218611
vt 0.052474 0.932415
vt 0.724814 0.218611
vt 0.052474 0.933154
vt 0.826491 0.798540
vt 0.724074 0.223208
vt 0.724814 0.223208
vt 0.826491 0.803137
vt 0.725013 0.010171
vt 0.724274 0.010171
vt 0.827116 0.803137
vt 0.725013 0.005574
vt 0.053099 0.932415
vt 0.724274 0.005574
vt 0.053099 0.933154
vt 0.827116 0.798540
vt 0.568967 0.133269
vt 0.126606 0.504254
vt 0.568967 0.127163
vt 0.005574 0.504254
vt 0.574343 0.133269
vt 0.063438 0.442461
vt 0.121231 0.504254
vt 0.574343 0.127163
vt 0.057332 0.442461
vt 0.010949 0.504254
vt 0.063438 0.433011
vt 0.574343 0.144416
vt 0.121231 0.494804
vt 0.057332 0.433011
vt 0.574343 0.150522
vt 0.010949 0.494804
vt 0.568967 0.144416
vt 0.126606 0.494804
vt 0.568967 0.150522
vt 0.005574 0.494804
vt 0.006608 0.503532
vt 0.634370 0.645694
vt 0.151800 0.896580
vt 0.006608 0.497719
vt 0.634370 0.639881
vt 0.600647 0.910764
vt 0.009914 0.497719
vt 0.600647 0.907458
vt 0.649828 0.342291
vt 0.009914 0.503532
vt 0.649828 0.348104
vt 0.151800 0.893274
vt 0.615831 0.408899
vt 0.634464 0.645694
vt 0.151706 0.896580
vt 0.615831 0.403086
vt 0.634464 0.639881
vt 0.600741 0.910764
vt 0.619136 0.403086
vt 0.600741 0.907458
vt 0.649734 0.342291
vt 0.619136 0.408899
vt 0.649734 0.348104
vt 0.151706 0.893274
vt 0.725518 0.518836
vt 0.724778 0.518836
vt 0.365681 0.875185
vt 0.725518 0.514239
vt 0.967055 0.349842
vt 0.724778 0.514239
vt 0.967055 0.349103
vt 0.365681 0.879782
vt 0.967680 0.349842
vt 0.727526 0.622919
vt 0.967680 0.349103
vt 0.728265 0.622919
vt 0.366305 0.879782
vt 0.727526 0.627516
vt 0.728265 0.627516
vt 0.366305 0.875185
vt 0.217924 0.991846
vt 0.217924 0.992585
vt 0.924694 0.155634
vt 0.206289 0.992585
vt 0.206289 0.991846
vt 0.924694 0.156829
vt 0.206777 0.992585
vt 0.913722 0.514172
vt 0.206777 0.991846
vt 0.912983 0.514172
vt 0.925182 0.156829
vt 0.913722 0.512977
vt 0.218412 0.991846
vt 0.912983 0.512977
vt 0.218412 0.992585
vt 0.925182 0.155634
vt 0.731399 0.719819
vt 0.975442 0.940552
vt 0.732139 0.719819
vt 0.975442 0.941291
vt 0.878729 0.529983
vt 0.731399 0.724416
vt 0.732139 0.724416
vt 0.878729 0.534580
vt 0.732389 0.329927
vt 0.731649 0.329927
vt 0.879354 0.534580
vt 0.732389 0.325330
vt 0.976067 0.940552
vt 0.731649 0.325330
vt 0.976067 0.941291
vt 0.879354 0.529983
vt 0.734595 0.570524
vt 0.331174 0.955953
vt 0.735335 0.570524
vt 0.331174 0.956693
vt 0.873578 0.767051
vt 0.734595 0.575121
vt 0.735335 0.575121
vt 0.873578 0.771648
vt 0.735335 0.590865
vt 0.734595 0.590865
vt 0.874202 0.771648
vt 0.735335 0.586268
vt 0.331798 0.955953
vt 0.734595 0.586268
vt 0.331798 0.956693
vt 0.874202 0.767051
vt 0.735141 0.274588
vt 0.788992 0.934254
vt 0.735880 0.274588
vt 0.788992 0.934993
vt 0.279250 0.829081
vt 0.735141 0.279185
vt 0.735880 0.279185
vt 0.279250 0.833677
vt 0.735880 0.294929
vt 0.735141 0.294929
vt 0.279875 0.833677
vt 0.735880 0.290332
vt 0.789617 0.934254
vt 0.735141 0.290332
vt 0.789617 0.934993
vt 0.279875 0.829081
vt 0.735326 0.384616
vt 0.365680 0.955952
vt 0.736065 0.384616
vt 0.365680 0.956691
vt 0.873578 0.782796
vt 0.735326 0.389213
vt 0.736065 0.389213
vt 0.873578 0.787392
vt 0.736065 0.404957
vt 0.735326 0.404957
vt 0.874203 0.787392
vt 0.736065 0.400360
vt 0.366304 0.955952
vt 0.735326 0.400360
vt 0.366304 0.956691
vt 0.874203 0.782796
vt 0.569167 0.028932
vt 0.524975 0.076817
vt 0.569167 0.022827
vt 0.526975 0.355378
vt 0.574542 0.028932
vt 0.458051 0.398920
vt 0.519600 0.076817
vt 0.574542 0.022827
vt 0.451945 0.398920
vt 0.532350 0.355378
vt 0.458051 0.389469
vt 0.574542 0.040080
vt 0.519600 0.067367
vt 0.451945 0.389469
vt 0.574542 0.046185
vt 0.532350 0.345927
vt 0.569167 0.040080
vt 0.524975 0.067367
vt 0.569167 0.046185
vt 0.526975 0.345927
vt 0.528010 0.354656
vt 0.222400 0.661708
vt 0.770417 0.896311
vt 0.528010 0.348842
vt 0.222400 0.655894
vt 0.485668 0.908687
vt 0.531316 0.348842
vt 0.485668 0.905381
vt 0.211252 0.655894
vt 0.531316 0.354656
vt 0.211252 0.661708
vt 0.770417 0.893005
vt 0.092292 0.627786
vt 0.222493 0.661708
vt 0.770323 0.896311
vt 0.092292 0.621972
vt 0.222493 0.655894
vt 0.485762 0.908687
vt 0.095598 0.621972
vt 0.485762 0.905381
vt 0.211159 0.655894
vt 0.095598 0.627786
vt 0.211159 0.661708
vt 0.770323 0.893005
vt 0.736900 0.010171
vt 0.736161 0.010171
vt 0.342946 0.875187
vt 0.736900 0.005574
vt 0.975442 0.965064
vt 0.736161 0.005574
vt 0.975442 0.964325
vt 0.342946 0.879784
vt 0.976067 0.965064
vt 0.736161 0.037062
vt 0.976067 0.964325
vt 0.736900 0.037062
vt 0.343570 0.879784
vt 0.736161 0.041659
vt 0.736900 0.041659
vt 0.343570 0.875187
vt 0.241604 0.991846
vt 0.241604 0.992585
vt 0.923991 0.308216
vt 0.229968 0.992585
vt 0.229968 0.991846
vt 0.923991 0.309411
vt 0.230456 0.992585
vt 0.920343 0.670380
vt 0.230456 0.991846
vt 0.919604 0.670380
vt 0.924479 0.309411
vt 0.920343 0.669185
vt 0.242092 0.991846
vt 0.919604 0.669185
vt 0.242092 0.992585
vt 0.924479 0.308216
vt 0.736665 0.498495
vt 0.916606 0.978037
vt 0.737404 0.498495
vt 0.916606 0.978776
vt 0.413112 0.875185
vt 0.736665 0.503092
vt 0.737404 0.503092
vt 0.413112 0.879782
vt 0.737404 0.518836
vt 0.736665 0.518836
vt 0.413736 0.879782
vt 0.737404 0.514239
vt 0.917230 0.978037
vt 0.736665 0.514239
vt 0.917230 0.978776
vt 0.413736 0.875185
vt 0.331174 0.733489
vt 0.064361 0.956186
vt 0.331914 0.733489
vt 0.064361 0.956926
vt 0.314450 0.860569
vt 0.331174 0.738086
vt 0.331914 0.738086
vt 0.314450 0.865166
vt 0.378306 0.738084
vt 0.377567 0.738084
vt 0.315074 0.865166
vt 0.378306 0.733487
vt 0.064985 0.956186
vt 0.377567 0.733487
vt 0.064985 0.956926
vt 0.315074 0.860569
vt 0.401340 0.733487
vt 0.076133 0.956186
vt 0.402079 0.733487
vt 0.076133 0.956926
vt 0.499491 0.859439
vt 0.401340 0.738084
vt 0.402079 0.738084
vt 0.499491 0.864036
vt 0.452684 0.738083
vt 0.451945 0.738083
vt 0.500115 0.864036
vt 0.452684 0.733486
vt 0.076757 0.956186
vt 0.451945 0.733486
vt 0.076757 0.956926
vt 0.500115 0.859439
vt 0.425113 0.733487
vt 0.087904 0.956186
vt 0.425852 0.733487
vt 0.087904 0.956926
vt 0.487490 0.859439
vt 0.425113 0.738084
vt 0.425852 0.738084
vt 0.487490 0.864036
vt 0.476457 0.738083
vt 0.475718 0.738083
vt 0.488114 0.864036
vt 0.476457 0.733486
vt 0.088529 0.956186
vt 0.475718 0.733486
vt 0.088529 0.956926
vt 0.488114 0.859439
vt 0.569167 0.063438
vt 0.258786 0.524852
vt 0.569167 0.057332
vt 0.220366 0.524852
vt 0.574542 0.063438
vt 0.458051 0.419517
vt 0.253410 0.524852
vt 0.574542 0.057332
vt 0.451945 0.419517
vt 0.225741 0.524852
vt 0.458051 0.410067
vt 0.027471 0.570505
vt 0.253410 0.515401
vt 0.451945 0.410067
vt 0.027471 0.576611
vt 0.225741 0.515401
vt 0.022096 0.570505
vt 0.258786 0.515401
vt 0.022096 0.576611
vt 0.220366 0.515401
vt 0.221400 0.524130
vt 0.244882 0.644747
vt 0.163041 0.896580
vt 0.221400 0.518316
vt 0.244882 0.638933
vt 0.433126 0.908688
vt 0.224706 0.518316
vt 0.433126 0.905383
vt 0.233734 0.638933
vt 0.224706 0.524130
vt 0.233734 0.644747
vt 0.163041 0.893274
vt 0.495304 0.625439
vt 0.244975 0.644747
vt 0.162947 0.896580
vt 0.495304 0.619626
vt 0.244975 0.638933
vt 0.433220 0.908688
vt 0.498610 0.619626
vt 0.433220 0.905383
vt 0.233641 0.638933
vt 0.498610 0.625439
vt 0.233641 0.644747
vt 0.162947 0.893274
vt 0.740152 0.643261
vt 0.739412 0.643261
vt 0.463717 0.875184
vt 0.740152 0.638664
vt 0.978441 0.657581
vt 0.739412 0.638664
vt 0.978441 0.656842
vt 0.463717 0.879781
vt 0.979065 0.657581
vt 0.612534 0.735563
vt 0.979065 0.656842
vt 0.613273 0.735563
vt 0.464341 0.879781
vt 0.612534 0.740160
vt 0.613273 0.740160
vt 0.464341 0.875184
vt 0.551080 0.992157
vt 0.551080 0.992896
vt 0.924869 0.500634
vt 0.253720 0.992585
vt 0.253720 0.991846
vt 0.924869 0.501829
vt 0.254208 0.992585
vt 0.913547 0.156829
vt 0.254208 0.991846
vt 0.912807 0.156829
vt 0.925357 0.501829
vt 0.913547 0.155634
vt 0.551568 0.992157
vt 0.912807 0.155634
vt 0.551568 0.992896
vt 0.925357 0.500634
vt 0.683853 0.735563
vt 0.975442 0.952438
vt 0.684592 0.735563
vt 0.975442 0.953177
vt 0.436655 0.875185
vt 0.683853 0.740160
vt 0.684592 0.740160
vt 0.436655 0.879782
vt 0.696479 0.740160
vt 0.695740 0.740160
vt 0.437279 0.879782
vt 0.696479 0.735563
vt 0.976067 0.952438
vt 0.695740 0.735563
vt 0.976067 0.953177
vt 0.437279 0.875185
vt 0.731399 0.735563
vt 0.975443 0.928665
vt 0.732139 0.735563
vt 0.975443 0.929404
vt 0.279135 0.876313
vt 0.731399 0.740160
vt 0.732139 0.740160
vt 0.279135 0.880910
vt 0.006313 0.740429
vt 0.005574 0.740429
vt 0.279759 0.880910
vt 0.006313 0.735832
vt 0.976067 0.928665
vt 0.005574 0.735832
vt 0.976067 0.929404
vt 0.279759 0.876313
vt 0.041233 0.735832
vt 0.635962 0.958027
vt 0.041973 0.735832
vt 0.635962 0.958767
vt 0.413112 0.859441
vt 0.041233 0.740429
vt 0.041973 0.740429
vt 0.413112 0.864038
vt 0.053859 0.740429
vt 0.053120 0.740429
vt 0.413736 0.864038
vt 0.053859 0.735832
vt 0.636586 0.958027
vt 0.053120 0.735832
vt 0.636586 0.958767
vt 0.413736 0.859441
vt 0.088780 0.735832
vt 0.659505 0.958027
vt 0.089519 0.735832
vt 0.659505 0.958767
vt 0.342946 0.859443
vt 0.088780 0.740429
vt 0.089519 0.740429
vt 0.342946 0.864040
vt 0.101406 0.740429
vt 0.100666 0.740429
vt 0.343570 0.864040
vt 0.101406 0.735832
vt 0.660130 0.958027
vt 0.100666 0.735832
vt 0.660130 0.958767
vt 0.343570 0.859443
vt 0.137753 0.576611
vt 0.540663 0.419517
vt 0.137753 0.570505
vt 0.534557 0.501908
vt 0.143128 0.576611
vt 0.458050 0.378322
vt 0.535288 0.419517
vt 0.143128 0.570505
vt 0.451945 0.378322
vt 0.539932 0.501908
vt 0.458050 0.368871
vt 0.159651 0.570505
vt 0.535288 0.410067
vt 0.451945 0.368871
vt 0.159651 0.576611
vt 0.539932 0.492457
vt 0.154276 0.570505
vt 0.540663 0.410067
vt 0.154276 0.576611
vt 0.534557 0.492457
vt 0.535592 0.501186
vt 0.656852 0.628733
vt 0.485762 0.894234
vt 0.535592 0.495372
vt 0.656852 0.622920
vt 0.354187 0.908690
vt 0.538898 0.495372
vt 0.354187 0.905384
vt 0.433220 0.653549
vt 0.538898 0.501186
vt 0.433220 0.659363
vt 0.485762 0.890928
vt 0.616376 0.244060
vt 0.656946 0.628733
vt 0.485668 0.894234
vt 0.616376 0.238246
vt 0.656946 0.622920
vt 0.354281 0.908690
vt 0.619682 0.238246
vt 0.354281 0.905384
vt 0.433126 0.653549
vt 0.619682 0.244060
vt 0.433126 0.659363
vt 0.485668 0.890928
vt 0.255931 0.740429
vt 0.255192 0.740429
vt 0.302679 0.876313
vt 0.255931 0.735832
vt 0.971819 0.488117
vt 0.255192 0.735832
vt 0.971819 0.487378
vt 0.302679 0.880910
vt 0.972444 0.488117
vt 0.562966 0.736143
vt 0.972444 0.487378
vt 0.563706 0.736143
vt 0.303303 0.880910
vt 0.562966 0.740740
vt 0.563706 0.740740
vt 0.303303 0.876313
vt 0.290634 0.992739
vt 0.290634 0.993479
vt 0.924176 0.405900
vt 0.278999 0.993479
vt 0.278999 0.992739
vt 0.924176 0.407096
vt 0.279487 0.993479
vt 0.920343 0.682723
vt 0.279487 0.992739
vt 0.919604 0.682723
vt 0.924664 0.407096
vt 0.920343 0.681528
vt 0.291123 0.992739
vt 0.919604 0.681528
vt 0.291123 0.993479
vt 0.924664 0.405900
vt 0.743286 0.704074
vt 0.971559 0.238246
vt 0.744025 0.704074
vt 0.971559 0.238985
vt 0.600647 0.877261
vt 0.743286 0.708671
vt 0.744025 0.708671
vt 0.600647 0.881858
vt 0.744025 0.724416
vt 0.743286 0.724416
vt 0.601271 0.881858
vt 0.744025 0.719819
vt 0.972183 0.238246
vt 0.743286 0.719819
vt 0.972183 0.238985
vt 0.601271 0.877261
vt 0.743536 0.341074
vt 0.730135 0.958027
vt 0.744275 0.341074
vt 0.730135 0.958767
vt 0.861807 0.782796
vt 0.743536 0.345671
vt 0.744275 0.345671
vt 0.861807 0.787392
vt 0.747221 0.559377
vt 0.746482 0.559377
vt 0.862431 0.787392
vt 0.747221 0.554780
vt 0.730759 0.958027
vt 0.746482 0.554780
vt 0.730759 0.958767
vt 0.862431 0.782796
vt 0.746482 0.602012
vt 0.753678 0.958027
vt 0.747221 0.602012
vt 0.753678 0.958767
vt 0.861807 0.830028
vt 0.746482 0.606609
vt 0.747221 0.606609
vt 0.861807 0.834625
vt 0.747767 0.263441
vt 0.747027 0.263441
vt 0.862431 0.834625
vt 0.747767 0.258844
vt 0.754302 0.958027
vt 0.747027 0.258844
vt 0.754302 0.958767
vt 0.862431 0.830028
vt 0.747028 0.306076
vt 0.788993 0.958027
vt 0.747767 0.306076
vt 0.788993 0.958767
vt 0.861807 0.845773
vt 0.747028 0.310673
vt 0.747767 0.310673
vt 0.861807 0.850369
vt 0.747952 0.373468
vt 0.747212 0.373468
vt 0.862431 0.850369
vt 0.747952 0.368871
vt 0.789617 0.958027
vt 0.747212 0.368871
vt 0.789617 0.958767
vt 0.862431 0.845773
vt 0.236888 0.576611
vt 0.475408 0.056219
vt 0.236888 0.570505
vt 0.382203 0.481312
vt 0.242263 0.576611
vt 0.425110 0.056219
vt 0.470033 0.056219
vt 0.242263 0.570505
vt 0.419004 0.056219
vt 0.387578 0.481312
vt 0.425110 0.046769
vt 0.258786 0.570505
vt 0.470033 0.046769
vt 0.419004 0.046769
vt 0.258786 0.576611
vt 0.387578 0.471861
vt 0.253410 0.570505
vt 0.475408 0.046769
vt 0.253410 0.576611
vt 0.382203 0.471861
vt 0.383237 0.480590
vt 0.630918 0.183568
vt 0.410738 0.894235
vt 0.383237 0.474776
vt 0.630918 0.177754
vt 0.376921 0.908688
vt 0.386543 0.474776
vt 0.376921 0.905383
vt 0.631012 0.092657
vt 0.386543 0.480590
vt 0.631012 0.098471
vt 0.410738 0.890930
vt 0.365680 0.608480
vt 0.631012 0.183568
vt 0.410644 0.894235
vt 0.365680 0.602666
vt 0.631012 0.177754
vt 0.377015 0.908688
vt 0.368986 0.602666
vt 0.377015 0.905383
vt 0.630918 0.092657
vt 0.368986 0.608480
vt 0.630918 0.098471
vt 0.410644 0.890930
vt 0.748587 0.207464
vt 0.747847 0.207464
vt 0.778945 0.830028
vt 0.748587 0.202867
vt 0.718363 0.946880
vt 0.747847 0.202867
vt 0.718363 0.946141
vt 0.778945 0.834625
vt 0.718987 0.946880
vt 0.748047 0.005574
vt 0.718987 0.946141
vt 0.748787 0.005574
vt 0.779570 0.834625
vt 0.748047 0.010171
vt 0.748787 0.010171
vt 0.779570 0.830028
vt 0.314450 0.992739
vt 0.314450 0.993479
vt 0.313905 0.920964
vt 0.302270 0.993479
vt 0.302270 0.992739
vt 0.313905 0.922159
vt 0.302758 0.993479
vt 0.219892 0.908923
vt 0.302758 0.992739
vt 0.219152 0.908923
vt 0.314393 0.922159
vt 0.219892 0.907727
vt 0.314938 0.992739
vt 0.219152 0.907727
vt 0.314938 0.993479
vt 0.314393 0.920964
vt 0.748551 0.482750
vt 0.935811 0.380758
vt 0.749291 0.482750
vt 0.935811 0.381497
vt 0.802719 0.830028
vt 0.748551 0.487347
vt 0.749291 0.487347
vt 0.802719 0.834625
vt 0.749291 0.503092
vt 0.748552 0.503092
vt 0.803343 0.834625
vt 0.749291 0.498495
vt 0.936435 0.380758
vt 0.748552 0.498495
vt 0.936435 0.381497
vt 0.803343 0.830028
vt 0.751299 0.622919
vt 0.935811 0.393557
vt 0.752038 0.622919
vt 0.935811 0.394297
vt 0.814605 0.830028
vt 0.751299 0.627516
vt 0.752038 0.627516
vt 0.814605 0.834625
vt 0.752038 0.643261
vt 0.751299 0.643261
vt 0.815230 0.834625
vt 0.752038 0.638664
vt 0.936435 0.393557
vt 0.751299 0.638664
vt 0.936435 0.394297
vt 0.815230 0.830028
vt 0.377567 0.749232
vt 0.935812 0.405900
vt 0.378306 0.749232
vt 0.935812 0.406639
vt 0.826492 0.830028
vt 0.377567 0.753829
vt 0.378306 0.753829
vt 0.826492 0.834625
vt 0.343800 0.753830
vt 0.343061 0.753830
vt 0.827116 0.834625
vt 0.343800 0.749233
vt 0.936436 0.405900
vt 0.343061 0.749233
vt 0.936436 0.406639
vt 0.827116 0.830028
vt 0.451945 0.749230
vt 0.936243 0.238246
vt 0.452684 0.749230
vt 0.936243 0.238985
vt 0.029347 0.830297
vt 0.451945 0.753827
vt 0.452684 0.753827
vt 0.029347 0.834894
vt 0.413966 0.753829
vt 0.413226 0.753829
vt 0.029971 0.834894
vt 0.413966 0.749232
vt 0.936868 0.238246
vt 0.413226 0.749232
vt 0.936868 0.238985
vt 0.029971 0.830297
vt 0.302978 0.576611
vt 0.491641 0.247696
vt 0.302978 0.570505
vt 0.486355 0.143303
vt 0.308353 0.576611
vt 0.440798 0.419517
vt 0.486266 0.247696
vt 0.308353 0.570505
vt 0.434692 0.419517
vt 0.491730 0.143303
vt 0.440798 0.410067
vt 0.556455 0.572033
vt 0.486266 0.238246
vt 0.434692 0.410067
vt 0.556455 0.578138
vt 0.491730 0.133852
vt 0.551080 0.572033
vt 0.491641 0.238246
vt 0.551080 0.578138
vt 0.486355 0.133852
vt 0.487390 0.142581
vt 0.642159 0.098471
vt 0.267457 0.895363
vt 0.487390 0.136767
vt 0.642159 0.092657
vt 0.908363 0.862490
vt 0.490696 0.136767
vt 0.908363 0.859184
vt 0.642253 0.143832
vt 0.490696 0.142581
vt 0.642253 0.149646
vt 0.267457 0.892057
vt 0.020027 0.610825
vt 0.642253 0.098471
vt 0.267364 0.895363
vt 0.020027 0.605011
vt 0.642253 0.092657
vt 0.908456 0.862490
vt 0.023332 0.605011
vt 0.908456 0.859184
vt 0.642159 0.143832
vt 0.023332 0.610825
vt 0.642159 0.149646
vt 0.267364 0.892057
vt 0.303763 0.754956
vt 0.303023 0.754956
vt 0.041233 0.830297
vt 0.303763 0.750359
vt 0.936329 0.203920
vt 0.303023 0.750359
vt 0.936329 0.203180
vt 0.041233 0.834894
vt 0.936954 0.203920
vt 0.600647 0.751307
vt 0.936954 0.203180
vt 0.601386 0.751307
vt 0.041858 0.834894
vt 0.600647 0.755904
vt 0.601386 0.755904
vt 0.041858 0.830297
vt 0.612282 0.993687
vt 0.612282 0.994426
vt 0.693730 0.921911
vt 0.993803 0.603065
vt 0.993803 0.602326
vt 0.693730 0.923107
vt 0.994291 0.603065
vt 0.912298 0.555975
vt 0.994291 0.602326
vt 0.911559 0.555975
vt 0.694219 0.923107
vt 0.912298 0.554780
vt 0.612771 0.993687
vt 0.911559 0.554780
vt 0.612771 0.994426
vt 0.694219 0.921911
vt 0.671966 0.751307
vt 0.936505 0.537662
vt 0.672706 0.751307
vt 0.936505 0.538401
vt 0.088665 0.830297
vt 0.671966 0.755904
vt 0.672706 0.755904
vt 0.088665 0.834894
vt 0.684592 0.755904
vt 0.683853 0.755904
vt 0.089289 0.834894
vt 0.684592 0.751307
vt 0.937129 0.537662
vt 0.683853 0.751307
vt 0.937129 0.538401
vt 0.089289 0.830297
vt 0.719513 0.751307
vt 0.939252 0.634806
vt 0.720252 0.751307
vt 0.939252 0.635545
vt 0.112553 0.830297
vt 0.719513 0.755904
vt 0.720252 0.755904
vt 0.112553 0.834894
vt 0.732139 0.755904
vt 0.731399 0.755904
vt 0.113177 0.834894
vt 0.732139 0.751307
vt 0.939877 0.634806
vt 0.731399 0.751307
vt 0.939877 0.635545
vt 0.113177 0.830297
vt 0.755172 0.672586
vt 0.940128 0.904892
vt 0.755912 0.672586
vt 0.940128 0.905631
vt 0.136326 0.830297
vt 0.755172 0.677183
vt 0.755912 0.677183
vt 0.136326 0.834894
vt 0.755912 0.692927
vt 0.755172 0.692927
vt 0.136950 0.834894
vt 0.755912 0.688330
vt 0.940752 0.904892
vt 0.755172 0.688330
vt 0.940752 0.905631
vt 0.136950 0.830297
vt 0.755172 0.735563
vt 0.940128 0.941920
vt 0.755912 0.735563
vt 0.940128 0.942660
vt 0.183872 0.830297
vt 0.755172 0.740160
vt 0.755912 0.740160
vt 0.183872 0.834894
vt 0.755912 0.755904
vt 0.755172 0.755904
vt 0.184497 0.834894
vt 0.755912 0.751307
vt 0.940752 0.941920
vt 0.755172 0.751307
vt 0.940752 0.942660
vt 0.184497 0.830297
vt 0.584125 0.474621
vt 0.457320 0.481310
vt 0.584125 0.468515
vt 0.055141 0.504254
vt 0.589500 0.474621
vt 0.441343 0.247696
vt 0.451945 0.481310
vt 0.589500 0.468515
vt 0.435237 0.247696
vt 0.060516 0.504254
vt 0.441343 0.238246
vt 0.387578 0.585413
vt 0.451945 0.471860
vt 0.435237 0.238246
vt 0.387578 0.591519
vt 0.060516 0.494804
vt 0.382203 0.585413
vt 0.457320 0.471860
vt 0.382203 0.591519
vt 0.055141 0.494804
vt 0.056176 0.503533
vt 0.508150 0.642400
vt 0.646766 0.896311
vt 0.056176 0.497719
vt 0.508150 0.636586
vt 0.908363 0.833584
vt 0.059482 0.497719
vt 0.908363 0.830278
vt 0.474521 0.636586
vt 0.059482 0.503533
vt 0.474521 0.642400
vt 0.646766 0.893005
vt 0.077839 0.610825
vt 0.508243 0.642400
vt 0.646672 0.896311
vt 0.077839 0.605011
vt 0.508243 0.636586
vt 0.908456 0.833584
vt 0.081145 0.605011
vt 0.908456 0.830278
vt 0.474427 0.636586
vt 0.081145 0.610825
vt 0.474427 0.642400
vt 0.646672 0.893005
vt 0.125179 0.756173
vt 0.124439 0.756173
vt 0.195644 0.830297
vt 0.125179 0.751576
vt 0.671277 0.946880
vt 0.124439 0.751576
vt 0.671277 0.946141
vt 0.195644 0.834894
vt 0.671901 0.946880
vt 0.148213 0.751576
vt 0.671901 0.946141
vt 0.148952 0.751576
vt 0.196268 0.834894
vt 0.148213 0.756173
vt 0.148952 0.756173
vt 0.196268 0.830297
vt 0.647189 0.993687
vt 0.647189 0.994426
vt 0.658824 0.921911
vt 0.635553 0.994426
vt 0.635553 0.993687
vt 0.658824 0.923107
vt 0.636042 0.994426
vt 0.913549 0.093853
vt 0.636042 0.993687
vt 0.912809 0.093853
vt 0.659312 0.923107
vt 0.913549 0.092657
vt 0.647677 0.993687
vt 0.912809 0.092657
vt 0.647677 0.994426
vt 0.659312 0.921911
vt 0.219532 0.751576
vt 0.947398 0.270730
vt 0.220271 0.751576
vt 0.947398 0.271470
vt 0.842910 0.021318
vt 0.219532 0.756173
vt 0.220271 0.756173
vt 0.842910 0.025915
vt 0.232158 0.756173
vt 0.231419 0.756173
vt 0.843534 0.025915
vt 0.232158 0.751576
vt 0.948022 0.270730
vt 0.231419 0.751576
vt 0.948022 0.271470
vt 0.843534 0.021318
vt 0.551080 0.751887
vt 0.523149 0.944063
vt 0.551819 0.751887
vt 0.523149 0.944803
vt 0.243190 0.830297
vt 0.551080 0.756484
vt 0.551819 0.756484
vt 0.243190 0.834894
vt 0.563706 0.756484
vt 0.562966 0.756484
vt 0.243814 0.834894
vt 0.563706 0.751887
vt 0.523774 0.944063
vt 0.562966 0.751887
vt 0.523774 0.944803
vt 0.243814 0.830297
vt 0.758369 0.554780
vt 0.535036 0.944063
vt 0.759108 0.554780
vt 0.535036 0.944803
vt 0.254962 0.830297
vt 0.758369 0.559377
vt 0.759108 0.559377
vt 0.254962 0.834894
vt 0.759108 0.575121
vt 0.758369 0.575121
vt 0.255586 0.834894
vt 0.759108 0.570524
vt 0.535660 0.944063
vt 0.758369 0.570524
vt 0.535660 0.944803
vt 0.255586 0.830297
vt 0.758914 0.258844
vt 0.016815 0.944300
vt 0.759653 0.258844
vt 0.016815 0.945039
vt 0.551080 0.830608
vt 0.758914 0.263441
vt 0.759653 0.263441
vt 0.551080 0.835205
vt 0.759653 0.279185
vt 0.758914 0.279185
vt 0.551704 0.835205
vt 0.759653 0.274588
vt 0.017439 0.944300
vt 0.758914 0.274588
vt 0.017439 0.945039
vt 0.551704 0.830608
vt 0.584125 0.543632
vt 0.508453 0.056219
vt 0.584125 0.537527
vt 0.398725 0.522507
vt 0.589500 0.543632
vt 0.442163 0.225693
vt 0.503078 0.056219
vt 0.589500 0.537527
vt 0.436057 0.225693
vt 0.404100 0.522507
vt 0.442163 0.216243
vt 0.590045 0.293350
vt 0.503078 0.046769
vt 0.436057 0.216243
vt 0.590045 0.299455
vt 0.404100 0.513057
vt 0.584670 0.293350
vt 0.508453 0.046769
vt 0.584670 0.299455
vt 0.398725 0.513057
vt 0.399760 0.521785
vt 0.421885 0.642402
vt 0.804140 0.896311
vt 0.399760 0.515972
vt 0.421885 0.636588
vt 0.908363 0.674600
vt 0.403066 0.515972
vt 0.908363 0.671295
vt 0.399497 0.636588
vt 0.403066 0.521785
vt 0.399497 0.642402
vt 0.804140 0.893005
vt 0.551080 0.612352
vt 0.421979 0.642402
vt 0.804046 0.896311
vt 0.551080 0.606538
vt 0.421979 0.636588
vt 0.908456 0.674600
vt 0.554385 0.606538
vt 0.908456 0.671295
vt 0.399403 0.636588
vt 0.554385 0.612352
vt 0.399403 0.642402
vt 0.804046 0.893005
vt 0.760473 0.144487
vt 0.759734 0.144487
vt 0.850035 0.830028
vt 0.760473 0.139890
vt 0.948022 0.282617
vt 0.759734 0.139890
vt 0.948022 0.283356
vt 0.850035 0.834625
vt 0.947398 0.282617
vt 0.759734 0.171378
vt 0.947398 0.283356
vt 0.760473 0.171378
vt 0.850659 0.834625
vt 0.759734 0.175975
vt 0.760473 0.175975
vt 0.850659 0.830028
vt 0.682095 0.993687
vt 0.682095 0.994426
vt 0.891533 0.921911
vt 0.658824 0.994426
vt 0.658824 0.993687
vt 0.891533 0.923107
vt 0.659312 0.994426
vt 0.912844 0.272382
vt 0.659312 0.993687
vt 0.912104 0.272382
vt 0.892021 0.923107
vt 0.912844 0.271187
vt 0.682583 0.993687
vt 0.912104 0.271187
vt 0.682583 0.994426
vt 0.892021 0.921911
vt 0.759934 0.037062
vt 0.954897 0.681071
vt 0.760673 0.037062
vt 0.954897 0.681811
vt 0.853231 0.602012
vt 0.759934 0.041659
vt 0.760673 0.041659
vt 0.853231 0.606609
vt 0.760673 0.057403
vt 0.759934 0.057403
vt 0.853856 0.606609
vt 0.760673 0.052806
vt 0.955522 0.681071
vt 0.759934 0.052806
vt 0.955522 0.681811
vt 0.853856 0.602012
vt 0.760438 0.482750
vt 0.947583 0.405900
vt 0.761177 0.482750
vt 0.947583 0.406640
vt 0.254962 0.846042
vt 0.760438 0.487347
vt 0.761177 0.487347
vt 0.254962 0.850639
vt 0.761177 0.503092
vt 0.760438 0.503092
vt 0.255586 0.850639
vt 0.761177 0.498495
vt 0.948207 0.405900
vt 0.760438 0.498495
vt 0.948207 0.406640
vt 0.255586 0.846042
vt 0.763186 0.622919
vt 0.883165 0.946141
vt 0.763925 0.622919
vt 0.883165 0.946880
vt 0.843414 0.482750
vt 0.763186 0.627516
vt 0.763925 0.627516
vt 0.843414 0.487347
vt 0.763925 0.643261
vt 0.763186 0.643261
vt 0.844038 0.487347
vt 0.763925 0.638664
vt 0.883790 0.946141
vt 0.763186 0.638664
vt 0.883790 0.946880
vt 0.844038 0.482750
vt 0.767059 0.688330
vt 0.947583 0.417787
vt 0.767798 0.688330
vt 0.947583 0.418526
vt 0.195644 0.846042
vt 0.767059 0.692927
vt 0.767798 0.692927
vt 0.195644 0.850639
vt 0.767798 0.708671
vt 0.767059 0.708671
vt 0.196268 0.850639
vt 0.767798 0.704074
vt 0.948207 0.417787
vt 0.767059 0.704074
vt 0.948207 0.418526
vt 0.196268 0.846042
vt 0.584855 0.392230
vt 0.506887 0.460712
vt 0.584855 0.386124
vt 0.502243 0.398919
vt 0.590230 0.392230
vt 0.080691 0.442461
vt 0.501512 0.460712
vt 0.590230 0.386124
vt 0.074585 0.442461
vt 0.507618 0.398919
vt 0.080691 0.433011
vt 0.590865 0.109910
vt 0.501512 0.451262
vt 0.074585 0.433011
vt 0.590865 0.116016
vt 0.507618 0.389469
vt 0.585490 0.109910
vt 0.506887 0.451262
vt 0.585490 0.116016
vt 0.502243 0.389469
vt 0.503278 0.398198
vt 0.642863 0.542757
vt 0.882976 0.896311
vt 0.503278 0.392384
vt 0.642863 0.536943
vt 0.904489 0.640678
vt 0.506583 0.392384
vt 0.904489 0.637372
vt 0.365774 0.636588
vt 0.506583 0.398198
vt 0.365774 0.642402
vt 0.882976 0.893005
vt 0.106745 0.610825
vt 0.642957 0.542757
vt 0.882883 0.896311
vt 0.106745 0.605011
vt 0.642957 0.536943
vt 0.904583 0.640678
vt 0.110051 0.605011
vt 0.904583 0.637372
vt 0.365680 0.636588
vt 0.110051 0.610825
vt 0.365680 0.642402
vt 0.882883 0.893005
vt 0.413966 0.769573
vt 0.413226 0.769573
vt 0.148098 0.846042
vt 0.413966 0.764976
vt 0.954897 0.657581
vt 0.413226 0.764976
vt 0.954897 0.656842
vt 0.148098 0.850639
vt 0.955522 0.657581
vt 0.425113 0.764976
vt 0.955522 0.656842
vt 0.425852 0.764976
vt 0.148722 0.850639
vt 0.425113 0.769573
vt 0.425852 0.769573
vt 0.148722 0.846042
vt 0.740272 0.993687
vt 0.740272 0.994426
vt 0.924894 0.017917
vt 0.717001 0.994426
vt 0.717001 0.993687
vt 0.924894 0.019112
vt 0.717490 0.994426
vt 0.913550 0.078109
vt 0.717490 0.993687
vt 0.912811 0.078109
vt 0.925382 0.019112
vt 0.913550 0.076913
vt 0.740761 0.993687
vt 0.912811 0.076913
vt 0.740761 0.994426
vt 0.925382 0.017917
vt 0.523264 0.764974
vt 0.824308 0.946141
vt 0.524004 0.764974
vt 0.824308 0.946880
vt 0.511263 0.843695
vt 0.523264 0.769571
vt 0.524004 0.769571
vt 0.511263 0.848292
vt 0.535890 0.769571
vt 0.535151 0.769571
vt 0.511887 0.848292
vt 0.535890 0.764974
vt 0.824932 0.946141
vt 0.535151 0.764974
vt 0.824932 0.946880
vt 0.511887 0.843695
vt 0.291137 0.766104
vt 0.948101 0.179407
vt 0.291876 0.766104
vt 0.948101 0.180147
vt 0.731054 0.845773
vt 0.291137 0.770701
vt 0.291876 0.770701
vt 0.731054 0.850369
vt 0.303763 0.770701
vt 0.303023 0.770701
vt 0.731679 0.850369
vt 0.303763 0.766104
vt 0.948725 0.179407
vt 0.303023 0.766104
vt 0.948725 0.180147
vt 0.731679 0.845773
vt 0.770255 0.570524
vt 0.948276 0.475491
vt 0.770995 0.570524
vt 0.948276 0.476231
vt 0.826377 0.845773
vt 0.770255 0.575121
vt 0.770995 0.575121
vt 0.826377 0.850369
vt 0.770995 0.590865
vt 0.770255 0.590865
vt 0.827001 0.850369
vt 0.770995 0.586268
vt 0.948901 0.475491
vt 0.770255 0.586268
vt 0.948901 0.476231
vt 0.827001 0.845773
vt 0.770801 0.274588
vt 0.954897 0.728617
vt 0.771540 0.274588
vt 0.954897 0.729357
vt 0.838264 0.845773
vt 0.770801 0.279185
vt 0.771540 0.279185
vt 0.838264 0.850369
vt 0.771540 0.294929
vt 0.770801 0.294929
vt 0.838888 0.850369
vt 0.771540 0.290332
vt 0.955522 0.728617
vt 0.770801 0.290332
vt 0.955522 0.729357
vt 0.838888 0.845773
vt 0.585490 0.150522
vt 0.420623 0.481312
vt 0.585490 0.144416
vt 0.510453 0.334780
vt 0.590865 0.150522
vt 0.440798 0.440116
vt 0.415248 0.481312
vt 0.590865 0.144416
vt 0.434692 0.440116
vt 0.515828 0.334780
vt 0.440798 0.430666
vt 0.590865 0.161669
vt 0.415248 0.471861
vt 0.434692 0.430666
vt 0.590865 0.167775
vt 0.515828 0.325330
vt 0.585490 0.161669
vt 0.420623 0.471861
vt 0.585490 0.167775
vt 0.510453 0.325330
vt 0.511487 0.334058
vt 0.331174 0.642404
vt 0.781658 0.896311
vt 0.511487 0.328244
vt 0.331174 0.636590
vt 0.901742 0.512380
vt 0.514793 0.328244
vt 0.901742 0.509074
vt 0.388256 0.636588
vt 0.514793 0.334058
vt 0.388256 0.642402
vt 0.781658 0.893005
vt 0.179043 0.610824
vt 0.331268 0.642404
vt 0.781564 0.896311
vt 0.179043 0.605011
vt 0.331268 0.636590
vt 0.901835 0.512380
vt 0.182349 0.605011
vt 0.901835 0.509074
vt 0.388162 0.636588
vt 0.182349 0.610824
vt 0.388162 0.642402
vt 0.781564 0.893005
vt 0.732139 0.771648
vt 0.731399 0.771648
vt 0.683853 0.830028
vt 0.732139 0.767051
vt 0.562851 0.945350
vt 0.731399 0.767051
vt 0.562851 0.944611
vt 0.683853 0.834625
vt 0.563476 0.945350
vt 0.755172 0.767051
vt 0.563476 0.944611
vt 0.755912 0.767051
vt 0.684477 0.834625
vt 0.755172 0.771648
vt 0.755912 0.771648
vt 0.684477 0.830028
vt 0.786814 0.993687
vt 0.786814 0.994426
vt 0.290635 0.920963
vt 0.775179 0.994426
vt 0.775179 0.993687
vt 0.290635 0.922159
vt 0.775667 0.994426
vt 0.913722 0.526515
vt 0.775667 0.993687
vt 0.912983 0.526515
vt 0.291123 0.922159
vt 0.913722 0.525319
vt 0.787302 0.993687
vt 0.912983 0.525319
vt 0.787302 0.994426
vt 0.291123 0.920963
vt 0.770986 0.431848
vt 0.218771 0.944300
vt 0.771725 0.431848
vt 0.218771 0.945039
vt 0.671966 0.830028
vt 0.770986 0.436445
vt 0.771725 0.436445
vt 0.671966 0.834625
vt 0.006313 0.771917
vt 0.005574 0.771917
vt 0.672591 0.834625
vt 0.006313 0.767321
vt 0.219396 0.944300
vt 0.005574 0.767321
vt 0.219396 0.945039
vt 0.672591 0.830028
vt 0.041233 0.767321
vt 0.960048 0.487378
vt 0.041973 0.767321
vt 0.960048 0.488117
vt 0.854483 0.092657
vt 0.041233 0.771917
vt 0.041973 0.771917
vt 0.854483 0.097254
vt 0.053859 0.771917
vt 0.053120 0.771917
vt 0.855108 0.097254
vt 0.053859 0.767321
vt 0.960672 0.487378
vt 0.053120 0.767321
vt 0.960672 0.488117
vt 0.855108 0.092657
vt 0.088780 0.767321
vt 0.859622 0.946141
vt 0.089519 0.767321
vt 0.859622 0.946880
vt 0.842005 0.290332
vt 0.088780 0.771917
vt 0.089519 0.771917
vt 0.842005 0.294929
vt 0.101406 0.771917
vt 0.100666 0.771917
vt 0.842630 0.294929
vt 0.101406 0.767321
vt 0.860247 0.946141
vt 0.100666 0.767321
vt 0.860247 0.946880
vt 0.842630 0.290332
vt 0.136326 0.767321
vt 0.099906 0.944300
vt 0.137065 0.767321
vt 0.099906 0.945039
vt 0.017345 0.830297
vt 0.136326 0.771917
vt 0.137065 0.771917
vt 0.017345 0.834894
vt 0.148952 0.771917
vt 0.148213 0.771917
vt 0.017969 0.834894
vt 0.148952 0.767321
vt 0.100530 0.944300
vt 0.148213 0.767321
vt 0.100530 0.945039
vt 0.017969 0.830297
vt 0.585690 0.028932
vt 0.404100 0.481312
vt 0.585690 0.022827
vt 0.154276 0.483656
vt 0.591065 0.028932
vt 0.424910 0.184498
vt 0.398725 0.481312
vt 0.591065 0.022827
vt 0.418804 0.184498
vt 0.159651 0.483656
vt 0.424910 0.175048
vt 0.591065 0.040080
vt 0.398725 0.471861
vt 0.418804 0.175048
vt 0.591065 0.046185
vt 0.159651 0.474206
vt 0.585690 0.040080
vt 0.404100 0.471861
vt 0.585690 0.046185
vt 0.154276 0.474206
vt 0.155311 0.482935
vt 0.631622 0.525796
vt 0.140559 0.896580
vt 0.155311 0.477121
vt 0.631622 0.519982
vt 0.901766 0.023332
vt 0.158616 0.477121
vt 0.901766 0.020027
vt 0.638587 0.325330
vt 0.158616 0.482935
vt 0.638587 0.331144
vt 0.140559 0.893274
vt 0.345627 0.608482
vt 0.631716 0.525796
vt 0.140465 0.896580
vt 0.345627 0.602668
vt 0.631716 0.519982
vt 0.901860 0.023332
vt 0.348933 0.602668
vt 0.901860 0.020027
vt 0.638493 0.325330
vt 0.348933 0.608482
vt 0.638493 0.331144
vt 0.140465 0.893274
vt 0.587479 0.772228
vt 0.586739 0.772228
vt 0.586509 0.830608
vt 0.587479 0.767631
vt 0.028701 0.945041
vt 0.586739 0.767631
vt 0.028701 0.944302
vt 0.586509 0.835205
vt 0.029325 0.945041
vt 0.771621 0.076913
vt 0.029325 0.944302
vt 0.772360 0.076913
vt 0.587134 0.835205
vt 0.771621 0.081510
vt 0.772360 0.081510
vt 0.587134 0.830608
vt 0.751908 0.993687
vt 0.751908 0.994426
vt 0.717001 0.921911
vt 0.763543 0.994426
vt 0.763543 0.993687
vt 0.717001 0.923107
vt 0.764031 0.994426
vt 0.551819 0.909234
vt 0.764031 0.993687
vt 0.551080 0.909234
vt 0.717490 0.923107
vt 0.551819 0.908038
vt 0.752396 0.993687
vt 0.551080 0.908038
vt 0.752396 0.994426
vt 0.717490 0.921911
vt 0.771621 0.171378
vt 0.943512 0.325330
vt 0.772360 0.171378
vt 0.943512 0.326069
vt 0.838264 0.735563
vt 0.771621 0.175975
vt 0.772360 0.175975
vt 0.838264 0.740160
vt 0.772360 0.191719
vt 0.771621 0.191719
vt 0.838888 0.740160
vt 0.772360 0.187122
vt 0.944136 0.325330
vt 0.771621 0.187122
vt 0.944136 0.326069
vt 0.838888 0.735563
vt 0.771820 0.005574
vt 0.943262 0.866532
vt 0.772560 0.005574
vt 0.943262 0.867272
vt 0.838264 0.782796
vt 0.771820 0.010171
vt 0.772560 0.010171
vt 0.838264 0.787392
vt 0.772560 0.025915
vt 0.771820 0.025915
vt 0.838888 0.787392
vt 0.772560 0.021318
vt 0.943886 0.866532
vt 0.771820 0.021318
vt 0.943886 0.867272
vt 0.838888 0.782796
vt 0.772325 0.451262
vt 0.936505 0.487834
vt 0.773064 0.451262
vt 0.936505 0.488574
vt 0.838513 0.341074
vt 0.772325 0.455859
vt 0.773064 0.455859
vt 0.838513 0.345671
vt 0.773064 0.471603
vt 0.772325 0.471603
vt 0.839138 0.345671
vt 0.773064 0.467006
vt 0.937129 0.487834
vt 0.772325 0.467006
vt 0.937129 0.488574
vt 0.839138 0.341074
vt 0.772325 0.514239
vt 0.936505 0.451262
vt 0.773064 0.514239
vt 0.936505 0.452001
vt 0.838264 0.767051
vt 0.772325 0.518836
vt 0.773064 0.518836
vt 0.838264 0.771648
vt 0.773064 0.503092
vt 0.772325 0.503092
vt 0.838888 0.771648
vt 0.773064 0.498495
vt 0.937129 0.451262
vt 0.772325 0.498495
vt 0.937129 0.452001
vt 0.838888 0.767051
vt 0.585690 0.080691
vt 0.143128 0.483657
vt 0.585690 0.074585
vt 0.331174 0.481314
vt 0.591065 0.080691
vt 0.424910 0.163901
vt 0.137753 0.483657
vt 0.591065 0.074585
vt 0.418804 0.163901
vt 0.336549 0.481314
vt 0.424910 0.154450
vt 0.591065 0.057332
vt 0.137753 0.474206
vt 0.418804 0.154450
vt 0.591065 0.063438
vt 0.336549 0.471863
vt 0.585690 0.057332
vt 0.143128 0.474206
vt 0.585690 0.063438
vt 0.331174 0.471863
vt 0.332209 0.480592
vt 0.631622 0.508543
vt 0.680489 0.896311
vt 0.332209 0.474778
vt 0.631622 0.502729
vt 0.908363 0.660147
vt 0.335515 0.474778
vt 0.908363 0.656842
vt 0.631716 0.485768
vt 0.335515 0.480592
vt 0.631716 0.491582
vt 0.680489 0.893005
vt 0.602212 0.063146
vt 0.631716 0.508543
vt 0.680395 0.896311
vt 0.602212 0.057332
vt 0.631716 0.502729
vt 0.908456 0.660147
vt 0.605518 0.057332
vt 0.908456 0.656842
vt 0.631623 0.485768
vt 0.605518 0.063146
vt 0.631623 0.491582
vt 0.680395 0.893005
vt 0.030086 0.771917
vt 0.029347 0.771917
vt 0.731399 0.830028
vt 0.030086 0.767321
vt 0.935811 0.369611
vt 0.029347 0.767321
vt 0.935811 0.368871
vt 0.731399 0.834625
vt 0.936435 0.369611
vt 0.600647 0.767051
vt 0.936435 0.368871
vt 0.601386 0.767051
vt 0.732024 0.834625
vt 0.600647 0.771648
vt 0.601386 0.771648
vt 0.732024 0.830028
vt 0.705366 0.993687
vt 0.705366 0.994426
vt 0.924698 0.076913
vt 0.728637 0.994426
vt 0.728637 0.993687
vt 0.924698 0.078108
vt 0.729125 0.994426
vt 0.913547 0.169172
vt 0.729125 0.993687
vt 0.912807 0.169172
vt 0.925186 0.078108
vt 0.913547 0.167977
vt 0.705854 0.993687
vt 0.912807 0.167977
vt 0.705854 0.994426
vt 0.925186 0.076913
vt 0.437000 0.764976
vt 0.836079 0.958027
vt 0.437739 0.764976
vt 0.836079 0.958767
vt 0.683623 0.861517
vt 0.437000 0.769573
vt 0.437739 0.769573
vt 0.683623 0.866114
vt 0.476457 0.769571
vt 0.475718 0.769571
vt 0.684247 0.866114
vt 0.476457 0.764974
vt 0.836703 0.958027
vt 0.475718 0.764974
vt 0.836703 0.958767
vt 0.684247 0.861517
vt 0.463831 0.764974
vt 0.883165 0.934254
vt 0.464571 0.764974
vt 0.883165 0.934994
vt 0.148098 0.830297
vt 0.463831 0.769571
vt 0.464571 0.769571
vt 0.148098 0.834894
vt 0.767798 0.740160
vt 0.767059 0.740160
vt 0.148722 0.834894
vt 0.767798 0.735563
vt 0.883790 0.934254
vt 0.767059 0.735563
vt 0.883790 0.934994
vt 0.148722 0.830297
vt 0.767059 0.672586
vt 0.943125 0.718556
vt 0.767798 0.672586
vt 0.943125 0.719296
vt 0.838264 0.830028
vt 0.767059 0.677183
vt 0.767798 0.677183
vt 0.838264 0.834625
vt 0.761177 0.534580
vt 0.760438 0.534580
vt 0.838888 0.834625
vt 0.761177 0.529983
vt 0.943750 0.718556
vt 0.760438 0.529983
vt 0.943750 0.719296
vt 0.838888 0.830028
vt 0.760438 0.467006
vt 0.436655 0.944065
vt 0.761177 0.467006
vt 0.436655 0.944804
vt 0.838264 0.719819
vt 0.760438 0.471603
vt 0.761177 0.471603
vt 0.838264 0.724416
vt 0.761177 0.455859
vt 0.760438 0.455859
vt 0.838888 0.724416
vt 0.761177 0.451262
vt 0.437279 0.944065
vt 0.760438 0.451262
vt 0.437279 0.944804
vt 0.838888 0.719819
vt 0.584855 0.374977
vt 0.508253 0.163901
vt 0.584855 0.368871
vt 0.502878 0.225694
vt 0.590230 0.374977
vt 0.442163 0.205096
vt 0.502878 0.163901
vt 0.590230 0.368871
vt 0.436057 0.205096
vt 0.508253 0.225694
vt 0.442163 0.195645
vt 0.589500 0.520274
vt 0.502878 0.154450
vt 0.436057 0.195645
vt 0.589500 0.526379
vt 0.508253 0.216243
vt 0.584125 0.520274
vt 0.508253 0.154450
vt 0.584125 0.526379
vt 0.502878 0.216243
vt 0.503912 0.224972
vt 0.652766 0.408607
vt 0.669248 0.896311
vt 0.503912 0.219158
vt 0.652766 0.402794
vt 0.908363 0.703506
vt 0.507218 0.219158
vt 0.908363 0.700201
vt 0.653405 0.238246
vt 0.507218 0.224972
vt 0.653405 0.244060
vt 0.669248 0.893005
vt 0.063386 0.627786
vt 0.652859 0.408607
vt 0.669154 0.896311
vt 0.063386 0.621972
vt 0.652859 0.402794
vt 0.908456 0.703506
vt 0.066692 0.621972
vt 0.908456 0.700201
vt 0.653311 0.238246
vt 0.066692 0.627786
vt 0.653311 0.244060
vt 0.669154 0.893005
vt 0.018200 0.756173
vt 0.017460 0.756173
vt 0.742826 0.877261
vt 0.018200 0.751576
vt 0.523149 0.968576
vt 0.017460 0.751576
vt 0.523149 0.967837
vt 0.742826 0.881858
vt 0.523774 0.968576
vt 0.755172 0.719819
vt 0.523774 0.967837
vt 0.755912 0.719819
vt 0.743450 0.881858
vt 0.755172 0.724416
vt 0.755912 0.724416
vt 0.743450 0.877261
vt 0.670460 0.993687
vt 0.670460 0.994426
vt 0.931490 0.755903
vt 0.693730 0.994426
vt 0.693730 0.993687
vt 0.931490 0.757098
vt 0.694219 0.994426
vt 0.331914 0.921033
vt 0.694219 0.993687
vt 0.331174 0.921033
vt 0.931978 0.757098
vt 0.331914 0.919837
vt 0.670948 0.993687
vt 0.331174 0.919837
vt 0.670948 0.994426
vt 0.931978 0.755903
vt 0.612534 0.751307
vt 0.123334 0.968073
vt 0.613273 0.751307
vt 0.123334 0.968812
vt 0.707166 0.877261
vt 0.612534 0.755904
vt 0.613273 0.755904
vt 0.707166 0.881858
vt 0.425852 0.753829
vt 0.425113 0.753829
vt 0.707791 0.881858
vt 0.425852 0.749232
vt 0.123958 0.968073
vt 0.425113 0.749232
vt 0.123958 0.968812
vt 0.707791 0.877261
vt 0.331174 0.749233
vt 0.218197 0.968073
vt 0.331914 0.749233
vt 0.218197 0.968812
vt 0.695395 0.877261
vt 0.331174 0.753830
vt 0.331914 0.753830
vt 0.695395 0.881858
vt 0.749291 0.534580
vt 0.748552 0.534580
vt 0.696019 0.881858
vt 0.749291 0.529983
vt 0.218821 0.968073
vt 0.748552 0.529983
vt 0.218821 0.968812
vt 0.696019 0.877261
vt 0.748047 0.037062
vt 0.230313 0.956186
vt 0.748787 0.037062
vt 0.230313 0.956926
vt 0.862057 0.341074
vt 0.748047 0.041659
vt 0.748787 0.041659
vt 0.862057 0.345671
vt 0.748787 0.025915
vt 0.748047 0.025915
vt 0.862681 0.345671
vt 0.748787 0.021318
vt 0.230937 0.956186
vt 0.748047 0.021318
vt 0.230937 0.956926
vt 0.862681 0.341074
vt 0.747213 0.400360
vt 0.135681 0.956186
vt 0.747952 0.400360
vt 0.135681 0.956926
vt 0.861807 0.767051
vt 0.747213 0.404957
vt 0.747952 0.404957
vt 0.861807 0.771648
vt 0.747767 0.294929
vt 0.747027 0.294929
vt 0.862431 0.771648
vt 0.747767 0.290332
vt 0.136305 0.956186
vt 0.747027 0.290332
vt 0.136305 0.956926
vt 0.862431 0.767051
vt 0.220366 0.576611
vt 0.027471 0.504254
vt 0.220366 0.570505
vt 0.269933 0.504254
vt 0.225741 0.576611
vt 0.442163 0.102108
vt 0.022096 0.504254
vt 0.225741 0.570505
vt 0.436057 0.102108
vt 0.275308 0.504254
vt 0.442163 0.092657
vt 0.110083 0.570505
vt 0.022096 0.494804
vt 0.436057 0.092657
vt 0.110083 0.576611
vt 0.275308 0.494804
vt 0.104708 0.570505
vt 0.027471 0.494804
vt 0.104708 0.576611
vt 0.269933 0.494804
vt 0.270968 0.503532
vt 0.530632 0.659361
vt 0.600741 0.896311
vt 0.270968 0.497719
vt 0.530632 0.653548
vt 0.908363 0.804678
vt 0.274273 0.497719
vt 0.908363 0.801372
vt 0.028149 0.655894
vt 0.274273 0.503532
vt 0.028149 0.661708
vt 0.600741 0.893005
vt 0.616665 0.028348
vt 0.530725 0.659361
vt 0.600647 0.896311
vt 0.616665 0.022535
vt 0.530725 0.653548
vt 0.908456 0.804678
vt 0.619971 0.022535
vt 0.908456 0.801372
vt 0.028056 0.655894
vt 0.619971 0.028348
vt 0.028056 0.661708
vt 0.600647 0.893005
vt 0.488344 0.738083
vt 0.487605 0.738083
vt 0.511263 0.875184
vt 0.488344 0.733486
vt 0.302679 0.969705
vt 0.487605 0.733486
vt 0.302679 0.968966
vt 0.511263 0.879781
vt 0.303303 0.969705
vt 0.463831 0.733486
vt 0.303303 0.968966
vt 0.464571 0.733486
vt 0.511887 0.879781
vt 0.463831 0.738083
vt 0.464571 0.738083
vt 0.511887 0.875184
vt 0.600647 0.993687
vt 0.600647 0.994426
vt 0.931490 0.780589
vt 0.623918 0.994426
vt 0.623918 0.993687
vt 0.931490 0.781784
vt 0.624406 0.994426
vt 0.366419 0.921031
vt 0.624406 0.993687
vt 0.365680 0.921031
vt 0.931978 0.781784
vt 0.366419 0.919836
vt 0.601135 0.993687
vt 0.365680 0.919836
vt 0.601135 0.994426
vt 0.931978 0.780589
vt 0.731399 0.688330
vt 0.671277 0.969914
vt 0.732139 0.688330
vt 0.671277 0.970653
vt 0.389224 0.875185
vt 0.731399 0.692927
vt 0.732139 0.692927
vt 0.389224 0.879782
vt 0.732139 0.677183
vt 0.731399 0.677183
vt 0.389848 0.879782
vt 0.732139 0.672586
vt 0.671901 0.969914
vt 0.731399 0.672586
vt 0.671901 0.970653
vt 0.389848 0.875185
vt 0.724274 0.037062
vt 0.706592 0.969914
vt 0.725013 0.037062
vt 0.706592 0.970653
vt 0.331174 0.875187
vt 0.724274 0.041659
vt 0.725013 0.041659
vt 0.331174 0.879784
vt 0.725013 0.025915
vt 0.724274 0.025915
vt 0.331799 0.879784
vt 0.725013 0.021318
vt 0.707216 0.969914
vt 0.724274 0.021318
vt 0.707216 0.970653
vt 0.331799 0.875187
vt 0.724074 0.139890
vt 0.955284 0.337216
vt 0.724814 0.139890
vt 0.955284 0.337956
vt 0.865003 0.554780
vt 0.724074 0.144487
vt 0.724814 0.144487
vt 0.865003 0.559377
vt 0.255931 0.724685
vt 0.255192 0.724685
vt 0.865627 0.559377
vt 0.255931 0.720088
vt 0.955908 0.337216
vt 0.255192 0.720088
vt 0.955908 0.337956
vt 0.865627 0.554780
vt 0.171986 0.720088
vt 0.955284 0.325330
vt 0.172725 0.720088
vt 0.955284 0.326069
vt 0.865003 0.570524
vt 0.171986 0.724685
vt 0.172725 0.724685
vt 0.865003 0.575121
vt 0.006313 0.724685
vt 0.005574 0.724685
vt 0.865627 0.575121
vt 0.006313 0.720088
vt 0.955908 0.325330
vt 0.005574 0.720088
vt 0.955908 0.326069
vt 0.865627 0.570524
vt 0.468467 0.574264
vt 0.523955 0.268294
vt 0.468467 0.568158
vt 0.154276 0.504254
vt 0.473843 0.574264
vt 0.354533 0.440118
vt 0.518580 0.268294
vt 0.473843 0.568158
vt 0.348427 0.440118
vt 0.159651 0.504254
vt 0.354533 0.430668
vt 0.404100 0.568160
vt 0.518580 0.258844
vt 0.348427 0.430668
vt 0.404100 0.574266
vt 0.159651 0.494804
vt 0.398725 0.568160
vt 0.523955 0.258844
vt 0.398725 0.574266
vt 0.154276 0.494804
vt 0.155310 0.503532
vt 0.653600 0.079232
vt 0.530725 0.894234
vt 0.155310 0.497719
vt 0.653600 0.073418
vt 0.908363 0.876943
vt 0.158616 0.497719
vt 0.908363 0.873637
vt 0.654198 0.519690
vt 0.158616 0.503532
vt 0.654198 0.525504
vt 0.530725 0.890928
vt 0.617169 0.526087
vt 0.653694 0.079232
vt 0.530632 0.894234
vt 0.617169 0.520274
vt 0.653694 0.073418
vt 0.908456 0.876943
vt 0.620475 0.520274
vt 0.908456 0.873637
vt 0.654105 0.519690
vt 0.620475 0.526087
vt 0.654105 0.525504
vt 0.530632 0.890928
vt 0.390193 0.722340
vt 0.389453 0.722340
vt 0.600647 0.861517
vt 0.390193 0.717743
vt 0.954897 0.836336
vt 0.389453 0.717743
vt 0.954897 0.835597
vt 0.600647 0.866114
vt 0.955522 0.836336
vt 0.331174 0.717745
vt 0.955522 0.835597
vt 0.331914 0.717745
vt 0.601271 0.866114
vt 0.331174 0.722342
vt 0.331914 0.722342
vt 0.601271 0.861517
vt 0.993803 0.578553
vt 0.993803 0.579292
vt 0.928492 0.893005
vt 0.993803 0.591179
vt 0.993803 0.590439
vt 0.928492 0.894200
vt 0.994291 0.591179
vt 0.512117 0.921029
vt 0.994291 0.590439
vt 0.511378 0.921029
vt 0.928980 0.894200
vt 0.512117 0.919834
vt 0.994291 0.578553
vt 0.511378 0.919834
vt 0.994291 0.579292
vt 0.928980 0.893005
vt 0.719763 0.341074
vt 0.254201 0.956186
vt 0.720502 0.341074
vt 0.254201 0.956926
vt 0.636077 0.861517
vt 0.719763 0.345671
vt 0.720502 0.345671
vt 0.636077 0.866114
vt 0.720252 0.708671
vt 0.719513 0.708671
vt 0.636701 0.866114
vt 0.720252 0.704074
vt 0.254826 0.956186
vt 0.719513 0.704074
vt 0.254826 0.956926
vt 0.636701 0.861517
vt 0.712892 0.529983
vt 0.718363 0.969914
vt 0.713631 0.529983
vt 0.718363 0.970653
vt 0.878729 0.514239
vt 0.712892 0.534580
vt 0.713631 0.534580
vt 0.878729 0.518836
vt 0.712927 0.191719
vt 0.712188 0.191719
vt 0.879354 0.518836
vt 0.712927 0.187122
vt 0.718987 0.969914
vt 0.712188 0.187122
vt 0.718987 0.970653
vt 0.879354 0.514239
vt 0.712188 0.124146
vt 0.970396 0.566666
vt 0.712927 0.124146
vt 0.970396 0.567406
vt 0.377452 0.875185
vt 0.712188 0.128743
vt 0.712927 0.128743
vt 0.377452 0.879782
vt 0.712838 0.242843
vt 0.712098 0.242843
vt 0.378076 0.879782
vt 0.712838 0.238246
vt 0.971020 0.566666
vt 0.712098 0.238246
vt 0.971020 0.567406
vt 0.378076 0.875185
vt 0.711368 0.274588
vt 0.970396 0.578553
vt 0.712107 0.274588
vt 0.970396 0.579292
vt 0.778141 0.877261
vt 0.711368 0.279185
vt 0.712107 0.279185
vt 0.778141 0.881858
vt 0.711562 0.590865
vt 0.710822 0.590865
vt 0.778765 0.881858
vt 0.711562 0.586268
vt 0.971020 0.578553
vt 0.710822 0.586268
vt 0.971020 0.579292
vt 0.778765 0.877261
vt 0.331174 0.591520
vt 0.475118 0.247697
vt 0.331174 0.585415
vt 0.469833 0.122705
vt 0.336549 0.591520
vt 0.406292 0.419519
vt 0.469743 0.247697
vt 0.336549 0.585415
vt 0.400186 0.419519
vt 0.475208 0.122705
vt 0.406292 0.410069
vt 0.590230 0.420630
vt 0.469743 0.238246
vt 0.400186 0.410069
vt 0.590230 0.426736
vt 0.475208 0.113255
vt 0.584855 0.420630
vt 0.475118 0.238246
vt 0.584855 0.426736
vt 0.469833 0.113255
vt 0.470868 0.121984
vt 0.519391 0.659361
vt 0.302242 0.895363
vt 0.470868 0.116170
vt 0.519391 0.653548
vt 0.894124 0.910764
vt 0.474173 0.116170
vt 0.894124 0.907458
vt 0.353750 0.653552
vt 0.474173 0.121984
vt 0.353750 0.659365
vt 0.302242 0.892057
vt 0.048933 0.627785
vt 0.519484 0.659361
vt 0.302148 0.895363
vt 0.048933 0.621972
vt 0.519484 0.653548
vt 0.894217 0.910764
vt 0.052238 0.621972
vt 0.894217 0.907458
vt 0.353656 0.653552
vt 0.052238 0.627785
vt 0.353656 0.659365
vt 0.302148 0.892057
vt 0.488344 0.706594
vt 0.487605 0.706594
vt 0.873579 0.688330
vt 0.488344 0.701997
vt 0.242085 0.956926
vt 0.487605 0.701997
vt 0.242085 0.956186
vt 0.873579 0.692927
vt 0.242709 0.956926
vt 0.389453 0.701999
vt 0.242709 0.956186
vt 0.390193 0.701999
vt 0.874203 0.692927
vt 0.389453 0.706596
vt 0.390193 0.706596
vt 0.874203 0.688330
vt 0.993803 0.554780
vt 0.993803 0.555519
vt 0.924869 0.451262
vt 0.993803 0.567406
vt 0.993803 0.566666
vt 0.924869 0.452457
vt 0.994291 0.567406
vt 0.920343 0.769442
vt 0.994291 0.566666
vt 0.919604 0.769442
vt 0.925357 0.452457
vt 0.920343 0.768246
vt 0.994291 0.554780
vt 0.919604 0.768246
vt 0.994291 0.555519
vt 0.925357 0.451262
vt 0.699666 0.400360
vt 0.966669 0.764277
vt 0.700405 0.400360
vt 0.966669 0.765017
vt 0.873579 0.672586
vt 0.699666 0.404957
vt 0.700405 0.404957
vt 0.873579 0.677183
vt 0.700221 0.294929
vt 0.699481 0.294929
vt 0.874203 0.677183
vt 0.700221 0.290332
vt 0.967293 0.764277
vt 0.699481 0.290332
vt 0.967293 0.765017
vt 0.874203 0.672586
vt 0.698936 0.554780
vt 0.971126 0.380758
vt 0.699675 0.554780
vt 0.971126 0.381497
vt 0.885350 0.830028
vt 0.698936 0.559377
vt 0.699675 0.559377
vt 0.885350 0.834625
vt 0.696479 0.677183
vt 0.695740 0.677183
vt 0.885974 0.834625
vt 0.696479 0.672586
vt 0.971750 0.380758
vt 0.695740 0.672586
vt 0.971750 0.381497
vt 0.885974 0.830028
vt 0.088780 0.688599
vt 0.971644 0.203180
vt 0.089519 0.688599
vt 0.971644 0.203920
vt 0.451945 0.875184
vt 0.088780 0.693196
vt 0.089519 0.693196
vt 0.451945 0.879781
vt 0.077632 0.693196
vt 0.076893 0.693196
vt 0.452569 0.879781
vt 0.077632 0.688599
vt 0.972269 0.203180
vt 0.076893 0.688599
vt 0.972269 0.203920
vt 0.452569 0.875184
vt 0.612534 0.688330
vt 0.975442 0.904892
vt 0.613273 0.688330
vt 0.975442 0.905631
vt 0.424883 0.875185
vt 0.612534 0.692927
vt 0.613273 0.692927
vt 0.424883 0.879782
vt 0.637046 0.692927
vt 0.636307 0.692927
vt 0.425508 0.879782
vt 0.637046 0.688330
vt 0.976067 0.904892
vt 0.636307 0.688330
vt 0.976067 0.905631
vt 0.425508 0.875185
vt 0.038619 0.576611
vt 0.474388 0.288894
vt 0.038619 0.570505
vt 0.253410 0.463059
vt 0.043994 0.576611
vt 0.097944 0.421864
vt 0.469013 0.288894
vt 0.043994 0.570505
vt 0.091838 0.421864
vt 0.258786 0.463059
vt 0.097944 0.412413
vt 0.176173 0.570505
vt 0.469013 0.279443
vt 0.091838 0.412413
vt 0.176173 0.576611
vt 0.258786 0.453609
vt 0.170798 0.570505
vt 0.474388 0.279443
vt 0.170798 0.576611
vt 0.253410 0.453609
vt 0.254445 0.462337
vt 0.584803 0.629313
vt 0.624284 0.896311
vt 0.254445 0.456524
vt 0.584803 0.623499
vt 0.421885 0.908688
vt 0.257751 0.456524
vt 0.421885 0.905383
vt 0.629647 0.554779
vt 0.257751 0.462337
vt 0.629647 0.560594
vt 0.624284 0.893005
vt 0.601377 0.374685
vt 0.584896 0.629313
vt 0.624190 0.896311
vt 0.601377 0.368871
vt 0.584896 0.623499
vt 0.421979 0.908688
vt 0.604683 0.368871
vt 0.421979 0.905383
vt 0.629553 0.554779
vt 0.604683 0.374685
vt 0.629553 0.560594
vt 0.624190 0.893005
vt 0.413966 0.706596
vt 0.413226 0.706596
vt 0.413226 0.827953
vt 0.413966 0.701999
vt 0.377566 0.932918
vt 0.413226 0.701999
vt 0.377566 0.932179
vt 0.413226 0.832550
vt 0.378191 0.932918
vt 0.291137 0.703127
vt 0.378191 0.932179
vt 0.291876 0.703127
vt 0.413851 0.832550
vt 0.291137 0.707724
vt 0.291876 0.707724
vt 0.413851 0.827953
vt 0.586258 0.992157
vt 0.586258 0.992896
vt 0.195113 0.920070
vt 0.267364 0.993479
vt 0.267364 0.992739
vt 0.195113 0.921266
vt 0.267852 0.993479
vt 0.623869 0.439078
vt 0.267852 0.992739
vt 0.623130 0.439078
vt 0.195601 0.921266
vt 0.623869 0.437882
vt 0.586746 0.992157
vt 0.623130 0.437882
vt 0.586746 0.992896
vt 0.195601 0.920070
vt 0.636307 0.704074
vt 0.916605 0.966150
vt 0.637046 0.704074
vt 0.916605 0.966889
vt 0.866957 0.514239
vt 0.636307 0.708671
vt 0.637046 0.708671
vt 0.866957 0.518836
vt 0.006313 0.708941
vt 0.005574 0.708941
vt 0.867582 0.518836
vt 0.006313 0.704344
vt 0.917230 0.966150
vt 0.005574 0.704344
vt 0.917230 0.966889
vt 0.867582 0.514239
vt 0.207645 0.704344
vt 0.966669 0.776164
vt 0.208385 0.704344
vt 0.966669 0.776903
vt 0.866957 0.498495
vt 0.207645 0.708941
vt 0.208385 0.708941
vt 0.866957 0.503092
vt 0.575592 0.709251
vt 0.574853 0.709251
vt 0.867582 0.503092
vt 0.575592 0.704654
vt 0.967293 0.776164
vt 0.574853 0.704654
vt 0.967293 0.776903
vt 0.867582 0.498495
vt 0.711368 0.258844
vt 0.683048 0.934254
vt 0.712107 0.258844
vt 0.683048 0.934994
vt 0.475718 0.827951
vt 0.711368 0.263441
vt 0.712107 0.263441
vt 0.475718 0.832548
vt 0.713631 0.487347
vt 0.712892 0.487347
vt 0.476342 0.832548
vt 0.713631 0.482750
vt 0.683672 0.934254
vt 0.712892 0.482750
vt 0.683672 0.934994
vt 0.476342 0.827951
vt 0.343061 0.717745
vt 0.314449 0.933306
vt 0.343800 0.717745
vt 0.314449 0.934046
vt 0.425113 0.827953
vt 0.343061 0.722342
vt 0.343800 0.722342
vt 0.425113 0.832550
vt 0.425852 0.722340
vt 0.425113 0.722340
vt 0.425737 0.832550
vt 0.425852 0.717743
vt 0.315074 0.933306
vt 0.425113 0.717743
vt 0.315074 0.934046
vt 0.425737 0.827953
vt 0.567602 0.578138
vt 0.474573 0.378322
vt 0.567602 0.572033
vt 0.236888 0.463059
vt 0.572977 0.578138
vt 0.133668 0.421864
vt 0.469198 0.378322
vt 0.572977 0.572033
vt 0.127562 0.421864
vt 0.242263 0.463059
vt 0.133668 0.412413
vt 0.581918 0.325330
vt 0.469198 0.368871
vt 0.127562 0.412413
vt 0.581918 0.331435
vt 0.242263 0.453609
vt 0.576542 0.325330
vt 0.474573 0.368871
vt 0.576542 0.331435
vt 0.236888 0.453609
vt 0.237923 0.462337
vt 0.629553 0.611773
vt 0.815381 0.896311
vt 0.237923 0.456524
vt 0.629553 0.605958
vt 0.474427 0.908687
vt 0.241229 0.456524
vt 0.474427 0.905381
vt 0.259431 0.621971
vt 0.241229 0.462337
vt 0.259431 0.627786
vt 0.815381 0.893005
vt 0.601377 0.408899
vt 0.629647 0.611773
vt 0.815287 0.896311
vt 0.601377 0.403085
vt 0.629647 0.605958
vt 0.474521 0.908687
vt 0.604683 0.403085
vt 0.474521 0.905381
vt 0.259337 0.621971
vt 0.604683 0.408899
vt 0.259337 0.627786
vt 0.815287 0.893005
vt 0.725518 0.534580
vt 0.724778 0.534580
vt 0.866957 0.467006
vt 0.725518 0.529983
vt 0.960073 0.018200
vt 0.724778 0.529983
vt 0.960073 0.017460
vt 0.866957 0.471603
vt 0.960697 0.018200
vt 0.735961 0.108401
vt 0.960697 0.017460
vt 0.736700 0.108401
vt 0.867581 0.471603
vt 0.735961 0.112998
vt 0.736700 0.112998
vt 0.867581 0.467006
vt 0.562715 0.992157
vt 0.562715 0.992896
vt 0.088134 0.920070
vt 0.574623 0.992896
vt 0.574623 0.992157
vt 0.088134 0.921266
vt 0.575111 0.992896
vt 0.588209 0.439078
vt 0.575111 0.992157
vt 0.587470 0.439078
vt 0.088622 0.921266
vt 0.588209 0.437882
vt 0.563203 0.992157
vt 0.587470 0.437882
vt 0.563203 0.992896
vt 0.088622 0.920070
vt 0.076893 0.735832
vt 0.475718 0.932177
vt 0.077632 0.735832
vt 0.475718 0.932916
vt 0.365680 0.827953
vt 0.076893 0.740429
vt 0.077632 0.740429
vt 0.365680 0.832550
vt 0.551819 0.740740
vt 0.551080 0.740740
vt 0.366304 0.832550
vt 0.551819 0.736143
vt 0.476342 0.932177
vt 0.551080 0.736143
vt 0.476342 0.932916
vt 0.366304 0.827953
vt 0.747847 0.108401
vt 0.931490 0.879332
vt 0.748587 0.108401
vt 0.931490 0.880071
vt 0.831642 0.514239
vt 0.747847 0.112998
vt 0.748587 0.112998
vt 0.831642 0.518836
vt 0.748787 0.057403
vt 0.748047 0.057403
vt 0.832267 0.518836
vt 0.748787 0.052806
vt 0.932115 0.879332
vt 0.748047 0.052806
vt 0.932115 0.880071
vt 0.832267 0.514239
vt 0.748551 0.467006
vt 0.659505 0.934254
vt 0.749291 0.467006
vt 0.659505 0.934993
vt 0.831642 0.451262
vt 0.748551 0.471603
vt 0.749291 0.471603
vt 0.831642 0.455859
vt 0.437739 0.753829
vt 0.437000 0.753829
vt 0.832267 0.455859
vt 0.437739 0.749232
vt 0.660130 0.934254
vt 0.437000 0.749232
vt 0.660130 0.934993
vt 0.832267 0.451262
vt 0.660080 0.751307
vt 0.230658 0.932413
vt 0.660819 0.751307
vt 0.230658 0.933152
vt 0.831138 0.052806
vt 0.660080 0.755904
vt 0.660819 0.755904
vt 0.831138 0.057403
vt 0.053859 0.756173
vt 0.053120 0.756173
vt 0.831762 0.057403
vt 0.053859 0.751576
vt 0.231282 0.932413
vt 0.053120 0.751576
vt 0.231282 0.933152
vt 0.831762 0.052806
vt 0.236888 0.542105
vt 0.331174 0.451265
vt 0.236888 0.535999
vt 0.458885 0.005573
vt 0.242263 0.542105
vt 0.400186 0.389470
vt 0.336549 0.451265
vt 0.242263 0.535999
vt 0.406292 0.389470
vt 0.453510 0.005573
vt 0.400186 0.398921
vt 0.060516 0.535999
vt 0.336549 0.460716
vt 0.406292 0.398921
vt 0.060516 0.542105
vt 0.453510 0.015024
vt 0.055141 0.535999
vt 0.331174 0.460716
vt 0.055141 0.542105
vt 0.458885 0.015024
vt 0.457851 0.006295
vt 0.203223 0.621971
vt 0.849253 0.896311
vt 0.457851 0.012109
vt 0.203223 0.627786
vt 0.908613 0.343088
vt 0.454545 0.012109
vt 0.908613 0.339783
vt 0.169407 0.627786
vt 0.454545 0.006295
vt 0.169407 0.621971
vt 0.849253 0.893005
vt 0.604498 0.258843
vt 0.203130 0.621971
vt 0.849160 0.896311
vt 0.604498 0.264658
vt 0.203130 0.627786
vt 0.908706 0.343088
vt 0.601192 0.264658
vt 0.908706 0.339783
vt 0.169500 0.627786
vt 0.601192 0.258843
vt 0.169500 0.621971
vt 0.849160 0.893005
vt 0.771725 0.404957
vt 0.770986 0.404957
vt 0.831563 0.223208
vt 0.771725 0.400360
vt 0.754302 0.934254
vt 0.770986 0.400360
vt 0.754302 0.934993
vt 0.831563 0.218611
vt 0.753677 0.934254
vt 0.124439 0.767321
vt 0.753677 0.934993
vt 0.125179 0.767321
vt 0.830938 0.218611
vt 0.124439 0.771917
vt 0.125179 0.771917
vt 0.830938 0.223208
vt 0.982713 0.306390
vt 0.982713 0.307129
vt 0.136169 0.921266
vt 0.982898 0.381497
vt 0.982898 0.380758
vt 0.136169 0.920070
vt 0.983386 0.381497
vt 0.088134 0.907727
vt 0.983386 0.380758
vt 0.088873 0.907727
vt 0.135680 0.920070
vt 0.088134 0.908923
vt 0.983201 0.306390
vt 0.088873 0.908923
vt 0.983201 0.307129
vt 0.135680 0.921266
vt 0.437000 0.686255
vt 0.437624 0.932918
vt 0.437739 0.686255
vt 0.437624 0.932179
vt 0.831563 0.175975
vt 0.437000 0.690852
vt 0.437739 0.690852
vt 0.831563 0.171378
vt 0.772360 0.223208
vt 0.771621 0.223208
vt 0.830938 0.171378
vt 0.772360 0.218611
vt 0.436999 0.932918
vt 0.771621 0.218611
vt 0.436999 0.932179
vt 0.830938 0.175975
vt 0.679980 0.622919
vt 0.535661 0.956689
vt 0.680719 0.622919
vt 0.535661 0.955950
vt 0.867581 0.455859
vt 0.679980 0.627516
vt 0.680719 0.627516
vt 0.867581 0.451262
vt 0.065746 0.771917
vt 0.065007 0.771917
vt 0.866957 0.451262
vt 0.065746 0.767321
vt 0.535036 0.956689
vt 0.065007 0.767321
vt 0.535036 0.955950
vt 0.866957 0.455859
vt 0.675893 0.368871
vt 0.955658 0.855385
vt 0.676632 0.368871
vt 0.955658 0.854646
vt 0.867078 0.041659
vt 0.675893 0.373468
vt 0.676632 0.373468
vt 0.867078 0.037062
vt 0.708365 0.771648
vt 0.707626 0.771648
vt 0.866453 0.037062
vt 0.708365 0.767051
vt 0.955033 0.855385
vt 0.707626 0.767051
vt 0.955033 0.854646
vt 0.866453 0.041659
vt 0.664006 0.431848
vt 0.671901 0.934993
vt 0.664746 0.431848
vt 0.671901 0.934254
vt 0.831475 0.242843
vt 0.664006 0.436445
vt 0.664746 0.436445
vt 0.831475 0.238246
vt 0.366419 0.769573
vt 0.365680 0.769573
vt 0.830851 0.238246
vt 0.366419 0.764976
vt 0.671276 0.934993
vt 0.365680 0.764976
vt 0.671276 0.934254
vt 0.830851 0.242843
vt 0.535923 0.215656
vt 0.469013 0.258843
vt 0.535923 0.209550
vt 0.474388 0.300042
vt 0.541298 0.215656
vt 0.401551 0.154449
vt 0.474388 0.258843
vt 0.541298 0.209550
vt 0.407657 0.154449
vt 0.469013 0.300042
vt 0.401551 0.163900
vt 0.126606 0.535999
vt 0.474388 0.268294
vt 0.407657 0.163900
vt 0.126606 0.542105
vt 0.469013 0.309493
vt 0.121231 0.535999
vt 0.469013 0.268294
vt 0.121231 0.542105
vt 0.474388 0.309493
vt 0.473353 0.300764
vt 0.654198 0.468223
vt 0.095595 0.896580
vt 0.473353 0.306578
vt 0.654198 0.474037
vt 0.290376 0.909816
vt 0.470047 0.306578
vt 0.290376 0.906510
vt 0.654104 0.457076
vt 0.470047 0.300764
vt 0.654104 0.451262
vt 0.095595 0.893274
vt 0.627346 0.325329
vt 0.654104 0.468223
vt 0.095502 0.896580
vt 0.627346 0.331143
vt 0.654104 0.474037
vt 0.290470 0.909816
vt 0.624040 0.331143
vt 0.290470 0.906510
vt 0.654198 0.457076
vt 0.624040 0.325329
vt 0.654198 0.451262
vt 0.095502 0.893274
vt 0.759108 0.590865
vt 0.758369 0.590865
vt 0.867077 0.010171
vt 0.759108 0.586268
vt 0.967680 0.337216
vt 0.758369 0.586268
vt 0.967680 0.337956
vt 0.867077 0.005574
vt 0.967055 0.337216
vt 0.499491 0.749230
vt 0.967055 0.337956
vt 0.500231 0.749230
vt 0.866453 0.005574
vt 0.499491 0.753827
vt 0.500231 0.753827
vt 0.866453 0.010171
vt 0.982898 0.416418
vt 0.982898 0.417157
vt 0.925182 0.169172
vt 0.982898 0.405270
vt 0.982898 0.404531
vt 0.925182 0.167976
vt 0.983386 0.405270
vt 0.912983 0.500633
vt 0.983386 0.404531
vt 0.913722 0.500633
vt 0.924694 0.167976
vt 0.912983 0.501829
vt 0.983386 0.416418
vt 0.913722 0.501829
vt 0.983386 0.417157
vt 0.924694 0.169172
vt 0.487605 0.670509
vt 0.955657 0.879158
vt 0.488344 0.670509
vt 0.955657 0.878419
vt 0.866878 0.207464
vt 0.487605 0.675106
vt 0.488344 0.675106
vt 0.866878 0.202867
vt 0.303763 0.739212
vt 0.303023 0.739212
vt 0.866253 0.202867
vt 0.303763 0.734615
vt 0.955033 0.879158
vt 0.303023 0.734615
vt 0.955033 0.878419
vt 0.866253 0.207464
vt 0.675708 0.274588
vt 0.207624 0.933153
vt 0.676447 0.274588
vt 0.207624 0.932413
vt 0.827116 0.818881
vt 0.675708 0.279185
vt 0.676447 0.279185
vt 0.827116 0.814284
vt 0.736700 0.207464
vt 0.735961 0.207464
vt 0.826491 0.814284
vt 0.736700 0.202867
vt 0.207000 0.933153
vt 0.735961 0.202867
vt 0.207000 0.932413
vt 0.826491 0.818881
vt 0.660080 0.672586
vt 0.243054 0.933153
vt 0.660819 0.672586
vt 0.243054 0.932413
vt 0.827116 0.755904
vt 0.660080 0.677183
vt 0.660819 0.677183
vt 0.827116 0.751307
vt 0.724724 0.242843
vt 0.723985 0.242843
vt 0.826491 0.751307
vt 0.724724 0.238246
vt 0.242430 0.933153
vt 0.723985 0.238246
vt 0.242430 0.932413
vt 0.826491 0.755904
vt 0.676528 0.141107
vt 0.425508 0.956691
vt 0.677267 0.141107
vt 0.425508 0.955952
vt 0.866878 0.191719
vt 0.676528 0.145704
vt 0.677267 0.145704
vt 0.866878 0.187122
vt 0.113292 0.724685
vt 0.112553 0.724685
vt 0.866253 0.187122
vt 0.113292 0.720088
vt 0.424883 0.956691
vt 0.112553 0.720088
vt 0.424883 0.955952
vt 0.866253 0.191719
vt 0.269933 0.542105
vt 0.486355 0.092657
vt 0.269933 0.535999
vt 0.491730 0.113255
vt 0.275308 0.542105
vt 0.266214 0.412413
vt 0.491730 0.092657
vt 0.275308 0.535999
vt 0.272320 0.412413
vt 0.486355 0.113255
vt 0.266214 0.421864
vt 0.093561 0.535999
vt 0.491730 0.102108
vt 0.272320 0.421864
vt 0.093561 0.542105
vt 0.486355 0.122705
vt 0.088186 0.535999
vt 0.486355 0.102108
vt 0.088186 0.542105
vt 0.491730 0.122705
vt 0.490696 0.113976
vt 0.645705 0.639880
vt 0.050631 0.896580
vt 0.490696 0.119790
vt 0.645705 0.645695
vt 0.646672 0.910764
vt 0.487390 0.119790
vt 0.646672 0.907458
vt 0.652035 0.594516
vt 0.487390 0.113976
vt 0.652035 0.588701
vt 0.050631 0.893274
vt 0.619136 0.385832
vt 0.645611 0.639880
vt 0.050538 0.896580
vt 0.619136 0.391646
vt 0.645611 0.645695
vt 0.646766 0.910764
vt 0.615830 0.391646
vt 0.646766 0.907458
vt 0.652129 0.594516
vt 0.615830 0.385832
vt 0.652129 0.588701
vt 0.050538 0.893274
vt 0.220271 0.708941
vt 0.219532 0.708941
vt 0.291531 0.880910
vt 0.220271 0.704344
vt 0.940752 0.977580
vt 0.219532 0.704344
vt 0.940752 0.978320
vt 0.291531 0.876313
vt 0.940128 0.977580
vt 0.648193 0.704074
vt 0.940128 0.978320
vt 0.648933 0.704074
vt 0.290907 0.876313
vt 0.648193 0.708671
vt 0.648933 0.708671
vt 0.290907 0.880910
vt 0.983418 0.104544
vt 0.983418 0.105283
vt 0.931978 0.744437
vt 0.983330 0.238985
vt 0.983330 0.238246
vt 0.931978 0.743242
vt 0.983818 0.238985
vt 0.499491 0.919834
vt 0.983818 0.238246
vt 0.500231 0.919834
vt 0.931490 0.743242
vt 0.499491 0.921029
vt 0.983906 0.104544
vt 0.500231 0.921029
vt 0.983906 0.105283
vt 0.931490 0.744437
vt 0.688415 0.155634
vt 0.976067 0.976951
vt 0.689154 0.155634
vt 0.976067 0.976211
vt 0.719907 0.881858
vt 0.688415 0.160231
vt 0.689154 0.160231
vt 0.719907 0.877261
vt 0.701240 0.073147
vt 0.700501 0.073147
vt 0.719283 0.877261
vt 0.701240 0.068550
vt 0.975443 0.976951
vt 0.700501 0.068550
vt 0.975443 0.976211
vt 0.719283 0.881858
vt 0.688415 0.218611
vt 0.952524 0.976951
vt 0.689154 0.218611
vt 0.952524 0.976211
vt 0.882101 0.643261
vt 0.688415 0.223208
vt 0.689154 0.223208
vt 0.882101 0.638664
vt 0.700951 0.242843
vt 0.700212 0.242843
vt 0.881477 0.638664
vt 0.700951 0.238246
vt 0.951900 0.976951
vt 0.700212 0.238246
vt 0.951900 0.976211
vt 0.881477 0.643261
vt 0.401340 0.686255
vt 0.836703 0.934993
vt 0.402079 0.686255
vt 0.836703 0.934254
vt 0.535775 0.832548
vt 0.401340 0.690852
vt 0.402079 0.690852
vt 0.535775 0.827951
vt 0.648933 0.692927
vt 0.648193 0.692927
vt 0.535151 0.827951
vt 0.648933 0.688330
vt 0.836079 0.934993
vt 0.648193 0.688330
vt 0.836079 0.934254
vt 0.535151 0.832548
vt 0.499491 0.686253
vt 0.195278 0.956926
vt 0.500231 0.686253
vt 0.195278 0.956186
vt 0.866790 0.242843
vt 0.499491 0.690850
vt 0.500231 0.690850
vt 0.866790 0.238246
vt 0.303763 0.691979
vt 0.303023 0.691979
vt 0.866166 0.238246
vt 0.303763 0.687382
vt 0.194654 0.956926
vt 0.303023 0.687382
vt 0.194654 0.956186
vt 0.866166 0.242843
vt 0.253410 0.542105
vt 0.535103 0.258844
vt 0.253410 0.535999
vt 0.539932 0.513055
vt 0.258786 0.542105
vt 0.231499 0.433011
vt 0.540478 0.258844
vt 0.258786 0.535999
vt 0.237605 0.433011
vt 0.534557 0.513055
vt 0.231499 0.442461
vt 0.176173 0.535999
vt 0.540478 0.268294
vt 0.237605 0.442461
vt 0.176173 0.542105
vt 0.534557 0.522505
vt 0.170798 0.535999
vt 0.535103 0.268294
vt 0.170798 0.542105
vt 0.539932 0.522505
vt 0.538898 0.513776
vt 0.005667 0.655894
vt 0.725453 0.896311
vt 0.538898 0.519590
vt 0.005667 0.661708
vt 0.714118 0.910764
vt 0.535592 0.519590
vt 0.714118 0.907458
vt 0.451945 0.659361
vt 0.535592 0.513776
vt 0.451945 0.653548
vt 0.725453 0.893005
vt 0.619971 0.074294
vt 0.005574 0.655894
vt 0.725359 0.896311
vt 0.619971 0.080107
vt 0.005574 0.661708
vt 0.714212 0.910764
vt 0.616665 0.080107
vt 0.714212 0.907458
vt 0.452039 0.659361
vt 0.616665 0.074294
vt 0.452039 0.653548
vt 0.725359 0.893005
vt 0.125179 0.693196
vt 0.124439 0.693196
vt 0.850659 0.881858
vt 0.125179 0.688599
vt 0.976067 0.916778
vt 0.124439 0.688599
vt 0.976067 0.917518
vt 0.850659 0.877261
vt 0.975443 0.916778
vt 0.160099 0.688599
vt 0.975443 0.917518
vt 0.160838 0.688599
vt 0.850035 0.877261
vt 0.160099 0.693196
vt 0.160838 0.693196
vt 0.850035 0.881858
vt 0.983591 0.451262
vt 0.983591 0.452001
vt 0.924479 0.297068
vt 0.983416 0.203920
vt 0.983416 0.203180
vt 0.924479 0.295873
vt 0.983904 0.203920
vt 0.919604 0.792932
vt 0.983904 0.203180
vt 0.920343 0.792932
vt 0.923991 0.295873
vt 0.919604 0.794127
vt 0.984079 0.451262
vt 0.920343 0.794127
vt 0.984079 0.452001
vt 0.923991 0.297068
vt 0.377567 0.686255
vt 0.975191 0.635545
vt 0.378306 0.686255
vt 0.975191 0.634806
vt 0.874203 0.881858
vt 0.377567 0.690852
vt 0.378306 0.690852
vt 0.874203 0.877261
vt 0.575592 0.693507
vt 0.574853 0.693507
vt 0.873579 0.877261
vt 0.575592 0.688910
vt 0.974567 0.635545
vt 0.574853 0.688910
vt 0.974567 0.634806
vt 0.873579 0.881858
vt 0.689119 0.514239
vt 0.975191 0.623659
vt 0.689858 0.514239
vt 0.975191 0.622919
vt 0.006198 0.882127
vt 0.689119 0.518836
vt 0.689858 0.518836
vt 0.006198 0.877530
vt 0.699675 0.590865
vt 0.698936 0.590865
vt 0.005574 0.877530
vt 0.699675 0.586268
vt 0.974567 0.623659
vt 0.698936 0.586268
vt 0.974567 0.622919
vt 0.005574 0.882127
vt 0.688614 0.052806
vt 0.959794 0.271470
vt 0.689354 0.052806
vt 0.959794 0.270730
vt 0.613043 0.866114
vt 0.688614 0.057403
vt 0.689354 0.057403
vt 0.613043 0.861517
vt 0.701040 0.097254
vt 0.700301 0.097254
vt 0.612419 0.861517
vt 0.701040 0.092657
vt 0.959169 0.271470
vt 0.700301 0.092657
vt 0.959169 0.270730
vt 0.612419 0.866114
vt 0.688614 0.005574
vt 0.959979 0.381497
vt 0.689354 0.005574
vt 0.959979 0.380758
vt 0.660589 0.866114
vt 0.688614 0.010171
vt 0.689354 0.010171
vt 0.660589 0.861517
vt 0.701040 0.175975
vt 0.700301 0.175975
vt 0.659965 0.861517
vt 0.701040 0.171378
vt 0.959354 0.381497
vt 0.700301 0.171378
vt 0.959354 0.380758
vt 0.659965 0.866114
vt 0.104708 0.542105
vt 0.203843 0.494804
vt 0.104708 0.535999
vt 0.308353 0.494804
vt 0.110083 0.542105
vt 0.417984 0.238246
vt 0.209218 0.494804
vt 0.110083 0.535999
vt 0.424090 0.238246
vt 0.302978 0.494804
vt 0.417984 0.247697
vt 0.541298 0.192297
vt 0.209218 0.504254
vt 0.424090 0.247697
vt 0.541298 0.198403
vt 0.302978 0.504254
vt 0.535923 0.192297
vt 0.203843 0.504254
vt 0.535923 0.198403
vt 0.308353 0.504254
vt 0.307318 0.495525
vt 0.645705 0.622920
vt 0.452039 0.894234
vt 0.307318 0.501339
vt 0.645705 0.628733
vt 0.781564 0.910764
vt 0.304013 0.501339
vt 0.781564 0.907458
vt 0.584803 0.646274
vt 0.304013 0.495525
vt 0.584803 0.640460
vt 0.452039 0.890928
vt 0.368986 0.619627
vt 0.645611 0.622920
vt 0.451945 0.894234
vt 0.368986 0.625441
vt 0.645611 0.628733
vt 0.781658 0.910764
vt 0.365680 0.625441
vt 0.781658 0.907458
vt 0.584896 0.646274
vt 0.365680 0.619627
vt 0.584896 0.640460
vt 0.451945 0.890928
vt 0.701745 0.503092
vt 0.701005 0.503092
vt 0.017970 0.882127
vt 0.701745 0.498495
vt 0.972444 0.512520
vt 0.701005 0.498495
vt 0.972444 0.513259
vt 0.017970 0.877530
vt 0.971819 0.512520
vt 0.701005 0.514239
vt 0.971819 0.513259
vt 0.701745 0.514239
vt 0.017345 0.877530
vt 0.701005 0.518836
vt 0.701745 0.518836
vt 0.017345 0.882127
vt 0.983591 0.486922
vt 0.983591 0.487661
vt 0.931978 0.794127
vt 0.983591 0.475775
vt 0.983591 0.475035
vt 0.931978 0.792932
vt 0.984079 0.475775
vt 0.919604 0.866989
vt 0.984079 0.475035
vt 0.920343 0.866989
vt 0.931490 0.792932
vt 0.919604 0.868184
vt 0.984079 0.486922
vt 0.920343 0.868184
vt 0.984079 0.487661
vt 0.931490 0.794127
vt 0.687780 0.431848
vt 0.972444 0.500004
vt 0.688519 0.431848
vt 0.972444 0.499265
vt 0.862431 0.881858
vt 0.687780 0.436445
vt 0.688519 0.436445
vt 0.862431 0.877261
vt 0.464571 0.706594
vt 0.463831 0.706594
vt 0.861807 0.877261
vt 0.464571 0.701997
vt 0.971819 0.500004
vt 0.463831 0.701997
vt 0.971819 0.499265
vt 0.861807 0.881858
vt 0.687780 0.400360
vt 0.972468 0.041973
vt 0.688519 0.400360
vt 0.972468 0.041233
vt 0.766994 0.881858
vt 0.687780 0.404957
vt 0.688519 0.404957
vt 0.766994 0.877261
vt 0.535890 0.706594
vt 0.535151 0.706594
vt 0.766369 0.877261
vt 0.535890 0.701997
vt 0.971844 0.041973
vt 0.535151 0.701997
vt 0.971844 0.041233
vt 0.766369 0.881858
vt 0.687780 0.384616
vt 0.964295 0.917518
vt 0.688519 0.384616
vt 0.964295 0.916778
vt 0.743450 0.866114
vt 0.687780 0.389213
vt 0.688519 0.389213
vt 0.743450 0.861517
vt 0.303763 0.707724
vt 0.303023 0.707724
vt 0.742826 0.861517
vt 0.303763 0.703127
vt 0.963671 0.917518
vt 0.303023 0.703127
vt 0.963671 0.916778
vt 0.742826 0.866114
vt 0.687780 0.368871
vt 0.964295 0.929404
vt 0.688519 0.368871
vt 0.964295 0.928665
vt 0.767569 0.866114
vt 0.687780 0.373468
vt 0.688519 0.373468
vt 0.767569 0.861517
vt 0.708365 0.692927
vt 0.707626 0.692927
vt 0.766944 0.861517
vt 0.708365 0.688330
vt 0.963671 0.929404
vt 0.707626 0.688330
vt 0.963671 0.928665
vt 0.766944 0.866114
vt 0.431770 0.539760
vt 0.519600 0.046769
vt 0.431770 0.533654
vt 0.540663 0.368872
vt 0.437145 0.539760
vt 0.196784 0.433011
vt 0.524975 0.046769
vt 0.437145 0.533654
vt 0.202889 0.433011
vt 0.535288 0.368872
vt 0.196784 0.442461
vt 0.043994 0.535999
vt 0.524975 0.056220
vt 0.202889 0.442461
vt 0.043994 0.542105
vt 0.535288 0.378322
vt 0.038619 0.535999
vt 0.519600 0.056220
vt 0.038619 0.542105
vt 0.540663 0.378322
vt 0.539628 0.369593
vt 0.410738 0.653549
vt 0.005667 0.896580
vt 0.539628 0.375407
vt 0.410738 0.659363
vt 0.815287 0.910764
vt 0.536322 0.375407
vt 0.815287 0.907458
vt 0.474427 0.659361
vt 0.536322 0.369593
vt 0.474427 0.653548
vt 0.005667 0.893274
vt 0.619771 0.160793
vt 0.410644 0.653549
vt 0.005574 0.896580
vt 0.619771 0.166607
vt 0.410644 0.659363
vt 0.815381 0.910764
vt 0.616465 0.166607
vt 0.815381 0.907458
vt 0.474521 0.659361
vt 0.616465 0.160793
vt 0.474521 0.653548
vt 0.005574 0.893274
vt 0.065746 0.708941
vt 0.065006 0.708941
vt 0.672016 0.881858
vt 0.065746 0.704344
vt 0.972468 0.029347
vt 0.065006 0.704344
vt 0.972468 0.030086
vt 0.672016 0.877261
vt 0.971844 0.029347
vt 0.088780 0.704344
vt 0.971844 0.030086
vt 0.089519 0.704344
vt 0.671392 0.877261
vt 0.088780 0.708941
vt 0.089519 0.708941
vt 0.671392 0.881858
vt 0.987214 0.893005
vt 0.987214 0.893745
vt 0.931978 0.670380
vt 0.986339 0.635545
vt 0.986339 0.634806
vt 0.931978 0.669185
vt 0.986827 0.635545
vt 0.401340 0.919836
vt 0.986827 0.634806
vt 0.402079 0.919836
vt 0.931490 0.669185
vt 0.401340 0.921031
vt 0.987702 0.893005
vt 0.402079 0.921031
vt 0.987702 0.893745
vt 0.931490 0.670380
vt 0.684103 0.325330
vt 0.972444 0.463888
vt 0.684842 0.325330
vt 0.972444 0.463149
vt 0.660244 0.881858
vt 0.684103 0.329927
vt 0.684842 0.329927
vt 0.660244 0.877261
vt 0.196498 0.708941
vt 0.195759 0.708941
vt 0.659620 0.877261
vt 0.196498 0.704344
vt 0.971820 0.463888
vt 0.195759 0.704344
vt 0.971820 0.463149
vt 0.659620 0.881858
vt 0.683853 0.656842
vt 0.972468 0.006313
vt 0.684592 0.656842
vt 0.972468 0.005574
vt 0.648473 0.881858
vt 0.683853 0.661439
vt 0.684592 0.661439
vt 0.648473 0.877261
vt 0.551819 0.709251
vt 0.551080 0.709251
vt 0.647849 0.877261
vt 0.551819 0.704654
vt 0.971844 0.006313
vt 0.551080 0.704654
vt 0.971844 0.005574
vt 0.647849 0.881858
vt 0.574853 0.673166
vt 0.967293 0.753130
vt 0.575592 0.673166
vt 0.967293 0.752391
vt 0.866358 0.373468
vt 0.574853 0.677763
vt 0.575592 0.677763
vt 0.866358 0.368871
vt 0.712927 0.112998
vt 0.712188 0.112998
vt 0.865734 0.368871
vt 0.712927 0.108401
vt 0.966669 0.753130
vt 0.712188 0.108401
vt 0.966669 0.752391
vt 0.865734 0.373468
vt 0.562966 0.673166
vt 0.967293 0.729357
vt 0.563706 0.673166
vt 0.967293 0.728617
vt 0.866358 0.389212
vt 0.562966 0.677763
vt 0.563706 0.677763
vt 0.866358 0.384616
vt 0.712927 0.207464
vt 0.712188 0.207464
vt 0.865734 0.384616
vt 0.712927 0.202867
vt 0.966669 0.729357
vt 0.712188 0.202867
vt 0.966669 0.728617
vt 0.865734 0.389212
vt 0.365680 0.539760
vt 0.485720 0.410067
vt 0.365680 0.533654
vt 0.473843 0.471860
vt 0.371055 0.539760
vt 0.401551 0.175048
vt 0.491095 0.410067
vt 0.371055 0.533654
vt 0.407657 0.175048
vt 0.468467 0.471860
vt 0.401551 0.184498
vt 0.291831 0.535999
vt 0.491095 0.419517
vt 0.407657 0.184498
vt 0.291831 0.542105
vt 0.468467 0.481310
vt 0.286455 0.535999
vt 0.485720 0.419517
vt 0.286455 0.542105
vt 0.473843 0.481310
vt 0.472808 0.472581
vt 0.631012 0.195300
vt 0.061872 0.896580
vt 0.472808 0.478395
vt 0.631012 0.201113
vt 0.860401 0.910764
vt 0.469502 0.478395
vt 0.860401 0.907458
vt 0.630918 0.218074
vt 0.469502 0.472581
vt 0.630918 0.212261
vt 0.061872 0.893274
vt 0.605518 0.074294
vt 0.630918 0.195300
vt 0.061779 0.896580
vt 0.605518 0.080107
vt 0.630918 0.201113
vt 0.860494 0.910764
vt 0.602212 0.080107
vt 0.860494 0.907458
vt 0.631012 0.218074
vt 0.602212 0.074294
vt 0.631012 0.212261
vt 0.061779 0.893274
vt 0.713631 0.518836
vt 0.712892 0.518836
vt 0.660704 0.834625
vt 0.713631 0.514239
vt 0.660129 0.946141
vt 0.712892 0.514239
vt 0.660129 0.946880
vt 0.660704 0.830028
vt 0.659505 0.946141
vt 0.463831 0.717741
vt 0.659505 0.946880
vt 0.464571 0.717741
vt 0.660080 0.830028
vt 0.463831 0.722338
vt 0.464571 0.722338
vt 0.660080 0.834625
vt 0.987214 0.964325
vt 0.987214 0.965064
vt 0.670948 0.923107
vt 0.987214 0.953177
vt 0.987214 0.952438
vt 0.670948 0.921911
vt 0.987702 0.953177
vt 0.254812 0.907727
vt 0.987702 0.952438
vt 0.255551 0.907727
vt 0.670460 0.921911
vt 0.254812 0.908923
vt 0.987702 0.964325
vt 0.255551 0.908923
vt 0.987702 0.965064
vt 0.670460 0.923107
vt 0.183872 0.672855
vt 0.936954 0.192033
vt 0.184612 0.672855
vt 0.936954 0.191294
vt 0.743910 0.834625
vt 0.183872 0.677452
vt 0.184612 0.677452
vt 0.743910 0.830028
vt 0.500230 0.722338
vt 0.499491 0.722338
vt 0.743286 0.830028
vt 0.500230 0.717741
vt 0.936329 0.192033
vt 0.499491 0.717741
vt 0.936329 0.191294
vt 0.743286 0.834625
vt 0.148213 0.672855
vt 0.936250 0.283813
vt 0.148952 0.672855
vt 0.936250 0.283073
vt 0.791456 0.834625
vt 0.148213 0.677452
vt 0.148952 0.677452
vt 0.791456 0.830028
vt 0.723448 0.590865
vt 0.722709 0.590865
vt 0.790832 0.830028
vt 0.723448 0.586268
vt 0.935626 0.283813
vt 0.722709 0.586268
vt 0.935626 0.283073
vt 0.790832 0.834625
vt 0.124439 0.672855
vt 0.136305 0.945039
vt 0.125179 0.672855
vt 0.136305 0.944300
vt 0.006198 0.834894
vt 0.124439 0.677452
vt 0.125179 0.677452
vt 0.006198 0.830297
vt 0.303763 0.723468
vt 0.303023 0.723468
vt 0.005574 0.830297
vt 0.303763 0.718871
vt 0.135680 0.945039
vt 0.303023 0.718871
vt 0.135680 0.944300
vt 0.005574 0.834894
vt 0.088780 0.672855
vt 0.936250 0.296612
vt 0.089519 0.672855
vt 0.936250 0.295872
vt 0.838888 0.803137
vt 0.088780 0.677452
vt 0.089519 0.677452
vt 0.838888 0.798540
vt 0.723994 0.310673
vt 0.723254 0.310673
vt 0.838264 0.798540
vt 0.723994 0.306076
vt 0.935626 0.296612
vt 0.723254 0.306076
vt 0.935626 0.295872
vt 0.838264 0.803137
vt 0.536122 0.028932
vt 0.269933 0.474206
vt 0.536122 0.022827
vt 0.225741 0.474206
vt 0.541498 0.028932
vt 0.040079 0.412413
vt 0.275308 0.474206
vt 0.541498 0.022827
vt 0.046185 0.412413
vt 0.220366 0.474206
vt 0.040079 0.421864
vt 0.523410 0.533653
vt 0.275308 0.483656
vt 0.046185 0.421864
vt 0.523410 0.539758
vt 0.220366 0.483656
vt 0.518035 0.533653
vt 0.269933 0.483656
vt 0.518035 0.539758
vt 0.225741 0.483656
vt 0.224706 0.474928
vt 0.640888 0.554780
vt 0.736694 0.896311
vt 0.224706 0.480742
vt 0.640888 0.560594
vt 0.702877 0.910764
vt 0.221400 0.480742
vt 0.702877 0.907458
vt 0.640794 0.611479
vt 0.221400 0.474928
vt 0.640794 0.605665
vt 0.736694 0.893005
vt 0.334480 0.602668
vt 0.640794 0.554780
vt 0.736600 0.896311
vt 0.334480 0.608482
vt 0.640794 0.560594
vt 0.702971 0.910764
vt 0.331174 0.608482
vt 0.702971 0.907458
vt 0.640888 0.611479
vt 0.331174 0.602668
vt 0.640888 0.605665
vt 0.736600 0.893005
vt 0.030086 0.724685
vt 0.029347 0.724685
vt 0.219811 0.834894
vt 0.030086 0.720088
vt 0.936955 0.116430
vt 0.029347 0.720088
vt 0.936955 0.117170
vt 0.219811 0.830297
vt 0.936331 0.116430
vt 0.065006 0.720088
vt 0.936331 0.117170
vt 0.065746 0.720088
vt 0.219187 0.830297
vt 0.065006 0.724685
vt 0.065746 0.724685
vt 0.219187 0.834894
vt 0.987214 0.988098
vt 0.987214 0.988837
vt 0.752396 0.923107
vt 0.987214 0.976951
vt 0.987214 0.976211
vt 0.752396 0.921911
vt 0.987702 0.976951
vt 0.123794 0.907727
vt 0.987702 0.976211
vt 0.124533 0.907727
vt 0.751908 0.921911
vt 0.123794 0.908923
vt 0.987702 0.988098
vt 0.124533 0.908923
vt 0.987702 0.988837
vt 0.751908 0.923107
vt 0.676528 0.172595
vt 0.488114 0.944803
vt 0.677267 0.172595
vt 0.488114 0.944063
vt 0.575362 0.835205
vt 0.676528 0.177192
vt 0.677267 0.177192
vt 0.575362 0.830608
vt 0.125179 0.724685
vt 0.124439 0.724685
vt 0.574738 0.830608
vt 0.125179 0.720088
vt 0.487489 0.944803
vt 0.124439 0.720088
vt 0.487489 0.944063
vt 0.574738 0.835205
vt 0.676528 0.156851
vt 0.148076 0.945039
vt 0.677267 0.156851
vt 0.148076 0.944300
vt 0.838888 0.692927
vt 0.676528 0.161448
vt 0.677267 0.161448
vt 0.838888 0.688330
vt 0.184612 0.724685
vt 0.183872 0.724685
vt 0.838264 0.688330
vt 0.184612 0.720088
vt 0.147452 0.945039
vt 0.183872 0.720088
vt 0.147452 0.944300
vt 0.838264 0.692927
vt 0.676528 0.125362
vt 0.303303 0.945932
vt 0.677267 0.125362
vt 0.303303 0.945193
vt 0.838888 0.755904
vt 0.676528 0.129959
vt 0.677267 0.129959
vt 0.838888 0.751307
vt 0.724814 0.207464
vt 0.724074 0.207464
vt 0.838264 0.751307
vt 0.724814 0.202867
vt 0.302678 0.945932
vt 0.724074 0.202867
vt 0.302678 0.945193
vt 0.838264 0.755904
vt 0.648193 0.672586
vt 0.315074 0.945932
vt 0.648933 0.672586
vt 0.315074 0.945193
vt 0.838888 0.818881
vt 0.648193 0.677183
vt 0.648933 0.677183
vt 0.838888 0.814284
vt 0.575592 0.724996
vt 0.574853 0.724996
vt 0.838264 0.814284
vt 0.575592 0.720399
vt 0.314450 0.945932
vt 0.574853 0.720399
vt 0.314450 0.945193
vt 0.838264 0.818881
vt 0.071663 0.542105
vt 0.071663 0.474206
vt 0.071663 0.535999
vt 0.126606 0.474206
vt 0.077039 0.542105
vt 0.401551 0.216243
vt 0.077039 0.474206
vt 0.077039 0.535999
vt 0.407657 0.216243
vt 0.121231 0.474206
vt 0.401551 0.225693
vt 0.192696 0.535999
vt 0.077039 0.483656
vt 0.407657 0.225693
vt 0.192696 0.542105
vt 0.121231 0.483656
vt 0.187321 0.535999
vt 0.071663 0.483656
vt 0.187321 0.542105
vt 0.126606 0.483656
vt 0.125571 0.474928
vt 0.188770 0.638933
vt 0.826622 0.896311
vt 0.125571 0.480742
vt 0.188770 0.644747
vt 0.519391 0.908687
vt 0.122266 0.480742
vt 0.519391 0.905381
vt 0.132472 0.644747
vt 0.122266 0.474928
vt 0.132472 0.638933
vt 0.826622 0.893005
vt 0.298006 0.605011
vt 0.188677 0.638933
vt 0.826528 0.896311
vt 0.298006 0.610824
vt 0.188677 0.644747
vt 0.519484 0.908687
vt 0.294700 0.610824
vt 0.519484 0.905381
vt 0.132566 0.644747
vt 0.294700 0.605011
vt 0.132566 0.638933
vt 0.826528 0.893005
vt 0.725518 0.455859
vt 0.724778 0.455859
vt 0.850910 0.329927
vt 0.725518 0.451262
vt 0.948727 0.092657
vt 0.724778 0.451262
vt 0.948727 0.093397
vt 0.850910 0.325330
vt 0.948103 0.092657
vt 0.734595 0.602012
vt 0.948103 0.093397
vt 0.735335 0.602012
vt 0.850285 0.325330
vt 0.734595 0.606609
vt 0.735335 0.606609
vt 0.850285 0.329927
vt 0.990076 0.776164
vt 0.990076 0.776903
vt 0.845480 0.923107
vt 0.990076 0.765017
vt 0.990076 0.764277
vt 0.845480 0.921911
vt 0.990564 0.765017
vt 0.562966 0.908038
vt 0.990564 0.764277
vt 0.563706 0.908038
vt 0.844991 0.921911
vt 0.562966 0.909234
vt 0.990564 0.776164
vt 0.563706 0.909234
vt 0.990564 0.776903
vt 0.844991 0.923107
vt 0.675893 0.400360
vt 0.948207 0.381497
vt 0.676632 0.400360
vt 0.948207 0.380758
vt 0.850660 0.755904
vt 0.675893 0.404957
vt 0.676632 0.404957
vt 0.850660 0.751307
vt 0.736700 0.097254
vt 0.735961 0.097254
vt 0.850035 0.751307
vt 0.736700 0.092657
vt 0.947583 0.381497
vt 0.735961 0.092657
vt 0.947583 0.380758
vt 0.850035 0.755904
vt 0.675893 0.384616
vt 0.512002 0.944803
vt 0.676632 0.384616
vt 0.512002 0.944063
vt 0.232043 0.834894
vt 0.675893 0.389213
vt 0.676632 0.389213
vt 0.232043 0.830297
vt 0.736700 0.128743
vt 0.735961 0.128743
vt 0.231419 0.830297
vt 0.736700 0.124146
vt 0.511378 0.944803
vt 0.735961 0.124146
vt 0.511378 0.944063
vt 0.231419 0.834894
vt 0.675708 0.306076
vt 0.029325 0.956928
vt 0.676447 0.306076
vt 0.029325 0.956188
vt 0.862431 0.661439
vt 0.675708 0.310673
vt 0.676447 0.310673
vt 0.862431 0.656842
vt 0.736700 0.223208
vt 0.735961 0.223208
vt 0.861807 0.656842
vt 0.736700 0.218611
vt 0.028701 0.956928
vt 0.735961 0.218611
vt 0.028701 0.956188
vt 0.861807 0.661439
vt 0.303023 0.671638
vt 0.401619 0.956691
vt 0.303763 0.671638
vt 0.401619 0.955952
vt 0.862431 0.677183
vt 0.303023 0.676235
vt 0.303763 0.676235
vt 0.862431 0.672586
vt 0.737404 0.455859
vt 0.736665 0.455859
vt 0.861807 0.672586
vt 0.737404 0.451262
vt 0.400995 0.956691
vt 0.736665 0.451262
vt 0.400995 0.955952
vt 0.861807 0.677183
vt 0.382203 0.539760
vt 0.519400 0.113255
vt 0.382203 0.533654
vt 0.508163 0.238246
vt 0.387578 0.539760
vt 0.418804 0.133852
vt 0.524775 0.113255
vt 0.387578 0.533654
vt 0.424910 0.133852
vt 0.502788 0.238246
vt 0.418804 0.143303
vt 0.541498 0.005574
vt 0.524775 0.122705
vt 0.424910 0.143303
vt 0.541498 0.011679
vt 0.502788 0.247697
vt 0.536122 0.005574
vt 0.519400 0.122705
vt 0.536122 0.011679
vt 0.508163 0.247697
vt 0.507129 0.238968
vt 0.642453 0.056457
vt 0.508244 0.894234
vt 0.507129 0.244782
vt 0.642453 0.062271
vt 0.342946 0.908690
vt 0.503823 0.244782
vt 0.342946 0.905384
vt 0.642863 0.474037
vt 0.503823 0.238968
vt 0.642863 0.468223
vt 0.508244 0.890928
vt 0.618406 0.571743
vt 0.642359 0.056457
vt 0.508150 0.894234
vt 0.618406 0.577556
vt 0.642359 0.062271
vt 0.343040 0.908690
vt 0.615100 0.577556
vt 0.343040 0.905384
vt 0.642957 0.474037
vt 0.615100 0.571743
vt 0.642957 0.468223
vt 0.508150 0.890928
vt 0.535890 0.738083
vt 0.535151 0.738083
vt 0.136835 0.850639
vt 0.535890 0.733486
vt 0.741906 0.946880
vt 0.535151 0.733486
vt 0.741906 0.946141
vt 0.136835 0.846042
vt 0.742531 0.946880
vt 0.267364 0.734615
vt 0.742531 0.946141
vt 0.268103 0.734615
vt 0.136211 0.846042
vt 0.267364 0.739212
vt 0.268103 0.739212
vt 0.136211 0.850639
vt 0.990212 0.656842
vt 0.990212 0.657581
vt 0.798938 0.923107
vt 0.990076 0.788790
vt 0.990076 0.788050
vt 0.798938 0.921911
vt 0.990564 0.788790
vt 0.912104 0.295872
vt 0.990564 0.788050
vt 0.912844 0.295872
vt 0.798450 0.921911
vt 0.912104 0.297068
vt 0.990700 0.656842
vt 0.912844 0.297068
vt 0.990700 0.657581
vt 0.798450 0.923107
vt 0.675163 0.586268
vt 0.948639 0.238985
vt 0.675902 0.586268
vt 0.948639 0.238246
vt 0.101291 0.850639
vt 0.675163 0.590865
vt 0.675902 0.590865
vt 0.101291 0.846042
vt 0.315649 0.739212
vt 0.314910 0.739212
vt 0.100666 0.846042
vt 0.315649 0.734615
vt 0.948015 0.238985
vt 0.314910 0.734615
vt 0.948015 0.238246
vt 0.100666 0.850639
vt 0.675163 0.570524
vt 0.952524 0.917518
vt 0.675902 0.570524
vt 0.952524 0.916778
vt 0.041858 0.850639
vt 0.675163 0.575121
vt 0.675902 0.575121
vt 0.041858 0.846042
vt 0.660819 0.740160
vt 0.660080 0.740160
vt 0.041233 0.846042
vt 0.660819 0.735563
vt 0.951899 0.917518
vt 0.660080 0.735563
vt 0.951899 0.916778
vt 0.041233 0.850639
vt 0.499491 0.670509
vt 0.948207 0.394297
vt 0.500231 0.670509
vt 0.948207 0.393557
vt 0.803343 0.850370
vt 0.499491 0.675106
vt 0.500231 0.675106
vt 0.803343 0.845773
vt 0.125179 0.740429
vt 0.124439 0.740429
vt 0.802719 0.845773
vt 0.125179 0.735832
vt 0.947583 0.394297
vt 0.124439 0.735832
vt 0.947583 0.393557
vt 0.802719 0.850370
vt 0.475718 0.670509
vt 0.948198 0.140629
vt 0.476457 0.670509
vt 0.948198 0.139890
vt 0.854401 0.310673
vt 0.475718 0.675106
vt 0.476457 0.675106
vt 0.854401 0.306076
vt 0.160838 0.740429
vt 0.160099 0.740429
vt 0.853777 0.306076
vt 0.160838 0.735832
vt 0.947574 0.140629
vt 0.160099 0.735832
vt 0.947574 0.139890
vt 0.853777 0.310673
vt 0.536122 0.063438
vt 0.468467 0.492457
vt 0.536122 0.057332
vt 0.336549 0.513058
vt 0.541498 0.063438
vt 0.417439 0.410068
vt 0.473843 0.492457
vt 0.541498 0.057332
vt 0.423545 0.410068
vt 0.331174 0.513058
vt 0.417439 0.419519
vt 0.506887 0.533653
vt 0.473843 0.501908
vt 0.423545 0.419519
vt 0.506887 0.539758
vt 0.331174 0.522509
vt 0.501512 0.533653
vt 0.468467 0.501908
vt 0.501512 0.539758
vt 0.336549 0.522509
vt 0.335515 0.513780
vt 0.642453 0.005574
vt 0.871735 0.896311
vt 0.335515 0.519594
vt 0.642453 0.011387
vt 0.905365 0.896311
vt 0.332209 0.519594
vt 0.905365 0.893005
vt 0.211159 0.644747
vt 0.332209 0.513780
vt 0.211159 0.638933
vt 0.871735 0.893005
vt 0.254647 0.605011
vt 0.642359 0.005574
vt 0.871642 0.896311
vt 0.254647 0.610825
vt 0.642359 0.011387
vt 0.905458 0.896311
vt 0.251341 0.610825
vt 0.905458 0.893005
vt 0.211252 0.644747
vt 0.251341 0.605011
vt 0.211252 0.638933
vt 0.871642 0.893005
vt 0.587479 0.740740
vt 0.586739 0.740740
vt 0.862431 0.755904
vt 0.587479 0.736143
vt 0.955522 0.716731
vt 0.586739 0.736143
vt 0.955522 0.717470
vt 0.862431 0.751307
vt 0.954897 0.716731
vt 0.743286 0.656842
vt 0.954897 0.717470
vt 0.744025 0.656842
vt 0.861807 0.751307
vt 0.743286 0.661439
vt 0.744025 0.661439
vt 0.861807 0.755904
vt 0.990212 0.680615
vt 0.990212 0.681354
vt 0.924664 0.394753
vt 0.990212 0.669468
vt 0.990212 0.668728
vt 0.924664 0.393557
vt 0.990700 0.669468
vt 0.912289 0.393557
vt 0.990700 0.668728
vt 0.913029 0.393557
vt 0.924176 0.393557
vt 0.912289 0.394753
vt 0.990700 0.680615
vt 0.913029 0.394753
vt 0.990700 0.681354
vt 0.924176 0.394753
vt 0.343061 0.670512
vt 0.948022 0.295699
vt 0.343800 0.670512
vt 0.948022 0.294960
vt 0.077287 0.850639
vt 0.343061 0.675109
vt 0.343800 0.675109
vt 0.077287 0.846042
vt 0.747767 0.279185
vt 0.747027 0.279185
vt 0.076663 0.846042
vt 0.747767 0.274588
vt 0.947398 0.295699
vt 0.747027 0.274588
vt 0.947398 0.294960
vt 0.076663 0.850639
vt 0.389453 0.670510
vt 0.895561 0.946880
vt 0.390193 0.670510
vt 0.895561 0.946141
vt 0.464456 0.848292
vt 0.389453 0.675107
vt 0.390193 0.675107
vt 0.464456 0.843695
vt 0.747952 0.436445
vt 0.747212 0.436445
vt 0.463831 0.843695
vt 0.747952 0.431848
vt 0.894937 0.946880
vt 0.747212 0.431848
vt 0.894937 0.946141
vt 0.463831 0.848292
vt 0.331174 0.670512
vt 0.952524 0.953177
vt 0.331914 0.670512
vt 0.952524 0.952438
vt 0.172610 0.850639
vt 0.331174 0.675109
vt 0.331914 0.675109
vt 0.172610 0.846042
vt 0.748587 0.144487
vt 0.747847 0.144487
vt 0.171986 0.846042
vt 0.748587 0.139890
vt 0.951899 0.953177
vt 0.747847 0.139890
vt 0.951899 0.952438
vt 0.171986 0.850639
vt 0.672217 0.325330
vt 0.948901 0.513259
vt 0.672956 0.325330
vt 0.948901 0.512520
vt 0.219811 0.850639
vt 0.672217 0.329927
vt 0.672956 0.329927
vt 0.219811 0.846042
vt 0.749291 0.518836
vt 0.748552 0.518836
vt 0.219187 0.846042
vt 0.749291 0.514239
vt 0.948276 0.513259
vt 0.748552 0.514239
vt 0.948276 0.512520
vt 0.219187 0.850639
vt 0.536122 0.046185
vt 0.485535 0.258844
vt 0.536122 0.040080
vt 0.523955 0.300043
vt 0.541498 0.046185
vt 0.365680 0.430666
vt 0.490910 0.258844
vt 0.541498 0.040080
vt 0.371786 0.430666
vt 0.518580 0.300043
vt 0.365680 0.440116
vt 0.027471 0.535999
vt 0.490910 0.268294
vt 0.371786 0.440116
vt 0.027471 0.542105
vt 0.518580 0.309493
vt 0.022096 0.535999
vt 0.485535 0.268294
vt 0.022096 0.542105
vt 0.523955 0.309493
vt 0.522921 0.300764
vt 0.155048 0.638933
vt 0.084354 0.896580
vt 0.522921 0.306578
vt 0.155048 0.644747
vt 0.901742 0.526833
vt 0.519615 0.306578
vt 0.901742 0.523527
vt 0.642359 0.045310
vt 0.519615 0.300764
vt 0.642359 0.039496
vt 0.084354 0.893274
vt 0.211255 0.605011
vt 0.154954 0.638933
vt 0.084261 0.896580
vt 0.211255 0.610825
vt 0.154954 0.644747
vt 0.901835 0.526833
vt 0.207949 0.610825
vt 0.901835 0.523527
vt 0.642453 0.045310
vt 0.207949 0.605011
vt 0.642453 0.039496
vt 0.084261 0.893274
vt 0.279990 0.754956
vt 0.279250 0.754956
vt 0.855106 0.191719
vt 0.279990 0.750359
vt 0.917230 0.954263
vt 0.279250 0.750359
vt 0.917230 0.955003
vt 0.855106 0.187122
vt 0.916606 0.954263
vt 0.291137 0.750359
vt 0.916606 0.955003
vt 0.291876 0.750359
vt 0.854482 0.187122
vt 0.291137 0.754956
vt 0.291876 0.754956
vt 0.854482 0.191719
vt 0.990212 0.878419
vt 0.990212 0.879158
vt 0.857115 0.923107
vt 0.990212 0.705127
vt 0.990212 0.704388
vt 0.857115 0.921911
vt 0.990700 0.705127
vt 0.915730 0.622919
vt 0.990700 0.704388
vt 0.916470 0.622919
vt 0.856627 0.921911
vt 0.915730 0.624115
vt 0.990700 0.878419
vt 0.916470 0.624115
vt 0.990700 0.879158
vt 0.856627 0.923107
vt 0.665346 0.482750
vt 0.943886 0.879615
vt 0.666085 0.482750
vt 0.943886 0.878875
vt 0.720137 0.834625
vt 0.665346 0.487347
vt 0.666085 0.487347
vt 0.720137 0.830028
vt 0.637046 0.755904
vt 0.636307 0.755904
vt 0.719513 0.830028
vt 0.637046 0.751307
vt 0.943262 0.879615
vt 0.636307 0.751307
vt 0.943262 0.878875
vt 0.719513 0.834625
vt 0.665346 0.467006
vt 0.943750 0.706953
vt 0.666085 0.467006
vt 0.943750 0.706213
vt 0.208040 0.834894
vt 0.665346 0.471603
vt 0.666085 0.471603
vt 0.208040 0.830297
vt 0.696479 0.755904
vt 0.695740 0.755904
vt 0.207415 0.830297
vt 0.696479 0.751307
vt 0.943126 0.706953
vt 0.695740 0.751307
vt 0.943126 0.706213
vt 0.207415 0.834894
vt 0.664841 0.005574
vt 0.948022 0.259583
vt 0.665581 0.005574
vt 0.948022 0.258844
vt 0.672476 0.850370
vt 0.664841 0.010171
vt 0.665581 0.010171
vt 0.672476 0.845773
vt 0.756162 0.345671
vt 0.755423 0.345671
vt 0.671852 0.845773
vt 0.756162 0.341074
vt 0.947398 0.259583
vt 0.755423 0.341074
vt 0.947398 0.258844
vt 0.671852 0.850370
vt 0.664641 0.204084
vt 0.959248 0.603978
vt 0.665381 0.204084
vt 0.959248 0.603239
vt 0.854586 0.420701
vt 0.664641 0.208680
vt 0.665381 0.208680
vt 0.854586 0.416104
vt 0.160838 0.756173
vt 0.160099 0.756173
vt 0.853962 0.416104
vt 0.160838 0.751576
vt 0.958624 0.603978
vt 0.160099 0.751576
vt 0.958624 0.603239
vt 0.853962 0.420701
vt 0.535923 0.181150
vt 0.470033 0.067366
vt 0.535923 0.175044
vt 0.371055 0.471861
vt 0.541298 0.181150
vt 0.162278 0.412413
vt 0.475408 0.067366
vt 0.541298 0.175044
vt 0.168383 0.412413
vt 0.365680 0.471861
vt 0.162278 0.421863
vt 0.539932 0.533653
vt 0.475408 0.076817
vt 0.168383 0.421863
vt 0.539932 0.539758
vt 0.365680 0.481312
vt 0.534557 0.533653
vt 0.470033 0.076817
vt 0.534557 0.539758
vt 0.371055 0.481312
vt 0.370021 0.472583
vt 0.016908 0.638933
vt 0.314544 0.895363
vt 0.370021 0.478397
vt 0.016908 0.644747
vt 0.908363 0.848037
vt 0.366715 0.478397
vt 0.908363 0.844731
vt 0.084261 0.644747
vt 0.366715 0.472583
vt 0.084261 0.638933
vt 0.314544 0.892057
vt 0.568838 0.606538
vt 0.016815 0.638933
vt 0.314450 0.895363
vt 0.568838 0.612352
vt 0.016815 0.644747
vt 0.908456 0.848037
vt 0.565533 0.612352
vt 0.908456 0.844731
vt 0.084354 0.644747
vt 0.565533 0.606538
vt 0.084354 0.638933
vt 0.314450 0.892057
vt 0.759653 0.294929
vt 0.758914 0.294929
vt 0.865627 0.606609
vt 0.759653 0.290332
vt 0.959249 0.590896
vt 0.758914 0.290332
vt 0.959249 0.591635
vt 0.865627 0.602012
vt 0.958624 0.590896
vt 0.759099 0.400360
vt 0.958624 0.591635
vt 0.759838 0.400360
vt 0.865003 0.602012
vt 0.759099 0.404957
vt 0.759838 0.404957
vt 0.865003 0.606609
vt 0.388951 0.991611
vt 0.388951 0.992351
vt 0.740761 0.923107
vt 0.377316 0.992351
vt 0.377316 0.991611
vt 0.740761 0.921911
vt 0.377804 0.992351
vt 0.159454 0.907727
vt 0.377804 0.991611
vt 0.160193 0.907727
vt 0.740272 0.921911
vt 0.159454 0.908923
vt 0.389439 0.991611
vt 0.160193 0.908923
vt 0.389439 0.992351
vt 0.740272 0.923107
vt 0.664641 0.125362
vt 0.860246 0.934993
vt 0.665381 0.125362
vt 0.860246 0.934254
vt 0.696364 0.834625
vt 0.664641 0.129959
vt 0.665381 0.129959
vt 0.696364 0.830028
vt 0.759838 0.436445
vt 0.759099 0.436445
vt 0.695740 0.830028
vt 0.759838 0.431848
vt 0.859622 0.934993
vt 0.759099 0.431848
vt 0.859622 0.934254
vt 0.695740 0.834625
vt 0.664641 0.109618
vt 0.613043 0.946880
vt 0.665381 0.109618
vt 0.613043 0.946141
vt 0.708251 0.834625
vt 0.664641 0.114215
vt 0.665381 0.114215
vt 0.708251 0.830028
vt 0.760473 0.081510
vt 0.759734 0.081510
vt 0.707626 0.830028
vt 0.760473 0.076913
vt 0.612418 0.946880
vt 0.759734 0.076913
vt 0.612418 0.946141
vt 0.707626 0.834625
vt 0.664641 0.092657
vt 0.183506 0.945039
vt 0.665381 0.092657
vt 0.183506 0.944300
vt 0.755797 0.834625
vt 0.664641 0.097254
vt 0.665381 0.097254
vt 0.755797 0.830028
vt 0.760473 0.128743
vt 0.759734 0.128743
vt 0.755172 0.830028
vt 0.760473 0.124146
vt 0.182882 0.945039
vt 0.759734 0.124146
vt 0.182882 0.944300
vt 0.755172 0.834625
vt 0.664006 0.384616
vt 0.707216 0.958767
vt 0.664746 0.384616
vt 0.707216 0.958027
vt 0.862431 0.818881
vt 0.664006 0.389213
vt 0.664746 0.389213
vt 0.862431 0.814284
vt 0.760673 0.010171
vt 0.759934 0.010171
vt 0.861807 0.814284
vt 0.760673 0.005574
vt 0.706591 0.958767
vt 0.759934 0.005574
vt 0.706591 0.958027
vt 0.861807 0.818881
vt 0.220366 0.542105
vt 0.253410 0.474206
vt 0.220366 0.535999
vt 0.192696 0.474206
vt 0.225741 0.542105
vt 0.074585 0.412413
vt 0.258786 0.474206
vt 0.225741 0.535999
vt 0.080691 0.412413
vt 0.187321 0.474206
vt 0.074585 0.421864
vt 0.143128 0.535999
vt 0.258786 0.483656
vt 0.080691 0.421864
vt 0.143128 0.542105
vt 0.187321 0.483656
vt 0.137753 0.535999
vt 0.253410 0.483656
vt 0.137753 0.542105
vt 0.192696 0.483656
vt 0.191661 0.474928
vt 0.640888 0.571743
vt 0.474521 0.894234
vt 0.191661 0.480742
vt 0.640888 0.577557
vt 0.388162 0.908688
vt 0.188355 0.480742
vt 0.388162 0.905383
vt 0.638493 0.348105
vt 0.188355 0.474928
vt 0.638493 0.342291
vt 0.474521 0.890928
vt 0.605518 0.040079
vt 0.640794 0.571743
vt 0.474427 0.894234
vt 0.605518 0.045893
vt 0.640794 0.577557
vt 0.388256 0.908688
vt 0.602212 0.045893
vt 0.388256 0.905383
vt 0.638587 0.348105
vt 0.602212 0.040079
vt 0.638587 0.342291
vt 0.474427 0.890928
vt 0.343800 0.769575
vt 0.343061 0.769575
vt 0.464341 0.864036
vt 0.343800 0.764978
vt 0.671901 0.958027
vt 0.343061 0.764978
vt 0.671901 0.958767
vt 0.464341 0.859439
vt 0.671277 0.958027
vt 0.499491 0.764974
vt 0.671277 0.958767
vt 0.500231 0.764974
vt 0.463717 0.859439
vt 0.499491 0.769571
vt 0.500231 0.769571
vt 0.463717 0.864036
vt 0.436655 0.991611
vt 0.436655 0.992351
vt 0.924479 0.284725
vt 0.424883 0.992351
vt 0.424883 0.991611
vt 0.924479 0.283530
vt 0.425371 0.992351
vt 0.912809 0.105000
vt 0.425371 0.991611
vt 0.913548 0.105000
vt 0.923991 0.283530
vt 0.912809 0.106196
vt 0.437143 0.991611
vt 0.913548 0.106196
vt 0.437143 0.992351
vt 0.923991 0.284725
vt 0.377567 0.670510
vt 0.413621 0.956691
vt 0.378306 0.670510
vt 0.413621 0.955952
vt 0.267988 0.865166
vt 0.377567 0.675107
vt 0.378306 0.675107
vt 0.267988 0.860569
vt 0.660819 0.771648
vt 0.660080 0.771648
vt 0.267364 0.860569
vt 0.660819 0.767051
vt 0.412997 0.956691
vt 0.660080 0.767051
vt 0.412997 0.955952
vt 0.267364 0.865166
vt 0.535151 0.670509
vt 0.937129 0.476687
vt 0.535890 0.670509
vt 0.937129 0.475948
vt 0.838888 0.708671
vt 0.535151 0.675106
vt 0.535890 0.675106
vt 0.838888 0.704074
vt 0.684592 0.771648
vt 0.683853 0.771648
vt 0.838264 0.704074
vt 0.684592 0.767051
vt 0.936504 0.476687
vt 0.683853 0.767051
vt 0.936504 0.475948
vt 0.838264 0.708671
vt 0.675163 0.554780
vt 0.937129 0.501373
vt 0.675902 0.554780
vt 0.937129 0.500634
vt 0.839138 0.329927
vt 0.675163 0.559377
vt 0.675902 0.559377
vt 0.839138 0.325330
vt 0.720252 0.771648
vt 0.719513 0.771648
vt 0.838514 0.325330
vt 0.720252 0.767051
vt 0.936505 0.501373
vt 0.719513 0.767051
vt 0.936505 0.500634
vt 0.838514 0.329927
vt 0.675708 0.290332
vt 0.937129 0.513259
vt 0.676447 0.290332
vt 0.937129 0.512520
vt 0.160723 0.834894
vt 0.675708 0.294929
vt 0.676447 0.294929
vt 0.160723 0.830297
vt 0.771725 0.373468
vt 0.770986 0.373468
vt 0.160099 0.830297
vt 0.771725 0.368871
vt 0.936505 0.513259
vt 0.770986 0.368871
vt 0.936505 0.512520
vt 0.160099 0.834894
vt 0.451945 0.539758
vt 0.502878 0.092657
vt 0.451945 0.533652
vt 0.508253 0.175048
vt 0.457320 0.539758
vt 0.417984 0.300039
vt 0.508253 0.092657
vt 0.457320 0.533652
vt 0.424090 0.300039
vt 0.502878 0.175048
vt 0.417984 0.309490
vt 0.209218 0.535999
vt 0.508253 0.102108
vt 0.424090 0.309490
vt 0.209218 0.542105
vt 0.502878 0.184498
vt 0.203843 0.535999
vt 0.502878 0.102108
vt 0.203843 0.542105
vt 0.508253 0.184498
vt 0.507218 0.175769
vt 0.421979 0.653549
vt 0.894217 0.896311
vt 0.507218 0.181583
vt 0.421979 0.659363
vt 0.313389 0.909816
vt 0.503912 0.181583
vt 0.313389 0.906510
vt 0.496909 0.659361
vt 0.503912 0.175769
vt 0.496909 0.653548
vt 0.894217 0.893005
vt 0.023332 0.621972
vt 0.421885 0.653549
vt 0.894124 0.896311
vt 0.023332 0.627786
vt 0.421885 0.659363
vt 0.313482 0.909816
vt 0.020027 0.627786
vt 0.313482 0.906510
vt 0.497002 0.659361
vt 0.020027 0.621972
vt 0.497002 0.653548
vt 0.894124 0.893005
vt 0.172725 0.771917
vt 0.171986 0.771917
vt 0.803228 0.866114
vt 0.172725 0.767321
vt 0.955522 0.811823
vt 0.171986 0.767321
vt 0.955522 0.812563
vt 0.803228 0.861517
vt 0.954897 0.811823
vt 0.183872 0.767321
vt 0.954897 0.812563
vt 0.184612 0.767321
vt 0.802604 0.861517
vt 0.183872 0.771917
vt 0.184612 0.771917
vt 0.802604 0.866114
vt 0.064361 0.991846
vt 0.064361 0.992586
vt 0.931978 0.769441
vt 0.028701 0.992587
vt 0.028701 0.991848
vt 0.931978 0.768246
vt 0.029189 0.992587
vt 0.377567 0.919836
vt 0.029189 0.991848
vt 0.378306 0.919836
vt 0.931490 0.768246
vt 0.377567 0.921031
vt 0.064849 0.991846
vt 0.378306 0.921031
vt 0.064849 0.992586
vt 0.931490 0.769441
vt 0.053120 0.672855
vt 0.587019 0.969123
vt 0.053859 0.672855
vt 0.587019 0.968384
vt 0.476112 0.879781
vt 0.053120 0.677452
vt 0.053859 0.677452
vt 0.476112 0.875184
vt 0.220271 0.771917
vt 0.219532 0.771917
vt 0.475488 0.875184
vt 0.220271 0.767321
vt 0.586395 0.969123
vt 0.219532 0.767321
vt 0.586395 0.968384
vt 0.475488 0.879781
vt 0.687595 0.290332
vt 0.575247 0.969123
vt 0.688334 0.290332
vt 0.575247 0.968384
vt 0.791226 0.881858
vt 0.687595 0.294929
vt 0.688334 0.294929
vt 0.791226 0.877261
vt 0.772360 0.112998
vt 0.771621 0.112998
vt 0.790602 0.877261
vt 0.772360 0.108401
vt 0.574623 0.969123
vt 0.771621 0.108401
vt 0.574623 0.968384
vt 0.790602 0.881858
vt 0.677232 0.451262
vt 0.563476 0.969123
vt 0.677971 0.451262
vt 0.563476 0.968384
vt 0.487884 0.879781
vt 0.677232 0.455859
vt 0.677971 0.455859
vt 0.487884 0.875184
vt 0.244044 0.771917
vt 0.243305 0.771917
vt 0.487260 0.875184
vt 0.244044 0.767321
vt 0.562851 0.969123
vt 0.243305 0.767321
vt 0.562851 0.968384
vt 0.487260 0.879781
vt 0.664006 0.368871
vt 0.551704 0.969123
vt 0.664746 0.368871
vt 0.551704 0.968384
vt 0.523659 0.879781
vt 0.664006 0.373468
vt 0.664746 0.373468
vt 0.523659 0.875184
vt 0.378306 0.769573
vt 0.377567 0.769573
vt 0.523035 0.875184
vt 0.378306 0.764976
vt 0.551080 0.969123
vt 0.377567 0.764976
vt 0.551080 0.968384
vt 0.523035 0.879781
vt 0.536122 0.080691
vt 0.365680 0.492459
vt 0.536122 0.074585
vt 0.110084 0.494804
vt 0.541498 0.080691
vt 0.417984 0.279441
vt 0.371055 0.492459
vt 0.541498 0.074585
vt 0.424090 0.279441
vt 0.104708 0.494804
vt 0.417984 0.288892
vt 0.308353 0.535999
vt 0.371055 0.501910
vt 0.424090 0.288892
vt 0.308353 0.542105
vt 0.104708 0.504254
vt 0.302978 0.535999
vt 0.365680 0.501910
vt 0.302978 0.542105
vt 0.110084 0.504254
vt 0.109049 0.495525
vt 0.095595 0.655894
vt 0.039390 0.896580
vt 0.109049 0.501339
vt 0.095595 0.661708
vt 0.657913 0.910764
vt 0.105743 0.501339
vt 0.657913 0.907458
vt 0.166195 0.661708
vt 0.105743 0.495525
vt 0.166195 0.655894
vt 0.039390 0.893274
vt 0.619971 0.039496
vt 0.095501 0.655894
vt 0.039297 0.896580
vt 0.619971 0.045310
vt 0.095501 0.661708
vt 0.658007 0.910764
vt 0.616665 0.045310
vt 0.658007 0.907458
vt 0.166288 0.661708
vt 0.616665 0.039496
vt 0.166288 0.655894
vt 0.039297 0.893274
vt 0.279990 0.707724
vt 0.279250 0.707724
vt 0.719907 0.866114
vt 0.279990 0.703127
vt 0.511657 0.955950
vt 0.279250 0.703127
vt 0.511657 0.956689
vt 0.719907 0.861517
vt 0.511033 0.955950
vt 0.437000 0.701999
vt 0.511033 0.956689
vt 0.437739 0.701999
vt 0.719283 0.861517
vt 0.437000 0.706596
vt 0.437739 0.706596
vt 0.719283 0.866114
vt 0.147316 0.991846
vt 0.147316 0.992585
vt 0.931978 0.719752
vt 0.123334 0.992586
vt 0.123334 0.991846
vt 0.931978 0.718556
vt 0.123822 0.992586
vt 0.919604 0.829960
vt 0.123822 0.991846
vt 0.920343 0.829960
vt 0.931490 0.718556
vt 0.919604 0.831156
vt 0.147804 0.991846
vt 0.920343 0.831156
vt 0.147804 0.992585
vt 0.931490 0.719752
vt 0.689119 0.529983
vt 0.148077 0.968812
vt 0.689858 0.529983
vt 0.148077 0.968073
vt 0.826771 0.881858
vt 0.689119 0.534580
vt 0.689858 0.534580
vt 0.826771 0.877261
vt 0.172725 0.693196
vt 0.171986 0.693196
vt 0.826147 0.877261
vt 0.172725 0.688599
vt 0.147452 0.968812
vt 0.171986 0.688599
vt 0.147452 0.968073
vt 0.826147 0.881858
vt 0.389453 0.686255
vt 0.136305 0.968812
vt 0.390193 0.686255
vt 0.136305 0.968073
vt 0.636586 0.881858
vt 0.389453 0.690852
vt 0.390193 0.690852
vt 0.636586 0.877261
vt 0.701040 0.207464
vt 0.700301 0.207464
vt 0.635962 0.877261
vt 0.701040 0.202867
vt 0.135681 0.968812
vt 0.700301 0.202867
vt 0.135681 0.968073
vt 0.635962 0.881858
vt 0.688325 0.238246
vt 0.112186 0.968812
vt 0.689064 0.238246
vt 0.112186 0.968073
vt 0.267988 0.880910
vt 0.688325 0.242843
vt 0.689064 0.242843
vt 0.267988 0.876313
vt 0.723994 0.279185
vt 0.723254 0.279185
vt 0.267364 0.876313
vt 0.723994 0.274588
vt 0.111562 0.968812
vt 0.723254 0.274588
vt 0.111562 0.968073
vt 0.267364 0.880910
vt 0.671966 0.656842
vt 0.053099 0.968814
vt 0.672706 0.656842
vt 0.053099 0.968075
vt 0.500115 0.879781
vt 0.671966 0.661439
vt 0.672706 0.661439
vt 0.500115 0.875184
vt 0.759838 0.373468
vt 0.759099 0.373468
vt 0.499491 0.875184
vt 0.759838 0.368871
vt 0.052474 0.968814
vt 0.759099 0.368871
vt 0.052474 0.968075
vt 0.499491 0.879781
vt 0.398725 0.539760
vt 0.535923 0.092657
vt 0.398725 0.533654
vt 0.540663 0.430665
vt 0.404100 0.539760
vt 0.354533 0.398921
vt 0.541298 0.092657
vt 0.404100 0.533654
vt 0.348427 0.398923
vt 0.535288 0.430665
vt 0.354533 0.389471
vt 0.010949 0.535999
vt 0.541298 0.102108
vt 0.348427 0.389472
vt 0.010949 0.542105
vt 0.535288 0.440115
vt 0.005574 0.535999
vt 0.535923 0.102108
vt 0.005574 0.542105
vt 0.540663 0.440115
vt 0.539628 0.431386
vt 0.320027 0.553043
vt 0.714212 0.896311
vt 0.539628 0.437201
vt 0.320027 0.558858
vt 0.691636 0.910764
vt 0.536322 0.437201
vt 0.691636 0.907458
vt 0.320027 0.570006
vt 0.536322 0.431386
vt 0.320027 0.575821
vt 0.714212 0.893005
vt 0.412345 0.619627
vt 0.319933 0.553043
vt 0.714118 0.896311
vt 0.412345 0.625441
vt 0.319933 0.558856
vt 0.691730 0.910764
vt 0.409039 0.625441
vt 0.691730 0.907458
vt 0.319933 0.570007
vt 0.409039 0.619627
vt 0.319933 0.575821
vt 0.714118 0.893005
vt 0.366419 0.706596
vt 0.365680 0.706596
vt 0.755222 0.866114
vt 0.366419 0.701999
vt 0.960672 0.512520
vt 0.365680 0.701999
vt 0.960672 0.513259
vt 0.755222 0.861517
vt 0.960048 0.512520
vt 0.586739 0.704654
vt 0.960048 0.513259
vt 0.587479 0.704654
vt 0.754598 0.861517
vt 0.586739 0.709251
vt 0.587479 0.709251
vt 0.754598 0.866114
vt 0.983416 0.191294
vt 0.983416 0.192033
vt 0.931978 0.818811
vt 0.983419 0.077652
vt 0.983419 0.076913
vt 0.931978 0.817617
vt 0.983907 0.077652
vt 0.523264 0.919834
vt 0.983907 0.076913
vt 0.524004 0.919836
vt 0.931490 0.817617
vt 0.523264 0.921030
vt 0.983904 0.191294
vt 0.524004 0.921030
vt 0.983904 0.192033
vt 0.931490 0.818811
vt 0.600647 0.672586
vt 0.960497 0.192033
vt 0.601386 0.672586
vt 0.960495 0.191294
vt 0.890419 0.191719
vt 0.600647 0.677183
vt 0.601386 0.677183
vt 0.890419 0.187122
vt 0.390193 0.738084
vt 0.389453 0.738084
vt 0.889797 0.187122
vt 0.390193 0.733487
vt 0.959873 0.192033
vt 0.389453 0.733487
vt 0.959873 0.191294
vt 0.889797 0.191719
vt 0.668093 0.638664
vt 0.291531 0.957819
vt 0.668832 0.638664
vt 0.291529 0.957079
vt 0.890420 0.128743
vt 0.668093 0.643261
vt 0.668832 0.643261
vt 0.890420 0.124146
vt 0.402079 0.753829
vt 0.401340 0.753829
vt 0.889798 0.124146
vt 0.402079 0.749232
vt 0.290907 0.957819
vt 0.401340 0.749232
vt 0.290907 0.957079
vt 0.889798 0.128743
vt 0.688415 0.092657
vt 0.076757 0.968812
vt 0.689154 0.092657
vt 0.076755 0.968073
vt 0.890619 0.041659
vt 0.688415 0.097254
vt 0.689154 0.097254
vt 0.890619 0.037062
vt 0.772360 0.128743
vt 0.771621 0.128743
vt 0.889997 0.037062
vt 0.772360 0.124146
vt 0.076133 0.968812
vt 0.771621 0.124146
vt 0.076133 0.968073
vt 0.889997 0.041659
vt 0.612534 0.672586
vt 0.041097 0.968814
vt 0.613273 0.672586
vt 0.041097 0.968075
vt 0.731679 0.881858
vt 0.612534 0.677183
vt 0.613273 0.677183
vt 0.731679 0.877261
vt 0.512117 0.769571
vt 0.511378 0.769571
vt 0.731055 0.877261
vt 0.512117 0.764974
vt 0.040473 0.968814
vt 0.511378 0.764974
vt 0.040473 0.968075
vt 0.731055 0.881858
vt 0.468467 0.539758
vt 0.055141 0.515401
vt 0.468467 0.533652
vt 0.242263 0.515401
vt 0.473843 0.539758
vt 0.266005 0.433011
vt 0.060516 0.515401
vt 0.473843 0.533652
vt 0.272110 0.433011
vt 0.236888 0.515401
vt 0.266005 0.442461
vt 0.159651 0.535999
vt 0.060516 0.524852
vt 0.272110 0.442461
vt 0.159651 0.542105
vt 0.236888 0.524852
vt 0.154276 0.535999
vt 0.055141 0.524852
vt 0.154276 0.542105
vt 0.242263 0.524852
vt 0.241229 0.516123
vt 0.652674 0.292766
vt 0.519484 0.894234
vt 0.241229 0.521937
vt 0.652674 0.298580
vt 0.736600 0.910764
vt 0.237923 0.521937
vt 0.736600 0.907458
vt 0.084261 0.661708
vt 0.237923 0.516123
vt 0.084261 0.655894
vt 0.519484 0.890928
vt 0.627346 0.342291
vt 0.652580 0.292766
vt 0.519391 0.894234
vt 0.627346 0.348104
vt 0.652580 0.298580
vt 0.736694 0.910764
vt 0.624040 0.348104
vt 0.736694 0.907458
vt 0.084354 0.661708
vt 0.624040 0.342291
vt 0.084354 0.655894
vt 0.519391 0.890928
vt 0.744025 0.692927
vt 0.743286 0.692927
vt 0.874203 0.834625
vt 0.744025 0.688330
vt 0.872364 0.357557
vt 0.743286 0.688330
vt 0.872364 0.356818
vt 0.874203 0.830028
vt 0.872990 0.357557
vt 0.029347 0.735832
vt 0.872988 0.356818
vt 0.030086 0.735832
vt 0.873578 0.830028
vt 0.029347 0.740429
vt 0.030086 0.740429
vt 0.873578 0.834625
vt 0.983591 0.525319
vt 0.983591 0.526059
vt 0.052963 0.921268
vt 0.983616 0.018200
vt 0.983616 0.017460
vt 0.052963 0.920071
vt 0.984104 0.018200
vt 0.551810 0.437883
vt 0.984104 0.017460
vt 0.552549 0.437883
vt 0.052474 0.920071
vt 0.551810 0.439079
vt 0.984079 0.525319
vt 0.552549 0.439081
vt 0.984079 0.526059
vt 0.052474 0.921268
vt 0.291137 0.671638
vt 0.754632 0.356818
vt 0.291876 0.671638
vt 0.754630 0.357557
vt 0.819704 0.242843
vt 0.291137 0.676235
vt 0.291876 0.676235
vt 0.819704 0.238246
vt 0.737404 0.471603
vt 0.736665 0.471603
vt 0.819077 0.238246
vt 0.737404 0.467006
vt 0.755254 0.356818
vt 0.736665 0.467006
vt 0.755256 0.357557
vt 0.819077 0.242843
vt 0.675893 0.431848
vt 0.401619 0.968578
vt 0.676632 0.431848
vt 0.401619 0.967838
vt 0.885974 0.866114
vt 0.675893 0.436445
vt 0.676632 0.436445
vt 0.885974 0.861517
vt 0.735335 0.559377
vt 0.734595 0.559377
vt 0.885350 0.861517
vt 0.735335 0.554780
vt 0.400995 0.968578
vt 0.734595 0.554780
vt 0.400995 0.967838
vt 0.885350 0.866114
vt 0.676528 0.108401
vt 0.389848 0.968578
vt 0.677267 0.108401
vt 0.389848 0.967838
vt 0.401619 0.879782
vt 0.676528 0.112998
vt 0.677267 0.112998
vt 0.401619 0.875185
vt 0.637046 0.724416
vt 0.636307 0.724416
vt 0.400995 0.875185
vt 0.637046 0.719819
vt 0.389224 0.968578
vt 0.636307 0.719819
vt 0.389224 0.967838
vt 0.400995 0.879782
vt 0.231419 0.672855
vt 0.972444 0.452001
vt 0.232158 0.672855
vt 0.972444 0.451262
vt 0.885974 0.818881
vt 0.231419 0.677452
vt 0.232158 0.677452
vt 0.885974 0.814284
vt 0.712292 0.436445
vt 0.711553 0.436445
vt 0.885350 0.814284
vt 0.712292 0.431848
vt 0.971820 0.452001
vt 0.711553 0.431848
vt 0.971820 0.451262
vt 0.885350 0.818881
vt 0.484990 0.539758
vt 0.452490 0.258843
vt 0.484990 0.533652
vt 0.541298 0.154448
vt 0.490365 0.539758
vt 0.337280 0.378324
vt 0.457865 0.258843
vt 0.490365 0.533652
vt 0.331174 0.378322
vt 0.535923 0.154448
vt 0.337280 0.368871
vt 0.353072 0.533656
vt 0.457865 0.268296
vt 0.331174 0.368873
vt 0.353072 0.539762
vt 0.535923 0.163897
vt 0.347697 0.533656
vt 0.452490 0.268296
vt 0.347697 0.539762
vt 0.541298 0.163897
vt 0.540263 0.155169
vt 0.236949 0.621972
vt 0.433220 0.894235
vt 0.540263 0.160983
vt 0.236949 0.627786
vt 0.804046 0.910764
vt 0.536957 0.160983
vt 0.804046 0.907458
vt 0.629553 0.577557
vt 0.536957 0.155169
vt 0.629553 0.571742
vt 0.433220 0.890930
vt 0.604683 0.386124
vt 0.236855 0.621972
vt 0.433126 0.894235
vt 0.604683 0.391939
vt 0.236855 0.627786
vt 0.804140 0.910764
vt 0.601377 0.391939
vt 0.804140 0.907458
vt 0.629647 0.577557
vt 0.601377 0.386124
vt 0.629647 0.571742
vt 0.433126 0.890930
vt 0.701240 0.041659
vt 0.700501 0.041659
vt 0.832267 0.471603
vt 0.701240 0.037062
vt 0.730759 0.934254
vt 0.700501 0.037062
vt 0.730759 0.934993
vt 0.832267 0.467006
vt 0.730134 0.934254
vt 0.699666 0.368871
vt 0.730134 0.934993
vt 0.700406 0.368871
vt 0.831642 0.467006
vt 0.699666 0.373468
vt 0.700406 0.373468
vt 0.831642 0.471603
vt 0.331174 0.991613
vt 0.331174 0.992353
vt 0.925184 0.093853
vt 0.990462 0.349842
vt 0.990462 0.349103
vt 0.925184 0.092657
vt 0.990950 0.349842
vt 0.912807 0.192662
vt 0.990950 0.349103
vt 0.913547 0.192662
vt 0.924696 0.092657
vt 0.912807 0.193858
vt 0.331662 0.991613
vt 0.913547 0.193858
vt 0.331662 0.992353
vt 0.924696 0.093853
vt 0.425113 0.686255
vt 0.587133 0.933463
vt 0.425852 0.686255
vt 0.587133 0.932724
vt 0.401964 0.832550
vt 0.425113 0.690852
vt 0.425852 0.690852
vt 0.401964 0.827953
vt 0.625159 0.692927
vt 0.624420 0.692927
vt 0.401340 0.827953
vt 0.625159 0.688330
vt 0.586509 0.933463
vt 0.624420 0.688330
vt 0.586509 0.932724
vt 0.401340 0.832550
vt 0.365680 0.686255
vt 0.267988 0.934046
vt 0.366419 0.686255
vt 0.267988 0.933306
vt 0.464456 0.832548
vt 0.365680 0.690852
vt 0.366419 0.690852
vt 0.464456 0.827951
vt 0.696479 0.661439
vt 0.695740 0.661439
vt 0.463831 0.827951
vt 0.696479 0.656842
vt 0.267364 0.934046
vt 0.695740 0.656842
vt 0.267364 0.933306
vt 0.463831 0.832548
vt 0.160099 0.672855
vt 0.624815 0.934993
vt 0.160838 0.672855
vt 0.624815 0.934254
vt 0.832267 0.503092
vt 0.160099 0.677452
vt 0.160838 0.677452
vt 0.832267 0.498495
vt 0.724179 0.373468
vt 0.723439 0.373468
vt 0.831642 0.498495
vt 0.724179 0.368871
vt 0.624190 0.934993
vt 0.723439 0.368871
vt 0.624190 0.934254
vt 0.831642 0.503092
vt 0.664841 0.069767
vt 0.315074 0.957819
vt 0.665581 0.069767
vt 0.315074 0.957080
vt 0.587019 0.866694
vt 0.664841 0.074364
vt 0.665581 0.074364
vt 0.587019 0.862097
vt 0.148952 0.740429
vt 0.148213 0.740429
vt 0.586394 0.862097
vt 0.148952 0.735832
vt 0.314449 0.957819
vt 0.148213 0.735832
vt 0.314449 0.957080
vt 0.586394 0.866694
vt 0.415248 0.539760
vt 0.453310 0.092657
vt 0.415248 0.533654
vt 0.010949 0.453609
vt 0.420623 0.539760
vt 0.400731 0.238246
vt 0.458685 0.092657
vt 0.420623 0.533654
vt 0.406837 0.238246
vt 0.005574 0.453609
vt 0.400731 0.247697
vt 0.336549 0.533656
vt 0.458685 0.102108
vt 0.406837 0.247697
vt 0.336549 0.539762
vt 0.005574 0.463059
vt 0.331174 0.533656
vt 0.453310 0.102108
vt 0.331174 0.539762
vt 0.010949 0.463059
vt 0.009914 0.454330
vt 0.320027 0.451267
vt 0.635525 0.896311
vt 0.009914 0.460144
vt 0.320027 0.457082
vt 0.826528 0.910764
vt 0.006608 0.460144
vt 0.826528 0.907458
vt 0.318182 0.418229
vt 0.006608 0.454330
vt 0.318182 0.412415
vt 0.635525 0.893005
vt 0.603953 0.572032
vt 0.319933 0.451265
vt 0.635431 0.896311
vt 0.603953 0.577848
vt 0.319933 0.457082
vt 0.826622 0.910764
vt 0.600647 0.577848
vt 0.826622 0.907458
vt 0.318276 0.418229
vt 0.600647 0.572032
vt 0.318276 0.412413
vt 0.635431 0.893005
vt 0.713127 0.010171
vt 0.712388 0.010171
vt 0.820496 0.534580
vt 0.713127 0.005574
vt 0.814123 0.356818
vt 0.712388 0.005574
vt 0.814121 0.357557
vt 0.820496 0.529983
vt 0.813497 0.356818
vt 0.703753 0.622919
vt 0.813497 0.357557
vt 0.704492 0.622919
vt 0.819871 0.529983
vt 0.703753 0.627516
vt 0.704492 0.627516
vt 0.819871 0.534580
vt 0.510667 0.991610
vt 0.510667 0.992349
vt 0.112395 0.921266
vt 0.365680 0.992351
vt 0.365680 0.991611
vt 0.112395 0.920070
vt 0.366168 0.992351
vt 0.076248 0.907727
vt 0.366168 0.991611
vt 0.076987 0.907727
vt 0.111907 0.920070
vt 0.076248 0.908921
vt 0.511155 0.991610
vt 0.076987 0.908923
vt 0.511155 0.992349
vt 0.111907 0.921266
vt 0.331174 0.686256
vt 0.708163 0.357557
vt 0.331914 0.686256
vt 0.708161 0.356818
vt 0.830858 0.294929
vt 0.331174 0.690853
vt 0.331914 0.690853
vt 0.830858 0.290332
vt 0.268103 0.707724
vt 0.267364 0.707724
vt 0.830234 0.290332
vt 0.268103 0.703127
vt 0.707537 0.357557
vt 0.267364 0.703127
vt 0.707537 0.356818
vt 0.830234 0.294929
vt 0.687595 0.306076
vt 0.802350 0.357557
vt 0.688334 0.306076
vt 0.802350 0.356818
vt 0.819793 0.128743
vt 0.687595 0.310673
vt 0.688334 0.310673
vt 0.819793 0.124146
vt 0.018200 0.708941
vt 0.017460 0.708941
vt 0.819166 0.124146
vt 0.018200 0.704344
vt 0.801723 0.357557
vt 0.017460 0.704344
vt 0.801723 0.356818
vt 0.819166 0.128743
vt 0.683853 0.672586
vt 0.719936 0.357557
vt 0.684592 0.672586
vt 0.719936 0.356818
vt 0.575479 0.819461
vt 0.683853 0.677183
vt 0.684592 0.677183
vt 0.575479 0.814864
vt 0.712292 0.389213
vt 0.711553 0.389213
vt 0.574852 0.814864
vt 0.712292 0.384616
vt 0.719310 0.357557
vt 0.711553 0.384616
vt 0.719310 0.356818
vt 0.574852 0.819461
vt 0.551080 0.673166
vt 0.964295 0.893745
vt 0.551819 0.673166
vt 0.964295 0.893005
vt 0.890419 0.223208
vt 0.551080 0.677763
vt 0.551819 0.677763
vt 0.890419 0.218611
vt 0.713127 0.057403
vt 0.712388 0.057403
vt 0.889796 0.218611
vt 0.713127 0.052806
vt 0.963671 0.893745
vt 0.712388 0.052806
vt 0.963673 0.893005
vt 0.889796 0.223208
vt 0.552445 0.167775
vt 0.398725 0.451263
vt 0.552445 0.161669
vt 0.437145 0.451263
vt 0.557820 0.167775
vt 0.382933 0.389470
vt 0.404100 0.451263
vt 0.557820 0.161669
vt 0.389039 0.389470
vt 0.431770 0.451263
vt 0.382933 0.398921
vt 0.557000 0.293350
vt 0.404100 0.460714
vt 0.389039 0.398921
vt 0.557000 0.299455
vt 0.431770 0.460714
vt 0.551625 0.293350
vt 0.398725 0.460714
vt 0.551625 0.299455
vt 0.437145 0.460714
vt 0.436110 0.451985
vt 0.135778 0.621971
vt 0.882976 0.910764
vt 0.436110 0.457799
vt 0.135778 0.627786
vt 0.871642 0.910764
vt 0.432805 0.457799
vt 0.871642 0.907458
vt 0.191889 0.627786
vt 0.432805 0.451985
vt 0.191889 0.621971
vt 0.882976 0.907458
vt 0.605318 0.178338
vt 0.135684 0.621971
vt 0.882883 0.910764
vt 0.605318 0.184153
vt 0.135684 0.627786
vt 0.871735 0.910764
vt 0.602012 0.184153
vt 0.871735 0.907458
vt 0.191982 0.627786
vt 0.602012 0.178338
vt 0.191982 0.621971
vt 0.882883 0.907458
vt 0.196498 0.740429
vt 0.195759 0.740429
vt 0.452569 0.832548
vt 0.196498 0.735832
vt 0.718987 0.934254
vt 0.195759 0.735832
vt 0.718987 0.934993
vt 0.452569 0.827951
vt 0.718363 0.934254
vt 0.574853 0.736143
vt 0.718363 0.934993
vt 0.575592 0.736143
vt 0.451944 0.827951
vt 0.574853 0.740740
vt 0.575592 0.740740
vt 0.451944 0.832548
vt 0.099540 0.979960
vt 0.099540 0.980699
vt 0.171828 0.921266
vt 0.123334 0.980699
vt 0.123334 0.979960
vt 0.171828 0.920070
vt 0.123822 0.980699
vt 0.100021 0.907727
vt 0.123822 0.979960
vt 0.100760 0.907727
vt 0.171340 0.920070
vt 0.100021 0.908923
vt 0.100028 0.979960
vt 0.100760 0.908923
vt 0.100028 0.980699
vt 0.171340 0.921266
vt 0.795394 0.092657
vt 0.148191 0.933153
vt 0.796133 0.092657
vt 0.148191 0.932413
vt 0.831563 0.160231
vt 0.795394 0.097254
vt 0.796133 0.097254
vt 0.831563 0.155634
vt 0.255931 0.756173
vt 0.255192 0.756173
vt 0.830938 0.155634
vt 0.255931 0.751576
vt 0.147567 0.933153
vt 0.255192 0.751576
vt 0.147567 0.932413
vt 0.830938 0.160231
vt 0.790832 0.751307
vt 0.967429 0.855385
vt 0.791572 0.751307
vt 0.967429 0.854646
vt 0.862681 0.329927
vt 0.790832 0.755904
vt 0.791572 0.755904
vt 0.862681 0.325330
vt 0.759838 0.389213
vt 0.759099 0.389213
vt 0.862057 0.325330
vt 0.759838 0.384616
vt 0.966805 0.855385
vt 0.759099 0.384616
vt 0.966805 0.854646
vt 0.862057 0.329927
vt 0.463831 0.780718
vt 0.343570 0.956693
vt 0.464571 0.780718
vt 0.343570 0.955954
vt 0.827002 0.866114
vt 0.463831 0.785315
vt 0.464571 0.785315
vt 0.827002 0.861517
vt 0.771540 0.310673
vt 0.770801 0.310673
vt 0.826377 0.861517
vt 0.771540 0.306076
vt 0.342945 0.956693
vt 0.770801 0.306076
vt 0.342945 0.955954
vt 0.826377 0.866114
vt 0.767059 0.782796
vt 0.112302 0.933153
vt 0.767798 0.782796
vt 0.112302 0.932413
vt 0.331799 0.832551
vt 0.767059 0.787392
vt 0.767798 0.787392
vt 0.331799 0.827954
vt 0.575592 0.756484
vt 0.574853 0.756484
vt 0.331174 0.827954
vt 0.575592 0.751887
vt 0.111677 0.933153
vt 0.574853 0.751887
vt 0.111677 0.932413
vt 0.331174 0.832551
vt 0.005574 0.559358
vt 0.302978 0.453609
vt 0.005574 0.553252
vt 0.474573 0.389469
vt 0.010949 0.559358
vt 0.401551 0.133852
vt 0.308353 0.453609
vt 0.010949 0.553252
vt 0.407657 0.133852
vt 0.469198 0.389469
vt 0.401551 0.143303
vt 0.548873 0.342583
vt 0.308353 0.463059
vt 0.407657 0.143303
vt 0.548873 0.348688
vt 0.469198 0.398920
vt 0.543498 0.342583
vt 0.302978 0.463059
vt 0.543498 0.348688
vt 0.474573 0.398920
vt 0.473538 0.390191
vt 0.377015 0.653549
vt 0.837863 0.910764
vt 0.473538 0.396005
vt 0.377015 0.659364
vt 0.849010 0.910764
vt 0.470233 0.396005
vt 0.849010 0.907458
vt 0.388162 0.659364
vt 0.470233 0.390191
vt 0.388162 0.653549
vt 0.837863 0.907458
vt 0.619971 0.056457
vt 0.376921 0.653549
vt 0.837769 0.910764
vt 0.619971 0.062271
vt 0.376921 0.659364
vt 0.849104 0.910764
vt 0.616665 0.062271
vt 0.849104 0.907458
vt 0.388256 0.659364
vt 0.616665 0.056457
vt 0.388256 0.653549
vt 0.837769 0.907458
vt 0.712927 0.144487
vt 0.712188 0.144487
vt 0.112602 0.866383
vt 0.712927 0.139890
vt 0.967429 0.878419
vt 0.712188 0.139890
vt 0.967429 0.879158
vt 0.112602 0.861786
vt 0.966805 0.878419
vt 0.100666 0.704344
vt 0.966805 0.879158
vt 0.101406 0.704344
vt 0.111978 0.861786
vt 0.100666 0.708941
vt 0.101406 0.708941
vt 0.111978 0.866383
vt 0.217924 0.979959
vt 0.217924 0.980699
vt 0.924479 0.272382
vt 0.194653 0.980699
vt 0.194653 0.979959
vt 0.924479 0.271186
vt 0.195142 0.980699
vt 0.912983 0.463605
vt 0.195142 0.979959
vt 0.913722 0.463605
vt 0.923991 0.271186
vt 0.912983 0.464801
vt 0.218412 0.979959
vt 0.913722 0.464801
vt 0.218412 0.980699
vt 0.923991 0.272382
vt 0.783507 0.155634
vt 0.766074 0.958767
vt 0.784247 0.155634
vt 0.766074 0.958027
vt 0.184381 0.866383
vt 0.783507 0.160231
vt 0.784247 0.160231
vt 0.184381 0.861786
vt 0.268103 0.691979
vt 0.267364 0.691979
vt 0.183757 0.861786
vt 0.268103 0.687382
vt 0.765449 0.958767
vt 0.267364 0.687382
vt 0.765449 0.958027
vt 0.183757 0.866383
vt 0.437000 0.780720
vt 0.648358 0.934993
vt 0.437739 0.780720
vt 0.648358 0.934254
vt 0.827116 0.661439
vt 0.437000 0.785317
vt 0.437739 0.785317
vt 0.827116 0.656842
vt 0.255931 0.708941
vt 0.255192 0.708941
vt 0.826491 0.656842
vt 0.255931 0.704344
vt 0.647733 0.934993
vt 0.255192 0.704344
vt 0.647733 0.934254
vt 0.826491 0.661439
vt 0.731399 0.782796
vt 0.636586 0.934993
vt 0.732139 0.782796
vt 0.636586 0.934254
vt 0.343570 0.832551
vt 0.731399 0.787392
vt 0.732139 0.787392
vt 0.343570 0.827954
vt 0.512117 0.738083
vt 0.511378 0.738083
vt 0.342945 0.827954
vt 0.512117 0.733486
vt 0.635962 0.934993
vt 0.511378 0.733486
vt 0.635962 0.934254
vt 0.342945 0.832551
vt 0.005574 0.798809
vt 0.100415 0.956926
vt 0.006313 0.798809
vt 0.100415 0.956186
vt 0.815230 0.866114
vt 0.005574 0.803406
vt 0.006313 0.803406
vt 0.815230 0.861517
vt 0.601386 0.692927
vt 0.600647 0.692927
vt 0.814605 0.861517
vt 0.601386 0.688330
vt 0.099791 0.956926
vt 0.600647 0.688330
vt 0.099791 0.956186
vt 0.814605 0.866114
vt 0.567602 0.509127
vt 0.518035 0.471859
vt 0.567602 0.503021
vt 0.242263 0.494803
vt 0.572977 0.509127
vt 0.248752 0.412413
vt 0.523410 0.471859
vt 0.572977 0.503021
vt 0.254857 0.412413
vt 0.236888 0.494803
vt 0.248752 0.421864
vt 0.371055 0.550907
vt 0.523410 0.481310
vt 0.254857 0.421864
vt 0.371055 0.557013
vt 0.236888 0.504254
vt 0.365680 0.550907
vt 0.518035 0.481310
vt 0.365680 0.557013
vt 0.242263 0.504254
vt 0.241228 0.495525
vt 0.652129 0.605664
vt 0.747935 0.910764
vt 0.241228 0.501339
vt 0.652129 0.611479
vt 0.792805 0.910764
vt 0.237923 0.501339
vt 0.792805 0.907458
vt 0.551080 0.646275
vt 0.237923 0.495525
vt 0.551080 0.640460
vt 0.747935 0.907458
vt 0.620475 0.451262
vt 0.652035 0.605664
vt 0.747841 0.910764
vt 0.620475 0.457076
vt 0.652035 0.611479
vt 0.792899 0.910764
vt 0.617169 0.457076
vt 0.792899 0.907458
vt 0.551173 0.646275
vt 0.617169 0.451262
vt 0.551173 0.640460
vt 0.747841 0.907458
vt 0.728265 0.643261
vt 0.727526 0.643261
vt 0.885974 0.881858
vt 0.728265 0.638664
vt 0.413391 0.967838
vt 0.727526 0.638664
vt 0.413391 0.968578
vt 0.885974 0.877261
vt 0.412767 0.967838
vt 0.736161 0.052806
vt 0.412767 0.968578
vt 0.736900 0.052806
vt 0.885350 0.877261
vt 0.736161 0.057403
vt 0.736900 0.057403
vt 0.885350 0.881858
vt 0.693731 0.981800
vt 0.693731 0.982540
vt 0.928105 0.624115
vt 0.658824 0.982540
vt 0.658824 0.981800
vt 0.928105 0.622920
vt 0.659312 0.982540
vt 0.413226 0.919836
vt 0.659312 0.981800
vt 0.413966 0.919836
vt 0.927617 0.622920
vt 0.413226 0.921031
vt 0.694219 0.981800
vt 0.413966 0.921031
vt 0.694219 0.982540
vt 0.927617 0.624115
vt 0.707626 0.782796
vt 0.499886 0.968576
vt 0.708365 0.782796
vt 0.499886 0.967836
vt 0.886224 0.329927
vt 0.707626 0.787392
vt 0.708365 0.787392
vt 0.886224 0.325330
vt 0.720252 0.740160
vt 0.719513 0.740160
vt 0.885600 0.325330
vt 0.720252 0.735563
vt 0.499261 0.968576
vt 0.719513 0.735563
vt 0.499261 0.967836
vt 0.885600 0.329927
vt 0.636307 0.782796
vt 0.029325 0.968814
vt 0.637046 0.782796
vt 0.029325 0.968075
vt 0.889171 0.575121
vt 0.636307 0.787392
vt 0.637046 0.787392
vt 0.889171 0.570524
vt 0.744275 0.329927
vt 0.743536 0.329927
vt 0.888546 0.570524
vt 0.744275 0.325330
vt 0.028701 0.968814
vt 0.743536 0.325330
vt 0.028701 0.968075
vt 0.888546 0.575121
vt 0.782872 0.368871
vt 0.824932 0.934993
vt 0.783612 0.368871
vt 0.824932 0.934254
vt 0.267988 0.833677
vt 0.782872 0.373468
vt 0.783612 0.373468
vt 0.267988 0.829080
vt 0.113292 0.771918
vt 0.112553 0.771918
vt 0.267364 0.829080
vt 0.113292 0.767321
vt 0.824307 0.934993
vt 0.112553 0.767321
vt 0.824307 0.934254
vt 0.267364 0.833677
vt 0.343061 0.780722
vt 0.959979 0.405270
vt 0.343800 0.780722
vt 0.959979 0.404531
vt 0.874203 0.866114
vt 0.343061 0.785319
vt 0.343800 0.785319
vt 0.874203 0.861517
vt 0.755912 0.661439
vt 0.755172 0.661439
vt 0.873579 0.861517
vt 0.755912 0.656842
vt 0.959354 0.405270
vt 0.755172 0.656842
vt 0.959354 0.404531
vt 0.873579 0.866114
vt 0.552445 0.202281
vt 0.170798 0.515401
vt 0.552445 0.196175
vt 0.524975 0.005574
vt 0.557820 0.202281
vt 0.127562 0.433011
vt 0.176173 0.515401
vt 0.557820 0.196175
vt 0.133668 0.433011
vt 0.519600 0.005574
vt 0.127562 0.442461
vt 0.353072 0.550909
vt 0.176173 0.524852
vt 0.133668 0.442461
vt 0.353072 0.557015
vt 0.519600 0.015024
vt 0.347697 0.550909
vt 0.170798 0.524852
vt 0.347697 0.557015
vt 0.524975 0.015024
vt 0.523940 0.006295
vt 0.653494 0.160793
vt 0.680489 0.910764
vt 0.523940 0.012109
vt 0.653494 0.166607
vt 0.725359 0.910764
vt 0.520635 0.012109
vt 0.725359 0.907458
vt 0.106743 0.661708
vt 0.520635 0.006295
vt 0.106743 0.655894
vt 0.680489 0.907458
vt 0.619771 0.213136
vt 0.653400 0.160793
vt 0.680395 0.910764
vt 0.619771 0.218950
vt 0.653400 0.166607
vt 0.725453 0.910764
vt 0.616465 0.218950
vt 0.725453 0.907458
vt 0.106836 0.661708
vt 0.616465 0.213136
vt 0.106836 0.655894
vt 0.680395 0.907458
vt 0.648933 0.771648
vt 0.648193 0.771648
vt 0.160378 0.882127
vt 0.648933 0.767051
vt 0.088529 0.968073
vt 0.648193 0.767051
vt 0.088529 0.968812
vt 0.160378 0.877530
vt 0.087904 0.968073
vt 0.365680 0.733487
vt 0.087904 0.968812
vt 0.366419 0.733487
vt 0.159754 0.877530
vt 0.365680 0.738084
vt 0.366419 0.738084
vt 0.159754 0.882127
vt 0.821720 0.981800
vt 0.821720 0.982540
vt 0.923933 0.580661
vt 0.891533 0.982540
vt 0.891533 0.981800
vt 0.923933 0.579466
vt 0.892021 0.982540
vt 0.919604 0.780589
vt 0.892021 0.981800
vt 0.920343 0.780589
vt 0.923445 0.579466
vt 0.919604 0.781784
vt 0.822209 0.981800
vt 0.920343 0.781784
vt 0.822209 0.982540
vt 0.923445 0.580661
vt 0.783707 0.037062
vt 0.171619 0.968812
vt 0.784446 0.037062
vt 0.171619 0.968073
vt 0.053284 0.882127
vt 0.783707 0.041659
vt 0.784446 0.041659
vt 0.053284 0.877530
vt 0.700221 0.279185
vt 0.699481 0.279185
vt 0.052660 0.877530
vt 0.700221 0.274588
vt 0.170995 0.968812
vt 0.699481 0.274588
vt 0.170995 0.968073
vt 0.052660 0.882127
vt 0.782687 0.274588
vt 0.242709 0.968812
vt 0.783427 0.274588
vt 0.242709 0.968073
vt 0.100831 0.882127
vt 0.782687 0.279185
vt 0.783427 0.279185
vt 0.100831 0.877530
vt 0.704492 0.643261
vt 0.703753 0.643261
vt 0.100206 0.877530
vt 0.704492 0.638664
vt 0.242085 0.968812
vt 0.703753 0.638664
vt 0.242085 0.968073
vt 0.100206 0.882127
vt 0.778946 0.704074
vt 0.476112 0.956689
vt 0.779685 0.704074
vt 0.476112 0.955950
vt 0.053284 0.866383
vt 0.778946 0.708671
vt 0.779685 0.708671
vt 0.053284 0.861786
vt 0.712292 0.373468
vt 0.711553 0.373468
vt 0.052660 0.861786
vt 0.712292 0.368871
vt 0.475488 0.956689
vt 0.711553 0.368871
vt 0.475488 0.955950
vt 0.052660 0.866383
vt 0.783707 0.052806
vt 0.960697 0.041973
vt 0.784446 0.052806
vt 0.960697 0.041233
vt 0.866358 0.436445
vt 0.783707 0.057403
vt 0.784446 0.057403
vt 0.866358 0.431848
vt 0.773064 0.534580
vt 0.772325 0.534580
vt 0.865734 0.431848
vt 0.773064 0.529983
vt 0.960073 0.041973
vt 0.772325 0.529983
vt 0.960073 0.041233
vt 0.865734 0.436445
vt 0.552445 0.133269
vt 0.415248 0.513057
vt 0.552445 0.127163
vt 0.523955 0.279441
vt 0.557820 0.133269
vt 0.300720 0.412413
vt 0.420623 0.513057
vt 0.557820 0.127163
vt 0.306826 0.412413
vt 0.518580 0.279441
vt 0.300720 0.421864
vt 0.557000 0.276097
vt 0.420623 0.522507
vt 0.306826 0.421864
vt 0.557000 0.282202
vt 0.518580 0.288892
vt 0.551625 0.276097
vt 0.415248 0.522507
vt 0.551625 0.282202
vt 0.523955 0.288892
vt 0.522921 0.280163
vt 0.267457 0.638933
vt 0.508244 0.908687
vt 0.522921 0.285977
vt 0.267457 0.644747
vt 0.301617 0.909816
vt 0.519615 0.285977
vt 0.301617 0.906510
vt 0.301087 0.644747
vt 0.519615 0.280163
vt 0.301087 0.638933
vt 0.508244 0.905381
vt 0.620475 0.537235
vt 0.267364 0.638933
vt 0.508150 0.908687
vt 0.620475 0.543048
vt 0.267364 0.644747
vt 0.301711 0.909816
vt 0.617169 0.543048
vt 0.301711 0.906510
vt 0.301180 0.644747
vt 0.617169 0.537235
vt 0.301180 0.638933
vt 0.508150 0.905381
vt 0.744025 0.771648
vt 0.743286 0.771648
vt 0.885974 0.771648
vt 0.744025 0.767051
vt 0.613043 0.969914
vt 0.743286 0.767051
vt 0.613043 0.970653
vt 0.885974 0.767051
vt 0.612419 0.969914
vt 0.695740 0.767051
vt 0.612419 0.970653
vt 0.696479 0.767051
vt 0.885350 0.767051
vt 0.695740 0.771648
vt 0.696479 0.771648
vt 0.885350 0.771648
vt 0.253856 0.979959
vt 0.253856 0.980699
vt 0.928980 0.931230
vt 0.242085 0.980699
vt 0.242085 0.979959
vt 0.928980 0.930034
vt 0.242573 0.980699
vt 0.919604 0.879332
vt 0.242573 0.979959
vt 0.920343 0.879332
vt 0.928492 0.930034
vt 0.919604 0.880527
vt 0.254345 0.979959
vt 0.920343 0.880527
vt 0.254345 0.980699
vt 0.928492 0.931230
vt 0.784211 0.482750
vt 0.695444 0.970653
vt 0.784951 0.482750
vt 0.695444 0.969914
vt 0.885974 0.692927
vt 0.784211 0.487347
vt 0.784951 0.487347
vt 0.885974 0.688330
vt 0.771540 0.263441
vt 0.770801 0.263441
vt 0.885350 0.688330
vt 0.771540 0.258844
vt 0.694820 0.970653
vt 0.770801 0.258844
vt 0.694820 0.969914
vt 0.885350 0.692927
vt 0.377567 0.780720
vt 0.730759 0.970653
vt 0.378306 0.780720
vt 0.730759 0.969914
vt 0.575247 0.882438
vt 0.377567 0.785317
vt 0.378306 0.785317
vt 0.575247 0.877841
vt 0.402079 0.769573
vt 0.401340 0.769573
vt 0.574623 0.877841
vt 0.402079 0.764976
vt 0.730135 0.970653
vt 0.401340 0.764976
vt 0.730135 0.969914
vt 0.574623 0.882438
vt 0.487605 0.780718
vt 0.801389 0.958767
vt 0.488344 0.780718
vt 0.801389 0.958027
vt 0.077288 0.866383
vt 0.487605 0.785315
vt 0.488344 0.785315
vt 0.077288 0.861786
vt 0.768048 0.345671
vt 0.767309 0.345671
vt 0.076663 0.861786
vt 0.768048 0.341074
vt 0.800765 0.958767
vt 0.767309 0.341074
vt 0.800765 0.958027
vt 0.076663 0.866383
vt 0.743286 0.782796
vt 0.848475 0.958767
vt 0.744025 0.782796
vt 0.848475 0.958027
vt 0.089059 0.866383
vt 0.743286 0.787392
vt 0.744025 0.787392
vt 0.089059 0.861786
vt 0.760384 0.242843
vt 0.759645 0.242843
vt 0.088435 0.861786
vt 0.760384 0.238246
vt 0.847851 0.958767
vt 0.759645 0.238246
vt 0.847851 0.958027
vt 0.088435 0.866383
vt 0.236888 0.559358
vt 0.535103 0.279441
vt 0.236888 0.553252
vt 0.541298 0.113255
vt 0.242263 0.559358
vt 0.144815 0.433011
vt 0.540478 0.279441
vt 0.242263 0.553252
vt 0.150921 0.433011
vt 0.535923 0.113255
vt 0.144815 0.442461
vt 0.556455 0.520274
vt 0.540478 0.288892
vt 0.150921 0.442461
vt 0.556455 0.526379
vt 0.535923 0.122705
vt 0.551080 0.520274
vt 0.535103 0.288892
vt 0.551080 0.526379
vt 0.541298 0.122705
vt 0.540263 0.113976
vt 0.652859 0.385833
vt 0.908456 0.761319
vt 0.540263 0.119791
vt 0.652859 0.391646
vt 0.908363 0.775772
vt 0.536957 0.119791
vt 0.908363 0.772466
vt 0.653600 0.011387
vt 0.536957 0.113976
vt 0.653600 0.005574
vt 0.908456 0.758013
vt 0.619771 0.178339
vt 0.652766 0.385833
vt 0.908363 0.761319
vt 0.619771 0.184152
vt 0.652766 0.391646
vt 0.908456 0.775772
vt 0.616465 0.184152
vt 0.908456 0.772466
vt 0.653694 0.011387
vt 0.616465 0.178339
vt 0.653694 0.005574
vt 0.908363 0.758013
vt 0.030086 0.756173
vt 0.029347 0.756173
vt 0.551704 0.882438
vt 0.030086 0.751576
vt 0.777845 0.969914
vt 0.029347 0.751576
vt 0.777845 0.970653
vt 0.551704 0.877841
vt 0.777221 0.969914
vt 0.648193 0.751307
vt 0.777221 0.970653
vt 0.648933 0.751307
vt 0.551080 0.877841
vt 0.648193 0.755904
vt 0.648933 0.755904
vt 0.551080 0.882438
vt 0.574623 0.980270
vt 0.574623 0.981010
vt 0.928105 0.636458
vt 0.562715 0.981010
vt 0.562715 0.980270
vt 0.928105 0.635262
vt 0.563203 0.981010
vt 0.919854 0.337673
vt 0.563203 0.980270
vt 0.920593 0.337673
vt 0.927617 0.635262
vt 0.919854 0.338868
vt 0.575111 0.980270
vt 0.920593 0.338868
vt 0.575111 0.981010
vt 0.927617 0.636458
vt 0.612534 0.798540
vt 0.895561 0.970653
vt 0.613273 0.798540
vt 0.895561 0.969914
vt 0.196268 0.882127
vt 0.612534 0.803137
vt 0.613273 0.803137
vt 0.196268 0.877530
vt 0.315649 0.754956
vt 0.314910 0.754956
vt 0.195644 0.877530
vt 0.315649 0.750359
vt 0.894937 0.970653
vt 0.314910 0.750359
vt 0.894937 0.969914
vt 0.195644 0.882127
vt 0.707626 0.798540
vt 0.971750 0.417157
vt 0.708365 0.798540
vt 0.971750 0.416418
vt 0.172265 0.882127
vt 0.707626 0.803137
vt 0.708365 0.803137
vt 0.172265 0.877530
vt 0.535890 0.753827
vt 0.535151 0.753827
vt 0.171641 0.877530
vt 0.535890 0.749230
vt 0.971126 0.417157
vt 0.535151 0.749230
vt 0.971126 0.416418
vt 0.171641 0.882127
vt 0.648193 0.798540
vt 0.967429 0.867272
vt 0.648933 0.798540
vt 0.967429 0.866532
vt 0.136720 0.866383
vt 0.648193 0.803137
vt 0.648933 0.803137
vt 0.136720 0.861786
vt 0.748587 0.175975
vt 0.747847 0.175975
vt 0.136096 0.861786
vt 0.748587 0.171378
vt 0.966805 0.867272
vt 0.747847 0.171378
vt 0.966805 0.866532
vt 0.136096 0.866383
vt 0.475718 0.796463
vt 0.960499 0.093396
vt 0.476457 0.796463
vt 0.960499 0.092657
vt 0.148607 0.866383
vt 0.475718 0.801059
vt 0.476457 0.801059
vt 0.148607 0.861786
vt 0.744025 0.677183
vt 0.743286 0.677183
vt 0.147983 0.861786
vt 0.744025 0.672586
vt 0.959875 0.093396
vt 0.743286 0.672586
vt 0.959875 0.092657
vt 0.147983 0.866383
vt 0.088186 0.559358
vt 0.055141 0.474206
vt 0.088186 0.553252
vt 0.490365 0.471860
vt 0.093561 0.559358
vt 0.401751 0.026171
vt 0.060516 0.474206
vt 0.093561 0.553252
vt 0.407857 0.026171
vt 0.484990 0.471860
vt 0.401751 0.035622
vt 0.557000 0.258844
vt 0.060516 0.483656
vt 0.407857 0.035622
vt 0.557000 0.264949
vt 0.484990 0.481310
vt 0.551625 0.258844
vt 0.055141 0.483656
vt 0.551625 0.264949
vt 0.490365 0.481310
vt 0.489330 0.472581
vt 0.631012 0.160793
vt 0.908456 0.717960
vt 0.489330 0.478395
vt 0.631012 0.166607
vt 0.908363 0.689054
vt 0.486024 0.478395
vt 0.908363 0.685748
vt 0.630283 0.408899
vt 0.486024 0.472581
vt 0.630283 0.403086
vt 0.908456 0.714654
vt 0.498610 0.602664
vt 0.630918 0.160793
vt 0.908363 0.717960
vt 0.498610 0.608478
vt 0.630918 0.166607
vt 0.908456 0.689054
vt 0.495304 0.608478
vt 0.908456 0.685748
vt 0.630377 0.408899
vt 0.495304 0.602664
vt 0.630377 0.403086
vt 0.908363 0.714654
vt 0.601386 0.740160
vt 0.600647 0.740160
vt 0.476227 0.848292
vt 0.601386 0.735563
vt 0.895561 0.934254
vt 0.600647 0.735563
vt 0.895561 0.934993
vt 0.476227 0.843695
vt 0.894937 0.934254
vt 0.291137 0.734615
vt 0.894937 0.934993
vt 0.291876 0.734615
vt 0.475603 0.843695
vt 0.291137 0.739212
vt 0.291876 0.739212
vt 0.475603 0.848292
vt 0.623918 0.981800
vt 0.623918 0.982540
vt 0.601135 0.923107
vt 0.612282 0.982540
vt 0.612282 0.981800
vt 0.601135 0.921911
vt 0.612771 0.982540
vt 0.195113 0.907727
vt 0.612771 0.981800
vt 0.195853 0.907727
vt 0.600647 0.921911
vt 0.195113 0.908923
vt 0.624406 0.981800
vt 0.195853 0.908923
vt 0.624406 0.982540
vt 0.600647 0.923107
vt 0.790832 0.767051
vt 0.939877 0.623659
vt 0.791572 0.767051
vt 0.939877 0.622919
vt 0.413736 0.848294
vt 0.790832 0.771648
vt 0.791572 0.771648
vt 0.413736 0.843697
vt 0.279990 0.739212
vt 0.279250 0.739212
vt 0.413111 0.843697
vt 0.279990 0.734615
vt 0.939252 0.623659
vt 0.279250 0.734615
vt 0.939252 0.622919
vt 0.413111 0.848294
vt 0.790832 0.656842
vt 0.378076 0.944804
vt 0.791572 0.656842
vt 0.378076 0.944065
vt 0.844038 0.471603
vt 0.790832 0.661439
vt 0.791572 0.661439
vt 0.844038 0.467006
vt 0.524004 0.738083
vt 0.523264 0.738083
vt 0.843414 0.467006
vt 0.524004 0.733486
vt 0.377452 0.944804
vt 0.523264 0.733486
vt 0.377452 0.944065
vt 0.843414 0.471603
vt 0.207645 0.783065
vt 0.053099 0.945041
vt 0.208385 0.783065
vt 0.053099 0.944302
vt 0.843334 0.160231
vt 0.207645 0.787662
vt 0.208385 0.787662
vt 0.843334 0.155634
vt 0.736700 0.160231
vt 0.735961 0.160231
vt 0.842710 0.155634
vt 0.736700 0.155634
vt 0.052474 0.945041
vt 0.735961 0.155634
vt 0.052474 0.944302
vt 0.842710 0.160231
vt 0.112553 0.783065
vt 0.575362 0.945350
vt 0.113292 0.783065
vt 0.575362 0.944611
vt 0.842814 0.436445
vt 0.112553 0.787662
vt 0.113292 0.787662
vt 0.842814 0.431848
vt 0.736065 0.373468
vt 0.735326 0.373468
vt 0.842190 0.431848
vt 0.736065 0.368871
vt 0.574738 0.945350
vt 0.735326 0.368871
vt 0.574738 0.944611
vt 0.842190 0.436445
vt 0.534557 0.557011
vt 0.286455 0.474206
vt 0.534557 0.550906
vt 0.482783 0.345927
vt 0.539932 0.557011
vt 0.409127 0.325330
vt 0.291831 0.474206
vt 0.539932 0.550906
vt 0.415232 0.325330
vt 0.477408 0.345927
vt 0.409127 0.334780
vt 0.556455 0.468515
vt 0.291831 0.483656
vt 0.415232 0.334780
vt 0.556455 0.474621
vt 0.477408 0.355378
vt 0.551080 0.468515
vt 0.286455 0.483656
vt 0.551080 0.474621
vt 0.482783 0.355378
vt 0.481748 0.346649
vt 0.641618 0.368871
vt 0.278698 0.909816
vt 0.481748 0.352463
vt 0.641618 0.374685
vt 0.908613 0.357541
vt 0.478442 0.352463
vt 0.908613 0.354236
vt 0.641339 0.298580
vt 0.478442 0.346649
vt 0.641339 0.292766
vt 0.278698 0.906510
vt 0.527516 0.602664
vt 0.641524 0.368871
vt 0.278605 0.909816
vt 0.527516 0.608478
vt 0.641524 0.374685
vt 0.908706 0.357541
vt 0.524210 0.608478
vt 0.908706 0.354236
vt 0.641433 0.298580
vt 0.524210 0.602664
vt 0.641433 0.292766
vt 0.278605 0.906510
vt 0.089519 0.724685
vt 0.088780 0.724685
vt 0.843334 0.191719
vt 0.089519 0.720088
vt 0.331799 0.944067
vt 0.088780 0.720088
vt 0.331799 0.944806
vt 0.843334 0.187122
vt 0.331174 0.944067
vt 0.076893 0.720088
vt 0.331174 0.944806
vt 0.077632 0.720088
vt 0.842710 0.187122
vt 0.076893 0.724685
vt 0.077632 0.724685
vt 0.842710 0.191719
vt 0.740272 0.981800
vt 0.740272 0.982540
vt 0.682583 0.923107
vt 0.682095 0.982540
vt 0.682095 0.981800
vt 0.682583 0.921911
vt 0.682583 0.982540
vt 0.171340 0.907727
vt 0.682583 0.981800
vt 0.172079 0.907727
vt 0.682095 0.921911
vt 0.171340 0.908923
vt 0.740761 0.981800
vt 0.172079 0.908923
vt 0.740761 0.982540
vt 0.682095 0.923107
vt 0.783507 0.092657
vt 0.936957 0.077652
vt 0.784247 0.092657
vt 0.936957 0.076913
vt 0.844038 0.534580
vt 0.783507 0.097254
vt 0.784247 0.097254
vt 0.844038 0.529983
vt 0.041973 0.724685
vt 0.041233 0.724685
vt 0.843414 0.529983
vt 0.041973 0.720088
vt 0.936333 0.077652
vt 0.041233 0.720088
vt 0.936333 0.076913
vt 0.843414 0.534580
vt 0.782872 0.384616
vt 0.935705 0.555519
vt 0.783612 0.384616
vt 0.935705 0.554780
vt 0.279760 0.849422
vt 0.782872 0.389212
vt 0.783612 0.389212
vt 0.279760 0.844825
vt 0.724179 0.436445
vt 0.723439 0.436445
vt 0.279135 0.844825
vt 0.724179 0.431848
vt 0.935081 0.555519
vt 0.723439 0.431848
vt 0.935081 0.554780
vt 0.279135 0.849422
vt 0.782142 0.570524
vt 0.937129 0.526059
vt 0.782881 0.570524
vt 0.937129 0.525319
vt 0.601271 0.850369
vt 0.782142 0.575121
vt 0.782881 0.575121
vt 0.601271 0.845773
vt 0.535890 0.722338
vt 0.535151 0.722338
vt 0.600647 0.845773
vt 0.535890 0.717741
vt 0.936505 0.526059
vt 0.535151 0.717741
vt 0.936505 0.525319
vt 0.600647 0.850369
vt 0.778946 0.767051
vt 0.624815 0.946880
vt 0.779685 0.767051
vt 0.624815 0.946141
vt 0.303533 0.849422
vt 0.778946 0.771648
vt 0.779685 0.771648
vt 0.303533 0.844825
vt 0.437739 0.722340
vt 0.437000 0.722340
vt 0.302908 0.844825
vt 0.437739 0.717743
vt 0.624190 0.946880
vt 0.437000 0.717743
vt 0.624190 0.946141
vt 0.302908 0.849422
vt 0.551810 0.409483
vt 0.022096 0.474206
vt 0.551810 0.403377
vt 0.490910 0.300042
vt 0.557185 0.409483
vt 0.401551 0.195645
vt 0.027471 0.474206
vt 0.557185 0.403377
vt 0.407657 0.195645
vt 0.485535 0.300042
vt 0.401551 0.205096
vt 0.556455 0.503021
vt 0.027471 0.483656
vt 0.407657 0.205096
vt 0.556455 0.509127
vt 0.485535 0.309493
vt 0.551080 0.503021
vt 0.022096 0.483656
vt 0.551080 0.509127
vt 0.490910 0.309493
vt 0.489876 0.300764
vt 0.222493 0.638933
vt 0.905458 0.910764
vt 0.489876 0.306578
vt 0.222493 0.644747
vt 0.005574 0.911033
vt 0.486570 0.306578
vt 0.005574 0.907727
vt 0.642863 0.457076
vt 0.486570 0.300764
vt 0.642863 0.451262
vt 0.905458 0.907458
vt 0.283553 0.605011
vt 0.222400 0.638933
vt 0.905365 0.910764
vt 0.283553 0.610824
vt 0.222400 0.644747
vt 0.005667 0.911033
vt 0.280247 0.610824
vt 0.005667 0.907727
vt 0.642957 0.457076
vt 0.280247 0.605011
vt 0.642957 0.451262
vt 0.905365 0.907458
vt 0.160838 0.708941
vt 0.160099 0.708941
vt 0.862431 0.866114
vt 0.160838 0.704344
vt 0.952524 0.893005
vt 0.160099 0.704344
vt 0.952524 0.893745
vt 0.862431 0.861517
vt 0.951899 0.893005
vt 0.148213 0.704344
vt 0.951899 0.893745
vt 0.148952 0.704344
vt 0.861807 0.861517
vt 0.148213 0.708941
vt 0.148952 0.708941
vt 0.861807 0.866114
vt 0.798450 0.981800
vt 0.798450 0.982540
vt 0.705854 0.923107
vt 0.786814 0.982540
vt 0.786814 0.981800
vt 0.705854 0.921911
vt 0.787302 0.982540
vt 0.574853 0.908038
vt 0.787302 0.981800
vt 0.575592 0.908038
vt 0.705366 0.921911
vt 0.574853 0.909234
vt 0.798938 0.981800
vt 0.575592 0.909234
vt 0.798938 0.982540
vt 0.705366 0.923107
vt 0.778946 0.719819
vt 0.948901 0.452001
vt 0.779685 0.719819
vt 0.948901 0.451262
vt 0.850660 0.866114
vt 0.778946 0.724416
vt 0.779685 0.724416
vt 0.850660 0.861517
vt 0.053859 0.708941
vt 0.053120 0.708941
vt 0.850035 0.861517
vt 0.053859 0.704344
vt 0.948276 0.452001
vt 0.053120 0.704344
vt 0.948276 0.451262
vt 0.850035 0.866114
vt 0.779196 0.325330
vt 0.171735 0.945039
vt 0.779935 0.325330
vt 0.171735 0.944300
vt 0.636701 0.850369
vt 0.779196 0.329927
vt 0.779935 0.329927
vt 0.636701 0.845773
vt 0.315649 0.707724
vt 0.314910 0.707724
vt 0.636077 0.845773
vt 0.315649 0.703127
vt 0.171110 0.945039
vt 0.314910 0.703127
vt 0.171110 0.944300
vt 0.636077 0.850369
vt 0.782142 0.602012
vt 0.960499 0.105283
vt 0.782881 0.602012
vt 0.960499 0.104544
vt 0.231583 0.866383
vt 0.782142 0.606609
vt 0.782881 0.606609
vt 0.231583 0.861786
vt 0.343800 0.706598
vt 0.343061 0.706598
vt 0.230959 0.861786
vt 0.343800 0.702001
vt 0.959874 0.105283
vt 0.343061 0.702001
vt 0.959874 0.104544
vt 0.230959 0.866383
vt 0.782687 0.258844
vt 0.959979 0.417157
vt 0.783427 0.258844
vt 0.959979 0.416418
vt 0.255586 0.866383
vt 0.782687 0.263441
vt 0.783427 0.263441
vt 0.255586 0.861786
vt 0.378306 0.706596
vt 0.377567 0.706596
vt 0.254962 0.861786
vt 0.378306 0.701999
vt 0.959354 0.417157
vt 0.377567 0.701999
vt 0.959354 0.416418
vt 0.254962 0.866383
vt 0.170798 0.559358
vt 0.493930 0.325330
vt 0.170798 0.553252
vt 0.524140 0.410067
vt 0.176173 0.559358
vt 0.417984 0.258844
vt 0.499305 0.325330
vt 0.176173 0.553252
vt 0.424090 0.258844
vt 0.518765 0.410067
vt 0.417984 0.268294
vt 0.387578 0.550907
vt 0.499305 0.334780
vt 0.424090 0.268294
vt 0.387578 0.557013
vt 0.518765 0.419517
vt 0.382203 0.550907
vt 0.493930 0.334780
vt 0.382203 0.557013
vt 0.524140 0.419517
vt 0.523106 0.410788
vt 0.642957 0.519690
vt 0.759176 0.910764
vt 0.523106 0.416602
vt 0.642957 0.525504
vt 0.770323 0.910764
vt 0.519800 0.416602
vt 0.770323 0.907458
vt 0.642359 0.079232
vt 0.519800 0.410788
vt 0.642359 0.073418
vt 0.759176 0.907458
vt 0.225708 0.605011
vt 0.642864 0.519690
vt 0.759082 0.910764
vt 0.225708 0.610824
vt 0.642864 0.525504
vt 0.770417 0.910764
vt 0.222402 0.610824
vt 0.770417 0.907458
vt 0.642453 0.079232
vt 0.222402 0.605011
vt 0.642453 0.073418
vt 0.759082 0.907458
vt 0.220271 0.693196
vt 0.219532 0.693196
vt 0.850660 0.724416
vt 0.220271 0.688599
vt 0.946852 0.603978
vt 0.219532 0.688599
vt 0.946852 0.603239
vt 0.850660 0.719819
vt 0.947477 0.603978
vt 0.207645 0.688599
vt 0.947477 0.603239
vt 0.208385 0.688599
vt 0.850035 0.719819
vt 0.207645 0.693196
vt 0.208385 0.693196
vt 0.850035 0.724416
vt 0.982167 0.578553
vt 0.982167 0.579292
vt 0.764031 0.923107
vt 0.903169 0.982540
vt 0.903169 0.981800
vt 0.764031 0.921911
vt 0.903657 0.982540
vt 0.912104 0.283530
vt 0.903657 0.981800
vt 0.912844 0.283530
vt 0.763543 0.921911
vt 0.912104 0.284725
vt 0.982655 0.578553
vt 0.912844 0.284725
vt 0.982655 0.579292
vt 0.763543 0.923107
vt 0.783507 0.202867
vt 0.948725 0.203920
vt 0.784247 0.202867
vt 0.948725 0.203180
vt 0.853856 0.575121
vt 0.783507 0.207464
vt 0.784247 0.207464
vt 0.853856 0.570524
vt 0.113292 0.693196
vt 0.112553 0.693196
vt 0.853231 0.570524
vt 0.113292 0.688599
vt 0.948101 0.203920
vt 0.112553 0.688599
vt 0.948101 0.203180
vt 0.853231 0.575121
vt 0.331174 0.780722
vt 0.948901 0.488574
vt 0.331914 0.780722
vt 0.948901 0.487834
vt 0.855306 0.010171
vt 0.331174 0.785319
vt 0.331914 0.785319
vt 0.855306 0.005574
vt 0.696729 0.329927
vt 0.695990 0.329927
vt 0.854682 0.005574
vt 0.696729 0.325330
vt 0.948276 0.488574
vt 0.695990 0.325330
vt 0.948276 0.487834
vt 0.854682 0.010171
vt 0.267364 0.781848
vt 0.948901 0.500460
vt 0.268103 0.781848
vt 0.948901 0.499721
vt 0.855810 0.455859
vt 0.267364 0.786445
vt 0.268103 0.786445
vt 0.855810 0.451262
vt 0.701745 0.487347
vt 0.701005 0.487347
vt 0.855186 0.451262
vt 0.701745 0.482750
vt 0.948276 0.500460
vt 0.701005 0.482750
vt 0.948276 0.499721
vt 0.855186 0.455859
vt 0.303023 0.781848
vt 0.951648 0.623659
vt 0.303763 0.781848
vt 0.951648 0.622919
vt 0.858558 0.643261
vt 0.303023 0.786445
vt 0.303763 0.786445
vt 0.858558 0.638664
vt 0.137065 0.708941
vt 0.136326 0.708941
vt 0.857933 0.638664
vt 0.137065 0.704344
vt 0.951024 0.623659
vt 0.136326 0.704344
vt 0.951024 0.622919
vt 0.857933 0.643261
vt 0.551810 0.374977
vt 0.502058 0.258844
vt 0.551810 0.368871
vt 0.491930 0.046769
vt 0.557185 0.374977
vt 0.283467 0.412413
vt 0.507433 0.258844
vt 0.557185 0.368871
vt 0.289573 0.412413
vt 0.486555 0.046769
vt 0.283467 0.421864
vt 0.404100 0.550907
vt 0.507433 0.268294
vt 0.289573 0.421864
vt 0.404100 0.557013
vt 0.486555 0.056219
vt 0.398725 0.550907
vt 0.502058 0.268294
vt 0.398725 0.557013
vt 0.491930 0.056219
vt 0.490896 0.047491
vt 0.106839 0.638933
vt 0.623753 0.910764
vt 0.490896 0.053304
vt 0.106839 0.644747
vt 0.635431 0.910764
vt 0.487590 0.053304
vt 0.635431 0.907458
vt 0.061779 0.644747
vt 0.487590 0.047491
vt 0.061779 0.638933
vt 0.623753 0.907458
vt 0.269100 0.605011
vt 0.106745 0.638933
vt 0.623660 0.910764
vt 0.269100 0.610825
vt 0.106745 0.644747
vt 0.635525 0.910764
vt 0.265794 0.610825
vt 0.635525 0.907458
vt 0.061872 0.644747
vt 0.265794 0.605011
vt 0.061872 0.638933
vt 0.623660 0.907458
vt 0.220271 0.740429
vt 0.219532 0.740429
vt 0.867077 0.025915
vt 0.220271 0.735832
vt 0.955522 0.692958
vt 0.219532 0.735832
vt 0.955522 0.693697
vt 0.867077 0.021318
vt 0.954897 0.692958
vt 0.755423 0.325330
vt 0.954897 0.693697
vt 0.756162 0.325330
vt 0.866453 0.021318
vt 0.755423 0.329927
vt 0.756162 0.329927
vt 0.866453 0.025915
vt 0.982713 0.294503
vt 0.982713 0.295243
vt 0.729125 0.923107
vt 0.982713 0.271470
vt 0.982713 0.270730
vt 0.729125 0.921911
vt 0.983201 0.271470
vt 0.912289 0.430586
vt 0.983201 0.270730
vt 0.913029 0.430586
vt 0.728637 0.921911
vt 0.912289 0.431782
vt 0.983201 0.294503
vt 0.913029 0.431782
vt 0.983201 0.295243
vt 0.728637 0.923107
vt 0.786959 0.622919
vt 0.952524 0.929404
vt 0.787698 0.622919
vt 0.952524 0.928665
vt 0.113062 0.850639
vt 0.786959 0.627516
vt 0.787698 0.627516
vt 0.113062 0.846042
vt 0.760473 0.223208
vt 0.759734 0.223208
vt 0.112438 0.846042
vt 0.760473 0.218611
vt 0.951899 0.929404
vt 0.759734 0.218611
vt 0.951899 0.928665
vt 0.112438 0.850639
vt 0.791082 0.341074
vt 0.766074 0.946880
vt 0.791822 0.341074
vt 0.766074 0.946141
vt 0.613043 0.850370
vt 0.791082 0.345671
vt 0.791822 0.345671
vt 0.613043 0.845773
vt 0.772360 0.097254
vt 0.771621 0.097254
vt 0.612419 0.845773
vt 0.772360 0.092657
vt 0.765449 0.946880
vt 0.771621 0.092657
vt 0.765449 0.946141
vt 0.612419 0.850370
vt 0.794574 0.306076
vt 0.948925 0.041973
vt 0.795313 0.306076
vt 0.948925 0.041233
vt 0.791457 0.850370
vt 0.794574 0.310673
vt 0.795313 0.310673
vt 0.791457 0.845773
vt 0.208385 0.771918
vt 0.207645 0.771918
vt 0.790832 0.845773
vt 0.208385 0.767321
vt 0.948301 0.041973
vt 0.207645 0.767321
vt 0.948301 0.041233
vt 0.790832 0.850370
vt 0.794759 0.431848
vt 0.948925 0.006313
vt 0.795498 0.431848
vt 0.948925 0.005574
vt 0.708136 0.850370
vt 0.794759 0.436445
vt 0.795498 0.436445
vt 0.708136 0.845773
vt 0.672706 0.771648
vt 0.671966 0.771648
vt 0.707511 0.845773
vt 0.672706 0.767051
vt 0.948301 0.006313
vt 0.671966 0.767051
vt 0.948301 0.005574
vt 0.707511 0.850370
vt 0.518035 0.557011
vt 0.502878 0.195645
vt 0.518035 0.550906
vt 0.437145 0.513057
vt 0.523410 0.557011
vt 0.426379 0.345927
vt 0.508253 0.195645
vt 0.523410 0.550906
vt 0.432485 0.345927
vt 0.431770 0.513057
vt 0.426379 0.355378
vt 0.490365 0.550906
vt 0.508253 0.205096
vt 0.432485 0.355378
vt 0.490365 0.557011
vt 0.431770 0.522507
vt 0.484990 0.550906
vt 0.502878 0.205096
vt 0.484990 0.557011
vt 0.437145 0.522507
vt 0.436110 0.513778
vt 0.177529 0.638933
vt 0.530725 0.908687
vt 0.436110 0.519592
vt 0.177529 0.644747
vt 0.908613 0.328635
vt 0.432805 0.519592
vt 0.908613 0.325330
vt 0.199918 0.644747
vt 0.432805 0.513778
vt 0.199918 0.638933
vt 0.530725 0.905381
vt 0.618951 0.275805
vt 0.177436 0.638933
vt 0.530632 0.908687
vt 0.618951 0.281619
vt 0.177436 0.644747
vt 0.908706 0.328635
vt 0.615646 0.281619
vt 0.908706 0.325330
vt 0.200011 0.644747
vt 0.615646 0.275805
vt 0.200011 0.638933
vt 0.530632 0.905381
vt 0.736611 0.242843
vt 0.735871 0.242843
vt 0.867582 0.487347
vt 0.736611 0.238246
vt 0.955522 0.668728
vt 0.735871 0.238246
vt 0.955522 0.669468
vt 0.867582 0.482750
vt 0.954897 0.668728
vt 0.724778 0.498495
vt 0.954897 0.669468
vt 0.725518 0.498495
vt 0.866957 0.482750
vt 0.724778 0.503092
vt 0.725518 0.503092
vt 0.866957 0.487347
vt 0.982167 0.554780
vt 0.982167 0.555519
vt 0.924664 0.382410
vt 0.982167 0.567406
vt 0.982167 0.566666
vt 0.924664 0.381214
vt 0.982655 0.567406
vt 0.913007 0.017917
vt 0.982655 0.566666
vt 0.913747 0.017917
vt 0.924176 0.381214
vt 0.913007 0.019112
vt 0.982655 0.554780
vt 0.913747 0.019112
vt 0.982655 0.555519
vt 0.924176 0.382410
vt 0.778946 0.798540
vt 0.695444 0.946880
vt 0.779685 0.798540
vt 0.695444 0.946141
vt 0.843336 0.144487
vt 0.778946 0.803137
vt 0.779685 0.803137
vt 0.843336 0.139890
vt 0.720252 0.677183
vt 0.719513 0.677183
vt 0.842712 0.139890
vt 0.720252 0.672586
vt 0.694820 0.946880
vt 0.719513 0.672586
vt 0.694820 0.946141
vt 0.842712 0.144487
vt 0.731399 0.798540
vt 0.279760 0.945932
vt 0.732139 0.798540
vt 0.279760 0.945193
vt 0.843247 0.242843
vt 0.731399 0.803137
vt 0.732139 0.803137
vt 0.843247 0.238246
vt 0.601386 0.708671
vt 0.600647 0.708671
vt 0.842622 0.238246
vt 0.601386 0.704074
vt 0.279135 0.945932
vt 0.600647 0.704074
vt 0.279135 0.945193
vt 0.842622 0.242843
vt 0.671966 0.798540
vt 0.947477 0.592091
vt 0.672706 0.798540
vt 0.947477 0.591352
vt 0.850660 0.850370
vt 0.671966 0.803137
vt 0.672706 0.803137
vt 0.850660 0.845773
vt 0.708365 0.661439
vt 0.707626 0.661439
vt 0.850035 0.845773
vt 0.708365 0.656842
vt 0.946852 0.592091
vt 0.707626 0.656842
vt 0.946852 0.591352
vt 0.850035 0.850370
vt 0.600647 0.798540
vt 0.883790 0.958767
vt 0.601386 0.798540
vt 0.883790 0.958027
vt 0.870329 0.627516
vt 0.600647 0.803137
vt 0.601386 0.803137
vt 0.870329 0.622919
vt 0.701040 0.144487
vt 0.700301 0.144487
vt 0.869705 0.622919
vt 0.701040 0.139890
vt 0.883165 0.958767
vt 0.700301 0.139890
vt 0.883165 0.958027
vt 0.869705 0.627516
vt 0.568148 0.282202
vt 0.203843 0.474206
vt 0.568148 0.276097
vt 0.176173 0.474206
vt 0.573523 0.282202
vt 0.409127 0.345927
vt 0.209218 0.474206
vt 0.573523 0.276097
vt 0.415232 0.345927
vt 0.170798 0.474206
vt 0.409127 0.355378
vt 0.548873 0.325330
vt 0.209218 0.483656
vt 0.415232 0.355378
vt 0.548873 0.331435
vt 0.170798 0.483656
vt 0.543498 0.325330
vt 0.203843 0.483656
vt 0.543498 0.331435
vt 0.176173 0.483656
vt 0.175139 0.474928
vt 0.073113 0.638933
vt 0.399497 0.908688
vt 0.175139 0.480742
vt 0.073113 0.644747
vt 0.410644 0.908689
vt 0.171833 0.480742
vt 0.410644 0.905383
vt 0.005574 0.644747
vt 0.171833 0.474928
vt 0.005574 0.638933
vt 0.399497 0.905383
vt 0.583291 0.606538
vt 0.073020 0.638933
vt 0.399403 0.908688
vt 0.583291 0.612352
vt 0.073020 0.644747
vt 0.410738 0.908689
vt 0.579986 0.612352
vt 0.410738 0.905383
vt 0.005667 0.644747
vt 0.579986 0.606538
vt 0.005667 0.638933
vt 0.399403 0.905383
vt 0.613273 0.708671
vt 0.612534 0.708671
vt 0.874203 0.755904
vt 0.613273 0.704074
vt 0.017439 0.956186
vt 0.612534 0.704074
vt 0.017439 0.956926
vt 0.874203 0.751307
vt 0.016814 0.956186
vt 0.710822 0.554780
vt 0.016814 0.956926
vt 0.711562 0.554780
vt 0.873578 0.751307
vt 0.710822 0.559377
vt 0.711562 0.559377
vt 0.873578 0.755904
vt 0.728637 0.981800
vt 0.728637 0.982540
vt 0.302758 0.922159
vt 0.751908 0.982540
vt 0.751908 0.981800
vt 0.302758 0.920963
vt 0.752396 0.982540
vt 0.147567 0.907727
vt 0.752396 0.981800
vt 0.148306 0.907727
vt 0.302270 0.920963
vt 0.147567 0.908923
vt 0.729125 0.981800
vt 0.148306 0.908923
vt 0.729125 0.982540
vt 0.302270 0.922159
vt 0.794574 0.274588
vt 0.943750 0.682267
vt 0.795313 0.274588
vt 0.943750 0.681527
vt 0.366304 0.848294
vt 0.794574 0.279185
vt 0.795313 0.279185
vt 0.366304 0.843697
vt 0.720252 0.661439
vt 0.719513 0.661439
vt 0.365680 0.843697
vt 0.720252 0.656842
vt 0.943125 0.682267
vt 0.719513 0.656842
vt 0.943125 0.681527
vt 0.365680 0.848294
vt 0.790832 0.782796
vt 0.943750 0.657581
vt 0.791572 0.782796
vt 0.943750 0.656842
vt 0.425507 0.848294
vt 0.790832 0.787392
vt 0.791572 0.787392
vt 0.425507 0.843697
vt 0.366419 0.722340
vt 0.365680 0.722340
vt 0.424883 0.843697
vt 0.366419 0.717743
vt 0.943126 0.657581
vt 0.365680 0.717743
vt 0.943126 0.656842
vt 0.424883 0.848294
vt 0.790832 0.704074
vt 0.940752 0.893744
vt 0.791572 0.704074
vt 0.940752 0.893005
vt 0.535660 0.848292
vt 0.790832 0.708671
vt 0.791572 0.708671
vt 0.535660 0.843695
vt 0.402079 0.722340
vt 0.401340 0.722340
vt 0.535036 0.843695
vt 0.402079 0.717743
vt 0.940128 0.893744
vt 0.401340 0.717743
vt 0.940128 0.893005
vt 0.535036 0.848292
vt 0.219532 0.783065
vt 0.389848 0.956691
vt 0.220271 0.783065
vt 0.389848 0.955952
vt 0.874203 0.803137
vt 0.219532 0.787662
vt 0.220271 0.787662
vt 0.874203 0.798540
vt 0.220271 0.724685
vt 0.219532 0.724685
vt 0.873578 0.798540
vt 0.220271 0.720088
vt 0.389223 0.956691
vt 0.219532 0.720088
vt 0.389223 0.955952
vt 0.873578 0.803137
vt 0.552445 0.219534
vt 0.470033 0.026171
vt 0.552445 0.213428
vt 0.491095 0.430664
vt 0.557820 0.219534
vt 0.365680 0.410068
vt 0.475408 0.026171
vt 0.557820 0.213428
vt 0.371786 0.410068
vt 0.485720 0.430664
vt 0.365680 0.419519
vt 0.420623 0.550907
vt 0.475408 0.035622
vt 0.371786 0.419519
vt 0.420623 0.557013
vt 0.485720 0.440115
vt 0.415248 0.550907
vt 0.470033 0.035622
vt 0.415248 0.557013
vt 0.491095 0.440115
vt 0.490061 0.431386
vt 0.641618 0.420046
vt 0.908456 0.790225
vt 0.490061 0.437200
vt 0.641618 0.425860
vt 0.908363 0.819131
vt 0.486755 0.437200
vt 0.908363 0.815825
vt 0.642070 0.244060
vt 0.486755 0.431386
vt 0.642070 0.238246
vt 0.908456 0.786919
vt 0.469704 0.602664
vt 0.641524 0.420046
vt 0.908363 0.790225
vt 0.469704 0.608478
vt 0.641524 0.425860
vt 0.908456 0.819131
vt 0.466398 0.608478
vt 0.908456 0.815825
vt 0.642164 0.244060
vt 0.466398 0.602664
vt 0.642164 0.238246
vt 0.908363 0.786919
vt 0.747221 0.590865
vt 0.746482 0.590865
vt 0.874453 0.329927
vt 0.747221 0.586268
vt 0.159963 0.956186
vt 0.746482 0.586268
vt 0.159963 0.956926
vt 0.874453 0.325330
vt 0.159338 0.956186
vt 0.747847 0.155634
vt 0.159338 0.956926
vt 0.748587 0.155634
vt 0.873828 0.325330
vt 0.747847 0.160231
vt 0.748587 0.160231
vt 0.873828 0.329927
vt 0.267364 0.980853
vt 0.267364 0.981592
vt 0.923934 0.593004
vt 0.290907 0.981592
vt 0.290907 0.980853
vt 0.923934 0.591808
vt 0.291395 0.981592
vt 0.912721 0.238246
vt 0.291395 0.980853
vt 0.913461 0.238246
vt 0.923445 0.591808
vt 0.912721 0.239442
vt 0.267852 0.980853
vt 0.913461 0.239442
vt 0.267852 0.981592
vt 0.923445 0.593004
vt 0.475718 0.780718
vt 0.303303 0.957819
vt 0.476457 0.780718
vt 0.303303 0.957080
vt 0.877399 0.559377
vt 0.475718 0.785315
vt 0.476457 0.785315
vt 0.877399 0.554780
vt 0.708365 0.755904
vt 0.707626 0.755904
vt 0.876775 0.554780
vt 0.708365 0.751307
vt 0.302679 0.957819
vt 0.707626 0.751307
vt 0.302679 0.957080
vt 0.876775 0.559377
vt 0.401340 0.780720
vt 0.935705 0.567862
vt 0.402079 0.780720
vt 0.935705 0.567123
vt 0.844038 0.503092
vt 0.401340 0.785317
vt 0.402079 0.785317
vt 0.844038 0.498495
vt 0.755912 0.708671
vt 0.755172 0.708671
vt 0.843414 0.498495
vt 0.755912 0.704074
vt 0.935081 0.567862
vt 0.755172 0.704074
vt 0.935081 0.567123
vt 0.843414 0.503092
vt 0.784211 0.529983
vt 0.936955 0.105283
vt 0.784951 0.529983
vt 0.936955 0.104544
vt 0.842084 0.575121
vt 0.784211 0.534580
vt 0.784951 0.534580
vt 0.842084 0.570524
vt 0.137065 0.756173
vt 0.136326 0.756173
vt 0.841460 0.570524
vt 0.137065 0.751576
vt 0.936331 0.105283
vt 0.136326 0.751576
vt 0.936331 0.104544
vt 0.841460 0.575121
vt 0.783507 0.139890
vt 0.936251 0.271926
vt 0.784247 0.139890
vt 0.936251 0.271187
vt 0.378076 0.848294
vt 0.783507 0.144487
vt 0.784247 0.144487
vt 0.378076 0.843697
vt 0.767798 0.724415
vt 0.767059 0.724415
vt 0.377452 0.843697
vt 0.767798 0.719819
vt 0.935626 0.271926
vt 0.767059 0.719819
vt 0.935626 0.271187
vt 0.377452 0.848294
vt 0.552445 0.185028
vt 0.365680 0.513057
vt 0.552445 0.178922
vt 0.506887 0.471860
vt 0.557820 0.185028
vt 0.418804 0.092657
vt 0.371055 0.513057
vt 0.557820 0.178922
vt 0.424910 0.092657
vt 0.501512 0.471860
vt 0.418804 0.102108
vt 0.473843 0.550906
vt 0.371055 0.522507
vt 0.424910 0.102108
vt 0.473843 0.557011
vt 0.501512 0.481310
vt 0.468467 0.550906
vt 0.365680 0.522507
vt 0.468467 0.557011
vt 0.506887 0.481310
vt 0.505853 0.472581
vt 0.508244 0.653548
vt 0.901860 0.052238
vt 0.505853 0.478395
vt 0.508244 0.659361
vt 0.904489 0.626225
vt 0.502547 0.478395
vt 0.904489 0.622919
vt 0.154954 0.661708
vt 0.502547 0.472581
vt 0.154954 0.655894
vt 0.901860 0.048933
vt 0.620475 0.485768
vt 0.508150 0.653548
vt 0.901766 0.052238
vt 0.620475 0.491582
vt 0.508150 0.659361
vt 0.904583 0.626225
vt 0.617169 0.491582
vt 0.904583 0.622919
vt 0.155047 0.661708
vt 0.617169 0.485768
vt 0.155047 0.655894
vt 0.901766 0.048933
vt 0.773064 0.487347
vt 0.772325 0.487347
vt 0.877399 0.590865
vt 0.773064 0.482750
vt 0.959248 0.566666
vt 0.772325 0.482750
vt 0.959248 0.567406
vt 0.877399 0.586268
vt 0.958624 0.566666
vt 0.771820 0.037062
vt 0.958624 0.567406
vt 0.772560 0.037062
vt 0.876775 0.586268
vt 0.771820 0.041659
vt 0.772560 0.041659
vt 0.876775 0.590865
vt 0.170995 0.979959
vt 0.170995 0.980699
vt 0.928980 0.918887
vt 0.087904 0.980699
vt 0.087904 0.979960
vt 0.928980 0.917691
vt 0.088392 0.980699
vt 0.389453 0.919836
vt 0.088392 0.979960
vt 0.390193 0.919836
vt 0.928492 0.917691
vt 0.389453 0.921031
vt 0.171483 0.979959
vt 0.390193 0.921031
vt 0.171483 0.980699
vt 0.928492 0.918887
vt 0.778946 0.672586
vt 0.425508 0.968578
vt 0.779685 0.672586
vt 0.425508 0.967838
vt 0.889901 0.436445
vt 0.778946 0.677183
vt 0.779685 0.677183
vt 0.889901 0.431848
vt 0.772360 0.144487
vt 0.771621 0.144487
vt 0.889277 0.431848
vt 0.772360 0.139890
vt 0.424883 0.968578
vt 0.771621 0.139890
vt 0.424883 0.967838
vt 0.889277 0.436445
vt 0.778946 0.688330
vt 0.452569 0.968576
vt 0.779685 0.688330
vt 0.452569 0.967837
vt 0.885974 0.755904
vt 0.778946 0.692927
vt 0.779685 0.692927
vt 0.885974 0.751307
vt 0.772271 0.242843
vt 0.771531 0.242843
vt 0.885350 0.751307
vt 0.772271 0.238246
vt 0.451945 0.968576
vt 0.771531 0.238246
vt 0.451945 0.967837
vt 0.885350 0.755904
vt 0.778946 0.735563
vt 0.159848 0.968812
vt 0.779685 0.735563
vt 0.159848 0.968073
vt 0.885974 0.850369
vt 0.778946 0.740160
vt 0.779685 0.740160
vt 0.885974 0.845773
vt 0.160838 0.771918
vt 0.160099 0.771918
vt 0.885350 0.845773
vt 0.160838 0.767321
vt 0.159224 0.968812
vt 0.160099 0.767321
vt 0.159224 0.968073
vt 0.885350 0.850369
vt 0.779196 0.341074
vt 0.979065 0.753130
vt 0.779935 0.341074
vt 0.979065 0.752391
vt 0.889901 0.420701
vt 0.779196 0.345671
vt 0.779935 0.345671
vt 0.889901 0.416104
vt 0.018200 0.771918
vt 0.017460 0.771918
vt 0.889277 0.416104
vt 0.018200 0.767321
vt 0.978441 0.753130
vt 0.017460 0.767321
vt 0.978441 0.752391
vt 0.889277 0.420701
vt 0.560020 0.348688
vt 0.502243 0.410067
vt 0.560020 0.342583
vt 0.507618 0.430665
vt 0.565395 0.348688
vt 0.426379 0.325330
vt 0.507618 0.410067
vt 0.565395 0.342583
vt 0.432485 0.325330
vt 0.502243 0.430665
vt 0.426379 0.334780
vt 0.336549 0.550909
vt 0.507618 0.419517
vt 0.432485 0.334780
vt 0.336549 0.557015
vt 0.502243 0.440115
vt 0.331174 0.550909
vt 0.502243 0.419517
vt 0.331174 0.557015
vt 0.507618 0.440115
vt 0.506583 0.431386
vt 0.653494 0.109618
vt 0.901835 0.541286
vt 0.506583 0.437200
vt 0.653494 0.115432
vt 0.901766 0.037785
vt 0.503277 0.437200
vt 0.901766 0.034480
vt 0.653400 0.098471
vt 0.503277 0.431386
vt 0.653400 0.092657
vt 0.901835 0.537980
vt 0.334480 0.619629
vt 0.653400 0.109618
vt 0.901742 0.541286
vt 0.334480 0.625443
vt 0.653400 0.115432
vt 0.901860 0.037785
vt 0.331174 0.625443
vt 0.901860 0.034480
vt 0.653494 0.098471
vt 0.331174 0.619629
vt 0.653494 0.092657
vt 0.901742 0.537980
vt 0.315649 0.770701
vt 0.314910 0.770701
vt 0.877399 0.575121
vt 0.315649 0.766104
vt 0.964295 0.904892
vt 0.314910 0.766104
vt 0.964295 0.905631
vt 0.877399 0.570524
vt 0.963671 0.904892
vt 0.267364 0.766104
vt 0.963671 0.905631
vt 0.268103 0.766104
vt 0.876775 0.570524
vt 0.267364 0.770701
vt 0.268103 0.770701
vt 0.876775 0.575121
vt 0.147316 0.979959
vt 0.147316 0.980699
vt 0.928980 0.906544
vt 0.111175 0.980699
vt 0.111175 0.979960
vt 0.928980 0.905348
vt 0.111663 0.980699
vt 0.919604 0.817617
vt 0.111663 0.979960
vt 0.920343 0.817617
vt 0.928492 0.905348
vt 0.919604 0.818813
vt 0.147804 0.979959
vt 0.920343 0.818813
vt 0.147804 0.980699
vt 0.928492 0.906544
vt 0.782687 0.306076
vt 0.487884 0.968576
vt 0.783427 0.306076
vt 0.487884 0.967837
vt 0.889901 0.404957
vt 0.782687 0.310673
vt 0.783427 0.310673
vt 0.889901 0.400360
vt 0.488344 0.769571
vt 0.487605 0.769571
vt 0.889277 0.400360
vt 0.488344 0.764974
vt 0.487260 0.968576
vt 0.487605 0.764974
vt 0.487260 0.967837
vt 0.889277 0.404957
vt 0.782872 0.431848
vt 0.535545 0.968576
vt 0.783612 0.431848
vt 0.535545 0.967837
vt 0.889901 0.373468
vt 0.782872 0.436445
vt 0.783612 0.436445
vt 0.889901 0.368871
vt 0.452684 0.769571
vt 0.451945 0.769571
vt 0.889277 0.368871
vt 0.452684 0.764974
vt 0.534921 0.968576
vt 0.451945 0.764974
vt 0.534921 0.967837
vt 0.889277 0.373468
vt 0.783507 0.076913
vt 0.017439 0.968812
vt 0.784247 0.076913
vt 0.017439 0.968073
vt 0.889716 0.310673
vt 0.783507 0.081510
vt 0.784247 0.081510
vt 0.889716 0.306076
vt 0.767798 0.661439
vt 0.767059 0.661439
vt 0.889092 0.306076
vt 0.767798 0.656842
vt 0.016815 0.968812
vt 0.767059 0.656842
vt 0.016815 0.968073
vt 0.889092 0.310673
vt 0.783507 0.187122
vt 0.064985 0.968812
vt 0.784247 0.187122
vt 0.064985 0.968073
vt 0.889716 0.294929
vt 0.783507 0.191719
vt 0.784247 0.191719
vt 0.889716 0.290332
vt 0.760673 0.025915
vt 0.759934 0.025915
vt 0.889091 0.290332
vt 0.760673 0.021318
vt 0.064361 0.968812
vt 0.759934 0.021318
vt 0.064361 0.968073
vt 0.889091 0.294929
vt 0.568333 0.374977
vt 0.286455 0.515401
vt 0.568333 0.368871
vt 0.043994 0.515401
vt 0.573708 0.374977
vt 0.389039 0.378322
vt 0.291831 0.515401
vt 0.573708 0.368871
vt 0.382933 0.378324
vt 0.038619 0.515401
vt 0.389039 0.368872
vt 0.556455 0.451262
vt 0.291831 0.524852
vt 0.382933 0.368873
vt 0.556455 0.457368
vt 0.038619 0.524852
vt 0.551080 0.451262
vt 0.286455 0.524852
vt 0.551080 0.457368
vt 0.043994 0.524852
vt 0.042959 0.516123
vt 0.320027 0.502154
vt 0.908456 0.746866
vt 0.042959 0.521938
vt 0.320027 0.507970
vt 0.908363 0.732413
vt 0.039653 0.521938
vt 0.908363 0.729107
vt 0.320027 0.485191
vt 0.039653 0.516123
vt 0.320027 0.491007
vt 0.908456 0.743560
vt 0.513063 0.619626
vt 0.319933 0.502154
vt 0.908363 0.746866
vt 0.513063 0.625439
vt 0.319933 0.507968
vt 0.908456 0.732413
vt 0.509757 0.625439
vt 0.908456 0.729107
vt 0.319933 0.485193
vt 0.509757 0.619626
vt 0.319933 0.491007
vt 0.908363 0.743560
vt 0.244045 0.756173
vt 0.243305 0.756173
vt 0.874453 0.345671
vt 0.244045 0.751576
vt 0.959979 0.368871
vt 0.243305 0.751576
vt 0.959979 0.369611
vt 0.874453 0.341074
vt 0.959354 0.368871
vt 0.207645 0.751576
vt 0.959354 0.369611
vt 0.208385 0.751576
vt 0.873829 0.341074
vt 0.207645 0.756173
vt 0.208385 0.756173
vt 0.873829 0.345671
vt 0.600647 0.981800
vt 0.600647 0.982540
vt 0.931978 0.831152
vt 0.302678 0.981592
vt 0.302678 0.980853
vt 0.931978 0.829958
vt 0.303167 0.981592
vt 0.535151 0.919834
vt 0.303167 0.980853
vt 0.535890 0.919836
vt 0.931490 0.829958
vt 0.535151 0.921030
vt 0.601135 0.981800
vt 0.535890 0.921030
vt 0.601135 0.982540
vt 0.931490 0.831152
vt 0.784211 0.467006
vt 0.959794 0.307129
vt 0.784951 0.467006
vt 0.959792 0.306390
vt 0.890619 0.010171
vt 0.784211 0.471603
vt 0.784951 0.471603
vt 0.890619 0.005574
vt 0.172725 0.756173
vt 0.171986 0.756173
vt 0.889997 0.005574
vt 0.172725 0.751576
vt 0.959170 0.307129
vt 0.171986 0.751576
vt 0.959170 0.306390
vt 0.889997 0.010171
vt 0.784211 0.498495
vt 0.959794 0.283356
vt 0.784951 0.498495
vt 0.959792 0.282617
vt 0.890419 0.207464
vt 0.784211 0.503092
vt 0.784951 0.503092
vt 0.890419 0.202867
vt 0.113292 0.756173
vt 0.112553 0.756173
vt 0.889796 0.202867
vt 0.113292 0.751576
vt 0.959169 0.283356
vt 0.112553 0.751576
vt 0.959169 0.282617
vt 0.889796 0.207464
vt 0.784211 0.514239
vt 0.601271 0.970653
vt 0.784951 0.514239
vt 0.601269 0.969914
vt 0.890619 0.057403
vt 0.784211 0.518836
vt 0.784951 0.518836
vt 0.890619 0.052806
vt 0.006313 0.756173
vt 0.005574 0.756173
vt 0.889997 0.052806
vt 0.006313 0.751576
vt 0.600647 0.970653
vt 0.005574 0.751576
vt 0.600647 0.969914
vt 0.889997 0.057403
vt 0.389453 0.780720
vt 0.624815 0.970653
vt 0.390193 0.780720
vt 0.624815 0.969914
vt 0.889716 0.279185
vt 0.389453 0.785317
vt 0.390193 0.785317
vt 0.889716 0.274588
vt 0.744025 0.755904
vt 0.743286 0.755904
vt 0.889092 0.274588
vt 0.744025 0.751307
vt 0.624190 0.970653
vt 0.743286 0.751307
vt 0.624190 0.969914
vt 0.889092 0.279185
vt 0.154276 0.559358
vt 0.519400 0.216243
vt 0.154276 0.553252
vt 0.540663 0.389469
vt 0.159651 0.559358
vt 0.248752 0.433011
vt 0.524775 0.216243
vt 0.159651 0.553252
vt 0.254857 0.433011
vt 0.535288 0.389469
vt 0.248752 0.442461
vt 0.556455 0.485768
vt 0.524775 0.225694
vt 0.254857 0.442461
vt 0.556455 0.491874
vt 0.535288 0.398920
vt 0.551080 0.485768
vt 0.519400 0.225694
vt 0.551080 0.491874
vt 0.540663 0.398920
vt 0.539628 0.390191
vt 0.188770 0.655894
vt 0.365774 0.908688
vt 0.539628 0.396005
vt 0.188770 0.661708
vt 0.331174 0.908690
vt 0.536322 0.396005
vt 0.331174 0.905384
vt 0.143713 0.661708
vt 0.536322 0.390191
vt 0.143713 0.655894
vt 0.365774 0.905383
vt 0.620475 0.503021
vt 0.188677 0.655894
vt 0.365680 0.908688
vt 0.620475 0.508834
vt 0.188677 0.661708
vt 0.331268 0.908690
vt 0.617169 0.508834
vt 0.331268 0.905384
vt 0.143807 0.661708
vt 0.617169 0.503021
vt 0.143807 0.655894
vt 0.365680 0.905383
vt 0.390193 0.753829
vt 0.389453 0.753829
vt 0.874203 0.850370
vt 0.390193 0.749232
vt 0.848817 0.357557
vt 0.389453 0.749232
vt 0.848817 0.356818
vt 0.874203 0.845773
vt 0.849443 0.357557
vt 0.365680 0.749232
vt 0.849441 0.356818
vt 0.366419 0.749232
vt 0.873578 0.845773
vt 0.365680 0.753829
vt 0.366419 0.753829
vt 0.873578 0.850370
vt 0.763543 0.981800
vt 0.763543 0.982540
vt 0.041076 0.921268
vt 0.717001 0.982540
vt 0.717001 0.981800
vt 0.041076 0.920071
vt 0.717490 0.982540
vt 0.563697 0.437883
vt 0.717490 0.981800
vt 0.564436 0.437883
vt 0.040588 0.920071
vt 0.563697 0.439079
vt 0.764031 0.981800
vt 0.564436 0.439081
vt 0.764031 0.982540
vt 0.040588 0.921268
vt 0.511378 0.780718
vt 0.742858 0.356818
vt 0.512117 0.780718
vt 0.742857 0.357557
vt 0.819793 0.081510
vt 0.511378 0.785315
vt 0.512117 0.785315
vt 0.819793 0.076913
vt 0.749291 0.455859
vt 0.748552 0.455859
vt 0.819166 0.076913
vt 0.749291 0.451262
vt 0.743481 0.356818
vt 0.748552 0.451262
vt 0.743483 0.357557
vt 0.819166 0.081510
vt 0.535151 0.780718
vt 0.971750 0.405270
vt 0.535890 0.780718
vt 0.971750 0.404531
vt 0.889171 0.590865
vt 0.535151 0.785315
vt 0.535890 0.785315
vt 0.889171 0.586268
vt 0.748587 0.223208
vt 0.747847 0.223208
vt 0.888546 0.586268
vt 0.748587 0.218611
vt 0.971126 0.405270
vt 0.747847 0.218611
vt 0.971126 0.404531
vt 0.888546 0.590865
vt 0.279250 0.781848
vt 0.971750 0.429044
vt 0.279990 0.781848
vt 0.971750 0.428304
vt 0.889171 0.559377
vt 0.279250 0.786445
vt 0.279990 0.786445
vt 0.889171 0.554780
vt 0.747952 0.389213
vt 0.747213 0.389213
vt 0.888546 0.554780
vt 0.747952 0.384616
vt 0.971126 0.429044
vt 0.747213 0.384616
vt 0.971126 0.428304
vt 0.888546 0.559377
vt 0.624420 0.782796
vt 0.972269 0.156373
vt 0.625159 0.782796
vt 0.972269 0.155634
vt 0.886224 0.345671
vt 0.624420 0.787392
vt 0.625159 0.787392
vt 0.886224 0.341074
vt 0.744025 0.740160
vt 0.743286 0.740160
vt 0.885600 0.341074
vt 0.744025 0.735563
vt 0.971644 0.156373
vt 0.743286 0.735563
vt 0.971644 0.155634
vt 0.885600 0.345671
vt 0.022096 0.559358
vt 0.452490 0.279443
vt 0.022096 0.553252
vt 0.541298 0.133852
vt 0.027471 0.559358
vt 0.354533 0.378324
vt 0.457866 0.279443
vt 0.027471 0.553252
vt 0.348427 0.378322
vt 0.535923 0.133852
vt 0.354533 0.368871
vt 0.556455 0.537527
vt 0.457866 0.288896
vt 0.348427 0.368873
vt 0.556455 0.543632
vt 0.535923 0.143301
vt 0.551080 0.537527
vt 0.452490 0.288896
vt 0.551080 0.543632
vt 0.541298 0.143301
vt 0.540263 0.134574
vt 0.562414 0.623499
vt 0.463280 0.908687
vt 0.540263 0.140388
vt 0.562414 0.629313
vt 0.451945 0.908687
vt 0.536957 0.140388
vt 0.451945 0.905381
vt 0.630098 0.264658
vt 0.536957 0.134574
vt 0.630098 0.258843
vt 0.463280 0.905381
vt 0.605318 0.092657
vt 0.562321 0.623499
vt 0.463186 0.908687
vt 0.605318 0.098472
vt 0.562321 0.629313
vt 0.452039 0.908687
vt 0.602012 0.098472
vt 0.452039 0.905381
vt 0.630192 0.264658
vt 0.602012 0.092657
vt 0.630192 0.258843
vt 0.463186 0.905381
vt 0.018200 0.740429
vt 0.017460 0.740429
vt 0.827116 0.677183
vt 0.018200 0.735832
vt 0.707215 0.934254
vt 0.017460 0.735832
vt 0.707215 0.934993
vt 0.827116 0.672586
vt 0.706591 0.934254
vt 0.707626 0.735563
vt 0.706591 0.934993
vt 0.708365 0.735563
vt 0.826491 0.672586
vt 0.707626 0.740160
vt 0.708365 0.740160
vt 0.826491 0.677183
vt 0.982713 0.282617
vt 0.982713 0.283356
vt 0.923934 0.605347
vt 0.982167 0.591635
vt 0.982167 0.590896
vt 0.923934 0.604151
vt 0.982655 0.591635
vt 0.912983 0.475947
vt 0.982655 0.590896
vt 0.913722 0.475947
vt 0.923445 0.604151
vt 0.912983 0.477143
vt 0.983201 0.282617
vt 0.913722 0.477143
vt 0.983201 0.283356
vt 0.923445 0.605347
vt 0.683853 0.782796
vt 0.279759 0.934046
vt 0.684592 0.782796
vt 0.279759 0.933306
vt 0.827116 0.692927
vt 0.683853 0.787392
vt 0.684592 0.787392
vt 0.827116 0.688330
vt 0.648933 0.740160
vt 0.648193 0.740160
vt 0.826491 0.688330
vt 0.648933 0.735563
vt 0.279135 0.934046
vt 0.648193 0.735563
vt 0.279135 0.933306
vt 0.826491 0.692927
vt 0.719513 0.782796
vt 0.575362 0.933463
vt 0.720252 0.782796
vt 0.575362 0.932724
vt 0.827116 0.708671
vt 0.719513 0.787392
vt 0.720252 0.787392
vt 0.827116 0.704074
vt 0.740152 0.627516
vt 0.739412 0.627516
vt 0.826491 0.704074
vt 0.740152 0.622919
vt 0.574738 0.933463
vt 0.739412 0.622919
vt 0.574738 0.932724
vt 0.826491 0.708671
vt 0.755172 0.782796
vt 0.563591 0.933463
vt 0.755912 0.782796
vt 0.563591 0.932724
vt 0.827116 0.724416
vt 0.755172 0.787392
vt 0.755912 0.787392
vt 0.827116 0.719819
vt 0.413966 0.738084
vt 0.413226 0.738084
vt 0.826491 0.719819
vt 0.413966 0.733487
vt 0.562966 0.933463
vt 0.413226 0.733487
vt 0.562966 0.932724
vt 0.826491 0.724416
vt 0.017460 0.783065
vt 0.452569 0.956689
vt 0.018200 0.783065
vt 0.452569 0.955950
vt 0.874203 0.818881
vt 0.017460 0.787662
vt 0.018200 0.787662
vt 0.874203 0.814284
vt 0.737404 0.487347
vt 0.736665 0.487347
vt 0.873578 0.814284
vt 0.737404 0.482750
vt 0.451944 0.956689
vt 0.736665 0.482750
vt 0.451944 0.955950
vt 0.873578 0.818881
vt 0.568333 0.409483
vt 0.451945 0.451262
vt 0.568333 0.403377
vt 0.353802 0.451265
vt 0.573708 0.409483
vt 0.400186 0.368871
vt 0.457320 0.451262
vt 0.573708 0.403377
vt 0.406292 0.368871
vt 0.348427 0.451265
vt 0.400186 0.378322
vt 0.457320 0.550906
vt 0.457320 0.460712
vt 0.406292 0.378322
vt 0.457320 0.557011
vt 0.348427 0.460716
vt 0.451945 0.550906
vt 0.451945 0.460712
vt 0.451945 0.557011
vt 0.353802 0.460716
vt 0.352768 0.451987
vt 0.323293 0.075696
vt 0.267457 0.909816
vt 0.352768 0.457801
vt 0.323293 0.081511
vt 0.496909 0.908687
vt 0.349462 0.457801
vt 0.496909 0.905381
vt 0.323199 0.064548
vt 0.349462 0.451987
vt 0.323199 0.058733
vt 0.267457 0.906510
vt 0.603953 0.554779
vt 0.323199 0.075694
vt 0.267364 0.909816
vt 0.603953 0.560596
vt 0.323199 0.081511
vt 0.497002 0.908687
vt 0.600647 0.560596
vt 0.497002 0.905381
vt 0.323293 0.064548
vt 0.600647 0.554779
vt 0.323293 0.058731
vt 0.267364 0.906510
vt 0.732389 0.345671
vt 0.731649 0.345671
vt 0.827116 0.771648
vt 0.732389 0.341074
vt 0.837669 0.356818
vt 0.731649 0.341074
vt 0.837667 0.357557
vt 0.827116 0.767051
vt 0.837043 0.356818
vt 0.731399 0.704074
vt 0.837043 0.357557
vt 0.732139 0.704074
vt 0.826491 0.767051
vt 0.731399 0.708671
vt 0.732139 0.708671
vt 0.826491 0.771648
vt 0.844991 0.981800
vt 0.844991 0.982540
vt 0.124031 0.921266
vt 0.856627 0.982540
vt 0.856627 0.981800
vt 0.124031 0.920070
vt 0.857115 0.982540
vt 0.040588 0.907727
vt 0.857115 0.981800
vt 0.041327 0.907727
vt 0.123543 0.920070
vt 0.040588 0.908921
vt 0.845480 0.981800
vt 0.041327 0.908923
vt 0.845480 0.982540
vt 0.123543 0.921266
vt 0.065006 0.783065
vt 0.684616 0.357557
vt 0.065746 0.783065
vt 0.684614 0.356818
vt 0.827116 0.787393
vt 0.065006 0.787662
vt 0.065746 0.787662
vt 0.827116 0.782796
vt 0.732139 0.661439
vt 0.731399 0.661439
vt 0.826491 0.782796
vt 0.732139 0.656842
vt 0.683990 0.357557
vt 0.731399 0.656842
vt 0.683990 0.356818
vt 0.826491 0.787393
vt 0.088780 0.783065
vt 0.778803 0.357557
vt 0.089519 0.783065
vt 0.778803 0.356818
vt 0.819793 0.144487
vt 0.088780 0.787662
vt 0.089519 0.787662
vt 0.819793 0.139890
vt 0.725518 0.471603
vt 0.724778 0.471603
vt 0.819166 0.139890
vt 0.725518 0.467006
vt 0.778176 0.357557
vt 0.724778 0.467006
vt 0.778176 0.356818
vt 0.819166 0.144487
vt 0.136326 0.783065
vt 0.672843 0.357557
vt 0.137065 0.783065
vt 0.672843 0.356818
vt 0.563593 0.819461
vt 0.136326 0.787662
vt 0.137065 0.787662
vt 0.563593 0.814864
vt 0.724814 0.128743
vt 0.724074 0.128743
vt 0.562966 0.814864
vt 0.724814 0.124146
vt 0.672216 0.357557
vt 0.724074 0.124146
vt 0.672216 0.356818
vt 0.562966 0.819461
vt 0.171986 0.783065
vt 0.695444 0.958767
vt 0.172725 0.783065
vt 0.695444 0.958027
vt 0.890419 0.175975
vt 0.171986 0.787662
vt 0.172725 0.787662
vt 0.890419 0.171378
vt 0.208385 0.724685
vt 0.207645 0.724685
vt 0.889796 0.171378
vt 0.208385 0.720088
vt 0.694819 0.958767
vt 0.207645 0.720088
vt 0.694821 0.958027
vt 0.889796 0.175975
vt 0.552445 0.098763
vt 0.453310 0.133852
vt 0.552445 0.092657
vt 0.458685 0.195645
vt 0.557820 0.098763
vt 0.365680 0.389470
vt 0.458685 0.133852
vt 0.557820 0.092657
vt 0.371786 0.389470
vt 0.453310 0.195645
vt 0.365680 0.398921
vt 0.557820 0.144416
vt 0.458685 0.143303
vt 0.371786 0.398921
vt 0.557820 0.150522
vt 0.453310 0.205096
vt 0.552445 0.144416
vt 0.453310 0.143303
vt 0.552445 0.150522
vt 0.458685 0.205096
vt 0.457651 0.196367
vt 0.180742 0.621971
vt 0.073113 0.896580
vt 0.457651 0.202181
vt 0.180742 0.627786
vt 0.283624 0.226588
vt 0.454345 0.202181
vt 0.283624 0.223282
vt 0.158166 0.627786
vt 0.454345 0.196367
vt 0.158166 0.621971
vt 0.073113 0.893274
vt 0.605229 0.238246
vt 0.180648 0.621971
vt 0.073020 0.896580
vt 0.605229 0.244061
vt 0.180648 0.627786
vt 0.283718 0.226588
vt 0.601923 0.244061
vt 0.283718 0.223282
vt 0.158260 0.627786
vt 0.601923 0.238246
vt 0.158260 0.621971
vt 0.073020 0.893274
vt 0.315649 0.660491
vt 0.314910 0.660491
vt 0.819991 0.041659
vt 0.315649 0.655894
vt 0.742531 0.934254
vt 0.314910 0.655894
vt 0.742531 0.934993
vt 0.819991 0.037062
vt 0.741906 0.934254
vt 0.065006 0.672855
vt 0.741906 0.934993
vt 0.065746 0.672855
vt 0.819366 0.037062
vt 0.065006 0.677452
vt 0.065746 0.677452
vt 0.819366 0.041659
vt 0.928377 0.978036
vt 0.928377 0.978776
vt 0.207488 0.921266
vt 0.028701 0.980701
vt 0.028701 0.979961
vt 0.207488 0.920070
vt 0.029189 0.980701
vt 0.111907 0.907727
vt 0.029189 0.979961
vt 0.112647 0.907727
vt 0.207000 0.920070
vt 0.111907 0.908923
vt 0.928865 0.978036
vt 0.112647 0.908923
vt 0.928865 0.978776
vt 0.207000 0.921266
vt 0.723254 0.290332
vt 0.464341 0.932916
vt 0.723994 0.290332
vt 0.464341 0.932177
vt 0.819991 0.010171
vt 0.723254 0.294929
vt 0.723994 0.294929
vt 0.819991 0.005574
vt 0.077632 0.677452
vt 0.076893 0.677452
vt 0.819366 0.005574
vt 0.077632 0.672855
vt 0.463717 0.932916
vt 0.076893 0.672855
vt 0.463717 0.932177
vt 0.819366 0.010171
vt 0.279250 0.718871
vt 0.207395 0.956926
vt 0.279990 0.718871
vt 0.207395 0.956186
vt 0.065516 0.850639
vt 0.279250 0.723468
vt 0.279990 0.723468
vt 0.065516 0.846042
vt 0.137065 0.677452
vt 0.136326 0.677452
vt 0.064891 0.846042
vt 0.137065 0.672855
vt 0.206770 0.956926
vt 0.136326 0.672855
vt 0.206770 0.956186
vt 0.064891 0.850639
vt 0.413226 0.717743
vt 0.219166 0.956926
vt 0.413966 0.717743
vt 0.219166 0.956186
vt 0.850659 0.818881
vt 0.413226 0.722340
vt 0.413966 0.722340
vt 0.850659 0.814284
vt 0.208385 0.677452
vt 0.207645 0.677452
vt 0.850035 0.814284
vt 0.208385 0.672855
vt 0.218541 0.956926
vt 0.207645 0.672855
vt 0.218541 0.956186
vt 0.850035 0.818881
vt 0.719513 0.688330
vt 0.932364 0.326069
vt 0.720252 0.688330
vt 0.932364 0.325330
vt 0.819791 0.207464
vt 0.719513 0.692927
vt 0.720252 0.692927
vt 0.819791 0.202867
vt 0.220271 0.677452
vt 0.219532 0.677452
vt 0.819166 0.202867
vt 0.220271 0.672855
vt 0.931740 0.326069
vt 0.219532 0.672855
vt 0.931740 0.325330
vt 0.819166 0.207464
vt 0.552445 0.116016
vt 0.170798 0.453609
vt 0.552445 0.109910
vt 0.225741 0.453609
vt 0.557820 0.116016
vt 0.401551 0.113255
vt 0.176173 0.453609
vt 0.557820 0.109910
vt 0.407657 0.113255
vt 0.220366 0.453609
vt 0.401551 0.122705
vt 0.574253 0.238246
vt 0.176173 0.463059
vt 0.407657 0.122705
vt 0.574253 0.244352
vt 0.220366 0.463059
vt 0.568878 0.238246
vt 0.170798 0.463059
vt 0.568878 0.244352
vt 0.225741 0.463059
vt 0.224706 0.454330
vt 0.050631 0.655893
vt 0.860494 0.896311
vt 0.224706 0.460144
vt 0.050631 0.661708
vt 0.351070 0.226588
vt 0.221400 0.460144
vt 0.351070 0.223282
vt 0.177436 0.661708
vt 0.221400 0.454330
vt 0.177436 0.655893
vt 0.860494 0.893005
vt 0.618951 0.292766
vt 0.050538 0.655893
vt 0.860401 0.896311
vt 0.618951 0.298580
vt 0.050538 0.661708
vt 0.351163 0.226588
vt 0.615646 0.298580
vt 0.351163 0.223282
vt 0.177529 0.661708
vt 0.615646 0.292766
vt 0.177529 0.655893
vt 0.860401 0.893005
vt 0.268103 0.660491
vt 0.267364 0.660491
vt 0.850910 0.345671
vt 0.268103 0.655894
vt 0.967680 0.325330
vt 0.267364 0.655894
vt 0.967680 0.326069
vt 0.850910 0.341074
vt 0.967055 0.325330
vt 0.677232 0.467006
vt 0.967055 0.326069
vt 0.677971 0.467006
vt 0.850285 0.341074
vt 0.677232 0.471603
vt 0.677971 0.471603
vt 0.850285 0.345671
vt 0.978440 0.788050
vt 0.978440 0.788790
vt 0.923934 0.568318
vt 0.978440 0.776903
vt 0.978440 0.776164
vt 0.923934 0.567122
vt 0.978929 0.776903
vt 0.912809 0.117343
vt 0.978929 0.776164
vt 0.913548 0.117343
vt 0.923445 0.567122
vt 0.912809 0.118539
vt 0.978929 0.788050
vt 0.913548 0.118539
vt 0.978929 0.788790
vt 0.923445 0.568318
vt 0.710822 0.570524
vt 0.960697 0.006313
vt 0.711562 0.570524
vt 0.960697 0.005574
vt 0.854401 0.263441
vt 0.710822 0.575121
vt 0.711562 0.575121
vt 0.854401 0.258844
vt 0.677971 0.518836
vt 0.677232 0.518836
vt 0.853776 0.258844
vt 0.677971 0.514239
vt 0.960072 0.006313
vt 0.677232 0.514239
vt 0.960072 0.005574
vt 0.853776 0.263441
vt 0.243305 0.704344
vt 0.088758 0.933153
vt 0.244044 0.704344
vt 0.088758 0.932413
vt 0.819791 0.175975
vt 0.243305 0.708941
vt 0.244044 0.708941
vt 0.819791 0.171378
vt 0.687788 0.559377
vt 0.687049 0.559377
vt 0.819167 0.171378
vt 0.687788 0.554780
vt 0.088134 0.933153
vt 0.687049 0.554780
vt 0.088134 0.932413
vt 0.819167 0.175975
vt 0.041233 0.704344
vt 0.183851 0.933153
vt 0.041973 0.704344
vt 0.183851 0.932413
vt 0.820495 0.471603
vt 0.041233 0.708941
vt 0.041973 0.708941
vt 0.820495 0.467006
vt 0.687788 0.590865
vt 0.687049 0.590865
vt 0.819870 0.467006
vt 0.687788 0.586268
vt 0.183227 0.933153
vt 0.687049 0.586268
vt 0.183227 0.932413
vt 0.819870 0.471603
vt 0.660080 0.704074
vt 0.967293 0.836336
vt 0.660819 0.704074
vt 0.967293 0.835597
vt 0.854586 0.373468
vt 0.660080 0.708671
vt 0.660819 0.708671
vt 0.854586 0.368871
vt 0.687788 0.606609
vt 0.687049 0.606609
vt 0.853961 0.368871
vt 0.687788 0.602012
vt 0.966669 0.836336
vt 0.687049 0.602012
vt 0.966669 0.835597
vt 0.853961 0.373468
vt 0.269933 0.559358
vt 0.468467 0.513055
vt 0.269933 0.553252
vt 0.458685 0.175048
vt 0.275308 0.559358
vt 0.231499 0.412413
vt 0.473843 0.513055
vt 0.275308 0.553252
vt 0.237605 0.412413
vt 0.453310 0.175048
vt 0.231499 0.421864
vt 0.556455 0.554780
vt 0.473843 0.522506
vt 0.237605 0.421864
vt 0.556455 0.560885
vt 0.453310 0.184499
vt 0.551080 0.554780
vt 0.468467 0.522506
vt 0.551080 0.560885
vt 0.458685 0.184499
vt 0.457651 0.175770
vt 0.652129 0.571740
vt 0.702971 0.896311
vt 0.457651 0.181583
vt 0.652129 0.577555
vt 0.384793 0.226588
vt 0.454345 0.181583
vt 0.384793 0.223282
vt 0.652035 0.560594
vt 0.454345 0.175770
vt 0.652035 0.554779
vt 0.702971 0.893005
vt 0.619136 0.420046
vt 0.652035 0.571740
vt 0.702877 0.896311
vt 0.619136 0.425860
vt 0.652035 0.577555
vt 0.384886 0.226588
vt 0.615831 0.425860
vt 0.384886 0.223282
vt 0.652129 0.560594
vt 0.615831 0.420046
vt 0.652129 0.554779
vt 0.702877 0.893005
vt 0.648933 0.661439
vt 0.648193 0.661439
vt 0.878649 0.207464
vt 0.648933 0.656842
vt 0.971565 0.282617
vt 0.648193 0.656842
vt 0.971565 0.283356
vt 0.878649 0.202867
vt 0.970941 0.282617
vt 0.688415 0.124146
vt 0.970941 0.283356
vt 0.689154 0.124146
vt 0.878025 0.202867
vt 0.688415 0.128743
vt 0.689154 0.128743
vt 0.878025 0.207464
vt 0.978577 0.878419
vt 0.978577 0.879158
vt 0.931978 0.658037
vt 0.978577 0.867272
vt 0.978577 0.866532
vt 0.931978 0.656842
vt 0.979065 0.867272
vt 0.919854 0.350015
vt 0.979065 0.866532
vt 0.920593 0.350015
vt 0.931490 0.656842
vt 0.919854 0.351211
vt 0.979065 0.878419
vt 0.920593 0.351211
vt 0.979065 0.879158
vt 0.931490 0.658037
vt 0.701005 0.467006
vt 0.971020 0.555519
vt 0.701745 0.467006
vt 0.971020 0.554780
vt 0.878129 0.373468
vt 0.701005 0.471603
vt 0.701745 0.471603
vt 0.878129 0.368871
vt 0.689154 0.175975
vt 0.688415 0.175975
vt 0.877505 0.368871
vt 0.689154 0.171378
vt 0.970396 0.555519
vt 0.688415 0.171378
vt 0.970396 0.554780
vt 0.877505 0.373468
vt 0.700301 0.124146
vt 0.883790 0.970653
vt 0.701041 0.124146
vt 0.883790 0.969914
vt 0.878129 0.436445
vt 0.700301 0.128743
vt 0.701041 0.128743
vt 0.878129 0.431848
vt 0.689354 0.073147
vt 0.688614 0.073147
vt 0.877505 0.431848
vt 0.689354 0.068550
vt 0.883166 0.970653
vt 0.688614 0.068550
vt 0.883166 0.969914
vt 0.877505 0.436445
vt 0.699481 0.258844
vt 0.801389 0.934993
vt 0.700221 0.258844
vt 0.801389 0.934254
vt 0.500115 0.832548
vt 0.699481 0.263441
vt 0.700221 0.263441
vt 0.500115 0.827951
vt 0.689858 0.487347
vt 0.689119 0.487347
vt 0.499491 0.827951
vt 0.689858 0.482750
vt 0.800765 0.934993
vt 0.689119 0.482750
vt 0.800765 0.934254
vt 0.499491 0.832548
vt 0.695990 0.341074
vt 0.648358 0.958767
vt 0.696729 0.341074
vt 0.648358 0.958027
vt 0.854401 0.294929
vt 0.695990 0.345671
vt 0.696729 0.345671
vt 0.854401 0.290332
vt 0.689858 0.503092
vt 0.689119 0.503092
vt 0.853777 0.290332
vt 0.689858 0.498495
vt 0.647734 0.958767
vt 0.689119 0.498495
vt 0.647734 0.958027
vt 0.853777 0.294929
vt 0.552356 0.244352
vt 0.187321 0.515401
vt 0.552356 0.238246
vt 0.110083 0.515401
vt 0.557731 0.244352
vt 0.179531 0.433011
vt 0.192696 0.515401
vt 0.557731 0.238246
vt 0.185636 0.433011
vt 0.104708 0.515401
vt 0.179531 0.442461
vt 0.572977 0.468515
vt 0.192696 0.524852
vt 0.185636 0.442461
vt 0.572977 0.474621
vt 0.104708 0.524852
vt 0.567602 0.468515
vt 0.187321 0.524852
vt 0.567602 0.474621
vt 0.110083 0.524852
vt 0.109049 0.516123
vt 0.118080 0.655894
vt 0.497003 0.894234
vt 0.109049 0.521937
vt 0.118080 0.661708
vt 0.890501 0.512380
vt 0.105743 0.521937
vt 0.890501 0.509074
vt 0.016815 0.661708
vt 0.105743 0.516123
vt 0.016815 0.655894
vt 0.497003 0.890928
vt 0.008879 0.621972
vt 0.117986 0.655894
vt 0.496909 0.894234
vt 0.008879 0.627786
vt 0.117986 0.661708
vt 0.890594 0.512380
vt 0.005574 0.627786
vt 0.890594 0.509074
vt 0.016908 0.661708
vt 0.005574 0.621972
vt 0.016908 0.655894
vt 0.496909 0.890928
vt 0.664561 0.263441
vt 0.663821 0.263441
vt 0.878651 0.097254
vt 0.664561 0.258844
vt 0.766074 0.969914
vt 0.663821 0.258844
vt 0.766074 0.970653
vt 0.878651 0.092657
vt 0.765450 0.969914
vt 0.487605 0.686253
vt 0.765450 0.970653
vt 0.488344 0.686253
vt 0.878027 0.092657
vt 0.487605 0.690850
vt 0.488344 0.690850
vt 0.878027 0.097254
vt 0.978827 0.337216
vt 0.978827 0.337956
vt 0.925182 0.206201
vt 0.978827 0.326069
vt 0.978827 0.325330
vt 0.925182 0.205006
vt 0.979315 0.326069
vt 0.919604 0.805274
vt 0.979315 0.325330
vt 0.920343 0.805274
vt 0.924694 0.205006
vt 0.919604 0.806470
vt 0.979315 0.337216
vt 0.920343 0.806470
vt 0.979315 0.337956
vt 0.924694 0.206201
vt 0.691866 0.622919
vt 0.972444 0.537945
vt 0.692605 0.622919
vt 0.972444 0.537206
vt 0.877944 0.310673
vt 0.691866 0.627516
vt 0.692605 0.627516
vt 0.877944 0.306076
vt 0.535890 0.690850
vt 0.535151 0.690850
vt 0.877320 0.306076
vt 0.535890 0.686253
vt 0.971819 0.537945
vt 0.535151 0.686253
vt 0.971819 0.537206
vt 0.877320 0.310673
vt 0.041233 0.688599
vt 0.660129 0.970653
vt 0.041973 0.688599
vt 0.660129 0.969914
vt 0.878129 0.389213
vt 0.041233 0.693196
vt 0.041973 0.693196
vt 0.878129 0.384616
vt 0.343800 0.690853
vt 0.343061 0.690853
vt 0.877505 0.384616
vt 0.343800 0.686256
vt 0.659505 0.970653
vt 0.343061 0.686256
vt 0.659505 0.969914
vt 0.877505 0.389213
vt 0.698936 0.570524
vt 0.967293 0.812563
vt 0.699675 0.570524
vt 0.967293 0.811823
vt 0.842629 0.310673
vt 0.698936 0.575121
vt 0.699675 0.575121
vt 0.842629 0.306076
vt 0.689858 0.471603
vt 0.689119 0.471603
vt 0.842005 0.306076
vt 0.689858 0.467006
vt 0.966669 0.812563
vt 0.689119 0.467006
vt 0.966669 0.811823
vt 0.842005 0.310673
vt 0.699666 0.431848
vt 0.960672 0.475774
vt 0.700406 0.431848
vt 0.960672 0.475035
vt 0.842814 0.389213
vt 0.699666 0.436445
vt 0.700406 0.436445
vt 0.842814 0.384616
vt 0.689354 0.025915
vt 0.688614 0.025915
vt 0.842190 0.384616
vt 0.689354 0.021318
vt 0.960048 0.475774
vt 0.688614 0.021318
vt 0.960048 0.475035
vt 0.842190 0.389213
vt 0.568148 0.264949
vt 0.519400 0.092657
vt 0.568148 0.258844
vt 0.387578 0.513057
vt 0.573523 0.264949
vt 0.417439 0.368872
vt 0.524775 0.092657
vt 0.573523 0.258844
vt 0.423545 0.368872
vt 0.382203 0.513057
vt 0.417439 0.378322
vt 0.558020 0.040080
vt 0.524775 0.102108
vt 0.423545 0.378322
vt 0.558020 0.046185
vt 0.382203 0.522507
vt 0.552645 0.040080
vt 0.519400 0.102108
vt 0.552645 0.046185
vt 0.387578 0.522507
vt 0.386543 0.513778
vt 0.562414 0.640460
vt 0.354281 0.894237
vt 0.386543 0.519592
vt 0.562414 0.646274
vt 0.388162 0.894236
vt 0.383237 0.519592
vt 0.388162 0.890930
vt 0.649734 0.331143
vt 0.383237 0.513778
vt 0.649734 0.325330
vt 0.354281 0.890931
vt 0.619136 0.368872
vt 0.562321 0.640460
vt 0.354187 0.894237
vt 0.619136 0.374685
vt 0.562321 0.646274
vt 0.388256 0.894236
vt 0.615831 0.374685
vt 0.388256 0.890930
vt 0.649828 0.331143
vt 0.615831 0.368872
vt 0.649828 0.325330
vt 0.354187 0.890931
vt 0.291876 0.660491
vt 0.291137 0.660491
vt 0.878561 0.242843
vt 0.291876 0.655894
vt 0.315074 0.968966
vt 0.291137 0.655894
vt 0.315074 0.969705
vt 0.878561 0.238246
vt 0.314450 0.968966
vt 0.677232 0.482750
vt 0.314450 0.969705
vt 0.677971 0.482750
vt 0.877937 0.238246
vt 0.677232 0.487347
vt 0.677971 0.487347
vt 0.877937 0.242843
vt 0.412767 0.979725
vt 0.412767 0.980464
vt 0.925357 0.538858
vt 0.400995 0.980464
vt 0.400995 0.979725
vt 0.925357 0.537663
vt 0.401483 0.980464
vt 0.919604 0.854646
vt 0.401483 0.979725
vt 0.920343 0.854646
vt 0.924869 0.537663
vt 0.919604 0.855842
vt 0.413255 0.979725
vt 0.920343 0.855842
vt 0.413255 0.980464
vt 0.924869 0.538858
vt 0.711553 0.416104
vt 0.279759 0.969705
vt 0.712292 0.416104
vt 0.279759 0.968966
vt 0.877944 0.279185
vt 0.711553 0.420701
vt 0.712292 0.420701
vt 0.877944 0.274588
vt 0.244044 0.677452
vt 0.243305 0.677452
vt 0.877320 0.274588
vt 0.244044 0.672855
vt 0.279135 0.969705
vt 0.243305 0.672855
vt 0.279135 0.968966
vt 0.877320 0.279185
vt 0.722709 0.570524
vt 0.267988 0.969705
vt 0.723448 0.570524
vt 0.267988 0.968966
vt 0.877944 0.294929
vt 0.722709 0.575121
vt 0.723448 0.575121
vt 0.877944 0.290332
vt 0.101406 0.677452
vt 0.100666 0.677452
vt 0.877320 0.290332
vt 0.101406 0.672855
vt 0.267364 0.969705
vt 0.100666 0.672855
vt 0.267364 0.968966
vt 0.877320 0.294929
vt 0.723439 0.416104
vt 0.464341 0.956689
vt 0.724179 0.416104
vt 0.464341 0.955950
vt 0.843534 0.010171
vt 0.723439 0.420701
vt 0.724179 0.420701
vt 0.843534 0.005574
vt 0.041973 0.677452
vt 0.041233 0.677452
vt 0.842910 0.005574
vt 0.041973 0.672855
vt 0.463717 0.956689
vt 0.041233 0.672855
vt 0.463717 0.955950
vt 0.842910 0.010171
vt 0.017460 0.720088
vt 0.499886 0.956689
vt 0.018200 0.720088
vt 0.499886 0.955950
vt 0.846786 0.643261
vt 0.017460 0.724685
vt 0.018200 0.724685
vt 0.846786 0.638664
vt 0.677267 0.192936
vt 0.676528 0.192936
vt 0.846162 0.638664
vt 0.677267 0.188339
vt 0.499261 0.956689
vt 0.676528 0.188339
vt 0.499261 0.955950
vt 0.846162 0.643261
vt 0.121231 0.559358
vt 0.526975 0.325330
vt 0.121231 0.553252
vt 0.126606 0.515401
vt 0.126606 0.559358
vt 0.214037 0.433011
vt 0.532350 0.325330
vt 0.126606 0.553252
vt 0.220142 0.433011
vt 0.121231 0.515401
vt 0.214037 0.442461
vt 0.308353 0.553252
vt 0.532350 0.334780
vt 0.220142 0.442461
vt 0.308353 0.559358
vt 0.121231 0.524852
vt 0.302978 0.553252
vt 0.526975 0.334780
vt 0.302978 0.559358
vt 0.126606 0.524852
vt 0.125571 0.516123
vt 0.654198 0.502729
vt 0.291001 0.895363
vt 0.125571 0.521937
vt 0.654198 0.508543
vt 0.890501 0.469021
vt 0.122266 0.521937
vt 0.890501 0.465715
vt 0.654104 0.491581
vt 0.122266 0.516123
vt 0.654104 0.485768
vt 0.291001 0.892058
vt 0.619971 0.005574
vt 0.654104 0.502729
vt 0.290907 0.895363
vt 0.619971 0.011387
vt 0.654104 0.508543
vt 0.890594 0.469021
vt 0.616665 0.011387
vt 0.890594 0.465715
vt 0.654198 0.491581
vt 0.616665 0.005574
vt 0.654198 0.485768
vt 0.290907 0.892058
vt 0.563706 0.662019
vt 0.562966 0.662019
vt 0.879353 0.487347
vt 0.563706 0.657422
vt 0.230937 0.968073
vt 0.562966 0.657422
vt 0.230937 0.968812
vt 0.879353 0.482750
vt 0.230313 0.968073
vt 0.523264 0.670509
vt 0.230313 0.968812
vt 0.524004 0.670509
vt 0.878729 0.482750
vt 0.523264 0.675106
vt 0.524004 0.675106
vt 0.878729 0.487347
vt 0.424883 0.979725
vt 0.424883 0.980464
vt 0.931978 0.695066
vt 0.451945 0.980462
vt 0.451945 0.979723
vt 0.931978 0.693871
vt 0.452433 0.980462
vt 0.437000 0.919836
vt 0.452433 0.979723
vt 0.437739 0.919836
vt 0.931490 0.693871
vt 0.437000 0.921031
vt 0.425371 0.979725
vt 0.437739 0.921031
vt 0.425371 0.980464
vt 0.931490 0.695066
vt 0.746482 0.570524
vt 0.195278 0.968812
vt 0.747221 0.570524
vt 0.195278 0.968073
vt 0.803228 0.881858
vt 0.746482 0.575121
vt 0.747221 0.575121
vt 0.803228 0.877261
vt 0.366419 0.675107
vt 0.365680 0.675107
vt 0.802604 0.877261
vt 0.366419 0.670510
vt 0.194654 0.968812
vt 0.365680 0.670510
vt 0.194654 0.968073
vt 0.802604 0.881858
vt 0.523264 0.749230
vt 0.183506 0.968812
vt 0.524004 0.749230
vt 0.183506 0.968073
vt 0.815000 0.881858
vt 0.523264 0.753827
vt 0.524004 0.753827
vt 0.815000 0.877261
vt 0.666085 0.455859
vt 0.665345 0.455859
vt 0.814376 0.877261
vt 0.666085 0.451262
vt 0.182882 0.968812
vt 0.665345 0.451262
vt 0.182882 0.968073
vt 0.814376 0.881858
vt 0.041233 0.751576
vt 0.279759 0.957819
vt 0.041973 0.751576
vt 0.279759 0.957080
vt 0.366304 0.864038
vt 0.041233 0.756173
vt 0.041973 0.756173
vt 0.366304 0.859441
vt 0.665581 0.042876
vt 0.664841 0.042876
vt 0.365680 0.859441
vt 0.665581 0.038279
vt 0.279135 0.957819
vt 0.664841 0.038279
vt 0.279135 0.957080
vt 0.365680 0.864038
vt 0.195759 0.751576
vt 0.601271 0.958767
vt 0.196498 0.751576
vt 0.601271 0.958027
vt 0.331799 0.864040
vt 0.195759 0.756173
vt 0.196498 0.756173
vt 0.331799 0.859443
vt 0.665381 0.161448
vt 0.664641 0.161448
vt 0.331174 0.859443
vt 0.665381 0.156851
vt 0.600647 0.958767
vt 0.664641 0.156851
vt 0.600647 0.958027
vt 0.331174 0.864040
vt 0.567602 0.457368
vt 0.469833 0.175048
vt 0.567602 0.451262
vt 0.353072 0.471863
vt 0.572977 0.457368
vt 0.401751 0.005574
vt 0.475208 0.175048
vt 0.572977 0.451262
vt 0.407857 0.005574
vt 0.347697 0.471863
vt 0.401751 0.015024
vt 0.558020 0.005574
vt 0.475208 0.184498
vt 0.407857 0.015024
vt 0.558020 0.011679
vt 0.347697 0.481314
vt 0.552645 0.005574
vt 0.469833 0.184498
vt 0.552645 0.011679
vt 0.353072 0.481314
vt 0.352037 0.472585
vt 0.630377 0.420047
vt 0.658007 0.896311
vt 0.352037 0.478399
vt 0.630377 0.425860
vt 0.630312 0.313908
vt 0.348731 0.478399
vt 0.630312 0.310603
vt 0.630283 0.391646
vt 0.348731 0.472585
vt 0.630283 0.385833
vt 0.658007 0.893005
vt 0.095598 0.605011
vt 0.630283 0.420047
vt 0.657913 0.896311
vt 0.095598 0.610825
vt 0.630283 0.425860
vt 0.630406 0.313908
vt 0.092292 0.610825
vt 0.630406 0.310603
vt 0.630377 0.391646
vt 0.092292 0.605011
vt 0.630377 0.385833
vt 0.657913 0.893005
vt 0.279989 0.660491
vt 0.279250 0.660491
vt 0.613158 0.834625
vt 0.279989 0.655894
vt 0.944136 0.337216
vt 0.279250 0.655894
vt 0.944136 0.337956
vt 0.613158 0.830028
vt 0.943512 0.337216
vt 0.677232 0.529983
vt 0.943512 0.337956
vt 0.677971 0.529983
vt 0.612533 0.830028
vt 0.677232 0.534580
vt 0.677971 0.534580
vt 0.612533 0.834625
vt 0.436655 0.979725
vt 0.436655 0.980464
vt 0.563454 0.921577
vt 0.463716 0.980462
vt 0.463716 0.979723
vt 0.563454 0.920381
vt 0.464205 0.980462
vt 0.231039 0.907727
vt 0.464205 0.979723
vt 0.231778 0.907727
vt 0.562966 0.920381
vt 0.231039 0.908923
vt 0.437143 0.979725
vt 0.231778 0.908923
vt 0.437143 0.980464
vt 0.562966 0.921577
vt 0.562966 0.767631
vt 0.936955 0.093396
vt 0.563706 0.767631
vt 0.936955 0.092657
vt 0.065631 0.834894
vt 0.562966 0.772228
vt 0.563706 0.772228
vt 0.065631 0.830297
vt 0.637046 0.677183
vt 0.636307 0.677183
vt 0.065006 0.830297
vt 0.637046 0.672586
vt 0.936331 0.093396
vt 0.636307 0.672586
vt 0.936331 0.092657
vt 0.065006 0.834894
vt 0.279250 0.766104
vt 0.936954 0.215806
vt 0.279990 0.766104
vt 0.936954 0.215067
vt 0.077517 0.834894
vt 0.279250 0.770701
vt 0.279990 0.770701
vt 0.077517 0.830297
vt 0.664561 0.279185
vt 0.663821 0.279185
vt 0.076893 0.830297
vt 0.664561 0.274588
vt 0.936329 0.215806
vt 0.663821 0.274588
vt 0.936329 0.215067
vt 0.076893 0.834894
vt 0.767309 0.325330
vt 0.917230 0.943116
vt 0.768049 0.325330
vt 0.917230 0.942377
vt 0.101290 0.834894
vt 0.767309 0.329927
vt 0.768049 0.329927
vt 0.101290 0.830297
vt 0.664746 0.404957
vt 0.664006 0.404957
vt 0.100666 0.830297
vt 0.664746 0.400360
vt 0.916605 0.943116
vt 0.664006 0.400360
vt 0.916605 0.942377
vt 0.100666 0.834894
vt 0.759734 0.155634
vt 0.943750 0.731182
vt 0.760473 0.155634
vt 0.943750 0.730443
vt 0.172610 0.834894
vt 0.759734 0.160231
vt 0.760473 0.160231
vt 0.172610 0.830297
vt 0.665291 0.242843
vt 0.664552 0.242843
vt 0.171986 0.830297
vt 0.665291 0.238246
vt 0.943125 0.731182
vt 0.664552 0.238246
vt 0.943125 0.730443
vt 0.171986 0.834894
vt 0.560020 0.331435
vt 0.486555 0.067366
vt 0.560020 0.325330
vt 0.457320 0.492457
vt 0.565395 0.331435
vt 0.331174 0.410070
vt 0.491930 0.067366
vt 0.565395 0.325330
vt 0.337280 0.410070
vt 0.451945 0.492457
vt 0.331174 0.419521
vt 0.558020 0.022827
vt 0.491930 0.076817
vt 0.337280 0.419521
vt 0.558020 0.028932
vt 0.451945 0.501908
vt 0.552645 0.022827
vt 0.486555 0.076817
vt 0.552645 0.028932
vt 0.457320 0.501908
vt 0.456285 0.493179
vt 0.631212 0.039496
vt 0.759176 0.896311
vt 0.456285 0.498993
vt 0.631212 0.045310
vt 0.562866 0.313908
vt 0.452980 0.498993
vt 0.562866 0.310603
vt 0.631118 0.063146
vt 0.452980 0.493179
vt 0.631118 0.057332
vt 0.759176 0.893005
vt 0.383439 0.602666
vt 0.631118 0.039496
vt 0.759082 0.896311
vt 0.383439 0.608480
vt 0.631118 0.045310
vt 0.562960 0.313908
vt 0.380133 0.608480
vt 0.562960 0.310603
vt 0.631212 0.063146
vt 0.380133 0.602666
vt 0.631212 0.057332
vt 0.759082 0.893005
vt 0.587479 0.662019
vt 0.586739 0.662019
vt 0.291761 0.833677
vt 0.587479 0.657422
vt 0.064985 0.944300
vt 0.586739 0.657422
vt 0.064985 0.945039
vt 0.291761 0.829080
vt 0.064361 0.944300
vt 0.463831 0.670509
vt 0.064361 0.945039
vt 0.464571 0.670509
vt 0.291137 0.829080
vt 0.463831 0.675106
vt 0.464571 0.675106
vt 0.291137 0.833677
vt 0.510667 0.979723
vt 0.510667 0.980462
vt 0.575341 0.921577
vt 0.499031 0.980462
vt 0.499031 0.979723
vt 0.575341 0.920381
vt 0.499519 0.980462
vt 0.135680 0.907727
vt 0.499519 0.979723
vt 0.136420 0.907727
vt 0.574853 0.920381
vt 0.135680 0.908923
vt 0.511155 0.979723
vt 0.136420 0.908923
vt 0.511155 0.980462
vt 0.574853 0.921577
vt 0.065006 0.735832
vt 0.124073 0.945039
vt 0.065746 0.735832
vt 0.124073 0.944300
vt 0.835014 0.627516
vt 0.065006 0.740429
vt 0.065746 0.740429
vt 0.835014 0.622919
vt 0.268103 0.676235
vt 0.267364 0.676235
vt 0.834390 0.622919
vt 0.268103 0.671638
vt 0.123449 0.945039
vt 0.267364 0.671638
vt 0.123449 0.944300
vt 0.834390 0.627516
vt 0.736161 0.068550
vt 0.207509 0.945039
vt 0.736900 0.068550
vt 0.207509 0.944300
vt 0.835014 0.643261
vt 0.736161 0.073147
vt 0.736900 0.073147
vt 0.835014 0.638664
vt 0.676447 0.263441
vt 0.675708 0.263441
vt 0.834390 0.638664
vt 0.676447 0.258844
vt 0.206885 0.945039
vt 0.675708 0.258844
vt 0.206885 0.944300
vt 0.834390 0.643261
vt 0.735961 0.171378
vt 0.254826 0.945039
vt 0.736700 0.171378
vt 0.254826 0.944300
vt 0.563591 0.835205
vt 0.735961 0.175975
vt 0.736700 0.175975
vt 0.563591 0.830608
vt 0.625160 0.677183
vt 0.624420 0.677183
vt 0.562966 0.830608
vt 0.625160 0.672586
vt 0.254201 0.945039
vt 0.624420 0.672586
vt 0.254201 0.944300
vt 0.562966 0.835205
vt 0.562966 0.720399
vt 0.291531 0.945932
vt 0.563706 0.720399
vt 0.291531 0.945193
vt 0.838888 0.661439
vt 0.562966 0.724995
vt 0.563706 0.724995
vt 0.838888 0.656842
vt 0.672706 0.677183
vt 0.671966 0.677183
vt 0.838264 0.656842
vt 0.672706 0.672586
vt 0.290907 0.945932
vt 0.671966 0.672586
vt 0.290907 0.945193
vt 0.838264 0.661439
vt 0.551810 0.392230
vt 0.071663 0.494804
vt 0.551810 0.386124
vt 0.437145 0.492459
vt 0.557185 0.392230
vt 0.401751 0.046769
vt 0.077039 0.494804
vt 0.557185 0.386124
vt 0.407857 0.046769
vt 0.431770 0.492459
vt 0.401751 0.056219
vt 0.506887 0.550906
vt 0.077039 0.504254
vt 0.407857 0.056219
vt 0.506887 0.557011
vt 0.431770 0.501909
vt 0.501512 0.550906
vt 0.071663 0.504254
vt 0.501512 0.557011
vt 0.437145 0.501909
vt 0.436110 0.493181
vt 0.642957 0.502729
vt 0.129318 0.896580
vt 0.436110 0.498994
vt 0.642957 0.508543
vt 0.652766 0.440022
vt 0.432805 0.498994
vt 0.652766 0.436716
vt 0.028056 0.644747
vt 0.432805 0.493181
vt 0.028056 0.638933
vt 0.129318 0.893274
vt 0.618406 0.554780
vt 0.642863 0.502729
vt 0.129224 0.896580
vt 0.618406 0.560593
vt 0.642863 0.508543
vt 0.652859 0.440022
vt 0.615100 0.560593
vt 0.652859 0.436716
vt 0.028149 0.644747
vt 0.615100 0.554780
vt 0.028149 0.638933
vt 0.129224 0.893274
vt 0.664015 0.606609
vt 0.663276 0.606609
vt 0.563476 0.850949
vt 0.664015 0.602012
vt 0.948901 0.525319
vt 0.663276 0.602012
vt 0.948901 0.526059
vt 0.563476 0.846352
vt 0.948276 0.525319
vt 0.112553 0.672855
vt 0.948276 0.526059
vt 0.113292 0.672855
vt 0.562851 0.846352
vt 0.112553 0.677452
vt 0.113292 0.677452
vt 0.562851 0.850949
vt 0.075996 0.979960
vt 0.075996 0.980699
vt 0.924655 0.141086
vt 0.040473 0.980701
vt 0.040473 0.979961
vt 0.924655 0.139890
vt 0.040961 0.980701
vt 0.242926 0.907727
vt 0.040961 0.979961
vt 0.243665 0.907727
vt 0.924167 0.139890
vt 0.242926 0.908923
vt 0.076485 0.979960
vt 0.243665 0.908923
vt 0.076485 0.980699
vt 0.924167 0.141086
vt 0.771821 0.052806
vt 0.952524 0.905631
vt 0.772560 0.052806
vt 0.952524 0.904892
vt 0.575247 0.850949
vt 0.771821 0.057403
vt 0.772560 0.057403
vt 0.575247 0.846352
vt 0.677467 0.025915
vt 0.676728 0.025915
vt 0.574623 0.846352
vt 0.677467 0.021318
vt 0.951899 0.905631
vt 0.676728 0.021318
vt 0.951899 0.904892
vt 0.574623 0.850949
vt 0.712388 0.021318
vt 0.730759 0.946880
vt 0.713127 0.021318
vt 0.730759 0.946141
vt 0.838888 0.677183
vt 0.712388 0.025915
vt 0.713127 0.025915
vt 0.838888 0.672586
vt 0.677467 0.058620
vt 0.676728 0.058620
vt 0.838264 0.672586
vt 0.677467 0.054023
vt 0.730135 0.946880
vt 0.676728 0.054023
vt 0.730135 0.946141
vt 0.838264 0.677183
vt 0.712188 0.171378
vt 0.967293 0.824449
vt 0.712927 0.171378
vt 0.967293 0.823710
vt 0.855810 0.503092
vt 0.712188 0.175975
vt 0.712927 0.175975
vt 0.855810 0.498495
vt 0.677971 0.503092
vt 0.677232 0.503092
vt 0.855186 0.498495
vt 0.677971 0.498495
vt 0.966669 0.824449
vt 0.677232 0.498495
vt 0.966669 0.823710
vt 0.855186 0.503092
vt 0.707626 0.672586
vt 0.967293 0.717470
vt 0.708365 0.672586
vt 0.967293 0.716731
vt 0.855306 0.041659
vt 0.707626 0.677183
vt 0.708365 0.677183
vt 0.855306 0.037062
vt 0.689154 0.112998
vt 0.688415 0.112998
vt 0.854682 0.037062
vt 0.689154 0.108401
vt 0.966669 0.717470
vt 0.688415 0.108401
vt 0.966669 0.716731
vt 0.854682 0.041659
vt 0.568148 0.299455
vt 0.187321 0.494804
vt 0.568148 0.293350
vt 0.508453 0.067367
vt 0.573523 0.299455
vt 0.417439 0.430666
vt 0.192696 0.494804
vt 0.573523 0.293350
vt 0.423545 0.430666
vt 0.503078 0.067367
vt 0.417439 0.440117
vt 0.573708 0.420630
vt 0.192696 0.504254
vt 0.423545 0.440117
vt 0.573708 0.426736
vt 0.503078 0.076817
vt 0.568333 0.420630
vt 0.187321 0.504254
vt 0.568333 0.426736
vt 0.508453 0.076817
vt 0.507418 0.068088
vt 0.166289 0.638933
vt 0.838012 0.896311
vt 0.507418 0.073902
vt 0.166289 0.644747
vt 0.306106 0.226588
vt 0.504112 0.073902
vt 0.306106 0.223282
vt 0.642863 0.491582
vt 0.504112 0.068088
vt 0.642863 0.485768
vt 0.838012 0.893005
vt 0.037785 0.605011
vt 0.166195 0.638933
vt 0.837919 0.896311
vt 0.037785 0.610825
vt 0.166195 0.644747
vt 0.306199 0.226588
vt 0.034480 0.610825
vt 0.306199 0.223282
vt 0.642957 0.491582
vt 0.034480 0.605011
vt 0.642957 0.485768
vt 0.837919 0.893005
vt 0.625160 0.661439
vt 0.624420 0.661439
vt 0.853856 0.559377
vt 0.625160 0.656842
vt 0.946852 0.567406
vt 0.624420 0.656842
vt 0.946852 0.566666
vt 0.853856 0.554780
vt 0.947477 0.567406
vt 0.511378 0.686253
vt 0.947477 0.566666
vt 0.512117 0.686253
vt 0.853231 0.554780
vt 0.511378 0.690850
vt 0.512117 0.690850
vt 0.853231 0.559377
vt 0.475352 0.979723
vt 0.475352 0.980462
vt 0.647677 0.923107
vt 0.487260 0.980462
vt 0.487260 0.979723
vt 0.647677 0.921911
vt 0.487748 0.980462
vt 0.912104 0.258844
vt 0.487748 0.979723
vt 0.912844 0.258844
vt 0.647189 0.921911
vt 0.912104 0.260039
vt 0.475840 0.979723
vt 0.912844 0.260039
vt 0.475840 0.980462
vt 0.647189 0.923107
vt 0.291137 0.687383
vt 0.948022 0.308498
vt 0.291876 0.687383
vt 0.948022 0.307759
vt 0.850660 0.803137
vt 0.291137 0.691980
vt 0.291876 0.691980
vt 0.850660 0.798540
vt 0.524004 0.690850
vt 0.523264 0.690850
vt 0.850035 0.798540
vt 0.524004 0.686253
vt 0.947398 0.308498
vt 0.523264 0.686253
vt 0.947398 0.307759
vt 0.850035 0.803137
vt 0.660080 0.688330
vt 0.948207 0.430413
vt 0.660819 0.688330
vt 0.948207 0.429673
vt 0.850660 0.787392
vt 0.660080 0.692927
vt 0.660819 0.692927
vt 0.850660 0.782796
vt 0.476457 0.690850
vt 0.475718 0.690850
vt 0.850035 0.782796
vt 0.476457 0.686253
vt 0.947583 0.430413
vt 0.475718 0.686253
vt 0.947583 0.429673
vt 0.850035 0.787392
vt 0.017460 0.688599
vt 0.948725 0.192033
vt 0.018200 0.688599
vt 0.948725 0.191294
vt 0.850660 0.771648
vt 0.017460 0.693196
vt 0.018200 0.693196
vt 0.850660 0.767051
vt 0.413966 0.690852
vt 0.413226 0.690852
vt 0.850035 0.767051
vt 0.413966 0.686255
vt 0.948101 0.192033
vt 0.413226 0.686255
vt 0.948101 0.191294
vt 0.850035 0.771648
vt 0.183872 0.688599
vt 0.948925 0.018200
vt 0.184612 0.688599
vt 0.948925 0.017460
vt 0.850660 0.692927
vt 0.183872 0.693196
vt 0.184612 0.693196
vt 0.850660 0.688330
vt 0.452684 0.690850
vt 0.451945 0.690850
vt 0.850035 0.688330
vt 0.452684 0.686253
vt 0.948301 0.018200
vt 0.451945 0.686253
vt 0.948301 0.017460
vt 0.850035 0.692927
vt 0.055141 0.559358
vt 0.451945 0.513055
vt 0.055141 0.553252
vt 0.010949 0.474206
vt 0.060516 0.559358
vt 0.417439 0.389469
vt 0.457320 0.513055
vt 0.060516 0.553252
vt 0.423545 0.389469
vt 0.005574 0.474206
vt 0.417439 0.398919
vt 0.558020 0.057332
vt 0.457320 0.522505
vt 0.423545 0.398919
vt 0.558020 0.063438
vt 0.005574 0.483656
vt 0.552645 0.057332
vt 0.451945 0.522505
vt 0.552645 0.063438
vt 0.010949 0.483656
vt 0.009914 0.474928
vt 0.039390 0.638933
vt 0.399497 0.894236
vt 0.009914 0.480742
vt 0.039390 0.644747
vt 0.331174 0.894237
vt 0.006608 0.480742
vt 0.331174 0.890931
vt 0.095502 0.644747
vt 0.006608 0.474928
vt 0.095502 0.638933
vt 0.399497 0.890930
vt 0.240194 0.605011
vt 0.039297 0.638933
vt 0.399403 0.894236
vt 0.240194 0.610825
vt 0.039297 0.644747
vt 0.331268 0.894237
vt 0.236888 0.610825
vt 0.331268 0.890931
vt 0.095595 0.644747
vt 0.236888 0.605011
vt 0.095595 0.638933
vt 0.399403 0.890930
vt 0.551819 0.662019
vt 0.551080 0.662019
vt 0.855106 0.175975
vt 0.551819 0.657422
vt 0.955522 0.764277
vt 0.551080 0.657422
vt 0.955522 0.765017
vt 0.855106 0.171378
vt 0.954897 0.764277
vt 0.688614 0.037062
vt 0.954897 0.765017
vt 0.689354 0.037062
vt 0.854482 0.171378
vt 0.688614 0.041659
vt 0.689354 0.041659
vt 0.854482 0.175975
vt 0.331174 0.979727
vt 0.331174 0.980466
vt 0.810573 0.923107
vt 0.342946 0.980466
vt 0.342946 0.979727
vt 0.810573 0.921911
vt 0.343434 0.980466
vt 0.912289 0.418243
vt 0.343434 0.979727
vt 0.913029 0.418243
vt 0.810085 0.921911
vt 0.912289 0.419439
vt 0.331662 0.979727
vt 0.913029 0.419439
vt 0.331662 0.980466
vt 0.810085 0.923107
vt 0.700301 0.187122
vt 0.948925 0.030086
vt 0.701041 0.187122
vt 0.948925 0.029347
vt 0.184382 0.850639
vt 0.700301 0.191719
vt 0.701041 0.191719
vt 0.184382 0.846042
vt 0.689154 0.207464
vt 0.688415 0.207464
vt 0.183757 0.846042
vt 0.689154 0.202867
vt 0.948301 0.030086
vt 0.688415 0.202867
vt 0.948301 0.029347
vt 0.183757 0.850639
vt 0.700501 0.005574
vt 0.789617 0.946880
vt 0.701240 0.005574
vt 0.789617 0.946141
vt 0.343570 0.848296
vt 0.700501 0.010171
vt 0.701240 0.010171
vt 0.343570 0.843699
vt 0.689154 0.191719
vt 0.688415 0.191719
vt 0.342946 0.843699
vt 0.689154 0.187122
vt 0.788993 0.946880
vt 0.688415 0.187122
vt 0.788993 0.946141
vt 0.342946 0.848296
vt 0.700501 0.052806
vt 0.948727 0.105283
vt 0.701240 0.052806
vt 0.948727 0.104544
vt 0.124949 0.850639
vt 0.700501 0.057403
vt 0.701240 0.057403
vt 0.124949 0.846042
vt 0.689154 0.144487
vt 0.688415 0.144487
vt 0.124324 0.846042
vt 0.689154 0.139890
vt 0.948103 0.105283
vt 0.688415 0.139890
vt 0.948103 0.104544
vt 0.124324 0.850639
vt 0.451945 0.701997
vt 0.948207 0.369611
vt 0.452684 0.701997
vt 0.948207 0.368871
vt 0.755222 0.850369
vt 0.451945 0.706594
vt 0.452684 0.706594
vt 0.755222 0.845773
vt 0.688519 0.420701
vt 0.687780 0.420701
vt 0.754598 0.845773
vt 0.688519 0.416104
vt 0.947583 0.369611
vt 0.687780 0.416104
vt 0.947583 0.368871
vt 0.754598 0.850369
vt 0.286455 0.559358
vt 0.486555 0.005574
vt 0.286455 0.553252
vt 0.176173 0.494804
vt 0.291831 0.559358
vt 0.418804 0.113255
vt 0.491930 0.005574
vt 0.291831 0.553252
vt 0.424910 0.113255
vt 0.170798 0.494804
vt 0.418804 0.122705
vt 0.572977 0.554780
vt 0.491930 0.015024
vt 0.424910 0.122705
vt 0.572977 0.560885
vt 0.170798 0.504254
vt 0.567602 0.554780
vt 0.486555 0.015024
vt 0.567602 0.560885
vt 0.176173 0.504254
vt 0.175139 0.495525
vt 0.050631 0.638933
vt 0.691730 0.896311
vt 0.175139 0.501339
vt 0.050631 0.644747
vt 0.551625 0.313908
vt 0.171833 0.501339
vt 0.551625 0.310603
vt 0.143713 0.644747
vt 0.171833 0.495525
vt 0.143713 0.638933
vt 0.691730 0.893005
vt 0.312459 0.605011
vt 0.050538 0.638933
vt 0.691636 0.896311
vt 0.312459 0.610825
vt 0.050538 0.644747
vt 0.551719 0.313908
vt 0.309153 0.610825
vt 0.551719 0.310603
vt 0.143807 0.644747
vt 0.309153 0.605011
vt 0.143807 0.638933
vt 0.691636 0.893005
vt 0.613273 0.661439
vt 0.612534 0.661439
vt 0.855108 0.112998
vt 0.613273 0.656842
vt 0.940752 0.953807
vt 0.612534 0.656842
vt 0.940752 0.954546
vt 0.855108 0.108401
vt 0.940128 0.953807
vt 0.687595 0.274588
vt 0.940128 0.954546
vt 0.688334 0.274588
vt 0.854483 0.108401
vt 0.687595 0.279185
vt 0.688334 0.279185
vt 0.854483 0.112998
vt 0.978440 0.823710
vt 0.978440 0.824449
vt 0.925357 0.489486
vt 0.978577 0.855385
vt 0.978577 0.854646
vt 0.925357 0.488291
vt 0.979065 0.855385
vt 0.913007 0.005574
vt 0.979065 0.854646
vt 0.913747 0.005574
vt 0.924869 0.488291
vt 0.913007 0.006769
vt 0.978929 0.823710
vt 0.913747 0.006769
vt 0.978929 0.824449
vt 0.924869 0.489486
vt 0.624420 0.704074
vt 0.648358 0.946880
vt 0.625160 0.704074
vt 0.648358 0.946141
vt 0.767684 0.834625
vt 0.624420 0.708671
vt 0.625160 0.708671
vt 0.767684 0.830028
vt 0.688334 0.263441
vt 0.687595 0.263441
vt 0.767059 0.830028
vt 0.688334 0.258844
vt 0.647733 0.946880
vt 0.687595 0.258844
vt 0.647733 0.946141
vt 0.767059 0.834625
vt 0.683853 0.704074
vt 0.587134 0.945350
vt 0.684592 0.704074
vt 0.587134 0.944610
vt 0.053744 0.834894
vt 0.683853 0.708671
vt 0.684592 0.708671
vt 0.053744 0.830297
vt 0.687788 0.575121
vt 0.687049 0.575121
vt 0.053120 0.830297
vt 0.687788 0.570524
vt 0.586509 0.945350
vt 0.687049 0.570524
vt 0.586509 0.944610
vt 0.053120 0.834894
vt 0.112553 0.704344
vt 0.947477 0.579748
vt 0.113292 0.704344
vt 0.947477 0.579009
vt 0.842084 0.559377
vt 0.112553 0.708941
vt 0.113292 0.708941
vt 0.842084 0.554780
vt 0.684842 0.345671
vt 0.684103 0.345671
vt 0.841460 0.554780
vt 0.684842 0.341074
vt 0.946852 0.579748
vt 0.684103 0.341074
vt 0.946852 0.579009
vt 0.841460 0.559377
vt 0.231419 0.704344
vt 0.563476 0.957236
vt 0.232158 0.704344
vt 0.563476 0.956497
vt 0.854586 0.436445
vt 0.231419 0.708941
vt 0.232158 0.708941
vt 0.854586 0.431848
vt 0.680719 0.643261
vt 0.679980 0.643261
vt 0.853962 0.431848
vt 0.680719 0.638664
vt 0.562851 0.957236
vt 0.679980 0.638664
vt 0.562851 0.956497
vt 0.853962 0.436445
vt 0.431770 0.557013
vt 0.331174 0.492461
vt 0.431770 0.550907
vt 0.291831 0.494804
vt 0.437145 0.557013
vt 0.110310 0.412413
vt 0.336549 0.492461
vt 0.437145 0.550907
vt 0.116415 0.412413
vt 0.286455 0.494804
vt 0.110310 0.421863
vt 0.192696 0.553252
vt 0.336549 0.501911
vt 0.116415 0.421863
vt 0.192696 0.559358
vt 0.286455 0.504254
vt 0.187321 0.553252
vt 0.331174 0.501911
vt 0.187321 0.559358
vt 0.291831 0.504254
vt 0.290796 0.495525
vt 0.642453 0.022535
vt 0.028149 0.896580
vt 0.290796 0.501339
vt 0.642453 0.028349
vt 0.893248 0.640678
vt 0.287490 0.501339
vt 0.893248 0.637373
vt 0.530632 0.642401
vt 0.287490 0.495525
vt 0.530632 0.636586
vt 0.028149 0.893274
vt 0.153443 0.605011
vt 0.642359 0.022535
vt 0.028056 0.896580
vt 0.153443 0.610825
vt 0.642359 0.028349
vt 0.893342 0.640678
vt 0.150137 0.610825
vt 0.893342 0.637373
vt 0.530725 0.642401
vt 0.150137 0.605011
vt 0.530725 0.636586
vt 0.028056 0.893274
vt 0.303763 0.660491
vt 0.303023 0.660491
vt 0.866173 0.279185
vt 0.303763 0.655894
vt 0.955657 0.866532
vt 0.303023 0.655894
vt 0.955657 0.867272
vt 0.866173 0.274588
vt 0.955033 0.866532
vt 0.676728 0.038279
vt 0.955033 0.867272
vt 0.677467 0.038279
vt 0.865548 0.274588
vt 0.676728 0.042876
vt 0.677467 0.042876
vt 0.865548 0.279185
vt 0.052244 0.979961
vt 0.052244 0.980701
vt 0.254281 0.921266
vt 0.928377 0.943116
vt 0.928377 0.942377
vt 0.254281 0.920070
vt 0.928865 0.943116
vt 0.183227 0.907727
vt 0.928865 0.942377
vt 0.183966 0.907727
vt 0.253793 0.920070
vt 0.183227 0.908923
vt 0.052733 0.979961
vt 0.183966 0.908923
vt 0.052733 0.980701
vt 0.253793 0.921266
vt 0.712388 0.037062
vt 0.937129 0.464344
vt 0.713127 0.037062
vt 0.937129 0.463605
vt 0.648818 0.834625
vt 0.712388 0.041659
vt 0.713127 0.041659
vt 0.648818 0.830028
vt 0.677467 0.010171
vt 0.676728 0.010171
vt 0.648193 0.830028
vt 0.677467 0.005574
vt 0.936504 0.464344
vt 0.676728 0.005574
vt 0.936504 0.463605
vt 0.648193 0.834625
vt 0.712892 0.467006
vt 0.936435 0.418526
vt 0.713631 0.467006
vt 0.936435 0.417787
vt 0.315534 0.833677
vt 0.712892 0.471603
vt 0.713631 0.471603
vt 0.315534 0.829081
vt 0.255931 0.677452
vt 0.255192 0.677452
vt 0.314910 0.829081
vt 0.255931 0.672855
vt 0.935811 0.418526
vt 0.255192 0.672855
vt 0.935811 0.417787
vt 0.314910 0.833677
vt 0.715639 0.638664
vt 0.936427 0.140629
vt 0.716379 0.638664
vt 0.936427 0.139890
vt 0.636931 0.834625
vt 0.715639 0.643261
vt 0.716379 0.643261
vt 0.636931 0.830028
vt 0.196498 0.677452
vt 0.195759 0.677452
vt 0.636307 0.830028
vt 0.196498 0.672855
vt 0.935802 0.140629
vt 0.195759 0.672855
vt 0.935802 0.139890
vt 0.636307 0.834625
vt 0.511378 0.717741
vt 0.613043 0.958767
vt 0.512117 0.717741
vt 0.613043 0.958027
vt 0.855108 0.128743
vt 0.511378 0.722338
vt 0.512117 0.722338
vt 0.855108 0.124146
vt 0.172725 0.677452
vt 0.171986 0.677452
vt 0.854483 0.124146
vt 0.172725 0.672855
vt 0.612418 0.958767
vt 0.171986 0.672855
vt 0.612418 0.958027
vt 0.854483 0.128743
vt 0.071663 0.559358
vt 0.485535 0.279441
vt 0.071663 0.553252
vt 0.475208 0.154450
vt 0.077039 0.559358
vt 0.057332 0.412413
vt 0.490910 0.279441
vt 0.077039 0.553252
vt 0.063438 0.412413
vt 0.469833 0.154450
vt 0.057332 0.421864
vt 0.572977 0.537527
vt 0.490910 0.288892
vt 0.063438 0.421864
vt 0.572977 0.543632
vt 0.469833 0.163900
vt 0.567602 0.537527
vt 0.485535 0.288892
vt 0.567602 0.543632
vt 0.475208 0.163900
vt 0.474173 0.155172
vt 0.631212 0.022535
vt 0.421979 0.894236
vt 0.474173 0.160985
vt 0.631212 0.028349
vt 0.342946 0.894237
vt 0.470868 0.160985
vt 0.342946 0.890931
vt 0.642159 0.115432
vt 0.470868 0.155172
vt 0.642159 0.109618
vt 0.421979 0.890930
vt 0.397892 0.602666
vt 0.631118 0.022535
vt 0.421885 0.894236
vt 0.397892 0.608480
vt 0.631118 0.028349
vt 0.343040 0.894237
vt 0.394586 0.608480
vt 0.343040 0.890931
vt 0.642253 0.115432
vt 0.394586 0.602666
vt 0.642253 0.109618
vt 0.421885 0.890930
vt 0.601386 0.661439
vt 0.600647 0.661439
vt 0.672476 0.866114
vt 0.601386 0.656842
vt 0.813160 0.958027
vt 0.600647 0.656842
vt 0.813160 0.958767
vt 0.672476 0.861517
vt 0.812536 0.958027
vt 0.005574 0.672855
vt 0.812536 0.958767
vt 0.006313 0.672855
vt 0.671852 0.861517
vt 0.005574 0.677452
vt 0.006313 0.677452
vt 0.671852 0.866114
vt 0.365680 0.979725
vt 0.365680 0.980464
vt 0.925357 0.477143
vt 0.978827 0.349842
vt 0.978827 0.349103
vt 0.925357 0.475948
vt 0.979315 0.349842
vt 0.912289 0.405900
vt 0.979315 0.349103
vt 0.913029 0.405900
vt 0.924869 0.475948
vt 0.912289 0.407096
vt 0.366168 0.979725
vt 0.913029 0.407096
vt 0.366168 0.980464
vt 0.924869 0.477143
vt 0.719513 0.719818
vt 0.959970 0.140629
vt 0.720252 0.719818
vt 0.959970 0.139890
vt 0.855106 0.207464
vt 0.719513 0.724415
vt 0.720252 0.724415
vt 0.855106 0.202867
vt 0.677267 0.224425
vt 0.676528 0.224425
vt 0.854482 0.202867
vt 0.677267 0.219828
vt 0.959346 0.140629
vt 0.676528 0.219828
vt 0.959346 0.139890
vt 0.854482 0.207464
vt 0.053120 0.720088
vt 0.041097 0.945041
vt 0.053859 0.720088
vt 0.041097 0.944302
vt 0.303648 0.833677
vt 0.053120 0.724685
vt 0.053859 0.724685
vt 0.303648 0.829081
vt 0.677267 0.208681
vt 0.676528 0.208681
vt 0.303023 0.829081
vt 0.677267 0.204084
vt 0.040473 0.945041
vt 0.676528 0.204084
vt 0.040473 0.944302
vt 0.303023 0.833677
vt 0.724074 0.187122
vt 0.195623 0.945039
vt 0.724814 0.187122
vt 0.195623 0.944300
vt 0.624929 0.834625
vt 0.724074 0.191719
vt 0.724814 0.191719
vt 0.624929 0.830028
vt 0.677267 0.097254
vt 0.676528 0.097254
vt 0.624305 0.830028
vt 0.677267 0.092657
vt 0.194998 0.945039
vt 0.676528 0.092657
vt 0.194998 0.944300
vt 0.624305 0.834625
vt 0.551080 0.720399
vt 0.231282 0.945039
vt 0.551819 0.720399
vt 0.231282 0.944300
vt 0.601271 0.834625
vt 0.551080 0.724995
vt 0.551819 0.724995
vt 0.601271 0.830028
vt 0.464571 0.690850
vt 0.463831 0.690850
vt 0.600647 0.830028
vt 0.464571 0.686253
vt 0.230658 0.945039
vt 0.463831 0.686253
vt 0.230658 0.944300
vt 0.600647 0.834625
vt 0.551810 0.426736
vt 0.382203 0.492459
vt 0.551810 0.420630
vt 0.523410 0.513055
vt 0.557185 0.426736
vt 0.418804 0.216243
vt 0.387578 0.492459
vt 0.557185 0.420630
vt 0.424910 0.216243
vt 0.518035 0.513055
vt 0.418804 0.225694
vt 0.225741 0.553252
vt 0.387578 0.501909
vt 0.424910 0.225694
vt 0.225741 0.559358
vt 0.518035 0.522506
vt 0.220366 0.553252
vt 0.382203 0.501909
vt 0.220366 0.559358
vt 0.523410 0.522506
vt 0.522375 0.513777
vt 0.653494 0.143832
vt 0.118077 0.896580
vt 0.522375 0.519591
vt 0.653494 0.149646
vt 0.819167 0.191719
vt 0.519069 0.519591
vt 0.819167 0.188414
vt 0.653400 0.132685
vt 0.519069 0.513777
vt 0.653400 0.126871
vt 0.118077 0.893274
vt 0.618951 0.258844
vt 0.653400 0.143832
vt 0.117983 0.896580
vt 0.618951 0.264657
vt 0.653400 0.149646
vt 0.819261 0.191719
vt 0.615646 0.264657
vt 0.819261 0.188414
vt 0.653494 0.132685
vt 0.615646 0.258844
vt 0.653494 0.126871
vt 0.117983 0.893274
vt 0.637046 0.661439
vt 0.636307 0.661439
vt 0.303303 0.865166
vt 0.637046 0.656842
vt 0.959979 0.428304
vt 0.636307 0.656842
vt 0.959979 0.429044
vt 0.303303 0.860569
vt 0.959354 0.428304
vt 0.676439 0.238246
vt 0.959354 0.429044
vt 0.677178 0.238246
vt 0.302679 0.860569
vt 0.676439 0.242843
vt 0.677178 0.242843
vt 0.302679 0.865166
vt 0.523149 0.979723
vt 0.523149 0.980462
vt 0.925357 0.526515
vt 0.534921 0.980462
vt 0.534921 0.979723
vt 0.925357 0.525320
vt 0.535409 0.980462
vt 0.425113 0.919836
vt 0.535409 0.979723
vt 0.425852 0.919836
vt 0.924869 0.525320
vt 0.425113 0.921031
vt 0.523638 0.979723
vt 0.425852 0.921031
vt 0.523638 0.980462
vt 0.924869 0.526515
vt 0.735326 0.416104
vt 0.100300 0.968812
vt 0.736065 0.416104
vt 0.100300 0.968073
vt 0.878849 0.041659
vt 0.735326 0.420701
vt 0.736065 0.420701
vt 0.878849 0.037062
vt 0.676632 0.420701
vt 0.675893 0.420701
vt 0.878225 0.037062
vt 0.676632 0.416104
vt 0.099676 0.968812
vt 0.675893 0.416104
vt 0.099676 0.968073
vt 0.878225 0.041659
vt 0.735961 0.139890
vt 0.207049 0.968812
vt 0.736700 0.139890
vt 0.207049 0.968073
vt 0.878849 0.025915
vt 0.735961 0.144487
vt 0.736700 0.144487
vt 0.878849 0.021318
vt 0.315649 0.676235
vt 0.314910 0.676235
vt 0.878225 0.021318
vt 0.315649 0.671638
vt 0.206425 0.968812
vt 0.314910 0.671638
vt 0.206425 0.968073
vt 0.878225 0.025915
vt 0.736665 0.529983
vt 0.291531 0.969705
vt 0.737404 0.529983
vt 0.291531 0.968966
vt 0.879353 0.455859
vt 0.736665 0.534580
vt 0.737404 0.534580
vt 0.879353 0.451262
vt 0.279990 0.676235
vt 0.279250 0.676235
vt 0.878729 0.451262
vt 0.279990 0.671638
vt 0.290907 0.969705
vt 0.279250 0.671638
vt 0.290907 0.968966
vt 0.878729 0.455859
vt 0.437000 0.733487
vt 0.648358 0.970653
vt 0.437739 0.733487
vt 0.648358 0.969914
vt 0.879354 0.471603
vt 0.437000 0.738084
vt 0.437739 0.738084
vt 0.879354 0.467006
vt 0.675902 0.606609
vt 0.675163 0.606609
vt 0.878729 0.467006
vt 0.675902 0.602012
vt 0.647734 0.970653
vt 0.675163 0.602012
vt 0.647734 0.969914
vt 0.878729 0.471603
vt 0.137753 0.559358
vt 0.502878 0.113255
vt 0.137753 0.553252
vt 0.524775 0.154450
vt 0.143128 0.559358
vt 0.419004 0.026171
vt 0.508253 0.113255
vt 0.143128 0.553252
vt 0.425110 0.026171
vt 0.519400 0.154450
vt 0.419004 0.035622
vt 0.572977 0.485768
vt 0.508253 0.122705
vt 0.425110 0.035622
vt 0.572977 0.491874
vt 0.519400 0.163901
vt 0.567602 0.485768
vt 0.502878 0.122705
vt 0.567602 0.491874
vt 0.524775 0.163901
vt 0.523741 0.155172
vt 0.073113 0.655894
vt 0.463280 0.894234
vt 0.523741 0.160986
vt 0.073113 0.661708
vt 0.365680 0.894236
vt 0.520435 0.160986
vt 0.365680 0.890930
vt 0.039297 0.661708
vt 0.520435 0.155172
vt 0.039297 0.655894
vt 0.463280 0.890928
vt 0.619771 0.109910
vt 0.073020 0.655894
vt 0.463186 0.894234
vt 0.619771 0.115724
vt 0.073020 0.661708
vt 0.365774 0.894236
vt 0.616465 0.115724
vt 0.365774 0.890930
vt 0.039390 0.661708
vt 0.616465 0.109910
vt 0.039390 0.655894
vt 0.463186 0.890928
vt 0.575592 0.662019
vt 0.574853 0.662019
vt 0.315419 0.849422
vt 0.575592 0.657422
vt 0.551704 0.956497
vt 0.574853 0.657422
vt 0.551704 0.957236
vt 0.315419 0.844825
vt 0.551080 0.956497
vt 0.511378 0.670509
vt 0.551080 0.957236
vt 0.512117 0.670509
vt 0.314795 0.844825
vt 0.511378 0.675106
vt 0.512117 0.675106
vt 0.314795 0.849422
vt 0.978440 0.764277
vt 0.978440 0.765017
vt 0.925382 0.043798
vt 0.978440 0.836336
vt 0.978440 0.835597
vt 0.925382 0.042603
vt 0.978929 0.836336
vt 0.919604 0.842303
vt 0.978929 0.835597
vt 0.920343 0.842303
vt 0.924894 0.042603
vt 0.919604 0.843498
vt 0.978929 0.764277
vt 0.920343 0.843498
vt 0.978929 0.765017
vt 0.924894 0.043798
vt 0.112553 0.735832
vt 0.979065 0.741243
vt 0.113292 0.735832
vt 0.979065 0.740504
vt 0.879353 0.503092
vt 0.112553 0.740429
vt 0.113292 0.740429
vt 0.879353 0.498495
vt 0.437739 0.675107
vt 0.437000 0.675107
vt 0.878729 0.498495
vt 0.437739 0.670510
vt 0.978441 0.741243
vt 0.437000 0.670510
vt 0.978441 0.740504
vt 0.878729 0.503092
vt 0.171986 0.735832
vt 0.979065 0.729357
vt 0.172725 0.735832
vt 0.979065 0.728617
vt 0.878849 0.057403
vt 0.171986 0.740429
vt 0.172725 0.740429
vt 0.878849 0.052806
vt 0.425852 0.675107
vt 0.425113 0.675107
vt 0.878225 0.052806
vt 0.425852 0.670510
vt 0.978441 0.729357
vt 0.425113 0.670510
vt 0.978441 0.728617
vt 0.878225 0.057403
vt 0.207645 0.735832
vt 0.979065 0.717014
vt 0.208385 0.735832
vt 0.979065 0.716275
vt 0.878849 0.010171
vt 0.207645 0.740429
vt 0.208385 0.740429
vt 0.878849 0.005574
vt 0.413966 0.675107
vt 0.413226 0.675107
vt 0.878225 0.005574
vt 0.413966 0.670510
vt 0.978441 0.717014
vt 0.413226 0.670510
vt 0.978441 0.716275
vt 0.878225 0.010171
vt 0.243305 0.735832
vt 0.979065 0.681354
vt 0.244044 0.735832
vt 0.979065 0.680615
vt 0.866879 0.144487
vt 0.243305 0.740429
vt 0.244044 0.740429
vt 0.866879 0.139890
vt 0.402079 0.675107
vt 0.401340 0.675107
vt 0.866255 0.139890
vt 0.402079 0.670510
vt 0.978441 0.681354
vt 0.401340 0.670510
vt 0.978441 0.680615
vt 0.866255 0.144487
vt 0.203843 0.559358
vt 0.519400 0.195645
vt 0.203843 0.553252
vt 0.010949 0.515401
vt 0.209218 0.559358
vt 0.337280 0.398921
vt 0.524775 0.195645
vt 0.209218 0.553252
vt 0.331174 0.398923
vt 0.005574 0.515401
vt 0.337280 0.389471
vt 0.043994 0.553252
vt 0.524775 0.205096
vt 0.331174 0.389472
vt 0.043994 0.559358
vt 0.005574 0.524852
vt 0.038619 0.553252
vt 0.519400 0.205096
vt 0.038619 0.559358
vt 0.010949 0.524852
vt 0.009914 0.516123
vt 0.320027 0.536080
vt 0.747935 0.896311
vt 0.009914 0.521938
vt 0.320027 0.541895
vt 0.317347 0.226588
vt 0.006608 0.521938
vt 0.317347 0.223282
vt 0.320027 0.519117
vt 0.006608 0.516123
vt 0.320027 0.524932
vt 0.747935 0.893005
vt 0.527516 0.619626
vt 0.319933 0.536080
vt 0.747841 0.896311
vt 0.527516 0.625439
vt 0.319933 0.541893
vt 0.317440 0.226588
vt 0.524210 0.625439
vt 0.317440 0.223282
vt 0.319933 0.519118
vt 0.524210 0.619626
vt 0.319933 0.524932
vt 0.747841 0.893005
vt 0.664015 0.559377
vt 0.663276 0.559377
vt 0.401964 0.848294
vt 0.664015 0.554780
vt 0.742530 0.958027
vt 0.663276 0.554780
vt 0.742530 0.958767
vt 0.401964 0.843697
vt 0.741906 0.958027
vt 0.672217 0.341074
vt 0.741906 0.958767
vt 0.672956 0.341074
vt 0.401340 0.843697
vt 0.672217 0.345671
vt 0.672956 0.345671
vt 0.401340 0.848294
vt 0.928377 0.966150
vt 0.928377 0.966889
vt 0.931978 0.843497
vt 0.928377 0.955003
vt 0.928377 0.954263
vt 0.931978 0.842303
vt 0.928865 0.955003
vt 0.016815 0.920071
vt 0.928865 0.954263
vt 0.017554 0.920072
vt 0.931490 0.842303
vt 0.016815 0.921266
vt 0.928865 0.966150
vt 0.017554 0.921266
vt 0.928865 0.966889
vt 0.931490 0.843497
vt 0.747847 0.187122
vt 0.960411 0.238985
vt 0.748587 0.187122
vt 0.960409 0.238246
vt 0.890421 0.112998
vt 0.747847 0.191719
vt 0.748587 0.191719
vt 0.890421 0.108401
vt 0.668832 0.627516
vt 0.668093 0.627516
vt 0.889799 0.108401
vt 0.668832 0.622919
vt 0.959787 0.238985
vt 0.668093 0.622919
vt 0.959787 0.238246
vt 0.889799 0.112998
vt 0.475718 0.749230
vt 0.940752 0.966433
vt 0.476457 0.749230
vt 0.940750 0.965694
vt 0.890419 0.160231
vt 0.475718 0.753827
vt 0.476457 0.753827
vt 0.890419 0.155634
vt 0.666085 0.534580
vt 0.665345 0.534580
vt 0.889796 0.155634
vt 0.666085 0.529983
vt 0.940127 0.966433
vt 0.665345 0.529983
vt 0.940127 0.965694
vt 0.889796 0.160231
vt 0.487605 0.749230
vt 0.972444 0.475774
vt 0.488344 0.749230
vt 0.972442 0.475035
vt 0.890619 0.025915
vt 0.487605 0.753827
vt 0.488344 0.753827
vt 0.890619 0.021318
vt 0.666085 0.518836
vt 0.665345 0.518836
vt 0.889997 0.021318
vt 0.666085 0.514239
vt 0.971819 0.475774
vt 0.665345 0.514239
vt 0.971819 0.475035
vt 0.889997 0.025915
vt 0.511378 0.749230
vt 0.972468 0.018200
vt 0.512117 0.749230
vt 0.972468 0.017460
vt 0.878649 0.175975
vt 0.511378 0.753827
vt 0.512117 0.753827
vt 0.878649 0.171378
vt 0.666085 0.503092
vt 0.665345 0.503092
vt 0.878025 0.171378
vt 0.666085 0.498495
vt 0.971844 0.018200
vt 0.665345 0.498495
vt 0.971844 0.017460
vt 0.878025 0.175975
vt 0.567602 0.526379
vt 0.519400 0.175048
vt 0.567602 0.520274
vt 0.540478 0.300039
vt 0.572977 0.526379
vt 0.162278 0.433011
vt 0.524775 0.175048
vt 0.572977 0.520274
vt 0.168383 0.433011
vt 0.535103 0.300039
vt 0.162278 0.442461
vt 0.371055 0.568160
vt 0.524775 0.184498
vt 0.168383 0.442461
vt 0.371055 0.574266
vt 0.535103 0.309490
vt 0.365680 0.568160
vt 0.519400 0.184498
vt 0.365680 0.574266
vt 0.540478 0.309490
vt 0.539443 0.300761
vt 0.656946 0.639881
vt 0.792899 0.896311
vt 0.539443 0.306575
vt 0.656946 0.645694
vt 0.339829 0.226588
vt 0.536137 0.306575
vt 0.339829 0.223282
vt 0.653600 0.028348
vt 0.536137 0.300761
vt 0.653600 0.022535
vt 0.792899 0.893005
vt 0.618406 0.605958
vt 0.656852 0.639881
vt 0.792805 0.896311
vt 0.618406 0.611772
vt 0.656852 0.645694
vt 0.339922 0.226588
vt 0.615100 0.611772
vt 0.339922 0.223282
vt 0.653694 0.028348
vt 0.615100 0.605958
vt 0.653694 0.022535
vt 0.792805 0.893005
vt 0.664015 0.575121
vt 0.663276 0.575121
vt 0.854401 0.279185
vt 0.664015 0.570524
vt 0.825270 0.357557
vt 0.663276 0.570524
vt 0.825270 0.356818
vt 0.854401 0.274588
vt 0.825896 0.357557
vt 0.664841 0.022535
vt 0.825894 0.356818
vt 0.665581 0.022535
vt 0.853776 0.274588
vt 0.664841 0.027132
vt 0.665581 0.027132
vt 0.853776 0.279185
vt 0.978440 0.811823
vt 0.978440 0.812563
vt 0.029189 0.921268
vt 0.978440 0.800676
vt 0.978440 0.799937
vt 0.029189 0.920071
vt 0.978929 0.800676
vt 0.575583 0.437883
vt 0.978929 0.799937
vt 0.576323 0.437883
vt 0.028701 0.920071
vt 0.575583 0.439079
vt 0.978929 0.811823
vt 0.576323 0.439081
vt 0.978929 0.812563
vt 0.028701 0.921268
vt 0.076893 0.751576
vt 0.766405 0.356818
vt 0.077632 0.751576
vt 0.766404 0.357557
vt 0.587253 0.819461
vt 0.076893 0.756173
vt 0.077632 0.756173
vt 0.587253 0.814864
vt 0.665381 0.224425
vt 0.664641 0.224425
vt 0.586626 0.814864
vt 0.665381 0.219828
vt 0.767028 0.356818
vt 0.664641 0.219828
vt 0.767030 0.357557
vt 0.586626 0.819461
vt 0.183872 0.751576
vt 0.971565 0.295243
vt 0.184612 0.751576
vt 0.971565 0.294503
vt 0.878129 0.404957
vt 0.183872 0.756173
vt 0.184612 0.756173
vt 0.878129 0.400360
vt 0.665381 0.192936
vt 0.664641 0.192936
vt 0.877505 0.400360
vt 0.665381 0.188339
vt 0.970941 0.295243
vt 0.664641 0.188339
vt 0.970941 0.294503
vt 0.877505 0.404957
vt 0.586739 0.751887
vt 0.872018 0.970653
vt 0.587479 0.751887
vt 0.872018 0.969914
vt 0.878651 0.144487
vt 0.586739 0.756484
vt 0.587479 0.756484
vt 0.878651 0.139890
vt 0.665381 0.177192
vt 0.664641 0.177192
vt 0.878026 0.139890
vt 0.665381 0.172595
vt 0.871394 0.970653
vt 0.664641 0.172595
vt 0.871394 0.969914
vt 0.878026 0.144487
vt 0.758369 0.602012
vt 0.824932 0.970653
vt 0.759108 0.602012
vt 0.824932 0.969914
vt 0.878129 0.420701
vt 0.758369 0.606609
vt 0.759108 0.606609
vt 0.878129 0.416104
vt 0.665381 0.145704
vt 0.664641 0.145704
vt 0.877505 0.416104
vt 0.665381 0.141107
vt 0.824307 0.970653
vt 0.664641 0.141107
vt 0.824307 0.969914
vt 0.877505 0.420701
vt 0.104708 0.559358
vt 0.452490 0.300042
vt 0.104708 0.553252
vt 0.458885 0.026173
vt 0.110084 0.559358
vt 0.371786 0.378324
vt 0.457866 0.300042
vt 0.110084 0.553252
vt 0.365680 0.378322
vt 0.453510 0.026173
vt 0.371786 0.368871
vt 0.258786 0.553252
vt 0.457866 0.309495
vt 0.365680 0.368873
vt 0.258786 0.559358
vt 0.453510 0.035622
vt 0.253410 0.553252
vt 0.452490 0.309495
vt 0.253410 0.559358
vt 0.458885 0.035622
vt 0.457851 0.026895
vt 0.214464 0.621972
vt 0.612512 0.896311
vt 0.457851 0.032708
vt 0.214464 0.627786
vt 0.890501 0.483474
vt 0.454545 0.032708
vt 0.890501 0.480168
vt 0.629553 0.594810
vt 0.454545 0.026895
vt 0.629553 0.588995
vt 0.612512 0.893005
vt 0.605318 0.144416
vt 0.214371 0.621972
vt 0.612419 0.896311
vt 0.605318 0.150230
vt 0.214371 0.627786
vt 0.890594 0.483474
vt 0.602012 0.150230
vt 0.890594 0.480168
vt 0.629647 0.594810
vt 0.602012 0.144416
vt 0.629647 0.588995
vt 0.612419 0.893005
vt 0.664015 0.590865
vt 0.663276 0.590865
vt 0.820496 0.487347
vt 0.664015 0.586268
vt 0.766074 0.934254
vt 0.663276 0.586268
vt 0.766074 0.934993
vt 0.820496 0.482750
vt 0.765450 0.934254
vt 0.664006 0.416104
vt 0.765450 0.934993
vt 0.664746 0.416104
vt 0.819871 0.482750
vt 0.664006 0.420701
vt 0.664746 0.420701
vt 0.819871 0.487347
vt 0.389223 0.979725
vt 0.389223 0.980464
vt 0.925182 0.181516
vt 0.377316 0.980464
vt 0.377316 0.979725
vt 0.925182 0.180320
vt 0.377804 0.980464
vt 0.912983 0.451262
vt 0.377804 0.979725
vt 0.913722 0.451262
vt 0.924694 0.180320
vt 0.912983 0.452457
vt 0.389712 0.979725
vt 0.913722 0.452457
vt 0.389712 0.980464
vt 0.924694 0.181516
vt 0.767059 0.751307
vt 0.017439 0.933153
vt 0.767798 0.751307
vt 0.017439 0.932413
vt 0.820496 0.503092
vt 0.767059 0.755904
vt 0.767798 0.755904
vt 0.820496 0.498495
vt 0.664561 0.294929
vt 0.663821 0.294929
vt 0.819871 0.498495
vt 0.664561 0.290332
vt 0.016814 0.933153
vt 0.663821 0.290332
vt 0.016814 0.932413
vt 0.819871 0.503092
vt 0.331174 0.764978
vt 0.425508 0.932918
vt 0.331914 0.764978
vt 0.425508 0.932179
vt 0.819791 0.223208
vt 0.331174 0.769575
vt 0.331914 0.769575
vt 0.819791 0.218611
vt 0.664561 0.310673
vt 0.663821 0.310673
vt 0.819166 0.218611
vt 0.664561 0.306076
vt 0.424883 0.932918
vt 0.663821 0.306076
vt 0.424883 0.932179
vt 0.819166 0.223208
vt 0.770255 0.554780
vt 0.195738 0.933152
vt 0.770995 0.554780
vt 0.195738 0.932413
vt 0.819791 0.160231
vt 0.770255 0.559377
vt 0.770995 0.559377
vt 0.819791 0.155634
vt 0.665581 0.058620
vt 0.664841 0.058620
vt 0.819166 0.155634
vt 0.665581 0.054023
vt 0.195113 0.933152
vt 0.664841 0.054023
vt 0.195113 0.932413
vt 0.819166 0.160231
vt 0.624420 0.767051
vt 0.960672 0.463888
vt 0.625160 0.767051
vt 0.960672 0.463149
vt 0.243814 0.850639
vt 0.624420 0.771648
vt 0.625160 0.771648
vt 0.243814 0.846042
vt 0.452684 0.675106
vt 0.451945 0.675106
vt 0.243190 0.846042
vt 0.452684 0.670509
vt 0.960048 0.463888
vt 0.451945 0.670509
vt 0.960048 0.463149
vt 0.243190 0.850639
vt 0.552645 0.080691
vt 0.453310 0.216243
vt 0.552645 0.074585
vt 0.458685 0.154449
vt 0.558020 0.080691
vt 0.400731 0.258843
vt 0.458685 0.216243
vt 0.558020 0.074585
vt 0.406837 0.258843
vt 0.453310 0.154449
vt 0.400731 0.268294
vt 0.573708 0.386124
vt 0.458685 0.225694
vt 0.406837 0.268294
vt 0.573708 0.392230
vt 0.453310 0.163900
vt 0.568333 0.386124
vt 0.453310 0.225694
vt 0.568333 0.392230
vt 0.458685 0.163900
vt 0.457651 0.155171
vt 0.318276 0.429378
vt 0.279229 0.895363
vt 0.457651 0.160985
vt 0.318276 0.435192
vt 0.878027 0.112998
vt 0.454345 0.160985
vt 0.878027 0.109693
vt 0.319933 0.474045
vt 0.454345 0.155171
vt 0.319933 0.468230
vt 0.279229 0.892058
vt 0.603953 0.588995
vt 0.318182 0.429376
vt 0.279135 0.895363
vt 0.603953 0.594811
vt 0.318182 0.435192
vt 0.878120 0.112998
vt 0.600647 0.594811
vt 0.878120 0.109693
vt 0.320027 0.474045
vt 0.600647 0.588995
vt 0.320027 0.468228
vt 0.279135 0.892058
vt 0.660819 0.661439
vt 0.660080 0.661439
vt 0.819991 0.057403
vt 0.660819 0.656842
vt 0.861217 0.356818
vt 0.660080 0.656842
vt 0.861215 0.357557
vt 0.819991 0.052806
vt 0.860590 0.356818
vt 0.017460 0.672855
vt 0.860590 0.357557
vt 0.018200 0.672855
vt 0.819366 0.052806
vt 0.017460 0.677452
vt 0.018200 0.677452
vt 0.819366 0.057403
vt 0.064361 0.979960
vt 0.064361 0.980699
vt 0.183715 0.921266
vt 0.016815 0.980699
vt 0.016815 0.979960
vt 0.183715 0.920070
vt 0.017303 0.980699
vt 0.635016 0.437882
vt 0.017303 0.979960
vt 0.635755 0.437882
vt 0.183227 0.920070
vt 0.635016 0.439076
vt 0.064849 0.979960
vt 0.635755 0.439078
vt 0.064849 0.980699
vt 0.183227 0.921266
vt 0.076893 0.767321
vt 0.696389 0.357557
vt 0.077632 0.767321
vt 0.696387 0.356818
vt 0.820496 0.455859
vt 0.076893 0.771917
vt 0.077632 0.771917
vt 0.820496 0.451262
vt 0.030086 0.677452
vt 0.029347 0.677452
vt 0.819871 0.451262
vt 0.030086 0.672855
vt 0.695763 0.357557
vt 0.029347 0.672855
vt 0.695763 0.356818
vt 0.819871 0.455859
vt 0.195759 0.767321
vt 0.790576 0.357557
vt 0.196498 0.767321
vt 0.790576 0.356818
vt 0.819793 0.097254
vt 0.195759 0.771917
vt 0.196498 0.771917
vt 0.819793 0.092657
vt 0.677467 0.074364
vt 0.676728 0.074364
vt 0.819166 0.092657
vt 0.677467 0.069767
vt 0.789949 0.357557
vt 0.676728 0.069767
vt 0.789949 0.356818
vt 0.819166 0.097254
vt 0.255192 0.767321
vt 0.731709 0.357557
vt 0.255931 0.767321
vt 0.731709 0.356818
vt 0.551706 0.819461
vt 0.255192 0.771917
vt 0.255931 0.771917
vt 0.551706 0.814864
vt 0.587479 0.677763
vt 0.586739 0.677763
vt 0.551080 0.814864
vt 0.587479 0.673166
vt 0.731083 0.357557
vt 0.586739 0.673166
vt 0.731083 0.356818
vt 0.551080 0.819461
vt 0.771621 0.155634
vt 0.964295 0.965064
vt 0.772360 0.155634
vt 0.964295 0.964325
vt 0.890421 0.097254
vt 0.771621 0.160231
vt 0.772360 0.160231
vt 0.890421 0.092657
vt 0.689858 0.455859
vt 0.689119 0.455859
vt 0.889798 0.092657
vt 0.689858 0.451262
vt 0.963671 0.965064
vt 0.689119 0.451262
vt 0.963673 0.964325
vt 0.889798 0.097254
s 0
usemtl Material.001
f 1/1/1 2/3/1 4/8/1 3/5/1
f 3/6/2 4/9/2 6/14/2 5/11/2
f 5/12/3 6/15/3 8/19/3 7/17/3
f 7/18/4 1/2/4 3/7/4 5/13/4
f 13/33/5 14/36/5 15/39/5 16/42/5
f 10/24/5 9/21/5 2/4/5 8/20/5
f 11/27/5 10/24/5 8/20/5 6/16/5
f 12/30/5 11/27/5 6/16/5 4/10/5
f 9/21/5 12/30/5 4/10/5 2/4/5
f 14/37/6 13/34/6 9/22/6 10/25/6
f 15/40/3 14/38/3 10/26/3 11/28/3
f 16/43/2 15/41/2 11/29/2 12/31/2
f 13/35/1 16/44/1 12/32/1 9/23/1
f 17/45/1 18/46/1 20/50/1 19/48/1
f 19/49/2 20/51/2 22/55/2 21/53/2
f 21/54/3 22/56/3 24/59/3 23/58/3
f 18/47/5 24/60/5 22/57/5 20/52/5
f 27/64/1 28/65/1 30/69/1 29/67/1
f 29/68/2 30/70/2 32/74/2 31/72/2
f 31/73/3 32/75/3 26/62/3 25/61/3
f 26/63/5 32/76/5 30/71/5 28/66/5
f 33/77/1 34/79/1 36/83/1 35/82/1
f 37/85/3 38/86/3 40/90/3 39/88/3
f 39/89/2 40/91/2 34/80/2 33/78/2
f 34/81/4 40/92/4 38/87/4 36/84/4
f 41/93/1 42/95/1 44/99/1 43/98/1
f 45/101/3 46/102/3 48/106/3 47/104/3
f 47/105/2 48/107/2 42/96/2 41/94/2
f 42/97/4 48/108/4 46/103/4 44/100/4
f 49/109/1 50/111/1 52/115/1 51/114/1
f 53/117/3 54/118/3 56/122/3 55/120/3
f 55/121/2 56/123/2 50/112/2 49/110/2
f 50/113/4 56/124/4 54/119/4 52/116/4
f 57/125/1 58/127/1 60/131/1 59/130/1
f 61/133/3 62/134/3 64/138/3 63/136/3
f 63/137/2 64/139/2 58/128/2 57/126/2
f 58/129/4 64/140/4 62/135/4 60/132/4
f 65/141/1 66/143/1 68/148/1 67/145/1
f 67/146/2 68/149/2 70/154/2 69/151/2
f 69/152/3 70/155/3 72/159/3 71/157/3
f 71/158/4 65/142/4 67/147/4 69/153/4
f 77/173/5 78/176/5 79/179/5 80/182/5
f 74/164/5 73/161/5 66/144/5 72/160/5
f 75/167/5 74/164/5 72/160/5 70/156/5
f 76/170/5 75/167/5 70/156/5 68/150/5
f 73/161/5 76/170/5 68/150/5 66/144/5
f 78/177/6 77/174/6 73/162/6 74/165/6
f 79/180/3 78/178/3 74/166/3 75/168/3
f 80/183/2 79/181/2 75/169/2 76/171/2
f 77/175/1 80/184/1 76/172/1 73/163/1
f 81/185/1 82/186/1 84/190/1 83/188/1
f 83/189/2 84/191/2 86/195/2 85/193/2
f 85/194/3 86/196/3 88/199/3 87/198/3
f 82/187/5 88/200/5 86/197/5 84/192/5
f 91/204/1 92/205/1 94/209/1 93/207/1
f 93/208/2 94/210/2 96/214/2 95/212/2
f 95/213/3 96/215/3 90/202/3 89/201/3
f 90/203/5 96/216/5 94/211/5 92/206/5
f 97/217/1 98/219/1 100/223/1 99/222/1
f 101/225/3 102/226/3 104/230/3 103/228/3
f 103/229/2 104/231/2 98/220/2 97/218/2
f 98/221/4 104/232/4 102/227/4 100/224/4
f 105/233/1 106/235/1 108/239/1 107/238/1
f 109/241/3 110/242/3 112/246/3 111/244/3
f 111/245/2 112/247/2 106/236/2 105/234/2
f 106/237/4 112/248/4 110/243/4 108/240/4
f 113/249/1 114/251/1 116/255/1 115/254/1
f 117/257/3 118/258/3 120/262/3 119/260/3
f 119/261/2 120/263/2 114/252/2 113/250/2
f 114/253/4 120/264/4 118/259/4 116/256/4
f 121/265/1 122/267/1 124/271/1 123/270/1
f 125/273/3 126/274/3 128/278/3 127/276/3
f 127/277/2 128/279/2 122/268/2 121/266/2
f 122/269/4 128/280/4 126/275/4 124/272/4
f 129/281/2 130/282/2 132/284/2 131/283/2
f 133/285/1 134/287/1 136/291/1 135/289/1
f 137/293/3 138/295/3 140/299/3 139/297/3
f 139/298/4 133/286/4 135/290/4 137/294/4
f 134/288/5 140/300/5 138/296/5 136/292/5
f 141/301/1 142/303/1 144/307/1 143/305/1
f 145/309/3 146/311/3 148/315/3 147/313/3
f 147/314/4 141/302/4 143/306/4 145/310/4
f 142/304/5 148/316/5 146/312/5 144/308/5
f 149/317/1 150/319/1 152/323/1 151/321/1
f 153/325/3 154/327/3 156/331/3 155/329/3
f 155/330/4 149/318/4 151/322/4 153/326/4
f 150/320/5 156/332/5 154/328/5 152/324/5
f 157/333/1 158/335/1 160/339/1 159/337/1
f 161/341/3 162/343/3 164/347/3 163/345/3
f 163/346/4 157/334/4 159/338/4 161/342/4
f 158/336/5 164/348/5 162/344/5 160/340/5
f 165/349/2 166/350/2 168/352/2 167/351/2
f 169/353/2 170/354/2 172/356/2 171/355/2
f 173/357/2 174/358/2 176/360/2 175/359/2
f 177/361/2 178/362/2 180/364/2 179/363/2
f 181/365/2 182/366/2 184/368/2 183/367/2
f 185/369/1 186/371/1 188/375/1 187/373/1
f 189/377/3 190/379/3 192/383/3 191/381/3
f 191/382/4 185/370/4 187/374/4 189/378/4
f 186/372/5 192/384/5 190/380/5 188/376/5
f 193/385/1 194/387/1 196/391/1 195/389/1
f 197/393/3 198/395/3 200/399/3 199/397/3
f 199/398/4 193/386/4 195/390/4 197/394/4
f 194/388/5 200/400/5 198/396/5 196/392/5
f 201/401/1 202/403/1 204/407/1 203/405/1
f 205/409/3 206/411/3 208/415/3 207/413/3
f 207/414/4 201/402/4 203/406/4 205/410/4
f 202/404/5 208/416/5 206/412/5 204/408/5
f 209/417/1 210/419/1 212/423/1 211/421/1
f 213/425/3 214/427/3 216/431/3 215/429/3
f 215/430/4 209/418/4 211/422/4 213/426/4
f 210/420/5 216/432/5 214/428/5 212/424/5
f 217/433/2 218/434/2 220/436/2 219/435/2
f 221/437/2 222/438/2 224/440/2 223/439/2
f 225/441/2 226/442/2 228/444/2 227/443/2
f 229/445/1 230/447/1 232/451/1 231/449/1
f 233/453/3 234/455/3 236/459/3 235/457/3
f 235/458/4 229/446/4 231/450/4 233/454/4
f 230/448/5 236/460/5 234/456/5 232/452/5
f 237/461/1 238/463/1 240/467/1 239/465/1
f 241/469/3 242/471/3 244/475/3 243/473/3
f 243/474/4 237/462/4 239/466/4 241/470/4
f 238/464/5 244/476/5 242/472/5 240/468/5
f 245/477/1 246/479/1 248/483/1 247/481/1
f 249/485/3 250/487/3 252/491/3 251/489/3
f 251/490/4 245/478/4 247/482/4 249/486/4
f 246/480/5 252/492/5 250/488/5 248/484/5
f 253/493/1 254/495/1 256/499/1 255/497/1
f 257/501/3 258/503/3 260/507/3 259/505/3
f 259/506/4 253/494/4 255/498/4 257/502/4
f 254/496/5 260/508/5 258/504/5 256/500/5
f 261/509/2 262/510/2 264/512/2 263/511/2
f 265/513/2 266/514/2 268/516/2 267/515/2
f 269/517/2 270/518/2 272/520/2 271/519/2
f 273/521/1 274/523/1 276/527/1 275/525/1
f 277/529/3 278/531/3 280/535/3 279/533/3
f 279/534/4 273/522/4 275/526/4 277/530/4
f 274/524/5 280/536/5 278/532/5 276/528/5
f 281/537/1 282/539/1 284/543/1 283/541/1
f 285/545/3 286/547/3 288/551/3 287/549/3
f 287/550/4 281/538/4 283/542/4 285/546/4
f 282/540/5 288/552/5 286/548/5 284/544/5
f 289/553/1 290/555/1 292/559/1 291/557/1
f 293/561/3 294/563/3 296/567/3 295/565/3
f 295/566/4 289/554/4 291/558/4 293/562/4
f 290/556/5 296/568/5 294/564/5 292/560/5
f 297/569/1 298/571/1 300/575/1 299/573/1
f 301/577/3 302/579/3 304/583/3 303/581/3
f 303/582/4 297/570/4 299/574/4 301/578/4
f 298/572/5 304/584/5 302/580/5 300/576/5
f 305/585/2 306/586/2 308/588/2 307/587/2
f 309/589/2 310/590/2 312/592/2 311/591/2
f 313/593/2 314/594/2 316/596/2 315/595/2
f 317/597/1 318/599/1 320/603/1 319/601/1
f 321/605/3 322/607/3 324/611/3 323/609/3
f 323/610/4 317/598/4 319/602/4 321/606/4
f 318/600/5 324/612/5 322/608/5 320/604/5
f 325/613/1 326/615/1 328/619/1 327/617/1
f 329/621/3 330/623/3 332/627/3 331/625/3
f 331/626/4 325/614/4 327/618/4 329/622/4
f 326/616/5 332/628/5 330/624/5 328/620/5
f 333/629/1 334/631/1 336/635/1 335/633/1
f 337/637/3 338/639/3 340/643/3 339/641/3
f 339/642/4 333/630/4 335/634/4 337/638/4
f 334/632/5 340/644/5 338/640/5 336/636/5
f 341/645/1 342/647/1 344/651/1 343/649/1
f 345/653/3 346/655/3 348/659/3 347/657/3
f 347/658/4 341/646/4 343/650/4 345/654/4
f 342/648/5 348/660/5 346/656/5 344/652/5
f 349/661/2 350/662/2 352/664/2 351/663/2
f 353/665/1 354/667/1 356/671/1 355/669/1
f 357/673/3 358/675/3 360/679/3 359/677/3
f 359/678/4 353/666/4 355/670/4 357/674/4
f 354/668/5 360/680/5 358/676/5 356/672/5
f 361/681/1 362/683/1 364/687/1 363/685/1
f 365/689/3 366/691/3 368/695/3 367/693/3
f 367/694/4 361/682/4 363/686/4 365/690/4
f 362/684/5 368/696/5 366/692/5 364/688/5
f 369/697/1 370/699/1 372/703/1 371/701/1
f 373/705/3 374/707/3 376/711/3 375/709/3
f 375/710/4 369/698/4 371/702/4 373/706/4
f 370/700/5 376/712/5 374/708/5 372/704/5
f 377/713/1 378/715/1 380/719/1 379/717/1
f 381/721/3 382/723/3 384/727/3 383/725/3
f 383/726/4 377/714/4 379/718/4 381/722/4
f 378/716/5 384/728/5 382/724/5 380/720/5
f 385/729/2 386/730/2 388/732/2 387/731/2
f 389/733/2 390/734/2 392/736/2 391/735/2
f 393/737/2 394/738/2 396/740/2 395/739/2
f 397/741/2 398/742/2 400/744/2 399/743/2
f 401/745/2 402/746/2 404/748/2 403/747/2
f 405/749/1 406/751/1 408/755/1 407/753/1
f 409/757/3 410/759/3 412/763/3 411/761/3
f 411/762/4 405/750/4 407/754/4 409/758/4
f 406/752/5 412/764/5 410/760/5 408/756/5
f 413/765/1 414/767/1 416/771/1 415/769/1
f 417/773/3 418/775/3 420/779/3 419/777/3
f 419/778/4 413/766/4 415/770/4 417/774/4
f 414/768/5 420/780/5 418/776/5 416/772/5
f 421/781/1 422/783/1 424/787/1 423/785/1
f 425/789/3 426/791/3 428/795/3 427/793/3
f 427/794/4 421/782/4 423/786/4 425/790/4
f 422/784/5 428/796/5 426/792/5 424/788/5
f 429/797/1 430/799/1 432/803/1 431/801/1
f 433/805/3 434/807/3 436/811/3 435/809/3
f 435/810/4 429/798/4 431/802/4 433/806/4
f 430/800/5 436/812/5 434/808/5 432/804/5
f 437/813/2 438/814/2 440/816/2 439/815/2
f 441/817/2 442/818/2 444/820/2 443/819/2
f 445/821/2 446/822/2 448/824/2 447/823/2
f 449/825/1 450/827/1 452/831/1 451/829/1
f 453/833/3 454/835/3 456/839/3 455/837/3
f 455/838/4 449/826/4 451/830/4 453/834/4
f 450/828/5 456/840/5 454/836/5 452/832/5
f 457/841/1 458/843/1 460/847/1 459/845/1
f 461/849/3 462/851/3 464/855/3 463/853/3
f 463/854/4 457/842/4 459/846/4 461/850/4
f 458/844/5 464/856/5 462/852/5 460/848/5
f 465/857/1 466/859/1 468/863/1 467/861/1
f 469/865/3 470/867/3 472/871/3 471/869/3
f 471/870/4 465/858/4 467/862/4 469/866/4
f 466/860/5 472/872/5 470/868/5 468/864/5
f 473/873/1 474/875/1 476/879/1 475/877/1
f 477/881/3 478/883/3 480/887/3 479/885/3
f 479/886/4 473/874/4 475/878/4 477/882/4
f 474/876/5 480/888/5 478/884/5 476/880/5
f 481/889/2 482/890/2 484/892/2 483/891/2
f 485/893/2 486/894/2 488/896/2 487/895/2
f 489/897/2 490/898/2 492/900/2 491/899/2
f 493/901/1 494/903/1 496/907/1 495/905/1
f 497/909/3 498/911/3 500/915/3 499/913/3
f 499/914/4 493/902/4 495/906/4 497/910/4
f 494/904/5 500/916/5 498/912/5 496/908/5
f 501/917/1 502/919/1 504/923/1 503/921/1
f 505/925/3 506/927/3 508/931/3 507/929/3
f 507/930/4 501/918/4 503/922/4 505/926/4
f 502/920/5 508/932/5 506/928/5 504/924/5
f 509/933/1 510/935/1 512/939/1 511/937/1
f 513/941/3 514/943/3 516/947/3 515/945/3
f 515/946/4 509/934/4 511/938/4 513/942/4
f 510/936/5 516/948/5 514/944/5 512/940/5
f 517/949/1 518/951/1 520/955/1 519/953/1
f 521/957/3 522/959/3 524/963/3 523/961/3
f 523/962/4 517/950/4 519/954/4 521/958/4
f 518/952/5 524/964/5 522/960/5 520/956/5
f 525/965/2 526/966/2 528/968/2 527/967/2
f 529/969/2 530/970/2 532/972/2 531/971/2
f 533/973/2 534/974/2 536/976/2 535/975/2
f 537/977/1 538/979/1 540/983/1 539/981/1
f 541/985/3 542/987/3 544/991/3 543/989/3
f 543/990/4 537/978/4 539/982/4 541/986/4
f 538/980/5 544/992/5 542/988/5 540/984/5
f 545/993/1 546/995/1 548/999/1 547/997/1
f 549/1001/3 550/1003/3 552/1007/3 551/1005/3
f 551/1006/4 545/994/4 547/998/4 549/1002/4
f 546/996/5 552/1008/5 550/1004/5 548/1000/5
f 553/1009/1 554/1011/1 556/1015/1 555/1013/1
f 557/1017/3 558/1019/3 560/1023/3 559/1021/3
f 559/1022/4 553/1010/4 555/1014/4 557/1018/4
f 554/1012/5 560/1024/5 558/1020/5 556/1016/5
f 561/1025/1 562/1027/1 564/1031/1 563/1029/1
f 565/1033/3 566/1035/3 568/1039/3 567/1037/3
f 567/1038/4 561/1026/4 563/1030/4 565/1034/4
f 562/1028/5 568/1040/5 566/1036/5 564/1032/5
f 569/1041/1 570/1043/1 572/1048/1 571/1045/1
f 571/1046/2 572/1049/2 574/1054/2 573/1051/2
f 573/1052/3 574/1055/3 576/1059/3 575/1057/3
f 575/1058/4 569/1042/4 571/1047/4 573/1053/4
f 581/1073/5 582/1076/5 583/1079/5 584/1082/5
f 578/1064/5 577/1061/5 570/1044/5 576/1060/5
f 579/1067/5 578/1064/5 576/1060/5 574/1056/5
f 580/1070/5 579/1067/5 574/1056/5 572/1050/5
f 577/1061/5 580/1070/5 572/1050/5 570/1044/5
f 582/1077/6 581/1074/6 577/1062/6 578/1065/6
f 583/1080/3 582/1078/3 578/1066/3 579/1068/3
f 584/1083/2 583/1081/2 579/1069/2 580/1071/2
f 581/1075/1 584/1084/1 580/1072/1 577/1063/1
f 585/1085/1 586/1086/1 588/1090/1 587/1088/1
f 587/1089/2 588/1091/2 590/1095/2 589/1093/2
f 589/1094/3 590/1096/3 592/1099/3 591/1098/3
f 586/1087/5 592/1100/5 590/1097/5 588/1092/5
f 595/1104/1 596/1105/1 598/1109/1 597/1107/1
f 597/1108/2 598/1110/2 600/1114/2 599/1112/2
f 599/1113/3 600/1115/3 594/1102/3 593/1101/3
f 594/1103/5 600/1116/5 598/1111/5 596/1106/5
f 601/1117/1 602/1119/1 604/1123/1 603/1122/1
f 605/1125/3 606/1126/3 608/1130/3 607/1128/3
f 607/1129/2 608/1131/2 602/1120/2 601/1118/2
f 602/1121/4 608/1132/4 606/1127/4 604/1124/4
f 609/1133/1 610/1135/1 612/1139/1 611/1138/1
f 613/1141/3 614/1142/3 616/1146/3 615/1144/3
f 615/1145/2 616/1147/2 610/1136/2 609/1134/2
f 610/1137/4 616/1148/4 614/1143/4 612/1140/4
f 617/1149/1 618/1151/1 620/1155/1 619/1154/1
f 621/1157/3 622/1158/3 624/1162/3 623/1160/3
f 623/1161/2 624/1163/2 618/1152/2 617/1150/2
f 618/1153/4 624/1164/4 622/1159/4 620/1156/4
f 625/1165/1 626/1167/1 628/1171/1 627/1170/1
f 629/1173/3 630/1174/3 632/1178/3 631/1176/3
f 631/1177/2 632/1179/2 626/1168/2 625/1166/2
f 626/1169/4 632/1180/4 630/1175/4 628/1172/4
f 633/1181/1 634/1183/1 636/1188/1 635/1185/1
f 635/1186/2 636/1189/2 638/1194/2 637/1191/2
f 637/1192/3 638/1195/3 640/1199/3 639/1197/3
f 639/1198/4 633/1182/4 635/1187/4 637/1193/4
f 645/1213/5 646/1216/5 647/1219/5 648/1222/5
f 642/1204/5 641/1201/5 634/1184/5 640/1200/5
f 643/1207/5 642/1204/5 640/1200/5 638/1196/5
f 644/1210/5 643/1207/5 638/1196/5 636/1190/5
f 641/1201/5 644/1210/5 636/1190/5 634/1184/5
f 646/1217/6 645/1214/6 641/1202/6 642/1205/6
f 647/1220/3 646/1218/3 642/1206/3 643/1208/3
f 648/1223/2 647/1221/2 643/1209/2 644/1211/2
f 645/1215/1 648/1224/1 644/1212/1 641/1203/1
f 649/1225/1 650/1226/1 652/1230/1 651/1228/1
f 651/1229/2 652/1231/2 654/1235/2 653/1233/2
f 653/1234/3 654/1236/3 656/1239/3 655/1238/3
f 650/1227/5 656/1240/5 654/1237/5 652/1232/5
f 659/1244/1 660/1245/1 662/1249/1 661/1247/1
f 661/1248/2 662/1250/2 664/1254/2 663/1252/2
f 663/1253/3 664/1255/3 658/1242/3 657/1241/3
f 658/1243/5 664/1256/5 662/1251/5 660/1246/5
f 665/1257/1 666/1259/1 668/1263/1 667/1262/1
f 669/1265/3 670/1266/3 672/1270/3 671/1268/3
f 671/1269/2 672/1271/2 666/1260/2 665/1258/2
f 666/1261/4 672/1272/4 670/1267/4 668/1264/4
f 673/1273/1 674/1275/1 676/1279/1 675/1278/1
f 677/1281/3 678/1282/3 680/1286/3 679/1284/3
f 679/1285/2 680/1287/2 674/1276/2 673/1274/2
f 674/1277/4 680/1288/4 678/1283/4 676/1280/4
f 681/1289/1 682/1291/1 684/1295/1 683/1294/1
f 685/1297/3 686/1298/3 688/1302/3 687/1300/3
f 687/1301/2 688/1303/2 682/1292/2 681/1290/2
f 682/1293/4 688/1304/4 686/1299/4 684/1296/4
f 689/1305/1 690/1307/1 692/1311/1 691/1310/1
f 693/1313/3 694/1314/3 696/1318/3 695/1316/3
f 695/1317/2 696/1319/2 690/1308/2 689/1306/2
f 690/1309/4 696/1320/4 694/1315/4 692/1312/4
f 697/1321/1 698/1323/1 700/1328/1 699/1325/1
f 699/1326/2 700/1329/2 702/1334/2 701/1331/2
f 701/1332/3 702/1335/3 704/1339/3 703/1337/3
f 703/1338/4 697/1322/4 699/1327/4 701/1333/4
f 709/1353/5 710/1356/5 711/1359/5 712/1362/5
f 706/1344/5 705/1341/5 698/1324/5 704/1340/5
f 707/1347/5 706/1344/5 704/1340/5 702/1336/5
f 708/1350/5 707/1347/5 702/1336/5 700/1330/5
f 705/1341/5 708/1350/5 700/1330/5 698/1324/5
f 710/1357/6 709/1354/6 705/1342/6 706/1345/6
f 711/1360/3 710/1358/3 706/1346/3 707/1348/3
f 712/1363/2 711/1361/2 707/1349/2 708/1351/2
f 709/1355/1 712/1364/1 708/1352/1 705/1343/1
f 713/1365/1 714/1366/1 716/1370/1 715/1368/1
f 715/1369/2 716/1371/2 718/1375/2 717/1373/2
f 717/1374/3 718/1376/3 720/1379/3 719/1378/3
f 714/1367/5 720/1380/5 718/1377/5 716/1372/5
f 723/1384/1 724/1385/1 726/1389/1 725/1387/1
f 725/1388/2 726/1390/2 728/1394/2 727/1392/2
f 727/1393/3 728/1395/3 722/1382/3 721/1381/3
f 722/1383/5 728/1396/5 726/1391/5 724/1386/5
f 729/1397/1 730/1399/1 732/1403/1 731/1402/1
f 733/1405/3 734/1406/3 736/1410/3 735/1408/3
f 735/1409/2 736/1411/2 730/1400/2 729/1398/2
f 730/1401/4 736/1412/4 734/1407/4 732/1404/4
f 737/1413/1 738/1415/1 740/1419/1 739/1418/1
f 741/1421/3 742/1422/3 744/1426/3 743/1424/3
f 743/1425/2 744/1427/2 738/1416/2 737/1414/2
f 738/1417/4 744/1428/4 742/1423/4 740/1420/4
f 745/1429/1 746/1431/1 748/1435/1 747/1434/1
f 749/1437/3 750/1438/3 752/1442/3 751/1440/3
f 751/1441/2 752/1443/2 746/1432/2 745/1430/2
f 746/1433/4 752/1444/4 750/1439/4 748/1436/4
f 753/1445/1 754/1447/1 756/1451/1 755/1450/1
f 757/1453/3 758/1454/3 760/1458/3 759/1456/3
f 759/1457/2 760/1459/2 754/1448/2 753/1446/2
f 754/1449/4 760/1460/4 758/1455/4 756/1452/4
f 761/1461/1 762/1463/1 764/1468/1 763/1465/1
f 763/1466/2 764/1469/2 766/1474/2 765/1471/2
f 765/1472/3 766/1475/3 768/1479/3 767/1477/3
f 767/1478/4 761/1462/4 763/1467/4 765/1473/4
f 773/1493/5 774/1496/5 775/1499/5 776/1502/5
f 770/1484/5 769/1481/5 762/1464/5 768/1480/5
f 771/1487/5 770/1484/5 768/1480/5 766/1476/5
f 772/1490/5 771/1487/5 766/1476/5 764/1470/5
f 769/1481/5 772/1490/5 764/1470/5 762/1464/5
f 774/1497/6 773/1494/6 769/1482/6 770/1485/6
f 775/1500/3 774/1498/3 770/1486/3 771/1488/3
f 776/1503/2 775/1501/2 771/1489/2 772/1491/2
f 773/1495/1 776/1504/1 772/1492/1 769/1483/1
f 777/1505/1 778/1506/1 780/1510/1 779/1508/1
f 779/1509/2 780/1511/2 782/1515/2 781/1513/2
f 781/1514/3 782/1516/3 784/1519/3 783/1518/3
f 778/1507/5 784/1520/5 782/1517/5 780/1512/5
f 787/1524/1 788/1525/1 790/1529/1 789/1527/1
f 789/1528/2 790/1530/2 792/1534/2 791/1532/2
f 791/1533/3 792/1535/3 786/1522/3 785/1521/3
f 786/1523/5 792/1536/5 790/1531/5 788/1526/5
f 793/1537/1 794/1539/1 796/1543/1 795/1542/1
f 797/1545/3 798/1546/3 800/1550/3 799/1548/3
f 799/1549/2 800/1551/2 794/1540/2 793/1538/2
f 794/1541/4 800/1552/4 798/1547/4 796/1544/4
f 801/1553/1 802/1555/1 804/1559/1 803/1558/1
f 805/1561/3 806/1562/3 808/1566/3 807/1564/3
f 807/1565/2 808/1567/2 802/1556/2 801/1554/2
f 802/1557/4 808/1568/4 806/1563/4 804/1560/4
f 809/1569/1 810/1571/1 812/1575/1 811/1574/1
f 813/1577/3 814/1578/3 816/1582/3 815/1580/3
f 815/1581/2 816/1583/2 810/1572/2 809/1570/2
f 810/1573/4 816/1584/4 814/1579/4 812/1576/4
f 817/1585/1 818/1587/1 820/1591/1 819/1590/1
f 821/1593/3 822/1594/3 824/1598/3 823/1596/3
f 823/1597/2 824/1599/2 818/1588/2 817/1586/2
f 818/1589/4 824/1600/4 822/1595/4 820/1592/4
f 825/1601/1 826/1603/1 828/1608/1 827/1605/1
f 827/1606/2 828/1609/2 830/1614/2 829/1611/2
f 829/1612/3 830/1615/3 832/1619/3 831/1617/3
f 831/1618/4 825/1602/4 827/1607/4 829/1613/4
f 837/1633/5 838/1636/5 839/1639/5 840/1642/5
f 834/1624/5 833/1621/5 826/1604/5 832/1620/5
f 835/1627/5 834/1624/5 832/1620/5 830/1616/5
f 836/1630/5 835/1627/5 830/1616/5 828/1610/5
f 833/1621/5 836/1630/5 828/1610/5 826/1604/5
f 838/1637/6 837/1634/6 833/1622/6 834/1625/6
f 839/1640/3 838/1638/3 834/1626/3 835/1628/3
f 840/1643/2 839/1641/2 835/1629/2 836/1631/2
f 837/1635/1 840/1644/1 836/1632/1 833/1623/1
f 841/1645/1 842/1646/1 844/1650/1 843/1648/1
f 843/1649/2 844/1651/2 846/1655/2 845/1653/2
f 845/1654/3 846/1656/3 848/1659/3 847/1658/3
f 842/1647/5 848/1660/5 846/1657/5 844/1652/5
f 851/1664/1 852/1665/1 854/1669/1 853/1667/1
f 853/1668/2 854/1670/2 856/1674/2 855/1672/2
f 855/1673/3 856/1675/3 850/1662/3 849/1661/3
f 850/1663/5 856/1676/5 854/1671/5 852/1666/5
f 857/1677/1 858/1679/1 860/1683/1 859/1682/1
f 861/1685/3 862/1686/3 864/1690/3 863/1688/3
f 863/1689/2 864/1691/2 858/1680/2 857/1678/2
f 858/1681/4 864/1692/4 862/1687/4 860/1684/4
f 865/1693/1 866/1695/1 868/1699/1 867/1698/1
f 869/1701/3 870/1702/3 872/1706/3 871/1704/3
f 871/1705/2 872/1707/2 866/1696/2 865/1694/2
f 866/1697/4 872/1708/4 870/1703/4 868/1700/4
f 873/1709/1 874/1711/1 876/1715/1 875/1714/1
f 877/1717/3 878/1718/3 880/1722/3 879/1720/3
f 879/1721/2 880/1723/2 874/1712/2 873/1710/2
f 874/1713/4 880/1724/4 878/1719/4 876/1716/4
f 881/1725/1 882/1727/1 884/1731/1 883/1730/1
f 885/1733/3 886/1734/3 888/1738/3 887/1736/3
f 887/1737/2 888/1739/2 882/1728/2 881/1726/2
f 882/1729/4 888/1740/4 886/1735/4 884/1732/4
f 889/1741/1 890/1743/1 892/1748/1 891/1745/1
f 891/1746/2 892/1749/2 894/1754/2 893/1751/2
f 893/1752/3 894/1755/3 896/1759/3 895/1757/3
f 895/1758/4 889/1742/4 891/1747/4 893/1753/4
f 901/1773/5 902/1776/5 903/1779/5 904/1782/5
f 898/1764/5 897/1761/5 890/1744/5 896/1760/5
f 899/1767/5 898/1764/5 896/1760/5 894/1756/5
f 900/1770/5 899/1767/5 894/1756/5 892/1750/5
f 897/1761/5 900/1770/5 892/1750/5 890/1744/5
f 902/1777/6 901/1774/6 897/1762/6 898/1765/6
f 903/1780/3 902/1778/3 898/1766/3 899/1768/3
f 904/1783/2 903/1781/2 899/1769/2 900/1771/2
f 901/1775/1 904/1784/1 900/1772/1 897/1763/1
f 905/1785/1 906/1786/1 908/1790/1 907/1788/1
f 907/1789/2 908/1791/2 910/1795/2 909/1793/2
f 909/1794/3 910/1796/3 912/1799/3 911/1798/3
f 906/1787/5 912/1800/5 910/1797/5 908/1792/5
f 915/1804/1 916/1805/1 918/1809/1 917/1807/1
f 917/1808/2 918/1810/2 920/1814/2 919/1812/2
f 919/1813/3 920/1815/3 914/1802/3 913/1801/3
f 914/1803/5 920/1816/5 918/1811/5 916/1806/5
f 921/1817/1 922/1819/1 924/1823/1 923/1822/1
f 925/1825/3 926/1826/3 928/1830/3 927/1828/3
f 927/1829/2 928/1831/2 922/1820/2 921/1818/2
f 922/1821/4 928/1832/4 926/1827/4 924/1824/4
f 929/1833/1 930/1835/1 932/1839/1 931/1838/1
f 933/1841/3 934/1842/3 936/1846/3 935/1844/3
f 935/1845/2 936/1847/2 930/1836/2 929/1834/2
f 930/1837/4 936/1848/4 934/1843/4 932/1840/4
f 937/1849/1 938/1851/1 940/1855/1 939/1854/1
f 941/1857/3 942/1858/3 944/1862/3 943/1860/3
f 943/1861/2 944/1863/2 938/1852/2 937/1850/2
f 938/1853/4 944/1864/4 942/1859/4 940/1856/4
f 945/1865/1 946/1867/1 948/1871/1 947/1870/1
f 949/1873/3 950/1874/3 952/1878/3 951/1876/3
f 951/1877/2 952/1879/2 946/1868/2 945/1866/2
f 946/1869/4 952/1880/4 950/1875/4 948/1872/4
f 953/1881/1 954/1883/1 956/1888/1 955/1885/1
f 955/1886/2 956/1889/2 958/1894/2 957/1891/2
f 957/1892/3 958/1895/3 960/1899/3 959/1897/3
f 959/1898/4 953/1882/4 955/1887/4 957/1893/4
f 965/1913/5 966/1916/5 967/1919/5 968/1922/5
f 962/1904/5 961/1901/5 954/1884/5 960/1900/5
f 963/1907/5 962/1904/5 960/1900/5 958/1896/5
f 964/1910/5 963/1907/5 958/1896/5 956/1890/5
f 961/1901/5 964/1910/5 956/1890/5 954/1884/5
f 966/1917/6 965/1914/6 961/1902/6 962/1905/6
f 967/1920/3 966/1918/3 962/1906/3 963/1908/3
f 968/1923/2 967/1921/2 963/1909/2 964/1911/2
f 965/1915/1 968/1924/1 964/1912/1 961/1903/1
f 969/1925/1 970/1926/1 972/1930/1 971/1928/1
f 971/1929/2 972/1931/2 974/1935/2 973/1933/2
f 973/1934/3 974/1936/3 976/1939/3 975/1938/3
f 970/1927/5 976/1940/5 974/1937/5 972/1932/5
f 979/1944/1 980/1945/1 982/1949/1 981/1947/1
f 981/1948/2 982/1950/2 984/1954/2 983/1952/2
f 983/1953/3 984/1955/3 978/1942/3 977/1941/3
f 978/1943/5 984/1956/5 982/1951/5 980/1946/5
f 985/1957/1 986/1959/1 988/1963/1 987/1962/1
f 989/1965/3 990/1966/3 992/1970/3 991/1968/3
f 991/1969/2 992/1971/2 986/1960/2 985/1958/2
f 986/1961/4 992/1972/4 990/1967/4 988/1964/4
f 993/1973/1 994/1975/1 996/1979/1 995/1978/1
f 997/1981/3 998/1982/3 1000/1986/3 999/1984/3
f 999/1985/2 1000/1987/2 994/1976/2 993/1974/2
f 994/1977/4 1000/1988/4 998/1983/4 996/1980/4
f 1001/1989/1 1002/1991/1 1004/1995/1 1003/1994/1
f 1005/1997/3 1006/1998/3 1008/2002/3 1007/2000/3
f 1007/2001/2 1008/2003/2 1002/1992/2 1001/1990/2
f 1002/1993/4 1008/2004/4 1006/1999/4 1004/1996/4
f 1009/2005/1 1010/2007/1 1012/2011/1 1011/2010/1
f 1013/2013/3 1014/2014/3 1016/2018/3 1015/2016/3
f 1015/2017/2 1016/2019/2 1010/2008/2 1009/2006/2
f 1010/2009/4 1016/2020/4 1014/2015/4 1012/2012/4
f 1017/2021/1 1018/2023/1 1020/2028/1 1019/2025/1
f 1019/2026/2 1020/2029/2 1022/2034/2 1021/2031/2
f 1021/2032/3 1022/2035/3 1024/2039/3 1023/2037/3
f 1023/2038/4 1017/2022/4 1019/2027/4 1021/2033/4
f 1029/2053/5 1030/2056/5 1031/2059/5 1032/2062/5
f 1026/2044/5 1025/2041/5 1018/2024/5 1024/2040/5
f 1027/2047/5 1026/2044/5 1024/2040/5 1022/2036/5
f 1028/2050/5 1027/2047/5 1022/2036/5 1020/2030/5
f 1025/2041/5 1028/2050/5 1020/2030/5 1018/2024/5
f 1030/2057/6 1029/2054/6 1025/2042/6 1026/2045/6
f 1031/2060/3 1030/2058/3 1026/2046/3 1027/2048/3
f 1032/2063/2 1031/2061/2 1027/2049/2 1028/2051/2
f 1029/2055/1 1032/2064/1 1028/2052/1 1025/2043/1
f 1033/2065/1 1034/2066/1 1036/2070/1 1035/2068/1
f 1035/2069/2 1036/2071/2 1038/2075/2 1037/2073/2
f 1037/2074/3 1038/2076/3 1040/2079/3 1039/2078/3
f 1034/2067/5 1040/2080/5 1038/2077/5 1036/2072/5
f 1043/2084/1 1044/2085/1 1046/2089/1 1045/2087/1
f 1045/2088/2 1046/2090/2 1048/2094/2 1047/2092/2
f 1047/2093/3 1048/2095/3 1042/2082/3 1041/2081/3
f 1042/2083/5 1048/2096/5 1046/2091/5 1044/2086/5
f 1049/2097/1 1050/2099/1 1052/2103/1 1051/2102/1
f 1053/2105/3 1054/2106/3 1056/2110/3 1055/2108/3
f 1055/2109/2 1056/2111/2 1050/2100/2 1049/2098/2
f 1050/2101/4 1056/2112/4 1054/2107/4 1052/2104/4
f 1057/2113/1 1058/2115/1 1060/2119/1 1059/2118/1
f 1061/2121/3 1062/2122/3 1064/2126/3 1063/2124/3
f 1063/2125/2 1064/2127/2 1058/2116/2 1057/2114/2
f 1058/2117/4 1064/2128/4 1062/2123/4 1060/2120/4
f 1065/2129/1 1066/2131/1 1068/2135/1 1067/2134/1
f 1069/2137/3 1070/2138/3 1072/2142/3 1071/2140/3
f 1071/2141/2 1072/2143/2 1066/2132/2 1065/2130/2
f 1066/2133/4 1072/2144/4 1070/2139/4 1068/2136/4
f 1073/2145/1 1074/2147/1 1076/2151/1 1075/2150/1
f 1077/2153/3 1078/2154/3 1080/2158/3 1079/2156/3
f 1079/2157/2 1080/2159/2 1074/2148/2 1073/2146/2
f 1074/2149/4 1080/2160/4 1078/2155/4 1076/2152/4
f 1081/2161/1 1082/2163/1 1084/2168/1 1083/2165/1
f 1083/2166/2 1084/2169/2 1086/2174/2 1085/2171/2
f 1085/2172/3 1086/2175/3 1088/2179/3 1087/2177/3
f 1087/2178/4 1081/2162/4 1083/2167/4 1085/2173/4
f 1093/2193/5 1094/2196/5 1095/2199/5 1096/2202/5
f 1090/2184/5 1089/2181/5 1082/2164/5 1088/2180/5
f 1091/2187/5 1090/2184/5 1088/2180/5 1086/2176/5
f 1092/2190/5 1091/2187/5 1086/2176/5 1084/2170/5
f 1089/2181/5 1092/2190/5 1084/2170/5 1082/2164/5
f 1094/2197/6 1093/2194/6 1089/2182/6 1090/2185/6
f 1095/2200/3 1094/2198/3 1090/2186/3 1091/2188/3
f 1096/2203/2 1095/2201/2 1091/2189/2 1092/2191/2
f 1093/2195/1 1096/2204/1 1092/2192/1 1089/2183/1
f 1097/2205/1 1098/2206/1 1100/2210/1 1099/2208/1
f 1099/2209/2 1100/2211/2 1102/2215/2 1101/2213/2
f 1101/2214/3 1102/2216/3 1104/2219/3 1103/2218/3
f 1098/2207/5 1104/2220/5 1102/2217/5 1100/2212/5
f 1107/2224/1 1108/2225/1 1110/2229/1 1109/2227/1
f 1109/2228/2 1110/2230/2 1112/2234/2 1111/2232/2
f 1111/2233/3 1112/2235/3 1106/2222/3 1105/2221/3
f 1106/2223/5 1112/2236/5 1110/2231/5 1108/2226/5
f 1113/2237/1 1114/2239/1 1116/2243/1 1115/2242/1
f 1117/2245/3 1118/2246/3 1120/2250/3 1119/2248/3
f 1119/2249/2 1120/2251/2 1114/2240/2 1113/2238/2
f 1114/2241/4 1120/2252/4 1118/2247/4 1116/2244/4
f 1121/2253/1 1122/2255/1 1124/2259/1 1123/2258/1
f 1125/2261/3 1126/2262/3 1128/2266/3 1127/2264/3
f 1127/2265/2 1128/2267/2 1122/2256/2 1121/2254/2
f 1122/2257/4 1128/2268/4 1126/2263/4 1124/2260/4
f 1129/2269/1 1130/2271/1 1132/2275/1 1131/2274/1
f 1133/2277/3 1134/2278/3 1136/2282/3 1135/2280/3
f 1135/2281/2 1136/2283/2 1130/2272/2 1129/2270/2
f 1130/2273/4 1136/2284/4 1134/2279/4 1132/2276/4
f 1137/2285/1 1138/2287/1 1140/2291/1 1139/2290/1
f 1141/2293/3 1142/2294/3 1144/2298/3 1143/2296/3
f 1143/2297/2 1144/2299/2 1138/2288/2 1137/2286/2
f 1138/2289/4 1144/2300/4 1142/2295/4 1140/2292/4
f 1145/2301/1 1146/2303/1 1148/2308/1 1147/2305/1
f 1147/2306/2 1148/2309/2 1150/2314/2 1149/2311/2
f 1149/2312/3 1150/2315/3 1152/2319/3 1151/2317/3
f 1151/2318/4 1145/2302/4 1147/2307/4 1149/2313/4
f 1157/2333/5 1158/2336/5 1159/2339/5 1160/2342/5
f 1154/2324/5 1153/2321/5 1146/2304/5 1152/2320/5
f 1155/2327/5 1154/2324/5 1152/2320/5 1150/2316/5
f 1156/2330/5 1155/2327/5 1150/2316/5 1148/2310/5
f 1153/2321/5 1156/2330/5 1148/2310/5 1146/2304/5
f 1158/2337/6 1157/2334/6 1153/2322/6 1154/2325/6
f 1159/2340/3 1158/2338/3 1154/2326/3 1155/2328/3
f 1160/2343/2 1159/2341/2 1155/2329/2 1156/2331/2
f 1157/2335/1 1160/2344/1 1156/2332/1 1153/2323/1
f 1161/2345/1 1162/2346/1 1164/2350/1 1163/2348/1
f 1163/2349/2 1164/2351/2 1166/2355/2 1165/2353/2
f 1165/2354/3 1166/2356/3 1168/2359/3 1167/2358/3
f 1162/2347/5 1168/2360/5 1166/2357/5 1164/2352/5
f 1171/2364/1 1172/2365/1 1174/2369/1 1173/2367/1
f 1173/2368/2 1174/2370/2 1176/2374/2 1175/2372/2
f 1175/2373/3 1176/2375/3 1170/2362/3 1169/2361/3
f 1170/2363/5 1176/2376/5 1174/2371/5 1172/2366/5
f 1177/2377/1 1178/2379/1 1180/2383/1 1179/2382/1
f 1181/2385/3 1182/2386/3 1184/2390/3 1183/2388/3
f 1183/2389/2 1184/2391/2 1178/2380/2 1177/2378/2
f 1178/2381/4 1184/2392/4 1182/2387/4 1180/2384/4
f 1185/2393/1 1186/2395/1 1188/2399/1 1187/2398/1
f 1189/2401/3 1190/2402/3 1192/2406/3 1191/2404/3
f 1191/2405/2 1192/2407/2 1186/2396/2 1185/2394/2
f 1186/2397/4 1192/2408/4 1190/2403/4 1188/2400/4
f 1193/2409/1 1194/2411/1 1196/2415/1 1195/2414/1
f 1197/2417/3 1198/2418/3 1200/2422/3 1199/2420/3
f 1199/2421/2 1200/2423/2 1194/2412/2 1193/2410/2
f 1194/2413/4 1200/2424/4 1198/2419/4 1196/2416/4
f 1201/2425/1 1202/2427/1 1204/2431/1 1203/2430/1
f 1205/2433/3 1206/2434/3 1208/2438/3 1207/2436/3
f 1207/2437/2 1208/2439/2 1202/2428/2 1201/2426/2
f 1202/2429/4 1208/2440/4 1206/2435/4 1204/2432/4
f 1209/2441/1 1210/2443/1 1212/2448/1 1211/2445/1
f 1211/2446/2 1212/2449/2 1214/2454/2 1213/2451/2
f 1213/2452/3 1214/2455/3 1216/2459/3 1215/2457/3
f 1215/2458/4 1209/2442/4 1211/2447/4 1213/2453/4
f 1221/2473/5 1222/2476/5 1223/2479/5 1224/2482/5
f 1218/2464/5 1217/2461/5 1210/2444/5 1216/2460/5
f 1219/2467/5 1218/2464/5 1216/2460/5 1214/2456/5
f 1220/2470/5 1219/2467/5 1214/2456/5 1212/2450/5
f 1217/2461/5 1220/2470/5 1212/2450/5 1210/2444/5
f 1222/2477/6 1221/2474/6 1217/2462/6 1218/2465/6
f 1223/2480/3 1222/2478/3 1218/2466/3 1219/2468/3
f 1224/2483/2 1223/2481/2 1219/2469/2 1220/2471/2
f 1221/2475/1 1224/2484/1 1220/2472/1 1217/2463/1
f 1225/2485/1 1226/2486/1 1228/2490/1 1227/2488/1
f 1227/2489/2 1228/2491/2 1230/2495/2 1229/2493/2
f 1229/2494/3 1230/2496/3 1232/2499/3 1231/2498/3
f 1226/2487/5 1232/2500/5 1230/2497/5 1228/2492/5
f 1235/2504/1 1236/2505/1 1238/2509/1 1237/2507/1
f 1237/2508/2 1238/2510/2 1240/2514/2 1239/2512/2
f 1239/2513/3 1240/2515/3 1234/2502/3 1233/2501/3
f 1234/2503/5 1240/2516/5 1238/2511/5 1236/2506/5
f 1241/2517/1 1242/2519/1 1244/2523/1 1243/2522/1
f 1245/2525/3 1246/2526/3 1248/2530/3 1247/2528/3
f 1247/2529/2 1248/2531/2 1242/2520/2 1241/2518/2
f 1242/2521/4 1248/2532/4 1246/2527/4 1244/2524/4
f 1249/2533/1 1250/2535/1 1252/2539/1 1251/2538/1
f 1253/2541/3 1254/2542/3 1256/2546/3 1255/2544/3
f 1255/2545/2 1256/2547/2 1250/2536/2 1249/2534/2
f 1250/2537/4 1256/2548/4 1254/2543/4 1252/2540/4
f 1257/2549/1 1258/2551/1 1260/2555/1 1259/2554/1
f 1261/2557/3 1262/2558/3 1264/2562/3 1263/2560/3
f 1263/2561/2 1264/2563/2 1258/2552/2 1257/2550/2
f 1258/2553/4 1264/2564/4 1262/2559/4 1260/2556/4
f 1265/2565/1 1266/2567/1 1268/2571/1 1267/2570/1
f 1269/2573/3 1270/2574/3 1272/2578/3 1271/2576/3
f 1271/2577/2 1272/2579/2 1266/2568/2 1265/2566/2
f 1266/2569/4 1272/2580/4 1270/2575/4 1268/2572/4
f 1273/2581/1 1274/2583/1 1276/2588/1 1275/2585/1
f 1275/2586/2 1276/2589/2 1278/2594/2 1277/2591/2
f 1277/2592/3 1278/2595/3 1280/2599/3 1279/2597/3
f 1279/2598/4 1273/2582/4 1275/2587/4 1277/2593/4
f 1285/2613/5 1286/2616/5 1287/2619/5 1288/2622/5
f 1282/2604/5 1281/2601/5 1274/2584/5 1280/2600/5
f 1283/2607/5 1282/2604/5 1280/2600/5 1278/2596/5
f 1284/2610/5 1283/2607/5 1278/2596/5 1276/2590/5
f 1281/2601/5 1284/2610/5 1276/2590/5 1274/2584/5
f 1286/2617/6 1285/2614/6 1281/2602/6 1282/2605/6
f 1287/2620/3 1286/2618/3 1282/2606/3 1283/2608/3
f 1288/2623/2 1287/2621/2 1283/2609/2 1284/2611/2
f 1285/2615/1 1288/2624/1 1284/2612/1 1281/2603/1
f 1289/2625/1 1290/2626/1 1292/2630/1 1291/2628/1
f 1291/2629/2 1292/2631/2 1294/2635/2 1293/2633/2
f 1293/2634/3 1294/2636/3 1296/2639/3 1295/2638/3
f 1290/2627/5 1296/2640/5 1294/2637/5 1292/2632/5
f 1299/2644/1 1300/2645/1 1302/2649/1 1301/2647/1
f 1301/2648/2 1302/2650/2 1304/2654/2 1303/2652/2
f 1303/2653/3 1304/2655/3 1298/2642/3 1297/2641/3
f 1298/2643/5 1304/2656/5 1302/2651/5 1300/2646/5
f 1305/2657/1 1306/2659/1 1308/2663/1 1307/2662/1
f 1309/2665/3 1310/2666/3 1312/2670/3 1311/2668/3
f 1311/2669/2 1312/2671/2 1306/2660/2 1305/2658/2
f 1306/2661/4 1312/2672/4 1310/2667/4 1308/2664/4
f 1313/2673/1 1314/2675/1 1316/2679/1 1315/2678/1
f 1317/2681/3 1318/2682/3 1320/2686/3 1319/2684/3
f 1319/2685/2 1320/2687/2 1314/2676/2 1313/2674/2
f 1314/2677/4 1320/2688/4 1318/2683/4 1316/2680/4
f 1321/2689/1 1322/2691/1 1324/2695/1 1323/2694/1
f 1325/2697/3 1326/2698/3 1328/2702/3 1327/2700/3
f 1327/2701/2 1328/2703/2 1322/2692/2 1321/2690/2
f 1322/2693/4 1328/2704/4 1326/2699/4 1324/2696/4
f 1329/2705/1 1330/2707/1 1332/2711/1 1331/2710/1
f 1333/2713/3 1334/2714/3 1336/2718/3 1335/2716/3
f 1335/2717/2 1336/2719/2 1330/2708/2 1329/2706/2
f 1330/2709/4 1336/2720/4 1334/2715/4 1332/2712/4
f 1337/2721/1 1338/2723/1 1340/2728/1 1339/2725/1
f 1339/2726/2 1340/2729/2 1342/2734/2 1341/2731/2
f 1341/2732/3 1342/2735/3 1344/2739/3 1343/2737/3
f 1343/2738/4 1337/2722/4 1339/2727/4 1341/2733/4
f 1349/2753/5 1350/2756/5 1351/2759/5 1352/2762/5
f 1346/2744/5 1345/2741/5 1338/2724/5 1344/2740/5
f 1347/2747/5 1346/2744/5 1344/2740/5 1342/2736/5
f 1348/2750/5 1347/2747/5 1342/2736/5 1340/2730/5
f 1345/2741/5 1348/2750/5 1340/2730/5 1338/2724/5
f 1350/2757/6 1349/2754/6 1345/2742/6 1346/2745/6
f 1351/2760/3 1350/2758/3 1346/2746/3 1347/2748/3
f 1352/2763/2 1351/2761/2 1347/2749/2 1348/2751/2
f 1349/2755/1 1352/2764/1 1348/2752/1 1345/2743/1
f 1353/2765/1 1354/2766/1 1356/2770/1 1355/2768/1
f 1355/2769/2 1356/2771/2 1358/2775/2 1357/2773/2
f 1357/2774/3 1358/2776/3 1360/2779/3 1359/2778/3
f 1354/2767/5 1360/2780/5 1358/2777/5 1356/2772/5
f 1363/2784/1 1364/2785/1 1366/2789/1 1365/2787/1
f 1365/2788/2 1366/2790/2 1368/2794/2 1367/2792/2
f 1367/2793/3 1368/2795/3 1362/2782/3 1361/2781/3
f 1362/2783/5 1368/2796/5 1366/2791/5 1364/2786/5
f 1369/2797/1 1370/2799/1 1372/2803/1 1371/2802/1
f 1373/2805/3 1374/2806/3 1376/2810/3 1375/2808/3
f 1375/2809/2 1376/2811/2 1370/2800/2 1369/2798/2
f 1370/2801/4 1376/2812/4 1374/2807/4 1372/2804/4
f 1377/2813/1 1378/2815/1 1380/2819/1 1379/2818/1
f 1381/2821/3 1382/2822/3 1384/2826/3 1383/2824/3
f 1383/2825/2 1384/2827/2 1378/2816/2 1377/2814/2
f 1378/2817/4 1384/2828/4 1382/2823/4 1380/2820/4
f 1385/2829/1 1386/2831/1 1388/2835/1 1387/2834/1
f 1389/2837/3 1390/2838/3 1392/2842/3 1391/2840/3
f 1391/2841/2 1392/2843/2 1386/2832/2 1385/2830/2
f 1386/2833/4 1392/2844/4 1390/2839/4 1388/2836/4
f 1393/2845/1 1394/2847/1 1396/2851/1 1395/2850/1
f 1397/2853/3 1398/2854/3 1400/2858/3 1399/2856/3
f 1399/2857/2 1400/2859/2 1394/2848/2 1393/2846/2
f 1394/2849/4 1400/2860/4 1398/2855/4 1396/2852/4
f 1401/2861/1 1402/2863/1 1404/2868/1 1403/2865/1
f 1403/2866/2 1404/2869/2 1406/2874/2 1405/2871/2
f 1405/2872/3 1406/2875/3 1408/2879/3 1407/2877/3
f 1407/2878/4 1401/2862/4 1403/2867/4 1405/2873/4
f 1413/2893/5 1414/2896/5 1415/2899/5 1416/2902/5
f 1410/2884/5 1409/2881/5 1402/2864/5 1408/2880/5
f 1411/2887/5 1410/2884/5 1408/2880/5 1406/2876/5
f 1412/2890/5 1411/2887/5 1406/2876/5 1404/2870/5
f 1409/2881/5 1412/2890/5 1404/2870/5 1402/2864/5
f 1414/2897/6 1413/2894/6 1409/2882/6 1410/2885/6
f 1415/2900/3 1414/2898/3 1410/2886/3 1411/2888/3
f 1416/2903/2 1415/2901/2 1411/2889/2 1412/2891/2
f 1413/2895/1 1416/2904/1 1412/2892/1 1409/2883/1
f 1417/2905/1 1418/2906/1 1420/2910/1 1419/2908/1
f 1419/2909/2 1420/2911/2 1422/2915/2 1421/2913/2
f 1421/2914/3 1422/2916/3 1424/2919/3 1423/2918/3
f 1418/2907/5 1424/2920/5 1422/2917/5 1420/2912/5
f 1427/2924/1 1428/2925/1 1430/2929/1 1429/2927/1
f 1429/2928/2 1430/2930/2 1432/2934/2 1431/2932/2
f 1431/2933/3 1432/2935/3 1426/2922/3 1425/2921/3
f 1426/2923/5 1432/2936/5 1430/2931/5 1428/2926/5
f 1433/2937/1 1434/2939/1 1436/2943/1 1435/2942/1
f 1437/2945/3 1438/2946/3 1440/2950/3 1439/2948/3
f 1439/2949/2 1440/2951/2 1434/2940/2 1433/2938/2
f 1434/2941/4 1440/2952/4 1438/2947/4 1436/2944/4
f 1441/2953/1 1442/2955/1 1444/2959/1 1443/2958/1
f 1445/2961/3 1446/2962/3 1448/2966/3 1447/2964/3
f 1447/2965/2 1448/2967/2 1442/2956/2 1441/2954/2
f 1442/2957/4 1448/2968/4 1446/2963/4 1444/2960/4
f 1449/2969/1 1450/2971/1 1452/2975/1 1451/2974/1
f 1453/2977/3 1454/2978/3 1456/2982/3 1455/2980/3
f 1455/2981/2 1456/2983/2 1450/2972/2 1449/2970/2
f 1450/2973/4 1456/2984/4 1454/2979/4 1452/2976/4
f 1457/2985/1 1458/2987/1 1460/2991/1 1459/2990/1
f 1461/2993/3 1462/2994/3 1464/2998/3 1463/2996/3
f 1463/2997/2 1464/2999/2 1458/2988/2 1457/2986/2
f 1458/2989/4 1464/3000/4 1462/2995/4 1460/2992/4
f 1465/3001/1 1466/3003/1 1468/3008/1 1467/3005/1
f 1467/3006/2 1468/3009/2 1470/3014/2 1469/3011/2
f 1469/3012/3 1470/3015/3 1472/3019/3 1471/3017/3
f 1471/3018/4 1465/3002/4 1467/3007/4 1469/3013/4
f 1477/3033/5 1478/3036/5 1479/3039/5 1480/3042/5
f 1474/3024/5 1473/3021/5 1466/3004/5 1472/3020/5
f 1475/3027/5 1474/3024/5 1472/3020/5 1470/3016/5
f 1476/3030/5 1475/3027/5 1470/3016/5 1468/3010/5
f 1473/3021/5 1476/3030/5 1468/3010/5 1466/3004/5
f 1478/3037/6 1477/3034/6 1473/3022/6 1474/3025/6
f 1479/3040/3 1478/3038/3 1474/3026/3 1475/3028/3
f 1480/3043/2 1479/3041/2 1475/3029/2 1476/3031/2
f 1477/3035/1 1480/3044/1 1476/3032/1 1473/3023/1
f 1481/3045/1 1482/3046/1 1484/3050/1 1483/3048/1
f 1483/3049/2 1484/3051/2 1486/3055/2 1485/3053/2
f 1485/3054/3 1486/3056/3 1488/3059/3 1487/3058/3
f 1482/3047/5 1488/3060/5 1486/3057/5 1484/3052/5
f 1491/3064/1 1492/3065/1 1494/3069/1 1493/3067/1
f 1493/3068/2 1494/3070/2 1496/3074/2 1495/3072/2
f 1495/3073/3 1496/3075/3 1490/3062/3 1489/3061/3
f 1490/3063/5 1496/3076/5 1494/3071/5 1492/3066/5
f 1497/3077/1 1498/3079/1 1500/3083/1 1499/3082/1
f 1501/3085/3 1502/3086/3 1504/3090/3 1503/3088/3
f 1503/3089/2 1504/3091/2 1498/3080/2 1497/3078/2
f 1498/3081/4 1504/3092/4 1502/3087/4 1500/3084/4
f 1505/3093/1 1506/3095/1 1508/3099/1 1507/3098/1
f 1509/3101/3 1510/3102/3 1512/3106/3 1511/3104/3
f 1511/3105/2 1512/3107/2 1506/3096/2 1505/3094/2
f 1506/3097/4 1512/3108/4 1510/3103/4 1508/3100/4
f 1513/3109/1 1514/3111/1 1516/3115/1 1515/3114/1
f 1517/3117/3 1518/3118/3 1520/3122/3 1519/3120/3
f 1519/3121/2 1520/3123/2 1514/3112/2 1513/3110/2
f 1514/3113/4 1520/3124/4 1518/3119/4 1516/3116/4
f 1521/3125/1 1522/3127/1 1524/3131/1 1523/3130/1
f 1525/3133/3 1526/3134/3 1528/3138/3 1527/3136/3
f 1527/3137/2 1528/3139/2 1522/3128/2 1521/3126/2
f 1522/3129/4 1528/3140/4 1526/3135/4 1524/3132/4
f 1529/3141/1 1530/3143/1 1532/3148/1 1531/3145/1
f 1531/3146/2 1532/3149/2 1534/3154/2 1533/3151/2
f 1533/3152/3 1534/3155/3 1536/3159/3 1535/3157/3
f 1535/3158/4 1529/3142/4 1531/3147/4 1533/3153/4
f 1541/3173/5 1542/3176/5 1543/3179/5 1544/3182/5
f 1538/3164/5 1537/3161/5 1530/3144/5 1536/3160/5
f 1539/3167/5 1538/3164/5 1536/3160/5 1534/3156/5
f 1540/3170/5 1539/3167/5 1534/3156/5 1532/3150/5
f 1537/3161/5 1540/3170/5 1532/3150/5 1530/3144/5
f 1542/3177/6 1541/3174/6 1537/3162/6 1538/3165/6
f 1543/3180/3 1542/3178/3 1538/3166/3 1539/3168/3
f 1544/3183/2 1543/3181/2 1539/3169/2 1540/3171/2
f 1541/3175/1 1544/3184/1 1540/3172/1 1537/3163/1
f 1545/3185/1 1546/3186/1 1548/3190/1 1547/3188/1
f 1547/3189/2 1548/3191/2 1550/3195/2 1549/3193/2
f 1549/3194/3 1550/3196/3 1552/3199/3 1551/3198/3
f 1546/3187/5 1552/3200/5 1550/3197/5 1548/3192/5
f 1555/3204/1 1556/3205/1 1558/3209/1 1557/3207/1
f 1557/3208/2 1558/3210/2 1560/3214/2 1559/3212/2
f 1559/3213/3 1560/3215/3 1554/3202/3 1553/3201/3
f 1554/3203/5 1560/3216/5 1558/3211/5 1556/3206/5
f 1561/3217/1 1562/3219/1 1564/3223/1 1563/3222/1
f 1565/3225/3 1566/3226/3 1568/3230/3 1567/3228/3
f 1567/3229/2 1568/3231/2 1562/3220/2 1561/3218/2
f 1562/3221/4 1568/3232/4 1566/3227/4 1564/3224/4
f 1569/3233/1 1570/3235/1 1572/3239/1 1571/3238/1
f 1573/3241/3 1574/3242/3 1576/3246/3 1575/3244/3
f 1575/3245/2 1576/3247/2 1570/3236/2 1569/3234/2
f 1570/3237/4 1576/3248/4 1574/3243/4 1572/3240/4
f 1577/3249/1 1578/3251/1 1580/3255/1 1579/3254/1
f 1581/3257/3 1582/3258/3 1584/3262/3 1583/3260/3
f 1583/3261/2 1584/3263/2 1578/3252/2 1577/3250/2
f 1578/3253/4 1584/3264/4 1582/3259/4 1580/3256/4
f 1585/3265/1 1586/3267/1 1588/3271/1 1587/3270/1
f 1589/3273/3 1590/3274/3 1592/3278/3 1591/3276/3
f 1591/3277/2 1592/3279/2 1586/3268/2 1585/3266/2
f 1586/3269/4 1592/3280/4 1590/3275/4 1588/3272/4
f 1593/3281/1 1594/3283/1 1596/3288/1 1595/3285/1
f 1595/3286/2 1596/3289/2 1598/3294/2 1597/3291/2
f 1597/3292/3 1598/3295/3 1600/3299/3 1599/3297/3
f 1599/3298/4 1593/3282/4 1595/3287/4 1597/3293/4
f 1605/3313/5 1606/3316/5 1607/3319/5 1608/3322/5
f 1602/3304/5 1601/3301/5 1594/3284/5 1600/3300/5
f 1603/3307/5 1602/3304/5 1600/3300/5 1598/3296/5
f 1604/3310/5 1603/3307/5 1598/3296/5 1596/3290/5
f 1601/3301/5 1604/3310/5 1596/3290/5 1594/3284/5
f 1606/3317/6 1605/3314/6 1601/3302/6 1602/3305/6
f 1607/3320/3 1606/3318/3 1602/3306/3 1603/3308/3
f 1608/3323/2 1607/3321/2 1603/3309/2 1604/3311/2
f 1605/3315/1 1608/3324/1 1604/3312/1 1601/3303/1
f 1609/3325/1 1610/3326/1 1612/3330/1 1611/3328/1
f 1611/3329/2 1612/3331/2 1614/3335/2 1613/3333/2
f 1613/3334/3 1614/3336/3 1616/3339/3 1615/3338/3
f 1610/3327/5 1616/3340/5 1614/3337/5 1612/3332/5
f 1619/3344/1 1620/3345/1 1622/3349/1 1621/3347/1
f 1621/3348/2 1622/3350/2 1624/3354/2 1623/3352/2
f 1623/3353/3 1624/3355/3 1618/3342/3 1617/3341/3
f 1618/3343/5 1624/3356/5 1622/3351/5 1620/3346/5
f 1625/3357/1 1626/3359/1 1628/3363/1 1627/3362/1
f 1629/3365/3 1630/3366/3 1632/3370/3 1631/3368/3
f 1631/3369/2 1632/3371/2 1626/3360/2 1625/3358/2
f 1626/3361/4 1632/3372/4 1630/3367/4 1628/3364/4
f 1633/3373/1 1634/3375/1 1636/3379/1 1635/3378/1
f 1637/3381/3 1638/3382/3 1640/3386/3 1639/3384/3
f 1639/3385/2 1640/3387/2 1634/3376/2 1633/3374/2
f 1634/3377/4 1640/3388/4 1638/3383/4 1636/3380/4
f 1641/3389/1 1642/3391/1 1644/3395/1 1643/3394/1
f 1645/3397/3 1646/3398/3 1648/3402/3 1647/3400/3
f 1647/3401/2 1648/3403/2 1642/3392/2 1641/3390/2
f 1642/3393/4 1648/3404/4 1646/3399/4 1644/3396/4
f 1649/3405/1 1650/3407/1 1652/3411/1 1651/3410/1
f 1653/3413/3 1654/3414/3 1656/3418/3 1655/3416/3
f 1655/3417/2 1656/3419/2 1650/3408/2 1649/3406/2
f 1650/3409/4 1656/3420/4 1654/3415/4 1652/3412/4
f 1657/3421/1 1658/3423/1 1660/3428/1 1659/3425/1
f 1659/3426/2 1660/3429/2 1662/3434/2 1661/3431/2
f 1661/3432/3 1662/3435/3 1664/3439/3 1663/3437/3
f 1663/3438/4 1657/3422/4 1659/3427/4 1661/3433/4
f 1669/3453/5 1670/3456/5 1671/3459/5 1672/3462/5
f 1666/3444/5 1665/3441/5 1658/3424/5 1664/3440/5
f 1667/3447/5 1666/3444/5 1664/3440/5 1662/3436/5
f 1668/3450/5 1667/3447/5 1662/3436/5 1660/3430/5
f 1665/3441/5 1668/3450/5 1660/3430/5 1658/3424/5
f 1670/3457/6 1669/3454/6 1665/3442/6 1666/3445/6
f 1671/3460/3 1670/3458/3 1666/3446/3 1667/3448/3
f 1672/3463/2 1671/3461/2 1667/3449/2 1668/3451/2
f 1669/3455/1 1672/3464/1 1668/3452/1 1665/3443/1
f 1673/3465/1 1674/3466/1 1676/3470/1 1675/3468/1
f 1675/3469/2 1676/3471/2 1678/3475/2 1677/3473/2
f 1677/3474/3 1678/3476/3 1680/3479/3 1679/3478/3
f 1674/3467/5 1680/3480/5 1678/3477/5 1676/3472/5
f 1683/3484/1 1684/3485/1 1686/3489/1 1685/3487/1
f 1685/3488/2 1686/3490/2 1688/3494/2 1687/3492/2
f 1687/3493/3 1688/3495/3 1682/3482/3 1681/3481/3
f 1682/3483/5 1688/3496/5 1686/3491/5 1684/3486/5
f 1689/3497/1 1690/3499/1 1692/3503/1 1691/3502/1
f 1693/3505/3 1694/3506/3 1696/3510/3 1695/3508/3
f 1695/3509/2 1696/3511/2 1690/3500/2 1689/3498/2
f 1690/3501/4 1696/3512/4 1694/3507/4 1692/3504/4
f 1697/3513/1 1698/3515/1 1700/3519/1 1699/3518/1
f 1701/3521/3 1702/3522/3 1704/3526/3 1703/3524/3
f 1703/3525/2 1704/3527/2 1698/3516/2 1697/3514/2
f 1698/3517/4 1704/3528/4 1702/3523/4 1700/3520/4
f 1705/3529/1 1706/3531/1 1708/3535/1 1707/3534/1
f 1709/3537/3 1710/3538/3 1712/3542/3 1711/3540/3
f 1711/3541/2 1712/3543/2 1706/3532/2 1705/3530/2
f 1706/3533/4 1712/3544/4 1710/3539/4 1708/3536/4
f 1713/3545/1 1714/3547/1 1716/3551/1 1715/3550/1
f 1717/3553/3 1718/3554/3 1720/3558/3 1719/3556/3
f 1719/3557/2 1720/3559/2 1714/3548/2 1713/3546/2
f 1714/3549/4 1720/3560/4 1718/3555/4 1716/3552/4
f 1721/3561/1 1722/3563/1 1724/3568/1 1723/3565/1
f 1723/3566/2 1724/3569/2 1726/3574/2 1725/3571/2
f 1725/3572/3 1726/3575/3 1728/3579/3 1727/3577/3
f 1727/3578/4 1721/3562/4 1723/3567/4 1725/3573/4
f 1733/3593/5 1734/3596/5 1735/3599/5 1736/3602/5
f 1730/3584/5 1729/3581/5 1722/3564/5 1728/3580/5
f 1731/3587/5 1730/3584/5 1728/3580/5 1726/3576/5
f 1732/3590/5 1731/3587/5 1726/3576/5 1724/3570/5
f 1729/3581/5 1732/3590/5 1724/3570/5 1722/3564/5
f 1734/3597/6 1733/3594/6 1729/3582/6 1730/3585/6
f 1735/3600/3 1734/3598/3 1730/3586/3 1731/3588/3
f 1736/3603/2 1735/3601/2 1731/3589/2 1732/3591/2
f 1733/3595/1 1736/3604/1 1732/3592/1 1729/3583/1
f 1737/3605/1 1738/3606/1 1740/3610/1 1739/3608/1
f 1739/3609/2 1740/3611/2 1742/3615/2 1741/3613/2
f 1741/3614/3 1742/3616/3 1744/3619/3 1743/3618/3
f 1738/3607/5 1744/3620/5 1742/3617/5 1740/3612/5
f 1747/3624/1 1748/3625/1 1750/3629/1 1749/3627/1
f 1749/3628/2 1750/3630/2 1752/3634/2 1751/3632/2
f 1751/3633/3 1752/3635/3 1746/3622/3 1745/3621/3
f 1746/3623/5 1752/3636/5 1750/3631/5 1748/3626/5
f 1753/3637/1 1754/3639/1 1756/3643/1 1755/3642/1
f 1757/3645/3 1758/3646/3 1760/3650/3 1759/3648/3
f 1759/3649/2 1760/3651/2 1754/3640/2 1753/3638/2
f 1754/3641/4 1760/3652/4 1758/3647/4 1756/3644/4
f 1761/3653/1 1762/3655/1 1764/3659/1 1763/3658/1
f 1765/3661/3 1766/3662/3 1768/3666/3 1767/3664/3
f 1767/3665/2 1768/3667/2 1762/3656/2 1761/3654/2
f 1762/3657/4 1768/3668/4 1766/3663/4 1764/3660/4
f 1769/3669/1 1770/3671/1 1772/3675/1 1771/3674/1
f 1773/3677/3 1774/3678/3 1776/3682/3 1775/3680/3
f 1775/3681/2 1776/3683/2 1770/3672/2 1769/3670/2
f 1770/3673/4 1776/3684/4 1774/3679/4 1772/3676/4
f 1777/3685/1 1778/3687/1 1780/3691/1 1779/3690/1
f 1781/3693/3 1782/3694/3 1784/3698/3 1783/3696/3
f 1783/3697/2 1784/3699/2 1778/3688/2 1777/3686/2
f 1778/3689/4 1784/3700/4 1782/3695/4 1780/3692/4
f 1785/3701/1 1786/3703/1 1788/3708/1 1787/3705/1
f 1787/3706/2 1788/3709/2 1790/3714/2 1789/3711/2
f 1789/3712/3 1790/3715/3 1792/3719/3 1791/3717/3
f 1791/3718/4 1785/3702/4 1787/3707/4 1789/3713/4
f 1797/3733/5 1798/3736/5 1799/3739/5 1800/3742/5
f 1794/3724/5 1793/3721/5 1786/3704/5 1792/3720/5
f 1795/3727/5 1794/3724/5 1792/3720/5 1790/3716/5
f 1796/3730/5 1795/3727/5 1790/3716/5 1788/3710/5
f 1793/3721/5 1796/3730/5 1788/3710/5 1786/3704/5
f 1798/3737/6 1797/3734/6 1793/3722/6 1794/3725/6
f 1799/3740/3 1798/3738/3 1794/3726/3 1795/3728/3
f 1800/3743/2 1799/3741/2 1795/3729/2 1796/3731/2
f 1797/3735/1 1800/3744/1 1796/3732/1 1793/3723/1
f 1801/3745/1 1802/3746/1 1804/3750/1 1803/3748/1
f 1803/3749/2 1804/3751/2 1806/3755/2 1805/3753/2
f 1805/3754/3 1806/3756/3 1808/3759/3 1807/3758/3
f 1802/3747/5 1808/3760/5 1806/3757/5 1804/3752/5
f 1811/3764/1 1812/3765/1 1814/3769/1 1813/3767/1
f 1813/3768/2 1814/3770/2 1816/3774/2 1815/3772/2
f 1815/3773/3 1816/3775/3 1810/3762/3 1809/3761/3
f 1810/3763/5 1816/3776/5 1814/3771/5 1812/3766/5
f 1817/3777/1 1818/3779/1 1820/3783/1 1819/3782/1
f 1821/3785/3 1822/3786/3 1824/3790/3 1823/3788/3
f 1823/3789/2 1824/3791/2 1818/3780/2 1817/3778/2
f 1818/3781/4 1824/3792/4 1822/3787/4 1820/3784/4
f 1825/3793/1 1826/3795/1 1828/3799/1 1827/3798/1
f 1829/3801/3 1830/3802/3 1832/3806/3 1831/3804/3
f 1831/3805/2 1832/3807/2 1826/3796/2 1825/3794/2
f 1826/3797/4 1832/3808/4 1830/3803/4 1828/3800/4
f 1833/3809/1 1834/3811/1 1836/3815/1 1835/3814/1
f 1837/3817/3 1838/3818/3 1840/3822/3 1839/3820/3
f 1839/3821/2 1840/3823/2 1834/3812/2 1833/3810/2
f 1834/3813/4 1840/3824/4 1838/3819/4 1836/3816/4
f 1841/3825/1 1842/3827/1 1844/3831/1 1843/3830/1
f 1845/3833/3 1846/3834/3 1848/3838/3 1847/3836/3
f 1847/3837/2 1848/3839/2 1842/3828/2 1841/3826/2
f 1842/3829/4 1848/3840/4 1846/3835/4 1844/3832/4
f 1849/3841/1 1850/3843/1 1852/3848/1 1851/3845/1
f 1851/3846/2 1852/3849/2 1854/3854/2 1853/3851/2
f 1853/3852/3 1854/3855/3 1856/3859/3 1855/3857/3
f 1855/3858/4 1849/3842/4 1851/3847/4 1853/3853/4
f 1861/3873/5 1862/3876/5 1863/3879/5 1864/3882/5
f 1858/3864/5 1857/3861/5 1850/3844/5 1856/3860/5
f 1859/3867/5 1858/3864/5 1856/3860/5 1854/3856/5
f 1860/3870/5 1859/3867/5 1854/3856/5 1852/3850/5
f 1857/3861/5 1860/3870/5 1852/3850/5 1850/3844/5
f 1862/3877/6 1861/3874/6 1857/3862/6 1858/3865/6
f 1863/3880/3 1862/3878/3 1858/3866/3 1859/3868/3
f 1864/3883/2 1863/3881/2 1859/3869/2 1860/3871/2
f 1861/3875/1 1864/3884/1 1860/3872/1 1857/3863/1
f 1865/3885/1 1866/3886/1 1868/3890/1 1867/3888/1
f 1867/3889/2 1868/3891/2 1870/3895/2 1869/3893/2
f 1869/3894/3 1870/3896/3 1872/3899/3 1871/3898/3
f 1866/3887/5 1872/3900/5 1870/3897/5 1868/3892/5
f 1875/3904/1 1876/3905/1 1878/3909/1 1877/3907/1
f 1877/3908/2 1878/3910/2 1880/3914/2 1879/3912/2
f 1879/3913/3 1880/3915/3 1874/3902/3 1873/3901/3
f 1874/3903/5 1880/3916/5 1878/3911/5 1876/3906/5
f 1881/3917/1 1882/3919/1 1884/3923/1 1883/3922/1
f 1885/3925/3 1886/3926/3 1888/3930/3 1887/3928/3
f 1887/3929/2 1888/3931/2 1882/3920/2 1881/3918/2
f 1882/3921/4 1888/3932/4 1886/3927/4 1884/3924/4
f 1889/3933/1 1890/3935/1 1892/3939/1 1891/3938/1
f 1893/3941/3 1894/3942/3 1896/3946/3 1895/3944/3
f 1895/3945/2 1896/3947/2 1890/3936/2 1889/3934/2
f 1890/3937/4 1896/3948/4 1894/3943/4 1892/3940/4
f 1897/3949/1 1898/3951/1 1900/3955/1 1899/3954/1
f 1901/3957/3 1902/3958/3 1904/3962/3 1903/3960/3
f 1903/3961/2 1904/3963/2 1898/3952/2 1897/3950/2
f 1898/3953/4 1904/3964/4 1902/3959/4 1900/3956/4
f 1905/3965/1 1906/3967/1 1908/3971/1 1907/3970/1
f 1909/3973/3 1910/3974/3 1912/3978/3 1911/3976/3
f 1911/3977/2 1912/3979/2 1906/3968/2 1905/3966/2
f 1906/3969/4 1912/3980/4 1910/3975/4 1908/3972/4
f 1913/3981/1 1914/3983/1 1916/3988/1 1915/3985/1
f 1915/3986/2 1916/3989/2 1918/3994/2 1917/3991/2
f 1917/3992/3 1918/3995/3 1920/3999/3 1919/3997/3
f 1919/3998/4 1913/3982/4 1915/3987/4 1917/3993/4
f 1925/4013/5 1926/4016/5 1927/4019/5 1928/4022/5
f 1922/4004/5 1921/4001/5 1914/3984/5 1920/4000/5
f 1923/4007/5 1922/4004/5 1920/4000/5 1918/3996/5
f 1924/4010/5 1923/4007/5 1918/3996/5 1916/3990/5
f 1921/4001/5 1924/4010/5 1916/3990/5 1914/3984/5
f 1926/4017/6 1925/4014/6 1921/4002/6 1922/4005/6
f 1927/4020/3 1926/4018/3 1922/4006/3 1923/4008/3
f 1928/4023/2 1927/4021/2 1923/4009/2 1924/4011/2
f 1925/4015/1 1928/4024/1 1924/4012/1 1921/4003/1
f 1929/4025/1 1930/4026/1 1932/4030/1 1931/4028/1
f 1931/4029/2 1932/4031/2 1934/4035/2 1933/4033/2
f 1933/4034/3 1934/4036/3 1936/4039/3 1935/4038/3
f 1930/4027/5 1936/4040/5 1934/4037/5 1932/4032/5
f 1939/4044/1 1940/4045/1 1942/4049/1 1941/4047/1
f 1941/4048/2 1942/4050/2 1944/4054/2 1943/4052/2
f 1943/4053/3 1944/4055/3 1938/4042/3 1937/4041/3
f 1938/4043/5 1944/4056/5 1942/4051/5 1940/4046/5
f 1945/4057/1 1946/4059/1 1948/4063/1 1947/4062/1
f 1949/4065/3 1950/4066/3 1952/4070/3 1951/4068/3
f 1951/4069/2 1952/4071/2 1946/4060/2 1945/4058/2
f 1946/4061/4 1952/4072/4 1950/4067/4 1948/4064/4
f 1953/4073/1 1954/4075/1 1956/4079/1 1955/4078/1
f 1957/4081/3 1958/4082/3 1960/4086/3 1959/4084/3
f 1959/4085/2 1960/4087/2 1954/4076/2 1953/4074/2
f 1954/4077/4 1960/4088/4 1958/4083/4 1956/4080/4
f 1961/4089/1 1962/4091/1 1964/4095/1 1963/4094/1
f 1965/4097/3 1966/4098/3 1968/4102/3 1967/4100/3
f 1967/4101/2 1968/4103/2 1962/4092/2 1961/4090/2
f 1962/4093/4 1968/4104/4 1966/4099/4 1964/4096/4
f 1969/4105/1 1970/4107/1 1972/4111/1 1971/4110/1
f 1973/4113/3 1974/4114/3 1976/4118/3 1975/4116/3
f 1975/4117/2 1976/4119/2 1970/4108/2 1969/4106/2
f 1970/4109/4 1976/4120/4 1974/4115/4 1972/4112/4
f 1977/4121/1 1978/4123/1 1980/4128/1 1979/4125/1
f 1979/4126/2 1980/4129/2 1982/4134/2 1981/4131/2
f 1981/4132/3 1982/4135/3 1984/4139/3 1983/4137/3
f 1983/4138/4 1977/4122/4 1979/4127/4 1981/4133/4
f 1989/4153/5 1990/4156/5 1991/4159/5 1992/4162/5
f 1986/4144/5 1985/4141/5 1978/4124/5 1984/4140/5
f 1987/4147/5 1986/4144/5 1984/4140/5 1982/4136/5
f 1988/4150/5 1987/4147/5 1982/4136/5 1980/4130/5
f 1985/4141/5 1988/4150/5 1980/4130/5 1978/4124/5
f 1990/4157/6 1989/4154/6 1985/4142/6 1986/4145/6
f 1991/4160/3 1990/4158/3 1986/4146/3 1987/4148/3
f 1992/4163/2 1991/4161/2 1987/4149/2 1988/4151/2
f 1989/4155/1 1992/4164/1 1988/4152/1 1985/4143/1
f 1993/4165/1 1994/4166/1 1996/4170/1 1995/4168/1
f 1995/4169/2 1996/4171/2 1998/4175/2 1997/4173/2
f 1997/4174/3 1998/4176/3 2000/4179/3 1999/4178/3
f 1994/4167/5 2000/4180/5 1998/4177/5 1996/4172/5
f 2003/4184/1 2004/4185/1 2006/4189/1 2005/4187/1
f 2005/4188/2 2006/4190/2 2008/4194/2 2007/4192/2
f 2007/4193/3 2008/4195/3 2002/4182/3 2001/4181/3
f 2002/4183/5 2008/4196/5 2006/4191/5 2004/4186/5
f 2009/4197/1 2010/4199/1 2012/4203/1 2011/4202/1
f 2013/4205/3 2014/4206/3 2016/4210/3 2015/4208/3
f 2015/4209/2 2016/4211/2 2010/4200/2 2009/4198/2
f 2010/4201/4 2016/4212/4 2014/4207/4 2012/4204/4
f 2017/4213/1 2018/4215/1 2020/4219/1 2019/4218/1
f 2021/4221/3 2022/4222/3 2024/4226/3 2023/4224/3
f 2023/4225/2 2024/4227/2 2018/4216/2 2017/4214/2
f 2018/4217/4 2024/4228/4 2022/4223/4 2020/4220/4
f 2025/4229/1 2026/4231/1 2028/4235/1 2027/4234/1
f 2029/4237/3 2030/4238/3 2032/4242/3 2031/4240/3
f 2031/4241/2 2032/4243/2 2026/4232/2 2025/4230/2
f 2026/4233/4 2032/4244/4 2030/4239/4 2028/4236/4
f 2033/4245/1 2034/4247/1 2036/4251/1 2035/4250/1
f 2037/4253/3 2038/4254/3 2040/4258/3 2039/4256/3
f 2039/4257/2 2040/4259/2 2034/4248/2 2033/4246/2
f 2034/4249/4 2040/4260/4 2038/4255/4 2036/4252/4
f 2041/4261/1 2042/4263/1 2044/4268/1 2043/4265/1
f 2043/4266/2 2044/4269/2 2046/4274/2 2045/4271/2
f 2045/4272/3 2046/4275/3 2048/4279/3 2047/4277/3
f 2047/4278/4 2041/4262/4 2043/4267/4 2045/4273/4
f 2053/4293/5 2054/4296/5 2055/4299/5 2056/4302/5
f 2050/4284/5 2049/4281/5 2042/4264/5 2048/4280/5
f 2051/4287/5 2050/4284/5 2048/4280/5 2046/4276/5
f 2052/4290/5 2051/4287/5 2046/4276/5 2044/4270/5
f 2049/4281/5 2052/4290/5 2044/4270/5 2042/4264/5
f 2054/4297/6 2053/4294/6 2049/4282/6 2050/4285/6
f 2055/4300/3 2054/4298/3 2050/4286/3 2051/4288/3
f 2056/4303/2 2055/4301/2 2051/4289/2 2052/4291/2
f 2053/4295/1 2056/4304/1 2052/4292/1 2049/4283/1
f 2057/4305/1 2058/4306/1 2060/4310/1 2059/4308/1
f 2059/4309/2 2060/4311/2 2062/4315/2 2061/4313/2
f 2061/4314/3 2062/4316/3 2064/4319/3 2063/4318/3
f 2058/4307/5 2064/4320/5 2062/4317/5 2060/4312/5
f 2067/4324/1 2068/4325/1 2070/4329/1 2069/4327/1
f 2069/4328/2 2070/4330/2 2072/4334/2 2071/4332/2
f 2071/4333/3 2072/4335/3 2066/4322/3 2065/4321/3
f 2066/4323/5 2072/4336/5 2070/4331/5 2068/4326/5
f 2073/4337/1 2074/4339/1 2076/4343/1 2075/4342/1
f 2077/4345/3 2078/4346/3 2080/4350/3 2079/4348/3
f 2079/4349/2 2080/4351/2 2074/4340/2 2073/4338/2
f 2074/4341/4 2080/4352/4 2078/4347/4 2076/4344/4
f 2081/4353/1 2082/4355/1 2084/4359/1 2083/4358/1
f 2085/4361/3 2086/4362/3 2088/4366/3 2087/4364/3
f 2087/4365/2 2088/4367/2 2082/4356/2 2081/4354/2
f 2082/4357/4 2088/4368/4 2086/4363/4 2084/4360/4
f 2089/4369/1 2090/4371/1 2092/4375/1 2091/4374/1
f 2093/4377/3 2094/4378/3 2096/4382/3 2095/4380/3
f 2095/4381/2 2096/4383/2 2090/4372/2 2089/4370/2
f 2090/4373/4 2096/4384/4 2094/4379/4 2092/4376/4
f 2097/4385/1 2098/4387/1 2100/4391/1 2099/4390/1
f 2101/4393/3 2102/4394/3 2104/4398/3 2103/4396/3
f 2103/4397/2 2104/4399/2 2098/4388/2 2097/4386/2
f 2098/4389/4 2104/4400/4 2102/4395/4 2100/4392/4
f 2105/4401/1 2106/4403/1 2108/4408/1 2107/4405/1
f 2107/4406/2 2108/4409/2 2110/4414/2 2109/4411/2
f 2109/4412/3 2110/4415/3 2112/4419/3 2111/4417/3
f 2111/4418/4 2105/4402/4 2107/4407/4 2109/4413/4
f 2117/4433/5 2118/4436/5 2119/4439/5 2120/4442/5
f 2114/4424/5 2113/4421/5 2106/4404/5 2112/4420/5
f 2115/4427/5 2114/4424/5 2112/4420/5 2110/4416/5
f 2116/4430/5 2115/4427/5 2110/4416/5 2108/4410/5
f 2113/4421/5 2116/4430/5 2108/4410/5 2106/4404/5
f 2118/4437/6 2117/4434/6 2113/4422/6 2114/4425/6
f 2119/4440/3 2118/4438/3 2114/4426/3 2115/4428/3
f 2120/4443/2 2119/4441/2 2115/4429/2 2116/4431/2
f 2117/4435/1 2120/4444/1 2116/4432/1 2113/4423/1
f 2121/4445/1 2122/4446/1 2124/4450/1 2123/4448/1
f 2123/4449/2 2124/4451/2 2126/4455/2 2125/4453/2
f 2125/4454/3 2126/4456/3 2128/4459/3 2127/4458/3
f 2122/4447/5 2128/4460/5 2126/4457/5 2124/4452/5
f 2131/4464/1 2132/4465/1 2134/4469/1 2133/4467/1
f 2133/4468/2 2134/4470/2 2136/4474/2 2135/4472/2
f 2135/4473/3 2136/4475/3 2130/4462/3 2129/4461/3
f 2130/4463/5 2136/4476/5 2134/4471/5 2132/4466/5
f 2137/4477/1 2138/4479/1 2140/4483/1 2139/4482/1
f 2141/4485/3 2142/4486/3 2144/4490/3 2143/4488/3
f 2143/4489/2 2144/4491/2 2138/4480/2 2137/4478/2
f 2138/4481/4 2144/4492/4 2142/4487/4 2140/4484/4
f 2145/4493/1 2146/4495/1 2148/4499/1 2147/4498/1
f 2149/4501/3 2150/4502/3 2152/4506/3 2151/4504/3
f 2151/4505/2 2152/4507/2 2146/4496/2 2145/4494/2
f 2146/4497/4 2152/4508/4 2150/4503/4 2148/4500/4
f 2153/4509/1 2154/4511/1 2156/4515/1 2155/4514/1
f 2157/4517/3 2158/4518/3 2160/4522/3 2159/4520/3
f 2159/4521/2 2160/4523/2 2154/4512/2 2153/4510/2
f 2154/4513/4 2160/4524/4 2158/4519/4 2156/4516/4
f 2161/4525/1 2162/4527/1 2164/4531/1 2163/4530/1
f 2165/4533/3 2166/4534/3 2168/4538/3 2167/4536/3
f 2167/4537/2 2168/4539/2 2162/4528/2 2161/4526/2
f 2162/4529/4 2168/4540/4 2166/4535/4 2164/4532/4
f 2169/4541/1 2170/4543/1 2172/4548/1 2171/4545/1
f 2171/4546/2 2172/4549/2 2174/4554/2 2173/4551/2
f 2173/4552/3 2174/4555/3 2176/4559/3 2175/4557/3
f 2175/4558/4 2169/4542/4 2171/4547/4 2173/4553/4
f 2181/4573/5 2182/4576/5 2183/4579/5 2184/4582/5
f 2178/4564/5 2177/4561/5 2170/4544/5 2176/4560/5
f 2179/4567/5 2178/4564/5 2176/4560/5 2174/4556/5
f 2180/4570/5 2179/4567/5 2174/4556/5 2172/4550/5
f 2177/4561/5 2180/4570/5 2172/4550/5 2170/4544/5
f 2182/4577/6 2181/4574/6 2177/4562/6 2178/4565/6
f 2183/4580/3 2182/4578/3 2178/4566/3 2179/4568/3
f 2184/4583/2 2183/4581/2 2179/4569/2 2180/4571/2
f 2181/4575/1 2184/4584/1 2180/4572/1 2177/4563/1
f 2185/4585/1 2186/4586/1 2188/4590/1 2187/4588/1
f 2187/4589/2 2188/4591/2 2190/4595/2 2189/4593/2
f 2189/4594/3 2190/4596/3 2192/4599/3 2191/4598/3
f 2186/4587/5 2192/4600/5 2190/4597/5 2188/4592/5
f 2195/4604/1 2196/4605/1 2198/4609/1 2197/4607/1
f 2197/4608/2 2198/4610/2 2200/4614/2 2199/4612/2
f 2199/4613/3 2200/4615/3 2194/4602/3 2193/4601/3
f 2194/4603/5 2200/4616/5 2198/4611/5 2196/4606/5
f 2201/4617/1 2202/4619/1 2204/4623/1 2203/4622/1
f 2205/4625/3 2206/4626/3 2208/4630/3 2207/4628/3
f 2207/4629/2 2208/4631/2 2202/4620/2 2201/4618/2
f 2202/4621/4 2208/4632/4 2206/4627/4 2204/4624/4
f 2209/4633/1 2210/4635/1 2212/4639/1 2211/4638/1
f 2213/4641/3 2214/4642/3 2216/4646/3 2215/4644/3
f 2215/4645/2 2216/4647/2 2210/4636/2 2209/4634/2
f 2210/4637/4 2216/4648/4 2214/4643/4 2212/4640/4
f 2217/4649/1 2218/4651/1 2220/4655/1 2219/4654/1
f 2221/4657/3 2222/4658/3 2224/4662/3 2223/4660/3
f 2223/4661/2 2224/4663/2 2218/4652/2 2217/4650/2
f 2218/4653/4 2224/4664/4 2222/4659/4 2220/4656/4
f 2225/4665/1 2226/4667/1 2228/4671/1 2227/4670/1
f 2229/4673/3 2230/4674/3 2232/4678/3 2231/4676/3
f 2231/4677/2 2232/4679/2 2226/4668/2 2225/4666/2
f 2226/4669/4 2232/4680/4 2230/4675/4 2228/4672/4
f 2233/4681/1 2234/4683/1 2236/4688/1 2235/4685/1
f 2235/4686/2 2236/4689/2 2238/4694/2 2237/4691/2
f 2237/4692/3 2238/4695/3 2240/4699/3 2239/4697/3
f 2239/4698/4 2233/4682/4 2235/4687/4 2237/4693/4
f 2245/4713/5 2246/4716/5 2247/4719/5 2248/4722/5
f 2242/4704/5 2241/4701/5 2234/4684/5 2240/4700/5
f 2243/4707/5 2242/4704/5 2240/4700/5 2238/4696/5
f 2244/4710/5 2243/4707/5 2238/4696/5 2236/4690/5
f 2241/4701/5 2244/4710/5 2236/4690/5 2234/4684/5
f 2246/4717/6 2245/4714/6 2241/4702/6 2242/4705/6
f 2247/4720/3 2246/4718/3 2242/4706/3 2243/4708/3
f 2248/4723/2 2247/4721/2 2243/4709/2 2244/4711/2
f 2245/4715/1 2248/4724/1 2244/4712/1 2241/4703/1
f 2249/4725/1 2250/4726/1 2252/4730/1 2251/4728/1
f 2251/4729/2 2252/4731/2 2254/4735/2 2253/4733/2
f 2253/4734/3 2254/4736/3 2256/4739/3 2255/4738/3
f 2250/4727/5 2256/4740/5 2254/4737/5 2252/4732/5
f 2259/4744/1 2260/4745/1 2262/4749/1 2261/4747/1
f 2261/4748/2 2262/4750/2 2264/4754/2 2263/4752/2
f 2263/4753/3 2264/4755/3 2258/4742/3 2257/4741/3
f 2258/4743/5 2264/4756/5 2262/4751/5 2260/4746/5
f 2265/4757/1 2266/4759/1 2268/4763/1 2267/4762/1
f 2269/4765/3 2270/4766/3 2272/4770/3 2271/4768/3
f 2271/4769/2 2272/4771/2 2266/4760/2 2265/4758/2
f 2266/4761/4 2272/4772/4 2270/4767/4 2268/4764/4
f 2273/4773/1 2274/4775/1 2276/4779/1 2275/4778/1
f 2277/4781/3 2278/4782/3 2280/4786/3 2279/4784/3
f 2279/4785/2 2280/4787/2 2274/4776/2 2273/4774/2
f 2274/4777/4 2280/4788/4 2278/4783/4 2276/4780/4
f 2281/4789/1 2282/4791/1 2284/4795/1 2283/4794/1
f 2285/4797/3 2286/4798/3 2288/4802/3 2287/4800/3
f 2287/4801/2 2288/4803/2 2282/4792/2 2281/4790/2
f 2282/4793/4 2288/4804/4 2286/4799/4 2284/4796/4
f 2289/4805/1 2290/4807/1 2292/4811/1 2291/4810/1
f 2293/4813/3 2294/4814/3 2296/4818/3 2295/4816/3
f 2295/4817/2 2296/4819/2 2290/4808/2 2289/4806/2
f 2290/4809/4 2296/4820/4 2294/4815/4 2292/4812/4
f 2297/4821/1 2298/4823/1 2300/4828/1 2299/4825/1
f 2299/4826/2 2300/4829/2 2302/4834/2 2301/4831/2
f 2301/4832/3 2302/4835/3 2304/4839/3 2303/4837/3
f 2303/4838/4 2297/4822/4 2299/4827/4 2301/4833/4
f 2309/4853/5 2310/4856/5 2311/4859/5 2312/4862/5
f 2306/4844/5 2305/4841/5 2298/4824/5 2304/4840/5
f 2307/4847/5 2306/4844/5 2304/4840/5 2302/4836/5
f 2308/4850/5 2307/4847/5 2302/4836/5 2300/4830/5
f 2305/4841/5 2308/4850/5 2300/4830/5 2298/4824/5
f 2310/4857/6 2309/4854/6 2305/4842/6 2306/4845/6
f 2311/4860/3 2310/4858/3 2306/4846/3 2307/4848/3
f 2312/4863/2 2311/4861/2 2307/4849/2 2308/4851/2
f 2309/4855/1 2312/4864/1 2308/4852/1 2305/4843/1
f 2313/4865/1 2314/4866/1 2316/4870/1 2315/4868/1
f 2315/4869/2 2316/4871/2 2318/4875/2 2317/4873/2
f 2317/4874/3 2318/4876/3 2320/4879/3 2319/4878/3
f 2314/4867/5 2320/4880/5 2318/4877/5 2316/4872/5
f 2323/4884/1 2324/4885/1 2326/4889/1 2325/4887/1
f 2325/4888/2 2326/4890/2 2328/4894/2 2327/4892/2
f 2327/4893/3 2328/4895/3 2322/4882/3 2321/4881/3
f 2322/4883/5 2328/4896/5 2326/4891/5 2324/4886/5
f 2329/4897/1 2330/4899/1 2332/4903/1 2331/4902/1
f 2333/4905/3 2334/4906/3 2336/4910/3 2335/4908/3
f 2335/4909/2 2336/4911/2 2330/4900/2 2329/4898/2
f 2330/4901/4 2336/4912/4 2334/4907/4 2332/4904/4
f 2337/4913/1 2338/4915/1 2340/4919/1 2339/4918/1
f 2341/4921/3 2342/4922/3 2344/4926/3 2343/4924/3
f 2343/4925/2 2344/4927/2 2338/4916/2 2337/4914/2
f 2338/4917/4 2344/4928/4 2342/4923/4 2340/4920/4
f 2345/4929/1 2346/4931/1 2348/4935/1 2347/4934/1
f 2349/4937/3 2350/4938/3 2352/4942/3 2351/4940/3
f 2351/4941/2 2352/4943/2 2346/4932/2 2345/4930/2
f 2346/4933/4 2352/4944/4 2350/4939/4 2348/4936/4
f 2353/4945/1 2354/4947/1 2356/4951/1 2355/4950/1
f 2357/4953/3 2358/4954/3 2360/4958/3 2359/4956/3
f 2359/4957/2 2360/4959/2 2354/4948/2 2353/4946/2
f 2354/4949/4 2360/4960/4 2358/4955/4 2356/4952/4
f 2361/4961/1 2362/4963/1 2364/4968/1 2363/4965/1
f 2363/4966/2 2364/4969/2 2366/4974/2 2365/4971/2
f 2365/4972/3 2366/4975/3 2368/4979/3 2367/4977/3
f 2367/4978/4 2361/4962/4 2363/4967/4 2365/4973/4
f 2373/4993/5 2374/4996/5 2375/4999/5 2376/5002/5
f 2370/4984/5 2369/4981/5 2362/4964/5 2368/4980/5
f 2371/4987/5 2370/4984/5 2368/4980/5 2366/4976/5
f 2372/4990/5 2371/4987/5 2366/4976/5 2364/4970/5
f 2369/4981/5 2372/4990/5 2364/4970/5 2362/4964/5
f 2374/4997/6 2373/4994/6 2369/4982/6 2370/4985/6
f 2375/5000/3 2374/4998/3 2370/4986/3 2371/4988/3
f 2376/5003/2 2375/5001/2 2371/4989/2 2372/4991/2
f 2373/4995/1 2376/5004/1 2372/4992/1 2369/4983/1
f 2377/5005/1 2378/5006/1 2380/5010/1 2379/5008/1
f 2379/5009/2 2380/5011/2 2382/5015/2 2381/5013/2
f 2381/5014/3 2382/5016/3 2384/5019/3 2383/5018/3
f 2378/5007/5 2384/5020/5 2382/5017/5 2380/5012/5
f 2387/5024/1 2388/5025/1 2390/5029/1 2389/5027/1
f 2389/5028/2 2390/5030/2 2392/5034/2 2391/5032/2
f 2391/5033/3 2392/5035/3 2386/5022/3 2385/5021/3
f 2386/5023/5 2392/5036/5 2390/5031/5 2388/5026/5
f 2393/5037/1 2394/5039/1 2396/5043/1 2395/5042/1
f 2397/5045/3 2398/5046/3 2400/5050/3 2399/5048/3
f 2399/5049/2 2400/5051/2 2394/5040/2 2393/5038/2
f 2394/5041/4 2400/5052/4 2398/5047/4 2396/5044/4
f 2401/5053/1 2402/5055/1 2404/5059/1 2403/5058/1
f 2405/5061/3 2406/5062/3 2408/5066/3 2407/5064/3
f 2407/5065/2 2408/5067/2 2402/5056/2 2401/5054/2
f 2402/5057/4 2408/5068/4 2406/5063/4 2404/5060/4
f 2409/5069/1 2410/5071/1 2412/5075/1 2411/5074/1
f 2413/5077/3 2414/5078/3 2416/5082/3 2415/5080/3
f 2415/5081/2 2416/5083/2 2410/5072/2 2409/5070/2
f 2410/5073/4 2416/5084/4 2414/5079/4 2412/5076/4
f 2417/5085/1 2418/5087/1 2420/5091/1 2419/5090/1
f 2421/5093/3 2422/5094/3 2424/5098/3 2423/5096/3
f 2423/5097/2 2424/5099/2 2418/5088/2 2417/5086/2
f 2418/5089/4 2424/5100/4 2422/5095/4 2420/5092/4
f 2425/5101/1 2426/5103/1 2428/5108/1 2427/5105/1
f 2427/5106/2 2428/5109/2 2430/5114/2 2429/5111/2
f 2429/5112/3 2430/5115/3 2432/5119/3 2431/5117/3
f 2431/5118/4 2425/5102/4 2427/5107/4 2429/5113/4
f 2437/5133/5 2438/5136/5 2439/5139/5 2440/5142/5
f 2434/5124/5 2433/5121/5 2426/5104/5 2432/5120/5
f 2435/5127/5 2434/5124/5 2432/5120/5 2430/5116/5
f 2436/5130/5 2435/5127/5 2430/5116/5 2428/5110/5
f 2433/5121/5 2436/5130/5 2428/5110/5 2426/5104/5
f 2438/5137/6 2437/5134/6 2433/5122/6 2434/5125/6
f 2439/5140/3 2438/5138/3 2434/5126/3 2435/5128/3
f 2440/5143/2 2439/5141/2 2435/5129/2 2436/5131/2
f 2437/5135/1 2440/5144/1 2436/5132/1 2433/5123/1
f 2441/5145/1 2442/5146/1 2444/5150/1 2443/5148/1
f 2443/5149/2 2444/5151/2 2446/5155/2 2445/5153/2
f 2445/5154/3 2446/5156/3 2448/5159/3 2447/5158/3
f 2442/5147/5 2448/5160/5 2446/5157/5 2444/5152/5
f 2451/5164/1 2452/5165/1 2454/5169/1 2453/5167/1
f 2453/5168/2 2454/5170/2 2456/5174/2 2455/5172/2
f 2455/5173/3 2456/5175/3 2450/5162/3 2449/5161/3
f 2450/5163/5 2456/5176/5 2454/5171/5 2452/5166/5
f 2457/5177/1 2458/5179/1 2460/5183/1 2459/5182/1
f 2461/5185/3 2462/5186/3 2464/5190/3 2463/5188/3
f 2463/5189/2 2464/5191/2 2458/5180/2 2457/5178/2
f 2458/5181/4 2464/5192/4 2462/5187/4 2460/5184/4
f 2465/5193/1 2466/5195/1 2468/5199/1 2467/5198/1
f 2469/5201/3 2470/5202/3 2472/5206/3 2471/5204/3
f 2471/5205/2 2472/5207/2 2466/5196/2 2465/5194/2
f 2466/5197/4 2472/5208/4 2470/5203/4 2468/5200/4
f 2473/5209/1 2474/5211/1 2476/5215/1 2475/5214/1
f 2477/5217/3 2478/5218/3 2480/5222/3 2479/5220/3
f 2479/5221/2 2480/5223/2 2474/5212/2 2473/5210/2
f 2474/5213/4 2480/5224/4 2478/5219/4 2476/5216/4
f 2481/5225/1 2482/5227/1 2484/5231/1 2483/5230/1
f 2485/5233/3 2486/5234/3 2488/5238/3 2487/5236/3
f 2487/5237/2 2488/5239/2 2482/5228/2 2481/5226/2
f 2482/5229/4 2488/5240/4 2486/5235/4 2484/5232/4
f 2489/5241/1 2490/5243/1 2492/5248/1 2491/5245/1
f 2491/5246/2 2492/5249/2 2494/5254/2 2493/5251/2
f 2493/5252/3 2494/5255/3 2496/5259/3 2495/5257/3
f 2495/5258/4 2489/5242/4 2491/5247/4 2493/5253/4
f 2501/5273/5 2502/5276/5 2503/5279/5 2504/5282/5
f 2498/5264/5 2497/5261/5 2490/5244/5 2496/5260/5
f 2499/5267/5 2498/5264/5 2496/5260/5 2494/5256/5
f 2500/5270/5 2499/5267/5 2494/5256/5 2492/5250/5
f 2497/5261/5 2500/5270/5 2492/5250/5 2490/5244/5
f 2502/5277/6 2501/5274/6 2497/5262/6 2498/5265/6
f 2503/5280/3 2502/5278/3 2498/5266/3 2499/5268/3
f 2504/5283/2 2503/5281/2 2499/5269/2 2500/5271/2
f 2501/5275/1 2504/5284/1 2500/5272/1 2497/5263/1
f 2505/5285/1 2506/5286/1 2508/5290/1 2507/5288/1
f 2507/5289/2 2508/5291/2 2510/5295/2 2509/5293/2
f 2509/5294/3 2510/5296/3 2512/5299/3 2511/5298/3
f 2506/5287/5 2512/5300/5 2510/5297/5 2508/5292/5
f 2515/5304/1 2516/5305/1 2518/5309/1 2517/5307/1
f 2517/5308/2 2518/5310/2 2520/5314/2 2519/5312/2
f 2519/5313/3 2520/5315/3 2514/5302/3 2513/5301/3
f 2514/5303/5 2520/5316/5 2518/5311/5 2516/5306/5
f 2521/5317/1 2522/5319/1 2524/5323/1 2523/5322/1
f 2525/5325/3 2526/5326/3 2528/5330/3 2527/5328/3
f 2527/5329/2 2528/5331/2 2522/5320/2 2521/5318/2
f 2522/5321/4 2528/5332/4 2526/5327/4 2524/5324/4
f 2529/5333/1 2530/5335/1 2532/5339/1 2531/5338/1
f 2533/5341/3 2534/5342/3 2536/5346/3 2535/5344/3
f 2535/5345/2 2536/5347/2 2530/5336/2 2529/5334/2
f 2530/5337/4 2536/5348/4 2534/5343/4 2532/5340/4
f 2537/5349/1 2538/5351/1 2540/5355/1 2539/5354/1
f 2541/5357/3 2542/5358/3 2544/5362/3 2543/5360/3
f 2543/5361/2 2544/5363/2 2538/5352/2 2537/5350/2
f 2538/5353/4 2544/5364/4 2542/5359/4 2540/5356/4
f 2545/5365/1 2546/5367/1 2548/5371/1 2547/5370/1
f 2549/5373/3 2550/5374/3 2552/5378/3 2551/5376/3
f 2551/5377/2 2552/5379/2 2546/5368/2 2545/5366/2
f 2546/5369/4 2552/5380/4 2550/5375/4 2548/5372/4
f 2553/5381/1 2554/5383/1 2556/5388/1 2555/5385/1
f 2555/5386/2 2556/5389/2 2558/5394/2 2557/5391/2
f 2557/5392/3 2558/5395/3 2560/5399/3 2559/5397/3
f 2559/5398/4 2553/5382/4 2555/5387/4 2557/5393/4
f 2565/5413/5 2566/5416/5 2567/5419/5 2568/5422/5
f 2562/5404/5 2561/5401/5 2554/5384/5 2560/5400/5
f 2563/5407/5 2562/5404/5 2560/5400/5 2558/5396/5
f 2564/5410/5 2563/5407/5 2558/5396/5 2556/5390/5
f 2561/5401/5 2564/5410/5 2556/5390/5 2554/5384/5
f 2566/5417/6 2565/5414/6 2561/5402/6 2562/5405/6
f 2567/5420/3 2566/5418/3 2562/5406/3 2563/5408/3
f 2568/5423/2 2567/5421/2 2563/5409/2 2564/5411/2
f 2565/5415/1 2568/5424/1 2564/5412/1 2561/5403/1
f 2569/5425/1 2570/5426/1 2572/5430/1 2571/5428/1
f 2571/5429/2 2572/5431/2 2574/5435/2 2573/5433/2
f 2573/5434/3 2574/5436/3 2576/5439/3 2575/5438/3
f 2570/5427/5 2576/5440/5 2574/5437/5 2572/5432/5
f 2579/5444/1 2580/5445/1 2582/5449/1 2581/5447/1
f 2581/5448/2 2582/5450/2 2584/5454/2 2583/5452/2
f 2583/5453/3 2584/5455/3 2578/5442/3 2577/5441/3
f 2578/5443/5 2584/5456/5 2582/5451/5 2580/5446/5
f 2585/5457/1 2586/5459/1 2588/5463/1 2587/5462/1
f 2589/5465/3 2590/5466/3 2592/5470/3 2591/5468/3
f 2591/5469/2 2592/5471/2 2586/5460/2 2585/5458/2
f 2586/5461/4 2592/5472/4 2590/5467/4 2588/5464/4
f 2593/5473/1 2594/5475/1 2596/5479/1 2595/5478/1
f 2597/5481/3 2598/5482/3 2600/5486/3 2599/5484/3
f 2599/5485/2 2600/5487/2 2594/5476/2 2593/5474/2
f 2594/5477/4 2600/5488/4 2598/5483/4 2596/5480/4
f 2601/5489/1 2602/5491/1 2604/5495/1 2603/5494/1
f 2605/5497/3 2606/5498/3 2608/5502/3 2607/5500/3
f 2607/5501/2 2608/5503/2 2602/5492/2 2601/5490/2
f 2602/5493/4 2608/5504/4 2606/5499/4 2604/5496/4
f 2609/5505/1 2610/5507/1 2612/5511/1 2611/5510/1
f 2613/5513/3 2614/5514/3 2616/5518/3 2615/5516/3
f 2615/5517/2 2616/5519/2 2610/5508/2 2609/5506/2
f 2610/5509/4 2616/5520/4 2614/5515/4 2612/5512/4
f 2617/5521/1 2618/5523/1 2620/5528/1 2619/5525/1
f 2619/5526/2 2620/5529/2 2622/5534/2 2621/5531/2
f 2621/5532/3 2622/5535/3 2624/5539/3 2623/5537/3
f 2623/5538/4 2617/5522/4 2619/5527/4 2621/5533/4
f 2629/5553/5 2630/5556/5 2631/5559/5 2632/5562/5
f 2626/5544/5 2625/5541/5 2618/5524/5 2624/5540/5
f 2627/5547/5 2626/5544/5 2624/5540/5 2622/5536/5
f 2628/5550/5 2627/5547/5 2622/5536/5 2620/5530/5
f 2625/5541/5 2628/5550/5 2620/5530/5 2618/5524/5
f 2630/5557/6 2629/5554/6 2625/5542/6 2626/5545/6
f 2631/5560/3 2630/5558/3 2626/5546/3 2627/5548/3
f 2632/5563/2 2631/5561/2 2627/5549/2 2628/5551/2
f 2629/5555/1 2632/5564/1 2628/5552/1 2625/5543/1
f 2633/5565/1 2634/5566/1 2636/5570/1 2635/5568/1
f 2635/5569/2 2636/5571/2 2638/5575/2 2637/5573/2
f 2637/5574/3 2638/5576/3 2640/5579/3 2639/5578/3
f 2634/5567/5 2640/5580/5 2638/5577/5 2636/5572/5
f 2643/5584/1 2644/5585/1 2646/5589/1 2645/5587/1
f 2645/5588/2 2646/5590/2 2648/5594/2 2647/5592/2
f 2647/5593/3 2648/5595/3 2642/5582/3 2641/5581/3
f 2642/5583/5 2648/5596/5 2646/5591/5 2644/5586/5
f 2649/5597/1 2650/5599/1 2652/5603/1 2651/5602/1
f 2653/5605/3 2654/5606/3 2656/5610/3 2655/5608/3
f 2655/5609/2 2656/5611/2 2650/5600/2 2649/5598/2
f 2650/5601/4 2656/5612/4 2654/5607/4 2652/5604/4
f 2657/5613/1 2658/5615/1 2660/5619/1 2659/5618/1
f 2661/5621/3 2662/5622/3 2664/5626/3 2663/5624/3
f 2663/5625/2 2664/5627/2 2658/5616/2 2657/5614/2
f 2658/5617/4 2664/5628/4 2662/5623/4 2660/5620/4
f 2665/5629/1 2666/5631/1 2668/5635/1 2667/5634/1
f 2669/5637/3 2670/5638/3 2672/5642/3 2671/5640/3
f 2671/5641/2 2672/5643/2 2666/5632/2 2665/5630/2
f 2666/5633/4 2672/5644/4 2670/5639/4 2668/5636/4
f 2673/5645/1 2674/5647/1 2676/5651/1 2675/5650/1
f 2677/5653/3 2678/5654/3 2680/5658/3 2679/5656/3
f 2679/5657/2 2680/5659/2 2674/5648/2 2673/5646/2
f 2674/5649/4 2680/5660/4 2678/5655/4 2676/5652/4
f 2681/5661/1 2682/5663/1 2684/5668/1 2683/5665/1
f 2683/5666/2 2684/5669/2 2686/5674/2 2685/5671/2
f 2685/5672/3 2686/5675/3 2688/5679/3 2687/5677/3
f 2687/5678/4 2681/5662/4 2683/5667/4 2685/5673/4
f 2693/5693/5 2694/5696/5 2695/5699/5 2696/5702/5
f 2690/5684/5 2689/5681/5 2682/5664/5 2688/5680/5
f 2691/5687/5 2690/5684/5 2688/5680/5 2686/5676/5
f 2692/5690/5 2691/5687/5 2686/5676/5 2684/5670/5
f 2689/5681/5 2692/5690/5 2684/5670/5 2682/5664/5
f 2694/5697/6 2693/5694/6 2689/5682/6 2690/5685/6
f 2695/5700/3 2694/5698/3 2690/5686/3 2691/5688/3
f 2696/5703/2 2695/5701/2 2691/5689/2 2692/5691/2
f 2693/5695/1 2696/5704/1 2692/5692/1 2689/5683/1
f 2697/5705/1 2698/5706/1 2700/5710/1 2699/5708/1
f 2699/5709/2 2700/5711/2 2702/5715/2 2701/5713/2
f 2701/5714/3 2702/5716/3 2704/5719/3 2703/5718/3
f 2698/5707/5 2704/5720/5 2702/5717/5 2700/5712/5
f 2707/5724/1 2708/5725/1 2710/5729/1 2709/5727/1
f 2709/5728/2 2710/5730/2 2712/5734/2 2711/5732/2
f 2711/5733/3 2712/5735/3 2706/5722/3 2705/5721/3
f 2706/5723/5 2712/5736/5 2710/5731/5 2708/5726/5
f 2713/5737/1 2714/5739/1 2716/5743/1 2715/5742/1
f 2717/5745/3 2718/5746/3 2720/5750/3 2719/5748/3
f 2719/5749/2 2720/5751/2 2714/5740/2 2713/5738/2
f 2714/5741/4 2720/5752/4 2718/5747/4 2716/5744/4
f 2721/5753/1 2722/5755/1 2724/5759/1 2723/5758/1
f 2725/5761/3 2726/5762/3 2728/5766/3 2727/5764/3
f 2727/5765/2 2728/5767/2 2722/5756/2 2721/5754/2
f 2722/5757/4 2728/5768/4 2726/5763/4 2724/5760/4
f 2729/5769/1 2730/5771/1 2732/5775/1 2731/5774/1
f 2733/5777/3 2734/5778/3 2736/5782/3 2735/5780/3
f 2735/5781/2 2736/5783/2 2730/5772/2 2729/5770/2
f 2730/5773/4 2736/5784/4 2734/5779/4 2732/5776/4
f 2737/5785/1 2738/5787/1 2740/5791/1 2739/5790/1
f 2741/5793/3 2742/5794/3 2744/5798/3 2743/5796/3
f 2743/5797/2 2744/5799/2 2738/5788/2 2737/5786/2
f 2738/5789/4 2744/5800/4 2742/5795/4 2740/5792/4
f 2745/5801/1 2746/5803/1 2748/5808/1 2747/5805/1
f 2747/5806/2 2748/5809/2 2750/5814/2 2749/5811/2
f 2749/5812/3 2750/5815/3 2752/5819/3 2751/5817/3
f 2751/5818/4 2745/5802/4 2747/5807/4 2749/5813/4
f 2757/5833/5 2758/5836/5 2759/5839/5 2760/5842/5
f 2754/5824/5 2753/5821/5 2746/5804/5 2752/5820/5
f 2755/5827/5 2754/5824/5 2752/5820/5 2750/5816/5
f 2756/5830/5 2755/5827/5 2750/5816/5 2748/5810/5
f 2753/5821/5 2756/5830/5 2748/5810/5 2746/5804/5
f 2758/5837/6 2757/5834/6 2753/5822/6 2754/5825/6
f 2759/5840/3 2758/5838/3 2754/5826/3 2755/5828/3
f 2760/5843/2 2759/5841/2 2755/5829/2 2756/5831/2
f 2757/5835/1 2760/5844/1 2756/5832/1 2753/5823/1
f 2761/5845/1 2762/5846/1 2764/5850/1 2763/5848/1
f 2763/5849/2 2764/5851/2 2766/5855/2 2765/5853/2
f 2765/5854/3 2766/5856/3 2768/5859/3 2767/5858/3
f 2762/5847/5 2768/5860/5 2766/5857/5 2764/5852/5
f 2771/5864/1 2772/5865/1 2774/5869/1 2773/5867/1
f 2773/5868/2 2774/5870/2 2776/5874/2 2775/5872/2
f 2775/5873/3 2776/5875/3 2770/5862/3 2769/5861/3
f 2770/5863/5 2776/5876/5 2774/5871/5 2772/5866/5
f 2777/5877/1 2778/5879/1 2780/5883/1 2779/5882/1
f 2781/5885/3 2782/5886/3 2784/5890/3 2783/5888/3
f 2783/5889/2 2784/5891/2 2778/5880/2 2777/5878/2
f 2778/5881/4 2784/5892/4 2782/5887/4 2780/5884/4
f 2785/5893/1 2786/5895/1 2788/5899/1 2787/5898/1
f 2789/5901/3 2790/5902/3 2792/5906/3 2791/5904/3
f 2791/5905/2 2792/5907/2 2786/5896/2 2785/5894/2
f 2786/5897/4 2792/5908/4 2790/5903/4 2788/5900/4
f 2793/5909/1 2794/5911/1 2796/5915/1 2795/5914/1
f 2797/5917/3 2798/5918/3 2800/5922/3 2799/5920/3
f 2799/5921/2 2800/5923/2 2794/5912/2 2793/5910/2
f 2794/5913/4 2800/5924/4 2798/5919/4 2796/5916/4
f 2801/5925/1 2802/5927/1 2804/5931/1 2803/5930/1
f 2805/5933/3 2806/5934/3 2808/5938/3 2807/5936/3
f 2807/5937/2 2808/5939/2 2802/5928/2 2801/5926/2
f 2802/5929/4 2808/5940/4 2806/5935/4 2804/5932/4
f 2809/5941/1 2810/5943/1 2812/5948/1 2811/5945/1
f 2811/5946/2 2812/5949/2 2814/5954/2 2813/5951/2
f 2813/5952/3 2814/5955/3 2816/5959/3 2815/5957/3
f 2815/5958/4 2809/5942/4 2811/5947/4 2813/5953/4
f 2821/5973/5 2822/5976/5 2823/5979/5 2824/5982/5
f 2818/5964/5 2817/5961/5 2810/5944/5 2816/5960/5
f 2819/5967/5 2818/5964/5 2816/5960/5 2814/5956/5
f 2820/5970/5 2819/5967/5 2814/5956/5 2812/5950/5
f 2817/5961/5 2820/5970/5 2812/5950/5 2810/5944/5
f 2822/5977/6 2821/5974/6 2817/5962/6 2818/5965/6
f 2823/5980/3 2822/5978/3 2818/5966/3 2819/5968/3
f 2824/5983/2 2823/5981/2 2819/5969/2 2820/5971/2
f 2821/5975/1 2824/5984/1 2820/5972/1 2817/5963/1
f 2825/5985/1 2826/5986/1 2828/5990/1 2827/5988/1
f 2827/5989/2 2828/5991/2 2830/5995/2 2829/5993/2
f 2829/5994/3 2830/5996/3 2832/5999/3 2831/5998/3
f 2826/5987/5 2832/6000/5 2830/5997/5 2828/5992/5
f 2835/6004/1 2836/6005/1 2838/6009/1 2837/6007/1
f 2837/6008/2 2838/6010/2 2840/6014/2 2839/6012/2
f 2839/6013/3 2840/6015/3 2834/6002/3 2833/6001/3
f 2834/6003/5 2840/6016/5 2838/6011/5 2836/6006/5
f 2841/6017/1 2842/6019/1 2844/6023/1 2843/6022/1
f 2845/6025/3 2846/6026/3 2848/6030/3 2847/6028/3
f 2847/6029/2 2848/6031/2 2842/6020/2 2841/6018/2
f 2842/6021/4 2848/6032/4 2846/6027/4 2844/6024/4
f 2849/6033/1 2850/6035/1 2852/6039/1 2851/6038/1
f 2853/6041/3 2854/6042/3 2856/6046/3 2855/6044/3
f 2855/6045/2 2856/6047/2 2850/6036/2 2849/6034/2
f 2850/6037/4 2856/6048/4 2854/6043/4 2852/6040/4
f 2857/6049/1 2858/6051/1 2860/6055/1 2859/6054/1
f 2861/6057/3 2862/6058/3 2864/6062/3 2863/6060/3
f 2863/6061/2 2864/6063/2 2858/6052/2 2857/6050/2
f 2858/6053/4 2864/6064/4 2862/6059/4 2860/6056/4
f 2865/6065/1 2866/6067/1 2868/6071/1 2867/6070/1
f 2869/6073/3 2870/6074/3 2872/6078/3 2871/6076/3
f 2871/6077/2 2872/6079/2 2866/6068/2 2865/6066/2
f 2866/6069/4 2872/6080/4 2870/6075/4 2868/6072/4
f 2873/6081/1 2874/6083/1 2876/6088/1 2875/6085/1
f 2875/6086/2 2876/6089/2 2878/6094/2 2877/6091/2
f 2877/6092/3 2878/6095/3 2880/6099/3 2879/6097/3
f 2879/6098/4 2873/6082/4 2875/6087/4 2877/6093/4
f 2885/6113/5 2886/6116/5 2887/6119/5 2888/6122/5
f 2882/6104/5 2881/6101/5 2874/6084/5 2880/6100/5
f 2883/6107/5 2882/6104/5 2880/6100/5 2878/6096/5
f 2884/6110/5 2883/6107/5 2878/6096/5 2876/6090/5
f 2881/6101/5 2884/6110/5 2876/6090/5 2874/6084/5
f 2886/6117/6 2885/6114/6 2881/6102/6 2882/6105/6
f 2887/6120/3 2886/6118/3 2882/6106/3 2883/6108/3
f 2888/6123/2 2887/6121/2 2883/6109/2 2884/6111/2
f 2885/6115/1 2888/6124/1 2884/6112/1 2881/6103/1
f 2889/6125/1 2890/6126/1 2892/6130/1 2891/6128/1
f 2891/6129/2 2892/6131/2 2894/6135/2 2893/6133/2
f 2893/6134/3 2894/6136/3 2896/6139/3 2895/6138/3
f 2890/6127/5 2896/6140/5 2894/6137/5 2892/6132/5
f 2899/6144/1 2900/6145/1 2902/6149/1 2901/6147/1
f 2901/6148/2 2902/6150/2 2904/6154/2 2903/6152/2
f 2903/6153/3 2904/6155/3 2898/6142/3 2897/6141/3
f 2898/6143/5 2904/6156/5 2902/6151/5 2900/6146/5
f 2905/6157/1 2906/6159/1 2908/6163/1 2907/6162/1
f 2909/6165/3 2910/6166/3 2912/6170/3 2911/6168/3
f 2911/6169/2 2912/6171/2 2906/6160/2 2905/6158/2
f 2906/6161/4 2912/6172/4 2910/6167/4 2908/6164/4
f 2913/6173/1 2914/6175/1 2916/6179/1 2915/6178/1
f 2917/6181/3 2918/6182/3 2920/6186/3 2919/6184/3
f 2919/6185/2 2920/6187/2 2914/6176/2 2913/6174/2
f 2914/6177/4 2920/6188/4 2918/6183/4 2916/6180/4
f 2921/6189/1 2922/6191/1 2924/6195/1 2923/6194/1
f 2925/6197/3 2926/6198/3 2928/6202/3 2927/6200/3
f 2927/6201/2 2928/6203/2 2922/6192/2 2921/6190/2
f 2922/6193/4 2928/6204/4 2926/6199/4 2924/6196/4
f 2929/6205/1 2930/6207/1 2932/6211/1 2931/6210/1
f 2933/6213/3 2934/6214/3 2936/6218/3 2935/6216/3
f 2935/6217/2 2936/6219/2 2930/6208/2 2929/6206/2
f 2930/6209/4 2936/6220/4 2934/6215/4 2932/6212/4
f 2937/6221/1 2938/6223/1 2940/6228/1 2939/6225/1
f 2939/6226/2 2940/6229/2 2942/6234/2 2941/6231/2
f 2941/6232/3 2942/6235/3 2944/6239/3 2943/6237/3
f 2943/6238/4 2937/6222/4 2939/6227/4 2941/6233/4
f 2949/6253/5 2950/6256/5 2951/6259/5 2952/6262/5
f 2946/6244/5 2945/6241/5 2938/6224/5 2944/6240/5
f 2947/6247/5 2946/6244/5 2944/6240/5 2942/6236/5
f 2948/6250/5 2947/6247/5 2942/6236/5 2940/6230/5
f 2945/6241/5 2948/6250/5 2940/6230/5 2938/6224/5
f 2950/6257/6 2949/6254/6 2945/6242/6 2946/6245/6
f 2951/6260/3 2950/6258/3 2946/6246/3 2947/6248/3
f 2952/6263/2 2951/6261/2 2947/6249/2 2948/6251/2
f 2949/6255/1 2952/6264/1 2948/6252/1 2945/6243/1
f 2953/6265/1 2954/6266/1 2956/6270/1 2955/6268/1
f 2955/6269/2 2956/6271/2 2958/6275/2 2957/6273/2
f 2957/6274/3 2958/6276/3 2960/6279/3 2959/6278/3
f 2954/6267/5 2960/6280/5 2958/6277/5 2956/6272/5
f 2963/6284/1 2964/6285/1 2966/6289/1 2965/6287/1
f 2965/6288/2 2966/6290/2 2968/6294/2 2967/6292/2
f 2967/6293/3 2968/6295/3 2962/6282/3 2961/6281/3
f 2962/6283/5 2968/6296/5 2966/6291/5 2964/6286/5
f 2969/6297/1 2970/6299/1 2972/6303/1 2971/6302/1
f 2973/6305/3 2974/6306/3 2976/6310/3 2975/6308/3
f 2975/6309/2 2976/6311/2 2970/6300/2 2969/6298/2
f 2970/6301/4 2976/6312/4 2974/6307/4 2972/6304/4
f 2977/6313/1 2978/6315/1 2980/6319/1 2979/6318/1
f 2981/6321/3 2982/6322/3 2984/6326/3 2983/6324/3
f 2983/6325/2 2984/6327/2 2978/6316/2 2977/6314/2
f 2978/6317/4 2984/6328/4 2982/6323/4 2980/6320/4
f 2985/6329/1 2986/6331/1 2988/6335/1 2987/6334/1
f 2989/6337/3 2990/6338/3 2992/6342/3 2991/6340/3
f 2991/6341/2 2992/6343/2 2986/6332/2 2985/6330/2
f 2986/6333/4 2992/6344/4 2990/6339/4 2988/6336/4
f 2993/6345/1 2994/6347/1 2996/6351/1 2995/6350/1
f 2997/6353/3 2998/6354/3 3000/6358/3 2999/6356/3
f 2999/6357/2 3000/6359/2 2994/6348/2 2993/6346/2
f 2994/6349/4 3000/6360/4 2998/6355/4 2996/6352/4
f 3001/6361/1 3002/6363/1 3004/6368/1 3003/6365/1
f 3003/6366/2 3004/6369/2 3006/6374/2 3005/6371/2
f 3005/6372/3 3006/6375/3 3008/6379/3 3007/6377/3
f 3007/6378/4 3001/6362/4 3003/6367/4 3005/6373/4
f 3013/6393/5 3014/6396/5 3015/6399/5 3016/6402/5
f 3010/6384/5 3009/6381/5 3002/6364/5 3008/6380/5
f 3011/6387/5 3010/6384/5 3008/6380/5 3006/6376/5
f 3012/6390/5 3011/6387/5 3006/6376/5 3004/6370/5
f 3009/6381/5 3012/6390/5 3004/6370/5 3002/6364/5
f 3014/6397/6 3013/6394/6 3009/6382/6 3010/6385/6
f 3015/6400/3 3014/6398/3 3010/6386/3 3011/6388/3
f 3016/6403/2 3015/6401/2 3011/6389/2 3012/6391/2
f 3013/6395/1 3016/6404/1 3012/6392/1 3009/6383/1
f 3017/6405/1 3018/6406/1 3020/6410/1 3019/6408/1
f 3019/6409/2 3020/6411/2 3022/6415/2 3021/6413/2
f 3021/6414/3 3022/6416/3 3024/6419/3 3023/6418/3
f 3018/6407/5 3024/6420/5 3022/6417/5 3020/6412/5
f 3027/6424/1 3028/6425/1 3030/6429/1 3029/6427/1
f 3029/6428/2 3030/6430/2 3032/6434/2 3031/6432/2
f 3031/6433/3 3032/6435/3 3026/6422/3 3025/6421/3
f 3026/6423/5 3032/6436/5 3030/6431/5 3028/6426/5
f 3033/6437/1 3034/6439/1 3036/6443/1 3035/6442/1
f 3037/6445/3 3038/6446/3 3040/6450/3 3039/6448/3
f 3039/6449/2 3040/6451/2 3034/6440/2 3033/6438/2
f 3034/6441/4 3040/6452/4 3038/6447/4 3036/6444/4
f 3041/6453/1 3042/6455/1 3044/6459/1 3043/6458/1
f 3045/6461/3 3046/6462/3 3048/6466/3 3047/6464/3
f 3047/6465/2 3048/6467/2 3042/6456/2 3041/6454/2
f 3042/6457/4 3048/6468/4 3046/6463/4 3044/6460/4
f 3049/6469/1 3050/6471/1 3052/6475/1 3051/6474/1
f 3053/6477/3 3054/6478/3 3056/6482/3 3055/6480/3
f 3055/6481/2 3056/6483/2 3050/6472/2 3049/6470/2
f 3050/6473/4 3056/6484/4 3054/6479/4 3052/6476/4
f 3057/6485/1 3058/6487/1 3060/6491/1 3059/6490/1
f 3061/6493/3 3062/6494/3 3064/6498/3 3063/6496/3
f 3063/6497/2 3064/6499/2 3058/6488/2 3057/6486/2
f 3058/6489/4 3064/6500/4 3062/6495/4 3060/6492/4
f 3065/6501/1 3066/6503/1 3068/6508/1 3067/6505/1
f 3067/6506/2 3068/6509/2 3070/6514/2 3069/6511/2
f 3069/6512/3 3070/6515/3 3072/6519/3 3071/6517/3
f 3071/6518/4 3065/6502/4 3067/6507/4 3069/6513/4
f 3077/6533/5 3078/6536/5 3079/6539/5 3080/6542/5
f 3074/6524/5 3073/6521/5 3066/6504/5 3072/6520/5
f 3075/6527/5 3074/6524/5 3072/6520/5 3070/6516/5
f 3076/6530/5 3075/6527/5 3070/6516/5 3068/6510/5
f 3073/6521/5 3076/6530/5 3068/6510/5 3066/6504/5
f 3078/6537/6 3077/6534/6 3073/6522/6 3074/6525/6
f 3079/6540/3 3078/6538/3 3074/6526/3 3075/6528/3
f 3080/6543/2 3079/6541/2 3075/6529/2 3076/6531/2
f 3077/6535/1 3080/6544/1 3076/6532/1 3073/6523/1
f 3081/6545/1 3082/6546/1 3084/6550/1 3083/6548/1
f 3083/6549/2 3084/6551/2 3086/6555/2 3085/6553/2
f 3085/6554/3 3086/6556/3 3088/6559/3 3087/6558/3
f 3082/6547/5 3088/6560/5 3086/6557/5 3084/6552/5
f 3091/6564/1 3092/6565/1 3094/6569/1 3093/6567/1
f 3093/6568/2 3094/6570/2 3096/6574/2 3095/6572/2
f 3095/6573/3 3096/6575/3 3090/6562/3 3089/6561/3
f 3090/6563/5 3096/6576/5 3094/6571/5 3092/6566/5
f 3097/6577/1 3098/6579/1 3100/6583/1 3099/6582/1
f 3101/6585/3 3102/6586/3 3104/6590/3 3103/6588/3
f 3103/6589/2 3104/6591/2 3098/6580/2 3097/6578/2
f 3098/6581/4 3104/6592/4 3102/6587/4 3100/6584/4
f 3105/6593/1 3106/6595/1 3108/6599/1 3107/6598/1
f 3109/6601/3 3110/6602/3 3112/6606/3 3111/6604/3
f 3111/6605/2 3112/6607/2 3106/6596/2 3105/6594/2
f 3106/6597/4 3112/6608/4 3110/6603/4 3108/6600/4
f 3113/6609/1 3114/6611/1 3116/6615/1 3115/6614/1
f 3117/6617/3 3118/6618/3 3120/6622/3 3119/6620/3
f 3119/6621/2 3120/6623/2 3114/6612/2 3113/6610/2
f 3114/6613/4 3120/6624/4 3118/6619/4 3116/6616/4
f 3121/6625/1 3122/6627/1 3124/6631/1 3123/6630/1
f 3125/6633/3 3126/6634/3 3128/6638/3 3127/6636/3
f 3127/6637/2 3128/6639/2 3122/6628/2 3121/6626/2
f 3122/6629/4 3128/6640/4 3126/6635/4 3124/6632/4
f 3129/6641/1 3130/6643/1 3132/6648/1 3131/6645/1
f 3131/6646/2 3132/6649/2 3134/6654/2 3133/6651/2
f 3133/6652/3 3134/6655/3 3136/6659/3 3135/6657/3
f 3135/6658/4 3129/6642/4 3131/6647/4 3133/6653/4
f 3141/6673/5 3142/6676/5 3143/6679/5 3144/6682/5
f 3138/6664/5 3137/6661/5 3130/6644/5 3136/6660/5
f 3139/6667/5 3138/6664/5 3136/6660/5 3134/6656/5
f 3140/6670/5 3139/6667/5 3134/6656/5 3132/6650/5
f 3137/6661/5 3140/6670/5 3132/6650/5 3130/6644/5
f 3142/6677/6 3141/6674/6 3137/6662/6 3138/6665/6
f 3143/6680/3 3142/6678/3 3138/6666/3 3139/6668/3
f 3144/6683/2 3143/6681/2 3139/6669/2 3140/6671/2
f 3141/6675/1 3144/6684/1 3140/6672/1 3137/6663/1
f 3145/6685/1 3146/6686/1 3148/6690/1 3147/6688/1
f 3147/6689/2 3148/6691/2 3150/6695/2 3149/6693/2
f 3149/6694/3 3150/6696/3 3152/6699/3 3151/6698/3
f 3146/6687/5 3152/6700/5 3150/6697/5 3148/6692/5
f 3155/6704/1 3156/6705/1 3158/6709/1 3157/6707/1
f 3157/6708/2 3158/6710/2 3160/6714/2 3159/6712/2
f 3159/6713/3 3160/6715/3 3154/6702/3 3153/6701/3
f 3154/6703/5 3160/6716/5 3158/6711/5 3156/6706/5
f 3161/6717/1 3162/6719/1 3164/6723/1 3163/6722/1
f 3165/6725/3 3166/6726/3 3168/6730/3 3167/6728/3
f 3167/6729/2 3168/6731/2 3162/6720/2 3161/6718/2
f 3162/6721/4 3168/6732/4 3166/6727/4 3164/6724/4
f 3169/6733/1 3170/6735/1 3172/6739/1 3171/6738/1
f 3173/6741/3 3174/6742/3 3176/6746/3 3175/6744/3
f 3175/6745/2 3176/6747/2 3170/6736/2 3169/6734/2
f 3170/6737/4 3176/6748/4 3174/6743/4 3172/6740/4
f 3177/6749/1 3178/6751/1 3180/6755/1 3179/6754/1
f 3181/6757/3 3182/6758/3 3184/6762/3 3183/6760/3
f 3183/6761/2 3184/6763/2 3178/6752/2 3177/6750/2
f 3178/6753/4 3184/6764/4 3182/6759/4 3180/6756/4
f 3185/6765/1 3186/6767/1 3188/6771/1 3187/6770/1
f 3189/6773/3 3190/6774/3 3192/6778/3 3191/6776/3
f 3191/6777/2 3192/6779/2 3186/6768/2 3185/6766/2
f 3186/6769/4 3192/6780/4 3190/6775/4 3188/6772/4
f 3193/6781/1 3194/6783/1 3196/6788/1 3195/6785/1
f 3195/6786/2 3196/6789/2 3198/6794/2 3197/6791/2
f 3197/6792/3 3198/6795/3 3200/6799/3 3199/6797/3
f 3199/6798/4 3193/6782/4 3195/6787/4 3197/6793/4
f 3205/6813/5 3206/6816/5 3207/6819/5 3208/6822/5
f 3202/6804/5 3201/6801/5 3194/6784/5 3200/6800/5
f 3203/6807/5 3202/6804/5 3200/6800/5 3198/6796/5
f 3204/6810/5 3203/6807/5 3198/6796/5 3196/6790/5
f 3201/6801/5 3204/6810/5 3196/6790/5 3194/6784/5
f 3206/6817/6 3205/6814/6 3201/6802/6 3202/6805/6
f 3207/6820/3 3206/6818/3 3202/6806/3 3203/6808/3
f 3208/6823/2 3207/6821/2 3203/6809/2 3204/6811/2
f 3205/6815/1 3208/6824/1 3204/6812/1 3201/6803/1
f 3209/6825/1 3210/6826/1 3212/6830/1 3211/6828/1
f 3211/6829/2 3212/6831/2 3214/6835/2 3213/6833/2
f 3213/6834/3 3214/6836/3 3216/6839/3 3215/6838/3
f 3210/6827/5 3216/6840/5 3214/6837/5 3212/6832/5
f 3219/6844/1 3220/6845/1 3222/6849/1 3221/6847/1
f 3221/6848/2 3222/6850/2 3224/6854/2 3223/6852/2
f 3223/6853/3 3224/6855/3 3218/6842/3 3217/6841/3
f 3218/6843/5 3224/6856/5 3222/6851/5 3220/6846/5
f 3225/6857/1 3226/6859/1 3228/6863/1 3227/6862/1
f 3229/6865/3 3230/6866/3 3232/6870/3 3231/6868/3
f 3231/6869/2 3232/6871/2 3226/6860/2 3225/6858/2
f 3226/6861/4 3232/6872/4 3230/6867/4 3228/6864/4
f 3233/6873/1 3234/6875/1 3236/6879/1 3235/6878/1
f 3237/6881/3 3238/6882/3 3240/6886/3 3239/6884/3
f 3239/6885/2 3240/6887/2 3234/6876/2 3233/6874/2
f 3234/6877/4 3240/6888/4 3238/6883/4 3236/6880/4
f 3241/6889/1 3242/6891/1 3244/6895/1 3243/6894/1
f 3245/6897/3 3246/6898/3 3248/6902/3 3247/6900/3
f 3247/6901/2 3248/6903/2 3242/6892/2 3241/6890/2
f 3242/6893/4 3248/6904/4 3246/6899/4 3244/6896/4
f 3249/6905/1 3250/6907/1 3252/6911/1 3251/6910/1
f 3253/6913/3 3254/6914/3 3256/6918/3 3255/6916/3
f 3255/6917/2 3256/6919/2 3250/6908/2 3249/6906/2
f 3250/6909/4 3256/6920/4 3254/6915/4 3252/6912/4
f 3257/6921/1 3258/6923/1 3260/6928/1 3259/6925/1
f 3259/6926/2 3260/6929/2 3262/6934/2 3261/6931/2
f 3261/6932/3 3262/6935/3 3264/6939/3 3263/6937/3
f 3263/6938/4 3257/6922/4 3259/6927/4 3261/6933/4
f 3269/6953/5 3270/6956/5 3271/6959/5 3272/6962/5
f 3266/6944/5 3265/6941/5 3258/6924/5 3264/6940/5
f 3267/6947/5 3266/6944/5 3264/6940/5 3262/6936/5
f 3268/6950/5 3267/6947/5 3262/6936/5 3260/6930/5
f 3265/6941/5 3268/6950/5 3260/6930/5 3258/6924/5
f 3270/6957/6 3269/6954/6 3265/6942/6 3266/6945/6
f 3271/6960/3 3270/6958/3 3266/6946/3 3267/6948/3
f 3272/6963/2 3271/6961/2 3267/6949/2 3268/6951/2
f 3269/6955/1 3272/6964/1 3268/6952/1 3265/6943/1
f 3273/6965/1 3274/6966/1 3276/6970/1 3275/6968/1
f 3275/6969/2 3276/6971/2 3278/6975/2 3277/6973/2
f 3277/6974/3 3278/6976/3 3280/6979/3 3279/6978/3
f 3274/6967/5 3280/6980/5 3278/6977/5 3276/6972/5
f 3283/6984/1 3284/6985/1 3286/6989/1 3285/6987/1
f 3285/6988/2 3286/6990/2 3288/6994/2 3287/6992/2
f 3287/6993/3 3288/6995/3 3282/6982/3 3281/6981/3
f 3282/6983/5 3288/6996/5 3286/6991/5 3284/6986/5
f 3289/6997/1 3290/6999/1 3292/7003/1 3291/7002/1
f 3293/7005/3 3294/7006/3 3296/7010/3 3295/7008/3
f 3295/7009/2 3296/7011/2 3290/7000/2 3289/6998/2
f 3290/7001/4 3296/7012/4 3294/7007/4 3292/7004/4
f 3297/7013/1 3298/7015/1 3300/7019/1 3299/7018/1
f 3301/7021/3 3302/7022/3 3304/7026/3 3303/7024/3
f 3303/7025/2 3304/7027/2 3298/7016/2 3297/7014/2
f 3298/7017/4 3304/7028/4 3302/7023/4 3300/7020/4
f 3305/7029/1 3306/7031/1 3308/7035/1 3307/7034/1
f 3309/7037/3 3310/7038/3 3312/7042/3 3311/7040/3
f 3311/7041/2 3312/7043/2 3306/7032/2 3305/7030/2
f 3306/7033/4 3312/7044/4 3310/7039/4 3308/7036/4
f 3313/7045/1 3314/7047/1 3316/7051/1 3315/7050/1
f 3317/7053/3 3318/7054/3 3320/7058/3 3319/7056/3
f 3319/7057/2 3320/7059/2 3314/7048/2 3313/7046/2
f 3314/7049/4 3320/7060/4 3318/7055/4 3316/7052/4
f 3321/7061/1 3322/7063/1 3324/7068/1 3323/7065/1
f 3323/7066/2 3324/7069/2 3326/7074/2 3325/7071/2
f 3325/7072/3 3326/7075/3 3328/7079/3 3327/7077/3
f 3327/7078/4 3321/7062/4 3323/7067/4 3325/7073/4
f 3333/7093/5 3334/7096/5 3335/7099/5 3336/7102/5
f 3330/7084/5 3329/7081/5 3322/7064/5 3328/7080/5
f 3331/7087/5 3330/7084/5 3328/7080/5 3326/7076/5
f 3332/7090/5 3331/7087/5 3326/7076/5 3324/7070/5
f 3329/7081/5 3332/7090/5 3324/7070/5 3322/7064/5
f 3334/7097/6 3333/7094/6 3329/7082/6 3330/7085/6
f 3335/7100/3 3334/7098/3 3330/7086/3 3331/7088/3
f 3336/7103/2 3335/7101/2 3331/7089/2 3332/7091/2
f 3333/7095/1 3336/7104/1 3332/7092/1 3329/7083/1
f 3337/7105/1 3338/7106/1 3340/7110/1 3339/7108/1
f 3339/7109/2 3340/7111/2 3342/7115/2 3341/7113/2
f 3341/7114/3 3342/7116/3 3344/7119/3 3343/7118/3
f 3338/7107/5 3344/7120/5 3342/7117/5 3340/7112/5
f 3347/7124/1 3348/7125/1 3350/7129/1 3349/7127/1
f 3349/7128/2 3350/7130/2 3352/7134/2 3351/7132/2
f 3351/7133/3 3352/7135/3 3346/7122/3 3345/7121/3
f 3346/7123/5 3352/7136/5 3350/7131/5 3348/7126/5
f 3353/7137/1 3354/7139/1 3356/7143/1 3355/7142/1
f 3357/7145/3 3358/7146/3 3360/7150/3 3359/7148/3
f 3359/7149/2 3360/7151/2 3354/7140/2 3353/7138/2
f 3354/7141/4 3360/7152/4 3358/7147/4 3356/7144/4
f 3361/7153/1 3362/7155/1 3364/7159/1 3363/7158/1
f 3365/7161/3 3366/7162/3 3368/7166/3 3367/7164/3
f 3367/7165/2 3368/7167/2 3362/7156/2 3361/7154/2
f 3362/7157/4 3368/7168/4 3366/7163/4 3364/7160/4
f 3369/7169/1 3370/7171/1 3372/7175/1 3371/7174/1
f 3373/7177/3 3374/7178/3 3376/7182/3 3375/7180/3
f 3375/7181/2 3376/7183/2 3370/7172/2 3369/7170/2
f 3370/7173/4 3376/7184/4 3374/7179/4 3372/7176/4
f 3377/7185/1 3378/7187/1 3380/7191/1 3379/7190/1
f 3381/7193/3 3382/7194/3 3384/7198/3 3383/7196/3
f 3383/7197/2 3384/7199/2 3378/7188/2 3377/7186/2
f 3378/7189/4 3384/7200/4 3382/7195/4 3380/7192/4
f 3385/7201/1 3386/7203/1 3388/7208/1 3387/7205/1
f 3387/7206/2 3388/7209/2 3390/7214/2 3389/7211/2
f 3389/7212/3 3390/7215/3 3392/7219/3 3391/7217/3
f 3391/7218/4 3385/7202/4 3387/7207/4 3389/7213/4
f 3397/7233/5 3398/7236/5 3399/7239/5 3400/7242/5
f 3394/7224/5 3393/7221/5 3386/7204/5 3392/7220/5
f 3395/7227/5 3394/7224/5 3392/7220/5 3390/7216/5
f 3396/7230/5 3395/7227/5 3390/7216/5 3388/7210/5
f 3393/7221/5 3396/7230/5 3388/7210/5 3386/7204/5
f 3398/7237/6 3397/7234/6 3393/7222/6 3394/7225/6
f 3399/7240/3 3398/7238/3 3394/7226/3 3395/7228/3
f 3400/7243/2 3399/7241/2 3395/7229/2 3396/7231/2
f 3397/7235/1 3400/7244/1 3396/7232/1 3393/7223/1
f 3401/7245/1 3402/7246/1 3404/7250/1 3403/7248/1
f 3403/7249/2 3404/7251/2 3406/7255/2 3405/7253/2
f 3405/7254/3 3406/7256/3 3408/7259/3 3407/7258/3
f 3402/7247/5 3408/7260/5 3406/7257/5 3404/7252/5
f 3411/7264/1 3412/7265/1 3414/7269/1 3413/7267/1
f 3413/7268/2 3414/7270/2 3416/7274/2 3415/7272/2
f 3415/7273/3 3416/7275/3 3410/7262/3 3409/7261/3
f 3410/7263/5 3416/7276/5 3414/7271/5 3412/7266/5
f 3417/7277/1 3418/7279/1 3420/7283/1 3419/7282/1
f 3421/7285/3 3422/7286/3 3424/7290/3 3423/7288/3
f 3423/7289/2 3424/7291/2 3418/7280/2 3417/7278/2
f 3418/7281/4 3424/7292/4 3422/7287/4 3420/7284/4
f 3425/7293/1 3426/7295/1 3428/7299/1 3427/7298/1
f 3429/7301/3 3430/7302/3 3432/7306/3 3431/7304/3
f 3431/7305/2 3432/7307/2 3426/7296/2 3425/7294/2
f 3426/7297/4 3432/7308/4 3430/7303/4 3428/7300/4
f 3433/7309/1 3434/7311/1 3436/7315/1 3435/7314/1
f 3437/7317/3 3438/7318/3 3440/7322/3 3439/7320/3
f 3439/7321/2 3440/7323/2 3434/7312/2 3433/7310/2
f 3434/7313/4 3440/7324/4 3438/7319/4 3436/7316/4
f 3441/7325/1 3442/7327/1 3444/7331/1 3443/7330/1
f 3445/7333/3 3446/7334/3 3448/7338/3 3447/7336/3
f 3447/7337/2 3448/7339/2 3442/7328/2 3441/7326/2
f 3442/7329/4 3448/7340/4 3446/7335/4 3444/7332/4
f 3449/7341/1 3450/7343/1 3452/7348/1 3451/7345/1
f 3451/7346/2 3452/7349/2 3454/7354/2 3453/7351/2
f 3453/7352/3 3454/7355/3 3456/7359/3 3455/7357/3
f 3455/7358/4 3449/7342/4 3451/7347/4 3453/7353/4
f 3461/7373/5 3462/7376/5 3463/7379/5 3464/7382/5
f 3458/7364/5 3457/7361/5 3450/7344/5 3456/7360/5
f 3459/7367/5 3458/7364/5 3456/7360/5 3454/7356/5
f 3460/7370/5 3459/7367/5 3454/7356/5 3452/7350/5
f 3457/7361/5 3460/7370/5 3452/7350/5 3450/7344/5
f 3462/7377/6 3461/7374/6 3457/7362/6 3458/7365/6
f 3463/7380/3 3462/7378/3 3458/7366/3 3459/7368/3
f 3464/7383/2 3463/7381/2 3459/7369/2 3460/7371/2
f 3461/7375/1 3464/7384/1 3460/7372/1 3457/7363/1
f 3465/7385/1 3466/7386/1 3468/7390/1 3467/7388/1
f 3467/7389/2 3468/7391/2 3470/7395/2 3469/7393/2
f 3469/7394/3 3470/7396/3 3472/7399/3 3471/7398/3
f 3466/7387/5 3472/7400/5 3470/7397/5 3468/7392/5
f 3475/7404/1 3476/7405/1 3478/7409/1 3477/7407/1
f 3477/7408/2 3478/7410/2 3480/7414/2 3479/7412/2
f 3479/7413/3 3480/7415/3 3474/7402/3 3473/7401/3
f 3474/7403/5 3480/7416/5 3478/7411/5 3476/7406/5
f 3481/7417/1 3482/7419/1 3484/7423/1 3483/7422/1
f 3485/7425/3 3486/7426/3 3488/7430/3 3487/7428/3
f 3487/7429/2 3488/7431/2 3482/7420/2 3481/7418/2
f 3482/7421/4 3488/7432/4 3486/7427/4 3484/7424/4
f 3489/7433/1 3490/7435/1 3492/7439/1 3491/7438/1
f 3493/7441/3 3494/7442/3 3496/7446/3 3495/7444/3
f 3495/7445/2 3496/7447/2 3490/7436/2 3489/7434/2
f 3490/7437/4 3496/7448/4 3494/7443/4 3492/7440/4
f 3497/7449/1 3498/7451/1 3500/7455/1 3499/7454/1
f 3501/7457/3 3502/7458/3 3504/7462/3 3503/7460/3
f 3503/7461/2 3504/7463/2 3498/7452/2 3497/7450/2
f 3498/7453/4 3504/7464/4 3502/7459/4 3500/7456/4
f 3505/7465/1 3506/7467/1 3508/7471/1 3507/7470/1
f 3509/7473/3 3510/7474/3 3512/7478/3 3511/7476/3
f 3511/7477/2 3512/7479/2 3506/7468/2 3505/7466/2
f 3506/7469/4 3512/7480/4 3510/7475/4 3508/7472/4
f 3513/7481/1 3514/7483/1 3516/7488/1 3515/7485/1
f 3515/7486/2 3516/7489/2 3518/7494/2 3517/7491/2
f 3517/7492/3 3518/7495/3 3520/7499/3 3519/7497/3
f 3519/7498/4 3513/7482/4 3515/7487/4 3517/7493/4
f 3525/7513/5 3526/7516/5 3527/7519/5 3528/7522/5
f 3522/7504/5 3521/7501/5 3514/7484/5 3520/7500/5
f 3523/7507/5 3522/7504/5 3520/7500/5 3518/7496/5
f 3524/7510/5 3523/7507/5 3518/7496/5 3516/7490/5
f 3521/7501/5 3524/7510/5 3516/7490/5 3514/7484/5
f 3526/7517/6 3525/7514/6 3521/7502/6 3522/7505/6
f 3527/7520/3 3526/7518/3 3522/7506/3 3523/7508/3
f 3528/7523/2 3527/7521/2 3523/7509/2 3524/7511/2
f 3525/7515/1 3528/7524/1 3524/7512/1 3521/7503/1
f 3529/7525/1 3530/7526/1 3532/7530/1 3531/7528/1
f 3531/7529/2 3532/7531/2 3534/7535/2 3533/7533/2
f 3533/7534/3 3534/7536/3 3536/7539/3 3535/7538/3
f 3530/7527/5 3536/7540/5 3534/7537/5 3532/7532/5
f 3539/7544/1 3540/7545/1 3542/7549/1 3541/7547/1
f 3541/7548/2 3542/7550/2 3544/7554/2 3543/7552/2
f 3543/7553/3 3544/7555/3 3538/7542/3 3537/7541/3
f 3538/7543/5 3544/7556/5 3542/7551/5 3540/7546/5
f 3545/7557/1 3546/7559/1 3548/7563/1 3547/7562/1
f 3549/7565/3 3550/7566/3 3552/7570/3 3551/7568/3
f 3551/7569/2 3552/7571/2 3546/7560/2 3545/7558/2
f 3546/7561/4 3552/7572/4 3550/7567/4 3548/7564/4
f 3553/7573/1 3554/7575/1 3556/7579/1 3555/7578/1
f 3557/7581/3 3558/7582/3 3560/7586/3 3559/7584/3
f 3559/7585/2 3560/7587/2 3554/7576/2 3553/7574/2
f 3554/7577/4 3560/7588/4 3558/7583/4 3556/7580/4
f 3561/7589/1 3562/7591/1 3564/7595/1 3563/7594/1
f 3565/7597/3 3566/7598/3 3568/7602/3 3567/7600/3
f 3567/7601/2 3568/7603/2 3562/7592/2 3561/7590/2
f 3562/7593/4 3568/7604/4 3566/7599/4 3564/7596/4
f 3569/7605/1 3570/7607/1 3572/7611/1 3571/7610/1
f 3573/7613/3 3574/7614/3 3576/7618/3 3575/7616/3
f 3575/7617/2 3576/7619/2 3570/7608/2 3569/7606/2
f 3570/7609/4 3576/7620/4 3574/7615/4 3572/7612/4
f 3577/7621/1 3578/7623/1 3580/7628/1 3579/7625/1
f 3579/7626/2 3580/7629/2 3582/7634/2 3581/7631/2
f 3581/7632/3 3582/7635/3 3584/7639/3 3583/7637/3
f 3583/7638/4 3577/7622/4 3579/7627/4 3581/7633/4
f 3589/7653/5 3590/7656/5 3591/7659/5 3592/7662/5
f 3586/7644/5 3585/7641/5 3578/7624/5 3584/7640/5
f 3587/7647/5 3586/7644/5 3584/7640/5 3582/7636/5
f 3588/7650/5 3587/7647/5 3582/7636/5 3580/7630/5
f 3585/7641/5 3588/7650/5 3580/7630/5 3578/7624/5
f 3590/7657/6 3589/7654/6 3585/7642/6 3586/7645/6
f 3591/7660/3 3590/7658/3 3586/7646/3 3587/7648/3
f 3592/7663/2 3591/7661/2 3587/7649/2 3588/7651/2
f 3589/7655/1 3592/7664/1 3588/7652/1 3585/7643/1
f 3593/7665/1 3594/7666/1 3596/7670/1 3595/7668/1
f 3595/7669/2 3596/7671/2 3598/7675/2 3597/7673/2
f 3597/7674/3 3598/7676/3 3600/7679/3 3599/7678/3
f 3594/7667/5 3600/7680/5 3598/7677/5 3596/7672/5
f 3603/7684/1 3604/7685/1 3606/7689/1 3605/7687/1
f 3605/7688/2 3606/7690/2 3608/7694/2 3607/7692/2
f 3607/7693/3 3608/7695/3 3602/7682/3 3601/7681/3
f 3602/7683/5 3608/7696/5 3606/7691/5 3604/7686/5
f 3609/7697/1 3610/7699/1 3612/7703/1 3611/7702/1
f 3613/7705/3 3614/7706/3 3616/7710/3 3615/7708/3
f 3615/7709/2 3616/7711/2 3610/7700/2 3609/7698/2
f 3610/7701/4 3616/7712/4 3614/7707/4 3612/7704/4
f 3617/7713/1 3618/7715/1 3620/7719/1 3619/7718/1
f 3621/7721/3 3622/7722/3 3624/7726/3 3623/7724/3
f 3623/7725/2 3624/7727/2 3618/7716/2 3617/7714/2
f 3618/7717/4 3624/7728/4 3622/7723/4 3620/7720/4
f 3625/7729/1 3626/7731/1 3628/7735/1 3627/7734/1
f 3629/7737/3 3630/7738/3 3632/7742/3 3631/7740/3
f 3631/7741/2 3632/7743/2 3626/7732/2 3625/7730/2
f 3626/7733/4 3632/7744/4 3630/7739/4 3628/7736/4
f 3633/7745/1 3634/7747/1 3636/7751/1 3635/7750/1
f 3637/7753/3 3638/7754/3 3640/7758/3 3639/7756/3
f 3639/7757/2 3640/7759/2 3634/7748/2 3633/7746/2
f 3634/7749/4 3640/7760/4 3638/7755/4 3636/7752/4
f 3641/7761/1 3642/7763/1 3644/7768/1 3643/7765/1
f 3643/7766/2 3644/7769/2 3646/7774/2 3645/7771/2
f 3645/7772/3 3646/7775/3 3648/7779/3 3647/7777/3
f 3647/7778/4 3641/7762/4 3643/7767/4 3645/7773/4
f 3653/7793/5 3654/7796/5 3655/7799/5 3656/7802/5
f 3650/7784/5 3649/7781/5 3642/7764/5 3648/7780/5
f 3651/7787/5 3650/7784/5 3648/7780/5 3646/7776/5
f 3652/7790/5 3651/7787/5 3646/7776/5 3644/7770/5
f 3649/7781/5 3652/7790/5 3644/7770/5 3642/7764/5
f 3654/7797/6 3653/7794/6 3649/7782/6 3650/7785/6
f 3655/7800/3 3654/7798/3 3650/7786/3 3651/7788/3
f 3656/7803/2 3655/7801/2 3651/7789/2 3652/7791/2
f 3653/7795/1 3656/7804/1 3652/7792/1 3649/7783/1
f 3657/7805/1 3658/7806/1 3660/7810/1 3659/7808/1
f 3659/7809/2 3660/7811/2 3662/7815/2 3661/7813/2
f 3661/7814/3 3662/7816/3 3664/7819/3 3663/7818/3
f 3658/7807/5 3664/7820/5 3662/7817/5 3660/7812/5
f 3667/7824/1 3668/7825/1 3670/7829/1 3669/7827/1
f 3669/7828/2 3670/7830/2 3672/7834/2 3671/7832/2
f 3671/7833/3 3672/7835/3 3666/7822/3 3665/7821/3
f 3666/7823/5 3672/7836/5 3670/7831/5 3668/7826/5
f 3673/7837/1 3674/7839/1 3676/7843/1 3675/7842/1
f 3677/7845/3 3678/7846/3 3680/7850/3 3679/7848/3
f 3679/7849/2 3680/7851/2 3674/7840/2 3673/7838/2
f 3674/7841/4 3680/7852/4 3678/7847/4 3676/7844/4
f 3681/7853/1 3682/7855/1 3684/7859/1 3683/7858/1
f 3685/7861/3 3686/7862/3 3688/7866/3 3687/7864/3
f 3687/7865/2 3688/7867/2 3682/7856/2 3681/7854/2
f 3682/7857/4 3688/7868/4 3686/7863/4 3684/7860/4
f 3689/7869/1 3690/7871/1 3692/7875/1 3691/7874/1
f 3693/7877/3 3694/7878/3 3696/7882/3 3695/7880/3
f 3695/7881/2 3696/7883/2 3690/7872/2 3689/7870/2
f 3690/7873/4 3696/7884/4 3694/7879/4 3692/7876/4
f 3697/7885/1 3698/7887/1 3700/7891/1 3699/7890/1
f 3701/7893/3 3702/7894/3 3704/7898/3 3703/7896/3
f 3703/7897/2 3704/7899/2 3698/7888/2 3697/7886/2
f 3698/7889/4 3704/7900/4 3702/7895/4 3700/7892/4
f 3705/7901/1 3706/7903/1 3708/7908/1 3707/7905/1
f 3707/7906/2 3708/7909/2 3710/7914/2 3709/7911/2
f 3709/7912/3 3710/7915/3 3712/7919/3 3711/7917/3
f 3711/7918/4 3705/7902/4 3707/7907/4 3709/7913/4
f 3717/7933/5 3718/7936/5 3719/7939/5 3720/7942/5
f 3714/7924/5 3713/7921/5 3706/7904/5 3712/7920/5
f 3715/7927/5 3714/7924/5 3712/7920/5 3710/7916/5
f 3716/7930/5 3715/7927/5 3710/7916/5 3708/7910/5
f 3713/7921/5 3716/7930/5 3708/7910/5 3706/7904/5
f 3718/7937/6 3717/7934/6 3713/7922/6 3714/7925/6
f 3719/7940/3 3718/7938/3 3714/7926/3 3715/7928/3
f 3720/7943/2 3719/7941/2 3715/7929/2 3716/7931/2
f 3717/7935/1 3720/7944/1 3716/7932/1 3713/7923/1
f 3721/7945/1 3722/7946/1 3724/7950/1 3723/7948/1
f 3723/7949/2 3724/7951/2 3726/7955/2 3725/7953/2
f 3725/7954/3 3726/7956/3 3728/7959/3 3727/7958/3
f 3722/7947/5 3728/7960/5 3726/7957/5 3724/7952/5
f 3731/7964/1 3732/7965/1 3734/7969/1 3733/7967/1
f 3733/7968/2 3734/7970/2 3736/7974/2 3735/7972/2
f 3735/7973/3 3736/7975/3 3730/7962/3 3729/7961/3
f 3730/7963/5 3736/7976/5 3734/7971/5 3732/7966/5
f 3737/7977/1 3738/7979/1 3740/7983/1 3739/7982/1
f 3741/7985/3 3742/7986/3 3744/7990/3 3743/7988/3
f 3743/7989/2 3744/7991/2 3738/7980/2 3737/7978/2
f 3738/7981/4 3744/7992/4 3742/7987/4 3740/7984/4
f 3745/7993/1 3746/7995/1 3748/7999/1 3747/7998/1
f 3749/8001/3 3750/8002/3 3752/8006/3 3751/8004/3
f 3751/8005/2 3752/8007/2 3746/7996/2 3745/7994/2
f 3746/7997/4 3752/8008/4 3750/8003/4 3748/8000/4
f 3753/8009/1 3754/8011/1 3756/8015/1 3755/8014/1
f 3757/8017/3 3758/8018/3 3760/8022/3 3759/8020/3
f 3759/8021/2 3760/8023/2 3754/8012/2 3753/8010/2
f 3754/8013/4 3760/8024/4 3758/8019/4 3756/8016/4
f 3761/8025/1 3762/8027/1 3764/8031/1 3763/8030/1
f 3765/8033/3 3766/8034/3 3768/8038/3 3767/8036/3
f 3767/8037/2 3768/8039/2 3762/8028/2 3761/8026/2
f 3762/8029/4 3768/8040/4 3766/8035/4 3764/8032/4
f 3769/8041/1 3770/8043/1 3772/8048/1 3771/8045/1
f 3771/8046/2 3772/8049/2 3774/8054/2 3773/8051/2
f 3773/8052/3 3774/8055/3 3776/8059/3 3775/8057/3
f 3775/8058/4 3769/8042/4 3771/8047/4 3773/8053/4
f 3781/8073/5 3782/8076/5 3783/8079/5 3784/8082/5
f 3778/8064/5 3777/8061/5 3770/8044/5 3776/8060/5
f 3779/8067/5 3778/8064/5 3776/8060/5 3774/8056/5
f 3780/8070/5 3779/8067/5 3774/8056/5 3772/8050/5
f 3777/8061/5 3780/8070/5 3772/8050/5 3770/8044/5
f 3782/8077/6 3781/8074/6 3777/8062/6 3778/8065/6
f 3783/8080/3 3782/8078/3 3778/8066/3 3779/8068/3
f 3784/8083/2 3783/8081/2 3779/8069/2 3780/8071/2
f 3781/8075/1 3784/8084/1 3780/8072/1 3777/8063/1
f 3785/8085/1 3786/8086/1 3788/8090/1 3787/8088/1
f 3787/8089/2 3788/8091/2 3790/8095/2 3789/8093/2
f 3789/8094/3 3790/8096/3 3792/8099/3 3791/8098/3
f 3786/8087/5 3792/8100/5 3790/8097/5 3788/8092/5
f 3795/8104/1 3796/8105/1 3798/8109/1 3797/8107/1
f 3797/8108/2 3798/8110/2 3800/8114/2 3799/8112/2
f 3799/8113/3 3800/8115/3 3794/8102/3 3793/8101/3
f 3794/8103/5 3800/8116/5 3798/8111/5 3796/8106/5
f 3801/8117/1 3802/8119/1 3804/8123/1 3803/8122/1
f 3805/8125/3 3806/8126/3 3808/8130/3 3807/8128/3
f 3807/8129/2 3808/8131/2 3802/8120/2 3801/8118/2
f 3802/8121/4 3808/8132/4 3806/8127/4 3804/8124/4
f 3809/8133/1 3810/8135/1 3812/8139/1 3811/8138/1
f 3813/8141/3 3814/8142/3 3816/8146/3 3815/8144/3
f 3815/8145/2 3816/8147/2 3810/8136/2 3809/8134/2
f 3810/8137/4 3816/8148/4 3814/8143/4 3812/8140/4
f 3817/8149/1 3818/8151/1 3820/8155/1 3819/8154/1
f 3821/8157/3 3822/8158/3 3824/8162/3 3823/8160/3
f 3823/8161/2 3824/8163/2 3818/8152/2 3817/8150/2
f 3818/8153/4 3824/8164/4 3822/8159/4 3820/8156/4
f 3825/8165/1 3826/8167/1 3828/8171/1 3827/8170/1
f 3829/8173/3 3830/8174/3 3832/8178/3 3831/8176/3
f 3831/8177/2 3832/8179/2 3826/8168/2 3825/8166/2
f 3826/8169/4 3832/8180/4 3830/8175/4 3828/8172/4
f 3833/8181/1 3834/8183/1 3836/8188/1 3835/8185/1
f 3835/8186/2 3836/8189/2 3838/8194/2 3837/8191/2
f 3837/8192/3 3838/8195/3 3840/8199/3 3839/8197/3
f 3839/8198/4 3833/8182/4 3835/8187/4 3837/8193/4
f 3845/8213/5 3846/8216/5 3847/8219/5 3848/8222/5
f 3842/8204/5 3841/8201/5 3834/8184/5 3840/8200/5
f 3843/8207/5 3842/8204/5 3840/8200/5 3838/8196/5
f 3844/8210/5 3843/8207/5 3838/8196/5 3836/8190/5
f 3841/8201/5 3844/8210/5 3836/8190/5 3834/8184/5
f 3846/8217/6 3845/8214/6 3841/8202/6 3842/8205/6
f 3847/8220/3 3846/8218/3 3842/8206/3 3843/8208/3
f 3848/8223/2 3847/8221/2 3843/8209/2 3844/8211/2
f 3845/8215/1 3848/8224/1 3844/8212/1 3841/8203/1
f 3849/8225/1 3850/8226/1 3852/8230/1 3851/8228/1
f 3851/8229/2 3852/8231/2 3854/8235/2 3853/8233/2
f 3853/8234/3 3854/8236/3 3856/8239/3 3855/8238/3
f 3850/8227/5 3856/8240/5 3854/8237/5 3852/8232/5
f 3859/8244/1 3860/8245/1 3862/8249/1 3861/8247/1
f 3861/8248/2 3862/8250/2 3864/8254/2 3863/8252/2
f 3863/8253/3 3864/8255/3 3858/8242/3 3857/8241/3
f 3858/8243/5 3864/8256/5 3862/8251/5 3860/8246/5
f 3865/8257/1 3866/8259/1 3868/8263/1 3867/8262/1
f 3869/8265/3 3870/8266/3 3872/8270/3 3871/8268/3
f 3871/8269/2 3872/8271/2 3866/8260/2 3865/8258/2
f 3866/8261/4 3872/8272/4 3870/8267/4 3868/8264/4
f 3873/8273/1 3874/8275/1 3876/8279/1 3875/8278/1
f 3877/8281/3 3878/8282/3 3880/8286/3 3879/8284/3
f 3879/8285/2 3880/8287/2 3874/8276/2 3873/8274/2
f 3874/8277/4 3880/8288/4 3878/8283/4 3876/8280/4
f 3881/8289/1 3882/8291/1 3884/8295/1 3883/8294/1
f 3885/8297/3 3886/8298/3 3888/8302/3 3887/8300/3
f 3887/8301/2 3888/8303/2 3882/8292/2 3881/8290/2
f 3882/8293/4 3888/8304/4 3886/8299/4 3884/8296/4
f 3889/8305/1 3890/8307/1 3892/8311/1 3891/8310/1
f 3893/8313/3 3894/8314/3 3896/8318/3 3895/8316/3
f 3895/8317/2 3896/8319/2 3890/8308/2 3889/8306/2
f 3890/8309/4 3896/8320/4 3894/8315/4 3892/8312/4
f 3897/8321/1 3898/8323/1 3900/8328/1 3899/8325/1
f 3899/8326/2 3900/8329/2 3902/8334/2 3901/8331/2
f 3901/8332/3 3902/8335/3 3904/8339/3 3903/8337/3
f 3903/8338/4 3897/8322/4 3899/8327/4 3901/8333/4
f 3909/8353/5 3910/8356/5 3911/8359/5 3912/8362/5
f 3906/8344/5 3905/8341/5 3898/8324/5 3904/8340/5
f 3907/8347/5 3906/8344/5 3904/8340/5 3902/8336/5
f 3908/8350/5 3907/8347/5 3902/8336/5 3900/8330/5
f 3905/8341/5 3908/8350/5 3900/8330/5 3898/8324/5
f 3910/8357/6 3909/8354/6 3905/8342/6 3906/8345/6
f 3911/8360/3 3910/8358/3 3906/8346/3 3907/8348/3
f 3912/8363/2 3911/8361/2 3907/8349/2 3908/8351/2
f 3909/8355/1 3912/8364/1 3908/8352/1 3905/8343/1
f 3913/8365/1 3914/8366/1 3916/8370/1 3915/8368/1
f 3915/8369/2 3916/8371/2 3918/8375/2 3917/8373/2
f 3917/8374/3 3918/8376/3 3920/8379/3 3919/8378/3
f 3914/8367/5 3920/8380/5 3918/8377/5 3916/8372/5
f 3923/8384/1 3924/8385/1 3926/8389/1 3925/8387/1
f 3925/8388/2 3926/8390/2 3928/8394/2 3927/8392/2
f 3927/8393/3 3928/8395/3 3922/8382/3 3921/8381/3
f 3922/8383/5 3928/8396/5 3926/8391/5 3924/8386/5
f 3929/8397/1 3930/8399/1 3932/8403/1 3931/8402/1
f 3933/8405/3 3934/8406/3 3936/8410/3 3935/8408/3
f 3935/8409/2 3936/8411/2 3930/8400/2 3929/8398/2
f 3930/8401/4 3936/8412/4 3934/8407/4 3932/8404/4
f 3937/8413/1 3938/8415/1 3940/8419/1 3939/8418/1
f 3941/8421/3 3942/8422/3 3944/8426/3 3943/8424/3
f 3943/8425/2 3944/8427/2 3938/8416/2 3937/8414/2
f 3938/8417/4 3944/8428/4 3942/8423/4 3940/8420/4
f 3945/8429/1 3946/8431/1 3948/8435/1 3947/8434/1
f 3949/8437/3 3950/8438/3 3952/8442/3 3951/8440/3
f 3951/8441/2 3952/8443/2 3946/8432/2 3945/8430/2
f 3946/8433/4 3952/8444/4 3950/8439/4 3948/8436/4
f 3953/8445/1 3954/8447/1 3956/8451/1 3955/8450/1
f 3957/8453/3 3958/8454/3 3960/8458/3 3959/8456/3
f 3959/8457/2 3960/8459/2 3954/8448/2 3953/8446/2
f 3954/8449/4 3960/8460/4 3958/8455/4 3956/8452/4
f 3961/8461/1 3962/8463/1 3964/8468/1 3963/8465/1
f 3963/8466/2 3964/8469/2 3966/8474/2 3965/8471/2
f 3965/8472/3 3966/8475/3 3968/8479/3 3967/8477/3
f 3967/8478/4 3961/8462/4 3963/8467/4 3965/8473/4
f 3973/8493/5 3974/8496/5 3975/8499/5 3976/8502/5
f 3970/8484/5 3969/8481/5 3962/8464/5 3968/8480/5
f 3971/8487/5 3970/8484/5 3968/8480/5 3966/8476/5
f 3972/8490/5 3971/8487/5 3966/8476/5 3964/8470/5
f 3969/8481/5 3972/8490/5 3964/8470/5 3962/8464/5
f 3974/8497/6 3973/8494/6 3969/8482/6 3970/8485/6
f 3975/8500/3 3974/8498/3 3970/8486/3 3971/8488/3
f 3976/8503/2 3975/8501/2 3971/8489/2 3972/8491/2
f 3973/8495/1 3976/8504/1 3972/8492/1 3969/8483/1
f 3977/8505/1 3978/8506/1 3980/8510/1 3979/8508/1
f 3979/8509/2 3980/8511/2 3982/8515/2 3981/8513/2
f 3981/8514/3 3982/8516/3 3984/8519/3 3983/8518/3
f 3978/8507/5 3984/8520/5 3982/8517/5 3980/8512/5
f 3987/8524/1 3988/8525/1 3990/8529/1 3989/8527/1
f 3989/8528/2 3990/8530/2 3992/8534/2 3991/8532/2
f 3991/8533/3 3992/8535/3 3986/8522/3 3985/8521/3
f 3986/8523/5 3992/8536/5 3990/8531/5 3988/8526/5
f 3993/8537/1 3994/8539/1 3996/8543/1 3995/8542/1
f 3997/8545/3 3998/8546/3 4000/8550/3 3999/8548/3
f 3999/8549/2 4000/8551/2 3994/8540/2 3993/8538/2
f 3994/8541/4 4000/8552/4 3998/8547/4 3996/8544/4
f 4001/8553/1 4002/8555/1 4004/8559/1 4003/8558/1
f 4005/8561/3 4006/8562/3 4008/8566/3 4007/8564/3
f 4007/8565/2 4008/8567/2 4002/8556/2 4001/8554/2
f 4002/8557/4 4008/8568/4 4006/8563/4 4004/8560/4
f 4009/8569/1 4010/8571/1 4012/8575/1 4011/8574/1
f 4013/8577/3 4014/8578/3 4016/8582/3 4015/8580/3
f 4015/8581/2 4016/8583/2 4010/8572/2 4009/8570/2
f 4010/8573/4 4016/8584/4 4014/8579/4 4012/8576/4
f 4017/8585/1 4018/8587/1 4020/8591/1 4019/8590/1
f 4021/8593/3 4022/8594/3 4024/8598/3 4023/8596/3
f 4023/8597/2 4024/8599/2 4018/8588/2 4017/8586/2
f 4018/8589/4 4024/8600/4 4022/8595/4 4020/8592/4
f 4025/8601/1 4026/8603/1 4028/8608/1 4027/8605/1
f 4027/8606/2 4028/8609/2 4030/8614/2 4029/8611/2
f 4029/8612/3 4030/8615/3 4032/8619/3 4031/8617/3
f 4031/8618/4 4025/8602/4 4027/8607/4 4029/8613/4
f 4037/8633/5 4038/8636/5 4039/8639/5 4040/8642/5
f 4034/8624/5 4033/8621/5 4026/8604/5 4032/8620/5
f 4035/8627/5 4034/8624/5 4032/8620/5 4030/8616/5
f 4036/8630/5 4035/8627/5 4030/8616/5 4028/8610/5
f 4033/8621/5 4036/8630/5 4028/8610/5 4026/8604/5
f 4038/8637/6 4037/8634/6 4033/8622/6 4034/8625/6
f 4039/8640/3 4038/8638/3 4034/8626/3 4035/8628/3
f 4040/8643/2 4039/8641/2 4035/8629/2 4036/8631/2
f 4037/8635/1 4040/8644/1 4036/8632/1 4033/8623/1
f 4041/8645/1 4042/8646/1 4044/8650/1 4043/8648/1
f 4043/8649/2 4044/8651/2 4046/8655/2 4045/8653/2
f 4045/8654/3 4046/8656/3 4048/8659/3 4047/8658/3
f 4042/8647/5 4048/8660/5 4046/8657/5 4044/8652/5
f 4051/8664/1 4052/8665/1 4054/8669/1 4053/8667/1
f 4053/8668/2 4054/8670/2 4056/8674/2 4055/8672/2
f 4055/8673/3 4056/8675/3 4050/8662/3 4049/8661/3
f 4050/8663/5 4056/8676/5 4054/8671/5 4052/8666/5
f 4057/8677/1 4058/8679/1 4060/8683/1 4059/8682/1
f 4061/8685/3 4062/8686/3 4064/8690/3 4063/8688/3
f 4063/8689/2 4064/8691/2 4058/8680/2 4057/8678/2
f 4058/8681/4 4064/8692/4 4062/8687/4 4060/8684/4
f 4065/8693/1 4066/8695/1 4068/8699/1 4067/8698/1
f 4069/8701/3 4070/8702/3 4072/8706/3 4071/8704/3
f 4071/8705/2 4072/8707/2 4066/8696/2 4065/8694/2
f 4066/8697/4 4072/8708/4 4070/8703/4 4068/8700/4
f 4073/8709/1 4074/8711/1 4076/8715/1 4075/8714/1
f 4077/8717/3 4078/8718/3 4080/8722/3 4079/8720/3
f 4079/8721/2 4080/8723/2 4074/8712/2 4073/8710/2
f 4074/8713/4 4080/8724/4 4078/8719/4 4076/8716/4
f 4081/8725/1 4082/8727/1 4084/8731/1 4083/8730/1
f 4085/8733/3 4086/8734/3 4088/8738/3 4087/8736/3
f 4087/8737/2 4088/8739/2 4082/8728/2 4081/8726/2
f 4082/8729/4 4088/8740/4 4086/8735/4 4084/8732/4
f 4089/8741/1 4090/8743/1 4092/8748/1 4091/8745/1
f 4091/8746/2 4092/8749/2 4094/8754/2 4093/8751/2
f 4093/8752/3 4094/8755/3 4096/8759/3 4095/8757/3
f 4095/8758/4 4089/8742/4 4091/8747/4 4093/8753/4
f 4101/8773/5 4102/8776/5 4103/8779/5 4104/8782/5
f 4098/8764/5 4097/8761/5 4090/8744/5 4096/8760/5
f 4099/8767/5 4098/8764/5 4096/8760/5 4094/8756/5
f 4100/8770/5 4099/8767/5 4094/8756/5 4092/8750/5
f 4097/8761/5 4100/8770/5 4092/8750/5 4090/8744/5
f 4102/8777/6 4101/8774/6 4097/8762/6 4098/8765/6
f 4103/8780/3 4102/8778/3 4098/8766/3 4099/8768/3
f 4104/8783/2 4103/8781/2 4099/8769/2 4100/8771/2
f 4101/8775/1 4104/8784/1 4100/8772/1 4097/8763/1
f 4105/8785/1 4106/8786/1 4108/8790/1 4107/8788/1
f 4107/8789/2 4108/8791/2 4110/8795/2 4109/8793/2
f 4109/8794/3 4110/8796/3 4112/8799/3 4111/8798/3
f 4106/8787/5 4112/8800/5 4110/8797/5 4108/8792/5
f 4115/8804/1 4116/8805/1 4118/8809/1 4117/8807/1
f 4117/8808/2 4118/8810/2 4120/8814/2 4119/8812/2
f 4119/8813/3 4120/8815/3 4114/8802/3 4113/8801/3
f 4114/8803/5 4120/8816/5 4118/8811/5 4116/8806/5
f 4121/8817/1 4122/8819/1 4124/8823/1 4123/8822/1
f 4125/8825/3 4126/8826/3 4128/8830/3 4127/8828/3
f 4127/8829/2 4128/8831/2 4122/8820/2 4121/8818/2
f 4122/8821/4 4128/8832/4 4126/8827/4 4124/8824/4
f 4129/8833/1 4130/8835/1 4132/8839/1 4131/8838/1
f 4133/8841/3 4134/8842/3 4136/8846/3 4135/8844/3
f 4135/8845/2 4136/8847/2 4130/8836/2 4129/8834/2
f 4130/8837/4 4136/8848/4 4134/8843/4 4132/8840/4
f 4137/8849/1 4138/8851/1 4140/8855/1 4139/8854/1
f 4141/8857/3 4142/8858/3 4144/8862/3 4143/8860/3
f 4143/8861/2 4144/8863/2 4138/8852/2 4137/8850/2
f 4138/8853/4 4144/8864/4 4142/8859/4 4140/8856/4
f 4145/8865/1 4146/8867/1 4148/8871/1 4147/8870/1
f 4149/8873/3 4150/8874/3 4152/8878/3 4151/8876/3
f 4151/8877/2 4152/8879/2 4146/8868/2 4145/8866/2
f 4146/8869/4 4152/8880/4 4150/8875/4 4148/8872/4
f 4153/8881/1 4154/8883/1 4156/8888/1 4155/8885/1
f 4155/8886/2 4156/8889/2 4158/8894/2 4157/8891/2
f 4157/8892/3 4158/8895/3 4160/8899/3 4159/8897/3
f 4159/8898/4 4153/8882/4 4155/8887/4 4157/8893/4
f 4165/8913/5 4166/8916/5 4167/8919/5 4168/8922/5
f 4162/8904/5 4161/8901/5 4154/8884/5 4160/8900/5
f 4163/8907/5 4162/8904/5 4160/8900/5 4158/8896/5
f 4164/8910/5 4163/8907/5 4158/8896/5 4156/8890/5
f 4161/8901/5 4164/8910/5 4156/8890/5 4154/8884/5
f 4166/8917/6 4165/8914/6 4161/8902/6 4162/8905/6
f 4167/8920/3 4166/8918/3 4162/8906/3 4163/8908/3
f 4168/8923/2 4167/8921/2 4163/8909/2 4164/8911/2
f 4165/8915/1 4168/8924/1 4164/8912/1 4161/8903/1
f 4169/8925/1 4170/8926/1 4172/8930/1 4171/8928/1
f 4171/8929/2 4172/8931/2 4174/8935/2 4173/8933/2
f 4173/8934/3 4174/8936/3 4176/8939/3 4175/8938/3
f 4170/8927/5 4176/8940/5 4174/8937/5 4172/8932/5
f 4179/8944/1 4180/8945/1 4182/8949/1 4181/8947/1
f 4181/8948/2 4182/8950/2 4184/8954/2 4183/8952/2
f 4183/8953/3 4184/8955/3 4178/8942/3 4177/8941/3
f 4178/8943/5 4184/8956/5 4182/8951/5 4180/8946/5
f 4185/8957/1 4186/8959/1 4188/8963/1 4187/8962/1
f 4189/8965/3 4190/8966/3 4192/8970/3 4191/8968/3
f 4191/8969/2 4192/8971/2 4186/8960/2 4185/8958/2
f 4186/8961/4 4192/8972/4 4190/8967/4 4188/8964/4
f 4193/8973/1 4194/8975/1 4196/8979/1 4195/8978/1
f 4197/8981/3 4198/8982/3 4200/8986/3 4199/8984/3
f 4199/8985/2 4200/8987/2 4194/8976/2 4193/8974/2
f 4194/8977/4 4200/8988/4 4198/8983/4 4196/8980/4
f 4201/8989/1 4202/8991/1 4204/8995/1 4203/8994/1
f 4205/8997/3 4206/8998/3 4208/9002/3 4207/9000/3
f 4207/9001/2 4208/9003/2 4202/8992/2 4201/8990/2
f 4202/8993/4 4208/9004/4 4206/8999/4 4204/8996/4
f 4209/9005/1 4210/9007/1 4212/9011/1 4211/9010/1
f 4213/9013/3 4214/9014/3 4216/9018/3 4215/9016/3
f 4215/9017/2 4216/9019/2 4210/9008/2 4209/9006/2
f 4210/9009/4 4216/9020/4 4214/9015/4 4212/9012/4
f 4217/9021/1 4218/9023/1 4220/9028/1 4219/9025/1
f 4219/9026/2 4220/9029/2 4222/9034/2 4221/9031/2
f 4221/9032/3 4222/9035/3 4224/9039/3 4223/9037/3
f 4223/9038/4 4217/9022/4 4219/9027/4 4221/9033/4
f 4229/9053/5 4230/9056/5 4231/9059/5 4232/9062/5
f 4226/9044/5 4225/9041/5 4218/9024/5 4224/9040/5
f 4227/9047/5 4226/9044/5 4224/9040/5 4222/9036/5
f 4228/9050/5 4227/9047/5 4222/9036/5 4220/9030/5
f 4225/9041/5 4228/9050/5 4220/9030/5 4218/9024/5
f 4230/9057/6 4229/9054/6 4225/9042/6 4226/9045/6
f 4231/9060/3 4230/9058/3 4226/9046/3 4227/9048/3
f 4232/9063/2 4231/9061/2 4227/9049/2 4228/9051/2
f 4229/9055/1 4232/9064/1 4228/9052/1 4225/9043/1
f 4233/9065/1 4234/9066/1 4236/9070/1 4235/9068/1
f 4235/9069/2 4236/9071/2 4238/9075/2 4237/9073/2
f 4237/9074/3 4238/9076/3 4240/9079/3 4239/9078/3
f 4234/9067/5 4240/9080/5 4238/9077/5 4236/9072/5
f 4243/9084/1 4244/9085/1 4246/9089/1 4245/9087/1
f 4245/9088/2 4246/9090/2 4248/9094/2 4247/9092/2
f 4247/9093/3 4248/9095/3 4242/9082/3 4241/9081/3
f 4242/9083/5 4248/9096/5 4246/9091/5 4244/9086/5
f 4249/9097/1 4250/9099/1 4252/9103/1 4251/9102/1
f 4253/9105/3 4254/9106/3 4256/9110/3 4255/9108/3
f 4255/9109/2 4256/9111/2 4250/9100/2 4249/9098/2
f 4250/9101/4 4256/9112/4 4254/9107/4 4252/9104/4
f 4257/9113/1 4258/9115/1 4260/9119/1 4259/9118/1
f 4261/9121/3 4262/9122/3 4264/9126/3 4263/9124/3
f 4263/9125/2 4264/9127/2 4258/9116/2 4257/9114/2
f 4258/9117/4 4264/9128/4 4262/9123/4 4260/9120/4
f 4265/9129/1 4266/9131/1 4268/9135/1 4267/9134/1
f 4269/9137/3 4270/9138/3 4272/9142/3 4271/9140/3
f 4271/9141/2 4272/9143/2 4266/9132/2 4265/9130/2
f 4266/9133/4 4272/9144/4 4270/9139/4 4268/9136/4
f 4273/9145/1 4274/9147/1 4276/9151/1 4275/9150/1
f 4277/9153/3 4278/9154/3 4280/9158/3 4279/9156/3
f 4279/9157/2 4280/9159/2 4274/9148/2 4273/9146/2
f 4274/9149/4 4280/9160/4 4278/9155/4 4276/9152/4
f 4281/9161/3 4282/9163/3 4284/9168/3 4283/9165/3
f 4283/9166/2 4284/9169/2 4286/9174/2 4285/9171/2
f 4285/9172/1 4286/9175/1 4288/9179/1 4287/9177/1
f 4287/9178/5 4281/9162/5 4283/9167/5 4285/9173/5
f 4293/9193/4 4294/9196/4 4295/9199/4 4296/9202/4
f 4290/9184/4 4289/9181/4 4282/9164/4 4288/9180/4
f 4291/9187/4 4290/9184/4 4288/9180/4 4286/9176/4
f 4292/9190/4 4291/9187/4 4286/9176/4 4284/9170/4
f 4289/9181/4 4292/9190/4 4284/9170/4 4282/9164/4
f 4294/9197/6 4293/9194/6 4289/9182/6 4290/9185/6
f 4295/9200/1 4294/9198/1 4290/9186/1 4291/9188/1
f 4296/9203/2 4295/9201/2 4291/9189/2 4292/9191/2
f 4293/9195/3 4296/9204/3 4292/9192/3 4289/9183/3
f 4297/9205/3 4298/9206/3 4300/9210/3 4299/9208/3
f 4299/9209/2 4300/9211/2 4302/9215/2 4301/9213/2
f 4301/9214/1 4302/9216/1 4304/9219/1 4303/9218/1
f 4298/9207/4 4304/9220/4 4302/9217/4 4300/9212/4
f 4307/9224/3 4308/9225/3 4310/9229/3 4309/9227/3
f 4309/9228/2 4310/9230/2 4312/9234/2 4311/9232/2
f 4311/9233/1 4312/9235/1 4306/9222/1 4305/9221/1
f 4306/9223/4 4312/9236/4 4310/9231/4 4308/9226/4
f 4313/9237/3 4314/9239/3 4316/9243/3 4315/9242/3
f 4317/9245/1 4318/9246/1 4320/9250/1 4319/9248/1
f 4319/9249/2 4320/9251/2 4314/9240/2 4313/9238/2
f 4314/9241/5 4320/9252/5 4318/9247/5 4316/9244/5
f 4321/9253/3 4322/9255/3 4324/9259/3 4323/9258/3
f 4325/9261/1 4326/9262/1 4328/9266/1 4327/9264/1
f 4327/9265/2 4328/9267/2 4322/9256/2 4321/9254/2
f 4322/9257/5 4328/9268/5 4326/9263/5 4324/9260/5
f 4329/9269/3 4330/9271/3 4332/9275/3 4331/9274/3
f 4333/9277/1 4334/9278/1 4336/9282/1 4335/9280/1
f 4335/9281/2 4336/9283/2 4330/9272/2 4329/9270/2
f 4330/9273/5 4336/9284/5 4334/9279/5 4332/9276/5
f 4337/9285/3 4338/9287/3 4340/9291/3 4339/9290/3
f 4341/9293/1 4342/9294/1 4344/9298/1 4343/9296/1
f 4343/9297/2 4344/9299/2 4338/9288/2 4337/9286/2
f 4338/9289/5 4344/9300/5 4342/9295/5 4340/9292/5
f 4345/9301/3 4346/9303/3 4348/9308/3 4347/9305/3
f 4347/9306/2 4348/9309/2 4350/9314/2 4349/9311/2
f 4349/9312/1 4350/9315/1 4352/9319/1 4351/9317/1
f 4351/9318/5 4345/9302/5 4347/9307/5 4349/9313/5
f 4357/9333/4 4358/9336/4 4359/9339/4 4360/9342/4
f 4354/9324/4 4353/9321/4 4346/9304/4 4352/9320/4
f 4355/9327/4 4354/9324/4 4352/9320/4 4350/9316/4
f 4356/9330/4 4355/9327/4 4350/9316/4 4348/9310/4
f 4353/9321/4 4356/9330/4 4348/9310/4 4346/9304/4
f 4358/9337/6 4357/9334/6 4353/9322/6 4354/9325/6
f 4359/9340/1 4358/9338/1 4354/9326/1 4355/9328/1
f 4360/9343/2 4359/9341/2 4355/9329/2 4356/9331/2
f 4357/9335/3 4360/9344/3 4356/9332/3 4353/9323/3
f 4361/9345/3 4362/9346/3 4364/9350/3 4363/9348/3
f 4363/9349/2 4364/9351/2 4366/9355/2 4365/9353/2
f 4365/9354/1 4366/9356/1 4368/9359/1 4367/9358/1
f 4362/9347/4 4368/9360/4 4366/9357/4 4364/9352/4
f 4371/9364/3 4372/9365/3 4374/9369/3 4373/9367/3
f 4373/9368/2 4374/9370/2 4376/9374/2 4375/9372/2
f 4375/9373/1 4376/9375/1 4370/9362/1 4369/9361/1
f 4370/9363/4 4376/9376/4 4374/9371/4 4372/9366/4
f 4377/9377/3 4378/9379/3 4380/9383/3 4379/9382/3
f 4381/9385/1 4382/9386/1 4384/9390/1 4383/9388/1
f 4383/9389/2 4384/9391/2 4378/9380/2 4377/9378/2
f 4378/9381/5 4384/9392/5 4382/9387/5 4380/9384/5
f 4385/9393/3 4386/9395/3 4388/9399/3 4387/9398/3
f 4389/9401/1 4390/9402/1 4392/9406/1 4391/9404/1
f 4391/9405/2 4392/9407/2 4386/9396/2 4385/9394/2
f 4386/9397/5 4392/9408/5 4390/9403/5 4388/9400/5
f 4393/9409/3 4394/9411/3 4396/9415/3 4395/9414/3
f 4397/9417/1 4398/9418/1 4400/9422/1 4399/9420/1
f 4399/9421/2 4400/9423/2 4394/9412/2 4393/9410/2
f 4394/9413/5 4400/9424/5 4398/9419/5 4396/9416/5
f 4401/9425/3 4402/9427/3 4404/9431/3 4403/9430/3
f 4405/9433/1 4406/9434/1 4408/9438/1 4407/9436/1
f 4407/9437/2 4408/9439/2 4402/9428/2 4401/9426/2
f 4402/9429/5 4408/9440/5 4406/9435/5 4404/9432/5
f 4409/9441/3 4410/9443/3 4412/9448/3 4411/9445/3
f 4411/9446/2 4412/9449/2 4414/9454/2 4413/9451/2
f 4413/9452/1 4414/9455/1 4416/9459/1 4415/9457/1
f 4415/9458/5 4409/9442/5 4411/9447/5 4413/9453/5
f 4421/9473/4 4422/9476/4 4423/9479/4 4424/9482/4
f 4418/9464/4 4417/9461/4 4410/9444/4 4416/9460/4
f 4419/9467/4 4418/9464/4 4416/9460/4 4414/9456/4
f 4420/9470/4 4419/9467/4 4414/9456/4 4412/9450/4
f 4417/9461/4 4420/9470/4 4412/9450/4 4410/9444/4
f 4422/9477/6 4421/9474/6 4417/9462/6 4418/9465/6
f 4423/9480/1 4422/9478/1 4418/9466/1 4419/9468/1
f 4424/9483/2 4423/9481/2 4419/9469/2 4420/9471/2
f 4421/9475/3 4424/9484/3 4420/9472/3 4417/9463/3
f 4425/9485/3 4426/9486/3 4428/9490/3 4427/9488/3
f 4427/9489/2 4428/9491/2 4430/9495/2 4429/9493/2
f 4429/9494/1 4430/9496/1 4432/9499/1 4431/9498/1
f 4426/9487/4 4432/9500/4 4430/9497/4 4428/9492/4
f 4435/9504/3 4436/9505/3 4438/9509/3 4437/9507/3
f 4437/9508/2 4438/9510/2 4440/9514/2 4439/9512/2
f 4439/9513/1 4440/9515/1 4434/9502/1 4433/9501/1
f 4434/9503/4 4440/9516/4 4438/9511/4 4436/9506/4
f 4441/9517/3 4442/9519/3 4444/9523/3 4443/9522/3
f 4445/9525/1 4446/9526/1 4448/9530/1 4447/9528/1
f 4447/9529/2 4448/9531/2 4442/9520/2 4441/9518/2
f 4442/9521/5 4448/9532/5 4446/9527/5 4444/9524/5
f 4449/9533/3 4450/9535/3 4452/9539/3 4451/9538/3
f 4453/9541/1 4454/9542/1 4456/9546/1 4455/9544/1
f 4455/9545/2 4456/9547/2 4450/9536/2 4449/9534/2
f 4450/9537/5 4456/9548/5 4454/9543/5 4452/9540/5
f 4457/9549/3 4458/9551/3 4460/9555/3 4459/9554/3
f 4461/9557/1 4462/9558/1 4464/9562/1 4463/9560/1
f 4463/9561/2 4464/9563/2 4458/9552/2 4457/9550/2
f 4458/9553/5 4464/9564/5 4462/9559/5 4460/9556/5
f 4465/9565/3 4466/9567/3 4468/9571/3 4467/9570/3
f 4469/9573/1 4470/9574/1 4472/9578/1 4471/9576/1
f 4471/9577/2 4472/9579/2 4466/9568/2 4465/9566/2
f 4466/9569/5 4472/9580/5 4470/9575/5 4468/9572/5
f 4473/9581/3 4474/9583/3 4476/9588/3 4475/9585/3
f 4475/9586/2 4476/9589/2 4478/9594/2 4477/9591/2
f 4477/9592/1 4478/9595/1 4480/9599/1 4479/9597/1
f 4479/9598/5 4473/9582/5 4475/9587/5 4477/9593/5
f 4485/9613/4 4486/9616/4 4487/9619/4 4488/9622/4
f 4482/9604/4 4481/9601/4 4474/9584/4 4480/9600/4
f 4483/9607/4 4482/9604/4 4480/9600/4 4478/9596/4
f 4484/9610/4 4483/9607/4 4478/9596/4 4476/9590/4
f 4481/9601/4 4484/9610/4 4476/9590/4 4474/9584/4
f 4486/9617/6 4485/9614/6 4481/9602/6 4482/9605/6
f 4487/9620/1 4486/9618/1 4482/9606/1 4483/9608/1
f 4488/9623/2 4487/9621/2 4483/9609/2 4484/9611/2
f 4485/9615/3 4488/9624/3 4484/9612/3 4481/9603/3
f 4489/9625/3 4490/9626/3 4492/9630/3 4491/9628/3
f 4491/9629/2 4492/9631/2 4494/9635/2 4493/9633/2
f 4493/9634/1 4494/9636/1 4496/9639/1 4495/9638/1
f 4490/9627/4 4496/9640/4 4494/9637/4 4492/9632/4
f 4499/9644/3 4500/9645/3 4502/9649/3 4501/9647/3
f 4501/9648/2 4502/9650/2 4504/9654/2 4503/9652/2
f 4503/9653/1 4504/9655/1 4498/9642/1 4497/9641/1
f 4498/9643/4 4504/9656/4 4502/9651/4 4500/9646/4
f 4505/9657/3 4506/9659/3 4508/9663/3 4507/9662/3
f 4509/9665/1 4510/9666/1 4512/9670/1 4511/9668/1
f 4511/9669/2 4512/9671/2 4506/9660/2 4505/9658/2
f 4506/9661/5 4512/9672/5 4510/9667/5 4508/9664/5
f 4513/9673/3 4514/9675/3 4516/9679/3 4515/9678/3
f 4517/9681/1 4518/9682/1 4520/9686/1 4519/9684/1
f 4519/9685/2 4520/9687/2 4514/9676/2 4513/9674/2
f 4514/9677/5 4520/9688/5 4518/9683/5 4516/9680/5
f 4521/9689/3 4522/9691/3 4524/9695/3 4523/9694/3
f 4525/9697/1 4526/9698/1 4528/9702/1 4527/9700/1
f 4527/9701/2 4528/9703/2 4522/9692/2 4521/9690/2
f 4522/9693/5 4528/9704/5 4526/9699/5 4524/9696/5
f 4529/9705/3 4530/9707/3 4532/9711/3 4531/9710/3
f 4533/9713/1 4534/9714/1 4536/9718/1 4535/9716/1
f 4535/9717/2 4536/9719/2 4530/9708/2 4529/9706/2
f 4530/9709/5 4536/9720/5 4534/9715/5 4532/9712/5
f 4537/9721/3 4538/9723/3 4540/9728/3 4539/9725/3
f 4539/9726/2 4540/9729/2 4542/9734/2 4541/9731/2
f 4541/9732/1 4542/9735/1 4544/9739/1 4543/9737/1
f 4543/9738/5 4537/9722/5 4539/9727/5 4541/9733/5
f 4549/9753/4 4550/9756/4 4551/9759/4 4552/9762/4
f 4546/9744/4 4545/9741/4 4538/9724/4 4544/9740/4
f 4547/9747/4 4546/9744/4 4544/9740/4 4542/9736/4
f 4548/9750/4 4547/9747/4 4542/9736/4 4540/9730/4
f 4545/9741/4 4548/9750/4 4540/9730/4 4538/9724/4
f 4550/9757/6 4549/9754/6 4545/9742/6 4546/9745/6
f 4551/9760/1 4550/9758/1 4546/9746/1 4547/9748/1
f 4552/9763/2 4551/9761/2 4547/9749/2 4548/9751/2
f 4549/9755/3 4552/9764/3 4548/9752/3 4545/9743/3
f 4553/9765/3 4554/9766/3 4556/9770/3 4555/9768/3
f 4555/9769/2 4556/9771/2 4558/9775/2 4557/9773/2
f 4557/9774/1 4558/9776/1 4560/9779/1 4559/9778/1
f 4554/9767/4 4560/9780/4 4558/9777/4 4556/9772/4
f 4563/9784/3 4564/9785/3 4566/9789/3 4565/9787/3
f 4565/9788/2 4566/9790/2 4568/9794/2 4567/9792/2
f 4567/9793/1 4568/9795/1 4562/9782/1 4561/9781/1
f 4562/9783/4 4568/9796/4 4566/9791/4 4564/9786/4
f 4569/9797/3 4570/9799/3 4572/9803/3 4571/9802/3
f 4573/9805/1 4574/9806/1 4576/9810/1 4575/9808/1
f 4575/9809/2 4576/9811/2 4570/9800/2 4569/9798/2
f 4570/9801/5 4576/9812/5 4574/9807/5 4572/9804/5
f 4577/9813/3 4578/9815/3 4580/9819/3 4579/9818/3
f 4581/9821/1 4582/9822/1 4584/9826/1 4583/9824/1
f 4583/9825/2 4584/9827/2 4578/9816/2 4577/9814/2
f 4578/9817/5 4584/9828/5 4582/9823/5 4580/9820/5
f 4585/9829/3 4586/9831/3 4588/9835/3 4587/9834/3
f 4589/9837/1 4590/9838/1 4592/9842/1 4591/9840/1
f 4591/9841/2 4592/9843/2 4586/9832/2 4585/9830/2
f 4586/9833/5 4592/9844/5 4590/9839/5 4588/9836/5
f 4593/9845/3 4594/9847/3 4596/9851/3 4595/9850/3
f 4597/9853/1 4598/9854/1 4600/9858/1 4599/9856/1
f 4599/9857/2 4600/9859/2 4594/9848/2 4593/9846/2
f 4594/9849/5 4600/9860/5 4598/9855/5 4596/9852/5
f 4601/9861/3 4602/9863/3 4604/9868/3 4603/9865/3
f 4603/9866/2 4604/9869/2 4606/9874/2 4605/9871/2
f 4605/9872/1 4606/9875/1 4608/9879/1 4607/9877/1
f 4607/9878/5 4601/9862/5 4603/9867/5 4605/9873/5
f 4613/9893/4 4614/9896/4 4615/9899/4 4616/9902/4
f 4610/9884/4 4609/9881/4 4602/9864/4 4608/9880/4
f 4611/9887/4 4610/9884/4 4608/9880/4 4606/9876/4
f 4612/9890/4 4611/9887/4 4606/9876/4 4604/9870/4
f 4609/9881/4 4612/9890/4 4604/9870/4 4602/9864/4
f 4614/9897/6 4613/9894/6 4609/9882/6 4610/9885/6
f 4615/9900/1 4614/9898/1 4610/9886/1 4611/9888/1
f 4616/9903/2 4615/9901/2 4611/9889/2 4612/9891/2
f 4613/9895/3 4616/9904/3 4612/9892/3 4609/9883/3
f 4617/9905/3 4618/9906/3 4620/9910/3 4619/9908/3
f 4619/9909/2 4620/9911/2 4622/9915/2 4621/9913/2
f 4621/9914/1 4622/9916/1 4624/9919/1 4623/9918/1
f 4618/9907/4 4624/9920/4 4622/9917/4 4620/9912/4
f 4627/9924/3 4628/9925/3 4630/9929/3 4629/9927/3
f 4629/9928/2 4630/9930/2 4632/9934/2 4631/9932/2
f 4631/9933/1 4632/9935/1 4626/9922/1 4625/9921/1
f 4626/9923/4 4632/9936/4 4630/9931/4 4628/9926/4
f 4633/9937/3 4634/9939/3 4636/9943/3 4635/9942/3
f 4637/9945/1 4638/9946/1 4640/9950/1 4639/9948/1
f 4639/9949/2 4640/9951/2 4634/9940/2 4633/9938/2
f 4634/9941/5 4640/9952/5 4638/9947/5 4636/9944/5
f 4641/9953/3 4642/9955/3 4644/9959/3 4643/9958/3
f 4645/9961/1 4646/9962/1 4648/9966/1 4647/9964/1
f 4647/9965/2 4648/9967/2 4642/9956/2 4641/9954/2
f 4642/9957/5 4648/9968/5 4646/9963/5 4644/9960/5
f 4649/9969/3 4650/9971/3 4652/9975/3 4651/9974/3
f 4653/9977/1 4654/9978/1 4656/9982/1 4655/9980/1
f 4655/9981/2 4656/9983/2 4650/9972/2 4649/9970/2
f 4650/9973/5 4656/9984/5 4654/9979/5 4652/9976/5
f 4657/9985/3 4658/9987/3 4660/9991/3 4659/9990/3
f 4661/9993/1 4662/9994/1 4664/9998/1 4663/9996/1
f 4663/9997/2 4664/9999/2 4658/9988/2 4657/9986/2
f 4658/9989/5 4664/10000/5 4662/9995/5 4660/9992/5
f 4665/10001/3 4666/10003/3 4668/10008/3 4667/10005/3
f 4667/10006/2 4668/10009/2 4670/10014/2 4669/10011/2
f 4669/10012/1 4670/10015/1 4672/10019/1 4671/10017/1
f 4671/10018/5 4665/10002/5 4667/10007/5 4669/10013/5
f 4677/10033/4 4678/10036/4 4679/10039/4 4680/10042/4
f 4674/10024/4 4673/10021/4 4666/10004/4 4672/10020/4
f 4675/10027/4 4674/10024/4 4672/10020/4 4670/10016/4
f 4676/10030/4 4675/10027/4 4670/10016/4 4668/10010/4
f 4673/10021/4 4676/10030/4 4668/10010/4 4666/10004/4
f 4678/10037/6 4677/10034/6 4673/10022/6 4674/10025/6
f 4679/10040/1 4678/10038/1 4674/10026/1 4675/10028/1
f 4680/10043/2 4679/10041/2 4675/10029/2 4676/10031/2
f 4677/10035/3 4680/10044/3 4676/10032/3 4673/10023/3
f 4681/10045/3 4682/10046/3 4684/10050/3 4683/10048/3
f 4683/10049/2 4684/10051/2 4686/10055/2 4685/10053/2
f 4685/10054/1 4686/10056/1 4688/10059/1 4687/10058/1
f 4682/10047/4 4688/10060/4 4686/10057/4 4684/10052/4
f 4691/10064/3 4692/10065/3 4694/10069/3 4693/10067/3
f 4693/10068/2 4694/10070/2 4696/10074/2 4695/10072/2
f 4695/10073/1 4696/10075/1 4690/10062/1 4689/10061/1
f 4690/10063/4 4696/10076/4 4694/10071/4 4692/10066/4
f 4697/10077/3 4698/10079/3 4700/10083/3 4699/10082/3
f 4701/10085/1 4702/10086/1 4704/10090/1 4703/10088/1
f 4703/10089/2 4704/10091/2 4698/10080/2 4697/10078/2
f 4698/10081/5 4704/10092/5 4702/10087/5 4700/10084/5
f 4705/10093/3 4706/10095/3 4708/10099/3 4707/10098/3
f 4709/10101/1 4710/10102/1 4712/10106/1 4711/10104/1
f 4711/10105/2 4712/10107/2 4706/10096/2 4705/10094/2
f 4706/10097/5 4712/10108/5 4710/10103/5 4708/10100/5
f 4713/10109/3 4714/10111/3 4716/10115/3 4715/10114/3
f 4717/10117/1 4718/10118/1 4720/10122/1 4719/10120/1
f 4719/10121/2 4720/10123/2 4714/10112/2 4713/10110/2
f 4714/10113/5 4720/10124/5 4718/10119/5 4716/10116/5
f 4721/10125/3 4722/10127/3 4724/10131/3 4723/10130/3
f 4725/10133/1 4726/10134/1 4728/10138/1 4727/10136/1
f 4727/10137/2 4728/10139/2 4722/10128/2 4721/10126/2
f 4722/10129/5 4728/10140/5 4726/10135/5 4724/10132/5
f 4729/10141/3 4730/10143/3 4732/10148/3 4731/10145/3
f 4731/10146/2 4732/10149/2 4734/10154/2 4733/10151/2
f 4733/10152/1 4734/10155/1 4736/10159/1 4735/10157/1
f 4735/10158/5 4729/10142/5 4731/10147/5 4733/10153/5
f 4741/10173/4 4742/10176/4 4743/10179/4 4744/10182/4
f 4738/10164/4 4737/10161/4 4730/10144/4 4736/10160/4
f 4739/10167/4 4738/10164/4 4736/10160/4 4734/10156/4
f 4740/10170/4 4739/10167/4 4734/10156/4 4732/10150/4
f 4737/10161/4 4740/10170/4 4732/10150/4 4730/10144/4
f 4742/10177/6 4741/10174/6 4737/10162/6 4738/10165/6
f 4743/10180/1 4742/10178/1 4738/10166/1 4739/10168/1
f 4744/10183/2 4743/10181/2 4739/10169/2 4740/10171/2
f 4741/10175/3 4744/10184/3 4740/10172/3 4737/10163/3
f 4745/10185/3 4746/10186/3 4748/10190/3 4747/10188/3
f 4747/10189/2 4748/10191/2 4750/10195/2 4749/10193/2
f 4749/10194/1 4750/10196/1 4752/10199/1 4751/10198/1
f 4746/10187/4 4752/10200/4 4750/10197/4 4748/10192/4
f 4755/10204/3 4756/10205/3 4758/10209/3 4757/10207/3
f 4757/10208/2 4758/10210/2 4760/10214/2 4759/10212/2
f 4759/10213/1 4760/10215/1 4754/10202/1 4753/10201/1
f 4754/10203/4 4760/10216/4 4758/10211/4 4756/10206/4
f 4761/10217/3 4762/10219/3 4764/10223/3 4763/10222/3
f 4765/10225/1 4766/10226/1 4768/10230/1 4767/10228/1
f 4767/10229/2 4768/10231/2 4762/10220/2 4761/10218/2
f 4762/10221/5 4768/10232/5 4766/10227/5 4764/10224/5
f 4769/10233/3 4770/10235/3 4772/10239/3 4771/10238/3
f 4773/10241/1 4774/10242/1 4776/10246/1 4775/10244/1
f 4775/10245/2 4776/10247/2 4770/10236/2 4769/10234/2
f 4770/10237/5 4776/10248/5 4774/10243/5 4772/10240/5
f 4777/10249/3 4778/10251/3 4780/10255/3 4779/10254/3
f 4781/10257/1 4782/10258/1 4784/10262/1 4783/10260/1
f 4783/10261/2 4784/10263/2 4778/10252/2 4777/10250/2
f 4778/10253/5 4784/10264/5 4782/10259/5 4780/10256/5
f 4785/10265/3 4786/10267/3 4788/10271/3 4787/10270/3
f 4789/10273/1 4790/10274/1 4792/10278/1 4791/10276/1
f 4791/10277/2 4792/10279/2 4786/10268/2 4785/10266/2
f 4786/10269/5 4792/10280/5 4790/10275/5 4788/10272/5
f 4793/10281/3 4794/10283/3 4796/10288/3 4795/10285/3
f 4795/10286/2 4796/10289/2 4798/10294/2 4797/10291/2
f 4797/10292/1 4798/10295/1 4800/10299/1 4799/10297/1
f 4799/10298/5 4793/10282/5 4795/10287/5 4797/10293/5
f 4805/10313/4 4806/10316/4 4807/10319/4 4808/10322/4
f 4802/10304/4 4801/10301/4 4794/10284/4 4800/10300/4
f 4803/10307/4 4802/10304/4 4800/10300/4 4798/10296/4
f 4804/10310/4 4803/10307/4 4798/10296/4 4796/10290/4
f 4801/10301/4 4804/10310/4 4796/10290/4 4794/10284/4
f 4806/10317/6 4805/10314/6 4801/10302/6 4802/10305/6
f 4807/10320/1 4806/10318/1 4802/10306/1 4803/10308/1
f 4808/10323/2 4807/10321/2 4803/10309/2 4804/10311/2
f 4805/10315/3 4808/10324/3 4804/10312/3 4801/10303/3
f 4809/10325/3 4810/10326/3 4812/10330/3 4811/10328/3
f 4811/10329/2 4812/10331/2 4814/10335/2 4813/10333/2
f 4813/10334/1 4814/10336/1 4816/10339/1 4815/10338/1
f 4810/10327/4 4816/10340/4 4814/10337/4 4812/10332/4
f 4819/10344/3 4820/10345/3 4822/10349/3 4821/10347/3
f 4821/10348/2 4822/10350/2 4824/10354/2 4823/10352/2
f 4823/10353/1 4824/10355/1 4818/10342/1 4817/10341/1
f 4818/10343/4 4824/10356/4 4822/10351/4 4820/10346/4
f 4825/10357/3 4826/10359/3 4828/10363/3 4827/10362/3
f 4829/10365/1 4830/10366/1 4832/10370/1 4831/10368/1
f 4831/10369/2 4832/10371/2 4826/10360/2 4825/10358/2
f 4826/10361/5 4832/10372/5 4830/10367/5 4828/10364/5
f 4833/10373/3 4834/10375/3 4836/10379/3 4835/10378/3
f 4837/10381/1 4838/10382/1 4840/10386/1 4839/10384/1
f 4839/10385/2 4840/10387/2 4834/10376/2 4833/10374/2
f 4834/10377/5 4840/10388/5 4838/10383/5 4836/10380/5
f 4841/10389/3 4842/10391/3 4844/10395/3 4843/10394/3
f 4845/10397/1 4846/10398/1 4848/10402/1 4847/10400/1
f 4847/10401/2 4848/10403/2 4842/10392/2 4841/10390/2
f 4842/10393/5 4848/10404/5 4846/10399/5 4844/10396/5
f 4849/10405/3 4850/10407/3 4852/10411/3 4851/10410/3
f 4853/10413/1 4854/10414/1 4856/10418/1 4855/10416/1
f 4855/10417/2 4856/10419/2 4850/10408/2 4849/10406/2
f 4850/10409/5 4856/10420/5 4854/10415/5 4852/10412/5
f 4857/10421/3 4858/10423/3 4860/10428/3 4859/10425/3
f 4859/10426/2 4860/10429/2 4862/10434/2 4861/10431/2
f 4861/10432/1 4862/10435/1 4864/10439/1 4863/10437/1
f 4863/10438/5 4857/10422/5 4859/10427/5 4861/10433/5
f 4869/10453/4 4870/10456/4 4871/10459/4 4872/10462/4
f 4866/10444/4 4865/10441/4 4858/10424/4 4864/10440/4
f 4867/10447/4 4866/10444/4 4864/10440/4 4862/10436/4
f 4868/10450/4 4867/10447/4 4862/10436/4 4860/10430/4
f 4865/10441/4 4868/10450/4 4860/10430/4 4858/10424/4
f 4870/10457/6 4869/10454/6 4865/10442/6 4866/10445/6
f 4871/10460/1 4870/10458/1 4866/10446/1 4867/10448/1
f 4872/10463/2 4871/10461/2 4867/10449/2 4868/10451/2
f 4869/10455/3 4872/10464/3 4868/10452/3 4865/10443/3
f 4873/10465/3 4874/10466/3 4876/10470/3 4875/10468/3
f 4875/10469/2 4876/10471/2 4878/10475/2 4877/10473/2
f 4877/10474/1 4878/10476/1 4880/10479/1 4879/10478/1
f 4874/10467/4 4880/10480/4 4878/10477/4 4876/10472/4
f 4883/10484/3 4884/10485/3 4886/10489/3 4885/10487/3
f 4885/10488/2 4886/10490/2 4888/10494/2 4887/10492/2
f 4887/10493/1 4888/10495/1 4882/10482/1 4881/10481/1
f 4882/10483/4 4888/10496/4 4886/10491/4 4884/10486/4
f 4889/10497/3 4890/10499/3 4892/10503/3 4891/10502/3
f 4893/10505/1 4894/10506/1 4896/10510/1 4895/10508/1
f 4895/10509/2 4896/10511/2 4890/10500/2 4889/10498/2
f 4890/10501/5 4896/10512/5 4894/10507/5 4892/10504/5
f 4897/10513/3 4898/10515/3 4900/10519/3 4899/10518/3
f 4901/10521/1 4902/10522/1 4904/10526/1 4903/10524/1
f 4903/10525/2 4904/10527/2 4898/10516/2 4897/10514/2
f 4898/10517/5 4904/10528/5 4902/10523/5 4900/10520/5
f 4905/10529/3 4906/10531/3 4908/10535/3 4907/10534/3
f 4909/10537/1 4910/10538/1 4912/10542/1 4911/10540/1
f 4911/10541/2 4912/10543/2 4906/10532/2 4905/10530/2
f 4906/10533/5 4912/10544/5 4910/10539/5 4908/10536/5
f 4913/10545/3 4914/10547/3 4916/10551/3 4915/10550/3
f 4917/10553/1 4918/10554/1 4920/10558/1 4919/10556/1
f 4919/10557/2 4920/10559/2 4914/10548/2 4913/10546/2
f 4914/10549/5 4920/10560/5 4918/10555/5 4916/10552/5
f 4921/10561/3 4922/10563/3 4924/10568/3 4923/10565/3
f 4923/10566/2 4924/10569/2 4926/10574/2 4925/10571/2
f 4925/10572/1 4926/10575/1 4928/10579/1 4927/10577/1
f 4927/10578/5 4921/10562/5 4923/10567/5 4925/10573/5
f 4933/10593/4 4934/10596/4 4935/10599/4 4936/10602/4
f 4930/10584/4 4929/10581/4 4922/10564/4 4928/10580/4
f 4931/10587/4 4930/10584/4 4928/10580/4 4926/10576/4
f 4932/10590/4 4931/10587/4 4926/10576/4 4924/10570/4
f 4929/10581/4 4932/10590/4 4924/10570/4 4922/10564/4
f 4934/10597/6 4933/10594/6 4929/10582/6 4930/10585/6
f 4935/10600/1 4934/10598/1 4930/10586/1 4931/10588/1
f 4936/10603/2 4935/10601/2 4931/10589/2 4932/10591/2
f 4933/10595/3 4936/10604/3 4932/10592/3 4929/10583/3
f 4937/10605/3 4938/10606/3 4940/10610/3 4939/10608/3
f 4939/10609/2 4940/10611/2 4942/10615/2 4941/10613/2
f 4941/10614/1 4942/10616/1 4944/10619/1 4943/10618/1
f 4938/10607/4 4944/10620/4 4942/10617/4 4940/10612/4
f 4947/10624/3 4948/10625/3 4950/10629/3 4949/10627/3
f 4949/10628/2 4950/10630/2 4952/10634/2 4951/10632/2
f 4951/10633/1 4952/10635/1 4946/10622/1 4945/10621/1
f 4946/10623/4 4952/10636/4 4950/10631/4 4948/10626/4
f 4953/10637/3 4954/10639/3 4956/10643/3 4955/10642/3
f 4957/10645/1 4958/10646/1 4960/10650/1 4959/10648/1
f 4959/10649/2 4960/10651/2 4954/10640/2 4953/10638/2
f 4954/10641/5 4960/10652/5 4958/10647/5 4956/10644/5
f 4961/10653/3 4962/10655/3 4964/10659/3 4963/10658/3
f 4965/10661/1 4966/10662/1 4968/10666/1 4967/10664/1
f 4967/10665/2 4968/10667/2 4962/10656/2 4961/10654/2
f 4962/10657/5 4968/10668/5 4966/10663/5 4964/10660/5
f 4969/10669/3 4970/10671/3 4972/10675/3 4971/10674/3
f 4973/10677/1 4974/10678/1 4976/10682/1 4975/10680/1
f 4975/10681/2 4976/10683/2 4970/10672/2 4969/10670/2
f 4970/10673/5 4976/10684/5 4974/10679/5 4972/10676/5
f 4977/10685/3 4978/10687/3 4980/10691/3 4979/10690/3
f 4981/10693/1 4982/10694/1 4984/10698/1 4983/10696/1
f 4983/10697/2 4984/10699/2 4978/10688/2 4977/10686/2
f 4978/10689/5 4984/10700/5 4982/10695/5 4980/10692/5
f 4985/10701/3 4986/10703/3 4988/10708/3 4987/10705/3
f 4987/10706/2 4988/10709/2 4990/10714/2 4989/10711/2
f 4989/10712/1 4990/10715/1 4992/10719/1 4991/10717/1
f 4991/10718/5 4985/10702/5 4987/10707/5 4989/10713/5
f 4997/10733/4 4998/10736/4 4999/10739/4 5000/10742/4
f 4994/10724/4 4993/10721/4 4986/10704/4 4992/10720/4
f 4995/10727/4 4994/10724/4 4992/10720/4 4990/10716/4
f 4996/10730/4 4995/10727/4 4990/10716/4 4988/10710/4
f 4993/10721/4 4996/10730/4 4988/10710/4 4986/10704/4
f 4998/10737/6 4997/10734/6 4993/10722/6 4994/10725/6
f 4999/10740/1 4998/10738/1 4994/10726/1 4995/10728/1
f 5000/10743/2 4999/10741/2 4995/10729/2 4996/10731/2
f 4997/10735/3 5000/10744/3 4996/10732/3 4993/10723/3
f 5001/10745/3 5002/10746/3 5004/10750/3 5003/10748/3
f 5003/10749/2 5004/10751/2 5006/10755/2 5005/10753/2
f 5005/10754/1 5006/10756/1 5008/10759/1 5007/10758/1
f 5002/10747/4 5008/10760/4 5006/10757/4 5004/10752/4
f 5011/10764/3 5012/10765/3 5014/10769/3 5013/10767/3
f 5013/10768/2 5014/10770/2 5016/10774/2 5015/10772/2
f 5015/10773/1 5016/10775/1 5010/10762/1 5009/10761/1
f 5010/10763/4 5016/10776/4 5014/10771/4 5012/10766/4
f 5017/10777/3 5018/10779/3 5020/10783/3 5019/10782/3
f 5021/10785/1 5022/10786/1 5024/10790/1 5023/10788/1
f 5023/10789/2 5024/10791/2 5018/10780/2 5017/10778/2
f 5018/10781/5 5024/10792/5 5022/10787/5 5020/10784/5
f 5025/10793/3 5026/10795/3 5028/10799/3 5027/10798/3
f 5029/10801/1 5030/10802/1 5032/10806/1 5031/10804/1
f 5031/10805/2 5032/10807/2 5026/10796/2 5025/10794/2
f 5026/10797/5 5032/10808/5 5030/10803/5 5028/10800/5
f 5033/10809/3 5034/10811/3 5036/10815/3 5035/10814/3
f 5037/10817/1 5038/10818/1 5040/10822/1 5039/10820/1
f 5039/10821/2 5040/10823/2 5034/10812/2 5033/10810/2
f 5034/10813/5 5040/10824/5 5038/10819/5 5036/10816/5
f 5041/10825/3 5042/10827/3 5044/10831/3 5043/10830/3
f 5045/10833/1 5046/10834/1 5048/10838/1 5047/10836/1
f 5047/10837/2 5048/10839/2 5042/10828/2 5041/10826/2
f 5042/10829/5 5048/10840/5 5046/10835/5 5044/10832/5
f 5049/10841/3 5050/10843/3 5052/10848/3 5051/10845/3
f 5051/10846/2 5052/10849/2 5054/10854/2 5053/10851/2
f 5053/10852/1 5054/10855/1 5056/10859/1 5055/10857/1
f 5055/10858/5 5049/10842/5 5051/10847/5 5053/10853/5
f 5061/10873/4 5062/10876/4 5063/10879/4 5064/10882/4
f 5058/10864/4 5057/10861/4 5050/10844/4 5056/10860/4
f 5059/10867/4 5058/10864/4 5056/10860/4 5054/10856/4
f 5060/10870/4 5059/10867/4 5054/10856/4 5052/10850/4
f 5057/10861/4 5060/10870/4 5052/10850/4 5050/10844/4
f 5062/10877/6 5061/10874/6 5057/10862/6 5058/10865/6
f 5063/10880/1 5062/10878/1 5058/10866/1 5059/10868/1
f 5064/10883/2 5063/10881/2 5059/10869/2 5060/10871/2
f 5061/10875/3 5064/10884/3 5060/10872/3 5057/10863/3
f 5065/10885/3 5066/10886/3 5068/10890/3 5067/10888/3
f 5067/10889/2 5068/10891/2 5070/10895/2 5069/10893/2
f 5069/10894/1 5070/10896/1 5072/10899/1 5071/10898/1
f 5066/10887/4 5072/10900/4 5070/10897/4 5068/10892/4
f 5075/10904/3 5076/10905/3 5078/10909/3 5077/10907/3
f 5077/10908/2 5078/10910/2 5080/10914/2 5079/10912/2
f 5079/10913/1 5080/10915/1 5074/10902/1 5073/10901/1
f 5074/10903/4 5080/10916/4 5078/10911/4 5076/10906/4
f 5081/10917/3 5082/10919/3 5084/10923/3 5083/10922/3
f 5085/10925/1 5086/10926/1 5088/10930/1 5087/10928/1
f 5087/10929/2 5088/10931/2 5082/10920/2 5081/10918/2
f 5082/10921/5 5088/10932/5 5086/10927/5 5084/10924/5
f 5089/10933/3 5090/10935/3 5092/10939/3 5091/10938/3
f 5093/10941/1 5094/10942/1 5096/10946/1 5095/10944/1
f 5095/10945/2 5096/10947/2 5090/10936/2 5089/10934/2
f 5090/10937/5 5096/10948/5 5094/10943/5 5092/10940/5
f 5097/10949/3 5098/10951/3 5100/10955/3 5099/10954/3
f 5101/10957/1 5102/10958/1 5104/10962/1 5103/10960/1
f 5103/10961/2 5104/10963/2 5098/10952/2 5097/10950/2
f 5098/10953/5 5104/10964/5 5102/10959/5 5100/10956/5
f 5105/10965/3 5106/10967/3 5108/10971/3 5107/10970/3
f 5109/10973/1 5110/10974/1 5112/10978/1 5111/10976/1
f 5111/10977/2 5112/10979/2 5106/10968/2 5105/10966/2
f 5106/10969/5 5112/10980/5 5110/10975/5 5108/10972/5
f 5113/10981/3 5114/10983/3 5116/10988/3 5115/10985/3
f 5115/10986/2 5116/10989/2 5118/10994/2 5117/10991/2
f 5117/10992/1 5118/10995/1 5120/10999/1 5119/10997/1
f 5119/10998/5 5113/10982/5 5115/10987/5 5117/10993/5
f 5125/11013/4 5126/11016/4 5127/11019/4 5128/11022/4
f 5122/11004/4 5121/11001/4 5114/10984/4 5120/11000/4
f 5123/11007/4 5122/11004/4 5120/11000/4 5118/10996/4
f 5124/11010/4 5123/11007/4 5118/10996/4 5116/10990/4
f 5121/11001/4 5124/11010/4 5116/10990/4 5114/10984/4
f 5126/11017/6 5125/11014/6 5121/11002/6 5122/11005/6
f 5127/11020/1 5126/11018/1 5122/11006/1 5123/11008/1
f 5128/11023/2 5127/11021/2 5123/11009/2 5124/11011/2
f 5125/11015/3 5128/11024/3 5124/11012/3 5121/11003/3
f 5129/11025/3 5130/11026/3 5132/11030/3 5131/11028/3
f 5131/11029/2 5132/11031/2 5134/11035/2 5133/11033/2
f 5133/11034/1 5134/11036/1 5136/11039/1 5135/11038/1
f 5130/11027/4 5136/11040/4 5134/11037/4 5132/11032/4
f 5139/11044/3 5140/11045/3 5142/11049/3 5141/11047/3
f 5141/11048/2 5142/11050/2 5144/11054/2 5143/11052/2
f 5143/11053/1 5144/11055/1 5138/11042/1 5137/11041/1
f 5138/11043/4 5144/11056/4 5142/11051/4 5140/11046/4
f 5145/11057/3 5146/11059/3 5148/11063/3 5147/11062/3
f 5149/11065/1 5150/11066/1 5152/11070/1 5151/11068/1
f 5151/11069/2 5152/11071/2 5146/11060/2 5145/11058/2
f 5146/11061/5 5152/11072/5 5150/11067/5 5148/11064/5
f 5153/11073/3 5154/11075/3 5156/11079/3 5155/11078/3
f 5157/11081/1 5158/11082/1 5160/11086/1 5159/11084/1
f 5159/11085/2 5160/11087/2 5154/11076/2 5153/11074/2
f 5154/11077/5 5160/11088/5 5158/11083/5 5156/11080/5
f 5161/11089/3 5162/11091/3 5164/11095/3 5163/11094/3
f 5165/11097/1 5166/11098/1 5168/11102/1 5167/11100/1
f 5167/11101/2 5168/11103/2 5162/11092/2 5161/11090/2
f 5162/11093/5 5168/11104/5 5166/11099/5 5164/11096/5
f 5169/11105/3 5170/11107/3 5172/11111/3 5171/11110/3
f 5173/11113/1 5174/11114/1 5176/11118/1 5175/11116/1
f 5175/11117/2 5176/11119/2 5170/11108/2 5169/11106/2
f 5170/11109/5 5176/11120/5 5174/11115/5 5172/11112/5
f 5177/11121/3 5178/11123/3 5180/11128/3 5179/11125/3
f 5179/11126/2 5180/11129/2 5182/11134/2 5181/11131/2
f 5181/11132/1 5182/11135/1 5184/11139/1 5183/11137/1
f 5183/11138/5 5177/11122/5 5179/11127/5 5181/11133/5
f 5189/11153/4 5190/11156/4 5191/11159/4 5192/11162/4
f 5186/11144/4 5185/11141/4 5178/11124/4 5184/11140/4
f 5187/11147/4 5186/11144/4 5184/11140/4 5182/11136/4
f 5188/11150/4 5187/11147/4 5182/11136/4 5180/11130/4
f 5185/11141/4 5188/11150/4 5180/11130/4 5178/11124/4
f 5190/11157/6 5189/11154/6 5185/11142/6 5186/11145/6
f 5191/11160/1 5190/11158/1 5186/11146/1 5187/11148/1
f 5192/11163/2 5191/11161/2 5187/11149/2 5188/11151/2
f 5189/11155/3 5192/11164/3 5188/11152/3 5185/11143/3
f 5193/11165/3 5194/11166/3 5196/11170/3 5195/11168/3
f 5195/11169/2 5196/11171/2 5198/11175/2 5197/11173/2
f 5197/11174/1 5198/11176/1 5200/11179/1 5199/11178/1
f 5194/11167/4 5200/11180/4 5198/11177/4 5196/11172/4
f 5203/11184/3 5204/11185/3 5206/11189/3 5205/11187/3
f 5205/11188/2 5206/11190/2 5208/11194/2 5207/11192/2
f 5207/11193/1 5208/11195/1 5202/11182/1 5201/11181/1
f 5202/11183/4 5208/11196/4 5206/11191/4 5204/11186/4
f 5209/11197/3 5210/11199/3 5212/11203/3 5211/11202/3
f 5213/11205/1 5214/11206/1 5216/11210/1 5215/11208/1
f 5215/11209/2 5216/11211/2 5210/11200/2 5209/11198/2
f 5210/11201/5 5216/11212/5 5214/11207/5 5212/11204/5
f 5217/11213/3 5218/11215/3 5220/11219/3 5219/11218/3
f 5221/11221/1 5222/11222/1 5224/11226/1 5223/11224/1
f 5223/11225/2 5224/11227/2 5218/11216/2 5217/11214/2
f 5218/11217/5 5224/11228/5 5222/11223/5 5220/11220/5
f 5225/11229/3 5226/11231/3 5228/11235/3 5227/11234/3
f 5229/11237/1 5230/11238/1 5232/11242/1 5231/11240/1
f 5231/11241/2 5232/11243/2 5226/11232/2 5225/11230/2
f 5226/11233/5 5232/11244/5 5230/11239/5 5228/11236/5
f 5233/11245/3 5234/11247/3 5236/11251/3 5235/11250/3
f 5237/11253/1 5238/11254/1 5240/11258/1 5239/11256/1
f 5239/11257/2 5240/11259/2 5234/11248/2 5233/11246/2
f 5234/11249/5 5240/11260/5 5238/11255/5 5236/11252/5
f 5241/11261/3 5242/11263/3 5244/11268/3 5243/11265/3
f 5243/11266/2 5244/11269/2 5246/11274/2 5245/11271/2
f 5245/11272/1 5246/11275/1 5248/11279/1 5247/11277/1
f 5247/11278/5 5241/11262/5 5243/11267/5 5245/11273/5
f 5253/11293/4 5254/11296/4 5255/11299/4 5256/11302/4
f 5250/11284/4 5249/11281/4 5242/11264/4 5248/11280/4
f 5251/11287/4 5250/11284/4 5248/11280/4 5246/11276/4
f 5252/11290/4 5251/11287/4 5246/11276/4 5244/11270/4
f 5249/11281/4 5252/11290/4 5244/11270/4 5242/11264/4
f 5254/11297/6 5253/11294/6 5249/11282/6 5250/11285/6
f 5255/11300/1 5254/11298/1 5250/11286/1 5251/11288/1
f 5256/11303/2 5255/11301/2 5251/11289/2 5252/11291/2
f 5253/11295/3 5256/11304/3 5252/11292/3 5249/11283/3
f 5257/11305/3 5258/11306/3 5260/11310/3 5259/11308/3
f 5259/11309/2 5260/11311/2 5262/11315/2 5261/11313/2
f 5261/11314/1 5262/11316/1 5264/11319/1 5263/11318/1
f 5258/11307/4 5264/11320/4 5262/11317/4 5260/11312/4
f 5267/11324/3 5268/11325/3 5270/11329/3 5269/11327/3
f 5269/11328/2 5270/11330/2 5272/11334/2 5271/11332/2
f 5271/11333/1 5272/11335/1 5266/11322/1 5265/11321/1
f 5266/11323/4 5272/11336/4 5270/11331/4 5268/11326/4
f 5273/11337/3 5274/11339/3 5276/11343/3 5275/11342/3
f 5277/11345/1 5278/11346/1 5280/11350/1 5279/11348/1
f 5279/11349/2 5280/11351/2 5274/11340/2 5273/11338/2
f 5274/11341/5 5280/11352/5 5278/11347/5 5276/11344/5
f 5281/11353/3 5282/11355/3 5284/11359/3 5283/11358/3
f 5285/11361/1 5286/11362/1 5288/11366/1 5287/11364/1
f 5287/11365/2 5288/11367/2 5282/11356/2 5281/11354/2
f 5282/11357/5 5288/11368/5 5286/11363/5 5284/11360/5
f 5289/11369/3 5290/11371/3 5292/11375/3 5291/11374/3
f 5293/11377/1 5294/11378/1 5296/11382/1 5295/11380/1
f 5295/11381/2 5296/11383/2 5290/11372/2 5289/11370/2
f 5290/11373/5 5296/11384/5 5294/11379/5 5292/11376/5
f 5297/11385/3 5298/11387/3 5300/11391/3 5299/11390/3
f 5301/11393/1 5302/11394/1 5304/11398/1 5303/11396/1
f 5303/11397/2 5304/11399/2 5298/11388/2 5297/11386/2
f 5298/11389/5 5304/11400/5 5302/11395/5 5300/11392/5
f 5305/11401/7 5306/11403/7 5308/11408/7 5307/11405/7
f 5307/11406/2 5308/11409/2 5310/11414/2 5309/11411/2
f 5309/11412/8 5310/11415/8 5312/11419/8 5311/11417/8
f 5311/11418/5 5305/11402/5 5307/11407/5 5309/11413/5
f 5317/11433/4 5318/11436/4 5319/11439/4 5320/11442/4
f 5314/11424/4 5313/11421/4 5306/11404/4 5312/11420/4
f 5315/11427/4 5314/11424/4 5312/11420/4 5310/11416/4
f 5316/11430/4 5315/11427/4 5310/11416/4 5308/11410/4
f 5313/11421/4 5316/11430/4 5308/11410/4 5306/11404/4
f 5318/11437/6 5317/11434/6 5313/11422/6 5314/11425/6
f 5319/11440/9 5318/11438/9 5314/11426/9 5315/11428/9
f 5320/11443/2 5319/11441/2 5315/11429/2 5316/11431/2
f 5317/11435/3 5320/11444/3 5316/11432/3 5313/11423/3
f 5321/11445/3 5322/11446/3 5324/11450/3 5323/11448/3
f 5323/11449/2 5324/11451/2 5326/11455/2 5325/11453/2
f 5325/11454/1 5326/11456/1 5328/11459/1 5327/11458/1
f 5322/11447/4 5328/11460/4 5326/11457/4 5324/11452/4
f 5331/11464/10 5332/11465/10 5334/11469/10 5333/11467/10
f 5333/11468/2 5334/11470/2 5336/11474/2 5335/11472/2
f 5335/11473/1 5336/11475/1 5330/11462/1 5329/11461/1
f 5330/11463/4 5336/11476/4 5334/11471/4 5332/11466/4
f 5337/11477/11 5338/11479/11 5340/11483/11 5339/11482/11
f 5341/11485/1 5342/11486/1 5344/11490/1 5343/11488/1
f 5343/11489/2 5344/11491/2 5338/11480/2 5337/11478/2
f 5338/11481/5 5344/11492/5 5342/11487/5 5340/11484/5
f 5345/11493/11 5346/11495/11 5348/11499/11 5347/11498/11
f 5349/11501/1 5350/11502/1 5352/11506/1 5351/11504/1
f 5351/11505/2 5352/11507/2 5346/11496/2 5345/11494/2
f 5346/11497/5 5352/11508/5 5350/11503/5 5348/11500/5
f 5353/11509/11 5354/11511/11 5356/11515/11 5355/11514/11
f 5357/11517/1 5358/11518/1 5360/11522/1 5359/11520/1
f 5359/11521/2 5360/11523/2 5354/11512/2 5353/11510/2
f 5354/11513/5 5360/11524/5 5358/11519/5 5356/11516/5
f 5361/11525/3 5362/11527/3 5364/11531/3 5363/11530/3
f 5365/11533/1 5366/11534/1 5368/11538/1 5367/11536/1
f 5367/11537/2 5368/11539/2 5362/11528/2 5361/11526/2
f 5362/11529/5 5368/11540/5 5366/11535/5 5364/11532/5
f 5369/11541/3 5370/11543/3 5372/11548/3 5371/11545/3
f 5371/11546/2 5372/11549/2 5374/11554/2 5373/11551/2
f 5373/11552/1 5374/11555/1 5376/11559/1 5375/11557/1
f 5375/11558/5 5369/11542/5 5371/11547/5 5373/11553/5
f 5381/11573/4 5382/11576/4 5383/11579/4 5384/11582/4
f 5378/11564/4 5377/11561/4 5370/11544/4 5376/11560/4
f 5379/11567/4 5378/11564/4 5376/11560/4 5374/11556/4
f 5380/11570/4 5379/11567/4 5374/11556/4 5372/11550/4
f 5377/11561/4 5380/11570/4 5372/11550/4 5370/11544/4
f 5382/11577/6 5381/11574/6 5377/11562/6 5378/11565/6
f 5383/11580/1 5382/11578/1 5378/11566/1 5379/11568/1
f 5384/11583/2 5383/11581/2 5379/11569/2 5380/11571/2
f 5381/11575/3 5384/11584/3 5380/11572/3 5377/11563/3
f 5385/11585/3 5386/11586/3 5388/11590/3 5387/11588/3
f 5387/11589/2 5388/11591/2 5390/11595/2 5389/11593/2
f 5389/11594/12 5390/11596/12 5392/11599/12 5391/11598/12
f 5386/11587/4 5392/11600/4 5390/11597/4 5388/11592/4
f 5395/11604/3 5396/11605/3 5398/11609/3 5397/11607/3
f 5397/11608/2 5398/11610/2 5400/11614/2 5399/11612/2
f 5399/11613/13 5400/11615/13 5394/11602/13 5393/11601/13
f 5394/11603/4 5400/11616/4 5398/11611/4 5396/11606/4
f 5401/11617/10 5402/11619/10 5404/11623/10 5403/11622/10
f 5405/11625/12 5406/11626/12 5408/11630/12 5407/11628/12
f 5407/11629/2 5408/11631/2 5402/11620/2 5401/11618/2
f 5402/11621/5 5408/11632/5 5406/11627/5 5404/11624/5
f 5409/11633/3 5410/11635/3 5412/11639/3 5411/11638/3
f 5413/11641/1 5414/11642/1 5416/11646/1 5415/11644/1
f 5415/11645/2 5416/11647/2 5410/11636/2 5409/11634/2
f 5410/11637/5 5416/11648/5 5414/11643/5 5412/11640/5
f 5417/11649/3 5418/11651/3 5420/11655/3 5419/11654/3
f 5421/11657/1 5422/11658/1 5424/11662/1 5423/11660/1
f 5423/11661/2 5424/11663/2 5418/11652/2 5417/11650/2
f 5418/11653/5 5424/11664/5 5422/11659/5 5420/11656/5
f 5425/11665/3 5426/11667/3 5428/11671/3 5427/11670/3
f 5429/11673/1 5430/11674/1 5432/11678/1 5431/11676/1
f 5431/11677/2 5432/11679/2 5426/11668/2 5425/11666/2
f 5426/11669/5 5432/11680/5 5430/11675/5 5428/11672/5
f 5433/11681/14 5434/11683/14 5436/11688/14 5435/11685/14
f 5435/11686/2 5436/11689/2 5438/11694/2 5437/11691/2
f 5437/11692/8 5438/11695/8 5440/11699/8 5439/11697/8
f 5439/11698/5 5433/11682/5 5435/11687/5 5437/11693/5
f 5445/11713/4 5446/11716/4 5447/11719/4 5448/11722/4
f 5442/11704/4 5441/11701/4 5434/11684/4 5440/11700/4
f 5443/11707/4 5442/11704/4 5440/11700/4 5438/11696/4
f 5444/11710/4 5443/11707/4 5438/11696/4 5436/11690/4
f 5441/11701/4 5444/11710/4 5436/11690/4 5434/11684/4
f 5446/11717/6 5445/11714/6 5441/11702/6 5442/11705/6
f 5447/11720/1 5446/11718/1 5442/11706/1 5443/11708/1
f 5448/11723/2 5447/11721/2 5443/11709/2 5444/11711/2
f 5445/11715/3 5448/11724/3 5444/11712/3 5441/11703/3
f 5449/11725/3 5450/11726/3 5452/11730/3 5451/11728/3
f 5451/11729/2 5452/11731/2 5454/11735/2 5453/11733/2
f 5453/11734/1 5454/11736/1 5456/11739/1 5455/11738/1
f 5450/11727/4 5456/11740/4 5454/11737/4 5452/11732/4
f 5459/11744/3 5460/11745/3 5462/11749/3 5461/11747/3
f 5461/11748/2 5462/11750/2 5464/11754/2 5463/11752/2
f 5463/11753/1 5464/11755/1 5458/11742/1 5457/11741/1
f 5458/11743/4 5464/11756/4 5462/11751/4 5460/11746/4
f 5465/11757/3 5466/11759/3 5468/11763/3 5467/11762/3
f 5469/11765/1 5470/11766/1 5472/11770/1 5471/11768/1
f 5471/11769/2 5472/11771/2 5466/11760/2 5465/11758/2
f 5466/11761/5 5472/11772/5 5470/11767/5 5468/11764/5
f 5473/11773/3 5474/11775/3 5476/11779/3 5475/11778/3
f 5477/11781/1 5478/11782/1 5480/11786/1 5479/11784/1
f 5479/11785/2 5480/11787/2 5474/11776/2 5473/11774/2
f 5474/11777/5 5480/11788/5 5478/11783/5 5476/11780/5
f 5481/11789/3 5482/11791/3 5484/11795/3 5483/11794/3
f 5485/11797/1 5486/11798/1 5488/11802/1 5487/11800/1
f 5487/11801/2 5488/11803/2 5482/11792/2 5481/11790/2
f 5482/11793/5 5488/11804/5 5486/11799/5 5484/11796/5
f 5489/11805/3 5490/11807/3 5492/11811/3 5491/11810/3
f 5493/11813/1 5494/11814/1 5496/11818/1 5495/11816/1
f 5495/11817/2 5496/11819/2 5490/11808/2 5489/11806/2
f 5490/11809/5 5496/11820/5 5494/11815/5 5492/11812/5
f 5497/11821/3 5498/11823/3 5500/11828/3 5499/11825/3
f 5499/11826/2 5500/11829/2 5502/11834/2 5501/11831/2
f 5501/11832/1 5502/11835/1 5504/11839/1 5503/11837/1
f 5503/11838/5 5497/11822/5 5499/11827/5 5501/11833/5
f 5509/11853/4 5510/11856/4 5511/11859/4 5512/11862/4
f 5506/11844/4 5505/11841/4 5498/11824/4 5504/11840/4
f 5507/11847/4 5506/11844/4 5504/11840/4 5502/11836/4
f 5508/11850/4 5507/11847/4 5502/11836/4 5500/11830/4
f 5505/11841/4 5508/11850/4 5500/11830/4 5498/11824/4
f 5510/11857/6 5509/11854/6 5505/11842/6 5506/11845/6
f 5511/11860/1 5510/11858/1 5506/11846/1 5507/11848/1
f 5512/11863/2 5511/11861/2 5507/11849/2 5508/11851/2
f 5509/11855/15 5512/11864/15 5508/11852/15 5505/11843/15
f 5513/11865/10 5514/11866/10 5516/11870/10 5515/11868/10
f 5515/11869/2 5516/11871/2 5518/11875/2 5517/11873/2
f 5517/11874/1 5518/11876/1 5520/11879/1 5519/11878/1
f 5514/11867/4 5520/11880/4 5518/11877/4 5516/11872/4
f 5523/11884/3 5524/11885/3 5526/11889/3 5525/11887/3
f 5525/11888/2 5526/11890/2 5528/11894/2 5527/11892/2
f 5527/11893/13 5528/11895/13 5522/11882/13 5521/11881/13
f 5522/11883/4 5528/11896/4 5526/11891/4 5524/11886/4
f 5529/11897/11 5530/11899/11 5532/11903/11 5531/11902/11
f 5533/11905/1 5534/11906/1 5536/11910/1 5535/11908/1
f 5535/11909/2 5536/11911/2 5530/11900/2 5529/11898/2
f 5530/11901/5 5536/11912/5 5534/11907/5 5532/11904/5
f 5537/11913/3 5538/11915/3 5540/11919/3 5539/11918/3
f 5541/11921/1 5542/11922/1 5544/11926/1 5543/11924/1
f 5543/11925/2 5544/11927/2 5538/11916/2 5537/11914/2
f 5538/11917/5 5544/11928/5 5542/11923/5 5540/11920/5
f 5545/11929/3 5546/11931/3 5548/11935/3 5547/11934/3
f 5549/11937/1 5550/11938/1 5552/11942/1 5551/11940/1
f 5551/11941/2 5552/11943/2 5546/11932/2 5545/11930/2
f 5546/11933/5 5552/11944/5 5550/11939/5 5548/11936/5
f 5553/11945/3 5554/11947/3 5556/11951/3 5555/11950/3
f 5557/11953/13 5558/11954/13 5560/11958/13 5559/11956/13
f 5559/11957/2 5560/11959/2 5554/11948/2 5553/11946/2
f 5554/11949/5 5560/11960/5 5558/11955/5 5556/11952/5
f 5561/11961/3 5562/11963/3 5564/11968/3 5563/11965/3
f 5563/11966/2 5564/11969/2 5566/11974/2 5565/11971/2
f 5565/11972/1 5566/11975/1 5568/11979/1 5567/11977/1
f 5567/11978/5 5561/11962/5 5563/11967/5 5565/11973/5
f 5573/11993/4 5574/11996/4 5575/11999/4 5576/12002/4
f 5570/11984/4 5569/11981/4 5562/11964/4 5568/11980/4
f 5571/11987/4 5570/11984/4 5568/11980/4 5566/11976/4
f 5572/11990/4 5571/11987/4 5566/11976/4 5564/11970/4
f 5569/11981/4 5572/11990/4 5564/11970/4 5562/11964/4
f 5574/11997/6 5573/11994/6 5569/11982/6 5570/11985/6
f 5575/12000/1 5574/11998/1 5570/11986/1 5571/11988/1
f 5576/12003/2 5575/12001/2 5571/11989/2 5572/11991/2
f 5573/11995/3 5576/12004/3 5572/11992/3 5569/11983/3
f 5577/12005/3 5578/12006/3 5580/12010/3 5579/12008/3
f 5579/12009/2 5580/12011/2 5582/12015/2 5581/12013/2
f 5581/12014/1 5582/12016/1 5584/12019/1 5583/12018/1
f 5578/12007/4 5584/12020/4 5582/12017/4 5580/12012/4
f 5587/12024/3 5588/12025/3 5590/12029/3 5589/12027/3
f 5589/12028/2 5590/12030/2 5592/12034/2 5591/12032/2
f 5591/12033/1 5592/12035/1 5586/12022/1 5585/12021/1
f 5586/12023/4 5592/12036/4 5590/12031/4 5588/12026/4
f 5593/12037/3 5594/12039/3 5596/12043/3 5595/12042/3
f 5597/12045/1 5598/12046/1 5600/12050/1 5599/12048/1
f 5599/12049/2 5600/12051/2 5594/12040/2 5593/12038/2
f 5594/12041/5 5600/12052/5 5598/12047/5 5596/12044/5
f 5601/12053/3 5602/12055/3 5604/12059/3 5603/12058/3
f 5605/12061/1 5606/12062/1 5608/12066/1 5607/12064/1
f 5607/12065/2 5608/12067/2 5602/12056/2 5601/12054/2
f 5602/12057/5 5608/12068/5 5606/12063/5 5604/12060/5
f 5609/12069/3 5610/12071/3 5612/12075/3 5611/12074/3
f 5613/12077/1 5614/12078/1 5616/12082/1 5615/12080/1
f 5615/12081/2 5616/12083/2 5610/12072/2 5609/12070/2
f 5610/12073/5 5616/12084/5 5614/12079/5 5612/12076/5
f 5617/12085/3 5618/12087/3 5620/12091/3 5619/12090/3
f 5621/12093/1 5622/12094/1 5624/12098/1 5623/12096/1
f 5623/12097/2 5624/12099/2 5618/12088/2 5617/12086/2
f 5618/12089/5 5624/12100/5 5622/12095/5 5620/12092/5
f 5625/12101/3 5626/12103/3 5628/12108/3 5627/12105/3
f 5627/12106/2 5628/12109/2 5630/12114/2 5629/12111/2
f 5629/12112/1 5630/12115/1 5632/12119/1 5631/12117/1
f 5631/12118/5 5625/12102/5 5627/12107/5 5629/12113/5
f 5637/12133/4 5638/12136/4 5639/12139/4 5640/12142/4
f 5634/12124/4 5633/12121/4 5626/12104/4 5632/12120/4
f 5635/12127/4 5634/12124/4 5632/12120/4 5630/12116/4
f 5636/12130/4 5635/12127/4 5630/12116/4 5628/12110/4
f 5633/12121/4 5636/12130/4 5628/12110/4 5626/12104/4
f 5638/12137/6 5637/12134/6 5633/12122/6 5634/12125/6
f 5639/12140/1 5638/12138/1 5634/12126/1 5635/12128/1
f 5640/12143/2 5639/12141/2 5635/12129/2 5636/12131/2
f 5637/12135/3 5640/12144/3 5636/12132/3 5633/12123/3
f 5641/12145/3 5642/12146/3 5644/12150/3 5643/12148/3
f 5643/12149/2 5644/12151/2 5646/12155/2 5645/12153/2
f 5645/12154/1 5646/12156/1 5648/12159/1 5647/12158/1
f 5642/12147/4 5648/12160/4 5646/12157/4 5644/12152/4
f 5651/12164/3 5652/12165/3 5654/12169/3 5653/12167/3
f 5653/12168/2 5654/12170/2 5656/12174/2 5655/12172/2
f 5655/12173/1 5656/12175/1 5650/12162/1 5649/12161/1
f 5650/12163/4 5656/12176/4 5654/12171/4 5652/12166/4
f 5657/12177/3 5658/12179/3 5660/12183/3 5659/12182/3
f 5661/12185/1 5662/12186/1 5664/12190/1 5663/12188/1
f 5663/12189/2 5664/12191/2 5658/12180/2 5657/12178/2
f 5658/12181/5 5664/12192/5 5662/12187/5 5660/12184/5
f 5665/12193/3 5666/12195/3 5668/12199/3 5667/12198/3
f 5669/12201/1 5670/12202/1 5672/12206/1 5671/12204/1
f 5671/12205/2 5672/12207/2 5666/12196/2 5665/12194/2
f 5666/12197/5 5672/12208/5 5670/12203/5 5668/12200/5
f 5673/12209/3 5674/12211/3 5676/12215/3 5675/12214/3
f 5677/12217/1 5678/12218/1 5680/12222/1 5679/12220/1
f 5679/12221/2 5680/12223/2 5674/12212/2 5673/12210/2
f 5674/12213/5 5680/12224/5 5678/12219/5 5676/12216/5
f 5681/12225/3 5682/12227/3 5684/12231/3 5683/12230/3
f 5685/12233/1 5686/12234/1 5688/12238/1 5687/12236/1
f 5687/12237/2 5688/12239/2 5682/12228/2 5681/12226/2
f 5682/12229/5 5688/12240/5 5686/12235/5 5684/12232/5
f 5689/12241/3 5690/12243/3 5692/12248/3 5691/12245/3
f 5691/12246/2 5692/12249/2 5694/12254/2 5693/12251/2
f 5693/12252/1 5694/12255/1 5696/12259/1 5695/12257/1
f 5695/12258/5 5689/12242/5 5691/12247/5 5693/12253/5
f 5701/12273/4 5702/12276/4 5703/12279/4 5704/12282/4
f 5698/12264/4 5697/12261/4 5690/12244/4 5696/12260/4
f 5699/12267/4 5698/12264/4 5696/12260/4 5694/12256/4
f 5700/12270/4 5699/12267/4 5694/12256/4 5692/12250/4
f 5697/12261/4 5700/12270/4 5692/12250/4 5690/12244/4
f 5702/12277/6 5701/12274/6 5697/12262/6 5698/12265/6
f 5703/12280/1 5702/12278/1 5698/12266/1 5699/12268/1
f 5704/12283/2 5703/12281/2 5699/12269/2 5700/12271/2
f 5701/12275/3 5704/12284/3 5700/12272/3 5697/12263/3
f 5705/12285/3 5706/12286/3 5708/12290/3 5707/12288/3
f 5707/12289/2 5708/12291/2 5710/12295/2 5709/12293/2
f 5709/12294/1 5710/12296/1 5712/12299/1 5711/12298/1
f 5706/12287/4 5712/12300/4 5710/12297/4 5708/12292/4
f 5715/12304/3 5716/12305/3 5718/12309/3 5717/12307/3
f 5717/12308/2 5718/12310/2 5720/12314/2 5719/12312/2
f 5719/12313/1 5720/12315/1 5714/12302/1 5713/12301/1
f 5714/12303/4 5720/12316/4 5718/12311/4 5716/12306/4
f 5721/12317/3 5722/12319/3 5724/12323/3 5723/12322/3
f 5725/12325/1 5726/12326/1 5728/12330/1 5727/12328/1
f 5727/12329/2 5728/12331/2 5722/12320/2 5721/12318/2
f 5722/12321/5 5728/12332/5 5726/12327/5 5724/12324/5
f 5729/12333/3 5730/12335/3 5732/12339/3 5731/12338/3
f 5733/12341/1 5734/12342/1 5736/12346/1 5735/12344/1
f 5735/12345/2 5736/12347/2 5730/12336/2 5729/12334/2
f 5730/12337/5 5736/12348/5 5734/12343/5 5732/12340/5
f 5737/12349/3 5738/12351/3 5740/12355/3 5739/12354/3
f 5741/12357/1 5742/12358/1 5744/12362/1 5743/12360/1
f 5743/12361/2 5744/12363/2 5738/12352/2 5737/12350/2
f 5738/12353/5 5744/12364/5 5742/12359/5 5740/12356/5
f 5745/12365/3 5746/12367/3 5748/12371/3 5747/12370/3
f 5749/12373/1 5750/12374/1 5752/12378/1 5751/12376/1
f 5751/12377/2 5752/12379/2 5746/12368/2 5745/12366/2
f 5746/12369/5 5752/12380/5 5750/12375/5 5748/12372/5
f 5753/12381/3 5754/12383/3 5756/12388/3 5755/12385/3
f 5755/12386/2 5756/12389/2 5758/12394/2 5757/12391/2
f 5757/12392/1 5758/12395/1 5760/12399/1 5759/12397/1
f 5759/12398/5 5753/12382/5 5755/12387/5 5757/12393/5
f 5765/12413/4 5766/12416/4 5767/12419/4 5768/12422/4
f 5762/12404/4 5761/12401/4 5754/12384/4 5760/12400/4
f 5763/12407/4 5762/12404/4 5760/12400/4 5758/12396/4
f 5764/12410/4 5763/12407/4 5758/12396/4 5756/12390/4
f 5761/12401/4 5764/12410/4 5756/12390/4 5754/12384/4
f 5766/12417/6 5765/12414/6 5761/12402/6 5762/12405/6
f 5767/12420/1 5766/12418/1 5762/12406/1 5763/12408/1
f 5768/12423/2 5767/12421/2 5763/12409/2 5764/12411/2
f 5765/12415/3 5768/12424/3 5764/12412/3 5761/12403/3
f 5769/12425/3 5770/12426/3 5772/12430/3 5771/12428/3
f 5771/12429/2 5772/12431/2 5774/12435/2 5773/12433/2
f 5773/12434/1 5774/12436/1 5776/12439/1 5775/12438/1
f 5770/12427/4 5776/12440/4 5774/12437/4 5772/12432/4
f 5779/12444/3 5780/12445/3 5782/12449/3 5781/12447/3
f 5781/12448/2 5782/12450/2 5784/12454/2 5783/12452/2
f 5783/12453/1 5784/12455/1 5778/12442/1 5777/12441/1
f 5778/12443/4 5784/12456/4 5782/12451/4 5780/12446/4
f 5785/12457/3 5786/12459/3 5788/12463/3 5787/12462/3
f 5789/12465/1 5790/12466/1 5792/12470/1 5791/12468/1
f 5791/12469/2 5792/12471/2 5786/12460/2 5785/12458/2
f 5786/12461/5 5792/12472/5 5790/12467/5 5788/12464/5
f 5793/12473/3 5794/12475/3 5796/12479/3 5795/12478/3
f 5797/12481/1 5798/12482/1 5800/12486/1 5799/12484/1
f 5799/12485/2 5800/12487/2 5794/12476/2 5793/12474/2
f 5794/12477/5 5800/12488/5 5798/12483/5 5796/12480/5
f 5801/12489/3 5802/12491/3 5804/12495/3 5803/12494/3
f 5805/12497/1 5806/12498/1 5808/12502/1 5807/12500/1
f 5807/12501/2 5808/12503/2 5802/12492/2 5801/12490/2
f 5802/12493/5 5808/12504/5 5806/12499/5 5804/12496/5
f 5809/12505/3 5810/12507/3 5812/12511/3 5811/12510/3
f 5813/12513/1 5814/12514/1 5816/12518/1 5815/12516/1
f 5815/12517/2 5816/12519/2 5810/12508/2 5809/12506/2
f 5810/12509/5 5816/12520/5 5814/12515/5 5812/12512/5
f 5817/12521/3 5818/12523/3 5820/12528/3 5819/12525/3
f 5819/12526/2 5820/12529/2 5822/12534/2 5821/12531/2
f 5821/12532/1 5822/12535/1 5824/12539/1 5823/12537/1
f 5823/12538/5 5817/12522/5 5819/12527/5 5821/12533/5
f 5829/12553/4 5830/12556/4 5831/12559/4 5832/12562/4
f 5826/12544/4 5825/12541/4 5818/12524/4 5824/12540/4
f 5827/12547/4 5826/12544/4 5824/12540/4 5822/12536/4
f 5828/12550/4 5827/12547/4 5822/12536/4 5820/12530/4
f 5825/12541/4 5828/12550/4 5820/12530/4 5818/12524/4
f 5830/12557/6 5829/12554/6 5825/12542/6 5826/12545/6
f 5831/12560/1 5830/12558/1 5826/12546/1 5827/12548/1
f 5832/12563/2 5831/12561/2 5827/12549/2 5828/12551/2
f 5829/12555/3 5832/12564/3 5828/12552/3 5825/12543/3
f 5833/12565/3 5834/12566/3 5836/12570/3 5835/12568/3
f 5835/12569/2 5836/12571/2 5838/12575/2 5837/12573/2
f 5837/12574/1 5838/12576/1 5840/12579/1 5839/12578/1
f 5834/12567/4 5840/12580/4 5838/12577/4 5836/12572/4
f 5843/12584/3 5844/12585/3 5846/12589/3 5845/12587/3
f 5845/12588/2 5846/12590/2 5848/12594/2 5847/12592/2
f 5847/12593/1 5848/12595/1 5842/12582/1 5841/12581/1
f 5842/12583/4 5848/12596/4 5846/12591/4 5844/12586/4
f 5849/12597/3 5850/12599/3 5852/12603/3 5851/12602/3
f 5853/12605/1 5854/12606/1 5856/12610/1 5855/12608/1
f 5855/12609/2 5856/12611/2 5850/12600/2 5849/12598/2
f 5850/12601/5 5856/12612/5 5854/12607/5 5852/12604/5
f 5857/12613/3 5858/12615/3 5860/12619/3 5859/12618/3
f 5861/12621/1 5862/12622/1 5864/12626/1 5863/12624/1
f 5863/12625/2 5864/12627/2 5858/12616/2 5857/12614/2
f 5858/12617/5 5864/12628/5 5862/12623/5 5860/12620/5
f 5865/12629/3 5866/12631/3 5868/12635/3 5867/12634/3
f 5869/12637/1 5870/12638/1 5872/12642/1 5871/12640/1
f 5871/12641/2 5872/12643/2 5866/12632/2 5865/12630/2
f 5866/12633/5 5872/12644/5 5870/12639/5 5868/12636/5
f 5873/12645/3 5874/12647/3 5876/12651/3 5875/12650/3
f 5877/12653/1 5878/12654/1 5880/12658/1 5879/12656/1
f 5879/12657/2 5880/12659/2 5874/12648/2 5873/12646/2
f 5874/12649/5 5880/12660/5 5878/12655/5 5876/12652/5
f 5881/12661/3 5882/12663/3 5884/12668/3 5883/12665/3
f 5883/12666/2 5884/12669/2 5886/12674/2 5885/12671/2
f 5885/12672/1 5886/12675/1 5888/12679/1 5887/12677/1
f 5887/12678/5 5881/12662/5 5883/12667/5 5885/12673/5
f 5893/12693/4 5894/12696/4 5895/12699/4 5896/12702/4
f 5890/12684/4 5889/12681/4 5882/12664/4 5888/12680/4
f 5891/12687/4 5890/12684/4 5888/12680/4 5886/12676/4
f 5892/12690/4 5891/12687/4 5886/12676/4 5884/12670/4
f 5889/12681/4 5892/12690/4 5884/12670/4 5882/12664/4
f 5894/12697/6 5893/12694/6 5889/12682/6 5890/12685/6
f 5895/12700/1 5894/12698/1 5890/12686/1 5891/12688/1
f 5896/12703/2 5895/12701/2 5891/12689/2 5892/12691/2
f 5893/12695/3 5896/12704/3 5892/12692/3 5889/12683/3
f 5897/12705/3 5898/12706/3 5900/12710/3 5899/12708/3
f 5899/12709/2 5900/12711/2 5902/12715/2 5901/12713/2
f 5901/12714/1 5902/12716/1 5904/12719/1 5903/12718/1
f 5898/12707/4 5904/12720/4 5902/12717/4 5900/12712/4
f 5907/12724/3 5908/12725/3 5910/12729/3 5909/12727/3
f 5909/12728/2 5910/12730/2 5912/12734/2 5911/12732/2
f 5911/12733/1 5912/12735/1 5906/12722/1 5905/12721/1
f 5906/12723/4 5912/12736/4 5910/12731/4 5908/12726/4
f 5913/12737/3 5914/12739/3 5916/12743/3 5915/12742/3
f 5917/12745/1 5918/12746/1 5920/12750/1 5919/12748/1
f 5919/12749/2 5920/12751/2 5914/12740/2 5913/12738/2
f 5914/12741/5 5920/12752/5 5918/12747/5 5916/12744/5
f 5921/12753/3 5922/12755/3 5924/12759/3 5923/12758/3
f 5925/12761/1 5926/12762/1 5928/12766/1 5927/12764/1
f 5927/12765/2 5928/12767/2 5922/12756/2 5921/12754/2
f 5922/12757/5 5928/12768/5 5926/12763/5 5924/12760/5
f 5929/12769/3 5930/12771/3 5932/12775/3 5931/12774/3
f 5933/12777/1 5934/12778/1 5936/12782/1 5935/12780/1
f 5935/12781/2 5936/12783/2 5930/12772/2 5929/12770/2
f 5930/12773/5 5936/12784/5 5934/12779/5 5932/12776/5
f 5937/12785/3 5938/12787/3 5940/12791/3 5939/12790/3
f 5941/12793/1 5942/12794/1 5944/12798/1 5943/12796/1
f 5943/12797/2 5944/12799/2 5938/12788/2 5937/12786/2
f 5938/12789/5 5944/12800/5 5942/12795/5 5940/12792/5
f 5945/12801/3 5946/12803/3 5948/12808/3 5947/12805/3
f 5947/12806/2 5948/12809/2 5950/12814/2 5949/12811/2
f 5949/12812/1 5950/12815/1 5952/12819/1 5951/12817/1
f 5951/12818/5 5945/12802/5 5947/12807/5 5949/12813/5
f 5957/12833/4 5958/12836/4 5959/12839/4 5960/12842/4
f 5954/12824/4 5953/12821/4 5946/12804/4 5952/12820/4
f 5955/12827/4 5954/12824/4 5952/12820/4 5950/12816/4
f 5956/12830/4 5955/12827/4 5950/12816/4 5948/12810/4
f 5953/12821/4 5956/12830/4 5948/12810/4 5946/12804/4
f 5958/12837/6 5957/12834/6 5953/12822/6 5954/12825/6
f 5959/12840/1 5958/12838/1 5954/12826/1 5955/12828/1
f 5960/12843/2 5959/12841/2 5955/12829/2 5956/12831/2
f 5957/12835/3 5960/12844/3 5956/12832/3 5953/12823/3
f 5961/12845/3 5962/12846/3 5964/12850/3 5963/12848/3
f 5963/12849/2 5964/12851/2 5966/12855/2 5965/12853/2
f 5965/12854/1 5966/12856/1 5968/12859/1 5967/12858/1
f 5962/12847/4 5968/12860/4 5966/12857/4 5964/12852/4
f 5971/12864/3 5972/12865/3 5974/12869/3 5973/12867/3
f 5973/12868/2 5974/12870/2 5976/12874/2 5975/12872/2
f 5975/12873/1 5976/12875/1 5970/12862/1 5969/12861/1
f 5970/12863/4 5976/12876/4 5974/12871/4 5972/12866/4
f 5977/12877/3 5978/12879/3 5980/12883/3 5979/12882/3
f 5981/12885/1 5982/12886/1 5984/12890/1 5983/12888/1
f 5983/12889/2 5984/12891/2 5978/12880/2 5977/12878/2
f 5978/12881/5 5984/12892/5 5982/12887/5 5980/12884/5
f 5985/12893/3 5986/12895/3 5988/12899/3 5987/12898/3
f 5989/12901/1 5990/12902/1 5992/12906/1 5991/12904/1
f 5991/12905/2 5992/12907/2 5986/12896/2 5985/12894/2
f 5986/12897/5 5992/12908/5 5990/12903/5 5988/12900/5
f 5993/12909/3 5994/12911/3 5996/12915/3 5995/12914/3
f 5997/12917/1 5998/12918/1 6000/12922/1 5999/12920/1
f 5999/12921/2 6000/12923/2 5994/12912/2 5993/12910/2
f 5994/12913/5 6000/12924/5 5998/12919/5 5996/12916/5
f 6001/12925/3 6002/12927/3 6004/12931/3 6003/12930/3
f 6005/12933/1 6006/12934/1 6008/12938/1 6007/12936/1
f 6007/12937/2 6008/12939/2 6002/12928/2 6001/12926/2
f 6002/12929/5 6008/12940/5 6006/12935/5 6004/12932/5
f 6009/12941/3 6010/12943/3 6012/12948/3 6011/12945/3
f 6011/12946/2 6012/12949/2 6014/12954/2 6013/12951/2
f 6013/12952/1 6014/12955/1 6016/12959/1 6015/12957/1
f 6015/12958/5 6009/12942/5 6011/12947/5 6013/12953/5
f 6021/12973/4 6022/12976/4 6023/12979/4 6024/12982/4
f 6018/12964/4 6017/12961/4 6010/12944/4 6016/12960/4
f 6019/12967/4 6018/12964/4 6016/12960/4 6014/12956/4
f 6020/12970/4 6019/12967/4 6014/12956/4 6012/12950/4
f 6017/12961/4 6020/12970/4 6012/12950/4 6010/12944/4
f 6022/12977/6 6021/12974/6 6017/12962/6 6018/12965/6
f 6023/12980/1 6022/12978/1 6018/12966/1 6019/12968/1
f 6024/12983/2 6023/12981/2 6019/12969/2 6020/12971/2
f 6021/12975/3 6024/12984/3 6020/12972/3 6017/12963/3
f 6025/12985/3 6026/12986/3 6028/12990/3 6027/12988/3
f 6027/12989/2 6028/12991/2 6030/12995/2 6029/12993/2
f 6029/12994/1 6030/12996/1 6032/12999/1 6031/12998/1
f 6026/12987/4 6032/13000/4 6030/12997/4 6028/12992/4
f 6035/13004/3 6036/13005/3 6038/13009/3 6037/13007/3
f 6037/13008/2 6038/13010/2 6040/13014/2 6039/13012/2
f 6039/13013/1 6040/13015/1 6034/13002/1 6033/13001/1
f 6034/13003/4 6040/13016/4 6038/13011/4 6036/13006/4
f 6041/13017/3 6042/13019/3 6044/13023/3 6043/13022/3
f 6045/13025/1 6046/13026/1 6048/13030/1 6047/13028/1
f 6047/13029/2 6048/13031/2 6042/13020/2 6041/13018/2
f 6042/13021/5 6048/13032/5 6046/13027/5 6044/13024/5
f 6049/13033/3 6050/13035/3 6052/13039/3 6051/13038/3
f 6053/13041/1 6054/13042/1 6056/13046/1 6055/13044/1
f 6055/13045/2 6056/13047/2 6050/13036/2 6049/13034/2
f 6050/13037/5 6056/13048/5 6054/13043/5 6052/13040/5
f 6057/13049/3 6058/13051/3 6060/13055/3 6059/13054/3
f 6061/13057/1 6062/13058/1 6064/13062/1 6063/13060/1
f 6063/13061/2 6064/13063/2 6058/13052/2 6057/13050/2
f 6058/13053/5 6064/13064/5 6062/13059/5 6060/13056/5
f 6065/13065/3 6066/13067/3 6068/13071/3 6067/13070/3
f 6069/13073/1 6070/13074/1 6072/13078/1 6071/13076/1
f 6071/13077/2 6072/13079/2 6066/13068/2 6065/13066/2
f 6066/13069/5 6072/13080/5 6070/13075/5 6068/13072/5
f 6073/13081/3 6074/13083/3 6076/13088/3 6075/13085/3
f 6075/13086/2 6076/13089/2 6078/13094/2 6077/13091/2
f 6077/13092/1 6078/13095/1 6080/13099/1 6079/13097/1
f 6079/13098/5 6073/13082/5 6075/13087/5 6077/13093/5
f 6085/13113/4 6086/13116/4 6087/13119/4 6088/13122/4
f 6082/13104/4 6081/13101/4 6074/13084/4 6080/13100/4
f 6083/13107/4 6082/13104/4 6080/13100/4 6078/13096/4
f 6084/13110/4 6083/13107/4 6078/13096/4 6076/13090/4
f 6081/13101/4 6084/13110/4 6076/13090/4 6074/13084/4
f 6086/13117/6 6085/13114/6 6081/13102/6 6082/13105/6
f 6087/13120/1 6086/13118/1 6082/13106/1 6083/13108/1
f 6088/13123/2 6087/13121/2 6083/13109/2 6084/13111/2
f 6085/13115/3 6088/13124/3 6084/13112/3 6081/13103/3
f 6089/13125/3 6090/13126/3 6092/13130/3 6091/13128/3
f 6091/13129/2 6092/13131/2 6094/13135/2 6093/13133/2
f 6093/13134/1 6094/13136/1 6096/13139/1 6095/13138/1
f 6090/13127/4 6096/13140/4 6094/13137/4 6092/13132/4
f 6099/13144/3 6100/13145/3 6102/13149/3 6101/13147/3
f 6101/13148/2 6102/13150/2 6104/13154/2 6103/13152/2
f 6103/13153/1 6104/13155/1 6098/13142/1 6097/13141/1
f 6098/13143/4 6104/13156/4 6102/13151/4 6100/13146/4
f 6105/13157/3 6106/13159/3 6108/13163/3 6107/13162/3
f 6109/13165/1 6110/13166/1 6112/13170/1 6111/13168/1
f 6111/13169/2 6112/13171/2 6106/13160/2 6105/13158/2
f 6106/13161/5 6112/13172/5 6110/13167/5 6108/13164/5
f 6113/13173/3 6114/13175/3 6116/13179/3 6115/13178/3
f 6117/13181/1 6118/13182/1 6120/13186/1 6119/13184/1
f 6119/13185/2 6120/13187/2 6114/13176/2 6113/13174/2
f 6114/13177/5 6120/13188/5 6118/13183/5 6116/13180/5
f 6121/13189/3 6122/13191/3 6124/13195/3 6123/13194/3
f 6125/13197/1 6126/13198/1 6128/13202/1 6127/13200/1
f 6127/13201/2 6128/13203/2 6122/13192/2 6121/13190/2
f 6122/13193/5 6128/13204/5 6126/13199/5 6124/13196/5
f 6129/13205/3 6130/13207/3 6132/13211/3 6131/13210/3
f 6133/13213/1 6134/13214/1 6136/13218/1 6135/13216/1
f 6135/13217/2 6136/13219/2 6130/13208/2 6129/13206/2
f 6130/13209/5 6136/13220/5 6134/13215/5 6132/13212/5
f 6137/13221/3 6138/13223/3 6140/13228/3 6139/13225/3
f 6139/13226/2 6140/13229/2 6142/13234/2 6141/13231/2
f 6141/13232/1 6142/13235/1 6144/13239/1 6143/13237/1
f 6143/13238/5 6137/13222/5 6139/13227/5 6141/13233/5
f 6149/13253/4 6150/13256/4 6151/13259/4 6152/13262/4
f 6146/13244/4 6145/13241/4 6138/13224/4 6144/13240/4
f 6147/13247/4 6146/13244/4 6144/13240/4 6142/13236/4
f 6148/13250/4 6147/13247/4 6142/13236/4 6140/13230/4
f 6145/13241/4 6148/13250/4 6140/13230/4 6138/13224/4
f 6150/13257/6 6149/13254/6 6145/13242/6 6146/13245/6
f 6151/13260/1 6150/13258/1 6146/13246/1 6147/13248/1
f 6152/13263/2 6151/13261/2 6147/13249/2 6148/13251/2
f 6149/13255/3 6152/13264/3 6148/13252/3 6145/13243/3
f 6153/13265/3 6154/13266/3 6156/13270/3 6155/13268/3
f 6155/13269/2 6156/13271/2 6158/13275/2 6157/13273/2
f 6157/13274/1 6158/13276/1 6160/13279/1 6159/13278/1
f 6154/13267/4 6160/13280/4 6158/13277/4 6156/13272/4
f 6163/13284/3 6164/13285/3 6166/13289/3 6165/13287/3
f 6165/13288/2 6166/13290/2 6168/13294/2 6167/13292/2
f 6167/13293/1 6168/13295/1 6162/13282/1 6161/13281/1
f 6162/13283/4 6168/13296/4 6166/13291/4 6164/13286/4
f 6169/13297/3 6170/13299/3 6172/13303/3 6171/13302/3
f 6173/13305/1 6174/13306/1 6176/13310/1 6175/13308/1
f 6175/13309/2 6176/13311/2 6170/13300/2 6169/13298/2
f 6170/13301/5 6176/13312/5 6174/13307/5 6172/13304/5
f 6177/13313/3 6178/13315/3 6180/13319/3 6179/13318/3
f 6181/13321/1 6182/13322/1 6184/13326/1 6183/13324/1
f 6183/13325/2 6184/13327/2 6178/13316/2 6177/13314/2
f 6178/13317/5 6184/13328/5 6182/13323/5 6180/13320/5
f 6185/13329/3 6186/13331/3 6188/13335/3 6187/13334/3
f 6189/13337/1 6190/13338/1 6192/13342/1 6191/13340/1
f 6191/13341/2 6192/13343/2 6186/13332/2 6185/13330/2
f 6186/13333/5 6192/13344/5 6190/13339/5 6188/13336/5
f 6193/13345/3 6194/13347/3 6196/13351/3 6195/13350/3
f 6197/13353/1 6198/13354/1 6200/13358/1 6199/13356/1
f 6199/13357/2 6200/13359/2 6194/13348/2 6193/13346/2
f 6194/13349/5 6200/13360/5 6198/13355/5 6196/13352/5
f 6201/13361/3 6202/13363/3 6204/13368/3 6203/13365/3
f 6203/13366/2 6204/13369/2 6206/13374/2 6205/13371/2
f 6205/13372/1 6206/13375/1 6208/13379/1 6207/13377/1
f 6207/13378/5 6201/13362/5 6203/13367/5 6205/13373/5
f 6213/13393/4 6214/13396/4 6215/13399/4 6216/13402/4
f 6210/13384/4 6209/13381/4 6202/13364/4 6208/13380/4
f 6211/13387/4 6210/13384/4 6208/13380/4 6206/13376/4
f 6212/13390/4 6211/13387/4 6206/13376/4 6204/13370/4
f 6209/13381/4 6212/13390/4 6204/13370/4 6202/13364/4
f 6214/13397/6 6213/13394/6 6209/13382/6 6210/13385/6
f 6215/13400/1 6214/13398/1 6210/13386/1 6211/13388/1
f 6216/13403/2 6215/13401/2 6211/13389/2 6212/13391/2
f 6213/13395/3 6216/13404/3 6212/13392/3 6209/13383/3
f 6217/13405/3 6218/13406/3 6220/13410/3 6219/13408/3
f 6219/13409/2 6220/13411/2 6222/13415/2 6221/13413/2
f 6221/13414/1 6222/13416/1 6224/13419/1 6223/13418/1
f 6218/13407/4 6224/13420/4 6222/13417/4 6220/13412/4
f 6227/13424/3 6228/13425/3 6230/13429/3 6229/13427/3
f 6229/13428/2 6230/13430/2 6232/13434/2 6231/13432/2
f 6231/13433/1 6232/13435/1 6226/13422/1 6225/13421/1
f 6226/13423/4 6232/13436/4 6230/13431/4 6228/13426/4
f 6233/13437/3 6234/13439/3 6236/13443/3 6235/13442/3
f 6237/13445/1 6238/13446/1 6240/13450/1 6239/13448/1
f 6239/13449/2 6240/13451/2 6234/13440/2 6233/13438/2
f 6234/13441/5 6240/13452/5 6238/13447/5 6236/13444/5
f 6241/13453/3 6242/13455/3 6244/13459/3 6243/13458/3
f 6245/13461/1 6246/13462/1 6248/13466/1 6247/13464/1
f 6247/13465/2 6248/13467/2 6242/13456/2 6241/13454/2
f 6242/13457/5 6248/13468/5 6246/13463/5 6244/13460/5
f 6249/13469/3 6250/13471/3 6252/13475/3 6251/13474/3
f 6253/13477/1 6254/13478/1 6256/13482/1 6255/13480/1
f 6255/13481/2 6256/13483/2 6250/13472/2 6249/13470/2
f 6250/13473/5 6256/13484/5 6254/13479/5 6252/13476/5
f 6257/13485/3 6258/13487/3 6260/13491/3 6259/13490/3
f 6261/13493/1 6262/13494/1 6264/13498/1 6263/13496/1
f 6263/13497/2 6264/13499/2 6258/13488/2 6257/13486/2
f 6258/13489/5 6264/13500/5 6262/13495/5 6260/13492/5
f 6265/13501/3 6266/13503/3 6268/13508/3 6267/13505/3
f 6267/13506/2 6268/13509/2 6270/13514/2 6269/13511/2
f 6269/13512/1 6270/13515/1 6272/13519/1 6271/13517/1
f 6271/13518/5 6265/13502/5 6267/13507/5 6269/13513/5
f 6277/13533/4 6278/13536/4 6279/13539/4 6280/13542/4
f 6274/13524/4 6273/13521/4 6266/13504/4 6272/13520/4
f 6275/13527/4 6274/13524/4 6272/13520/4 6270/13516/4
f 6276/13530/4 6275/13527/4 6270/13516/4 6268/13510/4
f 6273/13521/4 6276/13530/4 6268/13510/4 6266/13504/4
f 6278/13537/6 6277/13534/6 6273/13522/6 6274/13525/6
f 6279/13540/1 6278/13538/1 6274/13526/1 6275/13528/1
f 6280/13543/2 6279/13541/2 6275/13529/2 6276/13531/2
f 6277/13535/3 6280/13544/3 6276/13532/3 6273/13523/3
f 6281/13545/3 6282/13546/3 6284/13550/3 6283/13548/3
f 6283/13549/2 6284/13551/2 6286/13555/2 6285/13553/2
f 6285/13554/1 6286/13556/1 6288/13559/1 6287/13558/1
f 6282/13547/4 6288/13560/4 6286/13557/4 6284/13552/4
f 6291/13564/3 6292/13565/3 6294/13569/3 6293/13567/3
f 6293/13568/2 6294/13570/2 6296/13574/2 6295/13572/2
f 6295/13573/1 6296/13575/1 6290/13562/1 6289/13561/1
f 6290/13563/4 6296/13576/4 6294/13571/4 6292/13566/4
f 6297/13577/3 6298/13579/3 6300/13583/3 6299/13582/3
f 6301/13585/1 6302/13586/1 6304/13590/1 6303/13588/1
f 6303/13589/2 6304/13591/2 6298/13580/2 6297/13578/2
f 6298/13581/5 6304/13592/5 6302/13587/5 6300/13584/5
f 6305/13593/3 6306/13595/3 6308/13599/3 6307/13598/3
f 6309/13601/1 6310/13602/1 6312/13606/1 6311/13604/1
f 6311/13605/2 6312/13607/2 6306/13596/2 6305/13594/2
f 6306/13597/5 6312/13608/5 6310/13603/5 6308/13600/5
f 6313/13609/3 6314/13611/3 6316/13615/3 6315/13614/3
f 6317/13617/1 6318/13618/1 6320/13622/1 6319/13620/1
f 6319/13621/2 6320/13623/2 6314/13612/2 6313/13610/2
f 6314/13613/5 6320/13624/5 6318/13619/5 6316/13616/5
f 6321/13625/3 6322/13627/3 6324/13631/3 6323/13630/3
f 6325/13633/1 6326/13634/1 6328/13638/1 6327/13636/1
f 6327/13637/2 6328/13639/2 6322/13628/2 6321/13626/2
f 6322/13629/5 6328/13640/5 6326/13635/5 6324/13632/5
f 6329/13641/3 6330/13643/3 6332/13648/3 6331/13645/3
f 6331/13646/2 6332/13649/2 6334/13654/2 6333/13651/2
f 6333/13652/1 6334/13655/1 6336/13659/1 6335/13657/1
f 6335/13658/5 6329/13642/5 6331/13647/5 6333/13653/5
f 6341/13673/4 6342/13676/4 6343/13679/4 6344/13682/4
f 6338/13664/4 6337/13661/4 6330/13644/4 6336/13660/4
f 6339/13667/4 6338/13664/4 6336/13660/4 6334/13656/4
f 6340/13670/4 6339/13667/4 6334/13656/4 6332/13650/4
f 6337/13661/4 6340/13670/4 6332/13650/4 6330/13644/4
f 6342/13677/6 6341/13674/6 6337/13662/6 6338/13665/6
f 6343/13680/1 6342/13678/1 6338/13666/1 6339/13668/1
f 6344/13683/2 6343/13681/2 6339/13669/2 6340/13671/2
f 6341/13675/3 6344/13684/3 6340/13672/3 6337/13663/3
f 6345/13685/3 6346/13686/3 6348/13690/3 6347/13688/3
f 6347/13689/2 6348/13691/2 6350/13695/2 6349/13693/2
f 6349/13694/1 6350/13696/1 6352/13699/1 6351/13698/1
f 6346/13687/4 6352/13700/4 6350/13697/4 6348/13692/4
f 6355/13704/3 6356/13705/3 6358/13709/3 6357/13707/3
f 6357/13708/2 6358/13710/2 6360/13714/2 6359/13712/2
f 6359/13713/1 6360/13715/1 6354/13702/1 6353/13701/1
f 6354/13703/4 6360/13716/4 6358/13711/4 6356/13706/4
f 6361/13717/3 6362/13719/3 6364/13723/3 6363/13722/3
f 6365/13725/1 6366/13726/1 6368/13730/1 6367/13728/1
f 6367/13729/2 6368/13731/2 6362/13720/2 6361/13718/2
f 6362/13721/5 6368/13732/5 6366/13727/5 6364/13724/5
f 6369/13733/3 6370/13735/3 6372/13739/3 6371/13738/3
f 6373/13741/1 6374/13742/1 6376/13746/1 6375/13744/1
f 6375/13745/2 6376/13747/2 6370/13736/2 6369/13734/2
f 6370/13737/5 6376/13748/5 6374/13743/5 6372/13740/5
f 6377/13749/3 6378/13751/3 6380/13755/3 6379/13754/3
f 6381/13757/1 6382/13758/1 6384/13762/1 6383/13760/1
f 6383/13761/2 6384/13763/2 6378/13752/2 6377/13750/2
f 6378/13753/5 6384/13764/5 6382/13759/5 6380/13756/5
f 6385/13765/3 6386/13767/3 6388/13771/3 6387/13770/3
f 6389/13773/1 6390/13774/1 6392/13778/1 6391/13776/1
f 6391/13777/2 6392/13779/2 6386/13768/2 6385/13766/2
f 6386/13769/5 6392/13780/5 6390/13775/5 6388/13772/5
f 6393/13781/3 6394/13783/3 6396/13788/3 6395/13785/3
f 6395/13786/2 6396/13789/2 6398/13794/2 6397/13791/2
f 6397/13792/1 6398/13795/1 6400/13799/1 6399/13797/1
f 6399/13798/5 6393/13782/5 6395/13787/5 6397/13793/5
f 6405/13813/4 6406/13816/4 6407/13819/4 6408/13822/4
f 6402/13804/4 6401/13801/4 6394/13784/4 6400/13800/4
f 6403/13807/4 6402/13804/4 6400/13800/4 6398/13796/4
f 6404/13810/4 6403/13807/4 6398/13796/4 6396/13790/4
f 6401/13801/4 6404/13810/4 6396/13790/4 6394/13784/4
f 6406/13817/6 6405/13814/6 6401/13802/6 6402/13805/6
f 6407/13820/1 6406/13818/1 6402/13806/1 6403/13808/1
f 6408/13823/2 6407/13821/2 6403/13809/2 6404/13811/2
f 6405/13815/3 6408/13824/3 6404/13812/3 6401/13803/3
f 6409/13825/3 6410/13826/3 6412/13830/3 6411/13828/3
f 6411/13829/2 6412/13831/2 6414/13835/2 6413/13833/2
f 6413/13834/1 6414/13836/1 6416/13839/1 6415/13838/1
f 6410/13827/4 6416/13840/4 6414/13837/4 6412/13832/4
f 6419/13844/3 6420/13845/3 6422/13849/3 6421/13847/3
f 6421/13848/2 6422/13850/2 6424/13854/2 6423/13852/2
f 6423/13853/1 6424/13855/1 6418/13842/1 6417/13841/1
f 6418/13843/4 6424/13856/4 6422/13851/4 6420/13846/4
f 6425/13857/3 6426/13859/3 6428/13863/3 6427/13862/3
f 6429/13865/1 6430/13866/1 6432/13870/1 6431/13868/1
f 6431/13869/2 6432/13871/2 6426/13860/2 6425/13858/2
f 6426/13861/5 6432/13872/5 6430/13867/5 6428/13864/5
f 6433/13873/3 6434/13875/3 6436/13879/3 6435/13878/3
f 6437/13881/1 6438/13882/1 6440/13886/1 6439/13884/1
f 6439/13885/2 6440/13887/2 6434/13876/2 6433/13874/2
f 6434/13877/5 6440/13888/5 6438/13883/5 6436/13880/5
f 6441/13889/3 6442/13891/3 6444/13895/3 6443/13894/3
f 6445/13897/1 6446/13898/1 6448/13902/1 6447/13900/1
f 6447/13901/2 6448/13903/2 6442/13892/2 6441/13890/2
f 6442/13893/5 6448/13904/5 6446/13899/5 6444/13896/5
f 6449/13905/3 6450/13907/3 6452/13911/3 6451/13910/3
f 6453/13913/1 6454/13914/1 6456/13918/1 6455/13916/1
f 6455/13917/2 6456/13919/2 6450/13908/2 6449/13906/2
f 6450/13909/5 6456/13920/5 6454/13915/5 6452/13912/5
f 6457/13921/3 6458/13923/3 6460/13928/3 6459/13925/3
f 6459/13926/2 6460/13929/2 6462/13934/2 6461/13931/2
f 6461/13932/1 6462/13935/1 6464/13939/1 6463/13937/1
f 6463/13938/5 6457/13922/5 6459/13927/5 6461/13933/5
f 6469/13953/4 6470/13956/4 6471/13959/4 6472/13962/4
f 6466/13944/4 6465/13941/4 6458/13924/4 6464/13940/4
f 6467/13947/4 6466/13944/4 6464/13940/4 6462/13936/4
f 6468/13950/4 6467/13947/4 6462/13936/4 6460/13930/4
f 6465/13941/4 6468/13950/4 6460/13930/4 6458/13924/4
f 6470/13957/6 6469/13954/6 6465/13942/6 6466/13945/6
f 6471/13960/1 6470/13958/1 6466/13946/1 6467/13948/1
f 6472/13963/2 6471/13961/2 6467/13949/2 6468/13951/2
f 6469/13955/3 6472/13964/3 6468/13952/3 6465/13943/3
f 6473/13965/3 6474/13966/3 6476/13970/3 6475/13968/3
f 6475/13969/2 6476/13971/2 6478/13975/2 6477/13973/2
f 6477/13974/1 6478/13976/1 6480/13979/1 6479/13978/1
f 6474/13967/4 6480/13980/4 6478/13977/4 6476/13972/4
f 6483/13984/3 6484/13985/3 6486/13989/3 6485/13987/3
f 6485/13988/2 6486/13990/2 6488/13994/2 6487/13992/2
f 6487/13993/1 6488/13995/1 6482/13982/1 6481/13981/1
f 6482/13983/4 6488/13996/4 6486/13991/4 6484/13986/4
f 6489/13997/3 6490/13999/3 6492/14003/3 6491/14002/3
f 6493/14005/1 6494/14006/1 6496/14010/1 6495/14008/1
f 6495/14009/2 6496/14011/2 6490/14000/2 6489/13998/2
f 6490/14001/5 6496/14012/5 6494/14007/5 6492/14004/5
f 6497/14013/3 6498/14015/3 6500/14019/3 6499/14018/3
f 6501/14021/1 6502/14022/1 6504/14026/1 6503/14024/1
f 6503/14025/2 6504/14027/2 6498/14016/2 6497/14014/2
f 6498/14017/5 6504/14028/5 6502/14023/5 6500/14020/5
f 6505/14029/3 6506/14031/3 6508/14035/3 6507/14034/3
f 6509/14037/1 6510/14038/1 6512/14042/1 6511/14040/1
f 6511/14041/2 6512/14043/2 6506/14032/2 6505/14030/2
f 6506/14033/5 6512/14044/5 6510/14039/5 6508/14036/5
f 6513/14045/3 6514/14047/3 6516/14051/3 6515/14050/3
f 6517/14053/1 6518/14054/1 6520/14058/1 6519/14056/1
f 6519/14057/2 6520/14059/2 6514/14048/2 6513/14046/2
f 6514/14049/5 6520/14060/5 6518/14055/5 6516/14052/5
f 6521/14061/3 6522/14063/3 6524/14068/3 6523/14065/3
f 6523/14066/2 6524/14069/2 6526/14074/2 6525/14071/2
f 6525/14072/1 6526/14075/1 6528/14079/1 6527/14077/1
f 6527/14078/5 6521/14062/5 6523/14067/5 6525/14073/5
f 6533/14093/4 6534/14096/4 6535/14099/4 6536/14102/4
f 6530/14084/4 6529/14081/4 6522/14064/4 6528/14080/4
f 6531/14087/4 6530/14084/4 6528/14080/4 6526/14076/4
f 6532/14090/4 6531/14087/4 6526/14076/4 6524/14070/4
f 6529/14081/4 6532/14090/4 6524/14070/4 6522/14064/4
f 6534/14097/6 6533/14094/6 6529/14082/6 6530/14085/6
f 6535/14100/1 6534/14098/1 6530/14086/1 6531/14088/1
f 6536/14103/2 6535/14101/2 6531/14089/2 6532/14091/2
f 6533/14095/3 6536/14104/3 6532/14092/3 6529/14083/3
f 6537/14105/3 6538/14106/3 6540/14110/3 6539/14108/3
f 6539/14109/2 6540/14111/2 6542/14115/2 6541/14113/2
f 6541/14114/1 6542/14116/1 6544/14119/1 6543/14118/1
f 6538/14107/4 6544/14120/4 6542/14117/4 6540/14112/4
f 6547/14124/3 6548/14125/3 6550/14129/3 6549/14127/3
f 6549/14128/2 6550/14130/2 6552/14134/2 6551/14132/2
f 6551/14133/1 6552/14135/1 6546/14122/1 6545/14121/1
f 6546/14123/4 6552/14136/4 6550/14131/4 6548/14126/4
f 6553/14137/3 6554/14139/3 6556/14143/3 6555/14142/3
f 6557/14145/1 6558/14146/1 6560/14150/1 6559/14148/1
f 6559/14149/2 6560/14151/2 6554/14140/2 6553/14138/2
f 6554/14141/5 6560/14152/5 6558/14147/5 6556/14144/5
f 6561/14153/3 6562/14155/3 6564/14159/3 6563/14158/3
f 6565/14161/1 6566/14162/1 6568/14166/1 6567/14164/1
f 6567/14165/2 6568/14167/2 6562/14156/2 6561/14154/2
f 6562/14157/5 6568/14168/5 6566/14163/5 6564/14160/5
f 6569/14169/3 6570/14171/3 6572/14175/3 6571/14174/3
f 6573/14177/1 6574/14178/1 6576/14182/1 6575/14180/1
f 6575/14181/2 6576/14183/2 6570/14172/2 6569/14170/2
f 6570/14173/5 6576/14184/5 6574/14179/5 6572/14176/5
f 6577/14185/3 6578/14187/3 6580/14191/3 6579/14190/3
f 6581/14193/1 6582/14194/1 6584/14198/1 6583/14196/1
f 6583/14197/2 6584/14199/2 6578/14188/2 6577/14186/2
f 6578/14189/5 6584/14200/5 6582/14195/5 6580/14192/5
f 6585/14201/7 6586/14203/7 6588/14208/7 6587/14205/7
f 6587/14206/2 6588/14209/2 6590/14214/2 6589/14211/2
f 6589/14212/8 6590/14215/8 6592/14219/8 6591/14217/8
f 6591/14218/5 6585/14202/5 6587/14207/5 6589/14213/5
f 6597/14233/4 6598/14236/4 6599/14239/4 6600/14242/4
f 6594/14224/4 6593/14221/4 6586/14204/4 6592/14220/4
f 6595/14227/4 6594/14224/4 6592/14220/4 6590/14216/4
f 6596/14230/4 6595/14227/4 6590/14216/4 6588/14210/4
f 6593/14221/4 6596/14230/4 6588/14210/4 6586/14204/4
f 6598/14237/6 6597/14234/6 6593/14222/6 6594/14225/6
f 6599/14240/9 6598/14238/9 6594/14226/9 6595/14228/9
f 6600/14243/2 6599/14241/2 6595/14229/2 6596/14231/2
f 6597/14235/3 6600/14244/3 6596/14232/3 6593/14223/3
f 6601/14245/3 6602/14246/3 6604/14250/3 6603/14248/3
f 6603/14249/2 6604/14251/2 6606/14255/2 6605/14253/2
f 6605/14254/1 6606/14256/1 6608/14259/1 6607/14258/1
f 6602/14247/4 6608/14260/4 6606/14257/4 6604/14252/4
f 6611/14264/10 6612/14265/10 6614/14269/10 6613/14267/10
f 6613/14268/2 6614/14270/2 6616/14274/2 6615/14272/2
f 6615/14273/1 6616/14275/1 6610/14262/1 6609/14261/1
f 6610/14263/4 6616/14276/4 6614/14271/4 6612/14266/4
f 6617/14277/11 6618/14279/11 6620/14283/11 6619/14282/11
f 6621/14285/1 6622/14286/1 6624/14290/1 6623/14288/1
f 6623/14289/2 6624/14291/2 6618/14280/2 6617/14278/2
f 6618/14281/5 6624/14292/5 6622/14287/5 6620/14284/5
f 6625/14293/11 6626/14295/11 6628/14299/11 6627/14298/11
f 6629/14301/1 6630/14302/1 6632/14306/1 6631/14304/1
f 6631/14305/2 6632/14307/2 6626/14296/2 6625/14294/2
f 6626/14297/5 6632/14308/5 6630/14303/5 6628/14300/5
f 6633/14309/11 6634/14311/11 6636/14315/11 6635/14314/11
f 6637/14317/1 6638/14318/1 6640/14322/1 6639/14320/1
f 6639/14321/2 6640/14323/2 6634/14312/2 6633/14310/2
f 6634/14313/5 6640/14324/5 6638/14319/5 6636/14316/5
f 6641/14325/3 6642/14327/3 6644/14331/3 6643/14330/3
f 6645/14333/1 6646/14334/1 6648/14338/1 6647/14336/1
f 6647/14337/2 6648/14339/2 6642/14328/2 6641/14326/2
f 6642/14329/5 6648/14340/5 6646/14335/5 6644/14332/5
f 6649/14341/3 6650/14343/3 6652/14348/3 6651/14345/3
f 6651/14346/2 6652/14349/2 6654/14354/2 6653/14351/2
f 6653/14352/1 6654/14355/1 6656/14359/1 6655/14357/1
f 6655/14358/5 6649/14342/5 6651/14347/5 6653/14353/5
f 6661/14373/4 6662/14376/4 6663/14379/4 6664/14382/4
f 6658/14364/4 6657/14361/4 6650/14344/4 6656/14360/4
f 6659/14367/4 6658/14364/4 6656/14360/4 6654/14356/4
f 6660/14370/4 6659/14367/4 6654/14356/4 6652/14350/4
f 6657/14361/4 6660/14370/4 6652/14350/4 6650/14344/4
f 6662/14377/6 6661/14374/6 6657/14362/6 6658/14365/6
f 6663/14380/1 6662/14378/1 6658/14366/1 6659/14368/1
f 6664/14383/2 6663/14381/2 6659/14369/2 6660/14371/2
f 6661/14375/3 6664/14384/3 6660/14372/3 6657/14363/3
f 6665/14385/3 6666/14386/3 6668/14390/3 6667/14388/3
f 6667/14389/2 6668/14391/2 6670/14395/2 6669/14393/2
f 6669/14394/12 6670/14396/12 6672/14399/12 6671/14398/12
f 6666/14387/4 6672/14400/4 6670/14397/4 6668/14392/4
f 6675/14404/3 6676/14405/3 6678/14409/3 6677/14407/3
f 6677/14408/2 6678/14410/2 6680/14414/2 6679/14412/2
f 6679/14413/13 6680/14415/13 6674/14402/13 6673/14401/13
f 6674/14403/4 6680/14416/4 6678/14411/4 6676/14406/4
f 6681/14417/10 6682/14419/10 6684/14423/10 6683/14422/10
f 6685/14425/12 6686/14426/12 6688/14430/12 6687/14428/12
f 6687/14429/2 6688/14431/2 6682/14420/2 6681/14418/2
f 6682/14421/5 6688/14432/5 6686/14427/5 6684/14424/5
f 6689/14433/3 6690/14435/3 6692/14439/3 6691/14438/3
f 6693/14441/1 6694/14442/1 6696/14446/1 6695/14444/1
f 6695/14445/2 6696/14447/2 6690/14436/2 6689/14434/2
f 6690/14437/5 6696/14448/5 6694/14443/5 6692/14440/5
f 6697/14449/3 6698/14451/3 6700/14455/3 6699/14454/3
f 6701/14457/1 6702/14458/1 6704/14462/1 6703/14460/1
f 6703/14461/2 6704/14463/2 6698/14452/2 6697/14450/2
f 6698/14453/5 6704/14464/5 6702/14459/5 6700/14456/5
f 6705/14465/3 6706/14467/3 6708/14471/3 6707/14470/3
f 6709/14473/1 6710/14474/1 6712/14478/1 6711/14476/1
f 6711/14477/2 6712/14479/2 6706/14468/2 6705/14466/2
f 6706/14469/5 6712/14480/5 6710/14475/5 6708/14472/5
f 6713/14481/14 6714/14483/14 6716/14488/14 6715/14485/14
f 6715/14486/2 6716/14489/2 6718/14494/2 6717/14491/2
f 6717/14492/8 6718/14495/8 6720/14499/8 6719/14497/8
f 6719/14498/5 6713/14482/5 6715/14487/5 6717/14493/5
f 6725/14513/4 6726/14516/4 6727/14519/4 6728/14522/4
f 6722/14504/4 6721/14501/4 6714/14484/4 6720/14500/4
f 6723/14507/4 6722/14504/4 6720/14500/4 6718/14496/4
f 6724/14510/4 6723/14507/4 6718/14496/4 6716/14490/4
f 6721/14501/4 6724/14510/4 6716/14490/4 6714/14484/4
f 6726/14517/6 6725/14514/6 6721/14502/6 6722/14505/6
f 6727/14520/1 6726/14518/1 6722/14506/1 6723/14508/1
f 6728/14523/2 6727/14521/2 6723/14509/2 6724/14511/2
f 6725/14515/3 6728/14524/3 6724/14512/3 6721/14503/3
f 6729/14525/3 6730/14526/3 6732/14530/3 6731/14528/3
f 6731/14529/2 6732/14531/2 6734/14535/2 6733/14533/2
f 6733/14534/1 6734/14536/1 6736/14539/1 6735/14538/1
f 6730/14527/4 6736/14540/4 6734/14537/4 6732/14532/4
f 6739/14544/3 6740/14545/3 6742/14549/3 6741/14547/3
f 6741/14548/2 6742/14550/2 6744/14554/2 6743/14552/2
f 6743/14553/1 6744/14555/1 6738/14542/1 6737/14541/1
f 6738/14543/4 6744/14556/4 6742/14551/4 6740/14546/4
f 6745/14557/3 6746/14559/3 6748/14563/3 6747/14562/3
f 6749/14565/1 6750/14566/1 6752/14570/1 6751/14568/1
f 6751/14569/2 6752/14571/2 6746/14560/2 6745/14558/2
f 6746/14561/5 6752/14572/5 6750/14567/5 6748/14564/5
f 6753/14573/3 6754/14575/3 6756/14579/3 6755/14578/3
f 6757/14581/1 6758/14582/1 6760/14586/1 6759/14584/1
f 6759/14585/2 6760/14587/2 6754/14576/2 6753/14574/2
f 6754/14577/5 6760/14588/5 6758/14583/5 6756/14580/5
f 6761/14589/3 6762/14591/3 6764/14595/3 6763/14594/3
f 6765/14597/1 6766/14598/1 6768/14602/1 6767/14600/1
f 6767/14601/2 6768/14603/2 6762/14592/2 6761/14590/2
f 6762/14593/5 6768/14604/5 6766/14599/5 6764/14596/5
f 6769/14605/3 6770/14607/3 6772/14611/3 6771/14610/3
f 6773/14613/1 6774/14614/1 6776/14618/1 6775/14616/1
f 6775/14617/2 6776/14619/2 6770/14608/2 6769/14606/2
f 6770/14609/5 6776/14620/5 6774/14615/5 6772/14612/5
f 6777/14621/3 6778/14623/3 6780/14628/3 6779/14625/3
f 6779/14626/2 6780/14629/2 6782/14634/2 6781/14631/2
f 6781/14632/1 6782/14635/1 6784/14639/1 6783/14637/1
f 6783/14638/5 6777/14622/5 6779/14627/5 6781/14633/5
f 6789/14653/4 6790/14656/4 6791/14659/4 6792/14662/4
f 6786/14644/4 6785/14641/4 6778/14624/4 6784/14640/4
f 6787/14647/4 6786/14644/4 6784/14640/4 6782/14636/4
f 6788/14650/4 6787/14647/4 6782/14636/4 6780/14630/4
f 6785/14641/4 6788/14650/4 6780/14630/4 6778/14624/4
f 6790/14657/6 6789/14654/6 6785/14642/6 6786/14645/6
f 6791/14660/1 6790/14658/1 6786/14646/1 6787/14648/1
f 6792/14663/2 6791/14661/2 6787/14649/2 6788/14651/2
f 6789/14655/15 6792/14664/15 6788/14652/15 6785/14643/15
f 6793/14665/10 6794/14666/10 6796/14670/10 6795/14668/10
f 6795/14669/2 6796/14671/2 6798/14675/2 6797/14673/2
f 6797/14674/1 6798/14676/1 6800/14679/1 6799/14678/1
f 6794/14667/4 6800/14680/4 6798/14677/4 6796/14672/4
f 6803/14684/3 6804/14685/3 6806/14689/3 6805/14687/3
f 6805/14688/2 6806/14690/2 6808/14694/2 6807/14692/2
f 6807/14693/13 6808/14695/13 6802/14682/13 6801/14681/13
f 6802/14683/4 6808/14696/4 6806/14691/4 6804/14686/4
f 6809/14697/11 6810/14699/11 6812/14703/11 6811/14702/11
f 6813/14705/1 6814/14706/1 6816/14710/1 6815/14708/1
f 6815/14709/2 6816/14711/2 6810/14700/2 6809/14698/2
f 6810/14701/5 6816/14712/5 6814/14707/5 6812/14704/5
f 6817/14713/3 6818/14715/3 6820/14719/3 6819/14718/3
f 6821/14721/1 6822/14722/1 6824/14726/1 6823/14724/1
f 6823/14725/2 6824/14727/2 6818/14716/2 6817/14714/2
f 6818/14717/5 6824/14728/5 6822/14723/5 6820/14720/5
f 6825/14729/3 6826/14731/3 6828/14735/3 6827/14734/3
f 6829/14737/1 6830/14738/1 6832/14742/1 6831/14740/1
f 6831/14741/2 6832/14743/2 6826/14732/2 6825/14730/2
f 6826/14733/5 6832/14744/5 6830/14739/5 6828/14736/5
f 6833/14745/3 6834/14747/3 6836/14751/3 6835/14750/3
f 6837/14753/13 6838/14754/13 6840/14758/13 6839/14756/13
f 6839/14757/2 6840/14759/2 6834/14748/2 6833/14746/2
f 6834/14749/5 6840/14760/5 6838/14755/5 6836/14752/5
f 6841/14761/3 6842/14763/3 6844/14768/3 6843/14765/3
f 6843/14766/2 6844/14769/2 6846/14774/2 6845/14771/2
f 6845/14772/1 6846/14775/1 6848/14779/1 6847/14777/1
f 6847/14778/5 6841/14762/5 6843/14767/5 6845/14773/5
f 6853/14793/4 6854/14796/4 6855/14799/4 6856/14802/4
f 6850/14784/4 6849/14781/4 6842/14764/4 6848/14780/4
f 6851/14787/4 6850/14784/4 6848/14780/4 6846/14776/4
f 6852/14790/4 6851/14787/4 6846/14776/4 6844/14770/4
f 6849/14781/4 6852/14790/4 6844/14770/4 6842/14764/4
f 6854/14797/6 6853/14794/6 6849/14782/6 6850/14785/6
f 6855/14800/1 6854/14798/1 6850/14786/1 6851/14788/1
f 6856/14803/2 6855/14801/2 6851/14789/2 6852/14791/2
f 6853/14795/3 6856/14804/3 6852/14792/3 6849/14783/3
f 6857/14805/3 6858/14806/3 6860/14810/3 6859/14808/3
f 6859/14809/2 6860/14811/2 6862/14815/2 6861/14813/2
f 6861/14814/1 6862/14816/1 6864/14819/1 6863/14818/1
f 6858/14807/4 6864/14820/4 6862/14817/4 6860/14812/4
f 6867/14824/3 6868/14825/3 6870/14829/3 6869/14827/3
f 6869/14828/2 6870/14830/2 6872/14834/2 6871/14832/2
f 6871/14833/1 6872/14835/1 6866/14822/1 6865/14821/1
f 6866/14823/4 6872/14836/4 6870/14831/4 6868/14826/4
f 6873/14837/3 6874/14839/3 6876/14843/3 6875/14842/3
f 6877/14845/1 6878/14846/1 6880/14850/1 6879/14848/1
f 6879/14849/2 6880/14851/2 6874/14840/2 6873/14838/2
f 6874/14841/5 6880/14852/5 6878/14847/5 6876/14844/5
f 6881/14853/3 6882/14855/3 6884/14859/3 6883/14858/3
f 6885/14861/1 6886/14862/1 6888/14866/1 6887/14864/1
f 6887/14865/2 6888/14867/2 6882/14856/2 6881/14854/2
f 6882/14857/5 6888/14868/5 6886/14863/5 6884/14860/5
f 6889/14869/3 6890/14871/3 6892/14875/3 6891/14874/3
f 6893/14877/1 6894/14878/1 6896/14882/1 6895/14880/1
f 6895/14881/2 6896/14883/2 6890/14872/2 6889/14870/2
f 6890/14873/5 6896/14884/5 6894/14879/5 6892/14876/5
f 6897/14885/3 6898/14887/3 6900/14891/3 6899/14890/3
f 6901/14893/1 6902/14894/1 6904/14898/1 6903/14896/1
f 6903/14897/2 6904/14899/2 6898/14888/2 6897/14886/2
f 6898/14889/5 6904/14900/5 6902/14895/5 6900/14892/5
f 6905/14901/3 6906/14903/3 6908/14908/3 6907/14905/3
f 6907/14906/2 6908/14909/2 6910/14914/2 6909/14911/2
f 6909/14912/1 6910/14915/1 6912/14919/1 6911/14917/1
f 6911/14918/5 6905/14902/5 6907/14907/5 6909/14913/5
f 6917/14933/4 6918/14936/4 6919/14939/4 6920/14942/4
f 6914/14924/4 6913/14921/4 6906/14904/4 6912/14920/4
f 6915/14927/4 6914/14924/4 6912/14920/4 6910/14916/4
f 6916/14930/4 6915/14927/4 6910/14916/4 6908/14910/4
f 6913/14921/4 6916/14930/4 6908/14910/4 6906/14904/4
f 6918/14937/6 6917/14934/6 6913/14922/6 6914/14925/6
f 6919/14940/1 6918/14938/1 6914/14926/1 6915/14928/1
f 6920/14943/2 6919/14941/2 6915/14929/2 6916/14931/2
f 6917/14935/3 6920/14944/3 6916/14932/3 6913/14923/3
f 6921/14945/3 6922/14946/3 6924/14950/3 6923/14948/3
f 6923/14949/2 6924/14951/2 6926/14955/2 6925/14953/2
f 6925/14954/1 6926/14956/1 6928/14959/1 6927/14958/1
f 6922/14947/4 6928/14960/4 6926/14957/4 6924/14952/4
f 6931/14964/3 6932/14965/3 6934/14969/3 6933/14967/3
f 6933/14968/2 6934/14970/2 6936/14974/2 6935/14972/2
f 6935/14973/1 6936/14975/1 6930/14962/1 6929/14961/1
f 6930/14963/4 6936/14976/4 6934/14971/4 6932/14966/4
f 6937/14977/3 6938/14979/3 6940/14983/3 6939/14982/3
f 6941/14985/1 6942/14986/1 6944/14990/1 6943/14988/1
f 6943/14989/2 6944/14991/2 6938/14980/2 6937/14978/2
f 6938/14981/5 6944/14992/5 6942/14987/5 6940/14984/5
f 6945/14993/3 6946/14995/3 6948/14999/3 6947/14998/3
f 6949/15001/1 6950/15002/1 6952/15006/1 6951/15004/1
f 6951/15005/2 6952/15007/2 6946/14996/2 6945/14994/2
f 6946/14997/5 6952/15008/5 6950/15003/5 6948/15000/5
f 6953/15009/3 6954/15011/3 6956/15015/3 6955/15014/3
f 6957/15017/1 6958/15018/1 6960/15022/1 6959/15020/1
f 6959/15021/2 6960/15023/2 6954/15012/2 6953/15010/2
f 6954/15013/5 6960/15024/5 6958/15019/5 6956/15016/5
f 6961/15025/3 6962/15027/3 6964/15031/3 6963/15030/3
f 6965/15033/1 6966/15034/1 6968/15038/1 6967/15036/1
f 6967/15037/2 6968/15039/2 6962/15028/2 6961/15026/2
f 6962/15029/5 6968/15040/5 6966/15035/5 6964/15032/5
f 6969/15041/3 6970/15043/3 6972/15048/3 6971/15045/3
f 6971/15046/2 6972/15049/2 6974/15054/2 6973/15051/2
f 6973/15052/1 6974/15055/1 6976/15059/1 6975/15057/1
f 6975/15058/5 6969/15042/5 6971/15047/5 6973/15053/5
f 6981/15073/4 6982/15076/4 6983/15079/4 6984/15082/4
f 6978/15064/4 6977/15061/4 6970/15044/4 6976/15060/4
f 6979/15067/4 6978/15064/4 6976/15060/4 6974/15056/4
f 6980/15070/4 6979/15067/4 6974/15056/4 6972/15050/4
f 6977/15061/4 6980/15070/4 6972/15050/4 6970/15044/4
f 6982/15077/6 6981/15074/6 6977/15062/6 6978/15065/6
f 6983/15080/1 6982/15078/1 6978/15066/1 6979/15068/1
f 6984/15083/2 6983/15081/2 6979/15069/2 6980/15071/2
f 6981/15075/3 6984/15084/3 6980/15072/3 6977/15063/3
f 6985/15085/3 6986/15086/3 6988/15090/3 6987/15088/3
f 6987/15089/2 6988/15091/2 6990/15095/2 6989/15093/2
f 6989/15094/1 6990/15096/1 6992/15099/1 6991/15098/1
f 6986/15087/4 6992/15100/4 6990/15097/4 6988/15092/4
f 6995/15104/3 6996/15105/3 6998/15109/3 6997/15107/3
f 6997/15108/2 6998/15110/2 7000/15114/2 6999/15112/2
f 6999/15113/1 7000/15115/1 6994/15102/1 6993/15101/1
f 6994/15103/4 7000/15116/4 6998/15111/4 6996/15106/4
f 7001/15117/3 7002/15119/3 7004/15123/3 7003/15122/3
f 7005/15125/1 7006/15126/1 7008/15130/1 7007/15128/1
f 7007/15129/2 7008/15131/2 7002/15120/2 7001/15118/2
f 7002/15121/5 7008/15132/5 7006/15127/5 7004/15124/5
f 7009/15133/3 7010/15135/3 7012/15139/3 7011/15138/3
f 7013/15141/1 7014/15142/1 7016/15146/1 7015/15144/1
f 7015/15145/2 7016/15147/2 7010/15136/2 7009/15134/2
f 7010/15137/5 7016/15148/5 7014/15143/5 7012/15140/5
f 7017/15149/3 7018/15151/3 7020/15155/3 7019/15154/3
f 7021/15157/1 7022/15158/1 7024/15162/1 7023/15160/1
f 7023/15161/2 7024/15163/2 7018/15152/2 7017/15150/2
f 7018/15153/5 7024/15164/5 7022/15159/5 7020/15156/5
f 7025/15165/3 7026/15167/3 7028/15171/3 7027/15170/3
f 7029/15173/1 7030/15174/1 7032/15178/1 7031/15176/1
f 7031/15177/2 7032/15179/2 7026/15168/2 7025/15166/2
f 7026/15169/5 7032/15180/5 7030/15175/5 7028/15172/5
f 7033/15181/3 7034/15183/3 7036/15188/3 7035/15185/3
f 7035/15186/2 7036/15189/2 7038/15194/2 7037/15191/2
f 7037/15192/1 7038/15195/1 7040/15199/1 7039/15197/1
f 7039/15198/5 7033/15182/5 7035/15187/5 7037/15193/5
f 7045/15213/4 7046/15216/4 7047/15219/4 7048/15222/4
f 7042/15204/4 7041/15201/4 7034/15184/4 7040/15200/4
f 7043/15207/4 7042/15204/4 7040/15200/4 7038/15196/4
f 7044/15210/4 7043/15207/4 7038/15196/4 7036/15190/4
f 7041/15201/4 7044/15210/4 7036/15190/4 7034/15184/4
f 7046/15217/6 7045/15214/6 7041/15202/6 7042/15205/6
f 7047/15220/1 7046/15218/1 7042/15206/1 7043/15208/1
f 7048/15223/2 7047/15221/2 7043/15209/2 7044/15211/2
f 7045/15215/3 7048/15224/3 7044/15212/3 7041/15203/3
f 7049/15225/3 7050/15226/3 7052/15230/3 7051/15228/3
f 7051/15229/2 7052/15231/2 7054/15235/2 7053/15233/2
f 7053/15234/1 7054/15236/1 7056/15239/1 7055/15238/1
f 7050/15227/4 7056/15240/4 7054/15237/4 7052/15232/4
f 7059/15244/3 7060/15245/3 7062/15249/3 7061/15247/3
f 7061/15248/2 7062/15250/2 7064/15254/2 7063/15252/2
f 7063/15253/1 7064/15255/1 7058/15242/1 7057/15241/1
f 7058/15243/4 7064/15256/4 7062/15251/4 7060/15246/4
f 7065/15257/3 7066/15259/3 7068/15263/3 7067/15262/3
f 7069/15265/1 7070/15266/1 7072/15270/1 7071/15268/1
f 7071/15269/2 7072/15271/2 7066/15260/2 7065/15258/2
f 7066/15261/5 7072/15272/5 7070/15267/5 7068/15264/5
f 7073/15273/3 7074/15275/3 7076/15279/3 7075/15278/3
f 7077/15281/1 7078/15282/1 7080/15286/1 7079/15284/1
f 7079/15285/2 7080/15287/2 7074/15276/2 7073/15274/2
f 7074/15277/5 7080/15288/5 7078/15283/5 7076/15280/5
f 7081/15289/3 7082/15291/3 7084/15295/3 7083/15294/3
f 7085/15297/1 7086/15298/1 7088/15302/1 7087/15300/1
f 7087/15301/2 7088/15303/2 7082/15292/2 7081/15290/2
f 7082/15293/5 7088/15304/5 7086/15299/5 7084/15296/5
f 7089/15305/3 7090/15307/3 7092/15311/3 7091/15310/3
f 7093/15313/1 7094/15314/1 7096/15318/1 7095/15316/1
f 7095/15317/2 7096/15319/2 7090/15308/2 7089/15306/2
f 7090/15309/5 7096/15320/5 7094/15315/5 7092/15312/5
f 7097/15321/3 7098/15323/3 7100/15328/3 7099/15325/3
f 7099/15326/2 7100/15329/2 7102/15334/2 7101/15331/2
f 7101/15332/1 7102/15335/1 7104/15339/1 7103/15337/1
f 7103/15338/5 7097/15322/5 7099/15327/5 7101/15333/5
f 7109/15353/4 7110/15356/4 7111/15359/4 7112/15362/4
f 7106/15344/4 7105/15341/4 7098/15324/4 7104/15340/4
f 7107/15347/4 7106/15344/4 7104/15340/4 7102/15336/4
f 7108/15350/4 7107/15347/4 7102/15336/4 7100/15330/4
f 7105/15341/4 7108/15350/4 7100/15330/4 7098/15324/4
f 7110/15357/6 7109/15354/6 7105/15342/6 7106/15345/6
f 7111/15360/1 7110/15358/1 7106/15346/1 7107/15348/1
f 7112/15363/2 7111/15361/2 7107/15349/2 7108/15351/2
f 7109/15355/3 7112/15364/3 7108/15352/3 7105/15343/3
f 7113/15365/3 7114/15366/3 7116/15370/3 7115/15368/3
f 7115/15369/2 7116/15371/2 7118/15375/2 7117/15373/2
f 7117/15374/1 7118/15376/1 7120/15379/1 7119/15378/1
f 7114/15367/4 7120/15380/4 7118/15377/4 7116/15372/4
f 7123/15384/3 7124/15385/3 7126/15389/3 7125/15387/3
f 7125/15388/2 7126/15390/2 7128/15394/2 7127/15392/2
f 7127/15393/1 7128/15395/1 7122/15382/1 7121/15381/1
f 7122/15383/4 7128/15396/4 7126/15391/4 7124/15386/4
f 7129/15397/3 7130/15399/3 7132/15403/3 7131/15402/3
f 7133/15405/1 7134/15406/1 7136/15410/1 7135/15408/1
f 7135/15409/2 7136/15411/2 7130/15400/2 7129/15398/2
f 7130/15401/5 7136/15412/5 7134/15407/5 7132/15404/5
f 7137/15413/3 7138/15415/3 7140/15419/3 7139/15418/3
f 7141/15421/1 7142/15422/1 7144/15426/1 7143/15424/1
f 7143/15425/2 7144/15427/2 7138/15416/2 7137/15414/2
f 7138/15417/5 7144/15428/5 7142/15423/5 7140/15420/5
f 7145/15429/3 7146/15431/3 7148/15435/3 7147/15434/3
f 7149/15437/1 7150/15438/1 7152/15442/1 7151/15440/1
f 7151/15441/2 7152/15443/2 7146/15432/2 7145/15430/2
f 7146/15433/5 7152/15444/5 7150/15439/5 7148/15436/5
f 7153/15445/3 7154/15447/3 7156/15451/3 7155/15450/3
f 7157/15453/1 7158/15454/1 7160/15458/1 7159/15456/1
f 7159/15457/2 7160/15459/2 7154/15448/2 7153/15446/2
f 7154/15449/5 7160/15460/5 7158/15455/5 7156/15452/5
f 7161/15461/3 7162/15463/3 7164/15468/3 7163/15465/3
f 7163/15466/2 7164/15469/2 7166/15474/2 7165/15471/2
f 7165/15472/1 7166/15475/1 7168/15479/1 7167/15477/1
f 7167/15478/5 7161/15462/5 7163/15467/5 7165/15473/5
f 7173/15493/4 7174/15496/4 7175/15499/4 7176/15502/4
f 7170/15484/4 7169/15481/4 7162/15464/4 7168/15480/4
f 7171/15487/4 7170/15484/4 7168/15480/4 7166/15476/4
f 7172/15490/4 7171/15487/4 7166/15476/4 7164/15470/4
f 7169/15481/4 7172/15490/4 7164/15470/4 7162/15464/4
f 7174/15497/6 7173/15494/6 7169/15482/6 7170/15485/6
f 7175/15500/1 7174/15498/1 7170/15486/1 7171/15488/1
f 7176/15503/2 7175/15501/2 7171/15489/2 7172/15491/2
f 7173/15495/3 7176/15504/3 7172/15492/3 7169/15483/3
f 7177/15505/3 7178/15506/3 7180/15510/3 7179/15508/3
f 7179/15509/2 7180/15511/2 7182/15515/2 7181/15513/2
f 7181/15514/1 7182/15516/1 7184/15519/1 7183/15518/1
f 7178/15507/4 7184/15520/4 7182/15517/4 7180/15512/4
f 7187/15524/3 7188/15525/3 7190/15529/3 7189/15527/3
f 7189/15528/2 7190/15530/2 7192/15534/2 7191/15532/2
f 7191/15533/1 7192/15535/1 7186/15522/1 7185/15521/1
f 7186/15523/4 7192/15536/4 7190/15531/4 7188/15526/4
f 7193/15537/3 7194/15539/3 7196/15543/3 7195/15542/3
f 7197/15545/1 7198/15546/1 7200/15550/1 7199/15548/1
f 7199/15549/2 7200/15551/2 7194/15540/2 7193/15538/2
f 7194/15541/5 7200/15552/5 7198/15547/5 7196/15544/5
f 7201/15553/3 7202/15555/3 7204/15559/3 7203/15558/3
f 7205/15561/1 7206/15562/1 7208/15566/1 7207/15564/1
f 7207/15565/2 7208/15567/2 7202/15556/2 7201/15554/2
f 7202/15557/5 7208/15568/5 7206/15563/5 7204/15560/5
f 7209/15569/3 7210/15571/3 7212/15575/3 7211/15574/3
f 7213/15577/1 7214/15578/1 7216/15582/1 7215/15580/1
f 7215/15581/2 7216/15583/2 7210/15572/2 7209/15570/2
f 7210/15573/5 7216/15584/5 7214/15579/5 7212/15576/5
f 7217/15585/3 7218/15587/3 7220/15591/3 7219/15590/3
f 7221/15593/1 7222/15594/1 7224/15598/1 7223/15596/1
f 7223/15597/2 7224/15599/2 7218/15588/2 7217/15586/2
f 7218/15589/5 7224/15600/5 7222/15595/5 7220/15592/5
f 7225/15601/3 7226/15603/3 7228/15608/3 7227/15605/3
f 7227/15606/2 7228/15609/2 7230/15614/2 7229/15611/2
f 7229/15612/1 7230/15615/1 7232/15619/1 7231/15617/1
f 7231/15618/5 7225/15602/5 7227/15607/5 7229/15613/5
f 7237/15633/4 7238/15636/4 7239/15639/4 7240/15642/4
f 7234/15624/4 7233/15621/4 7226/15604/4 7232/15620/4
f 7235/15627/4 7234/15624/4 7232/15620/4 7230/15616/4
f 7236/15630/4 7235/15627/4 7230/15616/4 7228/15610/4
f 7233/15621/4 7236/15630/4 7228/15610/4 7226/15604/4
f 7238/15637/6 7237/15634/6 7233/15622/6 7234/15625/6
f 7239/15640/1 7238/15638/1 7234/15626/1 7235/15628/1
f 7240/15643/2 7239/15641/2 7235/15629/2 7236/15631/2
f 7237/15635/3 7240/15644/3 7236/15632/3 7233/15623/3
f 7241/15645/3 7242/15646/3 7244/15650/3 7243/15648/3
f 7243/15649/2 7244/15651/2 7246/15655/2 7245/15653/2
f 7245/15654/1 7246/15656/1 7248/15659/1 7247/15658/1
f 7242/15647/4 7248/15660/4 7246/15657/4 7244/15652/4
f 7251/15664/3 7252/15665/3 7254/15669/3 7253/15667/3
f 7253/15668/2 7254/15670/2 7256/15674/2 7255/15672/2
f 7255/15673/1 7256/15675/1 7250/15662/1 7249/15661/1
f 7250/15663/4 7256/15676/4 7254/15671/4 7252/15666/4
f 7257/15677/3 7258/15679/3 7260/15683/3 7259/15682/3
f 7261/15685/1 7262/15686/1 7264/15690/1 7263/15688/1
f 7263/15689/2 7264/15691/2 7258/15680/2 7257/15678/2
f 7258/15681/5 7264/15692/5 7262/15687/5 7260/15684/5
f 7265/15693/3 7266/15695/3 7268/15699/3 7267/15698/3
f 7269/15701/1 7270/15702/1 7272/15706/1 7271/15704/1
f 7271/15705/2 7272/15707/2 7266/15696/2 7265/15694/2
f 7266/15697/5 7272/15708/5 7270/15703/5 7268/15700/5
f 7273/15709/3 7274/15711/3 7276/15715/3 7275/15714/3
f 7277/15717/1 7278/15718/1 7280/15722/1 7279/15720/1
f 7279/15721/2 7280/15723/2 7274/15712/2 7273/15710/2
f 7274/15713/5 7280/15724/5 7278/15719/5 7276/15716/5
f 7281/15725/3 7282/15727/3 7284/15731/3 7283/15730/3
f 7285/15733/1 7286/15734/1 7288/15738/1 7287/15736/1
f 7287/15737/2 7288/15739/2 7282/15728/2 7281/15726/2
f 7282/15729/5 7288/15740/5 7286/15735/5 7284/15732/5
f 7289/15741/3 7290/15743/3 7292/15748/3 7291/15745/3
f 7291/15746/2 7292/15749/2 7294/15754/2 7293/15751/2
f 7293/15752/1 7294/15755/1 7296/15759/1 7295/15757/1
f 7295/15758/5 7289/15742/5 7291/15747/5 7293/15753/5
f 7301/15773/4 7302/15776/4 7303/15779/4 7304/15782/4
f 7298/15764/4 7297/15761/4 7290/15744/4 7296/15760/4
f 7299/15767/4 7298/15764/4 7296/15760/4 7294/15756/4
f 7300/15770/4 7299/15767/4 7294/15756/4 7292/15750/4
f 7297/15761/4 7300/15770/4 7292/15750/4 7290/15744/4
f 7302/15777/6 7301/15774/6 7297/15762/6 7298/15765/6
f 7303/15780/1 7302/15778/1 7298/15766/1 7299/15768/1
f 7304/15783/2 7303/15781/2 7299/15769/2 7300/15771/2
f 7301/15775/3 7304/15784/3 7300/15772/3 7297/15763/3
f 7305/15785/3 7306/15786/3 7308/15790/3 7307/15788/3
f 7307/15789/2 7308/15791/2 7310/15795/2 7309/15793/2
f 7309/15794/1 7310/15796/1 7312/15799/1 7311/15798/1
f 7306/15787/4 7312/15800/4 7310/15797/4 7308/15792/4
f 7315/15804/3 7316/15805/3 7318/15809/3 7317/15807/3
f 7317/15808/2 7318/15810/2 7320/15814/2 7319/15812/2
f 7319/15813/1 7320/15815/1 7314/15802/1 7313/15801/1
f 7314/15803/4 7320/15816/4 7318/15811/4 7316/15806/4
f 7321/15817/3 7322/15819/3 7324/15823/3 7323/15822/3
f 7325/15825/1 7326/15826/1 7328/15830/1 7327/15828/1
f 7327/15829/2 7328/15831/2 7322/15820/2 7321/15818/2
f 7322/15821/5 7328/15832/5 7326/15827/5 7324/15824/5
f 7329/15833/3 7330/15835/3 7332/15839/3 7331/15838/3
f 7333/15841/1 7334/15842/1 7336/15846/1 7335/15844/1
f 7335/15845/2 7336/15847/2 7330/15836/2 7329/15834/2
f 7330/15837/5 7336/15848/5 7334/15843/5 7332/15840/5
f 7337/15849/3 7338/15851/3 7340/15855/3 7339/15854/3
f 7341/15857/1 7342/15858/1 7344/15862/1 7343/15860/1
f 7343/15861/2 7344/15863/2 7338/15852/2 7337/15850/2
f 7338/15853/5 7344/15864/5 7342/15859/5 7340/15856/5
f 7345/15865/3 7346/15867/3 7348/15871/3 7347/15870/3
f 7349/15873/1 7350/15874/1 7352/15878/1 7351/15876/1
f 7351/15877/2 7352/15879/2 7346/15868/2 7345/15866/2
f 7346/15869/5 7352/15880/5 7350/15875/5 7348/15872/5
f 7353/15881/3 7354/15883/3 7356/15888/3 7355/15885/3
f 7355/15886/2 7356/15889/2 7358/15894/2 7357/15891/2
f 7357/15892/1 7358/15895/1 7360/15899/1 7359/15897/1
f 7359/15898/5 7353/15882/5 7355/15887/5 7357/15893/5
f 7365/15913/4 7366/15916/4 7367/15919/4 7368/15922/4
f 7362/15904/4 7361/15901/4 7354/15884/4 7360/15900/4
f 7363/15907/4 7362/15904/4 7360/15900/4 7358/15896/4
f 7364/15910/4 7363/15907/4 7358/15896/4 7356/15890/4
f 7361/15901/4 7364/15910/4 7356/15890/4 7354/15884/4
f 7366/15917/6 7365/15914/6 7361/15902/6 7362/15905/6
f 7367/15920/1 7366/15918/1 7362/15906/1 7363/15908/1
f 7368/15923/2 7367/15921/2 7363/15909/2 7364/15911/2
f 7365/15915/3 7368/15924/3 7364/15912/3 7361/15903/3
f 7369/15925/3 7370/15926/3 7372/15930/3 7371/15928/3
f 7371/15929/2 7372/15931/2 7374/15935/2 7373/15933/2
f 7373/15934/1 7374/15936/1 7376/15939/1 7375/15938/1
f 7370/15927/4 7376/15940/4 7374/15937/4 7372/15932/4
f 7379/15944/3 7380/15945/3 7382/15949/3 7381/15947/3
f 7381/15948/2 7382/15950/2 7384/15954/2 7383/15952/2
f 7383/15953/1 7384/15955/1 7378/15942/1 7377/15941/1
f 7378/15943/4 7384/15956/4 7382/15951/4 7380/15946/4
f 7385/15957/3 7386/15959/3 7388/15963/3 7387/15962/3
f 7389/15965/1 7390/15966/1 7392/15970/1 7391/15968/1
f 7391/15969/2 7392/15971/2 7386/15960/2 7385/15958/2
f 7386/15961/5 7392/15972/5 7390/15967/5 7388/15964/5
f 7393/15973/3 7394/15975/3 7396/15979/3 7395/15978/3
f 7397/15981/1 7398/15982/1 7400/15986/1 7399/15984/1
f 7399/15985/2 7400/15987/2 7394/15976/2 7393/15974/2
f 7394/15977/5 7400/15988/5 7398/15983/5 7396/15980/5
f 7401/15989/3 7402/15991/3 7404/15995/3 7403/15994/3
f 7405/15997/1 7406/15998/1 7408/16002/1 7407/16000/1
f 7407/16001/2 7408/16003/2 7402/15992/2 7401/15990/2
f 7402/15993/5 7408/16004/5 7406/15999/5 7404/15996/5
f 7409/16005/3 7410/16007/3 7412/16011/3 7411/16010/3
f 7413/16013/1 7414/16014/1 7416/16018/1 7415/16016/1
f 7415/16017/2 7416/16019/2 7410/16008/2 7409/16006/2
f 7410/16009/5 7416/16020/5 7414/16015/5 7412/16012/5
f 7417/16021/3 7418/16023/3 7420/16028/3 7419/16025/3
f 7419/16026/2 7420/16029/2 7422/16034/2 7421/16031/2
f 7421/16032/1 7422/16035/1 7424/16039/1 7423/16037/1
f 7423/16038/5 7417/16022/5 7419/16027/5 7421/16033/5
f 7429/16053/4 7430/16056/4 7431/16059/4 7432/16062/4
f 7426/16044/4 7425/16041/4 7418/16024/4 7424/16040/4
f 7427/16047/4 7426/16044/4 7424/16040/4 7422/16036/4
f 7428/16050/4 7427/16047/4 7422/16036/4 7420/16030/4
f 7425/16041/4 7428/16050/4 7420/16030/4 7418/16024/4
f 7430/16057/6 7429/16054/6 7425/16042/6 7426/16045/6
f 7431/16060/1 7430/16058/1 7426/16046/1 7427/16048/1
f 7432/16063/2 7431/16061/2 7427/16049/2 7428/16051/2
f 7429/16055/3 7432/16064/3 7428/16052/3 7425/16043/3
f 7433/16065/3 7434/16066/3 7436/16070/3 7435/16068/3
f 7435/16069/2 7436/16071/2 7438/16075/2 7437/16073/2
f 7437/16074/1 7438/16076/1 7440/16079/1 7439/16078/1
f 7434/16067/4 7440/16080/4 7438/16077/4 7436/16072/4
f 7443/16084/3 7444/16085/3 7446/16089/3 7445/16087/3
f 7445/16088/2 7446/16090/2 7448/16094/2 7447/16092/2
f 7447/16093/1 7448/16095/1 7442/16082/1 7441/16081/1
f 7442/16083/4 7448/16096/4 7446/16091/4 7444/16086/4
f 7449/16097/3 7450/16099/3 7452/16103/3 7451/16102/3
f 7453/16105/1 7454/16106/1 7456/16110/1 7455/16108/1
f 7455/16109/2 7456/16111/2 7450/16100/2 7449/16098/2
f 7450/16101/5 7456/16112/5 7454/16107/5 7452/16104/5
f 7457/16113/3 7458/16115/3 7460/16119/3 7459/16118/3
f 7461/16121/1 7462/16122/1 7464/16126/1 7463/16124/1
f 7463/16125/2 7464/16127/2 7458/16116/2 7457/16114/2
f 7458/16117/5 7464/16128/5 7462/16123/5 7460/16120/5
f 7465/16129/3 7466/16131/3 7468/16135/3 7467/16134/3
f 7469/16137/1 7470/16138/1 7472/16142/1 7471/16140/1
f 7471/16141/2 7472/16143/2 7466/16132/2 7465/16130/2
f 7466/16133/5 7472/16144/5 7470/16139/5 7468/16136/5
f 7473/16145/3 7474/16147/3 7476/16151/3 7475/16150/3
f 7477/16153/1 7478/16154/1 7480/16158/1 7479/16156/1
f 7479/16157/2 7480/16159/2 7474/16148/2 7473/16146/2
f 7474/16149/5 7480/16160/5 7478/16155/5 7476/16152/5
f 7481/16161/3 7482/16163/3 7484/16168/3 7483/16165/3
f 7483/16166/2 7484/16169/2 7486/16174/2 7485/16171/2
f 7485/16172/1 7486/16175/1 7488/16179/1 7487/16177/1
f 7487/16178/5 7481/16162/5 7483/16167/5 7485/16173/5
f 7493/16193/4 7494/16196/4 7495/16199/4 7496/16202/4
f 7490/16184/4 7489/16181/4 7482/16164/4 7488/16180/4
f 7491/16187/4 7490/16184/4 7488/16180/4 7486/16176/4
f 7492/16190/4 7491/16187/4 7486/16176/4 7484/16170/4
f 7489/16181/4 7492/16190/4 7484/16170/4 7482/16164/4
f 7494/16197/6 7493/16194/6 7489/16182/6 7490/16185/6
f 7495/16200/1 7494/16198/1 7490/16186/1 7491/16188/1
f 7496/16203/2 7495/16201/2 7491/16189/2 7492/16191/2
f 7493/16195/3 7496/16204/3 7492/16192/3 7489/16183/3
f 7497/16205/3 7498/16206/3 7500/16210/3 7499/16208/3
f 7499/16209/2 7500/16211/2 7502/16215/2 7501/16213/2
f 7501/16214/1 7502/16216/1 7504/16219/1 7503/16218/1
f 7498/16207/4 7504/16220/4 7502/16217/4 7500/16212/4
f 7507/16224/3 7508/16225/3 7510/16229/3 7509/16227/3
f 7509/16228/2 7510/16230/2 7512/16234/2 7511/16232/2
f 7511/16233/1 7512/16235/1 7506/16222/1 7505/16221/1
f 7506/16223/4 7512/16236/4 7510/16231/4 7508/16226/4
f 7513/16237/3 7514/16239/3 7516/16243/3 7515/16242/3
f 7517/16245/1 7518/16246/1 7520/16250/1 7519/16248/1
f 7519/16249/2 7520/16251/2 7514/16240/2 7513/16238/2
f 7514/16241/5 7520/16252/5 7518/16247/5 7516/16244/5
f 7521/16253/3 7522/16255/3 7524/16259/3 7523/16258/3
f 7525/16261/1 7526/16262/1 7528/16266/1 7527/16264/1
f 7527/16265/2 7528/16267/2 7522/16256/2 7521/16254/2
f 7522/16257/5 7528/16268/5 7526/16263/5 7524/16260/5
f 7529/16269/3 7530/16271/3 7532/16275/3 7531/16274/3
f 7533/16277/1 7534/16278/1 7536/16282/1 7535/16280/1
f 7535/16281/2 7536/16283/2 7530/16272/2 7529/16270/2
f 7530/16273/5 7536/16284/5 7534/16279/5 7532/16276/5
f 7537/16285/3 7538/16287/3 7540/16291/3 7539/16290/3
f 7541/16293/1 7542/16294/1 7544/16298/1 7543/16296/1
f 7543/16297/2 7544/16299/2 7538/16288/2 7537/16286/2
f 7538/16289/5 7544/16300/5 7542/16295/5 7540/16292/5
f 7545/16301/3 7546/16303/3 7548/16308/3 7547/16305/3
f 7547/16306/2 7548/16309/2 7550/16314/2 7549/16311/2
f 7549/16312/1 7550/16315/1 7552/16319/1 7551/16317/1
f 7551/16318/5 7545/16302/5 7547/16307/5 7549/16313/5
f 7557/16333/4 7558/16336/4 7559/16339/4 7560/16342/4
f 7554/16324/4 7553/16321/4 7546/16304/4 7552/16320/4
f 7555/16327/4 7554/16324/4 7552/16320/4 7550/16316/4
f 7556/16330/4 7555/16327/4 7550/16316/4 7548/16310/4
f 7553/16321/4 7556/16330/4 7548/16310/4 7546/16304/4
f 7558/16337/6 7557/16334/6 7553/16322/6 7554/16325/6
f 7559/16340/1 7558/16338/1 7554/16326/1 7555/16328/1
f 7560/16343/2 7559/16341/2 7555/16329/2 7556/16331/2
f 7557/16335/3 7560/16344/3 7556/16332/3 7553/16323/3
f 7561/16345/3 7562/16346/3 7564/16350/3 7563/16348/3
f 7563/16349/2 7564/16351/2 7566/16355/2 7565/16353/2
f 7565/16354/1 7566/16356/1 7568/16359/1 7567/16358/1
f 7562/16347/4 7568/16360/4 7566/16357/4 7564/16352/4
f 7571/16364/3 7572/16365/3 7574/16369/3 7573/16367/3
f 7573/16368/2 7574/16370/2 7576/16374/2 7575/16372/2
f 7575/16373/1 7576/16375/1 7570/16362/1 7569/16361/1
f 7570/16363/4 7576/16376/4 7574/16371/4 7572/16366/4
f 7577/16377/3 7578/16379/3 7580/16383/3 7579/16382/3
f 7581/16385/1 7582/16386/1 7584/16390/1 7583/16388/1
f 7583/16389/2 7584/16391/2 7578/16380/2 7577/16378/2
f 7578/16381/5 7584/16392/5 7582/16387/5 7580/16384/5
f 7585/16393/3 7586/16395/3 7588/16399/3 7587/16398/3
f 7589/16401/1 7590/16402/1 7592/16406/1 7591/16404/1
f 7591/16405/2 7592/16407/2 7586/16396/2 7585/16394/2
f 7586/16397/5 7592/16408/5 7590/16403/5 7588/16400/5
f 7593/16409/3 7594/16411/3 7596/16415/3 7595/16414/3
f 7597/16417/1 7598/16418/1 7600/16422/1 7599/16420/1
f 7599/16421/2 7600/16423/2 7594/16412/2 7593/16410/2
f 7594/16413/5 7600/16424/5 7598/16419/5 7596/16416/5
f 7601/16425/3 7602/16427/3 7604/16431/3 7603/16430/3
f 7605/16433/1 7606/16434/1 7608/16438/1 7607/16436/1
f 7607/16437/2 7608/16439/2 7602/16428/2 7601/16426/2
f 7602/16429/5 7608/16440/5 7606/16435/5 7604/16432/5
f 7609/16441/3 7610/16443/3 7612/16448/3 7611/16445/3
f 7611/16446/2 7612/16449/2 7614/16454/2 7613/16451/2
f 7613/16452/1 7614/16455/1 7616/16459/1 7615/16457/1
f 7615/16458/5 7609/16442/5 7611/16447/5 7613/16453/5
f 7621/16473/4 7622/16476/4 7623/16479/4 7624/16482/4
f 7618/16464/4 7617/16461/4 7610/16444/4 7616/16460/4
f 7619/16467/4 7618/16464/4 7616/16460/4 7614/16456/4
f 7620/16470/4 7619/16467/4 7614/16456/4 7612/16450/4
f 7617/16461/4 7620/16470/4 7612/16450/4 7610/16444/4
f 7622/16477/6 7621/16474/6 7617/16462/6 7618/16465/6
f 7623/16480/1 7622/16478/1 7618/16466/1 7619/16468/1
f 7624/16483/2 7623/16481/2 7619/16469/2 7620/16471/2
f 7621/16475/3 7624/16484/3 7620/16472/3 7617/16463/3
f 7625/16485/3 7626/16486/3 7628/16490/3 7627/16488/3
f 7627/16489/2 7628/16491/2 7630/16495/2 7629/16493/2
f 7629/16494/1 7630/16496/1 7632/16499/1 7631/16498/1
f 7626/16487/4 7632/16500/4 7630/16497/4 7628/16492/4
f 7635/16504/3 7636/16505/3 7638/16509/3 7637/16507/3
f 7637/16508/2 7638/16510/2 7640/16514/2 7639/16512/2
f 7639/16513/1 7640/16515/1 7634/16502/1 7633/16501/1
f 7634/16503/4 7640/16516/4 7638/16511/4 7636/16506/4
f 7641/16517/3 7642/16519/3 7644/16523/3 7643/16522/3
f 7645/16525/1 7646/16526/1 7648/16530/1 7647/16528/1
f 7647/16529/2 7648/16531/2 7642/16520/2 7641/16518/2
f 7642/16521/5 7648/16532/5 7646/16527/5 7644/16524/5
f 7649/16533/3 7650/16535/3 7652/16539/3 7651/16538/3
f 7653/16541/1 7654/16542/1 7656/16546/1 7655/16544/1
f 7655/16545/2 7656/16547/2 7650/16536/2 7649/16534/2
f 7650/16537/5 7656/16548/5 7654/16543/5 7652/16540/5
f 7657/16549/3 7658/16551/3 7660/16555/3 7659/16554/3
f 7661/16557/1 7662/16558/1 7664/16562/1 7663/16560/1
f 7663/16561/2 7664/16563/2 7658/16552/2 7657/16550/2
f 7658/16553/5 7664/16564/5 7662/16559/5 7660/16556/5
f 7665/16565/3 7666/16567/3 7668/16571/3 7667/16570/3
f 7669/16573/1 7670/16574/1 7672/16578/1 7671/16576/1
f 7671/16577/2 7672/16579/2 7666/16568/2 7665/16566/2
f 7666/16569/5 7672/16580/5 7670/16575/5 7668/16572/5
f 7673/16581/3 7674/16583/3 7676/16588/3 7675/16585/3
f 7675/16586/2 7676/16589/2 7678/16594/2 7677/16591/2
f 7677/16592/1 7678/16595/1 7680/16599/1 7679/16597/1
f 7679/16598/5 7673/16582/5 7675/16587/5 7677/16593/5
f 7685/16613/4 7686/16616/4 7687/16619/4 7688/16622/4
f 7682/16604/4 7681/16601/4 7674/16584/4 7680/16600/4
f 7683/16607/4 7682/16604/4 7680/16600/4 7678/16596/4
f 7684/16610/4 7683/16607/4 7678/16596/4 7676/16590/4
f 7681/16601/4 7684/16610/4 7676/16590/4 7674/16584/4
f 7686/16617/6 7685/16614/6 7681/16602/6 7682/16605/6
f 7687/16620/1 7686/16618/1 7682/16606/1 7683/16608/1
f 7688/16623/2 7687/16621/2 7683/16609/2 7684/16611/2
f 7685/16615/3 7688/16624/3 7684/16612/3 7681/16603/3
f 7689/16625/3 7690/16626/3 7692/16630/3 7691/16628/3
f 7691/16629/2 7692/16631/2 7694/16635/2 7693/16633/2
f 7693/16634/1 7694/16636/1 7696/16639/1 7695/16638/1
f 7690/16627/4 7696/16640/4 7694/16637/4 7692/16632/4
f 7699/16644/3 7700/16645/3 7702/16649/3 7701/16647/3
f 7701/16648/2 7702/16650/2 7704/16654/2 7703/16652/2
f 7703/16653/1 7704/16655/1 7698/16642/1 7697/16641/1
f 7698/16643/4 7704/16656/4 7702/16651/4 7700/16646/4
f 7705/16657/3 7706/16659/3 7708/16663/3 7707/16662/3
f 7709/16665/1 7710/16666/1 7712/16670/1 7711/16668/1
f 7711/16669/2 7712/16671/2 7706/16660/2 7705/16658/2
f 7706/16661/5 7712/16672/5 7710/16667/5 7708/16664/5
f 7713/16673/3 7714/16675/3 7716/16679/3 7715/16678/3
f 7717/16681/1 7718/16682/1 7720/16686/1 7719/16684/1
f 7719/16685/2 7720/16687/2 7714/16676/2 7713/16674/2
f 7714/16677/5 7720/16688/5 7718/16683/5 7716/16680/5
f 7721/16689/3 7722/16691/3 7724/16695/3 7723/16694/3
f 7725/16697/1 7726/16698/1 7728/16702/1 7727/16700/1
f 7727/16701/2 7728/16703/2 7722/16692/2 7721/16690/2
f 7722/16693/5 7728/16704/5 7726/16699/5 7724/16696/5
f 7729/16705/3 7730/16707/3 7732/16711/3 7731/16710/3
f 7733/16713/1 7734/16714/1 7736/16718/1 7735/16716/1
f 7735/16717/2 7736/16719/2 7730/16708/2 7729/16706/2
f 7730/16709/5 7736/16720/5 7734/16715/5 7732/16712/5
f 7737/16721/3 7738/16723/3 7740/16728/3 7739/16725/3
f 7739/16726/2 7740/16729/2 7742/16734/2 7741/16731/2
f 7741/16732/1 7742/16735/1 7744/16739/1 7743/16737/1
f 7743/16738/5 7737/16722/5 7739/16727/5 7741/16733/5
f 7749/16753/4 7750/16756/4 7751/16759/4 7752/16762/4
f 7746/16744/4 7745/16741/4 7738/16724/4 7744/16740/4
f 7747/16747/4 7746/16744/4 7744/16740/4 7742/16736/4
f 7748/16750/4 7747/16747/4 7742/16736/4 7740/16730/4
f 7745/16741/4 7748/16750/4 7740/16730/4 7738/16724/4
f 7750/16757/6 7749/16754/6 7745/16742/6 7746/16745/6
f 7751/16760/1 7750/16758/1 7746/16746/1 7747/16748/1
f 7752/16763/2 7751/16761/2 7747/16749/2 7748/16751/2
f 7749/16755/3 7752/16764/3 7748/16752/3 7745/16743/3
f 7753/16765/3 7754/16766/3 7756/16770/3 7755/16768/3
f 7755/16769/2 7756/16771/2 7758/16775/2 7757/16773/2
f 7757/16774/1 7758/16776/1 7760/16779/1 7759/16778/1
f 7754/16767/4 7760/16780/4 7758/16777/4 7756/16772/4
f 7763/16784/3 7764/16785/3 7766/16789/3 7765/16787/3
f 7765/16788/2 7766/16790/2 7768/16794/2 7767/16792/2
f 7767/16793/1 7768/16795/1 7762/16782/1 7761/16781/1
f 7762/16783/4 7768/16796/4 7766/16791/4 7764/16786/4
f 7769/16797/3 7770/16799/3 7772/16803/3 7771/16802/3
f 7773/16805/1 7774/16806/1 7776/16810/1 7775/16808/1
f 7775/16809/2 7776/16811/2 7770/16800/2 7769/16798/2
f 7770/16801/5 7776/16812/5 7774/16807/5 7772/16804/5
f 7777/16813/3 7778/16815/3 7780/16819/3 7779/16818/3
f 7781/16821/1 7782/16822/1 7784/16826/1 7783/16824/1
f 7783/16825/2 7784/16827/2 7778/16816/2 7777/16814/2
f 7778/16817/5 7784/16828/5 7782/16823/5 7780/16820/5
f 7785/16829/3 7786/16831/3 7788/16835/3 7787/16834/3
f 7789/16837/1 7790/16838/1 7792/16842/1 7791/16840/1
f 7791/16841/2 7792/16843/2 7786/16832/2 7785/16830/2
f 7786/16833/5 7792/16844/5 7790/16839/5 7788/16836/5
f 7793/16845/3 7794/16847/3 7796/16851/3 7795/16850/3
f 7797/16853/1 7798/16854/1 7800/16858/1 7799/16856/1
f 7799/16857/2 7800/16859/2 7794/16848/2 7793/16846/2
f 7794/16849/5 7800/16860/5 7798/16855/5 7796/16852/5
f 7801/16861/3 7802/16863/3 7804/16868/3 7803/16865/3
f 7803/16866/2 7804/16869/2 7806/16874/2 7805/16871/2
f 7805/16872/1 7806/16875/1 7808/16879/1 7807/16877/1
f 7807/16878/5 7801/16862/5 7803/16867/5 7805/16873/5
f 7813/16893/4 7814/16896/4 7815/16899/4 7816/16902/4
f 7810/16884/4 7809/16881/4 7802/16864/4 7808/16880/4
f 7811/16887/4 7810/16884/4 7808/16880/4 7806/16876/4
f 7812/16890/4 7811/16887/4 7806/16876/4 7804/16870/4
f 7809/16881/4 7812/16890/4 7804/16870/4 7802/16864/4
f 7814/16897/6 7813/16894/6 7809/16882/6 7810/16885/6
f 7815/16900/1 7814/16898/1 7810/16886/1 7811/16888/1
f 7816/16903/2 7815/16901/2 7811/16889/2 7812/16891/2
f 7813/16895/3 7816/16904/3 7812/16892/3 7809/16883/3
f 7817/16905/3 7818/16906/3 7820/16910/3 7819/16908/3
f 7819/16909/2 7820/16911/2 7822/16915/2 7821/16913/2
f 7821/16914/1 7822/16916/1 7824/16919/1 7823/16918/1
f 7818/16907/4 7824/16920/4 7822/16917/4 7820/16912/4
f 7827/16924/3 7828/16925/3 7830/16929/3 7829/16927/3
f 7829/16928/2 7830/16930/2 7832/16934/2 7831/16932/2
f 7831/16933/1 7832/16935/1 7826/16922/1 7825/16921/1
f 7826/16923/4 7832/16936/4 7830/16931/4 7828/16926/4
f 7833/16937/3 7834/16939/3 7836/16943/3 7835/16942/3
f 7837/16945/1 7838/16946/1 7840/16950/1 7839/16948/1
f 7839/16949/2 7840/16951/2 7834/16940/2 7833/16938/2
f 7834/16941/5 7840/16952/5 7838/16947/5 7836/16944/5
f 7841/16953/3 7842/16955/3 7844/16959/3 7843/16958/3
f 7845/16961/1 7846/16962/1 7848/16966/1 7847/16964/1
f 7847/16965/2 7848/16967/2 7842/16956/2 7841/16954/2
f 7842/16957/5 7848/16968/5 7846/16963/5 7844/16960/5
f 7849/16969/3 7850/16971/3 7852/16975/3 7851/16974/3
f 7853/16977/1 7854/16978/1 7856/16982/1 7855/16980/1
f 7855/16981/2 7856/16983/2 7850/16972/2 7849/16970/2
f 7850/16973/5 7856/16984/5 7854/16979/5 7852/16976/5
f 7857/16985/3 7858/16987/3 7860/16991/3 7859/16990/3
f 7861/16993/1 7862/16994/1 7864/16998/1 7863/16996/1
f 7863/16997/2 7864/16999/2 7858/16988/2 7857/16986/2
f 7858/16989/5 7864/17000/5 7862/16995/5 7860/16992/5
f 7865/17001/7 7866/17003/7 7868/17008/7 7867/17005/7
f 7867/17006/2 7868/17009/2 7870/17014/2 7869/17011/2
f 7869/17012/8 7870/17015/8 7872/17019/8 7871/17017/8
f 7871/17018/5 7865/17002/5 7867/17007/5 7869/17013/5
f 7877/17033/4 7878/17036/4 7879/17039/4 7880/17042/4
f 7874/17024/4 7873/17021/4 7866/17004/4 7872/17020/4
f 7875/17027/4 7874/17024/4 7872/17020/4 7870/17016/4
f 7876/17030/4 7875/17027/4 7870/17016/4 7868/17010/4
f 7873/17021/4 7876/17030/4 7868/17010/4 7866/17004/4
f 7878/17037/6 7877/17034/6 7873/17022/6 7874/17025/6
f 7879/17040/9 7878/17038/9 7874/17026/9 7875/17028/9
f 7880/17043/2 7879/17041/2 7875/17029/2 7876/17031/2
f 7877/17035/3 7880/17044/3 7876/17032/3 7873/17023/3
f 7881/17045/3 7882/17046/3 7884/17050/3 7883/17048/3
f 7883/17049/2 7884/17051/2 7886/17055/2 7885/17053/2
f 7885/17054/1 7886/17056/1 7888/17059/1 7887/17058/1
f 7882/17047/4 7888/17060/4 7886/17057/4 7884/17052/4
f 7891/17064/10 7892/17065/10 7894/17069/10 7893/17067/10
f 7893/17068/2 7894/17070/2 7896/17074/2 7895/17072/2
f 7895/17073/1 7896/17075/1 7890/17062/1 7889/17061/1
f 7890/17063/4 7896/17076/4 7894/17071/4 7892/17066/4
f 7897/17077/11 7898/17079/11 7900/17083/11 7899/17082/11
f 7901/17085/1 7902/17086/1 7904/17090/1 7903/17088/1
f 7903/17089/2 7904/17091/2 7898/17080/2 7897/17078/2
f 7898/17081/5 7904/17092/5 7902/17087/5 7900/17084/5
f 7905/17093/11 7906/17095/11 7908/17099/11 7907/17098/11
f 7909/17101/1 7910/17102/1 7912/17106/1 7911/17104/1
f 7911/17105/2 7912/17107/2 7906/17096/2 7905/17094/2
f 7906/17097/5 7912/17108/5 7910/17103/5 7908/17100/5
f 7913/17109/11 7914/17111/11 7916/17115/11 7915/17114/11
f 7917/17117/1 7918/17118/1 7920/17122/1 7919/17120/1
f 7919/17121/2 7920/17123/2 7914/17112/2 7913/17110/2
f 7914/17113/5 7920/17124/5 7918/17119/5 7916/17116/5
f 7921/17125/3 7922/17127/3 7924/17131/3 7923/17130/3
f 7925/17133/1 7926/17134/1 7928/17138/1 7927/17136/1
f 7927/17137/2 7928/17139/2 7922/17128/2 7921/17126/2
f 7922/17129/5 7928/17140/5 7926/17135/5 7924/17132/5
f 7929/17141/3 7930/17143/3 7932/17148/3 7931/17145/3
f 7931/17146/2 7932/17149/2 7934/17154/2 7933/17151/2
f 7933/17152/1 7934/17155/1 7936/17159/1 7935/17157/1
f 7935/17158/5 7929/17142/5 7931/17147/5 7933/17153/5
f 7941/17173/4 7942/17176/4 7943/17179/4 7944/17182/4
f 7938/17164/4 7937/17161/4 7930/17144/4 7936/17160/4
f 7939/17167/4 7938/17164/4 7936/17160/4 7934/17156/4
f 7940/17170/4 7939/17167/4 7934/17156/4 7932/17150/4
f 7937/17161/4 7940/17170/4 7932/17150/4 7930/17144/4
f 7942/17177/6 7941/17174/6 7937/17162/6 7938/17165/6
f 7943/17180/1 7942/17178/1 7938/17166/1 7939/17168/1
f 7944/17183/2 7943/17181/2 7939/17169/2 7940/17171/2
f 7941/17175/3 7944/17184/3 7940/17172/3 7937/17163/3
f 7945/17185/3 7946/17186/3 7948/17190/3 7947/17188/3
f 7947/17189/2 7948/17191/2 7950/17195/2 7949/17193/2
f 7949/17194/12 7950/17196/12 7952/17199/12 7951/17198/12
f 7946/17187/4 7952/17200/4 7950/17197/4 7948/17192/4
f 7955/17204/3 7956/17205/3 7958/17209/3 7957/17207/3
f 7957/17208/2 7958/17210/2 7960/17214/2 7959/17212/2
f 7959/17213/13 7960/17215/13 7954/17202/13 7953/17201/13
f 7954/17203/4 7960/17216/4 7958/17211/4 7956/17206/4
f 7961/17217/10 7962/17219/10 7964/17223/10 7963/17222/10
f 7965/17225/12 7966/17226/12 7968/17230/12 7967/17228/12
f 7967/17229/2 7968/17231/2 7962/17220/2 7961/17218/2
f 7962/17221/5 7968/17232/5 7966/17227/5 7964/17224/5
f 7969/17233/3 7970/17235/3 7972/17239/3 7971/17238/3
f 7973/17241/1 7974/17242/1 7976/17246/1 7975/17244/1
f 7975/17245/2 7976/17247/2 7970/17236/2 7969/17234/2
f 7970/17237/5 7976/17248/5 7974/17243/5 7972/17240/5
f 7977/17249/3 7978/17251/3 7980/17255/3 7979/17254/3
f 7981/17257/1 7982/17258/1 7984/17262/1 7983/17260/1
f 7983/17261/2 7984/17263/2 7978/17252/2 7977/17250/2
f 7978/17253/5 7984/17264/5 7982/17259/5 7980/17256/5
f 7985/17265/3 7986/17267/3 7988/17271/3 7987/17270/3
f 7989/17273/1 7990/17274/1 7992/17278/1 7991/17276/1
f 7991/17277/2 7992/17279/2 7986/17268/2 7985/17266/2
f 7986/17269/5 7992/17280/5 7990/17275/5 7988/17272/5
f 7993/17281/14 7994/17283/14 7996/17288/14 7995/17285/14
f 7995/17286/2 7996/17289/2 7998/17294/2 7997/17291/2
f 7997/17292/8 7998/17295/8 8000/17299/8 7999/17297/8
f 7999/17298/5 7993/17282/5 7995/17287/5 7997/17293/5
f 8005/17313/4 8006/17316/4 8007/17319/4 8008/17322/4
f 8002/17304/4 8001/17301/4 7994/17284/4 8000/17300/4
f 8003/17307/4 8002/17304/4 8000/17300/4 7998/17296/4
f 8004/17310/4 8003/17307/4 7998/17296/4 7996/17290/4
f 8001/17301/4 8004/17310/4 7996/17290/4 7994/17284/4
f 8006/17317/6 8005/17314/6 8001/17302/6 8002/17305/6
f 8007/17320/1 8006/17318/1 8002/17306/1 8003/17308/1
f 8008/17323/2 8007/17321/2 8003/17309/2 8004/17311/2
f 8005/17315/3 8008/17324/3 8004/17312/3 8001/17303/3
f 8009/17325/3 8010/17326/3 8012/17330/3 8011/17328/3
f 8011/17329/2 8012/17331/2 8014/17335/2 8013/17333/2
f 8013/17334/1 8014/17336/1 8016/17339/1 8015/17338/1
f 8010/17327/4 8016/17340/4 8014/17337/4 8012/17332/4
f 8019/17344/3 8020/17345/3 8022/17349/3 8021/17347/3
f 8021/17348/2 8022/17350/2 8024/17354/2 8023/17352/2
f 8023/17353/1 8024/17355/1 8018/17342/1 8017/17341/1
f 8018/17343/4 8024/17356/4 8022/17351/4 8020/17346/4
f 8025/17357/3 8026/17359/3 8028/17363/3 8027/17362/3
f 8029/17365/1 8030/17366/1 8032/17370/1 8031/17368/1
f 8031/17369/2 8032/17371/2 8026/17360/2 8025/17358/2
f 8026/17361/5 8032/17372/5 8030/17367/5 8028/17364/5
f 8033/17373/3 8034/17375/3 8036/17379/3 8035/17378/3
f 8037/17381/1 8038/17382/1 8040/17386/1 8039/17384/1
f 8039/17385/2 8040/17387/2 8034/17376/2 8033/17374/2
f 8034/17377/5 8040/17388/5 8038/17383/5 8036/17380/5
f 8041/17389/3 8042/17391/3 8044/17395/3 8043/17394/3
f 8045/17397/1 8046/17398/1 8048/17402/1 8047/17400/1
f 8047/17401/2 8048/17403/2 8042/17392/2 8041/17390/2
f 8042/17393/5 8048/17404/5 8046/17399/5 8044/17396/5
f 8049/17405/3 8050/17407/3 8052/17411/3 8051/17410/3
f 8053/17413/1 8054/17414/1 8056/17418/1 8055/17416/1
f 8055/17417/2 8056/17419/2 8050/17408/2 8049/17406/2
f 8050/17409/5 8056/17420/5 8054/17415/5 8052/17412/5
f 8057/17421/3 8058/17423/3 8060/17428/3 8059/17425/3
f 8059/17426/2 8060/17429/2 8062/17434/2 8061/17431/2
f 8061/17432/1 8062/17435/1 8064/17439/1 8063/17437/1
f 8063/17438/5 8057/17422/5 8059/17427/5 8061/17433/5
f 8069/17453/4 8070/17456/4 8071/17459/4 8072/17462/4
f 8066/17444/4 8065/17441/4 8058/17424/4 8064/17440/4
f 8067/17447/4 8066/17444/4 8064/17440/4 8062/17436/4
f 8068/17450/4 8067/17447/4 8062/17436/4 8060/17430/4
f 8065/17441/4 8068/17450/4 8060/17430/4 8058/17424/4
f 8070/17457/6 8069/17454/6 8065/17442/6 8066/17445/6
f 8071/17460/1 8070/17458/1 8066/17446/1 8067/17448/1
f 8072/17463/2 8071/17461/2 8067/17449/2 8068/17451/2
f 8069/17455/15 8072/17464/15 8068/17452/15 8065/17443/15
f 8073/17465/10 8074/17466/10 8076/17470/10 8075/17468/10
f 8075/17469/2 8076/17471/2 8078/17475/2 8077/17473/2
f 8077/17474/1 8078/17476/1 8080/17479/1 8079/17478/1
f 8074/17467/4 8080/17480/4 8078/17477/4 8076/17472/4
f 8083/17484/3 8084/17485/3 8086/17489/3 8085/17487/3
f 8085/17488/2 8086/17490/2 8088/17494/2 8087/17492/2
f 8087/17493/13 8088/17495/13 8082/17482/13 8081/17481/13
f 8082/17483/4 8088/17496/4 8086/17491/4 8084/17486/4
f 8089/17497/11 8090/17499/11 8092/17503/11 8091/17502/11
f 8093/17505/1 8094/17506/1 8096/17510/1 8095/17508/1
f 8095/17509/2 8096/17511/2 8090/17500/2 8089/17498/2
f 8090/17501/5 8096/17512/5 8094/17507/5 8092/17504/5
f 8097/17513/3 8098/17515/3 8100/17519/3 8099/17518/3
f 8101/17521/1 8102/17522/1 8104/17526/1 8103/17524/1
f 8103/17525/2 8104/17527/2 8098/17516/2 8097/17514/2
f 8098/17517/5 8104/17528/5 8102/17523/5 8100/17520/5
f 8105/17529/3 8106/17531/3 8108/17535/3 8107/17534/3
f 8109/17537/1 8110/17538/1 8112/17542/1 8111/17540/1
f 8111/17541/2 8112/17543/2 8106/17532/2 8105/17530/2
f 8106/17533/5 8112/17544/5 8110/17539/5 8108/17536/5
f 8113/17545/3 8114/17547/3 8116/17551/3 8115/17550/3
f 8117/17553/13 8118/17554/13 8120/17558/13 8119/17556/13
f 8119/17557/2 8120/17559/2 8114/17548/2 8113/17546/2
f 8114/17549/5 8120/17560/5 8118/17555/5 8116/17552/5
