# Blender 3.3.21
# www.blender.org
mtllib EstanteriaJugo.mtl
o EstanteJugos
v 0.001000 1.014901 -9.069900
v 0.057400 1.014900 -0.143300
v 0.057400 1.014900 -0.143300
v 0.001000 1.014901 -9.069900
v -0.057400 1.014900 0.158300
v -0.057400 -1.026300 0.158300
v -0.001000 -1.026301 9.084900
v -0.001000 1.014899 9.084900
v -0.001000 1.014901 -9.069900
v -0.001000 -1.026299 -9.069900
v -0.057400 -1.026300 -0.143300
v -0.057400 1.014900 -0.143300
v 0.057400 1.014900 0.158300
v 0.057400 -1.026300 0.158300
v 0.057400 -1.026300 0.158300
v 0.057400 1.014900 0.158300
v 0.001000 -1.026299 -9.069900
v 0.057400 -1.026300 -0.143300
v 0.057400 -1.026300 0.158300
v 0.001000 -1.026301 9.084900
v 0.001000 1.014899 9.084900
v 0.057400 1.014900 0.158300
v 0.057400 -1.026300 0.158300
v 0.057400 1.014900 0.158300
v 0.057400 1.014900 -0.143300
v 0.057400 -1.026300 -0.143300
v 0.001000 -1.026299 -9.069900
v 0.057400 -1.026300 0.158300
v 0.057400 1.014900 0.158300
v 0.001000 1.014899 9.084900
v 0.001000 -1.026301 9.084900
v 0.057400 -1.026300 -0.143300
v 0.057400 -1.026300 -0.143300
v 0.057400 1.014900 -0.143300
v 0.057400 -1.026300 -0.143300
v 0.057400 1.014900 -0.143300
v -0.055632 -1.004300 0.149700
v -0.050567 -1.004300 -0.134600
v 0.500000 -1.004300 -0.134600
v 0.500000 -1.004300 0.149700
v -0.056758 1.053659 0.149700
v -0.056758 1.053659 -0.134600
v -0.072823 -1.009459 -0.134600
v -0.072823 -1.009459 0.149700
v 0.293300 1.048500 -0.134600
v 0.293300 1.048500 0.149700
v 0.500000 -1.004300 0.149700
v 0.500000 -1.004300 -0.134600
v 0.660100 -0.566301 9.118600
v 0.660100 -0.495601 9.118600
v 0.660100 -0.495598 -9.101900
v 0.660100 -0.566298 -9.101900
v 0.658100 -0.051901 9.102799
v 0.658100 0.018899 9.102799
v 0.658100 0.018901 -9.087900
v 0.658100 -0.051899 -9.087900
v 0.655800 0.543899 9.093400
v 0.655800 0.614599 9.093400
v 0.655800 0.614601 -9.122800
v 0.655800 0.543902 -9.122800
v 0.700000 -1.048501 9.132299
v 0.700000 -0.958102 9.132299
v 0.700000 -0.958099 -9.085100
v 0.700000 -1.048499 -9.085100
v 0.590901 0.895599 8.652401
v 0.575501 0.907599 8.679301
v 0.550700 0.927099 8.669001
v 0.550700 0.927099 8.635801
v 0.575501 0.907599 8.625501
v 0.608300 0.917899 8.652401
v 0.593001 0.929899 8.679301
v 0.568101 0.949399 8.669001
v 0.568101 0.949399 8.635801
v 0.593001 0.929899 8.625501
v 0.443500 0.613999 8.739601
v 0.624801 0.613999 8.739601
v 0.443500 0.891099 8.739601
v 0.624801 0.891099 8.739601
v 0.443500 0.891099 8.559701
v 0.624801 0.891099 8.559701
v 0.443500 0.613999 8.559701
v 0.624801 0.613999 8.559701
v 0.533000 0.613999 8.559701
v 0.533000 0.613999 8.739601
v 0.533000 0.951899 8.739601
v 0.533000 0.951899 8.559701
v 0.533000 0.973198 8.739601
v 0.533000 0.973198 8.559701
v 0.590901 0.895599 8.110502
v 0.575501 0.907599 8.137403
v 0.550700 0.927099 8.127102
v 0.550700 0.927099 8.093903
v 0.575501 0.907599 8.083602
v 0.608300 0.917899 8.110502
v 0.593001 0.929899 8.137403
v 0.568101 0.949399 8.127102
v 0.568101 0.949399 8.093903
v 0.593001 0.929899 8.083602
v 0.443500 0.613999 8.197702
v 0.624801 0.613999 8.197702
v 0.443500 0.891099 8.197702
v 0.624801 0.891099 8.197702
v 0.443500 0.891099 8.017801
v 0.624801 0.891099 8.017801
v 0.443500 0.613999 8.017801
v 0.624801 0.613999 8.017801
v 0.533000 0.613999 8.017801
v 0.533000 0.613999 8.197702
v 0.533000 0.951899 8.197702
v 0.533000 0.951899 8.017801
v 0.533000 0.973198 8.197702
v 0.533000 0.973198 8.017801
v 0.590901 0.895599 7.570505
v 0.575501 0.907599 7.597405
v 0.550700 0.927099 7.587104
v 0.550700 0.927099 7.553905
v 0.575501 0.907599 7.543604
v 0.608300 0.917899 7.570505
v 0.593001 0.929899 7.597405
v 0.568101 0.949399 7.587104
v 0.568101 0.949399 7.553905
v 0.593001 0.929899 7.543604
v 0.443500 0.613999 7.657705
v 0.624801 0.613999 7.657705
v 0.443500 0.891099 7.657705
v 0.624801 0.891099 7.657705
v 0.443500 0.891099 7.477804
v 0.624801 0.891099 7.477804
v 0.443500 0.613999 7.477804
v 0.624801 0.613999 7.477804
v 0.533000 0.613999 7.477804
v 0.533000 0.613999 7.657705
v 0.533000 0.951899 7.657705
v 0.533000 0.951899 7.477804
v 0.533000 0.973198 7.657705
v 0.533000 0.973199 7.477804
v 0.590901 0.895599 7.029503
v 0.575501 0.907599 7.056404
v 0.550700 0.927099 7.046103
v 0.550700 0.927099 7.012904
v 0.575501 0.907599 7.002603
v 0.608300 0.917899 7.029503
v 0.593001 0.929899 7.056404
v 0.568101 0.949399 7.046103
v 0.568101 0.949399 7.012904
v 0.593001 0.929899 7.002603
v 0.443500 0.613999 7.116704
v 0.624801 0.613999 7.116704
v 0.443500 0.891099 7.116704
v 0.624801 0.891099 7.116704
v 0.443500 0.891099 6.936802
v 0.624801 0.891099 6.936802
v 0.443500 0.613999 6.936802
v 0.624801 0.613999 6.936802
v 0.533000 0.613999 6.936802
v 0.533000 0.613999 7.116704
v 0.533000 0.951899 7.116704
v 0.533000 0.951899 6.936802
v 0.533000 0.973199 7.116704
v 0.533000 0.973199 6.936802
v 0.590901 0.895599 6.490103
v 0.575501 0.907599 6.517004
v 0.550700 0.927099 6.506703
v 0.550700 0.927099 6.473504
v 0.575501 0.907599 6.463203
v 0.608300 0.917899 6.490103
v 0.593001 0.929899 6.517004
v 0.568101 0.949399 6.506703
v 0.568101 0.949399 6.473504
v 0.593001 0.929899 6.463203
v 0.443500 0.613999 6.577303
v 0.624801 0.613999 6.577303
v 0.443500 0.891099 6.577303
v 0.624801 0.891099 6.577303
v 0.443500 0.891099 6.397402
v 0.624801 0.891099 6.397402
v 0.443500 0.613999 6.397402
v 0.624801 0.613999 6.397402
v 0.533000 0.613999 6.397402
v 0.533000 0.613999 6.577303
v 0.533000 0.951899 6.577303
v 0.533000 0.951899 6.397402
v 0.533000 0.973199 6.577303
v 0.533000 0.973199 6.397402
v 0.590901 0.895599 5.952503
v 0.575501 0.907599 5.979403
v 0.550700 0.927099 5.969102
v 0.550700 0.927099 5.935903
v 0.575501 0.907599 5.925602
v 0.608300 0.917899 5.952503
v 0.593001 0.929899 5.979403
v 0.568101 0.949399 5.969102
v 0.568101 0.949399 5.935903
v 0.593001 0.929899 5.925602
v 0.443500 0.613999 6.039703
v 0.624801 0.613999 6.039703
v 0.443500 0.891099 6.039703
v 0.624801 0.891099 6.039703
v 0.443500 0.891099 5.859802
v 0.624801 0.891099 5.859802
v 0.443500 0.613999 5.859802
v 0.624801 0.613999 5.859802
v 0.533000 0.613999 5.859802
v 0.533000 0.613999 6.039703
v 0.533000 0.951899 6.039703
v 0.533000 0.951899 5.859802
v 0.533000 0.973199 6.039703
v 0.533000 0.973199 5.859802
v 0.590901 0.895599 5.411203
v 0.575501 0.907599 5.438103
v 0.550700 0.927099 5.427803
v 0.550700 0.927099 5.394603
v 0.575501 0.907599 5.384303
v 0.608300 0.917899 5.411203
v 0.593001 0.929899 5.438103
v 0.568101 0.949399 5.427803
v 0.568101 0.949399 5.394603
v 0.593001 0.929899 5.384303
v 0.443500 0.613999 5.498403
v 0.624801 0.613999 5.498403
v 0.443500 0.891099 5.498403
v 0.624801 0.891099 5.498403
v 0.443500 0.891099 5.318502
v 0.624801 0.891099 5.318502
v 0.443500 0.613999 5.318502
v 0.624801 0.613999 5.318502
v 0.533000 0.613999 5.318502
v 0.533000 0.613999 5.498403
v 0.533000 0.951899 5.498403
v 0.533000 0.951899 5.318502
v 0.533000 0.973199 5.498403
v 0.533000 0.973199 5.318502
v 0.590901 0.895600 4.872602
v 0.575501 0.907599 4.899502
v 0.550700 0.927099 4.889202
v 0.550700 0.927099 4.856002
v 0.575501 0.907599 4.845702
v 0.608300 0.917899 4.872602
v 0.593001 0.929899 4.899502
v 0.568101 0.949399 4.889202
v 0.568101 0.949399 4.856002
v 0.593001 0.929899 4.845702
v 0.443500 0.613999 4.959802
v 0.624801 0.613999 4.959802
v 0.443500 0.891099 4.959802
v 0.624801 0.891099 4.959802
v 0.443500 0.891100 4.779901
v 0.624801 0.891100 4.779901
v 0.443500 0.614000 4.779901
v 0.624801 0.614000 4.779901
v 0.533000 0.614000 4.779901
v 0.533000 0.613999 4.959802
v 0.533000 0.951899 4.959802
v 0.533000 0.951899 4.779901
v 0.533000 0.973199 4.959802
v 0.533000 0.973199 4.779901
v 0.590901 0.895600 4.330804
v 0.575501 0.907599 4.357705
v 0.550700 0.927099 4.347404
v 0.550700 0.927099 4.314205
v 0.575501 0.907599 4.303904
v 0.608300 0.917899 4.330804
v 0.593001 0.929899 4.357705
v 0.568101 0.949399 4.347404
v 0.568101 0.949399 4.314205
v 0.593001 0.929899 4.303904
v 0.443500 0.614000 4.418005
v 0.624801 0.614000 4.418005
v 0.443500 0.891100 4.418005
v 0.624801 0.891100 4.418005
v 0.443500 0.891100 4.238103
v 0.624801 0.891100 4.238103
v 0.443500 0.614000 4.238103
v 0.624801 0.614000 4.238103
v 0.533000 0.614000 4.238103
v 0.533000 0.614000 4.418005
v 0.533000 0.951899 4.418005
v 0.533000 0.951899 4.238103
v 0.533000 0.973199 4.418005
v 0.533000 0.973199 4.238103
v 0.590901 0.895600 3.792004
v 0.575501 0.907600 3.818905
v 0.550700 0.927099 3.808604
v 0.550700 0.927099 3.775405
v 0.575501 0.907600 3.765104
v 0.608300 0.917899 3.792004
v 0.593001 0.929899 3.818905
v 0.568101 0.949399 3.808604
v 0.568101 0.949399 3.775405
v 0.593001 0.929899 3.765104
v 0.443500 0.614000 3.879204
v 0.624801 0.614000 3.879204
v 0.443500 0.891100 3.879204
v 0.624801 0.891100 3.879204
v 0.443500 0.891100 3.699303
v 0.624801 0.891100 3.699303
v 0.443500 0.614000 3.699303
v 0.624801 0.614000 3.699303
v 0.533000 0.614000 3.699303
v 0.533000 0.614000 3.879204
v 0.533000 0.951899 3.879204
v 0.533000 0.951900 3.699303
v 0.533000 0.973199 3.879204
v 0.533000 0.973199 3.699303
v 0.590901 0.895600 3.252903
v 0.575501 0.907600 3.279803
v 0.550700 0.927099 3.269503
v 0.550700 0.927099 3.236304
v 0.575501 0.907600 3.226003
v 0.608300 0.917900 3.252903
v 0.593001 0.929899 3.279803
v 0.568101 0.949399 3.269503
v 0.568101 0.949399 3.236304
v 0.593001 0.929899 3.226003
v 0.443500 0.614000 3.340103
v 0.624801 0.614000 3.340103
v 0.443500 0.891100 3.340103
v 0.624801 0.891100 3.340103
v 0.443500 0.891100 3.160202
v 0.624801 0.891100 3.160202
v 0.443500 0.614000 3.160202
v 0.624801 0.614000 3.160202
v 0.533000 0.614000 3.160202
v 0.533000 0.614000 3.340103
v 0.533000 0.951900 3.340103
v 0.533000 0.951900 3.160202
v 0.533000 0.973199 3.340103
v 0.533000 0.973199 3.160202
v 0.590901 0.895600 2.712203
v 0.575501 0.907600 2.739103
v 0.550700 0.927100 2.728802
v 0.550700 0.927100 2.695603
v 0.575501 0.907600 2.685303
v 0.608300 0.917900 2.712203
v 0.593001 0.929900 2.739103
v 0.568101 0.949400 2.728802
v 0.568101 0.949400 2.695603
v 0.593001 0.929900 2.685303
v 0.443500 0.614000 2.799402
v 0.624801 0.614000 2.799402
v 0.443500 0.891100 2.799402
v 0.624801 0.891100 2.799402
v 0.443500 0.891100 2.619501
v 0.624801 0.891100 2.619501
v 0.443500 0.614000 2.619501
v 0.624801 0.614000 2.619501
v 0.533000 0.614000 2.619501
v 0.533000 0.614000 2.799402
v 0.533000 0.951900 2.799402
v 0.533000 0.951900 2.619501
v 0.533000 0.973199 2.799402
v 0.533000 0.973199 2.619501
v 0.590901 0.895600 2.172603
v 0.575501 0.907600 2.199503
v 0.550700 0.927100 2.189202
v 0.550700 0.927100 2.156003
v 0.575501 0.907600 2.145703
v 0.608300 0.917900 2.172603
v 0.593001 0.929900 2.199503
v 0.568101 0.949400 2.189202
v 0.568101 0.949400 2.156003
v 0.593001 0.929900 2.145703
v 0.443500 0.614000 2.259803
v 0.624801 0.614000 2.259803
v 0.443500 0.891100 2.259803
v 0.624801 0.891100 2.259803
v 0.443500 0.891100 2.079901
v 0.624801 0.891100 2.079901
v 0.443500 0.614000 2.079901
v 0.624801 0.614000 2.079901
v 0.533000 0.614000 2.079901
v 0.533000 0.614000 2.259803
v 0.533000 0.951900 2.259803
v 0.533000 0.951900 2.079901
v 0.533000 0.973199 2.259803
v 0.533000 0.973199 2.079901
v 0.590901 0.895600 1.633802
v 0.575501 0.907600 1.660702
v 0.550700 0.927100 1.650402
v 0.550700 0.927100 1.617203
v 0.575501 0.907600 1.606902
v 0.608300 0.917900 1.633802
v 0.593001 0.929900 1.660702
v 0.568101 0.949400 1.650402
v 0.568101 0.949400 1.617203
v 0.593001 0.929900 1.606902
v 0.443500 0.614000 1.721002
v 0.624801 0.614000 1.721002
v 0.443500 0.891100 1.721002
v 0.624801 0.891100 1.721002
v 0.443500 0.891100 1.541101
v 0.624801 0.891100 1.541101
v 0.443500 0.614000 1.541101
v 0.624801 0.614000 1.541101
v 0.533000 0.614000 1.541101
v 0.533000 0.614000 1.721002
v 0.533000 0.951900 1.721002
v 0.533000 0.951900 1.541101
v 0.533000 0.973199 1.721002
v 0.533000 0.973199 1.541101
v 0.590901 0.895600 1.092002
v 0.575501 0.907600 1.118902
v 0.550700 0.927100 1.108601
v 0.550700 0.927100 1.075402
v 0.575501 0.907600 1.065102
v 0.608300 0.917900 1.092002
v 0.593001 0.929900 1.118902
v 0.568101 0.949400 1.108601
v 0.568101 0.949400 1.075402
v 0.593001 0.929900 1.065102
v 0.443500 0.614000 1.179202
v 0.624801 0.614000 1.179202
v 0.443500 0.891100 1.179202
v 0.624801 0.891100 1.179202
v 0.443500 0.891100 0.999301
v 0.624801 0.891100 0.999301
v 0.443500 0.614000 0.999301
v 0.624801 0.614000 0.999301
v 0.533000 0.614000 0.999301
v 0.533000 0.614000 1.179202
v 0.533000 0.951900 1.179202
v 0.533000 0.951900 0.999301
v 0.533000 0.973200 1.179202
v 0.533000 0.973200 0.999301
v 0.590901 0.895600 0.552202
v 0.575501 0.907600 0.579102
v 0.550700 0.927100 0.568802
v 0.550700 0.927100 0.535603
v 0.575501 0.907600 0.525303
v 0.608300 0.917900 0.552202
v 0.593001 0.929900 0.579102
v 0.568101 0.949400 0.568802
v 0.568101 0.949400 0.535603
v 0.593001 0.929900 0.525303
v 0.443500 0.614000 0.639403
v 0.624801 0.614000 0.639403
v 0.443500 0.891100 0.639403
v 0.624801 0.891100 0.639403
v 0.443500 0.891100 0.459501
v 0.624801 0.891100 0.459501
v 0.443500 0.614000 0.459501
v 0.624801 0.614000 0.459501
v 0.533000 0.614000 0.459501
v 0.533000 0.614000 0.639403
v 0.533000 0.951900 0.639403
v 0.533000 0.951900 0.459501
v 0.533000 0.973200 0.639403
v 0.533000 0.973200 0.459501
v 0.272500 0.895599 8.652401
v 0.257101 0.907599 8.679301
v 0.232300 0.927099 8.669001
v 0.232300 0.927099 8.635801
v 0.257101 0.907599 8.625501
v 0.289900 0.917899 8.652401
v 0.274601 0.929899 8.679301
v 0.249701 0.949399 8.669001
v 0.249701 0.949399 8.635801
v 0.274601 0.929899 8.625501
v 0.125101 0.613999 8.739601
v 0.306401 0.613999 8.739601
v 0.125101 0.891099 8.739601
v 0.306401 0.891099 8.739601
v 0.125101 0.891099 8.559701
v 0.306401 0.891099 8.559701
v 0.125101 0.613999 8.559701
v 0.306401 0.613999 8.559701
v 0.214600 0.613999 8.559701
v 0.214600 0.613999 8.739601
v 0.214600 0.951899 8.739601
v 0.214600 0.951899 8.559701
v 0.214600 0.973198 8.739601
v 0.214600 0.973198 8.559701
v 0.272500 0.895599 8.110502
v 0.257101 0.907599 8.137403
v 0.232300 0.927099 8.127102
v 0.232300 0.927099 8.093903
v 0.257101 0.907599 8.083602
v 0.289900 0.917899 8.110502
v 0.274601 0.929899 8.137403
v 0.249701 0.949399 8.127102
v 0.249701 0.949399 8.093903
v 0.274601 0.929899 8.083602
v 0.125101 0.613999 8.197702
v 0.306401 0.613999 8.197702
v 0.125101 0.891099 8.197702
v 0.306401 0.891099 8.197702
v 0.125101 0.891099 8.017801
v 0.306401 0.891099 8.017801
v 0.125101 0.613999 8.017801
v 0.306401 0.613999 8.017801
v 0.214600 0.613999 8.017801
v 0.214600 0.613999 8.197702
v 0.214600 0.951899 8.197702
v 0.214600 0.951899 8.017801
v 0.214600 0.973198 8.197702
v 0.214600 0.973198 8.017801
v 0.272500 0.895599 7.570505
v 0.257101 0.907599 7.597405
v 0.232300 0.927099 7.587104
v 0.232300 0.927099 7.553905
v 0.257101 0.907599 7.543604
v 0.289900 0.917899 7.570505
v 0.274601 0.929899 7.597405
v 0.249701 0.949399 7.587104
v 0.249701 0.949399 7.553905
v 0.274601 0.929899 7.543604
v 0.125101 0.613999 7.657705
v 0.306401 0.613999 7.657705
v 0.125101 0.891099 7.657705
v 0.306401 0.891099 7.657705
v 0.125101 0.891099 7.477804
v 0.306401 0.891099 7.477804
v 0.125101 0.613999 7.477804
v 0.306401 0.613999 7.477804
v 0.214600 0.613999 7.477804
v 0.214600 0.613999 7.657705
v 0.214600 0.951899 7.657705
v 0.214600 0.951899 7.477804
v 0.214600 0.973198 7.657705
v 0.214600 0.973199 7.477804
v 0.272500 0.895599 7.029503
v 0.257101 0.907599 7.056404
v 0.232300 0.927099 7.046103
v 0.232300 0.927099 7.012904
v 0.257101 0.907599 7.002603
v 0.289900 0.917899 7.029503
v 0.274601 0.929899 7.056404
v 0.249701 0.949399 7.046103
v 0.249701 0.949399 7.012904
v 0.274601 0.929899 7.002603
v 0.125101 0.613999 7.116704
v 0.306401 0.613999 7.116704
v 0.125101 0.891099 7.116704
v 0.306401 0.891099 7.116704
v 0.125101 0.891099 6.936802
v 0.306401 0.891099 6.936802
v 0.125101 0.613999 6.936802
v 0.306401 0.613999 6.936802
v 0.214600 0.613999 6.936802
v 0.214600 0.613999 7.116704
v 0.214600 0.951899 7.116704
v 0.214600 0.951899 6.936802
v 0.214600 0.973199 7.116704
v 0.214600 0.973199 6.936802
v 0.272500 0.895599 6.490103
v 0.257101 0.907599 6.517004
v 0.232300 0.927099 6.506703
v 0.232300 0.927099 6.473504
v 0.257101 0.907599 6.463203
v 0.289900 0.917899 6.490103
v 0.274601 0.929899 6.517004
v 0.249701 0.949399 6.506703
v 0.249701 0.949399 6.473504
v 0.274601 0.929899 6.463203
v 0.125101 0.613999 6.577303
v 0.306401 0.613999 6.577303
v 0.125101 0.891099 6.577303
v 0.306401 0.891099 6.577303
v 0.125101 0.891099 6.397402
v 0.306401 0.891099 6.397402
v 0.125101 0.613999 6.397402
v 0.306401 0.613999 6.397402
v 0.214600 0.613999 6.397402
v 0.214600 0.613999 6.577303
v 0.214600 0.951899 6.577303
v 0.214600 0.951899 6.397402
v 0.214600 0.973199 6.577303
v 0.214600 0.973199 6.397402
v 0.272500 0.895599 5.952503
v 0.257101 0.907599 5.979403
v 0.232300 0.927099 5.969102
v 0.232300 0.927099 5.935903
v 0.257101 0.907599 5.925602
v 0.289900 0.917899 5.952503
v 0.274601 0.929899 5.979403
v 0.249701 0.949399 5.969102
v 0.249701 0.949399 5.935903
v 0.274601 0.929899 5.925602
v 0.125101 0.613999 6.039703
v 0.306401 0.613999 6.039703
v 0.125101 0.891099 6.039703
v 0.306401 0.891099 6.039703
v 0.125101 0.891099 5.859802
v 0.306401 0.891099 5.859802
v 0.125101 0.613999 5.859802
v 0.306401 0.613999 5.859802
v 0.214600 0.613999 5.859802
v 0.214600 0.613999 6.039703
v 0.214600 0.951899 6.039703
v 0.214600 0.951899 5.859802
v 0.214600 0.973199 6.039703
v 0.214600 0.973199 5.859802
v 0.272500 0.895599 5.411203
v 0.257101 0.907599 5.438103
v 0.232300 0.927099 5.427803
v 0.232300 0.927099 5.394603
v 0.257101 0.907599 5.384303
v 0.289900 0.917899 5.411203
v 0.274601 0.929899 5.438103
v 0.249701 0.949399 5.427803
v 0.249701 0.949399 5.394603
v 0.274601 0.929899 5.384303
v 0.125101 0.613999 5.498403
v 0.306401 0.613999 5.498403
v 0.125101 0.891099 5.498403
v 0.306401 0.891099 5.498403
v 0.125101 0.891099 5.318502
v 0.306401 0.891099 5.318502
v 0.125101 0.613999 5.318502
v 0.306401 0.613999 5.318502
v 0.214600 0.613999 5.318502
v 0.214600 0.613999 5.498403
v 0.214600 0.951899 5.498403
v 0.214600 0.951899 5.318502
v 0.214600 0.973199 5.498403
v 0.214600 0.973199 5.318502
v 0.272500 0.895600 4.872602
v 0.257101 0.907599 4.899502
v 0.232300 0.927099 4.889202
v 0.232300 0.927099 4.856002
v 0.257101 0.907599 4.845702
v 0.289900 0.917899 4.872602
v 0.274601 0.929899 4.899502
v 0.249701 0.949399 4.889202
v 0.249701 0.949399 4.856002
v 0.274601 0.929899 4.845702
v 0.125101 0.613999 4.959802
v 0.306401 0.613999 4.959802
v 0.125101 0.891099 4.959802
v 0.306401 0.891099 4.959802
v 0.125101 0.891100 4.779901
v 0.306401 0.891100 4.779901
v 0.125101 0.614000 4.779901
v 0.306401 0.614000 4.779901
v 0.214600 0.614000 4.779901
v 0.214600 0.613999 4.959802
v 0.214600 0.951899 4.959802
v 0.214600 0.951899 4.779901
v 0.214600 0.973199 4.959802
v 0.214600 0.973199 4.779901
v 0.272500 0.895600 4.330804
v 0.257101 0.907599 4.357705
v 0.232300 0.927099 4.347404
v 0.232300 0.927099 4.314205
v 0.257101 0.907599 4.303904
v 0.289900 0.917899 4.330804
v 0.274601 0.929899 4.357705
v 0.249701 0.949399 4.347404
v 0.249701 0.949399 4.314205
v 0.274601 0.929899 4.303904
v 0.125101 0.614000 4.418005
v 0.306401 0.614000 4.418005
v 0.125101 0.891100 4.418005
v 0.306401 0.891100 4.418005
v 0.125101 0.891100 4.238103
v 0.306401 0.891100 4.238103
v 0.125101 0.614000 4.238103
v 0.306401 0.614000 4.238103
v 0.214600 0.614000 4.238103
v 0.214600 0.614000 4.418005
v 0.214600 0.951899 4.418005
v 0.214600 0.951899 4.238103
v 0.214600 0.973199 4.418005
v 0.214600 0.973199 4.238103
v 0.272500 0.895600 3.792004
v 0.257101 0.907600 3.818905
v 0.232300 0.927099 3.808604
v 0.232300 0.927099 3.775405
v 0.257101 0.907600 3.765104
v 0.289900 0.917899 3.792004
v 0.274601 0.929899 3.818905
v 0.249701 0.949399 3.808604
v 0.249701 0.949399 3.775405
v 0.274601 0.929899 3.765104
v 0.125101 0.614000 3.879204
v 0.306401 0.614000 3.879204
v 0.125101 0.891100 3.879204
v 0.306401 0.891100 3.879204
v 0.125101 0.891100 3.699303
v 0.306401 0.891100 3.699303
v 0.125101 0.614000 3.699303
v 0.306401 0.614000 3.699303
v 0.214600 0.614000 3.699303
v 0.214600 0.614000 3.879204
v 0.214600 0.951899 3.879204
v 0.214600 0.951900 3.699303
v 0.214600 0.973199 3.879204
v 0.214600 0.973199 3.699303
v 0.272500 0.895600 3.252903
v 0.257101 0.907600 3.279803
v 0.232300 0.927099 3.269503
v 0.232300 0.927099 3.236304
v 0.257101 0.907600 3.226003
v 0.289900 0.917900 3.252903
v 0.274601 0.929899 3.279803
v 0.249701 0.949399 3.269503
v 0.249701 0.949399 3.236304
v 0.274601 0.929899 3.226003
v 0.125101 0.614000 3.340103
v 0.306401 0.614000 3.340103
v 0.125101 0.891100 3.340103
v 0.306401 0.891100 3.340103
v 0.125101 0.891100 3.160202
v 0.306401 0.891100 3.160202
v 0.125101 0.614000 3.160202
v 0.306401 0.614000 3.160202
v 0.214600 0.614000 3.160202
v 0.214600 0.614000 3.340103
v 0.214600 0.951900 3.340103
v 0.214600 0.951900 3.160202
v 0.214600 0.973199 3.340103
v 0.214600 0.973199 3.160202
v 0.272500 0.895600 2.712203
v 0.257101 0.907600 2.739103
v 0.232300 0.927100 2.728802
v 0.232300 0.927100 2.695603
v 0.257101 0.907600 2.685303
v 0.289900 0.917900 2.712203
v 0.274601 0.929900 2.739103
v 0.249701 0.949400 2.728802
v 0.249701 0.949400 2.695603
v 0.274601 0.929900 2.685303
v 0.125101 0.614000 2.799402
v 0.306401 0.614000 2.799402
v 0.125101 0.891100 2.799402
v 0.306401 0.891100 2.799402
v 0.125101 0.891100 2.619501
v 0.306401 0.891100 2.619501
v 0.125101 0.614000 2.619501
v 0.306401 0.614000 2.619501
v 0.214600 0.614000 2.619501
v 0.214600 0.614000 2.799402
v 0.214600 0.951900 2.799402
v 0.214600 0.951900 2.619501
v 0.214600 0.973199 2.799402
v 0.214600 0.973199 2.619501
v 0.272500 0.895600 2.172603
v 0.257101 0.907600 2.199503
v 0.232300 0.927100 2.189202
v 0.232300 0.927100 2.156003
v 0.257101 0.907600 2.145703
v 0.289900 0.917900 2.172603
v 0.274601 0.929900 2.199503
v 0.249701 0.949400 2.189202
v 0.249701 0.949400 2.156003
v 0.274601 0.929900 2.145703
v 0.125101 0.614000 2.259803
v 0.306401 0.614000 2.259803
v 0.125101 0.891100 2.259803
v 0.306401 0.891100 2.259803
v 0.125101 0.891100 2.079901
v 0.306401 0.891100 2.079901
v 0.125101 0.614000 2.079901
v 0.306401 0.614000 2.079901
v 0.214600 0.614000 2.079901
v 0.214600 0.614000 2.259803
v 0.214600 0.951900 2.259803
v 0.214600 0.951900 2.079901
v 0.214600 0.973199 2.259803
v 0.214600 0.973199 2.079901
v 0.272500 0.895600 1.633802
v 0.257101 0.907600 1.660702
v 0.232300 0.927100 1.650402
v 0.232300 0.927100 1.617203
v 0.257101 0.907600 1.606902
v 0.289900 0.917900 1.633802
v 0.274601 0.929900 1.660702
v 0.249701 0.949400 1.650402
v 0.249701 0.949400 1.617203
v 0.274601 0.929900 1.606902
v 0.125101 0.614000 1.721002
v 0.306401 0.614000 1.721002
v 0.125101 0.891100 1.721002
v 0.306401 0.891100 1.721002
v 0.125101 0.891100 1.541101
v 0.306401 0.891100 1.541101
v 0.125101 0.614000 1.541101
v 0.306401 0.614000 1.541101
v 0.214600 0.614000 1.541101
v 0.214600 0.614000 1.721002
v 0.214600 0.951900 1.721002
v 0.214600 0.951900 1.541101
v 0.214600 0.973199 1.721002
v 0.214600 0.973199 1.541101
v 0.272500 0.895600 1.092002
v 0.257101 0.907600 1.118902
v 0.232300 0.927100 1.108601
v 0.232300 0.927100 1.075402
v 0.257101 0.907600 1.065102
v 0.289900 0.917900 1.092002
v 0.274601 0.929900 1.118902
v 0.249701 0.949400 1.108601
v 0.249701 0.949400 1.075402
v 0.274601 0.929900 1.065102
v 0.125101 0.614000 1.179202
v 0.306401 0.614000 1.179202
v 0.125101 0.891100 1.179202
v 0.306401 0.891100 1.179202
v 0.125101 0.891100 0.999301
v 0.306401 0.891100 0.999301
v 0.125101 0.614000 0.999301
v 0.306401 0.614000 0.999301
v 0.214600 0.614000 0.999301
v 0.214600 0.614000 1.179202
v 0.214600 0.951900 1.179202
v 0.214600 0.951900 0.999301
v 0.214600 0.973200 1.179202
v 0.214600 0.973200 0.999301
v 0.272500 0.895600 0.552202
v 0.257101 0.907600 0.579102
v 0.232300 0.927100 0.568802
v 0.232300 0.927100 0.535603
v 0.257101 0.907600 0.525303
v 0.289900 0.917900 0.552202
v 0.274601 0.929900 0.579102
v 0.249701 0.949400 0.568802
v 0.249701 0.949400 0.535603
v 0.274601 0.929900 0.525303
v 0.125101 0.614000 0.639403
v 0.306401 0.614000 0.639403
v 0.125101 0.891100 0.639403
v 0.306401 0.891100 0.639403
v 0.125101 0.891100 0.459501
v 0.306401 0.891100 0.459501
v 0.125101 0.614000 0.459501
v 0.306401 0.614000 0.459501
v 0.214600 0.614000 0.459501
v 0.214600 0.614000 0.639403
v 0.214600 0.951900 0.639403
v 0.214600 0.951900 0.459501
v 0.214600 0.973200 0.639403
v 0.214600 0.973200 0.459501
v 0.590901 0.299499 8.652401
v 0.575501 0.311499 8.679301
v 0.550700 0.330999 8.669001
v 0.550700 0.330999 8.635801
v 0.575501 0.311499 8.625501
v 0.608300 0.321799 8.652401
v 0.593001 0.333798 8.679301
v 0.568101 0.353298 8.669001
v 0.568101 0.353298 8.635801
v 0.593001 0.333798 8.625501
v 0.443500 0.017899 8.739601
v 0.624801 0.017899 8.739601
v 0.443500 0.294999 8.739601
v 0.624801 0.294999 8.739601
v 0.443500 0.294999 8.559701
v 0.624801 0.294999 8.559701
v 0.443500 0.017899 8.559701
v 0.624801 0.017899 8.559701
v 0.533000 0.017899 8.559701
v 0.533000 0.017899 8.739601
v 0.533000 0.355799 8.739601
v 0.533000 0.355799 8.559701
v 0.533000 0.377098 8.739601
v 0.533000 0.377098 8.559701
v 0.272500 0.299499 8.652401
v 0.257101 0.311499 8.679301
v 0.232300 0.330999 8.669001
v 0.232300 0.330999 8.635801
v 0.257101 0.311499 8.625501
v 0.289900 0.321799 8.652401
v 0.274601 0.333798 8.679301
v 0.249701 0.353298 8.669001
v 0.249701 0.353298 8.635801
v 0.274601 0.333798 8.625501
v 0.125101 0.017899 8.739601
v 0.306401 0.017899 8.739601
v 0.125101 0.294999 8.739601
v 0.306401 0.294999 8.739601
v 0.125101 0.294999 8.559701
v 0.306401 0.294999 8.559701
v 0.125101 0.017899 8.559701
v 0.306401 0.017899 8.559701
v 0.214600 0.017899 8.559701
v 0.214600 0.017899 8.739601
v 0.214600 0.355799 8.739601
v 0.214600 0.355799 8.559701
v 0.214600 0.377098 8.739601
v 0.214600 0.377098 8.559701
v 0.272500 0.299499 8.110502
v 0.257101 0.311499 8.137403
v 0.232300 0.330999 8.127102
v 0.232300 0.330999 8.093903
v 0.257101 0.311499 8.083602
v 0.289900 0.321799 8.110502
v 0.274601 0.333799 8.137403
v 0.249701 0.353299 8.127102
v 0.249701 0.353299 8.093903
v 0.274601 0.333799 8.083602
v 0.125101 0.017899 8.197702
v 0.306401 0.017899 8.197702
v 0.125101 0.294999 8.197702
v 0.306401 0.294999 8.197702
v 0.125101 0.294999 8.017801
v 0.306401 0.294999 8.017801
v 0.125101 0.017899 8.017801
v 0.306401 0.017899 8.017801
v 0.214600 0.017899 8.017801
v 0.214600 0.017899 8.197702
v 0.214600 0.355799 8.197702
v 0.214600 0.355799 8.017801
v 0.214600 0.377098 8.197702
v 0.214600 0.377098 8.017801
v 0.590901 0.299499 8.110502
v 0.575501 0.311499 8.137403
v 0.550700 0.330999 8.127102
v 0.550700 0.330999 8.093903
v 0.575501 0.311499 8.083602
v 0.608300 0.321799 8.110502
v 0.593001 0.333799 8.137403
v 0.568101 0.353299 8.127102
v 0.568101 0.353299 8.093903
v 0.593001 0.333799 8.083602
v 0.443500 0.017899 8.197702
v 0.624801 0.017899 8.197702
v 0.443500 0.294999 8.197702
v 0.624801 0.294999 8.197702
v 0.443500 0.294999 8.017801
v 0.624801 0.294999 8.017801
v 0.443500 0.017899 8.017801
v 0.624801 0.017899 8.017801
v 0.533000 0.017899 8.017801
v 0.533000 0.017899 8.197702
v 0.533000 0.355799 8.197702
v 0.533000 0.355799 8.017801
v 0.533000 0.377098 8.197702
v 0.533000 0.377098 8.017801
v 0.272500 0.299499 7.570505
v 0.257101 0.311499 7.597405
v 0.232300 0.330999 7.587104
v 0.232300 0.330999 7.553905
v 0.257101 0.311499 7.543604
v 0.289900 0.321799 7.570505
v 0.274601 0.333799 7.597405
v 0.249701 0.353299 7.587104
v 0.249701 0.353299 7.553905
v 0.274601 0.333799 7.543604
v 0.125101 0.017899 7.657705
v 0.306401 0.017899 7.657705
v 0.125101 0.294999 7.657705
v 0.306401 0.294999 7.657705
v 0.125101 0.294999 7.477804
v 0.306401 0.294999 7.477804
v 0.125101 0.017899 7.477804
v 0.306401 0.017899 7.477804
v 0.214600 0.017899 7.477804
v 0.214600 0.017899 7.657705
v 0.214600 0.355799 7.657705
v 0.214600 0.355799 7.477804
v 0.214600 0.377098 7.657705
v 0.214600 0.377098 7.477804
v 0.590901 0.299499 7.570505
v 0.575501 0.311499 7.597405
v 0.550700 0.330999 7.587104
v 0.550700 0.330999 7.553905
v 0.575501 0.311499 7.543604
v 0.608300 0.321799 7.570505
v 0.593001 0.333799 7.597405
v 0.568101 0.353299 7.587104
v 0.568101 0.353299 7.553905
v 0.593001 0.333799 7.543604
v 0.443500 0.017899 7.657705
v 0.624801 0.017899 7.657705
v 0.443500 0.294999 7.657705
v 0.624801 0.294999 7.657705
v 0.443500 0.294999 7.477804
v 0.624801 0.294999 7.477804
v 0.443500 0.017899 7.477804
v 0.624801 0.017899 7.477804
v 0.533000 0.017899 7.477804
v 0.533000 0.017899 7.657705
v 0.533000 0.355799 7.657705
v 0.533000 0.355799 7.477804
v 0.533000 0.377098 7.657705
v 0.533000 0.377098 7.477804
v 0.272500 0.299499 7.029503
v 0.257101 0.311499 7.056404
v 0.232300 0.330999 7.046103
v 0.232300 0.330999 7.012904
v 0.257101 0.311499 7.002603
v 0.289900 0.321799 7.029503
v 0.274601 0.333799 7.056404
v 0.249701 0.353299 7.046103
v 0.249701 0.353299 7.012904
v 0.274601 0.333799 7.002603
v 0.125101 0.017899 7.116704
v 0.306401 0.017899 7.116704
v 0.125101 0.294999 7.116704
v 0.306401 0.294999 7.116704
v 0.125101 0.294999 6.936802
v 0.306401 0.294999 6.936802
v 0.125101 0.017899 6.936802
v 0.306401 0.017899 6.936802
v 0.214600 0.017899 6.936802
v 0.214600 0.017899 7.116704
v 0.214600 0.355799 7.116704
v 0.214600 0.355799 6.936802
v 0.214600 0.377098 7.116704
v 0.214600 0.377098 6.936802
v 0.590901 0.299499 7.029503
v 0.575501 0.311499 7.056404
v 0.550700 0.330999 7.046103
v 0.550700 0.330999 7.012904
v 0.575501 0.311499 7.002603
v 0.608300 0.321799 7.029503
v 0.593001 0.333799 7.056404
v 0.568101 0.353299 7.046103
v 0.568101 0.353299 7.012904
v 0.593001 0.333799 7.002603
v 0.443500 0.017899 7.116704
v 0.624801 0.017899 7.116704
v 0.443500 0.294999 7.116704
v 0.624801 0.294999 7.116704
v 0.443500 0.294999 6.936802
v 0.624801 0.294999 6.936802
v 0.443500 0.017899 6.936802
v 0.624801 0.017899 6.936802
v 0.533000 0.017899 6.936802
v 0.533000 0.017899 7.116704
v 0.533000 0.355799 7.116704
v 0.533000 0.355799 6.936802
v 0.533000 0.377098 7.116704
v 0.533000 0.377098 6.936802
v 0.272500 0.299499 6.490103
v 0.257101 0.311499 6.517004
v 0.232300 0.330999 6.506703
v 0.232300 0.330999 6.473504
v 0.257101 0.311499 6.463203
v 0.289900 0.321799 6.490103
v 0.274601 0.333799 6.517004
v 0.249701 0.353299 6.506703
v 0.249701 0.353299 6.473504
v 0.274601 0.333799 6.463203
v 0.125101 0.017899 6.577303
v 0.306401 0.017899 6.577303
v 0.125101 0.294999 6.577303
v 0.306401 0.294999 6.577303
v 0.125101 0.294999 6.397402
v 0.306401 0.294999 6.397402
v 0.125101 0.017899 6.397402
v 0.306401 0.017899 6.397402
v 0.214600 0.017899 6.397402
v 0.214600 0.017899 6.577303
v 0.214600 0.355799 6.577303
v 0.214600 0.355799 6.397402
v 0.214600 0.377098 6.577303
v 0.214600 0.377098 6.397402
v 0.590901 0.299499 6.490103
v 0.575501 0.311499 6.517004
v 0.550700 0.330999 6.506703
v 0.550700 0.330999 6.473504
v 0.575501 0.311499 6.463203
v 0.608300 0.321799 6.490103
v 0.593001 0.333799 6.517004
v 0.568101 0.353299 6.506703
v 0.568101 0.353299 6.473504
v 0.593001 0.333799 6.463203
v 0.443500 0.017899 6.577303
v 0.624801 0.017899 6.577303
v 0.443500 0.294999 6.577303
v 0.624801 0.294999 6.577303
v 0.443500 0.294999 6.397402
v 0.624801 0.294999 6.397402
v 0.443500 0.017899 6.397402
v 0.624801 0.017899 6.397402
v 0.533000 0.017899 6.397402
v 0.533000 0.017899 6.577303
v 0.533000 0.355799 6.577303
v 0.533000 0.355799 6.397402
v 0.533000 0.377098 6.577303
v 0.533000 0.377098 6.397402
v 0.272500 0.299499 5.952503
v 0.257101 0.311499 5.979403
v 0.232300 0.330999 5.969102
v 0.232300 0.330999 5.935903
v 0.257101 0.311499 5.925602
v 0.289900 0.321799 5.952503
v 0.274601 0.333799 5.979403
v 0.249701 0.353299 5.969102
v 0.249701 0.353299 5.935903
v 0.274601 0.333799 5.925602
v 0.125101 0.017899 6.039703
v 0.306401 0.017899 6.039703
v 0.125101 0.294999 6.039703
v 0.306401 0.294999 6.039703
v 0.125101 0.294999 5.859802
v 0.306401 0.294999 5.859802
v 0.125101 0.017899 5.859802
v 0.306401 0.017899 5.859802
v 0.214600 0.017899 5.859802
v 0.214600 0.017899 6.039703
v 0.214600 0.355799 6.039703
v 0.214600 0.355799 5.859802
v 0.214600 0.377099 6.039703
v 0.214600 0.377099 5.859802
v 0.590901 0.299499 5.952503
v 0.575501 0.311499 5.979403
v 0.550700 0.330999 5.969102
v 0.550700 0.330999 5.935903
v 0.575501 0.311499 5.925602
v 0.608300 0.321799 5.952503
v 0.593001 0.333799 5.979403
v 0.568101 0.353299 5.969102
v 0.568101 0.353299 5.935903
v 0.593001 0.333799 5.925602
v 0.443500 0.017899 6.039703
v 0.624801 0.017899 6.039703
v 0.443500 0.294999 6.039703
v 0.624801 0.294999 6.039703
v 0.443500 0.294999 5.859802
v 0.624801 0.294999 5.859802
v 0.443500 0.017899 5.859802
v 0.624801 0.017899 5.859802
v 0.533000 0.017899 5.859802
v 0.533000 0.017899 6.039703
v 0.533000 0.355799 6.039703
v 0.533000 0.355799 5.859802
v 0.533000 0.377099 6.039703
v 0.533000 0.377099 5.859802
v 0.272500 0.299499 5.411203
v 0.257101 0.311499 5.438103
v 0.232300 0.330999 5.427803
v 0.232300 0.330999 5.394603
v 0.257101 0.311499 5.384303
v 0.289900 0.321799 5.411203
v 0.274601 0.333799 5.438103
v 0.249701 0.353299 5.427803
v 0.249701 0.353299 5.394603
v 0.274601 0.333799 5.384303
v 0.125101 0.017899 5.498403
v 0.306401 0.017899 5.498403
v 0.125101 0.294999 5.498403
v 0.306401 0.294999 5.498403
v 0.125101 0.294999 5.318502
v 0.306401 0.294999 5.318502
v 0.125101 0.017899 5.318502
v 0.306401 0.017899 5.318502
v 0.214600 0.017899 5.318502
v 0.214600 0.017899 5.498403
v 0.214600 0.355799 5.498403
v 0.214600 0.355799 5.318502
v 0.214600 0.377099 5.498403
v 0.214600 0.377099 5.318502
v 0.590901 0.299499 5.411203
v 0.575501 0.311499 5.438103
v 0.550700 0.330999 5.427803
v 0.550700 0.330999 5.394603
v 0.575501 0.311499 5.384303
v 0.608300 0.321799 5.411203
v 0.593001 0.333799 5.438103
v 0.568101 0.353299 5.427803
v 0.568101 0.353299 5.394603
v 0.593001 0.333799 5.384303
v 0.443500 0.017899 5.498403
v 0.624801 0.017899 5.498403
v 0.443500 0.294999 5.498403
v 0.624801 0.294999 5.498403
v 0.443500 0.294999 5.318502
v 0.624801 0.294999 5.318502
v 0.443500 0.017899 5.318502
v 0.624801 0.017899 5.318502
v 0.533000 0.017899 5.318502
v 0.533000 0.017899 5.498403
v 0.533000 0.355799 5.498403
v 0.533000 0.355799 5.318502
v 0.533000 0.377099 5.498403
v 0.533000 0.377099 5.318502
v 0.272500 0.299499 4.872602
v 0.257101 0.311499 4.899502
v 0.232300 0.330999 4.889202
v 0.232300 0.330999 4.856002
v 0.257101 0.311499 4.845702
v 0.289900 0.321799 4.872602
v 0.274601 0.333799 4.899502
v 0.249701 0.353299 4.889202
v 0.249701 0.353299 4.856002
v 0.274601 0.333799 4.845702
v 0.125101 0.017900 4.959802
v 0.306401 0.017900 4.959802
v 0.125101 0.294999 4.959802
v 0.306401 0.294999 4.959802
v 0.125101 0.294999 4.779901
v 0.306401 0.294999 4.779901
v 0.125101 0.017900 4.779901
v 0.306401 0.017900 4.779901
v 0.214600 0.017900 4.779901
v 0.214600 0.017900 4.959802
v 0.214600 0.355799 4.959802
v 0.214600 0.355799 4.779901
v 0.214600 0.377099 4.959802
v 0.214600 0.377099 4.779901
v 0.590901 0.299499 4.872602
v 0.575501 0.311499 4.899502
v 0.550700 0.330999 4.889202
v 0.550700 0.330999 4.856002
v 0.575501 0.311499 4.845702
v 0.608300 0.321799 4.872602
v 0.593001 0.333799 4.899502
v 0.568101 0.353299 4.889202
v 0.568101 0.353299 4.856002
v 0.593001 0.333799 4.845702
v 0.443500 0.017900 4.959802
v 0.624801 0.017900 4.959802
v 0.443500 0.294999 4.959802
v 0.624801 0.294999 4.959802
v 0.443500 0.294999 4.779901
v 0.624801 0.294999 4.779901
v 0.443500 0.017900 4.779901
v 0.624801 0.017900 4.779901
v 0.533000 0.017900 4.779901
v 0.533000 0.017900 4.959802
v 0.533000 0.355799 4.959802
v 0.533000 0.355799 4.779901
v 0.533000 0.377099 4.959802
v 0.533000 0.377099 4.779901
v 0.272500 0.299499 4.330804
v 0.257101 0.311499 4.357705
v 0.232300 0.330999 4.347404
v 0.232300 0.330999 4.314205
v 0.257101 0.311499 4.303904
v 0.289900 0.321799 4.330804
v 0.274601 0.333799 4.357705
v 0.249701 0.353299 4.347404
v 0.249701 0.353299 4.314205
v 0.274601 0.333799 4.303904
v 0.125101 0.017900 4.418005
v 0.306401 0.017900 4.418005
v 0.125101 0.294999 4.418005
v 0.306401 0.294999 4.418005
v 0.125101 0.295000 4.238103
v 0.306401 0.295000 4.238103
v 0.125101 0.017900 4.238103
v 0.306401 0.017900 4.238103
v 0.214600 0.017900 4.238103
v 0.214600 0.017900 4.418005
v 0.214600 0.355799 4.418005
v 0.214600 0.355799 4.238103
v 0.214600 0.377099 4.418005
v 0.214600 0.377099 4.238103
v 0.590901 0.299499 4.330804
v 0.575501 0.311499 4.357705
v 0.550700 0.330999 4.347404
v 0.550700 0.330999 4.314205
v 0.575501 0.311499 4.303904
v 0.608300 0.321799 4.330804
v 0.593001 0.333799 4.357705
v 0.568101 0.353299 4.347404
v 0.568101 0.353299 4.314205
v 0.593001 0.333799 4.303904
v 0.443500 0.017900 4.418005
v 0.624801 0.017900 4.418005
v 0.443500 0.294999 4.418005
v 0.624801 0.294999 4.418005
v 0.443500 0.295000 4.238103
v 0.624801 0.295000 4.238103
v 0.443500 0.017900 4.238103
v 0.624801 0.017900 4.238103
v 0.533000 0.017900 4.238103
v 0.533000 0.017900 4.418005
v 0.533000 0.355799 4.418005
v 0.533000 0.355799 4.238103
v 0.533000 0.377099 4.418005
v 0.533000 0.377099 4.238103
v 0.272500 0.299500 3.792004
v 0.257101 0.311499 3.818905
v 0.232300 0.330999 3.808604
v 0.232300 0.330999 3.775405
v 0.257101 0.311499 3.765104
v 0.289900 0.321799 3.792004
v 0.274601 0.333799 3.818905
v 0.249701 0.353299 3.808604
v 0.249701 0.353299 3.775405
v 0.274601 0.333799 3.765104
v 0.125101 0.017900 3.879204
v 0.306401 0.017900 3.879204
v 0.125101 0.295000 3.879204
v 0.306401 0.295000 3.879204
v 0.125101 0.295000 3.699303
v 0.306401 0.295000 3.699303
v 0.125101 0.017900 3.699303
v 0.306401 0.017900 3.699303
v 0.214600 0.017900 3.699303
v 0.214600 0.017900 3.879204
v 0.214600 0.355799 3.879204
v 0.214600 0.355799 3.699303
v 0.214600 0.377099 3.879204
v 0.214600 0.377099 3.699303
v 0.590901 0.299500 3.792004
v 0.575501 0.311499 3.818905
v 0.550700 0.330999 3.808604
v 0.550700 0.330999 3.775405
v 0.575501 0.311499 3.765104
v 0.608300 0.321799 3.792004
v 0.593001 0.333799 3.818905
v 0.568101 0.353299 3.808604
v 0.568101 0.353299 3.775405
v 0.593001 0.333799 3.765104
v 0.443500 0.017900 3.879204
v 0.624801 0.017900 3.879204
v 0.443500 0.295000 3.879204
v 0.624801 0.295000 3.879204
v 0.443500 0.295000 3.699303
v 0.624801 0.295000 3.699303
v 0.443500 0.017900 3.699303
v 0.624801 0.017900 3.699303
v 0.533000 0.017900 3.699303
v 0.533000 0.017900 3.879204
v 0.533000 0.355799 3.879204
v 0.533000 0.355799 3.699303
v 0.533000 0.377099 3.879204
v 0.533000 0.377099 3.699303
v 0.272500 0.299500 3.252903
v 0.257101 0.311499 3.279803
v 0.232300 0.330999 3.269503
v 0.232300 0.330999 3.236304
v 0.257101 0.311499 3.226003
v 0.289900 0.321799 3.252903
v 0.274601 0.333799 3.279803
v 0.249701 0.353299 3.269503
v 0.249701 0.353299 3.236304
v 0.274601 0.333799 3.226003
v 0.125101 0.017900 3.340103
v 0.306401 0.017900 3.340103
v 0.125101 0.295000 3.340103
v 0.306401 0.295000 3.340103
v 0.125101 0.295000 3.160202
v 0.306401 0.295000 3.160202
v 0.125101 0.017900 3.160202
v 0.306401 0.017900 3.160202
v 0.214600 0.017900 3.160202
v 0.214600 0.017900 3.340103
v 0.214600 0.355799 3.340103
v 0.214600 0.355799 3.160202
v 0.214600 0.377099 3.340103
v 0.214600 0.377099 3.160202
v 0.590901 0.299500 3.252903
v 0.575501 0.311499 3.279803
v 0.550700 0.330999 3.269503
v 0.550700 0.330999 3.236304
v 0.575501 0.311499 3.226003
v 0.608300 0.321799 3.252903
v 0.593001 0.333799 3.279803
v 0.568101 0.353299 3.269503
v 0.568101 0.353299 3.236304
v 0.593001 0.333799 3.226003
v 0.443500 0.017900 3.340103
v 0.624801 0.017900 3.340103
v 0.443500 0.295000 3.340103
v 0.624801 0.295000 3.340103
v 0.443500 0.295000 3.160202
v 0.624801 0.295000 3.160202
v 0.443500 0.017900 3.160202
v 0.624801 0.017900 3.160202
v 0.533000 0.017900 3.160202
v 0.533000 0.017900 3.340103
v 0.533000 0.355799 3.340103
v 0.533000 0.355799 3.160202
v 0.533000 0.377099 3.340103
v 0.533000 0.377099 3.160202
v 0.272500 0.299500 2.712203
v 0.257101 0.311500 2.739103
v 0.232300 0.330999 2.728802
v 0.232300 0.330999 2.695603
v 0.257101 0.311500 2.685303
v 0.289900 0.321799 2.712203
v 0.274601 0.333799 2.739103
v 0.249701 0.353299 2.728802
v 0.249701 0.353299 2.695603
v 0.274601 0.333799 2.685303
v 0.125101 0.017900 2.799402
v 0.306401 0.017900 2.799402
v 0.125101 0.295000 2.799402
v 0.306401 0.295000 2.799402
v 0.125101 0.295000 2.619501
v 0.306401 0.295000 2.619501
v 0.125101 0.017900 2.619501
v 0.306401 0.017900 2.619501
v 0.214600 0.017900 2.619501
v 0.214600 0.017900 2.799402
v 0.214600 0.355800 2.799402
v 0.214600 0.355800 2.619501
v 0.214600 0.377099 2.799402
v 0.214600 0.377099 2.619501
v 0.590901 0.299500 2.712203
v 0.575501 0.311500 2.739103
v 0.550700 0.330999 2.728802
v 0.550700 0.330999 2.695603
v 0.575501 0.311500 2.685303
v 0.608300 0.321799 2.712203
v 0.593001 0.333799 2.739103
v 0.568101 0.353299 2.728802
v 0.568101 0.353299 2.695603
v 0.593001 0.333799 2.685303
v 0.443500 0.017900 2.799402
v 0.624801 0.017900 2.799402
v 0.443500 0.295000 2.799402
v 0.624801 0.295000 2.799402
v 0.443500 0.295000 2.619501
v 0.624801 0.295000 2.619501
v 0.443500 0.017900 2.619501
v 0.624801 0.017900 2.619501
v 0.533000 0.017900 2.619501
v 0.533000 0.017900 2.799402
v 0.533000 0.355800 2.799402
v 0.533000 0.355800 2.619501
v 0.533000 0.377099 2.799402
v 0.533000 0.377099 2.619501
v 0.272500 0.299500 2.172603
v 0.257101 0.311500 2.199503
v 0.232300 0.331000 2.189202
v 0.232300 0.331000 2.156003
v 0.257101 0.311500 2.145703
v 0.289900 0.321800 2.172603
v 0.274601 0.333800 2.199503
v 0.249701 0.353300 2.189202
v 0.249701 0.353300 2.156003
v 0.274601 0.333800 2.145703
v 0.125101 0.017900 2.259803
v 0.306401 0.017900 2.259803
v 0.125101 0.295000 2.259803
v 0.306401 0.295000 2.259803
v 0.125101 0.295000 2.079901
v 0.306401 0.295000 2.079901
v 0.125101 0.017900 2.079901
v 0.306401 0.017900 2.079901
v 0.214600 0.017900 2.079901
v 0.214600 0.017900 2.259803
v 0.214600 0.355800 2.259803
v 0.214600 0.355800 2.079901
v 0.214600 0.377099 2.259803
v 0.214600 0.377099 2.079901
v 0.590901 0.299500 2.172603
v 0.575501 0.311500 2.199503
v 0.550700 0.331000 2.189202
v 0.550700 0.331000 2.156003
v 0.575501 0.311500 2.145703
v 0.608300 0.321800 2.172603
v 0.593001 0.333800 2.199503
v 0.568101 0.353300 2.189202
v 0.568101 0.353300 2.156003
v 0.593001 0.333800 2.145703
v 0.443500 0.017900 2.259803
v 0.624801 0.017900 2.259803
v 0.443500 0.295000 2.259803
v 0.624801 0.295000 2.259803
v 0.443500 0.295000 2.079901
v 0.624801 0.295000 2.079901
v 0.443500 0.017900 2.079901
v 0.624801 0.017900 2.079901
v 0.533000 0.017900 2.079901
v 0.533000 0.017900 2.259803
v 0.533000 0.355800 2.259803
v 0.533000 0.355800 2.079901
v 0.533000 0.377099 2.259803
v 0.533000 0.377099 2.079901
v 0.272500 0.299500 1.633802
v 0.257101 0.311500 1.660702
v 0.232300 0.331000 1.650402
v 0.232300 0.331000 1.617203
v 0.257101 0.311500 1.606902
v 0.289900 0.321800 1.633802
v 0.274601 0.333800 1.660702
v 0.249701 0.353300 1.650402
v 0.249701 0.353300 1.617203
v 0.274601 0.333800 1.606902
v 0.125101 0.017900 1.721002
v 0.306401 0.017900 1.721002
v 0.125101 0.295000 1.721002
v 0.306401 0.295000 1.721002
v 0.125101 0.295000 1.541101
v 0.306401 0.295000 1.541101
v 0.125101 0.017900 1.541101
v 0.306401 0.017900 1.541101
v 0.214600 0.017900 1.541101
v 0.214600 0.017900 1.721002
v 0.214600 0.355800 1.721002
v 0.214600 0.355800 1.541101
v 0.214600 0.377099 1.721002
v 0.214600 0.377099 1.541101
v 0.590901 0.299500 1.633802
v 0.575501 0.311500 1.660702
v 0.550700 0.331000 1.650402
v 0.550700 0.331000 1.617203
v 0.575501 0.311500 1.606902
v 0.608300 0.321800 1.633802
v 0.593001 0.333800 1.660702
v 0.568101 0.353300 1.650402
v 0.568101 0.353300 1.617203
v 0.593001 0.333800 1.606902
v 0.443500 0.017900 1.721002
v 0.624801 0.017900 1.721002
v 0.443500 0.295000 1.721002
v 0.624801 0.295000 1.721002
v 0.443500 0.295000 1.541101
v 0.624801 0.295000 1.541101
v 0.443500 0.017900 1.541101
v 0.624801 0.017900 1.541101
v 0.533000 0.017900 1.541101
v 0.533000 0.017900 1.721002
v 0.533000 0.355800 1.721002
v 0.533000 0.355800 1.541101
v 0.533000 0.377099 1.721002
v 0.533000 0.377099 1.541101
v 0.272500 0.299500 1.092002
v 0.257101 0.311500 1.118902
v 0.232300 0.331000 1.108601
v 0.232300 0.331000 1.075402
v 0.257101 0.311500 1.065102
v 0.289900 0.321800 1.092002
v 0.274601 0.333800 1.118902
v 0.249701 0.353300 1.108601
v 0.249701 0.353300 1.075402
v 0.274601 0.333800 1.065102
v 0.125101 0.017900 1.179202
v 0.306401 0.017900 1.179202
v 0.125101 0.295000 1.179202
v 0.306401 0.295000 1.179202
v 0.125101 0.295000 0.999300
v 0.306401 0.295000 0.999300
v 0.125101 0.017900 0.999300
v 0.306401 0.017900 0.999300
v 0.214600 0.017900 0.999300
v 0.214600 0.017900 1.179202
v 0.214600 0.355800 1.179202
v 0.214600 0.355800 0.999300
v 0.214600 0.377099 1.179202
v 0.214600 0.377099 0.999300
v 0.590901 0.299500 1.092002
v 0.575501 0.311500 1.118902
v 0.550700 0.331000 1.108601
v 0.550700 0.331000 1.075402
v 0.575501 0.311500 1.065102
v 0.608300 0.321800 1.092002
v 0.593001 0.333800 1.118902
v 0.568101 0.353300 1.108601
v 0.568101 0.353300 1.075402
v 0.593001 0.333800 1.065102
v 0.443500 0.017900 1.179202
v 0.624801 0.017900 1.179202
v 0.443500 0.295000 1.179202
v 0.624801 0.295000 1.179202
v 0.443500 0.295000 0.999300
v 0.624801 0.295000 0.999300
v 0.443500 0.017900 0.999300
v 0.624801 0.017900 0.999300
v 0.533000 0.017900 0.999300
v 0.533000 0.017900 1.179202
v 0.533000 0.355800 1.179202
v 0.533000 0.355800 0.999300
v 0.533000 0.377099 1.179202
v 0.533000 0.377099 0.999300
v 0.272500 0.299500 0.552202
v 0.257101 0.311500 0.579102
v 0.232300 0.331000 0.568802
v 0.232300 0.331000 0.535603
v 0.257101 0.311500 0.525303
v 0.289900 0.321800 0.552202
v 0.274601 0.333800 0.579102
v 0.249701 0.353300 0.568802
v 0.249701 0.353300 0.535603
v 0.274601 0.333800 0.525303
v 0.125101 0.017900 0.639403
v 0.306401 0.017900 0.639403
v 0.125101 0.295000 0.639403
v 0.306401 0.295000 0.639403
v 0.125101 0.295000 0.459501
v 0.306401 0.295000 0.459501
v 0.125101 0.017900 0.459501
v 0.306401 0.017900 0.459501
v 0.214600 0.017900 0.459501
v 0.214600 0.017900 0.639403
v 0.214600 0.355800 0.639403
v 0.214600 0.355800 0.459501
v 0.214600 0.377099 0.639403
v 0.214600 0.377099 0.459501
v 0.590901 0.299500 0.552202
v 0.575501 0.311500 0.579102
v 0.550700 0.331000 0.568802
v 0.550700 0.331000 0.535603
v 0.575501 0.311500 0.525303
v 0.608300 0.321800 0.552202
v 0.593001 0.333800 0.579102
v 0.568101 0.353300 0.568802
v 0.568101 0.353300 0.535603
v 0.593001 0.333800 0.525303
v 0.443500 0.017900 0.639403
v 0.624801 0.017900 0.639403
v 0.443500 0.295000 0.639403
v 0.624801 0.295000 0.639403
v 0.443500 0.295000 0.459501
v 0.624801 0.295000 0.459501
v 0.443500 0.017900 0.459501
v 0.624801 0.017900 0.459501
v 0.533000 0.017900 0.459501
v 0.533000 0.017900 0.639403
v 0.533000 0.355800 0.639403
v 0.533000 0.355800 0.459501
v 0.533000 0.377099 0.639403
v 0.533000 0.377099 0.459501
v 0.590901 -0.212501 8.652401
v 0.575501 -0.200501 8.679301
v 0.550700 -0.181002 8.669001
v 0.550700 -0.181001 8.635801
v 0.575501 -0.200501 8.625501
v 0.608300 -0.190201 8.652401
v 0.593001 -0.178202 8.679301
v 0.568101 -0.158702 8.669001
v 0.568101 -0.158701 8.635801
v 0.593001 -0.178201 8.625501
v 0.443500 -0.494101 8.739601
v 0.624801 -0.494101 8.739601
v 0.443500 -0.217001 8.739601
v 0.624801 -0.217001 8.739601
v 0.443500 -0.217001 8.559701
v 0.624801 -0.217001 8.559701
v 0.443500 -0.494101 8.559701
v 0.624801 -0.494101 8.559701
v 0.533000 -0.494101 8.559701
v 0.533000 -0.494101 8.739601
v 0.533000 -0.156201 8.739601
v 0.533000 -0.156201 8.559701
v 0.533000 -0.134902 8.739601
v 0.533000 -0.134902 8.559701
v 0.272500 -0.212501 8.652401
v 0.257101 -0.200501 8.679301
v 0.232300 -0.181002 8.669001
v 0.232300 -0.181001 8.635801
v 0.257101 -0.200501 8.625501
v 0.289900 -0.190201 8.652401
v 0.274601 -0.178202 8.679301
v 0.249701 -0.158702 8.669001
v 0.249701 -0.158701 8.635801
v 0.274601 -0.178201 8.625501
v 0.125101 -0.494101 8.739601
v 0.306401 -0.494101 8.739601
v 0.125101 -0.217001 8.739601
v 0.306401 -0.217001 8.739601
v 0.125101 -0.217001 8.559701
v 0.306401 -0.217001 8.559701
v 0.125101 -0.494101 8.559701
v 0.306401 -0.494101 8.559701
v 0.214600 -0.494101 8.559701
v 0.214600 -0.494101 8.739601
v 0.214600 -0.156201 8.739601
v 0.214600 -0.156201 8.559701
v 0.214600 -0.134902 8.739601
v 0.214600 -0.134902 8.559701
v 0.272500 -0.212501 8.110502
v 0.257101 -0.200501 8.137403
v 0.232300 -0.181001 8.127102
v 0.232300 -0.181001 8.093903
v 0.257101 -0.200501 8.083602
v 0.289900 -0.190201 8.110502
v 0.274601 -0.178201 8.137403
v 0.249701 -0.158701 8.127102
v 0.249701 -0.158701 8.093903
v 0.274601 -0.178201 8.083602
v 0.125101 -0.494101 8.197702
v 0.306401 -0.494101 8.197702
v 0.125101 -0.217001 8.197702
v 0.306401 -0.217001 8.197702
v 0.125101 -0.217001 8.017801
v 0.306401 -0.217001 8.017801
v 0.125101 -0.494101 8.017801
v 0.306401 -0.494101 8.017801
v 0.214600 -0.494101 8.017801
v 0.214600 -0.494101 8.197702
v 0.214600 -0.156201 8.197702
v 0.214600 -0.156201 8.017801
v 0.214600 -0.134902 8.197702
v 0.214600 -0.134902 8.017801
v 0.590901 -0.212501 8.110502
v 0.575501 -0.200501 8.137403
v 0.550700 -0.181001 8.127102
v 0.550700 -0.181001 8.093903
v 0.575501 -0.200501 8.083602
v 0.608300 -0.190201 8.110502
v 0.593001 -0.178201 8.137403
v 0.568101 -0.158701 8.127102
v 0.568101 -0.158701 8.093903
v 0.593001 -0.178201 8.083602
v 0.443500 -0.494101 8.197702
v 0.624801 -0.494101 8.197702
v 0.443500 -0.217001 8.197702
v 0.624801 -0.217001 8.197702
v 0.443500 -0.217001 8.017801
v 0.624801 -0.217001 8.017801
v 0.443500 -0.494101 8.017801
v 0.624801 -0.494101 8.017801
v 0.533000 -0.494101 8.017801
v 0.533000 -0.494101 8.197702
v 0.533000 -0.156201 8.197702
v 0.533000 -0.156201 8.017801
v 0.533000 -0.134902 8.197702
v 0.533000 -0.134902 8.017801
v 0.272500 -0.212501 7.570505
v 0.257101 -0.200501 7.597405
v 0.232300 -0.181001 7.587104
v 0.232300 -0.181001 7.553905
v 0.257101 -0.200501 7.543604
v 0.289900 -0.190201 7.570505
v 0.274601 -0.178201 7.597405
v 0.249701 -0.158701 7.587104
v 0.249701 -0.158701 7.553905
v 0.274601 -0.178201 7.543604
v 0.125101 -0.494101 7.657705
v 0.306401 -0.494101 7.657705
v 0.125101 -0.217001 7.657705
v 0.306401 -0.217001 7.657705
v 0.125101 -0.217001 7.477804
v 0.306401 -0.217001 7.477804
v 0.125101 -0.494101 7.477804
v 0.306401 -0.494101 7.477804
v 0.214600 -0.494101 7.477804
v 0.214600 -0.494101 7.657705
v 0.214600 -0.156201 7.657705
v 0.214600 -0.156201 7.477804
v 0.214600 -0.134902 7.657705
v 0.214600 -0.134902 7.477804
v 0.590901 -0.212501 7.570505
v 0.575501 -0.200501 7.597405
v 0.550700 -0.181001 7.587104
v 0.550700 -0.181001 7.553905
v 0.575501 -0.200501 7.543604
v 0.608300 -0.190201 7.570505
v 0.593001 -0.178201 7.597405
v 0.568101 -0.158701 7.587104
v 0.568101 -0.158701 7.553905
v 0.593001 -0.178201 7.543604
v 0.443500 -0.494101 7.657705
v 0.624801 -0.494101 7.657705
v 0.443500 -0.217001 7.657705
v 0.624801 -0.217001 7.657705
v 0.443500 -0.217001 7.477804
v 0.624801 -0.217001 7.477804
v 0.443500 -0.494101 7.477804
v 0.624801 -0.494101 7.477804
v 0.533000 -0.494101 7.477804
v 0.533000 -0.494101 7.657705
v 0.533000 -0.156201 7.657705
v 0.533000 -0.156201 7.477804
v 0.533000 -0.134902 7.657705
v 0.533000 -0.134902 7.477804
v 0.272500 -0.212501 7.029503
v 0.257101 -0.200501 7.056404
v 0.232300 -0.181001 7.046103
v 0.232300 -0.181001 7.012904
v 0.257101 -0.200501 7.002603
v 0.289900 -0.190201 7.029503
v 0.274601 -0.178201 7.056404
v 0.249701 -0.158701 7.046103
v 0.249701 -0.158701 7.012904
v 0.274601 -0.178201 7.002603
v 0.125101 -0.494101 7.116704
v 0.306401 -0.494101 7.116704
v 0.125101 -0.217001 7.116704
v 0.306401 -0.217001 7.116704
v 0.125101 -0.217001 6.936802
v 0.306401 -0.217001 6.936802
v 0.125101 -0.494101 6.936802
v 0.306401 -0.494101 6.936802
v 0.214600 -0.494101 6.936802
v 0.214600 -0.494101 7.116704
v 0.214600 -0.156201 7.116704
v 0.214600 -0.156201 6.936802
v 0.214600 -0.134902 7.116704
v 0.214600 -0.134902 6.936802
v 0.590901 -0.212501 7.029503
v 0.575501 -0.200501 7.056404
v 0.550700 -0.181001 7.046103
v 0.550700 -0.181001 7.012904
v 0.575501 -0.200501 7.002603
v 0.608300 -0.190201 7.029503
v 0.593001 -0.178201 7.056404
v 0.568101 -0.158701 7.046103
v 0.568101 -0.158701 7.012904
v 0.593001 -0.178201 7.002603
v 0.443500 -0.494101 7.116704
v 0.624801 -0.494101 7.116704
v 0.443500 -0.217001 7.116704
v 0.624801 -0.217001 7.116704
v 0.443500 -0.217001 6.936802
v 0.624801 -0.217001 6.936802
v 0.443500 -0.494101 6.936802
v 0.624801 -0.494101 6.936802
v 0.533000 -0.494101 6.936802
v 0.533000 -0.494101 7.116704
v 0.533000 -0.156201 7.116704
v 0.533000 -0.156201 6.936802
v 0.533000 -0.134902 7.116704
v 0.533000 -0.134902 6.936802
v 0.272500 -0.212501 6.490103
v 0.257101 -0.200501 6.517004
v 0.232300 -0.181001 6.506703
v 0.232300 -0.181001 6.473504
v 0.257101 -0.200501 6.463203
v 0.289900 -0.190201 6.490103
v 0.274601 -0.178201 6.517004
v 0.249701 -0.158701 6.506703
v 0.249701 -0.158701 6.473504
v 0.274601 -0.178201 6.463203
v 0.125101 -0.494101 6.577303
v 0.306401 -0.494101 6.577303
v 0.125101 -0.217001 6.577303
v 0.306401 -0.217001 6.577303
v 0.125101 -0.217001 6.397402
v 0.306401 -0.217001 6.397402
v 0.125101 -0.494101 6.397402
v 0.306401 -0.494101 6.397402
v 0.214600 -0.494101 6.397402
v 0.214600 -0.494101 6.577303
v 0.214600 -0.156201 6.577303
v 0.214600 -0.156201 6.397402
v 0.214600 -0.134901 6.577303
v 0.214600 -0.134901 6.397402
v 0.590901 -0.212501 6.490103
v 0.575501 -0.200501 6.517004
v 0.550700 -0.181001 6.506703
v 0.550700 -0.181001 6.473504
v 0.575501 -0.200501 6.463203
v 0.608300 -0.190201 6.490103
v 0.593001 -0.178201 6.517004
v 0.568101 -0.158701 6.506703
v 0.568101 -0.158701 6.473504
v 0.593001 -0.178201 6.463203
v 0.443500 -0.494101 6.577303
v 0.624801 -0.494101 6.577303
v 0.443500 -0.217001 6.577303
v 0.624801 -0.217001 6.577303
v 0.443500 -0.217001 6.397402
v 0.624801 -0.217001 6.397402
v 0.443500 -0.494101 6.397402
v 0.624801 -0.494101 6.397402
v 0.533000 -0.494101 6.397402
v 0.533000 -0.494101 6.577303
v 0.533000 -0.156201 6.577303
v 0.533000 -0.156201 6.397402
v 0.533000 -0.134901 6.577303
v 0.533000 -0.134901 6.397402
v 0.272500 -0.212501 5.952503
v 0.257101 -0.200501 5.979403
v 0.232300 -0.181001 5.969102
v 0.232300 -0.181001 5.935903
v 0.257101 -0.200501 5.925602
v 0.289900 -0.190201 5.952503
v 0.274601 -0.178201 5.979403
v 0.249701 -0.158701 5.969102
v 0.249701 -0.158701 5.935903
v 0.274601 -0.178201 5.925602
v 0.125101 -0.494101 6.039703
v 0.306401 -0.494101 6.039703
v 0.125101 -0.217001 6.039703
v 0.306401 -0.217001 6.039703
v 0.125101 -0.217001 5.859802
v 0.306401 -0.217001 5.859802
v 0.125101 -0.494101 5.859802
v 0.306401 -0.494101 5.859802
v 0.214600 -0.494101 5.859802
v 0.214600 -0.494101 6.039703
v 0.214600 -0.156201 6.039703
v 0.214600 -0.156201 5.859802
v 0.214600 -0.134901 6.039703
v 0.214600 -0.134901 5.859802
v 0.590901 -0.212501 5.952503
v 0.575501 -0.200501 5.979403
v 0.550700 -0.181001 5.969102
v 0.550700 -0.181001 5.935903
v 0.575501 -0.200501 5.925602
v 0.608300 -0.190201 5.952503
v 0.593001 -0.178201 5.979403
v 0.568101 -0.158701 5.969102
v 0.568101 -0.158701 5.935903
v 0.593001 -0.178201 5.925602
v 0.443500 -0.494101 6.039703
v 0.624801 -0.494101 6.039703
v 0.443500 -0.217001 6.039703
v 0.624801 -0.217001 6.039703
v 0.443500 -0.217001 5.859802
v 0.624801 -0.217001 5.859802
v 0.443500 -0.494101 5.859802
v 0.624801 -0.494101 5.859802
v 0.533000 -0.494101 5.859802
v 0.533000 -0.494101 6.039703
v 0.533000 -0.156201 6.039703
v 0.533000 -0.156201 5.859802
v 0.533000 -0.134901 6.039703
v 0.533000 -0.134901 5.859802
v 0.272500 -0.212501 5.411203
v 0.257101 -0.200501 5.438103
v 0.232300 -0.181001 5.427803
v 0.232300 -0.181001 5.394603
v 0.257101 -0.200501 5.384303
v 0.289900 -0.190201 5.411203
v 0.274601 -0.178201 5.438103
v 0.249701 -0.158701 5.427803
v 0.249701 -0.158701 5.394603
v 0.274601 -0.178201 5.384303
v 0.125101 -0.494101 5.498403
v 0.306401 -0.494101 5.498403
v 0.125101 -0.217001 5.498403
v 0.306401 -0.217001 5.498403
v 0.125101 -0.217001 5.318502
v 0.306401 -0.217001 5.318502
v 0.125101 -0.494101 5.318502
v 0.306401 -0.494101 5.318502
v 0.214600 -0.494101 5.318502
v 0.214600 -0.494101 5.498403
v 0.214600 -0.156201 5.498403
v 0.214600 -0.156201 5.318502
v 0.214600 -0.134901 5.498403
v 0.214600 -0.134901 5.318502
v 0.590901 -0.212501 5.411203
v 0.575501 -0.200501 5.438103
v 0.550700 -0.181001 5.427803
v 0.550700 -0.181001 5.394603
v 0.575501 -0.200501 5.384303
v 0.608300 -0.190201 5.411203
v 0.593001 -0.178201 5.438103
v 0.568101 -0.158701 5.427803
v 0.568101 -0.158701 5.394603
v 0.593001 -0.178201 5.384303
v 0.443500 -0.494101 5.498403
v 0.624801 -0.494101 5.498403
v 0.443500 -0.217001 5.498403
v 0.624801 -0.217001 5.498403
v 0.443500 -0.217001 5.318502
v 0.624801 -0.217001 5.318502
v 0.443500 -0.494101 5.318502
v 0.624801 -0.494101 5.318502
v 0.533000 -0.494101 5.318502
v 0.533000 -0.494101 5.498403
v 0.533000 -0.156201 5.498403
v 0.533000 -0.156201 5.318502
v 0.533000 -0.134901 5.498403
v 0.533000 -0.134901 5.318502
v 0.272500 -0.212501 4.872602
v 0.257101 -0.200501 4.899502
v 0.232300 -0.181001 4.889202
v 0.232300 -0.181001 4.856002
v 0.257101 -0.200501 4.845702
v 0.289900 -0.190201 4.872602
v 0.274601 -0.178201 4.899502
v 0.249701 -0.158701 4.889202
v 0.249701 -0.158701 4.856002
v 0.274601 -0.178201 4.845702
v 0.125101 -0.494101 4.959802
v 0.306401 -0.494101 4.959802
v 0.125101 -0.217000 4.959802
v 0.306401 -0.217000 4.959802
v 0.125101 -0.217000 4.779901
v 0.306401 -0.217000 4.779901
v 0.125101 -0.494101 4.779901
v 0.306401 -0.494101 4.779901
v 0.214600 -0.494101 4.779901
v 0.214600 -0.494101 4.959802
v 0.214600 -0.156201 4.959802
v 0.214600 -0.156201 4.779901
v 0.214600 -0.134901 4.959802
v 0.214600 -0.134901 4.779901
v 0.590901 -0.212501 4.872602
v 0.575501 -0.200501 4.899502
v 0.550700 -0.181001 4.889202
v 0.550700 -0.181001 4.856002
v 0.575501 -0.200501 4.845702
v 0.608300 -0.190201 4.872602
v 0.593001 -0.178201 4.899502
v 0.568101 -0.158701 4.889202
v 0.568101 -0.158701 4.856002
v 0.593001 -0.178201 4.845702
v 0.443500 -0.494101 4.959802
v 0.624801 -0.494101 4.959802
v 0.443500 -0.217000 4.959802
v 0.624801 -0.217000 4.959802
v 0.443500 -0.217000 4.779901
v 0.624801 -0.217000 4.779901
v 0.443500 -0.494101 4.779901
v 0.624801 -0.494101 4.779901
v 0.533000 -0.494101 4.779901
v 0.533000 -0.494101 4.959802
v 0.533000 -0.156201 4.959802
v 0.533000 -0.156201 4.779901
v 0.533000 -0.134901 4.959802
v 0.533000 -0.134901 4.779901
v 0.272500 -0.212500 4.330804
v 0.257101 -0.200501 4.357705
v 0.232300 -0.181001 4.347404
v 0.232300 -0.181001 4.314205
v 0.257101 -0.200501 4.303904
v 0.289900 -0.190201 4.330804
v 0.274601 -0.178201 4.357705
v 0.249701 -0.158701 4.347404
v 0.249701 -0.158701 4.314205
v 0.274601 -0.178201 4.303904
v 0.125101 -0.494101 4.418005
v 0.306401 -0.494101 4.418005
v 0.125101 -0.217000 4.418005
v 0.306401 -0.217000 4.418005
v 0.125101 -0.217000 4.238103
v 0.306401 -0.217000 4.238103
v 0.125101 -0.494100 4.238103
v 0.306401 -0.494100 4.238103
v 0.214600 -0.494100 4.238103
v 0.214600 -0.494101 4.418005
v 0.214600 -0.156201 4.418005
v 0.214600 -0.156201 4.238103
v 0.214600 -0.134901 4.418005
v 0.214600 -0.134901 4.238103
v 0.590901 -0.212500 4.330804
v 0.575501 -0.200501 4.357705
v 0.550700 -0.181001 4.347404
v 0.550700 -0.181001 4.314205
v 0.575501 -0.200501 4.303904
v 0.608300 -0.190201 4.330804
v 0.593001 -0.178201 4.357705
v 0.568101 -0.158701 4.347404
v 0.568101 -0.158701 4.314205
v 0.593001 -0.178201 4.303904
v 0.443500 -0.494101 4.418005
v 0.624801 -0.494101 4.418005
v 0.443500 -0.217000 4.418005
v 0.624801 -0.217000 4.418005
v 0.443500 -0.217000 4.238103
v 0.624801 -0.217000 4.238103
v 0.443500 -0.494100 4.238103
v 0.624801 -0.494100 4.238103
v 0.533000 -0.494100 4.238103
v 0.533000 -0.494101 4.418005
v 0.533000 -0.156201 4.418005
v 0.533000 -0.156201 4.238103
v 0.533000 -0.134901 4.418005
v 0.533000 -0.134901 4.238103
v 0.272500 -0.212500 3.792004
v 0.257101 -0.200501 3.818905
v 0.232300 -0.181001 3.808604
v 0.232300 -0.181001 3.775405
v 0.257101 -0.200501 3.765104
v 0.289900 -0.190201 3.792004
v 0.274601 -0.178201 3.818905
v 0.249701 -0.158701 3.808604
v 0.249701 -0.158701 3.775405
v 0.274601 -0.178201 3.765104
v 0.125101 -0.494100 3.879204
v 0.306401 -0.494100 3.879204
v 0.125101 -0.217000 3.879204
v 0.306401 -0.217000 3.879204
v 0.125101 -0.217000 3.699303
v 0.306401 -0.217000 3.699303
v 0.125101 -0.494100 3.699303
v 0.306401 -0.494100 3.699303
v 0.214600 -0.494100 3.699303
v 0.214600 -0.494100 3.879204
v 0.214600 -0.156201 3.879204
v 0.214600 -0.156201 3.699303
v 0.214600 -0.134901 3.879204
v 0.214600 -0.134901 3.699303
v 0.590901 -0.212500 3.792004
v 0.575501 -0.200501 3.818905
v 0.550700 -0.181001 3.808604
v 0.550700 -0.181001 3.775405
v 0.575501 -0.200501 3.765104
v 0.608300 -0.190201 3.792004
v 0.593001 -0.178201 3.818905
v 0.568101 -0.158701 3.808604
v 0.568101 -0.158701 3.775405
v 0.593001 -0.178201 3.765104
v 0.443500 -0.494100 3.879204
v 0.624801 -0.494100 3.879204
v 0.443500 -0.217000 3.879204
v 0.624801 -0.217000 3.879204
v 0.443500 -0.217000 3.699303
v 0.624801 -0.217000 3.699303
v 0.443500 -0.494100 3.699303
v 0.624801 -0.494100 3.699303
v 0.533000 -0.494100 3.699303
v 0.533000 -0.494100 3.879204
v 0.533000 -0.156201 3.879204
v 0.533000 -0.156201 3.699303
v 0.533000 -0.134901 3.879204
v 0.533000 -0.134901 3.699303
v 0.272500 -0.212500 3.252903
v 0.257101 -0.200500 3.279803
v 0.232300 -0.181001 3.269503
v 0.232300 -0.181001 3.236304
v 0.257101 -0.200500 3.226003
v 0.289900 -0.190201 3.252903
v 0.274601 -0.178201 3.279803
v 0.249701 -0.158701 3.269503
v 0.249701 -0.158701 3.236304
v 0.274601 -0.178201 3.226003
v 0.125101 -0.494100 3.340103
v 0.306401 -0.494100 3.340103
v 0.125101 -0.217000 3.340103
v 0.306401 -0.217000 3.340103
v 0.125101 -0.217000 3.160202
v 0.306401 -0.217000 3.160202
v 0.125101 -0.494100 3.160202
v 0.306401 -0.494100 3.160202
v 0.214600 -0.494100 3.160202
v 0.214600 -0.494100 3.340103
v 0.214600 -0.156201 3.340103
v 0.214600 -0.156201 3.160202
v 0.214600 -0.134901 3.340103
v 0.214600 -0.134901 3.160202
v 0.590901 -0.212500 3.252903
v 0.575501 -0.200500 3.279803
v 0.550700 -0.181001 3.269503
v 0.550700 -0.181001 3.236304
v 0.575501 -0.200500 3.226003
v 0.608300 -0.190201 3.252903
v 0.593001 -0.178201 3.279803
v 0.568101 -0.158701 3.269503
v 0.568101 -0.158701 3.236304
v 0.593001 -0.178201 3.226003
v 0.443500 -0.494100 3.340103
v 0.624801 -0.494100 3.340103
v 0.443500 -0.217000 3.340103
v 0.624801 -0.217000 3.340103
v 0.443500 -0.217000 3.160202
v 0.624801 -0.217000 3.160202
v 0.443500 -0.494100 3.160202
v 0.624801 -0.494100 3.160202
v 0.533000 -0.494100 3.160202
v 0.533000 -0.494100 3.340103
v 0.533000 -0.156201 3.340103
v 0.533000 -0.156201 3.160202
v 0.533000 -0.134901 3.340103
v 0.533000 -0.134901 3.160202
v 0.272500 -0.212500 2.712203
v 0.257101 -0.200500 2.739103
v 0.232300 -0.181001 2.728802
v 0.232300 -0.181001 2.695603
v 0.257101 -0.200500 2.685303
v 0.289900 -0.190200 2.712203
v 0.274601 -0.178201 2.739103
v 0.249701 -0.158701 2.728802
v 0.249701 -0.158701 2.695603
v 0.274601 -0.178201 2.685303
v 0.125101 -0.494100 2.799402
v 0.306401 -0.494100 2.799402
v 0.125101 -0.217000 2.799402
v 0.306401 -0.217000 2.799402
v 0.125101 -0.217000 2.619501
v 0.306401 -0.217000 2.619501
v 0.125101 -0.494100 2.619501
v 0.306401 -0.494100 2.619501
v 0.214600 -0.494100 2.619501
v 0.214600 -0.494100 2.799402
v 0.214600 -0.156200 2.799402
v 0.214600 -0.156200 2.619501
v 0.214600 -0.134901 2.799402
v 0.214600 -0.134901 2.619501
v 0.590901 -0.212500 2.712203
v 0.575501 -0.200500 2.739103
v 0.550700 -0.181001 2.728802
v 0.550700 -0.181001 2.695603
v 0.575501 -0.200500 2.685303
v 0.608300 -0.190200 2.712203
v 0.593001 -0.178201 2.739103
v 0.568101 -0.158701 2.728802
v 0.568101 -0.158701 2.695603
v 0.593001 -0.178201 2.685303
v 0.443500 -0.494100 2.799402
v 0.624801 -0.494100 2.799402
v 0.443500 -0.217000 2.799402
v 0.624801 -0.217000 2.799402
v 0.443500 -0.217000 2.619501
v 0.624801 -0.217000 2.619501
v 0.443500 -0.494100 2.619501
v 0.624801 -0.494100 2.619501
v 0.533000 -0.494100 2.619501
v 0.533000 -0.494100 2.799402
v 0.533000 -0.156200 2.799402
v 0.533000 -0.156200 2.619501
v 0.533000 -0.134901 2.799402
v 0.533000 -0.134901 2.619501
v 0.272500 -0.212500 2.172603
v 0.257101 -0.200500 2.199503
v 0.232300 -0.181000 2.189202
v 0.232300 -0.181000 2.156003
v 0.257101 -0.200500 2.145703
v 0.289900 -0.190200 2.172603
v 0.274601 -0.178200 2.199503
v 0.249701 -0.158700 2.189202
v 0.249701 -0.158700 2.156003
v 0.274601 -0.178200 2.145703
v 0.125101 -0.494100 2.259803
v 0.306401 -0.494100 2.259803
v 0.125101 -0.217000 2.259803
v 0.306401 -0.217000 2.259803
v 0.125101 -0.217000 2.079901
v 0.306401 -0.217000 2.079901
v 0.125101 -0.494100 2.079901
v 0.306401 -0.494100 2.079901
v 0.214600 -0.494100 2.079901
v 0.214600 -0.494100 2.259803
v 0.214600 -0.156200 2.259803
v 0.214600 -0.156200 2.079901
v 0.214600 -0.134901 2.259803
v 0.214600 -0.134901 2.079901
v 0.590901 -0.212500 2.172603
v 0.575501 -0.200500 2.199503
v 0.550700 -0.181000 2.189202
v 0.550700 -0.181000 2.156003
v 0.575501 -0.200500 2.145703
v 0.608300 -0.190200 2.172603
v 0.593001 -0.178200 2.199503
v 0.568101 -0.158700 2.189202
v 0.568101 -0.158700 2.156003
v 0.593001 -0.178200 2.145703
v 0.443500 -0.494100 2.259803
v 0.624801 -0.494100 2.259803
v 0.443500 -0.217000 2.259803
v 0.624801 -0.217000 2.259803
v 0.443500 -0.217000 2.079901
v 0.624801 -0.217000 2.079901
v 0.443500 -0.494100 2.079901
v 0.624801 -0.494100 2.079901
v 0.533000 -0.494100 2.079901
v 0.533000 -0.494100 2.259803
v 0.533000 -0.156200 2.259803
v 0.533000 -0.156200 2.079901
v 0.533000 -0.134901 2.259803
v 0.533000 -0.134901 2.079901
v 0.272500 -0.212500 1.633802
v 0.257101 -0.200500 1.660702
v 0.232300 -0.181000 1.650402
v 0.232300 -0.181000 1.617203
v 0.257101 -0.200500 1.606902
v 0.289900 -0.190200 1.633802
v 0.274601 -0.178200 1.660702
v 0.249701 -0.158700 1.650402
v 0.249701 -0.158700 1.617203
v 0.274601 -0.178200 1.606902
v 0.125101 -0.494100 1.721002
v 0.306401 -0.494100 1.721002
v 0.125101 -0.217000 1.721002
v 0.306401 -0.217000 1.721002
v 0.125101 -0.217000 1.541101
v 0.306401 -0.217000 1.541101
v 0.125101 -0.494100 1.541101
v 0.306401 -0.494100 1.541101
v 0.214600 -0.494100 1.541101
v 0.214600 -0.494100 1.721002
v 0.214600 -0.156200 1.721002
v 0.214600 -0.156200 1.541101
v 0.214600 -0.134901 1.721002
v 0.214600 -0.134901 1.541101
v 0.590901 -0.212500 1.633802
v 0.575501 -0.200500 1.660702
v 0.550700 -0.181000 1.650402
v 0.550700 -0.181000 1.617203
v 0.575501 -0.200500 1.606902
v 0.608300 -0.190200 1.633802
v 0.593001 -0.178200 1.660702
v 0.568101 -0.158700 1.650402
v 0.568101 -0.158700 1.617203
v 0.593001 -0.178200 1.606902
v 0.443500 -0.494100 1.721002
v 0.624801 -0.494100 1.721002
v 0.443500 -0.217000 1.721002
v 0.624801 -0.217000 1.721002
v 0.443500 -0.217000 1.541101
v 0.624801 -0.217000 1.541101
v 0.443500 -0.494100 1.541101
v 0.624801 -0.494100 1.541101
v 0.533000 -0.494100 1.541101
v 0.533000 -0.494100 1.721002
v 0.533000 -0.156200 1.721002
v 0.533000 -0.156200 1.541101
v 0.533000 -0.134901 1.721002
v 0.533000 -0.134901 1.541101
v 0.272500 -0.212500 1.092002
v 0.257101 -0.200500 1.118902
v 0.232300 -0.181000 1.108601
v 0.232300 -0.181000 1.075402
v 0.257101 -0.200500 1.065102
v 0.289900 -0.190200 1.092002
v 0.274601 -0.178200 1.118902
v 0.249701 -0.158700 1.108601
v 0.249701 -0.158700 1.075402
v 0.274601 -0.178200 1.065102
v 0.125101 -0.494100 1.179202
v 0.306401 -0.494100 1.179202
v 0.125101 -0.217000 1.179202
v 0.306401 -0.217000 1.179202
v 0.125101 -0.217000 0.999300
v 0.306401 -0.217000 0.999300
v 0.125101 -0.494100 0.999300
v 0.306401 -0.494100 0.999300
v 0.214600 -0.494100 0.999300
v 0.214600 -0.494100 1.179202
v 0.214600 -0.156200 1.179202
v 0.214600 -0.156200 0.999300
v 0.214600 -0.134901 1.179202
v 0.214600 -0.134901 0.999300
v 0.590901 -0.212500 1.092002
v 0.575501 -0.200500 1.118902
v 0.550700 -0.181000 1.108601
v 0.550700 -0.181000 1.075402
v 0.575501 -0.200500 1.065102
v 0.608300 -0.190200 1.092002
v 0.593001 -0.178200 1.118902
v 0.568101 -0.158700 1.108601
v 0.568101 -0.158700 1.075402
v 0.593001 -0.178200 1.065102
v 0.443500 -0.494100 1.179202
v 0.624801 -0.494100 1.179202
v 0.443500 -0.217000 1.179202
v 0.624801 -0.217000 1.179202
v 0.443500 -0.217000 0.999300
v 0.624801 -0.217000 0.999300
v 0.443500 -0.494100 0.999300
v 0.624801 -0.494100 0.999300
v 0.533000 -0.494100 0.999300
v 0.533000 -0.494100 1.179202
v 0.533000 -0.156200 1.179202
v 0.533000 -0.156200 0.999300
v 0.533000 -0.134901 1.179202
v 0.533000 -0.134901 0.999300
v 0.272500 -0.212500 0.552202
v 0.257101 -0.200500 0.579102
v 0.232300 -0.181000 0.568802
v 0.232300 -0.181000 0.535603
v 0.257101 -0.200500 0.525302
v 0.289900 -0.190200 0.552202
v 0.274601 -0.178200 0.579102
v 0.249701 -0.158700 0.568802
v 0.249701 -0.158700 0.535603
v 0.274601 -0.178200 0.525303
v 0.125101 -0.494100 0.639402
v 0.306401 -0.494100 0.639402
v 0.125101 -0.217000 0.639402
v 0.306401 -0.217000 0.639402
v 0.125101 -0.217000 0.459501
v 0.306401 -0.217000 0.459501
v 0.125101 -0.494100 0.459501
v 0.306401 -0.494100 0.459501
v 0.214600 -0.494100 0.459501
v 0.214600 -0.494100 0.639402
v 0.214600 -0.156200 0.639403
v 0.214600 -0.156200 0.459501
v 0.214600 -0.134901 0.639403
v 0.214600 -0.134900 0.459501
v 0.590901 -0.212500 0.552202
v 0.575501 -0.200500 0.579102
v 0.550700 -0.181000 0.568802
v 0.550700 -0.181000 0.535603
v 0.575501 -0.200500 0.525302
v 0.608300 -0.190200 0.552202
v 0.593001 -0.178200 0.579102
v 0.568101 -0.158700 0.568802
v 0.568101 -0.158700 0.535603
v 0.593001 -0.178200 0.525303
v 0.443500 -0.494100 0.639402
v 0.624801 -0.494100 0.639402
v 0.443500 -0.217000 0.639402
v 0.624801 -0.217000 0.639402
v 0.443500 -0.217000 0.459501
v 0.624801 -0.217000 0.459501
v 0.443500 -0.494100 0.459501
v 0.624801 -0.494100 0.459501
v 0.533000 -0.494100 0.459501
v 0.533000 -0.494100 0.639402
v 0.533000 -0.156200 0.639403
v 0.533000 -0.156200 0.459501
v 0.533000 -0.134901 0.639403
v 0.533000 -0.134900 0.459501
v 0.590901 -0.676201 8.652401
v 0.575501 -0.664201 8.679301
v 0.550700 -0.644701 8.669001
v 0.550700 -0.644701 8.635801
v 0.575501 -0.664201 8.625501
v 0.608300 -0.653901 8.652401
v 0.593001 -0.641901 8.679301
v 0.568101 -0.622401 8.669001
v 0.568101 -0.622401 8.635801
v 0.593001 -0.641901 8.625501
v 0.443500 -0.957801 8.739601
v 0.624801 -0.957801 8.739601
v 0.443500 -0.680701 8.739601
v 0.624801 -0.680701 8.739601
v 0.443500 -0.680701 8.559701
v 0.624801 -0.680701 8.559701
v 0.443500 -0.957801 8.559701
v 0.624801 -0.957801 8.559701
v 0.533000 -0.957801 8.559701
v 0.533000 -0.957801 8.739601
v 0.533000 -0.619901 8.739601
v 0.533000 -0.619901 8.559701
v 0.533000 -0.598601 8.739601
v 0.533000 -0.598601 8.559701
v 0.272500 -0.676201 8.652401
v 0.257101 -0.664201 8.679301
v 0.232300 -0.644701 8.669001
v 0.232300 -0.644701 8.635801
v 0.257101 -0.664201 8.625501
v 0.289900 -0.653901 8.652401
v 0.274601 -0.641901 8.679301
v 0.249701 -0.622401 8.669001
v 0.249701 -0.622401 8.635801
v 0.274601 -0.641901 8.625501
v 0.125101 -0.957801 8.739601
v 0.306401 -0.957801 8.739601
v 0.125101 -0.680701 8.739601
v 0.306401 -0.680701 8.739601
v 0.125101 -0.680701 8.559701
v 0.306401 -0.680701 8.559701
v 0.125101 -0.957801 8.559701
v 0.306401 -0.957801 8.559701
v 0.214600 -0.957801 8.559701
v 0.214600 -0.957801 8.739601
v 0.214600 -0.619901 8.739601
v 0.214600 -0.619901 8.559701
v 0.214600 -0.598601 8.739601
v 0.214600 -0.598601 8.559701
v 0.272500 -0.676201 8.110502
v 0.257101 -0.664201 8.137403
v 0.232300 -0.644701 8.127102
v 0.232300 -0.644701 8.093903
v 0.257101 -0.664201 8.083602
v 0.289900 -0.653901 8.110502
v 0.274601 -0.641901 8.137403
v 0.249701 -0.622401 8.127102
v 0.249701 -0.622401 8.093903
v 0.274601 -0.641901 8.083602
v 0.125101 -0.957801 8.197702
v 0.306401 -0.957801 8.197702
v 0.125101 -0.680701 8.197702
v 0.306401 -0.680701 8.197702
v 0.125101 -0.680701 8.017801
v 0.306401 -0.680701 8.017801
v 0.125101 -0.957801 8.017801
v 0.306401 -0.957801 8.017801
v 0.214600 -0.957801 8.017801
v 0.214600 -0.957801 8.197702
v 0.214600 -0.619901 8.197702
v 0.214600 -0.619901 8.017801
v 0.214600 -0.598601 8.197702
v 0.214600 -0.598601 8.017801
v 0.590901 -0.676201 8.110502
v 0.575501 -0.664201 8.137403
v 0.550700 -0.644701 8.127102
v 0.550700 -0.644701 8.093903
v 0.575501 -0.664201 8.083602
v 0.608300 -0.653901 8.110502
v 0.593001 -0.641901 8.137403
v 0.568101 -0.622401 8.127102
v 0.568101 -0.622401 8.093903
v 0.593001 -0.641901 8.083602
v 0.443500 -0.957801 8.197702
v 0.624801 -0.957801 8.197702
v 0.443500 -0.680701 8.197702
v 0.624801 -0.680701 8.197702
v 0.443500 -0.680701 8.017801
v 0.624801 -0.680701 8.017801
v 0.443500 -0.957801 8.017801
v 0.624801 -0.957801 8.017801
v 0.533000 -0.957801 8.017801
v 0.533000 -0.957801 8.197702
v 0.533000 -0.619901 8.197702
v 0.533000 -0.619901 8.017801
v 0.533000 -0.598601 8.197702
v 0.533000 -0.598601 8.017801
v 0.272500 -0.676201 7.570505
v 0.257101 -0.664201 7.597405
v 0.232300 -0.644701 7.587104
v 0.232300 -0.644701 7.553905
v 0.257101 -0.664201 7.543604
v 0.289900 -0.653901 7.570505
v 0.274601 -0.641901 7.597405
v 0.249701 -0.622401 7.587104
v 0.249701 -0.622401 7.553905
v 0.274601 -0.641901 7.543604
v 0.125101 -0.957801 7.657705
v 0.306401 -0.957801 7.657705
v 0.125101 -0.680701 7.657705
v 0.306401 -0.680701 7.657705
v 0.125101 -0.680700 7.477804
v 0.306401 -0.680700 7.477804
v 0.125101 -0.957801 7.477804
v 0.306401 -0.957801 7.477804
v 0.214600 -0.957801 7.477804
v 0.214600 -0.957801 7.657705
v 0.214600 -0.619901 7.657705
v 0.214600 -0.619901 7.477804
v 0.214600 -0.598601 7.657705
v 0.214600 -0.598601 7.477804
v 0.590901 -0.676201 7.570505
v 0.575501 -0.664201 7.597405
v 0.550700 -0.644701 7.587104
v 0.550700 -0.644701 7.553905
v 0.575501 -0.664201 7.543604
v 0.608300 -0.653901 7.570505
v 0.593001 -0.641901 7.597405
v 0.568101 -0.622401 7.587104
v 0.568101 -0.622401 7.553905
v 0.593001 -0.641901 7.543604
v 0.443500 -0.957801 7.657705
v 0.624801 -0.957801 7.657705
v 0.443500 -0.680701 7.657705
v 0.624801 -0.680701 7.657705
v 0.443500 -0.680700 7.477804
v 0.624801 -0.680700 7.477804
v 0.443500 -0.957801 7.477804
v 0.624801 -0.957801 7.477804
v 0.533000 -0.957801 7.477804
v 0.533000 -0.957801 7.657705
v 0.533000 -0.619901 7.657705
v 0.533000 -0.619901 7.477804
v 0.533000 -0.598601 7.657705
v 0.533000 -0.598601 7.477804
v 0.272500 -0.676200 7.029503
v 0.257101 -0.664201 7.056404
v 0.232300 -0.644701 7.046103
v 0.232300 -0.644701 7.012904
v 0.257101 -0.664201 7.002603
v 0.289900 -0.653901 7.029503
v 0.274601 -0.641901 7.056404
v 0.249701 -0.622401 7.046103
v 0.249701 -0.622401 7.012904
v 0.274601 -0.641901 7.002603
v 0.125101 -0.957800 7.116704
v 0.306401 -0.957800 7.116704
v 0.125101 -0.680700 7.116704
v 0.306401 -0.680700 7.116704
v 0.125101 -0.680700 6.936802
v 0.306401 -0.680700 6.936802
v 0.125101 -0.957800 6.936802
v 0.306401 -0.957800 6.936802
v 0.214600 -0.957800 6.936802
v 0.214600 -0.957800 7.116704
v 0.214600 -0.619901 7.116704
v 0.214600 -0.619901 6.936802
v 0.214600 -0.598601 7.116704
v 0.214600 -0.598601 6.936802
v 0.590901 -0.676200 7.029503
v 0.575501 -0.664201 7.056404
v 0.550700 -0.644701 7.046103
v 0.550700 -0.644701 7.012904
v 0.575501 -0.664201 7.002603
v 0.608300 -0.653901 7.029503
v 0.593001 -0.641901 7.056404
v 0.568101 -0.622401 7.046103
v 0.568101 -0.622401 7.012904
v 0.593001 -0.641901 7.002603
v 0.443500 -0.957800 7.116704
v 0.624801 -0.957800 7.116704
v 0.443500 -0.680700 7.116704
v 0.624801 -0.680700 7.116704
v 0.443500 -0.680700 6.936802
v 0.624801 -0.680700 6.936802
v 0.443500 -0.957800 6.936802
v 0.624801 -0.957800 6.936802
v 0.533000 -0.957800 6.936802
v 0.533000 -0.957800 7.116704
v 0.533000 -0.619901 7.116704
v 0.533000 -0.619901 6.936802
v 0.533000 -0.598601 7.116704
v 0.533000 -0.598601 6.936802
v 0.272500 -0.676200 6.490103
v 0.257101 -0.664201 6.517004
v 0.232300 -0.644701 6.506703
v 0.232300 -0.644701 6.473504
v 0.257101 -0.664201 6.463203
v 0.289900 -0.653901 6.490103
v 0.274601 -0.641901 6.517004
v 0.249701 -0.622401 6.506703
v 0.249701 -0.622401 6.473504
v 0.274601 -0.641901 6.463203
v 0.125101 -0.957800 6.577303
v 0.306401 -0.957800 6.577303
v 0.125101 -0.680700 6.577303
v 0.306401 -0.680700 6.577303
v 0.125101 -0.680700 6.397402
v 0.306401 -0.680700 6.397402
v 0.125101 -0.957800 6.397402
v 0.306401 -0.957800 6.397402
v 0.214600 -0.957800 6.397402
v 0.214600 -0.957800 6.577303
v 0.214600 -0.619901 6.577303
v 0.214600 -0.619901 6.397402
v 0.214600 -0.598601 6.577303
v 0.214600 -0.598601 6.397402
v 0.590901 -0.676200 6.490103
v 0.575501 -0.664201 6.517004
v 0.550700 -0.644701 6.506703
v 0.550700 -0.644701 6.473504
v 0.575501 -0.664201 6.463203
v 0.608300 -0.653901 6.490103
v 0.593001 -0.641901 6.517004
v 0.568101 -0.622401 6.506703
v 0.568101 -0.622401 6.473504
v 0.593001 -0.641901 6.463203
v 0.443500 -0.957800 6.577303
v 0.624801 -0.957800 6.577303
v 0.443500 -0.680700 6.577303
v 0.624801 -0.680700 6.577303
v 0.443500 -0.680700 6.397402
v 0.624801 -0.680700 6.397402
v 0.443500 -0.957800 6.397402
v 0.624801 -0.957800 6.397402
v 0.533000 -0.957800 6.397402
v 0.533000 -0.957800 6.577303
v 0.533000 -0.619901 6.577303
v 0.533000 -0.619901 6.397402
v 0.533000 -0.598601 6.577303
v 0.533000 -0.598601 6.397402
v 0.272500 -0.676200 5.952503
v 0.257101 -0.664200 5.979403
v 0.232300 -0.644701 5.969102
v 0.232300 -0.644701 5.935903
v 0.257101 -0.664200 5.925602
v 0.289900 -0.653901 5.952503
v 0.274601 -0.641901 5.979403
v 0.249701 -0.622401 5.969102
v 0.249701 -0.622401 5.935903
v 0.274601 -0.641901 5.925602
v 0.125101 -0.957800 6.039703
v 0.306401 -0.957800 6.039703
v 0.125101 -0.680700 6.039703
v 0.306401 -0.680700 6.039703
v 0.125101 -0.680700 5.859802
v 0.306401 -0.680700 5.859802
v 0.125101 -0.957800 5.859802
v 0.306401 -0.957800 5.859802
v 0.214600 -0.957800 5.859802
v 0.214600 -0.957800 6.039703
v 0.214600 -0.619901 6.039703
v 0.214600 -0.619901 5.859802
v 0.214600 -0.598601 6.039703
v 0.214600 -0.598601 5.859802
v 0.590901 -0.676200 5.952503
v 0.575501 -0.664200 5.979403
v 0.550700 -0.644701 5.969102
v 0.550700 -0.644701 5.935903
v 0.575501 -0.664200 5.925602
v 0.608300 -0.653901 5.952503
v 0.593001 -0.641901 5.979403
v 0.568101 -0.622401 5.969102
v 0.568101 -0.622401 5.935903
v 0.593001 -0.641901 5.925602
v 0.443500 -0.957800 6.039703
v 0.624801 -0.957800 6.039703
v 0.443500 -0.680700 6.039703
v 0.624801 -0.680700 6.039703
v 0.443500 -0.680700 5.859802
v 0.624801 -0.680700 5.859802
v 0.443500 -0.957800 5.859802
v 0.624801 -0.957800 5.859802
v 0.533000 -0.957800 5.859802
v 0.533000 -0.957800 6.039703
v 0.533000 -0.619901 6.039703
v 0.533000 -0.619901 5.859802
v 0.533000 -0.598601 6.039703
v 0.533000 -0.598601 5.859802
v 0.272500 -0.676200 5.411203
v 0.257101 -0.664200 5.438103
v 0.232300 -0.644700 5.427803
v 0.232300 -0.644700 5.394603
v 0.257101 -0.664200 5.384303
v 0.289900 -0.653901 5.411203
v 0.274601 -0.641900 5.438103
v 0.249701 -0.622401 5.427803
v 0.249701 -0.622401 5.394603
v 0.274601 -0.641900 5.384303
v 0.125101 -0.957800 5.498403
v 0.306401 -0.957800 5.498403
v 0.125101 -0.680700 5.498403
v 0.306401 -0.680700 5.498403
v 0.125101 -0.680700 5.318502
v 0.306401 -0.680700 5.318502
v 0.125101 -0.957800 5.318502
v 0.306401 -0.957800 5.318502
v 0.214600 -0.957800 5.318502
v 0.214600 -0.957800 5.498403
v 0.214600 -0.619900 5.498403
v 0.214600 -0.619900 5.318502
v 0.214600 -0.598601 5.498403
v 0.214600 -0.598601 5.318502
v 0.590901 -0.676200 5.411203
v 0.575501 -0.664200 5.438103
v 0.550700 -0.644700 5.427803
v 0.550700 -0.644700 5.394603
v 0.575501 -0.664200 5.384303
v 0.608300 -0.653901 5.411203
v 0.593001 -0.641900 5.438103
v 0.568101 -0.622401 5.427803
v 0.568101 -0.622401 5.394603
v 0.593001 -0.641900 5.384303
v 0.443500 -0.957800 5.498403
v 0.624801 -0.957800 5.498403
v 0.443500 -0.680700 5.498403
v 0.624801 -0.680700 5.498403
v 0.443500 -0.680700 5.318502
v 0.624801 -0.680700 5.318502
v 0.443500 -0.957800 5.318502
v 0.624801 -0.957800 5.318502
v 0.533000 -0.957800 5.318502
v 0.533000 -0.957800 5.498403
v 0.533000 -0.619900 5.498403
v 0.533000 -0.619900 5.318502
v 0.533000 -0.598601 5.498403
v 0.533000 -0.598601 5.318502
v 0.272500 -0.676200 4.872602
v 0.257101 -0.664200 4.899502
v 0.232300 -0.644700 4.889202
v 0.232300 -0.644700 4.856002
v 0.257101 -0.664200 4.845702
v 0.289900 -0.653900 4.872602
v 0.274601 -0.641900 4.899502
v 0.249701 -0.622400 4.889202
v 0.249701 -0.622400 4.856002
v 0.274601 -0.641900 4.845702
v 0.125101 -0.957800 4.959802
v 0.306401 -0.957800 4.959802
v 0.125101 -0.680700 4.959802
v 0.306401 -0.680700 4.959802
v 0.125101 -0.680700 4.779901
v 0.306401 -0.680700 4.779901
v 0.125101 -0.957800 4.779901
v 0.306401 -0.957800 4.779901
v 0.214600 -0.957800 4.779901
v 0.214600 -0.957800 4.959802
v 0.214600 -0.619900 4.959802
v 0.214600 -0.619900 4.779901
v 0.214600 -0.598601 4.959802
v 0.214600 -0.598601 4.779901
v 0.590901 -0.676200 4.872602
v 0.575501 -0.664200 4.899502
v 0.550700 -0.644700 4.889202
v 0.550700 -0.644700 4.856002
v 0.575501 -0.664200 4.845702
v 0.608300 -0.653900 4.872602
v 0.593001 -0.641900 4.899502
v 0.568101 -0.622400 4.889202
v 0.568101 -0.622400 4.856002
v 0.593001 -0.641900 4.845702
v 0.443500 -0.957800 4.959802
v 0.624801 -0.957800 4.959802
v 0.443500 -0.680700 4.959802
v 0.624801 -0.680700 4.959802
v 0.443500 -0.680700 4.779901
v 0.624801 -0.680700 4.779901
v 0.443500 -0.957800 4.779901
v 0.624801 -0.957800 4.779901
v 0.533000 -0.957800 4.779901
v 0.533000 -0.957800 4.959802
v 0.533000 -0.619900 4.959802
v 0.533000 -0.619900 4.779901
v 0.533000 -0.598601 4.959802
v 0.533000 -0.598601 4.779901
v 0.272500 -0.676200 4.330804
v 0.257101 -0.664200 4.357705
v 0.232300 -0.644700 4.347404
v 0.232300 -0.644700 4.314205
v 0.257101 -0.664200 4.303904
v 0.289900 -0.653900 4.330804
v 0.274601 -0.641900 4.357705
v 0.249701 -0.622400 4.347404
v 0.249701 -0.622400 4.314205
v 0.274601 -0.641900 4.303904
v 0.125101 -0.957800 4.418005
v 0.306401 -0.957800 4.418005
v 0.125101 -0.680700 4.418005
v 0.306401 -0.680700 4.418005
v 0.125101 -0.680700 4.238103
v 0.306401 -0.680700 4.238103
v 0.125101 -0.957800 4.238103
v 0.306401 -0.957800 4.238103
v 0.214600 -0.957800 4.238103
v 0.214600 -0.957800 4.418005
v 0.214600 -0.619900 4.418005
v 0.214600 -0.619900 4.238103
v 0.214600 -0.598601 4.418005
v 0.214600 -0.598601 4.238103
v 0.590901 -0.676200 4.330804
v 0.575501 -0.664200 4.357705
v 0.550700 -0.644700 4.347404
v 0.550700 -0.644700 4.314205
v 0.575501 -0.664200 4.303904
v 0.608300 -0.653900 4.330804
v 0.593001 -0.641900 4.357705
v 0.568101 -0.622400 4.347404
v 0.568101 -0.622400 4.314205
v 0.593001 -0.641900 4.303904
v 0.443500 -0.957800 4.418005
v 0.624801 -0.957800 4.418005
v 0.443500 -0.680700 4.418005
v 0.624801 -0.680700 4.418005
v 0.443500 -0.680700 4.238103
v 0.624801 -0.680700 4.238103
v 0.443500 -0.957800 4.238103
v 0.624801 -0.957800 4.238103
v 0.533000 -0.957800 4.238103
v 0.533000 -0.957800 4.418005
v 0.533000 -0.619900 4.418005
v 0.533000 -0.619900 4.238103
v 0.533000 -0.598601 4.418005
v 0.533000 -0.598601 4.238103
v 0.272500 -0.676200 3.792004
v 0.257101 -0.664200 3.818905
v 0.232300 -0.644700 3.808604
v 0.232300 -0.644700 3.775405
v 0.257101 -0.664200 3.765104
v 0.289900 -0.653900 3.792004
v 0.274601 -0.641900 3.818905
v 0.249701 -0.622400 3.808604
v 0.249701 -0.622400 3.775405
v 0.274601 -0.641900 3.765104
v 0.125101 -0.957800 3.879204
v 0.306401 -0.957800 3.879204
v 0.125101 -0.680700 3.879204
v 0.306401 -0.680700 3.879204
v 0.125101 -0.680700 3.699303
v 0.306401 -0.680700 3.699303
v 0.125101 -0.957800 3.699303
v 0.306401 -0.957800 3.699303
v 0.214600 -0.957800 3.699303
v 0.214600 -0.957800 3.879204
v 0.214600 -0.619900 3.879204
v 0.214600 -0.619900 3.699303
v 0.214600 -0.598601 3.879204
v 0.214600 -0.598601 3.699303
v 0.590901 -0.676200 3.792004
v 0.575501 -0.664200 3.818905
v 0.550700 -0.644700 3.808604
v 0.550700 -0.644700 3.775405
v 0.575501 -0.664200 3.765104
v 0.608300 -0.653900 3.792004
v 0.593001 -0.641900 3.818905
v 0.568101 -0.622400 3.808604
v 0.568101 -0.622400 3.775405
v 0.593001 -0.641900 3.765104
v 0.443500 -0.957800 3.879204
v 0.624801 -0.957800 3.879204
v 0.443500 -0.680700 3.879204
v 0.624801 -0.680700 3.879204
v 0.443500 -0.680700 3.699303
v 0.624801 -0.680700 3.699303
v 0.443500 -0.957800 3.699303
v 0.624801 -0.957800 3.699303
v 0.533000 -0.957800 3.699303
v 0.533000 -0.957800 3.879204
v 0.533000 -0.619900 3.879204
v 0.533000 -0.619900 3.699303
v 0.533000 -0.598601 3.879204
v 0.533000 -0.598601 3.699303
v 0.272500 -0.676200 3.252903
v 0.257101 -0.664200 3.279803
v 0.232300 -0.644700 3.269503
v 0.232300 -0.644700 3.236304
v 0.257101 -0.664200 3.226003
v 0.289900 -0.653900 3.252903
v 0.274601 -0.641900 3.279803
v 0.249701 -0.622400 3.269503
v 0.249701 -0.622400 3.236304
v 0.274601 -0.641900 3.226003
v 0.125101 -0.957800 3.340103
v 0.306401 -0.957800 3.340103
v 0.125101 -0.680700 3.340103
v 0.306401 -0.680700 3.340103
v 0.125101 -0.680700 3.160202
v 0.306401 -0.680700 3.160202
v 0.125101 -0.957800 3.160202
v 0.306401 -0.957800 3.160202
v 0.214600 -0.957800 3.160202
v 0.214600 -0.957800 3.340103
v 0.214600 -0.619900 3.340103
v 0.214600 -0.619900 3.160202
v 0.214600 -0.598601 3.340103
v 0.214600 -0.598601 3.160202
v 0.590901 -0.676200 3.252903
v 0.575501 -0.664200 3.279803
v 0.550700 -0.644700 3.269503
v 0.550700 -0.644700 3.236304
v 0.575501 -0.664200 3.226003
v 0.608300 -0.653900 3.252903
v 0.593001 -0.641900 3.279803
v 0.568101 -0.622400 3.269503
v 0.568101 -0.622400 3.236304
v 0.593001 -0.641900 3.226003
v 0.443500 -0.957800 3.340103
v 0.624801 -0.957800 3.340103
v 0.443500 -0.680700 3.340103
v 0.624801 -0.680700 3.340103
v 0.443500 -0.680700 3.160202
v 0.624801 -0.680700 3.160202
v 0.443500 -0.957800 3.160202
v 0.624801 -0.957800 3.160202
v 0.533000 -0.957800 3.160202
v 0.533000 -0.957800 3.340103
v 0.533000 -0.619900 3.340103
v 0.533000 -0.619900 3.160202
v 0.533000 -0.598601 3.340103
v 0.533000 -0.598601 3.160202
v 0.272500 -0.676200 2.712203
v 0.257101 -0.664200 2.739103
v 0.232300 -0.644700 2.728802
v 0.232300 -0.644700 2.695603
v 0.257101 -0.664200 2.685303
v 0.289900 -0.653900 2.712203
v 0.274601 -0.641900 2.739103
v 0.249701 -0.622400 2.728802
v 0.249701 -0.622400 2.695603
v 0.274601 -0.641900 2.685303
v 0.125101 -0.957800 2.799402
v 0.306401 -0.957800 2.799402
v 0.125101 -0.680700 2.799402
v 0.306401 -0.680700 2.799402
v 0.125101 -0.680700 2.619501
v 0.306401 -0.680700 2.619501
v 0.125101 -0.957800 2.619501
v 0.306401 -0.957800 2.619501
v 0.214600 -0.957800 2.619501
v 0.214600 -0.957800 2.799402
v 0.214600 -0.619900 2.799402
v 0.214600 -0.619900 2.619501
v 0.214600 -0.598600 2.799402
v 0.214600 -0.598600 2.619501
v 0.590901 -0.676200 2.712203
v 0.575501 -0.664200 2.739103
v 0.550700 -0.644700 2.728802
v 0.550700 -0.644700 2.695603
v 0.575501 -0.664200 2.685303
v 0.608300 -0.653900 2.712203
v 0.593001 -0.641900 2.739103
v 0.568101 -0.622400 2.728802
v 0.568101 -0.622400 2.695603
v 0.593001 -0.641900 2.685303
v 0.443500 -0.957800 2.799402
v 0.624801 -0.957800 2.799402
v 0.443500 -0.680700 2.799402
v 0.624801 -0.680700 2.799402
v 0.443500 -0.680700 2.619501
v 0.624801 -0.680700 2.619501
v 0.443500 -0.957800 2.619501
v 0.624801 -0.957800 2.619501
v 0.533000 -0.957800 2.619501
v 0.533000 -0.957800 2.799402
v 0.533000 -0.619900 2.799402
v 0.533000 -0.619900 2.619501
v 0.533000 -0.598600 2.799402
v 0.533000 -0.598600 2.619501
v 0.272500 -0.676200 2.172603
v 0.257101 -0.664200 2.199503
v 0.232300 -0.644700 2.189202
v 0.232300 -0.644700 2.156003
v 0.257101 -0.664200 2.145703
v 0.289900 -0.653900 2.172603
v 0.274601 -0.641900 2.199503
v 0.249701 -0.622400 2.189202
v 0.249701 -0.622400 2.156003
v 0.274601 -0.641900 2.145703
v 0.125101 -0.957800 2.259803
v 0.306401 -0.957800 2.259803
v 0.125101 -0.680700 2.259803
v 0.306401 -0.680700 2.259803
v 0.125101 -0.680700 2.079901
v 0.306401 -0.680700 2.079901
v 0.125101 -0.957800 2.079901
v 0.306401 -0.957800 2.079901
v 0.214600 -0.957800 2.079901
v 0.214600 -0.957800 2.259803
v 0.214600 -0.619900 2.259803
v 0.214600 -0.619900 2.079901
v 0.214600 -0.598600 2.259803
v 0.214600 -0.598600 2.079901
v 0.590901 -0.676200 2.172603
v 0.575501 -0.664200 2.199503
v 0.550700 -0.644700 2.189202
v 0.550700 -0.644700 2.156003
v 0.575501 -0.664200 2.145703
v 0.608300 -0.653900 2.172603
v 0.593001 -0.641900 2.199503
v 0.568101 -0.622400 2.189202
v 0.568101 -0.622400 2.156003
v 0.593001 -0.641900 2.145703
v 0.443500 -0.957800 2.259803
v 0.624801 -0.957800 2.259803
v 0.443500 -0.680700 2.259803
v 0.624801 -0.680700 2.259803
v 0.443500 -0.680700 2.079901
v 0.624801 -0.680700 2.079901
v 0.443500 -0.957800 2.079901
v 0.624801 -0.957800 2.079901
v 0.533000 -0.957800 2.079901
v 0.533000 -0.957800 2.259803
v 0.533000 -0.619900 2.259803
v 0.533000 -0.619900 2.079901
v 0.533000 -0.598600 2.259803
v 0.533000 -0.598600 2.079901
v 0.272500 -0.676200 1.633802
v 0.257101 -0.664200 1.660702
v 0.232300 -0.644700 1.650402
v 0.232300 -0.644700 1.617203
v 0.257101 -0.664200 1.606902
v 0.289900 -0.653900 1.633802
v 0.274601 -0.641900 1.660702
v 0.249701 -0.622400 1.650402
v 0.249701 -0.622400 1.617203
v 0.274601 -0.641900 1.606902
v 0.125101 -0.957800 1.721002
v 0.306401 -0.957800 1.721002
v 0.125101 -0.680700 1.721002
v 0.306401 -0.680700 1.721002
v 0.125101 -0.680700 1.541101
v 0.306401 -0.680700 1.541101
v 0.125101 -0.957800 1.541101
v 0.306401 -0.957800 1.541101
v 0.214600 -0.957800 1.541101
v 0.214600 -0.957800 1.721002
v 0.214600 -0.619900 1.721002
v 0.214600 -0.619900 1.541101
v 0.214600 -0.598600 1.721002
v 0.214600 -0.598600 1.541101
v 0.590901 -0.676200 1.633802
v 0.575501 -0.664200 1.660702
v 0.550700 -0.644700 1.650402
v 0.550700 -0.644700 1.617203
v 0.575501 -0.664200 1.606902
v 0.608300 -0.653900 1.633802
v 0.593001 -0.641900 1.660702
v 0.568101 -0.622400 1.650402
v 0.568101 -0.622400 1.617203
v 0.593001 -0.641900 1.606902
v 0.443500 -0.957800 1.721002
v 0.624801 -0.957800 1.721002
v 0.443500 -0.680700 1.721002
v 0.624801 -0.680700 1.721002
v 0.443500 -0.680700 1.541101
v 0.624801 -0.680700 1.541101
v 0.443500 -0.957800 1.541101
v 0.624801 -0.957800 1.541101
v 0.533000 -0.957800 1.541101
v 0.533000 -0.957800 1.721002
v 0.533000 -0.619900 1.721002
v 0.533000 -0.619900 1.541101
v 0.533000 -0.598600 1.721002
v 0.533000 -0.598600 1.541101
v 0.272500 -0.676199 1.092002
v 0.257101 -0.664200 1.118902
v 0.232300 -0.644700 1.108601
v 0.232300 -0.644700 1.075402
v 0.257101 -0.664200 1.065102
v 0.289900 -0.653900 1.092002
v 0.274601 -0.641900 1.118902
v 0.249701 -0.622400 1.108601
v 0.249701 -0.622400 1.075402
v 0.274601 -0.641900 1.065102
v 0.125101 -0.957799 1.179202
v 0.306401 -0.957799 1.179202
v 0.125101 -0.680699 1.179202
v 0.306401 -0.680699 1.179202
v 0.125101 -0.680699 0.999300
v 0.306401 -0.680699 0.999300
v 0.125101 -0.957799 0.999300
v 0.306401 -0.957799 0.999300
v 0.214600 -0.957799 0.999300
v 0.214600 -0.957799 1.179202
v 0.214600 -0.619900 1.179202
v 0.214600 -0.619900 0.999300
v 0.214600 -0.598600 1.179202
v 0.214600 -0.598600 0.999300
v 0.590901 -0.676199 1.092002
v 0.575501 -0.664200 1.118902
v 0.550700 -0.644700 1.108601
v 0.550700 -0.644700 1.075402
v 0.575501 -0.664200 1.065102
v 0.608300 -0.653900 1.092002
v 0.593001 -0.641900 1.118902
v 0.568101 -0.622400 1.108601
v 0.568101 -0.622400 1.075402
v 0.593001 -0.641900 1.065102
v 0.443500 -0.957799 1.179202
v 0.624801 -0.957799 1.179202
v 0.443500 -0.680699 1.179202
v 0.624801 -0.680699 1.179202
v 0.443500 -0.680699 0.999300
v 0.624801 -0.680699 0.999300
v 0.443500 -0.957799 0.999300
v 0.624801 -0.957799 0.999300
v 0.533000 -0.957799 0.999300
v 0.533000 -0.957799 1.179202
v 0.533000 -0.619900 1.179202
v 0.533000 -0.619900 0.999300
v 0.533000 -0.598600 1.179202
v 0.533000 -0.598600 0.999300
v 0.272500 -0.676199 0.552202
v 0.257101 -0.664200 0.579102
v 0.232300 -0.644700 0.568802
v 0.232300 -0.644700 0.535603
v 0.257101 -0.664200 0.525302
v 0.289900 -0.653900 0.552202
v 0.274601 -0.641900 0.579102
v 0.249701 -0.622400 0.568802
v 0.249701 -0.622400 0.535603
v 0.274601 -0.641900 0.525302
v 0.125101 -0.957799 0.639402
v 0.306401 -0.957799 0.639402
v 0.125101 -0.680699 0.639402
v 0.306401 -0.680699 0.639402
v 0.125101 -0.680699 0.459501
v 0.306401 -0.680699 0.459501
v 0.125101 -0.957799 0.459501
v 0.306401 -0.957799 0.459501
v 0.214600 -0.957799 0.459501
v 0.214600 -0.957799 0.639402
v 0.214600 -0.619900 0.639402
v 0.214600 -0.619900 0.459501
v 0.214600 -0.598600 0.639402
v 0.214600 -0.598600 0.459501
v 0.590901 -0.676199 0.552202
v 0.575501 -0.664200 0.579102
v 0.550700 -0.644700 0.568802
v 0.550700 -0.644700 0.535603
v 0.575501 -0.664200 0.525302
v 0.608300 -0.653900 0.552202
v 0.593001 -0.641900 0.579102
v 0.568101 -0.622400 0.568802
v 0.568101 -0.622400 0.535603
v 0.593001 -0.641900 0.525302
v 0.443500 -0.957799 0.639402
v 0.624801 -0.957799 0.639402
v 0.443500 -0.680699 0.639402
v 0.624801 -0.680699 0.639402
v 0.443500 -0.680699 0.459501
v 0.624801 -0.680699 0.459501
v 0.443500 -0.957799 0.459501
v 0.624801 -0.957799 0.459501
v 0.533000 -0.957799 0.459501
v 0.533000 -0.957799 0.639402
v 0.533000 -0.619900 0.639402
v 0.533000 -0.619900 0.459501
v 0.533000 -0.598600 0.639402
v 0.533000 -0.598600 0.459501
v 0.590901 0.895600 -0.541299
v 0.575501 0.907600 -0.514399
v 0.550700 0.927100 -0.524700
v 0.550700 0.927100 -0.557899
v 0.575501 0.907600 -0.568200
v 0.608300 0.917900 -0.541299
v 0.593001 0.929900 -0.514399
v 0.568101 0.949400 -0.524700
v 0.568101 0.949400 -0.557899
v 0.593001 0.929900 -0.568200
v 0.443500 0.614000 -0.454099
v 0.624801 0.614000 -0.454099
v 0.443500 0.891100 -0.454099
v 0.624801 0.891100 -0.454099
v 0.443500 0.891100 -0.633999
v 0.624801 0.891100 -0.633999
v 0.443500 0.614000 -0.633999
v 0.624801 0.614000 -0.633999
v 0.533000 0.614000 -0.633999
v 0.533000 0.614000 -0.454099
v 0.533000 0.951900 -0.454099
v 0.533000 0.951900 -0.633999
v 0.533000 0.973200 -0.454099
v 0.533000 0.973200 -0.633999
v 0.272500 0.895600 -0.541299
v 0.257101 0.907600 -0.514399
v 0.232300 0.927100 -0.524700
v 0.232300 0.927100 -0.557899
v 0.257101 0.907600 -0.568200
v 0.289900 0.917900 -0.541299
v 0.274601 0.929900 -0.514399
v 0.249701 0.949400 -0.524700
v 0.249701 0.949400 -0.557899
v 0.274601 0.929900 -0.568200
v 0.125101 0.614000 -0.454099
v 0.306401 0.614000 -0.454099
v 0.125101 0.891100 -0.454099
v 0.306401 0.891100 -0.454099
v 0.125101 0.891100 -0.633999
v 0.306401 0.891100 -0.633999
v 0.125101 0.614000 -0.633999
v 0.306401 0.614000 -0.633999
v 0.214600 0.614000 -0.633999
v 0.214600 0.614000 -0.454099
v 0.214600 0.951900 -0.454099
v 0.214600 0.951900 -0.633999
v 0.214600 0.973200 -0.454099
v 0.214600 0.973200 -0.633999
v 0.272500 0.895600 -1.083198
v 0.257101 0.907600 -1.056298
v 0.232300 0.927100 -1.066599
v 0.232300 0.927100 -1.099798
v 0.257101 0.907600 -1.110099
v 0.289900 0.917900 -1.083198
v 0.274601 0.929900 -1.056298
v 0.249701 0.949400 -1.066599
v 0.249701 0.949400 -1.099798
v 0.274601 0.929900 -1.110099
v 0.125101 0.614000 -0.995998
v 0.306401 0.614000 -0.995998
v 0.125101 0.891100 -0.995998
v 0.306401 0.891100 -0.995998
v 0.125101 0.891100 -1.175899
v 0.306401 0.891100 -1.175899
v 0.125101 0.614000 -1.175899
v 0.306401 0.614000 -1.175899
v 0.214600 0.614000 -1.175899
v 0.214600 0.614000 -0.995998
v 0.214600 0.951900 -0.995998
v 0.214600 0.951900 -1.175899
v 0.214600 0.973200 -0.995998
v 0.214600 0.973200 -1.175899
v 0.590901 0.895600 -1.083198
v 0.575501 0.907600 -1.056298
v 0.550700 0.927100 -1.066599
v 0.550700 0.927100 -1.099798
v 0.575501 0.907600 -1.110099
v 0.608300 0.917900 -1.083198
v 0.593001 0.929900 -1.056298
v 0.568101 0.949400 -1.066599
v 0.568101 0.949400 -1.099798
v 0.593001 0.929900 -1.110099
v 0.443500 0.614000 -0.995998
v 0.624801 0.614000 -0.995998
v 0.443500 0.891100 -0.995998
v 0.624801 0.891100 -0.995998
v 0.443500 0.891100 -1.175899
v 0.624801 0.891100 -1.175899
v 0.443500 0.614000 -1.175899
v 0.624801 0.614000 -1.175899
v 0.533000 0.614000 -1.175899
v 0.533000 0.614000 -0.995998
v 0.533000 0.951900 -0.995998
v 0.533000 0.951900 -1.175899
v 0.533000 0.973200 -0.995998
v 0.533000 0.973200 -1.175899
v 0.272500 0.895601 -1.623196
v 0.257101 0.907600 -1.596296
v 0.232300 0.927100 -1.606596
v 0.232300 0.927100 -1.639796
v 0.257101 0.907600 -1.650096
v 0.289900 0.917900 -1.623196
v 0.274601 0.929900 -1.596296
v 0.249701 0.949400 -1.606596
v 0.249701 0.949400 -1.639796
v 0.274601 0.929900 -1.650096
v 0.125101 0.614001 -1.535996
v 0.306401 0.614001 -1.535996
v 0.125101 0.891101 -1.535996
v 0.306401 0.891101 -1.535996
v 0.125101 0.891101 -1.715897
v 0.306401 0.891101 -1.715897
v 0.125101 0.614001 -1.715897
v 0.306401 0.614001 -1.715897
v 0.214600 0.614001 -1.715897
v 0.214600 0.614001 -1.535996
v 0.214600 0.951900 -1.535996
v 0.214600 0.951900 -1.715897
v 0.214600 0.973200 -1.535996
v 0.214600 0.973200 -1.715897
v 0.590901 0.895601 -1.623196
v 0.575501 0.907600 -1.596296
v 0.550700 0.927100 -1.606596
v 0.550700 0.927100 -1.639796
v 0.575501 0.907600 -1.650096
v 0.608300 0.917900 -1.623196
v 0.593001 0.929900 -1.596296
v 0.568101 0.949400 -1.606596
v 0.568101 0.949400 -1.639796
v 0.593001 0.929900 -1.650096
v 0.443500 0.614001 -1.535996
v 0.624801 0.614001 -1.535996
v 0.443500 0.891101 -1.535996
v 0.624801 0.891101 -1.535996
v 0.443500 0.891101 -1.715897
v 0.624801 0.891101 -1.715897
v 0.443500 0.614001 -1.715897
v 0.624801 0.614001 -1.715897
v 0.533000 0.614001 -1.715897
v 0.533000 0.614001 -1.535996
v 0.533000 0.951900 -1.535996
v 0.533000 0.951900 -1.715897
v 0.533000 0.973200 -1.535996
v 0.533000 0.973200 -1.715897
v 0.272500 0.895601 -2.164197
v 0.257101 0.907600 -2.137296
v 0.232300 0.927100 -2.147597
v 0.232300 0.927100 -2.180796
v 0.257101 0.907600 -2.191097
v 0.289900 0.917900 -2.164197
v 0.274601 0.929900 -2.137296
v 0.249701 0.949400 -2.147597
v 0.249701 0.949400 -2.180796
v 0.274601 0.929900 -2.191097
v 0.125101 0.614001 -2.076997
v 0.306401 0.614001 -2.076997
v 0.125101 0.891101 -2.076997
v 0.306401 0.891101 -2.076997
v 0.125101 0.891101 -2.256898
v 0.306401 0.891101 -2.256898
v 0.125101 0.614001 -2.256898
v 0.306401 0.614001 -2.256898
v 0.214600 0.614001 -2.256898
v 0.214600 0.614001 -2.076997
v 0.214600 0.951900 -2.076997
v 0.214600 0.951900 -2.256898
v 0.214600 0.973200 -2.076997
v 0.214600 0.973200 -2.256898
v 0.590901 0.895601 -2.164197
v 0.575501 0.907600 -2.137296
v 0.550700 0.927100 -2.147597
v 0.550700 0.927100 -2.180796
v 0.575501 0.907600 -2.191097
v 0.608300 0.917900 -2.164197
v 0.593001 0.929900 -2.137296
v 0.568101 0.949400 -2.147597
v 0.568101 0.949400 -2.180796
v 0.593001 0.929900 -2.191097
v 0.443500 0.614001 -2.076997
v 0.624801 0.614001 -2.076997
v 0.443500 0.891101 -2.076997
v 0.624801 0.891101 -2.076997
v 0.443500 0.891101 -2.256898
v 0.624801 0.891101 -2.256898
v 0.443500 0.614001 -2.256898
v 0.624801 0.614001 -2.256898
v 0.533000 0.614001 -2.256898
v 0.533000 0.614001 -2.076997
v 0.533000 0.951900 -2.076997
v 0.533000 0.951900 -2.256898
v 0.533000 0.973200 -2.076997
v 0.533000 0.973200 -2.256898
v 0.272500 0.895601 -2.703597
v 0.257101 0.907601 -2.676697
v 0.232300 0.927100 -2.686997
v 0.232300 0.927100 -2.720196
v 0.257101 0.907601 -2.730497
v 0.289900 0.917901 -2.703597
v 0.274601 0.929900 -2.676697
v 0.249701 0.949400 -2.686997
v 0.249701 0.949400 -2.720196
v 0.274601 0.929900 -2.730497
v 0.125101 0.614001 -2.616397
v 0.306401 0.614001 -2.616397
v 0.125101 0.891101 -2.616397
v 0.306401 0.891101 -2.616397
v 0.125101 0.891101 -2.796298
v 0.306401 0.891101 -2.796298
v 0.125101 0.614001 -2.796298
v 0.306401 0.614001 -2.796298
v 0.214600 0.614001 -2.796298
v 0.214600 0.614001 -2.616397
v 0.214600 0.951901 -2.616397
v 0.214600 0.951901 -2.796298
v 0.214600 0.973200 -2.616397
v 0.214600 0.973200 -2.796298
v 0.590901 0.895601 -2.703597
v 0.575501 0.907601 -2.676697
v 0.550700 0.927100 -2.686997
v 0.550700 0.927100 -2.720196
v 0.575501 0.907601 -2.730497
v 0.608300 0.917901 -2.703597
v 0.593001 0.929900 -2.676697
v 0.568101 0.949400 -2.686997
v 0.568101 0.949400 -2.720196
v 0.593001 0.929900 -2.730497
v 0.443500 0.614001 -2.616397
v 0.624801 0.614001 -2.616397
v 0.443500 0.891101 -2.616397
v 0.624801 0.891101 -2.616397
v 0.443500 0.891101 -2.796298
v 0.624801 0.891101 -2.796298
v 0.443500 0.614001 -2.796298
v 0.624801 0.614001 -2.796298
v 0.533000 0.614001 -2.796298
v 0.533000 0.614001 -2.616397
v 0.533000 0.951901 -2.616397
v 0.533000 0.951901 -2.796298
v 0.533000 0.973200 -2.616397
v 0.533000 0.973200 -2.796298
v 0.272500 0.895601 -3.241197
v 0.257101 0.907601 -3.214297
v 0.232300 0.927101 -3.224597
v 0.232300 0.927101 -3.257797
v 0.257101 0.907601 -3.268097
v 0.289900 0.917901 -3.241197
v 0.274601 0.929901 -3.214297
v 0.249701 0.949401 -3.224597
v 0.249701 0.949401 -3.257797
v 0.274601 0.929901 -3.268097
v 0.125101 0.614001 -3.153997
v 0.306401 0.614001 -3.153997
v 0.125101 0.891101 -3.153997
v 0.306401 0.891101 -3.153997
v 0.125101 0.891101 -3.333898
v 0.306401 0.891101 -3.333898
v 0.125101 0.614001 -3.333898
v 0.306401 0.614001 -3.333898
v 0.214600 0.614001 -3.333898
v 0.214600 0.614001 -3.153997
v 0.214600 0.951901 -3.153997
v 0.214600 0.951901 -3.333898
v 0.214600 0.973200 -3.153997
v 0.214600 0.973200 -3.333898
v 0.590901 0.895601 -3.241197
v 0.575501 0.907601 -3.214297
v 0.550700 0.927101 -3.224597
v 0.550700 0.927101 -3.257797
v 0.575501 0.907601 -3.268097
v 0.608300 0.917901 -3.241197
v 0.593001 0.929901 -3.214297
v 0.568101 0.949401 -3.224597
v 0.568101 0.949401 -3.257797
v 0.593001 0.929901 -3.268097
v 0.443500 0.614001 -3.153997
v 0.624801 0.614001 -3.153997
v 0.443500 0.891101 -3.153997
v 0.624801 0.891101 -3.153997
v 0.443500 0.891101 -3.333898
v 0.624801 0.891101 -3.333898
v 0.443500 0.614001 -3.333898
v 0.624801 0.614001 -3.333898
v 0.533000 0.614001 -3.333898
v 0.533000 0.614001 -3.153997
v 0.533000 0.951901 -3.153997
v 0.533000 0.951901 -3.333898
v 0.533000 0.973200 -3.153997
v 0.533000 0.973200 -3.333898
v 0.272500 0.895601 -3.782497
v 0.257101 0.907601 -3.755597
v 0.232300 0.927101 -3.765897
v 0.232300 0.927101 -3.799096
v 0.257101 0.907601 -3.809397
v 0.289900 0.917901 -3.782497
v 0.274601 0.929901 -3.755597
v 0.249701 0.949401 -3.765897
v 0.249701 0.949401 -3.799096
v 0.274601 0.929901 -3.809397
v 0.125101 0.614001 -3.695297
v 0.306401 0.614001 -3.695297
v 0.125101 0.891101 -3.695297
v 0.306401 0.891101 -3.695297
v 0.125101 0.891101 -3.875198
v 0.306401 0.891101 -3.875198
v 0.125101 0.614001 -3.875198
v 0.306401 0.614001 -3.875198
v 0.214600 0.614001 -3.875198
v 0.214600 0.614001 -3.695297
v 0.214600 0.951901 -3.695297
v 0.214600 0.951901 -3.875198
v 0.214600 0.973200 -3.695297
v 0.214600 0.973200 -3.875198
v 0.590901 0.895601 -3.782497
v 0.575501 0.907601 -3.755597
v 0.550700 0.927101 -3.765897
v 0.550700 0.927101 -3.799096
v 0.575501 0.907601 -3.809397
v 0.608300 0.917901 -3.782497
v 0.593001 0.929901 -3.755597
v 0.568101 0.949401 -3.765897
v 0.568101 0.949401 -3.799096
v 0.593001 0.929901 -3.809397
v 0.443500 0.614001 -3.695297
v 0.624801 0.614001 -3.695297
v 0.443500 0.891101 -3.695297
v 0.624801 0.891101 -3.695297
v 0.443500 0.891101 -3.875198
v 0.624801 0.891101 -3.875198
v 0.443500 0.614001 -3.875198
v 0.624801 0.614001 -3.875198
v 0.533000 0.614001 -3.875198
v 0.533000 0.614001 -3.695297
v 0.533000 0.951901 -3.695297
v 0.533000 0.951901 -3.875198
v 0.533000 0.973200 -3.695297
v 0.533000 0.973200 -3.875198
v 0.272500 0.895601 -4.321098
v 0.257101 0.907601 -4.294198
v 0.232300 0.927101 -4.304499
v 0.232300 0.927101 -4.337698
v 0.257101 0.907601 -4.347999
v 0.289900 0.917901 -4.321098
v 0.274601 0.929901 -4.294198
v 0.249701 0.949401 -4.304499
v 0.249701 0.949401 -4.337698
v 0.274601 0.929901 -4.347999
v 0.125101 0.614001 -4.233898
v 0.306401 0.614001 -4.233898
v 0.125101 0.891101 -4.233898
v 0.306401 0.891101 -4.233898
v 0.125101 0.891101 -4.413799
v 0.306401 0.891101 -4.413799
v 0.125101 0.614001 -4.413799
v 0.306401 0.614001 -4.413799
v 0.214600 0.614001 -4.413799
v 0.214600 0.614001 -4.233898
v 0.214600 0.951901 -4.233898
v 0.214600 0.951901 -4.413799
v 0.214600 0.973200 -4.233898
v 0.214600 0.973200 -4.413799
v 0.590901 0.895601 -4.321098
v 0.575501 0.907601 -4.294198
v 0.550700 0.927101 -4.304499
v 0.550700 0.927101 -4.337698
v 0.575501 0.907601 -4.347999
v 0.608300 0.917901 -4.321098
v 0.593001 0.929901 -4.294198
v 0.568101 0.949401 -4.304499
v 0.568101 0.949401 -4.337698
v 0.593001 0.929901 -4.347999
v 0.443500 0.614001 -4.233898
v 0.624801 0.614001 -4.233898
v 0.443500 0.891101 -4.233898
v 0.624801 0.891101 -4.233898
v 0.443500 0.891101 -4.413799
v 0.624801 0.891101 -4.413799
v 0.443500 0.614001 -4.413799
v 0.624801 0.614001 -4.413799
v 0.533000 0.614001 -4.413799
v 0.533000 0.614001 -4.233898
v 0.533000 0.951901 -4.233898
v 0.533000 0.951901 -4.413799
v 0.533000 0.973200 -4.233898
v 0.533000 0.973200 -4.413799
v 0.272500 0.895601 -4.862896
v 0.257101 0.907601 -4.835996
v 0.232300 0.927101 -4.846296
v 0.232300 0.927101 -4.879496
v 0.257101 0.907601 -4.889796
v 0.289900 0.917901 -4.862896
v 0.274601 0.929901 -4.835996
v 0.249701 0.949401 -4.846296
v 0.249701 0.949401 -4.879496
v 0.274601 0.929901 -4.889796
v 0.125101 0.614001 -4.775696
v 0.306401 0.614001 -4.775696
v 0.125101 0.891101 -4.775696
v 0.306401 0.891101 -4.775696
v 0.125101 0.891101 -4.955597
v 0.306401 0.891101 -4.955597
v 0.125101 0.614001 -4.955597
v 0.306401 0.614001 -4.955597
v 0.214600 0.614001 -4.955597
v 0.214600 0.614001 -4.775696
v 0.214600 0.951901 -4.775696
v 0.214600 0.951901 -4.955597
v 0.214600 0.973201 -4.775696
v 0.214600 0.973201 -4.955597
v 0.590901 0.895601 -4.862896
v 0.575501 0.907601 -4.835996
v 0.550700 0.927101 -4.846296
v 0.550700 0.927101 -4.879496
v 0.575501 0.907601 -4.889796
v 0.608300 0.917901 -4.862896
v 0.593001 0.929901 -4.835996
v 0.568101 0.949401 -4.846296
v 0.568101 0.949401 -4.879496
v 0.593001 0.929901 -4.889796
v 0.443500 0.614001 -4.775696
v 0.624801 0.614001 -4.775696
v 0.443500 0.891101 -4.775696
v 0.624801 0.891101 -4.775696
v 0.443500 0.891101 -4.955597
v 0.624801 0.891101 -4.955597
v 0.443500 0.614001 -4.955597
v 0.624801 0.614001 -4.955597
v 0.533000 0.614001 -4.955597
v 0.533000 0.614001 -4.775696
v 0.533000 0.951901 -4.775696
v 0.533000 0.951901 -4.955597
v 0.533000 0.973201 -4.775696
v 0.533000 0.973201 -4.955597
v 0.272500 0.895601 -5.401696
v 0.257101 0.907601 -5.374796
v 0.232300 0.927101 -5.385097
v 0.232300 0.927101 -5.418296
v 0.257101 0.907601 -5.428596
v 0.289900 0.917901 -5.401696
v 0.274601 0.929901 -5.374796
v 0.249701 0.949401 -5.385097
v 0.249701 0.949401 -5.418296
v 0.274601 0.929901 -5.428596
v 0.125101 0.614001 -5.314496
v 0.306401 0.614001 -5.314496
v 0.125101 0.891101 -5.314496
v 0.306401 0.891101 -5.314496
v 0.125101 0.891101 -5.494397
v 0.306401 0.891101 -5.494397
v 0.125101 0.614001 -5.494397
v 0.306401 0.614001 -5.494397
v 0.214600 0.614001 -5.494397
v 0.214600 0.614001 -5.314496
v 0.214600 0.951901 -5.314496
v 0.214600 0.951901 -5.494397
v 0.214600 0.973201 -5.314496
v 0.214600 0.973201 -5.494397
v 0.590901 0.895601 -5.401696
v 0.575501 0.907601 -5.374796
v 0.550700 0.927101 -5.385097
v 0.550700 0.927101 -5.418296
v 0.575501 0.907601 -5.428596
v 0.608300 0.917901 -5.401696
v 0.593001 0.929901 -5.374796
v 0.568101 0.949401 -5.385097
v 0.568101 0.949401 -5.418296
v 0.593001 0.929901 -5.428596
v 0.443500 0.614001 -5.314496
v 0.624801 0.614001 -5.314496
v 0.443500 0.891101 -5.314496
v 0.624801 0.891101 -5.314496
v 0.443500 0.891101 -5.494397
v 0.624801 0.891101 -5.494397
v 0.443500 0.614001 -5.494397
v 0.624801 0.614001 -5.494397
v 0.533000 0.614001 -5.494397
v 0.533000 0.614001 -5.314496
v 0.533000 0.951901 -5.314496
v 0.533000 0.951901 -5.494397
v 0.533000 0.973201 -5.314496
v 0.533000 0.973201 -5.494397
v 0.272500 0.895601 -5.940798
v 0.257101 0.907601 -5.913898
v 0.232300 0.927101 -5.924198
v 0.232300 0.927101 -5.957397
v 0.257101 0.907601 -5.967697
v 0.289900 0.917901 -5.940798
v 0.274601 0.929901 -5.913898
v 0.249701 0.949401 -5.924198
v 0.249701 0.949401 -5.957397
v 0.274601 0.929901 -5.967697
v 0.125101 0.614001 -5.853598
v 0.306401 0.614001 -5.853598
v 0.125101 0.891101 -5.853598
v 0.306401 0.891101 -5.853598
v 0.125101 0.891101 -6.033499
v 0.306401 0.891101 -6.033499
v 0.125101 0.614001 -6.033499
v 0.306401 0.614001 -6.033499
v 0.214600 0.614001 -6.033499
v 0.214600 0.614001 -5.853598
v 0.214600 0.951901 -5.853598
v 0.214600 0.951901 -6.033499
v 0.214600 0.973201 -5.853598
v 0.214600 0.973201 -6.033499
v 0.590901 0.895601 -5.940798
v 0.575501 0.907601 -5.913898
v 0.550700 0.927101 -5.924198
v 0.550700 0.927101 -5.957397
v 0.575501 0.907601 -5.967697
v 0.608300 0.917901 -5.940798
v 0.593001 0.929901 -5.913898
v 0.568101 0.949401 -5.924198
v 0.568101 0.949401 -5.957397
v 0.593001 0.929901 -5.967697
v 0.443500 0.614001 -5.853598
v 0.624801 0.614001 -5.853598
v 0.443500 0.891101 -5.853598
v 0.624801 0.891101 -5.853598
v 0.443500 0.891101 -6.033499
v 0.624801 0.891101 -6.033499
v 0.443500 0.614001 -6.033499
v 0.624801 0.614001 -6.033499
v 0.533000 0.614001 -6.033499
v 0.533000 0.614001 -5.853598
v 0.533000 0.951901 -5.853598
v 0.533000 0.951901 -6.033499
v 0.533000 0.973201 -5.853598
v 0.533000 0.973201 -6.033499
v 0.272500 0.895601 -6.481499
v 0.257101 0.907601 -6.454598
v 0.232300 0.927101 -6.464899
v 0.232300 0.927101 -6.498097
v 0.257101 0.907601 -6.508398
v 0.289900 0.917901 -6.481499
v 0.274601 0.929901 -6.454598
v 0.249701 0.949401 -6.464899
v 0.249701 0.949401 -6.498097
v 0.274601 0.929901 -6.508398
v 0.125101 0.614001 -6.394299
v 0.306401 0.614001 -6.394299
v 0.125101 0.891101 -6.394299
v 0.306401 0.891101 -6.394299
v 0.125101 0.891101 -6.574200
v 0.306401 0.891101 -6.574200
v 0.125101 0.614001 -6.574200
v 0.306401 0.614001 -6.574200
v 0.214600 0.614001 -6.574200
v 0.214600 0.614001 -6.394299
v 0.214600 0.951901 -6.394299
v 0.214600 0.951901 -6.574200
v 0.214600 0.973201 -6.394299
v 0.214600 0.973201 -6.574200
v 0.590901 0.895601 -6.481499
v 0.575501 0.907601 -6.454598
v 0.550700 0.927101 -6.464899
v 0.550700 0.927101 -6.498097
v 0.575501 0.907601 -6.508398
v 0.608300 0.917901 -6.481499
v 0.593001 0.929901 -6.454598
v 0.568101 0.949401 -6.464899
v 0.568101 0.949401 -6.498097
v 0.593001 0.929901 -6.508398
v 0.443500 0.614001 -6.394299
v 0.624801 0.614001 -6.394299
v 0.443500 0.891101 -6.394299
v 0.624801 0.891101 -6.394299
v 0.443500 0.891101 -6.574200
v 0.624801 0.891101 -6.574200
v 0.443500 0.614001 -6.574200
v 0.624801 0.614001 -6.574200
v 0.533000 0.614001 -6.574200
v 0.533000 0.614001 -6.394299
v 0.533000 0.951901 -6.394299
v 0.533000 0.951901 -6.574200
v 0.533000 0.973201 -6.394299
v 0.533000 0.973201 -6.574200
v 0.272500 0.895601 -7.021098
v 0.257101 0.907601 -6.994198
v 0.232300 0.927101 -7.004498
v 0.232300 0.927101 -7.037698
v 0.257101 0.907601 -7.047998
v 0.289900 0.917901 -7.021098
v 0.274601 0.929901 -6.994198
v 0.249701 0.949401 -7.004498
v 0.249701 0.949401 -7.037698
v 0.274601 0.929901 -7.047998
v 0.125101 0.614001 -6.933898
v 0.306401 0.614001 -6.933898
v 0.125101 0.891101 -6.933898
v 0.306401 0.891101 -6.933898
v 0.125101 0.891101 -7.113799
v 0.306401 0.891101 -7.113799
v 0.125101 0.614001 -7.113799
v 0.306401 0.614001 -7.113799
v 0.214600 0.614001 -7.113799
v 0.214600 0.614001 -6.933898
v 0.214600 0.951901 -6.933898
v 0.214600 0.951901 -7.113799
v 0.214600 0.973201 -6.933898
v 0.214600 0.973201 -7.113799
v 0.590901 0.895601 -7.021098
v 0.575501 0.907601 -6.994198
v 0.550700 0.927101 -7.004498
v 0.550700 0.927101 -7.037698
v 0.575501 0.907601 -7.047998
v 0.608300 0.917901 -7.021098
v 0.593001 0.929901 -6.994198
v 0.568101 0.949401 -7.004498
v 0.568101 0.949401 -7.037698
v 0.593001 0.929901 -7.047998
v 0.443500 0.614001 -6.933898
v 0.624801 0.614001 -6.933898
v 0.443500 0.891101 -6.933898
v 0.624801 0.891101 -6.933898
v 0.443500 0.891101 -7.113799
v 0.624801 0.891101 -7.113799
v 0.443500 0.614001 -7.113799
v 0.624801 0.614001 -7.113799
v 0.533000 0.614001 -7.113799
v 0.533000 0.614001 -6.933898
v 0.533000 0.951901 -6.933898
v 0.533000 0.951901 -7.113799
v 0.533000 0.973201 -6.933898
v 0.533000 0.973201 -7.113799
v 0.272500 0.895602 -7.559899
v 0.257101 0.907601 -7.532999
v 0.232300 0.927101 -7.543300
v 0.232300 0.927101 -7.576498
v 0.257101 0.907601 -7.586799
v 0.289900 0.917901 -7.559899
v 0.274601 0.929901 -7.532999
v 0.249701 0.949401 -7.543300
v 0.249701 0.949401 -7.576498
v 0.274601 0.929901 -7.586799
v 0.125101 0.614002 -7.472699
v 0.306401 0.614002 -7.472699
v 0.125101 0.891101 -7.472699
v 0.306401 0.891101 -7.472699
v 0.125101 0.891102 -7.652600
v 0.306401 0.891102 -7.652600
v 0.125101 0.614002 -7.652600
v 0.306401 0.614002 -7.652600
v 0.214600 0.614002 -7.652600
v 0.214600 0.614002 -7.472699
v 0.214600 0.951901 -7.472699
v 0.214600 0.951901 -7.652600
v 0.214600 0.973201 -7.472699
v 0.214600 0.973201 -7.652600
v 0.590901 0.895602 -7.559899
v 0.575501 0.907601 -7.532999
v 0.550700 0.927101 -7.543300
v 0.550700 0.927101 -7.576498
v 0.575501 0.907601 -7.586799
v 0.608300 0.917901 -7.559899
v 0.593001 0.929901 -7.532999
v 0.568101 0.949401 -7.543300
v 0.568101 0.949401 -7.576498
v 0.593001 0.929901 -7.586799
v 0.443500 0.614002 -7.472699
v 0.624801 0.614002 -7.472699
v 0.443500 0.891101 -7.472699
v 0.624801 0.891101 -7.472699
v 0.443500 0.891102 -7.652600
v 0.624801 0.891102 -7.652600
v 0.443500 0.614002 -7.652600
v 0.624801 0.614002 -7.652600
v 0.533000 0.614002 -7.652600
v 0.533000 0.614002 -7.472699
v 0.533000 0.951901 -7.472699
v 0.533000 0.951901 -7.652600
v 0.533000 0.973201 -7.472699
v 0.533000 0.973201 -7.652600
v 0.272500 0.895602 -8.101700
v 0.257101 0.907601 -8.074800
v 0.232300 0.927101 -8.085100
v 0.232300 0.927101 -8.118299
v 0.257101 0.907601 -8.128600
v 0.289900 0.917901 -8.101700
v 0.274601 0.929901 -8.074800
v 0.249701 0.949401 -8.085100
v 0.249701 0.949401 -8.118299
v 0.274601 0.929901 -8.128600
v 0.125101 0.614002 -8.014499
v 0.306401 0.614002 -8.014499
v 0.125101 0.891102 -8.014499
v 0.306401 0.891102 -8.014499
v 0.125101 0.891102 -8.194402
v 0.306401 0.891102 -8.194402
v 0.125101 0.614002 -8.194402
v 0.306401 0.614002 -8.194402
v 0.214600 0.614002 -8.194402
v 0.214600 0.614002 -8.014499
v 0.214600 0.951901 -8.014499
v 0.214600 0.951901 -8.194402
v 0.214600 0.973201 -8.014499
v 0.214600 0.973201 -8.194402
v 0.590901 0.895602 -8.101700
v 0.575501 0.907601 -8.074800
v 0.550700 0.927101 -8.085100
v 0.550700 0.927101 -8.118299
v 0.575501 0.907601 -8.128600
v 0.608300 0.917901 -8.101700
v 0.593001 0.929901 -8.074800
v 0.568101 0.949401 -8.085100
v 0.568101 0.949401 -8.118299
v 0.593001 0.929901 -8.128600
v 0.443500 0.614002 -8.014499
v 0.624801 0.614002 -8.014499
v 0.443500 0.891102 -8.014499
v 0.624801 0.891102 -8.014499
v 0.443500 0.891102 -8.194402
v 0.624801 0.891102 -8.194402
v 0.443500 0.614002 -8.194402
v 0.624801 0.614002 -8.194402
v 0.533000 0.614002 -8.194402
v 0.533000 0.614002 -8.014499
v 0.533000 0.951901 -8.014499
v 0.533000 0.951901 -8.194402
v 0.533000 0.973201 -8.014499
v 0.533000 0.973201 -8.194402
v 0.272500 0.895602 -8.641499
v 0.257101 0.907602 -8.614598
v 0.232300 0.927101 -8.624899
v 0.232300 0.927101 -8.658098
v 0.257101 0.907602 -8.668398
v 0.289900 0.917902 -8.641499
v 0.274601 0.929901 -8.614598
v 0.249701 0.949401 -8.624899
v 0.249701 0.949401 -8.658098
v 0.274601 0.929901 -8.668398
v 0.125101 0.614002 -8.554298
v 0.306401 0.614002 -8.554298
v 0.125101 0.891102 -8.554298
v 0.306401 0.891102 -8.554298
v 0.125101 0.891102 -8.734200
v 0.306401 0.891102 -8.734200
v 0.125101 0.614002 -8.734200
v 0.306401 0.614002 -8.734200
v 0.214600 0.614002 -8.734200
v 0.214600 0.614002 -8.554298
v 0.214600 0.951901 -8.554298
v 0.214600 0.951902 -8.734200
v 0.214600 0.973201 -8.554298
v 0.214600 0.973201 -8.734200
v 0.590901 0.895602 -8.641499
v 0.575501 0.907602 -8.614598
v 0.550700 0.927101 -8.624899
v 0.550700 0.927101 -8.658098
v 0.575501 0.907602 -8.668398
v 0.608300 0.917902 -8.641499
v 0.593001 0.929901 -8.614598
v 0.568101 0.949401 -8.624899
v 0.568101 0.949401 -8.658098
v 0.593001 0.929901 -8.668398
v 0.443500 0.614002 -8.554298
v 0.624801 0.614002 -8.554298
v 0.443500 0.891102 -8.554298
v 0.624801 0.891102 -8.554298
v 0.443500 0.891102 -8.734200
v 0.624801 0.891102 -8.734200
v 0.443500 0.614002 -8.734200
v 0.624801 0.614002 -8.734200
v 0.533000 0.614002 -8.734200
v 0.533000 0.614002 -8.554298
v 0.533000 0.951901 -8.554298
v 0.533000 0.951902 -8.734200
v 0.533000 0.973201 -8.554298
v 0.533000 0.973201 -8.734200
v 0.590901 0.302300 -0.541300
v 0.575501 0.314300 -0.514399
v 0.550700 0.333800 -0.524700
v 0.550700 0.333800 -0.557899
v 0.575501 0.314300 -0.568200
v 0.608300 0.324600 -0.541300
v 0.593001 0.336600 -0.514399
v 0.568101 0.356100 -0.524700
v 0.568101 0.356100 -0.557899
v 0.593001 0.336600 -0.568200
v 0.443500 0.020700 -0.454099
v 0.624801 0.020700 -0.454099
v 0.443500 0.297800 -0.454099
v 0.624801 0.297800 -0.454099
v 0.443500 0.297800 -0.633999
v 0.624801 0.297800 -0.633999
v 0.443500 0.020700 -0.634000
v 0.624801 0.020700 -0.634000
v 0.533000 0.020700 -0.634000
v 0.533000 0.020700 -0.454099
v 0.533000 0.358600 -0.454099
v 0.533000 0.358600 -0.633999
v 0.533000 0.379900 -0.454099
v 0.533000 0.379900 -0.633999
v 0.272500 0.302300 -0.541300
v 0.257101 0.314300 -0.514399
v 0.232300 0.333800 -0.524700
v 0.232300 0.333800 -0.557899
v 0.257101 0.314300 -0.568200
v 0.289900 0.324600 -0.541300
v 0.274601 0.336600 -0.514399
v 0.249701 0.356100 -0.524700
v 0.249701 0.356100 -0.557899
v 0.274601 0.336600 -0.568200
v 0.125101 0.020700 -0.454099
v 0.306401 0.020700 -0.454099
v 0.125101 0.297800 -0.454099
v 0.306401 0.297800 -0.454099
v 0.125101 0.297800 -0.633999
v 0.306401 0.297800 -0.633999
v 0.125101 0.020700 -0.634000
v 0.306401 0.020700 -0.634000
v 0.214600 0.020700 -0.634000
v 0.214600 0.020700 -0.454099
v 0.214600 0.358600 -0.454099
v 0.214600 0.358600 -0.633999
v 0.214600 0.379900 -0.454099
v 0.214600 0.379900 -0.633999
v 0.272500 0.302300 -1.083198
v 0.257101 0.314300 -1.056298
v 0.232300 0.333800 -1.066599
v 0.232300 0.333800 -1.099798
v 0.257101 0.314300 -1.110099
v 0.289900 0.324600 -1.083198
v 0.274601 0.336600 -1.056298
v 0.249701 0.356100 -1.066599
v 0.249701 0.356100 -1.099798
v 0.274601 0.336600 -1.110099
v 0.125101 0.020700 -0.995998
v 0.306401 0.020700 -0.995998
v 0.125101 0.297800 -0.995998
v 0.306401 0.297800 -0.995998
v 0.125101 0.297800 -1.175899
v 0.306401 0.297800 -1.175899
v 0.125101 0.020700 -1.175899
v 0.306401 0.020700 -1.175899
v 0.214600 0.020700 -1.175899
v 0.214600 0.020700 -0.995998
v 0.214600 0.358600 -0.995998
v 0.214600 0.358600 -1.175899
v 0.214600 0.379900 -0.995998
v 0.214600 0.379900 -1.175899
v 0.590901 0.302300 -1.083198
v 0.575501 0.314300 -1.056298
v 0.550700 0.333800 -1.066599
v 0.550700 0.333800 -1.099798
v 0.575501 0.314300 -1.110099
v 0.608300 0.324600 -1.083198
v 0.593001 0.336600 -1.056298
v 0.568101 0.356100 -1.066599
v 0.568101 0.356100 -1.099798
v 0.593001 0.336600 -1.110099
v 0.443500 0.020700 -0.995998
v 0.624801 0.020700 -0.995998
v 0.443500 0.297800 -0.995998
v 0.624801 0.297800 -0.995998
v 0.443500 0.297800 -1.175899
v 0.624801 0.297800 -1.175899
v 0.443500 0.020700 -1.175899
v 0.624801 0.020700 -1.175899
v 0.533000 0.020700 -1.175899
v 0.533000 0.020700 -0.995998
v 0.533000 0.358600 -0.995998
v 0.533000 0.358600 -1.175899
v 0.533000 0.379900 -0.995998
v 0.533000 0.379900 -1.175899
v 0.272500 0.302300 -1.623196
v 0.257101 0.314300 -1.596296
v 0.232300 0.333800 -1.606596
v 0.232300 0.333800 -1.639796
v 0.257101 0.314300 -1.650096
v 0.289900 0.324600 -1.623196
v 0.274601 0.336600 -1.596296
v 0.249701 0.356100 -1.606596
v 0.249701 0.356100 -1.639796
v 0.274601 0.336600 -1.650096
v 0.125101 0.020701 -1.535996
v 0.306401 0.020701 -1.535996
v 0.125101 0.297800 -1.535996
v 0.306401 0.297800 -1.535996
v 0.125101 0.297800 -1.715897
v 0.306401 0.297800 -1.715897
v 0.125101 0.020701 -1.715897
v 0.306401 0.020701 -1.715897
v 0.214600 0.020701 -1.715897
v 0.214600 0.020701 -1.535996
v 0.214600 0.358600 -1.535996
v 0.214600 0.358600 -1.715897
v 0.214600 0.379900 -1.535996
v 0.214600 0.379900 -1.715897
v 0.590901 0.302300 -1.623196
v 0.575501 0.314300 -1.596296
v 0.550700 0.333800 -1.606596
v 0.550700 0.333800 -1.639796
v 0.575501 0.314300 -1.650096
v 0.608300 0.324600 -1.623196
v 0.593001 0.336600 -1.596296
v 0.568101 0.356100 -1.606596
v 0.568101 0.356100 -1.639796
v 0.593001 0.336600 -1.650096
v 0.443500 0.020701 -1.535996
v 0.624801 0.020701 -1.535996
v 0.443500 0.297800 -1.535996
v 0.624801 0.297800 -1.535996
v 0.443500 0.297800 -1.715897
v 0.624801 0.297800 -1.715897
v 0.443500 0.020701 -1.715897
v 0.624801 0.020701 -1.715897
v 0.533000 0.020701 -1.715897
v 0.533000 0.020701 -1.535996
v 0.533000 0.358600 -1.535996
v 0.533000 0.358600 -1.715897
v 0.533000 0.379900 -1.535996
v 0.533000 0.379900 -1.715897
v 0.272500 0.302301 -2.164197
v 0.257101 0.314300 -2.137296
v 0.232300 0.333800 -2.147597
v 0.232300 0.333800 -2.180796
v 0.257101 0.314300 -2.191097
v 0.289900 0.324600 -2.164197
v 0.274601 0.336600 -2.137296
v 0.249701 0.356100 -2.147597
v 0.249701 0.356100 -2.180796
v 0.274601 0.336600 -2.191097
v 0.125101 0.020701 -2.076997
v 0.306401 0.020701 -2.076997
v 0.125101 0.297801 -2.076997
v 0.306401 0.297801 -2.076997
v 0.125101 0.297801 -2.256898
v 0.306401 0.297801 -2.256898
v 0.125101 0.020701 -2.256898
v 0.306401 0.020701 -2.256898
v 0.214600 0.020701 -2.256898
v 0.214600 0.020701 -2.076997
v 0.214600 0.358600 -2.076997
v 0.214600 0.358600 -2.256898
v 0.214600 0.379900 -2.076997
v 0.214600 0.379900 -2.256898
v 0.590901 0.302301 -2.164197
v 0.575501 0.314300 -2.137296
v 0.550700 0.333800 -2.147597
v 0.550700 0.333800 -2.180796
v 0.575501 0.314300 -2.191097
v 0.608300 0.324600 -2.164197
v 0.593001 0.336600 -2.137296
v 0.568101 0.356100 -2.147597
v 0.568101 0.356100 -2.180796
v 0.593001 0.336600 -2.191097
v 0.443500 0.020701 -2.076997
v 0.624801 0.020701 -2.076997
v 0.443500 0.297801 -2.076997
v 0.624801 0.297801 -2.076997
v 0.443500 0.297801 -2.256898
v 0.624801 0.297801 -2.256898
v 0.443500 0.020701 -2.256898
v 0.624801 0.020701 -2.256898
v 0.533000 0.020701 -2.256898
v 0.533000 0.020701 -2.076997
v 0.533000 0.358600 -2.076997
v 0.533000 0.358600 -2.256898
v 0.533000 0.379900 -2.076997
v 0.533000 0.379900 -2.256898
v 0.272500 0.302301 -2.703597
v 0.257101 0.314301 -2.676697
v 0.232300 0.333800 -2.686997
v 0.232300 0.333800 -2.720196
v 0.257101 0.314301 -2.730497
v 0.289900 0.324600 -2.703597
v 0.274601 0.336600 -2.676697
v 0.249701 0.356100 -2.686997
v 0.249701 0.356100 -2.720196
v 0.274601 0.336600 -2.730497
v 0.125101 0.020701 -2.616397
v 0.306401 0.020701 -2.616397
v 0.125101 0.297801 -2.616397
v 0.306401 0.297801 -2.616397
v 0.125101 0.297801 -2.796298
v 0.306401 0.297801 -2.796298
v 0.125101 0.020701 -2.796298
v 0.306401 0.020701 -2.796298
v 0.214600 0.020701 -2.796298
v 0.214600 0.020701 -2.616397
v 0.214600 0.358601 -2.616397
v 0.214600 0.358601 -2.796298
v 0.214600 0.379900 -2.616397
v 0.214600 0.379900 -2.796298
v 0.590901 0.302301 -2.703597
v 0.575501 0.314301 -2.676697
v 0.550700 0.333800 -2.686997
v 0.550700 0.333800 -2.720196
v 0.575501 0.314301 -2.730497
v 0.608300 0.324600 -2.703597
v 0.593001 0.336600 -2.676697
v 0.568101 0.356100 -2.686997
v 0.568101 0.356100 -2.720196
v 0.593001 0.336600 -2.730497
v 0.443500 0.020701 -2.616397
v 0.624801 0.020701 -2.616397
v 0.443500 0.297801 -2.616397
v 0.624801 0.297801 -2.616397
v 0.443500 0.297801 -2.796298
v 0.624801 0.297801 -2.796298
v 0.443500 0.020701 -2.796298
v 0.624801 0.020701 -2.796298
v 0.533000 0.020701 -2.796298
v 0.533000 0.020701 -2.616397
v 0.533000 0.358601 -2.616397
v 0.533000 0.358601 -2.796298
v 0.533000 0.379900 -2.616397
v 0.533000 0.379900 -2.796298
v 0.272500 0.302301 -3.241197
v 0.257101 0.314301 -3.214297
v 0.232300 0.333801 -3.224597
v 0.232300 0.333801 -3.257797
v 0.257101 0.314301 -3.268097
v 0.289900 0.324601 -3.241197
v 0.274601 0.336601 -3.214297
v 0.249701 0.356101 -3.224597
v 0.249701 0.356101 -3.257797
v 0.274601 0.336601 -3.268097
v 0.125101 0.020701 -3.153997
v 0.306401 0.020701 -3.153997
v 0.125101 0.297801 -3.153997
v 0.306401 0.297801 -3.153997
v 0.125101 0.297801 -3.333898
v 0.306401 0.297801 -3.333898
v 0.125101 0.020701 -3.333898
v 0.306401 0.020701 -3.333898
v 0.214600 0.020701 -3.333898
v 0.214600 0.020701 -3.153997
v 0.214600 0.358601 -3.153997
v 0.214600 0.358601 -3.333898
v 0.214600 0.379900 -3.153997
v 0.214600 0.379900 -3.333898
v 0.590901 0.302301 -3.241197
v 0.575501 0.314301 -3.214297
v 0.550700 0.333801 -3.224597
v 0.550700 0.333801 -3.257797
v 0.575501 0.314301 -3.268097
v 0.608300 0.324601 -3.241197
v 0.593001 0.336601 -3.214297
v 0.568101 0.356101 -3.224597
v 0.568101 0.356101 -3.257797
v 0.593001 0.336601 -3.268097
v 0.443500 0.020701 -3.153997
v 0.624801 0.020701 -3.153997
v 0.443500 0.297801 -3.153997
v 0.624801 0.297801 -3.153997
v 0.443500 0.297801 -3.333898
v 0.624801 0.297801 -3.333898
v 0.443500 0.020701 -3.333898
v 0.624801 0.020701 -3.333898
v 0.533000 0.020701 -3.333898
v 0.533000 0.020701 -3.153997
v 0.533000 0.358601 -3.153997
v 0.533000 0.358601 -3.333898
v 0.533000 0.379900 -3.153997
v 0.533000 0.379900 -3.333898
v 0.272500 0.302301 -3.782497
v 0.257101 0.314301 -3.755597
v 0.232300 0.333801 -3.765897
v 0.232300 0.333801 -3.799096
v 0.257101 0.314301 -3.809397
v 0.289900 0.324601 -3.782497
v 0.274601 0.336601 -3.755597
v 0.249701 0.356101 -3.765897
v 0.249701 0.356101 -3.799096
v 0.274601 0.336601 -3.809397
v 0.125101 0.020701 -3.695297
v 0.306401 0.020701 -3.695297
v 0.125101 0.297801 -3.695297
v 0.306401 0.297801 -3.695297
v 0.125101 0.297801 -3.875198
v 0.306401 0.297801 -3.875198
v 0.125101 0.020701 -3.875198
v 0.306401 0.020701 -3.875198
v 0.214600 0.020701 -3.875198
v 0.214600 0.020701 -3.695297
v 0.214600 0.358601 -3.695297
v 0.214600 0.358601 -3.875198
v 0.214600 0.379900 -3.695297
v 0.214600 0.379900 -3.875198
v 0.590901 0.302301 -3.782497
v 0.575501 0.314301 -3.755597
v 0.550700 0.333801 -3.765897
v 0.550700 0.333801 -3.799096
v 0.575501 0.314301 -3.809397
v 0.608300 0.324601 -3.782497
v 0.593001 0.336601 -3.755597
v 0.568101 0.356101 -3.765897
v 0.568101 0.356101 -3.799096
v 0.593001 0.336601 -3.809397
v 0.443500 0.020701 -3.695297
v 0.624801 0.020701 -3.695297
v 0.443500 0.297801 -3.695297
v 0.624801 0.297801 -3.695297
v 0.443500 0.297801 -3.875198
v 0.624801 0.297801 -3.875198
v 0.443500 0.020701 -3.875198
v 0.624801 0.020701 -3.875198
v 0.533000 0.020701 -3.875198
v 0.533000 0.020701 -3.695297
v 0.533000 0.358601 -3.695297
v 0.533000 0.358601 -3.875198
v 0.533000 0.379900 -3.695297
v 0.533000 0.379900 -3.875198
v 0.272500 0.302301 -4.321098
v 0.257101 0.314301 -4.294198
v 0.232300 0.333801 -4.304499
v 0.232300 0.333801 -4.337698
v 0.257101 0.314301 -4.347999
v 0.289900 0.324601 -4.321098
v 0.274601 0.336601 -4.294198
v 0.249701 0.356101 -4.304499
v 0.249701 0.356101 -4.337698
v 0.274601 0.336601 -4.347999
v 0.125101 0.020701 -4.233898
v 0.306401 0.020701 -4.233898
v 0.125101 0.297801 -4.233898
v 0.306401 0.297801 -4.233898
v 0.125101 0.297801 -4.413799
v 0.306401 0.297801 -4.413799
v 0.125101 0.020701 -4.413799
v 0.306401 0.020701 -4.413799
v 0.214600 0.020701 -4.413799
v 0.214600 0.020701 -4.233898
v 0.214600 0.358601 -4.233898
v 0.214600 0.358601 -4.413799
v 0.214600 0.379900 -4.233898
v 0.214600 0.379900 -4.413799
v 0.590901 0.302301 -4.321098
v 0.575501 0.314301 -4.294198
v 0.550700 0.333801 -4.304499
v 0.550700 0.333801 -4.337698
v 0.575501 0.314301 -4.347999
v 0.608300 0.324601 -4.321098
v 0.593001 0.336601 -4.294198
v 0.568101 0.356101 -4.304499
v 0.568101 0.356101 -4.337698
v 0.593001 0.336601 -4.347999
v 0.443500 0.020701 -4.233898
v 0.624801 0.020701 -4.233898
v 0.443500 0.297801 -4.233898
v 0.624801 0.297801 -4.233898
v 0.443500 0.297801 -4.413799
v 0.624801 0.297801 -4.413799
v 0.443500 0.020701 -4.413799
v 0.624801 0.020701 -4.413799
v 0.533000 0.020701 -4.413799
v 0.533000 0.020701 -4.233898
v 0.533000 0.358601 -4.233898
v 0.533000 0.358601 -4.413799
v 0.533000 0.379900 -4.233898
v 0.533000 0.379900 -4.413799
v 0.272500 0.302301 -4.862896
v 0.257101 0.314301 -4.835996
v 0.232300 0.333801 -4.846296
v 0.232300 0.333801 -4.879496
v 0.257101 0.314301 -4.889796
v 0.289900 0.324601 -4.862896
v 0.274601 0.336601 -4.835996
v 0.249701 0.356101 -4.846296
v 0.249701 0.356101 -4.879496
v 0.274601 0.336601 -4.889796
v 0.125101 0.020701 -4.775696
v 0.306401 0.020701 -4.775696
v 0.125101 0.297801 -4.775696
v 0.306401 0.297801 -4.775696
v 0.125101 0.297801 -4.955597
v 0.306401 0.297801 -4.955597
v 0.125101 0.020701 -4.955597
v 0.306401 0.020701 -4.955597
v 0.214600 0.020701 -4.955597
v 0.214600 0.020701 -4.775696
v 0.214600 0.358601 -4.775696
v 0.214600 0.358601 -4.955597
v 0.214600 0.379900 -4.775696
v 0.214600 0.379901 -4.955597
v 0.590901 0.302301 -4.862896
v 0.575501 0.314301 -4.835996
v 0.550700 0.333801 -4.846296
v 0.550700 0.333801 -4.879496
v 0.575501 0.314301 -4.889796
v 0.608300 0.324601 -4.862896
v 0.593001 0.336601 -4.835996
v 0.568101 0.356101 -4.846296
v 0.568101 0.356101 -4.879496
v 0.593001 0.336601 -4.889796
v 0.443500 0.020701 -4.775696
v 0.624801 0.020701 -4.775696
v 0.443500 0.297801 -4.775696
v 0.624801 0.297801 -4.775696
v 0.443500 0.297801 -4.955597
v 0.624801 0.297801 -4.955597
v 0.443500 0.020701 -4.955597
v 0.624801 0.020701 -4.955597
v 0.533000 0.020701 -4.955597
v 0.533000 0.020701 -4.775696
v 0.533000 0.358601 -4.775696
v 0.533000 0.358601 -4.955597
v 0.533000 0.379900 -4.775696
v 0.533000 0.379901 -4.955597
v 0.272500 0.302301 -5.401696
v 0.257101 0.314301 -5.374796
v 0.232300 0.333801 -5.385097
v 0.232300 0.333801 -5.418296
v 0.257101 0.314301 -5.428596
v 0.289900 0.324601 -5.401696
v 0.274601 0.336601 -5.374796
v 0.249701 0.356101 -5.385097
v 0.249701 0.356101 -5.418296
v 0.274601 0.336601 -5.428596
v 0.125101 0.020701 -5.314496
v 0.306401 0.020701 -5.314496
v 0.125101 0.297801 -5.314496
v 0.306401 0.297801 -5.314496
v 0.125101 0.297801 -5.494397
v 0.306401 0.297801 -5.494397
v 0.125101 0.020701 -5.494397
v 0.306401 0.020701 -5.494397
v 0.214600 0.020701 -5.494397
v 0.214600 0.020701 -5.314496
v 0.214600 0.358601 -5.314496
v 0.214600 0.358601 -5.494397
v 0.214600 0.379901 -5.314496
v 0.214600 0.379901 -5.494397
v 0.590901 0.302301 -5.401696
v 0.575501 0.314301 -5.374796
v 0.550700 0.333801 -5.385097
v 0.550700 0.333801 -5.418296
v 0.575501 0.314301 -5.428596
v 0.608300 0.324601 -5.401696
v 0.593001 0.336601 -5.374796
v 0.568101 0.356101 -5.385097
v 0.568101 0.356101 -5.418296
v 0.593001 0.336601 -5.428596
v 0.443500 0.020701 -5.314496
v 0.624801 0.020701 -5.314496
v 0.443500 0.297801 -5.314496
v 0.624801 0.297801 -5.314496
v 0.443500 0.297801 -5.494397
v 0.624801 0.297801 -5.494397
v 0.443500 0.020701 -5.494397
v 0.624801 0.020701 -5.494397
v 0.533000 0.020701 -5.494397
v 0.533000 0.020701 -5.314496
v 0.533000 0.358601 -5.314496
v 0.533000 0.358601 -5.494397
v 0.533000 0.379901 -5.314496
v 0.533000 0.379901 -5.494397
v 0.272500 0.302301 -5.940798
v 0.257101 0.314301 -5.913898
v 0.232300 0.333801 -5.924198
v 0.232300 0.333801 -5.957397
v 0.257101 0.314301 -5.967697
v 0.289900 0.324601 -5.940798
v 0.274601 0.336601 -5.913898
v 0.249701 0.356101 -5.924198
v 0.249701 0.356101 -5.957397
v 0.274601 0.336601 -5.967697
v 0.125101 0.020701 -5.853598
v 0.306401 0.020701 -5.853598
v 0.125101 0.297801 -5.853598
v 0.306401 0.297801 -5.853598
v 0.125101 0.297801 -6.033499
v 0.306401 0.297801 -6.033499
v 0.125101 0.020701 -6.033499
v 0.306401 0.020701 -6.033499
v 0.214600 0.020701 -6.033499
v 0.214600 0.020701 -5.853598
v 0.214600 0.358601 -5.853598
v 0.214600 0.358601 -6.033499
v 0.214600 0.379901 -5.853598
v 0.214600 0.379901 -6.033499
v 0.590901 0.302301 -5.940798
v 0.575501 0.314301 -5.913898
v 0.550700 0.333801 -5.924198
v 0.550700 0.333801 -5.957397
v 0.575501 0.314301 -5.967697
v 0.608300 0.324601 -5.940798
v 0.593001 0.336601 -5.913898
v 0.568101 0.356101 -5.924198
v 0.568101 0.356101 -5.957397
v 0.593001 0.336601 -5.967697
v 0.443500 0.020701 -5.853598
v 0.624801 0.020701 -5.853598
v 0.443500 0.297801 -5.853598
v 0.624801 0.297801 -5.853598
v 0.443500 0.297801 -6.033499
v 0.624801 0.297801 -6.033499
v 0.443500 0.020701 -6.033499
v 0.624801 0.020701 -6.033499
v 0.533000 0.020701 -6.033499
v 0.533000 0.020701 -5.853598
v 0.533000 0.358601 -5.853598
v 0.533000 0.358601 -6.033499
v 0.533000 0.379901 -5.853598
v 0.533000 0.379901 -6.033499
v 0.272500 0.302301 -6.481499
v 0.257101 0.314301 -6.454598
v 0.232300 0.333801 -6.464899
v 0.232300 0.333801 -6.498097
v 0.257101 0.314301 -6.508398
v 0.289900 0.324601 -6.481499
v 0.274601 0.336601 -6.454598
v 0.249701 0.356101 -6.464899
v 0.249701 0.356101 -6.498097
v 0.274601 0.336601 -6.508398
v 0.125101 0.020701 -6.394299
v 0.306401 0.020701 -6.394299
v 0.125101 0.297801 -6.394299
v 0.306401 0.297801 -6.394299
v 0.125101 0.297801 -6.574200
v 0.306401 0.297801 -6.574200
v 0.125101 0.020701 -6.574200
v 0.306401 0.020701 -6.574200
v 0.214600 0.020701 -6.574200
v 0.214600 0.020701 -6.394299
v 0.214600 0.358601 -6.394299
v 0.214600 0.358601 -6.574200
v 0.214600 0.379901 -6.394299
v 0.214600 0.379901 -6.574200
v 0.590901 0.302301 -6.481499
v 0.575501 0.314301 -6.454598
v 0.550700 0.333801 -6.464899
v 0.550700 0.333801 -6.498097
v 0.575501 0.314301 -6.508398
v 0.608300 0.324601 -6.481499
v 0.593001 0.336601 -6.454598
v 0.568101 0.356101 -6.464899
v 0.568101 0.356101 -6.498097
v 0.593001 0.336601 -6.508398
v 0.443500 0.020701 -6.394299
v 0.624801 0.020701 -6.394299
v 0.443500 0.297801 -6.394299
v 0.624801 0.297801 -6.394299
v 0.443500 0.297801 -6.574200
v 0.624801 0.297801 -6.574200
v 0.443500 0.020701 -6.574200
v 0.624801 0.020701 -6.574200
v 0.533000 0.020701 -6.574200
v 0.533000 0.020701 -6.394299
v 0.533000 0.358601 -6.394299
v 0.533000 0.358601 -6.574200
v 0.533000 0.379901 -6.394299
v 0.533000 0.379901 -6.574200
v 0.272500 0.302301 -7.021098
v 0.257101 0.314301 -6.994198
v 0.232300 0.333801 -7.004498
v 0.232300 0.333801 -7.037698
v 0.257101 0.314301 -7.047998
v 0.289900 0.324601 -7.021098
v 0.274601 0.336601 -6.994198
v 0.249701 0.356101 -7.004498
v 0.249701 0.356101 -7.037698
v 0.274601 0.336601 -7.047998
v 0.125101 0.020701 -6.933898
v 0.306401 0.020701 -6.933898
v 0.125101 0.297801 -6.933898
v 0.306401 0.297801 -6.933898
v 0.125101 0.297801 -7.113799
v 0.306401 0.297801 -7.113799
v 0.125101 0.020701 -7.113799
v 0.306401 0.020701 -7.113799
v 0.214600 0.020701 -7.113799
v 0.214600 0.020701 -6.933898
v 0.214600 0.358601 -6.933898
v 0.214600 0.358601 -7.113799
v 0.214600 0.379901 -6.933898
v 0.214600 0.379901 -7.113799
v 0.590901 0.302301 -7.021098
v 0.575501 0.314301 -6.994198
v 0.550700 0.333801 -7.004498
v 0.550700 0.333801 -7.037698
v 0.575501 0.314301 -7.047998
v 0.608300 0.324601 -7.021098
v 0.593001 0.336601 -6.994198
v 0.568101 0.356101 -7.004498
v 0.568101 0.356101 -7.037698
v 0.593001 0.336601 -7.047998
v 0.443500 0.020701 -6.933898
v 0.624801 0.020701 -6.933898
v 0.443500 0.297801 -6.933898
v 0.624801 0.297801 -6.933898
v 0.443500 0.297801 -7.113799
v 0.624801 0.297801 -7.113799
v 0.443500 0.020701 -7.113799
v 0.624801 0.020701 -7.113799
v 0.533000 0.020701 -7.113799
v 0.533000 0.020701 -6.933898
v 0.533000 0.358601 -6.933898
v 0.533000 0.358601 -7.113799
v 0.533000 0.379901 -6.933898
v 0.533000 0.379901 -7.113799
v 0.272500 0.302301 -7.559899
v 0.257101 0.314301 -7.532999
v 0.232300 0.333801 -7.543300
v 0.232300 0.333801 -7.576498
v 0.257101 0.314301 -7.586799
v 0.289900 0.324601 -7.559899
v 0.274601 0.336601 -7.532999
v 0.249701 0.356101 -7.543300
v 0.249701 0.356101 -7.576498
v 0.274601 0.336601 -7.586799
v 0.125101 0.020701 -7.472699
v 0.306401 0.020701 -7.472699
v 0.125101 0.297801 -7.472699
v 0.306401 0.297801 -7.472699
v 0.125101 0.297801 -7.652600
v 0.306401 0.297801 -7.652600
v 0.125101 0.020702 -7.652600
v 0.306401 0.020702 -7.652600
v 0.214600 0.020702 -7.652600
v 0.214600 0.020701 -7.472699
v 0.214600 0.358601 -7.472699
v 0.214600 0.358601 -7.652600
v 0.214600 0.379901 -7.472699
v 0.214600 0.379901 -7.652600
v 0.590901 0.302301 -7.559899
v 0.575501 0.314301 -7.532999
v 0.550700 0.333801 -7.543300
v 0.550700 0.333801 -7.576498
v 0.575501 0.314301 -7.586799
v 0.608300 0.324601 -7.559899
v 0.593001 0.336601 -7.532999
v 0.568101 0.356101 -7.543300
v 0.568101 0.356101 -7.576498
v 0.593001 0.336601 -7.586799
v 0.443500 0.020701 -7.472699
v 0.624801 0.020701 -7.472699
v 0.443500 0.297801 -7.472699
v 0.624801 0.297801 -7.472699
v 0.443500 0.297801 -7.652600
v 0.624801 0.297801 -7.652600
v 0.443500 0.020702 -7.652600
v 0.624801 0.020702 -7.652600
v 0.533000 0.020702 -7.652600
v 0.533000 0.020701 -7.472699
v 0.533000 0.358601 -7.472699
v 0.533000 0.358601 -7.652600
v 0.533000 0.379901 -7.472699
v 0.533000 0.379901 -7.652600
v 0.272500 0.302302 -8.101700
v 0.257101 0.314301 -8.074800
v 0.232300 0.333801 -8.085100
v 0.232300 0.333801 -8.118299
v 0.257101 0.314301 -8.128600
v 0.289900 0.324601 -8.101700
v 0.274601 0.336601 -8.074800
v 0.249701 0.356101 -8.085100
v 0.249701 0.356101 -8.118299
v 0.274601 0.336601 -8.128600
v 0.125101 0.020702 -8.014499
v 0.306401 0.020702 -8.014499
v 0.125101 0.297802 -8.014499
v 0.306401 0.297802 -8.014499
v 0.125101 0.297802 -8.194402
v 0.306401 0.297802 -8.194402
v 0.125101 0.020702 -8.194402
v 0.306401 0.020702 -8.194402
v 0.214600 0.020702 -8.194402
v 0.214600 0.020702 -8.014499
v 0.214600 0.358601 -8.014499
v 0.214600 0.358601 -8.194402
v 0.214600 0.379901 -8.014499
v 0.214600 0.379901 -8.194402
v 0.590901 0.302302 -8.101700
v 0.575501 0.314301 -8.074800
v 0.550700 0.333801 -8.085100
v 0.550700 0.333801 -8.118299
v 0.575501 0.314301 -8.128600
v 0.608300 0.324601 -8.101700
v 0.593001 0.336601 -8.074800
v 0.568101 0.356101 -8.085100
v 0.568101 0.356101 -8.118299
v 0.593001 0.336601 -8.128600
v 0.443500 0.020702 -8.014499
v 0.624801 0.020702 -8.014499
v 0.443500 0.297802 -8.014499
v 0.624801 0.297802 -8.014499
v 0.443500 0.297802 -8.194402
v 0.624801 0.297802 -8.194402
v 0.443500 0.020702 -8.194402
v 0.624801 0.020702 -8.194402
v 0.533000 0.020702 -8.194402
v 0.533000 0.020702 -8.014499
v 0.533000 0.358601 -8.014499
v 0.533000 0.358601 -8.194402
v 0.533000 0.379901 -8.014499
v 0.533000 0.379901 -8.194402
v 0.272500 0.302302 -8.641499
v 0.257101 0.314301 -8.614598
v 0.232300 0.333801 -8.624899
v 0.232300 0.333801 -8.658098
v 0.257101 0.314301 -8.668398
v 0.289900 0.324601 -8.641499
v 0.274601 0.336601 -8.614598
v 0.249701 0.356101 -8.624899
v 0.249701 0.356101 -8.658098
v 0.274601 0.336601 -8.668398
v 0.125101 0.020702 -8.554298
v 0.306401 0.020702 -8.554298
v 0.125101 0.297802 -8.554298
v 0.306401 0.297802 -8.554298
v 0.125101 0.297802 -8.734200
v 0.306401 0.297802 -8.734200
v 0.125101 0.020702 -8.734200
v 0.306401 0.020702 -8.734200
v 0.214600 0.020702 -8.734200
v 0.214600 0.020702 -8.554298
v 0.214600 0.358602 -8.554298
v 0.214600 0.358602 -8.734200
v 0.214600 0.379901 -8.554298
v 0.214600 0.379901 -8.734200
v 0.590901 0.302302 -8.641499
v 0.575501 0.314301 -8.614598
v 0.550700 0.333801 -8.624899
v 0.550700 0.333801 -8.658098
v 0.575501 0.314301 -8.668398
v 0.608300 0.324601 -8.641499
v 0.593001 0.336601 -8.614598
v 0.568101 0.356101 -8.624899
v 0.568101 0.356101 -8.658098
v 0.593001 0.336601 -8.668398
v 0.443500 0.020702 -8.554298
v 0.624801 0.020702 -8.554298
v 0.443500 0.297802 -8.554298
v 0.624801 0.297802 -8.554298
v 0.443500 0.297802 -8.734200
v 0.624801 0.297802 -8.734200
v 0.443500 0.020702 -8.734200
v 0.624801 0.020702 -8.734200
v 0.533000 0.020702 -8.734200
v 0.533000 0.020702 -8.554298
v 0.533000 0.358602 -8.554298
v 0.533000 0.358602 -8.734200
v 0.533000 0.379901 -8.554298
v 0.533000 0.379901 -8.734200
v 0.590901 -0.215100 -0.541300
v 0.575501 -0.203100 -0.514399
v 0.550700 -0.183600 -0.524700
v 0.550700 -0.183600 -0.557899
v 0.575501 -0.203100 -0.568200
v 0.608300 -0.192800 -0.541300
v 0.593001 -0.180800 -0.514399
v 0.568101 -0.161300 -0.524700
v 0.568101 -0.161300 -0.557899
v 0.593001 -0.180800 -0.568200
v 0.443500 -0.496700 -0.454099
v 0.624801 -0.496700 -0.454099
v 0.443500 -0.219600 -0.454099
v 0.624801 -0.219600 -0.454099
v 0.443500 -0.219600 -0.634000
v 0.624801 -0.219600 -0.634000
v 0.443500 -0.496700 -0.634000
v 0.624801 -0.496700 -0.634000
v 0.533000 -0.496700 -0.634000
v 0.533000 -0.496700 -0.454099
v 0.533000 -0.158800 -0.454099
v 0.533000 -0.158800 -0.634000
v 0.533000 -0.137500 -0.454099
v 0.533000 -0.137500 -0.634000
v 0.272500 -0.215100 -0.541300
v 0.257101 -0.203100 -0.514399
v 0.232300 -0.183600 -0.524700
v 0.232300 -0.183600 -0.557899
v 0.257101 -0.203100 -0.568200
v 0.289900 -0.192800 -0.541300
v 0.274601 -0.180800 -0.514399
v 0.249701 -0.161300 -0.524700
v 0.249701 -0.161300 -0.557899
v 0.274601 -0.180800 -0.568200
v 0.125101 -0.496700 -0.454099
v 0.306401 -0.496700 -0.454099
v 0.125101 -0.219600 -0.454099
v 0.306401 -0.219600 -0.454099
v 0.125101 -0.219600 -0.634000
v 0.306401 -0.219600 -0.634000
v 0.125101 -0.496700 -0.634000
v 0.306401 -0.496700 -0.634000
v 0.214600 -0.496700 -0.634000
v 0.214600 -0.496700 -0.454099
v 0.214600 -0.158800 -0.454099
v 0.214600 -0.158800 -0.634000
v 0.214600 -0.137500 -0.454099
v 0.214600 -0.137500 -0.634000
v 0.272500 -0.215100 -1.083198
v 0.257101 -0.203100 -1.056298
v 0.232300 -0.183600 -1.066599
v 0.232300 -0.183600 -1.099798
v 0.257101 -0.203100 -1.110099
v 0.289900 -0.192800 -1.083198
v 0.274601 -0.180800 -1.056298
v 0.249701 -0.161300 -1.066599
v 0.249701 -0.161300 -1.099798
v 0.274601 -0.180800 -1.110099
v 0.125101 -0.496700 -0.995998
v 0.306401 -0.496700 -0.995998
v 0.125101 -0.219600 -0.995998
v 0.306401 -0.219600 -0.995998
v 0.125101 -0.219600 -1.175899
v 0.306401 -0.219600 -1.175899
v 0.125101 -0.496700 -1.175899
v 0.306401 -0.496700 -1.175899
v 0.214600 -0.496700 -1.175899
v 0.214600 -0.496700 -0.995998
v 0.214600 -0.158800 -0.995998
v 0.214600 -0.158800 -1.175899
v 0.214600 -0.137500 -0.995998
v 0.214600 -0.137500 -1.175899
v 0.590901 -0.215100 -1.083198
v 0.575501 -0.203100 -1.056298
v 0.550700 -0.183600 -1.066599
v 0.550700 -0.183600 -1.099798
v 0.575501 -0.203100 -1.110099
v 0.608300 -0.192800 -1.083198
v 0.593001 -0.180800 -1.056298
v 0.568101 -0.161300 -1.066599
v 0.568101 -0.161300 -1.099798
v 0.593001 -0.180800 -1.110099
v 0.443500 -0.496700 -0.995998
v 0.624801 -0.496700 -0.995998
v 0.443500 -0.219600 -0.995998
v 0.624801 -0.219600 -0.995998
v 0.443500 -0.219600 -1.175899
v 0.624801 -0.219600 -1.175899
v 0.443500 -0.496700 -1.175899
v 0.624801 -0.496700 -1.175899
v 0.533000 -0.496700 -1.175899
v 0.533000 -0.496700 -0.995998
v 0.533000 -0.158800 -0.995998
v 0.533000 -0.158800 -1.175899
v 0.533000 -0.137500 -0.995998
v 0.533000 -0.137500 -1.175899
v 0.272500 -0.215100 -1.623196
v 0.257101 -0.203100 -1.596296
v 0.232300 -0.183600 -1.606596
v 0.232300 -0.183600 -1.639796
v 0.257101 -0.203100 -1.650096
v 0.289900 -0.192800 -1.623196
v 0.274601 -0.180800 -1.596296
v 0.249701 -0.161300 -1.606596
v 0.249701 -0.161300 -1.639796
v 0.274601 -0.180800 -1.650096
v 0.125101 -0.496699 -1.535996
v 0.306401 -0.496699 -1.535996
v 0.125101 -0.219600 -1.535996
v 0.306401 -0.219600 -1.535996
v 0.125101 -0.219600 -1.715897
v 0.306401 -0.219600 -1.715897
v 0.125101 -0.496699 -1.715897
v 0.306401 -0.496699 -1.715897
v 0.214600 -0.496699 -1.715897
v 0.214600 -0.496699 -1.535996
v 0.214600 -0.158800 -1.535996
v 0.214600 -0.158800 -1.715897
v 0.214600 -0.137500 -1.535996
v 0.214600 -0.137500 -1.715897
v 0.590901 -0.215100 -1.623196
v 0.575501 -0.203100 -1.596296
v 0.550700 -0.183600 -1.606596
v 0.550700 -0.183600 -1.639796
v 0.575501 -0.203100 -1.650096
v 0.608300 -0.192800 -1.623196
v 0.593001 -0.180800 -1.596296
v 0.568101 -0.161300 -1.606596
v 0.568101 -0.161300 -1.639796
v 0.593001 -0.180800 -1.650096
v 0.443500 -0.496699 -1.535996
v 0.624801 -0.496699 -1.535996
v 0.443500 -0.219600 -1.535996
v 0.624801 -0.219600 -1.535996
v 0.443500 -0.219600 -1.715897
v 0.624801 -0.219600 -1.715897
v 0.443500 -0.496699 -1.715897
v 0.624801 -0.496699 -1.715897
v 0.533000 -0.496699 -1.715897
v 0.533000 -0.496699 -1.535996
v 0.533000 -0.158800 -1.535996
v 0.533000 -0.158800 -1.715897
v 0.533000 -0.137500 -1.535996
v 0.533000 -0.137500 -1.715897
v 0.272500 -0.215099 -2.164197
v 0.257101 -0.203100 -2.137296
v 0.232300 -0.183600 -2.147597
v 0.232300 -0.183600 -2.180796
v 0.257101 -0.203100 -2.191097
v 0.289900 -0.192800 -2.164197
v 0.274601 -0.180800 -2.137296
v 0.249701 -0.161300 -2.147597
v 0.249701 -0.161300 -2.180796
v 0.274601 -0.180800 -2.191097
v 0.125101 -0.496699 -2.076997
v 0.306401 -0.496699 -2.076997
v 0.125101 -0.219599 -2.076997
v 0.306401 -0.219599 -2.076997
v 0.125101 -0.219599 -2.256898
v 0.306401 -0.219599 -2.256898
v 0.125101 -0.496699 -2.256898
v 0.306401 -0.496699 -2.256898
v 0.214600 -0.496699 -2.256898
v 0.214600 -0.496699 -2.076997
v 0.214600 -0.158800 -2.076997
v 0.214600 -0.158800 -2.256898
v 0.214600 -0.137500 -2.076997
v 0.214600 -0.137500 -2.256898
v 0.590901 -0.215099 -2.164197
v 0.575501 -0.203100 -2.137296
v 0.550700 -0.183600 -2.147597
v 0.550700 -0.183600 -2.180796
v 0.575501 -0.203100 -2.191097
v 0.608300 -0.192800 -2.164197
v 0.593001 -0.180800 -2.137296
v 0.568101 -0.161300 -2.147597
v 0.568101 -0.161300 -2.180796
v 0.593001 -0.180800 -2.191097
v 0.443500 -0.496699 -2.076997
v 0.624801 -0.496699 -2.076997
v 0.443500 -0.219599 -2.076997
v 0.624801 -0.219599 -2.076997
v 0.443500 -0.219599 -2.256898
v 0.624801 -0.219599 -2.256898
v 0.443500 -0.496699 -2.256898
v 0.624801 -0.496699 -2.256898
v 0.533000 -0.496699 -2.256898
v 0.533000 -0.496699 -2.076997
v 0.533000 -0.158800 -2.076997
v 0.533000 -0.158800 -2.256898
v 0.533000 -0.137500 -2.076997
v 0.533000 -0.137500 -2.256898
v 0.272500 -0.215099 -2.703597
v 0.257101 -0.203099 -2.676697
v 0.232300 -0.183600 -2.686997
v 0.232300 -0.183600 -2.720196
v 0.257101 -0.203099 -2.730497
v 0.289900 -0.192800 -2.703597
v 0.274601 -0.180800 -2.676697
v 0.249701 -0.161300 -2.686997
v 0.249701 -0.161300 -2.720196
v 0.274601 -0.180800 -2.730497
v 0.125101 -0.496699 -2.616397
v 0.306401 -0.496699 -2.616397
v 0.125101 -0.219599 -2.616397
v 0.306401 -0.219599 -2.616397
v 0.125101 -0.219599 -2.796298
v 0.306401 -0.219599 -2.796298
v 0.125101 -0.496699 -2.796298
v 0.306401 -0.496699 -2.796298
v 0.214600 -0.496699 -2.796298
v 0.214600 -0.496699 -2.616397
v 0.214600 -0.158800 -2.616397
v 0.214600 -0.158800 -2.796298
v 0.214600 -0.137500 -2.616397
v 0.214600 -0.137500 -2.796298
v 0.590901 -0.215099 -2.703597
v 0.575501 -0.203099 -2.676697
v 0.550700 -0.183600 -2.686997
v 0.550700 -0.183600 -2.720196
v 0.575501 -0.203099 -2.730497
v 0.608300 -0.192800 -2.703597
v 0.593001 -0.180800 -2.676697
v 0.568101 -0.161300 -2.686997
v 0.568101 -0.161300 -2.720196
v 0.593001 -0.180800 -2.730497
v 0.443500 -0.496699 -2.616397
v 0.624801 -0.496699 -2.616397
v 0.443500 -0.219599 -2.616397
v 0.624801 -0.219599 -2.616397
v 0.443500 -0.219599 -2.796298
v 0.624801 -0.219599 -2.796298
v 0.443500 -0.496699 -2.796298
v 0.624801 -0.496699 -2.796298
v 0.533000 -0.496699 -2.796298
v 0.533000 -0.496699 -2.616397
v 0.533000 -0.158800 -2.616397
v 0.533000 -0.158800 -2.796298
v 0.533000 -0.137500 -2.616397
v 0.533000 -0.137500 -2.796298
v 0.272500 -0.215099 -3.241197
v 0.257101 -0.203099 -3.214297
v 0.232300 -0.183599 -3.224597
v 0.232300 -0.183599 -3.257797
v 0.257101 -0.203099 -3.268097
v 0.289900 -0.192799 -3.241197
v 0.274601 -0.180800 -3.214297
v 0.249701 -0.161299 -3.224597
v 0.249701 -0.161299 -3.257797
v 0.274601 -0.180800 -3.268097
v 0.125101 -0.496699 -3.153997
v 0.306401 -0.496699 -3.153997
v 0.125101 -0.219599 -3.153997
v 0.306401 -0.219599 -3.153997
v 0.125101 -0.219599 -3.333898
v 0.306401 -0.219599 -3.333898
v 0.125101 -0.496699 -3.333898
v 0.306401 -0.496699 -3.333898
v 0.214600 -0.496699 -3.333898
v 0.214600 -0.496699 -3.153997
v 0.214600 -0.158799 -3.153997
v 0.214600 -0.158799 -3.333898
v 0.214600 -0.137500 -3.153997
v 0.214600 -0.137500 -3.333898
v 0.590901 -0.215099 -3.241197
v 0.575501 -0.203099 -3.214297
v 0.550700 -0.183599 -3.224597
v 0.550700 -0.183599 -3.257797
v 0.575501 -0.203099 -3.268097
v 0.608300 -0.192799 -3.241197
v 0.593001 -0.180800 -3.214297
v 0.568101 -0.161299 -3.224597
v 0.568101 -0.161299 -3.257797
v 0.593001 -0.180800 -3.268097
v 0.443500 -0.496699 -3.153997
v 0.624801 -0.496699 -3.153997
v 0.443500 -0.219599 -3.153997
v 0.624801 -0.219599 -3.153997
v 0.443500 -0.219599 -3.333898
v 0.624801 -0.219599 -3.333898
v 0.443500 -0.496699 -3.333898
v 0.624801 -0.496699 -3.333898
v 0.533000 -0.496699 -3.333898
v 0.533000 -0.496699 -3.153997
v 0.533000 -0.158799 -3.153997
v 0.533000 -0.158799 -3.333898
v 0.533000 -0.137500 -3.153997
v 0.533000 -0.137500 -3.333898
v 0.272500 -0.215099 -3.782497
v 0.257101 -0.203099 -3.755597
v 0.232300 -0.183599 -3.765897
v 0.232300 -0.183599 -3.799096
v 0.257101 -0.203099 -3.809397
v 0.289900 -0.192799 -3.782497
v 0.274601 -0.180799 -3.755597
v 0.249701 -0.161299 -3.765897
v 0.249701 -0.161299 -3.799096
v 0.274601 -0.180799 -3.809397
v 0.125101 -0.496699 -3.695297
v 0.306401 -0.496699 -3.695297
v 0.125101 -0.219599 -3.695297
v 0.306401 -0.219599 -3.695297
v 0.125101 -0.219599 -3.875198
v 0.306401 -0.219599 -3.875198
v 0.125101 -0.496699 -3.875198
v 0.306401 -0.496699 -3.875198
v 0.214600 -0.496699 -3.875198
v 0.214600 -0.496699 -3.695297
v 0.214600 -0.158799 -3.695297
v 0.214600 -0.158799 -3.875198
v 0.214600 -0.137500 -3.695297
v 0.214600 -0.137500 -3.875198
v 0.590901 -0.215099 -3.782497
v 0.575501 -0.203099 -3.755597
v 0.550700 -0.183599 -3.765897
v 0.550700 -0.183599 -3.799096
v 0.575501 -0.203099 -3.809397
v 0.608300 -0.192799 -3.782497
v 0.593001 -0.180799 -3.755597
v 0.568101 -0.161299 -3.765897
v 0.568101 -0.161299 -3.799096
v 0.593001 -0.180799 -3.809397
v 0.443500 -0.496699 -3.695297
v 0.624801 -0.496699 -3.695297
v 0.443500 -0.219599 -3.695297
v 0.624801 -0.219599 -3.695297
v 0.443500 -0.219599 -3.875198
v 0.624801 -0.219599 -3.875198
v 0.443500 -0.496699 -3.875198
v 0.624801 -0.496699 -3.875198
v 0.533000 -0.496699 -3.875198
v 0.533000 -0.496699 -3.695297
v 0.533000 -0.158799 -3.695297
v 0.533000 -0.158799 -3.875198
v 0.533000 -0.137500 -3.695297
v 0.533000 -0.137500 -3.875198
v 0.272500 -0.215099 -4.321098
v 0.257101 -0.203099 -4.294198
v 0.232300 -0.183599 -4.304499
v 0.232300 -0.183599 -4.337698
v 0.257101 -0.203099 -4.347999
v 0.289900 -0.192799 -4.321098
v 0.274601 -0.180799 -4.294198
v 0.249701 -0.161299 -4.304499
v 0.249701 -0.161299 -4.337698
v 0.274601 -0.180799 -4.347999
v 0.125101 -0.496699 -4.233898
v 0.306401 -0.496699 -4.233898
v 0.125101 -0.219599 -4.233898
v 0.306401 -0.219599 -4.233898
v 0.125101 -0.219599 -4.413799
v 0.306401 -0.219599 -4.413799
v 0.125101 -0.496699 -4.413799
v 0.306401 -0.496699 -4.413799
v 0.214600 -0.496699 -4.413799
v 0.214600 -0.496699 -4.233898
v 0.214600 -0.158799 -4.233898
v 0.214600 -0.158799 -4.413799
v 0.214600 -0.137500 -4.233898
v 0.214600 -0.137500 -4.413799
v 0.590901 -0.215099 -4.321098
v 0.575501 -0.203099 -4.294198
v 0.550700 -0.183599 -4.304499
v 0.550700 -0.183599 -4.337698
v 0.575501 -0.203099 -4.347999
v 0.608300 -0.192799 -4.321098
v 0.593001 -0.180799 -4.294198
v 0.568101 -0.161299 -4.304499
v 0.568101 -0.161299 -4.337698
v 0.593001 -0.180799 -4.347999
v 0.443500 -0.496699 -4.233898
v 0.624801 -0.496699 -4.233898
v 0.443500 -0.219599 -4.233898
v 0.624801 -0.219599 -4.233898
v 0.443500 -0.219599 -4.413799
v 0.624801 -0.219599 -4.413799
v 0.443500 -0.496699 -4.413799
v 0.624801 -0.496699 -4.413799
v 0.533000 -0.496699 -4.413799
v 0.533000 -0.496699 -4.233898
v 0.533000 -0.158799 -4.233898
v 0.533000 -0.158799 -4.413799
v 0.533000 -0.137500 -4.233898
v 0.533000 -0.137500 -4.413799
v 0.272500 -0.215099 -4.862896
v 0.257101 -0.203099 -4.835996
v 0.232300 -0.183599 -4.846296
v 0.232300 -0.183599 -4.879496
v 0.257101 -0.203099 -4.889796
v 0.289900 -0.192799 -4.862896
v 0.274601 -0.180799 -4.835996
v 0.249701 -0.161299 -4.846296
v 0.249701 -0.161299 -4.879496
v 0.274601 -0.180799 -4.889796
v 0.125101 -0.496699 -4.775696
v 0.306401 -0.496699 -4.775696
v 0.125101 -0.219599 -4.775696
v 0.306401 -0.219599 -4.775696
v 0.125101 -0.219599 -4.955597
v 0.306401 -0.219599 -4.955597
v 0.125101 -0.496699 -4.955597
v 0.306401 -0.496699 -4.955597
v 0.214600 -0.496699 -4.955597
v 0.214600 -0.496699 -4.775696
v 0.214600 -0.158799 -4.775696
v 0.214600 -0.158799 -4.955597
v 0.214600 -0.137500 -4.775696
v 0.214600 -0.137499 -4.955597
v 0.590901 -0.215099 -4.862896
v 0.575501 -0.203099 -4.835996
v 0.550700 -0.183599 -4.846296
v 0.550700 -0.183599 -4.879496
v 0.575501 -0.203099 -4.889796
v 0.608300 -0.192799 -4.862896
v 0.593001 -0.180799 -4.835996
v 0.568101 -0.161299 -4.846296
v 0.568101 -0.161299 -4.879496
v 0.593001 -0.180799 -4.889796
v 0.443500 -0.496699 -4.775696
v 0.624801 -0.496699 -4.775696
v 0.443500 -0.219599 -4.775696
v 0.624801 -0.219599 -4.775696
v 0.443500 -0.219599 -4.955597
v 0.624801 -0.219599 -4.955597
v 0.443500 -0.496699 -4.955597
v 0.624801 -0.496699 -4.955597
v 0.533000 -0.496699 -4.955597
v 0.533000 -0.496699 -4.775696
v 0.533000 -0.158799 -4.775696
v 0.533000 -0.158799 -4.955597
v 0.533000 -0.137500 -4.775696
v 0.533000 -0.137499 -4.955597
v 0.272500 -0.215099 -5.401696
v 0.257101 -0.203099 -5.374796
v 0.232300 -0.183599 -5.385097
v 0.232300 -0.183599 -5.418296
v 0.257101 -0.203099 -5.428596
v 0.289900 -0.192799 -5.401696
v 0.274601 -0.180799 -5.374796
v 0.249701 -0.161299 -5.385097
v 0.249701 -0.161299 -5.418296
v 0.274601 -0.180799 -5.428596
v 0.125101 -0.496699 -5.314496
v 0.306401 -0.496699 -5.314496
v 0.125101 -0.219599 -5.314496
v 0.306401 -0.219599 -5.314496
v 0.125101 -0.219599 -5.494397
v 0.306401 -0.219599 -5.494397
v 0.125101 -0.496699 -5.494397
v 0.306401 -0.496699 -5.494397
v 0.214600 -0.496699 -5.494397
v 0.214600 -0.496699 -5.314496
v 0.214600 -0.158799 -5.314496
v 0.214600 -0.158799 -5.494397
v 0.214600 -0.137499 -5.314496
v 0.214600 -0.137499 -5.494397
v 0.590901 -0.215099 -5.401696
v 0.575501 -0.203099 -5.374796
v 0.550700 -0.183599 -5.385097
v 0.550700 -0.183599 -5.418296
v 0.575501 -0.203099 -5.428596
v 0.608300 -0.192799 -5.401696
v 0.593001 -0.180799 -5.374796
v 0.568101 -0.161299 -5.385097
v 0.568101 -0.161299 -5.418296
v 0.593001 -0.180799 -5.428596
v 0.443500 -0.496699 -5.314496
v 0.624801 -0.496699 -5.314496
v 0.443500 -0.219599 -5.314496
v 0.624801 -0.219599 -5.314496
v 0.443500 -0.219599 -5.494397
v 0.624801 -0.219599 -5.494397
v 0.443500 -0.496699 -5.494397
v 0.624801 -0.496699 -5.494397
v 0.533000 -0.496699 -5.494397
v 0.533000 -0.496699 -5.314496
v 0.533000 -0.158799 -5.314496
v 0.533000 -0.158799 -5.494397
v 0.533000 -0.137499 -5.314496
v 0.533000 -0.137499 -5.494397
v 0.272500 -0.215099 -5.940798
v 0.257101 -0.203099 -5.913898
v 0.232300 -0.183599 -5.924198
v 0.232300 -0.183599 -5.957397
v 0.257101 -0.203099 -5.967697
v 0.289900 -0.192799 -5.940798
v 0.274601 -0.180799 -5.913898
v 0.249701 -0.161299 -5.924198
v 0.249701 -0.161299 -5.957397
v 0.274601 -0.180799 -5.967697
v 0.125101 -0.496699 -5.853598
v 0.306401 -0.496699 -5.853598
v 0.125101 -0.219599 -5.853598
v 0.306401 -0.219599 -5.853598
v 0.125101 -0.219599 -6.033499
v 0.306401 -0.219599 -6.033499
v 0.125101 -0.496699 -6.033499
v 0.306401 -0.496699 -6.033499
v 0.214600 -0.496699 -6.033499
v 0.214600 -0.496699 -5.853598
v 0.214600 -0.158799 -5.853598
v 0.214600 -0.158799 -6.033499
v 0.214600 -0.137499 -5.853598
v 0.214600 -0.137499 -6.033499
v 0.590901 -0.215099 -5.940798
v 0.575501 -0.203099 -5.913898
v 0.550700 -0.183599 -5.924198
v 0.550700 -0.183599 -5.957397
v 0.575501 -0.203099 -5.967697
v 0.608300 -0.192799 -5.940798
v 0.593001 -0.180799 -5.913898
v 0.568101 -0.161299 -5.924198
v 0.568101 -0.161299 -5.957397
v 0.593001 -0.180799 -5.967697
v 0.443500 -0.496699 -5.853598
v 0.624801 -0.496699 -5.853598
v 0.443500 -0.219599 -5.853598
v 0.624801 -0.219599 -5.853598
v 0.443500 -0.219599 -6.033499
v 0.624801 -0.219599 -6.033499
v 0.443500 -0.496699 -6.033499
v 0.624801 -0.496699 -6.033499
v 0.533000 -0.496699 -6.033499
v 0.533000 -0.496699 -5.853598
v 0.533000 -0.158799 -5.853598
v 0.533000 -0.158799 -6.033499
v 0.533000 -0.137499 -5.853598
v 0.533000 -0.137499 -6.033499
v 0.272500 -0.215099 -6.481499
v 0.257101 -0.203099 -6.454598
v 0.232300 -0.183599 -6.464899
v 0.232300 -0.183599 -6.498097
v 0.257101 -0.203099 -6.508398
v 0.289900 -0.192799 -6.481499
v 0.274601 -0.180799 -6.454598
v 0.249701 -0.161299 -6.464899
v 0.249701 -0.161299 -6.498097
v 0.274601 -0.180799 -6.508398
v 0.125101 -0.496699 -6.394299
v 0.306401 -0.496699 -6.394299
v 0.125101 -0.219599 -6.394299
v 0.306401 -0.219599 -6.394299
v 0.125101 -0.219599 -6.574200
v 0.306401 -0.219599 -6.574200
v 0.125101 -0.496699 -6.574200
v 0.306401 -0.496699 -6.574200
v 0.214600 -0.496699 -6.574200
v 0.214600 -0.496699 -6.394299
v 0.214600 -0.158799 -6.394299
v 0.214600 -0.158799 -6.574200
v 0.214600 -0.137499 -6.394299
v 0.214600 -0.137499 -6.574200
v 0.590901 -0.215099 -6.481499
v 0.575501 -0.203099 -6.454598
v 0.550700 -0.183599 -6.464899
v 0.550700 -0.183599 -6.498097
v 0.575501 -0.203099 -6.508398
v 0.608300 -0.192799 -6.481499
v 0.593001 -0.180799 -6.454598
v 0.568101 -0.161299 -6.464899
v 0.568101 -0.161299 -6.498097
v 0.593001 -0.180799 -6.508398
v 0.443500 -0.496699 -6.394299
v 0.624801 -0.496699 -6.394299
v 0.443500 -0.219599 -6.394299
v 0.624801 -0.219599 -6.394299
v 0.443500 -0.219599 -6.574200
v 0.624801 -0.219599 -6.574200
v 0.443500 -0.496699 -6.574200
v 0.624801 -0.496699 -6.574200
v 0.533000 -0.496699 -6.574200
v 0.533000 -0.496699 -6.394299
v 0.533000 -0.158799 -6.394299
v 0.533000 -0.158799 -6.574200
v 0.533000 -0.137499 -6.394299
v 0.533000 -0.137499 -6.574200
v 0.272500 -0.215099 -7.021098
v 0.257101 -0.203099 -6.994198
v 0.232300 -0.183599 -7.004498
v 0.232300 -0.183599 -7.037698
v 0.257101 -0.203099 -7.047998
v 0.289900 -0.192799 -7.021098
v 0.274601 -0.180799 -6.994198
v 0.249701 -0.161299 -7.004498
v 0.249701 -0.161299 -7.037698
v 0.274601 -0.180799 -7.047998
v 0.125101 -0.496699 -6.933898
v 0.306401 -0.496699 -6.933898
v 0.125101 -0.219599 -6.933898
v 0.306401 -0.219599 -6.933898
v 0.125101 -0.219599 -7.113799
v 0.306401 -0.219599 -7.113799
v 0.125101 -0.496699 -7.113799
v 0.306401 -0.496699 -7.113799
v 0.214600 -0.496699 -7.113799
v 0.214600 -0.496699 -6.933898
v 0.214600 -0.158799 -6.933898
v 0.214600 -0.158799 -7.113799
v 0.214600 -0.137499 -6.933898
v 0.214600 -0.137499 -7.113799
v 0.590901 -0.215099 -7.021098
v 0.575501 -0.203099 -6.994198
v 0.550700 -0.183599 -7.004498
v 0.550700 -0.183599 -7.037698
v 0.575501 -0.203099 -7.047998
v 0.608300 -0.192799 -7.021098
v 0.593001 -0.180799 -6.994198
v 0.568101 -0.161299 -7.004498
v 0.568101 -0.161299 -7.037698
v 0.593001 -0.180799 -7.047998
v 0.443500 -0.496699 -6.933898
v 0.624801 -0.496699 -6.933898
v 0.443500 -0.219599 -6.933898
v 0.624801 -0.219599 -6.933898
v 0.443500 -0.219599 -7.113799
v 0.624801 -0.219599 -7.113799
v 0.443500 -0.496699 -7.113799
v 0.624801 -0.496699 -7.113799
v 0.533000 -0.496699 -7.113799
v 0.533000 -0.496699 -6.933898
v 0.533000 -0.158799 -6.933898
v 0.533000 -0.158799 -7.113799
v 0.533000 -0.137499 -6.933898
v 0.533000 -0.137499 -7.113799
v 0.272500 -0.215099 -7.559899
v 0.257101 -0.203099 -7.532999
v 0.232300 -0.183599 -7.543300
v 0.232300 -0.183599 -7.576498
v 0.257101 -0.203099 -7.586799
v 0.289900 -0.192799 -7.559899
v 0.274601 -0.180799 -7.532999
v 0.249701 -0.161299 -7.543300
v 0.249701 -0.161299 -7.576498
v 0.274601 -0.180799 -7.586799
v 0.125101 -0.496698 -7.472699
v 0.306401 -0.496698 -7.472699
v 0.125101 -0.219599 -7.472699
v 0.306401 -0.219599 -7.472699
v 0.125101 -0.219599 -7.652600
v 0.306401 -0.219599 -7.652600
v 0.125101 -0.496698 -7.652600
v 0.306401 -0.496698 -7.652600
v 0.214600 -0.496698 -7.652600
v 0.214600 -0.496698 -7.472699
v 0.214600 -0.158799 -7.472699
v 0.214600 -0.158799 -7.652600
v 0.214600 -0.137499 -7.472699
v 0.214600 -0.137499 -7.652600
v 0.590901 -0.215099 -7.559899
v 0.575501 -0.203099 -7.532999
v 0.550700 -0.183599 -7.543300
v 0.550700 -0.183599 -7.576498
v 0.575501 -0.203099 -7.586799
v 0.608300 -0.192799 -7.559899
v 0.593001 -0.180799 -7.532999
v 0.568101 -0.161299 -7.543300
v 0.568101 -0.161299 -7.576498
v 0.593001 -0.180799 -7.586799
v 0.443500 -0.496698 -7.472699
v 0.624801 -0.496698 -7.472699
v 0.443500 -0.219599 -7.472699
v 0.624801 -0.219599 -7.472699
v 0.443500 -0.219599 -7.652600
v 0.624801 -0.219599 -7.652600
v 0.443500 -0.496698 -7.652600
v 0.624801 -0.496698 -7.652600
v 0.533000 -0.496698 -7.652600
v 0.533000 -0.496698 -7.472699
v 0.533000 -0.158799 -7.472699
v 0.533000 -0.158799 -7.652600
v 0.533000 -0.137499 -7.472699
v 0.533000 -0.137499 -7.652600
v 0.272500 -0.215098 -8.101700
v 0.257101 -0.203099 -8.074800
v 0.232300 -0.183599 -8.085100
v 0.232300 -0.183599 -8.118299
v 0.257101 -0.203099 -8.128600
v 0.289900 -0.192799 -8.101700
v 0.274601 -0.180799 -8.074800
v 0.249701 -0.161299 -8.085100
v 0.249701 -0.161299 -8.118299
v 0.274601 -0.180799 -8.128600
v 0.125101 -0.496698 -8.014499
v 0.306401 -0.496698 -8.014499
v 0.125101 -0.219598 -8.014499
v 0.306401 -0.219598 -8.014499
v 0.125101 -0.219598 -8.194402
v 0.306401 -0.219598 -8.194402
v 0.125101 -0.496698 -8.194402
v 0.306401 -0.496698 -8.194402
v 0.214600 -0.496698 -8.194402
v 0.214600 -0.496698 -8.014499
v 0.214600 -0.158799 -8.014499
v 0.214600 -0.158799 -8.194402
v 0.214600 -0.137499 -8.014499
v 0.214600 -0.137499 -8.194402
v 0.590901 -0.215098 -8.101700
v 0.575501 -0.203099 -8.074800
v 0.550700 -0.183599 -8.085100
v 0.550700 -0.183599 -8.118299
v 0.575501 -0.203099 -8.128600
v 0.608300 -0.192799 -8.101700
v 0.593001 -0.180799 -8.074800
v 0.568101 -0.161299 -8.085100
v 0.568101 -0.161299 -8.118299
v 0.593001 -0.180799 -8.128600
v 0.443500 -0.496698 -8.014499
v 0.624801 -0.496698 -8.014499
v 0.443500 -0.219598 -8.014499
v 0.624801 -0.219598 -8.014499
v 0.443500 -0.219598 -8.194402
v 0.624801 -0.219598 -8.194402
v 0.443500 -0.496698 -8.194402
v 0.624801 -0.496698 -8.194402
v 0.533000 -0.496698 -8.194402
v 0.533000 -0.496698 -8.014499
v 0.533000 -0.158799 -8.014499
v 0.533000 -0.158799 -8.194402
v 0.533000 -0.137499 -8.014499
v 0.533000 -0.137499 -8.194402
v 0.272500 -0.215098 -8.641499
v 0.257101 -0.203099 -8.614598
v 0.232300 -0.183599 -8.624899
v 0.232300 -0.183599 -8.658098
v 0.257101 -0.203098 -8.668398
v 0.289900 -0.192799 -8.641499
v 0.274601 -0.180799 -8.614598
v 0.249701 -0.161299 -8.624899
v 0.249701 -0.161299 -8.658098
v 0.274601 -0.180799 -8.668398
v 0.125101 -0.496698 -8.554298
v 0.306401 -0.496698 -8.554298
v 0.125101 -0.219598 -8.554298
v 0.306401 -0.219598 -8.554298
v 0.125101 -0.219598 -8.734200
v 0.306401 -0.219598 -8.734200
v 0.125101 -0.496698 -8.734200
v 0.306401 -0.496698 -8.734200
v 0.214600 -0.496698 -8.734200
v 0.214600 -0.496698 -8.554298
v 0.214600 -0.158799 -8.554298
v 0.214600 -0.158799 -8.734200
v 0.214600 -0.137499 -8.554298
v 0.214600 -0.137499 -8.734200
v 0.590901 -0.215098 -8.641499
v 0.575501 -0.203099 -8.614598
v 0.550700 -0.183599 -8.624899
v 0.550700 -0.183599 -8.658098
v 0.575501 -0.203098 -8.668398
v 0.608300 -0.192799 -8.641499
v 0.593001 -0.180799 -8.614598
v 0.568101 -0.161299 -8.624899
v 0.568101 -0.161299 -8.658098
v 0.593001 -0.180799 -8.668398
v 0.443500 -0.496698 -8.554298
v 0.624801 -0.496698 -8.554298
v 0.443500 -0.219598 -8.554298
v 0.624801 -0.219598 -8.554298
v 0.443500 -0.219598 -8.734200
v 0.624801 -0.219598 -8.734200
v 0.443500 -0.496698 -8.734200
v 0.624801 -0.496698 -8.734200
v 0.533000 -0.496698 -8.734200
v 0.533000 -0.496698 -8.554298
v 0.533000 -0.158799 -8.554298
v 0.533000 -0.158799 -8.734200
v 0.533000 -0.137499 -8.554298
v 0.533000 -0.137499 -8.734200
v 0.590901 -0.674299 -0.541300
v 0.575501 -0.662299 -0.514399
v 0.550700 -0.642800 -0.524700
v 0.550700 -0.642799 -0.557899
v 0.575501 -0.662299 -0.568200
v 0.608300 -0.651999 -0.541300
v 0.593001 -0.640000 -0.514399
v 0.568101 -0.620500 -0.524700
v 0.568101 -0.620499 -0.557899
v 0.593001 -0.640000 -0.568200
v 0.443500 -0.955899 -0.454100
v 0.624801 -0.955899 -0.454100
v 0.443500 -0.678799 -0.454100
v 0.624801 -0.678799 -0.454100
v 0.443500 -0.678799 -0.634000
v 0.624801 -0.678799 -0.634000
v 0.443500 -0.955899 -0.634000
v 0.624801 -0.955899 -0.634000
v 0.533000 -0.955899 -0.634000
v 0.533000 -0.955899 -0.454100
v 0.533000 -0.617999 -0.454099
v 0.533000 -0.617999 -0.634000
v 0.533000 -0.596700 -0.454099
v 0.533000 -0.596700 -0.634000
v 0.272500 -0.674299 -0.541300
v 0.257101 -0.662299 -0.514399
v 0.232300 -0.642800 -0.524700
v 0.232300 -0.642799 -0.557899
v 0.257101 -0.662299 -0.568200
v 0.289900 -0.651999 -0.541300
v 0.274601 -0.640000 -0.514399
v 0.249701 -0.620500 -0.524700
v 0.249701 -0.620499 -0.557899
v 0.274601 -0.640000 -0.568200
v 0.125101 -0.955899 -0.454100
v 0.306401 -0.955899 -0.454100
v 0.125101 -0.678799 -0.454100
v 0.306401 -0.678799 -0.454100
v 0.125101 -0.678799 -0.634000
v 0.306401 -0.678799 -0.634000
v 0.125101 -0.955899 -0.634000
v 0.306401 -0.955899 -0.634000
v 0.214600 -0.955899 -0.634000
v 0.214600 -0.955899 -0.454100
v 0.214600 -0.617999 -0.454099
v 0.214600 -0.617999 -0.634000
v 0.214600 -0.596700 -0.454099
v 0.214600 -0.596700 -0.634000
v 0.272500 -0.674299 -1.083198
v 0.257101 -0.662299 -1.056298
v 0.232300 -0.642799 -1.066599
v 0.232300 -0.642799 -1.099798
v 0.257101 -0.662299 -1.110099
v 0.289900 -0.651999 -1.083198
v 0.274601 -0.639999 -1.056298
v 0.249701 -0.620499 -1.066599
v 0.249701 -0.620499 -1.099798
v 0.274601 -0.639999 -1.110099
v 0.125101 -0.955899 -0.995998
v 0.306401 -0.955899 -0.995998
v 0.125101 -0.678799 -0.995998
v 0.306401 -0.678799 -0.995998
v 0.125101 -0.678799 -1.175899
v 0.306401 -0.678799 -1.175899
v 0.125101 -0.955899 -1.175899
v 0.306401 -0.955899 -1.175899
v 0.214600 -0.955899 -1.175899
v 0.214600 -0.955899 -0.995998
v 0.214600 -0.617999 -0.995998
v 0.214600 -0.617999 -1.175899
v 0.214600 -0.596700 -0.995998
v 0.214600 -0.596700 -1.175899
v 0.590901 -0.674299 -1.083198
v 0.575501 -0.662299 -1.056298
v 0.550700 -0.642799 -1.066599
v 0.550700 -0.642799 -1.099798
v 0.575501 -0.662299 -1.110099
v 0.608300 -0.651999 -1.083198
v 0.593001 -0.639999 -1.056298
v 0.568101 -0.620499 -1.066599
v 0.568101 -0.620499 -1.099798
v 0.593001 -0.639999 -1.110099
v 0.443500 -0.955899 -0.995998
v 0.624801 -0.955899 -0.995998
v 0.443500 -0.678799 -0.995998
v 0.624801 -0.678799 -0.995998
v 0.443500 -0.678799 -1.175899
v 0.624801 -0.678799 -1.175899
v 0.443500 -0.955899 -1.175899
v 0.624801 -0.955899 -1.175899
v 0.533000 -0.955899 -1.175899
v 0.533000 -0.955899 -0.995998
v 0.533000 -0.617999 -0.995998
v 0.533000 -0.617999 -1.175899
v 0.533000 -0.596700 -0.995998
v 0.533000 -0.596700 -1.175899
v 0.272500 -0.674299 -1.623196
v 0.257101 -0.662299 -1.596296
v 0.232300 -0.642799 -1.606596
v 0.232300 -0.642799 -1.639796
v 0.257101 -0.662299 -1.650096
v 0.289900 -0.651999 -1.623196
v 0.274601 -0.639999 -1.596296
v 0.249701 -0.620499 -1.606596
v 0.249701 -0.620499 -1.639796
v 0.274601 -0.639999 -1.650096
v 0.125101 -0.955899 -1.535996
v 0.306401 -0.955899 -1.535996
v 0.125101 -0.678799 -1.535996
v 0.306401 -0.678799 -1.535996
v 0.125101 -0.678799 -1.715897
v 0.306401 -0.678799 -1.715897
v 0.125101 -0.955899 -1.715897
v 0.306401 -0.955899 -1.715897
v 0.214600 -0.955899 -1.715897
v 0.214600 -0.955899 -1.535996
v 0.214600 -0.617999 -1.535996
v 0.214600 -0.617999 -1.715897
v 0.214600 -0.596700 -1.535996
v 0.214600 -0.596700 -1.715897
v 0.590901 -0.674299 -1.623196
v 0.575501 -0.662299 -1.596296
v 0.550700 -0.642799 -1.606596
v 0.550700 -0.642799 -1.639796
v 0.575501 -0.662299 -1.650096
v 0.608300 -0.651999 -1.623196
v 0.593001 -0.639999 -1.596296
v 0.568101 -0.620499 -1.606596
v 0.568101 -0.620499 -1.639796
v 0.593001 -0.639999 -1.650096
v 0.443500 -0.955899 -1.535996
v 0.624801 -0.955899 -1.535996
v 0.443500 -0.678799 -1.535996
v 0.624801 -0.678799 -1.535996
v 0.443500 -0.678799 -1.715897
v 0.624801 -0.678799 -1.715897
v 0.443500 -0.955899 -1.715897
v 0.624801 -0.955899 -1.715897
v 0.533000 -0.955899 -1.715897
v 0.533000 -0.955899 -1.535996
v 0.533000 -0.617999 -1.535996
v 0.533000 -0.617999 -1.715897
v 0.533000 -0.596700 -1.535996
v 0.533000 -0.596700 -1.715897
v 0.272500 -0.674299 -2.164197
v 0.257101 -0.662299 -2.137296
v 0.232300 -0.642799 -2.147597
v 0.232300 -0.642799 -2.180796
v 0.257101 -0.662299 -2.191097
v 0.289900 -0.651999 -2.164197
v 0.274601 -0.639999 -2.137296
v 0.249701 -0.620499 -2.147597
v 0.249701 -0.620499 -2.180796
v 0.274601 -0.639999 -2.191097
v 0.125101 -0.955899 -2.076997
v 0.306401 -0.955899 -2.076997
v 0.125101 -0.678799 -2.076997
v 0.306401 -0.678799 -2.076997
v 0.125101 -0.678799 -2.256898
v 0.306401 -0.678799 -2.256898
v 0.125101 -0.955899 -2.256898
v 0.306401 -0.955899 -2.256898
v 0.214600 -0.955899 -2.256898
v 0.214600 -0.955899 -2.076997
v 0.214600 -0.617999 -2.076997
v 0.214600 -0.617999 -2.256898
v 0.214600 -0.596700 -2.076997
v 0.214600 -0.596700 -2.256898
v 0.590901 -0.674299 -2.164197
v 0.575501 -0.662299 -2.137296
v 0.550700 -0.642799 -2.147597
v 0.550700 -0.642799 -2.180796
v 0.575501 -0.662299 -2.191097
v 0.608300 -0.651999 -2.164197
v 0.593001 -0.639999 -2.137296
v 0.568101 -0.620499 -2.147597
v 0.568101 -0.620499 -2.180796
v 0.593001 -0.639999 -2.191097
v 0.443500 -0.955899 -2.076997
v 0.624801 -0.955899 -2.076997
v 0.443500 -0.678799 -2.076997
v 0.624801 -0.678799 -2.076997
v 0.443500 -0.678799 -2.256898
v 0.624801 -0.678799 -2.256898
v 0.443500 -0.955899 -2.256898
v 0.624801 -0.955899 -2.256898
v 0.533000 -0.955899 -2.256898
v 0.533000 -0.955899 -2.076997
v 0.533000 -0.617999 -2.076997
v 0.533000 -0.617999 -2.256898
v 0.533000 -0.596700 -2.076997
v 0.533000 -0.596700 -2.256898
v 0.272500 -0.674299 -2.703597
v 0.257101 -0.662299 -2.676697
v 0.232300 -0.642799 -2.686997
v 0.232300 -0.642799 -2.720196
v 0.257101 -0.662299 -2.730497
v 0.289900 -0.651999 -2.703597
v 0.274601 -0.639999 -2.676697
v 0.249701 -0.620499 -2.686997
v 0.249701 -0.620499 -2.720196
v 0.274601 -0.639999 -2.730497
v 0.125101 -0.955899 -2.616397
v 0.306401 -0.955899 -2.616397
v 0.125101 -0.678799 -2.616397
v 0.306401 -0.678799 -2.616397
v 0.125101 -0.678799 -2.796298
v 0.306401 -0.678799 -2.796298
v 0.125101 -0.955899 -2.796298
v 0.306401 -0.955899 -2.796298
v 0.214600 -0.955899 -2.796298
v 0.214600 -0.955899 -2.616397
v 0.214600 -0.617999 -2.616397
v 0.214600 -0.617999 -2.796298
v 0.214600 -0.596700 -2.616397
v 0.214600 -0.596700 -2.796298
v 0.590901 -0.674299 -2.703597
v 0.575501 -0.662299 -2.676697
v 0.550700 -0.642799 -2.686997
v 0.550700 -0.642799 -2.720196
v 0.575501 -0.662299 -2.730497
v 0.608300 -0.651999 -2.703597
v 0.593001 -0.639999 -2.676697
v 0.568101 -0.620499 -2.686997
v 0.568101 -0.620499 -2.720196
v 0.593001 -0.639999 -2.730497
v 0.443500 -0.955899 -2.616397
v 0.624801 -0.955899 -2.616397
v 0.443500 -0.678799 -2.616397
v 0.624801 -0.678799 -2.616397
v 0.443500 -0.678799 -2.796298
v 0.624801 -0.678799 -2.796298
v 0.443500 -0.955899 -2.796298
v 0.624801 -0.955899 -2.796298
v 0.533000 -0.955899 -2.796298
v 0.533000 -0.955899 -2.616397
v 0.533000 -0.617999 -2.616397
v 0.533000 -0.617999 -2.796298
v 0.533000 -0.596700 -2.616397
v 0.533000 -0.596700 -2.796298
v 0.272500 -0.674299 -3.241197
v 0.257101 -0.662299 -3.214297
v 0.232300 -0.642799 -3.224597
v 0.232300 -0.642799 -3.257797
v 0.257101 -0.662299 -3.268097
v 0.289900 -0.651999 -3.241197
v 0.274601 -0.639999 -3.214297
v 0.249701 -0.620499 -3.224597
v 0.249701 -0.620499 -3.257797
v 0.274601 -0.639999 -3.268097
v 0.125101 -0.955899 -3.153997
v 0.306401 -0.955899 -3.153997
v 0.125101 -0.678799 -3.153997
v 0.306401 -0.678799 -3.153997
v 0.125101 -0.678799 -3.333898
v 0.306401 -0.678799 -3.333898
v 0.125101 -0.955899 -3.333898
v 0.306401 -0.955899 -3.333898
v 0.214600 -0.955899 -3.333898
v 0.214600 -0.955899 -3.153997
v 0.214600 -0.617999 -3.153997
v 0.214600 -0.617999 -3.333898
v 0.214600 -0.596699 -3.153997
v 0.214600 -0.596699 -3.333898
v 0.590901 -0.674299 -3.241197
v 0.575501 -0.662299 -3.214297
v 0.550700 -0.642799 -3.224597
v 0.550700 -0.642799 -3.257797
v 0.575501 -0.662299 -3.268097
v 0.608300 -0.651999 -3.241197
v 0.593001 -0.639999 -3.214297
v 0.568101 -0.620499 -3.224597
v 0.568101 -0.620499 -3.257797
v 0.593001 -0.639999 -3.268097
v 0.443500 -0.955899 -3.153997
v 0.624801 -0.955899 -3.153997
v 0.443500 -0.678799 -3.153997
v 0.624801 -0.678799 -3.153997
v 0.443500 -0.678799 -3.333898
v 0.624801 -0.678799 -3.333898
v 0.443500 -0.955899 -3.333898
v 0.624801 -0.955899 -3.333898
v 0.533000 -0.955899 -3.333898
v 0.533000 -0.955899 -3.153997
v 0.533000 -0.617999 -3.153997
v 0.533000 -0.617999 -3.333898
v 0.533000 -0.596699 -3.153997
v 0.533000 -0.596699 -3.333898
v 0.272500 -0.674299 -3.782497
v 0.257101 -0.662299 -3.755597
v 0.232300 -0.642799 -3.765897
v 0.232300 -0.642799 -3.799096
v 0.257101 -0.662299 -3.809397
v 0.289900 -0.651999 -3.782497
v 0.274601 -0.639999 -3.755597
v 0.249701 -0.620499 -3.765897
v 0.249701 -0.620499 -3.799096
v 0.274601 -0.639999 -3.809397
v 0.125101 -0.955899 -3.695297
v 0.306401 -0.955899 -3.695297
v 0.125101 -0.678799 -3.695297
v 0.306401 -0.678799 -3.695297
v 0.125101 -0.678799 -3.875198
v 0.306401 -0.678799 -3.875198
v 0.125101 -0.955899 -3.875198
v 0.306401 -0.955899 -3.875198
v 0.214600 -0.955899 -3.875198
v 0.214600 -0.955899 -3.695297
v 0.214600 -0.617999 -3.695297
v 0.214600 -0.617999 -3.875198
v 0.214600 -0.596699 -3.695297
v 0.214600 -0.596699 -3.875198
v 0.590901 -0.674299 -3.782497
v 0.575501 -0.662299 -3.755597
v 0.550700 -0.642799 -3.765897
v 0.550700 -0.642799 -3.799096
v 0.575501 -0.662299 -3.809397
v 0.608300 -0.651999 -3.782497
v 0.593001 -0.639999 -3.755597
v 0.568101 -0.620499 -3.765897
v 0.568101 -0.620499 -3.799096
v 0.593001 -0.639999 -3.809397
v 0.443500 -0.955899 -3.695297
v 0.624801 -0.955899 -3.695297
v 0.443500 -0.678799 -3.695297
v 0.624801 -0.678799 -3.695297
v 0.443500 -0.678799 -3.875198
v 0.624801 -0.678799 -3.875198
v 0.443500 -0.955899 -3.875198
v 0.624801 -0.955899 -3.875198
v 0.533000 -0.955899 -3.875198
v 0.533000 -0.955899 -3.695297
v 0.533000 -0.617999 -3.695297
v 0.533000 -0.617999 -3.875198
v 0.533000 -0.596699 -3.695297
v 0.533000 -0.596699 -3.875198
v 0.272500 -0.674299 -4.321098
v 0.257101 -0.662299 -4.294198
v 0.232300 -0.642799 -4.304499
v 0.232300 -0.642799 -4.337698
v 0.257101 -0.662299 -4.347999
v 0.289900 -0.651999 -4.321098
v 0.274601 -0.639999 -4.294198
v 0.249701 -0.620499 -4.304499
v 0.249701 -0.620499 -4.337698
v 0.274601 -0.639999 -4.347999
v 0.125101 -0.955899 -4.233898
v 0.306401 -0.955899 -4.233898
v 0.125101 -0.678799 -4.233898
v 0.306401 -0.678799 -4.233898
v 0.125101 -0.678799 -4.413799
v 0.306401 -0.678799 -4.413799
v 0.125101 -0.955899 -4.413799
v 0.306401 -0.955899 -4.413799
v 0.214600 -0.955899 -4.413799
v 0.214600 -0.955899 -4.233898
v 0.214600 -0.617999 -4.233898
v 0.214600 -0.617999 -4.413799
v 0.214600 -0.596699 -4.233898
v 0.214600 -0.596699 -4.413799
v 0.590901 -0.674299 -4.321098
v 0.575501 -0.662299 -4.294198
v 0.550700 -0.642799 -4.304499
v 0.550700 -0.642799 -4.337698
v 0.575501 -0.662299 -4.347999
v 0.608300 -0.651999 -4.321098
v 0.593001 -0.639999 -4.294198
v 0.568101 -0.620499 -4.304499
v 0.568101 -0.620499 -4.337698
v 0.593001 -0.639999 -4.347999
v 0.443500 -0.955899 -4.233898
v 0.624801 -0.955899 -4.233898
v 0.443500 -0.678799 -4.233898
v 0.624801 -0.678799 -4.233898
v 0.443500 -0.678799 -4.413799
v 0.624801 -0.678799 -4.413799
v 0.443500 -0.955899 -4.413799
v 0.624801 -0.955899 -4.413799
v 0.533000 -0.955899 -4.413799
v 0.533000 -0.955899 -4.233898
v 0.533000 -0.617999 -4.233898
v 0.533000 -0.617999 -4.413799
v 0.533000 -0.596699 -4.233898
v 0.533000 -0.596699 -4.413799
v 0.272500 -0.674299 -4.862896
v 0.257101 -0.662299 -4.835996
v 0.232300 -0.642799 -4.846296
v 0.232300 -0.642799 -4.879496
v 0.257101 -0.662299 -4.889796
v 0.289900 -0.651999 -4.862896
v 0.274601 -0.639999 -4.835996
v 0.249701 -0.620499 -4.846296
v 0.249701 -0.620499 -4.879496
v 0.274601 -0.639999 -4.889796
v 0.125101 -0.955899 -4.775696
v 0.306401 -0.955899 -4.775696
v 0.125101 -0.678798 -4.775696
v 0.306401 -0.678798 -4.775696
v 0.125101 -0.678798 -4.955597
v 0.306401 -0.678798 -4.955597
v 0.125101 -0.955898 -4.955597
v 0.306401 -0.955898 -4.955597
v 0.214600 -0.955898 -4.955597
v 0.214600 -0.955899 -4.775696
v 0.214600 -0.617999 -4.775696
v 0.214600 -0.617999 -4.955597
v 0.214600 -0.596699 -4.775696
v 0.214600 -0.596699 -4.955597
v 0.590901 -0.674299 -4.862896
v 0.575501 -0.662299 -4.835996
v 0.550700 -0.642799 -4.846296
v 0.550700 -0.642799 -4.879496
v 0.575501 -0.662299 -4.889796
v 0.608300 -0.651999 -4.862896
v 0.593001 -0.639999 -4.835996
v 0.568101 -0.620499 -4.846296
v 0.568101 -0.620499 -4.879496
v 0.593001 -0.639999 -4.889796
v 0.443500 -0.955899 -4.775696
v 0.624801 -0.955899 -4.775696
v 0.443500 -0.678798 -4.775696
v 0.624801 -0.678798 -4.775696
v 0.443500 -0.678798 -4.955597
v 0.624801 -0.678798 -4.955597
v 0.443500 -0.955898 -4.955597
v 0.624801 -0.955898 -4.955597
v 0.533000 -0.955898 -4.955597
v 0.533000 -0.955899 -4.775696
v 0.533000 -0.617999 -4.775696
v 0.533000 -0.617999 -4.955597
v 0.533000 -0.596699 -4.775696
v 0.533000 -0.596699 -4.955597
v 0.272500 -0.674298 -5.401696
v 0.257101 -0.662299 -5.374796
v 0.232300 -0.642799 -5.385097
v 0.232300 -0.642799 -5.418296
v 0.257101 -0.662299 -5.428596
v 0.289900 -0.651999 -5.401696
v 0.274601 -0.639999 -5.374796
v 0.249701 -0.620499 -5.385097
v 0.249701 -0.620499 -5.418296
v 0.274601 -0.639999 -5.428596
v 0.125101 -0.955898 -5.314496
v 0.306401 -0.955898 -5.314496
v 0.125101 -0.678798 -5.314496
v 0.306401 -0.678798 -5.314496
v 0.125101 -0.678798 -5.494397
v 0.306401 -0.678798 -5.494397
v 0.125101 -0.955898 -5.494397
v 0.306401 -0.955898 -5.494397
v 0.214600 -0.955898 -5.494397
v 0.214600 -0.955898 -5.314496
v 0.214600 -0.617999 -5.314496
v 0.214600 -0.617999 -5.494397
v 0.214600 -0.596699 -5.314496
v 0.214600 -0.596699 -5.494397
v 0.590901 -0.674298 -5.401696
v 0.575501 -0.662299 -5.374796
v 0.550700 -0.642799 -5.385097
v 0.550700 -0.642799 -5.418296
v 0.575501 -0.662299 -5.428596
v 0.608300 -0.651999 -5.401696
v 0.593001 -0.639999 -5.374796
v 0.568101 -0.620499 -5.385097
v 0.568101 -0.620499 -5.418296
v 0.593001 -0.639999 -5.428596
v 0.443500 -0.955898 -5.314496
v 0.624801 -0.955898 -5.314496
v 0.443500 -0.678798 -5.314496
v 0.624801 -0.678798 -5.314496
v 0.443500 -0.678798 -5.494397
v 0.624801 -0.678798 -5.494397
v 0.443500 -0.955898 -5.494397
v 0.624801 -0.955898 -5.494397
v 0.533000 -0.955898 -5.494397
v 0.533000 -0.955898 -5.314496
v 0.533000 -0.617999 -5.314496
v 0.533000 -0.617999 -5.494397
v 0.533000 -0.596699 -5.314496
v 0.533000 -0.596699 -5.494397
v 0.272500 -0.674298 -5.940798
v 0.257101 -0.662299 -5.913898
v 0.232300 -0.642799 -5.924198
v 0.232300 -0.642799 -5.957397
v 0.257101 -0.662299 -5.967697
v 0.289900 -0.651999 -5.940798
v 0.274601 -0.639999 -5.913898
v 0.249701 -0.620499 -5.924198
v 0.249701 -0.620499 -5.957397
v 0.274601 -0.639999 -5.967697
v 0.125101 -0.955898 -5.853598
v 0.306401 -0.955898 -5.853598
v 0.125101 -0.678798 -5.853598
v 0.306401 -0.678798 -5.853598
v 0.125101 -0.678798 -6.033499
v 0.306401 -0.678798 -6.033499
v 0.125101 -0.955898 -6.033499
v 0.306401 -0.955898 -6.033499
v 0.214600 -0.955898 -6.033499
v 0.214600 -0.955898 -5.853598
v 0.214600 -0.617999 -5.853598
v 0.214600 -0.617999 -6.033499
v 0.214600 -0.596699 -5.853598
v 0.214600 -0.596699 -6.033499
v 0.590901 -0.674298 -5.940798
v 0.575501 -0.662299 -5.913898
v 0.550700 -0.642799 -5.924198
v 0.550700 -0.642799 -5.957397
v 0.575501 -0.662299 -5.967697
v 0.608300 -0.651999 -5.940798
v 0.593001 -0.639999 -5.913898
v 0.568101 -0.620499 -5.924198
v 0.568101 -0.620499 -5.957397
v 0.593001 -0.639999 -5.967697
v 0.443500 -0.955898 -5.853598
v 0.624801 -0.955898 -5.853598
v 0.443500 -0.678798 -5.853598
v 0.624801 -0.678798 -5.853598
v 0.443500 -0.678798 -6.033499
v 0.624801 -0.678798 -6.033499
v 0.443500 -0.955898 -6.033499
v 0.624801 -0.955898 -6.033499
v 0.533000 -0.955898 -6.033499
v 0.533000 -0.955898 -5.853598
v 0.533000 -0.617999 -5.853598
v 0.533000 -0.617999 -6.033499
v 0.533000 -0.596699 -5.853598
v 0.533000 -0.596699 -6.033499
v 0.272500 -0.674298 -6.481499
v 0.257101 -0.662298 -6.454598
v 0.232300 -0.642799 -6.464899
v 0.232300 -0.642799 -6.498097
v 0.257101 -0.662298 -6.508398
v 0.289900 -0.651998 -6.481499
v 0.274601 -0.639999 -6.454598
v 0.249701 -0.620499 -6.464899
v 0.249701 -0.620499 -6.498097
v 0.274601 -0.639999 -6.508398
v 0.125101 -0.955898 -6.394299
v 0.306401 -0.955898 -6.394299
v 0.125101 -0.678798 -6.394299
v 0.306401 -0.678798 -6.394299
v 0.125101 -0.678798 -6.574200
v 0.306401 -0.678798 -6.574200
v 0.125101 -0.955898 -6.574200
v 0.306401 -0.955898 -6.574200
v 0.214600 -0.955898 -6.574200
v 0.214600 -0.955898 -6.394299
v 0.214600 -0.617998 -6.394299
v 0.214600 -0.617998 -6.574200
v 0.214600 -0.596699 -6.394299
v 0.214600 -0.596699 -6.574200
v 0.590901 -0.674298 -6.481499
v 0.575501 -0.662298 -6.454598
v 0.550700 -0.642799 -6.464899
v 0.550700 -0.642799 -6.498097
v 0.575501 -0.662298 -6.508398
v 0.608300 -0.651998 -6.481499
v 0.593001 -0.639999 -6.454598
v 0.568101 -0.620499 -6.464899
v 0.568101 -0.620499 -6.498097
v 0.593001 -0.639999 -6.508398
v 0.443500 -0.955898 -6.394299
v 0.624801 -0.955898 -6.394299
v 0.443500 -0.678798 -6.394299
v 0.624801 -0.678798 -6.394299
v 0.443500 -0.678798 -6.574200
v 0.624801 -0.678798 -6.574200
v 0.443500 -0.955898 -6.574200
v 0.624801 -0.955898 -6.574200
v 0.533000 -0.955898 -6.574200
v 0.533000 -0.955898 -6.394299
v 0.533000 -0.617998 -6.394299
v 0.533000 -0.617998 -6.574200
v 0.533000 -0.596699 -6.394299
v 0.533000 -0.596699 -6.574200
v 0.272500 -0.674298 -7.021098
v 0.257101 -0.662298 -6.994198
v 0.232300 -0.642798 -7.004498
v 0.232300 -0.642798 -7.037698
v 0.257101 -0.662298 -7.047998
v 0.289900 -0.651998 -7.021098
v 0.274601 -0.639998 -6.994198
v 0.249701 -0.620498 -7.004498
v 0.249701 -0.620498 -7.037698
v 0.274601 -0.639998 -7.047998
v 0.125101 -0.955898 -6.933898
v 0.306401 -0.955898 -6.933898
v 0.125101 -0.678798 -6.933898
v 0.306401 -0.678798 -6.933898
v 0.125101 -0.678798 -7.113799
v 0.306401 -0.678798 -7.113799
v 0.125101 -0.955898 -7.113799
v 0.306401 -0.955898 -7.113799
v 0.214600 -0.955898 -7.113799
v 0.214600 -0.955898 -6.933898
v 0.214600 -0.617998 -6.933898
v 0.214600 -0.617998 -7.113799
v 0.214600 -0.596699 -6.933898
v 0.214600 -0.596699 -7.113799
v 0.590901 -0.674298 -7.021098
v 0.575501 -0.662298 -6.994198
v 0.550700 -0.642798 -7.004498
v 0.550700 -0.642798 -7.037698
v 0.575501 -0.662298 -7.047998
v 0.608300 -0.651998 -7.021098
v 0.593001 -0.639998 -6.994198
v 0.568101 -0.620498 -7.004498
v 0.568101 -0.620498 -7.037698
v 0.593001 -0.639998 -7.047998
v 0.443500 -0.955898 -6.933898
v 0.624801 -0.955898 -6.933898
v 0.443500 -0.678798 -6.933898
v 0.624801 -0.678798 -6.933898
v 0.443500 -0.678798 -7.113799
v 0.624801 -0.678798 -7.113799
v 0.443500 -0.955898 -7.113799
v 0.624801 -0.955898 -7.113799
v 0.533000 -0.955898 -7.113799
v 0.533000 -0.955898 -6.933898
v 0.533000 -0.617998 -6.933898
v 0.533000 -0.617998 -7.113799
v 0.533000 -0.596699 -6.933898
v 0.533000 -0.596699 -7.113799
v 0.272500 -0.674298 -7.559899
v 0.257101 -0.662298 -7.532999
v 0.232300 -0.642798 -7.543300
v 0.232300 -0.642798 -7.576498
v 0.257101 -0.662298 -7.586799
v 0.289900 -0.651998 -7.559899
v 0.274601 -0.639998 -7.532999
v 0.249701 -0.620498 -7.543300
v 0.249701 -0.620498 -7.576498
v 0.274601 -0.639998 -7.586799
v 0.125101 -0.955898 -7.472699
v 0.306401 -0.955898 -7.472699
v 0.125101 -0.678798 -7.472699
v 0.306401 -0.678798 -7.472699
v 0.125101 -0.678798 -7.652600
v 0.306401 -0.678798 -7.652600
v 0.125101 -0.955898 -7.652600
v 0.306401 -0.955898 -7.652600
v 0.214600 -0.955898 -7.652600
v 0.214600 -0.955898 -7.472699
v 0.214600 -0.617998 -7.472699
v 0.214600 -0.617998 -7.652600
v 0.214600 -0.596699 -7.472699
v 0.214600 -0.596699 -7.652600
v 0.590901 -0.674298 -7.559899
v 0.575501 -0.662298 -7.532999
v 0.550700 -0.642798 -7.543300
v 0.550700 -0.642798 -7.576498
v 0.575501 -0.662298 -7.586799
v 0.608300 -0.651998 -7.559899
v 0.593001 -0.639998 -7.532999
v 0.568101 -0.620498 -7.543300
v 0.568101 -0.620498 -7.576498
v 0.593001 -0.639998 -7.586799
v 0.443500 -0.955898 -7.472699
v 0.624801 -0.955898 -7.472699
v 0.443500 -0.678798 -7.472699
v 0.624801 -0.678798 -7.472699
v 0.443500 -0.678798 -7.652600
v 0.624801 -0.678798 -7.652600
v 0.443500 -0.955898 -7.652600
v 0.624801 -0.955898 -7.652600
v 0.533000 -0.955898 -7.652600
v 0.533000 -0.955898 -7.472699
v 0.533000 -0.617998 -7.472699
v 0.533000 -0.617998 -7.652600
v 0.533000 -0.596699 -7.472699
v 0.533000 -0.596699 -7.652600
v 0.272500 -0.674298 -8.101700
v 0.257101 -0.662298 -8.074800
v 0.232300 -0.642798 -8.085100
v 0.232300 -0.642798 -8.118299
v 0.257101 -0.662298 -8.128600
v 0.289900 -0.651998 -8.101700
v 0.274601 -0.639998 -8.074800
v 0.249701 -0.620498 -8.085100
v 0.249701 -0.620498 -8.118299
v 0.274601 -0.639998 -8.128600
v 0.125101 -0.955898 -8.014499
v 0.306401 -0.955898 -8.014499
v 0.125101 -0.678798 -8.014499
v 0.306401 -0.678798 -8.014499
v 0.125101 -0.678798 -8.194402
v 0.306401 -0.678798 -8.194402
v 0.125101 -0.955898 -8.194402
v 0.306401 -0.955898 -8.194402
v 0.214600 -0.955898 -8.194402
v 0.214600 -0.955898 -8.014499
v 0.214600 -0.617998 -8.014499
v 0.214600 -0.617998 -8.194402
v 0.214600 -0.596699 -8.014499
v 0.214600 -0.596699 -8.194402
v 0.590901 -0.674298 -8.101700
v 0.575501 -0.662298 -8.074800
v 0.550700 -0.642798 -8.085100
v 0.550700 -0.642798 -8.118299
v 0.575501 -0.662298 -8.128600
v 0.608300 -0.651998 -8.101700
v 0.593001 -0.639998 -8.074800
v 0.568101 -0.620498 -8.085100
v 0.568101 -0.620498 -8.118299
v 0.593001 -0.639998 -8.128600
v 0.443500 -0.955898 -8.014499
v 0.624801 -0.955898 -8.014499
v 0.443500 -0.678798 -8.014499
v 0.624801 -0.678798 -8.014499
v 0.443500 -0.678798 -8.194402
v 0.624801 -0.678798 -8.194402
v 0.443500 -0.955898 -8.194402
v 0.624801 -0.955898 -8.194402
v 0.533000 -0.955898 -8.194402
v 0.533000 -0.955898 -8.014499
v 0.533000 -0.617998 -8.014499
v 0.533000 -0.617998 -8.194402
v 0.533000 -0.596699 -8.014499
v 0.533000 -0.596699 -8.194402
v 0.272500 -0.674298 -8.641499
v 0.257101 -0.662298 -8.614598
v 0.232300 -0.642798 -8.624899
v 0.232300 -0.642798 -8.658098
v 0.257101 -0.662298 -8.668398
v 0.289900 -0.651998 -8.641499
v 0.274601 -0.639998 -8.614598
v 0.249701 -0.620498 -8.624899
v 0.249701 -0.620498 -8.658098
v 0.274601 -0.639998 -8.668398
v 0.125101 -0.955898 -8.554298
v 0.306401 -0.955898 -8.554298
v 0.125101 -0.678798 -8.554298
v 0.306401 -0.678798 -8.554298
v 0.125101 -0.678798 -8.734200
v 0.306401 -0.678798 -8.734200
v 0.125101 -0.955898 -8.734200
v 0.306401 -0.955898 -8.734200
v 0.214600 -0.955898 -8.734200
v 0.214600 -0.955898 -8.554298
v 0.214600 -0.617998 -8.554298
v 0.214600 -0.617998 -8.734200
v 0.214600 -0.596699 -8.554298
v 0.214600 -0.596699 -8.734200
v 0.590901 -0.674298 -8.641499
v 0.575501 -0.662298 -8.614598
v 0.550700 -0.642798 -8.624899
v 0.550700 -0.642798 -8.658098
v 0.575501 -0.662298 -8.668398
v 0.608300 -0.651998 -8.641499
v 0.593001 -0.639998 -8.614598
v 0.568101 -0.620498 -8.624899
v 0.568101 -0.620498 -8.658098
v 0.593001 -0.639998 -8.668398
v 0.443500 -0.955898 -8.554298
v 0.624801 -0.955898 -8.554298
v 0.443500 -0.678798 -8.554298
v 0.624801 -0.678798 -8.554298
v 0.443500 -0.678798 -8.734200
v 0.624801 -0.678798 -8.734200
v 0.443500 -0.955898 -8.734200
v 0.624801 -0.955898 -8.734200
v 0.533000 -0.955898 -8.734200
v 0.533000 -0.955898 -8.554298
v 0.533000 -0.617998 -8.554298
v 0.533000 -0.617998 -8.734200
v 0.533000 -0.596699 -8.554298
v 0.533000 -0.596699 -8.734200
v 0.004852 0.543899 9.093400
v 0.004852 0.614601 -9.127484
v 0.004852 0.614599 9.093400
v 0.004852 0.543902 -9.127484
v 0.003994 -0.051901 9.102799
v 0.003994 0.018901 -9.090626
v 0.003994 0.018899 9.102799
v 0.003994 -0.051899 -9.090626
v 0.000000 -0.566301 9.118600
v 0.000000 -0.495598 -9.078350
v 0.000000 -0.495601 9.118600
v 0.000000 -0.566298 -9.078350
v 0.000000 -1.048501 9.127699
v 0.000000 -0.958099 -9.070499
v 0.000000 -0.958102 9.127699
v 0.000000 -1.048499 -9.070499
vn -0.0000 -0.0000 1.0000
vn -1.0000 -0.0000 0.0063
vn -1.0000 -0.0000 -0.0063
vn -0.0000 1.0000 -0.0000
vn -1.0000 -0.0000 -0.0000
vn -0.0000 -0.0000 -1.0000
vn 1.0000 -0.0000 0.0063
vn 1.0000 -0.0000 -0.0063
vn 1.0000 -0.0000 -0.0000
vn -1.0000 0.0078 -0.0000
vn 0.9950 0.1002 -0.0000
vn 0.0147 0.9999 -0.0000
vn 0.2531 -0.9674 0.0023
vn -0.0357 -0.0000 -0.9994
vn 0.0042 -0.0000 -1.0000
vn 0.0072 -0.0000 -1.0000
vn -0.0209 -0.0000 -0.9998
vn 0.6378 -0.4991 0.5866
vn -0.2441 0.1911 0.9507
vn 0.6166 0.7872 -0.0004
vn -0.7884 0.6152 -0.0000
vn 0.6168 0.7871 -0.0000
vn -0.2442 0.1911 -0.9507
vn 0.6167 0.7872 0.0004
vn 0.6378 -0.4991 -0.5866
vn 0.5522 0.8337 -0.0000
vn -0.5619 0.8272 -0.0000
vn -0.2442 0.1911 0.9507
vn 0.6167 0.7872 -0.0004
vn -0.2441 0.1910 -0.9507
vn -0.2441 0.1910 0.9507
vn -0.2441 0.1911 -0.9507
vn -0.2442 0.1910 0.9507
vn -0.0066 -0.0000 1.0000
vt 0.236655 0.281513
vt 0.207056 0.210399
vt 0.260951 0.594190
vt 0.237512 0.145728
vt 0.260951 0.594190
vt 0.165438 0.016463
vt 0.260951 0.594190
vt 0.260951 0.594190
vt 0.165438 0.126830
vt 0.235766 0.141141
vt 0.154726 0.115722
vt 0.130274 0.126946
vt 0.129745 0.016581
vt 0.217315 0.168526
vt 0.154198 0.005356
vt 0.217315 0.137542
vt 0.236624 0.005356
vt 0.154198 0.229010
vt 0.236624 0.281513
vt 0.207087 0.210399
vt 0.129745 0.240234
vt 0.207087 0.179415
vt 0.130274 0.130661
vt 0.235766 0.145728
vt 0.154726 0.119437
vt 0.260951 0.583478
vt 0.260951 0.583478
vt 0.168815 0.207870
vt 0.260951 0.583478
vt 0.168815 0.180964
vt 0.260951 0.583478
vt 0.207056 0.179415
vt 0.260951 0.594190
vt 0.260951 0.594190
vt 0.260951 0.594190
vt 0.217285 0.168526
vt 0.260951 0.594190
vt 0.217285 0.137542
vt 0.236655 0.005356
vt 0.260951 0.594190
vt 0.237512 0.141141
vt 0.260951 0.594190
vt 0.260951 0.594190
vt 0.260951 0.594190
vt 0.260951 0.594190
vt 0.260951 0.594190
vt 0.189944 0.115723
vt 0.260951 0.594190
vt 0.225054 0.114930
vt 0.260951 0.594190
vt 0.200656 0.126272
vt 0.260951 0.594190
vt 0.200656 0.016698
vt 0.260951 0.594190
vt 0.225054 0.005356
vt 0.260951 0.594190
vt 0.189944 0.005356
vt 0.260951 0.594190
vt 0.165438 0.206320
vt 0.260951 0.583478
vt 0.165438 0.179414
vt 0.260951 0.583478
vt 0.260951 0.583478
vt 0.260951 0.583478
vt 0.206573 0.168702
vt 0.260951 0.604902
vt 0.260951 0.604902
vt 0.180649 0.137542
vt 0.260951 0.572766
vt 0.165438 0.137542
vt 0.260951 0.572766
vt 0.191361 0.168702
vt 0.193292 0.179414
vt 0.203429 0.137542
vt 0.217799 0.252355
vt 0.196344 0.181131
vt 0.222123 0.252355
vt 0.177505 0.168702
vt 0.196344 0.207122
vt 0.260951 0.604902
vt 0.180649 0.137542
vt 0.193292 0.205405
vt 0.206573 0.168702
vt 0.260951 0.604902
vt 0.182580 0.207122
vt 0.222123 0.243432
vt 0.168582 0.168702
vt 0.179527 0.205405
vt 0.194506 0.137542
vt 0.217799 0.243432
vt 0.179527 0.179414
vt 0.260951 0.572766
vt 0.191361 0.168702
vt 0.182580 0.181131
vt 0.260951 0.572766
vt 0.165438 0.137542
vt 0.284220 0.005356
vt 0.261083 0.261072
vt 0.283373 0.005745
vt 0.068158 0.282512
vt 0.260010 0.261072
vt 0.165438 0.218584
vt 0.283373 0.230208
vt 0.068158 0.005356
vt 0.166511 0.218582
vt 0.284220 0.229819
vt 0.318899 0.005356
vt 0.192388 0.237916
vt 0.318051 0.005745
vt 0.098951 0.282143
vt 0.191314 0.237916
vt 0.180602 0.237916
vt 0.318051 0.229841
vt 0.098951 0.005440
vt 0.179527 0.237916
vt 0.318899 0.229452
vt 0.295779 0.005356
vt 0.249298 0.261072
vt 0.294932 0.005745
vt 0.037364 0.282591
vt 0.248224 0.261072
vt 0.207087 0.241194
vt 0.294932 0.230155
vt 0.037364 0.005501
vt 0.206014 0.241193
vt 0.295779 0.229766
vt 0.249307 0.005356
vt 0.219171 0.232720
vt 0.248224 0.005853
vt 0.026652 0.005356
vt 0.217799 0.232720
vt 0.217799 0.179416
vt 0.248224 0.230278
vt 0.026652 0.282465
vt 0.219171 0.179414
vt 0.249307 0.229781
vt 0.165357 0.899855
vt 0.929594 0.878536
vt 0.165341 0.900136
vt 0.165357 0.900622
vt 0.470358 0.860359
vt 0.470863 0.860359
vt 0.991880 0.458422
vt 0.991879 0.458908
vt 0.929594 0.878030
vt 0.165787 0.899848
vt 0.470611 0.859483
vt 0.930025 0.878536
vt 0.165771 0.900128
vt 0.470201 0.859716
vt 0.165787 0.900614
vt 0.470358 0.860094
vt 0.992309 0.458415
vt 0.470863 0.860094
vt 0.992309 0.458902
vt 0.471020 0.859716
vt 0.930025 0.878031
vt 0.712158 0.021570
vt 0.234755 0.418954
vt 0.710875 0.474351
vt 0.237512 0.418954
vt 0.712158 0.025222
vt 0.234755 0.423161
vt 0.788107 0.530049
vt 0.710875 0.470698
vt 0.237512 0.423161
vt 0.788107 0.527291
vt 0.710144 0.024297
vt 0.790844 0.530049
vt 0.382311 0.419449
vt 0.708861 0.469774
vt 0.790844 0.527291
vt 0.379553 0.419449
vt 0.710144 0.020645
vt 0.382311 0.415243
vt 0.708861 0.473426
vt 0.379553 0.415243
vt 0.380949 0.415243
vt 0.236116 0.418954
vt 0.236116 0.424084
vt 0.788107 0.528687
vt 0.205328 0.832472
vt 0.790844 0.528687
vt 0.380949 0.420372
vt 0.205328 0.834689
vt 0.205073 0.832590
vt 0.205073 0.834806
vt 0.860429 0.902223
vt 0.177844 0.933200
vt 0.860412 0.902504
vt 0.860429 0.902989
vt 0.412706 0.860359
vt 0.413212 0.860359
vt 0.991880 0.270754
vt 0.991879 0.271240
vt 0.177844 0.932694
vt 0.860858 0.902216
vt 0.412959 0.859483
vt 0.178274 0.933200
vt 0.860842 0.902495
vt 0.412550 0.859716
vt 0.860858 0.902982
vt 0.412706 0.860094
vt 0.992309 0.270747
vt 0.413212 0.860094
vt 0.992309 0.271234
vt 0.413368 0.859716
vt 0.178275 0.932695
vt 0.273809 0.605158
vt 0.460372 0.399402
vt 0.219813 0.615046
vt 0.463129 0.399402
vt 0.273809 0.608810
vt 0.460372 0.403608
vt 0.005356 0.774376
vt 0.219813 0.611393
vt 0.463129 0.403608
vt 0.005356 0.771618
vt 0.271795 0.607885
vt 0.008093 0.774376
vt 0.381579 0.212214
vt 0.217799 0.610469
vt 0.008093 0.771618
vt 0.384337 0.212214
vt 0.271795 0.604233
vt 0.381579 0.216421
vt 0.217799 0.614121
vt 0.384337 0.216421
vt 0.382941 0.216421
vt 0.461733 0.399402
vt 0.461733 0.404531
vt 0.005356 0.773014
vt 0.352338 0.821804
vt 0.008093 0.773014
vt 0.382941 0.211291
vt 0.352338 0.824020
vt 0.352083 0.821921
vt 0.352083 0.824138
vt 0.589843 0.903921
vt 0.674747 0.927391
vt 0.589826 0.904201
vt 0.589843 0.904687
vt 0.165869 0.854474
vt 0.166374 0.854474
vt 0.980737 0.435987
vt 0.980736 0.436473
vt 0.674747 0.926885
vt 0.590273 0.903913
vt 0.166121 0.853598
vt 0.675177 0.927391
vt 0.590257 0.904193
vt 0.165712 0.853831
vt 0.590273 0.904680
vt 0.165869 0.854210
vt 0.981167 0.435980
vt 0.166374 0.854210
vt 0.981167 0.436467
vt 0.166531 0.853831
vt 0.675178 0.926886
vt 0.698149 0.226074
vt 0.098951 0.419584
vt 0.673979 0.055800
vt 0.101709 0.419584
vt 0.698149 0.229726
vt 0.098951 0.423790
vt 0.774659 0.380797
vt 0.673979 0.052148
vt 0.101709 0.423790
vt 0.774659 0.378039
vt 0.696135 0.228801
vt 0.777396 0.380797
vt 0.053591 0.376715
vt 0.671965 0.051223
vt 0.777396 0.378039
vt 0.050833 0.376715
vt 0.696135 0.225149
vt 0.053591 0.372509
vt 0.671965 0.054876
vt 0.050833 0.372509
vt 0.052230 0.372509
vt 0.100313 0.419584
vt 0.100313 0.424713
vt 0.774659 0.379436
vt 0.830336 0.627534
vt 0.777396 0.379436
vt 0.052230 0.377638
vt 0.830336 0.629750
vt 0.830081 0.627651
vt 0.830081 0.629868
vt 0.905604 0.795979
vt 0.937447 0.067503
vt 0.905587 0.796259
vt 0.905604 0.796745
vt 0.857111 0.226025
vt 0.857616 0.226025
vt 0.991880 0.259550
vt 0.991879 0.260035
vt 0.937447 0.066998
vt 0.906034 0.795971
vt 0.857364 0.225149
vt 0.937877 0.067503
vt 0.906018 0.796251
vt 0.856955 0.225382
vt 0.906034 0.796738
vt 0.857111 0.225760
vt 0.992309 0.259543
vt 0.857616 0.225760
vt 0.992309 0.260030
vt 0.857773 0.225382
vt 0.937878 0.066998
vt 0.584896 0.036859
vt 0.312204 0.399402
vt 0.596340 0.550796
vt 0.314962 0.399402
vt 0.584896 0.040511
vt 0.312204 0.403608
vt 0.749044 0.063812
vt 0.596340 0.547143
vt 0.314962 0.403608
vt 0.749044 0.061054
vt 0.582882 0.039587
vt 0.751781 0.063812
vt 0.352613 0.384484
vt 0.594326 0.546219
vt 0.751781 0.061054
vt 0.355371 0.384484
vt 0.582882 0.035934
vt 0.352613 0.388690
vt 0.594326 0.549871
vt 0.355371 0.388690
vt 0.353975 0.388690
vt 0.313566 0.399402
vt 0.313566 0.404531
vt 0.749044 0.062451
vt 0.704524 0.806940
vt 0.751781 0.062451
vt 0.353975 0.383561
vt 0.704524 0.809156
vt 0.704269 0.807057
vt 0.704269 0.809273
vt 0.686294 0.903921
vt 0.319564 0.940324
vt 0.686277 0.904202
vt 0.686294 0.904687
vt 0.857111 0.272377
vt 0.857616 0.272377
vt 0.234756 0.964153
vt 0.234755 0.964638
vt 0.319564 0.939818
vt 0.686723 0.903914
vt 0.857364 0.271501
vt 0.319994 0.940324
vt 0.686708 0.904193
vt 0.856955 0.271734
vt 0.686723 0.904680
vt 0.857111 0.272113
vt 0.235185 0.964146
vt 0.857616 0.272113
vt 0.235185 0.964633
vt 0.857773 0.271734
vt 0.319995 0.939819
vt 0.193328 0.643373
vt 0.194071 0.412169
vt 0.350166 0.669966
vt 0.191314 0.412169
vt 0.193328 0.647026
vt 0.194071 0.407963
vt 0.774659 0.227907
vt 0.350166 0.666314
vt 0.191314 0.407963
vt 0.774659 0.225149
vt 0.191314 0.646101
vt 0.777395 0.227907
vt 0.368110 0.006279
vt 0.348152 0.665389
vt 0.777395 0.225149
vt 0.370867 0.006279
vt 0.191314 0.642449
vt 0.368110 0.010485
vt 0.348152 0.669042
vt 0.370867 0.010485
vt 0.369471 0.010485
vt 0.192710 0.412169
vt 0.192710 0.407040
vt 0.774659 0.226545
vt 0.830336 0.666670
vt 0.777395 0.226545
vt 0.369471 0.005356
vt 0.830336 0.668886
vt 0.830081 0.666787
vt 0.830081 0.669003
vt 0.433769 0.905637
vt 0.743185 0.927390
vt 0.433752 0.905918
vt 0.433769 0.906404
vt 0.857111 0.307142
vt 0.857616 0.307142
vt 0.965234 0.573662
vt 0.965233 0.574148
vt 0.743185 0.926884
vt 0.434198 0.905630
vt 0.857364 0.306266
vt 0.743615 0.927390
vt 0.434182 0.905910
vt 0.856955 0.306498
vt 0.434198 0.906396
vt 0.857111 0.306877
vt 0.965663 0.573655
vt 0.857616 0.306877
vt 0.965663 0.574142
vt 0.857773 0.306498
vt 0.743616 0.926885
vt 0.648527 0.174460
vt 0.384337 0.042168
vt 0.273809 0.669966
vt 0.381579 0.042168
vt 0.648527 0.178113
vt 0.384337 0.037961
vt 0.271795 0.771532
vt 0.273809 0.666314
vt 0.381579 0.037961
vt 0.271795 0.768774
vt 0.646513 0.177188
vt 0.274531 0.771532
vt 0.354640 0.212214
vt 0.271795 0.665389
vt 0.274531 0.768774
vt 0.357398 0.212214
vt 0.646513 0.173535
vt 0.354640 0.216421
vt 0.271795 0.669042
vt 0.357398 0.216421
vt 0.356001 0.216421
vt 0.382976 0.042168
vt 0.382976 0.037038
vt 0.271795 0.770170
vt 0.143470 0.828965
vt 0.274531 0.770170
vt 0.356001 0.211291
vt 0.143470 0.831181
vt 0.143215 0.829082
vt 0.143215 0.831298
vt 0.902721 0.317656
vt 0.936164 0.352343
vt 0.902704 0.317937
vt 0.902721 0.318422
vt 0.617252 0.870128
vt 0.617757 0.870128
vt 0.110095 0.975987
vt 0.110094 0.976473
vt 0.936164 0.351837
vt 0.903151 0.317649
vt 0.617504 0.869252
vt 0.936595 0.352343
vt 0.903135 0.317928
vt 0.617095 0.869484
vt 0.903151 0.318415
vt 0.617252 0.869863
vt 0.110525 0.975980
vt 0.617757 0.869863
vt 0.110525 0.976467
vt 0.617914 0.869484
vt 0.936595 0.351838
vt 0.157955 0.629851
vt 0.411277 0.153056
vt 0.219813 0.691491
vt 0.408519 0.153056
vt 0.157955 0.633503
vt 0.411277 0.148850
vt 0.770282 0.711111
vt 0.219813 0.687839
vt 0.408519 0.148850
vt 0.770282 0.708353
vt 0.155941 0.632579
vt 0.773019 0.711111
vt 0.370867 0.072927
vt 0.217799 0.686914
vt 0.773019 0.708353
vt 0.368110 0.072927
vt 0.155941 0.628926
vt 0.370867 0.068721
vt 0.217799 0.690567
vt 0.368110 0.068721
vt 0.369506 0.068721
vt 0.409915 0.153056
vt 0.409915 0.147927
vt 0.770282 0.709749
vt 0.526127 0.821804
vt 0.773019 0.709749
vt 0.369506 0.073850
vt 0.526127 0.824020
vt 0.525872 0.821921
vt 0.525872 0.824138
vt 0.778165 0.903921
vt 0.354899 0.940324
vt 0.778148 0.904202
vt 0.778165 0.904687
vt 0.049051 0.873460
vt 0.049556 0.873460
vt 0.826922 0.981269
vt 0.826921 0.981754
vt 0.354899 0.939819
vt 0.778594 0.903914
vt 0.049303 0.872584
vt 0.355329 0.940324
vt 0.778578 0.904193
vt 0.048894 0.872817
vt 0.778594 0.904680
vt 0.049051 0.873196
vt 0.827352 0.981262
vt 0.049556 0.873196
vt 0.827352 0.981749
vt 0.049713 0.872817
vt 0.355330 0.939819
vt 0.477428 0.635736
vt 0.145973 0.414487
vt 0.502880 0.654677
vt 0.143215 0.414487
vt 0.477428 0.639388
vt 0.145973 0.410281
vt 0.337593 0.771532
vt 0.502880 0.651025
vt 0.143215 0.410281
vt 0.337593 0.768774
vt 0.475414 0.638464
vt 0.340329 0.771532
vt 0.217799 0.359037
vt 0.500866 0.650100
vt 0.340329 0.768774
vt 0.220557 0.359037
vt 0.475414 0.634811
vt 0.217799 0.363243
vt 0.500866 0.653753
vt 0.220557 0.363243
vt 0.219160 0.363243
vt 0.144611 0.414487
vt 0.144611 0.409358
vt 0.337593 0.770170
vt 0.178099 0.814577
vt 0.340329 0.770170
vt 0.219160 0.358114
vt 0.178099 0.816793
vt 0.177844 0.814694
vt 0.177844 0.816911
vt 0.904004 0.032138
vt 0.936164 0.540718
vt 0.903987 0.032418
vt 0.904004 0.032904
vt 0.079844 0.850205
vt 0.080349 0.850205
vt 0.510981 0.973465
vt 0.510980 0.973951
vt 0.936164 0.540213
vt 0.904433 0.032131
vt 0.080097 0.849329
vt 0.936595 0.540718
vt 0.904417 0.032410
vt 0.079688 0.849562
vt 0.904433 0.032897
vt 0.079844 0.849940
vt 0.511411 0.973458
vt 0.080349 0.849940
vt 0.511411 0.973945
vt 0.080506 0.849562
vt 0.936595 0.540213
vt 0.595609 0.207766
vt 0.397807 0.216421
vt 0.583614 0.336749
vt 0.395049 0.216421
vt 0.595609 0.204114
vt 0.397807 0.212214
vt 0.747762 0.533688
vt 0.583614 0.333097
vt 0.395049 0.212214
vt 0.747762 0.530930
vt 0.597623 0.205038
vt 0.750498 0.533688
vt 0.037364 0.357591
vt 0.581599 0.332172
vt 0.750498 0.530930
vt 0.040121 0.357591
vt 0.597623 0.208691
vt 0.037364 0.361797
vt 0.581599 0.335825
vt 0.040121 0.361797
vt 0.038725 0.361797
vt 0.396446 0.216421
vt 0.396446 0.211291
vt 0.747762 0.532326
vt 0.797435 0.573655
vt 0.750498 0.532326
vt 0.038725 0.356668
vt 0.797435 0.575871
vt 0.797179 0.573772
vt 0.797179 0.575988
vt 0.884977 0.902120
vt 0.234755 0.942216
vt 0.884960 0.902401
vt 0.884977 0.902887
vt 0.320465 0.848771
vt 0.320970 0.848771
vt 0.991880 0.248332
vt 0.991879 0.248818
vt 0.234755 0.941711
vt 0.885407 0.902113
vt 0.320717 0.847895
vt 0.235185 0.942216
vt 0.885391 0.902393
vt 0.320308 0.848127
vt 0.885407 0.902879
vt 0.320465 0.848506
vt 0.992310 0.248325
vt 0.320970 0.848506
vt 0.992310 0.248812
vt 0.321126 0.848127
vt 0.235186 0.941711
vt 0.630142 0.635736
vt 0.355371 0.404531
vt 0.610349 0.025222
vt 0.352613 0.404531
vt 0.630142 0.639388
vt 0.355371 0.400325
vt 0.191314 0.763880
vt 0.610349 0.021570
vt 0.352613 0.400325
vt 0.191314 0.761123
vt 0.628128 0.638464
vt 0.194050 0.763880
vt 0.366083 0.352801
vt 0.608335 0.020645
vt 0.194050 0.761123
vt 0.368841 0.352801
vt 0.628128 0.634811
vt 0.366083 0.357008
vt 0.608335 0.024298
vt 0.368841 0.357008
vt 0.367445 0.357008
vt 0.354010 0.404531
vt 0.354010 0.399402
vt 0.191314 0.762519
vt 0.682590 0.806940
vt 0.194050 0.762519
vt 0.367445 0.351878
vt 0.682590 0.809156
vt 0.682335 0.807057
vt 0.682335 0.809273
vt 0.909503 0.620015
vt 0.931803 0.585378
vt 0.909486 0.620295
vt 0.909503 0.620781
vt 0.858394 0.171196
vt 0.858899 0.171196
vt 0.969595 0.236373
vt 0.969594 0.236859
vt 0.931803 0.584872
vt 0.909933 0.620008
vt 0.858647 0.170320
vt 0.932234 0.585378
vt 0.909917 0.620287
vt 0.858238 0.170553
vt 0.909933 0.620774
vt 0.858394 0.170931
vt 0.970024 0.236366
vt 0.858899 0.170931
vt 0.970024 0.236853
vt 0.859056 0.170553
vt 0.932234 0.584873
vt 0.113692 0.624787
vt 0.384337 0.121373
vt 0.655594 0.654677
vt 0.381579 0.121373
vt 0.113692 0.628440
vt 0.384337 0.117167
vt 0.762493 0.090752
vt 0.655594 0.651025
vt 0.381579 0.117167
vt 0.762493 0.087994
vt 0.111678 0.627515
vt 0.765230 0.090752
vt 0.129745 0.362758
vt 0.653580 0.650100
vt 0.765230 0.087994
vt 0.132503 0.362758
vt 0.111678 0.623863
vt 0.129745 0.366964
vt 0.653580 0.653753
vt 0.132503 0.366964
vt 0.131107 0.366964
vt 0.382976 0.121373
vt 0.382976 0.116244
vt 0.762493 0.089390
vt 0.165404 0.815919
vt 0.765230 0.089390
vt 0.131107 0.361835
vt 0.165404 0.818135
vt 0.165149 0.816036
vt 0.165149 0.818253
vt 0.755104 0.903921
vt 0.936164 0.436486
vt 0.755087 0.904202
vt 0.755104 0.904687
vt 0.308934 0.860359
vt 0.309439 0.860359
vt 0.990681 0.208494
vt 0.990680 0.208980
vt 0.936164 0.435980
vt 0.755534 0.903914
vt 0.309187 0.859483
vt 0.936595 0.436486
vt 0.755518 0.904193
vt 0.308778 0.859716
vt 0.755534 0.904680
vt 0.308934 0.860094
vt 0.991111 0.208487
vt 0.309439 0.860094
vt 0.991111 0.208974
vt 0.309596 0.859716
vt 0.936595 0.435981
vt 0.217799 0.675278
vt 0.366083 0.446926
vt 0.642868 0.639388
vt 0.368841 0.446926
vt 0.217799 0.671625
vt 0.366083 0.451132
vt 0.762493 0.077282
vt 0.642868 0.635736
vt 0.368841 0.451132
vt 0.762493 0.074524
vt 0.219813 0.672550
vt 0.765230 0.077282
vt 0.366083 0.305278
vt 0.640854 0.634811
vt 0.765230 0.074524
vt 0.368841 0.305278
vt 0.219813 0.676202
vt 0.366083 0.309484
vt 0.640854 0.638464
vt 0.368841 0.309484
vt 0.367445 0.309484
vt 0.367445 0.446926
vt 0.367445 0.452055
vt 0.762493 0.075920
vt 0.578923 0.819985
vt 0.765230 0.075920
vt 0.367445 0.304355
vt 0.578923 0.822201
vt 0.578668 0.820102
vt 0.578668 0.822318
vt 0.901522 0.208494
vt 0.838080 0.948127
vt 0.901506 0.208775
vt 0.901522 0.209261
vt 0.868642 0.283966
vt 0.869147 0.283966
vt 0.740072 0.971749
vt 0.740071 0.972235
vt 0.838080 0.947622
vt 0.901952 0.208487
vt 0.868894 0.283089
vt 0.838510 0.948127
vt 0.901936 0.208767
vt 0.868485 0.283322
vt 0.901952 0.209253
vt 0.868642 0.283701
vt 0.740502 0.971742
vt 0.869147 0.283701
vt 0.740502 0.972229
vt 0.869303 0.283322
vt 0.838511 0.947623
vt 0.286535 0.589868
vt 0.248224 0.414355
vt 0.388345 0.593521
vt 0.250982 0.414355
vt 0.286535 0.593521
vt 0.248224 0.418561
vt 0.747762 0.421206
vt 0.388345 0.589868
vt 0.250982 0.418561
vt 0.747762 0.418449
vt 0.284521 0.592596
vt 0.750498 0.421206
vt 0.098951 0.388825
vt 0.386330 0.588944
vt 0.750498 0.418449
vt 0.101709 0.388825
vt 0.284521 0.588944
vt 0.098951 0.393031
vt 0.386330 0.592596
vt 0.101709 0.393031
vt 0.100313 0.393031
vt 0.249586 0.414355
vt 0.249586 0.419484
vt 0.747762 0.419845
vt 0.411095 0.795714
vt 0.750498 0.419845
vt 0.100313 0.387902
vt 0.411095 0.797930
vt 0.410839 0.795831
vt 0.410839 0.798047
vt 0.913879 0.259818
vt 0.947308 0.459662
vt 0.913863 0.260099
vt 0.913879 0.260584
vt 0.864265 0.707347
vt 0.864770 0.707347
vt 0.650912 0.971749
vt 0.650911 0.972235
vt 0.947307 0.459156
vt 0.914309 0.259811
vt 0.864518 0.706471
vt 0.947739 0.459661
vt 0.914293 0.260090
vt 0.864109 0.706704
vt 0.914309 0.260577
vt 0.864265 0.707083
vt 0.651342 0.971742
vt 0.864770 0.707083
vt 0.651342 0.972229
vt 0.864927 0.706704
vt 0.947739 0.459156
vt 0.661253 0.082726
vt 0.462398 0.084562
vt 0.655594 0.593521
vt 0.465156 0.084562
vt 0.661253 0.086378
vt 0.462398 0.088768
vt 0.324144 0.771532
vt 0.655594 0.589868
vt 0.465156 0.088768
vt 0.324144 0.768774
vt 0.659239 0.085454
vt 0.326880 0.771532
vt 0.381579 0.180532
vt 0.653580 0.588944
vt 0.326880 0.768774
vt 0.384337 0.180532
vt 0.659239 0.081801
vt 0.381579 0.184738
vt 0.653580 0.592596
vt 0.384337 0.184738
vt 0.382941 0.184738
vt 0.463760 0.084562
vt 0.463760 0.089691
vt 0.324144 0.770170
vt 0.589890 0.819985
vt 0.326880 0.770170
vt 0.382941 0.179609
vt 0.589890 0.822201
vt 0.589635 0.820102
vt 0.589635 0.822318
vt 0.902721 0.424399
vt 0.947308 0.447703
vt 0.902704 0.424680
vt 0.902721 0.425165
vt 0.868642 0.272377
vt 0.869147 0.272377
vt 0.551771 0.971749
vt 0.551770 0.972235
vt 0.947307 0.447198
vt 0.903151 0.424392
vt 0.868894 0.271501
vt 0.947739 0.447702
vt 0.903135 0.424671
vt 0.868485 0.271734
vt 0.903151 0.425158
vt 0.868642 0.272113
vt 0.552201 0.971742
vt 0.869147 0.272113
vt 0.552201 0.972229
vt 0.869303 0.271734
vt 0.947739 0.447198
vt 0.528332 0.620447
vt 0.448928 0.052880
vt 0.439249 0.608810
vt 0.451686 0.052880
vt 0.528332 0.624099
vt 0.448928 0.057086
vt 0.271795 0.758062
vt 0.439249 0.605158
vt 0.451686 0.057086
vt 0.271795 0.755304
vt 0.526318 0.623175
vt 0.274531 0.758062
vt 0.393023 0.305278
vt 0.437235 0.604233
vt 0.274531 0.755304
vt 0.395781 0.305278
vt 0.526318 0.619522
vt 0.393023 0.309484
vt 0.437235 0.607886
vt 0.395781 0.309484
vt 0.394384 0.309484
vt 0.450290 0.052880
vt 0.450290 0.058009
vt 0.271795 0.756701
vt 0.803094 0.190651
vt 0.274531 0.756701
vt 0.394384 0.304355
vt 0.803094 0.192868
vt 0.802839 0.190768
vt 0.802839 0.192985
vt 0.903632 0.101666
vt 0.948219 0.101897
vt 0.903615 0.101947
vt 0.903632 0.102433
vt 0.320464 0.871947
vt 0.320969 0.871947
vt 0.987519 0.596838
vt 0.987518 0.597324
vt 0.948218 0.101391
vt 0.904062 0.101659
vt 0.320717 0.871071
vt 0.948650 0.101896
vt 0.904046 0.101939
vt 0.320308 0.871304
vt 0.904062 0.102426
vt 0.320464 0.871682
vt 0.987948 0.596831
vt 0.320969 0.871682
vt 0.987948 0.597318
vt 0.321126 0.871304
vt 0.948650 0.101391
vt 0.617416 0.589868
vt 0.355371 0.420372
vt 0.621061 0.035934
vt 0.352614 0.420372
vt 0.617416 0.593521
vt 0.355371 0.416166
vt 0.458629 0.758062
vt 0.621061 0.039587
vt 0.352613 0.416166
vt 0.458629 0.755304
vt 0.615402 0.592596
vt 0.461366 0.758062
vt 0.005356 0.389147
vt 0.623075 0.040511
vt 0.461366 0.755304
vt 0.008114 0.389147
vt 0.615402 0.588944
vt 0.005356 0.393353
vt 0.623075 0.036859
vt 0.008114 0.393353
vt 0.006717 0.393353
vt 0.354010 0.420372
vt 0.354010 0.415243
vt 0.458629 0.756701
vt 0.191569 0.801532
vt 0.461366 0.756701
vt 0.006717 0.388224
vt 0.191569 0.803748
vt 0.191314 0.801649
vt 0.191314 0.803865
vt 0.697824 0.903921
vt 0.297248 0.940324
vt 0.697807 0.904202
vt 0.697824 0.904687
vt 0.860366 0.762186
vt 0.860871 0.762186
vt 0.987519 0.584866
vt 0.987518 0.585352
vt 0.297247 0.939818
vt 0.698254 0.903914
vt 0.860619 0.761310
vt 0.297678 0.940323
vt 0.698238 0.904193
vt 0.860209 0.761542
vt 0.698254 0.904680
vt 0.860366 0.761921
vt 0.987948 0.584859
vt 0.860871 0.761921
vt 0.987948 0.585346
vt 0.861028 0.761542
vt 0.297678 0.939818
vt 0.719225 0.605158
vt 0.487311 0.256831
vt 0.553784 0.700544
vt 0.490069 0.256831
vt 0.719225 0.608810
vt 0.487311 0.261038
vt 0.788107 0.556988
vt 0.553784 0.696892
vt 0.490069 0.261038
vt 0.788107 0.554231
vt 0.717211 0.607885
vt 0.790844 0.556988
vt 0.449660 0.419449
vt 0.551770 0.695967
vt 0.790844 0.554231
vt 0.446902 0.419449
vt 0.717211 0.604233
vt 0.449660 0.415243
vt 0.551770 0.699620
vt 0.446902 0.415243
vt 0.448298 0.415243
vt 0.488673 0.256831
vt 0.488673 0.261960
vt 0.788107 0.555627
vt 0.827000 0.779151
vt 0.790844 0.555627
vt 0.448298 0.420372
vt 0.827000 0.781367
vt 0.826745 0.779268
vt 0.826745 0.781485
vt 0.913879 0.352831
vt 0.939049 0.738639
vt 0.913863 0.353112
vt 0.913879 0.353597
vt 0.234911 0.862251
vt 0.235416 0.862251
vt 0.110095 0.987192
vt 0.110094 0.987677
vt 0.939048 0.738133
vt 0.914309 0.352824
vt 0.235164 0.861375
vt 0.939479 0.738638
vt 0.914293 0.353103
vt 0.234755 0.861607
vt 0.914309 0.353590
vt 0.234911 0.861986
vt 0.110525 0.987185
vt 0.235416 0.861986
vt 0.110525 0.987672
vt 0.235573 0.861607
vt 0.939479 0.738133
vt 0.039378 0.671103
vt 0.489338 0.195450
vt 0.020096 0.613473
vt 0.492095 0.195450
vt 0.039378 0.674756
vt 0.489338 0.199656
vt 0.783731 0.684171
vt 0.020096 0.609821
vt 0.492095 0.199656
vt 0.783731 0.681413
vt 0.037364 0.673831
vt 0.786468 0.684171
vt 0.285265 0.463690
vt 0.018082 0.608896
vt 0.786468 0.681413
vt 0.288022 0.463690
vt 0.037364 0.670179
vt 0.285265 0.467896
vt 0.018082 0.612549
vt 0.288022 0.467896
vt 0.286626 0.467896
vt 0.490699 0.195450
vt 0.490699 0.200579
vt 0.783731 0.682810
vt 0.805066 0.779575
vt 0.786468 0.682810
vt 0.286626 0.462767
vt 0.805066 0.781792
vt 0.804811 0.779693
vt 0.804811 0.781909
vt 0.913879 0.482650
vt 0.098952 0.931628
vt 0.913863 0.482931
vt 0.913879 0.483416
vt 0.857111 0.495107
vt 0.857616 0.495107
vt 0.969595 0.458422
vt 0.969594 0.458908
vt 0.098951 0.931122
vt 0.914309 0.482643
vt 0.857363 0.494231
vt 0.099383 0.931627
vt 0.914293 0.482922
vt 0.856954 0.494463
vt 0.914309 0.483409
vt 0.857111 0.494842
vt 0.970024 0.458415
vt 0.857616 0.494842
vt 0.970024 0.458902
vt 0.857773 0.494463
vt 0.099383 0.931122
vt 0.082898 0.701602
vt 0.473841 0.320196
vt 0.236769 0.673677
vt 0.476599 0.320196
vt 0.082898 0.705255
vt 0.473841 0.324402
vt 0.783731 0.630292
vt 0.236769 0.670025
vt 0.476599 0.324402
vt 0.783731 0.627534
vt 0.080884 0.704330
vt 0.786468 0.630292
vt 0.248224 0.478642
vt 0.234755 0.669100
vt 0.786468 0.627534
vt 0.250982 0.478642
vt 0.080884 0.700678
vt 0.248224 0.482849
vt 0.234755 0.672753
vt 0.250982 0.482849
vt 0.249586 0.482849
vt 0.475203 0.320196
vt 0.475203 0.325325
vt 0.783731 0.628930
vt 0.605820 0.819985
vt 0.786468 0.628930
vt 0.249586 0.477719
vt 0.605820 0.822201
vt 0.605565 0.820102
vt 0.605565 0.822319
vt 0.913880 0.552179
vt 0.950191 0.807695
vt 0.913863 0.552459
vt 0.913880 0.552945
vt 0.857111 0.553048
vt 0.857616 0.553048
vt 0.969595 0.504021
vt 0.969594 0.504506
vt 0.950191 0.807189
vt 0.914309 0.552171
vt 0.857364 0.552171
vt 0.950621 0.807695
vt 0.914293 0.552451
vt 0.856955 0.552404
vt 0.914309 0.552938
vt 0.857111 0.552783
vt 0.970024 0.504014
vt 0.857616 0.552783
vt 0.970024 0.504501
vt 0.857773 0.552404
vt 0.950622 0.807190
vt 0.207087 0.619767
vt 0.177844 0.517928
vt 0.596340 0.275593
vt 0.180602 0.517928
vt 0.207087 0.623420
vt 0.177844 0.522134
vt 0.324144 0.758062
vt 0.596340 0.271941
vt 0.180602 0.522134
vt 0.324144 0.755304
vt 0.205072 0.622495
vt 0.326880 0.758062
vt 0.489338 0.053802
vt 0.594326 0.271016
vt 0.326880 0.755304
vt 0.492095 0.053802
vt 0.205072 0.618843
vt 0.489338 0.058009
vt 0.594326 0.274669
vt 0.492095 0.058009
vt 0.490699 0.058009
vt 0.179205 0.517928
vt 0.179205 0.523057
vt 0.324144 0.756701
vt 0.511239 0.795713
vt 0.326880 0.756701
vt 0.490699 0.052879
vt 0.511239 0.797929
vt 0.510983 0.795830
vt 0.510983 0.798047
vt 0.902721 0.352420
vt 0.706643 0.949826
vt 0.902704 0.352701
vt 0.902721 0.353186
vt 0.857111 0.460032
vt 0.857616 0.460032
vt 0.969595 0.470381
vt 0.969594 0.470866
vt 0.706643 0.949320
vt 0.903151 0.352413
vt 0.857364 0.459156
vt 0.707073 0.949826
vt 0.903135 0.352693
vt 0.856955 0.459389
vt 0.903151 0.353179
vt 0.857111 0.459768
vt 0.970024 0.470374
vt 0.857616 0.459768
vt 0.970024 0.470861
vt 0.857773 0.459389
vt 0.707074 0.949321
vt 0.193328 0.673952
vt 0.070915 0.504289
vt 0.388344 0.685255
vt 0.068157 0.504289
vt 0.193328 0.677604
vt 0.070915 0.500083
vt 0.472077 0.785001
vt 0.388344 0.681603
vt 0.068158 0.500083
vt 0.472077 0.782244
vt 0.191314 0.676679
vt 0.474814 0.785001
vt 0.475868 0.196373
vt 0.386330 0.680678
vt 0.474814 0.782244
vt 0.478626 0.196373
vt 0.191314 0.673027
vt 0.475868 0.200579
vt 0.386330 0.684331
vt 0.478626 0.200579
vt 0.477229 0.200579
vt 0.069554 0.504289
vt 0.069554 0.499160
vt 0.472077 0.783640
vt 0.616787 0.819985
vt 0.474814 0.783640
vt 0.477229 0.195450
vt 0.616787 0.822201
vt 0.616532 0.820102
vt 0.616532 0.822319
vt 0.914790 0.101666
vt 0.165326 0.934542
vt 0.914774 0.101947
vt 0.914790 0.102433
vt 0.663373 0.858540
vt 0.663878 0.858540
vt 0.354900 0.962261
vt 0.354899 0.962746
vt 0.165325 0.934036
vt 0.915220 0.101659
vt 0.663625 0.857664
vt 0.165756 0.934542
vt 0.915204 0.101939
vt 0.663216 0.857897
vt 0.915220 0.102426
vt 0.663373 0.858275
vt 0.355329 0.962254
vt 0.663878 0.858275
vt 0.355329 0.962741
vt 0.664035 0.857897
vt 0.165757 0.934037
vt 0.273809 0.681603
vt 0.040121 0.488527
vt 0.426523 0.685255
vt 0.037364 0.488527
vt 0.273809 0.685255
vt 0.040121 0.484320
vt 0.418283 0.785001
vt 0.426523 0.681603
vt 0.037364 0.484320
vt 0.418283 0.782244
vt 0.271795 0.684331
vt 0.421020 0.785001
vt 0.487311 0.352801
vt 0.424509 0.680678
vt 0.421020 0.782244
vt 0.490069 0.352801
vt 0.271795 0.680678
vt 0.487311 0.357008
vt 0.424509 0.684331
vt 0.490069 0.357008
vt 0.488673 0.357008
vt 0.038760 0.488527
vt 0.038760 0.483397
vt 0.418283 0.783640
vt 0.627754 0.819985
vt 0.421020 0.783640
vt 0.488673 0.351878
vt 0.627754 0.822201
vt 0.627499 0.820102
vt 0.627499 0.822319
vt 0.914791 0.135357
vt 0.929533 0.948025
vt 0.914774 0.135638
vt 0.914791 0.136124
vt 0.869925 0.113255
vt 0.870430 0.113255
vt 0.706642 0.971749
vt 0.706641 0.972235
vt 0.929533 0.947519
vt 0.915220 0.135350
vt 0.870177 0.112379
vt 0.929963 0.948025
vt 0.915204 0.135630
vt 0.869768 0.112612
vt 0.915220 0.136117
vt 0.869925 0.112991
vt 0.707072 0.971742
vt 0.870430 0.112991
vt 0.707072 0.972229
vt 0.870586 0.112612
vt 0.929964 0.947520
vt 0.502880 0.681603
vt 0.053591 0.504368
vt 0.659971 0.245015
vt 0.050833 0.504368
vt 0.502880 0.685255
vt 0.053591 0.500162
vt 0.337593 0.785001
vt 0.659971 0.241362
vt 0.050833 0.500162
vt 0.337593 0.782244
vt 0.500866 0.684331
vt 0.340329 0.785001
vt 0.433432 0.495372
vt 0.657957 0.240438
vt 0.340329 0.782244
vt 0.436190 0.495372
vt 0.500866 0.680678
vt 0.433432 0.499578
vt 0.657957 0.244090
vt 0.436190 0.499578
vt 0.434794 0.499578
vt 0.052230 0.504368
vt 0.052230 0.499239
vt 0.337593 0.783640
vt 0.308469 0.808759
vt 0.340329 0.783640
vt 0.434794 0.494449
vt 0.308469 0.810975
vt 0.308214 0.808876
vt 0.308214 0.811092
vt 0.914791 0.113152
vt 0.308390 0.940324
vt 0.914774 0.113433
vt 0.914791 0.113918
vt 0.871897 0.831715
vt 0.872402 0.831715
vt 0.985310 0.844385
vt 0.985309 0.844871
vt 0.308390 0.939819
vt 0.915220 0.113145
vt 0.872149 0.830838
vt 0.308821 0.940324
vt 0.915204 0.113424
vt 0.871740 0.831071
vt 0.915220 0.113911
vt 0.871897 0.831450
vt 0.985739 0.844378
vt 0.872402 0.831450
vt 0.985739 0.844865
vt 0.872559 0.831071
vt 0.308821 0.939819
vt 0.647245 0.302519
vt 0.145973 0.493693
vt 0.635801 0.086378
vt 0.143215 0.493693
vt 0.647245 0.306171
vt 0.145973 0.489487
vt 0.324144 0.785001
vt 0.635801 0.082726
vt 0.143215 0.489487
vt 0.324144 0.782244
vt 0.645231 0.305247
vt 0.326880 0.785001
vt 0.438216 0.009562
vt 0.633787 0.081801
vt 0.326880 0.782244
vt 0.435459 0.009562
vt 0.645231 0.301594
vt 0.438216 0.005356
vt 0.633787 0.085454
vt 0.435459 0.005356
vt 0.436855 0.005356
vt 0.144611 0.493693
vt 0.144611 0.488564
vt 0.324144 0.783640
vt 0.330404 0.808759
vt 0.326880 0.783640
vt 0.436855 0.010485
vt 0.330404 0.810975
vt 0.330148 0.808876
vt 0.330148 0.811092
vt 0.849270 0.902223
vt 0.456069 0.940324
vt 0.849253 0.902504
vt 0.849270 0.902989
vt 0.049051 0.850284
vt 0.049556 0.850284
vt 0.965233 0.666677
vt 0.965232 0.667163
vt 0.456069 0.939819
vt 0.849700 0.902216
vt 0.049303 0.849408
vt 0.456499 0.940324
vt 0.849684 0.902495
vt 0.048894 0.849641
vt 0.849700 0.902982
vt 0.049051 0.850019
vt 0.965663 0.666670
vt 0.049556 0.850019
vt 0.965663 0.667157
vt 0.049713 0.849641
vt 0.456500 0.939819
vt 0.597623 0.189749
vt 0.487311 0.446926
vt 0.583614 0.306171
vt 0.490069 0.446926
vt 0.597623 0.193401
vt 0.487311 0.451132
vt 0.749044 0.115137
vt 0.583614 0.302519
vt 0.490069 0.451132
vt 0.749044 0.112379
vt 0.595609 0.192477
vt 0.751781 0.115137
vt 0.487311 0.432007
vt 0.581600 0.301594
vt 0.751781 0.112379
vt 0.490069 0.432007
vt 0.595609 0.188824
vt 0.487311 0.436213
vt 0.581600 0.305247
vt 0.490069 0.436213
vt 0.488673 0.436213
vt 0.488673 0.446926
vt 0.488673 0.452055
vt 0.749044 0.113776
vt 0.726857 0.793894
vt 0.751781 0.113776
vt 0.488673 0.431084
vt 0.726857 0.796110
vt 0.726601 0.794011
vt 0.726601 0.796227
vt 0.562946 0.903921
vt 0.331466 0.940324
vt 0.562929 0.904201
vt 0.562946 0.904687
vt 0.435747 0.848771
vt 0.436252 0.848771
vt 0.976376 0.678265
vt 0.976375 0.678751
vt 0.331466 0.939819
vt 0.563375 0.903913
vt 0.435999 0.847895
vt 0.331897 0.940324
vt 0.563359 0.904193
vt 0.435590 0.848128
vt 0.563375 0.904680
vt 0.435747 0.848506
vt 0.976806 0.678258
vt 0.436252 0.848506
vt 0.976806 0.678745
vt 0.436409 0.848128
vt 0.331897 0.939819
vt 0.007370 0.625110
vt 0.487311 0.288514
vt 0.623075 0.132245
vt 0.490069 0.288514
vt 0.007370 0.628762
vt 0.487311 0.292720
vt 0.762493 0.157366
vt 0.623075 0.128593
vt 0.490069 0.292720
vt 0.762493 0.154608
vt 0.005356 0.627838
vt 0.765230 0.157366
vt 0.217799 0.485767
vt 0.621061 0.127668
vt 0.765230 0.154608
vt 0.220557 0.485767
vt 0.005356 0.624185
vt 0.217799 0.489973
vt 0.621061 0.131321
vt 0.220557 0.489973
vt 0.219160 0.489973
vt 0.488673 0.288514
vt 0.488673 0.293643
vt 0.762493 0.156004
vt 0.805066 0.805666
vt 0.765230 0.156004
vt 0.219160 0.484844
vt 0.805066 0.807882
vt 0.804811 0.805783
vt 0.804811 0.808000
vt 0.914791 0.090181
vt 0.937447 0.078989
vt 0.914774 0.090462
vt 0.914791 0.090947
vt 0.860366 0.750598
vt 0.860871 0.750598
vt 0.963009 0.992345
vt 0.963008 0.992831
vt 0.937447 0.078483
vt 0.915220 0.090174
vt 0.860619 0.749721
vt 0.937877 0.078989
vt 0.915204 0.090453
vt 0.860210 0.749954
vt 0.915220 0.090940
vt 0.860366 0.750333
vt 0.963439 0.992338
vt 0.860871 0.750333
vt 0.963439 0.992825
vt 0.861028 0.749954
vt 0.937878 0.078484
vt 0.659971 0.485987
vt 0.288022 0.483737
vt 0.350166 0.654677
vt 0.285264 0.483737
vt 0.659971 0.489640
vt 0.288022 0.479531
vt 0.248224 0.770643
vt 0.350166 0.651025
vt 0.285264 0.479531
vt 0.248224 0.767885
vt 0.657957 0.488715
vt 0.250961 0.770643
vt 0.475868 0.133008
vt 0.348152 0.650100
vt 0.250961 0.767885
vt 0.478626 0.133008
vt 0.657957 0.485063
vt 0.475868 0.137215
vt 0.348152 0.653753
vt 0.478626 0.137215
vt 0.477229 0.137215
vt 0.286661 0.483737
vt 0.286661 0.478608
vt 0.248224 0.769282
vt 0.812778 0.225149
vt 0.250961 0.769282
vt 0.477229 0.132085
vt 0.812778 0.227365
vt 0.812523 0.225266
vt 0.812523 0.227482
vt 0.860429 0.913708
vt 0.562930 0.938608
vt 0.860412 0.913989
vt 0.860429 0.914475
vt 0.860367 0.727421
vt 0.860872 0.727421
vt 0.985294 0.969936
vt 0.985293 0.970421
vt 0.562929 0.938102
vt 0.860858 0.913701
vt 0.860619 0.726545
vt 0.563360 0.938607
vt 0.860843 0.913981
vt 0.860210 0.726778
vt 0.860858 0.914468
vt 0.860367 0.727157
vt 0.985724 0.969929
vt 0.860872 0.727157
vt 0.985724 0.970416
vt 0.861028 0.726778
vt 0.563360 0.938102
vt 0.299261 0.666314
vt 0.159443 0.477852
vt 0.672697 0.397905
vt 0.156685 0.477852
vt 0.299261 0.669966
vt 0.159443 0.473646
vt 0.525872 0.771532
vt 0.672697 0.394253
vt 0.156685 0.473646
vt 0.525872 0.768774
vt 0.297247 0.669042
vt 0.528608 0.771532
vt 0.433432 0.416166
vt 0.670683 0.393328
vt 0.528608 0.768774
vt 0.436190 0.416166
vt 0.297247 0.665389
vt 0.433432 0.420372
vt 0.670683 0.396981
vt 0.436190 0.420372
vt 0.434794 0.420372
vt 0.158081 0.477852
vt 0.158081 0.472723
vt 0.525872 0.770170
vt 0.526127 0.808759
vt 0.528608 0.770170
vt 0.434794 0.415243
vt 0.526127 0.810975
vt 0.525872 0.808876
vt 0.525872 0.811092
vt 0.849270 0.913708
vt 0.948219 0.147341
vt 0.849254 0.913989
vt 0.849270 0.914475
vt 0.869925 0.006232
vt 0.870430 0.006232
vt 0.991880 0.351308
vt 0.991879 0.351794
vt 0.948218 0.146836
vt 0.849700 0.913701
vt 0.870177 0.005356
vt 0.948650 0.147341
vt 0.849684 0.913981
vt 0.869768 0.005589
vt 0.849700 0.914468
vt 0.869925 0.005967
vt 0.992309 0.351301
vt 0.870430 0.005967
vt 0.992309 0.351788
vt 0.870586 0.005589
vt 0.948650 0.146836
vt 0.098952 0.596937
vt 0.473841 0.383561
vt 0.528333 0.593521
vt 0.476599 0.383561
vt 0.098952 0.593285
vt 0.473841 0.387767
vt 0.749045 0.050342
vt 0.528333 0.589869
vt 0.476599 0.387767
vt 0.749045 0.047585
vt 0.100966 0.594209
vt 0.751781 0.050342
vt 0.473841 0.416166
vt 0.526318 0.588944
vt 0.751781 0.047585
vt 0.476599 0.416166
vt 0.100966 0.597862
vt 0.473841 0.420372
vt 0.526318 0.592597
vt 0.476599 0.420372
vt 0.475203 0.420372
vt 0.475203 0.383561
vt 0.475203 0.388690
vt 0.749045 0.048981
vt 0.433029 0.795714
vt 0.751781 0.048981
vt 0.475203 0.415243
vt 0.433029 0.797930
vt 0.432774 0.795831
vt 0.432774 0.798047
vt 0.366074 0.917123
vt 0.947308 0.225654
vt 0.366057 0.917404
vt 0.366074 0.917889
vt 0.868642 0.260789
vt 0.869147 0.260789
vt 0.963009 0.936296
vt 0.963008 0.936781
vt 0.947307 0.225149
vt 0.366504 0.917116
vt 0.868894 0.259913
vt 0.947739 0.225654
vt 0.366488 0.917395
vt 0.868485 0.260146
vt 0.366504 0.917882
vt 0.868642 0.260525
vt 0.963439 0.936289
vt 0.869147 0.260525
vt 0.963439 0.936776
vt 0.869303 0.260146
vt 0.947739 0.225149
vt 0.672697 0.363675
vt 0.490069 0.277802
vt 0.286535 0.669966
vt 0.487311 0.277802
vt 0.672697 0.367327
vt 0.490069 0.273595
vt 0.774659 0.556988
vt 0.286535 0.666314
vt 0.487311 0.273595
vt 0.774659 0.554231
vt 0.670683 0.366403
vt 0.777395 0.556988
vt 0.487311 0.368642
vt 0.284521 0.665389
vt 0.777395 0.554231
vt 0.490069 0.368642
vt 0.670683 0.362750
vt 0.487311 0.372849
vt 0.284521 0.669042
vt 0.490069 0.372849
vt 0.488673 0.372849
vt 0.488708 0.277802
vt 0.488708 0.272672
vt 0.774659 0.555627
vt 0.005611 0.811603
vt 0.777395 0.555627
vt 0.488673 0.367720
vt 0.005611 0.813819
vt 0.005356 0.811720
vt 0.005356 0.813936
vt 0.826953 0.913708
vt 0.947308 0.378545
vt 0.826937 0.913989
vt 0.826953 0.914475
vt 0.674904 0.870128
vt 0.675408 0.870128
vt 0.980737 0.447204
vt 0.980736 0.447690
vt 0.947307 0.378039
vt 0.827383 0.913701
vt 0.675156 0.869252
vt 0.947739 0.378544
vt 0.827367 0.913981
vt 0.674747 0.869485
vt 0.827383 0.914468
vt 0.674904 0.869863
vt 0.981167 0.447198
vt 0.675408 0.869863
vt 0.981167 0.447685
vt 0.675565 0.869485
vt 0.947739 0.378039
vt 0.157955 0.614562
vt 0.489338 0.100403
vt 0.610349 0.009933
vt 0.492095 0.100403
vt 0.157955 0.618214
vt 0.489338 0.104609
vt 0.005356 0.760906
vt 0.610349 0.006281
vt 0.492095 0.104609
vt 0.005356 0.758148
vt 0.155941 0.617290
vt 0.008093 0.760906
vt 0.366083 0.511213
vt 0.608335 0.005356
vt 0.008093 0.758148
vt 0.368841 0.511213
vt 0.155941 0.613637
vt 0.366083 0.515419
vt 0.608335 0.009009
vt 0.368841 0.515419
vt 0.367445 0.515419
vt 0.490699 0.100403
vt 0.490699 0.105532
vt 0.005356 0.759545
vt 0.801811 0.540761
vt 0.008093 0.759545
vt 0.367445 0.510290
vt 0.801811 0.542977
vt 0.801556 0.540878
vt 0.801556 0.543094
vt 0.815795 0.913708
vt 0.354900 0.951542
vt 0.815778 0.913989
vt 0.815795 0.914475
vt 0.481889 0.871947
vt 0.482394 0.871947
vt 0.980737 0.328324
vt 0.980736 0.328810
vt 0.354899 0.951036
vt 0.816225 0.913701
vt 0.482142 0.871071
vt 0.355330 0.951541
vt 0.816209 0.913981
vt 0.481732 0.871304
vt 0.816225 0.914468
vt 0.481889 0.871682
vt 0.981167 0.328317
vt 0.482394 0.871682
vt 0.981167 0.328804
vt 0.482551 0.871304
vt 0.355330 0.951036
vt 0.250239 0.619558
vt 0.500781 0.256831
vt 0.619778 0.225149
vt 0.503539 0.256831
vt 0.250239 0.623211
vt 0.500781 0.261038
vt 0.761210 0.295256
vt 0.619778 0.228801
vt 0.503539 0.261038
vt 0.761210 0.292498
vt 0.248224 0.622286
vt 0.763947 0.295256
vt 0.406493 0.432007
vt 0.621792 0.229726
vt 0.763947 0.292498
vt 0.409250 0.432007
vt 0.248224 0.618634
vt 0.406493 0.436213
vt 0.621792 0.226073
vt 0.409250 0.436213
vt 0.407854 0.436213
vt 0.502142 0.256831
vt 0.502142 0.261960
vt 0.761210 0.293894
vt 0.218054 0.800130
vt 0.763947 0.293894
vt 0.407854 0.431084
vt 0.218054 0.802346
vt 0.217799 0.800247
vt 0.217799 0.802463
vt 0.234772 0.896044
vt 0.939048 0.761610
vt 0.234755 0.896325
vt 0.234772 0.896810
vt 0.271951 0.860359
vt 0.272456 0.860359
vt 0.985294 0.958731
vt 0.985293 0.959217
vt 0.939048 0.761104
vt 0.235201 0.896037
vt 0.272203 0.859483
vt 0.939479 0.761609
vt 0.235185 0.896316
vt 0.271794 0.859716
vt 0.235201 0.896803
vt 0.271951 0.860094
vt 0.985724 0.958724
vt 0.272456 0.860094
vt 0.985724 0.959211
vt 0.272613 0.859716
vt 0.939479 0.761104
vt 0.719225 0.620446
vt 0.465156 0.042168
vt 0.698149 0.260304
vt 0.462398 0.042168
vt 0.719225 0.624099
vt 0.465156 0.037961
vt 0.788107 0.448146
vt 0.698149 0.256651
vt 0.462398 0.037961
vt 0.788107 0.445388
vt 0.717211 0.623174
vt 0.790844 0.448146
vt 0.408519 0.006279
vt 0.696135 0.255727
vt 0.790844 0.445388
vt 0.411277 0.006279
vt 0.717211 0.619522
vt 0.408519 0.010485
vt 0.696135 0.259379
vt 0.411277 0.010485
vt 0.409880 0.010485
vt 0.463794 0.042168
vt 0.463794 0.037038
vt 0.788107 0.446785
vt 0.834712 0.291649
vt 0.790844 0.446785
vt 0.409880 0.005356
vt 0.834712 0.293865
vt 0.834457 0.291766
vt 0.834457 0.293983
vt 0.914791 0.158328
vt 0.951881 0.856101
vt 0.914774 0.158609
vt 0.914791 0.159095
vt 0.860366 0.773774
vt 0.860871 0.773774
vt 0.098952 0.964782
vt 0.098951 0.965268
vt 0.951880 0.855595
vt 0.915220 0.158321
vt 0.860619 0.772898
vt 0.952312 0.856100
vt 0.915204 0.158601
vt 0.860209 0.773131
vt 0.915220 0.159088
vt 0.860366 0.773509
vt 0.099382 0.964775
vt 0.860871 0.773509
vt 0.099382 0.965262
vt 0.861028 0.773131
vt 0.952312 0.855595
vt 0.528332 0.712181
vt 0.328432 0.515419
vt 0.686706 0.162823
vt 0.325674 0.515419
vt 0.528332 0.715833
vt 0.328432 0.511213
vt 0.789390 0.008114
vt 0.686706 0.159171
vt 0.325674 0.511213
vt 0.789390 0.005356
vt 0.526318 0.714909
vt 0.792127 0.008114
vt 0.446902 0.273595
vt 0.684691 0.158247
vt 0.792127 0.005356
vt 0.449660 0.273595
vt 0.526318 0.711256
vt 0.446902 0.277802
vt 0.684691 0.161899
vt 0.449660 0.277802
vt 0.448263 0.277802
vt 0.327070 0.515419
vt 0.327070 0.510290
vt 0.789390 0.006752
vt 0.830336 0.680140
vt 0.792127 0.006752
vt 0.448263 0.272672
vt 0.830336 0.682356
vt 0.830081 0.680257
vt 0.830081 0.682474
vt 0.913880 0.529002
vt 0.950191 0.727051
vt 0.913863 0.529283
vt 0.913879 0.529769
vt 0.860366 0.831715
vt 0.860871 0.831715
vt 0.976376 0.596838
vt 0.976375 0.597324
vt 0.950191 0.726545
vt 0.914309 0.528995
vt 0.860619 0.830838
vt 0.950621 0.727051
vt 0.914293 0.529275
vt 0.860209 0.831071
vt 0.914309 0.529761
vt 0.860366 0.831450
vt 0.976806 0.596831
vt 0.860871 0.831450
vt 0.976806 0.597318
vt 0.861028 0.831071
vt 0.950622 0.726546
vt 0.609066 0.333097
vt 0.505565 0.184738
vt 0.604690 0.624099
vt 0.502807 0.184738
vt 0.609066 0.336749
vt 0.505565 0.180532
vt 0.783731 0.616822
vt 0.604690 0.620447
vt 0.502807 0.180532
vt 0.783731 0.614064
vt 0.607052 0.335825
vt 0.786468 0.616822
vt 0.446902 0.352801
vt 0.602675 0.619522
vt 0.786468 0.614064
vt 0.449660 0.352801
vt 0.607052 0.332172
vt 0.446902 0.357008
vt 0.602675 0.623175
vt 0.449660 0.357008
vt 0.448263 0.357008
vt 0.504204 0.184738
vt 0.504204 0.179609
vt 0.783731 0.615461
vt 0.589890 0.806939
vt 0.786468 0.615461
vt 0.448263 0.351878
vt 0.589890 0.809155
vt 0.589635 0.807056
vt 0.589635 0.809273
vt 0.898345 0.585250
vt 0.377217 0.940324
vt 0.898328 0.585531
vt 0.898345 0.586017
vt 0.858394 0.182784
vt 0.858899 0.182784
vt 0.981647 0.181299
vt 0.981647 0.181785
vt 0.377216 0.939818
vt 0.898774 0.585243
vt 0.858646 0.181908
vt 0.377647 0.940323
vt 0.898758 0.585523
vt 0.858237 0.182141
vt 0.898774 0.586009
vt 0.858394 0.182520
vt 0.982077 0.181292
vt 0.858899 0.182520
vt 0.982077 0.181779
vt 0.859056 0.182141
vt 0.377647 0.939818
vt 0.623075 0.082726
vt 0.424747 0.058009
vt 0.591963 0.624099
vt 0.421989 0.058009
vt 0.623075 0.086378
vt 0.424747 0.053802
vt 0.770282 0.616822
vt 0.591963 0.620447
vt 0.421989 0.053802
vt 0.770282 0.614064
vt 0.621061 0.085454
vt 0.773019 0.616822
vt 0.406493 0.416166
vt 0.589949 0.619522
vt 0.773019 0.614064
vt 0.409250 0.416166
vt 0.621061 0.081801
vt 0.406493 0.420372
vt 0.589949 0.623175
vt 0.409250 0.420372
vt 0.407854 0.420372
vt 0.423385 0.058009
vt 0.423385 0.052880
vt 0.770282 0.615461
vt 0.812778 0.251664
vt 0.773019 0.615461
vt 0.407854 0.415243
vt 0.812778 0.253880
vt 0.812523 0.251781
vt 0.812523 0.253997
vt 0.915162 0.067005
vt 0.940737 0.844883
vt 0.915145 0.067286
vt 0.915162 0.067771
vt 0.794001 0.858115
vt 0.794506 0.858115
vt 0.974167 0.878024
vt 0.974166 0.878510
vt 0.940737 0.844378
vt 0.915592 0.066998
vt 0.794253 0.857239
vt 0.941168 0.844883
vt 0.915576 0.067277
vt 0.793844 0.857472
vt 0.915592 0.067764
vt 0.794001 0.857851
vt 0.974597 0.878018
vt 0.794506 0.857851
vt 0.974597 0.878505
vt 0.794662 0.857472
vt 0.941168 0.844378
vt 0.157955 0.691007
vt 0.217799 0.516526
vt 0.685423 0.352038
vt 0.220557 0.516526
vt 0.157955 0.694659
vt 0.217799 0.520732
vt 0.783731 0.657232
vt 0.685423 0.348386
vt 0.220557 0.520732
vt 0.783731 0.654474
vt 0.155941 0.693735
vt 0.786468 0.657232
vt 0.490069 0.245196
vt 0.683409 0.347461
vt 0.786468 0.654474
vt 0.487311 0.245196
vt 0.155941 0.690083
vt 0.490069 0.240990
vt 0.683409 0.351114
vt 0.487311 0.240990
vt 0.488708 0.240990
vt 0.219160 0.516526
vt 0.219160 0.521655
vt 0.783731 0.655870
vt 0.823745 0.497570
vt 0.786468 0.655870
vt 0.488708 0.246119
vt 0.823745 0.499786
vt 0.823490 0.497687
vt 0.823490 0.499903
vt 0.539337 0.904364
vt 0.931803 0.574161
vt 0.539320 0.904645
vt 0.539337 0.905130
vt 0.857111 0.283966
vt 0.857616 0.283966
vt 0.499836 0.984670
vt 0.499835 0.985156
vt 0.931803 0.573655
vt 0.539767 0.904357
vt 0.857363 0.283090
vt 0.932234 0.574161
vt 0.539751 0.904637
vt 0.856954 0.283322
vt 0.539767 0.905123
vt 0.857111 0.283701
vt 0.500266 0.984663
vt 0.857616 0.283701
vt 0.500266 0.985150
vt 0.857773 0.283322
vt 0.932234 0.573656
vt 0.681046 0.696892
vt 0.220557 0.458291
vt 0.610349 0.208691
vt 0.217799 0.458291
vt 0.681046 0.700544
vt 0.220557 0.454084
vt 0.774659 0.295256
vt 0.610349 0.205038
vt 0.217799 0.454084
vt 0.774659 0.292498
vt 0.679032 0.699620
vt 0.777396 0.295256
vt 0.325674 0.416166
vt 0.608335 0.204113
vt 0.777396 0.292498
vt 0.328432 0.416166
vt 0.679032 0.695967
vt 0.325674 0.420372
vt 0.608335 0.207766
vt 0.328432 0.420372
vt 0.327035 0.420372
vt 0.219195 0.458291
vt 0.219195 0.453161
vt 0.774659 0.293894
vt 0.467370 0.821804
vt 0.777396 0.293894
vt 0.327035 0.415243
vt 0.467370 0.824020
vt 0.467115 0.821921
vt 0.467115 0.824138
vt 0.913879 0.447473
vt 0.951881 0.891133
vt 0.913863 0.447753
vt 0.913879 0.448239
vt 0.857111 0.436856
vt 0.857616 0.436856
vt 0.466408 0.984670
vt 0.466407 0.985156
vt 0.951880 0.890627
vt 0.914309 0.447465
vt 0.857364 0.435980
vt 0.952311 0.891133
vt 0.914293 0.447745
vt 0.856955 0.436213
vt 0.914309 0.448232
vt 0.857111 0.436591
vt 0.466838 0.984663
vt 0.857616 0.436591
vt 0.466838 0.985150
vt 0.857773 0.436213
vt 0.952312 0.890628
vt 0.591963 0.589869
vt 0.250982 0.514531
vt 0.596340 0.443772
vt 0.248224 0.514531
vt 0.591963 0.593521
vt 0.250982 0.510325
vt 0.726602 0.756243
vt 0.596340 0.440120
vt 0.248224 0.510325
vt 0.726602 0.753485
vt 0.589949 0.592597
vt 0.729338 0.756243
vt 0.435459 0.180532
vt 0.594326 0.439195
vt 0.729338 0.753485
vt 0.438216 0.180532
vt 0.589949 0.588944
vt 0.435459 0.184738
vt 0.594326 0.442848
vt 0.438216 0.184738
vt 0.436820 0.184738
vt 0.249621 0.514531
vt 0.249621 0.509402
vt 0.726602 0.754881
vt 0.079380 0.798604
vt 0.729338 0.754881
vt 0.436820 0.179609
vt 0.079380 0.800821
vt 0.079125 0.798722
vt 0.079125 0.800938
vt 0.259400 0.904749
vt 0.948590 0.017347
vt 0.259383 0.905029
vt 0.259400 0.905515
vt 0.857111 0.353494
vt 0.857616 0.353494
vt 0.297248 0.973465
vt 0.297247 0.973951
vt 0.948590 0.016841
vt 0.259829 0.904741
vt 0.857364 0.352618
vt 0.949021 0.017347
vt 0.259813 0.905021
vt 0.856955 0.352851
vt 0.259829 0.905508
vt 0.857111 0.353230
vt 0.297678 0.973458
vt 0.857616 0.353230
vt 0.297678 0.973945
vt 0.857773 0.352851
vt 0.949021 0.016842
vt 0.451975 0.620447
vt 0.194071 0.428010
vt 0.596340 0.428483
vt 0.191314 0.428010
vt 0.451975 0.624099
vt 0.194071 0.423804
vt 0.749044 0.143896
vt 0.596340 0.424831
vt 0.191314 0.423804
vt 0.749044 0.141138
vt 0.449961 0.623175
vt 0.751781 0.143896
vt 0.143215 0.394440
vt 0.594326 0.423906
vt 0.751781 0.141138
vt 0.145973 0.394440
vt 0.449961 0.619522
vt 0.143215 0.398646
vt 0.594326 0.427559
vt 0.145973 0.398646
vt 0.144576 0.398646
vt 0.192710 0.428010
vt 0.192710 0.422881
vt 0.749044 0.142534
vt 0.801811 0.278604
vt 0.751781 0.142534
vt 0.144576 0.393517
vt 0.801811 0.280820
vt 0.801556 0.278721
vt 0.801556 0.280937
vt 0.913880 0.412708
vt 0.951881 0.867319
vt 0.913863 0.412989
vt 0.913880 0.413475
vt 0.857111 0.471931
vt 0.857616 0.471931
vt 0.259369 0.972576
vt 0.259368 0.973062
vt 0.951880 0.866813
vt 0.914309 0.412701
vt 0.857364 0.471054
vt 0.952311 0.867319
vt 0.914293 0.412981
vt 0.856955 0.471287
vt 0.914309 0.413467
vt 0.857111 0.471666
vt 0.259798 0.972570
vt 0.857616 0.471666
vt 0.259798 0.973057
vt 0.857773 0.471287
vt 0.952312 0.866814
vt 0.388344 0.651025
vt 0.517008 0.309484
vt 0.131759 0.664634
vt 0.514251 0.309484
vt 0.388344 0.654677
vt 0.517008 0.305278
vt 0.364490 0.785001
vt 0.131759 0.660981
vt 0.514251 0.305278
vt 0.364490 0.782244
vt 0.386330 0.653753
vt 0.367226 0.785001
vt 0.132503 0.492771
vt 0.129745 0.660056
vt 0.367226 0.782244
vt 0.129745 0.492771
vt 0.386330 0.650100
vt 0.132503 0.488564
vt 0.129745 0.663709
vt 0.129745 0.488564
vt 0.131142 0.488564
vt 0.515647 0.309484
vt 0.515647 0.304355
vt 0.364490 0.783640
vt 0.378193 0.821804
vt 0.367226 0.783640
vt 0.131142 0.493694
vt 0.378193 0.824020
vt 0.377938 0.821921
vt 0.377938 0.824138
vt 0.898345 0.573662
vt 0.684357 0.949825
vt 0.898328 0.573943
vt 0.898345 0.574428
vt 0.857111 0.260789
vt 0.857616 0.260789
vt 0.969595 0.340091
vt 0.969594 0.340576
vt 0.684356 0.949319
vt 0.898774 0.573655
vt 0.857364 0.259913
vt 0.684787 0.949825
vt 0.898758 0.573934
vt 0.856955 0.260146
vt 0.898774 0.574421
vt 0.857111 0.260525
vt 0.970024 0.340084
vt 0.857616 0.260525
vt 0.970024 0.340571
vt 0.857773 0.260146
vt 0.684788 0.949320
vt 0.685423 0.409542
vt 0.314962 0.436214
vt 0.659970 0.535507
vt 0.312204 0.436214
vt 0.685423 0.413194
vt 0.314962 0.432007
vt 0.391387 0.771532
vt 0.659970 0.531854
vt 0.312204 0.432007
vt 0.391387 0.768774
vt 0.683409 0.412270
vt 0.394123 0.771532
vt 0.081627 0.389194
vt 0.657956 0.530930
vt 0.394123 0.768774
vt 0.084385 0.389194
vt 0.683409 0.408617
vt 0.081627 0.393400
vt 0.657956 0.534582
vt 0.084385 0.393400
vt 0.082989 0.393400
vt 0.313601 0.436214
vt 0.313601 0.431084
vt 0.391387 0.770170
vt 0.400127 0.821804
vt 0.394123 0.770170
vt 0.082989 0.388271
vt 0.400127 0.824020
vt 0.399872 0.821921
vt 0.399872 0.824138
vt 0.551787 0.915406
vt 0.937075 0.193016
vt 0.551770 0.915687
vt 0.551787 0.916172
vt 0.605721 0.858540
vt 0.606226 0.858540
vt 0.982019 0.016848
vt 0.982018 0.017334
vt 0.937075 0.192510
vt 0.552217 0.915399
vt 0.605974 0.857664
vt 0.937506 0.193016
vt 0.552201 0.915679
vt 0.605565 0.857897
vt 0.552217 0.916165
vt 0.605721 0.858275
vt 0.982449 0.016841
vt 0.606226 0.858275
vt 0.982449 0.017328
vt 0.606383 0.857897
vt 0.937506 0.192511
vt 0.673980 0.128593
vt 0.220557 0.505814
vt 0.681046 0.578232
vt 0.217799 0.505814
vt 0.673980 0.132245
vt 0.220557 0.501608
vt 0.783731 0.576413
vt 0.681046 0.574579
vt 0.217799 0.501608
vt 0.783731 0.573655
vt 0.671965 0.131321
vt 0.786468 0.576413
vt 0.435459 0.037961
vt 0.679032 0.573655
vt 0.786468 0.573655
vt 0.438216 0.037961
vt 0.671965 0.127668
vt 0.435459 0.042168
vt 0.679032 0.577307
vt 0.438216 0.042168
vt 0.436820 0.042168
vt 0.219195 0.505814
vt 0.219195 0.500685
vt 0.783731 0.575051
vt 0.823745 0.549751
vt 0.786468 0.575051
vt 0.436820 0.037038
vt 0.823745 0.551967
vt 0.823490 0.549868
vt 0.823490 0.552084
vt 0.902721 0.271509
vt 0.217799 0.932066
vt 0.902704 0.271789
vt 0.902721 0.272275
vt 0.852735 0.707347
vt 0.853240 0.707347
vt 0.826922 0.970064
vt 0.826921 0.970550
vt 0.217799 0.931560
vt 0.903151 0.271501
vt 0.852987 0.706471
vt 0.218229 0.932066
vt 0.903135 0.271781
vt 0.852578 0.706704
vt 0.903151 0.272268
vt 0.852735 0.707083
vt 0.827352 0.970057
vt 0.853240 0.707083
vt 0.827352 0.970544
vt 0.853397 0.706704
vt 0.218230 0.931561
vt 0.685423 0.470698
vt 0.435459 0.163768
vt 0.324713 0.669966
vt 0.438216 0.163768
vt 0.685423 0.474351
vt 0.435459 0.167974
vt 0.774659 0.349135
vt 0.324713 0.666314
vt 0.438216 0.167974
vt 0.774659 0.346377
vt 0.683408 0.473426
vt 0.777395 0.349135
vt 0.271795 0.368642
vt 0.322699 0.665389
vt 0.777395 0.346377
vt 0.274553 0.368642
vt 0.683408 0.469774
vt 0.271795 0.372849
vt 0.322699 0.669042
vt 0.274553 0.372849
vt 0.273156 0.372849
vt 0.436820 0.163768
vt 0.436820 0.168897
vt 0.774659 0.347773
vt 0.445436 0.821804
vt 0.777395 0.347773
vt 0.273156 0.367720
vt 0.445436 0.824020
vt 0.445181 0.821921
vt 0.445181 0.824138
vt 0.589843 0.915406
vt 0.005356 0.954386
vt 0.589826 0.915687
vt 0.589843 0.916172
vt 0.869925 0.194372
vt 0.870430 0.194372
vt 0.991880 0.469627
vt 0.991879 0.470113
vt 0.005356 0.953880
vt 0.590273 0.915399
vt 0.870177 0.193496
vt 0.005786 0.954386
vt 0.590257 0.915679
vt 0.869768 0.193729
vt 0.590273 0.916165
vt 0.869925 0.194108
vt 0.992309 0.469620
vt 0.870430 0.194108
vt 0.992309 0.470107
vt 0.870586 0.193729
vt 0.005787 0.953881
vt 0.634518 0.271940
vt 0.517009 0.499578
vt 0.621792 0.352038
vt 0.514251 0.499578
vt 0.634518 0.275593
vt 0.517009 0.495372
vt 0.297247 0.785001
vt 0.621792 0.348386
vt 0.514251 0.495372
vt 0.297247 0.782244
vt 0.632504 0.274668
vt 0.299984 0.785001
vt 0.050833 0.436797
vt 0.619778 0.347461
vt 0.299984 0.782244
vt 0.053591 0.436797
vt 0.632504 0.271016
vt 0.050833 0.441003
vt 0.619778 0.351114
vt 0.053591 0.441003
vt 0.052195 0.441003
vt 0.515647 0.499578
vt 0.515647 0.494449
vt 0.297247 0.783640
vt 0.068413 0.811650
vt 0.299984 0.783640
vt 0.052195 0.435874
vt 0.068413 0.813866
vt 0.068157 0.811767
vt 0.068157 0.813983
vt 0.743946 0.903921
vt 0.762358 0.949826
vt 0.743929 0.904202
vt 0.743946 0.904687
vt 0.869925 0.021521
vt 0.870430 0.021521
vt 0.884961 0.969961
vt 0.884960 0.970447
vt 0.762358 0.949320
vt 0.744375 0.903914
vt 0.870177 0.020645
vt 0.762789 0.949826
vt 0.744359 0.904193
vt 0.869768 0.020878
vt 0.744375 0.904680
vt 0.869925 0.021257
vt 0.885391 0.969954
vt 0.870430 0.021257
vt 0.885391 0.970441
vt 0.870586 0.020878
vt 0.762789 0.949321
vt 0.672697 0.241362
vt 0.446902 0.256831
vt 0.647244 0.550796
vt 0.449660 0.256831
vt 0.672697 0.245015
vt 0.446902 0.261038
vt 0.770282 0.589883
vt 0.647244 0.547143
vt 0.449660 0.261038
vt 0.770282 0.587125
vt 0.670683 0.244090
vt 0.773019 0.589883
vt 0.395049 0.069644
vt 0.645230 0.546219
vt 0.773019 0.587125
vt 0.397807 0.069644
vt 0.670683 0.240438
vt 0.395049 0.073850
vt 0.645230 0.549871
vt 0.397807 0.073850
vt 0.396411 0.073850
vt 0.448263 0.256831
vt 0.448263 0.261960
vt 0.770282 0.588521
vt 0.456403 0.821804
vt 0.773019 0.588521
vt 0.396411 0.068721
vt 0.456403 0.824020
vt 0.456148 0.821921
vt 0.456148 0.824138
vt 0.720513 0.915406
vt 0.946109 0.208992
vt 0.720496 0.915687
vt 0.720513 0.916173
vt 0.873587 0.868430
vt 0.874092 0.868430
vt 0.907247 0.969961
vt 0.907247 0.970447
vt 0.946109 0.208487
vt 0.720943 0.915399
vt 0.873839 0.867554
vt 0.946539 0.208992
vt 0.720927 0.915679
vt 0.873430 0.867787
vt 0.720943 0.916165
vt 0.873587 0.868166
vt 0.907677 0.969954
vt 0.874092 0.868166
vt 0.907677 0.970441
vt 0.874249 0.867787
vt 0.946540 0.208488
vt 0.633787 0.054876
vt 0.517009 0.467896
vt 0.659971 0.413194
vt 0.514251 0.467896
vt 0.633787 0.051223
vt 0.517009 0.463690
vt 0.156663 0.779117
vt 0.659971 0.409542
vt 0.514251 0.463690
vt 0.156663 0.776359
vt 0.635801 0.052148
vt 0.159400 0.779117
vt 0.487311 0.479531
vt 0.657957 0.408617
vt 0.159400 0.776359
vt 0.490069 0.479531
vt 0.635801 0.055800
vt 0.487311 0.483737
vt 0.657957 0.412270
vt 0.490069 0.483737
vt 0.488673 0.483737
vt 0.515647 0.467896
vt 0.515647 0.462767
vt 0.156663 0.777755
vt 0.823745 0.444963
vt 0.159400 0.777755
vt 0.488673 0.478608
vt 0.823745 0.447180
vt 0.823490 0.445081
vt 0.823490 0.447297
vt 0.205089 0.903363
vt 0.947308 0.352075
vt 0.205073 0.903644
vt 0.205089 0.904129
vt 0.875796 0.586119
vt 0.876301 0.586119
vt 0.991880 0.492803
vt 0.991879 0.493289
vt 0.947307 0.351569
vt 0.205519 0.903356
vt 0.876048 0.585243
vt 0.947738 0.352075
vt 0.205503 0.903635
vt 0.875639 0.585476
vt 0.205519 0.904122
vt 0.875796 0.585854
vt 0.992309 0.492796
vt 0.876301 0.585854
vt 0.992309 0.493283
vt 0.876458 0.585476
vt 0.947739 0.351570
vt 0.686706 0.174460
vt 0.448928 0.116244
vt 0.250239 0.684367
vt 0.451686 0.116244
vt 0.686706 0.178112
vt 0.448928 0.120451
vt 0.770282 0.657232
vt 0.250239 0.680714
vt 0.451686 0.120451
vt 0.770282 0.654474
vt 0.684692 0.177188
vt 0.773019 0.657232
vt 0.368110 0.085485
vt 0.248224 0.679790
vt 0.773019 0.654474
vt 0.370867 0.085485
vt 0.684692 0.173535
vt 0.368110 0.089691
vt 0.248224 0.683442
vt 0.370867 0.089691
vt 0.369471 0.089691
vt 0.450290 0.116244
vt 0.450290 0.121373
vt 0.770282 0.655870
vt 0.759758 0.819985
vt 0.773019 0.655870
vt 0.369471 0.084562
vt 0.759758 0.822201
vt 0.759503 0.820102
vt 0.759503 0.822319
vt 0.662861 0.915406
vt 0.285244 0.938729
vt 0.662845 0.915687
vt 0.662861 0.916173
vt 0.234911 0.850663
vt 0.235416 0.850663
vt 0.860366 0.970064
vt 0.860365 0.970550
vt 0.285243 0.938224
vt 0.663291 0.915399
vt 0.235164 0.849787
vt 0.285674 0.938729
vt 0.663275 0.915679
vt 0.234755 0.850019
vt 0.663291 0.916165
vt 0.234911 0.850398
vt 0.860796 0.970057
vt 0.235416 0.850398
vt 0.860796 0.970544
vt 0.235573 0.850019
vt 0.285674 0.938224
vt 0.490154 0.589868
vt 0.237512 0.519131
vt 0.583614 0.290882
vt 0.234755 0.519131
vt 0.490154 0.593521
vt 0.237512 0.514924
vt 0.749044 0.170835
vt 0.583614 0.287230
vt 0.234755 0.514924
vt 0.749044 0.168078
vt 0.488140 0.592596
vt 0.751781 0.170835
vt 0.339144 0.447848
vt 0.581599 0.286305
vt 0.751781 0.168078
vt 0.341901 0.447848
vt 0.488140 0.588944
vt 0.339144 0.452055
vt 0.581599 0.289958
vt 0.341901 0.452055
vt 0.340505 0.452055
vt 0.236151 0.519131
vt 0.236151 0.514001
vt 0.749044 0.169474
vt 0.285498 0.794016
vt 0.751781 0.169474
vt 0.340505 0.446926
vt 0.285498 0.796232
vt 0.285243 0.794133
vt 0.285243 0.796349
vt 0.902721 0.364316
vt 0.838095 0.936910
vt 0.902704 0.364597
vt 0.902721 0.365083
vt 0.848836 0.739010
vt 0.849341 0.739010
vt 0.982019 0.028066
vt 0.982018 0.028552
vt 0.838095 0.936404
vt 0.903151 0.364309
vt 0.849089 0.738133
vt 0.838525 0.936910
vt 0.903135 0.364589
vt 0.848680 0.738366
vt 0.903151 0.365075
vt 0.848836 0.738745
vt 0.982449 0.028059
vt 0.849341 0.738745
vt 0.982449 0.028546
vt 0.849498 0.738366
vt 0.838526 0.936405
vt 0.597623 0.052148
vt 0.446902 0.446925
vt 0.584897 0.162823
vt 0.449660 0.446926
vt 0.597623 0.055800
vt 0.446902 0.451132
vt 0.747762 0.281786
vt 0.584897 0.159171
vt 0.449660 0.451132
vt 0.747762 0.279028
vt 0.595608 0.054876
vt 0.750498 0.281786
vt 0.395049 0.006279
vt 0.582882 0.158246
vt 0.750498 0.279028
vt 0.397807 0.006279
vt 0.595608 0.051223
vt 0.395049 0.010485
vt 0.582882 0.161899
vt 0.397807 0.010485
vt 0.396411 0.010485
vt 0.448263 0.446925
vt 0.448263 0.452055
vt 0.747762 0.280424
vt 0.352338 0.795713
vt 0.750498 0.280424
vt 0.396411 0.005356
vt 0.352338 0.797930
vt 0.352083 0.795831
vt 0.352083 0.798047
vt 0.578684 0.915406
vt 0.939048 0.819180
vt 0.578668 0.915687
vt 0.578684 0.916172
vt 0.401155 0.848771
vt 0.401660 0.848771
vt 0.982019 0.039271
vt 0.982018 0.039756
vt 0.939047 0.818675
vt 0.579114 0.915399
vt 0.401408 0.847895
vt 0.939478 0.819180
vt 0.579098 0.915679
vt 0.400999 0.848128
vt 0.579114 0.916165
vt 0.401155 0.848506
vt 0.982449 0.039264
vt 0.401660 0.848506
vt 0.982449 0.039751
vt 0.401817 0.848128
vt 0.939479 0.818675
vt 0.647244 0.455409
vt 0.503539 0.436214
vt 0.610349 0.040511
vt 0.500781 0.436214
vt 0.647244 0.459062
vt 0.503539 0.432007
vt 0.762493 0.036873
vt 0.610349 0.036859
vt 0.500781 0.432007
vt 0.762493 0.034115
vt 0.645230 0.458137
vt 0.765230 0.036873
vt 0.098951 0.483872
vt 0.608335 0.035934
vt 0.765230 0.034115
vt 0.101709 0.483872
vt 0.645230 0.454484
vt 0.098951 0.488078
vt 0.608335 0.039587
vt 0.101709 0.488078
vt 0.100313 0.488078
vt 0.502177 0.436214
vt 0.502177 0.431084
vt 0.762493 0.035511
vt 0.737824 0.806940
vt 0.765230 0.035511
vt 0.100313 0.482949
vt 0.737824 0.809156
vt 0.737568 0.807057
vt 0.737568 0.809273
vt 0.005373 0.896996
vt 0.191314 0.933200
vt 0.005356 0.897277
vt 0.005373 0.897762
vt 0.846864 0.194372
vt 0.847369 0.194372
vt 0.970505 0.181299
vt 0.970504 0.181785
vt 0.191314 0.932694
vt 0.005802 0.896989
vt 0.847116 0.193496
vt 0.191744 0.933200
vt 0.005787 0.897268
vt 0.846707 0.193729
vt 0.005802 0.897755
vt 0.846864 0.194108
vt 0.970935 0.181292
vt 0.847369 0.194108
vt 0.970935 0.181779
vt 0.847526 0.193729
vt 0.191745 0.932695
vt 0.647244 0.271941
vt 0.463129 0.309484
vt 0.623075 0.116956
vt 0.460372 0.309484
vt 0.647244 0.275593
vt 0.463129 0.305278
vt 0.756834 0.711111
vt 0.623075 0.113304
vt 0.460372 0.305278
vt 0.756834 0.708353
vt 0.645230 0.274668
vt 0.759570 0.711111
vt 0.395049 0.164691
vt 0.621061 0.112379
vt 0.759570 0.708353
vt 0.397807 0.164691
vt 0.645230 0.271016
vt 0.395049 0.168897
vt 0.621061 0.116032
vt 0.397807 0.168897
vt 0.396411 0.168897
vt 0.461768 0.309484
vt 0.461768 0.304355
vt 0.756834 0.709749
vt 0.812778 0.332483
vt 0.759570 0.709749
vt 0.396411 0.163768
vt 0.812778 0.334699
vt 0.812523 0.332600
vt 0.812523 0.334816
vt 0.916763 0.749626
vt 0.936164 0.494634
vt 0.916746 0.749907
vt 0.916763 0.750392
vt 0.516480 0.860359
vt 0.516985 0.860359
vt 0.970877 0.016848
vt 0.970876 0.017334
vt 0.936164 0.494128
vt 0.917192 0.749619
vt 0.516732 0.859483
vt 0.936595 0.494634
vt 0.917176 0.749899
vt 0.516323 0.859716
vt 0.917192 0.750385
vt 0.516480 0.860094
vt 0.971306 0.016841
vt 0.516985 0.860094
vt 0.971306 0.017328
vt 0.517142 0.859716
vt 0.936595 0.494129
vt 0.299261 0.681603
vt 0.519035 0.137215
vt 0.655594 0.639388
vt 0.516277 0.137215
vt 0.299261 0.685255
vt 0.519035 0.133008
vt 0.753498 0.769712
vt 0.655594 0.635736
vt 0.516277 0.133008
vt 0.753498 0.766955
vt 0.297247 0.684331
vt 0.756235 0.769712
vt 0.462398 0.006279
vt 0.653580 0.634811
vt 0.756235 0.766955
vt 0.465156 0.006279
vt 0.297247 0.680678
vt 0.462398 0.010485
vt 0.653580 0.638464
vt 0.465156 0.010485
vt 0.463759 0.010485
vt 0.517673 0.137215
vt 0.517673 0.132085
vt 0.753498 0.768351
vt 0.814061 0.074524
vt 0.756235 0.768351
vt 0.463759 0.005356
vt 0.814061 0.076740
vt 0.813806 0.074641
vt 0.813806 0.076857
vt 0.902721 0.470752
vt 0.936165 0.529501
vt 0.902704 0.471032
vt 0.902721 0.471518
vt 0.355056 0.860359
vt 0.355561 0.860359
vt 0.982019 0.050488
vt 0.982018 0.050974
vt 0.936164 0.528995
vt 0.903151 0.470744
vt 0.355308 0.859483
vt 0.936595 0.529500
vt 0.903135 0.471024
vt 0.354899 0.859716
vt 0.903151 0.471511
vt 0.355056 0.860094
vt 0.982449 0.050481
vt 0.355561 0.860094
vt 0.982449 0.050968
vt 0.355717 0.859716
vt 0.936595 0.528995
vt 0.659971 0.333097
vt 0.460372 0.431084
vt 0.634518 0.443773
vt 0.463129 0.431084
vt 0.659971 0.336749
vt 0.460372 0.435291
vt 0.761211 0.407737
vt 0.634518 0.440120
vt 0.463129 0.435291
vt 0.761211 0.404979
vt 0.657957 0.335825
vt 0.763947 0.407737
vt 0.393023 0.257754
vt 0.632504 0.439195
vt 0.763947 0.404979
vt 0.395781 0.257754
vt 0.657957 0.332172
vt 0.393023 0.261960
vt 0.632504 0.442848
vt 0.395781 0.261960
vt 0.394384 0.261960
vt 0.461733 0.431084
vt 0.461733 0.436213
vt 0.761211 0.406375
vt 0.285498 0.820107
vt 0.763947 0.406375
vt 0.394384 0.256831
vt 0.285498 0.822323
vt 0.285243 0.820224
vt 0.285243 0.822440
vt 0.271812 0.917123
vt 0.871571 0.936910
vt 0.271795 0.917403
vt 0.271812 0.917889
vt 0.860367 0.739010
vt 0.860872 0.739010
vt 0.793845 0.971324
vt 0.793844 0.971810
vt 0.871570 0.936404
vt 0.272241 0.917115
vt 0.860619 0.738133
vt 0.872001 0.936910
vt 0.272225 0.917395
vt 0.860210 0.738366
vt 0.272241 0.917882
vt 0.860367 0.738745
vt 0.794274 0.971318
vt 0.860872 0.738745
vt 0.794274 0.971804
vt 0.861028 0.738366
vt 0.872002 0.936405
vt 0.681046 0.605158
vt 0.516277 0.211291
vt 0.236769 0.643099
vt 0.519035 0.211291
vt 0.681046 0.608810
vt 0.516277 0.215498
vt 0.774659 0.308725
vt 0.236769 0.639447
vt 0.519035 0.215498
vt 0.774659 0.305968
vt 0.679032 0.607885
vt 0.777395 0.308725
vt 0.460372 0.384484
vt 0.234755 0.638522
vt 0.777395 0.305968
vt 0.463129 0.384484
vt 0.679032 0.604233
vt 0.460372 0.388690
vt 0.234755 0.642175
vt 0.463129 0.388690
vt 0.461733 0.388690
vt 0.517639 0.211291
vt 0.517639 0.216421
vt 0.774659 0.307364
vt 0.248480 0.820915
vt 0.777395 0.307364
vt 0.461733 0.383561
vt 0.248480 0.823132
vt 0.248224 0.821033
vt 0.248224 0.823249
vt 0.903632 0.090181
vt 0.793844 0.938183
vt 0.903615 0.090462
vt 0.903632 0.090947
vt 0.320465 0.860359
vt 0.320970 0.860359
vt 0.377185 0.984670
vt 0.377184 0.985156
vt 0.793844 0.937678
vt 0.904062 0.090174
vt 0.320717 0.859483
vt 0.794274 0.938183
vt 0.904046 0.090454
vt 0.320308 0.859716
vt 0.904062 0.090940
vt 0.320465 0.860094
vt 0.377614 0.984663
vt 0.320970 0.860094
vt 0.377614 0.985150
vt 0.321126 0.859716
vt 0.794275 0.937678
vt 0.082898 0.671024
vt 0.234755 0.466478
vt 0.337440 0.669966
vt 0.237512 0.466478
vt 0.082898 0.674677
vt 0.234755 0.470684
vt 0.761210 0.434676
vt 0.337440 0.666314
vt 0.237512 0.470684
vt 0.761210 0.431918
vt 0.080884 0.673752
vt 0.763947 0.434676
vt 0.368110 0.212214
vt 0.335426 0.665389
vt 0.763947 0.431918
vt 0.370867 0.212214
vt 0.080884 0.670100
vt 0.368110 0.216421
vt 0.335426 0.669042
vt 0.370867 0.216421
vt 0.369471 0.216421
vt 0.236116 0.466478
vt 0.236116 0.471607
vt 0.761210 0.433315
vt 0.330404 0.821804
vt 0.763947 0.433315
vt 0.369471 0.211291
vt 0.330404 0.824020
vt 0.330148 0.821921
vt 0.330148 0.824137
vt 0.165357 0.911341
vt 0.793845 0.949401
vt 0.165341 0.911622
vt 0.165357 0.912107
vt 0.605721 0.870128
vt 0.606226 0.870128
vt 0.673214 0.971749
vt 0.673213 0.972235
vt 0.793844 0.948895
vt 0.165787 0.911334
vt 0.605974 0.869252
vt 0.794275 0.949400
vt 0.165771 0.911613
vt 0.605565 0.869485
vt 0.165787 0.912100
vt 0.605721 0.869863
vt 0.673644 0.971742
vt 0.606226 0.869863
vt 0.673644 0.972229
vt 0.606383 0.869485
vt 0.794275 0.948895
vt 0.597623 0.174460
vt 0.314962 0.515419
vt 0.337440 0.593521
vt 0.312204 0.515419
vt 0.597623 0.178113
vt 0.314962 0.511213
vt 0.749045 0.008114
vt 0.337440 0.589868
vt 0.312204 0.511213
vt 0.749045 0.005356
vt 0.595608 0.177188
vt 0.751781 0.008114
vt 0.460372 0.352801
vt 0.335426 0.588944
vt 0.751781 0.005356
vt 0.463129 0.352801
vt 0.595608 0.173535
vt 0.460372 0.357008
vt 0.335426 0.592596
vt 0.463129 0.357008
vt 0.461733 0.357008
vt 0.313601 0.515419
vt 0.313601 0.510290
vt 0.749045 0.006752
vt 0.800612 0.208487
vt 0.751781 0.006752
vt 0.461733 0.351878
vt 0.800612 0.210703
vt 0.800357 0.208604
vt 0.800357 0.210820
vt 0.904004 0.067005
vt 0.860412 0.948127
vt 0.903987 0.067286
vt 0.904004 0.067771
vt 0.868642 0.436856
vt 0.869147 0.436856
vt 0.717786 0.971749
vt 0.717785 0.972235
vt 0.860412 0.947622
vt 0.904433 0.066998
vt 0.868894 0.435980
vt 0.860842 0.948127
vt 0.904417 0.067277
vt 0.868485 0.436213
vt 0.904433 0.067764
vt 0.868642 0.436591
vt 0.718216 0.971742
vt 0.869147 0.436591
vt 0.718216 0.972229
vt 0.869303 0.436213
vt 0.860843 0.947623
vt 0.596340 0.394253
vt 0.463129 0.293643
vt 0.584897 0.101667
vt 0.460372 0.293643
vt 0.596340 0.397905
vt 0.463129 0.289437
vt 0.747762 0.488555
vt 0.584897 0.098015
vt 0.460372 0.289437
vt 0.747762 0.485797
vt 0.594326 0.396981
vt 0.750498 0.488555
vt 0.191314 0.376280
vt 0.582882 0.097090
vt 0.750498 0.485797
vt 0.194071 0.376280
vt 0.594326 0.393328
vt 0.191314 0.380486
vt 0.582882 0.100743
vt 0.194071 0.380486
vt 0.192675 0.380486
vt 0.461768 0.293643
vt 0.461768 0.288514
vt 0.747762 0.487194
vt 0.235010 0.797606
vt 0.750498 0.487194
vt 0.192675 0.375357
vt 0.235010 0.799822
vt 0.234755 0.797723
vt 0.234755 0.799939
vt 0.319581 0.917123
vt 0.217800 0.943284
vt 0.319564 0.917404
vt 0.319581 0.917889
vt 0.868642 0.483519
vt 0.869147 0.483519
vt 0.285244 0.971870
vt 0.285243 0.972356
vt 0.217799 0.942778
vt 0.320011 0.917116
vt 0.868894 0.482643
vt 0.218230 0.943283
vt 0.319995 0.917395
vt 0.868485 0.482875
vt 0.320011 0.917882
vt 0.868642 0.483254
vt 0.285674 0.971863
vt 0.869147 0.483254
vt 0.285674 0.972350
vt 0.869303 0.482875
vt 0.218230 0.942778
vt 0.672697 0.271941
vt 0.514251 0.240990
vt 0.604689 0.654677
vt 0.517009 0.240990
vt 0.672697 0.275593
vt 0.514251 0.245196
vt 0.774659 0.503109
vt 0.604689 0.651025
vt 0.517009 0.245196
vt 0.774659 0.500352
vt 0.670682 0.274668
vt 0.777395 0.503109
vt 0.005356 0.500035
vt 0.602675 0.650100
vt 0.777395 0.500352
vt 0.008114 0.500035
vt 0.670682 0.271016
vt 0.005356 0.504242
vt 0.602675 0.653753
vt 0.008114 0.504242
vt 0.006717 0.504242
vt 0.515612 0.240990
vt 0.515612 0.246119
vt 0.774659 0.501748
vt 0.823745 0.536705
vt 0.777395 0.501748
vt 0.006717 0.499112
vt 0.823745 0.538922
vt 0.823490 0.536823
vt 0.823490 0.539039
vt 0.905604 0.749626
vt 0.942946 0.667176
vt 0.905587 0.749907
vt 0.905604 0.750392
vt 0.154339 0.866063
vt 0.154844 0.866063
vt 0.972477 0.726552
vt 0.972476 0.727038
vt 0.942946 0.666670
vt 0.906034 0.749619
vt 0.154591 0.865186
vt 0.943377 0.667176
vt 0.906018 0.749899
vt 0.154182 0.865419
vt 0.906034 0.750385
vt 0.154339 0.865798
vt 0.972907 0.726545
vt 0.154844 0.865798
vt 0.972907 0.727032
vt 0.155000 0.865419
vt 0.943377 0.666671
vt 0.661253 0.052148
vt 0.159443 0.462011
vt 0.621792 0.520218
vt 0.156685 0.462011
vt 0.661253 0.055800
vt 0.159443 0.457805
vt 0.098952 0.774053
vt 0.621792 0.516565
vt 0.156685 0.457805
vt 0.098952 0.771295
vt 0.659239 0.054876
vt 0.101688 0.774053
vt 0.408519 0.164691
vt 0.619778 0.515641
vt 0.101688 0.771295
vt 0.411277 0.164691
vt 0.659239 0.051223
vt 0.408519 0.168897
vt 0.619778 0.519293
vt 0.411277 0.168897
vt 0.409880 0.168897
vt 0.158081 0.462011
vt 0.158081 0.456882
vt 0.098952 0.772692
vt 0.823745 0.484524
vt 0.101688 0.772692
vt 0.409880 0.163768
vt 0.823745 0.486740
vt 0.823490 0.484641
vt 0.823490 0.486858
vt 0.915162 0.028334
vt 0.907248 0.948025
vt 0.915145 0.028615
vt 0.915162 0.029100
vt 0.732555 0.870128
vt 0.733060 0.870128
vt 0.972477 0.761111
vt 0.972476 0.761597
vt 0.907247 0.947519
vt 0.915592 0.028327
vt 0.732808 0.869252
vt 0.907678 0.948024
vt 0.915576 0.028607
vt 0.732398 0.869484
vt 0.915592 0.029093
vt 0.732555 0.869863
vt 0.972907 0.761104
vt 0.733060 0.869863
vt 0.972907 0.761591
vt 0.733217 0.869484
vt 0.907678 0.947519
vt 0.621792 0.363675
vt 0.436190 0.515419
vt 0.490154 0.608810
vt 0.433432 0.515419
vt 0.621792 0.367327
vt 0.436190 0.511213
vt 0.761210 0.241376
vt 0.490154 0.605158
vt 0.433432 0.511213
vt 0.761210 0.238619
vt 0.619778 0.366403
vt 0.763947 0.241376
vt 0.366083 0.479531
vt 0.488140 0.604233
vt 0.763947 0.238619
vt 0.368841 0.479531
vt 0.619778 0.362750
vt 0.366083 0.483737
vt 0.488140 0.607885
vt 0.368841 0.483737
vt 0.367445 0.483737
vt 0.434829 0.515419
vt 0.434829 0.510290
vt 0.761210 0.240015
vt 0.803094 0.138470
vt 0.763947 0.240015
vt 0.367445 0.478608
vt 0.803094 0.140686
vt 0.802839 0.138587
vt 0.802839 0.140803
vt 0.639801 0.903921
vt 0.628626 0.938608
vt 0.639784 0.904202
vt 0.639801 0.904687
vt 0.868642 0.390504
vt 0.869147 0.390504
vt 0.205073 0.982396
vt 0.205073 0.982881
vt 0.628625 0.938102
vt 0.640230 0.903914
vt 0.868894 0.389627
vt 0.629056 0.938608
vt 0.640214 0.904193
vt 0.868485 0.389860
vt 0.640230 0.904680
vt 0.868642 0.390239
vt 0.205503 0.982389
vt 0.869147 0.390239
vt 0.205503 0.982876
vt 0.869304 0.389860
vt 0.629057 0.938103
vt 0.350166 0.620447
vt 0.132503 0.462011
vt 0.005356 0.608896
vt 0.129745 0.462011
vt 0.350166 0.624099
vt 0.132503 0.457805
vt 0.337592 0.758062
vt 0.005356 0.612549
vt 0.129745 0.457805
vt 0.337592 0.755304
vt 0.348152 0.623174
vt 0.340329 0.758062
vt 0.408519 0.069644
vt 0.007370 0.613473
vt 0.340329 0.755304
vt 0.411277 0.069644
vt 0.348152 0.619522
vt 0.408519 0.073850
vt 0.007370 0.609821
vt 0.411277 0.073850
vt 0.409880 0.073850
vt 0.131142 0.462011
vt 0.131142 0.456882
vt 0.337592 0.756701
vt 0.578668 0.809273
vt 0.340329 0.756701
vt 0.409880 0.068721
vt 0.578668 0.807057
vt 0.578923 0.809156
vt 0.578923 0.806939
vt 0.308422 0.917123
vt 0.527855 0.951337
vt 0.308406 0.917404
vt 0.308422 0.917889
vt 0.504950 0.871947
vt 0.505455 0.871947
vt 0.527855 0.973260
vt 0.527854 0.973746
vt 0.527854 0.950831
vt 0.308852 0.917116
vt 0.505202 0.871071
vt 0.528285 0.951336
vt 0.308836 0.917395
vt 0.504793 0.871304
vt 0.308852 0.917882
vt 0.504950 0.871682
vt 0.528284 0.973253
vt 0.505455 0.871682
vt 0.528284 0.973740
vt 0.505612 0.871304
vt 0.528285 0.950831
vt 0.037364 0.627964
vt 0.112421 0.514631
vt 0.621061 0.051223
vt 0.115179 0.514631
vt 0.037364 0.624312
vt 0.112421 0.518837
vt 0.761210 0.322195
vt 0.621061 0.054876
vt 0.115179 0.518837
vt 0.761210 0.319437
vt 0.039378 0.625236
vt 0.763947 0.322195
vt 0.050833 0.452638
vt 0.623075 0.055800
vt 0.763947 0.319437
vt 0.053591 0.452638
vt 0.039378 0.628889
vt 0.050833 0.456844
vt 0.623075 0.052148
vt 0.053591 0.456844
vt 0.052195 0.456844
vt 0.113783 0.514631
vt 0.113783 0.519760
vt 0.761210 0.320834
vt 0.693557 0.806939
vt 0.763947 0.320834
vt 0.052195 0.451715
vt 0.693557 0.809156
vt 0.693302 0.807057
vt 0.693302 0.809273
vt 0.903632 0.113152
vt 0.948590 0.067133
vt 0.903615 0.113433
vt 0.903632 0.113918
vt 0.308934 0.871947
vt 0.309439 0.871947
vt 0.342610 0.973465
vt 0.342609 0.973951
vt 0.948590 0.066627
vt 0.904062 0.113145
vt 0.309187 0.871071
vt 0.949021 0.067133
vt 0.904046 0.113424
vt 0.308777 0.871304
vt 0.904062 0.113911
vt 0.308934 0.871682
vt 0.343040 0.973458
vt 0.309439 0.871682
vt 0.343040 0.973945
vt 0.309596 0.871304
vt 0.949021 0.066628
vt 0.080884 0.627885
vt 0.070915 0.456765
vt 0.621792 0.275593
vt 0.068158 0.456765
vt 0.080884 0.624233
vt 0.070915 0.452559
vt 0.485526 0.758062
vt 0.621792 0.271941
vt 0.068158 0.452559
vt 0.485526 0.755304
vt 0.082898 0.625157
vt 0.488263 0.758062
vt 0.143215 0.378599
vt 0.619778 0.271016
vt 0.488263 0.755304
vt 0.145973 0.378599
vt 0.082898 0.628810
vt 0.143215 0.382805
vt 0.619778 0.274669
vt 0.145973 0.382805
vt 0.144576 0.382805
vt 0.069554 0.456765
vt 0.069554 0.451636
vt 0.485526 0.756701
vt 0.812778 0.305968
vt 0.488263 0.756701
vt 0.144576 0.377676
vt 0.812778 0.308184
vt 0.812523 0.306085
vt 0.812523 0.308301
vt 0.902721 0.529002
vt 0.673214 0.938608
vt 0.902704 0.529283
vt 0.902721 0.529769
vt 0.539476 0.859086
vt 0.539982 0.859086
vt 0.985294 0.992345
vt 0.985293 0.992831
vt 0.673213 0.938102
vt 0.903151 0.528995
vt 0.539729 0.858210
vt 0.673645 0.938607
vt 0.903135 0.529275
vt 0.539320 0.858442
vt 0.903151 0.529762
vt 0.539476 0.858821
vt 0.985724 0.992338
vt 0.539982 0.858821
vt 0.985724 0.992825
vt 0.540138 0.858442
vt 0.673645 0.938102
vt 0.337440 0.712181
vt 0.005356 0.451589
vt 0.698149 0.321460
vt 0.008114 0.451589
vt 0.337440 0.715833
vt 0.005356 0.455795
vt 0.788107 0.475086
vt 0.698149 0.317808
vt 0.008114 0.455795
vt 0.788107 0.472328
vt 0.335425 0.714909
vt 0.790844 0.475086
vt 0.368110 0.053802
vt 0.696135 0.316883
vt 0.790844 0.472328
vt 0.370867 0.053802
vt 0.335425 0.711256
vt 0.368110 0.058009
vt 0.696135 0.320536
vt 0.370867 0.058009
vt 0.369471 0.058009
vt 0.006717 0.451589
vt 0.006717 0.456718
vt 0.788107 0.473724
vt 0.834713 0.443266
vt 0.790844 0.473724
vt 0.369471 0.052880
vt 0.834713 0.445482
vt 0.834457 0.443383
vt 0.834457 0.445600
vt 0.767006 0.915406
vt 0.950191 0.796477
vt 0.766989 0.915687
vt 0.767006 0.916173
vt 0.860366 0.808538
vt 0.860871 0.808538
vt 0.319534 0.984670
vt 0.319533 0.985156
vt 0.950191 0.795971
vt 0.767436 0.915399
vt 0.860619 0.807662
vt 0.950621 0.796477
vt 0.767420 0.915679
vt 0.860209 0.807895
vt 0.767436 0.916165
vt 0.860366 0.808274
vt 0.319963 0.984663
vt 0.860871 0.808274
vt 0.319963 0.985150
vt 0.861028 0.807895
vt 0.950622 0.795972
vt 0.710875 0.547143
vt 0.393023 0.510290
vt 0.362892 0.685255
vt 0.395781 0.510290
vt 0.710875 0.550796
vt 0.393023 0.514496
vt 0.789390 0.023403
vt 0.362892 0.681603
vt 0.395781 0.514496
vt 0.789390 0.020645
vt 0.708861 0.549871
vt 0.792127 0.023403
vt 0.419962 0.447848
vt 0.360878 0.680678
vt 0.792127 0.020645
vt 0.422720 0.447848
vt 0.708861 0.546219
vt 0.419962 0.452055
vt 0.360878 0.684331
vt 0.422720 0.452055
vt 0.421324 0.452055
vt 0.394384 0.510290
vt 0.394384 0.515419
vt 0.789390 0.022041
vt 0.827000 0.805242
vt 0.792127 0.022041
vt 0.421324 0.446926
vt 0.827000 0.807458
vt 0.826745 0.805359
vt 0.826745 0.807576
vt 0.628642 0.915406
vt 0.511815 0.940324
vt 0.628625 0.915687
vt 0.628642 0.916173
vt 0.037519 0.861872
vt 0.038025 0.861872
vt 0.297248 0.984670
vt 0.297247 0.985156
vt 0.511815 0.939818
vt 0.629072 0.915399
vt 0.037772 0.860996
vt 0.512246 0.940324
vt 0.629056 0.915679
vt 0.037363 0.861229
vt 0.629072 0.916165
vt 0.037519 0.861607
vt 0.297678 0.984663
vt 0.038025 0.861607
vt 0.297678 0.985150
vt 0.038181 0.861229
vt 0.512246 0.939819
vt 0.617415 0.605158
vt 0.502807 0.021197
vt 0.609066 0.382616
vt 0.505565 0.021197
vt 0.617415 0.608810
vt 0.502807 0.025403
vt 0.783731 0.697641
vt 0.609066 0.378964
vt 0.505565 0.025403
vt 0.783731 0.694883
vt 0.615401 0.607886
vt 0.786468 0.697641
vt 0.393023 0.447848
vt 0.607052 0.378039
vt 0.786468 0.694883
vt 0.395781 0.447848
vt 0.615401 0.604233
vt 0.393023 0.452055
vt 0.607052 0.381692
vt 0.395781 0.452055
vt 0.394384 0.452055
vt 0.504169 0.021197
vt 0.504169 0.026326
vt 0.783731 0.696279
vt 0.808402 0.587124
vt 0.786468 0.696279
vt 0.394384 0.446926
vt 0.808402 0.589341
vt 0.808147 0.587242
vt 0.808147 0.589458
vt 0.902721 0.329449
vt 0.421835 0.940324
vt 0.902704 0.329730
vt 0.902721 0.330216
vt 0.481889 0.860359
vt 0.482394 0.860359
vt 0.589811 0.982953
vt 0.589810 0.983439
vt 0.421834 0.939818
vt 0.903151 0.329442
vt 0.482141 0.859483
vt 0.422265 0.940323
vt 0.903135 0.329722
vt 0.481732 0.859716
vt 0.903151 0.330208
vt 0.481889 0.860094
vt 0.590241 0.982947
vt 0.482394 0.860094
vt 0.590241 0.983434
vt 0.482551 0.859716
vt 0.422265 0.939818
vt 0.610349 0.159171
vt 0.462398 0.052879
vt 0.286535 0.608810
vt 0.465156 0.052879
vt 0.610349 0.162823
vt 0.462398 0.057086
vt 0.418283 0.771532
vt 0.286535 0.605157
vt 0.465156 0.057086
vt 0.418283 0.768774
vt 0.608335 0.161899
vt 0.421021 0.771532
vt 0.368110 0.180532
vt 0.284521 0.604233
vt 0.421021 0.768774
vt 0.370867 0.180532
vt 0.608335 0.158246
vt 0.368110 0.184738
vt 0.284521 0.607885
vt 0.370867 0.184738
vt 0.369471 0.184738
vt 0.463760 0.052879
vt 0.463760 0.058009
vt 0.418283 0.770170
vt 0.803094 0.125424
vt 0.421021 0.770170
vt 0.369471 0.179609
vt 0.803094 0.127641
vt 0.802839 0.125542
vt 0.802839 0.127758
vt 0.456086 0.917123
vt 0.931803 0.695389
vt 0.456069 0.917404
vt 0.456086 0.917889
vt 0.563457 0.858540
vt 0.563962 0.858540
vt 0.983620 0.807196
vt 0.983619 0.807682
vt 0.931803 0.694883
vt 0.456515 0.917116
vt 0.563710 0.857664
vt 0.932234 0.695389
vt 0.456499 0.917395
vt 0.563301 0.857896
vt 0.456515 0.917882
vt 0.563457 0.858275
vt 0.984049 0.807189
vt 0.563962 0.858275
vt 0.984049 0.807676
vt 0.564119 0.857896
vt 0.932234 0.694884
vt 0.020096 0.670977
vt 0.500781 0.320196
vt 0.661253 0.193402
vt 0.503539 0.320196
vt 0.020096 0.674630
vt 0.500781 0.324402
vt 0.783731 0.603352
vt 0.661253 0.189749
vt 0.503539 0.324402
vt 0.783731 0.600594
vt 0.018082 0.673705
vt 0.786468 0.603352
vt 0.325674 0.447848
vt 0.659239 0.188825
vt 0.786468 0.600594
vt 0.328432 0.447848
vt 0.018082 0.670053
vt 0.325674 0.452055
vt 0.659239 0.192477
vt 0.328432 0.452055
vt 0.327035 0.452055
vt 0.502142 0.320196
vt 0.502142 0.325325
vt 0.783731 0.601991
vt 0.823745 0.332483
vt 0.786468 0.601991
vt 0.327035 0.446926
vt 0.823745 0.334699
vt 0.823490 0.332600
vt 0.823490 0.334816
vt 0.909503 0.573662
vt 0.079317 0.930541
vt 0.909486 0.573943
vt 0.909503 0.574428
vt 0.815935 0.856842
vt 0.816440 0.856842
vt 0.684357 0.982954
vt 0.684356 0.983439
vt 0.079316 0.930035
vt 0.909933 0.573655
vt 0.816187 0.855966
vt 0.079747 0.930540
vt 0.909917 0.573934
vt 0.815778 0.856199
vt 0.909933 0.574421
vt 0.815935 0.856577
vt 0.684786 0.982947
vt 0.816440 0.856577
vt 0.684786 0.983434
vt 0.816597 0.856199
vt 0.079747 0.930035
vt 0.699432 0.082726
vt 0.411277 0.105532
vt 0.039378 0.644178
vt 0.408519 0.105532
vt 0.699432 0.086378
vt 0.411277 0.101326
vt 0.699704 0.769713
vt 0.039378 0.640525
vt 0.408519 0.101326
vt 0.699704 0.766955
vt 0.697418 0.085454
vt 0.702441 0.769713
vt 0.312204 0.384484
vt 0.037364 0.639601
vt 0.702441 0.766955
vt 0.314962 0.384484
vt 0.697418 0.081801
vt 0.312204 0.388690
vt 0.037364 0.643253
vt 0.314962 0.388690
vt 0.313566 0.388690
vt 0.409915 0.105532
vt 0.409915 0.100403
vt 0.699704 0.768351
vt 0.819369 0.694883
vt 0.702441 0.768351
vt 0.313566 0.383561
vt 0.819369 0.697099
vt 0.819114 0.695000
vt 0.819114 0.697217
vt 0.217816 0.908597
vt 0.331466 0.951542
vt 0.217799 0.908877
vt 0.217816 0.909363
vt 0.686433 0.858540
vt 0.686938 0.858540
vt 0.695499 0.982954
vt 0.695498 0.983439
vt 0.331466 0.951036
vt 0.218245 0.908589
vt 0.686686 0.857664
vt 0.331897 0.951542
vt 0.218229 0.908869
vt 0.686276 0.857897
vt 0.218245 0.909356
vt 0.686433 0.858275
vt 0.695929 0.982947
vt 0.686938 0.858275
vt 0.695929 0.983434
vt 0.687095 0.857897
vt 0.331897 0.951037
vt 0.584897 0.006281
vt 0.502807 0.005356
vt 0.451975 0.593521
vt 0.505565 0.005356
vt 0.584897 0.009933
vt 0.502807 0.009562
vt 0.364490 0.758062
vt 0.451975 0.589869
vt 0.505565 0.009562
vt 0.364490 0.755304
vt 0.582882 0.009009
vt 0.367226 0.758062
vt 0.288022 0.451132
vt 0.449961 0.588944
vt 0.367226 0.755304
vt 0.285264 0.451132
vt 0.582882 0.005356
vt 0.288022 0.446926
vt 0.449961 0.592596
vt 0.285264 0.446926
vt 0.286661 0.446926
vt 0.504169 0.005356
vt 0.504169 0.010485
vt 0.364490 0.756701
vt 0.110174 0.798235
vt 0.367226 0.756701
vt 0.286661 0.452055
vt 0.110174 0.800451
vt 0.109919 0.798352
vt 0.109919 0.800569
vt 0.903632 0.135357
vt 0.551771 0.949825
vt 0.903615 0.135638
vt 0.903632 0.136124
vt 0.852735 0.695759
vt 0.853240 0.695759
vt 0.974167 0.911651
vt 0.974166 0.912137
vt 0.551770 0.949319
vt 0.904062 0.135350
vt 0.852987 0.694883
vt 0.552202 0.949824
vt 0.904046 0.135630
vt 0.852578 0.695116
vt 0.904062 0.136117
vt 0.852735 0.695495
vt 0.974597 0.911645
vt 0.853240 0.695495
vt 0.974597 0.912131
vt 0.853397 0.695116
vt 0.552202 0.949319
vt 0.584897 0.189749
vt 0.422720 0.388690
vt 0.584896 0.132245
vt 0.419962 0.388690
vt 0.584897 0.193402
vt 0.422720 0.384484
vt 0.749044 0.197775
vt 0.584896 0.128593
vt 0.419962 0.384484
vt 0.749044 0.195017
vt 0.582882 0.192477
vt 0.751781 0.197775
vt 0.368110 0.101326
vt 0.582882 0.127668
vt 0.751781 0.195017
vt 0.370867 0.101326
vt 0.582882 0.188824
vt 0.368110 0.105532
vt 0.582882 0.131321
vt 0.370867 0.105532
vt 0.369471 0.105532
vt 0.421359 0.388690
vt 0.421359 0.383561
vt 0.749044 0.196414
vt 0.478337 0.795713
vt 0.751781 0.196414
vt 0.369471 0.100403
vt 0.478337 0.797930
vt 0.478082 0.795831
vt 0.478082 0.798047
vt 0.388391 0.917123
vt 0.539320 0.950269
vt 0.388374 0.917404
vt 0.388391 0.917889
vt 0.697964 0.858540
vt 0.698469 0.858540
vt 0.048508 0.974978
vt 0.048507 0.975464
vt 0.539320 0.949763
vt 0.388821 0.917116
vt 0.698216 0.857664
vt 0.539751 0.950269
vt 0.388805 0.917395
vt 0.697807 0.857897
vt 0.388821 0.917882
vt 0.697964 0.858275
vt 0.048937 0.974972
vt 0.698469 0.858275
vt 0.048937 0.975459
vt 0.698626 0.857897
vt 0.539751 0.949764
vt 0.609066 0.363675
vt 0.271795 0.494449
vt 0.673979 0.208691
vt 0.274553 0.494449
vt 0.609066 0.367327
vt 0.271795 0.498655
vt 0.753498 0.783182
vt 0.673979 0.205038
vt 0.274553 0.498655
vt 0.753498 0.780424
vt 0.607052 0.366403
vt 0.756235 0.783182
vt 0.451686 0.183815
vt 0.671965 0.204113
vt 0.756235 0.780424
vt 0.448928 0.183815
vt 0.607052 0.362750
vt 0.451686 0.179609
vt 0.671965 0.207766
vt 0.448928 0.179609
vt 0.450325 0.179609
vt 0.273156 0.494449
vt 0.273156 0.499578
vt 0.753498 0.781821
vt 0.823745 0.278604
vt 0.756235 0.781821
vt 0.450325 0.184738
vt 0.823745 0.280820
vt 0.823490 0.278721
vt 0.823490 0.280937
vt 0.578685 0.903921
vt 0.951865 0.948025
vt 0.578668 0.904201
vt 0.578684 0.904687
vt 0.154339 0.854474
vt 0.154844 0.854474
vt 0.717786 0.982954
vt 0.717785 0.983439
vt 0.951865 0.947519
vt 0.579114 0.903913
vt 0.154591 0.853598
vt 0.952296 0.948025
vt 0.579098 0.904193
vt 0.154182 0.853831
vt 0.579114 0.904680
vt 0.154339 0.854210
vt 0.718216 0.982947
vt 0.154844 0.854210
vt 0.718216 0.983434
vt 0.155001 0.853831
vt 0.952296 0.947520
vt 0.299261 0.651025
vt 0.422720 0.325325
vt 0.286535 0.654677
vt 0.419962 0.325325
vt 0.299261 0.654677
vt 0.422720 0.321119
vt 0.770282 0.670701
vt 0.286535 0.651025
vt 0.419962 0.321119
vt 0.770282 0.667943
vt 0.297247 0.653753
vt 0.773019 0.670701
vt 0.217799 0.390720
vt 0.284521 0.650100
vt 0.773019 0.667943
vt 0.220557 0.390720
vt 0.297247 0.650100
vt 0.217799 0.394926
vt 0.284521 0.653753
vt 0.220557 0.394926
vt 0.219160 0.394926
vt 0.421359 0.325325
vt 0.421359 0.320196
vt 0.770282 0.669340
vt 0.827000 0.818287
vt 0.773019 0.669340
vt 0.219160 0.389797
vt 0.827000 0.820503
vt 0.826745 0.818404
vt 0.826745 0.820621
vt 0.916763 0.819155
vt 0.940723 0.925590
vt 0.916746 0.819436
vt 0.916763 0.819921
vt 0.590355 0.858540
vt 0.590860 0.858540
vt 0.662055 0.982954
vt 0.662054 0.983439
vt 0.940722 0.925084
vt 0.917192 0.819148
vt 0.590607 0.857664
vt 0.941153 0.925589
vt 0.917176 0.819427
vt 0.590198 0.857896
vt 0.917192 0.819914
vt 0.590355 0.858275
vt 0.662485 0.982947
vt 0.590860 0.858275
vt 0.662485 0.983434
vt 0.591017 0.857896
vt 0.941153 0.925084
vt 0.579237 0.605158
vt 0.489338 0.084562
vt 0.672697 0.535507
vt 0.492095 0.084562
vt 0.579237 0.608810
vt 0.489338 0.088768
vt 0.619013 0.783182
vt 0.672697 0.531854
vt 0.492095 0.088768
vt 0.619013 0.780424
vt 0.577223 0.607886
vt 0.621750 0.783182
vt 0.448928 0.022120
vt 0.670682 0.530930
vt 0.621750 0.780424
vt 0.451686 0.022120
vt 0.577223 0.604233
vt 0.448928 0.026326
vt 0.670682 0.534582
vt 0.451686 0.026326
vt 0.450290 0.026326
vt 0.490699 0.084562
vt 0.490699 0.089691
vt 0.619013 0.781821
vt 0.823745 0.225149
vt 0.621750 0.781821
vt 0.450290 0.021197
vt 0.823745 0.227365
vt 0.823490 0.225266
vt 0.823490 0.227482
vt 0.234772 0.907529
vt 0.931804 0.608822
vt 0.234755 0.907810
vt 0.234771 0.908295
vt 0.827465 0.856842
vt 0.827970 0.856842
vt 0.740072 0.982954
vt 0.740071 0.983439
vt 0.931803 0.608316
vt 0.235201 0.907522
vt 0.827717 0.855966
vt 0.932234 0.608821
vt 0.235185 0.907802
vt 0.827308 0.856199
vt 0.235201 0.908288
vt 0.827465 0.856577
vt 0.740502 0.982947
vt 0.827970 0.856577
vt 0.740502 0.983434
vt 0.828127 0.856199
vt 0.932234 0.608316
vt 0.070171 0.640446
vt 0.248224 0.446037
vt 0.250238 0.669078
vt 0.250982 0.446037
vt 0.070171 0.644099
vt 0.248224 0.450243
vt 0.774659 0.407737
vt 0.250238 0.665425
vt 0.250982 0.450243
vt 0.774659 0.404979
vt 0.068157 0.643174
vt 0.777395 0.407737
vt 0.271795 0.384484
vt 0.248224 0.664501
vt 0.777395 0.404979
vt 0.274553 0.384484
vt 0.068157 0.639522
vt 0.271795 0.388690
vt 0.248224 0.668153
vt 0.274553 0.388690
vt 0.273156 0.388690
vt 0.249586 0.446037
vt 0.249586 0.451166
vt 0.774659 0.406375
vt 0.019060 0.824648
vt 0.777395 0.406375
vt 0.273156 0.383561
vt 0.019060 0.826864
vt 0.018804 0.824765
vt 0.018804 0.826982
vt 0.377233 0.917123
vt 0.950191 0.830666
vt 0.377216 0.917404
vt 0.377233 0.917889
vt 0.869925 0.148020
vt 0.870430 0.148020
vt 0.983620 0.749345
vt 0.983619 0.749831
vt 0.950191 0.830160
vt 0.377662 0.917116
vt 0.870177 0.147144
vt 0.950621 0.830666
vt 0.377646 0.917395
vt 0.869768 0.147376
vt 0.377662 0.917882
vt 0.869925 0.147755
vt 0.984050 0.749338
vt 0.870430 0.147755
vt 0.984050 0.749825
vt 0.870586 0.147376
vt 0.950622 0.830161
vt 0.610349 0.128593
vt 0.487311 0.399402
vt 0.642868 0.578232
vt 0.490069 0.399402
vt 0.610349 0.132245
vt 0.487311 0.403608
vt 0.143215 0.779117
vt 0.642868 0.574579
vt 0.490069 0.403608
vt 0.143215 0.776359
vt 0.608335 0.131321
vt 0.145951 0.779117
vt 0.446902 0.384484
vt 0.640854 0.573655
vt 0.145951 0.776359
vt 0.449660 0.384484
vt 0.608335 0.127668
vt 0.446902 0.388690
vt 0.640854 0.577307
vt 0.449660 0.388690
vt 0.448263 0.388690
vt 0.488673 0.399402
vt 0.488673 0.404531
vt 0.143215 0.777755
vt 0.823745 0.251664
vt 0.145951 0.777755
vt 0.448263 0.383561
vt 0.823745 0.253880
vt 0.823490 0.251781
vt 0.823490 0.253997
vt 0.048539 0.907150
vt 0.639769 0.949826
vt 0.048522 0.907431
vt 0.048539 0.907917
vt 0.686434 0.870128
vt 0.686939 0.870128
vt 0.815779 0.992473
vt 0.815778 0.992959
vt 0.639769 0.949320
vt 0.048969 0.907143
vt 0.686686 0.869252
vt 0.640200 0.949825
vt 0.048953 0.907423
vt 0.686277 0.869485
vt 0.048969 0.907910
vt 0.686434 0.869863
vt 0.816209 0.992466
vt 0.686939 0.869863
vt 0.816209 0.992953
vt 0.687096 0.869485
vt 0.640200 0.949320
vt 0.634518 0.333097
vt 0.274553 0.420372
vt 0.647244 0.504929
vt 0.271795 0.420372
vt 0.634518 0.336749
vt 0.274553 0.416166
vt 0.217799 0.775948
vt 0.647244 0.501276
vt 0.271795 0.416166
vt 0.217799 0.773190
vt 0.632504 0.335825
vt 0.220535 0.775948
vt 0.368110 0.022120
vt 0.645230 0.500352
vt 0.220535 0.773190
vt 0.370867 0.022120
vt 0.632504 0.332172
vt 0.368110 0.026326
vt 0.645230 0.504004
vt 0.370867 0.026326
vt 0.369471 0.026326
vt 0.273191 0.420372
vt 0.273191 0.415243
vt 0.217799 0.774587
vt 0.827000 0.752636
vt 0.220535 0.774587
vt 0.369471 0.021197
vt 0.827000 0.754852
vt 0.826745 0.752753
vt 0.826745 0.754970
vt 0.527871 0.916918
vt 0.948219 0.113115
vt 0.527854 0.917198
vt 0.527871 0.917684
vt 0.871897 0.785362
vt 0.872402 0.785362
vt 0.983620 0.761111
vt 0.983619 0.761597
vt 0.948218 0.112609
vt 0.528300 0.916910
vt 0.872149 0.784486
vt 0.948649 0.113115
vt 0.528284 0.917190
vt 0.871740 0.784719
vt 0.528300 0.917677
vt 0.871897 0.785097
vt 0.984049 0.761104
vt 0.872402 0.785097
vt 0.984049 0.761591
vt 0.872559 0.784719
vt 0.948650 0.112610
vt 0.673980 0.143882
vt 0.433432 0.478608
vt 0.647244 0.520218
vt 0.436190 0.478608
vt 0.673980 0.147534
vt 0.433432 0.482814
vt 0.775941 0.211245
vt 0.647244 0.516565
vt 0.436190 0.482814
vt 0.775941 0.208487
vt 0.671966 0.146610
vt 0.778678 0.211245
vt 0.446902 0.241913
vt 0.645230 0.515641
vt 0.778678 0.208487
vt 0.449660 0.241913
vt 0.671966 0.142957
vt 0.446902 0.246119
vt 0.645230 0.519293
vt 0.449660 0.246119
vt 0.448263 0.246119
vt 0.434794 0.478608
vt 0.434794 0.483737
vt 0.775941 0.209883
vt 0.511239 0.808759
vt 0.778678 0.209883
vt 0.448263 0.240990
vt 0.511239 0.810975
vt 0.510983 0.808876
vt 0.510983 0.811092
vt 0.037381 0.907150
vt 0.154183 0.945760
vt 0.037364 0.907431
vt 0.037381 0.907917
vt 0.873587 0.845254
vt 0.874092 0.845254
vt 0.248225 0.983781
vt 0.248224 0.984267
vt 0.154182 0.945254
vt 0.037810 0.907143
vt 0.873839 0.844378
vt 0.154613 0.945759
vt 0.037794 0.907423
vt 0.873430 0.844611
vt 0.037810 0.907910
vt 0.873587 0.844989
vt 0.248655 0.983774
vt 0.874092 0.844989
vt 0.248655 0.984261
vt 0.874249 0.844611
vt 0.154613 0.945254
vt 0.648527 0.113304
vt 0.143215 0.441041
vt 0.634518 0.459062
vt 0.145973 0.441041
vt 0.648527 0.116956
vt 0.143215 0.445247
vt 0.485526 0.771532
vt 0.634518 0.455409
vt 0.145973 0.445247
vt 0.485526 0.768774
vt 0.646513 0.116032
vt 0.488263 0.771532
vt 0.379553 0.368643
vt 0.632504 0.454484
vt 0.488263 0.768774
vt 0.382311 0.368643
vt 0.646513 0.112379
vt 0.379553 0.372849
vt 0.632504 0.458137
vt 0.382311 0.372849
vt 0.380914 0.372849
vt 0.144576 0.441041
vt 0.144576 0.446170
vt 0.485526 0.770170
vt 0.489304 0.821804
vt 0.488263 0.770170
vt 0.380914 0.367720
vt 0.489304 0.824020
vt 0.489049 0.821921
vt 0.489049 0.824138
vt 0.915162 0.039820
vt 0.165326 0.945760
vt 0.915145 0.040100
vt 0.915162 0.040586
vt 0.850526 0.845254
vt 0.851031 0.845254
vt 0.259368 0.983781
vt 0.259367 0.984267
vt 0.165325 0.945254
vt 0.915592 0.039812
vt 0.850778 0.844378
vt 0.165756 0.945759
vt 0.915576 0.040092
vt 0.850369 0.844611
vt 0.915592 0.040579
vt 0.850526 0.844989
vt 0.259798 0.983774
vt 0.851031 0.844989
vt 0.259798 0.984261
vt 0.851188 0.844611
vt 0.165756 0.945254
vt 0.250239 0.588980
vt 0.379553 0.478608
vt 0.584897 0.116956
vt 0.382311 0.478608
vt 0.250239 0.592632
vt 0.379553 0.482814
vt 0.749044 0.211245
vt 0.584897 0.113304
vt 0.382311 0.482814
vt 0.749044 0.208487
vt 0.248224 0.591708
vt 0.751781 0.211245
vt 0.037364 0.436797
vt 0.582882 0.112379
vt 0.751781 0.208487
vt 0.040121 0.436797
vt 0.248224 0.588055
vt 0.037364 0.441003
vt 0.582882 0.116032
vt 0.040121 0.441003
vt 0.038725 0.441003
vt 0.380914 0.478608
vt 0.380914 0.483737
vt 0.749044 0.209883
vt 0.308469 0.795713
vt 0.751781 0.209883
vt 0.038725 0.435874
vt 0.308469 0.797930
vt 0.308214 0.795831
vt 0.308214 0.798047
vt 0.605582 0.903921
vt 0.205073 0.938050
vt 0.605565 0.904202
vt 0.605582 0.904687
vt 0.848836 0.785362
vt 0.849341 0.785362
vt 0.980737 0.248332
vt 0.980736 0.248818
vt 0.205073 0.937544
vt 0.606011 0.903913
vt 0.849089 0.784486
vt 0.205503 0.938050
vt 0.605995 0.904193
vt 0.848680 0.784719
vt 0.606011 0.904680
vt 0.848836 0.785097
vt 0.981167 0.248325
vt 0.849341 0.785097
vt 0.981167 0.248812
vt 0.849498 0.784719
vt 0.205504 0.937545
vt 0.236769 0.593580
vt 0.409250 0.277802
vt 0.583614 0.489640
vt 0.406493 0.277802
vt 0.236769 0.597232
vt 0.409250 0.273595
vt 0.747762 0.335665
vt 0.583614 0.485987
vt 0.406493 0.273595
vt 0.747762 0.332907
vt 0.234755 0.596308
vt 0.750498 0.335665
vt 0.005356 0.373306
vt 0.581600 0.485063
vt 0.750498 0.332907
vt 0.008114 0.373306
vt 0.234755 0.592655
vt 0.005356 0.377512
vt 0.581600 0.488715
vt 0.008114 0.377512
vt 0.006717 0.377512
vt 0.407889 0.277802
vt 0.407889 0.272672
vt 0.747762 0.334304
vt 0.682590 0.793894
vt 0.750498 0.334304
vt 0.006717 0.372383
vt 0.682590 0.796111
vt 0.682335 0.794012
vt 0.682335 0.796228
vt 0.616740 0.915406
vt 0.947308 0.260048
vt 0.616723 0.915687
vt 0.616740 0.916173
vt 0.424216 0.848771
vt 0.424721 0.848771
vt 0.578669 0.982954
vt 0.578668 0.983439
vt 0.947307 0.259543
vt 0.617170 0.915399
vt 0.424469 0.847895
vt 0.947739 0.260048
vt 0.617154 0.915679
vt 0.424059 0.848128
vt 0.617170 0.916165
vt 0.424216 0.848506
vt 0.579098 0.982947
vt 0.424721 0.848506
vt 0.579098 0.983434
vt 0.424878 0.848128
vt 0.947739 0.259543
vt 0.623075 0.205038
vt 0.475868 0.147927
vt 0.502880 0.624099
vt 0.478626 0.147927
vt 0.623075 0.208691
vt 0.475868 0.152133
vt 0.762493 0.023403
vt 0.502880 0.620447
vt 0.478626 0.152133
vt 0.762493 0.020645
vt 0.621061 0.207766
vt 0.765230 0.023403
vt 0.115179 0.439631
vt 0.500866 0.619522
vt 0.765230 0.020645
vt 0.112421 0.439631
vt 0.621061 0.204114
vt 0.115179 0.435425
vt 0.500866 0.623175
vt 0.112421 0.435425
vt 0.113818 0.435425
vt 0.477229 0.147927
vt 0.477229 0.153056
vt 0.762493 0.022041
vt 0.808402 0.680564
vt 0.765230 0.022041
vt 0.113818 0.440554
vt 0.808402 0.682781
vt 0.808146 0.680681
vt 0.808146 0.682898
vt 0.902721 0.459163
vt 0.762359 0.938608
vt 0.902704 0.459444
vt 0.902721 0.459930
vt 0.378095 0.848771
vt 0.378600 0.848771
vt 0.980737 0.317107
vt 0.980736 0.317593
vt 0.762358 0.938102
vt 0.903151 0.459156
vt 0.378347 0.847895
vt 0.762789 0.938608
vt 0.903135 0.459436
vt 0.377938 0.848127
vt 0.903151 0.459923
vt 0.378095 0.848506
vt 0.981167 0.317100
vt 0.378600 0.848506
vt 0.981167 0.317587
vt 0.378757 0.848127
vt 0.762790 0.938103
vt 0.131759 0.615114
vt 0.234755 0.434795
vt 0.311988 0.624099
vt 0.237512 0.434795
vt 0.131759 0.618766
vt 0.234755 0.439002
vt 0.761210 0.281786
vt 0.311988 0.620447
vt 0.237512 0.439002
vt 0.761210 0.279028
vt 0.129745 0.617842
vt 0.763947 0.281786
vt 0.379553 0.257754
vt 0.309973 0.619522
vt 0.763947 0.279028
vt 0.382311 0.257754
vt 0.129745 0.614189
vt 0.379553 0.261960
vt 0.309973 0.623175
vt 0.382311 0.261960
vt 0.380914 0.261960
vt 0.236116 0.434795
vt 0.236116 0.439925
vt 0.761210 0.280424
vt 0.178099 0.801532
vt 0.763947 0.280424
vt 0.380914 0.256831
vt 0.178099 0.803748
vt 0.177844 0.801649
vt 0.177844 0.803865
vt 0.778165 0.915406
vt 0.939048 0.784992
vt 0.778148 0.915687
vt 0.778165 0.916173
vt 0.860366 0.820126
vt 0.860871 0.820126
vt 0.980737 0.373998
vt 0.980736 0.374484
vt 0.939047 0.784486
vt 0.778594 0.915399
vt 0.860619 0.819250
vt 0.939479 0.784991
vt 0.778578 0.915679
vt 0.860210 0.819483
vt 0.778594 0.916165
vt 0.860366 0.819862
vt 0.981167 0.373991
vt 0.860871 0.819862
vt 0.981167 0.374478
vt 0.861028 0.819483
vt 0.939479 0.784486
vt 0.655594 0.605158
vt 0.478626 0.058009
vt 0.070172 0.659388
vt 0.475868 0.058009
vt 0.655594 0.608810
vt 0.478626 0.053802
vt 0.458629 0.771532
vt 0.070172 0.655735
vt 0.475868 0.053802
vt 0.458629 0.768774
vt 0.653580 0.607885
vt 0.461366 0.771532
vt 0.435459 0.148850
vt 0.068158 0.654811
vt 0.461366 0.768774
vt 0.438216 0.148850
vt 0.653580 0.604233
vt 0.435459 0.153056
vt 0.068158 0.658463
vt 0.438216 0.153056
vt 0.436820 0.153056
vt 0.477264 0.058009
vt 0.477264 0.052880
vt 0.458629 0.770170
vt 0.823745 0.305968
vt 0.461366 0.770170
vt 0.436820 0.147927
vt 0.823745 0.308184
vt 0.823490 0.306085
vt 0.823490 0.308301
vt 0.907294 0.855870
vt 0.936165 0.424424
vt 0.907277 0.856151
vt 0.907294 0.856637
vt 0.248381 0.859470
vt 0.248886 0.859470
vt 0.562914 0.982953
vt 0.562913 0.983439
vt 0.936164 0.423919
vt 0.907724 0.855863
vt 0.248634 0.858594
vt 0.936595 0.424424
vt 0.907708 0.856143
vt 0.248224 0.858827
vt 0.907724 0.856630
vt 0.248381 0.859206
vt 0.563344 0.982947
vt 0.248886 0.859206
vt 0.563344 0.983433
vt 0.249043 0.858827
vt 0.936596 0.423919
vt 0.439249 0.635736
vt 0.435459 0.116244
vt 0.236769 0.627810
vt 0.438216 0.116244
vt 0.439249 0.639388
vt 0.435459 0.120450
vt 0.761210 0.543519
vt 0.236769 0.624158
vt 0.438216 0.120450
vt 0.761210 0.540761
vt 0.437235 0.638464
vt 0.763947 0.543519
vt 0.129745 0.378599
vt 0.234755 0.623233
vt 0.763947 0.540761
vt 0.132503 0.378599
vt 0.437235 0.634811
vt 0.129745 0.382805
vt 0.234755 0.626886
vt 0.132503 0.382805
vt 0.131107 0.382805
vt 0.436820 0.116244
vt 0.436820 0.121373
vt 0.761210 0.542157
vt 0.539575 0.807486
vt 0.763947 0.542157
vt 0.131107 0.377676
vt 0.539575 0.809702
vt 0.539320 0.807603
vt 0.539320 0.809819
vt 0.205089 0.914848
vt 0.388360 0.940324
vt 0.205072 0.915129
vt 0.205089 0.915615
vt 0.860367 0.796950
vt 0.860872 0.796950
vt 0.364896 0.984670
vt 0.364895 0.985156
vt 0.388359 0.939819
vt 0.205519 0.914841
vt 0.860619 0.796074
vt 0.388790 0.940324
vt 0.205503 0.915121
vt 0.860210 0.796307
vt 0.205519 0.915608
vt 0.860367 0.796686
vt 0.365325 0.984663
vt 0.860872 0.796686
vt 0.365325 0.985150
vt 0.861028 0.796307
vt 0.388790 0.939819
vt 0.672697 0.302519
vt 0.473841 0.446926
vt 0.337440 0.654677
vt 0.476599 0.446926
vt 0.672697 0.306171
vt 0.473841 0.451132
vt 0.740050 0.769713
vt 0.337440 0.651025
vt 0.476599 0.451132
vt 0.740050 0.766955
vt 0.670683 0.305247
vt 0.742786 0.769713
vt 0.435459 0.053802
vt 0.335426 0.650100
vt 0.742786 0.766955
vt 0.438216 0.053802
vt 0.670683 0.301594
vt 0.435459 0.058009
vt 0.335426 0.653753
vt 0.438216 0.058009
vt 0.436820 0.058009
vt 0.475203 0.446926
vt 0.475203 0.452055
vt 0.740050 0.768351
vt 0.627754 0.806940
vt 0.742786 0.768351
vt 0.436820 0.052880
vt 0.627754 0.809156
vt 0.627499 0.807057
vt 0.627499 0.809273
vt 0.903632 0.193503
vt 0.936164 0.470879
vt 0.903615 0.193784
vt 0.903632 0.194270
vt 0.259912 0.859470
vt 0.260417 0.859470
vt 0.884961 0.992371
vt 0.884960 0.992856
vt 0.936164 0.470374
vt 0.904062 0.193496
vt 0.260164 0.858594
vt 0.936595 0.470879
vt 0.904046 0.193776
vt 0.259755 0.858827
vt 0.904062 0.194263
vt 0.259912 0.859206
vt 0.885391 0.992364
vt 0.260417 0.859206
vt 0.885391 0.992851
vt 0.260573 0.858827
vt 0.936595 0.470375
vt 0.634518 0.287230
vt 0.368841 0.404531
vt 0.648527 0.071089
vt 0.366083 0.404531
vt 0.634518 0.290882
vt 0.368841 0.400325
vt 0.761210 0.556988
vt 0.648527 0.067437
vt 0.366083 0.400325
vt 0.761210 0.554231
vt 0.632504 0.289958
vt 0.763947 0.556988
vt 0.298734 0.384484
vt 0.646513 0.066512
vt 0.763947 0.554231
vt 0.301492 0.384484
vt 0.632504 0.286305
vt 0.298734 0.388690
vt 0.646513 0.070165
vt 0.301492 0.388690
vt 0.300096 0.388690
vt 0.367480 0.404531
vt 0.367480 0.399402
vt 0.761210 0.555627
vt 0.411095 0.808759
vt 0.763947 0.555627
vt 0.300096 0.383561
vt 0.411095 0.810975
vt 0.410839 0.808876
vt 0.410839 0.811092
vt 0.915162 0.055417
vt 0.285243 0.949947
vt 0.915146 0.055697
vt 0.915162 0.056183
vt 0.563457 0.870128
vt 0.563962 0.870128
vt 0.410614 0.984670
vt 0.410613 0.985156
vt 0.285243 0.949441
vt 0.915592 0.055409
vt 0.563710 0.869252
vt 0.285674 0.949947
vt 0.915576 0.055689
vt 0.563301 0.869484
vt 0.915592 0.056176
vt 0.563457 0.869863
vt 0.411044 0.984663
vt 0.563962 0.869863
vt 0.411044 0.985150
vt 0.564119 0.869484
vt 0.285674 0.949442
vt 0.577223 0.592596
vt 0.156685 0.520247
vt 0.583614 0.520218
vt 0.159443 0.520247
vt 0.577223 0.588944
vt 0.156685 0.524453
vt 0.749045 0.036873
vt 0.583614 0.516565
vt 0.159443 0.524453
vt 0.749045 0.034115
vt 0.579237 0.589868
vt 0.751781 0.036873
vt 0.393023 0.432007
vt 0.581599 0.515641
vt 0.751781 0.034115
vt 0.395781 0.432007
vt 0.579237 0.593521
vt 0.393023 0.436214
vt 0.581599 0.519293
vt 0.395781 0.436214
vt 0.394384 0.436214
vt 0.158046 0.520247
vt 0.158046 0.525376
vt 0.749045 0.035511
vt 0.319437 0.795713
vt 0.751781 0.035511
vt 0.394384 0.431084
vt 0.319437 0.797930
vt 0.319181 0.795830
vt 0.319181 0.798047
vt 0.905604 0.772802
vt 0.037364 0.941837
vt 0.905588 0.773083
vt 0.905604 0.773569
vt 0.868642 0.518283
vt 0.869147 0.518283
vt 0.421804 0.984670
vt 0.421803 0.985156
vt 0.037364 0.941332
vt 0.906034 0.772795
vt 0.868894 0.517407
vt 0.037794 0.941837
vt 0.906018 0.773075
vt 0.868485 0.517640
vt 0.906034 0.773562
vt 0.868642 0.518018
vt 0.422234 0.984663
vt 0.869147 0.518018
vt 0.422234 0.985150
vt 0.869303 0.517640
vt 0.037795 0.941332
vt 0.399057 0.592596
vt 0.220557 0.426608
vt 0.583614 0.504929
vt 0.217799 0.426608
vt 0.399057 0.588944
vt 0.220557 0.422402
vt 0.747762 0.350219
vt 0.583614 0.501276
vt 0.217799 0.422402
vt 0.747762 0.347461
vt 0.401071 0.589868
vt 0.750498 0.350219
vt 0.234755 0.388195
vt 0.581599 0.500352
vt 0.750498 0.347461
vt 0.237512 0.388195
vt 0.401071 0.593521
vt 0.234755 0.392401
vt 0.581599 0.504004
vt 0.237512 0.392401
vt 0.236116 0.392401
vt 0.219195 0.426608
vt 0.219195 0.421479
vt 0.747762 0.348858
vt 0.797435 0.600595
vt 0.750498 0.348858
vt 0.236116 0.387272
vt 0.797435 0.602811
vt 0.797179 0.600712
vt 0.797179 0.602928
vt 0.490305 0.917123
vt 0.884961 0.948025
vt 0.490288 0.917404
vt 0.490305 0.917889
vt 0.868642 0.529871
vt 0.869147 0.529871
vt 0.432947 0.984670
vt 0.432946 0.985156
vt 0.884960 0.947519
vt 0.490734 0.917116
vt 0.868894 0.528995
vt 0.885391 0.948025
vt 0.490718 0.917395
vt 0.868485 0.529228
vt 0.490734 0.917882
vt 0.868642 0.529607
vt 0.433377 0.984663
vt 0.869147 0.529607
vt 0.433377 0.985150
vt 0.869303 0.529228
vt 0.885392 0.947520
vt 0.648527 0.006281
vt 0.325674 0.478608
vt 0.604690 0.639388
vt 0.328432 0.478608
vt 0.648527 0.009933
vt 0.325674 0.482814
vt 0.775942 0.063812
vt 0.604690 0.635736
vt 0.328432 0.482814
vt 0.775942 0.061054
vt 0.646513 0.009008
vt 0.778678 0.063812
vt 0.180602 0.427087
vt 0.602675 0.634811
vt 0.778678 0.061054
vt 0.177844 0.427087
vt 0.646513 0.005356
vt 0.180602 0.422881
vt 0.602675 0.638464
vt 0.177844 0.422881
vt 0.179240 0.422881
vt 0.327035 0.478608
vt 0.327035 0.483737
vt 0.775942 0.062451
vt 0.814061 0.005356
vt 0.778678 0.062451
vt 0.179240 0.428010
vt 0.814061 0.007572
vt 0.813806 0.005473
vt 0.813806 0.007689
vt 0.467988 0.905637
vt 0.937448 0.017347
vt 0.467971 0.905918
vt 0.467988 0.906404
vt 0.864265 0.620884
vt 0.864770 0.620884
vt 0.980737 0.305889
vt 0.980736 0.306375
vt 0.937447 0.016841
vt 0.468417 0.905630
vt 0.864518 0.620008
vt 0.937878 0.017346
vt 0.468402 0.905910
vt 0.864109 0.620240
vt 0.468417 0.906396
vt 0.864265 0.620619
vt 0.981167 0.305882
vt 0.864770 0.620619
vt 0.981167 0.306369
vt 0.864927 0.620240
vt 0.937878 0.016842
vt 0.648527 0.143882
vt 0.408519 0.195450
vt 0.551771 0.634811
vt 0.411277 0.195450
vt 0.648527 0.147534
vt 0.408519 0.199656
vt 0.431732 0.771532
vt 0.551771 0.638464
vt 0.411277 0.199656
vt 0.431732 0.768774
vt 0.646513 0.146610
vt 0.434469 0.771532
vt 0.393023 0.352801
vt 0.553785 0.639388
vt 0.434469 0.768774
vt 0.395781 0.352801
vt 0.646513 0.142957
vt 0.393023 0.357008
vt 0.553785 0.635736
vt 0.395781 0.357008
vt 0.394384 0.357008
vt 0.409880 0.195450
vt 0.409880 0.200579
vt 0.431732 0.770170
vt 0.812778 0.471479
vt 0.434469 0.770170
vt 0.394384 0.351878
vt 0.812778 0.473695
vt 0.812523 0.471596
vt 0.812523 0.473812
vt 0.512622 0.917123
vt 0.826937 0.948128
vt 0.512605 0.917404
vt 0.512622 0.917889
vt 0.767146 0.870128
vt 0.767651 0.870128
vt 0.444122 0.984670
vt 0.444121 0.985156
vt 0.826937 0.947622
vt 0.513051 0.917116
vt 0.767399 0.869252
vt 0.827367 0.948128
vt 0.513035 0.917395
vt 0.766989 0.869484
vt 0.513051 0.917882
vt 0.767146 0.869863
vt 0.444551 0.984663
vt 0.767651 0.869863
vt 0.444551 0.985150
vt 0.767808 0.869484
vt 0.827368 0.947623
vt 0.609066 0.547143
vt 0.018826 0.499112
vt 0.299261 0.608810
vt 0.021584 0.499113
vt 0.609066 0.550796
vt 0.018826 0.503319
vt 0.081606 0.760953
vt 0.299261 0.605158
vt 0.021584 0.503319
vt 0.081606 0.758195
vt 0.607052 0.549871
vt 0.084343 0.760953
vt 0.271795 0.463690
vt 0.297247 0.604233
vt 0.084343 0.758195
vt 0.274553 0.463690
vt 0.607052 0.546219
vt 0.271795 0.467896
vt 0.297247 0.607886
vt 0.274553 0.467896
vt 0.273156 0.467896
vt 0.020187 0.499113
vt 0.020187 0.504242
vt 0.081606 0.759592
vt 0.801811 0.458858
vt 0.084343 0.759592
vt 0.273156 0.462767
vt 0.801811 0.461074
vt 0.801556 0.458975
vt 0.801556 0.461191
vt 0.902721 0.517414
vt 0.942947 0.643484
vt 0.902704 0.517695
vt 0.902721 0.518180
vt 0.868642 0.506695
vt 0.869147 0.506695
vt 0.982019 0.061693
vt 0.982018 0.062179
vt 0.942946 0.642978
vt 0.903151 0.517407
vt 0.868894 0.505819
vt 0.943377 0.643483
vt 0.903135 0.517687
vt 0.868485 0.506052
vt 0.903151 0.518173
vt 0.868642 0.506430
vt 0.982449 0.061686
vt 0.869147 0.506430
vt 0.982449 0.062173
vt 0.869303 0.506052
vt 0.943377 0.642978
vt 0.623075 0.143882
vt 0.406493 0.336037
vt 0.360878 0.604233
vt 0.409250 0.336037
vt 0.623075 0.147534
vt 0.406493 0.340243
vt 0.310696 0.758062
vt 0.360878 0.607886
vt 0.409250 0.340243
vt 0.310696 0.755304
vt 0.621061 0.146610
vt 0.313432 0.758062
vt 0.285265 0.384484
vt 0.362892 0.608810
vt 0.313432 0.755304
vt 0.288022 0.384484
vt 0.621061 0.142957
vt 0.285265 0.388690
vt 0.362892 0.605158
vt 0.288022 0.388690
vt 0.286626 0.388690
vt 0.407854 0.336037
vt 0.407854 0.341166
vt 0.310696 0.756701
vt 0.801811 0.472328
vt 0.313432 0.756701
vt 0.286626 0.383561
vt 0.801811 0.474544
vt 0.801556 0.472445
vt 0.801556 0.474661
vt 0.467244 0.917123
vt 0.319565 0.951542
vt 0.467227 0.917404
vt 0.467244 0.917889
vt 0.516480 0.871947
vt 0.516985 0.871947
vt 0.477551 0.984670
vt 0.477550 0.985156
vt 0.319564 0.951036
vt 0.467674 0.917116
vt 0.516733 0.871071
vt 0.319995 0.951541
vt 0.467658 0.917395
vt 0.516323 0.871304
vt 0.467674 0.917882
vt 0.516480 0.871682
vt 0.477981 0.984663
vt 0.516985 0.871682
vt 0.477981 0.985150
vt 0.517142 0.871304
vt 0.319995 0.951036
vt 0.100966 0.609498
vt 0.156685 0.488564
vt 0.426523 0.608810
vt 0.159443 0.488564
vt 0.100966 0.613151
vt 0.156685 0.492771
vt 0.761210 0.335665
vt 0.426523 0.605158
vt 0.159443 0.492771
vt 0.761210 0.332907
vt 0.098951 0.612226
vt 0.763947 0.335665
vt 0.433432 0.336960
vt 0.424509 0.604233
vt 0.763947 0.332907
vt 0.436190 0.336960
vt 0.098951 0.608574
vt 0.433432 0.341166
vt 0.424509 0.607886
vt 0.436190 0.341166
vt 0.434794 0.341166
vt 0.158046 0.488564
vt 0.158046 0.493693
vt 0.761210 0.334304
vt 0.801811 0.485798
vt 0.763947 0.334304
vt 0.434794 0.336037
vt 0.801811 0.488014
vt 0.801556 0.485915
vt 0.801556 0.488131
vt 0.389135 0.905637
vt 0.773502 0.949825
vt 0.389118 0.905918
vt 0.389135 0.906404
vt 0.259911 0.871058
vt 0.260417 0.871058
vt 0.991880 0.515212
vt 0.991879 0.515698
vt 0.773502 0.949320
vt 0.389564 0.905630
vt 0.260164 0.870182
vt 0.773933 0.949825
vt 0.389548 0.905910
vt 0.259755 0.870415
vt 0.389564 0.906396
vt 0.259911 0.870794
vt 0.992309 0.515206
vt 0.260417 0.870794
vt 0.992309 0.515692
vt 0.260573 0.870415
vt 0.773933 0.949320
vt 0.619778 0.259379
vt 0.433432 0.320196
vt 0.539044 0.604233
vt 0.436190 0.320196
vt 0.619778 0.255727
vt 0.433432 0.324402
vt 0.756834 0.616822
vt 0.539044 0.607886
vt 0.436190 0.324402
vt 0.756834 0.614064
vt 0.621792 0.256652
vt 0.759570 0.616822
vt 0.366083 0.368642
vt 0.541059 0.608810
vt 0.759570 0.614064
vt 0.368841 0.368642
vt 0.621792 0.260304
vt 0.366083 0.372849
vt 0.541059 0.605158
vt 0.368841 0.372849
vt 0.367445 0.372849
vt 0.434793 0.320196
vt 0.434793 0.325325
vt 0.756834 0.615461
vt 0.801811 0.498843
vt 0.759570 0.615461
vt 0.367445 0.367720
vt 0.801811 0.501059
vt 0.801556 0.498960
vt 0.801556 0.501176
vt 0.377232 0.905637
vt 0.939048 0.796477
vt 0.377216 0.905918
vt 0.377232 0.906404
vt 0.366586 0.860359
vt 0.367091 0.860359
vt 0.444122 0.973465
vt 0.444121 0.973951
vt 0.939047 0.795971
vt 0.377662 0.905630
vt 0.366838 0.859483
vt 0.939478 0.796477
vt 0.377646 0.905910
vt 0.366429 0.859716
vt 0.377662 0.906397
vt 0.366586 0.860094
vt 0.444551 0.973458
vt 0.367091 0.860094
vt 0.444551 0.973945
vt 0.367248 0.859716
vt 0.939479 0.795972
vt 0.710875 0.394253
vt 0.433432 0.288514
vt 0.699432 0.147534
vt 0.436190 0.288514
vt 0.710875 0.397905
vt 0.433432 0.292720
vt 0.788107 0.503109
vt 0.699432 0.143882
vt 0.436190 0.292720
vt 0.788107 0.500352
vt 0.708861 0.396981
vt 0.790844 0.503109
vt 0.156685 0.394440
vt 0.697418 0.142957
vt 0.790844 0.500352
vt 0.159443 0.394440
vt 0.708861 0.393328
vt 0.156685 0.398646
vt 0.697418 0.146610
vt 0.159443 0.398646
vt 0.158046 0.398646
vt 0.434793 0.288514
vt 0.434793 0.293643
vt 0.788107 0.501748
vt 0.834712 0.497570
vt 0.790844 0.501748
vt 0.158046 0.393517
vt 0.834712 0.499786
vt 0.834457 0.497687
vt 0.834457 0.499903
vt 0.354916 0.905637
vt 0.467227 0.940324
vt 0.354899 0.905918
vt 0.354916 0.906404
vt 0.493419 0.860359
vt 0.493924 0.860359
vt 0.488694 0.984670
vt 0.488693 0.985156
vt 0.467227 0.939818
vt 0.355345 0.905630
vt 0.493671 0.859483
vt 0.467658 0.940324
vt 0.355329 0.905910
vt 0.493262 0.859716
vt 0.355345 0.906397
vt 0.493419 0.860094
vt 0.489123 0.984663
vt 0.493924 0.860094
vt 0.489123 0.985150
vt 0.494081 0.859716
vt 0.467658 0.939819
vt 0.699432 0.098015
vt 0.514251 0.351878
vt 0.706499 0.608810
vt 0.517009 0.351878
vt 0.699432 0.101667
vt 0.514251 0.356085
vt 0.788107 0.543519
vt 0.706499 0.605157
vt 0.517009 0.356085
vt 0.788107 0.540761
vt 0.697418 0.100743
vt 0.790844 0.543519
vt 0.339144 0.479531
vt 0.704484 0.604233
vt 0.790844 0.540761
vt 0.341901 0.479531
vt 0.697418 0.097090
vt 0.339144 0.483737
vt 0.704484 0.607885
vt 0.341901 0.483737
vt 0.340505 0.483737
vt 0.515612 0.351878
vt 0.515612 0.357008
vt 0.788107 0.542157
vt 0.005611 0.824648
vt 0.790844 0.542157
vt 0.340505 0.478608
vt 0.005611 0.826864
vt 0.005356 0.824765
vt 0.005356 0.826982
vt 0.297264 0.905637
vt 0.478386 0.940324
vt 0.297247 0.905918
vt 0.297264 0.906404
vt 0.049050 0.861872
vt 0.049556 0.861872
vt 0.981648 0.192504
vt 0.981647 0.192990
vt 0.478386 0.939818
vt 0.297694 0.905630
vt 0.049303 0.860996
vt 0.478816 0.940324
vt 0.297678 0.905910
vt 0.048894 0.861229
vt 0.297694 0.906397
vt 0.049050 0.861607
vt 0.982077 0.192497
vt 0.049556 0.861607
vt 0.982077 0.192984
vt 0.049712 0.861229
vt 0.478817 0.939819
vt 0.553785 0.605158
vt 0.050833 0.515080
vt 0.609066 0.397905
vt 0.053591 0.515080
vt 0.553785 0.608810
vt 0.050833 0.519286
vt 0.783731 0.643762
vt 0.609066 0.394253
vt 0.053591 0.519286
vt 0.783731 0.641004
vt 0.551771 0.607886
vt 0.786468 0.643762
vt 0.473841 0.352801
vt 0.607052 0.393328
vt 0.786468 0.641004
vt 0.476599 0.352801
vt 0.551771 0.604233
vt 0.473841 0.357008
vt 0.607052 0.396981
vt 0.476599 0.357008
vt 0.475203 0.357008
vt 0.052195 0.515080
vt 0.052195 0.520209
vt 0.783731 0.642400
vt 0.726458 0.819984
vt 0.786468 0.642400
vt 0.475203 0.351878
vt 0.726458 0.822201
vt 0.726203 0.820102
vt 0.726203 0.822318
vt 0.905604 0.819155
vt 0.342610 0.940324
vt 0.905587 0.819436
vt 0.905604 0.819921
vt 0.389646 0.860359
vt 0.390151 0.860359
vt 0.970877 0.005363
vt 0.970876 0.005849
vt 0.342609 0.939818
vt 0.906034 0.819148
vt 0.389898 0.859483
vt 0.343040 0.940324
vt 0.906018 0.819427
vt 0.389489 0.859716
vt 0.906034 0.819914
vt 0.389646 0.860094
vt 0.971306 0.005356
vt 0.390151 0.860094
vt 0.971306 0.005843
vt 0.390307 0.859716
vt 0.343041 0.939819
vt 0.604690 0.605158
vt 0.156685 0.425200
vt 0.609066 0.443773
vt 0.159443 0.425200
vt 0.604690 0.608810
vt 0.156685 0.429406
vt 0.770282 0.684171
vt 0.609066 0.440120
vt 0.159443 0.429406
vt 0.770282 0.681413
vt 0.602675 0.607886
vt 0.773019 0.684171
vt 0.379553 0.336960
vt 0.607052 0.439196
vt 0.773019 0.681413
vt 0.382311 0.336960
vt 0.602675 0.604233
vt 0.379553 0.341166
vt 0.607052 0.442848
vt 0.382311 0.341166
vt 0.380914 0.341166
vt 0.158046 0.425200
vt 0.158046 0.430329
vt 0.770282 0.682810
vt 0.823745 0.378039
vt 0.773019 0.682810
vt 0.380914 0.336037
vt 0.823745 0.380256
vt 0.823490 0.378157
vt 0.823490 0.380373
vt 0.905604 0.784493
vt 0.931803 0.643484
vt 0.905587 0.784774
vt 0.905604 0.785259
vt 0.205229 0.857982
vt 0.205734 0.857982
vt 0.970506 0.090181
vt 0.970505 0.090667
vt 0.931803 0.642978
vt 0.906034 0.784486
vt 0.205481 0.857106
vt 0.932234 0.643484
vt 0.906018 0.784766
vt 0.205072 0.857339
vt 0.906034 0.785252
vt 0.205229 0.857717
vt 0.970935 0.090174
vt 0.205734 0.857717
vt 0.970935 0.090661
vt 0.205891 0.857339
vt 0.932234 0.642979
vt 0.698149 0.547143
vt 0.132503 0.509535
vt 0.528332 0.669966
vt 0.129745 0.509535
vt 0.698149 0.550796
vt 0.132503 0.505328
vt 0.783731 0.670701
vt 0.528332 0.666314
vt 0.129745 0.505328
vt 0.783731 0.667943
vt 0.696135 0.549871
vt 0.786468 0.670701
vt 0.475868 0.006279
vt 0.526318 0.665389
vt 0.786468 0.667943
vt 0.478626 0.006279
vt 0.696135 0.546219
vt 0.475868 0.010485
vt 0.526318 0.669042
vt 0.478626 0.010485
vt 0.477229 0.010485
vt 0.131142 0.509535
vt 0.131142 0.504405
vt 0.783731 0.669340
vt 0.048586 0.824774
vt 0.786468 0.669340
vt 0.477229 0.005356
vt 0.048586 0.826991
vt 0.048331 0.824892
vt 0.048331 0.827108
vt 0.651703 0.903921
vt 0.037364 0.930620
vt 0.651686 0.904202
vt 0.651703 0.904687
vt 0.850526 0.856842
vt 0.851031 0.856842
vt 0.929534 0.969961
vt 0.929533 0.970447
vt 0.037364 0.930114
vt 0.652132 0.903914
vt 0.850778 0.855966
vt 0.037794 0.930620
vt 0.652117 0.904193
vt 0.850369 0.856199
vt 0.652132 0.904680
vt 0.850526 0.856577
vt 0.929964 0.969954
vt 0.851031 0.856577
vt 0.929964 0.970441
vt 0.851188 0.856199
vt 0.037795 0.930115
vt 0.490154 0.696892
vt 0.325674 0.431084
vt 0.623075 0.193402
vt 0.328432 0.431084
vt 0.490154 0.700544
vt 0.325674 0.435291
vt 0.112400 0.774053
vt 0.623075 0.189749
vt 0.328432 0.435291
vt 0.112400 0.771295
vt 0.488140 0.699620
vt 0.115137 0.774053
vt 0.379553 0.241913
vt 0.621061 0.188825
vt 0.115137 0.771295
vt 0.382311 0.241913
vt 0.488140 0.695967
vt 0.379553 0.246119
vt 0.621061 0.192477
vt 0.382311 0.246119
vt 0.380914 0.246119
vt 0.327035 0.431084
vt 0.327035 0.436213
vt 0.112400 0.772692
vt 0.068413 0.824695
vt 0.115137 0.772692
vt 0.380914 0.240990
vt 0.068413 0.826911
vt 0.068158 0.824812
vt 0.068158 0.827029
vt 0.411452 0.905637
vt 0.650912 0.949825
vt 0.411435 0.905918
vt 0.411452 0.906404
vt 0.551927 0.858540
vt 0.552432 0.858540
vt 0.951866 0.969961
vt 0.951865 0.970447
vt 0.650912 0.949319
vt 0.411881 0.905630
vt 0.552179 0.857664
vt 0.651342 0.949825
vt 0.411865 0.905910
vt 0.551770 0.857896
vt 0.411881 0.906397
vt 0.551927 0.858275
vt 0.952296 0.969954
vt 0.552432 0.858275
vt 0.952296 0.970441
vt 0.552589 0.857896
vt 0.651343 0.949320
vt 0.584897 0.174460
vt 0.516277 0.147927
vt 0.413797 0.593521
vt 0.519035 0.147927
vt 0.584897 0.178113
vt 0.516277 0.152133
vt 0.740049 0.756243
vt 0.413797 0.589869
vt 0.519035 0.152133
vt 0.740049 0.753485
vt 0.582882 0.177188
vt 0.742786 0.756243
vt 0.312204 0.479531
vt 0.411783 0.588944
vt 0.742786 0.753485
vt 0.314962 0.479531
vt 0.582882 0.173535
vt 0.312204 0.483737
vt 0.411783 0.592596
vt 0.314962 0.483737
vt 0.313565 0.483737
vt 0.517639 0.147927
vt 0.517639 0.153056
vt 0.740049 0.754881
vt 0.154437 0.802874
vt 0.742786 0.754881
vt 0.313565 0.478608
vt 0.154437 0.805090
vt 0.154182 0.802991
vt 0.154182 0.805207
vt 0.512622 0.905637
vt 0.948219 0.193016
vt 0.512605 0.905918
vt 0.512622 0.906404
vt 0.838995 0.856842
vt 0.839500 0.856842
vt 0.488694 0.973465
vt 0.488693 0.973951
vt 0.948218 0.192510
vt 0.513051 0.905630
vt 0.839248 0.855966
vt 0.948649 0.193016
vt 0.513035 0.905910
vt 0.838839 0.856199
vt 0.513051 0.906396
vt 0.838995 0.856577
vt 0.489123 0.973459
vt 0.839500 0.856577
vt 0.489123 0.973945
vt 0.839657 0.856199
vt 0.948650 0.192511
vt 0.596340 0.226073
vt 0.419962 0.462767
vt 0.324714 0.593521
vt 0.422720 0.462767
vt 0.596340 0.229726
vt 0.419962 0.466973
vt 0.749044 0.077282
vt 0.324714 0.589869
vt 0.422720 0.466973
vt 0.749044 0.074524
vt 0.594326 0.228801
vt 0.751781 0.077282
vt 0.409250 0.324402
vt 0.322700 0.588944
vt 0.751781 0.074524
vt 0.406492 0.324402
vt 0.594326 0.225149
vt 0.409250 0.320196
vt 0.322700 0.592596
vt 0.406492 0.320196
vt 0.407889 0.320196
vt 0.421324 0.462767
vt 0.421324 0.467896
vt 0.749044 0.075920
vt 0.808402 0.600170
vt 0.751781 0.075920
vt 0.407889 0.325325
vt 0.808402 0.602386
vt 0.808147 0.600287
vt 0.808147 0.602503
vt 0.916763 0.795979
vt 0.098952 0.954063
vt 0.916746 0.796259
vt 0.916763 0.796745
vt 0.578825 0.858540
vt 0.579329 0.858540
vt 0.098952 0.975987
vt 0.098951 0.976473
vt 0.098951 0.953557
vt 0.917192 0.795971
vt 0.579077 0.857664
vt 0.099382 0.954063
vt 0.917176 0.796251
vt 0.578668 0.857896
vt 0.917192 0.796738
vt 0.578825 0.858275
vt 0.099382 0.975980
vt 0.579329 0.858275
vt 0.099382 0.976467
vt 0.579486 0.857896
vt 0.099383 0.953558
vt 0.566511 0.666314
vt 0.527720 0.336037
vt 0.207087 0.669287
vt 0.530478 0.336037
vt 0.566511 0.669966
vt 0.527720 0.340243
vt 0.248224 0.784113
vt 0.207087 0.665634
vt 0.530478 0.340243
vt 0.248224 0.781355
vt 0.564497 0.669042
vt 0.250961 0.784113
vt 0.419962 0.479531
vt 0.205072 0.664710
vt 0.250961 0.781355
vt 0.422720 0.479531
vt 0.564497 0.665389
vt 0.419962 0.483737
vt 0.205072 0.668362
vt 0.422720 0.483737
vt 0.421324 0.483737
vt 0.529082 0.336037
vt 0.529082 0.341166
vt 0.248224 0.782751
vt 0.715491 0.819985
vt 0.250961 0.782751
vt 0.421324 0.478608
vt 0.715491 0.822201
vt 0.715236 0.820102
vt 0.715236 0.822319
vt 0.651703 0.915406
vt 0.948219 0.181798
vt 0.651686 0.915687
vt 0.651703 0.916173
vt 0.129902 0.855026
vt 0.130407 0.855026
vt 0.980737 0.362794
vt 0.980736 0.363279
vt 0.948218 0.181292
vt 0.652132 0.915399
vt 0.130154 0.854150
vt 0.948649 0.181798
vt 0.652117 0.915679
vt 0.129745 0.854383
vt 0.652132 0.916165
vt 0.129902 0.854762
vt 0.981167 0.362787
vt 0.130407 0.854762
vt 0.981167 0.363274
vt 0.130564 0.854383
vt 0.948650 0.181293
vt 0.673980 0.067437
vt 0.081627 0.435795
vt 0.490154 0.669966
vt 0.084385 0.435795
vt 0.673980 0.071089
vt 0.081627 0.440001
vt 0.050812 0.774502
vt 0.490154 0.666314
vt 0.084385 0.440001
vt 0.050812 0.771744
vt 0.671965 0.070165
vt 0.053549 0.774502
vt 0.379553 0.321119
vt 0.488140 0.665389
vt 0.053549 0.771744
vt 0.382311 0.321119
vt 0.671965 0.066512
vt 0.379553 0.325325
vt 0.488140 0.669042
vt 0.382311 0.325325
vt 0.380914 0.325325
vt 0.082989 0.435795
vt 0.082989 0.440924
vt 0.050812 0.773141
vt 0.218054 0.826221
vt 0.053549 0.773141
vt 0.380914 0.320196
vt 0.218054 0.828437
vt 0.217799 0.826338
vt 0.217799 0.828554
vt 0.909503 0.596838
vt 0.129745 0.935094
vt 0.909486 0.597119
vt 0.909503 0.597605
vt 0.628782 0.858540
vt 0.629287 0.858540
vt 0.974152 0.981140
vt 0.974151 0.981626
vt 0.129745 0.934588
vt 0.909933 0.596831
vt 0.629035 0.857664
vt 0.130176 0.935094
vt 0.909917 0.597111
vt 0.628625 0.857897
vt 0.909933 0.597598
vt 0.628782 0.858275
vt 0.974581 0.981133
vt 0.629287 0.858275
vt 0.974581 0.981620
vt 0.629444 0.857897
vt 0.130176 0.934589
vt 0.672697 0.485987
vt 0.517009 0.436214
vt 0.157955 0.664081
vt 0.514251 0.436214
vt 0.672697 0.489640
vt 0.517009 0.432007
vt 0.632462 0.783182
vt 0.157955 0.660429
vt 0.514251 0.432007
vt 0.632462 0.780424
vt 0.670682 0.488715
vt 0.635198 0.783182
vt 0.489338 0.006279
vt 0.155941 0.659504
vt 0.635198 0.780424
vt 0.492095 0.006279
vt 0.670682 0.485063
vt 0.489338 0.010485
vt 0.155941 0.663157
vt 0.492095 0.010485
vt 0.490699 0.010485
vt 0.515647 0.436214
vt 0.515647 0.431084
vt 0.632462 0.781821
vt 0.704524 0.819985
vt 0.635198 0.781821
vt 0.490699 0.005356
vt 0.704524 0.822201
vt 0.704269 0.820102
vt 0.704269 0.822319
vt 0.154199 0.911341
vt 0.500672 0.929107
vt 0.154182 0.911622
vt 0.154199 0.912107
vt 0.142808 0.854474
vt 0.143313 0.854474
vt 0.578669 0.971749
vt 0.578668 0.972235
vt 0.500672 0.928601
vt 0.154629 0.911334
vt 0.143061 0.853598
vt 0.501102 0.929107
vt 0.154613 0.911613
vt 0.142652 0.853831
vt 0.154629 0.912100
vt 0.142808 0.854210
vt 0.579098 0.971742
vt 0.143313 0.854210
vt 0.579098 0.972229
vt 0.143470 0.853831
vt 0.501103 0.928602
vt 0.193328 0.658662
vt 0.462398 0.179609
vt 0.070171 0.628810
vt 0.465156 0.179609
vt 0.193328 0.662315
vt 0.462398 0.183815
vt 0.177844 0.777350
vt 0.070171 0.625157
vt 0.465156 0.183815
vt 0.177844 0.774593
vt 0.191314 0.661390
vt 0.180580 0.777350
vt 0.411277 0.183815
vt 0.068157 0.624233
vt 0.180580 0.774593
vt 0.408519 0.183815
vt 0.191314 0.657738
vt 0.411277 0.179609
vt 0.068157 0.627885
vt 0.408519 0.179609
vt 0.409915 0.179609
vt 0.463760 0.179609
vt 0.463760 0.184738
vt 0.177844 0.775989
vt 0.235010 0.823696
vt 0.180580 0.775989
vt 0.409915 0.184738
vt 0.235010 0.825912
vt 0.234755 0.823813
vt 0.234755 0.826029
vt 0.913879 0.294685
vt 0.271795 0.951542
vt 0.913863 0.294966
vt 0.913879 0.295451
vt 0.869925 0.079462
vt 0.870430 0.079462
vt 0.981648 0.135357
vt 0.981647 0.135843
vt 0.271795 0.951036
vt 0.914309 0.294678
vt 0.870177 0.078586
vt 0.272225 0.951542
vt 0.914293 0.294957
vt 0.869768 0.078818
vt 0.914309 0.295444
vt 0.869925 0.079197
vt 0.982077 0.135350
vt 0.870430 0.079197
vt 0.982077 0.135837
vt 0.870586 0.078818
vt 0.272226 0.951037
vt 0.219813 0.657261
vt 0.505565 0.089691
vt 0.591963 0.669966
vt 0.502807 0.089691
vt 0.219813 0.660913
vt 0.505565 0.085485
vt 0.780395 0.742773
vt 0.591963 0.666314
vt 0.502807 0.085485
vt 0.780395 0.740015
vt 0.217799 0.659988
vt 0.783132 0.742773
vt 0.490069 0.498655
vt 0.589949 0.665389
vt 0.783132 0.740015
vt 0.487311 0.498655
vt 0.217799 0.656336
vt 0.490069 0.494449
vt 0.589949 0.669042
vt 0.487311 0.494449
vt 0.488708 0.494449
vt 0.504204 0.089691
vt 0.504204 0.084562
vt 0.780395 0.741412
vt 0.130000 0.816471
vt 0.783132 0.741412
vt 0.488708 0.499578
vt 0.130000 0.818687
vt 0.129745 0.816588
vt 0.129745 0.818805
vt 0.913879 0.364316
vt 0.562929 0.949825
vt 0.913863 0.364597
vt 0.913879 0.365083
vt 0.697964 0.870128
vt 0.698469 0.870128
vt 0.985310 0.911651
vt 0.985309 0.912137
vt 0.562929 0.949319
vt 0.914309 0.364309
vt 0.698216 0.869252
vt 0.563359 0.949825
vt 0.914293 0.364589
vt 0.697807 0.869484
vt 0.914309 0.365075
vt 0.697964 0.869863
vt 0.985739 0.911645
vt 0.698469 0.869863
vt 0.985739 0.912131
vt 0.698626 0.869484
vt 0.563360 0.949320
vt 0.528332 0.651025
vt 0.177844 0.454563
vt 0.541059 0.654677
vt 0.180602 0.454563
vt 0.528332 0.654677
vt 0.177844 0.458770
vt 0.774659 0.362605
vt 0.541059 0.651025
vt 0.180602 0.458770
vt 0.774659 0.359847
vt 0.526318 0.653753
vt 0.777395 0.362605
vt 0.395781 0.245196
vt 0.539044 0.650100
vt 0.777395 0.359847
vt 0.393023 0.245196
vt 0.526318 0.650100
vt 0.395781 0.240990
vt 0.539044 0.653753
vt 0.393023 0.240990
vt 0.394419 0.240990
vt 0.179205 0.454563
vt 0.179205 0.459693
vt 0.774659 0.361243
vt 0.825028 0.138470
vt 0.777395 0.361243
vt 0.394419 0.246119
vt 0.825028 0.140686
vt 0.824773 0.138587
vt 0.824773 0.140803
vt 0.913879 0.424399
vt 0.947308 0.529130
vt 0.913863 0.424680
vt 0.913879 0.425165
vt 0.871897 0.773774
vt 0.872402 0.773774
vt 0.018805 0.986057
vt 0.018805 0.986543
vt 0.947307 0.528625
vt 0.914309 0.424392
vt 0.872149 0.772898
vt 0.947738 0.529130
vt 0.914293 0.424672
vt 0.871740 0.773131
vt 0.914309 0.425158
vt 0.871897 0.773509
vt 0.019235 0.986050
vt 0.872402 0.773509
vt 0.019235 0.986537
vt 0.872559 0.773131
vt 0.947739 0.528625
vt 0.673980 0.098015
vt 0.463129 0.515419
vt 0.113692 0.674307
vt 0.460372 0.515419
vt 0.673980 0.101667
vt 0.463129 0.511213
vt 0.780395 0.729303
vt 0.113692 0.670655
vt 0.460372 0.511213
vt 0.780395 0.726545
vt 0.671965 0.100743
vt 0.783132 0.729303
vt 0.460372 0.336960
vt 0.111678 0.669730
vt 0.783132 0.726545
vt 0.463129 0.336960
vt 0.671965 0.097090
vt 0.460372 0.341166
vt 0.111678 0.673383
vt 0.463129 0.341166
vt 0.461733 0.341166
vt 0.461768 0.515419
vt 0.461768 0.510290
vt 0.780395 0.727942
vt 0.467370 0.808759
vt 0.783132 0.727942
vt 0.461733 0.336037
vt 0.467370 0.810975
vt 0.467115 0.808876
vt 0.467115 0.811092
vt 0.913879 0.517414
vt 0.728929 0.949826
vt 0.913863 0.517695
vt 0.913879 0.518180
vt 0.191471 0.876308
vt 0.191976 0.876308
vt 0.991880 0.447204
vt 0.991879 0.447690
vt 0.728929 0.949320
vt 0.914309 0.517407
vt 0.191723 0.875432
vt 0.729359 0.949826
vt 0.914293 0.517687
vt 0.191314 0.875665
vt 0.914309 0.518173
vt 0.191471 0.876044
vt 0.992309 0.447198
vt 0.191976 0.876044
vt 0.992309 0.447684
vt 0.192132 0.875665
vt 0.729360 0.949321
vt 0.685423 0.363675
vt 0.352613 0.494449
vt 0.634518 0.321460
vt 0.355371 0.494449
vt 0.685423 0.367327
vt 0.352613 0.498655
vt 0.774659 0.434676
vt 0.634518 0.317808
vt 0.355371 0.498655
vt 0.774659 0.431918
vt 0.683409 0.366403
vt 0.777395 0.434676
vt 0.422720 0.340243
vt 0.632504 0.316883
vt 0.777395 0.431918
vt 0.419962 0.340243
vt 0.683409 0.362750
vt 0.422720 0.336037
vt 0.632504 0.320536
vt 0.419962 0.336037
vt 0.421359 0.336037
vt 0.353975 0.494449
vt 0.353975 0.499578
vt 0.774659 0.433315
vt 0.825028 0.005356
vt 0.777395 0.433315
vt 0.421359 0.341166
vt 0.825028 0.007572
vt 0.824773 0.005473
vt 0.824773 0.007689
vt 0.913879 0.540488
vt 0.539321 0.939051
vt 0.913862 0.540769
vt 0.913879 0.541254
vt 0.037520 0.850284
vt 0.038025 0.850284
vt 0.980737 0.339529
vt 0.980736 0.340015
vt 0.539320 0.938545
vt 0.914309 0.540481
vt 0.037773 0.849408
vt 0.539751 0.939050
vt 0.914293 0.540760
vt 0.037364 0.849641
vt 0.914309 0.541247
vt 0.037520 0.850019
vt 0.981167 0.339522
vt 0.038025 0.850019
vt 0.981167 0.340009
vt 0.038182 0.849641
vt 0.539751 0.938545
vt 0.596340 0.485987
vt 0.530478 0.357008
vt 0.236769 0.581943
vt 0.527720 0.357008
vt 0.596340 0.489640
vt 0.530478 0.352801
vt 0.749044 0.090752
vt 0.236769 0.578291
vt 0.527720 0.352801
vt 0.749044 0.087994
vt 0.594326 0.488715
vt 0.751781 0.090752
vt 0.194071 0.490452
vt 0.234755 0.577366
vt 0.751781 0.087994
vt 0.191314 0.490452
vt 0.594326 0.485063
vt 0.194071 0.486246
vt 0.234755 0.581019
vt 0.191314 0.486246
vt 0.192710 0.486246
vt 0.529117 0.357008
vt 0.529117 0.351878
vt 0.749044 0.089390
vt 0.693557 0.793894
vt 0.751781 0.089390
vt 0.192710 0.491375
vt 0.693557 0.796110
vt 0.693302 0.794011
vt 0.693302 0.796227
vt 0.902721 0.482650
vt 0.948590 0.039782
vt 0.902704 0.482931
vt 0.902721 0.483416
vt 0.848836 0.762186
vt 0.849341 0.762186
vt 0.980737 0.400736
vt 0.980736 0.401222
vt 0.948590 0.039277
vt 0.903151 0.482643
vt 0.849089 0.761310
vt 0.949021 0.039782
vt 0.903135 0.482922
vt 0.848680 0.761542
vt 0.903151 0.483409
vt 0.848836 0.761921
vt 0.981167 0.400729
vt 0.849341 0.761921
vt 0.981167 0.401216
vt 0.849498 0.761542
vt 0.949021 0.039277
vt 0.553785 0.589868
vt 0.419962 0.399402
vt 0.579237 0.578232
vt 0.422720 0.399402
vt 0.553785 0.593521
vt 0.419962 0.403608
vt 0.747762 0.518398
vt 0.579237 0.574579
vt 0.422720 0.403608
vt 0.747762 0.515641
vt 0.551771 0.592596
vt 0.750498 0.518398
vt 0.395781 0.371926
vt 0.577223 0.573655
vt 0.750498 0.515641
vt 0.393023 0.371926
vt 0.551771 0.588944
vt 0.395781 0.367720
vt 0.577223 0.577307
vt 0.393023 0.367720
vt 0.394419 0.367720
vt 0.421324 0.399402
vt 0.421324 0.404531
vt 0.747762 0.517037
vt 0.797435 0.708353
vt 0.750498 0.517037
vt 0.394419 0.372849
vt 0.797435 0.710569
vt 0.797179 0.708470
vt 0.797179 0.710686
vt 0.903632 0.169814
vt 0.259369 0.939435
vt 0.903615 0.170095
vt 0.903632 0.170580
vt 0.412686 0.848771
vt 0.413191 0.848771
vt 0.981647 0.123821
vt 0.981647 0.124306
vt 0.259368 0.938930
vt 0.904062 0.169807
vt 0.412938 0.847895
vt 0.259799 0.939435
vt 0.904046 0.170086
vt 0.412529 0.848128
vt 0.904062 0.170573
vt 0.412686 0.848506
vt 0.982077 0.123814
vt 0.413191 0.848506
vt 0.982077 0.124301
vt 0.413348 0.848128
vt 0.259799 0.938930
vt 0.179858 0.612796
vt 0.098951 0.514631
vt 0.502880 0.608810
vt 0.101709 0.514631
vt 0.179858 0.616448
vt 0.098951 0.518837
vt 0.761210 0.461616
vt 0.502880 0.605158
vt 0.101709 0.518837
vt 0.761210 0.458858
vt 0.177844 0.615523
vt 0.763947 0.461616
vt 0.460372 0.416166
vt 0.500866 0.604233
vt 0.763947 0.458858
vt 0.463129 0.416166
vt 0.177844 0.611871
vt 0.460372 0.420372
vt 0.500866 0.607886
vt 0.463129 0.420372
vt 0.461733 0.420372
vt 0.100313 0.514631
vt 0.100313 0.519760
vt 0.761210 0.460254
vt 0.803094 0.112379
vt 0.763947 0.460254
vt 0.461733 0.415243
vt 0.803094 0.114595
vt 0.802839 0.112496
vt 0.802839 0.114713
vt 0.902721 0.435987
vt 0.937448 0.028564
vt 0.902704 0.436268
vt 0.902721 0.436754
vt 0.259912 0.847882
vt 0.260417 0.847882
vt 0.079317 0.986104
vt 0.079316 0.986590
vt 0.937447 0.028059
vt 0.903151 0.435980
vt 0.260164 0.847006
vt 0.937878 0.028564
vt 0.903135 0.436260
vt 0.259755 0.847239
vt 0.903151 0.436746
vt 0.259912 0.847618
vt 0.079747 0.986097
vt 0.260417 0.847618
vt 0.079747 0.986584
vt 0.260573 0.847239
vt 0.937878 0.028059
vt 0.621792 0.378964
vt 0.143215 0.472723
vt 0.219813 0.599757
vt 0.145973 0.472723
vt 0.621792 0.382616
vt 0.143215 0.476929
vt 0.050812 0.761032
vt 0.219813 0.596104
vt 0.145973 0.476929
vt 0.050812 0.758274
vt 0.619778 0.381692
vt 0.053549 0.761032
vt 0.325674 0.384484
vt 0.217799 0.595180
vt 0.053549 0.758274
vt 0.328432 0.384484
vt 0.619778 0.378039
vt 0.325674 0.388690
vt 0.217799 0.598832
vt 0.328432 0.388690
vt 0.327035 0.388690
vt 0.144576 0.472723
vt 0.144576 0.477852
vt 0.050812 0.759671
vt 0.562993 0.806940
vt 0.053549 0.759671
vt 0.327035 0.383561
vt 0.562993 0.809156
vt 0.562738 0.807057
vt 0.562738 0.809273
vt 0.913879 0.505723
vt 0.936165 0.364136
vt 0.913862 0.506004
vt 0.913879 0.506490
vt 0.018961 0.861746
vt 0.019466 0.861746
vt 0.466408 0.973465
vt 0.466407 0.973951
vt 0.936164 0.363631
vt 0.914309 0.505716
vt 0.019214 0.860870
vt 0.936595 0.364136
vt 0.914293 0.505996
vt 0.018805 0.861103
vt 0.914309 0.506482
vt 0.018961 0.861481
vt 0.466838 0.973459
vt 0.019466 0.861481
vt 0.466838 0.973945
vt 0.019623 0.861103
vt 0.936595 0.363631
vt 0.386330 0.623174
vt 0.505565 0.216421
vt 0.299261 0.624099
vt 0.502807 0.216421
vt 0.386330 0.619522
vt 0.505565 0.212214
vt 0.770283 0.643762
vt 0.299261 0.620447
vt 0.502807 0.212214
vt 0.770283 0.641004
vt 0.388345 0.620447
vt 0.773019 0.643762
vt 0.473841 0.273595
vt 0.297247 0.619522
vt 0.773019 0.641004
vt 0.476599 0.273595
vt 0.388345 0.624099
vt 0.473841 0.277802
vt 0.297247 0.623175
vt 0.476599 0.277802
vt 0.475203 0.277802
vt 0.504204 0.216421
vt 0.504204 0.211291
vt 0.770283 0.642400
vt 0.363305 0.808759
vt 0.773019 0.642400
vt 0.475203 0.272672
vt 0.363305 0.810975
vt 0.363050 0.808876
vt 0.363050 0.811092
vt 0.898345 0.654779
vt 0.068158 0.930541
vt 0.898328 0.655060
vt 0.898345 0.655546
vt 0.424238 0.860359
vt 0.424743 0.860359
vt 0.205073 0.971191
vt 0.205073 0.971677
vt 0.068157 0.930035
vt 0.898774 0.654772
vt 0.424490 0.859483
vt 0.068589 0.930540
vt 0.898758 0.655052
vt 0.424081 0.859716
vt 0.898774 0.655538
vt 0.424238 0.860094
vt 0.205503 0.971184
vt 0.424743 0.860094
vt 0.205503 0.971671
vt 0.424899 0.859716
vt 0.068589 0.930035
vt 0.655594 0.666314
vt 0.143215 0.456882
vt 0.553785 0.624099
vt 0.145973 0.456882
vt 0.655594 0.669966
vt 0.143215 0.461088
vt 0.762493 0.008114
vt 0.553785 0.620447
vt 0.145973 0.461088
vt 0.762493 0.005356
vt 0.653580 0.669042
vt 0.765230 0.008114
vt 0.018826 0.389147
vt 0.551771 0.619522
vt 0.765230 0.005356
vt 0.021584 0.389147
vt 0.653580 0.665389
vt 0.018826 0.393353
vt 0.551771 0.623175
vt 0.021584 0.393353
vt 0.020187 0.393353
vt 0.144576 0.456882
vt 0.144576 0.462011
vt 0.762493 0.006752
vt 0.808402 0.613640
vt 0.765230 0.006752
vt 0.020187 0.388224
vt 0.808402 0.615856
vt 0.808147 0.613757
vt 0.808147 0.615973
vt 0.913879 0.271508
vt 0.936165 0.340857
vt 0.913863 0.271789
vt 0.913879 0.272275
vt 0.860367 0.785362
vt 0.860872 0.785362
vt 0.048508 0.986183
vt 0.048507 0.986669
vt 0.936164 0.340352
vt 0.914309 0.271501
vt 0.860619 0.784486
vt 0.936595 0.340857
vt 0.914293 0.271781
vt 0.860210 0.784719
vt 0.914309 0.272268
vt 0.860367 0.785097
vt 0.048937 0.986176
vt 0.860872 0.785097
vt 0.048937 0.986663
vt 0.861028 0.784719
vt 0.936595 0.340352
vt 0.439249 0.666314
vt 0.018826 0.514954
vt 0.634518 0.474351
vt 0.021584 0.514954
vt 0.439249 0.669966
vt 0.018826 0.519160
vt 0.472078 0.771532
vt 0.634518 0.470698
vt 0.021584 0.519160
vt 0.472078 0.768774
vt 0.437235 0.669042
vt 0.474814 0.771532
vt 0.502807 0.053802
vt 0.632504 0.469774
vt 0.474814 0.768774
vt 0.505565 0.053802
vt 0.437235 0.665389
vt 0.502807 0.058009
vt 0.632504 0.473426
vt 0.505565 0.058009
vt 0.504169 0.058009
vt 0.020187 0.514954
vt 0.020187 0.520083
vt 0.472078 0.770170
vt 0.781692 0.806940
vt 0.474814 0.770170
vt 0.504169 0.052880
vt 0.781692 0.809156
vt 0.781437 0.807057
vt 0.781437 0.809273
vt 0.191330 0.909998
vt 0.929580 0.925590
vt 0.191314 0.910279
vt 0.191330 0.910765
vt 0.401177 0.860359
vt 0.401682 0.860359
vt 0.991880 0.400736
vt 0.991879 0.401222
vt 0.929579 0.925084
vt 0.191760 0.909991
vt 0.401429 0.859483
vt 0.930010 0.925589
vt 0.191744 0.910271
vt 0.401020 0.859716
vt 0.191760 0.910758
vt 0.401177 0.860094
vt 0.992309 0.400729
vt 0.401682 0.860094
vt 0.992309 0.401216
vt 0.401839 0.859716
vt 0.930010 0.925084
vt 0.464702 0.681603
vt 0.098951 0.451266
vt 0.566511 0.639388
vt 0.101709 0.451266
vt 0.464702 0.685255
vt 0.098951 0.455473
vt 0.762493 0.128607
vt 0.566511 0.635736
vt 0.101709 0.455473
vt 0.762493 0.125849
vt 0.462687 0.684331
vt 0.765230 0.128607
vt 0.248224 0.367754
vt 0.564497 0.634811
vt 0.765230 0.125849
vt 0.250982 0.367754
vt 0.462687 0.680678
vt 0.248224 0.371960
vt 0.564497 0.638464
vt 0.250982 0.371960
vt 0.249586 0.371960
vt 0.100313 0.451266
vt 0.100313 0.456396
vt 0.762493 0.127245
vt 0.259447 0.820915
vt 0.765230 0.127245
vt 0.249586 0.366831
vt 0.259447 0.823132
vt 0.259192 0.821033
vt 0.259192 0.823249
vt 0.914790 0.146843
vt 0.500673 0.940324
vt 0.914774 0.147124
vt 0.914790 0.147609
vt 0.778677 0.870128
vt 0.779181 0.870128
vt 0.860366 0.981269
vt 0.860365 0.981754
vt 0.500672 0.939819
vt 0.915220 0.146836
vt 0.778929 0.869252
vt 0.501103 0.940324
vt 0.915204 0.147115
vt 0.778520 0.869485
vt 0.915220 0.147602
vt 0.778677 0.869863
vt 0.860796 0.981262
vt 0.779181 0.869863
vt 0.860796 0.981749
vt 0.779338 0.869485
vt 0.501103 0.939819
vt 0.439249 0.589868
vt 0.081627 0.515001
vt 0.596340 0.459062
vt 0.084385 0.515001
vt 0.439249 0.593521
vt 0.081627 0.519207
vt 0.749045 0.023403
vt 0.596340 0.455409
vt 0.084385 0.519207
vt 0.749045 0.020645
vt 0.437235 0.592596
vt 0.751781 0.023403
vt 0.473841 0.463690
vt 0.594326 0.454484
vt 0.751781 0.020645
vt 0.476599 0.463690
vt 0.437235 0.588944
vt 0.473841 0.467896
vt 0.594326 0.458137
vt 0.476599 0.467896
vt 0.475203 0.467896
vt 0.082989 0.515001
vt 0.082989 0.520130
vt 0.749045 0.022041
vt 0.770725 0.793894
vt 0.751781 0.022041
vt 0.475203 0.462767
vt 0.770725 0.796110
vt 0.770470 0.794011
vt 0.770470 0.796228
vt 0.767006 0.903921
vt 0.896104 0.948025
vt 0.766989 0.904202
vt 0.767006 0.904687
vt 0.868642 0.495107
vt 0.869147 0.495107
vt 0.129746 0.979453
vt 0.129745 0.979939
vt 0.896103 0.947519
vt 0.767436 0.903913
vt 0.868894 0.494231
vt 0.896535 0.948024
vt 0.767420 0.904193
vt 0.868485 0.494464
vt 0.767436 0.904680
vt 0.868642 0.494842
vt 0.130176 0.979446
vt 0.869147 0.494842
vt 0.130176 0.979933
vt 0.869303 0.494464
vt 0.896535 0.947519
vt 0.515606 0.589868
vt 0.449660 0.341166
vt 0.581600 0.423906
vt 0.446902 0.341166
vt 0.515606 0.593521
vt 0.449660 0.336960
vt 0.747762 0.254846
vt 0.581600 0.427559
vt 0.446902 0.336960
vt 0.747762 0.252088
vt 0.513592 0.592596
vt 0.750498 0.254846
vt 0.381579 0.196373
vt 0.583614 0.428484
vt 0.750498 0.252088
vt 0.384337 0.196373
vt 0.513592 0.588944
vt 0.381579 0.200579
vt 0.583614 0.424831
vt 0.384337 0.200579
vt 0.382941 0.200579
vt 0.448298 0.341166
vt 0.448298 0.336037
vt 0.747762 0.253485
vt 0.500271 0.795713
vt 0.750498 0.253485
vt 0.382941 0.195450
vt 0.500271 0.797930
vt 0.500016 0.795830
vt 0.500016 0.798047
vt 0.079333 0.907071
vt 0.616708 0.938608
vt 0.079316 0.907352
vt 0.079333 0.907838
vt 0.868642 0.295554
vt 0.869147 0.295554
vt 0.974167 0.866807
vt 0.974166 0.867293
vt 0.616708 0.938102
vt 0.079762 0.907064
vt 0.868894 0.294678
vt 0.617138 0.938608
vt 0.079747 0.907344
vt 0.868485 0.294910
vt 0.079762 0.907830
vt 0.868642 0.295289
vt 0.974597 0.866800
vt 0.869147 0.295289
vt 0.974597 0.867287
vt 0.869303 0.294910
vt 0.617139 0.938103
vt 0.630142 0.651025
vt 0.505565 0.105532
vt 0.424509 0.665389
vt 0.502807 0.105532
vt 0.630142 0.654677
vt 0.505565 0.101326
vt 0.775942 0.023403
vt 0.424509 0.669042
vt 0.502807 0.101326
vt 0.775942 0.020645
vt 0.628128 0.653753
vt 0.778678 0.023403
vt 0.473841 0.368643
vt 0.426523 0.669966
vt 0.778678 0.020645
vt 0.476599 0.368643
vt 0.628128 0.650100
vt 0.473841 0.372849
vt 0.426523 0.666314
vt 0.476599 0.372849
vt 0.475203 0.372849
vt 0.504204 0.105532
vt 0.504204 0.100403
vt 0.775942 0.022041
vt 0.812778 0.444964
vt 0.778678 0.022041
vt 0.475203 0.367720
vt 0.812778 0.447180
vt 0.812523 0.445081
vt 0.812523 0.447297
vt 0.501463 0.905637
vt 0.939048 0.773095
vt 0.501446 0.905918
vt 0.501463 0.906404
vt 0.191470 0.864720
vt 0.191975 0.864720
vt 0.969595 0.537699
vt 0.969594 0.538185
vt 0.939048 0.772590
vt 0.501893 0.905630
vt 0.191723 0.863844
vt 0.939479 0.773095
vt 0.501877 0.905910
vt 0.191314 0.864077
vt 0.501893 0.906396
vt 0.191470 0.864456
vt 0.970024 0.537692
vt 0.191975 0.864456
vt 0.970024 0.538179
vt 0.192132 0.864077
vt 0.939479 0.772590
vt 0.659971 0.348386
vt 0.446902 0.304355
vt 0.635801 0.101667
vt 0.449660 0.304355
vt 0.659971 0.352038
vt 0.446902 0.308561
vt 0.774659 0.241376
vt 0.635801 0.098015
vt 0.449660 0.308561
vt 0.774659 0.238619
vt 0.657956 0.351114
vt 0.777395 0.241376
vt 0.381579 0.085485
vt 0.633787 0.097090
vt 0.777395 0.238619
vt 0.384337 0.085485
vt 0.657956 0.347461
vt 0.381579 0.089691
vt 0.633787 0.100743
vt 0.384337 0.089691
vt 0.382941 0.089691
vt 0.448263 0.304355
vt 0.448263 0.309484
vt 0.774659 0.240015
vt 0.812778 0.510615
vt 0.777395 0.240015
vt 0.382941 0.084562
vt 0.812778 0.512831
vt 0.812523 0.510732
vt 0.812523 0.512948
vt 0.903632 0.158328
vt 0.947308 0.552677
vt 0.903615 0.158609
vt 0.903632 0.159095
vt 0.868642 0.553048
vt 0.869147 0.553048
vt 0.838065 0.970064
vt 0.838064 0.970550
vt 0.947307 0.552171
vt 0.904062 0.158321
vt 0.868894 0.552171
vt 0.947739 0.552676
vt 0.904046 0.158601
vt 0.868485 0.552404
vt 0.904062 0.159088
vt 0.868642 0.552783
vt 0.838494 0.970057
vt 0.869147 0.552783
vt 0.838494 0.970544
vt 0.869303 0.552404
vt 0.947739 0.552171
vt 0.623075 0.098015
vt 0.519035 0.121373
vt 0.131759 0.603477
vt 0.516277 0.121373
vt 0.623075 0.101667
vt 0.519035 0.117167
vt 0.756834 0.670701
vt 0.131759 0.599825
vt 0.516277 0.117167
vt 0.756834 0.667943
vt 0.621061 0.100743
vt 0.759570 0.670701
vt 0.070915 0.487525
vt 0.129745 0.598900
vt 0.759570 0.667943
vt 0.068157 0.487525
vt 0.621061 0.097090
vt 0.070915 0.483318
vt 0.129745 0.602553
vt 0.068157 0.483318
vt 0.069554 0.483318
vt 0.517674 0.121373
vt 0.517674 0.116244
vt 0.756834 0.669340
vt 0.801811 0.404979
vt 0.759570 0.669340
vt 0.069554 0.488448
vt 0.801811 0.407195
vt 0.801556 0.405096
vt 0.801556 0.407312
vt 0.271812 0.905637
vt 0.248225 0.939435
vt 0.271795 0.905918
vt 0.271812 0.906403
vt 0.868642 0.378915
vt 0.869147 0.378915
vt 0.987519 0.631500
vt 0.987518 0.631986
vt 0.248224 0.938930
vt 0.272241 0.905630
vt 0.868894 0.378039
vt 0.248655 0.939435
vt 0.272225 0.905910
vt 0.868485 0.378272
vt 0.272241 0.906396
vt 0.868642 0.378651
vt 0.987948 0.631493
vt 0.869147 0.378651
vt 0.987948 0.631980
vt 0.869304 0.378272
vt 0.248656 0.938931
vt 0.337440 0.620447
vt 0.325674 0.462767
vt 0.609066 0.352038
vt 0.328432 0.462767
vt 0.337440 0.624099
vt 0.325674 0.466973
vt 0.351041 0.758062
vt 0.609066 0.348386
vt 0.328432 0.466973
vt 0.351041 0.755304
vt 0.335426 0.623174
vt 0.353778 0.758062
vt 0.384337 0.072927
vt 0.607052 0.347461
vt 0.353778 0.755304
vt 0.381579 0.072927
vt 0.335426 0.619522
vt 0.384337 0.068721
vt 0.607052 0.351114
vt 0.381579 0.068721
vt 0.382976 0.068721
vt 0.327035 0.462767
vt 0.327035 0.467896
vt 0.351041 0.756701
vt 0.803094 0.020645
vt 0.353778 0.756701
vt 0.382976 0.073850
vt 0.803094 0.022861
vt 0.802839 0.020762
vt 0.802839 0.022978
vt 0.562946 0.915406
vt 0.308391 0.951542
vt 0.562929 0.915687
vt 0.562946 0.916172
vt 0.493419 0.871947
vt 0.493924 0.871947
vt 0.987518 0.642985
vt 0.987517 0.643471
vt 0.308390 0.951036
vt 0.563375 0.915399
vt 0.493672 0.871071
vt 0.308821 0.951541
vt 0.563359 0.915679
vt 0.493263 0.871304
vt 0.563375 0.916165
vt 0.493419 0.871682
vt 0.987948 0.642978
vt 0.493924 0.871682
vt 0.987948 0.643465
vt 0.494081 0.871304
vt 0.308821 0.951036
vt 0.271795 0.623174
vt 0.379553 0.494449
vt 0.609066 0.504929
vt 0.382311 0.494449
vt 0.271795 0.619522
vt 0.379553 0.498655
vt 0.761210 0.308725
vt 0.609066 0.501276
vt 0.382311 0.498655
vt 0.761210 0.305968
vt 0.273809 0.620447
vt 0.763947 0.308725
vt 0.500781 0.241913
vt 0.607052 0.500352
vt 0.763947 0.305968
vt 0.503539 0.241913
vt 0.273809 0.624099
vt 0.500781 0.246119
vt 0.607052 0.504004
vt 0.503539 0.246119
vt 0.502142 0.246119
vt 0.380914 0.494449
vt 0.380914 0.499578
vt 0.761210 0.307364
vt 0.803094 0.074524
vt 0.763947 0.307364
vt 0.502142 0.240990
vt 0.803094 0.076740
vt 0.802839 0.074641
vt 0.802839 0.076857
vt 0.905604 0.807464
vt 0.948590 0.055915
vt 0.905587 0.807745
vt 0.905604 0.808231
vt 0.539477 0.870674
vt 0.539982 0.870674
vt 0.970877 0.066634
vt 0.970876 0.067120
vt 0.948590 0.055409
vt 0.906034 0.807457
vt 0.539729 0.869798
vt 0.949021 0.055915
vt 0.906018 0.807737
vt 0.539320 0.870030
vt 0.906034 0.808223
vt 0.539477 0.870409
vt 0.971306 0.066627
vt 0.539982 0.870409
vt 0.971306 0.067114
vt 0.540139 0.870030
vt 0.949021 0.055410
vt 0.070172 0.609868
vt 0.156685 0.441041
vt 0.113692 0.613151
vt 0.159443 0.441041
vt 0.070172 0.613521
vt 0.156685 0.445247
vt 0.498975 0.758062
vt 0.113692 0.609498
vt 0.159443 0.445247
vt 0.498975 0.755304
vt 0.068158 0.612596
vt 0.501711 0.758062
vt 0.395049 0.148850
vt 0.111678 0.608574
vt 0.501711 0.755304
vt 0.397807 0.148850
vt 0.068158 0.608943
vt 0.395049 0.153056
vt 0.111678 0.612226
vt 0.397807 0.153056
vt 0.396411 0.153056
vt 0.158046 0.441041
vt 0.158046 0.446170
vt 0.498975 0.756701
vt 0.803094 0.061054
vt 0.501711 0.756701
vt 0.396411 0.147927
vt 0.803094 0.063271
vt 0.802839 0.061172
vt 0.802839 0.063388
vt 0.905604 0.830640
vt 0.896104 0.936807
vt 0.905587 0.830921
vt 0.905604 0.831407
vt 0.857111 0.506695
vt 0.857616 0.506695
vt 0.628626 0.971749
vt 0.628625 0.972235
vt 0.896103 0.936302
vt 0.906034 0.830633
vt 0.857364 0.505819
vt 0.896535 0.936807
vt 0.906018 0.830913
vt 0.856955 0.506052
vt 0.906034 0.831400
vt 0.857111 0.506430
vt 0.629056 0.971742
vt 0.857616 0.506430
vt 0.629056 0.972229
vt 0.857773 0.506052
vt 0.896535 0.936302
vt 0.145229 0.706296
vt 0.408519 0.021197
vt 0.706499 0.639388
vt 0.411277 0.021197
vt 0.145229 0.709949
vt 0.408519 0.025403
vt 0.788107 0.349135
vt 0.706499 0.635736
vt 0.411277 0.025403
vt 0.788107 0.346377
vt 0.143215 0.709024
vt 0.790844 0.349135
vt 0.050833 0.357591
vt 0.704485 0.634811
vt 0.790844 0.346377
vt 0.053591 0.357591
vt 0.143215 0.705371
vt 0.050833 0.361797
vt 0.704485 0.638463
vt 0.053591 0.361797
vt 0.052195 0.361797
vt 0.409880 0.021197
vt 0.409880 0.026326
vt 0.788107 0.347773
vt 0.827000 0.831332
vt 0.790844 0.347773
vt 0.052195 0.356668
vt 0.827000 0.833549
vt 0.826745 0.831450
vt 0.826745 0.833666
vt 0.308422 0.905637
vt 0.937076 0.124600
vt 0.308406 0.905918
vt 0.308422 0.906404
vt 0.778676 0.858540
vt 0.779181 0.858540
vt 0.972477 0.807196
vt 0.972476 0.807682
vt 0.937075 0.124094
vt 0.308852 0.905630
vt 0.778929 0.857664
vt 0.937506 0.124599
vt 0.308836 0.905910
vt 0.778520 0.857896
vt 0.308852 0.906396
vt 0.778676 0.858275
vt 0.972907 0.807189
vt 0.779181 0.858275
vt 0.972907 0.807676
vt 0.779338 0.857896
vt 0.937506 0.124094
vt 0.439249 0.696892
vt 0.406493 0.494449
vt 0.655594 0.700544
vt 0.409250 0.494449
vt 0.439249 0.700544
vt 0.406493 0.498655
vt 0.788107 0.434676
vt 0.655594 0.696892
vt 0.409250 0.498655
vt 0.788107 0.431918
vt 0.437235 0.699620
vt 0.790844 0.434676
vt 0.366083 0.495372
vt 0.653580 0.695967
vt 0.790844 0.431918
vt 0.368841 0.495372
vt 0.437235 0.695967
vt 0.366083 0.499578
vt 0.653580 0.699620
vt 0.368841 0.499578
vt 0.367445 0.499578
vt 0.407854 0.494449
vt 0.407854 0.499578
vt 0.788107 0.433315
vt 0.191569 0.827623
vt 0.790844 0.433315
vt 0.367445 0.494449
vt 0.191569 0.829839
vt 0.191314 0.827740
vt 0.191314 0.829956
vt 0.366074 0.905637
vt 0.048523 0.930620
vt 0.366057 0.905918
vt 0.366074 0.906404
vt 0.857111 0.318730
vt 0.857616 0.318730
vt 0.477551 0.973465
vt 0.477550 0.973951
vt 0.048522 0.930114
vt 0.366504 0.905630
vt 0.857364 0.317854
vt 0.048953 0.930619
vt 0.366488 0.905910
vt 0.856955 0.318087
vt 0.366504 0.906396
vt 0.857111 0.318465
vt 0.477981 0.973459
vt 0.857616 0.318465
vt 0.477981 0.973946
vt 0.857773 0.318087
vt 0.048953 0.930114
vt 0.100966 0.655366
vt 0.487311 0.510290
vt 0.661253 0.178113
vt 0.490069 0.510290
vt 0.100966 0.659018
vt 0.487311 0.514497
vt 0.775942 0.008114
vt 0.661253 0.174460
vt 0.490069 0.514497
vt 0.775942 0.005356
vt 0.098951 0.658094
vt 0.778678 0.008114
vt 0.489338 0.037961
vt 0.659239 0.173535
vt 0.778678 0.005356
vt 0.492095 0.037961
vt 0.098951 0.654441
vt 0.489338 0.042168
vt 0.659239 0.177188
vt 0.492095 0.042168
vt 0.490699 0.042168
vt 0.488673 0.510290
vt 0.488673 0.515419
vt 0.775942 0.006752
vt 0.812778 0.431918
vt 0.778678 0.006752
vt 0.490699 0.037038
vt 0.812778 0.434135
vt 0.812523 0.432036
vt 0.812523 0.434252
vt 0.903632 0.146843
vt 0.927905 0.819448
vt 0.903615 0.147124
vt 0.903632 0.147609
vt 0.852735 0.597707
vt 0.853240 0.597707
vt 0.068158 0.974899
vt 0.068157 0.975385
vt 0.927904 0.818942
vt 0.904062 0.146836
vt 0.852988 0.596831
vt 0.928335 0.819447
vt 0.904046 0.147115
vt 0.852578 0.597064
vt 0.904062 0.147602
vt 0.852735 0.597443
vt 0.068588 0.974892
vt 0.853240 0.597443
vt 0.068588 0.975379
vt 0.853397 0.597064
vt 0.928335 0.818943
vt 0.642868 0.666314
vt 0.005356 0.435748
vt 0.362892 0.669966
vt 0.008114 0.435748
vt 0.642868 0.669966
vt 0.005356 0.439954
vt 0.592116 0.769713
vt 0.362892 0.666314
vt 0.008114 0.439954
vt 0.592116 0.766955
vt 0.640854 0.669042
vt 0.594853 0.769713
vt 0.366083 0.321119
vt 0.360878 0.665389
vt 0.594853 0.766955
vt 0.368841 0.321119
vt 0.640854 0.665389
vt 0.366083 0.325325
vt 0.360878 0.669042
vt 0.368841 0.325325
vt 0.367445 0.325325
vt 0.006717 0.435748
vt 0.006717 0.440877
vt 0.592116 0.768351
vt 0.794099 0.819560
vt 0.594853 0.768351
vt 0.367445 0.320196
vt 0.794099 0.821777
vt 0.793844 0.819677
vt 0.793844 0.821894
vt 0.422610 0.905637
vt 0.129745 0.946312
vt 0.422593 0.905918
vt 0.422610 0.906404
vt 0.862056 0.868430
vt 0.862561 0.868430
vt 0.177845 0.977559
vt 0.177844 0.978045
vt 0.129745 0.945806
vt 0.423040 0.905630
vt 0.862309 0.867554
vt 0.130176 0.946312
vt 0.423024 0.905910
vt 0.861900 0.867787
vt 0.423040 0.906396
vt 0.862056 0.868165
vt 0.178274 0.977552
vt 0.862561 0.868165
vt 0.178274 0.978039
vt 0.862718 0.867787
vt 0.130176 0.945807
vt 0.477428 0.681603
vt 0.476599 0.483737
vt 0.052104 0.659467
vt 0.473841 0.483737
vt 0.477428 0.685255
vt 0.476599 0.479531
vt 0.775942 0.197775
vt 0.052104 0.655814
vt 0.473841 0.479531
vt 0.775942 0.195017
vt 0.475413 0.684331
vt 0.778678 0.197775
vt 0.435459 0.196373
vt 0.050090 0.654890
vt 0.778678 0.195017
vt 0.438216 0.196373
vt 0.475413 0.680678
vt 0.435459 0.200579
vt 0.050090 0.658542
vt 0.438216 0.200579
vt 0.436820 0.200579
vt 0.475238 0.483737
vt 0.475238 0.478608
vt 0.775942 0.196414
vt 0.812778 0.378039
vt 0.778678 0.196414
vt 0.436820 0.195450
vt 0.812778 0.380255
vt 0.812523 0.378156
vt 0.812523 0.380373
vt 0.456829 0.905637
vt 0.947308 0.295183
vt 0.456812 0.905918
vt 0.456829 0.906404
vt 0.864266 0.609295
vt 0.864770 0.609295
vt 0.987518 0.666677
vt 0.987517 0.667163
vt 0.947307 0.294678
vt 0.457259 0.905630
vt 0.864518 0.608419
vt 0.947738 0.295183
vt 0.457243 0.905910
vt 0.864109 0.608652
vt 0.457259 0.906396
vt 0.864266 0.609031
vt 0.987948 0.666670
vt 0.864770 0.609031
vt 0.987948 0.667157
vt 0.864927 0.608652
vt 0.947739 0.294678
vt 0.324714 0.681603
vt 0.435459 0.132085
vt 0.541059 0.639388
vt 0.438216 0.132085
vt 0.324714 0.685255
vt 0.435459 0.136292
vt 0.766947 0.729303
vt 0.541059 0.635736
vt 0.438216 0.136292
vt 0.766947 0.726545
vt 0.322699 0.684331
vt 0.769683 0.729303
vt 0.081627 0.373353
vt 0.539044 0.634811
vt 0.769683 0.726545
vt 0.084385 0.373353
vt 0.322699 0.680678
vt 0.081627 0.377559
vt 0.539044 0.638464
vt 0.084385 0.377559
vt 0.082989 0.377559
vt 0.436820 0.132085
vt 0.436820 0.137215
vt 0.766947 0.727942
vt 0.205328 0.819427
vt 0.769683 0.727942
vt 0.082989 0.372430
vt 0.205328 0.821643
vt 0.205073 0.819544
vt 0.205073 0.821760
vt 0.902721 0.294685
vt 0.578668 0.938608
vt 0.902704 0.294966
vt 0.902721 0.295451
vt 0.848836 0.820127
vt 0.849341 0.820127
vt 0.980737 0.470381
vt 0.980736 0.470867
vt 0.578668 0.938102
vt 0.903151 0.294678
vt 0.849089 0.819250
vt 0.579098 0.938608
vt 0.903135 0.294957
vt 0.848679 0.819483
vt 0.903151 0.295444
vt 0.848836 0.819862
vt 0.981167 0.470374
vt 0.849341 0.819862
vt 0.981167 0.470861
vt 0.849498 0.819483
vt 0.579099 0.938103
vt 0.100965 0.685944
vt 0.040121 0.425162
vt 0.145229 0.679371
vt 0.037364 0.425162
vt 0.100965 0.689596
vt 0.040121 0.420956
vt 0.775942 0.184305
vt 0.145229 0.675718
vt 0.037364 0.420956
vt 0.775942 0.181547
vt 0.098951 0.688672
vt 0.778678 0.184305
vt 0.379553 0.432007
vt 0.143215 0.674793
vt 0.778678 0.181547
vt 0.382311 0.432007
vt 0.098951 0.685019
vt 0.379553 0.436213
vt 0.143215 0.678446
vt 0.382311 0.436213
vt 0.380914 0.436213
vt 0.038760 0.425162
vt 0.038760 0.420033
vt 0.775942 0.182944
vt 0.812778 0.345953
vt 0.778678 0.182944
vt 0.380914 0.431084
vt 0.812778 0.348169
vt 0.812523 0.346070
vt 0.812523 0.348286
vt 0.896136 0.879047
vt 0.947308 0.436486
vt 0.896119 0.879328
vt 0.896136 0.879813
vt 0.447277 0.848771
vt 0.447782 0.848771
vt 0.466408 0.962261
vt 0.466407 0.962747
vt 0.947307 0.435980
vt 0.896565 0.879040
vt 0.447529 0.847895
vt 0.947738 0.436486
vt 0.896549 0.879319
vt 0.447120 0.848127
vt 0.896565 0.879806
vt 0.447277 0.848506
vt 0.466838 0.962254
vt 0.447782 0.848506
vt 0.466838 0.962741
vt 0.447938 0.848127
vt 0.947739 0.435981
vt 0.207087 0.680923
vt 0.406493 0.240990
vt 0.661253 0.132245
vt 0.409250 0.240990
vt 0.207087 0.684576
vt 0.406493 0.245196
vt 0.578668 0.769713
vt 0.661253 0.128593
vt 0.409250 0.245196
vt 0.578668 0.766955
vt 0.205073 0.683651
vt 0.581404 0.769713
vt 0.234755 0.372354
vt 0.659239 0.127668
vt 0.581404 0.766955
vt 0.237512 0.372354
vt 0.205073 0.679999
vt 0.234755 0.376560
vt 0.659239 0.131321
vt 0.237512 0.376560
vt 0.236116 0.376560
vt 0.407854 0.240990
vt 0.407854 0.246119
vt 0.578668 0.768351
vt 0.308469 0.821804
vt 0.581404 0.768351
vt 0.236116 0.371431
vt 0.308469 0.824020
vt 0.308214 0.821921
vt 0.308214 0.824137
vt 0.907294 0.844385
vt 0.005356 0.943168
vt 0.907277 0.844666
vt 0.907294 0.845151
vt 0.868642 0.425268
vt 0.869147 0.425268
vt 0.488694 0.962261
vt 0.488693 0.962746
vt 0.005356 0.942663
vt 0.907724 0.844378
vt 0.868894 0.424392
vt 0.005786 0.943168
vt 0.907708 0.844657
vt 0.868485 0.424625
vt 0.907724 0.845144
vt 0.868642 0.425003
vt 0.489124 0.962254
vt 0.869147 0.425003
vt 0.489124 0.962741
vt 0.869303 0.424625
vt 0.005787 0.942663
vt 0.635801 0.143882
vt 0.473841 0.431084
vt 0.635801 0.132245
vt 0.476599 0.431084
vt 0.635801 0.147534
vt 0.473841 0.435291
vt 0.762493 0.197775
vt 0.635801 0.128593
vt 0.476599 0.435291
vt 0.762493 0.195017
vt 0.633787 0.146610
vt 0.765230 0.197775
vt 0.366083 0.432007
vt 0.633787 0.127668
vt 0.765230 0.195017
vt 0.368841 0.432007
vt 0.633787 0.142957
vt 0.366083 0.436213
vt 0.633787 0.131321
vt 0.368841 0.436213
vt 0.367445 0.436213
vt 0.475203 0.431084
vt 0.475203 0.436214
vt 0.762493 0.196414
vt 0.248480 0.807870
vt 0.765230 0.196414
vt 0.367445 0.431084
vt 0.248480 0.810086
vt 0.248224 0.807987
vt 0.248224 0.810203
vt 0.902721 0.283199
vt 0.937075 0.113382
vt 0.902704 0.283480
vt 0.902721 0.283966
vt 0.099108 0.862881
vt 0.099613 0.862881
vt 0.510981 0.962261
vt 0.510980 0.962747
vt 0.937075 0.112877
vt 0.903151 0.283192
vt 0.099361 0.862004
vt 0.937506 0.113382
vt 0.903135 0.283472
vt 0.098952 0.862237
vt 0.903151 0.283959
vt 0.099108 0.862616
vt 0.511411 0.962254
vt 0.099613 0.862616
vt 0.511411 0.962741
vt 0.099770 0.862237
vt 0.937506 0.112878
vt 0.528332 0.635736
vt 0.005356 0.404065
vt 0.672697 0.550796
vt 0.008114 0.404065
vt 0.528332 0.639388
vt 0.005356 0.408272
vt 0.098952 0.760583
vt 0.672697 0.547143
vt 0.008114 0.408272
vt 0.098952 0.757826
vt 0.526318 0.638464
vt 0.101688 0.760583
vt 0.379553 0.305278
vt 0.670683 0.546219
vt 0.101688 0.757826
vt 0.382311 0.305278
vt 0.526318 0.634811
vt 0.379553 0.309484
vt 0.670683 0.549871
vt 0.382311 0.309484
vt 0.380914 0.309484
vt 0.006717 0.404065
vt 0.006717 0.409195
vt 0.098952 0.759222
vt 0.819369 0.708353
vt 0.101688 0.759222
vt 0.380914 0.304355
vt 0.819369 0.710569
vt 0.819114 0.708470
vt 0.819114 0.710686
vt 0.916763 0.726552
vt 0.271795 0.940324
vt 0.916746 0.726833
vt 0.916763 0.727319
vt 0.868642 0.249201
vt 0.869147 0.249201
vt 0.980737 0.458422
vt 0.980736 0.458908
vt 0.271795 0.939819
vt 0.917192 0.726545
vt 0.868894 0.248325
vt 0.272225 0.940324
vt 0.917176 0.726825
vt 0.868485 0.248558
vt 0.917192 0.727312
vt 0.868642 0.248937
vt 0.981167 0.458415
vt 0.869147 0.248937
vt 0.981167 0.458902
vt 0.869303 0.248558
vt 0.272226 0.939819
vt 0.635801 0.205038
vt 0.514251 0.336037
vt 0.635801 0.071089
vt 0.517009 0.336037
vt 0.635801 0.208691
vt 0.514251 0.340243
vt 0.761210 0.516579
vt 0.635801 0.067436
vt 0.517009 0.340243
vt 0.761210 0.513821
vt 0.633787 0.207766
vt 0.763947 0.516579
vt 0.271795 0.432007
vt 0.633787 0.066512
vt 0.763947 0.513821
vt 0.274553 0.432007
vt 0.633787 0.204113
vt 0.271795 0.436213
vt 0.633787 0.070164
vt 0.274553 0.436213
vt 0.273156 0.436213
vt 0.515612 0.336037
vt 0.515612 0.341166
vt 0.761210 0.515218
vt 0.805066 0.766530
vt 0.763947 0.515218
vt 0.273156 0.431084
vt 0.805066 0.768746
vt 0.804811 0.766647
vt 0.804811 0.768864
vt 0.905604 0.738141
vt 0.936165 0.378545
vt 0.905587 0.738421
vt 0.905604 0.738907
vt 0.142808 0.866063
vt 0.143313 0.866063
vt 0.980737 0.423452
vt 0.980736 0.423938
vt 0.936164 0.378039
vt 0.906034 0.738133
vt 0.143061 0.865186
vt 0.936595 0.378545
vt 0.906018 0.738413
vt 0.142652 0.865419
vt 0.906034 0.738900
vt 0.142808 0.865798
vt 0.981167 0.423445
vt 0.143313 0.865798
vt 0.981167 0.423932
vt 0.143470 0.865419
vt 0.936596 0.378040
vt 0.634518 0.348386
vt 0.433432 0.367720
vt 0.634518 0.428483
vt 0.436190 0.367720
vt 0.634518 0.352038
vt 0.433432 0.371926
vt 0.756834 0.697641
vt 0.634518 0.424831
vt 0.436190 0.371926
vt 0.756834 0.694883
vt 0.632504 0.351114
vt 0.759570 0.697641
vt 0.156685 0.362758
vt 0.632504 0.423907
vt 0.759570 0.694883
vt 0.159443 0.362758
vt 0.632504 0.347461
vt 0.156685 0.366964
vt 0.632504 0.427559
vt 0.159443 0.366964
vt 0.158046 0.366964
vt 0.434793 0.367720
vt 0.434793 0.372849
vt 0.756834 0.696280
vt 0.660655 0.806940
vt 0.759570 0.696280
vt 0.158046 0.361835
vt 0.660655 0.809156
vt 0.660400 0.807057
vt 0.660400 0.809273
vt 0.709355 0.903921
vt 0.751215 0.938608
vt 0.709338 0.904202
vt 0.709355 0.904687
vt 0.868642 0.237613
vt 0.869147 0.237613
vt 0.980737 0.351308
vt 0.980736 0.351794
vt 0.751215 0.938102
vt 0.709784 0.903914
vt 0.868894 0.236737
vt 0.751646 0.938608
vt 0.709768 0.904193
vt 0.868485 0.236970
vt 0.709784 0.904680
vt 0.868642 0.237348
vt 0.981167 0.351301
vt 0.869147 0.237348
vt 0.981167 0.351788
vt 0.869303 0.236970
vt 0.751646 0.938103
vt 0.131759 0.676270
vt 0.473841 0.510290
vt 0.100966 0.628440
vt 0.476599 0.510290
vt 0.131759 0.679923
vt 0.473841 0.514497
vt 0.780396 0.756243
vt 0.100966 0.624787
vt 0.476599 0.514497
vt 0.780396 0.753485
vt 0.129745 0.678998
vt 0.783132 0.756243
vt 0.248224 0.431119
vt 0.098952 0.623863
vt 0.783132 0.753485
vt 0.250982 0.431119
vt 0.129745 0.675346
vt 0.248224 0.435325
vt 0.098952 0.627515
vt 0.250982 0.435325
vt 0.249586 0.435325
vt 0.475203 0.510290
vt 0.475203 0.515419
vt 0.780396 0.754881
vt 0.478337 0.808759
vt 0.783132 0.754881
vt 0.249586 0.430196
vt 0.478337 0.810975
vt 0.478082 0.808876
vt 0.478082 0.811092
vt 0.907294 0.890635
vt 0.936164 0.318154
vt 0.907277 0.890916
vt 0.907294 0.891401
vt 0.005513 0.863203
vt 0.006018 0.863203
vt 0.980737 0.282713
vt 0.980736 0.283199
vt 0.936164 0.317649
vt 0.907724 0.890628
vt 0.005765 0.862327
vt 0.936595 0.318154
vt 0.907708 0.890907
vt 0.005356 0.862560
vt 0.907724 0.891394
vt 0.005513 0.862938
vt 0.981167 0.282706
vt 0.006018 0.862938
vt 0.981167 0.283193
vt 0.006174 0.862560
vt 0.936595 0.317649
vt 0.673980 0.174460
vt 0.462398 0.132085
vt 0.659971 0.290882
vt 0.465156 0.132085
vt 0.673980 0.178113
vt 0.462398 0.136292
vt 0.774659 0.421206
vt 0.659971 0.287230
vt 0.465156 0.136292
vt 0.774659 0.418449
vt 0.671965 0.177188
vt 0.777395 0.421206
vt 0.248224 0.399436
vt 0.657957 0.286305
vt 0.777395 0.418449
vt 0.250982 0.399436
vt 0.671965 0.173535
vt 0.248224 0.403643
vt 0.657957 0.289958
vt 0.250982 0.403643
vt 0.249586 0.403643
vt 0.463760 0.132085
vt 0.463760 0.137215
vt 0.774659 0.419845
vt 0.814061 0.190651
vt 0.777395 0.419845
vt 0.249586 0.398513
vt 0.814061 0.192868
vt 0.813806 0.190768
vt 0.813806 0.192985
vt 0.907294 0.902120
vt 0.927905 0.807963
vt 0.907277 0.902401
vt 0.907294 0.902887
vt 0.110638 0.851292
vt 0.111143 0.851292
vt 0.477551 0.962261
vt 0.477550 0.962747
vt 0.927904 0.807457
vt 0.907724 0.902113
vt 0.110891 0.850416
vt 0.928335 0.807962
vt 0.907708 0.902393
vt 0.110482 0.850649
vt 0.907724 0.902879
vt 0.110638 0.851028
vt 0.477981 0.962254
vt 0.111143 0.851028
vt 0.477981 0.962741
vt 0.111300 0.850649
vt 0.928335 0.807457
vt 0.668321 0.681603
vt 0.489338 0.132085
vt 0.273809 0.654677
vt 0.492095 0.132086
vt 0.668321 0.685255
vt 0.489338 0.136292
vt 0.005356 0.787845
vt 0.273809 0.651025
vt 0.492095 0.136292
vt 0.005356 0.785088
vt 0.666306 0.684331
vt 0.008092 0.787845
vt 0.433432 0.305278
vt 0.271795 0.650100
vt 0.008092 0.785088
vt 0.436190 0.305278
vt 0.666306 0.680678
vt 0.433432 0.309484
vt 0.271795 0.653753
vt 0.436190 0.309484
vt 0.434793 0.309484
vt 0.490699 0.132086
vt 0.490699 0.137215
vt 0.005356 0.786484
vt 0.819369 0.667095
vt 0.008092 0.786484
vt 0.434793 0.304355
vt 0.819369 0.669311
vt 0.819113 0.667212
vt 0.819113 0.669428
vt 0.902721 0.248332
vt 0.605565 0.927390
vt 0.902704 0.248613
vt 0.902721 0.249099
vt 0.848836 0.750598
vt 0.849341 0.750598
vt 0.110096 0.964782
vt 0.110095 0.965268
vt 0.605565 0.926885
vt 0.903151 0.248325
vt 0.849089 0.749722
vt 0.605995 0.927390
vt 0.903135 0.248605
vt 0.848680 0.749954
vt 0.903151 0.249091
vt 0.848836 0.750333
vt 0.110525 0.964775
vt 0.849341 0.750333
vt 0.110525 0.965262
vt 0.849498 0.749954
vt 0.605996 0.926885
vt 0.337440 0.681603
vt 0.325674 0.399402
vt 0.413797 0.624099
vt 0.328432 0.399402
vt 0.337440 0.685255
vt 0.325674 0.403608
vt 0.565219 0.783182
vt 0.413797 0.620446
vt 0.328432 0.403608
vt 0.565219 0.780424
vt 0.335426 0.684331
vt 0.567955 0.783182
vt 0.234755 0.356512
vt 0.411783 0.619522
vt 0.567955 0.780424
vt 0.237512 0.356512
vt 0.335426 0.680678
vt 0.234755 0.360719
vt 0.411783 0.623174
vt 0.237512 0.360719
vt 0.236116 0.360719
vt 0.327035 0.399402
vt 0.327035 0.404531
vt 0.565219 0.781821
vt 0.823745 0.471479
vt 0.567955 0.781821
vt 0.236116 0.355590
vt 0.823745 0.473695
vt 0.823490 0.471596
vt 0.823490 0.473812
vt 0.916763 0.807464
vt 0.510980 0.951542
vt 0.916746 0.807745
vt 0.916763 0.808230
vt 0.871897 0.808538
vt 0.872402 0.808538
vt 0.987519 0.678265
vt 0.987518 0.678751
vt 0.510979 0.951036
vt 0.917192 0.807457
vt 0.872149 0.807662
vt 0.511410 0.951542
vt 0.917176 0.807737
vt 0.871740 0.807895
vt 0.917192 0.808223
vt 0.871897 0.808274
vt 0.987948 0.678258
vt 0.872402 0.808274
vt 0.987948 0.678745
vt 0.872559 0.807895
vt 0.511411 0.951037
vt 0.515606 0.620447
vt 0.514251 0.399402
vt 0.617416 0.578232
vt 0.517009 0.399402
vt 0.515606 0.624099
vt 0.514251 0.403608
vt 0.578667 0.783182
vt 0.617416 0.574579
vt 0.517009 0.403608
vt 0.578667 0.780424
vt 0.513592 0.623175
vt 0.581404 0.783182
vt 0.433432 0.352801
vt 0.615402 0.573655
vt 0.581404 0.780424
vt 0.436190 0.352801
vt 0.513592 0.619522
vt 0.433432 0.357008
vt 0.615402 0.577307
vt 0.436190 0.357008
vt 0.434793 0.357008
vt 0.515612 0.399402
vt 0.515612 0.404531
vt 0.578667 0.781821
vt 0.389160 0.808759
vt 0.581404 0.781821
vt 0.434793 0.351878
vt 0.389160 0.810975
vt 0.388905 0.808876
vt 0.388905 0.811092
vt 0.904004 0.078490
vt 0.142652 0.945760
vt 0.903987 0.078771
vt 0.904004 0.079257
vt 0.875796 0.597707
vt 0.876301 0.597707
vt 0.217800 0.976425
vt 0.217799 0.976911
vt 0.142652 0.945254
vt 0.904433 0.078483
vt 0.876048 0.596831
vt 0.143082 0.945760
vt 0.904417 0.078763
vt 0.875639 0.597064
vt 0.904433 0.079249
vt 0.875796 0.597443
vt 0.218229 0.976418
vt 0.876301 0.597443
vt 0.218229 0.976905
vt 0.876458 0.597064
vt 0.143083 0.945255
vt 0.236769 0.608869
vt 0.143215 0.425200
vt 0.609066 0.321460
vt 0.145973 0.425200
vt 0.236769 0.612521
vt 0.143215 0.429406
vt 0.770282 0.697641
vt 0.609066 0.317807
vt 0.145973 0.429406
vt 0.770282 0.694883
vt 0.234755 0.611597
vt 0.773019 0.697641
vt 0.339144 0.368643
vt 0.607052 0.316883
vt 0.773019 0.694883
vt 0.341901 0.368643
vt 0.234755 0.607944
vt 0.339144 0.372849
vt 0.607052 0.320535
vt 0.341901 0.372849
vt 0.340505 0.372849
vt 0.144576 0.425200
vt 0.144576 0.430329
vt 0.770282 0.696280
vt 0.154437 0.815919
vt 0.773019 0.696280
vt 0.340505 0.367720
vt 0.154437 0.818135
vt 0.154182 0.816036
vt 0.154182 0.818253
vt 0.902721 0.401223
vt 0.248225 0.950653
vt 0.902704 0.401504
vt 0.902721 0.401989
vt 0.869925 0.091050
vt 0.870430 0.091050
vt 0.976376 0.631500
vt 0.976375 0.631986
vt 0.248224 0.950147
vt 0.903151 0.401216
vt 0.870177 0.090174
vt 0.248655 0.950653
vt 0.903135 0.401495
vt 0.869768 0.090407
vt 0.903151 0.401982
vt 0.869925 0.090785
vt 0.976806 0.631493
vt 0.870430 0.090785
vt 0.976806 0.631980
vt 0.870586 0.090407
vt 0.248656 0.950148
vt 0.659970 0.455409
vt 0.478626 0.089691
vt 0.623075 0.025222
vt 0.475868 0.089691
vt 0.659970 0.459062
vt 0.478626 0.085485
vt 0.592116 0.783182
vt 0.623075 0.021569
vt 0.475868 0.085485
vt 0.592116 0.780424
vt 0.657956 0.458137
vt 0.594852 0.783182
vt 0.433432 0.384484
vt 0.621061 0.020645
vt 0.594852 0.780424
vt 0.436190 0.384484
vt 0.657956 0.454484
vt 0.433432 0.388690
vt 0.621061 0.024297
vt 0.436190 0.388690
vt 0.434793 0.388690
vt 0.477264 0.089691
vt 0.477264 0.084562
vt 0.592116 0.781821
vt 0.819369 0.627534
vt 0.594852 0.781821
vt 0.434793 0.383561
vt 0.819369 0.629750
vt 0.819113 0.627651
vt 0.819113 0.629868
vt 0.904004 0.043726
vt 0.937447 0.055915
vt 0.903987 0.044007
vt 0.904004 0.044492
vt 0.578825 0.870128
vt 0.579329 0.870128
vt 0.965234 0.619273
vt 0.965233 0.619759
vt 0.937447 0.055409
vt 0.904433 0.043719
vt 0.579077 0.869252
vt 0.937877 0.055915
vt 0.904417 0.043998
vt 0.578668 0.869484
vt 0.904433 0.044485
vt 0.578825 0.869863
vt 0.965663 0.619266
vt 0.579329 0.869863
vt 0.965663 0.619753
vt 0.579486 0.869484
vt 0.937878 0.055410
vt 0.324714 0.620447
vt 0.382311 0.388690
vt 0.082898 0.659388
vt 0.379553 0.388690
vt 0.324714 0.624099
vt 0.382311 0.384484
vt 0.774659 0.461616
vt 0.082898 0.655735
vt 0.379553 0.384484
vt 0.774659 0.458858
vt 0.322700 0.623175
vt 0.777395 0.461616
vt 0.191314 0.360439
vt 0.080884 0.654811
vt 0.777395 0.458858
vt 0.194071 0.360439
vt 0.322700 0.619522
vt 0.191314 0.364645
vt 0.080884 0.658463
vt 0.194071 0.364645
vt 0.192675 0.364645
vt 0.380949 0.388690
vt 0.380949 0.383561
vt 0.774659 0.460254
vt 0.830336 0.612791
vt 0.777395 0.460254
vt 0.192675 0.359516
vt 0.830336 0.615007
vt 0.830081 0.612908
vt 0.830081 0.615124
vt 0.918452 0.855870
vt 0.954090 0.631999
vt 0.918436 0.856151
vt 0.918452 0.856637
vt 0.880172 0.226025
vt 0.880677 0.226025
vt 0.987519 0.706375
vt 0.987518 0.706861
vt 0.954089 0.631493
vt 0.918882 0.855863
vt 0.880424 0.225149
vt 0.954520 0.631999
vt 0.918866 0.856143
vt 0.880015 0.225382
vt 0.918882 0.856630
vt 0.880172 0.225760
vt 0.987948 0.706368
vt 0.880677 0.225760
vt 0.987948 0.706855
vt 0.880834 0.225382
vt 0.954521 0.631494
vt 0.686706 0.036859
vt 0.473841 0.304355
vt 0.621792 0.535507
vt 0.476599 0.304355
vt 0.686706 0.040511
vt 0.473841 0.308561
vt 0.788107 0.281786
vt 0.621792 0.531854
vt 0.476599 0.308561
vt 0.788107 0.279028
vt 0.684691 0.039587
vt 0.790843 0.281786
vt 0.050833 0.468479
vt 0.619778 0.530930
vt 0.790843 0.279028
vt 0.053591 0.468479
vt 0.684691 0.035934
vt 0.050833 0.472686
vt 0.619778 0.534582
vt 0.053591 0.472686
vt 0.052195 0.472686
vt 0.475203 0.304355
vt 0.475203 0.309484
vt 0.788107 0.280424
vt 0.819369 0.587124
vt 0.790843 0.280424
vt 0.052195 0.467556
vt 0.819369 0.589341
vt 0.819114 0.587242
vt 0.819114 0.589458
vt 0.793861 0.903496
vt 0.366042 0.951542
vt 0.793844 0.903777
vt 0.793861 0.904263
vt 0.838995 0.880018
vt 0.839500 0.880018
vt 0.974167 0.889242
vt 0.974166 0.889728
vt 0.366042 0.951036
vt 0.794290 0.903489
vt 0.839248 0.879142
vt 0.366472 0.951542
vt 0.794274 0.903769
vt 0.838839 0.879375
vt 0.794290 0.904255
vt 0.838995 0.879754
vt 0.974597 0.889235
vt 0.839500 0.879754
vt 0.974597 0.889722
vt 0.839657 0.879375
vt 0.366473 0.951037
vt 0.686706 0.113304
vt 0.408519 0.132085
vt 0.623075 0.178113
vt 0.411277 0.132086
vt 0.686706 0.116956
vt 0.408519 0.136292
vt 0.081606 0.787893
vt 0.623075 0.174460
vt 0.411277 0.136292
vt 0.081606 0.785135
vt 0.684691 0.116032
vt 0.084342 0.787893
vt 0.366083 0.241913
vt 0.621061 0.173536
vt 0.084342 0.785135
vt 0.368841 0.241913
vt 0.684691 0.112379
vt 0.366083 0.246119
vt 0.621061 0.177188
vt 0.368841 0.246119
vt 0.367445 0.246119
vt 0.409880 0.132086
vt 0.409880 0.137215
vt 0.081606 0.786531
vt 0.830336 0.586700
vt 0.084342 0.786531
vt 0.367445 0.240990
vt 0.830336 0.588916
vt 0.830081 0.586817
vt 0.830081 0.589034
vt 0.539337 0.915849
vt 0.958451 0.436486
vt 0.539320 0.916130
vt 0.539337 0.916616
vt 0.355055 0.871947
vt 0.355560 0.871947
vt 0.965233 0.694890
vt 0.965232 0.695376
vt 0.958450 0.435980
vt 0.539767 0.915842
vt 0.355308 0.871071
vt 0.958881 0.436486
vt 0.539751 0.916122
vt 0.354898 0.871304
vt 0.539767 0.916609
vt 0.355055 0.871682
vt 0.965663 0.694883
vt 0.355560 0.871682
vt 0.965663 0.695370
vt 0.355717 0.871304
vt 0.958882 0.435981
vt 0.698149 0.302519
vt 0.248224 0.525243
vt 0.661253 0.116956
vt 0.250982 0.525243
vt 0.698149 0.306171
vt 0.248224 0.529449
vt 0.645910 0.783182
vt 0.661253 0.113304
vt 0.250982 0.529449
vt 0.645910 0.780424
vt 0.696135 0.305247
vt 0.648647 0.783182
vt 0.433432 0.400325
vt 0.659239 0.112379
vt 0.648647 0.780424
vt 0.436190 0.400325
vt 0.696135 0.301594
vt 0.433432 0.404531
vt 0.659239 0.116032
vt 0.436190 0.404531
vt 0.434793 0.404531
vt 0.249586 0.525243
vt 0.249586 0.530372
vt 0.645910 0.781821
vt 0.819369 0.573655
vt 0.648647 0.781821
vt 0.434793 0.399402
vt 0.819369 0.575871
vt 0.819114 0.573772
vt 0.819114 0.575988
vt 0.838112 0.902223
vt 0.079316 0.952976
vt 0.838095 0.902504
vt 0.838112 0.902989
vt 0.755616 0.870128
vt 0.756121 0.870128
vt 0.974152 0.969935
vt 0.974151 0.970421
vt 0.079316 0.952470
vt 0.838542 0.902216
vt 0.755868 0.869252
vt 0.079746 0.952976
vt 0.838526 0.902495
vt 0.755459 0.869485
vt 0.838542 0.902982
vt 0.755616 0.869863
vt 0.974581 0.969929
vt 0.756121 0.869863
vt 0.974581 0.970416
vt 0.756278 0.869485
vt 0.079747 0.952471
vt 0.311987 0.651025
vt 0.285265 0.415243
vt 0.451975 0.639388
vt 0.288022 0.415243
vt 0.311987 0.654677
vt 0.285265 0.419449
vt 0.770282 0.576413
vt 0.451975 0.635736
vt 0.288022 0.419449
vt 0.770282 0.573655
vt 0.309973 0.653753
vt 0.773019 0.576413
vt 0.112421 0.372983
vt 0.449961 0.634811
vt 0.773019 0.573655
vt 0.115179 0.372983
vt 0.309973 0.650100
vt 0.112421 0.377190
vt 0.449961 0.638464
vt 0.115179 0.377190
vt 0.113783 0.377190
vt 0.286626 0.415243
vt 0.286626 0.420372
vt 0.770282 0.575051
vt 0.830336 0.599745
vt 0.773019 0.575051
vt 0.113783 0.372060
vt 0.830336 0.601962
vt 0.830081 0.599863
vt 0.830081 0.602079
vt 0.909503 0.608324
vt 0.950191 0.761610
vt 0.909486 0.608605
vt 0.909503 0.609090
vt 0.470359 0.871947
vt 0.470864 0.871947
vt 0.165326 0.967696
vt 0.165325 0.968182
vt 0.950191 0.761104
vt 0.909933 0.608317
vt 0.470611 0.871071
vt 0.950621 0.761610
vt 0.909917 0.608596
vt 0.470202 0.871304
vt 0.909933 0.609083
vt 0.470359 0.871682
vt 0.165756 0.967689
vt 0.470864 0.871682
vt 0.165756 0.968176
vt 0.471021 0.871304
vt 0.950622 0.761105
vt 0.693772 0.681603
vt 0.274553 0.515419
vt 0.668320 0.578232
vt 0.271795 0.515419
vt 0.693772 0.685255
vt 0.274553 0.511213
vt 0.672807 0.783182
vt 0.668320 0.574579
vt 0.271795 0.511213
vt 0.672807 0.780424
vt 0.691758 0.684330
vt 0.675544 0.783182
vt 0.112421 0.468031
vt 0.666306 0.573655
vt 0.675544 0.780424
vt 0.115179 0.468031
vt 0.691758 0.680678
vt 0.112421 0.472237
vt 0.666306 0.577307
vt 0.115179 0.472237
vt 0.113783 0.472237
vt 0.273191 0.515419
vt 0.273191 0.510290
vt 0.672807 0.781821
vt 0.805066 0.818711
vt 0.675544 0.781821
vt 0.113783 0.467108
vt 0.805066 0.820928
vt 0.804811 0.818829
vt 0.804811 0.821045
vt 0.902721 0.340935
vt 0.940737 0.867319
vt 0.902704 0.341216
vt 0.902721 0.341701
vt 0.709495 0.870128
vt 0.710000 0.870128
vt 0.991880 0.317107
vt 0.991879 0.317593
vt 0.940737 0.866813
vt 0.903151 0.340928
vt 0.709747 0.869252
vt 0.941168 0.867319
vt 0.903135 0.341207
vt 0.709338 0.869485
vt 0.903151 0.341694
vt 0.709495 0.869863
vt 0.992309 0.317100
vt 0.710000 0.869863
vt 0.992309 0.317587
vt 0.710156 0.869485
vt 0.941168 0.866814
vt 0.566511 0.651025
vt 0.132503 0.430329
vt 0.647244 0.428483
vt 0.129745 0.430329
vt 0.566511 0.654677
vt 0.132503 0.426122
vt 0.445180 0.771532
vt 0.647244 0.424831
vt 0.129745 0.426122
vt 0.445180 0.768774
vt 0.564497 0.653753
vt 0.447917 0.771532
vt 0.393023 0.336960
vt 0.645230 0.423907
vt 0.447917 0.768774
vt 0.395781 0.336960
vt 0.564497 0.650100
vt 0.393023 0.341166
vt 0.645230 0.427559
vt 0.395781 0.341166
vt 0.394384 0.341166
vt 0.131142 0.430329
vt 0.131142 0.425200
vt 0.445180 0.770170
vt 0.830336 0.653625
vt 0.447917 0.770170
vt 0.394384 0.336037
vt 0.830336 0.655841
vt 0.830081 0.653742
vt 0.830081 0.655958
vt 0.909503 0.631500
vt 0.650928 0.938608
vt 0.909486 0.631781
vt 0.909503 0.632266
vt 0.366586 0.871947
vt 0.367091 0.871947
vt 0.421804 0.973465
vt 0.421803 0.973951
vt 0.650927 0.938102
vt 0.909933 0.631493
vt 0.366838 0.871071
vt 0.651358 0.938607
vt 0.909917 0.631773
vt 0.366429 0.871304
vt 0.909933 0.632259
vt 0.366586 0.871682
vt 0.422234 0.973459
vt 0.367091 0.871682
vt 0.422234 0.973945
vt 0.367248 0.871304
vt 0.651358 0.938102
vt 0.710875 0.241363
vt 0.514251 0.446926
vt 0.699432 0.162823
vt 0.517009 0.446926
vt 0.710875 0.245015
vt 0.514251 0.451132
vt 0.686255 0.783182
vt 0.699432 0.159171
vt 0.517009 0.451132
vt 0.686255 0.780424
vt 0.708861 0.244090
vt 0.688992 0.783182
vt 0.098951 0.468031
vt 0.697418 0.158247
vt 0.688992 0.780424
vt 0.101709 0.468031
vt 0.708861 0.240438
vt 0.098951 0.472237
vt 0.697418 0.161899
vt 0.101709 0.472237
vt 0.100313 0.472237
vt 0.515612 0.446925
vt 0.515612 0.452055
vt 0.686255 0.781821
vt 0.827000 0.739591
vt 0.688992 0.781821
vt 0.100313 0.467108
vt 0.827000 0.741807
vt 0.826745 0.739708
vt 0.826745 0.741924
vt 0.909503 0.666677
vt 0.929594 0.902619
vt 0.909486 0.666958
vt 0.909503 0.667444
vt 0.663373 0.870128
vt 0.663878 0.870128
vt 0.354900 0.973465
vt 0.354899 0.973951
vt 0.929594 0.902113
vt 0.909933 0.666670
vt 0.663625 0.869252
vt 0.930025 0.902619
vt 0.909917 0.666950
vt 0.663216 0.869485
vt 0.909933 0.667436
vt 0.663373 0.869863
vt 0.355329 0.973459
vt 0.663878 0.869863
vt 0.355329 0.973945
vt 0.664035 0.869485
vt 0.930025 0.902114
vt 0.699432 0.113304
vt 0.285265 0.431084
vt 0.207087 0.699865
vt 0.288022 0.431084
vt 0.699432 0.116956
vt 0.285265 0.435291
vt 0.297247 0.771532
vt 0.207087 0.696213
vt 0.288022 0.435291
vt 0.297247 0.768774
vt 0.697418 0.116032
vt 0.299984 0.771532
vt 0.393023 0.273595
vt 0.205072 0.695288
vt 0.299984 0.768774
vt 0.395781 0.273595
vt 0.697418 0.112379
vt 0.393023 0.277802
vt 0.205072 0.698941
vt 0.395781 0.277802
vt 0.394384 0.277802
vt 0.286626 0.431084
vt 0.286626 0.436214
vt 0.297247 0.770170
vt 0.834713 0.549751
vt 0.299984 0.770170
vt 0.394384 0.272672
vt 0.834713 0.551967
vt 0.834457 0.549868
vt 0.834457 0.552084
vt 0.909503 0.694890
vt 0.639769 0.938608
vt 0.909486 0.695171
vt 0.909503 0.695657
vt 0.862056 0.845254
vt 0.862561 0.845254
vt 0.271796 0.973465
vt 0.271795 0.973951
vt 0.639769 0.938102
vt 0.909933 0.694883
vt 0.862309 0.844378
vt 0.640200 0.938607
vt 0.909917 0.695163
vt 0.861899 0.844611
vt 0.909933 0.695649
vt 0.862056 0.844989
vt 0.272225 0.973458
vt 0.862561 0.844989
vt 0.272225 0.973945
vt 0.862718 0.844611
vt 0.640200 0.938102
vt 0.362892 0.574579
vt 0.516277 0.163768
vt 0.572170 0.103323
vt 0.519035 0.163768
vt 0.362892 0.578232
vt 0.516277 0.167974
vt 0.743385 0.657232
vt 0.572170 0.099671
vt 0.519035 0.167974
vt 0.743385 0.654474
vt 0.360878 0.577307
vt 0.746122 0.657232
vt 0.446902 0.463690
vt 0.570156 0.098746
vt 0.746122 0.654474
vt 0.449660 0.463690
vt 0.360878 0.573655
vt 0.446902 0.467896
vt 0.570156 0.102399
vt 0.449660 0.467896
vt 0.448263 0.467896
vt 0.517639 0.163768
vt 0.517639 0.168897
vt 0.743385 0.655870
vt 0.205328 0.780291
vt 0.746122 0.655870
vt 0.448263 0.462767
vt 0.205328 0.782507
vt 0.205073 0.780408
vt 0.205073 0.782624
vt 0.909503 0.706478
vt 0.931803 0.597337
vt 0.909486 0.706759
vt 0.909503 0.707245
vt 0.297404 0.860359
vt 0.297909 0.860359
vt 0.972477 0.818962
vt 0.972476 0.819448
vt 0.931803 0.596831
vt 0.909933 0.706471
vt 0.297656 0.859483
vt 0.932234 0.597337
vt 0.909917 0.706751
vt 0.297247 0.859716
vt 0.909933 0.707237
vt 0.297404 0.860094
vt 0.972907 0.818955
vt 0.297909 0.860094
vt 0.972907 0.819442
vt 0.298066 0.859716
vt 0.932234 0.596832
vt 0.464702 0.574579
vt 0.298734 0.431084
vt 0.207087 0.501107
vt 0.301492 0.431084
vt 0.464702 0.578232
vt 0.298734 0.435291
vt 0.472077 0.744592
vt 0.207087 0.497455
vt 0.301492 0.435291
vt 0.472077 0.741834
vt 0.462687 0.577307
vt 0.474814 0.744592
vt 0.037364 0.389273
vt 0.205072 0.496530
vt 0.474814 0.741834
vt 0.040121 0.389273
vt 0.462687 0.573655
vt 0.037364 0.393480
vt 0.205072 0.500183
vt 0.040121 0.393480
vt 0.038725 0.393480
vt 0.300096 0.431084
vt 0.300096 0.436214
vt 0.472077 0.743231
vt 0.259447 0.794825
vt 0.474814 0.743231
vt 0.038725 0.388350
vt 0.259447 0.797041
vt 0.259192 0.794942
vt 0.259192 0.797158
vt 0.177861 0.909999
vt 0.958451 0.470880
vt 0.177844 0.910280
vt 0.177861 0.910765
vt 0.875795 0.667546
vt 0.876301 0.667546
vt 0.793845 0.982529
vt 0.793844 0.983015
vt 0.958450 0.470374
vt 0.178290 0.909992
vt 0.876048 0.666670
vt 0.958881 0.470880
vt 0.178274 0.910271
vt 0.875639 0.666903
vt 0.178290 0.910758
vt 0.875795 0.667282
vt 0.794274 0.982522
vt 0.876301 0.667282
vt 0.794274 0.983009
vt 0.876457 0.666903
vt 0.958882 0.470375
vt 0.698149 0.287230
vt 0.516277 0.195450
vt 0.661253 0.101667
vt 0.519035 0.195450
vt 0.698149 0.290882
vt 0.516277 0.199656
vt 0.740050 0.783182
vt 0.661253 0.098015
vt 0.519035 0.199656
vt 0.740050 0.780424
vt 0.696135 0.289958
vt 0.742787 0.783182
vt 0.393023 0.463690
vt 0.659239 0.097090
vt 0.742787 0.780424
vt 0.395781 0.463690
vt 0.696135 0.286305
vt 0.393023 0.467896
vt 0.659239 0.100743
vt 0.395781 0.467896
vt 0.394384 0.467896
vt 0.517639 0.195450
vt 0.517639 0.200579
vt 0.740050 0.781821
vt 0.803094 0.151515
vt 0.742787 0.781821
vt 0.394384 0.462767
vt 0.803094 0.153731
vt 0.802839 0.151632
vt 0.802839 0.153849
vt 0.896136 0.902120
vt 0.578668 0.949825
vt 0.896119 0.902401
vt 0.896136 0.902887
vt 0.068314 0.873381
vt 0.068819 0.873381
vt 0.991880 0.293918
vt 0.991879 0.294403
vt 0.578668 0.949319
vt 0.896565 0.902113
vt 0.068566 0.872505
vt 0.579098 0.949825
vt 0.896549 0.902393
vt 0.068157 0.872738
vt 0.896565 0.902879
vt 0.068314 0.873117
vt 0.992309 0.293911
vt 0.068819 0.873117
vt 0.992309 0.294398
vt 0.068975 0.872738
vt 0.579099 0.949320
vt 0.648527 0.098015
vt 0.339144 0.431084
vt 0.642868 0.624099
vt 0.341901 0.431084
vt 0.648527 0.101667
vt 0.339144 0.435291
vt 0.774659 0.530049
vt 0.642868 0.620447
vt 0.341901 0.435291
vt 0.774659 0.527291
vt 0.646513 0.100743
vt 0.777396 0.530049
vt 0.068158 0.389194
vt 0.640854 0.619522
vt 0.777396 0.527291
vt 0.070915 0.389194
vt 0.646513 0.097090
vt 0.068158 0.393400
vt 0.640854 0.623175
vt 0.070915 0.393400
vt 0.069519 0.393400
vt 0.340505 0.431084
vt 0.340505 0.436214
vt 0.774659 0.528687
vt 0.823745 0.458434
vt 0.777396 0.528687
vt 0.069519 0.388271
vt 0.823745 0.460650
vt 0.823490 0.458551
vt 0.823490 0.460767
vt 0.248241 0.904749
vt 0.936165 0.283698
vt 0.248224 0.905029
vt 0.248241 0.905515
vt 0.857112 0.402092
vt 0.857616 0.402092
vt 0.728929 0.971749
vt 0.728928 0.972235
vt 0.936164 0.283192
vt 0.248671 0.904741
vt 0.857364 0.401216
vt 0.936595 0.283697
vt 0.248655 0.905021
vt 0.856955 0.401448
vt 0.248671 0.905508
vt 0.857112 0.401827
vt 0.729359 0.971742
vt 0.857616 0.401827
vt 0.729359 0.972229
vt 0.857773 0.401448
vt 0.936595 0.283192
vt 0.111678 0.703961
vt 0.411277 0.121373
vt 0.566511 0.700544
vt 0.408519 0.121373
vt 0.111678 0.700308
vt 0.411277 0.117167
vt 0.788107 0.335665
vt 0.566511 0.696892
vt 0.408519 0.117167
vt 0.788107 0.332907
vt 0.113692 0.701233
vt 0.790844 0.335665
vt 0.115179 0.392108
vt 0.564497 0.695967
vt 0.790844 0.332907
vt 0.112421 0.392108
vt 0.113692 0.704885
vt 0.115179 0.387902
vt 0.564497 0.699620
vt 0.112421 0.387902
vt 0.113818 0.387902
vt 0.409915 0.121373
vt 0.409915 0.116244
vt 0.788107 0.334304
vt 0.825028 0.190651
vt 0.790844 0.334304
vt 0.113818 0.393031
vt 0.825028 0.192868
vt 0.824773 0.190768
vt 0.824773 0.192985
vt 0.732043 0.915406
vt 0.937076 0.090679
vt 0.732026 0.915687
vt 0.732043 0.916173
vt 0.858394 0.044697
vt 0.858899 0.044697
vt 0.600955 0.971749
vt 0.600954 0.972235
vt 0.937075 0.090174
vt 0.732473 0.915399
vt 0.858647 0.043821
vt 0.937506 0.090679
vt 0.732457 0.915679
vt 0.858238 0.044054
vt 0.732473 0.916165
vt 0.858394 0.044433
vt 0.601384 0.971742
vt 0.858899 0.044433
vt 0.601384 0.972229
vt 0.859056 0.044054
vt 0.937506 0.090174
vt 0.706499 0.681603
vt 0.352613 0.431084
vt 0.477428 0.700544
vt 0.355371 0.431084
vt 0.706499 0.685255
vt 0.352613 0.435291
vt 0.788107 0.488555
vt 0.477428 0.696892
vt 0.355371 0.435291
vt 0.788107 0.485797
vt 0.704485 0.684331
vt 0.790844 0.488555
vt 0.050833 0.420956
vt 0.475414 0.695967
vt 0.790844 0.485797
vt 0.053591 0.420956
vt 0.704485 0.680678
vt 0.050833 0.425162
vt 0.475414 0.699620
vt 0.053591 0.425162
vt 0.052195 0.425162
vt 0.353975 0.431084
vt 0.353975 0.436214
vt 0.788107 0.487194
vt 0.099207 0.824326
vt 0.790844 0.487194
vt 0.052195 0.420033
vt 0.099207 0.826542
vt 0.098951 0.824443
vt 0.098951 0.826659
vt 0.912681 0.208494
vt 0.271796 0.929107
vt 0.912664 0.208775
vt 0.912681 0.209261
vt 0.857111 0.330318
vt 0.857616 0.330318
vt 0.969595 0.328324
vt 0.969594 0.328810
vt 0.271795 0.928601
vt 0.913110 0.208487
vt 0.857364 0.329442
vt 0.272226 0.929106
vt 0.913095 0.208767
vt 0.856955 0.329675
vt 0.913110 0.209253
vt 0.857111 0.330054
vt 0.970024 0.328317
vt 0.857616 0.330054
vt 0.970024 0.328804
vt 0.857773 0.329675
vt 0.272226 0.928601
vt 0.113692 0.655365
vt 0.487311 0.320196
vt 0.515606 0.669966
vt 0.490069 0.320196
vt 0.113692 0.659018
vt 0.487311 0.324402
vt 0.774659 0.516579
vt 0.515606 0.666314
vt 0.490069 0.324402
vt 0.774659 0.513821
vt 0.111678 0.658093
vt 0.777395 0.516579
vt 0.081627 0.420877
vt 0.513592 0.665389
vt 0.777395 0.513821
vt 0.084385 0.420877
vt 0.111678 0.654441
vt 0.081627 0.425083
vt 0.513592 0.669042
vt 0.084385 0.425083
vt 0.082989 0.425083
vt 0.488673 0.320196
vt 0.488673 0.325325
vt 0.774659 0.515218
vt 0.812778 0.418024
vt 0.777395 0.515218
vt 0.082989 0.419954
vt 0.812778 0.420240
vt 0.812523 0.418141
vt 0.812523 0.420358
vt 0.902721 0.540488
vt 0.319565 0.929107
vt 0.902704 0.540769
vt 0.902721 0.541254
vt 0.005513 0.851615
vt 0.006018 0.851615
vt 0.970877 0.078490
vt 0.970876 0.078976
vt 0.319564 0.928601
vt 0.903151 0.540480
vt 0.005765 0.850739
vt 0.319995 0.929106
vt 0.903135 0.540760
vt 0.005356 0.850972
vt 0.903151 0.541247
vt 0.005513 0.851350
vt 0.971306 0.078483
vt 0.006018 0.851350
vt 0.971306 0.078970
vt 0.006174 0.850972
vt 0.319995 0.928601
vt 0.648527 0.036859
vt 0.409250 0.309484
vt 0.659971 0.229726
vt 0.406492 0.309484
vt 0.648527 0.040511
vt 0.409250 0.305278
vt 0.632462 0.769713
vt 0.659971 0.226073
vt 0.406492 0.305278
vt 0.632462 0.766955
vt 0.646513 0.039587
vt 0.635198 0.769713
vt 0.352613 0.368643
vt 0.657956 0.225149
vt 0.635198 0.766955
vt 0.355371 0.368643
vt 0.646513 0.035934
vt 0.352613 0.372849
vt 0.657956 0.228801
vt 0.355371 0.372849
vt 0.353975 0.372849
vt 0.407889 0.309484
vt 0.407889 0.304355
vt 0.632462 0.768351
vt 0.812778 0.358998
vt 0.635198 0.768351
vt 0.353975 0.367720
vt 0.812778 0.361214
vt 0.812523 0.359115
vt 0.812523 0.361331
vt 0.916763 0.761112
vt 0.940738 0.902619
vt 0.916746 0.761392
vt 0.916763 0.761878
vt 0.868642 0.402092
vt 0.869147 0.402092
vt 0.970877 0.039283
vt 0.970876 0.039769
vt 0.940737 0.902113
vt 0.917193 0.761104
vt 0.868894 0.401216
vt 0.941168 0.902618
vt 0.917177 0.761384
vt 0.868485 0.401448
vt 0.917193 0.761871
vt 0.868642 0.401827
vt 0.971306 0.039277
vt 0.869147 0.401827
vt 0.971306 0.039764
vt 0.869303 0.401448
vt 0.941168 0.902113
vt 0.673980 0.021570
vt 0.180602 0.491375
vt 0.648527 0.162823
vt 0.177844 0.491375
vt 0.673980 0.025222
vt 0.180602 0.487169
vt 0.775942 0.157366
vt 0.648527 0.159171
vt 0.177844 0.487169
vt 0.775942 0.154608
vt 0.671965 0.024298
vt 0.778678 0.157366
vt 0.460372 0.447848
vt 0.646513 0.158246
vt 0.778678 0.154608
vt 0.463129 0.447848
vt 0.671965 0.020645
vt 0.460372 0.452055
vt 0.646513 0.161899
vt 0.463129 0.452055
vt 0.461733 0.452055
vt 0.179240 0.491375
vt 0.179240 0.486246
vt 0.775942 0.156004
vt 0.812778 0.319437
vt 0.778678 0.156004
vt 0.461733 0.446926
vt 0.812778 0.321654
vt 0.812523 0.319555
vt 0.812523 0.321771
vt 0.902721 0.447473
vt 0.018805 0.941711
vt 0.902704 0.447753
vt 0.902721 0.448239
vt 0.129902 0.866615
vt 0.130407 0.866615
vt 0.970505 0.169533
vt 0.970504 0.170019
vt 0.018805 0.941206
vt 0.903151 0.447465
vt 0.130154 0.865738
vt 0.019236 0.941711
vt 0.903135 0.447745
vt 0.129745 0.865971
vt 0.903151 0.448232
vt 0.129902 0.866350
vt 0.970935 0.169526
vt 0.130407 0.866350
vt 0.970935 0.170013
vt 0.130564 0.865971
vt 0.019236 0.941206
vt 0.672697 0.470698
vt 0.301492 0.404531
vt 0.648527 0.208691
vt 0.298734 0.404531
vt 0.672697 0.474351
vt 0.301492 0.400325
vt 0.143215 0.765647
vt 0.648527 0.205038
vt 0.298734 0.400325
vt 0.143215 0.762889
vt 0.670683 0.473426
vt 0.145952 0.765647
vt 0.381579 0.148850
vt 0.646513 0.204113
vt 0.145952 0.762889
vt 0.384337 0.148850
vt 0.670683 0.469774
vt 0.381579 0.153056
vt 0.646513 0.207766
vt 0.384337 0.153056
vt 0.382941 0.153056
vt 0.300131 0.404531
vt 0.300131 0.399402
vt 0.143215 0.764286
vt 0.812778 0.291649
vt 0.145952 0.764286
vt 0.382941 0.147927
vt 0.812778 0.293865
vt 0.812523 0.291766
vt 0.812523 0.293982
vt 0.913879 0.283199
vt 0.079317 0.941758
vt 0.913863 0.283480
vt 0.913879 0.283966
vt 0.848836 0.796950
vt 0.849341 0.796950
vt 0.969594 0.435987
vt 0.969594 0.436473
vt 0.079316 0.941253
vt 0.914309 0.283192
vt 0.849089 0.796074
vt 0.079747 0.941758
vt 0.914293 0.283472
vt 0.848679 0.796307
vt 0.914309 0.283959
vt 0.848836 0.796686
vt 0.970024 0.435980
vt 0.849341 0.796686
vt 0.970024 0.436467
vt 0.849498 0.796307
vt 0.079747 0.941253
vt 0.311987 0.681603
vt 0.492095 0.153056
vt 0.579237 0.669966
vt 0.489338 0.153056
vt 0.311987 0.685255
vt 0.492095 0.148850
vt 0.775942 0.142077
vt 0.579237 0.666314
vt 0.489338 0.148850
vt 0.775942 0.139319
vt 0.309973 0.684331
vt 0.778678 0.142077
vt 0.436190 0.435291
vt 0.577223 0.665389
vt 0.778678 0.139319
vt 0.433432 0.435291
vt 0.309973 0.680678
vt 0.436190 0.431084
vt 0.577223 0.669042
vt 0.433432 0.431084
vt 0.434829 0.431084
vt 0.490734 0.153056
vt 0.490734 0.147927
vt 0.775942 0.140715
vt 0.500271 0.808759
vt 0.778678 0.140715
vt 0.434829 0.436214
vt 0.500271 0.810975
vt 0.500016 0.808876
vt 0.500016 0.811092
vt 0.896136 0.867459
vt 0.110111 0.942846
vt 0.896119 0.867739
vt 0.896136 0.868225
vt 0.470338 0.848771
vt 0.470842 0.848771
vt 0.969595 0.447204
vt 0.969594 0.447690
vt 0.110110 0.942340
vt 0.896565 0.867451
vt 0.470590 0.847895
vt 0.110541 0.942845
vt 0.896549 0.867731
vt 0.470181 0.848127
vt 0.896565 0.868218
vt 0.470338 0.848506
vt 0.970024 0.447198
vt 0.470842 0.848506
vt 0.970024 0.447684
vt 0.470999 0.848127
vt 0.110541 0.942340
vt 0.642868 0.681603
vt 0.393023 0.399402
vt 0.100965 0.674307
vt 0.395781 0.399402
vt 0.642868 0.685255
vt 0.393023 0.403608
vt 0.766947 0.756243
vt 0.100965 0.670655
vt 0.395781 0.403608
vt 0.766947 0.753485
vt 0.640854 0.684331
vt 0.769683 0.756243
vt 0.384337 0.057086
vt 0.098951 0.669730
vt 0.769683 0.753485
vt 0.381579 0.057086
vt 0.640854 0.680678
vt 0.384337 0.052880
vt 0.098951 0.673383
vt 0.381579 0.052880
vt 0.382976 0.052880
vt 0.394384 0.399402
vt 0.394384 0.404531
vt 0.766947 0.754881
vt 0.671623 0.819985
vt 0.769683 0.754881
vt 0.382976 0.058009
vt 0.671623 0.822201
vt 0.671367 0.820102
vt 0.671367 0.822318
vt 0.331483 0.917123
vt 0.948219 0.090679
vt 0.331466 0.917404
vt 0.331483 0.917889
vt 0.868642 0.307142
vt 0.869147 0.307142
vt 0.918391 0.969961
vt 0.918390 0.970447
vt 0.948218 0.090174
vt 0.331913 0.917116
vt 0.868894 0.306266
vt 0.948649 0.090679
vt 0.331897 0.917395
vt 0.868485 0.306498
vt 0.331913 0.917882
vt 0.868642 0.306877
vt 0.918820 0.969954
vt 0.869147 0.306877
vt 0.918820 0.970441
vt 0.869303 0.306498
vt 0.948650 0.090175
vt 0.659971 0.363675
vt 0.460372 0.494449
vt 0.668320 0.608810
vt 0.463129 0.494449
vt 0.659971 0.367327
vt 0.460372 0.498655
vt 0.766947 0.742773
vt 0.668320 0.605157
vt 0.463129 0.498655
vt 0.766947 0.740015
vt 0.657957 0.366403
vt 0.769683 0.742773
vt 0.435459 0.022120
vt 0.666306 0.604233
vt 0.769683 0.740015
vt 0.438216 0.022120
vt 0.657957 0.362750
vt 0.435459 0.026326
vt 0.666306 0.607885
vt 0.438216 0.026326
vt 0.436820 0.026326
vt 0.461733 0.494449
vt 0.461733 0.499578
vt 0.766947 0.741411
vt 0.489304 0.808759
vt 0.769683 0.741411
vt 0.436820 0.021197
vt 0.489304 0.810975
vt 0.489049 0.808876
vt 0.489049 0.811092
vt 0.913879 0.317656
vt 0.939048 0.727051
vt 0.913863 0.317937
vt 0.913879 0.318422
vt 0.862056 0.856842
vt 0.862561 0.856842
vt 0.969595 0.526468
vt 0.969594 0.526954
vt 0.939047 0.726545
vt 0.914309 0.317649
vt 0.862309 0.855966
vt 0.939478 0.727051
vt 0.914293 0.317928
vt 0.861900 0.856199
vt 0.914309 0.318415
vt 0.862056 0.856577
vt 0.970024 0.526461
vt 0.862561 0.856577
vt 0.970024 0.526948
vt 0.862718 0.856199
vt 0.939479 0.726546
vt 0.659971 0.470698
vt 0.068158 0.419954
vt 0.679032 0.665389
vt 0.070915 0.419954
vt 0.659971 0.474351
vt 0.068158 0.424160
vt 0.177844 0.763881
vt 0.679032 0.669042
vt 0.070915 0.424160
vt 0.177844 0.761123
vt 0.657956 0.473426
vt 0.180580 0.763881
vt 0.156685 0.378599
vt 0.681046 0.669966
vt 0.180580 0.761123
vt 0.159443 0.378599
vt 0.657956 0.469774
vt 0.156685 0.382805
vt 0.681046 0.666314
vt 0.159443 0.382805
vt 0.158046 0.382805
vt 0.069519 0.419954
vt 0.069519 0.425083
vt 0.177844 0.762519
vt 0.812778 0.404979
vt 0.180580 0.762519
vt 0.158046 0.377676
vt 0.812778 0.407195
vt 0.812523 0.405096
vt 0.812523 0.407312
vt 0.605582 0.915406
vt 0.942946 0.695389
vt 0.605565 0.915687
vt 0.605582 0.916173
vt 0.868642 0.413680
vt 0.869147 0.413680
vt 0.963009 0.969936
vt 0.963008 0.970421
vt 0.942946 0.694883
vt 0.606011 0.915399
vt 0.868894 0.412804
vt 0.943377 0.695389
vt 0.605995 0.915679
vt 0.868485 0.413036
vt 0.606011 0.916165
vt 0.868642 0.413415
vt 0.963439 0.969929
vt 0.869147 0.413415
vt 0.963439 0.970416
vt 0.869303 0.413036
vt 0.943377 0.694884
vt 0.630142 0.574579
vt 0.435459 0.084562
vt 0.621792 0.336749
vt 0.438216 0.084562
vt 0.630142 0.578232
vt 0.435459 0.088768
vt 0.762493 0.050342
vt 0.621792 0.333097
vt 0.438216 0.088768
vt 0.762493 0.047585
vt 0.628128 0.577307
vt 0.765229 0.050342
vt 0.435459 0.101326
vt 0.619778 0.332172
vt 0.765229 0.047585
vt 0.438216 0.101326
vt 0.628128 0.573655
vt 0.435459 0.105532
vt 0.619778 0.335825
vt 0.438216 0.105532
vt 0.436820 0.105532
vt 0.436820 0.084562
vt 0.436820 0.089691
vt 0.762493 0.048981
vt 0.805066 0.753060
vt 0.765229 0.048981
vt 0.436820 0.100403
vt 0.805066 0.755277
vt 0.804811 0.753178
vt 0.804811 0.755394
vt 0.902721 0.378046
vt 0.937075 0.181798
vt 0.902704 0.378327
vt 0.902721 0.378813
vt 0.864265 0.655648
vt 0.864770 0.655648
vt 0.929534 0.981166
vt 0.929533 0.981652
vt 0.937075 0.181292
vt 0.903151 0.378039
vt 0.864518 0.654772
vt 0.937506 0.181798
vt 0.903135 0.378319
vt 0.864109 0.655005
vt 0.903151 0.378806
vt 0.864265 0.655383
vt 0.929964 0.981159
vt 0.864770 0.655383
vt 0.929964 0.981646
vt 0.864927 0.655005
vt 0.937506 0.181293
vt 0.647244 0.256652
vt 0.370867 0.168897
vt 0.250239 0.638499
vt 0.368110 0.168897
vt 0.647244 0.260304
vt 0.370867 0.164691
vt 0.217799 0.762479
vt 0.250239 0.634847
vt 0.368110 0.164691
vt 0.217799 0.759721
vt 0.645230 0.259380
vt 0.220535 0.762479
vt 0.379553 0.352801
vt 0.248224 0.633922
vt 0.220535 0.759721
vt 0.382311 0.352801
vt 0.645230 0.255727
vt 0.379553 0.357008
vt 0.248224 0.637575
vt 0.382311 0.357008
vt 0.380914 0.357008
vt 0.369506 0.168897
vt 0.369506 0.163768
vt 0.217799 0.761117
vt 0.805066 0.740015
vt 0.220535 0.761117
vt 0.380914 0.351878
vt 0.805066 0.742231
vt 0.804811 0.740132
vt 0.804811 0.742349
vt 0.285260 0.915528
vt 0.947308 0.237140
vt 0.285243 0.915808
vt 0.285260 0.916294
vt 0.868642 0.448444
vt 0.869147 0.448444
vt 0.969595 0.362794
vt 0.969594 0.363279
vt 0.947307 0.236634
vt 0.285690 0.915520
vt 0.868894 0.447568
vt 0.947738 0.237140
vt 0.285674 0.915800
vt 0.868485 0.447801
vt 0.285690 0.916287
vt 0.868642 0.448180
vt 0.970024 0.362787
vt 0.869147 0.448180
vt 0.970024 0.363274
vt 0.869303 0.447801
vt 0.947739 0.236635
vt 0.070172 0.671024
vt 0.465156 0.105532
vt 0.401071 0.639388
vt 0.462398 0.105532
vt 0.070172 0.674677
vt 0.465156 0.101326
vt 0.351041 0.785001
vt 0.401071 0.635736
vt 0.462398 0.101326
vt 0.351041 0.782244
vt 0.068158 0.673752
vt 0.353777 0.785001
vt 0.005356 0.420829
vt 0.399057 0.634811
vt 0.353777 0.782244
vt 0.008114 0.420829
vt 0.068158 0.670099
vt 0.005356 0.425036
vt 0.399057 0.638463
vt 0.008114 0.425036
vt 0.006717 0.425036
vt 0.463794 0.105532
vt 0.463794 0.100403
vt 0.351041 0.783640
vt 0.378193 0.808759
vt 0.353777 0.783640
vt 0.006717 0.419907
vt 0.378193 0.810975
vt 0.377938 0.808876
vt 0.377938 0.811092
vt 0.871587 0.902223
vt 0.937075 0.158827
vt 0.871570 0.902504
vt 0.871587 0.902989
vt 0.864265 0.632472
vt 0.864770 0.632472
vt 0.972477 0.749345
vt 0.972476 0.749831
vt 0.937075 0.158321
vt 0.872017 0.902216
vt 0.864518 0.631595
vt 0.937506 0.158827
vt 0.872001 0.902495
vt 0.864109 0.631828
vt 0.872017 0.902982
vt 0.864265 0.632207
vt 0.972907 0.749338
vt 0.864770 0.632207
vt 0.972907 0.749825
vt 0.864927 0.631828
vt 0.937506 0.158322
vt 0.007370 0.640399
vt 0.421989 0.211291
vt 0.635801 0.025222
vt 0.424747 0.211291
vt 0.007370 0.644051
vt 0.421989 0.215498
vt 0.364490 0.771532
vt 0.635801 0.021569
vt 0.424747 0.215498
vt 0.364490 0.768774
vt 0.005356 0.643127
vt 0.367226 0.771532
vt 0.312204 0.368642
vt 0.633787 0.020645
vt 0.367226 0.768774
vt 0.314962 0.368642
vt 0.005356 0.639474
vt 0.312204 0.372849
vt 0.633787 0.024297
vt 0.314962 0.372849
vt 0.313566 0.372849
vt 0.423350 0.211291
vt 0.423350 0.216421
vt 0.364490 0.770170
vt 0.445436 0.808759
vt 0.367226 0.770170
vt 0.313566 0.367720
vt 0.445436 0.810975
vt 0.445181 0.808876
vt 0.445181 0.811092
vt 0.913880 0.389532
vt 0.931804 0.667176
vt 0.913863 0.389813
vt 0.913880 0.390298
vt 0.191470 0.853132
vt 0.191975 0.853132
vt 0.969595 0.248332
vt 0.969594 0.248818
vt 0.931803 0.666670
vt 0.914309 0.389525
vt 0.191723 0.852256
vt 0.932234 0.667175
vt 0.914293 0.389804
vt 0.191314 0.852489
vt 0.914309 0.390291
vt 0.191470 0.852867
vt 0.970024 0.248325
vt 0.191975 0.852867
vt 0.970024 0.248812
vt 0.192132 0.852489
vt 0.932234 0.666670
vt 0.007370 0.686266
vt 0.492095 0.026326
vt 0.579237 0.639388
vt 0.489338 0.026326
vt 0.007370 0.689919
vt 0.492095 0.022120
vt 0.018805 0.787846
vt 0.579237 0.635736
vt 0.489338 0.022120
vt 0.018805 0.785088
vt 0.005356 0.688994
vt 0.021541 0.787846
vt 0.435459 0.212214
vt 0.577223 0.634811
vt 0.021541 0.785088
vt 0.438216 0.212214
vt 0.005356 0.685342
vt 0.435459 0.216421
vt 0.577223 0.638463
vt 0.438216 0.216421
vt 0.436820 0.216421
vt 0.490734 0.026326
vt 0.490734 0.021197
vt 0.018805 0.786484
vt 0.297502 0.808759
vt 0.021541 0.786484
vt 0.436820 0.211291
vt 0.297502 0.810975
vt 0.297247 0.808876
vt 0.297247 0.811092
vt 0.913879 0.435987
vt 0.731640 0.927390
vt 0.913863 0.436268
vt 0.913879 0.436753
vt 0.848836 0.808538
vt 0.849341 0.808538
vt 0.129746 0.968248
vt 0.129745 0.968734
vt 0.731639 0.926885
vt 0.914309 0.435980
vt 0.849089 0.807662
vt 0.732071 0.927390
vt 0.914293 0.436260
vt 0.848680 0.807895
vt 0.914309 0.436746
vt 0.848836 0.808274
vt 0.130176 0.968241
vt 0.849341 0.808274
vt 0.130176 0.968728
vt 0.849498 0.807895
vt 0.732071 0.926885
vt 0.113692 0.685944
vt 0.021584 0.409194
vt 0.490154 0.654677
vt 0.018826 0.409194
vt 0.113692 0.689596
vt 0.021584 0.404988
vt 0.377938 0.785002
vt 0.490154 0.651025
vt 0.018826 0.404988
vt 0.377938 0.782244
vt 0.111678 0.688672
vt 0.380675 0.785002
vt 0.177844 0.376281
vt 0.488140 0.650100
vt 0.380675 0.782244
vt 0.180602 0.376281
vt 0.111678 0.685019
vt 0.177844 0.380487
vt 0.488140 0.653753
vt 0.180602 0.380487
vt 0.179205 0.380487
vt 0.020222 0.409194
vt 0.020222 0.404065
vt 0.377938 0.783640
vt 0.319436 0.808759
vt 0.380675 0.783640
vt 0.179205 0.375358
vt 0.319436 0.810975
vt 0.319181 0.808876
vt 0.319181 0.811092
vt 0.913879 0.459163
vt 0.617482 0.949826
vt 0.913863 0.459444
vt 0.913879 0.459930
vt 0.079844 0.873381
vt 0.080349 0.873381
vt 0.499837 0.973465
vt 0.499836 0.973951
vt 0.617482 0.949320
vt 0.914309 0.459156
vt 0.080097 0.872505
vt 0.617913 0.949826
vt 0.914293 0.459436
vt 0.079688 0.872738
vt 0.914309 0.459923
vt 0.079844 0.873116
vt 0.500267 0.973458
vt 0.080349 0.873116
vt 0.500267 0.973945
vt 0.080506 0.872738
vt 0.617913 0.949321
vt 0.634518 0.501276
vt 0.301492 0.467896
vt 0.515606 0.608810
vt 0.298734 0.467896
vt 0.634518 0.504929
vt 0.301492 0.463690
vt 0.391387 0.785002
vt 0.515606 0.605157
vt 0.298734 0.463690
vt 0.391387 0.782244
vt 0.632504 0.504004
vt 0.394123 0.785002
vt 0.421989 0.196373
vt 0.513592 0.604233
vt 0.394123 0.782244
vt 0.424747 0.196373
vt 0.632504 0.500352
vt 0.421989 0.200579
vt 0.513592 0.607885
vt 0.424747 0.200579
vt 0.423350 0.200579
vt 0.300131 0.467896
vt 0.300131 0.462767
vt 0.391387 0.783640
vt 0.822547 0.208487
vt 0.394123 0.783640
vt 0.423350 0.195450
vt 0.822547 0.210703
vt 0.822292 0.208604
vt 0.822292 0.210820
vt 0.902721 0.236641
vt 0.662071 0.949825
vt 0.902704 0.236922
vt 0.902721 0.237408
vt 0.871897 0.820126
vt 0.872402 0.820126
vt 0.974152 0.936296
vt 0.974151 0.936781
vt 0.662070 0.949319
vt 0.903151 0.236634
vt 0.872149 0.819250
vt 0.662501 0.949824
vt 0.903135 0.236914
vt 0.871740 0.819483
vt 0.903151 0.237401
vt 0.871897 0.819862
vt 0.974581 0.936289
vt 0.872402 0.819862
vt 0.974581 0.936776
vt 0.872559 0.819483
vt 0.662501 0.949319
vt 0.635801 0.006281
vt 0.040121 0.377638
vt 0.630142 0.593521
vt 0.037364 0.377638
vt 0.635801 0.009933
vt 0.040121 0.373432
vt 0.766947 0.769713
vt 0.630142 0.589868
vt 0.037364 0.373432
vt 0.766947 0.766955
vt 0.633787 0.009008
vt 0.769683 0.769713
vt 0.098951 0.372983
vt 0.628128 0.588944
vt 0.769683 0.766955
vt 0.101709 0.372983
vt 0.633787 0.005356
vt 0.098951 0.377190
vt 0.628128 0.592596
vt 0.101709 0.377190
vt 0.100313 0.377190
vt 0.038760 0.377638
vt 0.038760 0.372509
vt 0.766947 0.768351
vt 0.803094 0.177606
vt 0.769683 0.768351
vt 0.100313 0.372060
vt 0.803094 0.179822
vt 0.802839 0.177723
vt 0.802839 0.179940
vt 0.913879 0.494135
vt 0.740072 0.949825
vt 0.913862 0.494416
vt 0.913879 0.494902
vt 0.869925 0.056286
vt 0.870430 0.056286
vt 0.974167 0.900447
vt 0.974166 0.900933
vt 0.740072 0.949319
vt 0.914309 0.494128
vt 0.870177 0.055409
vt 0.740503 0.949825
vt 0.914293 0.494408
vt 0.869768 0.055642
vt 0.914309 0.494894
vt 0.869925 0.056021
vt 0.974597 0.900440
vt 0.870430 0.056021
vt 0.974597 0.900927
vt 0.870586 0.055642
vt 0.740503 0.949320
vt 0.515606 0.681603
vt 0.460372 0.478608
vt 0.634518 0.550796
vt 0.463129 0.478608
vt 0.515606 0.685255
vt 0.460372 0.482814
vt 0.431732 0.785002
vt 0.634518 0.547143
vt 0.463129 0.482814
vt 0.431732 0.782244
vt 0.513592 0.684330
vt 0.434469 0.785002
vt 0.421989 0.180532
vt 0.632504 0.546219
vt 0.434469 0.782244
vt 0.424747 0.180532
vt 0.513592 0.680678
vt 0.421989 0.184738
vt 0.632504 0.549871
vt 0.424747 0.184738
vt 0.423350 0.184738
vt 0.461733 0.478608
vt 0.461733 0.483737
vt 0.431732 0.783640
vt 0.411095 0.821804
vt 0.434469 0.783640
vt 0.423350 0.179609
vt 0.411095 0.824020
vt 0.410839 0.821921
vt 0.410839 0.824137
vt 0.898345 0.596838
vt 0.936165 0.412734
vt 0.898328 0.597119
vt 0.898345 0.597605
vt 0.721025 0.870128
vt 0.721530 0.870128
vt 0.951866 0.981166
vt 0.951865 0.981652
vt 0.936164 0.412228
vt 0.898774 0.596831
vt 0.721277 0.869252
vt 0.936595 0.412734
vt 0.898758 0.597111
vt 0.720868 0.869485
vt 0.898774 0.597597
vt 0.721025 0.869863
vt 0.952296 0.981159
vt 0.721530 0.869863
vt 0.952296 0.981646
vt 0.721687 0.869485
vt 0.936596 0.412229
vt 0.685423 0.424831
vt 0.018826 0.435748
vt 0.553785 0.654677
vt 0.021584 0.435748
vt 0.685423 0.428483
vt 0.018826 0.439954
vt 0.377938 0.771532
vt 0.553785 0.651025
vt 0.021584 0.439954
vt 0.377938 0.768774
vt 0.683409 0.427559
vt 0.380674 0.771532
vt 0.177844 0.392122
vt 0.551771 0.650100
vt 0.380674 0.768774
vt 0.180602 0.392122
vt 0.683409 0.423907
vt 0.177844 0.396328
vt 0.551771 0.653753
vt 0.180602 0.396328
vt 0.179205 0.396328
vt 0.020187 0.435748
vt 0.020187 0.440877
vt 0.377938 0.770170
vt 0.285498 0.807061
vt 0.380674 0.770170
vt 0.179205 0.391199
vt 0.285498 0.809277
vt 0.285243 0.807178
vt 0.285243 0.809395
vt 0.914791 0.169814
vt 0.048507 0.953055
vt 0.914774 0.170095
vt 0.914791 0.170580
vt 0.880172 0.260789
vt 0.880677 0.260789
vt 0.165326 0.978901
vt 0.165325 0.979387
vt 0.048507 0.952549
vt 0.915220 0.169807
vt 0.880424 0.259913
vt 0.048937 0.953055
vt 0.915204 0.170086
vt 0.880015 0.260146
vt 0.915220 0.170573
vt 0.880172 0.260525
vt 0.165755 0.978894
vt 0.880677 0.260525
vt 0.165755 0.979381
vt 0.880834 0.260146
vt 0.048938 0.952550
vt 0.617415 0.681603
vt 0.463129 0.467896
vt 0.515606 0.639388
vt 0.460372 0.467896
vt 0.617415 0.685255
vt 0.463129 0.463690
vt 0.788107 0.362605
vt 0.515606 0.635736
vt 0.460372 0.463690
vt 0.788107 0.359847
vt 0.615401 0.684331
vt 0.790843 0.362605
vt 0.068158 0.436718
vt 0.513592 0.634811
vt 0.790843 0.359847
vt 0.070915 0.436718
vt 0.615401 0.680678
vt 0.068158 0.440924
vt 0.513592 0.638463
vt 0.070915 0.440924
vt 0.069519 0.440924
vt 0.461768 0.467896
vt 0.461768 0.462767
vt 0.788107 0.361243
vt 0.825028 0.164560
vt 0.790843 0.361243
vt 0.069519 0.435795
vt 0.825028 0.166777
vt 0.824773 0.164678
vt 0.824773 0.166894
vt 0.884977 0.913606
vt 0.018805 0.952929
vt 0.884960 0.913887
vt 0.884977 0.914372
vt 0.873587 0.880018
vt 0.874092 0.880018
vt 0.815779 0.981269
vt 0.815778 0.981754
vt 0.018805 0.952423
vt 0.885407 0.913599
vt 0.873839 0.879142
vt 0.019235 0.952929
vt 0.885391 0.913878
vt 0.873430 0.879375
vt 0.885407 0.914365
vt 0.873587 0.879754
vt 0.816209 0.981262
vt 0.874092 0.879754
vt 0.816209 0.981749
vt 0.874249 0.879375
vt 0.019236 0.952424
vt 0.273809 0.696892
vt 0.409250 0.404531
vt 0.579237 0.654677
vt 0.406492 0.404531
vt 0.273809 0.700544
vt 0.409250 0.400325
vt 0.217799 0.789418
vt 0.579237 0.651025
vt 0.406492 0.400325
vt 0.217799 0.786660
vt 0.271795 0.699620
vt 0.220535 0.789418
vt 0.008114 0.360748
vt 0.577223 0.650100
vt 0.220535 0.786660
vt 0.005356 0.360748
vt 0.271795 0.695967
vt 0.008114 0.356542
vt 0.577223 0.653753
vt 0.005356 0.356542
vt 0.006752 0.356542
vt 0.407889 0.404531
vt 0.407889 0.399402
vt 0.217799 0.788057
vt 0.816033 0.818287
vt 0.220535 0.788057
vt 0.006752 0.361671
vt 0.816033 0.820503
vt 0.815778 0.818404
vt 0.815778 0.820621
vt 0.907294 0.913606
vt 0.958451 0.390030
vt 0.907277 0.913887
vt 0.907294 0.914372
vt 0.389647 0.871947
vt 0.390152 0.871947
vt 0.963025 0.866820
vt 0.963024 0.867306
vt 0.958451 0.389524
vt 0.907724 0.913599
vt 0.389899 0.871071
vt 0.958881 0.390030
vt 0.907708 0.913878
vt 0.389490 0.871304
vt 0.907724 0.914365
vt 0.389647 0.871682
vt 0.963454 0.866813
vt 0.390152 0.871682
vt 0.963454 0.867300
vt 0.390308 0.871304
vt 0.958882 0.389525
vt 0.401071 0.681603
vt 0.463129 0.372849
vt 0.157955 0.679370
vt 0.460372 0.372849
vt 0.401071 0.685255
vt 0.463129 0.368642
vt 0.498974 0.785001
vt 0.157955 0.675718
vt 0.460372 0.368642
vt 0.498974 0.782243
vt 0.399056 0.684330
vt 0.501711 0.785001
vt 0.217799 0.438243
vt 0.155941 0.674793
vt 0.501711 0.782243
vt 0.220557 0.438243
vt 0.399056 0.680678
vt 0.217799 0.442449
vt 0.155941 0.678446
vt 0.220557 0.442449
vt 0.219160 0.442449
vt 0.461768 0.372849
vt 0.461768 0.367720
vt 0.498974 0.783640
vt 0.825028 0.177606
vt 0.501711 0.783640
vt 0.219160 0.437320
vt 0.825028 0.179822
vt 0.824773 0.177723
vt 0.824773 0.179939
vt 0.217816 0.897111
vt 0.037364 0.953055
vt 0.217799 0.897392
vt 0.217816 0.897878
vt 0.640313 0.870128
vt 0.640818 0.870128
vt 0.963024 0.844385
vt 0.963024 0.844871
vt 0.037364 0.952549
vt 0.218245 0.897104
vt 0.640565 0.869252
vt 0.037794 0.953055
vt 0.218229 0.897384
vt 0.640156 0.869485
vt 0.218245 0.897870
vt 0.640313 0.869863
vt 0.963454 0.844378
vt 0.640818 0.869863
vt 0.963454 0.844865
vt 0.640975 0.869485
vt 0.037795 0.952550
vt 0.685423 0.455409
vt 0.040121 0.409321
vt 0.413797 0.639388
vt 0.037364 0.409321
vt 0.685423 0.459061
vt 0.040121 0.405114
vt 0.234755 0.773423
vt 0.413797 0.635736
vt 0.037364 0.405114
vt 0.234755 0.770666
vt 0.683409 0.458137
vt 0.237491 0.773423
vt 0.285265 0.368642
vt 0.411783 0.634811
vt 0.237491 0.770666
vt 0.288022 0.368642
vt 0.683409 0.454484
vt 0.285265 0.372849
vt 0.411783 0.638463
vt 0.288022 0.372849
vt 0.286626 0.372849
vt 0.038760 0.409321
vt 0.038760 0.404191
vt 0.234755 0.772062
vt 0.819369 0.640579
vt 0.237491 0.772062
vt 0.286626 0.367720
vt 0.819369 0.642796
vt 0.819113 0.640697
vt 0.819113 0.642913
vt 0.838112 0.913708
vt 0.205073 0.949267
vt 0.838095 0.913989
vt 0.838112 0.914475
vt 0.401177 0.871947
vt 0.401682 0.871947
vt 0.980737 0.492803
vt 0.980736 0.493289
vt 0.205073 0.948761
vt 0.838542 0.913701
vt 0.401429 0.871071
vt 0.205503 0.949267
vt 0.838526 0.913981
vt 0.401020 0.871304
vt 0.838542 0.914468
vt 0.401177 0.871682
vt 0.981167 0.492796
vt 0.401682 0.871682
vt 0.981167 0.493283
vt 0.401839 0.871304
vt 0.205504 0.948762
vt 0.685423 0.485987
vt 0.478626 0.216421
vt 0.617416 0.669966
vt 0.475868 0.216421
vt 0.685423 0.489640
vt 0.478626 0.212214
vt 0.512423 0.785001
vt 0.617416 0.666314
vt 0.475868 0.212214
vt 0.512423 0.782243
vt 0.683409 0.488715
vt 0.515160 0.785001
vt 0.177844 0.439645
vt 0.615402 0.665389
vt 0.515160 0.782243
vt 0.180602 0.439645
vt 0.683409 0.485063
vt 0.177844 0.443852
vt 0.615402 0.669042
vt 0.180602 0.443852
vt 0.179205 0.443852
vt 0.477264 0.216421
vt 0.477264 0.211291
vt 0.512423 0.783640
vt 0.110174 0.824326
vt 0.515160 0.783640
vt 0.179205 0.438722
vt 0.110174 0.826542
vt 0.109918 0.824443
vt 0.109918 0.826659
vt 0.898345 0.608324
vt 0.673213 0.949825
vt 0.898328 0.608605
vt 0.898345 0.609090
vt 0.869925 0.044697
vt 0.870430 0.044697
vt 0.980737 0.481598
vt 0.980736 0.482084
vt 0.673213 0.949319
vt 0.898774 0.608317
vt 0.870177 0.043821
vt 0.673644 0.949825
vt 0.898758 0.608596
vt 0.869768 0.044054
vt 0.898774 0.609083
vt 0.869925 0.044433
vt 0.981167 0.481591
vt 0.870430 0.044433
vt 0.981167 0.482078
vt 0.870586 0.044054
vt 0.673645 0.949320
vt 0.698149 0.348386
vt 0.411277 0.089691
vt 0.698149 0.336749
vt 0.408519 0.089691
vt 0.698149 0.352038
vt 0.411277 0.085485
vt 0.774659 0.281786
vt 0.698149 0.333097
vt 0.408519 0.085485
vt 0.774659 0.279028
vt 0.696135 0.351114
vt 0.777395 0.281786
vt 0.370868 0.199656
vt 0.696135 0.332172
vt 0.777395 0.279028
vt 0.368110 0.199656
vt 0.696135 0.347461
vt 0.370868 0.195450
vt 0.696135 0.335824
vt 0.368110 0.195450
vt 0.369506 0.195450
vt 0.409915 0.089691
vt 0.409915 0.084562
vt 0.774659 0.280424
vt 0.781692 0.819984
vt 0.777395 0.280424
vt 0.369506 0.200579
vt 0.781692 0.822201
vt 0.781437 0.820102
vt 0.781437 0.822318
vt 0.871587 0.913708
vt 0.366042 0.940324
vt 0.871570 0.913989
vt 0.871587 0.914475
vt 0.297404 0.871947
vt 0.297909 0.871947
vt 0.018805 0.963648
vt 0.018805 0.964133
vt 0.366042 0.939818
vt 0.872017 0.913701
vt 0.297656 0.871071
vt 0.366472 0.940324
vt 0.872001 0.913981
vt 0.297247 0.871304
vt 0.872017 0.914468
vt 0.297404 0.871682
vt 0.019235 0.963641
vt 0.297909 0.871682
vt 0.019235 0.964128
vt 0.298066 0.871304
vt 0.366473 0.939819
vt 0.451975 0.696892
vt 0.129745 0.441041
vt 0.672697 0.336749
vt 0.132503 0.441041
vt 0.451975 0.700544
vt 0.129745 0.445247
vt 0.525871 0.785001
vt 0.672697 0.333097
vt 0.132503 0.445247
vt 0.525871 0.782244
vt 0.449961 0.699620
vt 0.528608 0.785001
vt 0.421989 0.148850
vt 0.670682 0.332172
vt 0.528608 0.782244
vt 0.424747 0.148850
vt 0.449961 0.695967
vt 0.421989 0.153056
vt 0.670682 0.335824
vt 0.424747 0.153056
vt 0.423350 0.153056
vt 0.131107 0.441041
vt 0.131107 0.446170
vt 0.525871 0.783640
vt 0.834712 0.358573
vt 0.528608 0.783640
vt 0.423350 0.147927
vt 0.834712 0.360790
vt 0.834457 0.358691
vt 0.834457 0.360907
vt 0.904004 0.055417
vt 0.937448 0.005862
vt 0.903987 0.055697
vt 0.904004 0.056183
vt 0.551927 0.870128
vt 0.552432 0.870128
vt 0.976376 0.666677
vt 0.976375 0.667163
vt 0.937447 0.005356
vt 0.904433 0.055409
vt 0.552179 0.869252
vt 0.937878 0.005861
vt 0.904418 0.055689
vt 0.551770 0.869484
vt 0.904433 0.056176
vt 0.551927 0.869863
vt 0.976806 0.666670
vt 0.552432 0.869863
vt 0.976806 0.667157
vt 0.552589 0.869484
vt 0.937878 0.005356
vt 0.706499 0.620447
vt 0.421989 0.132085
vt 0.693772 0.608810
vt 0.424747 0.132085
vt 0.706499 0.624099
vt 0.421989 0.136292
vt 0.774659 0.448146
vt 0.693772 0.605158
vt 0.424747 0.136292
vt 0.774659 0.445388
vt 0.704484 0.623174
vt 0.777395 0.448146
vt 0.381579 0.022120
vt 0.691758 0.604233
vt 0.777395 0.445388
vt 0.384337 0.022120
vt 0.704484 0.619522
vt 0.381579 0.026326
vt 0.691758 0.607886
vt 0.384337 0.026326
vt 0.382941 0.026326
vt 0.423350 0.132085
vt 0.423350 0.137215
vt 0.774659 0.446785
vt 0.825028 0.151515
vt 0.777395 0.446785
vt 0.382941 0.021197
vt 0.825028 0.153731
vt 0.824773 0.151632
vt 0.824773 0.153849
vt 0.297264 0.917123
vt 0.939048 0.807963
vt 0.297247 0.917404
vt 0.297264 0.917889
vt 0.079844 0.861793
vt 0.080349 0.861793
vt 0.191315 0.966354
vt 0.191314 0.966840
vt 0.939047 0.807457
vt 0.297694 0.917116
vt 0.080097 0.860917
vt 0.939478 0.807963
vt 0.297678 0.917395
vt 0.079688 0.861150
vt 0.297694 0.917882
vt 0.079844 0.861528
vt 0.191744 0.966347
vt 0.080349 0.861528
vt 0.191744 0.966834
vt 0.080506 0.861150
vt 0.939479 0.807458
vt 0.572170 0.053804
vt 0.446902 0.288514
vt 0.572170 0.118613
vt 0.449660 0.288514
vt 0.572170 0.057456
vt 0.446902 0.292720
vt 0.743385 0.576413
vt 0.572170 0.114960
vt 0.449660 0.292720
vt 0.743385 0.573655
vt 0.570156 0.056532
vt 0.746122 0.576413
vt 0.421989 0.117167
vt 0.570156 0.114036
vt 0.746122 0.573655
vt 0.424747 0.117167
vt 0.570156 0.052880
vt 0.421989 0.121374
vt 0.570156 0.117688
vt 0.424747 0.121374
vt 0.423350 0.121374
vt 0.448263 0.288514
vt 0.448263 0.293643
vt 0.743385 0.575051
vt 0.737823 0.793894
vt 0.746122 0.575051
vt 0.423350 0.116244
vt 0.737823 0.796110
vt 0.737568 0.794011
vt 0.737568 0.796227
vt 0.720885 0.903921
vt 0.929595 0.891133
vt 0.720868 0.904202
vt 0.720885 0.904687
vt 0.458828 0.860359
vt 0.459333 0.860359
vt 0.972477 0.795978
vt 0.972476 0.796464
vt 0.929594 0.890627
vt 0.721314 0.903914
vt 0.459081 0.859483
vt 0.930025 0.891132
vt 0.721299 0.904193
vt 0.458672 0.859716
vt 0.721314 0.904680
vt 0.458828 0.860094
vt 0.972907 0.795971
vt 0.459333 0.860094
vt 0.972907 0.796458
vt 0.459490 0.859716
vt 0.930025 0.890627
vt 0.250238 0.573691
vt 0.180602 0.412169
vt 0.337440 0.578232
vt 0.177844 0.412169
vt 0.250238 0.577343
vt 0.180602 0.407963
vt 0.431732 0.744592
vt 0.337440 0.574580
vt 0.177844 0.407963
vt 0.431732 0.741834
vt 0.248224 0.576419
vt 0.434469 0.744592
vt 0.368841 0.340243
vt 0.335425 0.573655
vt 0.434469 0.741834
vt 0.366083 0.340243
vt 0.248224 0.572766
vt 0.368841 0.336037
vt 0.335425 0.577307
vt 0.366083 0.336037
vt 0.367480 0.336037
vt 0.179240 0.412169
vt 0.179240 0.407040
vt 0.431732 0.743231
vt 0.285498 0.780970
vt 0.434469 0.743231
vt 0.367480 0.341166
vt 0.285498 0.783186
vt 0.285243 0.781087
vt 0.285243 0.783304
vt 0.905604 0.761112
vt 0.958451 0.272007
vt 0.905588 0.761392
vt 0.905604 0.761878
vt 0.875795 0.632472
vt 0.876301 0.632472
vt 0.838065 0.981268
vt 0.838064 0.981754
vt 0.958451 0.271501
vt 0.906034 0.761104
vt 0.876048 0.631596
vt 0.958882 0.272006
vt 0.906018 0.761384
vt 0.875639 0.631828
vt 0.906034 0.761871
vt 0.875795 0.632207
vt 0.838494 0.981262
vt 0.876301 0.632207
vt 0.838494 0.981749
vt 0.876457 0.631828
vt 0.958882 0.271501
vt 0.541059 0.666314
vt 0.018826 0.483271
vt 0.007370 0.598185
vt 0.021584 0.483271
vt 0.541059 0.669966
vt 0.018826 0.487478
vt 0.783731 0.589882
vt 0.007370 0.594532
vt 0.021584 0.487478
vt 0.783731 0.587125
vt 0.539044 0.669042
vt 0.786468 0.589882
vt 0.421989 0.101326
vt 0.005356 0.593608
vt 0.786468 0.587125
vt 0.424747 0.101326
vt 0.539044 0.665389
vt 0.421989 0.105532
vt 0.005356 0.597260
vt 0.424747 0.105532
vt 0.423350 0.105532
vt 0.020187 0.483271
vt 0.020187 0.488400
vt 0.783731 0.588521
vt 0.737823 0.819984
vt 0.786468 0.588521
vt 0.423350 0.100403
vt 0.737823 0.822201
vt 0.737568 0.820102
vt 0.737568 0.822318
vt 0.662861 0.903921
vt 0.948590 0.078989
vt 0.662844 0.904202
vt 0.662861 0.904687
vt 0.178000 0.876309
vt 0.178506 0.876309
vt 0.991880 0.236373
vt 0.991879 0.236859
vt 0.948590 0.078483
vt 0.663291 0.903914
vt 0.178253 0.875432
vt 0.949021 0.078989
vt 0.663275 0.904193
vt 0.177844 0.875665
vt 0.663291 0.904680
vt 0.178000 0.876044
vt 0.992309 0.236366
vt 0.178506 0.876044
vt 0.992309 0.236853
vt 0.178662 0.875665
vt 0.949021 0.078484
vt 0.052104 0.671103
vt 0.424747 0.089691
vt 0.413797 0.608810
vt 0.421989 0.089691
vt 0.052104 0.674756
vt 0.424747 0.085485
vt 0.775941 0.077282
vt 0.413797 0.605158
vt 0.421989 0.085485
vt 0.775941 0.074524
vt 0.050090 0.673831
vt 0.778678 0.077282
vt 0.354640 0.117167
vt 0.411783 0.604233
vt 0.778678 0.074524
vt 0.357398 0.117167
vt 0.050090 0.670179
vt 0.354640 0.121373
vt 0.411783 0.607886
vt 0.357398 0.121373
vt 0.356001 0.121373
vt 0.423385 0.089691
vt 0.423385 0.084562
vt 0.775941 0.075920
vt 0.143470 0.802874
vt 0.778678 0.075920
vt 0.356001 0.116244
vt 0.143470 0.805090
vt 0.143215 0.802991
vt 0.143215 0.805207
vt 0.902721 0.412811
vt 0.936165 0.517913
vt 0.902704 0.413092
vt 0.902721 0.413577
vt 0.857111 0.448444
vt 0.857616 0.448444
vt 0.991880 0.225156
vt 0.991879 0.225642
vt 0.936164 0.517407
vt 0.903151 0.412804
vt 0.857364 0.447568
vt 0.936595 0.517912
vt 0.903135 0.413083
vt 0.856955 0.447801
vt 0.903151 0.413570
vt 0.857111 0.448180
vt 0.992309 0.225149
vt 0.857616 0.448180
vt 0.992309 0.225636
vt 0.857773 0.447801
vt 0.936595 0.517407
vt 0.710875 0.317808
vt 0.248224 0.461878
vt 0.604689 0.700544
vt 0.250982 0.461878
vt 0.710875 0.321460
vt 0.248224 0.466084
vt 0.788107 0.308725
vt 0.604689 0.696892
vt 0.250982 0.466084
vt 0.788107 0.305968
vt 0.708861 0.320536
vt 0.790844 0.308725
vt 0.159443 0.413565
vt 0.602675 0.695967
vt 0.790844 0.305968
vt 0.156685 0.413565
vt 0.708861 0.316883
vt 0.159443 0.409358
vt 0.602675 0.699620
vt 0.156685 0.409358
vt 0.158081 0.409358
vt 0.249586 0.461878
vt 0.249586 0.467007
vt 0.788107 0.307364
vt 0.825028 0.033690
vt 0.790844 0.307364
vt 0.158081 0.414487
vt 0.825028 0.035907
vt 0.824773 0.033807
vt 0.824773 0.036024
vt 0.915162 0.078490
vt 0.929579 0.936807
vt 0.915145 0.078771
vt 0.915162 0.079257
vt 0.858394 0.159608
vt 0.858899 0.159608
vt 0.940723 0.969961
vt 0.940722 0.970447
vt 0.929579 0.936302
vt 0.915592 0.078483
vt 0.858647 0.158732
vt 0.930009 0.936807
vt 0.915576 0.078763
vt 0.858238 0.158965
vt 0.915592 0.079249
vt 0.858394 0.159343
vt 0.941153 0.969954
vt 0.858899 0.159343
vt 0.941153 0.970441
vt 0.859056 0.158965
vt 0.930010 0.936302
vt 0.710875 0.226073
vt 0.502807 0.195450
vt 0.100966 0.704885
vt 0.505565 0.195450
vt 0.710875 0.229726
vt 0.502807 0.199656
vt 0.788107 0.461616
vt 0.100966 0.701233
vt 0.505565 0.199656
vt 0.788107 0.458858
vt 0.708861 0.228801
vt 0.790844 0.461616
vt 0.446902 0.368643
vt 0.098951 0.700308
vt 0.790844 0.458858
vt 0.449660 0.368643
vt 0.708861 0.225149
vt 0.446902 0.372849
vt 0.098951 0.703961
vt 0.449660 0.372849
vt 0.448263 0.372849
vt 0.504169 0.195450
vt 0.504169 0.200579
vt 0.788107 0.460254
vt 0.825028 0.087994
vt 0.790844 0.460254
vt 0.448263 0.367720
vt 0.825028 0.090210
vt 0.824773 0.088111
vt 0.824773 0.090327
vt 0.913879 0.470752
vt 0.342626 0.929107
vt 0.913862 0.471032
vt 0.913879 0.471518
vt 0.857111 0.365083
vt 0.857616 0.365083
vt 0.970505 0.101385
vt 0.970505 0.101871
vt 0.342625 0.928601
vt 0.914309 0.470744
vt 0.857364 0.364206
vt 0.343056 0.929106
vt 0.914293 0.471024
vt 0.856955 0.364439
vt 0.914309 0.471511
vt 0.857111 0.364818
vt 0.970935 0.101379
vt 0.857616 0.364818
vt 0.970935 0.101865
vt 0.857773 0.364439
vt 0.343056 0.928601
vt 0.685423 0.271940
vt 0.502807 0.116244
vt 0.375618 0.654677
vt 0.505565 0.116244
vt 0.685423 0.275593
vt 0.502807 0.120451
vt 0.774659 0.488555
vt 0.375618 0.651025
vt 0.505565 0.120451
vt 0.774659 0.485797
vt 0.683409 0.274668
vt 0.777395 0.488555
vt 0.312204 0.495372
vt 0.373604 0.650100
vt 0.777395 0.485797
vt 0.314962 0.495372
vt 0.683409 0.271016
vt 0.312204 0.499578
vt 0.373604 0.653753
vt 0.314962 0.499578
vt 0.313566 0.499578
vt 0.504169 0.116244
vt 0.504169 0.121373
vt 0.774659 0.487194
vt 0.400128 0.808759
vt 0.777395 0.487194
vt 0.313566 0.494449
vt 0.400128 0.810975
vt 0.399872 0.808876
vt 0.399872 0.811092
vt 0.628642 0.903921
vt 0.331466 0.929107
vt 0.628625 0.904202
vt 0.628642 0.904687
vt 0.217955 0.851730
vt 0.218460 0.851730
vt 0.970505 0.192504
vt 0.970504 0.192990
vt 0.331466 0.928601
vt 0.629072 0.903914
vt 0.218208 0.850854
vt 0.331897 0.929107
vt 0.629056 0.904193
vt 0.217799 0.851087
vt 0.629072 0.904680
vt 0.217955 0.851466
vt 0.970935 0.192497
vt 0.218460 0.851466
vt 0.970935 0.192984
vt 0.218617 0.851087
vt 0.331897 0.928602
vt 0.604689 0.681603
vt 0.446902 0.399402
vt 0.464702 0.669966
vt 0.449660 0.399402
vt 0.604689 0.685255
vt 0.446902 0.403608
vt 0.672807 0.769713
vt 0.464702 0.666314
vt 0.449660 0.403608
vt 0.672807 0.766955
vt 0.602675 0.684331
vt 0.675544 0.769713
vt 0.325674 0.368643
vt 0.462687 0.665389
vt 0.675544 0.766955
vt 0.328432 0.368643
vt 0.602675 0.680678
vt 0.325674 0.372849
vt 0.462687 0.669042
vt 0.328432 0.372849
vt 0.327035 0.372849
vt 0.448263 0.399402
vt 0.448263 0.404531
vt 0.672807 0.768351
vt 0.726856 0.806939
vt 0.675544 0.768351
vt 0.327035 0.367720
vt 0.726856 0.809156
vt 0.726601 0.807057
vt 0.726601 0.809273
vt 0.793861 0.914982
vt 0.918390 0.948025
vt 0.793844 0.915262
vt 0.793861 0.915748
vt 0.868642 0.330318
vt 0.869147 0.330318
vt 0.617483 0.971749
vt 0.617482 0.972235
vt 0.918390 0.947519
vt 0.794290 0.914974
vt 0.868894 0.329442
vt 0.918820 0.948025
vt 0.794274 0.915254
vt 0.868485 0.329675
vt 0.794290 0.915741
vt 0.868642 0.330054
vt 0.617913 0.971742
vt 0.869147 0.330054
vt 0.617913 0.972229
vt 0.869303 0.329675
vt 0.918821 0.947520
vt 0.685423 0.440120
vt 0.519035 0.010485
vt 0.648527 0.086378
vt 0.516277 0.010485
vt 0.685423 0.443772
vt 0.519035 0.006279
vt 0.775942 0.170835
vt 0.648527 0.082726
vt 0.516277 0.006279
vt 0.775942 0.168078
vt 0.683409 0.442848
vt 0.778678 0.170835
vt 0.487311 0.384484
vt 0.646513 0.081801
vt 0.778678 0.168078
vt 0.490069 0.384484
vt 0.683409 0.439195
vt 0.487311 0.388690
vt 0.646513 0.085454
vt 0.490069 0.388690
vt 0.488673 0.388690
vt 0.517674 0.010485
vt 0.517674 0.005356
vt 0.775942 0.169474
vt 0.352338 0.808759
vt 0.778678 0.169474
vt 0.488673 0.383561
vt 0.352338 0.810975
vt 0.352083 0.808876
vt 0.352083 0.811092
vt 0.177861 0.898513
vt 0.942946 0.631998
vt 0.177844 0.898794
vt 0.177861 0.899280
vt 0.864265 0.574531
vt 0.864770 0.574531
vt 0.695499 0.971749
vt 0.695498 0.972235
vt 0.942946 0.631493
vt 0.178290 0.898506
vt 0.864518 0.573655
vt 0.943377 0.631998
vt 0.178274 0.898786
vt 0.864109 0.573888
vt 0.178290 0.899272
vt 0.864265 0.574266
vt 0.695929 0.971742
vt 0.864770 0.574266
vt 0.695929 0.972229
vt 0.864927 0.573888
vt 0.943377 0.631494
vt 0.683409 0.396981
vt 0.339144 0.462767
vt 0.591963 0.639388
vt 0.341901 0.462767
vt 0.683409 0.393328
vt 0.339144 0.466973
vt 0.762493 0.184305
vt 0.591963 0.635736
vt 0.341901 0.466973
vt 0.762493 0.181547
vt 0.685423 0.394253
vt 0.765230 0.184305
vt 0.298734 0.416166
vt 0.589949 0.634811
vt 0.765230 0.181547
vt 0.301492 0.416166
vt 0.685423 0.397905
vt 0.298734 0.420372
vt 0.589949 0.638464
vt 0.301492 0.420372
vt 0.300096 0.420372
vt 0.340505 0.462767
vt 0.340505 0.467896
vt 0.762493 0.182944
vt 0.715491 0.806940
vt 0.765230 0.182944
vt 0.300096 0.415243
vt 0.715491 0.809156
vt 0.715236 0.807057
vt 0.715236 0.809273
vt 0.913879 0.236642
vt 0.947307 0.470879
vt 0.913863 0.236922
vt 0.913879 0.237408
vt 0.848836 0.832209
vt 0.849341 0.832209
vt 0.969595 0.294685
vt 0.969594 0.295170
vt 0.947307 0.470374
vt 0.914309 0.236634
vt 0.849089 0.831332
vt 0.947738 0.470879
vt 0.914293 0.236914
vt 0.848679 0.831565
vt 0.914309 0.237401
vt 0.848836 0.831944
vt 0.970024 0.294678
vt 0.849341 0.831944
vt 0.970024 0.295165
vt 0.849498 0.831565
vt 0.947739 0.470374
vt 0.698149 0.440120
vt 0.355371 0.515419
vt 0.668320 0.669966
vt 0.352613 0.515419
vt 0.698149 0.443772
vt 0.355371 0.511213
vt 0.775942 0.115137
vt 0.668320 0.666314
vt 0.352613 0.511213
vt 0.775942 0.112379
vt 0.696135 0.442848
vt 0.778678 0.115137
vt 0.298734 0.511213
vt 0.666306 0.665389
vt 0.778678 0.112379
vt 0.301492 0.511213
vt 0.696135 0.439195
vt 0.298734 0.515419
vt 0.666306 0.669042
vt 0.301492 0.515419
vt 0.300096 0.515419
vt 0.354010 0.515419
vt 0.354010 0.510290
vt 0.775942 0.113776
vt 0.812778 0.391085
vt 0.778678 0.113776
vt 0.300096 0.510290
vt 0.812778 0.393301
vt 0.812523 0.391202
vt 0.812523 0.393418
vt 0.674764 0.903921
vt 0.942947 0.585378
vt 0.674747 0.904202
vt 0.674764 0.904687
vt 0.504928 0.848771
vt 0.505433 0.848771
vt 0.972477 0.783801
vt 0.972476 0.784287
vt 0.942946 0.584872
vt 0.675193 0.903914
vt 0.505181 0.847895
vt 0.943377 0.585377
vt 0.675177 0.904193
vt 0.504772 0.848127
vt 0.675193 0.904680
vt 0.504928 0.848506
vt 0.972907 0.783795
vt 0.505433 0.848506
vt 0.972907 0.784281
vt 0.505590 0.848127
vt 0.943377 0.584873
vt 0.070172 0.686313
vt 0.449660 0.436214
vt 0.673980 0.086378
vt 0.446902 0.436214
vt 0.070172 0.689966
vt 0.449660 0.432007
vt 0.551770 0.769713
vt 0.673980 0.082726
vt 0.446902 0.432007
vt 0.551770 0.766955
vt 0.068158 0.689041
vt 0.554507 0.769713
vt 0.312204 0.416166
vt 0.671965 0.081801
vt 0.554507 0.766955
vt 0.314962 0.416166
vt 0.068158 0.685389
vt 0.312204 0.420372
vt 0.671965 0.085454
vt 0.314962 0.420372
vt 0.313566 0.420372
vt 0.448298 0.436214
vt 0.448298 0.431084
vt 0.551770 0.768351
vt 0.816033 0.792196
vt 0.554507 0.768351
vt 0.313566 0.415243
vt 0.816033 0.794413
vt 0.815778 0.792314
vt 0.815778 0.794530
vt 0.909503 0.654471
vt 0.942947 0.654701
vt 0.909486 0.654752
vt 0.909503 0.655237
vt 0.868642 0.471931
vt 0.869147 0.471931
vt 0.308391 0.973465
vt 0.308390 0.973951
vt 0.942946 0.654196
vt 0.909933 0.654464
vt 0.868894 0.471054
vt 0.943377 0.654701
vt 0.909917 0.654744
vt 0.868485 0.471287
vt 0.909933 0.655230
vt 0.868642 0.471666
vt 0.308821 0.973459
vt 0.869147 0.471666
vt 0.308821 0.973945
vt 0.869303 0.471287
vt 0.943377 0.654196
vt 0.672697 0.348386
vt 0.519035 0.042168
vt 0.589949 0.650100
vt 0.516277 0.042168
vt 0.672697 0.352038
vt 0.519035 0.037961
vt 0.156664 0.765647
vt 0.589949 0.653753
vt 0.516277 0.037961
vt 0.156664 0.762889
vt 0.670683 0.351114
vt 0.159400 0.765647
vt 0.475868 0.101326
vt 0.591963 0.654677
vt 0.159400 0.762889
vt 0.478626 0.101326
vt 0.670683 0.347461
vt 0.475868 0.105532
vt 0.591963 0.651025
vt 0.478626 0.105532
vt 0.477229 0.105532
vt 0.517673 0.042168
vt 0.517673 0.037038
vt 0.156664 0.764286
vt 0.812778 0.536705
vt 0.159400 0.764286
vt 0.477229 0.100403
vt 0.812778 0.538922
vt 0.812523 0.536823
vt 0.812523 0.539039
vt 0.902721 0.505723
vt 0.191315 0.944417
vt 0.902704 0.506004
vt 0.902721 0.506490
vt 0.864265 0.695759
vt 0.864770 0.695759
vt 0.455265 0.973465
vt 0.455264 0.973951
vt 0.191314 0.943912
vt 0.903151 0.505716
vt 0.864518 0.694883
vt 0.191745 0.944417
vt 0.903135 0.505996
vt 0.864109 0.695116
vt 0.903151 0.506482
vt 0.864265 0.695494
vt 0.455694 0.973458
vt 0.864770 0.695494
vt 0.455694 0.973945
vt 0.864927 0.695116
vt 0.191745 0.943912
vt 0.647244 0.378964
vt 0.021584 0.472559
vt 0.668320 0.639388
vt 0.018826 0.472559
vt 0.647244 0.382616
vt 0.021584 0.468353
vt 0.037364 0.761032
vt 0.668320 0.635736
vt 0.018826 0.468353
vt 0.037364 0.758274
vt 0.645230 0.381692
vt 0.040100 0.761032
vt 0.368841 0.419449
vt 0.666306 0.634811
vt 0.040100 0.758274
vt 0.366083 0.419449
vt 0.645230 0.378039
vt 0.368841 0.415243
vt 0.666306 0.638464
vt 0.366083 0.415243
vt 0.367480 0.415243
vt 0.020222 0.472559
vt 0.020222 0.467430
vt 0.037364 0.759671
vt 0.099207 0.811280
vt 0.040100 0.759671
vt 0.367480 0.420372
vt 0.099207 0.813497
vt 0.098951 0.811397
vt 0.098951 0.813614
vt 0.639801 0.915406
vt 0.940737 0.913836
vt 0.639784 0.915687
vt 0.639801 0.916173
vt 0.868642 0.365083
vt 0.869147 0.365083
vt 0.129746 0.990658
vt 0.129745 0.991143
vt 0.940737 0.913331
vt 0.640230 0.915399
vt 0.868894 0.364206
vt 0.941168 0.913836
vt 0.640214 0.915679
vt 0.868485 0.364439
vt 0.640230 0.916165
vt 0.868642 0.364818
vt 0.130176 0.990651
vt 0.869147 0.364818
vt 0.130176 0.991138
vt 0.869303 0.364439
vt 0.941168 0.913332
vt 0.659971 0.378964
vt 0.145973 0.509535
vt 0.609066 0.535507
vt 0.143215 0.509535
vt 0.659971 0.382616
vt 0.145973 0.505328
vt 0.761210 0.530049
vt 0.609066 0.531854
vt 0.143215 0.505328
vt 0.761210 0.527291
vt 0.657957 0.381692
vt 0.763947 0.530049
vt 0.177844 0.471328
vt 0.607052 0.530930
vt 0.763947 0.527291
vt 0.180602 0.471328
vt 0.657957 0.378039
vt 0.177844 0.475534
vt 0.607052 0.534582
vt 0.180602 0.475534
vt 0.179205 0.475534
vt 0.144611 0.509535
vt 0.144611 0.504405
vt 0.761210 0.528687
vt 0.808402 0.573655
vt 0.763947 0.528687
vt 0.179205 0.470405
vt 0.808402 0.575871
vt 0.808147 0.573772
vt 0.808147 0.575988
vt 0.098968 0.908159
vt 0.098952 0.942846
vt 0.098951 0.908440
vt 0.098968 0.908925
vt 0.165869 0.866063
vt 0.166374 0.866063
vt 0.974167 0.855602
vt 0.974166 0.856088
vt 0.098951 0.942340
vt 0.099398 0.908152
vt 0.166122 0.865186
vt 0.099382 0.942846
vt 0.099382 0.908431
vt 0.165713 0.865419
vt 0.099398 0.908918
vt 0.165869 0.865798
vt 0.974597 0.855595
vt 0.166374 0.865798
vt 0.974597 0.856082
vt 0.166531 0.865419
vt 0.099383 0.942341
vt 0.647244 0.470698
vt 0.451686 0.010485
vt 0.661253 0.025222
vt 0.448928 0.010485
vt 0.647244 0.474350
vt 0.451686 0.006279
vt 0.068158 0.760953
vt 0.661253 0.021570
vt 0.448928 0.006279
vt 0.068158 0.758195
vt 0.645230 0.473426
vt 0.070894 0.760953
vt 0.393023 0.416166
vt 0.659239 0.020645
vt 0.070894 0.758195
vt 0.395781 0.416166
vt 0.645230 0.469774
vt 0.393023 0.420372
vt 0.659239 0.024298
vt 0.395781 0.420372
vt 0.394384 0.420372
vt 0.450325 0.010485
vt 0.450325 0.005356
vt 0.068158 0.759592
vt 0.794099 0.806515
vt 0.070894 0.759592
vt 0.394384 0.415243
vt 0.794099 0.808731
vt 0.793844 0.806632
vt 0.793844 0.808848
vt 0.018821 0.907024
vt 0.942946 0.608554
vt 0.018805 0.907305
vt 0.018821 0.907791
vt 0.868642 0.353494
vt 0.869147 0.353494
vt 0.037365 0.974978
vt 0.037364 0.975464
vt 0.942946 0.608049
vt 0.019251 0.907017
vt 0.868894 0.352618
vt 0.943377 0.608554
vt 0.019235 0.907297
vt 0.868485 0.352851
vt 0.019251 0.907783
vt 0.868642 0.353230
vt 0.037794 0.974972
vt 0.869147 0.353230
vt 0.037794 0.975459
vt 0.869303 0.352851
vt 0.943377 0.608050
vt 0.659971 0.256652
vt 0.446902 0.510290
vt 0.659971 0.275593
vt 0.449660 0.510290
vt 0.659971 0.260304
vt 0.446902 0.514497
vt 0.310696 0.785001
vt 0.659971 0.271941
vt 0.449660 0.514497
vt 0.310696 0.782244
vt 0.657957 0.259379
vt 0.313432 0.785001
vt 0.448928 0.037961
vt 0.657957 0.271016
vt 0.313432 0.782244
vt 0.451686 0.037961
vt 0.657957 0.255727
vt 0.448928 0.042168
vt 0.657957 0.274669
vt 0.451686 0.042168
vt 0.450290 0.042168
vt 0.448263 0.510290
vt 0.448263 0.515419
vt 0.310696 0.783640
vt 0.272050 0.808759
vt 0.313432 0.783640
vt 0.450290 0.037038
vt 0.272050 0.810975
vt 0.271795 0.808876
vt 0.271795 0.811092
vt 0.902721 0.552179
vt 0.662070 0.938608
vt 0.902704 0.552459
vt 0.902721 0.552945
vt 0.217955 0.863318
vt 0.218460 0.863318
vt 0.976376 0.619273
vt 0.976375 0.619759
vt 0.662070 0.938102
vt 0.903151 0.552171
vt 0.218208 0.862442
vt 0.662501 0.938608
vt 0.903135 0.552451
vt 0.217799 0.862675
vt 0.903151 0.552938
vt 0.217955 0.863054
vt 0.976806 0.619266
vt 0.218460 0.863054
vt 0.976806 0.619753
vt 0.218617 0.862675
vt 0.662501 0.938103
vt 0.659971 0.440120
vt 0.446902 0.494449
vt 0.634518 0.397905
vt 0.449660 0.494449
vt 0.659971 0.443773
vt 0.446902 0.498655
vt 0.404835 0.771532
vt 0.634518 0.394253
vt 0.449660 0.498655
vt 0.404835 0.768774
vt 0.657957 0.442848
vt 0.407572 0.771532
vt 0.368110 0.148850
vt 0.632504 0.393328
vt 0.407572 0.768774
vt 0.370867 0.148850
vt 0.657957 0.439196
vt 0.368110 0.153056
vt 0.632504 0.396981
vt 0.370867 0.153056
vt 0.369471 0.153056
vt 0.448263 0.494449
vt 0.448263 0.499578
vt 0.404835 0.770170
vt 0.649688 0.806940
vt 0.407572 0.770170
vt 0.369471 0.147927
vt 0.649688 0.809156
vt 0.649433 0.807057
vt 0.649433 0.809273
vt 0.400293 0.905637
vt 0.248225 0.928218
vt 0.400276 0.905918
vt 0.400293 0.906404
vt 0.852735 0.667546
vt 0.853240 0.667546
vt 0.976376 0.706375
vt 0.976375 0.706861
vt 0.248224 0.927713
vt 0.400723 0.905630
vt 0.852987 0.666670
vt 0.248655 0.928218
vt 0.400707 0.905910
vt 0.852578 0.666903
vt 0.400723 0.906396
vt 0.852735 0.667282
vt 0.976806 0.706369
vt 0.853240 0.667282
vt 0.976806 0.706856
vt 0.853396 0.666903
vt 0.248656 0.927713
vt 0.693773 0.620447
vt 0.037364 0.515080
vt 0.659971 0.520218
vt 0.040121 0.515080
vt 0.693773 0.624099
vt 0.037364 0.519286
vt 0.050812 0.787972
vt 0.659971 0.516565
vt 0.040121 0.519286
vt 0.050812 0.785214
vt 0.691759 0.623174
vt 0.053549 0.787972
vt 0.129745 0.473646
vt 0.657957 0.515641
vt 0.053549 0.785214
vt 0.132503 0.473646
vt 0.691759 0.619522
vt 0.129745 0.477852
vt 0.657957 0.519293
vt 0.132503 0.477852
vt 0.131107 0.477852
vt 0.038725 0.515080
vt 0.038725 0.520209
vt 0.050812 0.786610
vt 0.433029 0.808759
vt 0.053549 0.786610
vt 0.131107 0.472723
vt 0.433029 0.810975
vt 0.432774 0.808876
vt 0.432774 0.811092
vt 0.616740 0.903921
vt 0.766246 0.927390
vt 0.616723 0.904202
vt 0.616740 0.904687
vt 0.848836 0.773774
vt 0.849341 0.773774
vt 0.980737 0.225156
vt 0.980736 0.225642
vt 0.766246 0.926885
vt 0.617170 0.903914
vt 0.849089 0.772898
vt 0.766676 0.927390
vt 0.617154 0.904193
vt 0.848680 0.773131
vt 0.617170 0.904680
vt 0.848836 0.773509
vt 0.981167 0.225149
vt 0.849341 0.773509
vt 0.981167 0.225636
vt 0.849498 0.773131
vt 0.766677 0.926886
vt 0.685423 0.302519
vt 0.451686 0.073850
vt 0.413797 0.654677
vt 0.448928 0.073850
vt 0.685423 0.306171
vt 0.451686 0.069644
vt 0.271795 0.785001
vt 0.413797 0.651025
vt 0.448928 0.069644
vt 0.271795 0.782243
vt 0.683409 0.305247
vt 0.274531 0.785001
vt 0.451686 0.088768
vt 0.411783 0.650100
vt 0.274531 0.782243
vt 0.448928 0.088768
vt 0.683409 0.301594
vt 0.451686 0.084562
vt 0.411783 0.653753
vt 0.448928 0.084562
vt 0.450325 0.084562
vt 0.450325 0.073850
vt 0.450325 0.068721
vt 0.271795 0.783640
vt 0.748791 0.806940
vt 0.274531 0.783640
vt 0.450325 0.089691
vt 0.748791 0.809156
vt 0.748536 0.807057
vt 0.748536 0.809273
vt 0.915162 0.005363
vt 0.947308 0.505851
vt 0.915145 0.005644
vt 0.915162 0.006130
vt 0.873587 0.856842
vt 0.874092 0.856842
vt 0.849224 0.981269
vt 0.849223 0.981754
vt 0.947307 0.505345
vt 0.915592 0.005356
vt 0.873839 0.855966
vt 0.947738 0.505851
vt 0.915576 0.005636
vt 0.873430 0.856199
vt 0.915592 0.006122
vt 0.873587 0.856577
vt 0.849653 0.981262
vt 0.874092 0.856577
vt 0.849653 0.981749
vt 0.874249 0.856199
vt 0.947739 0.505346
vt 0.037364 0.612675
vt 0.502807 0.163768
vt 0.607052 0.286305
vt 0.505565 0.163768
vt 0.037364 0.609023
vt 0.502807 0.167974
vt 0.780395 0.783182
vt 0.607052 0.289958
vt 0.505565 0.167974
vt 0.780395 0.780424
vt 0.039378 0.609947
vt 0.783132 0.783182
vt 0.406493 0.511213
vt 0.609066 0.290882
vt 0.783132 0.780424
vt 0.409250 0.511213
vt 0.039378 0.613600
vt 0.406493 0.515419
vt 0.609066 0.287230
vt 0.409250 0.515419
vt 0.407854 0.515419
vt 0.504169 0.163768
vt 0.504169 0.168897
vt 0.780395 0.781821
vt 0.805066 0.726545
vt 0.783132 0.781821
vt 0.407854 0.510290
vt 0.805066 0.728761
vt 0.804811 0.726662
vt 0.804811 0.728879
vt 0.896136 0.890635
vt 0.947308 0.340589
vt 0.896119 0.890916
vt 0.896136 0.891401
vt 0.110639 0.874469
vt 0.111144 0.874469
vt 0.164938 0.990105
vt 0.164937 0.990591
vt 0.947307 0.340084
vt 0.896565 0.890628
vt 0.110891 0.873592
vt 0.947738 0.340589
vt 0.896549 0.890907
vt 0.110482 0.873825
vt 0.896565 0.891394
vt 0.110639 0.874204
vt 0.165368 0.990099
vt 0.111144 0.874204
vt 0.165368 0.990586
vt 0.111300 0.873825
vt 0.947739 0.340084
vt 0.635801 0.036859
vt 0.451686 0.105532
vt 0.623075 0.071089
vt 0.448928 0.105532
vt 0.635801 0.040511
vt 0.451686 0.101326
vt 0.774659 0.394267
vt 0.623075 0.067437
vt 0.448928 0.101326
vt 0.774659 0.391509
vt 0.633787 0.039587
vt 0.777395 0.394267
vt 0.419962 0.305278
vt 0.621061 0.066512
vt 0.777395 0.391509
vt 0.422720 0.305278
vt 0.633787 0.035934
vt 0.419962 0.309484
vt 0.621061 0.070165
vt 0.422720 0.309484
vt 0.421324 0.309484
vt 0.450325 0.105532
vt 0.450325 0.100403
vt 0.774659 0.392905
vt 0.616787 0.806940
vt 0.777395 0.392905
vt 0.421324 0.304355
vt 0.616787 0.809156
vt 0.616532 0.807057
vt 0.616532 0.809273
vt 0.142669 0.911341
vt 0.947308 0.482097
vt 0.142652 0.911622
vt 0.142669 0.912107
vt 0.869925 0.159608
vt 0.870430 0.159608
vt 0.153795 0.990106
vt 0.153794 0.990591
vt 0.947307 0.481591
vt 0.143098 0.911334
vt 0.870177 0.158732
vt 0.947739 0.482096
vt 0.143082 0.911613
vt 0.869768 0.158965
vt 0.143098 0.912100
vt 0.869925 0.159343
vt 0.154225 0.990099
vt 0.870430 0.159343
vt 0.154225 0.990586
vt 0.870586 0.158965
vt 0.947739 0.481591
vt 0.426523 0.620447
vt 0.505565 0.042168
vt 0.490154 0.624099
vt 0.502807 0.042168
vt 0.426523 0.624099
vt 0.505565 0.037961
vt 0.726601 0.783182
vt 0.490154 0.620446
vt 0.502807 0.037961
vt 0.726601 0.780424
vt 0.424509 0.623174
vt 0.729338 0.783182
vt 0.500781 0.368643
vt 0.488140 0.619522
vt 0.729338 0.780424
vt 0.503539 0.368643
vt 0.424509 0.619522
vt 0.500781 0.372849
vt 0.488140 0.623174
vt 0.503539 0.372849
vt 0.502142 0.372849
vt 0.504204 0.042168
vt 0.504204 0.037038
vt 0.726601 0.781821
vt 0.456403 0.808759
vt 0.729338 0.781821
vt 0.502142 0.367720
vt 0.456403 0.810975
vt 0.456148 0.808876
vt 0.456148 0.811092
vt 0.129762 0.911893
vt 0.388360 0.951542
vt 0.129745 0.912174
vt 0.129762 0.912659
vt 0.794001 0.869703
vt 0.794506 0.869703
vt 0.142653 0.990106
vt 0.142652 0.990591
vt 0.388359 0.951036
vt 0.130192 0.911886
vt 0.794253 0.868827
vt 0.388790 0.951541
vt 0.130176 0.912165
vt 0.793844 0.869060
vt 0.130192 0.912652
vt 0.794001 0.869439
vt 0.143082 0.990099
vt 0.794506 0.869439
vt 0.143082 0.990586
vt 0.794662 0.869060
vt 0.388790 0.951036
vt 0.621792 0.241363
vt 0.451686 0.153056
vt 0.337440 0.639388
vt 0.448928 0.153056
vt 0.621792 0.245015
vt 0.451686 0.148850
vt 0.351041 0.771532
vt 0.337440 0.635736
vt 0.448928 0.148850
vt 0.351041 0.768774
vt 0.619778 0.244090
vt 0.353777 0.771532
vt 0.419962 0.352801
vt 0.335426 0.634811
vt 0.353777 0.768774
vt 0.422720 0.352801
vt 0.619778 0.240438
vt 0.419962 0.357008
vt 0.335426 0.638463
vt 0.422720 0.357008
vt 0.421324 0.357008
vt 0.450325 0.153056
vt 0.450325 0.147927
vt 0.351041 0.770170
vt 0.605820 0.806940
vt 0.353777 0.770170
vt 0.421324 0.351878
vt 0.605820 0.809156
vt 0.605565 0.807057
vt 0.605565 0.809273
vt 0.319581 0.905637
vt 0.951866 0.936808
vt 0.319564 0.905918
vt 0.319581 0.906404
vt 0.880172 0.237613
vt 0.880677 0.237613
vt 0.018805 0.974852
vt 0.018804 0.975338
vt 0.951865 0.936302
vt 0.320011 0.905630
vt 0.880424 0.236737
vt 0.952296 0.936807
vt 0.319995 0.905910
vt 0.880015 0.236970
vt 0.320011 0.906396
vt 0.880172 0.237348
vt 0.019235 0.974845
vt 0.880677 0.237348
vt 0.019235 0.975332
vt 0.880834 0.236970
vt 0.952296 0.936302
vt 0.686706 0.143882
vt 0.514251 0.272672
vt 0.659970 0.306171
vt 0.517009 0.272672
vt 0.686706 0.147534
vt 0.514251 0.276879
vt 0.788107 0.268316
vt 0.659970 0.302519
vt 0.517009 0.276879
vt 0.788107 0.265558
vt 0.684691 0.146610
vt 0.790843 0.268316
vt 0.475868 0.164691
vt 0.657956 0.301594
vt 0.790843 0.265558
vt 0.478626 0.164691
vt 0.684691 0.142957
vt 0.475868 0.168897
vt 0.657956 0.305247
vt 0.478626 0.168897
vt 0.477229 0.168897
vt 0.515612 0.272672
vt 0.515612 0.277802
vt 0.788107 0.266955
vt 0.562993 0.819985
vt 0.790843 0.266955
vt 0.477229 0.163768
vt 0.562993 0.822201
vt 0.562738 0.820102
vt 0.562738 0.822318
vt 0.110127 0.908159
vt 0.958452 0.363293
vt 0.110110 0.908440
vt 0.110127 0.908925
vt 0.880172 0.283966
vt 0.880677 0.283966
vt 0.248225 0.972577
vt 0.248224 0.973062
vt 0.958451 0.362787
vt 0.110556 0.908152
vt 0.880424 0.283090
vt 0.958882 0.363292
vt 0.110540 0.908431
vt 0.880015 0.283322
vt 0.110556 0.908918
vt 0.880172 0.283701
vt 0.248655 0.972570
vt 0.880677 0.283701
vt 0.248655 0.973057
vt 0.880834 0.283322
vt 0.958882 0.362787
vt 0.686706 0.098015
vt 0.448928 0.163768
vt 0.655594 0.578232
vt 0.451686 0.163768
vt 0.686706 0.101667
vt 0.448928 0.167974
vt 0.037364 0.787972
vt 0.655594 0.574579
vt 0.451686 0.167974
vt 0.037364 0.785214
vt 0.684691 0.100743
vt 0.040100 0.787972
vt 0.448928 0.212214
vt 0.653580 0.573655
vt 0.040100 0.785214
vt 0.451686 0.212214
vt 0.684691 0.097090
vt 0.448928 0.216421
vt 0.653580 0.577307
vt 0.451686 0.216421
vt 0.450290 0.216421
vt 0.450290 0.163768
vt 0.450290 0.168897
vt 0.037364 0.786610
vt 0.816033 0.779151
vt 0.040100 0.786610
vt 0.450290 0.211291
vt 0.816033 0.781367
vt 0.815778 0.779268
vt 0.815778 0.781485
vt 0.913879 0.248332
vt 0.958452 0.412734
vt 0.913863 0.248613
vt 0.913879 0.249099
vt 0.458828 0.871947
vt 0.459333 0.871947
vt 0.662055 0.971749
vt 0.662054 0.972235
vt 0.958451 0.412228
vt 0.914309 0.248325
vt 0.459081 0.871071
vt 0.958882 0.412733
vt 0.914293 0.248605
vt 0.458672 0.871304
vt 0.914309 0.249091
vt 0.458828 0.871682
vt 0.662485 0.971742
vt 0.459333 0.871682
vt 0.662485 0.972229
vt 0.459490 0.871304
vt 0.958882 0.412228
vt 0.451975 0.666314
vt 0.379553 0.510290
vt 0.236769 0.658388
vt 0.382311 0.510290
vt 0.451975 0.669966
vt 0.379553 0.514497
vt 0.659359 0.783182
vt 0.236769 0.654736
vt 0.382311 0.514497
vt 0.659359 0.780424
vt 0.449961 0.669042
vt 0.662095 0.783182
vt 0.037364 0.500162
vt 0.234755 0.653811
vt 0.662095 0.780424
vt 0.040121 0.500162
vt 0.449961 0.665389
vt 0.037364 0.504368
vt 0.234755 0.657464
vt 0.040121 0.504368
vt 0.038725 0.504368
vt 0.380914 0.510290
vt 0.380914 0.515419
vt 0.659359 0.781821
vt 0.693557 0.819985
vt 0.662095 0.781821
vt 0.038725 0.499239
vt 0.693557 0.822201
vt 0.693302 0.820102
vt 0.693302 0.822318
vt 0.905604 0.726552
vt 0.896104 0.959243
vt 0.905587 0.726833
vt 0.905604 0.727319
vt 0.628782 0.870128
vt 0.629287 0.870128
vt 0.849224 0.970064
vt 0.849223 0.970550
vt 0.896103 0.958737
vt 0.906034 0.726545
vt 0.629035 0.869252
vt 0.896535 0.959242
vt 0.906018 0.726825
vt 0.628625 0.869485
vt 0.906034 0.727312
vt 0.628782 0.869863
vt 0.849653 0.970057
vt 0.629287 0.869863
vt 0.849653 0.970544
vt 0.629444 0.869485
vt 0.896535 0.958737
vt 0.082898 0.640446
vt 0.081627 0.467477
vt 0.642868 0.654677
vt 0.084385 0.467477
vt 0.082898 0.644099
vt 0.081627 0.471684
vt 0.037364 0.774502
vt 0.642868 0.651025
vt 0.084385 0.471684
vt 0.037364 0.771744
vt 0.080884 0.643174
vt 0.040100 0.774502
vt 0.419962 0.368643
vt 0.640854 0.650100
vt 0.040100 0.771744
vt 0.422720 0.368643
vt 0.080884 0.639522
vt 0.419962 0.372849
vt 0.640854 0.653753
vt 0.422720 0.372849
vt 0.421324 0.372849
vt 0.082989 0.467477
vt 0.082989 0.472606
vt 0.037364 0.773141
vt 0.814061 0.020645
vt 0.040100 0.773141
vt 0.421324 0.367720
vt 0.814061 0.022861
vt 0.813806 0.020762
vt 0.813806 0.022978
vt 0.916763 0.784493
vt 0.695501 0.949826
vt 0.916746 0.784774
vt 0.916763 0.785259
vt 0.424238 0.871947
vt 0.424743 0.871947
vt 0.191315 0.988763
vt 0.191314 0.989249
vt 0.695500 0.949320
vt 0.917192 0.784486
vt 0.424490 0.871071
vt 0.695931 0.949825
vt 0.917176 0.784766
vt 0.424081 0.871304
vt 0.917192 0.785252
vt 0.424238 0.871682
vt 0.191744 0.988756
vt 0.424743 0.871682
vt 0.191744 0.989243
vt 0.424900 0.871304
vt 0.695931 0.949320
vt 0.661253 0.067437
vt 0.503539 0.515419
vt 0.673979 0.009933
vt 0.500781 0.515419
vt 0.661253 0.071089
vt 0.503539 0.511213
vt 0.605565 0.783182
vt 0.673979 0.006280
vt 0.500781 0.511213
vt 0.605565 0.780424
vt 0.659239 0.070165
vt 0.608301 0.783182
vt 0.328432 0.498655
vt 0.671965 0.005356
vt 0.608301 0.780424
vt 0.325674 0.498655
vt 0.659239 0.066512
vt 0.328432 0.494449
vt 0.671965 0.009008
vt 0.325674 0.494449
vt 0.327070 0.494449
vt 0.502177 0.515419
vt 0.502177 0.510290
vt 0.605565 0.781821
vt 0.770725 0.819984
vt 0.608301 0.781821
vt 0.327070 0.499578
vt 0.770725 0.822201
vt 0.770470 0.820102
vt 0.770470 0.822318
vt 0.898345 0.694890
vt 0.951881 0.844883
vt 0.898328 0.695171
vt 0.898345 0.695657
vt 0.651843 0.870128
vt 0.652348 0.870128
vt 0.963025 0.901852
vt 0.963024 0.902338
vt 0.951880 0.844378
vt 0.898774 0.694883
vt 0.652095 0.869252
vt 0.952312 0.844882
vt 0.898758 0.695163
vt 0.651686 0.869485
vt 0.898774 0.695649
vt 0.651843 0.869863
vt 0.963454 0.901845
vt 0.652348 0.869863
vt 0.963454 0.902332
vt 0.652504 0.869485
vt 0.952312 0.844378
vt 0.179858 0.658663
vt 0.314962 0.452055
vt 0.362892 0.624099
vt 0.312204 0.452055
vt 0.179858 0.662315
vt 0.314962 0.447848
vt 0.774659 0.322195
vt 0.362892 0.620446
vt 0.312204 0.447848
vt 0.774659 0.319437
vt 0.177844 0.661391
vt 0.777395 0.322195
vt 0.409250 0.371926
vt 0.360878 0.619522
vt 0.777395 0.319437
vt 0.406492 0.371926
vt 0.177844 0.657738
vt 0.409250 0.367720
vt 0.360878 0.623174
vt 0.406492 0.367720
vt 0.407889 0.367720
vt 0.313601 0.452055
vt 0.313601 0.446926
vt 0.774659 0.320834
vt 0.816033 0.726545
vt 0.777395 0.320834
vt 0.407889 0.372849
vt 0.816033 0.728762
vt 0.815778 0.726663
vt 0.815778 0.728879
vt 0.896136 0.913606
vt 0.605566 0.938608
vt 0.896119 0.913887
vt 0.896136 0.914372
vt 0.435768 0.871947
vt 0.436273 0.871947
vt 0.980737 0.293918
vt 0.980736 0.294403
vt 0.605565 0.938102
vt 0.896565 0.913599
vt 0.436020 0.871071
vt 0.605996 0.938607
vt 0.896549 0.913878
vt 0.435611 0.871304
vt 0.896565 0.914365
vt 0.435768 0.871682
vt 0.981167 0.293911
vt 0.436273 0.871682
vt 0.981167 0.294398
vt 0.436430 0.871304
vt 0.605996 0.938102
vt 0.311987 0.696892
vt 0.419962 0.510290
vt 0.699432 0.025222
vt 0.422720 0.510290
vt 0.311987 0.700544
vt 0.419962 0.514497
vt 0.551770 0.783182
vt 0.699432 0.021569
vt 0.422720 0.514497
vt 0.551770 0.780424
vt 0.309973 0.699620
vt 0.554507 0.783182
vt 0.487311 0.416166
vt 0.697418 0.020645
vt 0.554507 0.780424
vt 0.490069 0.416166
vt 0.309973 0.695967
vt 0.487311 0.420372
vt 0.697418 0.024297
vt 0.490069 0.420372
vt 0.488673 0.420372
vt 0.421324 0.510290
vt 0.421324 0.515419
vt 0.551770 0.781821
vt 0.825028 0.125424
vt 0.554507 0.781821
vt 0.488673 0.415243
vt 0.825028 0.127641
vt 0.824773 0.125542
vt 0.824773 0.127758
vt 0.902721 0.494238
vt 0.948591 0.028565
vt 0.902704 0.494519
vt 0.902721 0.495004
vt 0.868642 0.541459
vt 0.869147 0.541459
vt 0.154183 0.967696
vt 0.154182 0.968182
vt 0.948590 0.028059
vt 0.903151 0.494231
vt 0.868894 0.540583
vt 0.949021 0.028564
vt 0.903135 0.494510
vt 0.868485 0.540816
vt 0.903151 0.494997
vt 0.868642 0.541195
vt 0.154613 0.967689
vt 0.869147 0.541195
vt 0.154613 0.968176
vt 0.869304 0.540816
vt 0.949021 0.028059
vt 0.350166 0.696892
vt 0.503539 0.420372
vt 0.685423 0.321460
vt 0.500781 0.420372
vt 0.350166 0.700544
vt 0.503539 0.416166
vt 0.068157 0.774423
vt 0.685423 0.317808
vt 0.500781 0.416166
vt 0.068157 0.771665
vt 0.348152 0.699620
vt 0.070894 0.774423
vt 0.081627 0.405035
vt 0.683409 0.316883
vt 0.070894 0.771665
vt 0.084385 0.405035
vt 0.348152 0.695967
vt 0.081627 0.409242
vt 0.683409 0.320536
vt 0.084385 0.409242
vt 0.082989 0.409242
vt 0.502177 0.420372
vt 0.502177 0.415243
vt 0.068157 0.773062
vt 0.825028 0.046736
vt 0.070894 0.773062
vt 0.082989 0.404112
vt 0.825028 0.048952
vt 0.824773 0.046853
vt 0.824773 0.049069
vt 0.913880 0.378046
vt 0.489530 0.940324
vt 0.913863 0.378327
vt 0.913880 0.378813
vt 0.068314 0.861793
vt 0.068819 0.861793
vt 0.589811 0.971749
vt 0.589810 0.972235
vt 0.489529 0.939818
vt 0.914309 0.378039
vt 0.068566 0.860917
vt 0.489960 0.940323
vt 0.914293 0.378319
vt 0.068157 0.861150
vt 0.914309 0.378806
vt 0.068314 0.861528
vt 0.590241 0.971742
vt 0.068819 0.861528
vt 0.590241 0.972229
vt 0.068976 0.861150
vt 0.489960 0.939818
vt 0.207087 0.482166
vt 0.514251 0.320196
vt 0.572170 0.041615
vt 0.517008 0.320196
vt 0.207087 0.485818
vt 0.514251 0.324402
vt 0.743385 0.589882
vt 0.572170 0.037963
vt 0.517008 0.324402
vt 0.743385 0.587125
vt 0.205072 0.484894
vt 0.746122 0.589882
vt 0.037364 0.468479
vt 0.570156 0.037038
vt 0.746122 0.587125
vt 0.040121 0.468479
vt 0.205072 0.481241
vt 0.037364 0.472686
vt 0.570156 0.040691
vt 0.040121 0.472686
vt 0.038725 0.472686
vt 0.515612 0.320196
vt 0.515612 0.325325
vt 0.743385 0.588521
vt 0.143470 0.789828
vt 0.746122 0.588521
vt 0.038725 0.467556
vt 0.143470 0.792045
vt 0.143215 0.789946
vt 0.143215 0.792162
vt 0.913879 0.340935
vt 0.628626 0.949826
vt 0.913863 0.341215
vt 0.913879 0.341701
vt 0.858394 0.194372
vt 0.858899 0.194372
vt 0.969595 0.552178
vt 0.969594 0.552664
vt 0.628625 0.949320
vt 0.914309 0.340927
vt 0.858646 0.193496
vt 0.629057 0.949825
vt 0.914293 0.341207
vt 0.858237 0.193729
vt 0.914309 0.341694
vt 0.858394 0.194108
vt 0.970024 0.552171
vt 0.858899 0.194108
vt 0.970024 0.552658
vt 0.859056 0.193729
vt 0.629057 0.949320
vt 0.324714 0.574580
vt 0.352613 0.446925
vt 0.207087 0.455240
vt 0.355371 0.446925
vt 0.324714 0.578232
vt 0.352613 0.451132
vt 0.445180 0.744592
vt 0.207087 0.451588
vt 0.355371 0.451132
vt 0.445180 0.741834
vt 0.322700 0.577307
vt 0.447917 0.744592
vt 0.098951 0.404666
vt 0.205072 0.450663
vt 0.447917 0.741834
vt 0.101709 0.404666
vt 0.322700 0.573655
vt 0.098951 0.408872
vt 0.205072 0.454316
vt 0.101709 0.408872
vt 0.100313 0.408872
vt 0.353975 0.446925
vt 0.353975 0.452055
vt 0.445180 0.743231
vt 0.285498 0.754879
vt 0.447917 0.743231
vt 0.100313 0.403743
vt 0.285498 0.757096
vt 0.285243 0.754997
vt 0.285243 0.757213
vt 0.913880 0.306170
vt 0.951866 0.925590
vt 0.913863 0.306451
vt 0.913880 0.306937
vt 0.875795 0.695759
vt 0.876301 0.695759
vt 0.177845 0.988764
vt 0.177844 0.989249
vt 0.951865 0.925084
vt 0.914309 0.306163
vt 0.876048 0.694883
vt 0.952296 0.925589
vt 0.914293 0.306443
vt 0.875639 0.695116
vt 0.914309 0.306929
vt 0.875795 0.695495
vt 0.178274 0.988757
vt 0.876301 0.695495
vt 0.178274 0.989244
vt 0.876457 0.695116
vt 0.952296 0.925084
vt 0.661253 0.143882
vt 0.115179 0.503919
vt 0.647244 0.352038
vt 0.112421 0.503919
vt 0.661253 0.147534
vt 0.115179 0.499713
vt 0.129745 0.779669
vt 0.647244 0.348386
vt 0.112421 0.499713
vt 0.129745 0.776911
vt 0.659239 0.146610
vt 0.132483 0.779669
vt 0.298734 0.495372
vt 0.645230 0.347461
vt 0.132483 0.776911
vt 0.301492 0.495372
vt 0.659239 0.142957
vt 0.298734 0.499578
vt 0.645230 0.351114
vt 0.301492 0.499578
vt 0.300096 0.499578
vt 0.113818 0.503919
vt 0.113818 0.498790
vt 0.129745 0.778307
vt 0.130000 0.803426
vt 0.132483 0.778307
vt 0.300096 0.494449
vt 0.130000 0.805642
vt 0.129745 0.803543
vt 0.129745 0.805759
vt 0.914790 0.193503
vt 0.958452 0.340590
vt 0.914774 0.193784
vt 0.914790 0.194270
vt 0.234911 0.873839
vt 0.235416 0.873839
vt 0.562914 0.971749
vt 0.562913 0.972235
vt 0.958451 0.340084
vt 0.915220 0.193496
vt 0.235164 0.872963
vt 0.958882 0.340589
vt 0.915204 0.193776
vt 0.234755 0.873196
vt 0.915220 0.194263
vt 0.234911 0.873574
vt 0.563344 0.971742
vt 0.235416 0.873574
vt 0.563344 0.972229
vt 0.235573 0.873196
vt 0.958882 0.340084
vt 0.661253 0.006281
vt 0.462398 0.195450
vt 0.609066 0.520218
vt 0.465156 0.195450
vt 0.661253 0.009933
vt 0.462398 0.199657
vt 0.775941 0.036873
vt 0.609066 0.516565
vt 0.465156 0.199657
vt 0.775941 0.034115
vt 0.659239 0.009008
vt 0.778678 0.036873
vt 0.053591 0.408398
vt 0.607052 0.515641
vt 0.778678 0.034115
vt 0.050833 0.408398
vt 0.659239 0.005356
vt 0.053591 0.404191
vt 0.607052 0.519293
vt 0.050834 0.404191
vt 0.052230 0.404191
vt 0.463760 0.195450
vt 0.463760 0.200579
vt 0.775941 0.035511
vt 0.803094 0.087994
vt 0.778678 0.035511
vt 0.052230 0.409321
vt 0.803094 0.090210
vt 0.802839 0.088111
vt 0.802839 0.090327
vt 0.551787 0.903921
vt 0.936164 0.447703
vt 0.551770 0.904201
vt 0.551787 0.904687
vt 0.857112 0.390504
vt 0.857616 0.390504
vt 0.762359 0.971749
vt 0.762358 0.972235
vt 0.936164 0.447198
vt 0.552217 0.903913
vt 0.857364 0.389627
vt 0.936595 0.447703
vt 0.552201 0.904193
vt 0.856955 0.389860
vt 0.552217 0.904680
vt 0.857112 0.390239
vt 0.762789 0.971742
vt 0.857616 0.390239
vt 0.762789 0.972229
vt 0.857773 0.389860
vt 0.936595 0.447198
vt 0.236769 0.700603
vt 0.194071 0.396328
vt 0.362892 0.700544
vt 0.191314 0.396328
vt 0.236769 0.704255
vt 0.194071 0.392121
vt 0.788107 0.322195
vt 0.362892 0.696892
vt 0.191314 0.392121
vt 0.788107 0.319437
vt 0.234755 0.703331
vt 0.790844 0.322195
vt 0.393023 0.321119
vt 0.360878 0.695967
vt 0.790844 0.319437
vt 0.395781 0.321119
vt 0.234755 0.699678
vt 0.393023 0.325325
vt 0.360878 0.699620
vt 0.395781 0.325325
vt 0.394384 0.325325
vt 0.192710 0.396328
vt 0.192710 0.391198
vt 0.788107 0.320834
vt 0.834712 0.305968
vt 0.790844 0.320834
vt 0.394384 0.320196
vt 0.834712 0.308184
vt 0.834457 0.306085
vt 0.834457 0.308301
vt 0.732415 0.903921
vt 0.444911 0.940324
vt 0.732398 0.904202
vt 0.732415 0.904687
vt 0.858394 0.079462
vt 0.858899 0.079462
vt 0.319534 0.973465
vt 0.319533 0.973951
vt 0.444910 0.939819
vt 0.732845 0.903914
vt 0.858647 0.078586
vt 0.445341 0.940324
vt 0.732829 0.904193
vt 0.858238 0.078818
vt 0.732845 0.904680
vt 0.858394 0.079197
vt 0.319963 0.973458
vt 0.858899 0.079197
vt 0.319963 0.973945
vt 0.859056 0.078818
vt 0.445342 0.939819
vt 0.710875 0.256652
vt 0.473841 0.336037
vt 0.337440 0.700544
vt 0.476599 0.336037
vt 0.710875 0.260304
vt 0.473841 0.340243
vt 0.788107 0.516579
vt 0.337440 0.696892
vt 0.476599 0.340243
vt 0.788107 0.513821
vt 0.708861 0.259380
vt 0.790844 0.516579
vt 0.379553 0.447848
vt 0.335425 0.695967
vt 0.790844 0.513821
vt 0.382311 0.447848
vt 0.708861 0.255727
vt 0.379553 0.452055
vt 0.335425 0.699620
vt 0.382311 0.452055
vt 0.380914 0.452055
vt 0.475203 0.336037
vt 0.475203 0.341166
vt 0.788107 0.515218
vt 0.834712 0.265558
vt 0.790844 0.515218
vt 0.380914 0.446926
vt 0.834712 0.267774
vt 0.834457 0.265675
vt 0.834457 0.267892
vt 0.743946 0.915406
vt 0.433752 0.929107
vt 0.743929 0.915687
vt 0.743946 0.916173
vt 0.857111 0.249201
vt 0.857616 0.249201
vt 0.217800 0.965220
vt 0.217799 0.965706
vt 0.433752 0.928601
vt 0.744375 0.915399
vt 0.857364 0.248325
vt 0.434182 0.929107
vt 0.744359 0.915679
vt 0.856955 0.248558
vt 0.744375 0.916165
vt 0.857111 0.248937
vt 0.218229 0.965213
vt 0.857616 0.248937
vt 0.218229 0.965700
vt 0.857773 0.248558
vt 0.434183 0.928602
vt 0.668320 0.651025
vt 0.475868 0.021197
vt 0.426523 0.639388
vt 0.478626 0.021197
vt 0.668320 0.654677
vt 0.475868 0.025403
vt 0.775942 0.050342
vt 0.426523 0.635736
vt 0.478626 0.025403
vt 0.775942 0.047585
vt 0.666306 0.653753
vt 0.778678 0.050342
vt 0.475868 0.037961
vt 0.424509 0.634811
vt 0.778678 0.047585
vt 0.478626 0.037961
vt 0.666306 0.650100
vt 0.475868 0.042168
vt 0.424509 0.638464
vt 0.478626 0.042168
vt 0.477229 0.042168
vt 0.477229 0.021197
vt 0.477229 0.026326
vt 0.775942 0.048981
vt 0.682590 0.819985
vt 0.778678 0.048981
vt 0.477229 0.037038
vt 0.682590 0.822201
vt 0.682335 0.820102
vt 0.682335 0.822318
vt 0.909503 0.585148
vt 0.927904 0.796477
vt 0.909486 0.585428
vt 0.909503 0.585914
vt 0.852735 0.620884
vt 0.853240 0.620884
vt 0.965233 0.678265
vt 0.965232 0.678751
vt 0.927904 0.795971
vt 0.909933 0.585140
vt 0.852987 0.620008
vt 0.928335 0.796477
vt 0.909917 0.585420
vt 0.852578 0.620240
vt 0.909933 0.585907
vt 0.852735 0.620619
vt 0.965663 0.678258
vt 0.853240 0.620619
vt 0.965663 0.678745
vt 0.853397 0.620240
vt 0.928335 0.795972
vt 0.502880 0.666314
vt 0.422720 0.420372
vt 0.647245 0.321460
vt 0.419962 0.420372
vt 0.502880 0.669966
vt 0.422720 0.416166
vt 0.619013 0.769713
vt 0.647245 0.317808
vt 0.419962 0.416166
vt 0.619013 0.766955
vt 0.500866 0.669042
vt 0.621750 0.769713
vt 0.018826 0.373306
vt 0.645230 0.316883
vt 0.621750 0.766955
vt 0.021584 0.373306
vt 0.500866 0.665389
vt 0.018826 0.377512
vt 0.645230 0.320536
vt 0.021584 0.377512
vt 0.020187 0.377512
vt 0.421359 0.420372
vt 0.421359 0.415243
vt 0.619013 0.768351
vt 0.819369 0.613215
vt 0.621750 0.768351
vt 0.020187 0.372383
vt 0.819369 0.615431
vt 0.819114 0.613332
vt 0.819114 0.615549
vt 0.916763 0.830640
vt 0.177844 0.944418
vt 0.916746 0.830921
vt 0.916763 0.831407
vt 0.868642 0.460032
vt 0.869147 0.460032
vt 0.976376 0.642985
vt 0.976375 0.643471
vt 0.177844 0.943912
vt 0.917192 0.830633
vt 0.868894 0.459156
vt 0.178274 0.944418
vt 0.917176 0.830913
vt 0.868485 0.459389
vt 0.917192 0.831400
vt 0.868642 0.459768
vt 0.976806 0.642978
vt 0.869147 0.459768
vt 0.976806 0.643465
vt 0.869303 0.459389
vt 0.178275 0.943913
vt 0.413797 0.681603
vt 0.298734 0.478608
vt 0.375618 0.639388
vt 0.301492 0.478608
vt 0.413797 0.685255
vt 0.298734 0.482814
vt 0.775942 0.128607
vt 0.375618 0.635736
vt 0.301492 0.482814
vt 0.775942 0.125849
vt 0.411783 0.684331
vt 0.778678 0.128607
vt 0.500781 0.447848
vt 0.373604 0.634811
vt 0.778678 0.125849
vt 0.503539 0.447848
vt 0.411783 0.680678
vt 0.500781 0.452055
vt 0.373604 0.638464
vt 0.503539 0.452055
vt 0.502142 0.452055
vt 0.300096 0.478608
vt 0.300096 0.483737
vt 0.775942 0.127245
vt 0.819369 0.653625
vt 0.778678 0.127245
vt 0.502142 0.446926
vt 0.819369 0.655841
vt 0.819114 0.653742
vt 0.819114 0.655958
vt 0.904004 0.020652
vt 0.947308 0.272007
vt 0.903987 0.020933
vt 0.904004 0.021419
vt 0.178001 0.864721
vt 0.178506 0.864721
vt 0.217800 0.987629
vt 0.217799 0.988115
vt 0.947307 0.271501
vt 0.904433 0.020645
vt 0.178253 0.863844
vt 0.947739 0.272006
vt 0.904417 0.020925
vt 0.177844 0.864077
vt 0.904433 0.021411
vt 0.178001 0.864456
vt 0.218229 0.987623
vt 0.178506 0.864456
vt 0.218229 0.988110
vt 0.178662 0.864077
vt 0.947739 0.271501
vt 0.672697 0.287230
vt 0.397807 0.121373
vt 0.207087 0.653998
vt 0.395049 0.121373
vt 0.672697 0.290882
vt 0.397807 0.117167
vt 0.762493 0.211245
vt 0.207087 0.650345
vt 0.395049 0.117167
vt 0.762493 0.208487
vt 0.670683 0.289958
vt 0.765230 0.211245
vt 0.068158 0.373353
vt 0.205073 0.649421
vt 0.765230 0.208487
vt 0.070915 0.373353
vt 0.670683 0.286305
vt 0.068158 0.377559
vt 0.205073 0.653073
vt 0.070915 0.377559
vt 0.069519 0.377559
vt 0.396446 0.121373
vt 0.396446 0.116244
vt 0.762493 0.209883
vt 0.819369 0.680140
vt 0.765230 0.209883
vt 0.069519 0.372430
vt 0.819369 0.682356
vt 0.819114 0.680257
vt 0.819114 0.682473
vt 0.907294 0.867459
vt 0.947308 0.401516
vt 0.907277 0.867739
vt 0.907294 0.868225
vt 0.068314 0.850205
vt 0.068819 0.850205
vt 0.980737 0.552178
vt 0.980736 0.552664
vt 0.947307 0.401010
vt 0.907724 0.867451
vt 0.068567 0.849329
vt 0.947739 0.401515
vt 0.907708 0.867731
vt 0.068158 0.849562
vt 0.907724 0.868218
vt 0.068314 0.849940
vt 0.981167 0.552171
vt 0.068819 0.849940
vt 0.981167 0.552658
vt 0.068976 0.849562
vt 0.947739 0.401010
vt 0.685423 0.241362
vt 0.081627 0.483318
vt 0.648527 0.025222
vt 0.084385 0.483318
vt 0.685423 0.245015
vt 0.081627 0.487525
vt 0.775942 0.090752
vt 0.648527 0.021570
vt 0.084385 0.487525
vt 0.775942 0.087994
vt 0.683409 0.244090
vt 0.778678 0.090752
vt 0.234755 0.451560
vt 0.646513 0.020645
vt 0.778678 0.087994
vt 0.237512 0.451560
vt 0.683409 0.240438
vt 0.234755 0.455766
vt 0.646513 0.024298
vt 0.237512 0.455766
vt 0.236116 0.455766
vt 0.082989 0.483318
vt 0.082989 0.488448
vt 0.775942 0.089390
vt 0.823745 0.523660
vt 0.778678 0.089390
vt 0.236116 0.450637
vt 0.823745 0.525876
vt 0.823490 0.523777
vt 0.823490 0.525994
vt 0.898345 0.706478
vt 0.947308 0.364136
vt 0.898328 0.706759
vt 0.898345 0.707245
vt 0.516459 0.848771
vt 0.516964 0.848771
vt 0.421805 0.962261
vt 0.421804 0.962746
vt 0.947307 0.363631
vt 0.898774 0.706471
vt 0.516711 0.847895
vt 0.947738 0.364136
vt 0.898758 0.706751
vt 0.516302 0.848127
vt 0.898774 0.707238
vt 0.516459 0.848506
vt 0.422234 0.962254
vt 0.516964 0.848506
vt 0.422234 0.962741
vt 0.517120 0.848127
vt 0.947739 0.363631
vt 0.672697 0.440120
vt 0.422720 0.261960
vt 0.648527 0.132245
vt 0.419962 0.261960
vt 0.672697 0.443773
vt 0.422720 0.257754
vt 0.565219 0.769713
vt 0.648527 0.128593
vt 0.419962 0.257754
vt 0.565219 0.766955
vt 0.670682 0.442848
vt 0.567955 0.769713
vt 0.379553 0.273595
vt 0.646513 0.127668
vt 0.567955 0.766955
vt 0.382311 0.273595
vt 0.670682 0.439196
vt 0.379553 0.277802
vt 0.646513 0.131321
vt 0.382311 0.277802
vt 0.380914 0.277802
vt 0.421359 0.261960
vt 0.421359 0.256831
vt 0.565219 0.768351
vt 0.272050 0.821804
vt 0.567955 0.768351
vt 0.380914 0.272672
vt 0.272050 0.824020
vt 0.271795 0.821921
vt 0.271795 0.824137
vt 0.444927 0.905637
vt 0.947308 0.517913
vt 0.444910 0.905918
vt 0.444927 0.906404
vt 0.868642 0.341906
vt 0.869147 0.341906
vt 0.976376 0.694890
vt 0.976375 0.695376
vt 0.947307 0.517407
vt 0.445357 0.905630
vt 0.868894 0.341030
vt 0.947738 0.517913
vt 0.445341 0.905910
vt 0.868485 0.341263
vt 0.445357 0.906396
vt 0.868642 0.341642
vt 0.976806 0.694883
vt 0.869147 0.341642
vt 0.976806 0.695370
vt 0.869303 0.341263
vt 0.947739 0.517408
vt 0.157955 0.645140
vt 0.489338 0.179609
vt 0.131759 0.649345
vt 0.492095 0.179609
vt 0.157955 0.648792
vt 0.489338 0.183815
vt 0.129745 0.766199
vt 0.131759 0.645692
vt 0.492095 0.183815
vt 0.129745 0.763441
vt 0.155941 0.647868
vt 0.132482 0.766199
vt 0.462398 0.164691
vt 0.129745 0.644767
vt 0.132482 0.763441
vt 0.465156 0.164691
vt 0.155941 0.644215
vt 0.462398 0.168897
vt 0.129745 0.648420
vt 0.465156 0.168897
vt 0.463760 0.168897
vt 0.490699 0.179609
vt 0.490699 0.184738
vt 0.129745 0.764838
vt 0.552026 0.819985
vt 0.132482 0.764838
vt 0.463760 0.163768
vt 0.552026 0.822201
vt 0.551770 0.820102
vt 0.551770 0.822318
vt 0.342642 0.905637
vt 0.048507 0.941837
vt 0.342625 0.905918
vt 0.342642 0.906404
vt 0.110638 0.862881
vt 0.111143 0.862881
vt 0.969595 0.271508
vt 0.969594 0.271994
vt 0.048507 0.941332
vt 0.343071 0.905630
vt 0.110891 0.862004
vt 0.048937 0.941837
vt 0.343055 0.905910
vt 0.110482 0.862237
vt 0.343071 0.906397
vt 0.110638 0.862616
vt 0.970024 0.271501
vt 0.111143 0.862616
vt 0.970024 0.271988
vt 0.111300 0.862237
vt 0.048938 0.941333
vt 0.324714 0.651025
vt 0.422720 0.293643
vt 0.668320 0.593521
vt 0.419962 0.293643
vt 0.324714 0.654677
vt 0.422720 0.289437
vt 0.018805 0.760906
vt 0.668320 0.589869
vt 0.419962 0.289437
vt 0.018805 0.758148
vt 0.322700 0.653753
vt 0.021541 0.760906
vt 0.393023 0.384484
vt 0.666306 0.588944
vt 0.021541 0.758148
vt 0.395781 0.384484
vt 0.322700 0.650100
vt 0.393023 0.388690
vt 0.666306 0.592597
vt 0.395781 0.388690
vt 0.394384 0.388690
vt 0.421359 0.293643
vt 0.421359 0.288514
vt 0.018805 0.759545
vt 0.363305 0.821804
vt 0.021541 0.759545
vt 0.394384 0.383561
vt 0.363305 0.824020
vt 0.363050 0.821921
vt 0.363050 0.824137
vt 0.331483 0.905637
vt 0.942947 0.574160
vt 0.331466 0.905918
vt 0.331483 0.906404
vt 0.868642 0.226025
vt 0.869147 0.226025
vt 0.969595 0.412235
vt 0.969594 0.412721
vt 0.942946 0.573655
vt 0.331913 0.905630
vt 0.868894 0.225149
vt 0.943377 0.574160
vt 0.331897 0.905910
vt 0.868485 0.225382
vt 0.331913 0.906396
vt 0.868642 0.225760
vt 0.970024 0.412228
vt 0.869147 0.225760
vt 0.970024 0.412715
vt 0.869303 0.225382
vt 0.943378 0.573656
vt 0.647244 0.485987
vt 0.514251 0.478608
vt 0.449961 0.604233
vt 0.517009 0.478608
vt 0.647244 0.489640
vt 0.514251 0.482814
vt 0.761210 0.488555
vt 0.449961 0.607886
vt 0.517009 0.482814
vt 0.761210 0.485797
vt 0.645230 0.488715
vt 0.763947 0.488555
vt 0.500781 0.463690
vt 0.451975 0.608810
vt 0.763947 0.485797
vt 0.503539 0.463690
vt 0.645230 0.485063
vt 0.500781 0.467896
vt 0.451975 0.605158
vt 0.503539 0.467896
vt 0.502142 0.467896
vt 0.515612 0.478608
vt 0.515612 0.483737
vt 0.761210 0.487194
vt 0.770725 0.806939
vt 0.763947 0.487194
vt 0.502142 0.462767
vt 0.770725 0.809156
vt 0.770470 0.807057
vt 0.770470 0.809273
vt 0.909503 0.642986
vt 0.942947 0.620040
vt 0.909486 0.643266
vt 0.909503 0.643752
vt 0.864265 0.597707
vt 0.864770 0.597707
vt 0.751215 0.971749
vt 0.751214 0.972235
vt 0.942946 0.619534
vt 0.909933 0.642978
vt 0.864518 0.596831
vt 0.943377 0.620040
vt 0.909917 0.643258
vt 0.864109 0.597064
vt 0.909933 0.643745
vt 0.864265 0.597443
vt 0.751645 0.971742
vt 0.864770 0.597443
vt 0.751645 0.972229
vt 0.864927 0.597064
vt 0.943378 0.619535
vt 0.634518 0.516565
vt 0.411277 0.058009
vt 0.623075 0.162823
vt 0.408519 0.058009
vt 0.634518 0.520218
vt 0.411277 0.053802
vt 0.234755 0.759954
vt 0.623075 0.159171
vt 0.408519 0.053802
vt 0.234755 0.757196
vt 0.632504 0.519293
vt 0.237491 0.759954
vt 0.248224 0.383595
vt 0.621061 0.158246
vt 0.237491 0.757196
vt 0.250982 0.383595
vt 0.632504 0.515641
vt 0.248224 0.387801
vt 0.621061 0.161899
vt 0.250982 0.387801
vt 0.249586 0.387801
vt 0.409915 0.058009
vt 0.409915 0.052880
vt 0.234755 0.758592
vt 0.638721 0.819985
vt 0.237491 0.758592
vt 0.249586 0.382672
vt 0.638721 0.822201
vt 0.638466 0.820102
vt 0.638466 0.822318
vt 0.913880 0.401223
vt 0.940722 0.936807
vt 0.913863 0.401504
vt 0.913880 0.401989
vt 0.868642 0.318730
vt 0.869147 0.318730
vt 0.234756 0.975357
vt 0.234755 0.975843
vt 0.940722 0.936302
vt 0.914309 0.401216
vt 0.868894 0.317854
vt 0.941152 0.936807
vt 0.914293 0.401495
vt 0.868485 0.318087
vt 0.914309 0.401982
vt 0.868642 0.318465
vt 0.235185 0.975350
vt 0.869147 0.318465
vt 0.235185 0.975837
vt 0.869303 0.318087
vt 0.941153 0.936302
vt 0.566511 0.620447
vt 0.514251 0.256831
vt 0.634518 0.260304
vt 0.517009 0.256831
vt 0.566511 0.624099
vt 0.514251 0.261037
vt 0.780396 0.769713
vt 0.634518 0.256652
vt 0.517009 0.261037
vt 0.780396 0.766955
vt 0.564497 0.623174
vt 0.783132 0.769713
vt 0.489338 0.069644
vt 0.632504 0.255727
vt 0.783132 0.766955
vt 0.492095 0.069644
vt 0.564497 0.619522
vt 0.489338 0.073850
vt 0.632504 0.259380
vt 0.492095 0.073850
vt 0.490699 0.073850
vt 0.515612 0.256831
vt 0.515612 0.261960
vt 0.780396 0.768351
vt 0.814061 0.177606
vt 0.783132 0.768351
vt 0.490699 0.068721
vt 0.814061 0.179822
vt 0.813806 0.177723
vt 0.813806 0.179939
vt 0.902721 0.225156
vt 0.706643 0.938608
vt 0.902704 0.225437
vt 0.902721 0.225922
vt 0.867443 0.209363
vt 0.867948 0.209363
vt 0.976376 0.654203
vt 0.976375 0.654689
vt 0.706643 0.938102
vt 0.903151 0.225149
vt 0.867696 0.208487
vt 0.707073 0.938608
vt 0.903135 0.225428
vt 0.867287 0.208720
vt 0.903151 0.225915
vt 0.867443 0.209099
vt 0.976806 0.654196
vt 0.867948 0.209099
vt 0.976806 0.654683
vt 0.868105 0.208720
vt 0.707074 0.938103
vt 0.630142 0.605158
vt 0.115179 0.456396
vt 0.477428 0.654677
vt 0.112421 0.456396
vt 0.630142 0.608810
vt 0.115179 0.452189
vt 0.018805 0.774376
vt 0.477428 0.651025
vt 0.112421 0.452189
vt 0.018805 0.771618
vt 0.628128 0.607885
vt 0.021541 0.774376
vt 0.381579 0.164691
vt 0.475414 0.650100
vt 0.021541 0.771618
vt 0.384337 0.164691
vt 0.628128 0.604233
vt 0.381579 0.168897
vt 0.475414 0.653753
vt 0.384337 0.168897
vt 0.382941 0.168897
vt 0.113818 0.456396
vt 0.113818 0.451266
vt 0.018805 0.773014
vt 0.814061 0.151515
vt 0.021541 0.773014
vt 0.382941 0.163768
vt 0.814061 0.153732
vt 0.813806 0.151633
vt 0.813806 0.153849
vt 0.914791 0.181299
vt 0.285244 0.927512
vt 0.914774 0.181580
vt 0.914791 0.182066
vt 0.852735 0.586119
vt 0.853240 0.586119
vt 0.976376 0.584879
vt 0.976375 0.585365
vt 0.285243 0.927006
vt 0.915220 0.181292
vt 0.852988 0.585243
vt 0.285675 0.927511
vt 0.915204 0.181572
vt 0.852578 0.585476
vt 0.915220 0.182059
vt 0.852735 0.585854
vt 0.976806 0.584872
vt 0.853240 0.585854
vt 0.976806 0.585359
vt 0.853397 0.585476
vt 0.285675 0.927006
vt 0.515606 0.651025
vt 0.234755 0.482319
vt 0.193328 0.631737
vt 0.237512 0.482319
vt 0.515606 0.654677
vt 0.234755 0.486525
vt 0.177844 0.790820
vt 0.193328 0.628084
vt 0.237512 0.486525
vt 0.177844 0.788062
vt 0.513592 0.653753
vt 0.180580 0.790820
vt 0.406493 0.479531
vt 0.191314 0.627160
vt 0.180580 0.788062
vt 0.409250 0.479531
vt 0.513592 0.650100
vt 0.406493 0.483737
vt 0.191314 0.630812
vt 0.409250 0.483737
vt 0.407854 0.483737
vt 0.236116 0.482319
vt 0.236116 0.487448
vt 0.177844 0.789459
vt 0.143470 0.815919
vt 0.180580 0.789459
vt 0.407854 0.478608
vt 0.143470 0.818135
vt 0.143215 0.816036
vt 0.143215 0.818253
vt 0.129762 0.900407
vt 0.927905 0.830666
vt 0.129745 0.900688
vt 0.129762 0.901174
vt 0.018961 0.850158
vt 0.019466 0.850158
vt 0.969595 0.378046
vt 0.969594 0.378532
vt 0.927904 0.830160
vt 0.130192 0.900400
vt 0.019214 0.849282
vt 0.928335 0.830666
vt 0.130176 0.900680
vt 0.018805 0.849514
vt 0.130192 0.901166
vt 0.018961 0.849893
vt 0.970024 0.378039
vt 0.019466 0.849893
vt 0.970024 0.378526
vt 0.019623 0.849514
vt 0.928336 0.830161
vt 0.672697 0.317808
vt 0.397807 0.089691
vt 0.659971 0.428483
vt 0.395049 0.089691
vt 0.672697 0.321460
vt 0.397807 0.085485
vt 0.766947 0.783182
vt 0.659971 0.424831
vt 0.395049 0.085485
vt 0.766947 0.780424
vt 0.670683 0.320536
vt 0.769683 0.783182
vt 0.381579 0.006279
vt 0.657956 0.423906
vt 0.769683 0.780424
vt 0.384337 0.006279
vt 0.670683 0.316883
vt 0.381579 0.010485
vt 0.657956 0.427559
vt 0.384337 0.010485
vt 0.382941 0.010485
vt 0.396446 0.089691
vt 0.396446 0.084562
vt 0.766947 0.781821
vt 0.814061 0.047585
vt 0.769683 0.781821
vt 0.382941 0.005356
vt 0.814061 0.049801
vt 0.813806 0.047702
vt 0.813806 0.049918
vt 0.527871 0.905432
vt 0.947308 0.412734
vt 0.527854 0.905713
vt 0.527871 0.906198
vt 0.875796 0.574531
vt 0.876301 0.574531
vt 0.639769 0.971749
vt 0.639768 0.972235
vt 0.947307 0.412228
vt 0.528300 0.905425
vt 0.876048 0.573655
vt 0.947738 0.412734
vt 0.528284 0.905704
vt 0.875639 0.573888
vt 0.528300 0.906191
vt 0.875796 0.574266
vt 0.640199 0.971742
vt 0.876301 0.574266
vt 0.640199 0.972229
vt 0.876458 0.573888
vt 0.947739 0.412229
vt 0.647245 0.333097
vt 0.476599 0.293643
vt 0.143215 0.613637
vt 0.473841 0.293643
vt 0.647245 0.336749
vt 0.476599 0.289437
vt 0.458629 0.785001
vt 0.143215 0.617290
vt 0.473841 0.289437
vt 0.458629 0.782243
vt 0.645231 0.335824
vt 0.461365 0.785001
vt 0.473841 0.257754
vt 0.145229 0.618214
vt 0.461365 0.782243
vt 0.476599 0.257754
vt 0.645231 0.332172
vt 0.473841 0.261960
vt 0.145229 0.614562
vt 0.476599 0.261960
vt 0.475203 0.261960
vt 0.475238 0.293643
vt 0.475238 0.288514
vt 0.458629 0.783640
vt 0.671623 0.806940
vt 0.461365 0.783640
vt 0.475203 0.256831
vt 0.671623 0.809156
vt 0.671368 0.807057
vt 0.671368 0.809273
vt 0.191331 0.898513
vt 0.947308 0.318154
vt 0.191314 0.898794
vt 0.191331 0.899279
vt 0.099108 0.874469
vt 0.099613 0.874469
vt 0.963024 0.878037
vt 0.963024 0.878523
vt 0.947307 0.317649
vt 0.191760 0.898506
vt 0.099360 0.873592
vt 0.947738 0.318154
vt 0.191744 0.898785
vt 0.098951 0.873825
vt 0.191760 0.899272
vt 0.099108 0.874204
vt 0.963454 0.878030
vt 0.099613 0.874204
vt 0.963454 0.878518
vt 0.099770 0.873825
vt 0.947739 0.317649
vt 0.375618 0.605158
vt 0.081627 0.451636
vt 0.604690 0.593521
vt 0.084385 0.451636
vt 0.375618 0.608810
vt 0.081627 0.455842
vt 0.774659 0.335665
vt 0.604690 0.589869
vt 0.084385 0.455842
vt 0.774659 0.332907
vt 0.373604 0.607885
vt 0.777395 0.335665
vt 0.081627 0.357512
vt 0.602675 0.588944
vt 0.777395 0.332907
vt 0.084385 0.357512
vt 0.373604 0.604233
vt 0.081627 0.361718
vt 0.602675 0.592597
vt 0.084385 0.361718
vt 0.082989 0.361718
vt 0.082989 0.451636
vt 0.082989 0.456765
vt 0.774659 0.334304
vt 0.019060 0.811603
vt 0.777395 0.334304
vt 0.082989 0.356589
vt 0.019060 0.813819
vt 0.018805 0.811720
vt 0.018805 0.813936
vt 0.490305 0.905637
vt 0.377185 0.951542
vt 0.490288 0.905918
vt 0.490305 0.906404
vt 0.869925 0.136432
vt 0.870430 0.136432
vt 0.980737 0.504008
vt 0.980736 0.504493
vt 0.377185 0.951036
vt 0.490734 0.905630
vt 0.870177 0.135556
vt 0.377615 0.951542
vt 0.490718 0.905910
vt 0.869768 0.135788
vt 0.490734 0.906396
vt 0.869925 0.136167
vt 0.981167 0.504001
vt 0.870430 0.136167
vt 0.981167 0.504488
vt 0.870586 0.135788
vt 0.377616 0.951037
vt 0.362892 0.635736
vt 0.500781 0.272672
vt 0.375618 0.669966
vt 0.503539 0.272672
vt 0.362892 0.639388
vt 0.500781 0.276879
vt 0.404835 0.785001
vt 0.375618 0.666314
vt 0.503539 0.276879
vt 0.404835 0.782244
vt 0.360878 0.638463
vt 0.407571 0.785001
vt 0.217799 0.469926
vt 0.373604 0.665389
vt 0.407571 0.782244
vt 0.220557 0.469926
vt 0.360878 0.634811
vt 0.217799 0.474132
vt 0.373604 0.669042
vt 0.220557 0.474132
vt 0.219160 0.474132
vt 0.502142 0.272672
vt 0.502142 0.277802
vt 0.404835 0.783640
vt 0.500271 0.821804
vt 0.407571 0.783640
vt 0.219160 0.469003
vt 0.500271 0.824020
vt 0.500016 0.821921
vt 0.500016 0.824137
vt 0.904004 0.005363
vt 0.773502 0.938608
vt 0.903987 0.005644
vt 0.904004 0.006130
vt 0.285400 0.870249
vt 0.285905 0.870249
vt 0.980737 0.412235
vt 0.980736 0.412721
vt 0.773501 0.938102
vt 0.904433 0.005356
vt 0.285652 0.869373
vt 0.773932 0.938608
vt 0.904417 0.005636
vt 0.285243 0.869606
vt 0.904433 0.006122
vt 0.285400 0.869985
vt 0.981167 0.412228
vt 0.285905 0.869985
vt 0.981167 0.412715
vt 0.286062 0.869606
vt 0.773933 0.938103
vt 0.609066 0.455409
vt 0.421989 0.021197
vt 0.362892 0.654677
vt 0.424747 0.021197
vt 0.609066 0.459062
vt 0.421989 0.025403
vt 0.774659 0.475086
vt 0.362892 0.651025
vt 0.424747 0.025403
vt 0.774659 0.472328
vt 0.607052 0.458137
vt 0.777395 0.475086
vt 0.381579 0.101326
vt 0.360878 0.650100
vt 0.777395 0.472328
vt 0.384337 0.101326
vt 0.607052 0.454485
vt 0.381579 0.105532
vt 0.360878 0.653753
vt 0.384337 0.105532
vt 0.382941 0.105532
vt 0.423350 0.021197
vt 0.423350 0.026326
vt 0.774659 0.473724
vt 0.814061 0.087994
vt 0.777395 0.473724
vt 0.382941 0.100403
vt 0.814061 0.090210
vt 0.813806 0.088111
vt 0.813806 0.090327
vt 0.907294 0.879047
vt 0.068158 0.952976
vt 0.907277 0.879328
vt 0.907294 0.879813
vt 0.862056 0.880018
vt 0.862561 0.880018
vt 0.980737 0.271508
vt 0.980736 0.271994
vt 0.068157 0.952470
vt 0.907724 0.879040
vt 0.862309 0.879142
vt 0.068588 0.952976
vt 0.907708 0.879319
vt 0.861899 0.879375
vt 0.907724 0.879806
vt 0.862056 0.879754
vt 0.981167 0.271501
vt 0.862561 0.879754
vt 0.981167 0.271988
vt 0.862718 0.879375
vt 0.068589 0.952471
vt 0.039378 0.686393
vt 0.487311 0.336037
vt 0.039378 0.659467
vt 0.490069 0.336037
vt 0.039378 0.690045
vt 0.487311 0.340243
vt 0.788107 0.295256
vt 0.039378 0.655814
vt 0.490069 0.340243
vt 0.788107 0.292498
vt 0.037364 0.689120
vt 0.790843 0.295256
vt 0.487311 0.463690
vt 0.037364 0.654890
vt 0.790843 0.292498
vt 0.490069 0.463690
vt 0.037364 0.685468
vt 0.487311 0.467896
vt 0.037364 0.658542
vt 0.490069 0.467896
vt 0.488673 0.467896
vt 0.488673 0.336037
vt 0.488673 0.341166
vt 0.788107 0.293894
vt 0.830336 0.640579
vt 0.790843 0.293894
vt 0.488673 0.462767
vt 0.830336 0.642796
vt 0.830081 0.640697
vt 0.830081 0.642913
vt 0.068174 0.907071
vt 0.399502 0.951542
vt 0.068158 0.907352
vt 0.068174 0.907838
vt 0.880172 0.295554
vt 0.880677 0.295554
vt 0.191315 0.977559
vt 0.191314 0.978044
vt 0.399502 0.951036
vt 0.068604 0.907064
vt 0.880424 0.294678
vt 0.399932 0.951542
vt 0.068588 0.907344
vt 0.880015 0.294910
vt 0.068604 0.907830
vt 0.880172 0.295289
vt 0.191744 0.977552
vt 0.880677 0.295289
vt 0.191744 0.978039
vt 0.880834 0.294910
vt 0.399933 0.951037
vt 0.528332 0.681603
vt 0.339144 0.399402
vt 0.439249 0.654677
vt 0.341901 0.399402
vt 0.528332 0.685255
vt 0.339144 0.403608
vt 0.068157 0.787893
vt 0.439249 0.651025
vt 0.341901 0.403608
vt 0.068157 0.785135
vt 0.526318 0.684331
vt 0.070894 0.787893
vt 0.018826 0.357465
vt 0.437235 0.650100
vt 0.070894 0.785135
vt 0.021584 0.357465
vt 0.526318 0.680678
vt 0.018826 0.361671
vt 0.437235 0.653753
vt 0.021584 0.361671
vt 0.020187 0.361671
vt 0.340505 0.399402
vt 0.340505 0.404531
vt 0.068157 0.786531
vt 0.218054 0.813175
vt 0.070894 0.786531
vt 0.020187 0.356542
vt 0.218054 0.815392
vt 0.217799 0.813293
vt 0.217799 0.815509
vt 0.903632 0.181299
vt 0.907247 0.959243
vt 0.903615 0.181580
vt 0.903632 0.182066
vt 0.271952 0.871947
vt 0.272457 0.871947
vt 0.965234 0.608056
vt 0.965233 0.608541
vt 0.907247 0.958737
vt 0.904062 0.181292
vt 0.272204 0.871071
vt 0.907677 0.959243
vt 0.904046 0.181572
vt 0.271795 0.871304
vt 0.904062 0.182059
vt 0.271952 0.871682
vt 0.965663 0.608049
vt 0.272457 0.871682
vt 0.965663 0.608536
vt 0.272614 0.871304
vt 0.907678 0.958738
vt 0.439249 0.681603
vt 0.514251 0.288514
vt 0.673979 0.116956
vt 0.517008 0.288514
vt 0.439249 0.685255
vt 0.514251 0.292720
vt 0.699704 0.783182
vt 0.673979 0.113304
vt 0.517008 0.292720
vt 0.699704 0.780424
vt 0.437235 0.684331
vt 0.702441 0.783182
vt 0.352613 0.479531
vt 0.671965 0.112379
vt 0.702441 0.780424
vt 0.355371 0.479531
vt 0.437235 0.680678
vt 0.352613 0.483737
vt 0.671965 0.116032
vt 0.355371 0.483737
vt 0.353975 0.483737
vt 0.515612 0.288514
vt 0.515612 0.293643
vt 0.699704 0.781821
vt 0.178099 0.827623
vt 0.702441 0.781821
vt 0.353975 0.478608
vt 0.178099 0.829839
vt 0.177844 0.827740
vt 0.177844 0.829956
vt 0.110127 0.896673
vt 0.958451 0.283225
vt 0.110110 0.896954
vt 0.110127 0.897440
vt 0.744085 0.870128
vt 0.744590 0.870128
vt 0.976376 0.573662
vt 0.976375 0.574148
vt 0.958451 0.282719
vt 0.110556 0.896666
vt 0.744338 0.869252
vt 0.958881 0.283225
vt 0.110540 0.896946
vt 0.743928 0.869485
vt 0.110556 0.897432
vt 0.744085 0.869863
vt 0.976806 0.573655
vt 0.744590 0.869863
vt 0.976806 0.574142
vt 0.744747 0.869485
vt 0.958882 0.282720
vt 0.179858 0.643373
vt 0.194071 0.459692
vt 0.451975 0.654677
vt 0.191314 0.459692
vt 0.179858 0.647026
vt 0.194071 0.455486
vt 0.770282 0.630292
vt 0.451975 0.651025
vt 0.191314 0.455486
vt 0.770282 0.627534
vt 0.177844 0.646101
vt 0.773019 0.630292
vt 0.366083 0.289437
vt 0.449961 0.650100
vt 0.773019 0.627534
vt 0.368841 0.289437
vt 0.177844 0.642449
vt 0.366083 0.293643
vt 0.449961 0.653753
vt 0.368841 0.293643
vt 0.367445 0.293643
vt 0.192710 0.459692
vt 0.192710 0.454563
vt 0.770282 0.628931
vt 0.823745 0.418024
vt 0.773019 0.628931
vt 0.367445 0.288514
vt 0.823745 0.420240
vt 0.823490 0.418141
vt 0.823490 0.420358
vt 0.005373 0.908481
vt 0.751215 0.949826
vt 0.005356 0.908762
vt 0.005373 0.909248
vt 0.331995 0.871947
vt 0.332500 0.871947
vt 0.965234 0.654203
vt 0.965233 0.654689
vt 0.751215 0.949320
vt 0.005802 0.908474
vt 0.332247 0.871071
vt 0.751646 0.949826
vt 0.005787 0.908754
vt 0.331838 0.871304
vt 0.005802 0.909240
vt 0.331995 0.871682
vt 0.965663 0.654196
vt 0.332500 0.871682
vt 0.965663 0.654683
vt 0.332657 0.871304
vt 0.751646 0.949321
vt 0.668320 0.620447
vt 0.489338 0.211291
vt 0.686706 0.132245
vt 0.492095 0.211291
vt 0.668320 0.624099
vt 0.489338 0.215498
vt 0.445180 0.785001
vt 0.686706 0.128593
vt 0.492095 0.215498
vt 0.445180 0.782243
vt 0.666306 0.623175
vt 0.447917 0.785001
vt 0.473841 0.495372
vt 0.684691 0.127668
vt 0.447917 0.782243
vt 0.476599 0.495372
vt 0.666306 0.619522
vt 0.473841 0.499578
vt 0.684691 0.131321
vt 0.476599 0.499578
vt 0.475203 0.499578
vt 0.490699 0.211291
vt 0.490699 0.216421
vt 0.445180 0.783640
vt 0.830336 0.573655
vt 0.447917 0.783640
vt 0.475203 0.494449
vt 0.830336 0.575871
vt 0.830081 0.573772
vt 0.830081 0.575988
vt 0.815795 0.902223
vt 0.948590 0.005862
vt 0.815778 0.902504
vt 0.815795 0.902989
vt 0.590354 0.870128
vt 0.590859 0.870128
vt 0.410661 0.973465
vt 0.410661 0.973951
vt 0.948590 0.005356
vt 0.816225 0.902216
vt 0.590607 0.869252
vt 0.949021 0.005862
vt 0.816209 0.902496
vt 0.590198 0.869484
vt 0.816225 0.902982
vt 0.590354 0.869863
vt 0.411091 0.973458
vt 0.590859 0.869863
vt 0.411091 0.973945
vt 0.591016 0.869484
vt 0.949021 0.005357
vt 0.541059 0.620447
vt 0.397807 0.026326
vt 0.672697 0.520218
vt 0.395049 0.026326
vt 0.541059 0.624099
vt 0.397807 0.022120
vt 0.081606 0.774423
vt 0.672697 0.516565
vt 0.395049 0.022120
vt 0.081606 0.771665
vt 0.539044 0.623174
vt 0.084342 0.774423
vt 0.325674 0.352801
vt 0.670682 0.515641
vt 0.084342 0.771665
vt 0.328432 0.352801
vt 0.539044 0.619522
vt 0.325674 0.357008
vt 0.670682 0.519293
vt 0.328432 0.357008
vt 0.327035 0.357008
vt 0.396446 0.026326
vt 0.396446 0.021197
vt 0.081606 0.773062
vt 0.823745 0.431918
vt 0.084342 0.773062
vt 0.327035 0.351878
vt 0.823745 0.434134
vt 0.823490 0.432035
vt 0.823490 0.434252
vt 0.909503 0.678265
vt 0.717786 0.949825
vt 0.909486 0.678546
vt 0.909503 0.679032
vt 0.447298 0.871947
vt 0.447803 0.871947
vt 0.972477 0.772597
vt 0.972476 0.773083
vt 0.717786 0.949319
vt 0.909933 0.678258
vt 0.447550 0.871071
vt 0.718216 0.949825
vt 0.909917 0.678538
vt 0.447141 0.871304
vt 0.909933 0.679025
vt 0.447298 0.871682
vt 0.972907 0.772590
vt 0.447803 0.871682
vt 0.972907 0.773077
vt 0.447960 0.871304
vt 0.718217 0.949320
vt 0.693772 0.696892
vt 0.473841 0.399402
vt 0.579237 0.700544
vt 0.476599 0.399402
vt 0.693772 0.700544
vt 0.473841 0.403608
vt 0.485526 0.785001
vt 0.579237 0.696892
vt 0.476599 0.403608
vt 0.485526 0.782243
vt 0.691758 0.699620
vt 0.488263 0.785001
vt 0.475868 0.117167
vt 0.577223 0.695967
vt 0.488263 0.782243
vt 0.478626 0.117167
vt 0.691758 0.695967
vt 0.475868 0.121373
vt 0.577223 0.699620
vt 0.478626 0.121373
vt 0.477229 0.121373
vt 0.475203 0.399402
vt 0.475203 0.404531
vt 0.485526 0.783640
vt 0.834712 0.536705
vt 0.488263 0.783640
vt 0.477229 0.116244
vt 0.834712 0.538922
vt 0.834457 0.536823
vt 0.834457 0.539039
vt 0.285260 0.904042
vt 0.717786 0.938608
vt 0.285243 0.904323
vt 0.285260 0.904809
vt 0.205229 0.869570
vt 0.205734 0.869570
vt 0.005357 0.987514
vt 0.005356 0.988000
vt 0.717786 0.938102
vt 0.285690 0.904035
vt 0.205482 0.868694
vt 0.718216 0.938608
vt 0.285674 0.904315
vt 0.205072 0.868927
vt 0.285690 0.904801
vt 0.205229 0.869305
vt 0.005787 0.987507
vt 0.205734 0.869305
vt 0.005787 0.987994
vt 0.205891 0.868927
vt 0.718217 0.938103
vt 0.145229 0.691007
vt 0.132503 0.414488
vt 0.464701 0.700544
vt 0.129745 0.414488
vt 0.145229 0.694659
vt 0.132503 0.410281
vt 0.726601 0.769713
vt 0.464701 0.696892
vt 0.129745 0.410281
vt 0.726601 0.766955
vt 0.143215 0.693735
vt 0.729338 0.769713
vt 0.366083 0.273595
vt 0.462687 0.695967
vt 0.729338 0.766955
vt 0.368841 0.273595
vt 0.143215 0.690083
vt 0.366083 0.277802
vt 0.462687 0.699620
vt 0.368841 0.277802
vt 0.367445 0.277802
vt 0.131142 0.414488
vt 0.131142 0.409358
vt 0.726601 0.768351
vt 0.165404 0.828965
vt 0.729338 0.768351
vt 0.367445 0.272672
vt 0.165404 0.831181
vt 0.165149 0.829082
vt 0.165149 0.831298
vt 0.913879 0.225156
vt 0.527854 0.940119
vt 0.913863 0.225437
vt 0.913879 0.225922
vt 0.504950 0.860359
vt 0.505455 0.860359
vt 0.961335 0.726552
vt 0.961334 0.727038
vt 0.527854 0.939613
vt 0.914309 0.225149
vt 0.505202 0.859483
vt 0.528284 0.940119
vt 0.914293 0.225429
vt 0.504793 0.859716
vt 0.914309 0.225915
vt 0.504950 0.860094
vt 0.961764 0.726545
vt 0.505455 0.860094
vt 0.961764 0.727032
vt 0.505612 0.859716
vt 0.528285 0.939614
vt 0.572170 0.084382
vt 0.339144 0.510290
vt 0.401071 0.578232
vt 0.341901 0.510290
vt 0.572170 0.088035
vt 0.339144 0.514496
vt 0.743385 0.616822
vt 0.401071 0.574579
vt 0.341901 0.514496
vt 0.743385 0.614064
vt 0.570156 0.087110
vt 0.746122 0.616822
vt 0.460372 0.241913
vt 0.399056 0.573655
vt 0.746122 0.614064
vt 0.463130 0.241913
vt 0.570156 0.083458
vt 0.460372 0.246119
vt 0.399056 0.577307
vt 0.463130 0.246119
vt 0.461733 0.246119
vt 0.340505 0.510290
vt 0.340505 0.515419
vt 0.743385 0.615461
vt 0.539575 0.794440
vt 0.746122 0.615461
vt 0.461733 0.240990
vt 0.539575 0.796656
vt 0.539320 0.794557
vt 0.539320 0.796773
vt 0.902721 0.306170
vt 0.937075 0.170045
vt 0.902704 0.306451
vt 0.902721 0.306937
vt 0.435768 0.860359
vt 0.436273 0.860359
vt 0.969595 0.492816
vt 0.969594 0.493302
vt 0.937075 0.169539
vt 0.903151 0.306163
vt 0.436020 0.859483
vt 0.937506 0.170045
vt 0.903135 0.306443
vt 0.435611 0.859716
vt 0.903151 0.306929
vt 0.435768 0.860094
vt 0.970024 0.492809
vt 0.436273 0.860094
vt 0.970024 0.493296
vt 0.436430 0.859716
vt 0.937506 0.169540
vt 0.572170 0.069093
vt 0.463129 0.261960
vt 0.572170 0.025774
vt 0.460372 0.261960
vt 0.572170 0.072746
vt 0.463129 0.257754
vt 0.458629 0.744592
vt 0.572170 0.022122
vt 0.460372 0.257754
vt 0.458629 0.741834
vt 0.570156 0.071821
vt 0.461366 0.744592
vt 0.381579 0.133008
vt 0.570156 0.021197
vt 0.461366 0.741834
vt 0.384337 0.133008
vt 0.570156 0.068169
vt 0.381579 0.137215
vt 0.570156 0.024850
vt 0.384337 0.137215
vt 0.382941 0.137215
vt 0.461768 0.261960
vt 0.461768 0.256831
vt 0.458629 0.743231
vt 0.165404 0.789828
vt 0.461366 0.743231
vt 0.382941 0.132085
vt 0.165404 0.792045
vt 0.165149 0.789946
vt 0.165149 0.792162
vt 0.913880 0.329141
vt 0.110110 0.954063
vt 0.913863 0.329422
vt 0.913879 0.329908
vt 0.875795 0.655648
vt 0.876301 0.655648
vt 0.907247 0.981166
vt 0.907246 0.981652
vt 0.110110 0.953557
vt 0.914309 0.329134
vt 0.876048 0.654772
vt 0.110540 0.954063
vt 0.914293 0.329414
vt 0.875639 0.655005
vt 0.914309 0.329900
vt 0.875795 0.655383
vt 0.907677 0.981159
vt 0.876301 0.655383
vt 0.907677 0.981646
vt 0.876457 0.655005
vt 0.110541 0.953558
vt 0.681046 0.651024
vt 0.271795 0.478608
vt 0.610349 0.193402
vt 0.274553 0.478608
vt 0.681046 0.654677
vt 0.271795 0.482814
vt 0.713153 0.783182
vt 0.610349 0.189749
vt 0.274553 0.482814
vt 0.713153 0.780424
vt 0.679032 0.653752
vt 0.715890 0.783182
vt 0.516277 0.101326
vt 0.608335 0.188825
vt 0.715890 0.780424
vt 0.519035 0.101326
vt 0.679032 0.650100
vt 0.516277 0.105532
vt 0.608335 0.192477
vt 0.519035 0.105532
vt 0.517639 0.105532
vt 0.273156 0.478608
vt 0.273156 0.483737
vt 0.713153 0.781821
vt 0.319436 0.821804
vt 0.715890 0.781821
vt 0.517639 0.100403
vt 0.319436 0.824020
vt 0.319181 0.821921
vt 0.319181 0.824138
vt 0.142669 0.899855
vt 0.499837 0.951542
vt 0.142652 0.900136
vt 0.142669 0.900622
vt 0.018961 0.873334
vt 0.019466 0.873334
vt 0.684357 0.971749
vt 0.684356 0.972235
vt 0.499836 0.951036
vt 0.143098 0.899848
vt 0.019214 0.872458
vt 0.500267 0.951542
vt 0.143082 0.900128
vt 0.018805 0.872691
vt 0.143098 0.900614
vt 0.018961 0.873069
vt 0.684786 0.971742
vt 0.019466 0.873069
vt 0.684786 0.972229
vt 0.019623 0.872691
vt 0.500268 0.951037
vt 0.020096 0.640399
vt 0.406493 0.256831
vt 0.621792 0.290882
vt 0.409250 0.256831
vt 0.020096 0.644052
vt 0.406493 0.261037
vt 0.774659 0.543519
vt 0.621792 0.287230
vt 0.409250 0.261037
vt 0.774659 0.540761
vt 0.018082 0.643127
vt 0.777396 0.543519
vt 0.419962 0.273595
vt 0.619778 0.286305
vt 0.777396 0.540761
vt 0.422720 0.273595
vt 0.018082 0.639474
vt 0.419962 0.277802
vt 0.619778 0.289958
vt 0.422720 0.277802
vt 0.421324 0.277802
vt 0.407854 0.256831
vt 0.407854 0.261960
vt 0.774659 0.542157
vt 0.759758 0.806940
vt 0.777396 0.542157
vt 0.421324 0.272672
vt 0.759758 0.809156
vt 0.759503 0.807057
vt 0.759503 0.809273
vt 0.249298 0.251170
vt 0.207087 0.231292
vt 0.047265 0.005429
vt 0.047265 0.282591
vt 0.248224 0.251170
vt 0.206014 0.231291
vt 0.192388 0.227966
vt 0.180602 0.227966
vt 0.108901 0.005398
vt 0.108901 0.282143
vt 0.191314 0.227966
vt 0.179527 0.227966
vt 0.261083 0.251031
vt 0.165438 0.228625
vt 0.078199 0.005714
vt 0.078198 0.282512
vt 0.260010 0.251031
vt 0.166511 0.228623
vt 0.219171 0.222072
vt 0.217799 0.190064
vt 0.016004 0.282243
vt 0.016004 0.005426
vt 0.217799 0.222072
vt 0.219171 0.190062
s 0
usemtl Material.001
f 1/3/1 2/5/1 3/7/1 4/8/1
f 5/11/2 6/12/2 7/13/2 8/15/2
f 9/18/3 10/21/3 11/23/3 12/25/3
f 13/26/1 14/27/1 15/29/1 16/31/1
f 20/36/1 21/38/1 8/16/1 7/14/1
f 22/42/1 19/35/1 23/43/1 24/44/1
f 9/19/4 12/24/4 5/10/4 8/17/4 21/39/4 22/41/4 2/4/4 1/1/4
f 6/12/5 5/11/5 12/25/5 11/23/5
f 10/22/6 9/20/6 1/2/6 17/32/6
f 2/5/1 22/42/1 24/44/1 25/45/1
f 19/35/1 18/34/1 26/46/1 23/43/1
f 18/34/1 2/5/1 25/45/1 26/46/1
f 17/33/1 1/3/1 4/8/1 27/48/1
f 28/49/7 29/51/7 30/53/7 31/55/7
f 3/6/8 32/57/8 27/47/8 4/9/8
f 33/59/9 34/61/9 16/30/9 15/28/9
f 22/42/1 21/40/1 30/54/1 29/52/1
f 35/63/1 36/64/1 34/62/1 33/60/1
f 2/5/1 18/34/1 32/58/1 3/7/1
f 21/40/1 20/37/1 31/56/1 30/54/1
f 14/27/1 35/63/1 33/60/1 15/29/1
f 20/37/1 19/35/1 28/50/1 31/56/1
f 18/34/1 17/33/1 27/48/1 32/58/1
f 36/64/1 13/26/1 16/31/1 34/62/1
f 19/35/1 22/42/1 29/52/1 28/50/1
f 41/73/10 42/76/10 43/79/10 44/82/10
f 45/85/11 46/88/11 47/91/11 48/94/11
f 39/69/1 48/95/1 47/92/1 40/71/1
f 40/72/1 47/93/1 46/89/1 41/74/1 44/83/1 37/65/1
f 42/77/12 41/75/12 46/90/12 45/86/12
f 37/66/13 44/84/13 43/80/13 38/67/13
f 38/68/6 43/81/6 42/78/6 45/87/6 48/96/6 39/70/6
f 6220/13210/14 6218/13206/14 51/102/14 52/105/14
f 52/106/9 51/103/9 50/99/9 49/97/9
f 6218/13207/4 6219/13208/4 50/100/4 51/104/4
f 6216/13204/15 6214/13200/15 55/112/15 56/115/15
f 56/116/9 55/113/9 54/109/9 53/107/9
f 6214/13201/4 6215/13202/4 54/110/4 55/114/4
f 6212/13198/16 6210/13194/16 59/122/16 60/125/16
f 60/126/9 59/123/9 58/119/9 57/117/9
f 6210/13195/4 6211/13196/4 58/120/4 59/124/4
f 6224/13216/17 6222/13212/17 63/132/17 64/135/17
f 64/136/9 63/133/9 62/129/9 61/127/9
f 6222/13213/4 6223/13214/4 62/130/4 63/134/4
f 70/146/18 71/149/18 66/139/18 65/137/18
f 71/149/19 72/151/19 67/140/19 66/139/19
f 70/147/20 72/152/20 71/150/20
f 72/152/21 73/154/21 68/142/21 67/141/21
f 70/147/22 73/154/22 72/152/22
f 73/153/23 74/155/23 69/144/23 68/143/23
f 70/147/24 74/156/24 73/154/24
f 74/157/25 70/148/25 65/138/25 69/145/25
f 81/174/5 75/158/5 77/162/5 79/168/5
f 76/160/9 82/176/9 80/171/9 78/165/9
f 84/179/1 76/161/1 78/166/1 85/180/1
f 85/180/1 77/163/1 75/159/1 84/179/1
f 85/181/26 78/167/26 80/172/26 86/183/26
f 86/183/27 79/169/27 77/164/27 85/181/27
f 83/178/6 81/175/6 79/170/6 86/184/6
f 86/184/6 80/173/6 82/177/6 83/178/6
f 85/182/9 86/185/9 88/187/9 87/186/9
f 94/197/18 95/200/18 90/190/18 89/188/18
f 95/200/28 96/202/28 91/191/28 90/190/28
f 94/198/29 96/203/29 95/201/29
f 96/203/21 97/205/21 92/193/21 91/192/21
f 94/198/22 97/205/22 96/203/22
f 97/204/23 98/206/23 93/195/23 92/194/23
f 94/198/24 98/207/24 97/205/24
f 98/208/25 94/199/25 89/189/25 93/196/25
f 105/225/5 99/209/5 101/213/5 103/219/5
f 100/211/9 106/227/9 104/222/9 102/216/9
f 108/230/1 100/212/1 102/217/1 109/231/1
f 109/231/1 101/214/1 99/210/1 108/230/1
f 109/232/26 102/218/26 104/223/26 110/234/26
f 110/234/27 103/220/27 101/215/27 109/232/27
f 107/229/6 105/226/6 103/221/6 110/235/6
f 110/235/6 104/224/6 106/228/6 107/229/6
f 109/233/9 110/236/9 112/238/9 111/237/9
f 118/248/18 119/251/18 114/241/18 113/239/18
f 119/251/28 120/253/28 115/242/28 114/241/28
f 118/249/29 120/254/29 119/252/29
f 120/254/21 121/256/21 116/244/21 115/243/21
f 118/249/22 121/256/22 120/254/22
f 121/255/23 122/257/23 117/246/23 116/245/23
f 118/249/24 122/258/24 121/256/24
f 122/259/25 118/250/25 113/240/25 117/247/25
f 129/276/5 123/260/5 125/264/5 127/270/5
f 124/262/9 130/278/9 128/273/9 126/267/9
f 132/281/1 124/263/1 126/268/1 133/282/1
f 133/282/1 125/265/1 123/261/1 132/281/1
f 133/283/26 126/269/26 128/274/26 134/285/26
f 134/285/27 127/271/27 125/266/27 133/283/27
f 131/280/6 129/277/6 127/272/6 134/286/6
f 134/286/6 128/275/6 130/279/6 131/280/6
f 133/284/9 134/287/9 136/289/9 135/288/9
f 142/299/18 143/302/18 138/292/18 137/290/18
f 143/302/28 144/304/28 139/293/28 138/292/28
f 142/300/29 144/305/29 143/303/29
f 144/305/21 145/307/21 140/295/21 139/294/21
f 142/300/22 145/307/22 144/305/22
f 145/306/23 146/308/23 141/297/23 140/296/23
f 142/300/24 146/309/24 145/307/24
f 146/310/25 142/301/25 137/291/25 141/298/25
f 153/327/5 147/311/5 149/315/5 151/321/5
f 148/313/9 154/329/9 152/324/9 150/318/9
f 156/332/1 148/314/1 150/319/1 157/333/1
f 157/333/1 149/316/1 147/312/1 156/332/1
f 157/334/26 150/320/26 152/325/26 158/336/26
f 158/336/27 151/322/27 149/317/27 157/334/27
f 155/331/6 153/328/6 151/323/6 158/337/6
f 158/337/6 152/326/6 154/330/6 155/331/6
f 157/335/9 158/338/9 160/340/9 159/339/9
f 166/350/18 167/353/18 162/343/18 161/341/18
f 167/353/28 168/355/28 163/344/28 162/343/28
f 166/351/29 168/356/29 167/354/29
f 168/356/21 169/358/21 164/346/21 163/345/21
f 166/351/22 169/358/22 168/356/22
f 169/357/23 170/359/23 165/348/23 164/347/23
f 166/351/24 170/360/24 169/358/24
f 170/361/25 166/352/25 161/342/25 165/349/25
f 177/378/5 171/362/5 173/366/5 175/372/5
f 172/364/9 178/380/9 176/375/9 174/369/9
f 180/383/1 172/365/1 174/370/1 181/384/1
f 181/384/1 173/367/1 171/363/1 180/383/1
f 181/385/26 174/371/26 176/376/26 182/387/26
f 182/387/27 175/373/27 173/368/27 181/385/27
f 179/382/6 177/379/6 175/374/6 182/388/6
f 182/388/6 176/377/6 178/381/6 179/382/6
f 181/386/9 182/389/9 184/391/9 183/390/9
f 190/401/18 191/404/18 186/394/18 185/392/18
f 191/404/28 192/406/28 187/395/28 186/394/28
f 190/402/29 192/407/29 191/405/29
f 192/407/21 193/409/21 188/397/21 187/396/21
f 190/402/22 193/409/22 192/407/22
f 193/408/23 194/410/23 189/399/23 188/398/23
f 190/402/24 194/411/24 193/409/24
f 194/412/25 190/403/25 185/393/25 189/400/25
f 201/429/5 195/413/5 197/417/5 199/423/5
f 196/415/9 202/431/9 200/426/9 198/420/9
f 204/434/1 196/416/1 198/421/1 205/435/1
f 205/435/1 197/418/1 195/414/1 204/434/1
f 205/436/26 198/422/26 200/427/26 206/438/26
f 206/438/27 199/424/27 197/419/27 205/436/27
f 203/433/6 201/430/6 199/425/6 206/439/6
f 206/439/6 200/428/6 202/432/6 203/433/6
f 205/437/9 206/440/9 208/442/9 207/441/9
f 214/452/18 215/455/18 210/445/18 209/443/18
f 215/455/19 216/457/19 211/446/19 210/445/19
f 214/453/29 216/458/29 215/456/29
f 216/458/21 217/460/21 212/448/21 211/447/21
f 214/453/22 217/460/22 216/458/22
f 217/459/30 218/461/30 213/450/30 212/449/30
f 214/453/24 218/462/24 217/460/24
f 218/463/25 214/454/25 209/444/25 213/451/25
f 225/480/5 219/464/5 221/468/5 223/474/5
f 220/466/9 226/482/9 224/477/9 222/471/9
f 228/485/1 220/467/1 222/472/1 229/486/1
f 229/486/1 221/469/1 219/465/1 228/485/1
f 229/487/26 222/473/26 224/478/26 230/489/26
f 230/489/27 223/475/27 221/470/27 229/487/27
f 227/484/6 225/481/6 223/476/6 230/490/6
f 230/490/6 224/479/6 226/483/6 227/484/6
f 229/488/9 230/491/9 232/493/9 231/492/9
f 238/503/18 239/506/18 234/496/18 233/494/18
f 239/506/31 240/508/31 235/497/31 234/496/31
f 238/504/29 240/509/29 239/507/29
f 240/509/21 241/511/21 236/499/21 235/498/21
f 238/504/22 241/511/22 240/509/22
f 241/510/30 242/512/30 237/501/30 236/500/30
f 238/504/24 242/513/24 241/511/24
f 242/514/25 238/505/25 233/495/25 237/502/25
f 249/531/5 243/515/5 245/519/5 247/525/5
f 244/517/9 250/533/9 248/528/9 246/522/9
f 252/536/1 244/518/1 246/523/1 253/537/1
f 253/537/1 245/520/1 243/516/1 252/536/1
f 253/538/26 246/524/26 248/529/26 254/540/26
f 254/540/27 247/526/27 245/521/27 253/538/27
f 251/535/6 249/532/6 247/527/6 254/541/6
f 254/541/6 248/530/6 250/534/6 251/535/6
f 253/539/9 254/542/9 256/544/9 255/543/9
f 262/554/18 263/557/18 258/547/18 257/545/18
f 263/557/28 264/559/28 259/548/28 258/547/28
f 262/555/29 264/560/29 263/558/29
f 264/560/21 265/562/21 260/550/21 259/549/21
f 262/555/22 265/562/22 264/560/22
f 265/561/23 266/563/23 261/552/23 260/551/23
f 262/555/24 266/564/24 265/562/24
f 266/565/25 262/556/25 257/546/25 261/553/25
f 273/582/5 267/566/5 269/570/5 271/576/5
f 268/568/9 274/584/9 272/579/9 270/573/9
f 276/587/1 268/569/1 270/574/1 277/588/1
f 277/588/1 269/571/1 267/567/1 276/587/1
f 277/589/26 270/575/26 272/580/26 278/591/26
f 278/591/27 271/577/27 269/572/27 277/589/27
f 275/586/6 273/583/6 271/578/6 278/592/6
f 278/592/6 272/581/6 274/585/6 275/586/6
f 277/590/9 278/593/9 280/595/9 279/594/9
f 286/605/18 287/608/18 282/598/18 281/596/18
f 287/608/28 288/610/28 283/599/28 282/598/28
f 286/606/29 288/611/29 287/609/29
f 288/611/21 289/613/21 284/601/21 283/600/21
f 286/606/22 289/613/22 288/611/22
f 289/612/23 290/614/23 285/603/23 284/602/23
f 286/606/24 290/615/24 289/613/24
f 290/616/25 286/607/25 281/597/25 285/604/25
f 297/633/5 291/617/5 293/621/5 295/627/5
f 292/619/9 298/635/9 296/630/9 294/624/9
f 300/638/1 292/620/1 294/625/1 301/639/1
f 301/639/1 293/622/1 291/618/1 300/638/1
f 301/640/26 294/626/26 296/631/26 302/642/26
f 302/642/27 295/628/27 293/623/27 301/640/27
f 299/637/6 297/634/6 295/629/6 302/643/6
f 302/643/6 296/632/6 298/636/6 299/637/6
f 301/641/9 302/644/9 304/646/9 303/645/9
f 310/656/18 311/659/18 306/649/18 305/647/18
f 311/659/19 312/661/19 307/650/19 306/649/19
f 310/657/29 312/662/29 311/660/29
f 312/662/21 313/664/21 308/652/21 307/651/21
f 310/657/22 313/664/22 312/662/22
f 313/663/23 314/665/23 309/654/23 308/653/23
f 310/657/24 314/666/24 313/664/24
f 314/667/25 310/658/25 305/648/25 309/655/25
f 321/684/5 315/668/5 317/672/5 319/678/5
f 316/670/9 322/686/9 320/681/9 318/675/9
f 324/689/1 316/671/1 318/676/1 325/690/1
f 325/690/1 317/673/1 315/669/1 324/689/1
f 325/691/26 318/677/26 320/682/26 326/693/26
f 326/693/27 319/679/27 317/674/27 325/691/27
f 323/688/6 321/685/6 319/680/6 326/694/6
f 326/694/6 320/683/6 322/687/6 323/688/6
f 325/692/9 326/695/9 328/697/9 327/696/9
f 334/707/18 335/710/18 330/700/18 329/698/18
f 335/710/28 336/712/28 331/701/28 330/700/28
f 334/708/29 336/713/29 335/711/29
f 336/713/21 337/715/21 332/703/21 331/702/21
f 334/708/22 337/715/22 336/713/22
f 337/714/32 338/716/32 333/705/32 332/704/32
f 334/708/24 338/717/24 337/715/24
f 338/718/25 334/709/25 329/699/25 333/706/25
f 345/735/5 339/719/5 341/723/5 343/729/5
f 340/721/9 346/737/9 344/732/9 342/726/9
f 348/740/1 340/722/1 342/727/1 349/741/1
f 349/741/1 341/724/1 339/720/1 348/740/1
f 349/742/26 342/728/26 344/733/26 350/744/26
f 350/744/27 343/730/27 341/725/27 349/742/27
f 347/739/6 345/736/6 343/731/6 350/745/6
f 350/745/6 344/734/6 346/738/6 347/739/6
f 349/743/9 350/746/9 352/748/9 351/747/9
f 358/758/18 359/761/18 354/751/18 353/749/18
f 359/761/28 360/763/28 355/752/28 354/751/28
f 358/759/29 360/764/29 359/762/29
f 360/764/21 361/766/21 356/754/21 355/753/21
f 358/759/22 361/766/22 360/764/22
f 361/765/32 362/767/32 357/756/32 356/755/32
f 358/759/24 362/768/24 361/766/24
f 362/769/25 358/760/25 353/750/25 357/757/25
f 369/786/5 363/770/5 365/774/5 367/780/5
f 364/772/9 370/788/9 368/783/9 366/777/9
f 372/791/1 364/773/1 366/778/1 373/792/1
f 373/792/1 365/775/1 363/771/1 372/791/1
f 373/793/26 366/779/26 368/784/26 374/795/26
f 374/795/27 367/781/27 365/776/27 373/793/27
f 371/790/6 369/787/6 367/782/6 374/796/6
f 374/796/6 368/785/6 370/789/6 371/790/6
f 373/794/9 374/797/9 376/799/9 375/798/9
f 382/809/18 383/812/18 378/802/18 377/800/18
f 383/812/28 384/814/28 379/803/28 378/802/28
f 382/810/29 384/815/29 383/813/29
f 384/815/21 385/817/21 380/805/21 379/804/21
f 382/810/22 385/817/22 384/815/22
f 385/816/23 386/818/23 381/807/23 380/806/23
f 382/810/24 386/819/24 385/817/24
f 386/820/25 382/811/25 377/801/25 381/808/25
f 393/837/5 387/821/5 389/825/5 391/831/5
f 388/823/9 394/839/9 392/834/9 390/828/9
f 396/842/1 388/824/1 390/829/1 397/843/1
f 397/843/1 389/826/1 387/822/1 396/842/1
f 397/844/26 390/830/26 392/835/26 398/846/26
f 398/846/27 391/832/27 389/827/27 397/844/27
f 395/841/6 393/838/6 391/833/6 398/847/6
f 398/847/6 392/836/6 394/840/6 395/841/6
f 397/845/9 398/848/9 400/850/9 399/849/9
f 406/860/18 407/863/18 402/853/18 401/851/18
f 407/863/28 408/865/28 403/854/28 402/853/28
f 406/861/29 408/866/29 407/864/29
f 408/866/21 409/868/21 404/856/21 403/855/21
f 406/861/22 409/868/22 408/866/22
f 409/867/32 410/869/32 405/858/32 404/857/32
f 406/861/24 410/870/24 409/868/24
f 410/871/25 406/862/25 401/852/25 405/859/25
f 417/888/5 411/872/5 413/876/5 415/882/5
f 412/874/9 418/890/9 416/885/9 414/879/9
f 420/893/1 412/875/1 414/880/1 421/894/1
f 421/894/1 413/877/1 411/873/1 420/893/1
f 421/895/26 414/881/26 416/886/26 422/897/26
f 422/897/27 415/883/27 413/878/27 421/895/27
f 419/892/6 417/889/6 415/884/6 422/898/6
f 422/898/6 416/887/6 418/891/6 419/892/6
f 421/896/9 422/899/9 424/901/9 423/900/9
f 430/911/18 431/914/18 426/904/18 425/902/18
f 431/914/28 432/916/28 427/905/28 426/904/28
f 430/912/29 432/917/29 431/915/29
f 432/917/21 433/919/21 428/907/21 427/906/21
f 430/912/22 433/919/22 432/917/22
f 433/918/32 434/920/32 429/909/32 428/908/32
f 430/912/24 434/921/24 433/919/24
f 434/922/25 430/913/25 425/903/25 429/910/25
f 441/939/5 435/923/5 437/927/5 439/933/5
f 436/925/9 442/941/9 440/936/9 438/930/9
f 444/944/1 436/926/1 438/931/1 445/945/1
f 445/945/1 437/928/1 435/924/1 444/944/1
f 445/946/26 438/932/26 440/937/26 446/948/26
f 446/948/27 439/934/27 437/929/27 445/946/27
f 443/943/6 441/940/6 439/935/6 446/949/6
f 446/949/6 440/938/6 442/942/6 443/943/6
f 445/947/9 446/950/9 448/952/9 447/951/9
f 454/962/18 455/965/18 450/955/18 449/953/18
f 455/965/19 456/967/19 451/956/19 450/955/19
f 454/963/29 456/968/29 455/966/29
f 456/968/21 457/970/21 452/958/21 451/957/21
f 454/963/22 457/970/22 456/968/22
f 457/969/23 458/971/23 453/960/23 452/959/23
f 454/963/24 458/972/24 457/970/24
f 458/973/25 454/964/25 449/954/25 453/961/25
f 465/990/5 459/974/5 461/978/5 463/984/5
f 460/976/9 466/992/9 464/987/9 462/981/9
f 468/995/1 460/977/1 462/982/1 469/996/1
f 469/996/1 461/979/1 459/975/1 468/995/1
f 469/997/26 462/983/26 464/988/26 470/999/26
f 470/999/27 463/985/27 461/980/27 469/997/27
f 467/994/6 465/991/6 463/986/6 470/1000/6
f 470/1000/6 464/989/6 466/993/6 467/994/6
f 469/998/9 470/1001/9 472/1003/9 471/1002/9
f 478/1013/18 479/1016/18 474/1006/18 473/1004/18
f 479/1016/28 480/1018/28 475/1007/28 474/1006/28
f 478/1014/29 480/1019/29 479/1017/29
f 480/1019/21 481/1021/21 476/1009/21 475/1008/21
f 478/1014/22 481/1021/22 480/1019/22
f 481/1020/23 482/1022/23 477/1011/23 476/1010/23
f 478/1014/24 482/1023/24 481/1021/24
f 482/1024/25 478/1015/25 473/1005/25 477/1012/25
f 489/1041/5 483/1025/5 485/1029/5 487/1035/5
f 484/1027/9 490/1043/9 488/1038/9 486/1032/9
f 492/1046/1 484/1028/1 486/1033/1 493/1047/1
f 493/1047/1 485/1030/1 483/1026/1 492/1046/1
f 493/1048/26 486/1034/26 488/1039/26 494/1050/26
f 494/1050/27 487/1036/27 485/1031/27 493/1048/27
f 491/1045/6 489/1042/6 487/1037/6 494/1051/6
f 494/1051/6 488/1040/6 490/1044/6 491/1045/6
f 493/1049/9 494/1052/9 496/1054/9 495/1053/9
f 502/1064/18 503/1067/18 498/1057/18 497/1055/18
f 503/1067/28 504/1069/28 499/1058/28 498/1057/28
f 502/1065/29 504/1070/29 503/1068/29
f 504/1070/21 505/1072/21 500/1060/21 499/1059/21
f 502/1065/22 505/1072/22 504/1070/22
f 505/1071/23 506/1073/23 501/1062/23 500/1061/23
f 502/1065/24 506/1074/24 505/1072/24
f 506/1075/25 502/1066/25 497/1056/25 501/1063/25
f 513/1092/5 507/1076/5 509/1080/5 511/1086/5
f 508/1078/9 514/1094/9 512/1089/9 510/1083/9
f 516/1097/1 508/1079/1 510/1084/1 517/1098/1
f 517/1098/1 509/1081/1 507/1077/1 516/1097/1
f 517/1099/26 510/1085/26 512/1090/26 518/1101/26
f 518/1101/27 511/1087/27 509/1082/27 517/1099/27
f 515/1096/6 513/1093/6 511/1088/6 518/1102/6
f 518/1102/6 512/1091/6 514/1095/6 515/1096/6
f 517/1100/9 518/1103/9 520/1105/9 519/1104/9
f 526/1115/18 527/1118/18 522/1108/18 521/1106/18
f 527/1118/28 528/1120/28 523/1109/28 522/1108/28
f 526/1116/29 528/1121/29 527/1119/29
f 528/1121/21 529/1123/21 524/1111/21 523/1110/21
f 526/1116/22 529/1123/22 528/1121/22
f 529/1122/23 530/1124/23 525/1113/23 524/1112/23
f 526/1116/24 530/1125/24 529/1123/24
f 530/1126/25 526/1117/25 521/1107/25 525/1114/25
f 537/1143/5 531/1127/5 533/1131/5 535/1137/5
f 532/1129/9 538/1145/9 536/1140/9 534/1134/9
f 540/1148/1 532/1130/1 534/1135/1 541/1149/1
f 541/1149/1 533/1132/1 531/1128/1 540/1148/1
f 541/1150/26 534/1136/26 536/1141/26 542/1152/26
f 542/1152/27 535/1138/27 533/1133/27 541/1150/27
f 539/1147/6 537/1144/6 535/1139/6 542/1153/6
f 542/1153/6 536/1142/6 538/1146/6 539/1147/6
f 541/1151/9 542/1154/9 544/1156/9 543/1155/9
f 550/1166/18 551/1169/18 546/1159/18 545/1157/18
f 551/1169/28 552/1171/28 547/1160/28 546/1159/28
f 550/1167/29 552/1172/29 551/1170/29
f 552/1172/21 553/1174/21 548/1162/21 547/1161/21
f 550/1167/22 553/1174/22 552/1172/22
f 553/1173/23 554/1175/23 549/1164/23 548/1163/23
f 550/1167/24 554/1176/24 553/1174/24
f 554/1177/25 550/1168/25 545/1158/25 549/1165/25
f 561/1194/5 555/1178/5 557/1182/5 559/1188/5
f 556/1180/9 562/1196/9 560/1191/9 558/1185/9
f 564/1199/1 556/1181/1 558/1186/1 565/1200/1
f 565/1200/1 557/1183/1 555/1179/1 564/1199/1
f 565/1201/26 558/1187/26 560/1192/26 566/1203/26
f 566/1203/27 559/1189/27 557/1184/27 565/1201/27
f 563/1198/6 561/1195/6 559/1190/6 566/1204/6
f 566/1204/6 560/1193/6 562/1197/6 563/1198/6
f 565/1202/9 566/1205/9 568/1207/9 567/1206/9
f 574/1217/18 575/1220/18 570/1210/18 569/1208/18
f 575/1220/28 576/1222/28 571/1211/28 570/1210/28
f 574/1218/29 576/1223/29 575/1221/29
f 576/1223/21 577/1225/21 572/1213/21 571/1212/21
f 574/1218/22 577/1225/22 576/1223/22
f 577/1224/23 578/1226/23 573/1215/23 572/1214/23
f 574/1218/24 578/1227/24 577/1225/24
f 578/1228/25 574/1219/25 569/1209/25 573/1216/25
f 585/1245/5 579/1229/5 581/1233/5 583/1239/5
f 580/1231/9 586/1247/9 584/1242/9 582/1236/9
f 588/1250/1 580/1232/1 582/1237/1 589/1251/1
f 589/1251/1 581/1234/1 579/1230/1 588/1250/1
f 589/1252/26 582/1238/26 584/1243/26 590/1254/26
f 590/1254/27 583/1240/27 581/1235/27 589/1252/27
f 587/1249/6 585/1246/6 583/1241/6 590/1255/6
f 590/1255/6 584/1244/6 586/1248/6 587/1249/6
f 589/1253/9 590/1256/9 592/1258/9 591/1257/9
f 598/1268/18 599/1271/18 594/1261/18 593/1259/18
f 599/1271/19 600/1273/19 595/1262/19 594/1261/19
f 598/1269/29 600/1274/29 599/1272/29
f 600/1274/21 601/1276/21 596/1264/21 595/1263/21
f 598/1269/22 601/1276/22 600/1274/22
f 601/1275/30 602/1277/30 597/1266/30 596/1265/30
f 598/1269/24 602/1278/24 601/1276/24
f 602/1279/25 598/1270/25 593/1260/25 597/1267/25
f 609/1296/5 603/1280/5 605/1284/5 607/1290/5
f 604/1282/9 610/1298/9 608/1293/9 606/1287/9
f 612/1301/1 604/1283/1 606/1288/1 613/1302/1
f 613/1302/1 605/1285/1 603/1281/1 612/1301/1
f 613/1303/26 606/1289/26 608/1294/26 614/1305/26
f 614/1305/27 607/1291/27 605/1286/27 613/1303/27
f 611/1300/6 609/1297/6 607/1292/6 614/1306/6
f 614/1306/6 608/1295/6 610/1299/6 611/1300/6
f 613/1304/9 614/1307/9 616/1309/9 615/1308/9
f 622/1319/18 623/1322/18 618/1312/18 617/1310/18
f 623/1322/31 624/1324/31 619/1313/31 618/1312/31
f 622/1320/29 624/1325/29 623/1323/29
f 624/1325/21 625/1327/21 620/1315/21 619/1314/21
f 622/1320/22 625/1327/22 624/1325/22
f 625/1326/30 626/1328/30 621/1317/30 620/1316/30
f 622/1320/24 626/1329/24 625/1327/24
f 626/1330/25 622/1321/25 617/1311/25 621/1318/25
f 633/1347/5 627/1331/5 629/1335/5 631/1341/5
f 628/1333/9 634/1349/9 632/1344/9 630/1338/9
f 636/1352/1 628/1334/1 630/1339/1 637/1353/1
f 637/1353/1 629/1336/1 627/1332/1 636/1352/1
f 637/1354/26 630/1340/26 632/1345/26 638/1356/26
f 638/1356/27 631/1342/27 629/1337/27 637/1354/27
f 635/1351/6 633/1348/6 631/1343/6 638/1357/6
f 638/1357/6 632/1346/6 634/1350/6 635/1351/6
f 637/1355/9 638/1358/9 640/1360/9 639/1359/9
f 646/1370/18 647/1373/18 642/1363/18 641/1361/18
f 647/1373/28 648/1375/28 643/1364/28 642/1363/28
f 646/1371/29 648/1376/29 647/1374/29
f 648/1376/21 649/1378/21 644/1366/21 643/1365/21
f 646/1371/22 649/1378/22 648/1376/22
f 649/1377/23 650/1379/23 645/1368/23 644/1367/23
f 646/1371/24 650/1380/24 649/1378/24
f 650/1381/25 646/1372/25 641/1362/25 645/1369/25
f 657/1398/5 651/1382/5 653/1386/5 655/1392/5
f 652/1384/9 658/1400/9 656/1395/9 654/1389/9
f 660/1403/1 652/1385/1 654/1390/1 661/1404/1
f 661/1404/1 653/1387/1 651/1383/1 660/1403/1
f 661/1405/26 654/1391/26 656/1396/26 662/1407/26
f 662/1407/27 655/1393/27 653/1388/27 661/1405/27
f 659/1402/6 657/1399/6 655/1394/6 662/1408/6
f 662/1408/6 656/1397/6 658/1401/6 659/1402/6
f 661/1406/9 662/1409/9 664/1411/9 663/1410/9
f 670/1421/18 671/1424/18 666/1414/18 665/1412/18
f 671/1424/28 672/1426/28 667/1415/28 666/1414/28
f 670/1422/29 672/1427/29 671/1425/29
f 672/1427/21 673/1429/21 668/1417/21 667/1416/21
f 670/1422/22 673/1429/22 672/1427/22
f 673/1428/23 674/1430/23 669/1419/23 668/1418/23
f 670/1422/24 674/1431/24 673/1429/24
f 674/1432/25 670/1423/25 665/1413/25 669/1420/25
f 681/1449/5 675/1433/5 677/1437/5 679/1443/5
f 676/1435/9 682/1451/9 680/1446/9 678/1440/9
f 684/1454/1 676/1436/1 678/1441/1 685/1455/1
f 685/1455/1 677/1438/1 675/1434/1 684/1454/1
f 685/1456/26 678/1442/26 680/1447/26 686/1458/26
f 686/1458/27 679/1444/27 677/1439/27 685/1456/27
f 683/1453/6 681/1450/6 679/1445/6 686/1459/6
f 686/1459/6 680/1448/6 682/1452/6 683/1453/6
f 685/1457/9 686/1460/9 688/1462/9 687/1461/9
f 694/1472/18 695/1475/18 690/1465/18 689/1463/18
f 695/1475/19 696/1477/19 691/1466/19 690/1465/19
f 694/1473/29 696/1478/29 695/1476/29
f 696/1478/21 697/1480/21 692/1468/21 691/1467/21
f 694/1473/22 697/1480/22 696/1478/22
f 697/1479/23 698/1481/23 693/1470/23 692/1469/23
f 694/1473/24 698/1482/24 697/1480/24
f 698/1483/25 694/1474/25 689/1464/25 693/1471/25
f 705/1500/5 699/1484/5 701/1488/5 703/1494/5
f 700/1486/9 706/1502/9 704/1497/9 702/1491/9
f 708/1505/1 700/1487/1 702/1492/1 709/1506/1
f 709/1506/1 701/1489/1 699/1485/1 708/1505/1
f 709/1507/26 702/1493/26 704/1498/26 710/1509/26
f 710/1509/27 703/1495/27 701/1490/27 709/1507/27
f 707/1504/6 705/1501/6 703/1496/6 710/1510/6
f 710/1510/6 704/1499/6 706/1503/6 707/1504/6
f 709/1508/9 710/1511/9 712/1513/9 711/1512/9
f 718/1523/18 719/1526/18 714/1516/18 713/1514/18
f 719/1526/28 720/1528/28 715/1517/28 714/1516/28
f 718/1524/29 720/1529/29 719/1527/29
f 720/1529/21 721/1531/21 716/1519/21 715/1518/21
f 718/1524/22 721/1531/22 720/1529/22
f 721/1530/32 722/1532/32 717/1521/32 716/1520/32
f 718/1524/24 722/1533/24 721/1531/24
f 722/1534/25 718/1525/25 713/1515/25 717/1522/25
f 729/1551/5 723/1535/5 725/1539/5 727/1545/5
f 724/1537/9 730/1553/9 728/1548/9 726/1542/9
f 732/1556/1 724/1538/1 726/1543/1 733/1557/1
f 733/1557/1 725/1540/1 723/1536/1 732/1556/1
f 733/1558/26 726/1544/26 728/1549/26 734/1560/26
f 734/1560/27 727/1546/27 725/1541/27 733/1558/27
f 731/1555/6 729/1552/6 727/1547/6 734/1561/6
f 734/1561/6 728/1550/6 730/1554/6 731/1555/6
f 733/1559/9 734/1562/9 736/1564/9 735/1563/9
f 742/1574/18 743/1577/18 738/1567/18 737/1565/18
f 743/1577/28 744/1579/28 739/1568/28 738/1567/28
f 742/1575/29 744/1580/29 743/1578/29
f 744/1580/21 745/1582/21 740/1570/21 739/1569/21
f 742/1575/22 745/1582/22 744/1580/22
f 745/1581/32 746/1583/32 741/1572/32 740/1571/32
f 742/1575/24 746/1584/24 745/1582/24
f 746/1585/25 742/1576/25 737/1566/25 741/1573/25
f 753/1602/5 747/1586/5 749/1590/5 751/1596/5
f 748/1588/9 754/1604/9 752/1599/9 750/1593/9
f 756/1607/1 748/1589/1 750/1594/1 757/1608/1
f 757/1608/1 749/1591/1 747/1587/1 756/1607/1
f 757/1609/26 750/1595/26 752/1600/26 758/1611/26
f 758/1611/27 751/1597/27 749/1592/27 757/1609/27
f 755/1606/6 753/1603/6 751/1598/6 758/1612/6
f 758/1612/6 752/1601/6 754/1605/6 755/1606/6
f 757/1610/9 758/1613/9 760/1615/9 759/1614/9
f 766/1625/18 767/1628/18 762/1618/18 761/1616/18
f 767/1628/28 768/1630/28 763/1619/28 762/1618/28
f 766/1626/29 768/1631/29 767/1629/29
f 768/1631/21 769/1633/21 764/1621/21 763/1620/21
f 766/1626/22 769/1633/22 768/1631/22
f 769/1632/23 770/1634/23 765/1623/23 764/1622/23
f 766/1626/24 770/1635/24 769/1633/24
f 770/1636/25 766/1627/25 761/1617/25 765/1624/25
f 777/1653/5 771/1637/5 773/1641/5 775/1647/5
f 772/1639/9 778/1655/9 776/1650/9 774/1644/9
f 780/1658/1 772/1640/1 774/1645/1 781/1659/1
f 781/1659/1 773/1642/1 771/1638/1 780/1658/1
f 781/1660/26 774/1646/26 776/1651/26 782/1662/26
f 782/1662/27 775/1648/27 773/1643/27 781/1660/27
f 779/1657/6 777/1654/6 775/1649/6 782/1663/6
f 782/1663/6 776/1652/6 778/1656/6 779/1657/6
f 781/1661/9 782/1664/9 784/1666/9 783/1665/9
f 790/1676/18 791/1679/18 786/1669/18 785/1667/18
f 791/1679/28 792/1681/28 787/1670/28 786/1669/28
f 790/1677/29 792/1682/29 791/1680/29
f 792/1682/21 793/1684/21 788/1672/21 787/1671/21
f 790/1677/22 793/1684/22 792/1682/22
f 793/1683/23 794/1685/23 789/1674/23 788/1673/23
f 790/1677/24 794/1686/24 793/1684/24
f 794/1687/25 790/1678/25 785/1668/25 789/1675/25
f 801/1704/5 795/1688/5 797/1692/5 799/1698/5
f 796/1690/9 802/1706/9 800/1701/9 798/1695/9
f 804/1709/1 796/1691/1 798/1696/1 805/1710/1
f 805/1710/1 797/1693/1 795/1689/1 804/1709/1
f 805/1711/26 798/1697/26 800/1702/26 806/1713/26
f 806/1713/27 799/1699/27 797/1694/27 805/1711/27
f 803/1708/6 801/1705/6 799/1700/6 806/1714/6
f 806/1714/6 800/1703/6 802/1707/6 803/1708/6
f 805/1712/9 806/1715/9 808/1717/9 807/1716/9
f 814/1727/18 815/1730/18 810/1720/18 809/1718/18
f 815/1730/28 816/1732/28 811/1721/28 810/1720/28
f 814/1728/29 816/1733/29 815/1731/29
f 816/1733/21 817/1735/21 812/1723/21 811/1722/21
f 814/1728/22 817/1735/22 816/1733/22
f 817/1734/23 818/1736/23 813/1725/23 812/1724/23
f 814/1728/24 818/1737/24 817/1735/24
f 818/1738/25 814/1729/25 809/1719/25 813/1726/25
f 825/1755/5 819/1739/5 821/1743/5 823/1749/5
f 820/1741/9 826/1757/9 824/1752/9 822/1746/9
f 828/1760/1 820/1742/1 822/1747/1 829/1761/1
f 829/1761/1 821/1744/1 819/1740/1 828/1760/1
f 829/1762/26 822/1748/26 824/1753/26 830/1764/26
f 830/1764/27 823/1750/27 821/1745/27 829/1762/27
f 827/1759/6 825/1756/6 823/1751/6 830/1765/6
f 830/1765/6 824/1754/6 826/1758/6 827/1759/6
f 829/1763/9 830/1766/9 832/1768/9 831/1767/9
f 838/1778/18 839/1781/18 834/1771/18 833/1769/18
f 839/1781/28 840/1783/28 835/1772/28 834/1771/28
f 838/1779/29 840/1784/29 839/1782/29
f 840/1784/21 841/1786/21 836/1774/21 835/1773/21
f 838/1779/22 841/1786/22 840/1784/22
f 841/1785/23 842/1787/23 837/1776/23 836/1775/23
f 838/1779/24 842/1788/24 841/1786/24
f 842/1789/25 838/1780/25 833/1770/25 837/1777/25
f 849/1806/5 843/1790/5 845/1794/5 847/1800/5
f 844/1792/9 850/1808/9 848/1803/9 846/1797/9
f 852/1811/1 844/1793/1 846/1798/1 853/1812/1
f 853/1812/1 845/1795/1 843/1791/1 852/1811/1
f 853/1813/26 846/1799/26 848/1804/26 854/1815/26
f 854/1815/27 847/1801/27 845/1796/27 853/1813/27
f 851/1810/6 849/1807/6 847/1802/6 854/1816/6
f 854/1816/6 848/1805/6 850/1809/6 851/1810/6
f 853/1814/9 854/1817/9 856/1819/9 855/1818/9
f 862/1829/18 863/1832/18 858/1822/18 857/1820/18
f 863/1832/28 864/1834/28 859/1823/28 858/1822/28
f 862/1830/29 864/1835/29 863/1833/29
f 864/1835/21 865/1837/21 860/1825/21 859/1824/21
f 862/1830/22 865/1837/22 864/1835/22
f 865/1836/23 866/1838/23 861/1827/23 860/1826/23
f 862/1830/24 866/1839/24 865/1837/24
f 866/1840/25 862/1831/25 857/1821/25 861/1828/25
f 873/1857/5 867/1841/5 869/1845/5 871/1851/5
f 868/1843/9 874/1859/9 872/1854/9 870/1848/9
f 876/1862/1 868/1844/1 870/1849/1 877/1863/1
f 877/1863/1 869/1846/1 867/1842/1 876/1862/1
f 877/1864/26 870/1850/26 872/1855/26 878/1866/26
f 878/1866/27 871/1852/27 869/1847/27 877/1864/27
f 875/1861/6 873/1858/6 871/1853/6 878/1867/6
f 878/1867/6 872/1856/6 874/1860/6 875/1861/6
f 877/1865/9 878/1868/9 880/1870/9 879/1869/9
f 886/1880/18 887/1883/18 882/1873/18 881/1871/18
f 887/1883/28 888/1885/28 883/1874/28 882/1873/28
f 886/1881/29 888/1886/29 887/1884/29
f 888/1886/21 889/1888/21 884/1876/21 883/1875/21
f 886/1881/22 889/1888/22 888/1886/22
f 889/1887/23 890/1889/23 885/1878/23 884/1877/23
f 886/1881/24 890/1890/24 889/1888/24
f 890/1891/25 886/1882/25 881/1872/25 885/1879/25
f 897/1908/5 891/1892/5 893/1896/5 895/1902/5
f 892/1894/9 898/1910/9 896/1905/9 894/1899/9
f 900/1913/1 892/1895/1 894/1900/1 901/1914/1
f 901/1914/1 893/1897/1 891/1893/1 900/1913/1
f 901/1915/26 894/1901/26 896/1906/26 902/1917/26
f 902/1917/27 895/1903/27 893/1898/27 901/1915/27
f 899/1912/6 897/1909/6 895/1904/6 902/1918/6
f 902/1918/6 896/1907/6 898/1911/6 899/1912/6
f 901/1916/9 902/1919/9 904/1921/9 903/1920/9
f 910/1931/18 911/1934/18 906/1924/18 905/1922/18
f 911/1934/28 912/1936/28 907/1925/28 906/1924/28
f 910/1932/29 912/1937/29 911/1935/29
f 912/1937/21 913/1939/21 908/1927/21 907/1926/21
f 910/1932/22 913/1939/22 912/1937/22
f 913/1938/23 914/1940/23 909/1929/23 908/1928/23
f 910/1932/24 914/1941/24 913/1939/24
f 914/1942/25 910/1933/25 905/1923/25 909/1930/25
f 921/1959/5 915/1943/5 917/1947/5 919/1953/5
f 916/1945/9 922/1961/9 920/1956/9 918/1950/9
f 924/1964/1 916/1946/1 918/1951/1 925/1965/1
f 925/1965/1 917/1948/1 915/1944/1 924/1964/1
f 925/1966/26 918/1952/26 920/1957/26 926/1968/26
f 926/1968/27 919/1954/27 917/1949/27 925/1966/27
f 923/1963/6 921/1960/6 919/1955/6 926/1969/6
f 926/1969/6 920/1958/6 922/1962/6 923/1963/6
f 925/1967/9 926/1970/9 928/1972/9 927/1971/9
f 934/1982/18 935/1985/18 930/1975/18 929/1973/18
f 935/1985/28 936/1987/28 931/1976/28 930/1975/28
f 934/1983/29 936/1988/29 935/1986/29
f 936/1988/21 937/1990/21 932/1978/21 931/1977/21
f 934/1983/22 937/1990/22 936/1988/22
f 937/1989/23 938/1991/23 933/1980/23 932/1979/23
f 934/1983/24 938/1992/24 937/1990/24
f 938/1993/25 934/1984/25 929/1974/25 933/1981/25
f 945/2010/5 939/1994/5 941/1998/5 943/2004/5
f 940/1996/9 946/2012/9 944/2007/9 942/2001/9
f 948/2015/1 940/1997/1 942/2002/1 949/2016/1
f 949/2016/1 941/1999/1 939/1995/1 948/2015/1
f 949/2017/26 942/2003/26 944/2008/26 950/2019/26
f 950/2019/27 943/2005/27 941/2000/27 949/2017/27
f 947/2014/6 945/2011/6 943/2006/6 950/2020/6
f 950/2020/6 944/2009/6 946/2013/6 947/2014/6
f 949/2018/9 950/2021/9 952/2023/9 951/2022/9
f 958/2033/18 959/2036/18 954/2026/18 953/2024/18
f 959/2036/28 960/2038/28 955/2027/28 954/2026/28
f 958/2034/29 960/2039/29 959/2037/29
f 960/2039/21 961/2041/21 956/2029/21 955/2028/21
f 958/2034/22 961/2041/22 960/2039/22
f 961/2040/23 962/2042/23 957/2031/23 956/2030/23
f 958/2034/24 962/2043/24 961/2041/24
f 962/2044/25 958/2035/25 953/2025/25 957/2032/25
f 969/2061/5 963/2045/5 965/2049/5 967/2055/5
f 964/2047/9 970/2063/9 968/2058/9 966/2052/9
f 972/2066/1 964/2048/1 966/2053/1 973/2067/1
f 973/2067/1 965/2050/1 963/2046/1 972/2066/1
f 973/2068/26 966/2054/26 968/2059/26 974/2070/26
f 974/2070/27 967/2056/27 965/2051/27 973/2068/27
f 971/2065/6 969/2062/6 967/2057/6 974/2071/6
f 974/2071/6 968/2060/6 970/2064/6 971/2065/6
f 973/2069/9 974/2072/9 976/2074/9 975/2073/9
f 982/2084/18 983/2087/18 978/2077/18 977/2075/18
f 983/2087/28 984/2089/28 979/2078/28 978/2077/28
f 982/2085/29 984/2090/29 983/2088/29
f 984/2090/21 985/2092/21 980/2080/21 979/2079/21
f 982/2085/22 985/2092/22 984/2090/22
f 985/2091/23 986/2093/23 981/2082/23 980/2081/23
f 982/2085/24 986/2094/24 985/2092/24
f 986/2095/25 982/2086/25 977/2076/25 981/2083/25
f 993/2112/5 987/2096/5 989/2100/5 991/2106/5
f 988/2098/9 994/2114/9 992/2109/9 990/2103/9
f 996/2117/1 988/2099/1 990/2104/1 997/2118/1
f 997/2118/1 989/2101/1 987/2097/1 996/2117/1
f 997/2119/26 990/2105/26 992/2110/26 998/2121/26
f 998/2121/27 991/2107/27 989/2102/27 997/2119/27
f 995/2116/6 993/2113/6 991/2108/6 998/2122/6
f 998/2122/6 992/2111/6 994/2115/6 995/2116/6
f 997/2120/9 998/2123/9 1000/2125/9 999/2124/9
f 1006/2135/18 1007/2138/18 1002/2128/18 1001/2126/18
f 1007/2138/28 1008/2140/28 1003/2129/28 1002/2128/28
f 1006/2136/29 1008/2141/29 1007/2139/29
f 1008/2141/21 1009/2143/21 1004/2131/21 1003/2130/21
f 1006/2136/22 1009/2143/22 1008/2141/22
f 1009/2142/23 1010/2144/23 1005/2133/23 1004/2132/23
f 1006/2136/24 1010/2145/24 1009/2143/24
f 1010/2146/25 1006/2137/25 1001/2127/25 1005/2134/25
f 1017/2163/5 1011/2147/5 1013/2151/5 1015/2157/5
f 1012/2149/9 1018/2165/9 1016/2160/9 1014/2154/9
f 1020/2168/1 1012/2150/1 1014/2155/1 1021/2169/1
f 1021/2169/1 1013/2152/1 1011/2148/1 1020/2168/1
f 1021/2170/26 1014/2156/26 1016/2161/26 1022/2172/26
f 1022/2172/27 1015/2158/27 1013/2153/27 1021/2170/27
f 1019/2167/6 1017/2164/6 1015/2159/6 1022/2173/6
f 1022/2173/6 1016/2162/6 1018/2166/6 1019/2167/6
f 1021/2171/9 1022/2174/9 1024/2176/9 1023/2175/9
f 1030/2186/18 1031/2189/18 1026/2179/18 1025/2177/18
f 1031/2189/28 1032/2191/28 1027/2180/28 1026/2179/28
f 1030/2187/29 1032/2192/29 1031/2190/29
f 1032/2192/21 1033/2194/21 1028/2182/21 1027/2181/21
f 1030/2187/22 1033/2194/22 1032/2192/22
f 1033/2193/23 1034/2195/23 1029/2184/23 1028/2183/23
f 1030/2187/24 1034/2196/24 1033/2194/24
f 1034/2197/25 1030/2188/25 1025/2178/25 1029/2185/25
f 1041/2214/5 1035/2198/5 1037/2202/5 1039/2208/5
f 1036/2200/9 1042/2216/9 1040/2211/9 1038/2205/9
f 1044/2219/1 1036/2201/1 1038/2206/1 1045/2220/1
f 1045/2220/1 1037/2203/1 1035/2199/1 1044/2219/1
f 1045/2221/26 1038/2207/26 1040/2212/26 1046/2223/26
f 1046/2223/27 1039/2209/27 1037/2204/27 1045/2221/27
f 1043/2218/6 1041/2215/6 1039/2210/6 1046/2224/6
f 1046/2224/6 1040/2213/6 1042/2217/6 1043/2218/6
f 1045/2222/9 1046/2225/9 1048/2227/9 1047/2226/9
f 1054/2237/18 1055/2240/18 1050/2230/18 1049/2228/18
f 1055/2240/28 1056/2242/28 1051/2231/28 1050/2230/28
f 1054/2238/29 1056/2243/29 1055/2241/29
f 1056/2243/21 1057/2245/21 1052/2233/21 1051/2232/21
f 1054/2238/22 1057/2245/22 1056/2243/22
f 1057/2244/23 1058/2246/23 1053/2235/23 1052/2234/23
f 1054/2238/24 1058/2247/24 1057/2245/24
f 1058/2248/25 1054/2239/25 1049/2229/25 1053/2236/25
f 1065/2265/5 1059/2249/5 1061/2253/5 1063/2259/5
f 1060/2251/9 1066/2267/9 1064/2262/9 1062/2256/9
f 1068/2270/1 1060/2252/1 1062/2257/1 1069/2271/1
f 1069/2271/1 1061/2254/1 1059/2250/1 1068/2270/1
f 1069/2272/26 1062/2258/26 1064/2263/26 1070/2274/26
f 1070/2274/27 1063/2260/27 1061/2255/27 1069/2272/27
f 1067/2269/6 1065/2266/6 1063/2261/6 1070/2275/6
f 1070/2275/6 1064/2264/6 1066/2268/6 1067/2269/6
f 1069/2273/9 1070/2276/9 1072/2278/9 1071/2277/9
f 1078/2288/18 1079/2291/18 1074/2281/18 1073/2279/18
f 1079/2291/28 1080/2293/28 1075/2282/28 1074/2281/28
f 1078/2289/29 1080/2294/29 1079/2292/29
f 1080/2294/21 1081/2296/21 1076/2284/21 1075/2283/21
f 1078/2289/22 1081/2296/22 1080/2294/22
f 1081/2295/23 1082/2297/23 1077/2286/23 1076/2285/23
f 1078/2289/24 1082/2298/24 1081/2296/24
f 1082/2299/25 1078/2290/25 1073/2280/25 1077/2287/25
f 1089/2316/5 1083/2300/5 1085/2304/5 1087/2310/5
f 1084/2302/9 1090/2318/9 1088/2313/9 1086/2307/9
f 1092/2321/1 1084/2303/1 1086/2308/1 1093/2322/1
f 1093/2322/1 1085/2305/1 1083/2301/1 1092/2321/1
f 1093/2323/26 1086/2309/26 1088/2314/26 1094/2325/26
f 1094/2325/27 1087/2311/27 1085/2306/27 1093/2323/27
f 1091/2320/6 1089/2317/6 1087/2312/6 1094/2326/6
f 1094/2326/6 1088/2315/6 1090/2319/6 1091/2320/6
f 1093/2324/9 1094/2327/9 1096/2329/9 1095/2328/9
f 1102/2339/18 1103/2342/18 1098/2332/18 1097/2330/18
f 1103/2342/28 1104/2344/28 1099/2333/28 1098/2332/28
f 1102/2340/29 1104/2345/29 1103/2343/29
f 1104/2345/21 1105/2347/21 1100/2335/21 1099/2334/21
f 1102/2340/22 1105/2347/22 1104/2345/22
f 1105/2346/23 1106/2348/23 1101/2337/23 1100/2336/23
f 1102/2340/24 1106/2349/24 1105/2347/24
f 1106/2350/25 1102/2341/25 1097/2331/25 1101/2338/25
f 1113/2367/5 1107/2351/5 1109/2355/5 1111/2361/5
f 1108/2353/9 1114/2369/9 1112/2364/9 1110/2358/9
f 1116/2372/1 1108/2354/1 1110/2359/1 1117/2373/1
f 1117/2373/1 1109/2356/1 1107/2352/1 1116/2372/1
f 1117/2374/26 1110/2360/26 1112/2365/26 1118/2376/26
f 1118/2376/27 1111/2362/27 1109/2357/27 1117/2374/27
f 1115/2371/6 1113/2368/6 1111/2363/6 1118/2377/6
f 1118/2377/6 1112/2366/6 1114/2370/6 1115/2371/6
f 1117/2375/9 1118/2378/9 1120/2380/9 1119/2379/9
f 1126/2390/18 1127/2393/18 1122/2383/18 1121/2381/18
f 1127/2393/28 1128/2395/28 1123/2384/28 1122/2383/28
f 1126/2391/29 1128/2396/29 1127/2394/29
f 1128/2396/21 1129/2398/21 1124/2386/21 1123/2385/21
f 1126/2391/22 1129/2398/22 1128/2396/22
f 1129/2397/30 1130/2399/30 1125/2388/30 1124/2387/30
f 1126/2391/24 1130/2400/24 1129/2398/24
f 1130/2401/25 1126/2392/25 1121/2382/25 1125/2389/25
f 1137/2418/5 1131/2402/5 1133/2406/5 1135/2412/5
f 1132/2404/9 1138/2420/9 1136/2415/9 1134/2409/9
f 1140/2423/1 1132/2405/1 1134/2410/1 1141/2424/1
f 1141/2424/1 1133/2407/1 1131/2403/1 1140/2423/1
f 1141/2425/26 1134/2411/26 1136/2416/26 1142/2427/26
f 1142/2427/27 1135/2413/27 1133/2408/27 1141/2425/27
f 1139/2422/6 1137/2419/6 1135/2414/6 1142/2428/6
f 1142/2428/6 1136/2417/6 1138/2421/6 1139/2422/6
f 1141/2426/9 1142/2429/9 1144/2431/9 1143/2430/9
f 1150/2441/18 1151/2444/18 1146/2434/18 1145/2432/18
f 1151/2444/28 1152/2446/28 1147/2435/28 1146/2434/28
f 1150/2442/29 1152/2447/29 1151/2445/29
f 1152/2447/21 1153/2449/21 1148/2437/21 1147/2436/21
f 1150/2442/22 1153/2449/22 1152/2447/22
f 1153/2448/30 1154/2450/30 1149/2439/30 1148/2438/30
f 1150/2442/24 1154/2451/24 1153/2449/24
f 1154/2452/25 1150/2443/25 1145/2433/25 1149/2440/25
f 1161/2469/5 1155/2453/5 1157/2457/5 1159/2463/5
f 1156/2455/9 1162/2471/9 1160/2466/9 1158/2460/9
f 1164/2474/1 1156/2456/1 1158/2461/1 1165/2475/1
f 1165/2475/1 1157/2458/1 1155/2454/1 1164/2474/1
f 1165/2476/26 1158/2462/26 1160/2467/26 1166/2478/26
f 1166/2478/27 1159/2464/27 1157/2459/27 1165/2476/27
f 1163/2473/6 1161/2470/6 1159/2465/6 1166/2479/6
f 1166/2479/6 1160/2468/6 1162/2472/6 1163/2473/6
f 1165/2477/9 1166/2480/9 1168/2482/9 1167/2481/9
f 1174/2492/18 1175/2495/18 1170/2485/18 1169/2483/18
f 1175/2495/31 1176/2497/31 1171/2486/31 1170/2485/31
f 1174/2493/29 1176/2498/29 1175/2496/29
f 1176/2498/21 1177/2500/21 1172/2488/21 1171/2487/21
f 1174/2493/22 1177/2500/22 1176/2498/22
f 1177/2499/30 1178/2501/30 1173/2490/30 1172/2489/30
f 1174/2493/24 1178/2502/24 1177/2500/24
f 1178/2503/25 1174/2494/25 1169/2484/25 1173/2491/25
f 1185/2520/5 1179/2504/5 1181/2508/5 1183/2514/5
f 1180/2506/9 1186/2522/9 1184/2517/9 1182/2511/9
f 1188/2525/1 1180/2507/1 1182/2512/1 1189/2526/1
f 1189/2526/1 1181/2509/1 1179/2505/1 1188/2525/1
f 1189/2527/26 1182/2513/26 1184/2518/26 1190/2529/26
f 1190/2529/27 1183/2515/27 1181/2510/27 1189/2527/27
f 1187/2524/6 1185/2521/6 1183/2516/6 1190/2530/6
f 1190/2530/6 1184/2519/6 1186/2523/6 1187/2524/6
f 1189/2528/9 1190/2531/9 1192/2533/9 1191/2532/9
f 1198/2543/18 1199/2546/18 1194/2536/18 1193/2534/18
f 1199/2546/31 1200/2548/31 1195/2537/31 1194/2536/31
f 1198/2544/29 1200/2549/29 1199/2547/29
f 1200/2549/21 1201/2551/21 1196/2539/21 1195/2538/21
f 1198/2544/22 1201/2551/22 1200/2549/22
f 1201/2550/30 1202/2552/30 1197/2541/30 1196/2540/30
f 1198/2544/24 1202/2553/24 1201/2551/24
f 1202/2554/25 1198/2545/25 1193/2535/25 1197/2542/25
f 1209/2571/5 1203/2555/5 1205/2559/5 1207/2565/5
f 1204/2557/9 1210/2573/9 1208/2568/9 1206/2562/9
f 1212/2576/1 1204/2558/1 1206/2563/1 1213/2577/1
f 1213/2577/1 1205/2560/1 1203/2556/1 1212/2576/1
f 1213/2578/26 1206/2564/26 1208/2569/26 1214/2580/26
f 1214/2580/27 1207/2566/27 1205/2561/27 1213/2578/27
f 1211/2575/6 1209/2572/6 1207/2567/6 1214/2581/6
f 1214/2581/6 1208/2570/6 1210/2574/6 1211/2575/6
f 1213/2579/9 1214/2582/9 1216/2584/9 1215/2583/9
f 1222/2594/18 1223/2597/18 1218/2587/18 1217/2585/18
f 1223/2597/28 1224/2599/28 1219/2588/28 1218/2587/28
f 1222/2595/29 1224/2600/29 1223/2598/29
f 1224/2600/21 1225/2602/21 1220/2590/21 1219/2589/21
f 1222/2595/22 1225/2602/22 1224/2600/22
f 1225/2601/23 1226/2603/23 1221/2592/23 1220/2591/23
f 1222/2595/24 1226/2604/24 1225/2602/24
f 1226/2605/25 1222/2596/25 1217/2586/25 1221/2593/25
f 1233/2622/5 1227/2606/5 1229/2610/5 1231/2616/5
f 1228/2608/9 1234/2624/9 1232/2619/9 1230/2613/9
f 1236/2627/1 1228/2609/1 1230/2614/1 1237/2628/1
f 1237/2628/1 1229/2611/1 1227/2607/1 1236/2627/1
f 1237/2629/26 1230/2615/26 1232/2620/26 1238/2631/26
f 1238/2631/27 1231/2617/27 1229/2612/27 1237/2629/27
f 1235/2626/6 1233/2623/6 1231/2618/6 1238/2632/6
f 1238/2632/6 1232/2621/6 1234/2625/6 1235/2626/6
f 1237/2630/9 1238/2633/9 1240/2635/9 1239/2634/9
f 1246/2645/18 1247/2648/18 1242/2638/18 1241/2636/18
f 1247/2648/28 1248/2650/28 1243/2639/28 1242/2638/28
f 1246/2646/29 1248/2651/29 1247/2649/29
f 1248/2651/21 1249/2653/21 1244/2641/21 1243/2640/21
f 1246/2646/22 1249/2653/22 1248/2651/22
f 1249/2652/23 1250/2654/23 1245/2643/23 1244/2642/23
f 1246/2646/24 1250/2655/24 1249/2653/24
f 1250/2656/25 1246/2647/25 1241/2637/25 1245/2644/25
f 1257/2673/5 1251/2657/5 1253/2661/5 1255/2667/5
f 1252/2659/9 1258/2675/9 1256/2670/9 1254/2664/9
f 1260/2678/1 1252/2660/1 1254/2665/1 1261/2679/1
f 1261/2679/1 1253/2662/1 1251/2658/1 1260/2678/1
f 1261/2680/26 1254/2666/26 1256/2671/26 1262/2682/26
f 1262/2682/27 1255/2668/27 1253/2663/27 1261/2680/27
f 1259/2677/6 1257/2674/6 1255/2669/6 1262/2683/6
f 1262/2683/6 1256/2672/6 1258/2676/6 1259/2677/6
f 1261/2681/9 1262/2684/9 1264/2686/9 1263/2685/9
f 1270/2696/18 1271/2699/18 1266/2689/18 1265/2687/18
f 1271/2699/28 1272/2701/28 1267/2690/28 1266/2689/28
f 1270/2697/29 1272/2702/29 1271/2700/29
f 1272/2702/21 1273/2704/21 1268/2692/21 1267/2691/21
f 1270/2697/22 1273/2704/22 1272/2702/22
f 1273/2703/23 1274/2705/23 1269/2694/23 1268/2693/23
f 1270/2697/24 1274/2706/24 1273/2704/24
f 1274/2707/25 1270/2698/25 1265/2688/25 1269/2695/25
f 1281/2724/5 1275/2708/5 1277/2712/5 1279/2718/5
f 1276/2710/9 1282/2726/9 1280/2721/9 1278/2715/9
f 1284/2729/1 1276/2711/1 1278/2716/1 1285/2730/1
f 1285/2730/1 1277/2713/1 1275/2709/1 1284/2729/1
f 1285/2731/26 1278/2717/26 1280/2722/26 1286/2733/26
f 1286/2733/27 1279/2719/27 1277/2714/27 1285/2731/27
f 1283/2728/6 1281/2725/6 1279/2720/6 1286/2734/6
f 1286/2734/6 1280/2723/6 1282/2727/6 1283/2728/6
f 1285/2732/9 1286/2735/9 1288/2737/9 1287/2736/9
f 1294/2747/18 1295/2750/18 1290/2740/18 1289/2738/18
f 1295/2750/28 1296/2752/28 1291/2741/28 1290/2740/28
f 1294/2748/29 1296/2753/29 1295/2751/29
f 1296/2753/21 1297/2755/21 1292/2743/21 1291/2742/21
f 1294/2748/22 1297/2755/22 1296/2753/22
f 1297/2754/23 1298/2756/23 1293/2745/23 1292/2744/23
f 1294/2748/24 1298/2757/24 1297/2755/24
f 1298/2758/25 1294/2749/25 1289/2739/25 1293/2746/25
f 1305/2775/5 1299/2759/5 1301/2763/5 1303/2769/5
f 1300/2761/9 1306/2777/9 1304/2772/9 1302/2766/9
f 1308/2780/1 1300/2762/1 1302/2767/1 1309/2781/1
f 1309/2781/1 1301/2764/1 1299/2760/1 1308/2780/1
f 1309/2782/26 1302/2768/26 1304/2773/26 1310/2784/26
f 1310/2784/27 1303/2770/27 1301/2765/27 1309/2782/27
f 1307/2779/6 1305/2776/6 1303/2771/6 1310/2785/6
f 1310/2785/6 1304/2774/6 1306/2778/6 1307/2779/6
f 1309/2783/9 1310/2786/9 1312/2788/9 1311/2787/9
f 1318/2798/18 1319/2801/18 1314/2791/18 1313/2789/18
f 1319/2801/19 1320/2803/19 1315/2792/19 1314/2791/19
f 1318/2799/29 1320/2804/29 1319/2802/29
f 1320/2804/21 1321/2806/21 1316/2794/21 1315/2793/21
f 1318/2799/22 1321/2806/22 1320/2804/22
f 1321/2805/23 1322/2807/23 1317/2796/23 1316/2795/23
f 1318/2799/24 1322/2808/24 1321/2806/24
f 1322/2809/25 1318/2800/25 1313/2790/25 1317/2797/25
f 1329/2826/5 1323/2810/5 1325/2814/5 1327/2820/5
f 1324/2812/9 1330/2828/9 1328/2823/9 1326/2817/9
f 1332/2831/1 1324/2813/1 1326/2818/1 1333/2832/1
f 1333/2832/1 1325/2815/1 1323/2811/1 1332/2831/1
f 1333/2833/26 1326/2819/26 1328/2824/26 1334/2835/26
f 1334/2835/27 1327/2821/27 1325/2816/27 1333/2833/27
f 1331/2830/6 1329/2827/6 1327/2822/6 1334/2836/6
f 1334/2836/6 1328/2825/6 1330/2829/6 1331/2830/6
f 1333/2834/9 1334/2837/9 1336/2839/9 1335/2838/9
f 1342/2849/18 1343/2852/18 1338/2842/18 1337/2840/18
f 1343/2852/19 1344/2854/19 1339/2843/19 1338/2842/19
f 1342/2850/29 1344/2855/29 1343/2853/29
f 1344/2855/21 1345/2857/21 1340/2845/21 1339/2844/21
f 1342/2850/22 1345/2857/22 1344/2855/22
f 1345/2856/23 1346/2858/23 1341/2847/23 1340/2846/23
f 1342/2850/24 1346/2859/24 1345/2857/24
f 1346/2860/25 1342/2851/25 1337/2841/25 1341/2848/25
f 1353/2877/5 1347/2861/5 1349/2865/5 1351/2871/5
f 1348/2863/9 1354/2879/9 1352/2874/9 1350/2868/9
f 1356/2882/1 1348/2864/1 1350/2869/1 1357/2883/1
f 1357/2883/1 1349/2866/1 1347/2862/1 1356/2882/1
f 1357/2884/26 1350/2870/26 1352/2875/26 1358/2886/26
f 1358/2886/27 1351/2872/27 1349/2867/27 1357/2884/27
f 1355/2881/6 1353/2878/6 1351/2873/6 1358/2887/6
f 1358/2887/6 1352/2876/6 1354/2880/6 1355/2881/6
f 1357/2885/9 1358/2888/9 1360/2890/9 1359/2889/9
f 1366/2900/18 1367/2903/18 1362/2893/18 1361/2891/18
f 1367/2903/28 1368/2905/28 1363/2894/28 1362/2893/28
f 1366/2901/29 1368/2906/29 1367/2904/29
f 1368/2906/21 1369/2908/21 1364/2896/21 1363/2895/21
f 1366/2901/22 1369/2908/22 1368/2906/22
f 1369/2907/32 1370/2909/32 1365/2898/32 1364/2897/32
f 1366/2901/24 1370/2910/24 1369/2908/24
f 1370/2911/25 1366/2902/25 1361/2892/25 1365/2899/25
f 1377/2928/5 1371/2912/5 1373/2916/5 1375/2922/5
f 1372/2914/9 1378/2930/9 1376/2925/9 1374/2919/9
f 1380/2933/1 1372/2915/1 1374/2920/1 1381/2934/1
f 1381/2934/1 1373/2917/1 1371/2913/1 1380/2933/1
f 1381/2935/26 1374/2921/26 1376/2926/26 1382/2937/26
f 1382/2937/27 1375/2923/27 1373/2918/27 1381/2935/27
f 1379/2932/6 1377/2929/6 1375/2924/6 1382/2938/6
f 1382/2938/6 1376/2927/6 1378/2931/6 1379/2932/6
f 1381/2936/9 1382/2939/9 1384/2941/9 1383/2940/9
f 1390/2951/18 1391/2954/18 1386/2944/18 1385/2942/18
f 1391/2954/28 1392/2956/28 1387/2945/28 1386/2944/28
f 1390/2952/29 1392/2957/29 1391/2955/29
f 1392/2957/21 1393/2959/21 1388/2947/21 1387/2946/21
f 1390/2952/22 1393/2959/22 1392/2957/22
f 1393/2958/32 1394/2960/32 1389/2949/32 1388/2948/32
f 1390/2952/24 1394/2961/24 1393/2959/24
f 1394/2962/25 1390/2953/25 1385/2943/25 1389/2950/25
f 1401/2979/5 1395/2963/5 1397/2967/5 1399/2973/5
f 1396/2965/9 1402/2981/9 1400/2976/9 1398/2970/9
f 1404/2984/1 1396/2966/1 1398/2971/1 1405/2985/1
f 1405/2985/1 1397/2968/1 1395/2964/1 1404/2984/1
f 1405/2986/26 1398/2972/26 1400/2977/26 1406/2988/26
f 1406/2988/27 1399/2974/27 1397/2969/27 1405/2986/27
f 1403/2983/6 1401/2980/6 1399/2975/6 1406/2989/6
f 1406/2989/6 1400/2978/6 1402/2982/6 1403/2983/6
f 1405/2987/9 1406/2990/9 1408/2992/9 1407/2991/9
f 1414/3002/18 1415/3005/18 1410/2995/18 1409/2993/18
f 1415/3005/28 1416/3007/28 1411/2996/28 1410/2995/28
f 1414/3003/29 1416/3008/29 1415/3006/29
f 1416/3008/21 1417/3010/21 1412/2998/21 1411/2997/21
f 1414/3003/22 1417/3010/22 1416/3008/22
f 1417/3009/32 1418/3011/32 1413/3000/32 1412/2999/32
f 1414/3003/24 1418/3012/24 1417/3010/24
f 1418/3013/25 1414/3004/25 1409/2994/25 1413/3001/25
f 1425/3030/5 1419/3014/5 1421/3018/5 1423/3024/5
f 1420/3016/9 1426/3032/9 1424/3027/9 1422/3021/9
f 1428/3035/1 1420/3017/1 1422/3022/1 1429/3036/1
f 1429/3036/1 1421/3019/1 1419/3015/1 1428/3035/1
f 1429/3037/26 1422/3023/26 1424/3028/26 1430/3039/26
f 1430/3039/27 1423/3025/27 1421/3020/27 1429/3037/27
f 1427/3034/6 1425/3031/6 1423/3026/6 1430/3040/6
f 1430/3040/6 1424/3029/6 1426/3033/6 1427/3034/6
f 1429/3038/9 1430/3041/9 1432/3043/9 1431/3042/9
f 1438/3053/18 1439/3056/18 1434/3046/18 1433/3044/18
f 1439/3056/28 1440/3058/28 1435/3047/28 1434/3046/28
f 1438/3054/29 1440/3059/29 1439/3057/29
f 1440/3059/21 1441/3061/21 1436/3049/21 1435/3048/21
f 1438/3054/22 1441/3061/22 1440/3059/22
f 1441/3060/32 1442/3062/32 1437/3051/32 1436/3050/32
f 1438/3054/24 1442/3063/24 1441/3061/24
f 1442/3064/25 1438/3055/25 1433/3045/25 1437/3052/25
f 1449/3081/5 1443/3065/5 1445/3069/5 1447/3075/5
f 1444/3067/9 1450/3083/9 1448/3078/9 1446/3072/9
f 1452/3086/1 1444/3068/1 1446/3073/1 1453/3087/1
f 1453/3087/1 1445/3070/1 1443/3066/1 1452/3086/1
f 1453/3088/26 1446/3074/26 1448/3079/26 1454/3090/26
f 1454/3090/27 1447/3076/27 1445/3071/27 1453/3088/27
f 1451/3085/6 1449/3082/6 1447/3077/6 1454/3091/6
f 1454/3091/6 1448/3080/6 1450/3084/6 1451/3085/6
f 1453/3089/9 1454/3092/9 1456/3094/9 1455/3093/9
f 1462/3104/18 1463/3107/18 1458/3097/18 1457/3095/18
f 1463/3107/19 1464/3109/19 1459/3098/19 1458/3097/19
f 1462/3105/29 1464/3110/29 1463/3108/29
f 1464/3110/21 1465/3112/21 1460/3100/21 1459/3099/21
f 1462/3105/22 1465/3112/22 1464/3110/22
f 1465/3111/23 1466/3113/23 1461/3102/23 1460/3101/23
f 1462/3105/24 1466/3114/24 1465/3112/24
f 1466/3115/25 1462/3106/25 1457/3096/25 1461/3103/25
f 1473/3132/5 1467/3116/5 1469/3120/5 1471/3126/5
f 1468/3118/9 1474/3134/9 1472/3129/9 1470/3123/9
f 1476/3137/1 1468/3119/1 1470/3124/1 1477/3138/1
f 1477/3138/1 1469/3121/1 1467/3117/1 1476/3137/1
f 1477/3139/26 1470/3125/26 1472/3130/26 1478/3141/26
f 1478/3141/27 1471/3127/27 1469/3122/27 1477/3139/27
f 1475/3136/6 1473/3133/6 1471/3128/6 1478/3142/6
f 1478/3142/6 1472/3131/6 1474/3135/6 1475/3136/6
f 1477/3140/9 1478/3143/9 1480/3145/9 1479/3144/9
f 1486/3155/18 1487/3158/18 1482/3148/18 1481/3146/18
f 1487/3158/19 1488/3160/19 1483/3149/19 1482/3148/19
f 1486/3156/29 1488/3161/29 1487/3159/29
f 1488/3161/21 1489/3163/21 1484/3151/21 1483/3150/21
f 1486/3156/22 1489/3163/22 1488/3161/22
f 1489/3162/23 1490/3164/23 1485/3153/23 1484/3152/23
f 1486/3156/24 1490/3165/24 1489/3163/24
f 1490/3166/25 1486/3157/25 1481/3147/25 1485/3154/25
f 1497/3183/5 1491/3167/5 1493/3171/5 1495/3177/5
f 1492/3169/9 1498/3185/9 1496/3180/9 1494/3174/9
f 1500/3188/1 1492/3170/1 1494/3175/1 1501/3189/1
f 1501/3189/1 1493/3172/1 1491/3168/1 1500/3188/1
f 1501/3190/26 1494/3176/26 1496/3181/26 1502/3192/26
f 1502/3192/27 1495/3178/27 1493/3173/27 1501/3190/27
f 1499/3187/6 1497/3184/6 1495/3179/6 1502/3193/6
f 1502/3193/6 1496/3182/6 1498/3186/6 1499/3187/6
f 1501/3191/9 1502/3194/9 1504/3196/9 1503/3195/9
f 1510/3206/18 1511/3209/18 1506/3199/18 1505/3197/18
f 1511/3209/28 1512/3211/28 1507/3200/28 1506/3199/28
f 1510/3207/29 1512/3212/29 1511/3210/29
f 1512/3212/21 1513/3214/21 1508/3202/21 1507/3201/21
f 1510/3207/22 1513/3214/22 1512/3212/22
f 1513/3213/32 1514/3215/32 1509/3204/32 1508/3203/32
f 1510/3207/24 1514/3216/24 1513/3214/24
f 1514/3217/25 1510/3208/25 1505/3198/25 1509/3205/25
f 1521/3234/5 1515/3218/5 1517/3222/5 1519/3228/5
f 1516/3220/9 1522/3236/9 1520/3231/9 1518/3225/9
f 1524/3239/1 1516/3221/1 1518/3226/1 1525/3240/1
f 1525/3240/1 1517/3223/1 1515/3219/1 1524/3239/1
f 1525/3241/26 1518/3227/26 1520/3232/26 1526/3243/26
f 1526/3243/27 1519/3229/27 1517/3224/27 1525/3241/27
f 1523/3238/6 1521/3235/6 1519/3230/6 1526/3244/6
f 1526/3244/6 1520/3233/6 1522/3237/6 1523/3238/6
f 1525/3242/9 1526/3245/9 1528/3247/9 1527/3246/9
f 1534/3257/18 1535/3260/18 1530/3250/18 1529/3248/18
f 1535/3260/28 1536/3262/28 1531/3251/28 1530/3250/28
f 1534/3258/29 1536/3263/29 1535/3261/29
f 1536/3263/21 1537/3265/21 1532/3253/21 1531/3252/21
f 1534/3258/22 1537/3265/22 1536/3263/22
f 1537/3264/32 1538/3266/32 1533/3255/32 1532/3254/32
f 1534/3258/24 1538/3267/24 1537/3265/24
f 1538/3268/25 1534/3259/25 1529/3249/25 1533/3256/25
f 1545/3285/5 1539/3269/5 1541/3273/5 1543/3279/5
f 1540/3271/9 1546/3287/9 1544/3282/9 1542/3276/9
f 1548/3290/1 1540/3272/1 1542/3277/1 1549/3291/1
f 1549/3291/1 1541/3274/1 1539/3270/1 1548/3290/1
f 1549/3292/26 1542/3278/26 1544/3283/26 1550/3294/26
f 1550/3294/27 1543/3280/27 1541/3275/27 1549/3292/27
f 1547/3289/6 1545/3286/6 1543/3281/6 1550/3295/6
f 1550/3295/6 1544/3284/6 1546/3288/6 1547/3289/6
f 1549/3293/9 1550/3296/9 1552/3298/9 1551/3297/9
f 1558/3308/18 1559/3311/18 1554/3301/18 1553/3299/18
f 1559/3311/28 1560/3313/28 1555/3302/28 1554/3301/28
f 1558/3309/29 1560/3314/29 1559/3312/29
f 1560/3314/21 1561/3316/21 1556/3304/21 1555/3303/21
f 1558/3309/22 1561/3316/22 1560/3314/22
f 1561/3315/23 1562/3317/23 1557/3306/23 1556/3305/23
f 1558/3309/24 1562/3318/24 1561/3316/24
f 1562/3319/25 1558/3310/25 1553/3300/25 1557/3307/25
f 1569/3336/5 1563/3320/5 1565/3324/5 1567/3330/5
f 1564/3322/9 1570/3338/9 1568/3333/9 1566/3327/9
f 1572/3341/1 1564/3323/1 1566/3328/1 1573/3342/1
f 1573/3342/1 1565/3325/1 1563/3321/1 1572/3341/1
f 1573/3343/26 1566/3329/26 1568/3334/26 1574/3345/26
f 1574/3345/27 1567/3331/27 1565/3326/27 1573/3343/27
f 1571/3340/6 1569/3337/6 1567/3332/6 1574/3346/6
f 1574/3346/6 1568/3335/6 1570/3339/6 1571/3340/6
f 1573/3344/9 1574/3347/9 1576/3349/9 1575/3348/9
f 1582/3359/18 1583/3362/18 1578/3352/18 1577/3350/18
f 1583/3362/28 1584/3364/28 1579/3353/28 1578/3352/28
f 1582/3360/29 1584/3365/29 1583/3363/29
f 1584/3365/21 1585/3367/21 1580/3355/21 1579/3354/21
f 1582/3360/22 1585/3367/22 1584/3365/22
f 1585/3366/32 1586/3368/32 1581/3357/32 1580/3356/32
f 1582/3360/24 1586/3369/24 1585/3367/24
f 1586/3370/25 1582/3361/25 1577/3351/25 1581/3358/25
f 1593/3387/5 1587/3371/5 1589/3375/5 1591/3381/5
f 1588/3373/9 1594/3389/9 1592/3384/9 1590/3378/9
f 1596/3392/1 1588/3374/1 1590/3379/1 1597/3393/1
f 1597/3393/1 1589/3376/1 1587/3372/1 1596/3392/1
f 1597/3394/26 1590/3380/26 1592/3385/26 1598/3396/26
f 1598/3396/27 1591/3382/27 1589/3377/27 1597/3394/27
f 1595/3391/6 1593/3388/6 1591/3383/6 1598/3397/6
f 1598/3397/6 1592/3386/6 1594/3390/6 1595/3391/6
f 1597/3395/9 1598/3398/9 1600/3400/9 1599/3399/9
f 1606/3410/18 1607/3413/18 1602/3403/18 1601/3401/18
f 1607/3413/28 1608/3415/28 1603/3404/28 1602/3403/28
f 1606/3411/29 1608/3416/29 1607/3414/29
f 1608/3416/21 1609/3418/21 1604/3406/21 1603/3405/21
f 1606/3411/22 1609/3418/22 1608/3416/22
f 1609/3417/23 1610/3419/23 1605/3408/23 1604/3407/23
f 1606/3411/24 1610/3420/24 1609/3418/24
f 1610/3421/25 1606/3412/25 1601/3402/25 1605/3409/25
f 1617/3438/5 1611/3422/5 1613/3426/5 1615/3432/5
f 1612/3424/9 1618/3440/9 1616/3435/9 1614/3429/9
f 1620/3443/1 1612/3425/1 1614/3430/1 1621/3444/1
f 1621/3444/1 1613/3427/1 1611/3423/1 1620/3443/1
f 1621/3445/26 1614/3431/26 1616/3436/26 1622/3447/26
f 1622/3447/27 1615/3433/27 1613/3428/27 1621/3445/27
f 1619/3442/6 1617/3439/6 1615/3434/6 1622/3448/6
f 1622/3448/6 1616/3437/6 1618/3441/6 1619/3442/6
f 1621/3446/9 1622/3449/9 1624/3451/9 1623/3450/9
f 1630/3461/18 1631/3464/18 1626/3454/18 1625/3452/18
f 1631/3464/28 1632/3466/28 1627/3455/28 1626/3454/28
f 1630/3462/29 1632/3467/29 1631/3465/29
f 1632/3467/21 1633/3469/21 1628/3457/21 1627/3456/21
f 1630/3462/22 1633/3469/22 1632/3467/22
f 1633/3468/23 1634/3470/23 1629/3459/23 1628/3458/23
f 1630/3462/24 1634/3471/24 1633/3469/24
f 1634/3472/25 1630/3463/25 1625/3453/25 1629/3460/25
f 1641/3489/5 1635/3473/5 1637/3477/5 1639/3483/5
f 1636/3475/9 1642/3491/9 1640/3486/9 1638/3480/9
f 1644/3494/1 1636/3476/1 1638/3481/1 1645/3495/1
f 1645/3495/1 1637/3478/1 1635/3474/1 1644/3494/1
f 1645/3496/26 1638/3482/26 1640/3487/26 1646/3498/26
f 1646/3498/27 1639/3484/27 1637/3479/27 1645/3496/27
f 1643/3493/6 1641/3490/6 1639/3485/6 1646/3499/6
f 1646/3499/6 1640/3488/6 1642/3492/6 1643/3493/6
f 1645/3497/9 1646/3500/9 1648/3502/9 1647/3501/9
f 1654/3512/18 1655/3515/18 1650/3505/18 1649/3503/18
f 1655/3515/19 1656/3517/19 1651/3506/19 1650/3505/19
f 1654/3513/29 1656/3518/29 1655/3516/29
f 1656/3518/21 1657/3520/21 1652/3508/21 1651/3507/21
f 1654/3513/22 1657/3520/22 1656/3518/22
f 1657/3519/23 1658/3521/23 1653/3510/23 1652/3509/23
f 1654/3513/24 1658/3522/24 1657/3520/24
f 1658/3523/25 1654/3514/25 1649/3504/25 1653/3511/25
f 1665/3540/5 1659/3524/5 1661/3528/5 1663/3534/5
f 1660/3526/9 1666/3542/9 1664/3537/9 1662/3531/9
f 1668/3545/1 1660/3527/1 1662/3532/1 1669/3546/1
f 1669/3546/1 1661/3529/1 1659/3525/1 1668/3545/1
f 1669/3547/26 1662/3533/26 1664/3538/26 1670/3549/26
f 1670/3549/27 1663/3535/27 1661/3530/27 1669/3547/27
f 1667/3544/6 1665/3541/6 1663/3536/6 1670/3550/6
f 1670/3550/6 1664/3539/6 1666/3543/6 1667/3544/6
f 1669/3548/9 1670/3551/9 1672/3553/9 1671/3552/9
f 1678/3563/18 1679/3566/18 1674/3556/18 1673/3554/18
f 1679/3566/19 1680/3568/19 1675/3557/19 1674/3556/19
f 1678/3564/29 1680/3569/29 1679/3567/29
f 1680/3569/21 1681/3571/21 1676/3559/21 1675/3558/21
f 1678/3564/22 1681/3571/22 1680/3569/22
f 1681/3570/23 1682/3572/23 1677/3561/23 1676/3560/23
f 1678/3564/24 1682/3573/24 1681/3571/24
f 1682/3574/25 1678/3565/25 1673/3555/25 1677/3562/25
f 1689/3591/5 1683/3575/5 1685/3579/5 1687/3585/5
f 1684/3577/9 1690/3593/9 1688/3588/9 1686/3582/9
f 1692/3596/1 1684/3578/1 1686/3583/1 1693/3597/1
f 1693/3597/1 1685/3580/1 1683/3576/1 1692/3596/1
f 1693/3598/26 1686/3584/26 1688/3589/26 1694/3600/26
f 1694/3600/27 1687/3586/27 1685/3581/27 1693/3598/27
f 1691/3595/6 1689/3592/6 1687/3587/6 1694/3601/6
f 1694/3601/6 1688/3590/6 1690/3594/6 1691/3595/6
f 1693/3599/9 1694/3602/9 1696/3604/9 1695/3603/9
f 1702/3614/18 1703/3617/18 1698/3607/18 1697/3605/18
f 1703/3617/28 1704/3619/28 1699/3608/28 1698/3607/28
f 1702/3615/29 1704/3620/29 1703/3618/29
f 1704/3620/21 1705/3622/21 1700/3610/21 1699/3609/21
f 1702/3615/22 1705/3622/22 1704/3620/22
f 1705/3621/23 1706/3623/23 1701/3612/23 1700/3611/23
f 1702/3615/24 1706/3624/24 1705/3622/24
f 1706/3625/25 1702/3616/25 1697/3606/25 1701/3613/25
f 1713/3642/5 1707/3626/5 1709/3630/5 1711/3636/5
f 1708/3628/9 1714/3644/9 1712/3639/9 1710/3633/9
f 1716/3647/1 1708/3629/1 1710/3634/1 1717/3648/1
f 1717/3648/1 1709/3631/1 1707/3627/1 1716/3647/1
f 1717/3649/26 1710/3635/26 1712/3640/26 1718/3651/26
f 1718/3651/27 1711/3637/27 1709/3632/27 1717/3649/27
f 1715/3646/6 1713/3643/6 1711/3638/6 1718/3652/6
f 1718/3652/6 1712/3641/6 1714/3645/6 1715/3646/6
f 1717/3650/9 1718/3653/9 1720/3655/9 1719/3654/9
f 1726/3665/18 1727/3668/18 1722/3658/18 1721/3656/18
f 1727/3668/28 1728/3670/28 1723/3659/28 1722/3658/28
f 1726/3666/29 1728/3671/29 1727/3669/29
f 1728/3671/21 1729/3673/21 1724/3661/21 1723/3660/21
f 1726/3666/22 1729/3673/22 1728/3671/22
f 1729/3672/23 1730/3674/23 1725/3663/23 1724/3662/23
f 1726/3666/24 1730/3675/24 1729/3673/24
f 1730/3676/25 1726/3667/25 1721/3657/25 1725/3664/25
f 1737/3693/5 1731/3677/5 1733/3681/5 1735/3687/5
f 1732/3679/9 1738/3695/9 1736/3690/9 1734/3684/9
f 1740/3698/1 1732/3680/1 1734/3685/1 1741/3699/1
f 1741/3699/1 1733/3682/1 1731/3678/1 1740/3698/1
f 1741/3700/26 1734/3686/26 1736/3691/26 1742/3702/26
f 1742/3702/27 1735/3688/27 1733/3683/27 1741/3700/27
f 1739/3697/6 1737/3694/6 1735/3689/6 1742/3703/6
f 1742/3703/6 1736/3692/6 1738/3696/6 1739/3697/6
f 1741/3701/9 1742/3704/9 1744/3706/9 1743/3705/9
f 1750/3716/18 1751/3719/18 1746/3709/18 1745/3707/18
f 1751/3719/28 1752/3721/28 1747/3710/28 1746/3709/28
f 1750/3717/29 1752/3722/29 1751/3720/29
f 1752/3722/21 1753/3724/21 1748/3712/21 1747/3711/21
f 1750/3717/22 1753/3724/22 1752/3722/22
f 1753/3723/23 1754/3725/23 1749/3714/23 1748/3713/23
f 1750/3717/24 1754/3726/24 1753/3724/24
f 1754/3727/25 1750/3718/25 1745/3708/25 1749/3715/25
f 1761/3744/5 1755/3728/5 1757/3732/5 1759/3738/5
f 1756/3730/9 1762/3746/9 1760/3741/9 1758/3735/9
f 1764/3749/1 1756/3731/1 1758/3736/1 1765/3750/1
f 1765/3750/1 1757/3733/1 1755/3729/1 1764/3749/1
f 1765/3751/26 1758/3737/26 1760/3742/26 1766/3753/26
f 1766/3753/27 1759/3739/27 1757/3734/27 1765/3751/27
f 1763/3748/6 1761/3745/6 1759/3740/6 1766/3754/6
f 1766/3754/6 1760/3743/6 1762/3747/6 1763/3748/6
f 1765/3752/9 1766/3755/9 1768/3757/9 1767/3756/9
f 1774/3767/18 1775/3770/18 1770/3760/18 1769/3758/18
f 1775/3770/28 1776/3772/28 1771/3761/28 1770/3760/28
f 1774/3768/29 1776/3773/29 1775/3771/29
f 1776/3773/21 1777/3775/21 1772/3763/21 1771/3762/21
f 1774/3768/22 1777/3775/22 1776/3773/22
f 1777/3774/23 1778/3776/23 1773/3765/23 1772/3764/23
f 1774/3768/24 1778/3777/24 1777/3775/24
f 1778/3778/25 1774/3769/25 1769/3759/25 1773/3766/25
f 1785/3795/5 1779/3779/5 1781/3783/5 1783/3789/5
f 1780/3781/9 1786/3797/9 1784/3792/9 1782/3786/9
f 1788/3800/1 1780/3782/1 1782/3787/1 1789/3801/1
f 1789/3801/1 1781/3784/1 1779/3780/1 1788/3800/1
f 1789/3802/26 1782/3788/26 1784/3793/26 1790/3804/26
f 1790/3804/27 1783/3790/27 1781/3785/27 1789/3802/27
f 1787/3799/6 1785/3796/6 1783/3791/6 1790/3805/6
f 1790/3805/6 1784/3794/6 1786/3798/6 1787/3799/6
f 1789/3803/9 1790/3806/9 1792/3808/9 1791/3807/9
f 1798/3818/18 1799/3821/18 1794/3811/18 1793/3809/18
f 1799/3821/28 1800/3823/28 1795/3812/28 1794/3811/28
f 1798/3819/29 1800/3824/29 1799/3822/29
f 1800/3824/21 1801/3826/21 1796/3814/21 1795/3813/21
f 1798/3819/22 1801/3826/22 1800/3824/22
f 1801/3825/23 1802/3827/23 1797/3816/23 1796/3815/23
f 1798/3819/24 1802/3828/24 1801/3826/24
f 1802/3829/25 1798/3820/25 1793/3810/25 1797/3817/25
f 1809/3846/5 1803/3830/5 1805/3834/5 1807/3840/5
f 1804/3832/9 1810/3848/9 1808/3843/9 1806/3837/9
f 1812/3851/1 1804/3833/1 1806/3838/1 1813/3852/1
f 1813/3852/1 1805/3835/1 1803/3831/1 1812/3851/1
f 1813/3853/26 1806/3839/26 1808/3844/26 1814/3855/26
f 1814/3855/27 1807/3841/27 1805/3836/27 1813/3853/27
f 1811/3850/6 1809/3847/6 1807/3842/6 1814/3856/6
f 1814/3856/6 1808/3845/6 1810/3849/6 1811/3850/6
f 1813/3854/9 1814/3857/9 1816/3859/9 1815/3858/9
f 1822/3869/18 1823/3872/18 1818/3862/18 1817/3860/18
f 1823/3872/28 1824/3874/28 1819/3863/28 1818/3862/28
f 1822/3870/29 1824/3875/29 1823/3873/29
f 1824/3875/21 1825/3877/21 1820/3865/21 1819/3864/21
f 1822/3870/22 1825/3877/22 1824/3875/22
f 1825/3876/23 1826/3878/23 1821/3867/23 1820/3866/23
f 1822/3870/24 1826/3879/24 1825/3877/24
f 1826/3880/25 1822/3871/25 1817/3861/25 1821/3868/25
f 1833/3897/5 1827/3881/5 1829/3885/5 1831/3891/5
f 1828/3883/9 1834/3899/9 1832/3894/9 1830/3888/9
f 1836/3902/1 1828/3884/1 1830/3889/1 1837/3903/1
f 1837/3903/1 1829/3886/1 1827/3882/1 1836/3902/1
f 1837/3904/26 1830/3890/26 1832/3895/26 1838/3906/26
f 1838/3906/27 1831/3892/27 1829/3887/27 1837/3904/27
f 1835/3901/6 1833/3898/6 1831/3893/6 1838/3907/6
f 1838/3907/6 1832/3896/6 1834/3900/6 1835/3901/6
f 1837/3905/9 1838/3908/9 1840/3910/9 1839/3909/9
f 1846/3920/18 1847/3923/18 1842/3913/18 1841/3911/18
f 1847/3923/28 1848/3925/28 1843/3914/28 1842/3913/28
f 1846/3921/29 1848/3926/29 1847/3924/29
f 1848/3926/21 1849/3928/21 1844/3916/21 1843/3915/21
f 1846/3921/22 1849/3928/22 1848/3926/22
f 1849/3927/23 1850/3929/23 1845/3918/23 1844/3917/23
f 1846/3921/24 1850/3930/24 1849/3928/24
f 1850/3931/25 1846/3922/25 1841/3912/25 1845/3919/25
f 1857/3948/5 1851/3932/5 1853/3936/5 1855/3942/5
f 1852/3934/9 1858/3950/9 1856/3945/9 1854/3939/9
f 1860/3953/1 1852/3935/1 1854/3940/1 1861/3954/1
f 1861/3954/1 1853/3937/1 1851/3933/1 1860/3953/1
f 1861/3955/26 1854/3941/26 1856/3946/26 1862/3957/26
f 1862/3957/27 1855/3943/27 1853/3938/27 1861/3955/27
f 1859/3952/6 1857/3949/6 1855/3944/6 1862/3958/6
f 1862/3958/6 1856/3947/6 1858/3951/6 1859/3952/6
f 1861/3956/9 1862/3959/9 1864/3961/9 1863/3960/9
f 1870/3971/18 1871/3974/18 1866/3964/18 1865/3962/18
f 1871/3974/28 1872/3976/28 1867/3965/28 1866/3964/28
f 1870/3972/29 1872/3977/29 1871/3975/29
f 1872/3977/21 1873/3979/21 1868/3967/21 1867/3966/21
f 1870/3972/22 1873/3979/22 1872/3977/22
f 1873/3978/23 1874/3980/23 1869/3969/23 1868/3968/23
f 1870/3972/24 1874/3981/24 1873/3979/24
f 1874/3982/25 1870/3973/25 1865/3963/25 1869/3970/25
f 1881/3999/5 1875/3983/5 1877/3987/5 1879/3993/5
f 1876/3985/9 1882/4001/9 1880/3996/9 1878/3990/9
f 1884/4004/1 1876/3986/1 1878/3991/1 1885/4005/1
f 1885/4005/1 1877/3988/1 1875/3984/1 1884/4004/1
f 1885/4006/26 1878/3992/26 1880/3997/26 1886/4008/26
f 1886/4008/27 1879/3994/27 1877/3989/27 1885/4006/27
f 1883/4003/6 1881/4000/6 1879/3995/6 1886/4009/6
f 1886/4009/6 1880/3998/6 1882/4002/6 1883/4003/6
f 1885/4007/9 1886/4010/9 1888/4012/9 1887/4011/9
f 1894/4022/18 1895/4025/18 1890/4015/18 1889/4013/18
f 1895/4025/28 1896/4027/28 1891/4016/28 1890/4015/28
f 1894/4023/29 1896/4028/29 1895/4026/29
f 1896/4028/21 1897/4030/21 1892/4018/21 1891/4017/21
f 1894/4023/22 1897/4030/22 1896/4028/22
f 1897/4029/30 1898/4031/30 1893/4020/30 1892/4019/30
f 1894/4023/24 1898/4032/24 1897/4030/24
f 1898/4033/25 1894/4024/25 1889/4014/25 1893/4021/25
f 1905/4050/5 1899/4034/5 1901/4038/5 1903/4044/5
f 1900/4036/9 1906/4052/9 1904/4047/9 1902/4041/9
f 1908/4055/1 1900/4037/1 1902/4042/1 1909/4056/1
f 1909/4056/1 1901/4039/1 1899/4035/1 1908/4055/1
f 1909/4057/26 1902/4043/26 1904/4048/26 1910/4059/26
f 1910/4059/27 1903/4045/27 1901/4040/27 1909/4057/27
f 1907/4054/6 1905/4051/6 1903/4046/6 1910/4060/6
f 1910/4060/6 1904/4049/6 1906/4053/6 1907/4054/6
f 1909/4058/9 1910/4061/9 1912/4063/9 1911/4062/9
f 1918/4073/18 1919/4076/18 1914/4066/18 1913/4064/18
f 1919/4076/28 1920/4078/28 1915/4067/28 1914/4066/28
f 1918/4074/29 1920/4079/29 1919/4077/29
f 1920/4079/21 1921/4081/21 1916/4069/21 1915/4068/21
f 1918/4074/22 1921/4081/22 1920/4079/22
f 1921/4080/30 1922/4082/30 1917/4071/30 1916/4070/30
f 1918/4074/24 1922/4083/24 1921/4081/24
f 1922/4084/25 1918/4075/25 1913/4065/25 1917/4072/25
f 1929/4101/5 1923/4085/5 1925/4089/5 1927/4095/5
f 1924/4087/9 1930/4103/9 1928/4098/9 1926/4092/9
f 1932/4106/1 1924/4088/1 1926/4093/1 1933/4107/1
f 1933/4107/1 1925/4090/1 1923/4086/1 1932/4106/1
f 1933/4108/26 1926/4094/26 1928/4099/26 1934/4110/26
f 1934/4110/27 1927/4096/27 1925/4091/27 1933/4108/27
f 1931/4105/6 1929/4102/6 1927/4097/6 1934/4111/6
f 1934/4111/6 1928/4100/6 1930/4104/6 1931/4105/6
f 1933/4109/9 1934/4112/9 1936/4114/9 1935/4113/9
f 1942/4124/18 1943/4127/18 1938/4117/18 1937/4115/18
f 1943/4127/31 1944/4129/31 1939/4118/31 1938/4117/31
f 1942/4125/29 1944/4130/29 1943/4128/29
f 1944/4130/21 1945/4132/21 1940/4120/21 1939/4119/21
f 1942/4125/22 1945/4132/22 1944/4130/22
f 1945/4131/30 1946/4133/30 1941/4122/30 1940/4121/30
f 1942/4125/24 1946/4134/24 1945/4132/24
f 1946/4135/25 1942/4126/25 1937/4116/25 1941/4123/25
f 1953/4152/5 1947/4136/5 1949/4140/5 1951/4146/5
f 1948/4138/9 1954/4154/9 1952/4149/9 1950/4143/9
f 1956/4157/1 1948/4139/1 1950/4144/1 1957/4158/1
f 1957/4158/1 1949/4141/1 1947/4137/1 1956/4157/1
f 1957/4159/26 1950/4145/26 1952/4150/26 1958/4161/26
f 1958/4161/27 1951/4147/27 1949/4142/27 1957/4159/27
f 1955/4156/6 1953/4153/6 1951/4148/6 1958/4162/6
f 1958/4162/6 1952/4151/6 1954/4155/6 1955/4156/6
f 1957/4160/9 1958/4163/9 1960/4165/9 1959/4164/9
f 1966/4175/18 1967/4178/18 1962/4168/18 1961/4166/18
f 1967/4178/31 1968/4180/31 1963/4169/31 1962/4168/31
f 1966/4176/29 1968/4181/29 1967/4179/29
f 1968/4181/21 1969/4183/21 1964/4171/21 1963/4170/21
f 1966/4176/22 1969/4183/22 1968/4181/22
f 1969/4182/30 1970/4184/30 1965/4173/30 1964/4172/30
f 1966/4176/24 1970/4185/24 1969/4183/24
f 1970/4186/25 1966/4177/25 1961/4167/25 1965/4174/25
f 1977/4203/5 1971/4187/5 1973/4191/5 1975/4197/5
f 1972/4189/9 1978/4205/9 1976/4200/9 1974/4194/9
f 1980/4208/1 1972/4190/1 1974/4195/1 1981/4209/1
f 1981/4209/1 1973/4192/1 1971/4188/1 1980/4208/1
f 1981/4210/26 1974/4196/26 1976/4201/26 1982/4212/26
f 1982/4212/27 1975/4198/27 1973/4193/27 1981/4210/27
f 1979/4207/6 1977/4204/6 1975/4199/6 1982/4213/6
f 1982/4213/6 1976/4202/6 1978/4206/6 1979/4207/6
f 1981/4211/9 1982/4214/9 1984/4216/9 1983/4215/9
f 1990/4226/18 1991/4229/18 1986/4219/18 1985/4217/18
f 1991/4229/28 1992/4231/28 1987/4220/28 1986/4219/28
f 1990/4227/29 1992/4232/29 1991/4230/29
f 1992/4232/21 1993/4234/21 1988/4222/21 1987/4221/21
f 1990/4227/22 1993/4234/22 1992/4232/22
f 1993/4233/23 1994/4235/23 1989/4224/23 1988/4223/23
f 1990/4227/24 1994/4236/24 1993/4234/24
f 1994/4237/25 1990/4228/25 1985/4218/25 1989/4225/25
f 2001/4254/5 1995/4238/5 1997/4242/5 1999/4248/5
f 1996/4240/9 2002/4256/9 2000/4251/9 1998/4245/9
f 2004/4259/1 1996/4241/1 1998/4246/1 2005/4260/1
f 2005/4260/1 1997/4243/1 1995/4239/1 2004/4259/1
f 2005/4261/26 1998/4247/26 2000/4252/26 2006/4263/26
f 2006/4263/27 1999/4249/27 1997/4244/27 2005/4261/27
f 2003/4258/6 2001/4255/6 1999/4250/6 2006/4264/6
f 2006/4264/6 2000/4253/6 2002/4257/6 2003/4258/6
f 2005/4262/9 2006/4265/9 2008/4267/9 2007/4266/9
f 2014/4277/18 2015/4280/18 2010/4270/18 2009/4268/18
f 2015/4280/28 2016/4282/28 2011/4271/28 2010/4270/28
f 2014/4278/29 2016/4283/29 2015/4281/29
f 2016/4283/21 2017/4285/21 2012/4273/21 2011/4272/21
f 2014/4278/22 2017/4285/22 2016/4283/22
f 2017/4284/23 2018/4286/23 2013/4275/23 2012/4274/23
f 2014/4278/24 2018/4287/24 2017/4285/24
f 2018/4288/25 2014/4279/25 2009/4269/25 2013/4276/25
f 2025/4305/5 2019/4289/5 2021/4293/5 2023/4299/5
f 2020/4291/9 2026/4307/9 2024/4302/9 2022/4296/9
f 2028/4310/1 2020/4292/1 2022/4297/1 2029/4311/1
f 2029/4311/1 2021/4294/1 2019/4290/1 2028/4310/1
f 2029/4312/26 2022/4298/26 2024/4303/26 2030/4314/26
f 2030/4314/27 2023/4300/27 2021/4295/27 2029/4312/27
f 2027/4309/6 2025/4306/6 2023/4301/6 2030/4315/6
f 2030/4315/6 2024/4304/6 2026/4308/6 2027/4309/6
f 2029/4313/9 2030/4316/9 2032/4318/9 2031/4317/9
f 2038/4328/18 2039/4331/18 2034/4321/18 2033/4319/18
f 2039/4331/28 2040/4333/28 2035/4322/28 2034/4321/28
f 2038/4329/29 2040/4334/29 2039/4332/29
f 2040/4334/21 2041/4336/21 2036/4324/21 2035/4323/21
f 2038/4329/22 2041/4336/22 2040/4334/22
f 2041/4335/23 2042/4337/23 2037/4326/23 2036/4325/23
f 2038/4329/24 2042/4338/24 2041/4336/24
f 2042/4339/25 2038/4330/25 2033/4320/25 2037/4327/25
f 2049/4356/5 2043/4340/5 2045/4344/5 2047/4350/5
f 2044/4342/9 2050/4358/9 2048/4353/9 2046/4347/9
f 2052/4361/1 2044/4343/1 2046/4348/1 2053/4362/1
f 2053/4362/1 2045/4345/1 2043/4341/1 2052/4361/1
f 2053/4363/26 2046/4349/26 2048/4354/26 2054/4365/26
f 2054/4365/27 2047/4351/27 2045/4346/27 2053/4363/27
f 2051/4360/6 2049/4357/6 2047/4352/6 2054/4366/6
f 2054/4366/6 2048/4355/6 2050/4359/6 2051/4360/6
f 2053/4364/9 2054/4367/9 2056/4369/9 2055/4368/9
f 2062/4379/18 2063/4382/18 2058/4372/18 2057/4370/18
f 2063/4382/28 2064/4384/28 2059/4373/28 2058/4372/28
f 2062/4380/29 2064/4385/29 2063/4383/29
f 2064/4385/21 2065/4387/21 2060/4375/21 2059/4374/21
f 2062/4380/22 2065/4387/22 2064/4385/22
f 2065/4386/23 2066/4388/23 2061/4377/23 2060/4376/23
f 2062/4380/24 2066/4389/24 2065/4387/24
f 2066/4390/25 2062/4381/25 2057/4371/25 2061/4378/25
f 2073/4407/5 2067/4391/5 2069/4395/5 2071/4401/5
f 2068/4393/9 2074/4409/9 2072/4404/9 2070/4398/9
f 2076/4412/1 2068/4394/1 2070/4399/1 2077/4413/1
f 2077/4413/1 2069/4396/1 2067/4392/1 2076/4412/1
f 2077/4414/26 2070/4400/26 2072/4405/26 2078/4416/26
f 2078/4416/27 2071/4402/27 2069/4397/27 2077/4414/27
f 2075/4411/6 2073/4408/6 2071/4403/6 2078/4417/6
f 2078/4417/6 2072/4406/6 2074/4410/6 2075/4411/6
f 2077/4415/9 2078/4418/9 2080/4420/9 2079/4419/9
f 2086/4430/18 2087/4433/18 2082/4423/18 2081/4421/18
f 2087/4433/19 2088/4435/19 2083/4424/19 2082/4423/19
f 2086/4431/29 2088/4436/29 2087/4434/29
f 2088/4436/21 2089/4438/21 2084/4426/21 2083/4425/21
f 2086/4431/22 2089/4438/22 2088/4436/22
f 2089/4437/23 2090/4439/23 2085/4428/23 2084/4427/23
f 2086/4431/24 2090/4440/24 2089/4438/24
f 2090/4441/25 2086/4432/25 2081/4422/25 2085/4429/25
f 2097/4458/5 2091/4442/5 2093/4446/5 2095/4452/5
f 2092/4444/9 2098/4460/9 2096/4455/9 2094/4449/9
f 2100/4463/1 2092/4445/1 2094/4450/1 2101/4464/1
f 2101/4464/1 2093/4447/1 2091/4443/1 2100/4463/1
f 2101/4465/26 2094/4451/26 2096/4456/26 2102/4467/26
f 2102/4467/27 2095/4453/27 2093/4448/27 2101/4465/27
f 2099/4462/6 2097/4459/6 2095/4454/6 2102/4468/6
f 2102/4468/6 2096/4457/6 2098/4461/6 2099/4462/6
f 2101/4466/9 2102/4469/9 2104/4471/9 2103/4470/9
f 2110/4481/18 2111/4484/18 2106/4474/18 2105/4472/18
f 2111/4484/19 2112/4486/19 2107/4475/19 2106/4474/19
f 2110/4482/29 2112/4487/29 2111/4485/29
f 2112/4487/21 2113/4489/21 2108/4477/21 2107/4476/21
f 2110/4482/22 2113/4489/22 2112/4487/22
f 2113/4488/23 2114/4490/23 2109/4479/23 2108/4478/23
f 2110/4482/24 2114/4491/24 2113/4489/24
f 2114/4492/25 2110/4483/25 2105/4473/25 2109/4480/25
f 2121/4509/5 2115/4493/5 2117/4497/5 2119/4503/5
f 2116/4495/9 2122/4511/9 2120/4506/9 2118/4500/9
f 2124/4514/1 2116/4496/1 2118/4501/1 2125/4515/1
f 2125/4515/1 2117/4498/1 2115/4494/1 2124/4514/1
f 2125/4516/26 2118/4502/26 2120/4507/26 2126/4518/26
f 2126/4518/27 2119/4504/27 2117/4499/27 2125/4516/27
f 2123/4513/6 2121/4510/6 2119/4505/6 2126/4519/6
f 2126/4519/6 2120/4508/6 2122/4512/6 2123/4513/6
f 2125/4517/9 2126/4520/9 2128/4522/9 2127/4521/9
f 2134/4532/18 2135/4535/18 2130/4525/18 2129/4523/18
f 2135/4535/28 2136/4537/28 2131/4526/28 2130/4525/28
f 2134/4533/29 2136/4538/29 2135/4536/29
f 2136/4538/21 2137/4540/21 2132/4528/21 2131/4527/21
f 2134/4533/22 2137/4540/22 2136/4538/22
f 2137/4539/32 2138/4541/32 2133/4530/32 2132/4529/32
f 2134/4533/24 2138/4542/24 2137/4540/24
f 2138/4543/25 2134/4534/25 2129/4524/25 2133/4531/25
f 2145/4560/5 2139/4544/5 2141/4548/5 2143/4554/5
f 2140/4546/9 2146/4562/9 2144/4557/9 2142/4551/9
f 2148/4565/1 2140/4547/1 2142/4552/1 2149/4566/1
f 2149/4566/1 2141/4549/1 2139/4545/1 2148/4565/1
f 2149/4567/26 2142/4553/26 2144/4558/26 2150/4569/26
f 2150/4569/27 2143/4555/27 2141/4550/27 2149/4567/27
f 2147/4564/6 2145/4561/6 2143/4556/6 2150/4570/6
f 2150/4570/6 2144/4559/6 2146/4563/6 2147/4564/6
f 2149/4568/9 2150/4571/9 2152/4573/9 2151/4572/9
f 2158/4583/18 2159/4586/18 2154/4576/18 2153/4574/18
f 2159/4586/28 2160/4588/28 2155/4577/28 2154/4576/28
f 2158/4584/29 2160/4589/29 2159/4587/29
f 2160/4589/21 2161/4591/21 2156/4579/21 2155/4578/21
f 2158/4584/22 2161/4591/22 2160/4589/22
f 2161/4590/32 2162/4592/32 2157/4581/32 2156/4580/32
f 2158/4584/24 2162/4593/24 2161/4591/24
f 2162/4594/25 2158/4585/25 2153/4575/25 2157/4582/25
f 2169/4611/5 2163/4595/5 2165/4599/5 2167/4605/5
f 2164/4597/9 2170/4613/9 2168/4608/9 2166/4602/9
f 2172/4616/1 2164/4598/1 2166/4603/1 2173/4617/1
f 2173/4617/1 2165/4600/1 2163/4596/1 2172/4616/1
f 2173/4618/26 2166/4604/26 2168/4609/26 2174/4620/26
f 2174/4620/27 2167/4606/27 2165/4601/27 2173/4618/27
f 2171/4615/6 2169/4612/6 2167/4607/6 2174/4621/6
f 2174/4621/6 2168/4610/6 2170/4614/6 2171/4615/6
f 2173/4619/9 2174/4622/9 2176/4624/9 2175/4623/9
f 2182/4634/18 2183/4637/18 2178/4627/18 2177/4625/18
f 2183/4637/28 2184/4639/28 2179/4628/28 2178/4627/28
f 2182/4635/29 2184/4640/29 2183/4638/29
f 2184/4640/21 2185/4642/21 2180/4630/21 2179/4629/21
f 2182/4635/22 2185/4642/22 2184/4640/22
f 2185/4641/32 2186/4643/32 2181/4632/32 2180/4631/32
f 2182/4635/24 2186/4644/24 2185/4642/24
f 2186/4645/25 2182/4636/25 2177/4626/25 2181/4633/25
f 2193/4662/5 2187/4646/5 2189/4650/5 2191/4656/5
f 2188/4648/9 2194/4664/9 2192/4659/9 2190/4653/9
f 2196/4667/1 2188/4649/1 2190/4654/1 2197/4668/1
f 2197/4668/1 2189/4651/1 2187/4647/1 2196/4667/1
f 2197/4669/26 2190/4655/26 2192/4660/26 2198/4671/26
f 2198/4671/27 2191/4657/27 2189/4652/27 2197/4669/27
f 2195/4666/6 2193/4663/6 2191/4658/6 2198/4672/6
f 2198/4672/6 2192/4661/6 2194/4665/6 2195/4666/6
f 2197/4670/9 2198/4673/9 2200/4675/9 2199/4674/9
f 2206/4685/18 2207/4688/18 2202/4678/18 2201/4676/18
f 2207/4688/28 2208/4690/28 2203/4679/28 2202/4678/28
f 2206/4686/29 2208/4691/29 2207/4689/29
f 2208/4691/21 2209/4693/21 2204/4681/21 2203/4680/21
f 2206/4686/22 2209/4693/22 2208/4691/22
f 2209/4692/32 2210/4694/32 2205/4683/32 2204/4682/32
f 2206/4686/24 2210/4695/24 2209/4693/24
f 2210/4696/25 2206/4687/25 2201/4677/25 2205/4684/25
f 2217/4713/5 2211/4697/5 2213/4701/5 2215/4707/5
f 2212/4699/9 2218/4715/9 2216/4710/9 2214/4704/9
f 2220/4718/1 2212/4700/1 2214/4705/1 2221/4719/1
f 2221/4719/1 2213/4702/1 2211/4698/1 2220/4718/1
f 2221/4720/26 2214/4706/26 2216/4711/26 2222/4722/26
f 2222/4722/27 2215/4708/27 2213/4703/27 2221/4720/27
f 2219/4717/6 2217/4714/6 2215/4709/6 2222/4723/6
f 2222/4723/6 2216/4712/6 2218/4716/6 2219/4717/6
f 2221/4721/9 2222/4724/9 2224/4726/9 2223/4725/9
f 2230/4736/18 2231/4739/18 2226/4729/18 2225/4727/18
f 2231/4739/28 2232/4741/28 2227/4730/28 2226/4729/28
f 2230/4737/29 2232/4742/29 2231/4740/29
f 2232/4742/21 2233/4744/21 2228/4732/21 2227/4731/21
f 2230/4737/22 2233/4744/22 2232/4742/22
f 2233/4743/23 2234/4745/23 2229/4734/23 2228/4733/23
f 2230/4737/24 2234/4746/24 2233/4744/24
f 2234/4747/25 2230/4738/25 2225/4728/25 2229/4735/25
f 2241/4764/5 2235/4748/5 2237/4752/5 2239/4758/5
f 2236/4750/9 2242/4766/9 2240/4761/9 2238/4755/9
f 2244/4769/1 2236/4751/1 2238/4756/1 2245/4770/1
f 2245/4770/1 2237/4753/1 2235/4749/1 2244/4769/1
f 2245/4771/26 2238/4757/26 2240/4762/26 2246/4773/26
f 2246/4773/27 2239/4759/27 2237/4754/27 2245/4771/27
f 2243/4768/6 2241/4765/6 2239/4760/6 2246/4774/6
f 2246/4774/6 2240/4763/6 2242/4767/6 2243/4768/6
f 2245/4772/9 2246/4775/9 2248/4777/9 2247/4776/9
f 2254/4787/18 2255/4790/18 2250/4780/18 2249/4778/18
f 2255/4790/28 2256/4792/28 2251/4781/28 2250/4780/28
f 2254/4788/29 2256/4793/29 2255/4791/29
f 2256/4793/21 2257/4795/21 2252/4783/21 2251/4782/21
f 2254/4788/22 2257/4795/22 2256/4793/22
f 2257/4794/23 2258/4796/23 2253/4785/23 2252/4784/23
f 2254/4788/24 2258/4797/24 2257/4795/24
f 2258/4798/25 2254/4789/25 2249/4779/25 2253/4786/25
f 2265/4815/5 2259/4799/5 2261/4803/5 2263/4809/5
f 2260/4801/9 2266/4817/9 2264/4812/9 2262/4806/9
f 2268/4820/1 2260/4802/1 2262/4807/1 2269/4821/1
f 2269/4821/1 2261/4804/1 2259/4800/1 2268/4820/1
f 2269/4822/26 2262/4808/26 2264/4813/26 2270/4824/26
f 2270/4824/27 2263/4810/27 2261/4805/27 2269/4822/27
f 2267/4819/6 2265/4816/6 2263/4811/6 2270/4825/6
f 2270/4825/6 2264/4814/6 2266/4818/6 2267/4819/6
f 2269/4823/9 2270/4826/9 2272/4828/9 2271/4827/9
f 2278/4838/18 2279/4841/18 2274/4831/18 2273/4829/18
f 2279/4841/28 2280/4843/28 2275/4832/28 2274/4831/28
f 2278/4839/29 2280/4844/29 2279/4842/29
f 2280/4844/21 2281/4846/21 2276/4834/21 2275/4833/21
f 2278/4839/22 2281/4846/22 2280/4844/22
f 2281/4845/32 2282/4847/32 2277/4836/32 2276/4835/32
f 2278/4839/24 2282/4848/24 2281/4846/24
f 2282/4849/25 2278/4840/25 2273/4830/25 2277/4837/25
f 2289/4866/5 2283/4850/5 2285/4854/5 2287/4860/5
f 2284/4852/9 2290/4868/9 2288/4863/9 2286/4857/9
f 2292/4871/1 2284/4853/1 2286/4858/1 2293/4872/1
f 2293/4872/1 2285/4855/1 2283/4851/1 2292/4871/1
f 2293/4873/26 2286/4859/26 2288/4864/26 2294/4875/26
f 2294/4875/27 2287/4861/27 2285/4856/27 2293/4873/27
f 2291/4870/6 2289/4867/6 2287/4862/6 2294/4876/6
f 2294/4876/6 2288/4865/6 2290/4869/6 2291/4870/6
f 2293/4874/9 2294/4877/9 2296/4879/9 2295/4878/9
f 2302/4889/18 2303/4892/18 2298/4882/18 2297/4880/18
f 2303/4892/28 2304/4894/28 2299/4883/28 2298/4882/28
f 2302/4890/29 2304/4895/29 2303/4893/29
f 2304/4895/21 2305/4897/21 2300/4885/21 2299/4884/21
f 2302/4890/22 2305/4897/22 2304/4895/22
f 2305/4896/32 2306/4898/32 2301/4887/32 2300/4886/32
f 2302/4890/24 2306/4899/24 2305/4897/24
f 2306/4900/25 2302/4891/25 2297/4881/25 2301/4888/25
f 2313/4917/5 2307/4901/5 2309/4905/5 2311/4911/5
f 2308/4903/9 2314/4919/9 2312/4914/9 2310/4908/9
f 2316/4922/1 2308/4904/1 2310/4909/1 2317/4923/1
f 2317/4923/1 2309/4906/1 2307/4902/1 2316/4922/1
f 2317/4924/26 2310/4910/26 2312/4915/26 2318/4926/26
f 2318/4926/27 2311/4912/27 2309/4907/27 2317/4924/27
f 2315/4921/6 2313/4918/6 2311/4913/6 2318/4927/6
f 2318/4927/6 2312/4916/6 2314/4920/6 2315/4921/6
f 2317/4925/9 2318/4928/9 2320/4930/9 2319/4929/9
f 2326/4940/18 2327/4943/18 2322/4933/18 2321/4931/18
f 2327/4943/28 2328/4945/28 2323/4934/28 2322/4933/28
f 2326/4941/29 2328/4946/29 2327/4944/29
f 2328/4946/21 2329/4948/21 2324/4936/21 2323/4935/21
f 2326/4941/22 2329/4948/22 2328/4946/22
f 2329/4947/32 2330/4949/32 2325/4938/32 2324/4937/32
f 2326/4941/24 2330/4950/24 2329/4948/24
f 2330/4951/25 2326/4942/25 2321/4932/25 2325/4939/25
f 2337/4968/5 2331/4952/5 2333/4956/5 2335/4962/5
f 2332/4954/9 2338/4970/9 2336/4965/9 2334/4959/9
f 2340/4973/1 2332/4955/1 2334/4960/1 2341/4974/1
f 2341/4974/1 2333/4957/1 2331/4953/1 2340/4973/1
f 2341/4975/26 2334/4961/26 2336/4966/26 2342/4977/26
f 2342/4977/27 2335/4963/27 2333/4958/27 2341/4975/27
f 2339/4972/6 2337/4969/6 2335/4964/6 2342/4978/6
f 2342/4978/6 2336/4967/6 2338/4971/6 2339/4972/6
f 2341/4976/9 2342/4979/9 2344/4981/9 2343/4980/9
f 2350/4991/18 2351/4994/18 2346/4984/18 2345/4982/18
f 2351/4994/28 2352/4996/28 2347/4985/28 2346/4984/28
f 2350/4992/29 2352/4997/29 2351/4995/29
f 2352/4997/21 2353/4999/21 2348/4987/21 2347/4986/21
f 2350/4992/22 2353/4999/22 2352/4997/22
f 2353/4998/32 2354/5000/32 2349/4989/32 2348/4988/32
f 2350/4992/24 2354/5001/24 2353/4999/24
f 2354/5002/25 2350/4993/25 2345/4983/25 2349/4990/25
f 2361/5019/5 2355/5003/5 2357/5007/5 2359/5013/5
f 2356/5005/9 2362/5021/9 2360/5016/9 2358/5010/9
f 2364/5024/1 2356/5006/1 2358/5011/1 2365/5025/1
f 2365/5025/1 2357/5008/1 2355/5004/1 2364/5024/1
f 2365/5026/26 2358/5012/26 2360/5017/26 2366/5028/26
f 2366/5028/27 2359/5014/27 2357/5009/27 2365/5026/27
f 2363/5023/6 2361/5020/6 2359/5015/6 2366/5029/6
f 2366/5029/6 2360/5018/6 2362/5022/6 2363/5023/6
f 2365/5027/9 2366/5030/9 2368/5032/9 2367/5031/9
f 2374/5042/18 2375/5045/18 2370/5035/18 2369/5033/18
f 2375/5045/28 2376/5047/28 2371/5036/28 2370/5035/28
f 2374/5043/29 2376/5048/29 2375/5046/29
f 2376/5048/21 2377/5050/21 2372/5038/21 2371/5037/21
f 2374/5043/22 2377/5050/22 2376/5048/22
f 2377/5049/23 2378/5051/23 2373/5040/23 2372/5039/23
f 2374/5043/24 2378/5052/24 2377/5050/24
f 2378/5053/25 2374/5044/25 2369/5034/25 2373/5041/25
f 2385/5070/5 2379/5054/5 2381/5058/5 2383/5064/5
f 2380/5056/9 2386/5072/9 2384/5067/9 2382/5061/9
f 2388/5075/1 2380/5057/1 2382/5062/1 2389/5076/1
f 2389/5076/1 2381/5059/1 2379/5055/1 2388/5075/1
f 2389/5077/26 2382/5063/26 2384/5068/26 2390/5079/26
f 2390/5079/27 2383/5065/27 2381/5060/27 2389/5077/27
f 2387/5074/6 2385/5071/6 2383/5066/6 2390/5080/6
f 2390/5080/6 2384/5069/6 2386/5073/6 2387/5074/6
f 2389/5078/9 2390/5081/9 2392/5083/9 2391/5082/9
f 2398/5093/18 2399/5096/18 2394/5086/18 2393/5084/18
f 2399/5096/28 2400/5098/28 2395/5087/28 2394/5086/28
f 2398/5094/29 2400/5099/29 2399/5097/29
f 2400/5099/21 2401/5101/21 2396/5089/21 2395/5088/21
f 2398/5094/22 2401/5101/22 2400/5099/22
f 2401/5100/23 2402/5102/23 2397/5091/23 2396/5090/23
f 2398/5094/24 2402/5103/24 2401/5101/24
f 2402/5104/25 2398/5095/25 2393/5085/25 2397/5092/25
f 2409/5121/5 2403/5105/5 2405/5109/5 2407/5115/5
f 2404/5107/9 2410/5123/9 2408/5118/9 2406/5112/9
f 2412/5126/1 2404/5108/1 2406/5113/1 2413/5127/1
f 2413/5127/1 2405/5110/1 2403/5106/1 2412/5126/1
f 2413/5128/26 2406/5114/26 2408/5119/26 2414/5130/26
f 2414/5130/27 2407/5116/27 2405/5111/27 2413/5128/27
f 2411/5125/6 2409/5122/6 2407/5117/6 2414/5131/6
f 2414/5131/6 2408/5120/6 2410/5124/6 2411/5125/6
f 2413/5129/9 2414/5132/9 2416/5134/9 2415/5133/9
f 2422/5144/18 2423/5147/18 2418/5137/18 2417/5135/18
f 2423/5147/19 2424/5149/19 2419/5138/19 2418/5137/19
f 2422/5145/29 2424/5150/29 2423/5148/29
f 2424/5150/21 2425/5152/21 2420/5140/21 2419/5139/21
f 2422/5145/22 2425/5152/22 2424/5150/22
f 2425/5151/32 2426/5153/32 2421/5142/32 2420/5141/32
f 2422/5145/24 2426/5154/24 2425/5152/24
f 2426/5155/25 2422/5146/25 2417/5136/25 2421/5143/25
f 2433/5172/5 2427/5156/5 2429/5160/5 2431/5166/5
f 2428/5158/9 2434/5174/9 2432/5169/9 2430/5163/9
f 2436/5177/1 2428/5159/1 2430/5164/1 2437/5178/1
f 2437/5178/1 2429/5161/1 2427/5157/1 2436/5177/1
f 2437/5179/26 2430/5165/26 2432/5170/26 2438/5181/26
f 2438/5181/27 2431/5167/27 2429/5162/27 2437/5179/27
f 2435/5176/6 2433/5173/6 2431/5168/6 2438/5182/6
f 2438/5182/6 2432/5171/6 2434/5175/6 2435/5176/6
f 2437/5180/9 2438/5183/9 2440/5185/9 2439/5184/9
f 2446/5195/18 2447/5198/18 2442/5188/18 2441/5186/18
f 2447/5198/19 2448/5200/19 2443/5189/19 2442/5188/19
f 2446/5196/20 2448/5201/20 2447/5199/20
f 2448/5201/21 2449/5203/21 2444/5191/21 2443/5190/21
f 2446/5196/22 2449/5203/22 2448/5201/22
f 2449/5202/32 2450/5204/32 2445/5193/32 2444/5192/32
f 2446/5196/24 2450/5205/24 2449/5203/24
f 2450/5206/25 2446/5197/25 2441/5187/25 2445/5194/25
f 2457/5223/5 2451/5207/5 2453/5211/5 2455/5217/5
f 2452/5209/9 2458/5225/9 2456/5220/9 2454/5214/9
f 2460/5228/1 2452/5210/1 2454/5215/1 2461/5229/1
f 2461/5229/1 2453/5212/1 2451/5208/1 2460/5228/1
f 2461/5230/26 2454/5216/26 2456/5221/26 2462/5232/26
f 2462/5232/27 2455/5218/27 2453/5213/27 2461/5230/27
f 2459/5227/6 2457/5224/6 2455/5219/6 2462/5233/6
f 2462/5233/6 2456/5222/6 2458/5226/6 2459/5227/6
f 2461/5231/9 2462/5234/9 2464/5236/9 2463/5235/9
f 2470/5246/18 2471/5249/18 2466/5239/18 2465/5237/18
f 2471/5249/28 2472/5251/28 2467/5240/28 2466/5239/28
f 2470/5247/29 2472/5252/29 2471/5250/29
f 2472/5252/21 2473/5254/21 2468/5242/21 2467/5241/21
f 2470/5247/22 2473/5254/22 2472/5252/22
f 2473/5253/23 2474/5255/23 2469/5244/23 2468/5243/23
f 2470/5247/24 2474/5256/24 2473/5254/24
f 2474/5257/25 2470/5248/25 2465/5238/25 2469/5245/25
f 2481/5274/5 2475/5258/5 2477/5262/5 2479/5268/5
f 2476/5260/9 2482/5276/9 2480/5271/9 2478/5265/9
f 2484/5279/1 2476/5261/1 2478/5266/1 2485/5280/1
f 2485/5280/1 2477/5263/1 2475/5259/1 2484/5279/1
f 2485/5281/26 2478/5267/26 2480/5272/26 2486/5283/26
f 2486/5283/27 2479/5269/27 2477/5264/27 2485/5281/27
f 2483/5278/6 2481/5275/6 2479/5270/6 2486/5284/6
f 2486/5284/6 2480/5273/6 2482/5277/6 2483/5278/6
f 2485/5282/9 2486/5285/9 2488/5287/9 2487/5286/9
f 2494/5297/18 2495/5300/18 2490/5290/18 2489/5288/18
f 2495/5300/28 2496/5302/28 2491/5291/28 2490/5290/28
f 2494/5298/29 2496/5303/29 2495/5301/29
f 2496/5303/21 2497/5305/21 2492/5293/21 2491/5292/21
f 2494/5298/22 2497/5305/22 2496/5303/22
f 2497/5304/23 2498/5306/23 2493/5295/23 2492/5294/23
f 2494/5298/24 2498/5307/24 2497/5305/24
f 2498/5308/25 2494/5299/25 2489/5289/25 2493/5296/25
f 2505/5325/5 2499/5309/5 2501/5313/5 2503/5319/5
f 2500/5311/9 2506/5327/9 2504/5322/9 2502/5316/9
f 2508/5330/1 2500/5312/1 2502/5317/1 2509/5331/1
f 2509/5331/1 2501/5314/1 2499/5310/1 2508/5330/1
f 2509/5332/26 2502/5318/26 2504/5323/26 2510/5334/26
f 2510/5334/27 2503/5320/27 2501/5315/27 2509/5332/27
f 2507/5329/6 2505/5326/6 2503/5321/6 2510/5335/6
f 2510/5335/6 2504/5324/6 2506/5328/6 2507/5329/6
f 2509/5333/9 2510/5336/9 2512/5338/9 2511/5337/9
f 2518/5348/18 2519/5351/18 2514/5341/18 2513/5339/18
f 2519/5351/28 2520/5353/28 2515/5342/28 2514/5341/28
f 2518/5349/29 2520/5354/29 2519/5352/29
f 2520/5354/21 2521/5356/21 2516/5344/21 2515/5343/21
f 2518/5349/22 2521/5356/22 2520/5354/22
f 2521/5355/23 2522/5357/23 2517/5346/23 2516/5345/23
f 2518/5349/24 2522/5358/24 2521/5356/24
f 2522/5359/25 2518/5350/25 2513/5340/25 2517/5347/25
f 2529/5376/5 2523/5360/5 2525/5364/5 2527/5370/5
f 2524/5362/9 2530/5378/9 2528/5373/9 2526/5367/9
f 2532/5381/1 2524/5363/1 2526/5368/1 2533/5382/1
f 2533/5382/1 2525/5365/1 2523/5361/1 2532/5381/1
f 2533/5383/26 2526/5369/26 2528/5374/26 2534/5385/26
f 2534/5385/27 2527/5371/27 2525/5366/27 2533/5383/27
f 2531/5380/6 2529/5377/6 2527/5372/6 2534/5386/6
f 2534/5386/6 2528/5375/6 2530/5379/6 2531/5380/6
f 2533/5384/9 2534/5387/9 2536/5389/9 2535/5388/9
f 2542/5399/18 2543/5402/18 2538/5392/18 2537/5390/18
f 2543/5402/28 2544/5404/28 2539/5393/28 2538/5392/28
f 2542/5400/29 2544/5405/29 2543/5403/29
f 2544/5405/21 2545/5407/21 2540/5395/21 2539/5394/21
f 2542/5400/22 2545/5407/22 2544/5405/22
f 2545/5406/23 2546/5408/23 2541/5397/23 2540/5396/23
f 2542/5400/24 2546/5409/24 2545/5407/24
f 2546/5410/25 2542/5401/25 2537/5391/25 2541/5398/25
f 2553/5427/5 2547/5411/5 2549/5415/5 2551/5421/5
f 2548/5413/9 2554/5429/9 2552/5424/9 2550/5418/9
f 2556/5432/1 2548/5414/1 2550/5419/1 2557/5433/1
f 2557/5433/1 2549/5416/1 2547/5412/1 2556/5432/1
f 2557/5434/26 2550/5420/26 2552/5425/26 2558/5436/26
f 2558/5436/27 2551/5422/27 2549/5417/27 2557/5434/27
f 2555/5431/6 2553/5428/6 2551/5423/6 2558/5437/6
f 2558/5437/6 2552/5426/6 2554/5430/6 2555/5431/6
f 2557/5435/9 2558/5438/9 2560/5440/9 2559/5439/9
f 2566/5450/18 2567/5453/18 2562/5443/18 2561/5441/18
f 2567/5453/28 2568/5455/28 2563/5444/28 2562/5443/28
f 2566/5451/29 2568/5456/29 2567/5454/29
f 2568/5456/21 2569/5458/21 2564/5446/21 2563/5445/21
f 2566/5451/22 2569/5458/22 2568/5456/22
f 2569/5457/23 2570/5459/23 2565/5448/23 2564/5447/23
f 2566/5451/24 2570/5460/24 2569/5458/24
f 2570/5461/25 2566/5452/25 2561/5442/25 2565/5449/25
f 2577/5478/5 2571/5462/5 2573/5466/5 2575/5472/5
f 2572/5464/9 2578/5480/9 2576/5475/9 2574/5469/9
f 2580/5483/1 2572/5465/1 2574/5470/1 2581/5484/1
f 2581/5484/1 2573/5467/1 2571/5463/1 2580/5483/1
f 2581/5485/26 2574/5471/26 2576/5476/26 2582/5487/26
f 2582/5487/27 2575/5473/27 2573/5468/27 2581/5485/27
f 2579/5482/6 2577/5479/6 2575/5474/6 2582/5488/6
f 2582/5488/6 2576/5477/6 2578/5481/6 2579/5482/6
f 2581/5486/9 2582/5489/9 2584/5491/9 2583/5490/9
f 2590/5501/18 2591/5504/18 2586/5494/18 2585/5492/18
f 2591/5504/28 2592/5506/28 2587/5495/28 2586/5494/28
f 2590/5502/29 2592/5507/29 2591/5505/29
f 2592/5507/21 2593/5509/21 2588/5497/21 2587/5496/21
f 2590/5502/22 2593/5509/22 2592/5507/22
f 2593/5508/23 2594/5510/23 2589/5499/23 2588/5498/23
f 2590/5502/24 2594/5511/24 2593/5509/24
f 2594/5512/25 2590/5503/25 2585/5493/25 2589/5500/25
f 2601/5529/5 2595/5513/5 2597/5517/5 2599/5523/5
f 2596/5515/9 2602/5531/9 2600/5526/9 2598/5520/9
f 2604/5534/1 2596/5516/1 2598/5521/1 2605/5535/1
f 2605/5535/1 2597/5518/1 2595/5514/1 2604/5534/1
f 2605/5536/26 2598/5522/26 2600/5527/26 2606/5538/26
f 2606/5538/27 2599/5524/27 2597/5519/27 2605/5536/27
f 2603/5533/6 2601/5530/6 2599/5525/6 2606/5539/6
f 2606/5539/6 2600/5528/6 2602/5532/6 2603/5533/6
f 2605/5537/9 2606/5540/9 2608/5542/9 2607/5541/9
f 2614/5552/18 2615/5555/18 2610/5545/18 2609/5543/18
f 2615/5555/28 2616/5557/28 2611/5546/28 2610/5545/28
f 2614/5553/29 2616/5558/29 2615/5556/29
f 2616/5558/21 2617/5560/21 2612/5548/21 2611/5547/21
f 2614/5553/22 2617/5560/22 2616/5558/22
f 2617/5559/23 2618/5561/23 2613/5550/23 2612/5549/23
f 2614/5553/24 2618/5562/24 2617/5560/24
f 2618/5563/25 2614/5554/25 2609/5544/25 2613/5551/25
f 2625/5580/5 2619/5564/5 2621/5568/5 2623/5574/5
f 2620/5566/9 2626/5582/9 2624/5577/9 2622/5571/9
f 2628/5585/1 2620/5567/1 2622/5572/1 2629/5586/1
f 2629/5586/1 2621/5569/1 2619/5565/1 2628/5585/1
f 2629/5587/26 2622/5573/26 2624/5578/26 2630/5589/26
f 2630/5589/27 2623/5575/27 2621/5570/27 2629/5587/27
f 2627/5584/6 2625/5581/6 2623/5576/6 2630/5590/6
f 2630/5590/6 2624/5579/6 2626/5583/6 2627/5584/6
f 2629/5588/9 2630/5591/9 2632/5593/9 2631/5592/9
f 2638/5603/18 2639/5606/18 2634/5596/18 2633/5594/18
f 2639/5606/28 2640/5608/28 2635/5597/28 2634/5596/28
f 2638/5604/29 2640/5609/29 2639/5607/29
f 2640/5609/21 2641/5611/21 2636/5599/21 2635/5598/21
f 2638/5604/22 2641/5611/22 2640/5609/22
f 2641/5610/23 2642/5612/23 2637/5601/23 2636/5600/23
f 2638/5604/24 2642/5613/24 2641/5611/24
f 2642/5614/25 2638/5605/25 2633/5595/25 2637/5602/25
f 2649/5631/5 2643/5615/5 2645/5619/5 2647/5625/5
f 2644/5617/9 2650/5633/9 2648/5628/9 2646/5622/9
f 2652/5636/1 2644/5618/1 2646/5623/1 2653/5637/1
f 2653/5637/1 2645/5620/1 2643/5616/1 2652/5636/1
f 2653/5638/26 2646/5624/26 2648/5629/26 2654/5640/26
f 2654/5640/27 2647/5626/27 2645/5621/27 2653/5638/27
f 2651/5635/6 2649/5632/6 2647/5627/6 2654/5641/6
f 2654/5641/6 2648/5630/6 2650/5634/6 2651/5635/6
f 2653/5639/9 2654/5642/9 2656/5644/9 2655/5643/9
f 2662/5654/18 2663/5657/18 2658/5647/18 2657/5645/18
f 2663/5657/28 2664/5659/28 2659/5648/28 2658/5647/28
f 2662/5655/29 2664/5660/29 2663/5658/29
f 2664/5660/21 2665/5662/21 2660/5650/21 2659/5649/21
f 2662/5655/22 2665/5662/22 2664/5660/22
f 2665/5661/30 2666/5663/30 2661/5652/30 2660/5651/30
f 2662/5655/24 2666/5664/24 2665/5662/24
f 2666/5665/25 2662/5656/25 2657/5646/25 2661/5653/25
f 2673/5682/5 2667/5666/5 2669/5670/5 2671/5676/5
f 2668/5668/9 2674/5684/9 2672/5679/9 2670/5673/9
f 2676/5687/1 2668/5669/1 2670/5674/1 2677/5688/1
f 2677/5688/1 2669/5671/1 2667/5667/1 2676/5687/1
f 2677/5689/26 2670/5675/26 2672/5680/26 2678/5691/26
f 2678/5691/27 2671/5677/27 2669/5672/27 2677/5689/27
f 2675/5686/6 2673/5683/6 2671/5678/6 2678/5692/6
f 2678/5692/6 2672/5681/6 2674/5685/6 2675/5686/6
f 2677/5690/9 2678/5693/9 2680/5695/9 2679/5694/9
f 2686/5705/18 2687/5708/18 2682/5698/18 2681/5696/18
f 2687/5708/28 2688/5710/28 2683/5699/28 2682/5698/28
f 2686/5706/29 2688/5711/29 2687/5709/29
f 2688/5711/21 2689/5713/21 2684/5701/21 2683/5700/21
f 2686/5706/22 2689/5713/22 2688/5711/22
f 2689/5712/30 2690/5714/30 2685/5703/30 2684/5702/30
f 2686/5706/24 2690/5715/24 2689/5713/24
f 2690/5716/25 2686/5707/25 2681/5697/25 2685/5704/25
f 2697/5733/5 2691/5717/5 2693/5721/5 2695/5727/5
f 2692/5719/9 2698/5735/9 2696/5730/9 2694/5724/9
f 2700/5738/1 2692/5720/1 2694/5725/1 2701/5739/1
f 2701/5739/1 2693/5722/1 2691/5718/1 2700/5738/1
f 2701/5740/26 2694/5726/26 2696/5731/26 2702/5742/26
f 2702/5742/27 2695/5728/27 2693/5723/27 2701/5740/27
f 2699/5737/6 2697/5734/6 2695/5729/6 2702/5743/6
f 2702/5743/6 2696/5732/6 2698/5736/6 2699/5737/6
f 2701/5741/9 2702/5744/9 2704/5746/9 2703/5745/9
f 2710/5756/18 2711/5759/18 2706/5749/18 2705/5747/18
f 2711/5759/31 2712/5761/31 2707/5750/31 2706/5749/31
f 2710/5757/29 2712/5762/29 2711/5760/29
f 2712/5762/21 2713/5764/21 2708/5752/21 2707/5751/21
f 2710/5757/22 2713/5764/22 2712/5762/22
f 2713/5763/30 2714/5765/30 2709/5754/30 2708/5753/30
f 2710/5757/24 2714/5766/24 2713/5764/24
f 2714/5767/25 2710/5758/25 2705/5748/25 2709/5755/25
f 2721/5784/5 2715/5768/5 2717/5772/5 2719/5778/5
f 2716/5770/9 2722/5786/9 2720/5781/9 2718/5775/9
f 2724/5789/1 2716/5771/1 2718/5776/1 2725/5790/1
f 2725/5790/1 2717/5773/1 2715/5769/1 2724/5789/1
f 2725/5791/26 2718/5777/26 2720/5782/26 2726/5793/26
f 2726/5793/27 2719/5779/27 2717/5774/27 2725/5791/27
f 2723/5788/6 2721/5785/6 2719/5780/6 2726/5794/6
f 2726/5794/6 2720/5783/6 2722/5787/6 2723/5788/6
f 2725/5792/9 2726/5795/9 2728/5797/9 2727/5796/9
f 2734/5807/18 2735/5810/18 2730/5800/18 2729/5798/18
f 2735/5810/31 2736/5812/31 2731/5801/31 2730/5800/31
f 2734/5808/29 2736/5813/29 2735/5811/29
f 2736/5813/21 2737/5815/21 2732/5803/21 2731/5802/21
f 2734/5808/22 2737/5815/22 2736/5813/22
f 2737/5814/30 2738/5816/30 2733/5805/30 2732/5804/30
f 2734/5808/24 2738/5817/24 2737/5815/24
f 2738/5818/25 2734/5809/25 2729/5799/25 2733/5806/25
f 2745/5835/5 2739/5819/5 2741/5823/5 2743/5829/5
f 2740/5821/9 2746/5837/9 2744/5832/9 2742/5826/9
f 2748/5840/1 2740/5822/1 2742/5827/1 2749/5841/1
f 2749/5841/1 2741/5824/1 2739/5820/1 2748/5840/1
f 2749/5842/26 2742/5828/26 2744/5833/26 2750/5844/26
f 2750/5844/27 2743/5830/27 2741/5825/27 2749/5842/27
f 2747/5839/6 2745/5836/6 2743/5831/6 2750/5845/6
f 2750/5845/6 2744/5834/6 2746/5838/6 2747/5839/6
f 2749/5843/9 2750/5846/9 2752/5848/9 2751/5847/9
f 2758/5858/18 2759/5861/18 2754/5851/18 2753/5849/18
f 2759/5861/28 2760/5863/28 2755/5852/28 2754/5851/28
f 2758/5859/29 2760/5864/29 2759/5862/29
f 2760/5864/21 2761/5866/21 2756/5854/21 2755/5853/21
f 2758/5859/22 2761/5866/22 2760/5864/22
f 2761/5865/23 2762/5867/23 2757/5856/23 2756/5855/23
f 2758/5859/24 2762/5868/24 2761/5866/24
f 2762/5869/25 2758/5860/25 2753/5850/25 2757/5857/25
f 2769/5886/5 2763/5870/5 2765/5874/5 2767/5880/5
f 2764/5872/9 2770/5888/9 2768/5883/9 2766/5877/9
f 2772/5891/1 2764/5873/1 2766/5878/1 2773/5892/1
f 2773/5892/1 2765/5875/1 2763/5871/1 2772/5891/1
f 2773/5893/26 2766/5879/26 2768/5884/26 2774/5895/26
f 2774/5895/27 2767/5881/27 2765/5876/27 2773/5893/27
f 2771/5890/6 2769/5887/6 2767/5882/6 2774/5896/6
f 2774/5896/6 2768/5885/6 2770/5889/6 2771/5890/6
f 2773/5894/9 2774/5897/9 2776/5899/9 2775/5898/9
f 2782/5909/18 2783/5912/18 2778/5902/18 2777/5900/18
f 2783/5912/28 2784/5914/28 2779/5903/28 2778/5902/28
f 2782/5910/29 2784/5915/29 2783/5913/29
f 2784/5915/21 2785/5917/21 2780/5905/21 2779/5904/21
f 2782/5910/22 2785/5917/22 2784/5915/22
f 2785/5916/23 2786/5918/23 2781/5907/23 2780/5906/23
f 2782/5910/24 2786/5919/24 2785/5917/24
f 2786/5920/25 2782/5911/25 2777/5901/25 2781/5908/25
f 2793/5937/5 2787/5921/5 2789/5925/5 2791/5931/5
f 2788/5923/9 2794/5939/9 2792/5934/9 2790/5928/9
f 2796/5942/1 2788/5924/1 2790/5929/1 2797/5943/1
f 2797/5943/1 2789/5926/1 2787/5922/1 2796/5942/1
f 2797/5944/26 2790/5930/26 2792/5935/26 2798/5946/26
f 2798/5946/27 2791/5932/27 2789/5927/27 2797/5944/27
f 2795/5941/6 2793/5938/6 2791/5933/6 2798/5947/6
f 2798/5947/6 2792/5936/6 2794/5940/6 2795/5941/6
f 2797/5945/9 2798/5948/9 2800/5950/9 2799/5949/9
f 2806/5960/18 2807/5963/18 2802/5953/18 2801/5951/18
f 2807/5963/28 2808/5965/28 2803/5954/28 2802/5953/28
f 2806/5961/29 2808/5966/29 2807/5964/29
f 2808/5966/21 2809/5968/21 2804/5956/21 2803/5955/21
f 2806/5961/22 2809/5968/22 2808/5966/22
f 2809/5967/23 2810/5969/23 2805/5958/23 2804/5957/23
f 2806/5961/24 2810/5970/24 2809/5968/24
f 2810/5971/25 2806/5962/25 2801/5952/25 2805/5959/25
f 2817/5988/5 2811/5972/5 2813/5976/5 2815/5982/5
f 2812/5974/9 2818/5990/9 2816/5985/9 2814/5979/9
f 2820/5993/1 2812/5975/1 2814/5980/1 2821/5994/1
f 2821/5994/1 2813/5977/1 2811/5973/1 2820/5993/1
f 2821/5995/26 2814/5981/26 2816/5986/26 2822/5997/26
f 2822/5997/27 2815/5983/27 2813/5978/27 2821/5995/27
f 2819/5992/6 2817/5989/6 2815/5984/6 2822/5998/6
f 2822/5998/6 2816/5987/6 2818/5991/6 2819/5992/6
f 2821/5996/9 2822/5999/9 2824/6001/9 2823/6000/9
f 2830/6011/18 2831/6014/18 2826/6004/18 2825/6002/18
f 2831/6014/28 2832/6016/28 2827/6005/28 2826/6004/28
f 2830/6012/29 2832/6017/29 2831/6015/29
f 2832/6017/21 2833/6019/21 2828/6007/21 2827/6006/21
f 2830/6012/22 2833/6019/22 2832/6017/22
f 2833/6018/23 2834/6020/23 2829/6009/23 2828/6008/23
f 2830/6012/24 2834/6021/24 2833/6019/24
f 2834/6022/25 2830/6013/25 2825/6003/25 2829/6010/25
f 2841/6039/5 2835/6023/5 2837/6027/5 2839/6033/5
f 2836/6025/9 2842/6041/9 2840/6036/9 2838/6030/9
f 2844/6044/1 2836/6026/1 2838/6031/1 2845/6045/1
f 2845/6045/1 2837/6028/1 2835/6024/1 2844/6044/1
f 2845/6046/26 2838/6032/26 2840/6037/26 2846/6048/26
f 2846/6048/27 2839/6034/27 2837/6029/27 2845/6046/27
f 2843/6043/6 2841/6040/6 2839/6035/6 2846/6049/6
f 2846/6049/6 2840/6038/6 2842/6042/6 2843/6043/6
f 2845/6047/9 2846/6050/9 2848/6052/9 2847/6051/9
f 2854/6062/18 2855/6065/18 2850/6055/18 2849/6053/18
f 2855/6065/28 2856/6067/28 2851/6056/28 2850/6055/28
f 2854/6063/29 2856/6068/29 2855/6066/29
f 2856/6068/21 2857/6070/21 2852/6058/21 2851/6057/21
f 2854/6063/22 2857/6070/22 2856/6068/22
f 2857/6069/23 2858/6071/23 2853/6060/23 2852/6059/23
f 2854/6063/24 2858/6072/24 2857/6070/24
f 2858/6073/25 2854/6064/25 2849/6054/25 2853/6061/25
f 2865/6090/5 2859/6074/5 2861/6078/5 2863/6084/5
f 2860/6076/9 2866/6092/9 2864/6087/9 2862/6081/9
f 2868/6095/1 2860/6077/1 2862/6082/1 2869/6096/1
f 2869/6096/1 2861/6079/1 2859/6075/1 2868/6095/1
f 2869/6097/26 2862/6083/26 2864/6088/26 2870/6099/26
f 2870/6099/27 2863/6085/27 2861/6080/27 2869/6097/27
f 2867/6094/6 2865/6091/6 2863/6086/6 2870/6100/6
f 2870/6100/6 2864/6089/6 2866/6093/6 2867/6094/6
f 2869/6098/9 2870/6101/9 2872/6103/9 2871/6102/9
f 2878/6113/18 2879/6116/18 2874/6106/18 2873/6104/18
f 2879/6116/28 2880/6118/28 2875/6107/28 2874/6106/28
f 2878/6114/29 2880/6119/29 2879/6117/29
f 2880/6119/21 2881/6121/21 2876/6109/21 2875/6108/21
f 2878/6114/22 2881/6121/22 2880/6119/22
f 2881/6120/23 2882/6122/23 2877/6111/23 2876/6110/23
f 2878/6114/24 2882/6123/24 2881/6121/24
f 2882/6124/25 2878/6115/25 2873/6105/25 2877/6112/25
f 2889/6141/5 2883/6125/5 2885/6129/5 2887/6135/5
f 2884/6127/9 2890/6143/9 2888/6138/9 2886/6132/9
f 2892/6146/1 2884/6128/1 2886/6133/1 2893/6147/1
f 2893/6147/1 2885/6130/1 2883/6126/1 2892/6146/1
f 2893/6148/26 2886/6134/26 2888/6139/26 2894/6150/26
f 2894/6150/27 2887/6136/27 2885/6131/27 2893/6148/27
f 2891/6145/6 2889/6142/6 2887/6137/6 2894/6151/6
f 2894/6151/6 2888/6140/6 2890/6144/6 2891/6145/6
f 2893/6149/9 2894/6152/9 2896/6154/9 2895/6153/9
f 2902/6164/18 2903/6167/18 2898/6157/18 2897/6155/18
f 2903/6167/28 2904/6169/28 2899/6158/28 2898/6157/28
f 2902/6165/29 2904/6170/29 2903/6168/29
f 2904/6170/21 2905/6172/21 2900/6160/21 2899/6159/21
f 2902/6165/22 2905/6172/22 2904/6170/22
f 2905/6171/32 2906/6173/32 2901/6162/32 2900/6161/32
f 2902/6165/24 2906/6174/24 2905/6172/24
f 2906/6175/25 2902/6166/25 2897/6156/25 2901/6163/25
f 2913/6192/5 2907/6176/5 2909/6180/5 2911/6186/5
f 2908/6178/9 2914/6194/9 2912/6189/9 2910/6183/9
f 2916/6197/1 2908/6179/1 2910/6184/1 2917/6198/1
f 2917/6198/1 2909/6181/1 2907/6177/1 2916/6197/1
f 2917/6199/26 2910/6185/26 2912/6190/26 2918/6201/26
f 2918/6201/27 2911/6187/27 2909/6182/27 2917/6199/27
f 2915/6196/6 2913/6193/6 2911/6188/6 2918/6202/6
f 2918/6202/6 2912/6191/6 2914/6195/6 2915/6196/6
f 2917/6200/9 2918/6203/9 2920/6205/9 2919/6204/9
f 2926/6215/18 2927/6218/18 2922/6208/18 2921/6206/18
f 2927/6218/28 2928/6220/28 2923/6209/28 2922/6208/28
f 2926/6216/29 2928/6221/29 2927/6219/29
f 2928/6221/21 2929/6223/21 2924/6211/21 2923/6210/21
f 2926/6216/22 2929/6223/22 2928/6221/22
f 2929/6222/32 2930/6224/32 2925/6213/32 2924/6212/32
f 2926/6216/24 2930/6225/24 2929/6223/24
f 2930/6226/25 2926/6217/25 2921/6207/25 2925/6214/25
f 2937/6243/5 2931/6227/5 2933/6231/5 2935/6237/5
f 2932/6229/9 2938/6245/9 2936/6240/9 2934/6234/9
f 2940/6248/1 2932/6230/1 2934/6235/1 2941/6249/1
f 2941/6249/1 2933/6232/1 2931/6228/1 2940/6248/1
f 2941/6250/26 2934/6236/26 2936/6241/26 2942/6252/26
f 2942/6252/27 2935/6238/27 2933/6233/27 2941/6250/27
f 2939/6247/6 2937/6244/6 2935/6239/6 2942/6253/6
f 2942/6253/6 2936/6242/6 2938/6246/6 2939/6247/6
f 2941/6251/9 2942/6254/9 2944/6256/9 2943/6255/9
f 2950/6266/18 2951/6269/18 2946/6259/18 2945/6257/18
f 2951/6269/28 2952/6271/28 2947/6260/28 2946/6259/28
f 2950/6267/29 2952/6272/29 2951/6270/29
f 2952/6272/21 2953/6274/21 2948/6262/21 2947/6261/21
f 2950/6267/22 2953/6274/22 2952/6272/22
f 2953/6273/32 2954/6275/32 2949/6264/32 2948/6263/32
f 2950/6267/24 2954/6276/24 2953/6274/24
f 2954/6277/25 2950/6268/25 2945/6258/25 2949/6265/25
f 2961/6294/5 2955/6278/5 2957/6282/5 2959/6288/5
f 2956/6280/9 2962/6296/9 2960/6291/9 2958/6285/9
f 2964/6299/1 2956/6281/1 2958/6286/1 2965/6300/1
f 2965/6300/1 2957/6283/1 2955/6279/1 2964/6299/1
f 2965/6301/26 2958/6287/26 2960/6292/26 2966/6303/26
f 2966/6303/27 2959/6289/27 2957/6284/27 2965/6301/27
f 2963/6298/6 2961/6295/6 2959/6290/6 2966/6304/6
f 2966/6304/6 2960/6293/6 2962/6297/6 2963/6298/6
f 2965/6302/9 2966/6305/9 2968/6307/9 2967/6306/9
f 2974/6317/18 2975/6320/18 2970/6310/18 2969/6308/18
f 2975/6320/28 2976/6322/28 2971/6311/28 2970/6310/28
f 2974/6318/29 2976/6323/29 2975/6321/29
f 2976/6323/21 2977/6325/21 2972/6313/21 2971/6312/21
f 2974/6318/22 2977/6325/22 2976/6323/22
f 2977/6324/32 2978/6326/32 2973/6315/32 2972/6314/32
f 2974/6318/24 2978/6327/24 2977/6325/24
f 2978/6328/25 2974/6319/25 2969/6309/25 2973/6316/25
f 2985/6345/5 2979/6329/5 2981/6333/5 2983/6339/5
f 2980/6331/9 2986/6347/9 2984/6342/9 2982/6336/9
f 2988/6350/1 2980/6332/1 2982/6337/1 2989/6351/1
f 2989/6351/1 2981/6334/1 2979/6330/1 2988/6350/1
f 2989/6352/26 2982/6338/26 2984/6343/26 2990/6354/26
f 2990/6354/27 2983/6340/27 2981/6335/27 2989/6352/27
f 2987/6349/6 2985/6346/6 2983/6341/6 2990/6355/6
f 2990/6355/6 2984/6344/6 2986/6348/6 2987/6349/6
f 2989/6353/9 2990/6356/9 2992/6358/9 2991/6357/9
f 2998/6368/18 2999/6371/18 2994/6361/18 2993/6359/18
f 2999/6371/19 3000/6373/19 2995/6362/19 2994/6361/19
f 2998/6369/29 3000/6374/29 2999/6372/29
f 3000/6374/21 3001/6376/21 2996/6364/21 2995/6363/21
f 2998/6369/22 3001/6376/22 3000/6374/22
f 3001/6375/23 3002/6377/23 2997/6366/23 2996/6365/23
f 2998/6369/24 3002/6378/24 3001/6376/24
f 3002/6379/25 2998/6370/25 2993/6360/25 2997/6367/25
f 3009/6396/5 3003/6380/5 3005/6384/5 3007/6390/5
f 3004/6382/9 3010/6398/9 3008/6393/9 3006/6387/9
f 3012/6401/1 3004/6383/1 3006/6388/1 3013/6402/1
f 3013/6402/1 3005/6385/1 3003/6381/1 3012/6401/1
f 3013/6403/26 3006/6389/26 3008/6394/26 3014/6405/26
f 3014/6405/27 3007/6391/27 3005/6386/27 3013/6403/27
f 3011/6400/6 3009/6397/6 3007/6392/6 3014/6406/6
f 3014/6406/6 3008/6395/6 3010/6399/6 3011/6400/6
f 3013/6404/9 3014/6407/9 3016/6409/9 3015/6408/9
f 3022/6419/18 3023/6422/18 3018/6412/18 3017/6410/18
f 3023/6422/19 3024/6424/19 3019/6413/19 3018/6412/19
f 3022/6420/29 3024/6425/29 3023/6423/29
f 3024/6425/21 3025/6427/21 3020/6415/21 3019/6414/21
f 3022/6420/22 3025/6427/22 3024/6425/22
f 3025/6426/23 3026/6428/23 3021/6417/23 3020/6416/23
f 3022/6420/24 3026/6429/24 3025/6427/24
f 3026/6430/25 3022/6421/25 3017/6411/25 3021/6418/25
f 3033/6447/5 3027/6431/5 3029/6435/5 3031/6441/5
f 3028/6433/9 3034/6449/9 3032/6444/9 3030/6438/9
f 3036/6452/1 3028/6434/1 3030/6439/1 3037/6453/1
f 3037/6453/1 3029/6436/1 3027/6432/1 3036/6452/1
f 3037/6454/26 3030/6440/26 3032/6445/26 3038/6456/26
f 3038/6456/27 3031/6442/27 3029/6437/27 3037/6454/27
f 3035/6451/6 3033/6448/6 3031/6443/6 3038/6457/6
f 3038/6457/6 3032/6446/6 3034/6450/6 3035/6451/6
f 3037/6455/9 3038/6458/9 3040/6460/9 3039/6459/9
f 3046/6470/18 3047/6473/18 3042/6463/18 3041/6461/18
f 3047/6473/28 3048/6475/28 3043/6464/28 3042/6463/28
f 3046/6471/29 3048/6476/29 3047/6474/29
f 3048/6476/21 3049/6478/21 3044/6466/21 3043/6465/21
f 3046/6471/22 3049/6478/22 3048/6476/22
f 3049/6477/32 3050/6479/32 3045/6468/32 3044/6467/32
f 3046/6471/24 3050/6480/24 3049/6478/24
f 3050/6481/25 3046/6472/25 3041/6462/25 3045/6469/25
f 3057/6498/5 3051/6482/5 3053/6486/5 3055/6492/5
f 3052/6484/9 3058/6500/9 3056/6495/9 3054/6489/9
f 3060/6503/1 3052/6485/1 3054/6490/1 3061/6504/1
f 3061/6504/1 3053/6487/1 3051/6483/1 3060/6503/1
f 3061/6505/26 3054/6491/26 3056/6496/26 3062/6507/26
f 3062/6507/27 3055/6493/27 3053/6488/27 3061/6505/27
f 3059/6502/6 3057/6499/6 3055/6494/6 3062/6508/6
f 3062/6508/6 3056/6497/6 3058/6501/6 3059/6502/6
f 3061/6506/9 3062/6509/9 3064/6511/9 3063/6510/9
f 3070/6521/18 3071/6524/18 3066/6514/18 3065/6512/18
f 3071/6524/28 3072/6526/28 3067/6515/28 3066/6514/28
f 3070/6522/29 3072/6527/29 3071/6525/29
f 3072/6527/21 3073/6529/21 3068/6517/21 3067/6516/21
f 3070/6522/22 3073/6529/22 3072/6527/22
f 3073/6528/32 3074/6530/32 3069/6519/32 3068/6518/32
f 3070/6522/24 3074/6531/24 3073/6529/24
f 3074/6532/25 3070/6523/25 3065/6513/25 3069/6520/25
f 3081/6549/5 3075/6533/5 3077/6537/5 3079/6543/5
f 3076/6535/9 3082/6551/9 3080/6546/9 3078/6540/9
f 3084/6554/1 3076/6536/1 3078/6541/1 3085/6555/1
f 3085/6555/1 3077/6538/1 3075/6534/1 3084/6554/1
f 3085/6556/26 3078/6542/26 3080/6547/26 3086/6558/26
f 3086/6558/27 3079/6544/27 3077/6539/27 3085/6556/27
f 3083/6553/6 3081/6550/6 3079/6545/6 3086/6559/6
f 3086/6559/6 3080/6548/6 3082/6552/6 3083/6553/6
f 3085/6557/9 3086/6560/9 3088/6562/9 3087/6561/9
f 3094/6572/18 3095/6575/18 3090/6565/18 3089/6563/18
f 3095/6575/28 3096/6577/28 3091/6566/28 3090/6565/28
f 3094/6573/29 3096/6578/29 3095/6576/29
f 3096/6578/21 3097/6580/21 3092/6568/21 3091/6567/21
f 3094/6573/22 3097/6580/22 3096/6578/22
f 3097/6579/32 3098/6581/32 3093/6570/32 3092/6569/32
f 3094/6573/24 3098/6582/24 3097/6580/24
f 3098/6583/25 3094/6574/25 3089/6564/25 3093/6571/25
f 3105/6600/5 3099/6584/5 3101/6588/5 3103/6594/5
f 3100/6586/9 3106/6602/9 3104/6597/9 3102/6591/9
f 3108/6605/1 3100/6587/1 3102/6592/1 3109/6606/1
f 3109/6606/1 3101/6589/1 3099/6585/1 3108/6605/1
f 3109/6607/26 3102/6593/26 3104/6598/26 3110/6609/26
f 3110/6609/27 3103/6595/27 3101/6590/27 3109/6607/27
f 3107/6604/6 3105/6601/6 3103/6596/6 3110/6610/6
f 3110/6610/6 3104/6599/6 3106/6603/6 3107/6604/6
f 3109/6608/9 3110/6611/9 3112/6613/9 3111/6612/9
f 3118/6623/18 3119/6626/18 3114/6616/18 3113/6614/18
f 3119/6626/28 3120/6628/28 3115/6617/28 3114/6616/28
f 3118/6624/29 3120/6629/29 3119/6627/29
f 3120/6629/21 3121/6631/21 3116/6619/21 3115/6618/21
f 3118/6624/22 3121/6631/22 3120/6629/22
f 3121/6630/32 3122/6632/32 3117/6621/32 3116/6620/32
f 3118/6624/24 3122/6633/24 3121/6631/24
f 3122/6634/25 3118/6625/25 3113/6615/25 3117/6622/25
f 3129/6651/5 3123/6635/5 3125/6639/5 3127/6645/5
f 3124/6637/9 3130/6653/9 3128/6648/9 3126/6642/9
f 3132/6656/1 3124/6638/1 3126/6643/1 3133/6657/1
f 3133/6657/1 3125/6640/1 3123/6636/1 3132/6656/1
f 3133/6658/26 3126/6644/26 3128/6649/26 3134/6660/26
f 3134/6660/27 3127/6646/27 3125/6641/27 3133/6658/27
f 3131/6655/6 3129/6652/6 3127/6647/6 3134/6661/6
f 3134/6661/6 3128/6650/6 3130/6654/6 3131/6655/6
f 3133/6659/9 3134/6662/9 3136/6664/9 3135/6663/9
f 3142/6674/18 3143/6677/18 3138/6667/18 3137/6665/18
f 3143/6677/28 3144/6679/28 3139/6668/28 3138/6667/28
f 3142/6675/29 3144/6680/29 3143/6678/29
f 3144/6680/21 3145/6682/21 3140/6670/21 3139/6669/21
f 3142/6675/22 3145/6682/22 3144/6680/22
f 3145/6681/23 3146/6683/23 3141/6672/23 3140/6671/23
f 3142/6675/24 3146/6684/24 3145/6682/24
f 3146/6685/25 3142/6676/25 3137/6666/25 3141/6673/25
f 3153/6702/5 3147/6686/5 3149/6690/5 3151/6696/5
f 3148/6688/9 3154/6704/9 3152/6699/9 3150/6693/9
f 3156/6707/1 3148/6689/1 3150/6694/1 3157/6708/1
f 3157/6708/1 3149/6691/1 3147/6687/1 3156/6707/1
f 3157/6709/26 3150/6695/26 3152/6700/26 3158/6711/26
f 3158/6711/27 3151/6697/27 3149/6692/27 3157/6709/27
f 3155/6706/6 3153/6703/6 3151/6698/6 3158/6712/6
f 3158/6712/6 3152/6701/6 3154/6705/6 3155/6706/6
f 3157/6710/9 3158/6713/9 3160/6715/9 3159/6714/9
f 3166/6725/18 3167/6728/18 3162/6718/18 3161/6716/18
f 3167/6728/28 3168/6730/28 3163/6719/28 3162/6718/28
f 3166/6726/29 3168/6731/29 3167/6729/29
f 3168/6731/21 3169/6733/21 3164/6721/21 3163/6720/21
f 3166/6726/22 3169/6733/22 3168/6731/22
f 3169/6732/23 3170/6734/23 3165/6723/23 3164/6722/23
f 3166/6726/24 3170/6735/24 3169/6733/24
f 3170/6736/25 3166/6727/25 3161/6717/25 3165/6724/25
f 3177/6753/5 3171/6737/5 3173/6741/5 3175/6747/5
f 3172/6739/9 3178/6755/9 3176/6750/9 3174/6744/9
f 3180/6758/1 3172/6740/1 3174/6745/1 3181/6759/1
f 3181/6759/1 3173/6742/1 3171/6738/1 3180/6758/1
f 3181/6760/26 3174/6746/26 3176/6751/26 3182/6762/26
f 3182/6762/27 3175/6748/27 3173/6743/27 3181/6760/27
f 3179/6757/6 3177/6754/6 3175/6749/6 3182/6763/6
f 3182/6763/6 3176/6752/6 3178/6756/6 3179/6757/6
f 3181/6761/9 3182/6764/9 3184/6766/9 3183/6765/9
f 3190/6776/18 3191/6779/18 3186/6769/18 3185/6767/18
f 3191/6779/28 3192/6781/28 3187/6770/28 3186/6769/28
f 3190/6777/29 3192/6782/29 3191/6780/29
f 3192/6782/21 3193/6784/21 3188/6772/21 3187/6771/21
f 3190/6777/22 3193/6784/22 3192/6782/22
f 3193/6783/23 3194/6785/23 3189/6774/23 3188/6773/23
f 3190/6777/24 3194/6786/24 3193/6784/24
f 3194/6787/25 3190/6778/25 3185/6768/25 3189/6775/25
f 3201/6804/5 3195/6788/5 3197/6792/5 3199/6798/5
f 3196/6790/9 3202/6806/9 3200/6801/9 3198/6795/9
f 3204/6809/1 3196/6791/1 3198/6796/1 3205/6810/1
f 3205/6810/1 3197/6793/1 3195/6789/1 3204/6809/1
f 3205/6811/26 3198/6797/26 3200/6802/26 3206/6813/26
f 3206/6813/27 3199/6799/27 3197/6794/27 3205/6811/27
f 3203/6808/6 3201/6805/6 3199/6800/6 3206/6814/6
f 3206/6814/6 3200/6803/6 3202/6807/6 3203/6808/6
f 3205/6812/9 3206/6815/9 3208/6817/9 3207/6816/9
f 3214/6827/18 3215/6830/18 3210/6820/18 3209/6818/18
f 3215/6830/28 3216/6832/28 3211/6821/28 3210/6820/28
f 3214/6828/29 3216/6833/29 3215/6831/29
f 3216/6833/21 3217/6835/21 3212/6823/21 3211/6822/21
f 3214/6828/22 3217/6835/22 3216/6833/22
f 3217/6834/23 3218/6836/23 3213/6825/23 3212/6824/23
f 3214/6828/24 3218/6837/24 3217/6835/24
f 3218/6838/25 3214/6829/25 3209/6819/25 3213/6826/25
f 3225/6855/5 3219/6839/5 3221/6843/5 3223/6849/5
f 3220/6841/9 3226/6857/9 3224/6852/9 3222/6846/9
f 3228/6860/1 3220/6842/1 3222/6847/1 3229/6861/1
f 3229/6861/1 3221/6844/1 3219/6840/1 3228/6860/1
f 3229/6862/26 3222/6848/26 3224/6853/26 3230/6864/26
f 3230/6864/27 3223/6850/27 3221/6845/27 3229/6862/27
f 3227/6859/6 3225/6856/6 3223/6851/6 3230/6865/6
f 3230/6865/6 3224/6854/6 3226/6858/6 3227/6859/6
f 3229/6863/9 3230/6866/9 3232/6868/9 3231/6867/9
f 3238/6878/18 3239/6881/18 3234/6871/18 3233/6869/18
f 3239/6881/28 3240/6883/28 3235/6872/28 3234/6871/28
f 3238/6879/29 3240/6884/29 3239/6882/29
f 3240/6884/21 3241/6886/21 3236/6874/21 3235/6873/21
f 3238/6879/22 3241/6886/22 3240/6884/22
f 3241/6885/32 3242/6887/32 3237/6876/32 3236/6875/32
f 3238/6879/24 3242/6888/24 3241/6886/24
f 3242/6889/25 3238/6880/25 3233/6870/25 3237/6877/25
f 3249/6906/5 3243/6890/5 3245/6894/5 3247/6900/5
f 3244/6892/9 3250/6908/9 3248/6903/9 3246/6897/9
f 3252/6911/1 3244/6893/1 3246/6898/1 3253/6912/1
f 3253/6912/1 3245/6895/1 3243/6891/1 3252/6911/1
f 3253/6913/26 3246/6899/26 3248/6904/26 3254/6915/26
f 3254/6915/27 3247/6901/27 3245/6896/27 3253/6913/27
f 3251/6910/6 3249/6907/6 3247/6902/6 3254/6916/6
f 3254/6916/6 3248/6905/6 3250/6909/6 3251/6910/6
f 3253/6914/9 3254/6917/9 3256/6919/9 3255/6918/9
f 3262/6929/18 3263/6932/18 3258/6922/18 3257/6920/18
f 3263/6932/28 3264/6934/28 3259/6923/28 3258/6922/28
f 3262/6930/29 3264/6935/29 3263/6933/29
f 3264/6935/21 3265/6937/21 3260/6925/21 3259/6924/21
f 3262/6930/22 3265/6937/22 3264/6935/22
f 3265/6936/32 3266/6938/32 3261/6927/32 3260/6926/32
f 3262/6930/24 3266/6939/24 3265/6937/24
f 3266/6940/25 3262/6931/25 3257/6921/25 3261/6928/25
f 3273/6957/5 3267/6941/5 3269/6945/5 3271/6951/5
f 3268/6943/9 3274/6959/9 3272/6954/9 3270/6948/9
f 3276/6962/1 3268/6944/1 3270/6949/1 3277/6963/1
f 3277/6963/1 3269/6946/1 3267/6942/1 3276/6962/1
f 3277/6964/26 3270/6950/26 3272/6955/26 3278/6966/26
f 3278/6966/27 3271/6952/27 3269/6947/27 3277/6964/27
f 3275/6961/6 3273/6958/6 3271/6953/6 3278/6967/6
f 3278/6967/6 3272/6956/6 3274/6960/6 3275/6961/6
f 3277/6965/9 3278/6968/9 3280/6970/9 3279/6969/9
f 3286/6980/18 3287/6983/18 3282/6973/18 3281/6971/18
f 3287/6983/28 3288/6985/28 3283/6974/28 3282/6973/28
f 3286/6981/29 3288/6986/29 3287/6984/29
f 3288/6986/21 3289/6988/21 3284/6976/21 3283/6975/21
f 3286/6981/22 3289/6988/22 3288/6986/22
f 3289/6987/23 3290/6989/23 3285/6978/23 3284/6977/23
f 3286/6981/24 3290/6990/24 3289/6988/24
f 3290/6991/25 3286/6982/25 3281/6972/25 3285/6979/25
f 3297/7008/5 3291/6992/5 3293/6996/5 3295/7002/5
f 3292/6994/9 3298/7010/9 3296/7005/9 3294/6999/9
f 3300/7013/1 3292/6995/1 3294/7000/1 3301/7014/1
f 3301/7014/1 3293/6997/1 3291/6993/1 3300/7013/1
f 3301/7015/26 3294/7001/26 3296/7006/26 3302/7017/26
f 3302/7017/27 3295/7003/27 3293/6998/27 3301/7015/27
f 3299/7012/6 3297/7009/6 3295/7004/6 3302/7018/6
f 3302/7018/6 3296/7007/6 3298/7011/6 3299/7012/6
f 3301/7016/9 3302/7019/9 3304/7021/9 3303/7020/9
f 3310/7031/18 3311/7034/18 3306/7024/18 3305/7022/18
f 3311/7034/28 3312/7036/28 3307/7025/28 3306/7024/28
f 3310/7032/29 3312/7037/29 3311/7035/29
f 3312/7037/21 3313/7039/21 3308/7027/21 3307/7026/21
f 3310/7032/22 3313/7039/22 3312/7037/22
f 3313/7038/23 3314/7040/23 3309/7029/23 3308/7028/23
f 3310/7032/24 3314/7041/24 3313/7039/24
f 3314/7042/25 3310/7033/25 3305/7023/25 3309/7030/25
f 3321/7059/5 3315/7043/5 3317/7047/5 3319/7053/5
f 3316/7045/9 3322/7061/9 3320/7056/9 3318/7050/9
f 3324/7064/1 3316/7046/1 3318/7051/1 3325/7065/1
f 3325/7065/1 3317/7048/1 3315/7044/1 3324/7064/1
f 3325/7066/26 3318/7052/26 3320/7057/26 3326/7068/26
f 3326/7068/27 3319/7054/27 3317/7049/27 3325/7066/27
f 3323/7063/6 3321/7060/6 3319/7055/6 3326/7069/6
f 3326/7069/6 3320/7058/6 3322/7062/6 3323/7063/6
f 3325/7067/9 3326/7070/9 3328/7072/9 3327/7071/9
f 3334/7082/18 3335/7085/18 3330/7075/18 3329/7073/18
f 3335/7085/19 3336/7087/19 3331/7076/19 3330/7075/19
f 3334/7083/29 3336/7088/29 3335/7086/29
f 3336/7088/21 3337/7090/21 3332/7078/21 3331/7077/21
f 3334/7083/22 3337/7090/22 3336/7088/22
f 3337/7089/23 3338/7091/23 3333/7080/23 3332/7079/23
f 3334/7083/24 3338/7092/24 3337/7090/24
f 3338/7093/25 3334/7084/25 3329/7074/25 3333/7081/25
f 3345/7110/5 3339/7094/5 3341/7098/5 3343/7104/5
f 3340/7096/9 3346/7112/9 3344/7107/9 3342/7101/9
f 3348/7115/1 3340/7097/1 3342/7102/1 3349/7116/1
f 3349/7116/1 3341/7099/1 3339/7095/1 3348/7115/1
f 3349/7117/26 3342/7103/26 3344/7108/26 3350/7119/26
f 3350/7119/27 3343/7105/27 3341/7100/27 3349/7117/27
f 3347/7114/6 3345/7111/6 3343/7106/6 3350/7120/6
f 3350/7120/6 3344/7109/6 3346/7113/6 3347/7114/6
f 3349/7118/9 3350/7121/9 3352/7123/9 3351/7122/9
f 3358/7133/18 3359/7136/18 3354/7126/18 3353/7124/18
f 3359/7136/19 3360/7138/19 3355/7127/19 3354/7126/19
f 3358/7134/29 3360/7139/29 3359/7137/29
f 3360/7139/21 3361/7141/21 3356/7129/21 3355/7128/21
f 3358/7134/22 3361/7141/22 3360/7139/22
f 3361/7140/23 3362/7142/23 3357/7131/23 3356/7130/23
f 3358/7134/24 3362/7143/24 3361/7141/24
f 3362/7144/25 3358/7135/25 3353/7125/25 3357/7132/25
f 3369/7161/5 3363/7145/5 3365/7149/5 3367/7155/5
f 3364/7147/9 3370/7163/9 3368/7158/9 3366/7152/9
f 3372/7166/1 3364/7148/1 3366/7153/1 3373/7167/1
f 3373/7167/1 3365/7150/1 3363/7146/1 3372/7166/1
f 3373/7168/26 3366/7154/26 3368/7159/26 3374/7170/26
f 3374/7170/27 3367/7156/27 3365/7151/27 3373/7168/27
f 3371/7165/6 3369/7162/6 3367/7157/6 3374/7171/6
f 3374/7171/6 3368/7160/6 3370/7164/6 3371/7165/6
f 3373/7169/9 3374/7172/9 3376/7174/9 3375/7173/9
f 3382/7184/18 3383/7187/18 3378/7177/18 3377/7175/18
f 3383/7187/19 3384/7189/19 3379/7178/19 3378/7177/19
f 3382/7185/29 3384/7190/29 3383/7188/29
f 3384/7190/21 3385/7192/21 3380/7180/21 3379/7179/21
f 3382/7185/22 3385/7192/22 3384/7190/22
f 3385/7191/32 3386/7193/32 3381/7182/32 3380/7181/32
f 3382/7185/24 3386/7194/24 3385/7192/24
f 3386/7195/25 3382/7186/25 3377/7176/25 3381/7183/25
f 3393/7212/5 3387/7196/5 3389/7200/5 3391/7206/5
f 3388/7198/9 3394/7214/9 3392/7209/9 3390/7203/9
f 3396/7217/1 3388/7199/1 3390/7204/1 3397/7218/1
f 3397/7218/1 3389/7201/1 3387/7197/1 3396/7217/1
f 3397/7219/26 3390/7205/26 3392/7210/26 3398/7221/26
f 3398/7221/27 3391/7207/27 3389/7202/27 3397/7219/27
f 3395/7216/6 3393/7213/6 3391/7208/6 3398/7222/6
f 3398/7222/6 3392/7211/6 3394/7215/6 3395/7216/6
f 3397/7220/9 3398/7223/9 3400/7225/9 3399/7224/9
f 3406/7235/18 3407/7238/18 3402/7228/18 3401/7226/18
f 3407/7238/19 3408/7240/19 3403/7229/19 3402/7228/19
f 3406/7236/29 3408/7241/29 3407/7239/29
f 3408/7241/21 3409/7243/21 3404/7231/21 3403/7230/21
f 3406/7236/22 3409/7243/22 3408/7241/22
f 3409/7242/32 3410/7244/32 3405/7233/32 3404/7232/32
f 3406/7236/24 3410/7245/24 3409/7243/24
f 3410/7246/25 3406/7237/25 3401/7227/25 3405/7234/25
f 3417/7263/5 3411/7247/5 3413/7251/5 3415/7257/5
f 3412/7249/9 3418/7265/9 3416/7260/9 3414/7254/9
f 3420/7268/1 3412/7250/1 3414/7255/1 3421/7269/1
f 3421/7269/1 3413/7252/1 3411/7248/1 3420/7268/1
f 3421/7270/26 3414/7256/26 3416/7261/26 3422/7272/26
f 3422/7272/27 3415/7258/27 3413/7253/27 3421/7270/27
f 3419/7267/6 3417/7264/6 3415/7259/6 3422/7273/6
f 3422/7273/6 3416/7262/6 3418/7266/6 3419/7267/6
f 3421/7271/9 3422/7274/9 3424/7276/9 3423/7275/9
f 3430/7286/18 3431/7289/18 3426/7279/18 3425/7277/18
f 3431/7289/19 3432/7291/19 3427/7280/19 3426/7279/19
f 3430/7287/29 3432/7292/29 3431/7290/29
f 3432/7292/21 3433/7294/21 3428/7282/21 3427/7281/21
f 3430/7287/22 3433/7294/22 3432/7292/22
f 3433/7293/23 3434/7295/23 3429/7284/23 3428/7283/23
f 3430/7287/24 3434/7296/24 3433/7294/24
f 3434/7297/25 3430/7288/25 3425/7278/25 3429/7285/25
f 3441/7314/5 3435/7298/5 3437/7302/5 3439/7308/5
f 3436/7300/9 3442/7316/9 3440/7311/9 3438/7305/9
f 3444/7319/1 3436/7301/1 3438/7306/1 3445/7320/1
f 3445/7320/1 3437/7303/1 3435/7299/1 3444/7319/1
f 3445/7321/26 3438/7307/26 3440/7312/26 3446/7323/26
f 3446/7323/27 3439/7309/27 3437/7304/27 3445/7321/27
f 3443/7318/6 3441/7315/6 3439/7310/6 3446/7324/6
f 3446/7324/6 3440/7313/6 3442/7317/6 3443/7318/6
f 3445/7322/9 3446/7325/9 3448/7327/9 3447/7326/9
f 3454/7337/18 3455/7340/18 3450/7330/18 3449/7328/18
f 3455/7340/19 3456/7342/19 3451/7331/19 3450/7330/19
f 3454/7338/29 3456/7343/29 3455/7341/29
f 3456/7343/21 3457/7345/21 3452/7333/21 3451/7332/21
f 3454/7338/22 3457/7345/22 3456/7343/22
f 3457/7344/23 3458/7346/23 3453/7335/23 3452/7334/23
f 3454/7338/24 3458/7347/24 3457/7345/24
f 3458/7348/25 3454/7339/25 3449/7329/25 3453/7336/25
f 3465/7365/5 3459/7349/5 3461/7353/5 3463/7359/5
f 3460/7351/9 3466/7367/9 3464/7362/9 3462/7356/9
f 3468/7370/1 3460/7352/1 3462/7357/1 3469/7371/1
f 3469/7371/1 3461/7354/1 3459/7350/1 3468/7370/1
f 3469/7372/26 3462/7358/26 3464/7363/26 3470/7374/26
f 3470/7374/27 3463/7360/27 3461/7355/27 3469/7372/27
f 3467/7369/6 3465/7366/6 3463/7361/6 3470/7375/6
f 3470/7375/6 3464/7364/6 3466/7368/6 3467/7369/6
f 3469/7373/9 3470/7376/9 3472/7378/9 3471/7377/9
f 3478/7388/18 3479/7391/18 3474/7381/18 3473/7379/18
f 3479/7391/28 3480/7393/28 3475/7382/28 3474/7381/28
f 3478/7389/29 3480/7394/29 3479/7392/29
f 3480/7394/21 3481/7396/21 3476/7384/21 3475/7383/21
f 3478/7389/22 3481/7396/22 3480/7394/22
f 3481/7395/23 3482/7397/23 3477/7386/23 3476/7385/23
f 3478/7389/24 3482/7398/24 3481/7396/24
f 3482/7399/25 3478/7390/25 3473/7380/25 3477/7387/25
f 3489/7416/5 3483/7400/5 3485/7404/5 3487/7410/5
f 3484/7402/9 3490/7418/9 3488/7413/9 3486/7407/9
f 3492/7421/1 3484/7403/1 3486/7408/1 3493/7422/1
f 3493/7422/1 3485/7405/1 3483/7401/1 3492/7421/1
f 3493/7423/26 3486/7409/26 3488/7414/26 3494/7425/26
f 3494/7425/27 3487/7411/27 3485/7406/27 3493/7423/27
f 3491/7420/6 3489/7417/6 3487/7412/6 3494/7426/6
f 3494/7426/6 3488/7415/6 3490/7419/6 3491/7420/6
f 3493/7424/9 3494/7427/9 3496/7429/9 3495/7428/9
f 3502/7439/18 3503/7442/18 3498/7432/18 3497/7430/18
f 3503/7442/28 3504/7444/28 3499/7433/28 3498/7432/28
f 3502/7440/29 3504/7445/29 3503/7443/29
f 3504/7445/21 3505/7447/21 3500/7435/21 3499/7434/21
f 3502/7440/22 3505/7447/22 3504/7445/22
f 3505/7446/23 3506/7448/23 3501/7437/23 3500/7436/23
f 3502/7440/24 3506/7449/24 3505/7447/24
f 3506/7450/25 3502/7441/25 3497/7431/25 3501/7438/25
f 3513/7467/5 3507/7451/5 3509/7455/5 3511/7461/5
f 3508/7453/9 3514/7469/9 3512/7464/9 3510/7458/9
f 3516/7472/1 3508/7454/1 3510/7459/1 3517/7473/1
f 3517/7473/1 3509/7456/1 3507/7452/1 3516/7472/1
f 3517/7474/26 3510/7460/26 3512/7465/26 3518/7476/26
f 3518/7476/27 3511/7462/27 3509/7457/27 3517/7474/27
f 3515/7471/6 3513/7468/6 3511/7463/6 3518/7477/6
f 3518/7477/6 3512/7466/6 3514/7470/6 3515/7471/6
f 3517/7475/9 3518/7478/9 3520/7480/9 3519/7479/9
f 3526/7490/18 3527/7493/18 3522/7483/18 3521/7481/18
f 3527/7493/31 3528/7495/31 3523/7484/31 3522/7483/31
f 3526/7491/29 3528/7496/29 3527/7494/29
f 3528/7496/21 3529/7498/21 3524/7486/21 3523/7485/21
f 3526/7491/22 3529/7498/22 3528/7496/22
f 3529/7497/30 3530/7499/30 3525/7488/30 3524/7487/30
f 3526/7491/24 3530/7500/24 3529/7498/24
f 3530/7501/25 3526/7492/25 3521/7482/25 3525/7489/25
f 3537/7518/5 3531/7502/5 3533/7506/5 3535/7512/5
f 3532/7504/9 3538/7520/9 3536/7515/9 3534/7509/9
f 3540/7523/1 3532/7505/1 3534/7510/1 3541/7524/1
f 3541/7524/1 3533/7507/1 3531/7503/1 3540/7523/1
f 3541/7525/26 3534/7511/26 3536/7516/26 3542/7527/26
f 3542/7527/27 3535/7513/27 3533/7508/27 3541/7525/27
f 3539/7522/6 3537/7519/6 3535/7514/6 3542/7528/6
f 3542/7528/6 3536/7517/6 3538/7521/6 3539/7522/6
f 3541/7526/9 3542/7529/9 3544/7531/9 3543/7530/9
f 3550/7541/18 3551/7544/18 3546/7534/18 3545/7532/18
f 3551/7544/31 3552/7546/31 3547/7535/31 3546/7534/31
f 3550/7542/29 3552/7547/29 3551/7545/29
f 3552/7547/21 3553/7549/21 3548/7537/21 3547/7536/21
f 3550/7542/22 3553/7549/22 3552/7547/22
f 3553/7548/30 3554/7550/30 3549/7539/30 3548/7538/30
f 3550/7542/24 3554/7551/24 3553/7549/24
f 3554/7552/25 3550/7543/25 3545/7533/25 3549/7540/25
f 3561/7569/5 3555/7553/5 3557/7557/5 3559/7563/5
f 3556/7555/9 3562/7571/9 3560/7566/9 3558/7560/9
f 3564/7574/1 3556/7556/1 3558/7561/1 3565/7575/1
f 3565/7575/1 3557/7558/1 3555/7554/1 3564/7574/1
f 3565/7576/26 3558/7562/26 3560/7567/26 3566/7578/26
f 3566/7578/27 3559/7564/27 3557/7559/27 3565/7576/27
f 3563/7573/6 3561/7570/6 3559/7565/6 3566/7579/6
f 3566/7579/6 3560/7568/6 3562/7572/6 3563/7573/6
f 3565/7577/9 3566/7580/9 3568/7582/9 3567/7581/9
f 3574/7592/18 3575/7595/18 3570/7585/18 3569/7583/18
f 3575/7595/28 3576/7597/28 3571/7586/28 3570/7585/28
f 3574/7593/29 3576/7598/29 3575/7596/29
f 3576/7598/21 3577/7600/21 3572/7588/21 3571/7587/21
f 3574/7593/22 3577/7600/22 3576/7598/22
f 3577/7599/32 3578/7601/32 3573/7590/32 3572/7589/32
f 3574/7593/24 3578/7602/24 3577/7600/24
f 3578/7603/25 3574/7594/25 3569/7584/25 3573/7591/25
f 3585/7620/5 3579/7604/5 3581/7608/5 3583/7614/5
f 3580/7606/9 3586/7622/9 3584/7617/9 3582/7611/9
f 3588/7625/1 3580/7607/1 3582/7612/1 3589/7626/1
f 3589/7626/1 3581/7609/1 3579/7605/1 3588/7625/1
f 3589/7627/26 3582/7613/26 3584/7618/26 3590/7629/26
f 3590/7629/27 3583/7615/27 3581/7610/27 3589/7627/27
f 3587/7624/6 3585/7621/6 3583/7616/6 3590/7630/6
f 3590/7630/6 3584/7619/6 3586/7623/6 3587/7624/6
f 3589/7628/9 3590/7631/9 3592/7633/9 3591/7632/9
f 3598/7643/18 3599/7646/18 3594/7636/18 3593/7634/18
f 3599/7646/28 3600/7648/28 3595/7637/28 3594/7636/28
f 3598/7644/29 3600/7649/29 3599/7647/29
f 3600/7649/21 3601/7651/21 3596/7639/21 3595/7638/21
f 3598/7644/22 3601/7651/22 3600/7649/22
f 3601/7650/32 3602/7652/32 3597/7641/32 3596/7640/32
f 3598/7644/24 3602/7653/24 3601/7651/24
f 3602/7654/25 3598/7645/25 3593/7635/25 3597/7642/25
f 3609/7671/5 3603/7655/5 3605/7659/5 3607/7665/5
f 3604/7657/9 3610/7673/9 3608/7668/9 3606/7662/9
f 3612/7676/1 3604/7658/1 3606/7663/1 3613/7677/1
f 3613/7677/1 3605/7660/1 3603/7656/1 3612/7676/1
f 3613/7678/26 3606/7664/26 3608/7669/26 3614/7680/26
f 3614/7680/27 3607/7666/27 3605/7661/27 3613/7678/27
f 3611/7675/6 3609/7672/6 3607/7667/6 3614/7681/6
f 3614/7681/6 3608/7670/6 3610/7674/6 3611/7675/6
f 3613/7679/9 3614/7682/9 3616/7684/9 3615/7683/9
f 3622/7694/18 3623/7697/18 3618/7687/18 3617/7685/18
f 3623/7697/19 3624/7699/19 3619/7688/19 3618/7687/19
f 3622/7695/29 3624/7700/29 3623/7698/29
f 3624/7700/21 3625/7702/21 3620/7690/21 3619/7689/21
f 3622/7695/22 3625/7702/22 3624/7700/22
f 3625/7701/23 3626/7703/23 3621/7692/23 3620/7691/23
f 3622/7695/24 3626/7704/24 3625/7702/24
f 3626/7705/25 3622/7696/25 3617/7686/25 3621/7693/25
f 3633/7722/5 3627/7706/5 3629/7710/5 3631/7716/5
f 3628/7708/9 3634/7724/9 3632/7719/9 3630/7713/9
f 3636/7727/1 3628/7709/1 3630/7714/1 3637/7728/1
f 3637/7728/1 3629/7711/1 3627/7707/1 3636/7727/1
f 3637/7729/26 3630/7715/26 3632/7720/26 3638/7731/26
f 3638/7731/27 3631/7717/27 3629/7712/27 3637/7729/27
f 3635/7726/6 3633/7723/6 3631/7718/6 3638/7732/6
f 3638/7732/6 3632/7721/6 3634/7725/6 3635/7726/6
f 3637/7730/9 3638/7733/9 3640/7735/9 3639/7734/9
f 3646/7745/18 3647/7748/18 3642/7738/18 3641/7736/18
f 3647/7748/19 3648/7750/19 3643/7739/19 3642/7738/19
f 3646/7746/29 3648/7751/29 3647/7749/29
f 3648/7751/21 3649/7753/21 3644/7741/21 3643/7740/21
f 3646/7746/22 3649/7753/22 3648/7751/22
f 3649/7752/23 3650/7754/23 3645/7743/23 3644/7742/23
f 3646/7746/24 3650/7755/24 3649/7753/24
f 3650/7756/25 3646/7747/25 3641/7737/25 3645/7744/25
f 3657/7773/5 3651/7757/5 3653/7761/5 3655/7767/5
f 3652/7759/9 3658/7775/9 3656/7770/9 3654/7764/9
f 3660/7778/1 3652/7760/1 3654/7765/1 3661/7779/1
f 3661/7779/1 3653/7762/1 3651/7758/1 3660/7778/1
f 3661/7780/26 3654/7766/26 3656/7771/26 3662/7782/26
f 3662/7782/27 3655/7768/27 3653/7763/27 3661/7780/27
f 3659/7777/6 3657/7774/6 3655/7769/6 3662/7783/6
f 3662/7783/6 3656/7772/6 3658/7776/6 3659/7777/6
f 3661/7781/9 3662/7784/9 3664/7786/9 3663/7785/9
f 3670/7796/18 3671/7799/18 3666/7789/18 3665/7787/18
f 3671/7799/28 3672/7801/28 3667/7790/28 3666/7789/28
f 3670/7797/29 3672/7802/29 3671/7800/29
f 3672/7802/21 3673/7804/21 3668/7792/21 3667/7791/21
f 3670/7797/22 3673/7804/22 3672/7802/22
f 3673/7803/23 3674/7805/23 3669/7794/23 3668/7793/23
f 3670/7797/24 3674/7806/24 3673/7804/24
f 3674/7807/25 3670/7798/25 3665/7788/25 3669/7795/25
f 3681/7824/5 3675/7808/5 3677/7812/5 3679/7818/5
f 3676/7810/9 3682/7826/9 3680/7821/9 3678/7815/9
f 3684/7829/1 3676/7811/1 3678/7816/1 3685/7830/1
f 3685/7830/1 3677/7813/1 3675/7809/1 3684/7829/1
f 3685/7831/26 3678/7817/26 3680/7822/26 3686/7833/26
f 3686/7833/27 3679/7819/27 3677/7814/27 3685/7831/27
f 3683/7828/6 3681/7825/6 3679/7820/6 3686/7834/6
f 3686/7834/6 3680/7823/6 3682/7827/6 3683/7828/6
f 3685/7832/9 3686/7835/9 3688/7837/9 3687/7836/9
f 3694/7847/18 3695/7850/18 3690/7840/18 3689/7838/18
f 3695/7850/28 3696/7852/28 3691/7841/28 3690/7840/28
f 3694/7848/29 3696/7853/29 3695/7851/29
f 3696/7853/21 3697/7855/21 3692/7843/21 3691/7842/21
f 3694/7848/22 3697/7855/22 3696/7853/22
f 3697/7854/23 3698/7856/23 3693/7845/23 3692/7844/23
f 3694/7848/24 3698/7857/24 3697/7855/24
f 3698/7858/25 3694/7849/25 3689/7839/25 3693/7846/25
f 3705/7875/5 3699/7859/5 3701/7863/5 3703/7869/5
f 3700/7861/9 3706/7877/9 3704/7872/9 3702/7866/9
f 3708/7880/1 3700/7862/1 3702/7867/1 3709/7881/1
f 3709/7881/1 3701/7864/1 3699/7860/1 3708/7880/1
f 3709/7882/26 3702/7868/26 3704/7873/26 3710/7884/26
f 3710/7884/27 3703/7870/27 3701/7865/27 3709/7882/27
f 3707/7879/6 3705/7876/6 3703/7871/6 3710/7885/6
f 3710/7885/6 3704/7874/6 3706/7878/6 3707/7879/6
f 3709/7883/9 3710/7886/9 3712/7888/9 3711/7887/9
f 3718/7898/18 3719/7901/18 3714/7891/18 3713/7889/18
f 3719/7901/19 3720/7903/19 3715/7892/19 3714/7891/19
f 3718/7899/29 3720/7904/29 3719/7902/29
f 3720/7904/21 3721/7906/21 3716/7894/21 3715/7893/21
f 3718/7899/22 3721/7906/22 3720/7904/22
f 3721/7905/32 3722/7907/32 3717/7896/32 3716/7895/32
f 3718/7899/24 3722/7908/24 3721/7906/24
f 3722/7909/25 3718/7900/25 3713/7890/25 3717/7897/25
f 3729/7926/5 3723/7910/5 3725/7914/5 3727/7920/5
f 3724/7912/9 3730/7928/9 3728/7923/9 3726/7917/9
f 3732/7931/1 3724/7913/1 3726/7918/1 3733/7932/1
f 3733/7932/1 3725/7915/1 3723/7911/1 3732/7931/1
f 3733/7933/26 3726/7919/26 3728/7924/26 3734/7935/26
f 3734/7935/27 3727/7921/27 3725/7916/27 3733/7933/27
f 3731/7930/6 3729/7927/6 3727/7922/6 3734/7936/6
f 3734/7936/6 3728/7925/6 3730/7929/6 3731/7930/6
f 3733/7934/9 3734/7937/9 3736/7939/9 3735/7938/9
f 3742/7949/18 3743/7952/18 3738/7942/18 3737/7940/18
f 3743/7952/19 3744/7954/19 3739/7943/19 3738/7942/19
f 3742/7950/29 3744/7955/29 3743/7953/29
f 3744/7955/21 3745/7957/21 3740/7945/21 3739/7944/21
f 3742/7950/22 3745/7957/22 3744/7955/22
f 3745/7956/32 3746/7958/32 3741/7947/32 3740/7946/32
f 3742/7950/24 3746/7959/24 3745/7957/24
f 3746/7960/25 3742/7951/25 3737/7941/25 3741/7948/25
f 3753/7977/5 3747/7961/5 3749/7965/5 3751/7971/5
f 3748/7963/9 3754/7979/9 3752/7974/9 3750/7968/9
f 3756/7982/1 3748/7964/1 3750/7969/1 3757/7983/1
f 3757/7983/1 3749/7966/1 3747/7962/1 3756/7982/1
f 3757/7984/26 3750/7970/26 3752/7975/26 3758/7986/26
f 3758/7986/27 3751/7972/27 3749/7967/27 3757/7984/27
f 3755/7981/6 3753/7978/6 3751/7973/6 3758/7987/6
f 3758/7987/6 3752/7976/6 3754/7980/6 3755/7981/6
f 3757/7985/9 3758/7988/9 3760/7990/9 3759/7989/9
f 3766/8000/18 3767/8003/18 3762/7993/18 3761/7991/18
f 3767/8003/28 3768/8005/28 3763/7994/28 3762/7993/28
f 3766/8001/29 3768/8006/29 3767/8004/29
f 3768/8006/21 3769/8008/21 3764/7996/21 3763/7995/21
f 3766/8001/22 3769/8008/22 3768/8006/22
f 3769/8007/23 3770/8009/23 3765/7998/23 3764/7997/23
f 3766/8001/24 3770/8010/24 3769/8008/24
f 3770/8011/25 3766/8002/25 3761/7992/25 3765/7999/25
f 3777/8028/5 3771/8012/5 3773/8016/5 3775/8022/5
f 3772/8014/9 3778/8030/9 3776/8025/9 3774/8019/9
f 3780/8033/1 3772/8015/1 3774/8020/1 3781/8034/1
f 3781/8034/1 3773/8017/1 3771/8013/1 3780/8033/1
f 3781/8035/26 3774/8021/26 3776/8026/26 3782/8037/26
f 3782/8037/27 3775/8023/27 3773/8018/27 3781/8035/27
f 3779/8032/6 3777/8029/6 3775/8024/6 3782/8038/6
f 3782/8038/6 3776/8027/6 3778/8031/6 3779/8032/6
f 3781/8036/9 3782/8039/9 3784/8041/9 3783/8040/9
f 3790/8051/18 3791/8054/18 3786/8044/18 3785/8042/18
f 3791/8054/28 3792/8056/28 3787/8045/28 3786/8044/28
f 3790/8052/29 3792/8057/29 3791/8055/29
f 3792/8057/21 3793/8059/21 3788/8047/21 3787/8046/21
f 3790/8052/22 3793/8059/22 3792/8057/22
f 3793/8058/23 3794/8060/23 3789/8049/23 3788/8048/23
f 3790/8052/24 3794/8061/24 3793/8059/24
f 3794/8062/25 3790/8053/25 3785/8043/25 3789/8050/25
f 3801/8079/5 3795/8063/5 3797/8067/5 3799/8073/5
f 3796/8065/9 3802/8081/9 3800/8076/9 3798/8070/9
f 3804/8084/1 3796/8066/1 3798/8071/1 3805/8085/1
f 3805/8085/1 3797/8068/1 3795/8064/1 3804/8084/1
f 3805/8086/26 3798/8072/26 3800/8077/26 3806/8088/26
f 3806/8088/27 3799/8074/27 3797/8069/27 3805/8086/27
f 3803/8083/6 3801/8080/6 3799/8075/6 3806/8089/6
f 3806/8089/6 3800/8078/6 3802/8082/6 3803/8083/6
f 3805/8087/9 3806/8090/9 3808/8092/9 3807/8091/9
f 3814/8102/18 3815/8105/18 3810/8095/18 3809/8093/18
f 3815/8105/28 3816/8107/28 3811/8096/28 3810/8095/28
f 3814/8103/29 3816/8108/29 3815/8106/29
f 3816/8108/21 3817/8110/21 3812/8098/21 3811/8097/21
f 3814/8103/22 3817/8110/22 3816/8108/22
f 3817/8109/23 3818/8111/23 3813/8100/23 3812/8099/23
f 3814/8103/24 3818/8112/24 3817/8110/24
f 3818/8113/25 3814/8104/25 3809/8094/25 3813/8101/25
f 3825/8130/5 3819/8114/5 3821/8118/5 3823/8124/5
f 3820/8116/9 3826/8132/9 3824/8127/9 3822/8121/9
f 3828/8135/1 3820/8117/1 3822/8122/1 3829/8136/1
f 3829/8136/1 3821/8119/1 3819/8115/1 3828/8135/1
f 3829/8137/26 3822/8123/26 3824/8128/26 3830/8139/26
f 3830/8139/27 3823/8125/27 3821/8120/27 3829/8137/27
f 3827/8134/6 3825/8131/6 3823/8126/6 3830/8140/6
f 3830/8140/6 3824/8129/6 3826/8133/6 3827/8134/6
f 3829/8138/9 3830/8141/9 3832/8143/9 3831/8142/9
f 3838/8153/18 3839/8156/18 3834/8146/18 3833/8144/18
f 3839/8156/28 3840/8158/28 3835/8147/28 3834/8146/28
f 3838/8154/29 3840/8159/29 3839/8157/29
f 3840/8159/21 3841/8161/21 3836/8149/21 3835/8148/21
f 3838/8154/22 3841/8161/22 3840/8159/22
f 3841/8160/23 3842/8162/23 3837/8151/23 3836/8150/23
f 3838/8154/24 3842/8163/24 3841/8161/24
f 3842/8164/25 3838/8155/25 3833/8145/25 3837/8152/25
f 3849/8181/5 3843/8165/5 3845/8169/5 3847/8175/5
f 3844/8167/9 3850/8183/9 3848/8178/9 3846/8172/9
f 3852/8186/1 3844/8168/1 3846/8173/1 3853/8187/1
f 3853/8187/1 3845/8170/1 3843/8166/1 3852/8186/1
f 3853/8188/26 3846/8174/26 3848/8179/26 3854/8190/26
f 3854/8190/27 3847/8176/27 3845/8171/27 3853/8188/27
f 3851/8185/6 3849/8182/6 3847/8177/6 3854/8191/6
f 3854/8191/6 3848/8180/6 3850/8184/6 3851/8185/6
f 3853/8189/9 3854/8192/9 3856/8194/9 3855/8193/9
f 3862/8204/18 3863/8207/18 3858/8197/18 3857/8195/18
f 3863/8207/28 3864/8209/28 3859/8198/28 3858/8197/28
f 3862/8205/29 3864/8210/29 3863/8208/29
f 3864/8210/21 3865/8212/21 3860/8200/21 3859/8199/21
f 3862/8205/22 3865/8212/22 3864/8210/22
f 3865/8211/30 3866/8213/30 3861/8202/30 3860/8201/30
f 3862/8205/24 3866/8214/24 3865/8212/24
f 3866/8215/25 3862/8206/25 3857/8196/25 3861/8203/25
f 3873/8232/5 3867/8216/5 3869/8220/5 3871/8226/5
f 3868/8218/9 3874/8234/9 3872/8229/9 3870/8223/9
f 3876/8237/1 3868/8219/1 3870/8224/1 3877/8238/1
f 3877/8238/1 3869/8221/1 3867/8217/1 3876/8237/1
f 3877/8239/26 3870/8225/26 3872/8230/26 3878/8241/26
f 3878/8241/27 3871/8227/27 3869/8222/27 3877/8239/27
f 3875/8236/6 3873/8233/6 3871/8228/6 3878/8242/6
f 3878/8242/6 3872/8231/6 3874/8235/6 3875/8236/6
f 3877/8240/9 3878/8243/9 3880/8245/9 3879/8244/9
f 3886/8255/18 3887/8258/18 3882/8248/18 3881/8246/18
f 3887/8258/28 3888/8260/28 3883/8249/28 3882/8248/28
f 3886/8256/29 3888/8261/29 3887/8259/29
f 3888/8261/21 3889/8263/21 3884/8251/21 3883/8250/21
f 3886/8256/22 3889/8263/22 3888/8261/22
f 3889/8262/30 3890/8264/30 3885/8253/30 3884/8252/30
f 3886/8256/24 3890/8265/24 3889/8263/24
f 3890/8266/25 3886/8257/25 3881/8247/25 3885/8254/25
f 3897/8283/5 3891/8267/5 3893/8271/5 3895/8277/5
f 3892/8269/9 3898/8285/9 3896/8280/9 3894/8274/9
f 3900/8288/1 3892/8270/1 3894/8275/1 3901/8289/1
f 3901/8289/1 3893/8272/1 3891/8268/1 3900/8288/1
f 3901/8290/26 3894/8276/26 3896/8281/26 3902/8292/26
f 3902/8292/27 3895/8278/27 3893/8273/27 3901/8290/27
f 3899/8287/6 3897/8284/6 3895/8279/6 3902/8293/6
f 3902/8293/6 3896/8282/6 3898/8286/6 3899/8287/6
f 3901/8291/9 3902/8294/9 3904/8296/9 3903/8295/9
f 3910/8306/18 3911/8309/18 3906/8299/18 3905/8297/18
f 3911/8309/28 3912/8311/28 3907/8300/28 3906/8299/28
f 3910/8307/29 3912/8312/29 3911/8310/29
f 3912/8312/21 3913/8314/21 3908/8302/21 3907/8301/21
f 3910/8307/22 3913/8314/22 3912/8312/22
f 3913/8313/23 3914/8315/23 3909/8304/23 3908/8303/23
f 3910/8307/24 3914/8316/24 3913/8314/24
f 3914/8317/25 3910/8308/25 3905/8298/25 3909/8305/25
f 3921/8334/5 3915/8318/5 3917/8322/5 3919/8328/5
f 3916/8320/9 3922/8336/9 3920/8331/9 3918/8325/9
f 3924/8339/1 3916/8321/1 3918/8326/1 3925/8340/1
f 3925/8340/1 3917/8323/1 3915/8319/1 3924/8339/1
f 3925/8341/26 3918/8327/26 3920/8332/26 3926/8343/26
f 3926/8343/27 3919/8329/27 3917/8324/27 3925/8341/27
f 3923/8338/6 3921/8335/6 3919/8330/6 3926/8344/6
f 3926/8344/6 3920/8333/6 3922/8337/6 3923/8338/6
f 3925/8342/9 3926/8345/9 3928/8347/9 3927/8346/9
f 3934/8357/18 3935/8360/18 3930/8350/18 3929/8348/18
f 3935/8360/28 3936/8362/28 3931/8351/28 3930/8350/28
f 3934/8358/29 3936/8363/29 3935/8361/29
f 3936/8363/21 3937/8365/21 3932/8353/21 3931/8352/21
f 3934/8358/22 3937/8365/22 3936/8363/22
f 3937/8364/23 3938/8366/23 3933/8355/23 3932/8354/23
f 3934/8358/24 3938/8367/24 3937/8365/24
f 3938/8368/25 3934/8359/25 3929/8349/25 3933/8356/25
f 3945/8385/5 3939/8369/5 3941/8373/5 3943/8379/5
f 3940/8371/9 3946/8387/9 3944/8382/9 3942/8376/9
f 3948/8390/1 3940/8372/1 3942/8377/1 3949/8391/1
f 3949/8391/1 3941/8374/1 3939/8370/1 3948/8390/1
f 3949/8392/26 3942/8378/26 3944/8383/26 3950/8394/26
f 3950/8394/27 3943/8380/27 3941/8375/27 3949/8392/27
f 3947/8389/6 3945/8386/6 3943/8381/6 3950/8395/6
f 3950/8395/6 3944/8384/6 3946/8388/6 3947/8389/6
f 3949/8393/9 3950/8396/9 3952/8398/9 3951/8397/9
f 3958/8408/18 3959/8411/18 3954/8401/18 3953/8399/18
f 3959/8411/28 3960/8413/28 3955/8402/28 3954/8401/28
f 3958/8409/29 3960/8414/29 3959/8412/29
f 3960/8414/21 3961/8416/21 3956/8404/21 3955/8403/21
f 3958/8409/22 3961/8416/22 3960/8414/22
f 3961/8415/23 3962/8417/23 3957/8406/23 3956/8405/23
f 3958/8409/24 3962/8418/24 3961/8416/24
f 3962/8419/25 3958/8410/25 3953/8400/25 3957/8407/25
f 3969/8436/5 3963/8420/5 3965/8424/5 3967/8430/5
f 3964/8422/9 3970/8438/9 3968/8433/9 3966/8427/9
f 3972/8441/1 3964/8423/1 3966/8428/1 3973/8442/1
f 3973/8442/1 3965/8425/1 3963/8421/1 3972/8441/1
f 3973/8443/26 3966/8429/26 3968/8434/26 3974/8445/26
f 3974/8445/27 3967/8431/27 3965/8426/27 3973/8443/27
f 3971/8440/6 3969/8437/6 3967/8432/6 3974/8446/6
f 3974/8446/6 3968/8435/6 3970/8439/6 3971/8440/6
f 3973/8444/9 3974/8447/9 3976/8449/9 3975/8448/9
f 3982/8459/18 3983/8462/18 3978/8452/18 3977/8450/18
f 3983/8462/28 3984/8464/28 3979/8453/28 3978/8452/28
f 3982/8460/29 3984/8465/29 3983/8463/29
f 3984/8465/21 3985/8467/21 3980/8455/21 3979/8454/21
f 3982/8460/22 3985/8467/22 3984/8465/22
f 3985/8466/23 3986/8468/23 3981/8457/23 3980/8456/23
f 3982/8460/24 3986/8469/24 3985/8467/24
f 3986/8470/25 3982/8461/25 3977/8451/25 3981/8458/25
f 3993/8487/5 3987/8471/5 3989/8475/5 3991/8481/5
f 3988/8473/9 3994/8489/9 3992/8484/9 3990/8478/9
f 3996/8492/1 3988/8474/1 3990/8479/1 3997/8493/1
f 3997/8493/1 3989/8476/1 3987/8472/1 3996/8492/1
f 3997/8494/26 3990/8480/26 3992/8485/26 3998/8496/26
f 3998/8496/27 3991/8482/27 3989/8477/27 3997/8494/27
f 3995/8491/6 3993/8488/6 3991/8483/6 3998/8497/6
f 3998/8497/6 3992/8486/6 3994/8490/6 3995/8491/6
f 3997/8495/9 3998/8498/9 4000/8500/9 3999/8499/9
f 4006/8510/18 4007/8513/18 4002/8503/18 4001/8501/18
f 4007/8513/19 4008/8515/19 4003/8504/19 4002/8503/19
f 4006/8511/29 4008/8516/29 4007/8514/29
f 4008/8516/21 4009/8518/21 4004/8506/21 4003/8505/21
f 4006/8511/22 4009/8518/22 4008/8516/22
f 4009/8517/32 4010/8519/32 4005/8508/32 4004/8507/32
f 4006/8511/24 4010/8520/24 4009/8518/24
f 4010/8521/25 4006/8512/25 4001/8502/25 4005/8509/25
f 4017/8538/5 4011/8522/5 4013/8526/5 4015/8532/5
f 4012/8524/9 4018/8540/9 4016/8535/9 4014/8529/9
f 4020/8543/1 4012/8525/1 4014/8530/1 4021/8544/1
f 4021/8544/1 4013/8527/1 4011/8523/1 4020/8543/1
f 4021/8545/26 4014/8531/26 4016/8536/26 4022/8547/26
f 4022/8547/27 4015/8533/27 4013/8528/27 4021/8545/27
f 4019/8542/6 4017/8539/6 4015/8534/6 4022/8548/6
f 4022/8548/6 4016/8537/6 4018/8541/6 4019/8542/6
f 4021/8546/9 4022/8549/9 4024/8551/9 4023/8550/9
f 4030/8561/18 4031/8564/18 4026/8554/18 4025/8552/18
f 4031/8564/19 4032/8566/19 4027/8555/19 4026/8554/19
f 4030/8562/29 4032/8567/29 4031/8565/29
f 4032/8567/21 4033/8569/21 4028/8557/21 4027/8556/21
f 4030/8562/22 4033/8569/22 4032/8567/22
f 4033/8568/32 4034/8570/32 4029/8559/32 4028/8558/32
f 4030/8562/24 4034/8571/24 4033/8569/24
f 4034/8572/25 4030/8563/25 4025/8553/25 4029/8560/25
f 4041/8589/5 4035/8573/5 4037/8577/5 4039/8583/5
f 4036/8575/9 4042/8591/9 4040/8586/9 4038/8580/9
f 4044/8594/1 4036/8576/1 4038/8581/1 4045/8595/1
f 4045/8595/1 4037/8578/1 4035/8574/1 4044/8594/1
f 4045/8596/26 4038/8582/26 4040/8587/26 4046/8598/26
f 4046/8598/27 4039/8584/27 4037/8579/27 4045/8596/27
f 4043/8593/6 4041/8590/6 4039/8585/6 4046/8599/6
f 4046/8599/6 4040/8588/6 4042/8592/6 4043/8593/6
f 4045/8597/9 4046/8600/9 4048/8602/9 4047/8601/9
f 4054/8612/18 4055/8615/18 4050/8605/18 4049/8603/18
f 4055/8615/28 4056/8617/28 4051/8606/28 4050/8605/28
f 4054/8613/29 4056/8618/29 4055/8616/29
f 4056/8618/21 4057/8620/21 4052/8608/21 4051/8607/21
f 4054/8613/22 4057/8620/22 4056/8618/22
f 4057/8619/23 4058/8621/23 4053/8610/23 4052/8609/23
f 4054/8613/24 4058/8622/24 4057/8620/24
f 4058/8623/25 4054/8614/25 4049/8604/25 4053/8611/25
f 4065/8640/5 4059/8624/5 4061/8628/5 4063/8634/5
f 4060/8626/9 4066/8642/9 4064/8637/9 4062/8631/9
f 4068/8645/1 4060/8627/1 4062/8632/1 4069/8646/1
f 4069/8646/1 4061/8629/1 4059/8625/1 4068/8645/1
f 4069/8647/26 4062/8633/26 4064/8638/26 4070/8649/26
f 4070/8649/27 4063/8635/27 4061/8630/27 4069/8647/27
f 4067/8644/6 4065/8641/6 4063/8636/6 4070/8650/6
f 4070/8650/6 4064/8639/6 4066/8643/6 4067/8644/6
f 4069/8648/9 4070/8651/9 4072/8653/9 4071/8652/9
f 4078/8663/18 4079/8666/18 4074/8656/18 4073/8654/18
f 4079/8666/28 4080/8668/28 4075/8657/28 4074/8656/28
f 4078/8664/29 4080/8669/29 4079/8667/29
f 4080/8669/21 4081/8671/21 4076/8659/21 4075/8658/21
f 4078/8664/22 4081/8671/22 4080/8669/22
f 4081/8670/23 4082/8672/23 4077/8661/23 4076/8660/23
f 4078/8664/24 4082/8673/24 4081/8671/24
f 4082/8674/25 4078/8665/25 4073/8655/25 4077/8662/25
f 4089/8691/5 4083/8675/5 4085/8679/5 4087/8685/5
f 4084/8677/9 4090/8693/9 4088/8688/9 4086/8682/9
f 4092/8696/1 4084/8678/1 4086/8683/1 4093/8697/1
f 4093/8697/1 4085/8680/1 4083/8676/1 4092/8696/1
f 4093/8698/26 4086/8684/26 4088/8689/26 4094/8700/26
f 4094/8700/27 4087/8686/27 4085/8681/27 4093/8698/27
f 4091/8695/6 4089/8692/6 4087/8687/6 4094/8701/6
f 4094/8701/6 4088/8690/6 4090/8694/6 4091/8695/6
f 4093/8699/9 4094/8702/9 4096/8704/9 4095/8703/9
f 4102/8714/18 4103/8717/18 4098/8707/18 4097/8705/18
f 4103/8717/19 4104/8719/19 4099/8708/19 4098/8707/19
f 4102/8715/29 4104/8720/29 4103/8718/29
f 4104/8720/21 4105/8722/21 4100/8710/21 4099/8709/21
f 4102/8715/22 4105/8722/22 4104/8720/22
f 4105/8721/23 4106/8723/23 4101/8712/23 4100/8711/23
f 4102/8715/24 4106/8724/24 4105/8722/24
f 4106/8725/25 4102/8716/25 4097/8706/25 4101/8713/25
f 4113/8742/5 4107/8726/5 4109/8730/5 4111/8736/5
f 4108/8728/9 4114/8744/9 4112/8739/9 4110/8733/9
f 4116/8747/1 4108/8729/1 4110/8734/1 4117/8748/1
f 4117/8748/1 4109/8731/1 4107/8727/1 4116/8747/1
f 4117/8749/26 4110/8735/26 4112/8740/26 4118/8751/26
f 4118/8751/27 4111/8737/27 4109/8732/27 4117/8749/27
f 4115/8746/6 4113/8743/6 4111/8738/6 4118/8752/6
f 4118/8752/6 4112/8741/6 4114/8745/6 4115/8746/6
f 4117/8750/9 4118/8753/9 4120/8755/9 4119/8754/9
f 4126/8765/18 4127/8768/18 4122/8758/18 4121/8756/18
f 4127/8768/19 4128/8770/19 4123/8759/19 4122/8758/19
f 4126/8766/29 4128/8771/29 4127/8769/29
f 4128/8771/21 4129/8773/21 4124/8761/21 4123/8760/21
f 4126/8766/22 4129/8773/22 4128/8771/22
f 4129/8772/23 4130/8774/23 4125/8763/23 4124/8762/23
f 4126/8766/24 4130/8775/24 4129/8773/24
f 4130/8776/25 4126/8767/25 4121/8757/25 4125/8764/25
f 4137/8793/5 4131/8777/5 4133/8781/5 4135/8787/5
f 4132/8779/9 4138/8795/9 4136/8790/9 4134/8784/9
f 4140/8798/1 4132/8780/1 4134/8785/1 4141/8799/1
f 4141/8799/1 4133/8782/1 4131/8778/1 4140/8798/1
f 4141/8800/26 4134/8786/26 4136/8791/26 4142/8802/26
f 4142/8802/27 4135/8788/27 4133/8783/27 4141/8800/27
f 4139/8797/6 4137/8794/6 4135/8789/6 4142/8803/6
f 4142/8803/6 4136/8792/6 4138/8796/6 4139/8797/6
f 4141/8801/9 4142/8804/9 4144/8806/9 4143/8805/9
f 4150/8816/18 4151/8819/18 4146/8809/18 4145/8807/18
f 4151/8819/19 4152/8821/19 4147/8810/19 4146/8809/19
f 4150/8817/29 4152/8822/29 4151/8820/29
f 4152/8822/21 4153/8824/21 4148/8812/21 4147/8811/21
f 4150/8817/22 4153/8824/22 4152/8822/22
f 4153/8823/32 4154/8825/32 4149/8814/32 4148/8813/32
f 4150/8817/24 4154/8826/24 4153/8824/24
f 4154/8827/25 4150/8818/25 4145/8808/25 4149/8815/25
f 4161/8844/5 4155/8828/5 4157/8832/5 4159/8838/5
f 4156/8830/9 4162/8846/9 4160/8841/9 4158/8835/9
f 4164/8849/1 4156/8831/1 4158/8836/1 4165/8850/1
f 4165/8850/1 4157/8833/1 4155/8829/1 4164/8849/1
f 4165/8851/26 4158/8837/26 4160/8842/26 4166/8853/26
f 4166/8853/27 4159/8839/27 4157/8834/27 4165/8851/27
f 4163/8848/6 4161/8845/6 4159/8840/6 4166/8854/6
f 4166/8854/6 4160/8843/6 4162/8847/6 4163/8848/6
f 4165/8852/9 4166/8855/9 4168/8857/9 4167/8856/9
f 4174/8867/18 4175/8870/18 4170/8860/18 4169/8858/18
f 4175/8870/19 4176/8872/19 4171/8861/19 4170/8860/19
f 4174/8868/29 4176/8873/29 4175/8871/29
f 4176/8873/21 4177/8875/21 4172/8863/21 4171/8862/21
f 4174/8868/22 4177/8875/22 4176/8873/22
f 4177/8874/32 4178/8876/32 4173/8865/32 4172/8864/32
f 4174/8868/24 4178/8877/24 4177/8875/24
f 4178/8878/25 4174/8869/25 4169/8859/25 4173/8866/25
f 4185/8895/5 4179/8879/5 4181/8883/5 4183/8889/5
f 4180/8881/9 4186/8897/9 4184/8892/9 4182/8886/9
f 4188/8900/1 4180/8882/1 4182/8887/1 4189/8901/1
f 4189/8901/1 4181/8884/1 4179/8880/1 4188/8900/1
f 4189/8902/26 4182/8888/26 4184/8893/26 4190/8904/26
f 4190/8904/27 4183/8890/27 4181/8885/27 4189/8902/27
f 4187/8899/6 4185/8896/6 4183/8891/6 4190/8905/6
f 4190/8905/6 4184/8894/6 4186/8898/6 4187/8899/6
f 4189/8903/9 4190/8906/9 4192/8908/9 4191/8907/9
f 4198/8918/18 4199/8921/18 4194/8911/18 4193/8909/18
f 4199/8921/19 4200/8923/19 4195/8912/19 4194/8911/19
f 4198/8919/29 4200/8924/29 4199/8922/29
f 4200/8924/21 4201/8926/21 4196/8914/21 4195/8913/21
f 4198/8919/22 4201/8926/22 4200/8924/22
f 4201/8925/23 4202/8927/23 4197/8916/23 4196/8915/23
f 4198/8919/24 4202/8928/24 4201/8926/24
f 4202/8929/25 4198/8920/25 4193/8910/25 4197/8917/25
f 4209/8946/5 4203/8930/5 4205/8934/5 4207/8940/5
f 4204/8932/9 4210/8948/9 4208/8943/9 4206/8937/9
f 4212/8951/1 4204/8933/1 4206/8938/1 4213/8952/1
f 4213/8952/1 4205/8935/1 4203/8931/1 4212/8951/1
f 4213/8953/26 4206/8939/26 4208/8944/26 4214/8955/26
f 4214/8955/27 4207/8941/27 4205/8936/27 4213/8953/27
f 4211/8950/6 4209/8947/6 4207/8942/6 4214/8956/6
f 4214/8956/6 4208/8945/6 4210/8949/6 4211/8950/6
f 4213/8954/9 4214/8957/9 4216/8959/9 4215/8958/9
f 4222/8969/18 4223/8972/18 4218/8962/18 4217/8960/18
f 4223/8972/19 4224/8974/19 4219/8963/19 4218/8962/19
f 4222/8970/29 4224/8975/29 4223/8973/29
f 4224/8975/21 4225/8977/21 4220/8965/21 4219/8964/21
f 4222/8970/22 4225/8977/22 4224/8975/22
f 4225/8976/23 4226/8978/23 4221/8967/23 4220/8966/23
f 4222/8970/24 4226/8979/24 4225/8977/24
f 4226/8980/25 4222/8971/25 4217/8961/25 4221/8968/25
f 4233/8997/5 4227/8981/5 4229/8985/5 4231/8991/5
f 4228/8983/9 4234/8999/9 4232/8994/9 4230/8988/9
f 4236/9002/1 4228/8984/1 4230/8989/1 4237/9003/1
f 4237/9003/1 4229/8986/1 4227/8982/1 4236/9002/1
f 4237/9004/26 4230/8990/26 4232/8995/26 4238/9006/26
f 4238/9006/27 4231/8992/27 4229/8987/27 4237/9004/27
f 4235/9001/6 4233/8998/6 4231/8993/6 4238/9007/6
f 4238/9007/6 4232/8996/6 4234/9000/6 4235/9001/6
f 4237/9005/9 4238/9008/9 4240/9010/9 4239/9009/9
f 4246/9020/18 4247/9023/18 4242/9013/18 4241/9011/18
f 4247/9023/28 4248/9025/28 4243/9014/28 4242/9013/28
f 4246/9021/29 4248/9026/29 4247/9024/29
f 4248/9026/21 4249/9028/21 4244/9016/21 4243/9015/21
f 4246/9021/22 4249/9028/22 4248/9026/22
f 4249/9027/23 4250/9029/23 4245/9018/23 4244/9017/23
f 4246/9021/24 4250/9030/24 4249/9028/24
f 4250/9031/25 4246/9022/25 4241/9012/25 4245/9019/25
f 4257/9048/5 4251/9032/5 4253/9036/5 4255/9042/5
f 4252/9034/9 4258/9050/9 4256/9045/9 4254/9039/9
f 4260/9053/1 4252/9035/1 4254/9040/1 4261/9054/1
f 4261/9054/1 4253/9037/1 4251/9033/1 4260/9053/1
f 4261/9055/26 4254/9041/26 4256/9046/26 4262/9057/26
f 4262/9057/27 4255/9043/27 4253/9038/27 4261/9055/27
f 4259/9052/6 4257/9049/6 4255/9044/6 4262/9058/6
f 4262/9058/6 4256/9047/6 4258/9051/6 4259/9052/6
f 4261/9056/9 4262/9059/9 4264/9061/9 4263/9060/9
f 4270/9071/18 4271/9074/18 4266/9064/18 4265/9062/18
f 4271/9074/28 4272/9076/28 4267/9065/28 4266/9064/28
f 4270/9072/29 4272/9077/29 4271/9075/29
f 4272/9077/21 4273/9079/21 4268/9067/21 4267/9066/21
f 4270/9072/22 4273/9079/22 4272/9077/22
f 4273/9078/23 4274/9080/23 4269/9069/23 4268/9068/23
f 4270/9072/24 4274/9081/24 4273/9079/24
f 4274/9082/25 4270/9073/25 4265/9063/25 4269/9070/25
f 4281/9099/5 4275/9083/5 4277/9087/5 4279/9093/5
f 4276/9085/9 4282/9101/9 4280/9096/9 4278/9090/9
f 4284/9104/1 4276/9086/1 4278/9091/1 4285/9105/1
f 4285/9105/1 4277/9088/1 4275/9084/1 4284/9104/1
f 4285/9106/26 4278/9092/26 4280/9097/26 4286/9108/26
f 4286/9108/27 4279/9094/27 4277/9089/27 4285/9106/27
f 4283/9103/6 4281/9100/6 4279/9095/6 4286/9109/6
f 4286/9109/6 4280/9098/6 4282/9102/6 4283/9103/6
f 4285/9107/9 4286/9110/9 4288/9112/9 4287/9111/9
f 4294/9122/18 4295/9125/18 4290/9115/18 4289/9113/18
f 4295/9125/33 4296/9127/33 4291/9116/33 4290/9115/33
f 4294/9123/29 4296/9128/29 4295/9126/29
f 4296/9128/21 4297/9130/21 4292/9118/21 4291/9117/21
f 4294/9123/22 4297/9130/22 4296/9128/22
f 4297/9129/30 4298/9131/30 4293/9120/30 4292/9119/30
f 4294/9123/24 4298/9132/24 4297/9130/24
f 4298/9133/25 4294/9124/25 4289/9114/25 4293/9121/25
f 4305/9150/5 4299/9134/5 4301/9138/5 4303/9144/5
f 4300/9136/9 4306/9152/9 4304/9147/9 4302/9141/9
f 4308/9155/1 4300/9137/1 4302/9142/1 4309/9156/1
f 4309/9156/1 4301/9139/1 4299/9135/1 4308/9155/1
f 4309/9157/26 4302/9143/26 4304/9148/26 4310/9159/26
f 4310/9159/27 4303/9145/27 4301/9140/27 4309/9157/27
f 4307/9154/6 4305/9151/6 4303/9146/6 4310/9160/6
f 4310/9160/6 4304/9149/6 4306/9153/6 4307/9154/6
f 4309/9158/9 4310/9161/9 4312/9163/9 4311/9162/9
f 4318/9173/18 4319/9176/18 4314/9166/18 4313/9164/18
f 4319/9176/33 4320/9178/33 4315/9167/33 4314/9166/33
f 4318/9174/29 4320/9179/29 4319/9177/29
f 4320/9179/21 4321/9181/21 4316/9169/21 4315/9168/21
f 4318/9174/22 4321/9181/22 4320/9179/22
f 4321/9180/30 4322/9182/30 4317/9171/30 4316/9170/30
f 4318/9174/24 4322/9183/24 4321/9181/24
f 4322/9184/25 4318/9175/25 4313/9165/25 4317/9172/25
f 4329/9201/5 4323/9185/5 4325/9189/5 4327/9195/5
f 4324/9187/9 4330/9203/9 4328/9198/9 4326/9192/9
f 4332/9206/1 4324/9188/1 4326/9193/1 4333/9207/1
f 4333/9207/1 4325/9190/1 4323/9186/1 4332/9206/1
f 4333/9208/26 4326/9194/26 4328/9199/26 4334/9210/26
f 4334/9210/27 4327/9196/27 4325/9191/27 4333/9208/27
f 4331/9205/6 4329/9202/6 4327/9197/6 4334/9211/6
f 4334/9211/6 4328/9200/6 4330/9204/6 4331/9205/6
f 4333/9209/9 4334/9212/9 4336/9214/9 4335/9213/9
f 4342/9224/18 4343/9227/18 4338/9217/18 4337/9215/18
f 4343/9227/28 4344/9229/28 4339/9218/28 4338/9217/28
f 4342/9225/29 4344/9230/29 4343/9228/29
f 4344/9230/21 4345/9232/21 4340/9220/21 4339/9219/21
f 4342/9225/22 4345/9232/22 4344/9230/22
f 4345/9231/23 4346/9233/23 4341/9222/23 4340/9221/23
f 4342/9225/24 4346/9234/24 4345/9232/24
f 4346/9235/25 4342/9226/25 4337/9216/25 4341/9223/25
f 4353/9252/5 4347/9236/5 4349/9240/5 4351/9246/5
f 4348/9238/9 4354/9254/9 4352/9249/9 4350/9243/9
f 4356/9257/1 4348/9239/1 4350/9244/1 4357/9258/1
f 4357/9258/1 4349/9241/1 4347/9237/1 4356/9257/1
f 4357/9259/26 4350/9245/26 4352/9250/26 4358/9261/26
f 4358/9261/27 4351/9247/27 4349/9242/27 4357/9259/27
f 4355/9256/6 4353/9253/6 4351/9248/6 4358/9262/6
f 4358/9262/6 4352/9251/6 4354/9255/6 4355/9256/6
f 4357/9260/9 4358/9263/9 4360/9265/9 4359/9264/9
f 4366/9275/18 4367/9278/18 4362/9268/18 4361/9266/18
f 4367/9278/28 4368/9280/28 4363/9269/28 4362/9268/28
f 4366/9276/29 4368/9281/29 4367/9279/29
f 4368/9281/21 4369/9283/21 4364/9271/21 4363/9270/21
f 4366/9276/22 4369/9283/22 4368/9281/22
f 4369/9282/23 4370/9284/23 4365/9273/23 4364/9272/23
f 4366/9276/24 4370/9285/24 4369/9283/24
f 4370/9286/25 4366/9277/25 4361/9267/25 4365/9274/25
f 4377/9303/5 4371/9287/5 4373/9291/5 4375/9297/5
f 4372/9289/9 4378/9305/9 4376/9300/9 4374/9294/9
f 4380/9308/1 4372/9290/1 4374/9295/1 4381/9309/1
f 4381/9309/1 4373/9292/1 4371/9288/1 4380/9308/1
f 4381/9310/26 4374/9296/26 4376/9301/26 4382/9312/26
f 4382/9312/27 4375/9298/27 4373/9293/27 4381/9310/27
f 4379/9307/6 4377/9304/6 4375/9299/6 4382/9313/6
f 4382/9313/6 4376/9302/6 4378/9306/6 4379/9307/6
f 4381/9311/9 4382/9314/9 4384/9316/9 4383/9315/9
f 4390/9326/18 4391/9329/18 4386/9319/18 4385/9317/18
f 4391/9329/28 4392/9331/28 4387/9320/28 4386/9319/28
f 4390/9327/29 4392/9332/29 4391/9330/29
f 4392/9332/21 4393/9334/21 4388/9322/21 4387/9321/21
f 4390/9327/22 4393/9334/22 4392/9332/22
f 4393/9333/23 4394/9335/23 4389/9324/23 4388/9323/23
f 4390/9327/24 4394/9336/24 4393/9334/24
f 4394/9337/25 4390/9328/25 4385/9318/25 4389/9325/25
f 4401/9354/5 4395/9338/5 4397/9342/5 4399/9348/5
f 4396/9340/9 4402/9356/9 4400/9351/9 4398/9345/9
f 4404/9359/1 4396/9341/1 4398/9346/1 4405/9360/1
f 4405/9360/1 4397/9343/1 4395/9339/1 4404/9359/1
f 4405/9361/26 4398/9347/26 4400/9352/26 4406/9363/26
f 4406/9363/27 4399/9349/27 4397/9344/27 4405/9361/27
f 4403/9358/6 4401/9355/6 4399/9350/6 4406/9364/6
f 4406/9364/6 4400/9353/6 4402/9357/6 4403/9358/6
f 4405/9362/9 4406/9365/9 4408/9367/9 4407/9366/9
f 4414/9377/18 4415/9380/18 4410/9370/18 4409/9368/18
f 4415/9380/28 4416/9382/28 4411/9371/28 4410/9370/28
f 4414/9378/29 4416/9383/29 4415/9381/29
f 4416/9383/21 4417/9385/21 4412/9373/21 4411/9372/21
f 4414/9378/22 4417/9385/22 4416/9383/22
f 4417/9384/23 4418/9386/23 4413/9375/23 4412/9374/23
f 4414/9378/24 4418/9387/24 4417/9385/24
f 4418/9388/25 4414/9379/25 4409/9369/25 4413/9376/25
f 4425/9405/5 4419/9389/5 4421/9393/5 4423/9399/5
f 4420/9391/9 4426/9407/9 4424/9402/9 4422/9396/9
f 4428/9410/1 4420/9392/1 4422/9397/1 4429/9411/1
f 4429/9411/1 4421/9394/1 4419/9390/1 4428/9410/1
f 4429/9412/26 4422/9398/26 4424/9403/26 4430/9414/26
f 4430/9414/27 4423/9400/27 4421/9395/27 4429/9412/27
f 4427/9409/6 4425/9406/6 4423/9401/6 4430/9415/6
f 4430/9415/6 4424/9404/6 4426/9408/6 4427/9409/6
f 4429/9413/9 4430/9416/9 4432/9418/9 4431/9417/9
f 4438/9428/18 4439/9431/18 4434/9421/18 4433/9419/18
f 4439/9431/28 4440/9433/28 4435/9422/28 4434/9421/28
f 4438/9429/29 4440/9434/29 4439/9432/29
f 4440/9434/21 4441/9436/21 4436/9424/21 4435/9423/21
f 4438/9429/22 4441/9436/22 4440/9434/22
f 4441/9435/23 4442/9437/23 4437/9426/23 4436/9425/23
f 4438/9429/24 4442/9438/24 4441/9436/24
f 4442/9439/25 4438/9430/25 4433/9420/25 4437/9427/25
f 4449/9456/5 4443/9440/5 4445/9444/5 4447/9450/5
f 4444/9442/9 4450/9458/9 4448/9453/9 4446/9447/9
f 4452/9461/1 4444/9443/1 4446/9448/1 4453/9462/1
f 4453/9462/1 4445/9445/1 4443/9441/1 4452/9461/1
f 4453/9463/26 4446/9449/26 4448/9454/26 4454/9465/26
f 4454/9465/27 4447/9451/27 4445/9446/27 4453/9463/27
f 4451/9460/6 4449/9457/6 4447/9452/6 4454/9466/6
f 4454/9466/6 4448/9455/6 4450/9459/6 4451/9460/6
f 4453/9464/9 4454/9467/9 4456/9469/9 4455/9468/9
f 4462/9479/18 4463/9482/18 4458/9472/18 4457/9470/18
f 4463/9482/28 4464/9484/28 4459/9473/28 4458/9472/28
f 4462/9480/29 4464/9485/29 4463/9483/29
f 4464/9485/21 4465/9487/21 4460/9475/21 4459/9474/21
f 4462/9480/22 4465/9487/22 4464/9485/22
f 4465/9486/23 4466/9488/23 4461/9477/23 4460/9476/23
f 4462/9480/24 4466/9489/24 4465/9487/24
f 4466/9490/25 4462/9481/25 4457/9471/25 4461/9478/25
f 4473/9507/5 4467/9491/5 4469/9495/5 4471/9501/5
f 4468/9493/9 4474/9509/9 4472/9504/9 4470/9498/9
f 4476/9512/1 4468/9494/1 4470/9499/1 4477/9513/1
f 4477/9513/1 4469/9496/1 4467/9492/1 4476/9512/1
f 4477/9514/26 4470/9500/26 4472/9505/26 4478/9516/26
f 4478/9516/27 4471/9502/27 4469/9497/27 4477/9514/27
f 4475/9511/6 4473/9508/6 4471/9503/6 4478/9517/6
f 4478/9517/6 4472/9506/6 4474/9510/6 4475/9511/6
f 4477/9515/9 4478/9518/9 4480/9520/9 4479/9519/9
f 4486/9530/18 4487/9533/18 4482/9523/18 4481/9521/18
f 4487/9533/19 4488/9535/19 4483/9524/19 4482/9523/19
f 4486/9531/29 4488/9536/29 4487/9534/29
f 4488/9536/21 4489/9538/21 4484/9526/21 4483/9525/21
f 4486/9531/22 4489/9538/22 4488/9536/22
f 4489/9537/32 4490/9539/32 4485/9528/32 4484/9527/32
f 4486/9531/24 4490/9540/24 4489/9538/24
f 4490/9541/25 4486/9532/25 4481/9522/25 4485/9529/25
f 4497/9558/5 4491/9542/5 4493/9546/5 4495/9552/5
f 4492/9544/9 4498/9560/9 4496/9555/9 4494/9549/9
f 4500/9563/1 4492/9545/1 4494/9550/1 4501/9564/1
f 4501/9564/1 4493/9547/1 4491/9543/1 4500/9563/1
f 4501/9565/26 4494/9551/26 4496/9556/26 4502/9567/26
f 4502/9567/27 4495/9553/27 4493/9548/27 4501/9565/27
f 4499/9562/6 4497/9559/6 4495/9554/6 4502/9568/6
f 4502/9568/6 4496/9557/6 4498/9561/6 4499/9562/6
f 4501/9566/9 4502/9569/9 4504/9571/9 4503/9570/9
f 4510/9581/18 4511/9584/18 4506/9574/18 4505/9572/18
f 4511/9584/19 4512/9586/19 4507/9575/19 4506/9574/19
f 4510/9582/29 4512/9587/29 4511/9585/29
f 4512/9587/21 4513/9589/21 4508/9577/21 4507/9576/21
f 4510/9582/22 4513/9589/22 4512/9587/22
f 4513/9588/32 4514/9590/32 4509/9579/32 4508/9578/32
f 4510/9582/24 4514/9591/24 4513/9589/24
f 4514/9592/25 4510/9583/25 4505/9573/25 4509/9580/25
f 4521/9609/5 4515/9593/5 4517/9597/5 4519/9603/5
f 4516/9595/9 4522/9611/9 4520/9606/9 4518/9600/9
f 4524/9614/1 4516/9596/1 4518/9601/1 4525/9615/1
f 4525/9615/1 4517/9598/1 4515/9594/1 4524/9614/1
f 4525/9616/26 4518/9602/26 4520/9607/26 4526/9618/26
f 4526/9618/27 4519/9604/27 4517/9599/27 4525/9616/27
f 4523/9613/6 4521/9610/6 4519/9605/6 4526/9619/6
f 4526/9619/6 4520/9608/6 4522/9612/6 4523/9613/6
f 4525/9617/9 4526/9620/9 4528/9622/9 4527/9621/9
f 4534/9632/18 4535/9635/18 4530/9625/18 4529/9623/18
f 4535/9635/28 4536/9637/28 4531/9626/28 4530/9625/28
f 4534/9633/29 4536/9638/29 4535/9636/29
f 4536/9638/21 4537/9640/21 4532/9628/21 4531/9627/21
f 4534/9633/22 4537/9640/22 4536/9638/22
f 4537/9639/23 4538/9641/23 4533/9630/23 4532/9629/23
f 4534/9633/24 4538/9642/24 4537/9640/24
f 4538/9643/25 4534/9634/25 4529/9624/25 4533/9631/25
f 4545/9660/5 4539/9644/5 4541/9648/5 4543/9654/5
f 4540/9646/9 4546/9662/9 4544/9657/9 4542/9651/9
f 4548/9665/1 4540/9647/1 4542/9652/1 4549/9666/1
f 4549/9666/1 4541/9649/1 4539/9645/1 4548/9665/1
f 4549/9667/26 4542/9653/26 4544/9658/26 4550/9669/26
f 4550/9669/27 4543/9655/27 4541/9650/27 4549/9667/27
f 4547/9664/6 4545/9661/6 4543/9656/6 4550/9670/6
f 4550/9670/6 4544/9659/6 4546/9663/6 4547/9664/6
f 4549/9668/9 4550/9671/9 4552/9673/9 4551/9672/9
f 4558/9683/18 4559/9686/18 4554/9676/18 4553/9674/18
f 4559/9686/28 4560/9688/28 4555/9677/28 4554/9676/28
f 4558/9684/29 4560/9689/29 4559/9687/29
f 4560/9689/21 4561/9691/21 4556/9679/21 4555/9678/21
f 4558/9684/22 4561/9691/22 4560/9689/22
f 4561/9690/23 4562/9692/23 4557/9681/23 4556/9680/23
f 4558/9684/24 4562/9693/24 4561/9691/24
f 4562/9694/25 4558/9685/25 4553/9675/25 4557/9682/25
f 4569/9711/5 4563/9695/5 4565/9699/5 4567/9705/5
f 4564/9697/9 4570/9713/9 4568/9708/9 4566/9702/9
f 4572/9716/1 4564/9698/1 4566/9703/1 4573/9717/1
f 4573/9717/1 4565/9700/1 4563/9696/1 4572/9716/1
f 4573/9718/26 4566/9704/26 4568/9709/26 4574/9720/26
f 4574/9720/27 4567/9706/27 4565/9701/27 4573/9718/27
f 4571/9715/6 4569/9712/6 4567/9707/6 4574/9721/6
f 4574/9721/6 4568/9710/6 4570/9714/6 4571/9715/6
f 4573/9719/9 4574/9722/9 4576/9724/9 4575/9723/9
f 4582/9734/18 4583/9737/18 4578/9727/18 4577/9725/18
f 4583/9737/28 4584/9739/28 4579/9728/28 4578/9727/28
f 4582/9735/29 4584/9740/29 4583/9738/29
f 4584/9740/21 4585/9742/21 4580/9730/21 4579/9729/21
f 4582/9735/22 4585/9742/22 4584/9740/22
f 4585/9741/23 4586/9743/23 4581/9732/23 4580/9731/23
f 4582/9735/24 4586/9744/24 4585/9742/24
f 4586/9745/25 4582/9736/25 4577/9726/25 4581/9733/25
f 4593/9762/5 4587/9746/5 4589/9750/5 4591/9756/5
f 4588/9748/9 4594/9764/9 4592/9759/9 4590/9753/9
f 4596/9767/1 4588/9749/1 4590/9754/1 4597/9768/1
f 4597/9768/1 4589/9751/1 4587/9747/1 4596/9767/1
f 4597/9769/26 4590/9755/26 4592/9760/26 4598/9771/26
f 4598/9771/27 4591/9757/27 4589/9752/27 4597/9769/27
f 4595/9766/6 4593/9763/6 4591/9758/6 4598/9772/6
f 4598/9772/6 4592/9761/6 4594/9765/6 4595/9766/6
f 4597/9770/9 4598/9773/9 4600/9775/9 4599/9774/9
f 4606/9785/18 4607/9788/18 4602/9778/18 4601/9776/18
f 4607/9788/28 4608/9790/28 4603/9779/28 4602/9778/28
f 4606/9786/20 4608/9791/20 4607/9789/20
f 4608/9791/21 4609/9793/21 4604/9781/21 4603/9780/21
f 4606/9786/22 4609/9793/22 4608/9791/22
f 4609/9792/23 4610/9794/23 4605/9783/23 4604/9782/23
f 4606/9786/24 4610/9795/24 4609/9793/24
f 4610/9796/25 4606/9787/25 4601/9777/25 4605/9784/25
f 4617/9813/5 4611/9797/5 4613/9801/5 4615/9807/5
f 4612/9799/9 4618/9815/9 4616/9810/9 4614/9804/9
f 4620/9818/1 4612/9800/1 4614/9805/1 4621/9819/1
f 4621/9819/1 4613/9802/1 4611/9798/1 4620/9818/1
f 4621/9820/26 4614/9806/26 4616/9811/26 4622/9822/26
f 4622/9822/27 4615/9808/27 4613/9803/27 4621/9820/27
f 4619/9817/6 4617/9814/6 4615/9809/6 4622/9823/6
f 4622/9823/6 4616/9812/6 4618/9816/6 4619/9817/6
f 4621/9821/9 4622/9824/9 4624/9826/9 4623/9825/9
f 4630/9836/18 4631/9839/18 4626/9829/18 4625/9827/18
f 4631/9839/28 4632/9841/28 4627/9830/28 4626/9829/28
f 4630/9837/29 4632/9842/29 4631/9840/29
f 4632/9842/21 4633/9844/21 4628/9832/21 4627/9831/21
f 4630/9837/22 4633/9844/22 4632/9842/22
f 4633/9843/30 4634/9845/30 4629/9834/30 4628/9833/30
f 4630/9837/24 4634/9846/24 4633/9844/24
f 4634/9847/25 4630/9838/25 4625/9828/25 4629/9835/25
f 4641/9864/5 4635/9848/5 4637/9852/5 4639/9858/5
f 4636/9850/9 4642/9866/9 4640/9861/9 4638/9855/9
f 4644/9869/1 4636/9851/1 4638/9856/1 4645/9870/1
f 4645/9870/1 4637/9853/1 4635/9849/1 4644/9869/1
f 4645/9871/26 4638/9857/26 4640/9862/26 4646/9873/26
f 4646/9873/27 4639/9859/27 4637/9854/27 4645/9871/27
f 4643/9868/6 4641/9865/6 4639/9860/6 4646/9874/6
f 4646/9874/6 4640/9863/6 4642/9867/6 4643/9868/6
f 4645/9872/9 4646/9875/9 4648/9877/9 4647/9876/9
f 4654/9887/18 4655/9890/18 4650/9880/18 4649/9878/18
f 4655/9890/28 4656/9892/28 4651/9881/28 4650/9880/28
f 4654/9888/29 4656/9893/29 4655/9891/29
f 4656/9893/21 4657/9895/21 4652/9883/21 4651/9882/21
f 4654/9888/22 4657/9895/22 4656/9893/22
f 4657/9894/30 4658/9896/30 4653/9885/30 4652/9884/30
f 4654/9888/24 4658/9897/24 4657/9895/24
f 4658/9898/25 4654/9889/25 4649/9879/25 4653/9886/25
f 4665/9915/5 4659/9899/5 4661/9903/5 4663/9909/5
f 4660/9901/9 4666/9917/9 4664/9912/9 4662/9906/9
f 4668/9920/1 4660/9902/1 4662/9907/1 4669/9921/1
f 4669/9921/1 4661/9904/1 4659/9900/1 4668/9920/1
f 4669/9922/26 4662/9908/26 4664/9913/26 4670/9924/26
f 4670/9924/27 4663/9910/27 4661/9905/27 4669/9922/27
f 4667/9919/6 4665/9916/6 4663/9911/6 4670/9925/6
f 4670/9925/6 4664/9914/6 4666/9918/6 4667/9919/6
f 4669/9923/9 4670/9926/9 4672/9928/9 4671/9927/9
f 4678/9938/18 4679/9941/18 4674/9931/18 4673/9929/18
f 4679/9941/28 4680/9943/28 4675/9932/28 4674/9931/28
f 4678/9939/29 4680/9944/29 4679/9942/29
f 4680/9944/21 4681/9946/21 4676/9934/21 4675/9933/21
f 4678/9939/22 4681/9946/22 4680/9944/22
f 4681/9945/23 4682/9947/23 4677/9936/23 4676/9935/23
f 4678/9939/24 4682/9948/24 4681/9946/24
f 4682/9949/25 4678/9940/25 4673/9930/25 4677/9937/25
f 4689/9966/5 4683/9950/5 4685/9954/5 4687/9960/5
f 4684/9952/9 4690/9968/9 4688/9963/9 4686/9957/9
f 4692/9971/1 4684/9953/1 4686/9958/1 4693/9972/1
f 4693/9972/1 4685/9955/1 4683/9951/1 4692/9971/1
f 4693/9973/26 4686/9959/26 4688/9964/26 4694/9975/26
f 4694/9975/27 4687/9961/27 4685/9956/27 4693/9973/27
f 4691/9970/6 4689/9967/6 4687/9962/6 4694/9976/6
f 4694/9976/6 4688/9965/6 4690/9969/6 4691/9970/6
f 4693/9974/9 4694/9977/9 4696/9979/9 4695/9978/9
f 4702/9989/18 4703/9992/18 4698/9982/18 4697/9980/18
f 4703/9992/28 4704/9994/28 4699/9983/28 4698/9982/28
f 4702/9990/29 4704/9995/29 4703/9993/29
f 4704/9995/21 4705/9997/21 4700/9985/21 4699/9984/21
f 4702/9990/22 4705/9997/22 4704/9995/22
f 4705/9996/23 4706/9998/23 4701/9987/23 4700/9986/23
f 4702/9990/24 4706/9999/24 4705/9997/24
f 4706/10000/25 4702/9991/25 4697/9981/25 4701/9988/25
f 4713/10017/5 4707/10001/5 4709/10005/5 4711/10011/5
f 4708/10003/9 4714/10019/9 4712/10014/9 4710/10008/9
f 4716/10022/1 4708/10004/1 4710/10009/1 4717/10023/1
f 4717/10023/1 4709/10006/1 4707/10002/1 4716/10022/1
f 4717/10024/26 4710/10010/26 4712/10015/26 4718/10026/26
f 4718/10026/27 4711/10012/27 4709/10007/27 4717/10024/27
f 4715/10021/6 4713/10018/6 4711/10013/6 4718/10027/6
f 4718/10027/6 4712/10016/6 4714/10020/6 4715/10021/6
f 4717/10025/9 4718/10028/9 4720/10030/9 4719/10029/9
f 4726/10040/18 4727/10043/18 4722/10033/18 4721/10031/18
f 4727/10043/28 4728/10045/28 4723/10034/28 4722/10033/28
f 4726/10041/29 4728/10046/29 4727/10044/29
f 4728/10046/21 4729/10048/21 4724/10036/21 4723/10035/21
f 4726/10041/22 4729/10048/22 4728/10046/22
f 4729/10047/23 4730/10049/23 4725/10038/23 4724/10037/23
f 4726/10041/24 4730/10050/24 4729/10048/24
f 4730/10051/25 4726/10042/25 4721/10032/25 4725/10039/25
f 4737/10068/5 4731/10052/5 4733/10056/5 4735/10062/5
f 4732/10054/9 4738/10070/9 4736/10065/9 4734/10059/9
f 4740/10073/1 4732/10055/1 4734/10060/1 4741/10074/1
f 4741/10074/1 4733/10057/1 4731/10053/1 4740/10073/1
f 4741/10075/26 4734/10061/26 4736/10066/26 4742/10077/26
f 4742/10077/27 4735/10063/27 4733/10058/27 4741/10075/27
f 4739/10072/6 4737/10069/6 4735/10064/6 4742/10078/6
f 4742/10078/6 4736/10067/6 4738/10071/6 4739/10072/6
f 4741/10076/9 4742/10079/9 4744/10081/9 4743/10080/9
f 4750/10091/18 4751/10094/18 4746/10084/18 4745/10082/18
f 4751/10094/28 4752/10096/28 4747/10085/28 4746/10084/28
f 4750/10092/29 4752/10097/29 4751/10095/29
f 4752/10097/21 4753/10099/21 4748/10087/21 4747/10086/21
f 4750/10092/22 4753/10099/22 4752/10097/22
f 4753/10098/23 4754/10100/23 4749/10089/23 4748/10088/23
f 4750/10092/24 4754/10101/24 4753/10099/24
f 4754/10102/25 4750/10093/25 4745/10083/25 4749/10090/25
f 4761/10119/5 4755/10103/5 4757/10107/5 4759/10113/5
f 4756/10105/9 4762/10121/9 4760/10116/9 4758/10110/9
f 4764/10124/1 4756/10106/1 4758/10111/1 4765/10125/1
f 4765/10125/1 4757/10108/1 4755/10104/1 4764/10124/1
f 4765/10126/26 4758/10112/26 4760/10117/26 4766/10128/26
f 4766/10128/27 4759/10114/27 4757/10109/27 4765/10126/27
f 4763/10123/6 4761/10120/6 4759/10115/6 4766/10129/6
f 4766/10129/6 4760/10118/6 4762/10122/6 4763/10123/6
f 4765/10127/9 4766/10130/9 4768/10132/9 4767/10131/9
f 4774/10142/18 4775/10145/18 4770/10135/18 4769/10133/18
f 4775/10145/19 4776/10147/19 4771/10136/19 4770/10135/19
f 4774/10143/29 4776/10148/29 4775/10146/29
f 4776/10148/21 4777/10150/21 4772/10138/21 4771/10137/21
f 4774/10143/22 4777/10150/22 4776/10148/22
f 4777/10149/32 4778/10151/32 4773/10140/32 4772/10139/32
f 4774/10143/24 4778/10152/24 4777/10150/24
f 4778/10153/25 4774/10144/25 4769/10134/25 4773/10141/25
f 4785/10170/5 4779/10154/5 4781/10158/5 4783/10164/5
f 4780/10156/9 4786/10172/9 4784/10167/9 4782/10161/9
f 4788/10175/1 4780/10157/1 4782/10162/1 4789/10176/1
f 4789/10176/1 4781/10159/1 4779/10155/1 4788/10175/1
f 4789/10177/26 4782/10163/26 4784/10168/26 4790/10179/26
f 4790/10179/27 4783/10165/27 4781/10160/27 4789/10177/27
f 4787/10174/6 4785/10171/6 4783/10166/6 4790/10180/6
f 4790/10180/6 4784/10169/6 4786/10173/6 4787/10174/6
f 4789/10178/9 4790/10181/9 4792/10183/9 4791/10182/9
f 4798/10193/18 4799/10196/18 4794/10186/18 4793/10184/18
f 4799/10196/19 4800/10198/19 4795/10187/19 4794/10186/19
f 4798/10194/29 4800/10199/29 4799/10197/29
f 4800/10199/21 4801/10201/21 4796/10189/21 4795/10188/21
f 4798/10194/22 4801/10201/22 4800/10199/22
f 4801/10200/32 4802/10202/32 4797/10191/32 4796/10190/32
f 4798/10194/24 4802/10203/24 4801/10201/24
f 4802/10204/25 4798/10195/25 4793/10185/25 4797/10192/25
f 4809/10221/5 4803/10205/5 4805/10209/5 4807/10215/5
f 4804/10207/9 4810/10223/9 4808/10218/9 4806/10212/9
f 4812/10226/1 4804/10208/1 4806/10213/1 4813/10227/1
f 4813/10227/1 4805/10210/1 4803/10206/1 4812/10226/1
f 4813/10228/26 4806/10214/26 4808/10219/26 4814/10230/26
f 4814/10230/27 4807/10216/27 4805/10211/27 4813/10228/27
f 4811/10225/6 4809/10222/6 4807/10217/6 4814/10231/6
f 4814/10231/6 4808/10220/6 4810/10224/6 4811/10225/6
f 4813/10229/9 4814/10232/9 4816/10234/9 4815/10233/9
f 4822/10244/18 4823/10247/18 4818/10237/18 4817/10235/18
f 4823/10247/28 4824/10249/28 4819/10238/28 4818/10237/28
f 4822/10245/29 4824/10250/29 4823/10248/29
f 4824/10250/21 4825/10252/21 4820/10240/21 4819/10239/21
f 4822/10245/22 4825/10252/22 4824/10250/22
f 4825/10251/23 4826/10253/23 4821/10242/23 4820/10241/23
f 4822/10245/24 4826/10254/24 4825/10252/24
f 4826/10255/25 4822/10246/25 4817/10236/25 4821/10243/25
f 4833/10272/5 4827/10256/5 4829/10260/5 4831/10266/5
f 4828/10258/9 4834/10274/9 4832/10269/9 4830/10263/9
f 4836/10277/1 4828/10259/1 4830/10264/1 4837/10278/1
f 4837/10278/1 4829/10261/1 4827/10257/1 4836/10277/1
f 4837/10279/26 4830/10265/26 4832/10270/26 4838/10281/26
f 4838/10281/27 4831/10267/27 4829/10262/27 4837/10279/27
f 4835/10276/6 4833/10273/6 4831/10268/6 4838/10282/6
f 4838/10282/6 4832/10271/6 4834/10275/6 4835/10276/6
f 4837/10280/9 4838/10283/9 4840/10285/9 4839/10284/9
f 4846/10295/18 4847/10298/18 4842/10288/18 4841/10286/18
f 4847/10298/28 4848/10300/28 4843/10289/28 4842/10288/28
f 4846/10296/29 4848/10301/29 4847/10299/29
f 4848/10301/21 4849/10303/21 4844/10291/21 4843/10290/21
f 4846/10296/22 4849/10303/22 4848/10301/22
f 4849/10302/23 4850/10304/23 4845/10293/23 4844/10292/23
f 4846/10296/24 4850/10305/24 4849/10303/24
f 4850/10306/25 4846/10297/25 4841/10287/25 4845/10294/25
f 4857/10323/5 4851/10307/5 4853/10311/5 4855/10317/5
f 4852/10309/9 4858/10325/9 4856/10320/9 4854/10314/9
f 4860/10328/1 4852/10310/1 4854/10315/1 4861/10329/1
f 4861/10329/1 4853/10312/1 4851/10308/1 4860/10328/1
f 4861/10330/26 4854/10316/26 4856/10321/26 4862/10332/26
f 4862/10332/27 4855/10318/27 4853/10313/27 4861/10330/27
f 4859/10327/6 4857/10324/6 4855/10319/6 4862/10333/6
f 4862/10333/6 4856/10322/6 4858/10326/6 4859/10327/6
f 4861/10331/9 4862/10334/9 4864/10336/9 4863/10335/9
f 4870/10346/18 4871/10349/18 4866/10339/18 4865/10337/18
f 4871/10349/19 4872/10351/19 4867/10340/19 4866/10339/19
f 4870/10347/29 4872/10352/29 4871/10350/29
f 4872/10352/21 4873/10354/21 4868/10342/21 4867/10341/21
f 4870/10347/22 4873/10354/22 4872/10352/22
f 4873/10353/23 4874/10355/23 4869/10344/23 4868/10343/23
f 4870/10347/24 4874/10356/24 4873/10354/24
f 4874/10357/25 4870/10348/25 4865/10338/25 4869/10345/25
f 4881/10374/5 4875/10358/5 4877/10362/5 4879/10368/5
f 4876/10360/9 4882/10376/9 4880/10371/9 4878/10365/9
f 4884/10379/1 4876/10361/1 4878/10366/1 4885/10380/1
f 4885/10380/1 4877/10363/1 4875/10359/1 4884/10379/1
f 4885/10381/26 4878/10367/26 4880/10372/26 4886/10383/26
f 4886/10383/27 4879/10369/27 4877/10364/27 4885/10381/27
f 4883/10378/6 4881/10375/6 4879/10370/6 4886/10384/6
f 4886/10384/6 4880/10373/6 4882/10377/6 4883/10378/6
f 4885/10382/9 4886/10385/9 4888/10387/9 4887/10386/9
f 4894/10397/18 4895/10400/18 4890/10390/18 4889/10388/18
f 4895/10400/19 4896/10402/19 4891/10391/19 4890/10390/19
f 4894/10398/29 4896/10403/29 4895/10401/29
f 4896/10403/21 4897/10405/21 4892/10393/21 4891/10392/21
f 4894/10398/22 4897/10405/22 4896/10403/22
f 4897/10404/23 4898/10406/23 4893/10395/23 4892/10394/23
f 4894/10398/24 4898/10407/24 4897/10405/24
f 4898/10408/25 4894/10399/25 4889/10389/25 4893/10396/25
f 4905/10425/5 4899/10409/5 4901/10413/5 4903/10419/5
f 4900/10411/9 4906/10427/9 4904/10422/9 4902/10416/9
f 4908/10430/1 4900/10412/1 4902/10417/1 4909/10431/1
f 4909/10431/1 4901/10414/1 4899/10410/1 4908/10430/1
f 4909/10432/26 4902/10418/26 4904/10423/26 4910/10434/26
f 4910/10434/27 4903/10420/27 4901/10415/27 4909/10432/27
f 4907/10429/6 4905/10426/6 4903/10421/6 4910/10435/6
f 4910/10435/6 4904/10424/6 4906/10428/6 4907/10429/6
f 4909/10433/9 4910/10436/9 4912/10438/9 4911/10437/9
f 4918/10448/18 4919/10451/18 4914/10441/18 4913/10439/18
f 4919/10451/19 4920/10453/19 4915/10442/19 4914/10441/19
f 4918/10449/29 4920/10454/29 4919/10452/29
f 4920/10454/21 4921/10456/21 4916/10444/21 4915/10443/21
f 4918/10449/22 4921/10456/22 4920/10454/22
f 4921/10455/32 4922/10457/32 4917/10446/32 4916/10445/32
f 4918/10449/24 4922/10458/24 4921/10456/24
f 4922/10459/25 4918/10450/25 4913/10440/25 4917/10447/25
f 4929/10476/5 4923/10460/5 4925/10464/5 4927/10470/5
f 4924/10462/9 4930/10478/9 4928/10473/9 4926/10467/9
f 4932/10481/1 4924/10463/1 4926/10468/1 4933/10482/1
f 4933/10482/1 4925/10465/1 4923/10461/1 4932/10481/1
f 4933/10483/26 4926/10469/26 4928/10474/26 4934/10485/26
f 4934/10485/27 4927/10471/27 4925/10466/27 4933/10483/27
f 4931/10480/6 4929/10477/6 4927/10472/6 4934/10486/6
f 4934/10486/6 4928/10475/6 4930/10479/6 4931/10480/6
f 4933/10484/9 4934/10487/9 4936/10489/9 4935/10488/9
f 4942/10499/18 4943/10502/18 4938/10492/18 4937/10490/18
f 4943/10502/19 4944/10504/19 4939/10493/19 4938/10492/19
f 4942/10500/29 4944/10505/29 4943/10503/29
f 4944/10505/21 4945/10507/21 4940/10495/21 4939/10494/21
f 4942/10500/22 4945/10507/22 4944/10505/22
f 4945/10506/32 4946/10508/32 4941/10497/32 4940/10496/32
f 4942/10500/24 4946/10509/24 4945/10507/24
f 4946/10510/25 4942/10501/25 4937/10491/25 4941/10498/25
f 4953/10527/5 4947/10511/5 4949/10515/5 4951/10521/5
f 4948/10513/9 4954/10529/9 4952/10524/9 4950/10518/9
f 4956/10532/1 4948/10514/1 4950/10519/1 4957/10533/1
f 4957/10533/1 4949/10516/1 4947/10512/1 4956/10532/1
f 4957/10534/26 4950/10520/26 4952/10525/26 4958/10536/26
f 4958/10536/27 4951/10522/27 4949/10517/27 4957/10534/27
f 4955/10531/6 4953/10528/6 4951/10523/6 4958/10537/6
f 4958/10537/6 4952/10526/6 4954/10530/6 4955/10531/6
f 4957/10535/9 4958/10538/9 4960/10540/9 4959/10539/9
f 4966/10550/18 4967/10553/18 4962/10543/18 4961/10541/18
f 4967/10553/19 4968/10555/19 4963/10544/19 4962/10543/19
f 4966/10551/29 4968/10556/29 4967/10554/29
f 4968/10556/21 4969/10558/21 4964/10546/21 4963/10545/21
f 4966/10551/22 4969/10558/22 4968/10556/22
f 4969/10557/23 4970/10559/23 4965/10548/23 4964/10547/23
f 4966/10551/24 4970/10560/24 4969/10558/24
f 4970/10561/25 4966/10552/25 4961/10542/25 4965/10549/25
f 4977/10578/5 4971/10562/5 4973/10566/5 4975/10572/5
f 4972/10564/9 4978/10580/9 4976/10575/9 4974/10569/9
f 4980/10583/1 4972/10565/1 4974/10570/1 4981/10584/1
f 4981/10584/1 4973/10567/1 4971/10563/1 4980/10583/1
f 4981/10585/26 4974/10571/26 4976/10576/26 4982/10587/26
f 4982/10587/27 4975/10573/27 4973/10568/27 4981/10585/27
f 4979/10582/6 4977/10579/6 4975/10574/6 4982/10588/6
f 4982/10588/6 4976/10577/6 4978/10581/6 4979/10582/6
f 4981/10586/9 4982/10589/9 4984/10591/9 4983/10590/9
f 4990/10601/18 4991/10604/18 4986/10594/18 4985/10592/18
f 4991/10604/19 4992/10606/19 4987/10595/19 4986/10594/19
f 4990/10602/29 4992/10607/29 4991/10605/29
f 4992/10607/21 4993/10609/21 4988/10597/21 4987/10596/21
f 4990/10602/22 4993/10609/22 4992/10607/22
f 4993/10608/23 4994/10610/23 4989/10599/23 4988/10598/23
f 4990/10602/24 4994/10611/24 4993/10609/24
f 4994/10612/25 4990/10603/25 4985/10593/25 4989/10600/25
f 5001/10629/5 4995/10613/5 4997/10617/5 4999/10623/5
f 4996/10615/9 5002/10631/9 5000/10626/9 4998/10620/9
f 5004/10634/1 4996/10616/1 4998/10621/1 5005/10635/1
f 5005/10635/1 4997/10618/1 4995/10614/1 5004/10634/1
f 5005/10636/26 4998/10622/26 5000/10627/26 5006/10638/26
f 5006/10638/27 4999/10624/27 4997/10619/27 5005/10636/27
f 5003/10633/6 5001/10630/6 4999/10625/6 5006/10639/6
f 5006/10639/6 5000/10628/6 5002/10632/6 5003/10633/6
f 5005/10637/9 5006/10640/9 5008/10642/9 5007/10641/9
f 5014/10652/18 5015/10655/18 5010/10645/18 5009/10643/18
f 5015/10655/28 5016/10657/28 5011/10646/28 5010/10645/28
f 5014/10653/29 5016/10658/29 5015/10656/29
f 5016/10658/21 5017/10660/21 5012/10648/21 5011/10647/21
f 5014/10653/22 5017/10660/22 5016/10658/22
f 5017/10659/23 5018/10661/23 5013/10650/23 5012/10649/23
f 5014/10653/24 5018/10662/24 5017/10660/24
f 5018/10663/25 5014/10654/25 5009/10644/25 5013/10651/25
f 5025/10680/5 5019/10664/5 5021/10668/5 5023/10674/5
f 5020/10666/9 5026/10682/9 5024/10677/9 5022/10671/9
f 5028/10685/1 5020/10667/1 5022/10672/1 5029/10686/1
f 5029/10686/1 5021/10669/1 5019/10665/1 5028/10685/1
f 5029/10687/26 5022/10673/26 5024/10678/26 5030/10689/26
f 5030/10689/27 5023/10675/27 5021/10670/27 5029/10687/27
f 5027/10684/6 5025/10681/6 5023/10676/6 5030/10690/6
f 5030/10690/6 5024/10679/6 5026/10683/6 5027/10684/6
f 5029/10688/9 5030/10691/9 5032/10693/9 5031/10692/9
f 5038/10703/18 5039/10706/18 5034/10696/18 5033/10694/18
f 5039/10706/28 5040/10708/28 5035/10697/28 5034/10696/28
f 5038/10704/29 5040/10709/29 5039/10707/29
f 5040/10709/21 5041/10711/21 5036/10699/21 5035/10698/21
f 5038/10704/22 5041/10711/22 5040/10709/22
f 5041/10710/23 5042/10712/23 5037/10701/23 5036/10700/23
f 5038/10704/24 5042/10713/24 5041/10711/24
f 5042/10714/25 5038/10705/25 5033/10695/25 5037/10702/25
f 5049/10731/5 5043/10715/5 5045/10719/5 5047/10725/5
f 5044/10717/9 5050/10733/9 5048/10728/9 5046/10722/9
f 5052/10736/1 5044/10718/1 5046/10723/1 5053/10737/1
f 5053/10737/1 5045/10720/1 5043/10716/1 5052/10736/1
f 5053/10738/26 5046/10724/26 5048/10729/26 5054/10740/26
f 5054/10740/27 5047/10726/27 5045/10721/27 5053/10738/27
f 5051/10735/6 5049/10732/6 5047/10727/6 5054/10741/6
f 5054/10741/6 5048/10730/6 5050/10734/6 5051/10735/6
f 5053/10739/9 5054/10742/9 5056/10744/9 5055/10743/9
f 5062/10754/18 5063/10757/18 5058/10747/18 5057/10745/18
f 5063/10757/31 5064/10759/31 5059/10748/31 5058/10747/31
f 5062/10755/29 5064/10760/29 5063/10758/29
f 5064/10760/21 5065/10762/21 5060/10750/21 5059/10749/21
f 5062/10755/22 5065/10762/22 5064/10760/22
f 5065/10761/30 5066/10763/30 5061/10752/30 5060/10751/30
f 5062/10755/24 5066/10764/24 5065/10762/24
f 5066/10765/25 5062/10756/25 5057/10746/25 5061/10753/25
f 5073/10782/5 5067/10766/5 5069/10770/5 5071/10776/5
f 5068/10768/9 5074/10784/9 5072/10779/9 5070/10773/9
f 5076/10787/1 5068/10769/1 5070/10774/1 5077/10788/1
f 5077/10788/1 5069/10771/1 5067/10767/1 5076/10787/1
f 5077/10789/26 5070/10775/26 5072/10780/26 5078/10791/26
f 5078/10791/27 5071/10777/27 5069/10772/27 5077/10789/27
f 5075/10786/6 5073/10783/6 5071/10778/6 5078/10792/6
f 5078/10792/6 5072/10781/6 5074/10785/6 5075/10786/6
f 5077/10790/9 5078/10793/9 5080/10795/9 5079/10794/9
f 5086/10805/18 5087/10808/18 5082/10798/18 5081/10796/18
f 5087/10808/31 5088/10810/31 5083/10799/31 5082/10798/31
f 5086/10806/29 5088/10811/29 5087/10809/29
f 5088/10811/21 5089/10813/21 5084/10801/21 5083/10800/21
f 5086/10806/22 5089/10813/22 5088/10811/22
f 5089/10812/30 5090/10814/30 5085/10803/30 5084/10802/30
f 5086/10806/24 5090/10815/24 5089/10813/24
f 5090/10816/25 5086/10807/25 5081/10797/25 5085/10804/25
f 5097/10833/5 5091/10817/5 5093/10821/5 5095/10827/5
f 5092/10819/9 5098/10835/9 5096/10830/9 5094/10824/9
f 5100/10838/1 5092/10820/1 5094/10825/1 5101/10839/1
f 5101/10839/1 5093/10822/1 5091/10818/1 5100/10838/1
f 5101/10840/26 5094/10826/26 5096/10831/26 5102/10842/26
f 5102/10842/27 5095/10828/27 5093/10823/27 5101/10840/27
f 5099/10837/6 5097/10834/6 5095/10829/6 5102/10843/6
f 5102/10843/6 5096/10832/6 5098/10836/6 5099/10837/6
f 5101/10841/9 5102/10844/9 5104/10846/9 5103/10845/9
f 5110/10856/18 5111/10859/18 5106/10849/18 5105/10847/18
f 5111/10859/28 5112/10861/28 5107/10850/28 5106/10849/28
f 5110/10857/29 5112/10862/29 5111/10860/29
f 5112/10862/21 5113/10864/21 5108/10852/21 5107/10851/21
f 5110/10857/22 5113/10864/22 5112/10862/22
f 5113/10863/23 5114/10865/23 5109/10854/23 5108/10853/23
f 5110/10857/24 5114/10866/24 5113/10864/24
f 5114/10867/25 5110/10858/25 5105/10848/25 5109/10855/25
f 5121/10884/5 5115/10868/5 5117/10872/5 5119/10878/5
f 5116/10870/9 5122/10886/9 5120/10881/9 5118/10875/9
f 5124/10889/1 5116/10871/1 5118/10876/1 5125/10890/1
f 5125/10890/1 5117/10873/1 5115/10869/1 5124/10889/1
f 5125/10891/26 5118/10877/26 5120/10882/26 5126/10893/26
f 5126/10893/27 5119/10879/27 5117/10874/27 5125/10891/27
f 5123/10888/6 5121/10885/6 5119/10880/6 5126/10894/6
f 5126/10894/6 5120/10883/6 5122/10887/6 5123/10888/6
f 5125/10892/9 5126/10895/9 5128/10897/9 5127/10896/9
f 5134/10907/18 5135/10910/18 5130/10900/18 5129/10898/18
f 5135/10910/28 5136/10912/28 5131/10901/28 5130/10900/28
f 5134/10908/29 5136/10913/29 5135/10911/29
f 5136/10913/21 5137/10915/21 5132/10903/21 5131/10902/21
f 5134/10908/22 5137/10915/22 5136/10913/22
f 5137/10914/23 5138/10916/23 5133/10905/23 5132/10904/23
f 5134/10908/24 5138/10917/24 5137/10915/24
f 5138/10918/25 5134/10909/25 5129/10899/25 5133/10906/25
f 5145/10935/5 5139/10919/5 5141/10923/5 5143/10929/5
f 5140/10921/9 5146/10937/9 5144/10932/9 5142/10926/9
f 5148/10940/1 5140/10922/1 5142/10927/1 5149/10941/1
f 5149/10941/1 5141/10924/1 5139/10920/1 5148/10940/1
f 5149/10942/26 5142/10928/26 5144/10933/26 5150/10944/26
f 5150/10944/27 5143/10930/27 5141/10925/27 5149/10942/27
f 5147/10939/6 5145/10936/6 5143/10931/6 5150/10945/6
f 5150/10945/6 5144/10934/6 5146/10938/6 5147/10939/6
f 5149/10943/9 5150/10946/9 5152/10948/9 5151/10947/9
f 5158/10958/18 5159/10961/18 5154/10951/18 5153/10949/18
f 5159/10961/19 5160/10963/19 5155/10952/19 5154/10951/19
f 5158/10959/29 5160/10964/29 5159/10962/29
f 5160/10964/21 5161/10966/21 5156/10954/21 5155/10953/21
f 5158/10959/22 5161/10966/22 5160/10964/22
f 5161/10965/23 5162/10967/23 5157/10956/23 5156/10955/23
f 5158/10959/24 5162/10968/24 5161/10966/24
f 5162/10969/25 5158/10960/25 5153/10950/25 5157/10957/25
f 5169/10986/5 5163/10970/5 5165/10974/5 5167/10980/5
f 5164/10972/9 5170/10988/9 5168/10983/9 5166/10977/9
f 5172/10991/1 5164/10973/1 5166/10978/1 5173/10992/1
f 5173/10992/1 5165/10975/1 5163/10971/1 5172/10991/1
f 5173/10993/26 5166/10979/26 5168/10984/26 5174/10995/26
f 5174/10995/27 5167/10981/27 5165/10976/27 5173/10993/27
f 5171/10990/6 5169/10987/6 5167/10982/6 5174/10996/6
f 5174/10996/6 5168/10985/6 5170/10989/6 5171/10990/6
f 5173/10994/9 5174/10997/9 5176/10999/9 5175/10998/9
f 5182/11009/18 5183/11012/18 5178/11002/18 5177/11000/18
f 5183/11012/19 5184/11014/19 5179/11003/19 5178/11002/19
f 5182/11010/29 5184/11015/29 5183/11013/29
f 5184/11015/21 5185/11017/21 5180/11005/21 5179/11004/21
f 5182/11010/22 5185/11017/22 5184/11015/22
f 5185/11016/23 5186/11018/23 5181/11007/23 5180/11006/23
f 5182/11010/24 5186/11019/24 5185/11017/24
f 5186/11020/25 5182/11011/25 5177/11001/25 5181/11008/25
f 5193/11037/5 5187/11021/5 5189/11025/5 5191/11031/5
f 5188/11023/9 5194/11039/9 5192/11034/9 5190/11028/9
f 5196/11042/1 5188/11024/1 5190/11029/1 5197/11043/1
f 5197/11043/1 5189/11026/1 5187/11022/1 5196/11042/1
f 5197/11044/26 5190/11030/26 5192/11035/26 5198/11046/26
f 5198/11046/27 5191/11032/27 5189/11027/27 5197/11044/27
f 5195/11041/6 5193/11038/6 5191/11033/6 5198/11047/6
f 5198/11047/6 5192/11036/6 5194/11040/6 5195/11041/6
f 5197/11045/9 5198/11048/9 5200/11050/9 5199/11049/9
f 5206/11060/18 5207/11063/18 5202/11053/18 5201/11051/18
f 5207/11063/28 5208/11065/28 5203/11054/28 5202/11053/28
f 5206/11061/29 5208/11066/29 5207/11064/29
f 5208/11066/21 5209/11068/21 5204/11056/21 5203/11055/21
f 5206/11061/22 5209/11068/22 5208/11066/22
f 5209/11067/23 5210/11069/23 5205/11058/23 5204/11057/23
f 5206/11061/24 5210/11070/24 5209/11068/24
f 5210/11071/25 5206/11062/25 5201/11052/25 5205/11059/25
f 5217/11088/5 5211/11072/5 5213/11076/5 5215/11082/5
f 5212/11074/9 5218/11090/9 5216/11085/9 5214/11079/9
f 5220/11093/1 5212/11075/1 5214/11080/1 5221/11094/1
f 5221/11094/1 5213/11077/1 5211/11073/1 5220/11093/1
f 5221/11095/26 5214/11081/26 5216/11086/26 5222/11097/26
f 5222/11097/27 5215/11083/27 5213/11078/27 5221/11095/27
f 5219/11092/6 5217/11089/6 5215/11084/6 5222/11098/6
f 5222/11098/6 5216/11087/6 5218/11091/6 5219/11092/6
f 5221/11096/9 5222/11099/9 5224/11101/9 5223/11100/9
f 5230/11111/18 5231/11114/18 5226/11104/18 5225/11102/18
f 5231/11114/28 5232/11116/28 5227/11105/28 5226/11104/28
f 5230/11112/29 5232/11117/29 5231/11115/29
f 5232/11117/21 5233/11119/21 5228/11107/21 5227/11106/21
f 5230/11112/22 5233/11119/22 5232/11117/22
f 5233/11118/23 5234/11120/23 5229/11109/23 5228/11108/23
f 5230/11112/24 5234/11121/24 5233/11119/24
f 5234/11122/25 5230/11113/25 5225/11103/25 5229/11110/25
f 5241/11139/5 5235/11123/5 5237/11127/5 5239/11133/5
f 5236/11125/9 5242/11141/9 5240/11136/9 5238/11130/9
f 5244/11144/1 5236/11126/1 5238/11131/1 5245/11145/1
f 5245/11145/1 5237/11128/1 5235/11124/1 5244/11144/1
f 5245/11146/26 5238/11132/26 5240/11137/26 5246/11148/26
f 5246/11148/27 5239/11134/27 5237/11129/27 5245/11146/27
f 5243/11143/6 5241/11140/6 5239/11135/6 5246/11149/6
f 5246/11149/6 5240/11138/6 5242/11142/6 5243/11143/6
f 5245/11147/9 5246/11150/9 5248/11152/9 5247/11151/9
f 5254/11162/18 5255/11165/18 5250/11155/18 5249/11153/18
f 5255/11165/19 5256/11167/19 5251/11156/19 5250/11155/19
f 5254/11163/29 5256/11168/29 5255/11166/29
f 5256/11168/21 5257/11170/21 5252/11158/21 5251/11157/21
f 5254/11163/22 5257/11170/22 5256/11168/22
f 5257/11169/23 5258/11171/23 5253/11160/23 5252/11159/23
f 5254/11163/24 5258/11172/24 5257/11170/24
f 5258/11173/25 5254/11164/25 5249/11154/25 5253/11161/25
f 5265/11190/5 5259/11174/5 5261/11178/5 5263/11184/5
f 5260/11176/9 5266/11192/9 5264/11187/9 5262/11181/9
f 5268/11195/1 5260/11177/1 5262/11182/1 5269/11196/1
f 5269/11196/1 5261/11179/1 5259/11175/1 5268/11195/1
f 5269/11197/26 5262/11183/26 5264/11188/26 5270/11199/26
f 5270/11199/27 5263/11185/27 5261/11180/27 5269/11197/27
f 5267/11194/6 5265/11191/6 5263/11186/6 5270/11200/6
f 5270/11200/6 5264/11189/6 5266/11193/6 5267/11194/6
f 5269/11198/9 5270/11201/9 5272/11203/9 5271/11202/9
f 5278/11213/18 5279/11216/18 5274/11206/18 5273/11204/18
f 5279/11216/19 5280/11218/19 5275/11207/19 5274/11206/19
f 5278/11214/29 5280/11219/29 5279/11217/29
f 5280/11219/21 5281/11221/21 5276/11209/21 5275/11208/21
f 5278/11214/22 5281/11221/22 5280/11219/22
f 5281/11220/23 5282/11222/23 5277/11211/23 5276/11210/23
f 5278/11214/24 5282/11223/24 5281/11221/24
f 5282/11224/25 5278/11215/25 5273/11205/25 5277/11212/25
f 5289/11241/5 5283/11225/5 5285/11229/5 5287/11235/5
f 5284/11227/9 5290/11243/9 5288/11238/9 5286/11232/9
f 5292/11246/1 5284/11228/1 5286/11233/1 5293/11247/1
f 5293/11247/1 5285/11230/1 5283/11226/1 5292/11246/1
f 5293/11248/26 5286/11234/26 5288/11239/26 5294/11250/26
f 5294/11250/27 5287/11236/27 5285/11231/27 5293/11248/27
f 5291/11245/6 5289/11242/6 5287/11237/6 5294/11251/6
f 5294/11251/6 5288/11240/6 5290/11244/6 5291/11245/6
f 5293/11249/9 5294/11252/9 5296/11254/9 5295/11253/9
f 5302/11264/18 5303/11267/18 5298/11257/18 5297/11255/18
f 5303/11267/28 5304/11269/28 5299/11258/28 5298/11257/28
f 5302/11265/29 5304/11270/29 5303/11268/29
f 5304/11270/21 5305/11272/21 5300/11260/21 5299/11259/21
f 5302/11265/22 5305/11272/22 5304/11270/22
f 5305/11271/23 5306/11273/23 5301/11262/23 5300/11261/23
f 5302/11265/24 5306/11274/24 5305/11272/24
f 5306/11275/25 5302/11266/25 5297/11256/25 5301/11263/25
f 5313/11292/5 5307/11276/5 5309/11280/5 5311/11286/5
f 5308/11278/9 5314/11294/9 5312/11289/9 5310/11283/9
f 5316/11297/1 5308/11279/1 5310/11284/1 5317/11298/1
f 5317/11298/1 5309/11281/1 5307/11277/1 5316/11297/1
f 5317/11299/26 5310/11285/26 5312/11290/26 5318/11301/26
f 5318/11301/27 5311/11287/27 5309/11282/27 5317/11299/27
f 5315/11296/6 5313/11293/6 5311/11288/6 5318/11302/6
f 5318/11302/6 5312/11291/6 5314/11295/6 5315/11296/6
f 5317/11300/9 5318/11303/9 5320/11305/9 5319/11304/9
f 5326/11315/18 5327/11318/18 5322/11308/18 5321/11306/18
f 5327/11318/28 5328/11320/28 5323/11309/28 5322/11308/28
f 5326/11316/29 5328/11321/29 5327/11319/29
f 5328/11321/21 5329/11323/21 5324/11311/21 5323/11310/21
f 5326/11316/22 5329/11323/22 5328/11321/22
f 5329/11322/23 5330/11324/23 5325/11313/23 5324/11312/23
f 5326/11316/24 5330/11325/24 5329/11323/24
f 5330/11326/25 5326/11317/25 5321/11307/25 5325/11314/25
f 5337/11343/5 5331/11327/5 5333/11331/5 5335/11337/5
f 5332/11329/9 5338/11345/9 5336/11340/9 5334/11334/9
f 5340/11348/1 5332/11330/1 5334/11335/1 5341/11349/1
f 5341/11349/1 5333/11332/1 5331/11328/1 5340/11348/1
f 5341/11350/26 5334/11336/26 5336/11341/26 5342/11352/26
f 5342/11352/27 5335/11338/27 5333/11333/27 5341/11350/27
f 5339/11347/6 5337/11344/6 5335/11339/6 5342/11353/6
f 5342/11353/6 5336/11342/6 5338/11346/6 5339/11347/6
f 5341/11351/9 5342/11354/9 5344/11356/9 5343/11355/9
f 5350/11366/18 5351/11369/18 5346/11359/18 5345/11357/18
f 5351/11369/28 5352/11371/28 5347/11360/28 5346/11359/28
f 5350/11367/29 5352/11372/29 5351/11370/29
f 5352/11372/21 5353/11374/21 5348/11362/21 5347/11361/21
f 5350/11367/22 5353/11374/22 5352/11372/22
f 5353/11373/23 5354/11375/23 5349/11364/23 5348/11363/23
f 5350/11367/24 5354/11376/24 5353/11374/24
f 5354/11377/25 5350/11368/25 5345/11358/25 5349/11365/25
f 5361/11394/5 5355/11378/5 5357/11382/5 5359/11388/5
f 5356/11380/9 5362/11396/9 5360/11391/9 5358/11385/9
f 5364/11399/1 5356/11381/1 5358/11386/1 5365/11400/1
f 5365/11400/1 5357/11383/1 5355/11379/1 5364/11399/1
f 5365/11401/26 5358/11387/26 5360/11392/26 5366/11403/26
f 5366/11403/27 5359/11389/27 5357/11384/27 5365/11401/27
f 5363/11398/6 5361/11395/6 5359/11390/6 5366/11404/6
f 5366/11404/6 5360/11393/6 5362/11397/6 5363/11398/6
f 5365/11402/9 5366/11405/9 5368/11407/9 5367/11406/9
f 5374/11417/18 5375/11420/18 5370/11410/18 5369/11408/18
f 5375/11420/28 5376/11422/28 5371/11411/28 5370/11410/28
f 5374/11418/29 5376/11423/29 5375/11421/29
f 5376/11423/21 5377/11425/21 5372/11413/21 5371/11412/21
f 5374/11418/22 5377/11425/22 5376/11423/22
f 5377/11424/23 5378/11426/23 5373/11415/23 5372/11414/23
f 5374/11418/24 5378/11427/24 5377/11425/24
f 5378/11428/25 5374/11419/25 5369/11409/25 5373/11416/25
f 5385/11445/5 5379/11429/5 5381/11433/5 5383/11439/5
f 5380/11431/9 5386/11447/9 5384/11442/9 5382/11436/9
f 5388/11450/1 5380/11432/1 5382/11437/1 5389/11451/1
f 5389/11451/1 5381/11434/1 5379/11430/1 5388/11450/1
f 5389/11452/26 5382/11438/26 5384/11443/26 5390/11454/26
f 5390/11454/27 5383/11440/27 5381/11435/27 5389/11452/27
f 5387/11449/6 5385/11446/6 5383/11441/6 5390/11455/6
f 5390/11455/6 5384/11444/6 5386/11448/6 5387/11449/6
f 5389/11453/9 5390/11456/9 5392/11458/9 5391/11457/9
f 5398/11468/18 5399/11471/18 5394/11461/18 5393/11459/18
f 5399/11471/19 5400/11473/19 5395/11462/19 5394/11461/19
f 5398/11469/29 5400/11474/29 5399/11472/29
f 5400/11474/21 5401/11476/21 5396/11464/21 5395/11463/21
f 5398/11469/22 5401/11476/22 5400/11474/22
f 5401/11475/30 5402/11477/30 5397/11466/30 5396/11465/30
f 5398/11469/24 5402/11478/24 5401/11476/24
f 5402/11479/25 5398/11470/25 5393/11460/25 5397/11467/25
f 5409/11496/5 5403/11480/5 5405/11484/5 5407/11490/5
f 5404/11482/9 5410/11498/9 5408/11493/9 5406/11487/9
f 5412/11501/1 5404/11483/1 5406/11488/1 5413/11502/1
f 5413/11502/1 5405/11485/1 5403/11481/1 5412/11501/1
f 5413/11503/26 5406/11489/26 5408/11494/26 5414/11505/26
f 5414/11505/27 5407/11491/27 5405/11486/27 5413/11503/27
f 5411/11500/6 5409/11497/6 5407/11492/6 5414/11506/6
f 5414/11506/6 5408/11495/6 5410/11499/6 5411/11500/6
f 5413/11504/9 5414/11507/9 5416/11509/9 5415/11508/9
f 5422/11519/18 5423/11522/18 5418/11512/18 5417/11510/18
f 5423/11522/19 5424/11524/19 5419/11513/19 5418/11512/19
f 5422/11520/29 5424/11525/29 5423/11523/29
f 5424/11525/21 5425/11527/21 5420/11515/21 5419/11514/21
f 5422/11520/22 5425/11527/22 5424/11525/22
f 5425/11526/30 5426/11528/30 5421/11517/30 5420/11516/30
f 5422/11520/24 5426/11529/24 5425/11527/24
f 5426/11530/25 5422/11521/25 5417/11511/25 5421/11518/25
f 5433/11547/5 5427/11531/5 5429/11535/5 5431/11541/5
f 5428/11533/9 5434/11549/9 5432/11544/9 5430/11538/9
f 5436/11552/1 5428/11534/1 5430/11539/1 5437/11553/1
f 5437/11553/1 5429/11536/1 5427/11532/1 5436/11552/1
f 5437/11554/26 5430/11540/26 5432/11545/26 5438/11556/26
f 5438/11556/27 5431/11542/27 5429/11537/27 5437/11554/27
f 5435/11551/6 5433/11548/6 5431/11543/6 5438/11557/6
f 5438/11557/6 5432/11546/6 5434/11550/6 5435/11551/6
f 5437/11555/9 5438/11558/9 5440/11560/9 5439/11559/9
f 5446/11570/18 5447/11573/18 5442/11563/18 5441/11561/18
f 5447/11573/28 5448/11575/28 5443/11564/28 5442/11563/28
f 5446/11571/29 5448/11576/29 5447/11574/29
f 5448/11576/21 5449/11578/21 5444/11566/21 5443/11565/21
f 5446/11571/22 5449/11578/22 5448/11576/22
f 5449/11577/23 5450/11579/23 5445/11568/23 5444/11567/23
f 5446/11571/24 5450/11580/24 5449/11578/24
f 5450/11581/25 5446/11572/25 5441/11562/25 5445/11569/25
f 5457/11598/5 5451/11582/5 5453/11586/5 5455/11592/5
f 5452/11584/9 5458/11600/9 5456/11595/9 5454/11589/9
f 5460/11603/1 5452/11585/1 5454/11590/1 5461/11604/1
f 5461/11604/1 5453/11587/1 5451/11583/1 5460/11603/1
f 5461/11605/26 5454/11591/26 5456/11596/26 5462/11607/26
f 5462/11607/27 5455/11593/27 5453/11588/27 5461/11605/27
f 5459/11602/6 5457/11599/6 5455/11594/6 5462/11608/6
f 5462/11608/6 5456/11597/6 5458/11601/6 5459/11602/6
f 5461/11606/9 5462/11609/9 5464/11611/9 5463/11610/9
f 5470/11621/18 5471/11624/18 5466/11614/18 5465/11612/18
f 5471/11624/28 5472/11626/28 5467/11615/28 5466/11614/28
f 5470/11622/29 5472/11627/29 5471/11625/29
f 5472/11627/21 5473/11629/21 5468/11617/21 5467/11616/21
f 5470/11622/22 5473/11629/22 5472/11627/22
f 5473/11628/23 5474/11630/23 5469/11619/23 5468/11618/23
f 5470/11622/24 5474/11631/24 5473/11629/24
f 5474/11632/25 5470/11623/25 5465/11613/25 5469/11620/25
f 5481/11649/5 5475/11633/5 5477/11637/5 5479/11643/5
f 5476/11635/9 5482/11651/9 5480/11646/9 5478/11640/9
f 5484/11654/1 5476/11636/1 5478/11641/1 5485/11655/1
f 5485/11655/1 5477/11638/1 5475/11634/1 5484/11654/1
f 5485/11656/26 5478/11642/26 5480/11647/26 5486/11658/26
f 5486/11658/27 5479/11644/27 5477/11639/27 5485/11656/27
f 5483/11653/6 5481/11650/6 5479/11645/6 5486/11659/6
f 5486/11659/6 5480/11648/6 5482/11652/6 5483/11653/6
f 5485/11657/9 5486/11660/9 5488/11662/9 5487/11661/9
f 5494/11672/18 5495/11675/18 5490/11665/18 5489/11663/18
f 5495/11675/28 5496/11677/28 5491/11666/28 5490/11665/28
f 5494/11673/29 5496/11678/29 5495/11676/29
f 5496/11678/21 5497/11680/21 5492/11668/21 5491/11667/21
f 5494/11673/22 5497/11680/22 5496/11678/22
f 5497/11679/23 5498/11681/23 5493/11670/23 5492/11669/23
f 5494/11673/24 5498/11682/24 5497/11680/24
f 5498/11683/25 5494/11674/25 5489/11664/25 5493/11671/25
f 5505/11700/5 5499/11684/5 5501/11688/5 5503/11694/5
f 5500/11686/9 5506/11702/9 5504/11697/9 5502/11691/9
f 5508/11705/1 5500/11687/1 5502/11692/1 5509/11706/1
f 5509/11706/1 5501/11689/1 5499/11685/1 5508/11705/1
f 5509/11707/26 5502/11693/26 5504/11698/26 5510/11709/26
f 5510/11709/27 5503/11695/27 5501/11690/27 5509/11707/27
f 5507/11704/6 5505/11701/6 5503/11696/6 5510/11710/6
f 5510/11710/6 5504/11699/6 5506/11703/6 5507/11704/6
f 5509/11708/9 5510/11711/9 5512/11713/9 5511/11712/9
f 5518/11723/18 5519/11726/18 5514/11716/18 5513/11714/18
f 5519/11726/28 5520/11728/28 5515/11717/28 5514/11716/28
f 5518/11724/29 5520/11729/29 5519/11727/29
f 5520/11729/21 5521/11731/21 5516/11719/21 5515/11718/21
f 5518/11724/22 5521/11731/22 5520/11729/22
f 5521/11730/23 5522/11732/23 5517/11721/23 5516/11720/23
f 5518/11724/24 5522/11733/24 5521/11731/24
f 5522/11734/25 5518/11725/25 5513/11715/25 5517/11722/25
f 5529/11751/5 5523/11735/5 5525/11739/5 5527/11745/5
f 5524/11737/9 5530/11753/9 5528/11748/9 5526/11742/9
f 5532/11756/1 5524/11738/1 5526/11743/1 5533/11757/1
f 5533/11757/1 5525/11740/1 5523/11736/1 5532/11756/1
f 5533/11758/26 5526/11744/26 5528/11749/26 5534/11760/26
f 5534/11760/27 5527/11746/27 5525/11741/27 5533/11758/27
f 5531/11755/6 5529/11752/6 5527/11747/6 5534/11761/6
f 5534/11761/6 5528/11750/6 5530/11754/6 5531/11755/6
f 5533/11759/9 5534/11762/9 5536/11764/9 5535/11763/9
f 5542/11774/18 5543/11777/18 5538/11767/18 5537/11765/18
f 5543/11777/28 5544/11779/28 5539/11768/28 5538/11767/28
f 5542/11775/29 5544/11780/29 5543/11778/29
f 5544/11780/21 5545/11782/21 5540/11770/21 5539/11769/21
f 5542/11775/22 5545/11782/22 5544/11780/22
f 5545/11781/32 5546/11783/32 5541/11772/32 5540/11771/32
f 5542/11775/24 5546/11784/24 5545/11782/24
f 5546/11785/25 5542/11776/25 5537/11766/25 5541/11773/25
f 5553/11802/5 5547/11786/5 5549/11790/5 5551/11796/5
f 5548/11788/9 5554/11804/9 5552/11799/9 5550/11793/9
f 5556/11807/1 5548/11789/1 5550/11794/1 5557/11808/1
f 5557/11808/1 5549/11791/1 5547/11787/1 5556/11807/1
f 5557/11809/26 5550/11795/26 5552/11800/26 5558/11811/26
f 5558/11811/27 5551/11797/27 5549/11792/27 5557/11809/27
f 5555/11806/6 5553/11803/6 5551/11798/6 5558/11812/6
f 5558/11812/6 5552/11801/6 5554/11805/6 5555/11806/6
f 5557/11810/9 5558/11813/9 5560/11815/9 5559/11814/9
f 5566/11825/18 5567/11828/18 5562/11818/18 5561/11816/18
f 5567/11828/28 5568/11830/28 5563/11819/28 5562/11818/28
f 5566/11826/29 5568/11831/29 5567/11829/29
f 5568/11831/21 5569/11833/21 5564/11821/21 5563/11820/21
f 5566/11826/22 5569/11833/22 5568/11831/22
f 5569/11832/32 5570/11834/32 5565/11823/32 5564/11822/32
f 5566/11826/24 5570/11835/24 5569/11833/24
f 5570/11836/25 5566/11827/25 5561/11817/25 5565/11824/25
f 5577/11853/5 5571/11837/5 5573/11841/5 5575/11847/5
f 5572/11839/9 5578/11855/9 5576/11850/9 5574/11844/9
f 5580/11858/1 5572/11840/1 5574/11845/1 5581/11859/1
f 5581/11859/1 5573/11842/1 5571/11838/1 5580/11858/1
f 5581/11860/26 5574/11846/26 5576/11851/26 5582/11862/26
f 5582/11862/27 5575/11848/27 5573/11843/27 5581/11860/27
f 5579/11857/6 5577/11854/6 5575/11849/6 5582/11863/6
f 5582/11863/6 5576/11852/6 5578/11856/6 5579/11857/6
f 5581/11861/9 5582/11864/9 5584/11866/9 5583/11865/9
f 5590/11876/18 5591/11879/18 5586/11869/18 5585/11867/18
f 5591/11879/28 5592/11881/28 5587/11870/28 5586/11869/28
f 5590/11877/29 5592/11882/29 5591/11880/29
f 5592/11882/21 5593/11884/21 5588/11872/21 5587/11871/21
f 5590/11877/22 5593/11884/22 5592/11882/22
f 5593/11883/23 5594/11885/23 5589/11874/23 5588/11873/23
f 5590/11877/24 5594/11886/24 5593/11884/24
f 5594/11887/25 5590/11878/25 5585/11868/25 5589/11875/25
f 5601/11904/5 5595/11888/5 5597/11892/5 5599/11898/5
f 5596/11890/9 5602/11906/9 5600/11901/9 5598/11895/9
f 5604/11909/1 5596/11891/1 5598/11896/1 5605/11910/1
f 5605/11910/1 5597/11893/1 5595/11889/1 5604/11909/1
f 5605/11911/26 5598/11897/26 5600/11902/26 5606/11913/26
f 5606/11913/27 5599/11899/27 5597/11894/27 5605/11911/27
f 5603/11908/6 5601/11905/6 5599/11900/6 5606/11914/6
f 5606/11914/6 5600/11903/6 5602/11907/6 5603/11908/6
f 5605/11912/9 5606/11915/9 5608/11917/9 5607/11916/9
f 5614/11927/18 5615/11930/18 5610/11920/18 5609/11918/18
f 5615/11930/28 5616/11932/28 5611/11921/28 5610/11920/28
f 5614/11928/29 5616/11933/29 5615/11931/29
f 5616/11933/21 5617/11935/21 5612/11923/21 5611/11922/21
f 5614/11928/22 5617/11935/22 5616/11933/22
f 5617/11934/23 5618/11936/23 5613/11925/23 5612/11924/23
f 5614/11928/24 5618/11937/24 5617/11935/24
f 5618/11938/25 5614/11929/25 5609/11919/25 5613/11926/25
f 5625/11955/5 5619/11939/5 5621/11943/5 5623/11949/5
f 5620/11941/9 5626/11957/9 5624/11952/9 5622/11946/9
f 5628/11960/1 5620/11942/1 5622/11947/1 5629/11961/1
f 5629/11961/1 5621/11944/1 5619/11940/1 5628/11960/1
f 5629/11962/26 5622/11948/26 5624/11953/26 5630/11964/26
f 5630/11964/27 5623/11950/27 5621/11945/27 5629/11962/27
f 5627/11959/6 5625/11956/6 5623/11951/6 5630/11965/6
f 5630/11965/6 5624/11954/6 5626/11958/6 5627/11959/6
f 5629/11963/9 5630/11966/9 5632/11968/9 5631/11967/9
f 5638/11978/18 5639/11981/18 5634/11971/18 5633/11969/18
f 5639/11981/19 5640/11983/19 5635/11972/19 5634/11971/19
f 5638/11979/29 5640/11984/29 5639/11982/29
f 5640/11984/21 5641/11986/21 5636/11974/21 5635/11973/21
f 5638/11979/22 5641/11986/22 5640/11984/22
f 5641/11985/23 5642/11987/23 5637/11976/23 5636/11975/23
f 5638/11979/24 5642/11988/24 5641/11986/24
f 5642/11989/25 5638/11980/25 5633/11970/25 5637/11977/25
f 5649/12006/5 5643/11990/5 5645/11994/5 5647/12000/5
f 5644/11992/9 5650/12008/9 5648/12003/9 5646/11997/9
f 5652/12011/1 5644/11993/1 5646/11998/1 5653/12012/1
f 5653/12012/1 5645/11995/1 5643/11991/1 5652/12011/1
f 5653/12013/26 5646/11999/26 5648/12004/26 5654/12015/26
f 5654/12015/27 5647/12001/27 5645/11996/27 5653/12013/27
f 5651/12010/6 5649/12007/6 5647/12002/6 5654/12016/6
f 5654/12016/6 5648/12005/6 5650/12009/6 5651/12010/6
f 5653/12014/9 5654/12017/9 5656/12019/9 5655/12018/9
f 5662/12029/18 5663/12032/18 5658/12022/18 5657/12020/18
f 5663/12032/19 5664/12034/19 5659/12023/19 5658/12022/19
f 5662/12030/29 5664/12035/29 5663/12033/29
f 5664/12035/21 5665/12037/21 5660/12025/21 5659/12024/21
f 5662/12030/22 5665/12037/22 5664/12035/22
f 5665/12036/23 5666/12038/23 5661/12027/23 5660/12026/23
f 5662/12030/24 5666/12039/24 5665/12037/24
f 5666/12040/25 5662/12031/25 5657/12021/25 5661/12028/25
f 5673/12057/5 5667/12041/5 5669/12045/5 5671/12051/5
f 5668/12043/9 5674/12059/9 5672/12054/9 5670/12048/9
f 5676/12062/1 5668/12044/1 5670/12049/1 5677/12063/1
f 5677/12063/1 5669/12046/1 5667/12042/1 5676/12062/1
f 5677/12064/26 5670/12050/26 5672/12055/26 5678/12066/26
f 5678/12066/27 5671/12052/27 5669/12047/27 5677/12064/27
f 5675/12061/6 5673/12058/6 5671/12053/6 5678/12067/6
f 5678/12067/6 5672/12056/6 5674/12060/6 5675/12061/6
f 5677/12065/9 5678/12068/9 5680/12070/9 5679/12069/9
f 5686/12080/18 5687/12083/18 5682/12073/18 5681/12071/18
f 5687/12083/19 5688/12085/19 5683/12074/19 5682/12073/19
f 5686/12081/29 5688/12086/29 5687/12084/29
f 5688/12086/21 5689/12088/21 5684/12076/21 5683/12075/21
f 5686/12081/22 5689/12088/22 5688/12086/22
f 5689/12087/32 5690/12089/32 5685/12078/32 5684/12077/32
f 5686/12081/24 5690/12090/24 5689/12088/24
f 5690/12091/25 5686/12082/25 5681/12072/25 5685/12079/25
f 5697/12108/5 5691/12092/5 5693/12096/5 5695/12102/5
f 5692/12094/9 5698/12110/9 5696/12105/9 5694/12099/9
f 5700/12113/1 5692/12095/1 5694/12100/1 5701/12114/1
f 5701/12114/1 5693/12097/1 5691/12093/1 5700/12113/1
f 5701/12115/26 5694/12101/26 5696/12106/26 5702/12117/26
f 5702/12117/27 5695/12103/27 5693/12098/27 5701/12115/27
f 5699/12112/6 5697/12109/6 5695/12104/6 5702/12118/6
f 5702/12118/6 5696/12107/6 5698/12111/6 5699/12112/6
f 5701/12116/9 5702/12119/9 5704/12121/9 5703/12120/9
f 5710/12131/18 5711/12134/18 5706/12124/18 5705/12122/18
f 5711/12134/19 5712/12136/19 5707/12125/19 5706/12124/19
f 5710/12132/29 5712/12137/29 5711/12135/29
f 5712/12137/21 5713/12139/21 5708/12127/21 5707/12126/21
f 5710/12132/22 5713/12139/22 5712/12137/22
f 5713/12138/32 5714/12140/32 5709/12129/32 5708/12128/32
f 5710/12132/24 5714/12141/24 5713/12139/24
f 5714/12142/25 5710/12133/25 5705/12123/25 5709/12130/25
f 5721/12159/5 5715/12143/5 5717/12147/5 5719/12153/5
f 5716/12145/9 5722/12161/9 5720/12156/9 5718/12150/9
f 5724/12164/1 5716/12146/1 5718/12151/1 5725/12165/1
f 5725/12165/1 5717/12148/1 5715/12144/1 5724/12164/1
f 5725/12166/26 5718/12152/26 5720/12157/26 5726/12168/26
f 5726/12168/27 5719/12154/27 5717/12149/27 5725/12166/27
f 5723/12163/6 5721/12160/6 5719/12155/6 5726/12169/6
f 5726/12169/6 5720/12158/6 5722/12162/6 5723/12163/6
f 5725/12167/9 5726/12170/9 5728/12172/9 5727/12171/9
f 5734/12182/18 5735/12185/18 5730/12175/18 5729/12173/18
f 5735/12185/19 5736/12187/19 5731/12176/19 5730/12175/19
f 5734/12183/29 5736/12188/29 5735/12186/29
f 5736/12188/21 5737/12190/21 5732/12178/21 5731/12177/21
f 5734/12183/22 5737/12190/22 5736/12188/22
f 5737/12189/23 5738/12191/23 5733/12180/23 5732/12179/23
f 5734/12183/24 5738/12192/24 5737/12190/24
f 5738/12193/25 5734/12184/25 5729/12174/25 5733/12181/25
f 5745/12210/5 5739/12194/5 5741/12198/5 5743/12204/5
f 5740/12196/9 5746/12212/9 5744/12207/9 5742/12201/9
f 5748/12215/1 5740/12197/1 5742/12202/1 5749/12216/1
f 5749/12216/1 5741/12199/1 5739/12195/1 5748/12215/1
f 5749/12217/26 5742/12203/26 5744/12208/26 5750/12219/26
f 5750/12219/27 5743/12205/27 5741/12200/27 5749/12217/27
f 5747/12214/6 5745/12211/6 5743/12206/6 5750/12220/6
f 5750/12220/6 5744/12209/6 5746/12213/6 5747/12214/6
f 5749/12218/9 5750/12221/9 5752/12223/9 5751/12222/9
f 5758/12233/18 5759/12236/18 5754/12226/18 5753/12224/18
f 5759/12236/19 5760/12238/19 5755/12227/19 5754/12226/19
f 5758/12234/29 5760/12239/29 5759/12237/29
f 5760/12239/21 5761/12241/21 5756/12229/21 5755/12228/21
f 5758/12234/22 5761/12241/22 5760/12239/22
f 5761/12240/23 5762/12242/23 5757/12231/23 5756/12230/23
f 5758/12234/24 5762/12243/24 5761/12241/24
f 5762/12244/25 5758/12235/25 5753/12225/25 5757/12232/25
f 5769/12261/5 5763/12245/5 5765/12249/5 5767/12255/5
f 5764/12247/9 5770/12263/9 5768/12258/9 5766/12252/9
f 5772/12266/1 5764/12248/1 5766/12253/1 5773/12267/1
f 5773/12267/1 5765/12250/1 5763/12246/1 5772/12266/1
f 5773/12268/26 5766/12254/26 5768/12259/26 5774/12270/26
f 5774/12270/27 5767/12256/27 5765/12251/27 5773/12268/27
f 5771/12265/6 5769/12262/6 5767/12257/6 5774/12271/6
f 5774/12271/6 5768/12260/6 5770/12264/6 5771/12265/6
f 5773/12269/9 5774/12272/9 5776/12274/9 5775/12273/9
f 5782/12284/18 5783/12287/18 5778/12277/18 5777/12275/18
f 5783/12287/28 5784/12289/28 5779/12278/28 5778/12277/28
f 5782/12285/29 5784/12290/29 5783/12288/29
f 5784/12290/21 5785/12292/21 5780/12280/21 5779/12279/21
f 5782/12285/22 5785/12292/22 5784/12290/22
f 5785/12291/23 5786/12293/23 5781/12282/23 5780/12281/23
f 5782/12285/24 5786/12294/24 5785/12292/24
f 5786/12295/25 5782/12286/25 5777/12276/25 5781/12283/25
f 5793/12312/5 5787/12296/5 5789/12300/5 5791/12306/5
f 5788/12298/9 5794/12314/9 5792/12309/9 5790/12303/9
f 5796/12317/1 5788/12299/1 5790/12304/1 5797/12318/1
f 5797/12318/1 5789/12301/1 5787/12297/1 5796/12317/1
f 5797/12319/26 5790/12305/26 5792/12310/26 5798/12321/26
f 5798/12321/27 5791/12307/27 5789/12302/27 5797/12319/27
f 5795/12316/6 5793/12313/6 5791/12308/6 5798/12322/6
f 5798/12322/6 5792/12311/6 5794/12315/6 5795/12316/6
f 5797/12320/9 5798/12323/9 5800/12325/9 5799/12324/9
f 5806/12335/18 5807/12338/18 5802/12328/18 5801/12326/18
f 5807/12338/28 5808/12340/28 5803/12329/28 5802/12328/28
f 5806/12336/29 5808/12341/29 5807/12339/29
f 5808/12341/21 5809/12343/21 5804/12331/21 5803/12330/21
f 5806/12336/22 5809/12343/22 5808/12341/22
f 5809/12342/23 5810/12344/23 5805/12333/23 5804/12332/23
f 5806/12336/24 5810/12345/24 5809/12343/24
f 5810/12346/25 5806/12337/25 5801/12327/25 5805/12334/25
f 5817/12363/5 5811/12347/5 5813/12351/5 5815/12357/5
f 5812/12349/9 5818/12365/9 5816/12360/9 5814/12354/9
f 5820/12368/1 5812/12350/1 5814/12355/1 5821/12369/1
f 5821/12369/1 5813/12352/1 5811/12348/1 5820/12368/1
f 5821/12370/26 5814/12356/26 5816/12361/26 5822/12372/26
f 5822/12372/27 5815/12358/27 5813/12353/27 5821/12370/27
f 5819/12367/6 5817/12364/6 5815/12359/6 5822/12373/6
f 5822/12373/6 5816/12362/6 5818/12366/6 5819/12367/6
f 5821/12371/9 5822/12374/9 5824/12376/9 5823/12375/9
f 5830/12386/18 5831/12389/18 5826/12379/18 5825/12377/18
f 5831/12389/31 5832/12391/31 5827/12380/31 5826/12379/31
f 5830/12387/29 5832/12392/29 5831/12390/29
f 5832/12392/21 5833/12394/21 5828/12382/21 5827/12381/21
f 5830/12387/22 5833/12394/22 5832/12392/22
f 5833/12393/30 5834/12395/30 5829/12384/30 5828/12383/30
f 5830/12387/24 5834/12396/24 5833/12394/24
f 5834/12397/25 5830/12388/25 5825/12378/25 5829/12385/25
f 5841/12414/5 5835/12398/5 5837/12402/5 5839/12408/5
f 5836/12400/9 5842/12416/9 5840/12411/9 5838/12405/9
f 5844/12419/1 5836/12401/1 5838/12406/1 5845/12420/1
f 5845/12420/1 5837/12403/1 5835/12399/1 5844/12419/1
f 5845/12421/26 5838/12407/26 5840/12412/26 5846/12423/26
f 5846/12423/27 5839/12409/27 5837/12404/27 5845/12421/27
f 5843/12418/6 5841/12415/6 5839/12410/6 5846/12424/6
f 5846/12424/6 5840/12413/6 5842/12417/6 5843/12418/6
f 5845/12422/9 5846/12425/9 5848/12427/9 5847/12426/9
f 5854/12437/18 5855/12440/18 5850/12430/18 5849/12428/18
f 5855/12440/31 5856/12442/31 5851/12431/31 5850/12430/31
f 5854/12438/29 5856/12443/29 5855/12441/29
f 5856/12443/21 5857/12445/21 5852/12433/21 5851/12432/21
f 5854/12438/22 5857/12445/22 5856/12443/22
f 5857/12444/30 5858/12446/30 5853/12435/30 5852/12434/30
f 5854/12438/24 5858/12447/24 5857/12445/24
f 5858/12448/25 5854/12439/25 5849/12429/25 5853/12436/25
f 5865/12465/5 5859/12449/5 5861/12453/5 5863/12459/5
f 5860/12451/9 5866/12467/9 5864/12462/9 5862/12456/9
f 5868/12470/1 5860/12452/1 5862/12457/1 5869/12471/1
f 5869/12471/1 5861/12454/1 5859/12450/1 5868/12470/1
f 5869/12472/26 5862/12458/26 5864/12463/26 5870/12474/26
f 5870/12474/27 5863/12460/27 5861/12455/27 5869/12472/27
f 5867/12469/6 5865/12466/6 5863/12461/6 5870/12475/6
f 5870/12475/6 5864/12464/6 5866/12468/6 5867/12469/6
f 5869/12473/9 5870/12476/9 5872/12478/9 5871/12477/9
f 5878/12488/18 5879/12491/18 5874/12481/18 5873/12479/18
f 5879/12491/28 5880/12493/28 5875/12482/28 5874/12481/28
f 5878/12489/29 5880/12494/29 5879/12492/29
f 5880/12494/21 5881/12496/21 5876/12484/21 5875/12483/21
f 5878/12489/22 5881/12496/22 5880/12494/22
f 5881/12495/32 5882/12497/32 5877/12486/32 5876/12485/32
f 5878/12489/24 5882/12498/24 5881/12496/24
f 5882/12499/25 5878/12490/25 5873/12480/25 5877/12487/25
f 5889/12516/5 5883/12500/5 5885/12504/5 5887/12510/5
f 5884/12502/9 5890/12518/9 5888/12513/9 5886/12507/9
f 5892/12521/1 5884/12503/1 5886/12508/1 5893/12522/1
f 5893/12522/1 5885/12505/1 5883/12501/1 5892/12521/1
f 5893/12523/26 5886/12509/26 5888/12514/26 5894/12525/26
f 5894/12525/27 5887/12511/27 5885/12506/27 5893/12523/27
f 5891/12520/6 5889/12517/6 5887/12512/6 5894/12526/6
f 5894/12526/6 5888/12515/6 5890/12519/6 5891/12520/6
f 5893/12524/9 5894/12527/9 5896/12529/9 5895/12528/9
f 5902/12539/18 5903/12542/18 5898/12532/18 5897/12530/18
f 5903/12542/28 5904/12544/28 5899/12533/28 5898/12532/28
f 5902/12540/29 5904/12545/29 5903/12543/29
f 5904/12545/21 5905/12547/21 5900/12535/21 5899/12534/21
f 5902/12540/22 5905/12547/22 5904/12545/22
f 5905/12546/32 5906/12548/32 5901/12537/32 5900/12536/32
f 5902/12540/24 5906/12549/24 5905/12547/24
f 5906/12550/25 5902/12541/25 5897/12531/25 5901/12538/25
f 5913/12567/5 5907/12551/5 5909/12555/5 5911/12561/5
f 5908/12553/9 5914/12569/9 5912/12564/9 5910/12558/9
f 5916/12572/1 5908/12554/1 5910/12559/1 5917/12573/1
f 5917/12573/1 5909/12556/1 5907/12552/1 5916/12572/1
f 5917/12574/26 5910/12560/26 5912/12565/26 5918/12576/26
f 5918/12576/27 5911/12562/27 5909/12557/27 5917/12574/27
f 5915/12571/6 5913/12568/6 5911/12563/6 5918/12577/6
f 5918/12577/6 5912/12566/6 5914/12570/6 5915/12571/6
f 5917/12575/9 5918/12578/9 5920/12580/9 5919/12579/9
f 5926/12590/18 5927/12593/18 5922/12583/18 5921/12581/18
f 5927/12593/19 5928/12595/19 5923/12584/19 5922/12583/19
f 5926/12591/29 5928/12596/29 5927/12594/29
f 5928/12596/21 5929/12598/21 5924/12586/21 5923/12585/21
f 5926/12591/22 5929/12598/22 5928/12596/22
f 5929/12597/23 5930/12599/23 5925/12588/23 5924/12587/23
f 5926/12591/24 5930/12600/24 5929/12598/24
f 5930/12601/25 5926/12592/25 5921/12582/25 5925/12589/25
f 5937/12618/5 5931/12602/5 5933/12606/5 5935/12612/5
f 5932/12604/9 5938/12620/9 5936/12615/9 5934/12609/9
f 5940/12623/1 5932/12605/1 5934/12610/1 5941/12624/1
f 5941/12624/1 5933/12607/1 5931/12603/1 5940/12623/1
f 5941/12625/26 5934/12611/26 5936/12616/26 5942/12627/26
f 5942/12627/27 5935/12613/27 5933/12608/27 5941/12625/27
f 5939/12622/6 5937/12619/6 5935/12614/6 5942/12628/6
f 5942/12628/6 5936/12617/6 5938/12621/6 5939/12622/6
f 5941/12626/9 5942/12629/9 5944/12631/9 5943/12630/9
f 5950/12641/18 5951/12644/18 5946/12634/18 5945/12632/18
f 5951/12644/19 5952/12646/19 5947/12635/19 5946/12634/19
f 5950/12642/29 5952/12647/29 5951/12645/29
f 5952/12647/21 5953/12649/21 5948/12637/21 5947/12636/21
f 5950/12642/22 5953/12649/22 5952/12647/22
f 5953/12648/23 5954/12650/23 5949/12639/23 5948/12638/23
f 5950/12642/24 5954/12651/24 5953/12649/24
f 5954/12652/25 5950/12643/25 5945/12633/25 5949/12640/25
f 5961/12669/5 5955/12653/5 5957/12657/5 5959/12663/5
f 5956/12655/9 5962/12671/9 5960/12666/9 5958/12660/9
f 5964/12674/1 5956/12656/1 5958/12661/1 5965/12675/1
f 5965/12675/1 5957/12658/1 5955/12654/1 5964/12674/1
f 5965/12676/26 5958/12662/26 5960/12667/26 5966/12678/26
f 5966/12678/27 5959/12664/27 5957/12659/27 5965/12676/27
f 5963/12673/6 5961/12670/6 5959/12665/6 5966/12679/6
f 5966/12679/6 5960/12668/6 5962/12672/6 5963/12673/6
f 5965/12677/9 5966/12680/9 5968/12682/9 5967/12681/9
f 5974/12692/18 5975/12695/18 5970/12685/18 5969/12683/18
f 5975/12695/28 5976/12697/28 5971/12686/28 5970/12685/28
f 5974/12693/29 5976/12698/29 5975/12696/29
f 5976/12698/21 5977/12700/21 5972/12688/21 5971/12687/21
f 5974/12693/22 5977/12700/22 5976/12698/22
f 5977/12699/23 5978/12701/23 5973/12690/23 5972/12689/23
f 5974/12693/24 5978/12702/24 5977/12700/24
f 5978/12703/25 5974/12694/25 5969/12684/25 5973/12691/25
f 5985/12720/5 5979/12704/5 5981/12708/5 5983/12714/5
f 5980/12706/9 5986/12722/9 5984/12717/9 5982/12711/9
f 5988/12725/1 5980/12707/1 5982/12712/1 5989/12726/1
f 5989/12726/1 5981/12709/1 5979/12705/1 5988/12725/1
f 5989/12727/26 5982/12713/26 5984/12718/26 5990/12729/26
f 5990/12729/27 5983/12715/27 5981/12710/27 5989/12727/27
f 5987/12724/6 5985/12721/6 5983/12716/6 5990/12730/6
f 5990/12730/6 5984/12719/6 5986/12723/6 5987/12724/6
f 5989/12728/9 5990/12731/9 5992/12733/9 5991/12732/9
f 5998/12743/18 5999/12746/18 5994/12736/18 5993/12734/18
f 5999/12746/28 6000/12748/28 5995/12737/28 5994/12736/28
f 5998/12744/29 6000/12749/29 5999/12747/29
f 6000/12749/21 6001/12751/21 5996/12739/21 5995/12738/21
f 5998/12744/22 6001/12751/22 6000/12749/22
f 6001/12750/23 6002/12752/23 5997/12741/23 5996/12740/23
f 5998/12744/24 6002/12753/24 6001/12751/24
f 6002/12754/25 5998/12745/25 5993/12735/25 5997/12742/25
f 6009/12771/5 6003/12755/5 6005/12759/5 6007/12765/5
f 6004/12757/9 6010/12773/9 6008/12768/9 6006/12762/9
f 6012/12776/1 6004/12758/1 6006/12763/1 6013/12777/1
f 6013/12777/1 6005/12760/1 6003/12756/1 6012/12776/1
f 6013/12778/26 6006/12764/26 6008/12769/26 6014/12780/26
f 6014/12780/27 6007/12766/27 6005/12761/27 6013/12778/27
f 6011/12775/6 6009/12772/6 6007/12767/6 6014/12781/6
f 6014/12781/6 6008/12770/6 6010/12774/6 6011/12775/6
f 6013/12779/9 6014/12782/9 6016/12784/9 6015/12783/9
f 6022/12794/18 6023/12797/18 6018/12787/18 6017/12785/18
f 6023/12797/19 6024/12799/19 6019/12788/19 6018/12787/19
f 6022/12795/29 6024/12800/29 6023/12798/29
f 6024/12800/21 6025/12802/21 6020/12790/21 6019/12789/21
f 6022/12795/22 6025/12802/22 6024/12800/22
f 6025/12801/32 6026/12803/32 6021/12792/32 6020/12791/32
f 6022/12795/24 6026/12804/24 6025/12802/24
f 6026/12805/25 6022/12796/25 6017/12786/25 6021/12793/25
f 6033/12822/5 6027/12806/5 6029/12810/5 6031/12816/5
f 6028/12808/9 6034/12824/9 6032/12819/9 6030/12813/9
f 6036/12827/1 6028/12809/1 6030/12814/1 6037/12828/1
f 6037/12828/1 6029/12811/1 6027/12807/1 6036/12827/1
f 6037/12829/26 6030/12815/26 6032/12820/26 6038/12831/26
f 6038/12831/27 6031/12817/27 6029/12812/27 6037/12829/27
f 6035/12826/6 6033/12823/6 6031/12818/6 6038/12832/6
f 6038/12832/6 6032/12821/6 6034/12825/6 6035/12826/6
f 6037/12830/9 6038/12833/9 6040/12835/9 6039/12834/9
f 6046/12845/18 6047/12848/18 6042/12838/18 6041/12836/18
f 6047/12848/19 6048/12850/19 6043/12839/19 6042/12838/19
f 6046/12846/29 6048/12851/29 6047/12849/29
f 6048/12851/21 6049/12853/21 6044/12841/21 6043/12840/21
f 6046/12846/22 6049/12853/22 6048/12851/22
f 6049/12852/32 6050/12854/32 6045/12843/32 6044/12842/32
f 6046/12846/24 6050/12855/24 6049/12853/24
f 6050/12856/25 6046/12847/25 6041/12837/25 6045/12844/25
f 6057/12873/5 6051/12857/5 6053/12861/5 6055/12867/5
f 6052/12859/9 6058/12875/9 6056/12870/9 6054/12864/9
f 6060/12878/1 6052/12860/1 6054/12865/1 6061/12879/1
f 6061/12879/1 6053/12862/1 6051/12858/1 6060/12878/1
f 6061/12880/26 6054/12866/26 6056/12871/26 6062/12882/26
f 6062/12882/27 6055/12868/27 6053/12863/27 6061/12880/27
f 6059/12877/6 6057/12874/6 6055/12869/6 6062/12883/6
f 6062/12883/6 6056/12872/6 6058/12876/6 6059/12877/6
f 6061/12881/9 6062/12884/9 6064/12886/9 6063/12885/9
f 6070/12896/18 6071/12899/18 6066/12889/18 6065/12887/18
f 6071/12899/28 6072/12901/28 6067/12890/28 6066/12889/28
f 6070/12897/29 6072/12902/29 6071/12900/29
f 6072/12902/21 6073/12904/21 6068/12892/21 6067/12891/21
f 6070/12897/22 6073/12904/22 6072/12902/22
f 6073/12903/23 6074/12905/23 6069/12894/23 6068/12893/23
f 6070/12897/24 6074/12906/24 6073/12904/24
f 6074/12907/25 6070/12898/25 6065/12888/25 6069/12895/25
f 6081/12924/5 6075/12908/5 6077/12912/5 6079/12918/5
f 6076/12910/9 6082/12926/9 6080/12921/9 6078/12915/9
f 6084/12929/1 6076/12911/1 6078/12916/1 6085/12930/1
f 6085/12930/1 6077/12913/1 6075/12909/1 6084/12929/1
f 6085/12931/26 6078/12917/26 6080/12922/26 6086/12933/26
f 6086/12933/27 6079/12919/27 6077/12914/27 6085/12931/27
f 6083/12928/6 6081/12925/6 6079/12920/6 6086/12934/6
f 6086/12934/6 6080/12923/6 6082/12927/6 6083/12928/6
f 6085/12932/9 6086/12935/9 6088/12937/9 6087/12936/9
f 6094/12947/18 6095/12950/18 6090/12940/18 6089/12938/18
f 6095/12950/28 6096/12952/28 6091/12941/28 6090/12940/28
f 6094/12948/29 6096/12953/29 6095/12951/29
f 6096/12953/21 6097/12955/21 6092/12943/21 6091/12942/21
f 6094/12948/22 6097/12955/22 6096/12953/22
f 6097/12954/23 6098/12956/23 6093/12945/23 6092/12944/23
f 6094/12948/24 6098/12957/24 6097/12955/24
f 6098/12958/25 6094/12949/25 6089/12939/25 6093/12946/25
f 6105/12975/5 6099/12959/5 6101/12963/5 6103/12969/5
f 6100/12961/9 6106/12977/9 6104/12972/9 6102/12966/9
f 6108/12980/1 6100/12962/1 6102/12967/1 6109/12981/1
f 6109/12981/1 6101/12964/1 6099/12960/1 6108/12980/1
f 6109/12982/26 6102/12968/26 6104/12973/26 6110/12984/26
f 6110/12984/27 6103/12970/27 6101/12965/27 6109/12982/27
f 6107/12979/6 6105/12976/6 6103/12971/6 6110/12985/6
f 6110/12985/6 6104/12974/6 6106/12978/6 6107/12979/6
f 6109/12983/9 6110/12986/9 6112/12988/9 6111/12987/9
f 6118/12998/18 6119/13001/18 6114/12991/18 6113/12989/18
f 6119/13001/28 6120/13003/28 6115/12992/28 6114/12991/28
f 6118/12999/29 6120/13004/29 6119/13002/29
f 6120/13004/21 6121/13006/21 6116/12994/21 6115/12993/21
f 6118/12999/22 6121/13006/22 6120/13004/22
f 6121/13005/23 6122/13007/23 6117/12996/23 6116/12995/23
f 6118/12999/24 6122/13008/24 6121/13006/24
f 6122/13009/25 6118/13000/25 6113/12990/25 6117/12997/25
f 6129/13026/5 6123/13010/5 6125/13014/5 6127/13020/5
f 6124/13012/9 6130/13028/9 6128/13023/9 6126/13017/9
f 6132/13031/1 6124/13013/1 6126/13018/1 6133/13032/1
f 6133/13032/1 6125/13015/1 6123/13011/1 6132/13031/1
f 6133/13033/26 6126/13019/26 6128/13024/26 6134/13035/26
f 6134/13035/27 6127/13021/27 6125/13016/27 6133/13033/27
f 6131/13030/6 6129/13027/6 6127/13022/6 6134/13036/6
f 6134/13036/6 6128/13025/6 6130/13029/6 6131/13030/6
f 6133/13034/9 6134/13037/9 6136/13039/9 6135/13038/9
f 6142/13049/18 6143/13052/18 6138/13042/18 6137/13040/18
f 6143/13052/28 6144/13054/28 6139/13043/28 6138/13042/28
f 6142/13050/29 6144/13055/29 6143/13053/29
f 6144/13055/21 6145/13057/21 6140/13045/21 6139/13044/21
f 6142/13050/22 6145/13057/22 6144/13055/22
f 6145/13056/23 6146/13058/23 6141/13047/23 6140/13046/23
f 6142/13050/24 6146/13059/24 6145/13057/24
f 6146/13060/25 6142/13051/25 6137/13041/25 6141/13048/25
f 6153/13077/5 6147/13061/5 6149/13065/5 6151/13071/5
f 6148/13063/9 6154/13079/9 6152/13074/9 6150/13068/9
f 6156/13082/1 6148/13064/1 6150/13069/1 6157/13083/1
f 6157/13083/1 6149/13066/1 6147/13062/1 6156/13082/1
f 6157/13084/26 6150/13070/26 6152/13075/26 6158/13086/26
f 6158/13086/27 6151/13072/27 6149/13067/27 6157/13084/27
f 6155/13081/6 6153/13078/6 6151/13073/6 6158/13087/6
f 6158/13087/6 6152/13076/6 6154/13080/6 6155/13081/6
f 6157/13085/9 6158/13088/9 6160/13090/9 6159/13089/9
f 6166/13100/18 6167/13103/18 6162/13093/18 6161/13091/18
f 6167/13103/28 6168/13105/28 6163/13094/28 6162/13093/28
f 6166/13101/29 6168/13106/29 6167/13104/29
f 6168/13106/21 6169/13108/21 6164/13096/21 6163/13095/21
f 6166/13101/22 6169/13108/22 6168/13106/22
f 6169/13107/30 6170/13109/30 6165/13098/30 6164/13097/30
f 6166/13101/24 6170/13110/24 6169/13108/24
f 6170/13111/25 6166/13102/25 6161/13092/25 6165/13099/25
f 6177/13128/5 6171/13112/5 6173/13116/5 6175/13122/5
f 6172/13114/9 6178/13130/9 6176/13125/9 6174/13119/9
f 6180/13133/1 6172/13115/1 6174/13120/1 6181/13134/1
f 6181/13134/1 6173/13117/1 6171/13113/1 6180/13133/1
f 6181/13135/26 6174/13121/26 6176/13126/26 6182/13137/26
f 6182/13137/27 6175/13123/27 6173/13118/27 6181/13135/27
f 6179/13132/6 6177/13129/6 6175/13124/6 6182/13138/6
f 6182/13138/6 6176/13127/6 6178/13131/6 6179/13132/6
f 6181/13136/9 6182/13139/9 6184/13141/9 6183/13140/9
f 6190/13151/18 6191/13154/18 6186/13144/18 6185/13142/18
f 6191/13154/28 6192/13156/28 6187/13145/28 6186/13144/28
f 6190/13152/29 6192/13157/29 6191/13155/29
f 6192/13157/21 6193/13159/21 6188/13147/21 6187/13146/21
f 6190/13152/22 6193/13159/22 6192/13157/22
f 6193/13158/30 6194/13160/30 6189/13149/30 6188/13148/30
f 6190/13152/24 6194/13161/24 6193/13159/24
f 6194/13162/25 6190/13153/25 6185/13143/25 6189/13150/25
f 6201/13179/5 6195/13163/5 6197/13167/5 6199/13173/5
f 6196/13165/9 6202/13181/9 6200/13176/9 6198/13170/9
f 6204/13184/1 6196/13166/1 6198/13171/1 6205/13185/1
f 6205/13185/1 6197/13168/1 6195/13164/1 6204/13184/1
f 6205/13186/26 6198/13172/26 6200/13177/26 6206/13188/26
f 6206/13188/27 6199/13174/27 6197/13169/27 6205/13186/27
f 6203/13183/6 6201/13180/6 6199/13175/6 6206/13189/6
f 6206/13189/6 6200/13178/6 6202/13182/6 6203/13183/6
f 6205/13187/9 6206/13190/9 6208/13192/9 6207/13191/9
f 57/118/1 58/121/1 6211/13197/1 6209/13193/1
f 53/108/1 54/111/1 6215/13203/1 6213/13199/1
f 49/98/1 50/101/1 6219/13209/1 6217/13205/1
f 61/128/34 62/131/34 6223/13215/34 6221/13211/34
