# Blender 3.3.21
# www.blender.org
mtllib EstanteRollo.mtl
o EstanteRollos
v -5.163600 2.110899 7.498600
v -3.162900 2.110899 7.498600
v -5.163600 2.110899 5.508801
v -3.162900 2.110899 5.508801
v -3.370400 0.279299 7.385600
v -3.266100 0.279299 7.385600
v -3.370400 2.110799 7.385601
v -3.266100 2.110799 7.385601
v -3.370400 2.110799 7.270000
v -3.266100 2.110799 7.270000
v -3.370400 0.279299 7.270000
v -3.266100 0.279299 7.270000
v -5.033700 0.279299 7.385600
v -4.929400 0.279299 7.385600
v -5.033700 2.110799 7.385601
v -4.929400 2.110799 7.385601
v -5.033700 2.110799 7.270000
v -4.929400 2.110799 7.270000
v -5.033700 0.279299 7.270000
v -4.929400 0.279299 7.270000
v -3.370400 0.279299 5.723100
v -3.266100 0.279299 5.723100
v -3.370400 2.110799 5.723101
v -3.266100 2.110799 5.723101
v -3.370400 2.110799 5.607501
v -3.266100 2.110799 5.607501
v -3.370400 0.279299 5.607500
v -3.266100 0.279299 5.607500
v -5.033700 0.279299 5.723100
v -4.929400 0.279299 5.723100
v -5.033700 2.110799 5.723101
v -4.929400 2.110799 5.723101
v -5.033700 2.110799 5.607501
v -4.929400 2.110799 5.607501
v -5.033700 0.279299 5.607500
v -4.929400 0.279299 5.607500
v -5.163600 1.209699 7.498600
v -3.162900 1.209699 7.498600
v -5.163600 1.209699 5.508800
v -3.162900 1.209699 5.508800
v -5.163600 0.279299 7.498600
v -3.162900 0.279299 7.498600
v -5.163600 0.279299 5.508800
v -3.162900 0.279299 5.508800
v -5.163600 2.110899 5.382101
v -3.162900 2.110899 5.382101
v -5.163600 2.110899 3.392300
v -3.162900 2.110899 3.392300
v -5.163600 1.209699 5.382100
v -3.162900 1.209699 5.382100
v -5.163600 1.209699 3.392300
v -3.162900 1.209699 3.392300
v -5.163600 0.279299 5.382100
v -3.162900 0.279299 5.382100
v -5.163600 0.279299 3.392300
v -3.162900 0.279299 3.392300
v -5.033700 0.279299 5.269100
v -4.929400 0.279299 5.269100
v -5.033700 2.110799 5.269101
v -4.929400 2.110799 5.269101
v -5.033700 2.110799 5.153501
v -4.929400 2.110799 5.153501
v -5.033700 0.279299 5.153500
v -4.929400 0.279299 5.153500
v -3.370400 0.279299 5.269100
v -3.266100 0.279299 5.269100
v -3.370400 2.110799 5.269101
v -3.266100 2.110799 5.269101
v -3.370400 2.110799 5.153501
v -3.266100 2.110799 5.153501
v -3.370400 0.279299 5.153500
v -3.266100 0.279299 5.153500
v -5.033700 0.279299 3.606600
v -4.929400 0.279299 3.606600
v -5.033700 2.110800 3.606600
v -4.929400 2.110800 3.606600
v -5.033700 2.110800 3.491000
v -4.929400 2.110800 3.491000
v -5.033700 0.279299 3.491000
v -4.929400 0.279299 3.491000
v -3.370400 0.279299 3.606600
v -3.266100 0.279299 3.606600
v -3.370400 2.110800 3.606600
v -3.266100 2.110800 3.606600
v -3.370400 2.110800 3.491000
v -3.266100 2.110800 3.491000
v -3.370400 0.279299 3.491000
v -3.266100 0.279299 3.491000
v -5.163600 2.110898 9.519000
v -3.162900 2.110898 9.519000
v -5.163600 2.110899 7.529201
v -3.162900 2.110899 7.529201
v -5.163600 1.209698 9.519000
v -3.162900 1.209698 9.519000
v -5.163600 1.209699 7.529200
v -3.162900 1.209699 7.529200
v -5.163600 0.279298 9.519000
v -3.162900 0.279298 9.519000
v -5.163600 0.279299 7.529200
v -3.162900 0.279299 7.529200
v -5.033700 0.279298 9.406000
v -4.929400 0.279298 9.406000
v -5.033700 2.110799 9.406000
v -4.929400 2.110799 9.406000
v -5.033700 2.110799 9.290400
v -4.929400 2.110799 9.290400
v -5.033700 0.279298 9.290400
v -4.929400 0.279298 9.290400
v -3.370400 0.279298 9.406000
v -3.266100 0.279298 9.406000
v -3.370400 2.110799 9.406000
v -3.266100 2.110799 9.406000
v -3.370400 2.110799 9.290400
v -3.266100 2.110799 9.290400
v -3.370400 0.279298 9.290400
v -3.266100 0.279298 9.290400
v -5.033700 0.279299 7.743500
v -4.929400 0.279299 7.743500
v -5.033700 2.110799 7.743501
v -4.929400 2.110799 7.743501
v -5.033700 2.110799 7.627901
v -4.929400 2.110799 7.627901
v -5.033700 0.279299 7.627900
v -4.929400 0.279299 7.627900
v -3.370400 0.279299 7.743500
v -3.266100 0.279299 7.743500
v -3.370400 2.110799 7.743501
v -3.266100 2.110799 7.743501
v -3.370400 2.110799 7.627901
v -3.266100 2.110799 7.627901
v -3.370400 0.279299 7.627900
v -3.266100 0.279299 7.627900
v -5.163600 2.110898 11.549800
v -3.162900 2.110898 11.549800
v -5.163600 2.110898 9.559999
v -3.162900 2.110898 9.559999
v -5.163600 1.209698 11.549800
v -3.162900 1.209698 11.549800
v -5.163600 1.209698 9.559999
v -3.162900 1.209698 9.559999
v -5.163600 0.279298 11.549800
v -3.162900 0.279298 11.549800
v -5.163600 0.279298 9.559999
v -3.162900 0.279298 9.559999
v -5.033700 0.279298 11.436800
v -4.929400 0.279298 11.436800
v -5.033700 2.110798 11.436800
v -4.929400 2.110798 11.436800
v -5.033700 2.110798 11.321200
v -4.929400 2.110798 11.321200
v -5.033700 0.279298 11.321200
v -4.929400 0.279298 11.321200
v -3.370400 0.279298 11.436800
v -3.266100 0.279298 11.436800
v -3.370400 2.110798 11.436800
v -3.266100 2.110798 11.436800
v -3.370400 2.110798 11.321200
v -3.266100 2.110798 11.321200
v -3.370400 0.279298 11.321200
v -3.266100 0.279298 11.321200
v -5.033700 0.279298 9.774300
v -4.929400 0.279298 9.774300
v -5.033700 2.110798 9.774300
v -4.929400 2.110798 9.774300
v -5.033700 2.110798 9.658700
v -4.929400 2.110798 9.658700
v -5.033700 0.279298 9.658700
v -4.929400 0.279298 9.658700
v -3.370400 0.279298 9.774300
v -3.266100 0.279298 9.774300
v -3.370400 2.110798 9.774300
v -3.266100 2.110798 9.774300
v -3.370400 2.110798 9.658700
v -3.266100 2.110798 9.658700
v -3.370400 0.279298 9.658700
v -3.266100 0.279298 9.658700
v -5.163600 2.110898 13.594100
v -3.162900 2.110898 13.594100
v -5.163600 2.110898 11.604300
v -3.162900 2.110898 11.604300
v -5.163600 1.209698 13.594100
v -3.162900 1.209698 13.594100
v -5.163600 1.209698 11.604300
v -3.162900 1.209698 11.604300
v -5.163600 0.279298 13.594100
v -3.162900 0.279298 13.594100
v -5.163600 0.279298 11.604300
v -3.162900 0.279298 11.604300
v -5.033700 0.279298 13.481100
v -4.929400 0.279298 13.481100
v -5.033700 2.110798 13.481100
v -4.929400 2.110798 13.481100
v -5.033700 2.110798 13.365500
v -4.929400 2.110798 13.365500
v -5.033700 0.279298 13.365500
v -4.929400 0.279298 13.365500
v -3.370400 0.279298 13.481100
v -3.266100 0.279298 13.481100
v -3.370400 2.110798 13.481100
v -3.266100 2.110798 13.481100
v -3.370400 2.110798 13.365500
v -3.266100 2.110798 13.365500
v -3.370400 0.279298 13.365500
v -3.266100 0.279298 13.365500
v -5.033700 0.279298 11.818600
v -4.929400 0.279298 11.818600
v -5.033700 2.110798 11.818600
v -4.929400 2.110798 11.818600
v -5.033700 2.110798 11.703000
v -4.929400 2.110798 11.703000
v -5.033700 0.279298 11.703000
v -4.929400 0.279298 11.703000
v -3.370400 0.279298 11.818600
v -3.266100 0.279298 11.818600
v -3.370400 2.110798 11.818600
v -3.266100 2.110798 11.818600
v -3.370400 2.110798 11.703000
v -3.266100 2.110798 11.703000
v -3.370400 0.279298 11.703000
v -3.266100 0.279298 11.703000
v -4.746000 2.110799 3.790700
v -4.783800 2.110799 3.869200
v -4.868800 2.110799 3.888600
v -4.936800 2.110799 3.834200
v -4.936800 2.110799 3.747200
v -4.868800 2.110799 3.692800
v -4.783800 2.110799 3.712200
v -4.746000 2.311599 3.790700
v -4.783800 2.311599 3.869200
v -4.868800 2.311599 3.888601
v -4.936800 2.311599 3.834200
v -4.936800 2.311599 3.747200
v -4.868800 2.311599 3.692801
v -4.783800 2.311599 3.712200
v -4.879900 2.311599 3.773100
v -4.879900 2.311599 3.808300
v -4.852500 2.311599 3.830200
v -4.818200 2.311599 3.822401
v -4.802900 2.311599 3.790700
v -4.818200 2.311599 3.759001
v -4.852500 2.311599 3.751200
v -4.879900 2.114199 3.773100
v -4.879900 2.114199 3.808300
v -4.852500 2.114199 3.830200
v -4.818200 2.114199 3.822400
v -4.802900 2.114199 3.790700
v -4.818200 2.114199 3.759000
v -4.852500 2.114199 3.751200
v -4.064400 2.110799 3.790700
v -4.102200 2.110799 3.869200
v -4.187200 2.110799 3.888600
v -4.255200 2.110799 3.834200
v -4.255200 2.110799 3.747200
v -4.187200 2.110799 3.692800
v -4.102200 2.110799 3.712200
v -4.064400 2.311599 3.790700
v -4.102200 2.311599 3.869200
v -4.187200 2.311599 3.888601
v -4.255200 2.311599 3.834200
v -4.255200 2.311599 3.747200
v -4.187200 2.311599 3.692801
v -4.102200 2.311599 3.712200
v -4.198300 2.311599 3.773100
v -4.198300 2.311599 3.808300
v -4.170900 2.311599 3.830200
v -4.136600 2.311599 3.822401
v -4.121300 2.311599 3.790700
v -4.136600 2.311599 3.759001
v -4.170900 2.311599 3.751200
v -4.198300 2.114199 3.773100
v -4.198300 2.114199 3.808300
v -4.170900 2.114199 3.830200
v -4.136600 2.114199 3.822400
v -4.121300 2.114199 3.790700
v -4.136600 2.114199 3.759000
v -4.170900 2.114199 3.751200
v -3.385300 2.110799 3.790700
v -3.423100 2.110799 3.869200
v -3.508100 2.110799 3.888600
v -3.576100 2.110799 3.834200
v -3.576100 2.110799 3.747200
v -3.508100 2.110799 3.692800
v -3.423100 2.110799 3.712200
v -3.385300 2.311599 3.790700
v -3.423100 2.311599 3.869200
v -3.508100 2.311599 3.888601
v -3.576100 2.311599 3.834200
v -3.576100 2.311599 3.747200
v -3.508100 2.311599 3.692801
v -3.423100 2.311599 3.712200
v -3.519200 2.311599 3.773100
v -3.519200 2.311599 3.808300
v -3.491800 2.311599 3.830200
v -3.457500 2.311599 3.822401
v -3.442200 2.311599 3.790700
v -3.457500 2.311599 3.759001
v -3.491800 2.311599 3.751200
v -3.519200 2.114199 3.773100
v -3.519200 2.114199 3.808300
v -3.491800 2.114199 3.830200
v -3.457500 2.114199 3.822400
v -3.442200 2.114199 3.790700
v -3.457500 2.114199 3.759000
v -3.491800 2.114199 3.751200
v -3.405400 1.210499 3.790700
v -3.443200 1.210499 3.869200
v -3.528100 1.210499 3.888600
v -3.596200 1.210499 3.834200
v -3.596200 1.210499 3.747200
v -3.528100 1.210499 3.692800
v -3.443200 1.210499 3.712200
v -3.405400 1.411299 3.790700
v -3.443200 1.411299 3.869200
v -3.528100 1.411299 3.888600
v -3.596200 1.411299 3.834200
v -3.596200 1.411299 3.747200
v -3.528100 1.411299 3.692800
v -3.443200 1.411299 3.712200
v -3.539300 1.411299 3.773100
v -3.539300 1.411299 3.808300
v -3.511900 1.411299 3.830200
v -3.477600 1.411299 3.822400
v -3.462300 1.411299 3.790700
v -3.477600 1.411299 3.759000
v -3.511900 1.411299 3.751200
v -3.539300 1.213899 3.773100
v -3.539300 1.213899 3.808300
v -3.511900 1.213899 3.830200
v -3.477600 1.213899 3.822400
v -3.462300 1.213899 3.790700
v -3.477600 1.213899 3.759000
v -3.511900 1.213899 3.751200
v -4.744700 1.210499 3.790700
v -4.782500 1.210499 3.869200
v -4.867400 1.210499 3.888600
v -4.935500 1.210499 3.834200
v -4.935500 1.210499 3.747200
v -4.867400 1.210499 3.692800
v -4.782500 1.210499 3.712200
v -4.744700 1.411299 3.790700
v -4.782500 1.411299 3.869200
v -4.867400 1.411299 3.888600
v -4.935500 1.411299 3.834200
v -4.935500 1.411299 3.747200
v -4.867400 1.411299 3.692800
v -4.782500 1.411299 3.712200
v -4.878600 1.411299 3.773100
v -4.878600 1.411299 3.808300
v -4.851200 1.411299 3.830200
v -4.816900 1.411299 3.822400
v -4.801600 1.411299 3.790700
v -4.816900 1.411299 3.759000
v -4.851200 1.411299 3.751200
v -4.878600 1.213899 3.773100
v -4.878600 1.213899 3.808300
v -4.851200 1.213899 3.830200
v -4.816900 1.213899 3.822400
v -4.801600 1.213899 3.790700
v -4.816900 1.213899 3.759000
v -4.851200 1.213899 3.751200
v -4.744700 0.278499 3.790700
v -4.782500 0.278499 3.869200
v -4.867400 0.278499 3.888600
v -4.935500 0.278499 3.834200
v -4.935500 0.278499 3.747200
v -4.867400 0.278499 3.692800
v -4.782500 0.278499 3.712200
v -4.744700 0.479299 3.790700
v -4.782500 0.479299 3.869200
v -4.867400 0.479299 3.888600
v -4.935500 0.479299 3.834200
v -4.935500 0.479299 3.747200
v -4.867400 0.479299 3.692800
v -4.782500 0.479299 3.712200
v -4.878600 0.479299 3.773100
v -4.878600 0.479299 3.808300
v -4.851200 0.479299 3.830200
v -4.816900 0.479299 3.822400
v -4.801600 0.479299 3.790700
v -4.816900 0.479299 3.759000
v -4.851200 0.479299 3.751200
v -4.878600 0.281899 3.773100
v -4.878600 0.281899 3.808300
v -4.851200 0.281899 3.830200
v -4.816900 0.281899 3.822400
v -4.801600 0.281899 3.790700
v -4.816900 0.281899 3.759000
v -4.851200 0.281899 3.751200
v -3.407000 0.278499 3.790700
v -3.444800 0.278499 3.869200
v -3.529700 0.278499 3.888600
v -3.597800 0.278499 3.834200
v -3.597800 0.278499 3.747200
v -3.529700 0.278499 3.692800
v -3.444800 0.278499 3.712200
v -3.407000 0.479299 3.790700
v -3.444800 0.479299 3.869200
v -3.529700 0.479299 3.888600
v -3.597800 0.479299 3.834200
v -3.597800 0.479299 3.747200
v -3.529700 0.479299 3.692800
v -3.444800 0.479299 3.712200
v -3.540900 0.479299 3.773100
v -3.540900 0.479299 3.808300
v -3.513500 0.479299 3.830200
v -3.479200 0.479299 3.822400
v -3.463900 0.479299 3.790700
v -3.479200 0.479299 3.759000
v -3.513500 0.479299 3.751200
v -3.540900 0.281899 3.773100
v -3.540900 0.281899 3.808300
v -3.513500 0.281899 3.830200
v -3.479200 0.281899 3.822400
v -3.463900 0.281899 3.790700
v -3.479200 0.281899 3.759000
v -3.513500 0.281899 3.751200
v -3.385300 2.110799 4.941300
v -3.423100 2.110799 5.019801
v -3.508100 2.110799 5.039200
v -3.576100 2.110799 4.984800
v -3.576100 2.110799 4.897800
v -3.508100 2.110799 4.843400
v -3.423100 2.110799 4.862801
v -3.385300 2.311599 4.941300
v -3.423100 2.311599 5.019801
v -3.508100 2.311599 5.039200
v -3.576100 2.311599 4.984800
v -3.576100 2.311599 4.897800
v -3.508100 2.311599 4.843400
v -3.423100 2.311599 4.862801
v -3.519200 2.311599 4.923700
v -3.519200 2.311599 4.958900
v -3.491800 2.311599 4.980801
v -3.457500 2.311599 4.973001
v -3.442200 2.311599 4.941300
v -3.457500 2.311599 4.909600
v -3.491800 2.311599 4.901801
v -3.519200 2.114199 4.923700
v -3.519200 2.114199 4.958900
v -3.491800 2.114199 4.980801
v -3.457500 2.114199 4.973001
v -3.442200 2.114199 4.941300
v -3.457500 2.114199 4.909600
v -3.491800 2.114199 4.901801
v -4.064400 2.110799 4.941300
v -4.102200 2.110799 5.019801
v -4.187200 2.110799 5.039200
v -4.255200 2.110799 4.984800
v -4.255200 2.110799 4.897800
v -4.187200 2.110799 4.843400
v -4.102200 2.110799 4.862801
v -4.064400 2.311599 4.941300
v -4.102200 2.311599 5.019801
v -4.187200 2.311599 5.039200
v -4.255200 2.311599 4.984800
v -4.255200 2.311599 4.897800
v -4.187200 2.311599 4.843400
v -4.102200 2.311599 4.862801
v -4.198300 2.311599 4.923700
v -4.198300 2.311599 4.958900
v -4.170900 2.311599 4.980801
v -4.136600 2.311599 4.973001
v -4.121300 2.311599 4.941300
v -4.136600 2.311599 4.909600
v -4.170900 2.311599 4.901801
v -4.198300 2.114199 4.923700
v -4.198300 2.114199 4.958900
v -4.170900 2.114199 4.980801
v -4.136600 2.114199 4.973001
v -4.121300 2.114199 4.941300
v -4.136600 2.114199 4.909600
v -4.170900 2.114199 4.901801
v -4.746000 2.110799 4.941300
v -4.783800 2.110799 5.019801
v -4.868800 2.110799 5.039200
v -4.936800 2.110799 4.984800
v -4.936800 2.110799 4.897800
v -4.868800 2.110799 4.843400
v -4.783800 2.110799 4.862801
v -4.746000 2.311599 4.941300
v -4.783800 2.311599 5.019801
v -4.868800 2.311599 5.039200
v -4.936800 2.311599 4.984800
v -4.936800 2.311599 4.897800
v -4.868800 2.311599 4.843400
v -4.783800 2.311599 4.862801
v -4.879900 2.311599 4.923700
v -4.879900 2.311599 4.958900
v -4.852500 2.311599 4.980801
v -4.818200 2.311599 4.973001
v -4.802900 2.311599 4.941300
v -4.818200 2.311599 4.909600
v -4.852500 2.311599 4.901801
v -4.879900 2.114199 4.923700
v -4.879900 2.114199 4.958900
v -4.852500 2.114199 4.980801
v -4.818200 2.114199 4.973001
v -4.802900 2.114199 4.941300
v -4.818200 2.114199 4.909600
v -4.852500 2.114199 4.901801
v -3.405400 1.210499 4.941300
v -3.443200 1.210499 5.019800
v -3.528100 1.210499 5.039200
v -3.596200 1.210499 4.984800
v -3.596200 1.210499 4.897800
v -3.528100 1.210499 4.843400
v -3.443200 1.210499 4.862800
v -3.405400 1.411299 4.941300
v -3.443200 1.411299 5.019800
v -3.528100 1.411299 5.039200
v -3.596200 1.411299 4.984800
v -3.596200 1.411299 4.897800
v -3.528100 1.411299 4.843400
v -3.443200 1.411299 4.862800
v -3.539300 1.411299 4.923700
v -3.539300 1.411299 4.958900
v -3.511900 1.411299 4.980800
v -3.477600 1.411299 4.973000
v -3.462300 1.411299 4.941300
v -3.477600 1.411299 4.909600
v -3.511900 1.411299 4.901800
v -3.539300 1.213899 4.923700
v -3.539300 1.213899 4.958900
v -3.511900 1.213899 4.980800
v -3.477600 1.213899 4.973000
v -3.462300 1.213899 4.941300
v -3.477600 1.213899 4.909600
v -3.511900 1.213899 4.901800
v -4.744700 1.210499 4.941300
v -4.782500 1.210499 5.019800
v -4.867400 1.210499 5.039200
v -4.935500 1.210499 4.984800
v -4.935500 1.210499 4.897800
v -4.867400 1.210499 4.843400
v -4.782500 1.210499 4.862800
v -4.744700 1.411299 4.941300
v -4.782500 1.411299 5.019800
v -4.867400 1.411299 5.039200
v -4.935500 1.411299 4.984800
v -4.935500 1.411299 4.897800
v -4.867400 1.411299 4.843400
v -4.782500 1.411299 4.862800
v -4.878600 1.411299 4.923700
v -4.878600 1.411299 4.958900
v -4.851200 1.411299 4.980800
v -4.816900 1.411299 4.973000
v -4.801600 1.411299 4.941300
v -4.816900 1.411299 4.909600
v -4.851200 1.411299 4.901800
v -4.878600 1.213899 4.923700
v -4.878600 1.213899 4.958900
v -4.851200 1.213899 4.980800
v -4.816900 1.213899 4.973000
v -4.801600 1.213899 4.941300
v -4.816900 1.213899 4.909600
v -4.851200 1.213899 4.901800
v -3.407000 0.278499 4.941300
v -3.444800 0.278499 5.019800
v -3.529700 0.278499 5.039200
v -3.597800 0.278499 4.984800
v -3.597800 0.278499 4.897800
v -3.529700 0.278499 4.843400
v -3.444800 0.278499 4.862800
v -3.407000 0.479299 4.941300
v -3.444800 0.479299 5.019800
v -3.529700 0.479299 5.039200
v -3.597800 0.479299 4.984800
v -3.597800 0.479299 4.897800
v -3.529700 0.479299 4.843400
v -3.444800 0.479299 4.862800
v -3.540900 0.479299 4.923700
v -3.540900 0.479299 4.958900
v -3.513500 0.479299 4.980800
v -3.479200 0.479299 4.973000
v -3.463900 0.479299 4.941300
v -3.479200 0.479299 4.909600
v -3.513500 0.479299 4.901800
v -3.540900 0.281899 4.923700
v -3.540900 0.281899 4.958900
v -3.513500 0.281899 4.980800
v -3.479200 0.281899 4.973000
v -3.463900 0.281899 4.941300
v -3.479200 0.281899 4.909600
v -3.513500 0.281899 4.901800
v -4.744700 0.278499 4.941300
v -4.782500 0.278499 5.019800
v -4.867400 0.278499 5.039200
v -4.935500 0.278499 4.984800
v -4.935500 0.278499 4.897800
v -4.867400 0.278499 4.843400
v -4.782500 0.278499 4.862800
v -4.744700 0.479299 4.941300
v -4.782500 0.479299 5.019800
v -4.867400 0.479299 5.039200
v -4.935500 0.479299 4.984800
v -4.935500 0.479299 4.897800
v -4.867400 0.479299 4.843400
v -4.782500 0.479299 4.862800
v -4.878600 0.479299 4.923700
v -4.878600 0.479299 4.958900
v -4.851200 0.479299 4.980800
v -4.816900 0.479299 4.973000
v -4.801600 0.479299 4.941300
v -4.816900 0.479299 4.909600
v -4.851200 0.479299 4.901800
v -4.878600 0.281899 4.923700
v -4.878600 0.281899 4.958900
v -4.851200 0.281899 4.980800
v -4.816900 0.281899 4.973000
v -4.801600 0.281899 4.941300
v -4.816900 0.281899 4.909600
v -4.851200 0.281899 4.901800
v -3.385300 2.110799 4.395200
v -3.423100 2.110799 4.473701
v -3.508100 2.110799 4.493101
v -3.576100 2.110799 4.438800
v -3.576100 2.110799 4.351700
v -3.508100 2.110799 4.297400
v -3.423100 2.110799 4.316700
v -3.385300 2.311599 4.395200
v -3.423100 2.311599 4.473701
v -3.508100 2.311599 4.493101
v -3.576100 2.311599 4.438800
v -3.576100 2.311599 4.351700
v -3.508100 2.311599 4.297400
v -3.423100 2.311599 4.316700
v -3.519200 2.311599 4.377601
v -3.519200 2.311599 4.412800
v -3.491800 2.311599 4.434700
v -3.457500 2.311599 4.426900
v -3.442200 2.311599 4.395200
v -3.457500 2.311599 4.363501
v -3.491800 2.311599 4.355700
v -3.519200 2.114199 4.377601
v -3.519200 2.114199 4.412800
v -3.491800 2.114199 4.434700
v -3.457500 2.114199 4.426900
v -3.442200 2.114199 4.395200
v -3.457500 2.114199 4.363501
v -3.491800 2.114199 4.355700
v -4.064400 2.110799 4.395200
v -4.102200 2.110799 4.473701
v -4.187200 2.110799 4.493101
v -4.255200 2.110799 4.438800
v -4.255200 2.110799 4.351700
v -4.187200 2.110799 4.297400
v -4.102200 2.110799 4.316700
v -4.064400 2.311599 4.395200
v -4.102200 2.311599 4.473701
v -4.187200 2.311599 4.493101
v -4.255200 2.311599 4.438800
v -4.255200 2.311599 4.351700
v -4.187200 2.311599 4.297400
v -4.102200 2.311599 4.316700
v -4.198300 2.311599 4.377601
v -4.198300 2.311599 4.412800
v -4.170900 2.311599 4.434700
v -4.136600 2.311599 4.426900
v -4.121300 2.311599 4.395200
v -4.136600 2.311599 4.363501
v -4.170900 2.311599 4.355700
v -4.198300 2.114199 4.377601
v -4.198300 2.114199 4.412800
v -4.170900 2.114199 4.434700
v -4.136600 2.114199 4.426900
v -4.121300 2.114199 4.395200
v -4.136600 2.114199 4.363501
v -4.170900 2.114199 4.355700
v -4.746000 2.110799 4.395200
v -4.783800 2.110799 4.473701
v -4.868800 2.110799 4.493101
v -4.936800 2.110799 4.438800
v -4.936800 2.110799 4.351700
v -4.868800 2.110799 4.297400
v -4.783800 2.110799 4.316700
v -4.746000 2.311599 4.395200
v -4.783800 2.311599 4.473701
v -4.868800 2.311599 4.493101
v -4.936800 2.311599 4.438800
v -4.936800 2.311599 4.351700
v -4.868800 2.311599 4.297400
v -4.783800 2.311599 4.316700
v -4.879900 2.311599 4.377601
v -4.879900 2.311599 4.412800
v -4.852500 2.311599 4.434700
v -4.818200 2.311599 4.426900
v -4.802900 2.311599 4.395200
v -4.818200 2.311599 4.363501
v -4.852500 2.311599 4.355700
v -4.879900 2.114199 4.377601
v -4.879900 2.114199 4.412800
v -4.852500 2.114199 4.434700
v -4.818200 2.114199 4.426900
v -4.802900 2.114199 4.395200
v -4.818200 2.114199 4.363501
v -4.852500 2.114199 4.355700
v -3.405400 1.210499 4.395200
v -3.443200 1.210499 4.473700
v -3.528100 1.210499 4.493100
v -3.596200 1.210499 4.438800
v -3.596200 1.210499 4.351700
v -3.528100 1.210499 4.297400
v -3.443200 1.210499 4.316700
v -3.405400 1.411299 4.395200
v -3.443200 1.411299 4.473700
v -3.528100 1.411299 4.493100
v -3.596200 1.411299 4.438800
v -3.596200 1.411299 4.351700
v -3.528100 1.411299 4.297400
v -3.443200 1.411299 4.316700
v -3.539300 1.411299 4.377600
v -3.539300 1.411299 4.412800
v -3.511900 1.411299 4.434700
v -3.477600 1.411299 4.426900
v -3.462300 1.411299 4.395200
v -3.477600 1.411299 4.363500
v -3.511900 1.411299 4.355700
v -3.539300 1.213899 4.377600
v -3.539300 1.213899 4.412800
v -3.511900 1.213899 4.434700
v -3.477600 1.213899 4.426900
v -3.462300 1.213899 4.395200
v -3.477600 1.213899 4.363500
v -3.511900 1.213899 4.355700
v -4.744700 1.210499 4.395200
v -4.782500 1.210499 4.473700
v -4.867400 1.210499 4.493100
v -4.935500 1.210499 4.438800
v -4.935500 1.210499 4.351700
v -4.867400 1.210499 4.297400
v -4.782500 1.210499 4.316700
v -4.744700 1.411299 4.395200
v -4.782500 1.411299 4.473700
v -4.867400 1.411299 4.493100
v -4.935500 1.411299 4.438800
v -4.935500 1.411299 4.351700
v -4.867400 1.411299 4.297400
v -4.782500 1.411299 4.316700
v -4.878600 1.411299 4.377600
v -4.878600 1.411299 4.412800
v -4.851200 1.411299 4.434700
v -4.816900 1.411299 4.426900
v -4.801600 1.411299 4.395200
v -4.816900 1.411299 4.363500
v -4.851200 1.411299 4.355700
v -4.878600 1.213899 4.377600
v -4.878600 1.213899 4.412800
v -4.851200 1.213899 4.434700
v -4.816900 1.213899 4.426900
v -4.801600 1.213899 4.395200
v -4.816900 1.213899 4.363500
v -4.851200 1.213899 4.355700
v -3.407000 0.278499 4.395200
v -3.444800 0.278499 4.473700
v -3.529700 0.278499 4.493100
v -3.597800 0.278499 4.438800
v -3.597800 0.278499 4.351700
v -3.529700 0.278499 4.297400
v -3.444800 0.278499 4.316700
v -3.407000 0.479299 4.395200
v -3.444800 0.479299 4.473700
v -3.529700 0.479299 4.493100
v -3.597800 0.479299 4.438800
v -3.597800 0.479299 4.351700
v -3.529700 0.479299 4.297400
v -3.444800 0.479299 4.316700
v -3.540900 0.479299 4.377600
v -3.540900 0.479299 4.412800
v -3.513500 0.479299 4.434700
v -3.479200 0.479299 4.426900
v -3.463900 0.479299 4.395200
v -3.479200 0.479299 4.363500
v -3.513500 0.479299 4.355700
v -3.540900 0.281899 4.377600
v -3.540900 0.281899 4.412800
v -3.513500 0.281899 4.434700
v -3.479200 0.281899 4.426900
v -3.463900 0.281899 4.395200
v -3.479200 0.281899 4.363500
v -3.513500 0.281899 4.355700
v -4.744700 0.278499 4.395200
v -4.782500 0.278499 4.473700
v -4.867400 0.278499 4.493100
v -4.935500 0.278499 4.438800
v -4.935500 0.278499 4.351700
v -4.867400 0.278499 4.297400
v -4.782500 0.278499 4.316700
v -4.744700 0.479299 4.395200
v -4.782500 0.479299 4.473700
v -4.867400 0.479299 4.493100
v -4.935500 0.479299 4.438800
v -4.935500 0.479299 4.351700
v -4.867400 0.479299 4.297400
v -4.782500 0.479299 4.316700
v -4.878600 0.479299 4.377600
v -4.878600 0.479299 4.412800
v -4.851200 0.479299 4.434700
v -4.816900 0.479299 4.426900
v -4.801600 0.479299 4.395200
v -4.816900 0.479299 4.363500
v -4.851200 0.479299 4.355700
v -4.878600 0.281899 4.377600
v -4.878600 0.281899 4.412800
v -4.851200 0.281899 4.434700
v -4.816900 0.281899 4.426900
v -4.801600 0.281899 4.395200
v -4.816900 0.281899 4.363500
v -4.851200 0.281899 4.355700
v -3.385300 2.110798 13.178100
v -3.423100 2.110798 13.256600
v -3.508100 2.110798 13.275900
v -3.576100 2.110798 13.221600
v -3.576100 2.110798 13.134500
v -3.508100 2.110798 13.080200
v -3.423100 2.110798 13.099600
v -3.385300 2.311598 13.178100
v -3.423100 2.311598 13.256600
v -3.508100 2.311598 13.275900
v -3.576100 2.311598 13.221600
v -3.576100 2.311598 13.134500
v -3.508100 2.311598 13.080200
v -3.423100 2.311598 13.099600
v -3.519200 2.311598 13.160500
v -3.519200 2.311598 13.195700
v -3.491800 2.311598 13.217600
v -3.457500 2.311598 13.209800
v -3.442200 2.311598 13.178100
v -3.457500 2.311598 13.146400
v -3.491800 2.311598 13.138600
v -3.519200 2.114198 13.160500
v -3.519200 2.114198 13.195700
v -3.491800 2.114198 13.217600
v -3.457500 2.114198 13.209800
v -3.442200 2.114198 13.178100
v -3.457500 2.114198 13.146400
v -3.491800 2.114198 13.138600
v -3.385300 2.110798 12.632000
v -3.423100 2.110798 12.710500
v -3.508100 2.110798 12.729900
v -3.576100 2.110798 12.675600
v -3.576100 2.110798 12.588500
v -3.508100 2.110798 12.534200
v -3.423100 2.110798 12.553500
v -3.385300 2.311598 12.632000
v -3.423100 2.311598 12.710500
v -3.508100 2.311598 12.729900
v -3.576100 2.311598 12.675600
v -3.576100 2.311598 12.588500
v -3.508100 2.311598 12.534200
v -3.423100 2.311598 12.553500
v -3.519200 2.311598 12.614400
v -3.519200 2.311598 12.649600
v -3.491800 2.311598 12.671500
v -3.457500 2.311598 12.663700
v -3.442200 2.311598 12.632000
v -3.457500 2.311598 12.600300
v -3.491800 2.311598 12.592500
v -3.519200 2.114198 12.614400
v -3.519200 2.114198 12.649600
v -3.491800 2.114198 12.671500
v -3.457500 2.114198 12.663700
v -3.442200 2.114198 12.632000
v -3.457500 2.114198 12.600300
v -3.491800 2.114198 12.592500
v -3.385300 2.110798 12.027500
v -3.423100 2.110798 12.106000
v -3.508100 2.110798 12.125400
v -3.576100 2.110798 12.071000
v -3.576100 2.110798 11.984000
v -3.508100 2.110798 11.929600
v -3.423100 2.110798 11.949000
v -3.385300 2.311598 12.027500
v -3.423100 2.311598 12.106000
v -3.508100 2.311598 12.125400
v -3.576100 2.311598 12.071000
v -3.576100 2.311598 11.984000
v -3.508100 2.311598 11.929600
v -3.423100 2.311598 11.949000
v -3.519200 2.311598 12.009900
v -3.519200 2.311598 12.045100
v -3.491800 2.311598 12.067000
v -3.457500 2.311598 12.059200
v -3.442200 2.311598 12.027500
v -3.457500 2.311598 11.995800
v -3.491800 2.311598 11.988000
v -3.519200 2.114198 12.009900
v -3.519200 2.114198 12.045100
v -3.491800 2.114198 12.067000
v -3.457500 2.114198 12.059200
v -3.442200 2.114198 12.027500
v -3.457500 2.114198 11.995800
v -3.491800 2.114198 11.988000
v -4.064400 2.110798 12.027500
v -4.102200 2.110798 12.106000
v -4.187200 2.110798 12.125400
v -4.255200 2.110798 12.071000
v -4.255200 2.110798 11.984000
v -4.187200 2.110798 11.929600
v -4.102200 2.110798 11.949000
v -4.064400 2.311598 12.027500
v -4.102200 2.311598 12.106000
v -4.187200 2.311598 12.125400
v -4.255200 2.311598 12.071000
v -4.255200 2.311598 11.984000
v -4.187200 2.311598 11.929600
v -4.102200 2.311598 11.949000
v -4.198300 2.311598 12.009900
v -4.198300 2.311598 12.045100
v -4.170900 2.311598 12.067000
v -4.136600 2.311598 12.059200
v -4.121300 2.311598 12.027500
v -4.136600 2.311598 11.995800
v -4.170900 2.311598 11.988000
v -4.198300 2.114198 12.009900
v -4.198300 2.114198 12.045100
v -4.170900 2.114198 12.067000
v -4.136600 2.114198 12.059200
v -4.121300 2.114198 12.027500
v -4.136600 2.114198 11.995800
v -4.170900 2.114198 11.988000
v -4.064400 2.110798 12.632000
v -4.102200 2.110798 12.710500
v -4.187200 2.110798 12.729900
v -4.255200 2.110798 12.675600
v -4.255200 2.110798 12.588500
v -4.187200 2.110798 12.534200
v -4.102200 2.110798 12.553500
v -4.064400 2.311598 12.632000
v -4.102200 2.311598 12.710500
v -4.187200 2.311598 12.729900
v -4.255200 2.311598 12.675600
v -4.255200 2.311598 12.588500
v -4.187200 2.311598 12.534200
v -4.102200 2.311598 12.553500
v -4.198300 2.311598 12.614400
v -4.198300 2.311598 12.649600
v -4.170900 2.311598 12.671500
v -4.136600 2.311598 12.663700
v -4.121300 2.311598 12.632000
v -4.136600 2.311598 12.600300
v -4.170900 2.311598 12.592500
v -4.198300 2.114198 12.614400
v -4.198300 2.114198 12.649600
v -4.170900 2.114198 12.671500
v -4.136600 2.114198 12.663700
v -4.121300 2.114198 12.632000
v -4.136600 2.114198 12.600300
v -4.170900 2.114198 12.592500
v -4.064400 2.110798 13.178100
v -4.102200 2.110798 13.256600
v -4.187200 2.110798 13.275900
v -4.255200 2.110798 13.221600
v -4.255200 2.110798 13.134500
v -4.187200 2.110798 13.080200
v -4.102200 2.110798 13.099600
v -4.064400 2.311598 13.178100
v -4.102200 2.311598 13.256600
v -4.187200 2.311598 13.275900
v -4.255200 2.311598 13.221600
v -4.255200 2.311598 13.134500
v -4.187200 2.311598 13.080200
v -4.102200 2.311598 13.099600
v -4.198300 2.311598 13.160500
v -4.198300 2.311598 13.195700
v -4.170900 2.311598 13.217600
v -4.136600 2.311598 13.209800
v -4.121300 2.311598 13.178100
v -4.136600 2.311598 13.146400
v -4.170900 2.311598 13.138600
v -4.198300 2.114198 13.160500
v -4.198300 2.114198 13.195700
v -4.170900 2.114198 13.217600
v -4.136600 2.114198 13.209800
v -4.121300 2.114198 13.178100
v -4.136600 2.114198 13.146400
v -4.170900 2.114198 13.138600
v -4.746000 2.110798 13.178100
v -4.783800 2.110798 13.256600
v -4.868800 2.110798 13.275900
v -4.936800 2.110798 13.221600
v -4.936800 2.110798 13.134500
v -4.868800 2.110798 13.080200
v -4.783800 2.110798 13.099600
v -4.746000 2.311598 13.178100
v -4.783800 2.311598 13.256600
v -4.868800 2.311598 13.275900
v -4.936800 2.311598 13.221600
v -4.936800 2.311598 13.134500
v -4.868800 2.311598 13.080200
v -4.783800 2.311598 13.099600
v -4.879900 2.311598 13.160500
v -4.879900 2.311598 13.195700
v -4.852500 2.311598 13.217600
v -4.818200 2.311598 13.209800
v -4.802900 2.311598 13.178100
v -4.818200 2.311598 13.146400
v -4.852500 2.311598 13.138600
v -4.879900 2.114198 13.160500
v -4.879900 2.114198 13.195700
v -4.852500 2.114198 13.217600
v -4.818200 2.114198 13.209800
v -4.802900 2.114198 13.178100
v -4.818200 2.114198 13.146400
v -4.852500 2.114198 13.138600
v -4.746000 2.110798 12.632000
v -4.783800 2.110798 12.710500
v -4.868800 2.110798 12.729900
v -4.936800 2.110798 12.675600
v -4.936800 2.110798 12.588500
v -4.868800 2.110798 12.534200
v -4.783800 2.110798 12.553500
v -4.746000 2.311598 12.632000
v -4.783800 2.311598 12.710500
v -4.868800 2.311598 12.729900
v -4.936800 2.311598 12.675600
v -4.936800 2.311598 12.588500
v -4.868800 2.311598 12.534200
v -4.783800 2.311598 12.553500
v -4.879900 2.311598 12.614400
v -4.879900 2.311598 12.649600
v -4.852500 2.311598 12.671500
v -4.818200 2.311598 12.663700
v -4.802900 2.311598 12.632000
v -4.818200 2.311598 12.600300
v -4.852500 2.311598 12.592500
v -4.879900 2.114198 12.614400
v -4.879900 2.114198 12.649600
v -4.852500 2.114198 12.671500
v -4.818200 2.114198 12.663700
v -4.802900 2.114198 12.632000
v -4.818200 2.114198 12.600300
v -4.852500 2.114198 12.592500
v -4.746000 2.110798 12.027500
v -4.783800 2.110798 12.106000
v -4.868800 2.110798 12.125400
v -4.936800 2.110798 12.071000
v -4.936800 2.110798 11.984000
v -4.868800 2.110798 11.929600
v -4.783800 2.110798 11.949000
v -4.746000 2.311598 12.027500
v -4.783800 2.311598 12.106000
v -4.868800 2.311598 12.125400
v -4.936800 2.311598 12.071000
v -4.936800 2.311598 11.984000
v -4.868800 2.311598 11.929600
v -4.783800 2.311598 11.949000
v -4.879900 2.311598 12.009900
v -4.879900 2.311598 12.045100
v -4.852500 2.311598 12.067000
v -4.818200 2.311598 12.059200
v -4.802900 2.311598 12.027500
v -4.818200 2.311598 11.995800
v -4.852500 2.311598 11.988000
v -4.879900 2.114198 12.009900
v -4.879900 2.114198 12.045100
v -4.852500 2.114198 12.067000
v -4.818200 2.114198 12.059200
v -4.802900 2.114198 12.027500
v -4.818200 2.114198 11.995800
v -4.852500 2.114198 11.988000
v -3.385300 1.209998 13.178100
v -3.423100 1.209998 13.256600
v -3.508100 1.209998 13.275900
v -3.576100 1.209998 13.221600
v -3.576100 1.209998 13.134500
v -3.508100 1.209998 13.080200
v -3.423100 1.209998 13.099600
v -3.385300 1.410798 13.178100
v -3.423100 1.410798 13.256600
v -3.508100 1.410798 13.275900
v -3.576100 1.410798 13.221600
v -3.576100 1.410798 13.134500
v -3.508100 1.410798 13.080200
v -3.423100 1.410798 13.099600
v -3.519200 1.410798 13.160500
v -3.519200 1.410798 13.195700
v -3.491800 1.410798 13.217600
v -3.457500 1.410798 13.209800
v -3.442200 1.410798 13.178100
v -3.457500 1.410798 13.146400
v -3.491800 1.410798 13.138600
v -3.519200 1.213398 13.160500
v -3.519200 1.213398 13.195700
v -3.491800 1.213398 13.217600
v -3.457500 1.213398 13.209800
v -3.442200 1.213398 13.178100
v -3.457500 1.213398 13.146400
v -3.491800 1.213398 13.138600
v -3.385300 1.209998 12.632000
v -3.423100 1.209998 12.710500
v -3.508100 1.209998 12.729900
v -3.576100 1.209998 12.675600
v -3.576100 1.209998 12.588500
v -3.508100 1.209998 12.534200
v -3.423100 1.209998 12.553500
v -3.385300 1.410798 12.632000
v -3.423100 1.410798 12.710500
v -3.508100 1.410798 12.729900
v -3.576100 1.410798 12.675600
v -3.576100 1.410798 12.588500
v -3.508100 1.410798 12.534200
v -3.423100 1.410798 12.553500
v -3.519200 1.410798 12.614400
v -3.519200 1.410798 12.649600
v -3.491800 1.410798 12.671500
v -3.457500 1.410798 12.663700
v -3.442200 1.410798 12.632000
v -3.457500 1.410798 12.600300
v -3.491800 1.410798 12.592500
v -3.519200 1.213398 12.614400
v -3.519200 1.213398 12.649600
v -3.491800 1.213398 12.671500
v -3.457500 1.213398 12.663700
v -3.442200 1.213398 12.632000
v -3.457500 1.213398 12.600300
v -3.491800 1.213398 12.592500
v -3.385300 1.209998 12.027500
v -3.423100 1.209998 12.106000
v -3.508100 1.209998 12.125400
v -3.576100 1.209998 12.071000
v -3.576100 1.209998 11.984000
v -3.508100 1.209998 11.929600
v -3.423100 1.209998 11.949000
v -3.385300 1.410798 12.027500
v -3.423100 1.410798 12.106000
v -3.508100 1.410798 12.125400
v -3.576100 1.410798 12.071000
v -3.576100 1.410798 11.984000
v -3.508100 1.410798 11.929600
v -3.423100 1.410798 11.949000
v -3.519200 1.410798 12.009900
v -3.519200 1.410798 12.045100
v -3.491800 1.410798 12.067000
v -3.457500 1.410798 12.059200
v -3.442200 1.410798 12.027500
v -3.457500 1.410798 11.995800
v -3.491800 1.410798 11.988000
v -3.519200 1.213398 12.009900
v -3.519200 1.213398 12.045100
v -3.491800 1.213398 12.067000
v -3.457500 1.213398 12.059200
v -3.442200 1.213398 12.027500
v -3.457500 1.213398 11.995800
v -3.491800 1.213398 11.988000
v -4.064400 1.209998 12.027500
v -4.102200 1.209998 12.106000
v -4.187200 1.209998 12.125400
v -4.255200 1.209998 12.071000
v -4.255200 1.209998 11.984000
v -4.187200 1.209998 11.929600
v -4.102200 1.209998 11.949000
v -4.064400 1.410798 12.027500
v -4.102200 1.410798 12.106000
v -4.187200 1.410798 12.125400
v -4.255200 1.410798 12.071000
v -4.255200 1.410798 11.984000
v -4.187200 1.410798 11.929600
v -4.102200 1.410798 11.949000
v -4.198300 1.410798 12.009900
v -4.198300 1.410798 12.045100
v -4.170900 1.410798 12.067000
v -4.136600 1.410798 12.059200
v -4.121300 1.410798 12.027500
v -4.136600 1.410798 11.995800
v -4.170900 1.410798 11.988000
v -4.198300 1.213398 12.009900
v -4.198300 1.213398 12.045100
v -4.170900 1.213398 12.067000
v -4.136600 1.213398 12.059200
v -4.121300 1.213398 12.027500
v -4.136600 1.213398 11.995800
v -4.170900 1.213398 11.988000
v -4.064400 1.209998 12.632000
v -4.102200 1.209998 12.710500
v -4.187200 1.209998 12.729900
v -4.255200 1.209998 12.675600
v -4.255200 1.209998 12.588500
v -4.187200 1.209998 12.534200
v -4.102200 1.209998 12.553500
v -4.064400 1.410798 12.632000
v -4.102200 1.410798 12.710500
v -4.187200 1.410798 12.729900
v -4.255200 1.410798 12.675600
v -4.255200 1.410798 12.588500
v -4.187200 1.410798 12.534200
v -4.102200 1.410798 12.553500
v -4.198300 1.410798 12.614400
v -4.198300 1.410798 12.649600
v -4.170900 1.410798 12.671500
v -4.136600 1.410798 12.663700
v -4.121300 1.410798 12.632000
v -4.136600 1.410798 12.600300
v -4.170900 1.410798 12.592500
v -4.198300 1.213398 12.614400
v -4.198300 1.213398 12.649600
v -4.170900 1.213398 12.671500
v -4.136600 1.213398 12.663700
v -4.121300 1.213398 12.632000
v -4.136600 1.213398 12.600300
v -4.170900 1.213398 12.592500
v -4.064400 1.209998 13.178100
v -4.102200 1.209998 13.256600
v -4.187200 1.209998 13.275900
v -4.255200 1.209998 13.221600
v -4.255200 1.209998 13.134500
v -4.187200 1.209998 13.080200
v -4.102200 1.209998 13.099600
v -4.064400 1.410798 13.178100
v -4.102200 1.410798 13.256600
v -4.187200 1.410798 13.275900
v -4.255200 1.410798 13.221600
v -4.255200 1.410798 13.134500
v -4.187200 1.410798 13.080200
v -4.102200 1.410798 13.099600
v -4.198300 1.410798 13.160500
v -4.198300 1.410798 13.195700
v -4.170900 1.410798 13.217600
v -4.136600 1.410798 13.209800
v -4.121300 1.410798 13.178100
v -4.136600 1.410798 13.146400
v -4.170900 1.410798 13.138600
v -4.198300 1.213398 13.160500
v -4.198300 1.213398 13.195700
v -4.170900 1.213398 13.217600
v -4.136600 1.213398 13.209800
v -4.121300 1.213398 13.178100
v -4.136600 1.213398 13.146400
v -4.170900 1.213398 13.138600
v -4.746000 1.209998 13.178100
v -4.783800 1.209998 13.256600
v -4.868800 1.209998 13.275900
v -4.936800 1.209998 13.221600
v -4.936800 1.209998 13.134500
v -4.868800 1.209998 13.080200
v -4.783800 1.209998 13.099600
v -4.746000 1.410798 13.178100
v -4.783800 1.410798 13.256600
v -4.868800 1.410798 13.275900
v -4.936800 1.410798 13.221600
v -4.936800 1.410798 13.134500
v -4.868800 1.410798 13.080200
v -4.783800 1.410798 13.099600
v -4.879900 1.410798 13.160500
v -4.879900 1.410798 13.195700
v -4.852500 1.410798 13.217600
v -4.818200 1.410798 13.209800
v -4.802900 1.410798 13.178100
v -4.818200 1.410798 13.146400
v -4.852500 1.410798 13.138600
v -4.879900 1.213398 13.160500
v -4.879900 1.213398 13.195700
v -4.852500 1.213398 13.217600
v -4.818200 1.213398 13.209800
v -4.802900 1.213398 13.178100
v -4.818200 1.213398 13.146400
v -4.852500 1.213398 13.138600
v -4.746000 1.209998 12.632000
v -4.783800 1.209998 12.710500
v -4.868800 1.209998 12.729900
v -4.936800 1.209998 12.675600
v -4.936800 1.209998 12.588500
v -4.868800 1.209998 12.534200
v -4.783800 1.209998 12.553500
v -4.746000 1.410798 12.632000
v -4.783800 1.410798 12.710500
v -4.868800 1.410798 12.729900
v -4.936800 1.410798 12.675600
v -4.936800 1.410798 12.588500
v -4.868800 1.410798 12.534200
v -4.783800 1.410798 12.553500
v -4.879900 1.410798 12.614400
v -4.879900 1.410798 12.649600
v -4.852500 1.410798 12.671500
v -4.818200 1.410798 12.663700
v -4.802900 1.410798 12.632000
v -4.818200 1.410798 12.600300
v -4.852500 1.410798 12.592500
v -4.879900 1.213398 12.614400
v -4.879900 1.213398 12.649600
v -4.852500 1.213398 12.671500
v -4.818200 1.213398 12.663700
v -4.802900 1.213398 12.632000
v -4.818200 1.213398 12.600300
v -4.852500 1.213398 12.592500
v -4.746000 1.209998 12.027500
v -4.783800 1.209998 12.106000
v -4.868800 1.209998 12.125400
v -4.936800 1.209998 12.071000
v -4.936800 1.209998 11.984000
v -4.868800 1.209998 11.929600
v -4.783800 1.209998 11.949000
v -4.746000 1.410798 12.027500
v -4.783800 1.410798 12.106000
v -4.868800 1.410798 12.125400
v -4.936800 1.410798 12.071000
v -4.936800 1.410798 11.984000
v -4.868800 1.410798 11.929600
v -4.783800 1.410798 11.949000
v -4.879900 1.410798 12.009900
v -4.879900 1.410798 12.045100
v -4.852500 1.410798 12.067000
v -4.818200 1.410798 12.059200
v -4.802900 1.410798 12.027500
v -4.818200 1.410798 11.995800
v -4.852500 1.410798 11.988000
v -4.879900 1.213398 12.009900
v -4.879900 1.213398 12.045100
v -4.852500 1.213398 12.067000
v -4.818200 1.213398 12.059200
v -4.802900 1.213398 12.027500
v -4.818200 1.213398 11.995800
v -4.852500 1.213398 11.988000
v -3.385300 0.279698 13.178100
v -3.423100 0.279698 13.256600
v -3.508100 0.279698 13.275900
v -3.576100 0.279698 13.221600
v -3.576100 0.279698 13.134500
v -3.508100 0.279698 13.080200
v -3.423100 0.279698 13.099600
v -3.385300 0.480498 13.178100
v -3.423100 0.480498 13.256600
v -3.508100 0.480498 13.275900
v -3.576100 0.480498 13.221600
v -3.576100 0.480498 13.134500
v -3.508100 0.480498 13.080200
v -3.423100 0.480498 13.099600
v -3.519200 0.480498 13.160500
v -3.519200 0.480498 13.195700
v -3.491800 0.480498 13.217600
v -3.457500 0.480498 13.209800
v -3.442200 0.480498 13.178100
v -3.457500 0.480498 13.146400
v -3.491800 0.480498 13.138600
v -3.519200 0.283098 13.160500
v -3.519200 0.283098 13.195700
v -3.491800 0.283098 13.217600
v -3.457500 0.283098 13.209800
v -3.442200 0.283098 13.178100
v -3.457500 0.283098 13.146400
v -3.491800 0.283098 13.138600
v -3.385300 0.279698 12.632000
v -3.423100 0.279698 12.710500
v -3.508100 0.279698 12.729900
v -3.576100 0.279698 12.675600
v -3.576100 0.279698 12.588500
v -3.508100 0.279698 12.534200
v -3.423100 0.279698 12.553500
v -3.385300 0.480498 12.632000
v -3.423100 0.480498 12.710500
v -3.508100 0.480498 12.729900
v -3.576100 0.480498 12.675600
v -3.576100 0.480498 12.588500
v -3.508100 0.480498 12.534200
v -3.423100 0.480498 12.553500
v -3.519200 0.480498 12.614400
v -3.519200 0.480498 12.649600
v -3.491800 0.480498 12.671500
v -3.457500 0.480498 12.663700
v -3.442200 0.480498 12.632000
v -3.457500 0.480498 12.600300
v -3.491800 0.480498 12.592500
v -3.519200 0.283098 12.614400
v -3.519200 0.283098 12.649600
v -3.491800 0.283098 12.671500
v -3.457500 0.283098 12.663700
v -3.442200 0.283098 12.632000
v -3.457500 0.283098 12.600300
v -3.491800 0.283098 12.592500
v -3.385300 0.279698 12.027500
v -3.423100 0.279698 12.106000
v -3.508100 0.279698 12.125400
v -3.576100 0.279698 12.071000
v -3.576100 0.279698 11.984000
v -3.508100 0.279698 11.929600
v -3.423100 0.279698 11.949000
v -3.385300 0.480498 12.027500
v -3.423100 0.480498 12.106000
v -3.508100 0.480498 12.125400
v -3.576100 0.480498 12.071000
v -3.576100 0.480498 11.984000
v -3.508100 0.480498 11.929600
v -3.423100 0.480498 11.949000
v -3.519200 0.480498 12.009900
v -3.519200 0.480498 12.045100
v -3.491800 0.480498 12.067000
v -3.457500 0.480498 12.059200
v -3.442200 0.480498 12.027500
v -3.457500 0.480498 11.995800
v -3.491800 0.480498 11.988000
v -3.519200 0.283098 12.009900
v -3.519200 0.283098 12.045100
v -3.491800 0.283098 12.067000
v -3.457500 0.283098 12.059200
v -3.442200 0.283098 12.027500
v -3.457500 0.283098 11.995800
v -3.491800 0.283098 11.988000
v -4.064400 0.279698 12.027500
v -4.102200 0.279698 12.106000
v -4.187200 0.279698 12.125400
v -4.255200 0.279698 12.071000
v -4.255200 0.279698 11.984000
v -4.187200 0.279698 11.929600
v -4.102200 0.279698 11.949000
v -4.064400 0.480498 12.027500
v -4.102200 0.480498 12.106000
v -4.187200 0.480498 12.125400
v -4.255200 0.480498 12.071000
v -4.255200 0.480498 11.984000
v -4.187200 0.480498 11.929600
v -4.102200 0.480498 11.949000
v -4.198300 0.480498 12.009900
v -4.198300 0.480498 12.045100
v -4.170900 0.480498 12.067000
v -4.136600 0.480498 12.059200
v -4.121300 0.480498 12.027500
v -4.136600 0.480498 11.995800
v -4.170900 0.480498 11.988000
v -4.198300 0.283098 12.009900
v -4.198300 0.283098 12.045100
v -4.170900 0.283098 12.067000
v -4.136600 0.283098 12.059200
v -4.121300 0.283098 12.027500
v -4.136600 0.283098 11.995800
v -4.170900 0.283098 11.988000
v -4.064400 0.279698 12.632000
v -4.102200 0.279698 12.710500
v -4.187200 0.279698 12.729900
v -4.255200 0.279698 12.675600
v -4.255200 0.279698 12.588500
v -4.187200 0.279698 12.534200
v -4.102200 0.279698 12.553500
v -4.064400 0.480498 12.632000
v -4.102200 0.480498 12.710500
v -4.187200 0.480498 12.729900
v -4.255200 0.480498 12.675600
v -4.255200 0.480498 12.588500
v -4.187200 0.480498 12.534200
v -4.102200 0.480498 12.553500
v -4.198300 0.480498 12.614400
v -4.198300 0.480498 12.649600
v -4.170900 0.480498 12.671500
v -4.136600 0.480498 12.663700
v -4.121300 0.480498 12.632000
v -4.136600 0.480498 12.600300
v -4.170900 0.480498 12.592500
v -4.198300 0.283098 12.614400
v -4.198300 0.283098 12.649600
v -4.170900 0.283098 12.671500
v -4.136600 0.283098 12.663700
v -4.121300 0.283098 12.632000
v -4.136600 0.283098 12.600300
v -4.170900 0.283098 12.592500
v -4.064400 0.279698 13.178100
v -4.102200 0.279698 13.256600
v -4.187200 0.279698 13.275900
v -4.255200 0.279698 13.221600
v -4.255200 0.279698 13.134500
v -4.187200 0.279698 13.080200
v -4.102200 0.279698 13.099600
v -4.064400 0.480498 13.178100
v -4.102200 0.480498 13.256600
v -4.187200 0.480498 13.275900
v -4.255200 0.480498 13.221600
v -4.255200 0.480498 13.134500
v -4.187200 0.480498 13.080200
v -4.102200 0.480498 13.099600
v -4.198300 0.480498 13.160500
v -4.198300 0.480498 13.195700
v -4.170900 0.480498 13.217600
v -4.136600 0.480498 13.209800
v -4.121300 0.480498 13.178100
v -4.136600 0.480498 13.146400
v -4.170900 0.480498 13.138600
v -4.198300 0.283098 13.160500
v -4.198300 0.283098 13.195700
v -4.170900 0.283098 13.217600
v -4.136600 0.283098 13.209800
v -4.121300 0.283098 13.178100
v -4.136600 0.283098 13.146400
v -4.170900 0.283098 13.138600
v -4.746000 0.279698 13.178100
v -4.783800 0.279698 13.256600
v -4.868800 0.279698 13.275900
v -4.936800 0.279698 13.221600
v -4.936800 0.279698 13.134500
v -4.868800 0.279698 13.080200
v -4.783800 0.279698 13.099600
v -4.746000 0.480498 13.178100
v -4.783800 0.480498 13.256600
v -4.868800 0.480498 13.275900
v -4.936800 0.480498 13.221600
v -4.936800 0.480498 13.134500
v -4.868800 0.480498 13.080200
v -4.783800 0.480498 13.099600
v -4.879900 0.480498 13.160500
v -4.879900 0.480498 13.195700
v -4.852500 0.480498 13.217600
v -4.818200 0.480498 13.209800
v -4.802900 0.480498 13.178100
v -4.818200 0.480498 13.146400
v -4.852500 0.480498 13.138600
v -4.879900 0.283098 13.160500
v -4.879900 0.283098 13.195700
v -4.852500 0.283098 13.217600
v -4.818200 0.283098 13.209800
v -4.802900 0.283098 13.178100
v -4.818200 0.283098 13.146400
v -4.852500 0.283098 13.138600
v -4.746000 0.279698 12.632000
v -4.783800 0.279698 12.710500
v -4.868800 0.279698 12.729900
v -4.936800 0.279698 12.675600
v -4.936800 0.279698 12.588500
v -4.868800 0.279698 12.534200
v -4.783800 0.279698 12.553500
v -4.746000 0.480498 12.632000
v -4.783800 0.480498 12.710500
v -4.868800 0.480498 12.729900
v -4.936800 0.480498 12.675600
v -4.936800 0.480498 12.588500
v -4.868800 0.480498 12.534200
v -4.783800 0.480498 12.553500
v -4.879900 0.480498 12.614400
v -4.879900 0.480498 12.649600
v -4.852500 0.480498 12.671500
v -4.818200 0.480498 12.663700
v -4.802900 0.480498 12.632000
v -4.818200 0.480498 12.600300
v -4.852500 0.480498 12.592500
v -4.879900 0.283098 12.614400
v -4.879900 0.283098 12.649600
v -4.852500 0.283098 12.671500
v -4.818200 0.283098 12.663700
v -4.802900 0.283098 12.632000
v -4.818200 0.283098 12.600300
v -4.852500 0.283098 12.592500
v -4.746000 0.279698 12.027500
v -4.783800 0.279698 12.106000
v -4.868800 0.279698 12.125400
v -4.936800 0.279698 12.071000
v -4.936800 0.279698 11.984000
v -4.868800 0.279698 11.929600
v -4.783800 0.279698 11.949000
v -4.746000 0.480498 12.027500
v -4.783800 0.480498 12.106000
v -4.868800 0.480498 12.125400
v -4.936800 0.480498 12.071000
v -4.936800 0.480498 11.984000
v -4.868800 0.480498 11.929600
v -4.783800 0.480498 11.949000
v -4.879900 0.480498 12.009900
v -4.879900 0.480498 12.045100
v -4.852500 0.480498 12.067000
v -4.818200 0.480498 12.059200
v -4.802900 0.480498 12.027500
v -4.818200 0.480498 11.995800
v -4.852500 0.480498 11.988000
v -4.879900 0.283098 12.009900
v -4.879900 0.283098 12.045100
v -4.852500 0.283098 12.067000
v -4.818200 0.283098 12.059200
v -4.802900 0.283098 12.027500
v -4.818200 0.283098 11.995800
v -4.852500 0.283098 11.988000
v -4.746000 2.110798 11.115500
v -4.783800 2.110798 11.194000
v -4.868800 2.110798 11.213300
v -4.936800 2.110798 11.159000
v -4.936800 2.110798 11.071900
v -4.868800 2.110798 11.017600
v -4.783800 2.110798 11.037000
v -4.746000 2.311598 11.115500
v -4.783800 2.311598 11.194000
v -4.868800 2.311598 11.213300
v -4.936800 2.311598 11.159000
v -4.936800 2.311598 11.071900
v -4.868800 2.311598 11.017600
v -4.783800 2.311598 11.037000
v -4.879900 2.311598 11.097900
v -4.879900 2.311598 11.133100
v -4.852500 2.311598 11.155000
v -4.818200 2.311598 11.147200
v -4.802900 2.311598 11.115500
v -4.818200 2.311598 11.083800
v -4.852500 2.311598 11.076000
v -4.879900 2.114198 11.097900
v -4.879900 2.114198 11.133100
v -4.852500 2.114198 11.155000
v -4.818200 2.114198 11.147200
v -4.802900 2.114198 11.115500
v -4.818200 2.114198 11.083800
v -4.852500 2.114198 11.076000
v -4.746000 2.110798 10.569400
v -4.783800 2.110798 10.647900
v -4.868800 2.110798 10.667200
v -4.936800 2.110798 10.612900
v -4.936800 2.110798 10.525900
v -4.868800 2.110798 10.471500
v -4.783800 2.110798 10.490900
v -4.746000 2.311598 10.569400
v -4.783800 2.311598 10.647900
v -4.868800 2.311598 10.667200
v -4.936800 2.311598 10.612900
v -4.936800 2.311598 10.525900
v -4.868800 2.311598 10.471500
v -4.783800 2.311598 10.490900
v -4.879900 2.311598 10.551800
v -4.879900 2.311598 10.587000
v -4.852500 2.311598 10.608900
v -4.818200 2.311598 10.601100
v -4.802900 2.311598 10.569400
v -4.818200 2.311598 10.537700
v -4.852500 2.311598 10.529900
v -4.879900 2.114198 10.551800
v -4.879900 2.114198 10.587000
v -4.852500 2.114198 10.608900
v -4.818200 2.114198 10.601100
v -4.802900 2.114198 10.569400
v -4.818200 2.114198 10.537700
v -4.852500 2.114198 10.529900
v -4.746000 2.110798 9.964900
v -4.783800 2.110798 10.043400
v -4.868800 2.110798 10.062700
v -4.936800 2.110798 10.008400
v -4.936800 2.110798 9.921300
v -4.868800 2.110798 9.867000
v -4.783800 2.110798 9.886400
v -4.746000 2.311598 9.964900
v -4.783800 2.311598 10.043400
v -4.868800 2.311598 10.062700
v -4.936800 2.311598 10.008400
v -4.936800 2.311598 9.921300
v -4.868800 2.311598 9.867000
v -4.783800 2.311598 9.886400
v -4.879900 2.311598 9.947300
v -4.879900 2.311598 9.982500
v -4.852500 2.311598 10.004400
v -4.818200 2.311598 9.996600
v -4.802900 2.311598 9.964900
v -4.818200 2.311598 9.933200
v -4.852500 2.311598 9.925400
v -4.879900 2.114198 9.947300
v -4.879900 2.114198 9.982500
v -4.852500 2.114198 10.004400
v -4.818200 2.114198 9.996600
v -4.802900 2.114198 9.964900
v -4.818200 2.114198 9.933200
v -4.852500 2.114198 9.925400
v -4.746000 2.110799 9.087399
v -4.783800 2.110799 9.165900
v -4.868800 2.110799 9.185200
v -4.936800 2.110799 9.130899
v -4.936800 2.110799 9.043799
v -4.868800 2.110799 8.989500
v -4.783800 2.110799 9.008900
v -4.746000 2.311599 9.087399
v -4.783800 2.311599 9.165900
v -4.868800 2.311599 9.185200
v -4.936800 2.311599 9.130899
v -4.936800 2.311599 9.043799
v -4.868800 2.311599 8.989500
v -4.783800 2.311599 9.008900
v -4.879900 2.311599 9.069799
v -4.879900 2.311599 9.105000
v -4.852500 2.311599 9.126900
v -4.818200 2.311599 9.119100
v -4.802900 2.311599 9.087399
v -4.818200 2.311599 9.055699
v -4.852500 2.311599 9.047900
v -4.879900 2.114199 9.069799
v -4.879900 2.114199 9.105000
v -4.852500 2.114199 9.126900
v -4.818200 2.114199 9.119100
v -4.802900 2.114199 9.087399
v -4.818200 2.114199 9.055699
v -4.852500 2.114199 9.047900
v -4.746000 2.110799 8.541300
v -4.783800 2.110799 8.619800
v -4.868800 2.110799 8.639200
v -4.936800 2.110799 8.584800
v -4.936800 2.110799 8.497800
v -4.868800 2.110799 8.443399
v -4.783800 2.110799 8.462800
v -4.746000 2.311599 8.541300
v -4.783800 2.311599 8.619800
v -4.868800 2.311599 8.639200
v -4.936800 2.311599 8.584800
v -4.936800 2.311599 8.497800
v -4.868800 2.311599 8.443399
v -4.783800 2.311599 8.462800
v -4.879900 2.311599 8.523700
v -4.879900 2.311599 8.558900
v -4.852500 2.311599 8.580800
v -4.818200 2.311599 8.573000
v -4.802900 2.311599 8.541300
v -4.818200 2.311599 8.509600
v -4.852500 2.311599 8.501800
v -4.879900 2.114199 8.523700
v -4.879900 2.114199 8.558900
v -4.852500 2.114199 8.580800
v -4.818200 2.114199 8.573000
v -4.802900 2.114199 8.541300
v -4.818200 2.114199 8.509600
v -4.852500 2.114199 8.501800
v -4.746000 2.110799 7.936800
v -4.783800 2.110799 8.015300
v -4.868800 2.110799 8.034600
v -4.936800 2.110799 7.980300
v -4.936800 2.110799 7.893200
v -4.868800 2.110799 7.838901
v -4.783800 2.110799 7.858301
v -4.746000 2.311599 7.936800
v -4.783800 2.311599 8.015300
v -4.868800 2.311599 8.034600
v -4.936800 2.311599 7.980300
v -4.936800 2.311599 7.893200
v -4.868800 2.311599 7.838901
v -4.783800 2.311599 7.858301
v -4.879900 2.311599 7.919200
v -4.879900 2.311599 7.954401
v -4.852500 2.311599 7.976300
v -4.818200 2.311599 7.968501
v -4.802900 2.311599 7.936800
v -4.818200 2.311599 7.905100
v -4.852500 2.311599 7.897300
v -4.879900 2.114199 7.919200
v -4.879900 2.114199 7.954401
v -4.852500 2.114199 7.976300
v -4.818200 2.114199 7.968501
v -4.802900 2.114199 7.936800
v -4.818200 2.114199 7.905100
v -4.852500 2.114199 7.897300
v -4.746000 2.110799 7.061300
v -4.783800 2.110799 7.139801
v -4.868800 2.110799 7.159101
v -4.936800 2.110799 7.104801
v -4.936800 2.110799 7.017701
v -4.868800 2.110799 6.963400
v -4.783800 2.110799 6.982800
v -4.746000 2.311599 7.061300
v -4.783800 2.311599 7.139801
v -4.868800 2.311599 7.159101
v -4.936800 2.311599 7.104801
v -4.936800 2.311599 7.017701
v -4.868800 2.311599 6.963400
v -4.783800 2.311599 6.982800
v -4.879900 2.311599 7.043701
v -4.879900 2.311599 7.078900
v -4.852500 2.311599 7.100801
v -4.818200 2.311599 7.093000
v -4.802900 2.311599 7.061300
v -4.818200 2.311599 7.029601
v -4.852500 2.311599 7.021801
v -4.879900 2.114199 7.043701
v -4.879900 2.114199 7.078900
v -4.852500 2.114199 7.100801
v -4.818200 2.114199 7.093000
v -4.802900 2.114199 7.061300
v -4.818200 2.114199 7.029601
v -4.852500 2.114199 7.021801
v -4.746000 2.110799 6.515201
v -4.783800 2.110799 6.593700
v -4.868800 2.110799 6.613000
v -4.936800 2.110799 6.558701
v -4.936800 2.110799 6.471701
v -4.868800 2.110799 6.417301
v -4.783800 2.110799 6.436700
v -4.746000 2.311599 6.515201
v -4.783800 2.311599 6.593700
v -4.868800 2.311599 6.613000
v -4.936800 2.311599 6.558701
v -4.936800 2.311599 6.471701
v -4.868800 2.311599 6.417301
v -4.783800 2.311599 6.436700
v -4.879900 2.311599 6.497601
v -4.879900 2.311599 6.532801
v -4.852500 2.311599 6.554700
v -4.818200 2.311599 6.546900
v -4.802900 2.311599 6.515201
v -4.818200 2.311599 6.483500
v -4.852500 2.311599 6.475700
v -4.879900 2.114199 6.497601
v -4.879900 2.114199 6.532801
v -4.852500 2.114199 6.554700
v -4.818200 2.114199 6.546900
v -4.802900 2.114199 6.515201
v -4.818200 2.114199 6.483500
v -4.852500 2.114199 6.475700
v -4.746000 2.110799 5.910700
v -4.783800 2.110799 5.989201
v -4.868800 2.110799 6.008501
v -4.936800 2.110799 5.954200
v -4.936800 2.110799 5.867100
v -4.868800 2.110799 5.812800
v -4.783800 2.110799 5.832201
v -4.746000 2.311599 5.910700
v -4.783800 2.311599 5.989201
v -4.868800 2.311599 6.008501
v -4.936800 2.311599 5.954200
v -4.936800 2.311599 5.867100
v -4.868800 2.311599 5.812800
v -4.783800 2.311599 5.832201
v -4.879900 2.311599 5.893100
v -4.879900 2.311599 5.928300
v -4.852500 2.311599 5.950201
v -4.818200 2.311599 5.942400
v -4.802900 2.311599 5.910700
v -4.818200 2.311599 5.879001
v -4.852500 2.311599 5.871201
v -4.879900 2.114199 5.893100
v -4.879900 2.114199 5.928300
v -4.852500 2.114199 5.950201
v -4.818200 2.114199 5.942400
v -4.802900 2.114199 5.910700
v -4.818200 2.114199 5.879001
v -4.852500 2.114199 5.871201
v -4.746000 1.210499 5.910700
v -4.783800 1.210499 5.989200
v -4.868800 1.210499 6.008500
v -4.936800 1.210499 5.954200
v -4.936800 1.210499 5.867100
v -4.868800 1.210499 5.812800
v -4.783800 1.210499 5.832200
v -4.746000 1.411299 5.910700
v -4.783800 1.411299 5.989200
v -4.868800 1.411299 6.008500
v -4.936800 1.411299 5.954200
v -4.936800 1.411299 5.867100
v -4.868800 1.411299 5.812800
v -4.783800 1.411299 5.832200
v -4.879900 1.411299 5.893100
v -4.879900 1.411299 5.928300
v -4.852500 1.411299 5.950200
v -4.818200 1.411299 5.942400
v -4.802900 1.411299 5.910700
v -4.818200 1.411299 5.879000
v -4.852500 1.411299 5.871200
v -4.879900 1.213899 5.893100
v -4.879900 1.213899 5.928300
v -4.852500 1.213899 5.950200
v -4.818200 1.213899 5.942400
v -4.802900 1.213899 5.910700
v -4.818200 1.213899 5.879000
v -4.852500 1.213899 5.871200
v -4.746000 1.210499 6.515200
v -4.783800 1.210499 6.593700
v -4.868800 1.210499 6.613000
v -4.936800 1.210499 6.558700
v -4.936800 1.210499 6.471700
v -4.868800 1.210499 6.417300
v -4.783800 1.210499 6.436700
v -4.746000 1.411299 6.515200
v -4.783800 1.411299 6.593700
v -4.868800 1.411299 6.613000
v -4.936800 1.411299 6.558700
v -4.936800 1.411299 6.471700
v -4.868800 1.411299 6.417300
v -4.783800 1.411299 6.436700
v -4.879900 1.411299 6.497600
v -4.879900 1.411299 6.532800
v -4.852500 1.411299 6.554700
v -4.818200 1.411299 6.546900
v -4.802900 1.411299 6.515200
v -4.818200 1.411299 6.483500
v -4.852500 1.411299 6.475700
v -4.879900 1.213899 6.497600
v -4.879900 1.213899 6.532800
v -4.852500 1.213899 6.554700
v -4.818200 1.213899 6.546900
v -4.802900 1.213899 6.515200
v -4.818200 1.213899 6.483500
v -4.852500 1.213899 6.475700
v -4.746000 1.210499 7.061300
v -4.783800 1.210499 7.139800
v -4.868800 1.210499 7.159100
v -4.936800 1.210499 7.104800
v -4.936800 1.210499 7.017700
v -4.868800 1.210499 6.963400
v -4.783800 1.210499 6.982800
v -4.746000 1.411299 7.061300
v -4.783800 1.411299 7.139800
v -4.868800 1.411299 7.159100
v -4.936800 1.411299 7.104800
v -4.936800 1.411299 7.017700
v -4.868800 1.411299 6.963400
v -4.783800 1.411299 6.982800
v -4.879900 1.411299 7.043700
v -4.879900 1.411299 7.078900
v -4.852500 1.411299 7.100800
v -4.818200 1.411299 7.093000
v -4.802900 1.411299 7.061300
v -4.818200 1.411299 7.029600
v -4.852500 1.411299 7.021800
v -4.879900 1.213899 7.043700
v -4.879900 1.213899 7.078900
v -4.852500 1.213899 7.100800
v -4.818200 1.213899 7.093000
v -4.802900 1.213899 7.061300
v -4.818200 1.213899 7.029600
v -4.852500 1.213899 7.021800
v -4.746000 1.210499 7.936800
v -4.783800 1.210499 8.015300
v -4.868800 1.210499 8.034600
v -4.936800 1.210499 7.980300
v -4.936800 1.210499 7.893200
v -4.868800 1.210499 7.838900
v -4.783800 1.210499 7.858300
v -4.746000 1.411299 7.936800
v -4.783800 1.411299 8.015300
v -4.868800 1.411299 8.034600
v -4.936800 1.411299 7.980300
v -4.936800 1.411299 7.893200
v -4.868800 1.411299 7.838900
v -4.783800 1.411299 7.858300
v -4.879900 1.411299 7.919200
v -4.879900 1.411299 7.954400
v -4.852500 1.411299 7.976300
v -4.818200 1.411299 7.968500
v -4.802900 1.411299 7.936800
v -4.818200 1.411299 7.905100
v -4.852500 1.411299 7.897300
v -4.879900 1.213899 7.919200
v -4.879900 1.213899 7.954400
v -4.852500 1.213899 7.976300
v -4.818200 1.213899 7.968500
v -4.802900 1.213899 7.936800
v -4.818200 1.213899 7.905100
v -4.852500 1.213899 7.897300
v -4.746000 1.210499 8.541300
v -4.783800 1.210499 8.619800
v -4.868800 1.210499 8.639200
v -4.936800 1.210499 8.584800
v -4.936800 1.210499 8.497800
v -4.868800 1.210499 8.443399
v -4.783800 1.210499 8.462800
v -4.746000 1.411299 8.541300
v -4.783800 1.411299 8.619800
v -4.868800 1.411299 8.639200
v -4.936800 1.411299 8.584800
v -4.936800 1.411299 8.497800
v -4.868800 1.411299 8.443399
v -4.783800 1.411299 8.462800
v -4.879900 1.411299 8.523700
v -4.879900 1.411299 8.558900
v -4.852500 1.411299 8.580800
v -4.818200 1.411299 8.573000
v -4.802900 1.411299 8.541300
v -4.818200 1.411299 8.509600
v -4.852500 1.411299 8.501800
v -4.879900 1.213899 8.523700
v -4.879900 1.213899 8.558900
v -4.852500 1.213899 8.580800
v -4.818200 1.213899 8.573000
v -4.802900 1.213899 8.541300
v -4.818200 1.213899 8.509600
v -4.852500 1.213899 8.501800
v -4.746000 1.210499 9.087399
v -4.783800 1.210498 9.165900
v -4.868800 1.210498 9.185200
v -4.936800 1.210499 9.130899
v -4.936800 1.210499 9.043799
v -4.868800 1.210499 8.989500
v -4.783800 1.210499 9.008900
v -4.746000 1.411299 9.087399
v -4.783800 1.411298 9.165900
v -4.868800 1.411298 9.185200
v -4.936800 1.411299 9.130899
v -4.936800 1.411299 9.043799
v -4.868800 1.411299 8.989500
v -4.783800 1.411299 9.008900
v -4.879900 1.411299 9.069799
v -4.879900 1.411299 9.105000
v -4.852500 1.411299 9.126900
v -4.818200 1.411299 9.119100
v -4.802900 1.411299 9.087399
v -4.818200 1.411299 9.055699
v -4.852500 1.411299 9.047900
v -4.879900 1.213899 9.069799
v -4.879900 1.213899 9.105000
v -4.852500 1.213899 9.126900
v -4.818200 1.213899 9.119100
v -4.802900 1.213899 9.087399
v -4.818200 1.213899 9.055699
v -4.852500 1.213899 9.047900
v -4.746000 1.210498 9.964900
v -4.783800 1.210498 10.043400
v -4.868800 1.210498 10.062700
v -4.936800 1.210498 10.008400
v -4.936800 1.210498 9.921300
v -4.868800 1.210498 9.867000
v -4.783800 1.210498 9.886400
v -4.746000 1.411298 9.964900
v -4.783800 1.411298 10.043400
v -4.868800 1.411298 10.062700
v -4.936800 1.411298 10.008400
v -4.936800 1.411298 9.921300
v -4.868800 1.411298 9.867000
v -4.783800 1.411298 9.886400
v -4.879900 1.411298 9.947300
v -4.879900 1.411298 9.982500
v -4.852500 1.411298 10.004400
v -4.818200 1.411298 9.996600
v -4.802900 1.411298 9.964900
v -4.818200 1.411298 9.933200
v -4.852500 1.411298 9.925400
v -4.879900 1.213898 9.947300
v -4.879900 1.213898 9.982500
v -4.852500 1.213898 10.004400
v -4.818200 1.213898 9.996600
v -4.802900 1.213898 9.964900
v -4.818200 1.213898 9.933200
v -4.852500 1.213898 9.925400
v -4.746000 1.210498 10.569400
v -4.783800 1.210498 10.647900
v -4.868800 1.210498 10.667200
v -4.936800 1.210498 10.612900
v -4.936800 1.210498 10.525900
v -4.868800 1.210498 10.471500
v -4.783800 1.210498 10.490900
v -4.746000 1.411298 10.569400
v -4.783800 1.411298 10.647900
v -4.868800 1.411298 10.667200
v -4.936800 1.411298 10.612900
v -4.936800 1.411298 10.525900
v -4.868800 1.411298 10.471500
v -4.783800 1.411298 10.490900
v -4.879900 1.411298 10.551800
v -4.879900 1.411298 10.587000
v -4.852500 1.411298 10.608900
v -4.818200 1.411298 10.601100
v -4.802900 1.411298 10.569400
v -4.818200 1.411298 10.537700
v -4.852500 1.411298 10.529900
v -4.879900 1.213898 10.551800
v -4.879900 1.213898 10.587000
v -4.852500 1.213898 10.608900
v -4.818200 1.213898 10.601100
v -4.802900 1.213898 10.569400
v -4.818200 1.213898 10.537700
v -4.852500 1.213898 10.529900
v -4.746000 1.210498 11.115500
v -4.783800 1.210498 11.194000
v -4.868800 1.210498 11.213300
v -4.936800 1.210498 11.159000
v -4.936800 1.210498 11.071900
v -4.868800 1.210498 11.017600
v -4.783800 1.210498 11.037000
v -4.746000 1.411298 11.115500
v -4.783800 1.411298 11.194000
v -4.868800 1.411298 11.213300
v -4.936800 1.411298 11.159000
v -4.936800 1.411298 11.071900
v -4.868800 1.411298 11.017600
v -4.783800 1.411298 11.037000
v -4.879900 1.411298 11.097900
v -4.879900 1.411298 11.133100
v -4.852500 1.411298 11.155000
v -4.818200 1.411298 11.147200
v -4.802900 1.411298 11.115500
v -4.818200 1.411298 11.083800
v -4.852500 1.411298 11.076000
v -4.879900 1.213898 11.097900
v -4.879900 1.213898 11.133100
v -4.852500 1.213898 11.155000
v -4.818200 1.213898 11.147200
v -4.802900 1.213898 11.115500
v -4.818200 1.213898 11.083800
v -4.852500 1.213898 11.076000
v -4.746000 0.279999 5.910700
v -4.783800 0.279999 5.989200
v -4.868800 0.279999 6.008500
v -4.936800 0.279999 5.954200
v -4.936800 0.279999 5.867100
v -4.868800 0.279999 5.812800
v -4.783800 0.279999 5.832200
v -4.746000 0.480799 5.910700
v -4.783800 0.480799 5.989200
v -4.868800 0.480799 6.008500
v -4.936800 0.480799 5.954200
v -4.936800 0.480799 5.867100
v -4.868800 0.480799 5.812800
v -4.783800 0.480799 5.832200
v -4.879900 0.480799 5.893100
v -4.879900 0.480799 5.928300
v -4.852500 0.480799 5.950200
v -4.818200 0.480799 5.942400
v -4.802900 0.480799 5.910700
v -4.818200 0.480799 5.879000
v -4.852500 0.480799 5.871200
v -4.879900 0.283399 5.893100
v -4.879900 0.283399 5.928300
v -4.852500 0.283399 5.950200
v -4.818200 0.283399 5.942400
v -4.802900 0.283399 5.910700
v -4.818200 0.283399 5.879000
v -4.852500 0.283399 5.871200
v -4.746000 0.279999 6.515200
v -4.783800 0.279999 6.593700
v -4.868800 0.279999 6.613000
v -4.936800 0.279999 6.558700
v -4.936800 0.279999 6.471700
v -4.868800 0.279999 6.417300
v -4.783800 0.279999 6.436700
v -4.746000 0.480799 6.515200
v -4.783800 0.480799 6.593700
v -4.868800 0.480799 6.613000
v -4.936800 0.480799 6.558700
v -4.936800 0.480799 6.471700
v -4.868800 0.480799 6.417300
v -4.783800 0.480799 6.436700
v -4.879900 0.480799 6.497600
v -4.879900 0.480799 6.532800
v -4.852500 0.480799 6.554700
v -4.818200 0.480799 6.546900
v -4.802900 0.480799 6.515200
v -4.818200 0.480799 6.483500
v -4.852500 0.480799 6.475700
v -4.879900 0.283399 6.497600
v -4.879900 0.283399 6.532800
v -4.852500 0.283399 6.554700
v -4.818200 0.283399 6.546900
v -4.802900 0.283399 6.515200
v -4.818200 0.283399 6.483500
v -4.852500 0.283399 6.475700
v -4.746000 0.279999 7.061300
v -4.783800 0.279999 7.139800
v -4.868800 0.279999 7.159100
v -4.936800 0.279999 7.104800
v -4.936800 0.279999 7.017700
v -4.868800 0.279999 6.963400
v -4.783800 0.279999 6.982800
v -4.746000 0.480799 7.061300
v -4.783800 0.480799 7.139800
v -4.868800 0.480799 7.159100
v -4.936800 0.480799 7.104800
v -4.936800 0.480799 7.017700
v -4.868800 0.480799 6.963400
v -4.783800 0.480799 6.982800
v -4.879900 0.480799 7.043700
v -4.879900 0.480799 7.078900
v -4.852500 0.480799 7.100800
v -4.818200 0.480799 7.093000
v -4.802900 0.480799 7.061300
v -4.818200 0.480799 7.029600
v -4.852500 0.480799 7.021800
v -4.879900 0.283399 7.043700
v -4.879900 0.283399 7.078900
v -4.852500 0.283399 7.100800
v -4.818200 0.283399 7.093000
v -4.802900 0.283399 7.061300
v -4.818200 0.283399 7.029600
v -4.852500 0.283399 7.021800
v -4.746000 0.279999 7.936800
v -4.783800 0.279999 8.015300
v -4.868800 0.279999 8.034600
v -4.936800 0.279999 7.980300
v -4.936800 0.279999 7.893200
v -4.868800 0.279999 7.838900
v -4.783800 0.279999 7.858300
v -4.746000 0.480799 7.936800
v -4.783800 0.480799 8.015300
v -4.868800 0.480799 8.034600
v -4.936800 0.480799 7.980300
v -4.936800 0.480799 7.893200
v -4.868800 0.480799 7.838900
v -4.783800 0.480799 7.858300
v -4.879900 0.480799 7.919200
v -4.879900 0.480799 7.954400
v -4.852500 0.480799 7.976300
v -4.818200 0.480799 7.968500
v -4.802900 0.480799 7.936800
v -4.818200 0.480799 7.905100
v -4.852500 0.480799 7.897300
v -4.879900 0.283399 7.919200
v -4.879900 0.283399 7.954400
v -4.852500 0.283399 7.976300
v -4.818200 0.283399 7.968500
v -4.802900 0.283399 7.936800
v -4.818200 0.283399 7.905100
v -4.852500 0.283399 7.897300
v -4.746000 0.279999 8.541300
v -4.783800 0.279999 8.619800
v -4.868800 0.279999 8.639200
v -4.936800 0.279999 8.584800
v -4.936800 0.279999 8.497800
v -4.868800 0.279999 8.443399
v -4.783800 0.279999 8.462800
v -4.746000 0.480799 8.541300
v -4.783800 0.480799 8.619800
v -4.868800 0.480799 8.639200
v -4.936800 0.480799 8.584800
v -4.936800 0.480799 8.497800
v -4.868800 0.480799 8.443399
v -4.783800 0.480799 8.462800
v -4.879900 0.480799 8.523700
v -4.879900 0.480799 8.558900
v -4.852500 0.480799 8.580800
v -4.818200 0.480799 8.573000
v -4.802900 0.480799 8.541300
v -4.818200 0.480799 8.509600
v -4.852500 0.480799 8.501800
v -4.879900 0.283399 8.523700
v -4.879900 0.283399 8.558900
v -4.852500 0.283399 8.580800
v -4.818200 0.283399 8.573000
v -4.802900 0.283399 8.541300
v -4.818200 0.283399 8.509600
v -4.852500 0.283399 8.501800
v -4.746000 0.279999 9.087399
v -4.783800 0.279999 9.165900
v -4.868800 0.279999 9.185200
v -4.936800 0.279999 9.130899
v -4.936800 0.279999 9.043799
v -4.868800 0.279999 8.989500
v -4.783800 0.279999 9.008900
v -4.746000 0.480799 9.087399
v -4.783800 0.480799 9.165900
v -4.868800 0.480799 9.185200
v -4.936800 0.480799 9.130899
v -4.936800 0.480799 9.043799
v -4.868800 0.480799 8.989500
v -4.783800 0.480799 9.008900
v -4.879900 0.480799 9.069799
v -4.879900 0.480799 9.105000
v -4.852500 0.480799 9.126900
v -4.818200 0.480799 9.119100
v -4.802900 0.480799 9.087399
v -4.818200 0.480799 9.055699
v -4.852500 0.480799 9.047900
v -4.879900 0.283399 9.069799
v -4.879900 0.283399 9.105000
v -4.852500 0.283399 9.126900
v -4.818200 0.283399 9.119100
v -4.802900 0.283399 9.087399
v -4.818200 0.283399 9.055699
v -4.852500 0.283399 9.047900
v -4.746000 0.279998 9.964900
v -4.783800 0.279998 10.043400
v -4.868800 0.279998 10.062700
v -4.936800 0.279998 10.008400
v -4.936800 0.279998 9.921300
v -4.868800 0.279998 9.867000
v -4.783800 0.279998 9.886400
v -4.746000 0.480798 9.964900
v -4.783800 0.480798 10.043400
v -4.868800 0.480798 10.062700
v -4.936800 0.480798 10.008400
v -4.936800 0.480798 9.921300
v -4.868800 0.480798 9.867000
v -4.783800 0.480798 9.886400
v -4.879900 0.480798 9.947300
v -4.879900 0.480798 9.982500
v -4.852500 0.480798 10.004400
v -4.818200 0.480798 9.996600
v -4.802900 0.480798 9.964900
v -4.818200 0.480798 9.933200
v -4.852500 0.480798 9.925400
v -4.879900 0.283398 9.947300
v -4.879900 0.283398 9.982500
v -4.852500 0.283398 10.004400
v -4.818200 0.283398 9.996600
v -4.802900 0.283398 9.964900
v -4.818200 0.283398 9.933200
v -4.852500 0.283398 9.925400
v -4.746000 0.279998 10.569400
v -4.783800 0.279998 10.647900
v -4.868800 0.279998 10.667200
v -4.936800 0.279998 10.612900
v -4.936800 0.279998 10.525900
v -4.868800 0.279998 10.471500
v -4.783800 0.279998 10.490900
v -4.746000 0.480798 10.569400
v -4.783800 0.480798 10.647900
v -4.868800 0.480798 10.667200
v -4.936800 0.480798 10.612900
v -4.936800 0.480798 10.525900
v -4.868800 0.480798 10.471500
v -4.783800 0.480798 10.490900
v -4.879900 0.480798 10.551800
v -4.879900 0.480798 10.587000
v -4.852500 0.480798 10.608900
v -4.818200 0.480798 10.601100
v -4.802900 0.480798 10.569400
v -4.818200 0.480798 10.537700
v -4.852500 0.480798 10.529900
v -4.879900 0.283398 10.551800
v -4.879900 0.283398 10.587000
v -4.852500 0.283398 10.608900
v -4.818200 0.283398 10.601100
v -4.802900 0.283398 10.569400
v -4.818200 0.283398 10.537700
v -4.852500 0.283398 10.529900
v -4.746000 0.279998 11.115500
v -4.783800 0.279998 11.194000
v -4.868800 0.279998 11.213300
v -4.936800 0.279998 11.159000
v -4.936800 0.279998 11.071900
v -4.868800 0.279998 11.017600
v -4.783800 0.279998 11.037000
v -4.746000 0.480798 11.115500
v -4.783800 0.480798 11.194000
v -4.868800 0.480798 11.213300
v -4.936800 0.480798 11.159000
v -4.936800 0.480798 11.071900
v -4.868800 0.480798 11.017600
v -4.783800 0.480798 11.037000
v -4.879900 0.480798 11.097900
v -4.879900 0.480798 11.133100
v -4.852500 0.480798 11.155000
v -4.818200 0.480798 11.147200
v -4.802900 0.480798 11.115500
v -4.818200 0.480798 11.083800
v -4.852500 0.480798 11.076000
v -4.879900 0.283398 11.097900
v -4.879900 0.283398 11.133100
v -4.852500 0.283398 11.155000
v -4.818200 0.283398 11.147200
v -4.802900 0.283398 11.115500
v -4.818200 0.283398 11.083800
v -4.852500 0.283398 11.076000
v -3.386000 2.110999 5.910700
v -3.423700 2.110999 5.989201
v -3.508700 2.110999 6.008501
v -3.576700 2.110999 5.954200
v -3.576700 2.110999 5.867100
v -3.508700 2.110999 5.812800
v -3.423700 2.110999 5.832201
v -3.386000 2.311799 5.910700
v -3.423700 2.311799 5.989201
v -3.508700 2.311799 6.008501
v -3.576700 2.311799 5.954200
v -3.576700 2.311799 5.867100
v -3.508700 2.311799 5.812800
v -3.423700 2.311799 5.832201
v -3.519800 2.311799 5.893100
v -3.519800 2.311799 5.928300
v -3.492400 2.311799 5.950201
v -3.458100 2.311799 5.942400
v -3.442900 2.311799 5.910700
v -3.458100 2.311799 5.879001
v -3.492400 2.311799 5.871201
v -3.519800 2.114399 5.893100
v -3.519800 2.114399 5.928300
v -3.492400 2.114399 5.950201
v -3.458100 2.114399 5.942400
v -3.442900 2.114399 5.910700
v -3.458100 2.114399 5.879001
v -3.492400 2.114399 5.871201
v -3.386000 2.110999 6.515201
v -3.423700 2.110999 6.593700
v -3.508700 2.110999 6.613000
v -3.576700 2.110999 6.558701
v -3.576700 2.110999 6.471701
v -3.508700 2.110999 6.417301
v -3.423700 2.110999 6.436700
v -3.386000 2.311799 6.515201
v -3.423700 2.311799 6.593700
v -3.508700 2.311799 6.613000
v -3.576700 2.311799 6.558701
v -3.576700 2.311799 6.471701
v -3.508700 2.311799 6.417301
v -3.423700 2.311799 6.436700
v -3.519800 2.311799 6.497601
v -3.519800 2.311799 6.532801
v -3.492400 2.311799 6.554700
v -3.458100 2.311799 6.546900
v -3.442900 2.311799 6.515201
v -3.458100 2.311799 6.483500
v -3.492400 2.311799 6.475700
v -3.519800 2.114399 6.497601
v -3.519800 2.114399 6.532801
v -3.492400 2.114399 6.554700
v -3.458100 2.114399 6.546900
v -3.442900 2.114399 6.515201
v -3.458100 2.114399 6.483500
v -3.492400 2.114399 6.475700
v -3.386000 2.110999 7.061300
v -3.423700 2.110999 7.139801
v -3.508700 2.110999 7.159101
v -3.576700 2.110999 7.104801
v -3.576700 2.110999 7.017701
v -3.508700 2.110999 6.963400
v -3.423700 2.110999 6.982800
v -3.386000 2.311799 7.061300
v -3.423700 2.311799 7.139801
v -3.508700 2.311799 7.159101
v -3.576700 2.311799 7.104801
v -3.576700 2.311799 7.017701
v -3.508700 2.311799 6.963400
v -3.423700 2.311799 6.982800
v -3.519800 2.311799 7.043701
v -3.519800 2.311799 7.078900
v -3.492400 2.311799 7.100801
v -3.458100 2.311799 7.093000
v -3.442900 2.311799 7.061300
v -3.458100 2.311799 7.029601
v -3.492400 2.311799 7.021801
v -3.519800 2.114399 7.043701
v -3.519800 2.114399 7.078900
v -3.492400 2.114399 7.100801
v -3.458100 2.114399 7.093000
v -3.442900 2.114399 7.061300
v -3.458100 2.114399 7.029601
v -3.492400 2.114399 7.021801
v -3.386000 2.110999 7.936800
v -3.423700 2.110999 8.015300
v -3.508700 2.110999 8.034600
v -3.576700 2.110999 7.980300
v -3.576700 2.110999 7.893200
v -3.508700 2.110999 7.838901
v -3.423700 2.110999 7.858301
v -3.386000 2.311799 7.936800
v -3.423700 2.311799 8.015300
v -3.508700 2.311799 8.034600
v -3.576700 2.311799 7.980300
v -3.576700 2.311799 7.893200
v -3.508700 2.311799 7.838901
v -3.423700 2.311799 7.858301
v -3.519800 2.311799 7.919200
v -3.519800 2.311799 7.954401
v -3.492400 2.311799 7.976300
v -3.458100 2.311799 7.968501
v -3.442900 2.311799 7.936800
v -3.458100 2.311799 7.905100
v -3.492400 2.311799 7.897300
v -3.519800 2.114399 7.919200
v -3.519800 2.114399 7.954401
v -3.492400 2.114399 7.976300
v -3.458100 2.114399 7.968501
v -3.442900 2.114399 7.936800
v -3.458100 2.114399 7.905100
v -3.492400 2.114399 7.897300
v -3.386000 2.110999 8.541300
v -3.423700 2.110999 8.619800
v -3.508700 2.110999 8.639200
v -3.576700 2.110999 8.584800
v -3.576700 2.110999 8.497800
v -3.508700 2.110999 8.443399
v -3.423700 2.110999 8.462800
v -3.386000 2.311799 8.541300
v -3.423700 2.311799 8.619800
v -3.508700 2.311799 8.639200
v -3.576700 2.311799 8.584800
v -3.576700 2.311799 8.497800
v -3.508700 2.311799 8.443399
v -3.423700 2.311799 8.462800
v -3.519800 2.311799 8.523700
v -3.519800 2.311799 8.558900
v -3.492400 2.311799 8.580800
v -3.458100 2.311799 8.573000
v -3.442900 2.311799 8.541300
v -3.458100 2.311799 8.509600
v -3.492400 2.311799 8.501800
v -3.519800 2.114398 8.523700
v -3.519800 2.114398 8.558900
v -3.492400 2.114398 8.580800
v -3.458100 2.114398 8.573000
v -3.442900 2.114398 8.541300
v -3.458100 2.114398 8.509600
v -3.492400 2.114398 8.501800
v -3.386000 2.110999 9.087399
v -3.423700 2.110999 9.165900
v -3.508700 2.110999 9.185200
v -3.576700 2.110999 9.130899
v -3.576700 2.110999 9.043799
v -3.508700 2.110999 8.989500
v -3.423700 2.110999 9.008900
v -3.386000 2.311799 9.087399
v -3.423700 2.311799 9.165900
v -3.508700 2.311799 9.185200
v -3.576700 2.311799 9.130899
v -3.576700 2.311799 9.043799
v -3.508700 2.311799 8.989500
v -3.423700 2.311799 9.008900
v -3.519800 2.311799 9.069799
v -3.519800 2.311799 9.105000
v -3.492400 2.311799 9.126900
v -3.458100 2.311799 9.119100
v -3.442900 2.311799 9.087399
v -3.458100 2.311799 9.055699
v -3.492400 2.311799 9.047900
v -3.519800 2.114398 9.069799
v -3.519800 2.114398 9.105000
v -3.492400 2.114398 9.126900
v -3.458100 2.114398 9.119100
v -3.442900 2.114398 9.087399
v -3.458100 2.114398 9.055699
v -3.492400 2.114398 9.047900
v -3.386000 2.110998 9.964900
v -3.423700 2.110998 10.043400
v -3.508700 2.110998 10.062700
v -3.576700 2.110998 10.008400
v -3.576700 2.110998 9.921300
v -3.508700 2.110998 9.867000
v -3.423700 2.110998 9.886400
v -3.386000 2.311798 9.964900
v -3.423700 2.311798 10.043400
v -3.508700 2.311798 10.062700
v -3.576700 2.311798 10.008400
v -3.576700 2.311798 9.921300
v -3.508700 2.311798 9.867000
v -3.423700 2.311798 9.886400
v -3.519800 2.311798 9.947300
v -3.519800 2.311798 9.982500
v -3.492400 2.311798 10.004400
v -3.458100 2.311798 9.996600
v -3.442900 2.311798 9.964900
v -3.458100 2.311798 9.933200
v -3.492400 2.311798 9.925400
v -3.519800 2.114398 9.947300
v -3.519800 2.114398 9.982500
v -3.492400 2.114398 10.004400
v -3.458100 2.114398 9.996600
v -3.442900 2.114398 9.964900
v -3.458100 2.114398 9.933200
v -3.492400 2.114398 9.925400
v -3.386000 2.110998 10.569400
v -3.423700 2.110998 10.647900
v -3.508700 2.110998 10.667200
v -3.576700 2.110998 10.612900
v -3.576700 2.110998 10.525900
v -3.508700 2.110998 10.471500
v -3.423700 2.110998 10.490900
v -3.386000 2.311798 10.569400
v -3.423700 2.311798 10.647900
v -3.508700 2.311798 10.667200
v -3.576700 2.311798 10.612900
v -3.576700 2.311798 10.525900
v -3.508700 2.311798 10.471500
v -3.423700 2.311798 10.490900
v -3.519800 2.311798 10.551800
v -3.519800 2.311798 10.587000
v -3.492400 2.311798 10.608900
v -3.458100 2.311798 10.601100
v -3.442900 2.311798 10.569400
v -3.458100 2.311798 10.537700
v -3.492400 2.311798 10.529900
v -3.519800 2.114398 10.551800
v -3.519800 2.114398 10.587000
v -3.492400 2.114398 10.608900
v -3.458100 2.114398 10.601100
v -3.442900 2.114398 10.569400
v -3.458100 2.114398 10.537700
v -3.492400 2.114398 10.529900
v -3.386000 2.110998 11.115500
v -3.423700 2.110998 11.194000
v -3.508700 2.110998 11.213300
v -3.576700 2.110998 11.159000
v -3.576700 2.110998 11.071900
v -3.508700 2.110998 11.017600
v -3.423700 2.110998 11.037000
v -3.386000 2.311798 11.115500
v -3.423700 2.311798 11.194000
v -3.508700 2.311798 11.213300
v -3.576700 2.311798 11.159000
v -3.576700 2.311798 11.071900
v -3.508700 2.311798 11.017600
v -3.423700 2.311798 11.037000
v -3.519800 2.311798 11.097900
v -3.519800 2.311798 11.133100
v -3.492400 2.311798 11.155000
v -3.458100 2.311798 11.147200
v -3.442900 2.311798 11.115500
v -3.458100 2.311798 11.083800
v -3.492400 2.311798 11.076000
v -3.519800 2.114398 11.097900
v -3.519800 2.114398 11.133100
v -3.492400 2.114398 11.155000
v -3.458100 2.114398 11.147200
v -3.442900 2.114398 11.115500
v -3.458100 2.114398 11.083800
v -3.492400 2.114398 11.076000
v -4.064300 2.110999 5.910700
v -4.102000 2.110999 5.989201
v -4.187000 2.110999 6.008501
v -4.255000 2.110999 5.954200
v -4.255000 2.110999 5.867100
v -4.187000 2.110999 5.812800
v -4.102000 2.110999 5.832201
v -4.064300 2.311799 5.910700
v -4.102000 2.311799 5.989201
v -4.187000 2.311799 6.008501
v -4.255000 2.311799 5.954200
v -4.255000 2.311799 5.867100
v -4.187000 2.311799 5.812800
v -4.102000 2.311799 5.832201
v -4.198100 2.311799 5.893100
v -4.198100 2.311799 5.928300
v -4.170700 2.311799 5.950201
v -4.136400 2.311799 5.942400
v -4.121200 2.311799 5.910700
v -4.136400 2.311799 5.879001
v -4.170700 2.311799 5.871201
v -4.198100 2.114399 5.893100
v -4.198100 2.114399 5.928300
v -4.170700 2.114399 5.950201
v -4.136400 2.114399 5.942400
v -4.121200 2.114399 5.910700
v -4.136400 2.114399 5.879001
v -4.170700 2.114399 5.871201
v -4.064300 2.110999 6.515201
v -4.102000 2.110999 6.593700
v -4.187000 2.110999 6.613000
v -4.255000 2.110999 6.558701
v -4.255000 2.110999 6.471701
v -4.187000 2.110999 6.417301
v -4.102000 2.110999 6.436700
v -4.064300 2.311799 6.515201
v -4.102000 2.311799 6.593700
v -4.187000 2.311799 6.613000
v -4.255000 2.311799 6.558701
v -4.255000 2.311799 6.471701
v -4.187000 2.311799 6.417301
v -4.102000 2.311799 6.436700
v -4.198100 2.311799 6.497601
v -4.198100 2.311799 6.532801
v -4.170700 2.311799 6.554700
v -4.136400 2.311799 6.546900
v -4.121200 2.311799 6.515201
v -4.136400 2.311799 6.483500
v -4.170700 2.311799 6.475700
v -4.198100 2.114399 6.497601
v -4.198100 2.114399 6.532801
v -4.170700 2.114399 6.554700
v -4.136400 2.114399 6.546900
v -4.121200 2.114399 6.515201
v -4.136400 2.114399 6.483500
v -4.170700 2.114399 6.475700
v -4.064300 2.110999 7.061300
v -4.102000 2.110999 7.139801
v -4.187000 2.110999 7.159101
v -4.255000 2.110999 7.104801
v -4.255000 2.110999 7.017701
v -4.187000 2.110999 6.963400
v -4.102000 2.110999 6.982800
v -4.064300 2.311799 7.061300
v -4.102000 2.311799 7.139801
v -4.187000 2.311799 7.159101
v -4.255000 2.311799 7.104801
v -4.255000 2.311799 7.017701
v -4.187000 2.311799 6.963400
v -4.102000 2.311799 6.982800
v -4.198100 2.311799 7.043701
v -4.198100 2.311799 7.078900
v -4.170700 2.311799 7.100801
v -4.136400 2.311799 7.093000
v -4.121200 2.311799 7.061300
v -4.136400 2.311799 7.029601
v -4.170700 2.311799 7.021801
v -4.198100 2.114399 7.043701
v -4.198100 2.114399 7.078900
v -4.170700 2.114399 7.100801
v -4.136400 2.114399 7.093000
v -4.121200 2.114399 7.061300
v -4.136400 2.114399 7.029601
v -4.170700 2.114399 7.021801
v -4.064300 2.110999 7.936800
v -4.102000 2.110999 8.015300
v -4.187000 2.110999 8.034600
v -4.255000 2.110999 7.980300
v -4.255000 2.110999 7.893200
v -4.187000 2.110999 7.838901
v -4.102000 2.110999 7.858301
v -4.064300 2.311799 7.936800
v -4.102000 2.311799 8.015300
v -4.187000 2.311799 8.034600
v -4.255000 2.311799 7.980300
v -4.255000 2.311799 7.893200
v -4.187000 2.311799 7.838901
v -4.102000 2.311799 7.858301
v -4.198100 2.311799 7.919200
v -4.198100 2.311799 7.954401
v -4.170700 2.311799 7.976300
v -4.136400 2.311799 7.968501
v -4.121200 2.311799 7.936800
v -4.136400 2.311799 7.905100
v -4.170700 2.311799 7.897300
v -4.198100 2.114399 7.919200
v -4.198100 2.114399 7.954401
v -4.170700 2.114399 7.976300
v -4.136400 2.114399 7.968501
v -4.121200 2.114399 7.936800
v -4.136400 2.114399 7.905100
v -4.170700 2.114399 7.897300
v -4.064300 2.110999 8.541300
v -4.102000 2.110999 8.619800
v -4.187000 2.110999 8.639200
v -4.255000 2.110999 8.584800
v -4.255000 2.110999 8.497800
v -4.187000 2.110999 8.443399
v -4.102000 2.110999 8.462800
v -4.064300 2.311799 8.541300
v -4.102000 2.311799 8.619800
v -4.187000 2.311799 8.639200
v -4.255000 2.311799 8.584800
v -4.255000 2.311799 8.497800
v -4.187000 2.311799 8.443399
v -4.102000 2.311799 8.462800
v -4.198100 2.311799 8.523700
v -4.198100 2.311799 8.558900
v -4.170700 2.311799 8.580800
v -4.136400 2.311799 8.573000
v -4.121200 2.311799 8.541300
v -4.136400 2.311799 8.509600
v -4.170700 2.311799 8.501800
v -4.198100 2.114398 8.523700
v -4.198100 2.114398 8.558900
v -4.170700 2.114398 8.580800
v -4.136400 2.114398 8.573000
v -4.121200 2.114398 8.541300
v -4.136400 2.114398 8.509600
v -4.170700 2.114398 8.501800
v -4.064300 2.110999 9.087399
v -4.102000 2.110999 9.165900
v -4.187000 2.110999 9.185200
v -4.255000 2.110999 9.130899
v -4.255000 2.110999 9.043799
v -4.187000 2.110999 8.989500
v -4.102000 2.110999 9.008900
v -4.064300 2.311799 9.087399
v -4.102000 2.311799 9.165900
v -4.187000 2.311799 9.185200
v -4.255000 2.311799 9.130899
v -4.255000 2.311799 9.043799
v -4.187000 2.311799 8.989500
v -4.102000 2.311799 9.008900
v -4.198100 2.311799 9.069799
v -4.198100 2.311799 9.105000
v -4.170700 2.311799 9.126900
v -4.136400 2.311799 9.119100
v -4.121200 2.311799 9.087399
v -4.136400 2.311799 9.055699
v -4.170700 2.311799 9.047900
v -4.198100 2.114398 9.069799
v -4.198100 2.114398 9.105000
v -4.170700 2.114398 9.126900
v -4.136400 2.114398 9.119100
v -4.121200 2.114398 9.087399
v -4.136400 2.114398 9.055699
v -4.170700 2.114398 9.047900
v -4.064300 2.110998 9.964900
v -4.102000 2.110998 10.043400
v -4.187000 2.110998 10.062700
v -4.255000 2.110998 10.008400
v -4.255000 2.110998 9.921300
v -4.187000 2.110998 9.867000
v -4.102000 2.110998 9.886400
v -4.064300 2.311798 9.964900
v -4.102000 2.311798 10.043400
v -4.187000 2.311798 10.062700
v -4.255000 2.311798 10.008400
v -4.255000 2.311798 9.921300
v -4.187000 2.311798 9.867000
v -4.102000 2.311798 9.886400
v -4.198100 2.311798 9.947300
v -4.198100 2.311798 9.982500
v -4.170700 2.311798 10.004400
v -4.136400 2.311798 9.996600
v -4.121200 2.311798 9.964900
v -4.136400 2.311798 9.933200
v -4.170700 2.311798 9.925400
v -4.198100 2.114398 9.947300
v -4.198100 2.114398 9.982500
v -4.170700 2.114398 10.004400
v -4.136400 2.114398 9.996600
v -4.121200 2.114398 9.964900
v -4.136400 2.114398 9.933200
v -4.170700 2.114398 9.925400
v -4.064300 2.110998 10.569400
v -4.102000 2.110998 10.647900
v -4.187000 2.110998 10.667200
v -4.255000 2.110998 10.612900
v -4.255000 2.110998 10.525900
v -4.187000 2.110998 10.471500
v -4.102000 2.110998 10.490900
v -4.064300 2.311798 10.569400
v -4.102000 2.311798 10.647900
v -4.187000 2.311798 10.667200
v -4.255000 2.311798 10.612900
v -4.255000 2.311798 10.525900
v -4.187000 2.311798 10.471500
v -4.102000 2.311798 10.490900
v -4.198100 2.311798 10.551800
v -4.198100 2.311798 10.587000
v -4.170700 2.311798 10.608900
v -4.136400 2.311798 10.601100
v -4.121200 2.311798 10.569400
v -4.136400 2.311798 10.537700
v -4.170700 2.311798 10.529900
v -4.198100 2.114398 10.551800
v -4.198100 2.114398 10.587000
v -4.170700 2.114398 10.608900
v -4.136400 2.114398 10.601100
v -4.121200 2.114398 10.569400
v -4.136400 2.114398 10.537700
v -4.170700 2.114398 10.529900
v -4.064300 2.110998 11.115500
v -4.102000 2.110998 11.194000
v -4.187000 2.110998 11.213300
v -4.255000 2.110998 11.159000
v -4.255000 2.110998 11.071900
v -4.187000 2.110998 11.017600
v -4.102000 2.110998 11.037000
v -4.064300 2.311798 11.115500
v -4.102000 2.311798 11.194000
v -4.187000 2.311798 11.213300
v -4.255000 2.311798 11.159000
v -4.255000 2.311798 11.071900
v -4.187000 2.311798 11.017600
v -4.102000 2.311798 11.037000
v -4.198100 2.311798 11.097900
v -4.198100 2.311798 11.133100
v -4.170700 2.311798 11.155000
v -4.136400 2.311798 11.147200
v -4.121200 2.311798 11.115500
v -4.136400 2.311798 11.083800
v -4.170700 2.311798 11.076000
v -4.198100 2.114398 11.097900
v -4.198100 2.114398 11.133100
v -4.170700 2.114398 11.155000
v -4.136400 2.114398 11.147200
v -4.121200 2.114398 11.115500
v -4.136400 2.114398 11.083800
v -4.170700 2.114398 11.076000
v -5.163600 2.110900 -2.823300
v -3.162900 2.110900 -2.823300
v -5.163600 2.110901 -4.813099
v -3.162900 2.110901 -4.813099
v -3.370400 0.279300 -2.936300
v -3.266100 0.279300 -2.936300
v -3.370400 2.110801 -2.936300
v -3.266100 2.110801 -2.936300
v -3.370400 2.110801 -3.051900
v -3.266100 2.110801 -3.051900
v -3.370400 0.279301 -3.051900
v -3.266100 0.279301 -3.051900
v -5.033700 0.279300 -2.936300
v -4.929400 0.279300 -2.936300
v -5.033700 2.110801 -2.936300
v -4.929400 2.110801 -2.936300
v -5.033700 2.110801 -3.051900
v -4.929400 2.110801 -3.051900
v -5.033700 0.279301 -3.051900
v -4.929400 0.279301 -3.051900
v -3.370400 0.279301 -4.598800
v -3.266100 0.279301 -4.598800
v -3.370400 2.110801 -4.598800
v -3.266100 2.110801 -4.598800
v -3.370400 2.110801 -4.714399
v -3.266100 2.110801 -4.714399
v -3.370400 0.279301 -4.714400
v -3.266100 0.279301 -4.714400
v -5.033700 0.279301 -4.598800
v -4.929400 0.279301 -4.598800
v -5.033700 2.110801 -4.598800
v -4.929400 2.110801 -4.598800
v -5.033700 2.110801 -4.714399
v -4.929400 2.110801 -4.714399
v -5.033700 0.279301 -4.714400
v -4.929400 0.279301 -4.714400
v -5.163600 1.209700 -2.823300
v -3.162900 1.209700 -2.823300
v -5.163600 1.209701 -4.813100
v -3.162900 1.209701 -4.813100
v -5.163600 0.279300 -2.823300
v -3.162900 0.279300 -2.823300
v -5.163600 0.279301 -4.813100
v -3.162900 0.279301 -4.813100
v -5.163600 2.110901 -4.939799
v -3.162900 2.110901 -4.939799
v -5.163600 2.110901 -6.929599
v -3.162900 2.110901 -6.929599
v -5.163600 1.209701 -4.939800
v -3.162900 1.209701 -4.939800
v -5.163600 1.209701 -6.929600
v -3.162900 1.209701 -6.929600
v -5.163600 0.279301 -4.939800
v -3.162900 0.279301 -4.939800
v -5.163600 0.279301 -6.929600
v -3.162900 0.279301 -6.929600
v -5.033700 0.279301 -5.052800
v -4.929400 0.279301 -5.052800
v -5.033700 2.110801 -5.052800
v -4.929400 2.110801 -5.052800
v -5.033700 2.110801 -5.168399
v -4.929400 2.110801 -5.168399
v -5.033700 0.279301 -5.168400
v -4.929400 0.279301 -5.168400
v -3.370400 0.279301 -5.052800
v -3.266100 0.279301 -5.052800
v -3.370400 2.110801 -5.052800
v -3.266100 2.110801 -5.052800
v -3.370400 2.110801 -5.168399
v -3.266100 2.110801 -5.168399
v -3.370400 0.279301 -5.168400
v -3.266100 0.279301 -5.168400
v -5.033700 0.279301 -6.715300
v -4.929400 0.279301 -6.715300
v -5.033700 2.110801 -6.715300
v -4.929400 2.110801 -6.715300
v -5.033700 2.110801 -6.830900
v -4.929400 2.110801 -6.830900
v -5.033700 0.279301 -6.830900
v -4.929400 0.279301 -6.830900
v -3.370400 0.279301 -6.715300
v -3.266100 0.279301 -6.715300
v -3.370400 2.110801 -6.715300
v -3.266100 2.110801 -6.715300
v -3.370400 2.110801 -6.830900
v -3.266100 2.110801 -6.830900
v -3.370400 0.279301 -6.830900
v -3.266100 0.279301 -6.830900
v -5.163600 2.110900 -0.802900
v -3.162900 2.110900 -0.802900
v -5.163600 2.110900 -2.792700
v -3.162900 2.110900 -2.792700
v -5.163600 1.209700 -0.802900
v -3.162900 1.209700 -0.802900
v -5.163600 1.209700 -2.792700
v -3.162900 1.209700 -2.792700
v -5.163600 0.279300 -0.802900
v -3.162900 0.279300 -0.802900
v -5.163600 0.279300 -2.792700
v -3.162900 0.279300 -2.792700
v -5.033700 0.279300 -0.915900
v -4.929400 0.279300 -0.915900
v -5.033700 2.110800 -0.915900
v -4.929400 2.110800 -0.915900
v -5.033700 2.110800 -1.031500
v -4.929400 2.110800 -1.031500
v -5.033700 0.279300 -1.031500
v -4.929400 0.279300 -1.031500
v -3.370400 0.279300 -0.915900
v -3.266100 0.279300 -0.915900
v -3.370400 2.110800 -0.915900
v -3.266100 2.110800 -0.915900
v -3.370400 2.110800 -1.031500
v -3.266100 2.110800 -1.031500
v -3.370400 0.279300 -1.031500
v -3.266100 0.279300 -1.031500
v -5.033700 0.279300 -2.578400
v -4.929400 0.279300 -2.578400
v -5.033700 2.110801 -2.578400
v -4.929400 2.110801 -2.578400
v -5.033700 2.110801 -2.694000
v -4.929400 2.110801 -2.694000
v -5.033700 0.279300 -2.694000
v -4.929400 0.279300 -2.694000
v -3.370400 0.279300 -2.578400
v -3.266100 0.279300 -2.578400
v -3.370400 2.110801 -2.578400
v -3.266100 2.110801 -2.578400
v -3.370400 2.110801 -2.694000
v -3.266100 2.110801 -2.694000
v -3.370400 0.279300 -2.694000
v -3.266100 0.279300 -2.694000
v -5.163600 2.110900 1.227900
v -3.162900 2.110900 1.227900
v -5.163600 2.110900 -0.761900
v -3.162900 2.110900 -0.761900
v -5.163600 1.209700 1.227900
v -3.162900 1.209700 1.227900
v -5.163600 1.209700 -0.761900
v -3.162900 1.209700 -0.761900
v -5.163600 0.279300 1.227900
v -3.162900 0.279300 1.227900
v -5.163600 0.279300 -0.761900
v -3.162900 0.279300 -0.761900
v -5.033700 0.279300 1.114900
v -4.929400 0.279300 1.114900
v -5.033700 2.110800 1.114900
v -4.929400 2.110800 1.114900
v -5.033700 2.110800 0.999300
v -4.929400 2.110800 0.999300
v -5.033700 0.279300 0.999300
v -4.929400 0.279300 0.999300
v -3.370400 0.279300 1.114900
v -3.266100 0.279300 1.114900
v -3.370400 2.110800 1.114900
v -3.266100 2.110800 1.114900
v -3.370400 2.110800 0.999300
v -3.266100 2.110800 0.999300
v -3.370400 0.279300 0.999300
v -3.266100 0.279300 0.999300
v -5.033700 0.279300 -0.547600
v -4.929400 0.279300 -0.547600
v -5.033700 2.110800 -0.547600
v -4.929400 2.110800 -0.547600
v -5.033700 2.110800 -0.663200
v -4.929400 2.110800 -0.663200
v -5.033700 0.279300 -0.663200
v -4.929400 0.279300 -0.663200
v -3.370400 0.279300 -0.547600
v -3.266100 0.279300 -0.547600
v -3.370400 2.110800 -0.547600
v -3.266100 2.110800 -0.547600
v -3.370400 2.110800 -0.663200
v -3.266100 2.110800 -0.663200
v -3.370400 0.279300 -0.663200
v -3.266100 0.279300 -0.663200
v -5.163600 2.110899 3.272200
v -3.162900 2.110899 3.272200
v -5.163600 2.110900 1.282400
v -3.162900 2.110900 1.282400
v -5.163600 1.209700 3.272200
v -3.162900 1.209700 3.272200
v -5.163600 1.209700 1.282400
v -3.162900 1.209700 1.282400
v -5.163600 0.279299 3.272200
v -3.162900 0.279299 3.272200
v -5.163600 0.279300 1.282400
v -3.162900 0.279300 1.282400
v -5.033700 0.279299 3.159200
v -4.929400 0.279299 3.159200
v -5.033700 2.110800 3.159200
v -4.929400 2.110800 3.159200
v -5.033700 2.110800 3.043600
v -4.929400 2.110800 3.043600
v -5.033700 0.279299 3.043600
v -4.929400 0.279299 3.043600
v -3.370400 0.279299 3.159200
v -3.266100 0.279299 3.159200
v -3.370400 2.110800 3.159200
v -3.266100 2.110800 3.159200
v -3.370400 2.110800 3.043600
v -3.266100 2.110800 3.043600
v -3.370400 0.279299 3.043600
v -3.266100 0.279299 3.043600
v -5.033700 0.279300 1.496700
v -4.929400 0.279300 1.496700
v -5.033700 2.110800 1.496700
v -4.929400 2.110800 1.496700
v -5.033700 2.110800 1.381100
v -4.929400 2.110800 1.381100
v -5.033700 0.279300 1.381100
v -4.929400 0.279300 1.381100
v -3.370400 0.279300 1.496700
v -3.266100 0.279300 1.496700
v -3.370400 2.110800 1.496700
v -3.266100 2.110800 1.496700
v -3.370400 2.110800 1.381100
v -3.266100 2.110800 1.381100
v -3.370400 0.279300 1.381100
v -3.266100 0.279300 1.381100
v -4.746000 2.110801 -6.531199
v -4.783800 2.110801 -6.452700
v -4.868800 2.110801 -6.433300
v -4.936800 2.110801 -6.487700
v -4.936800 2.110801 -6.574699
v -4.868800 2.110801 -6.629099
v -4.783800 2.110801 -6.609700
v -4.746000 2.311601 -6.531199
v -4.783800 2.311601 -6.452700
v -4.868800 2.311601 -6.433300
v -4.936800 2.311601 -6.487700
v -4.936800 2.311601 -6.574699
v -4.868800 2.311601 -6.629099
v -4.783800 2.311601 -6.609700
v -4.879900 2.311601 -6.548800
v -4.879900 2.311601 -6.513599
v -4.852500 2.311601 -6.491700
v -4.818200 2.311601 -6.499499
v -4.802900 2.311601 -6.531199
v -4.818200 2.311601 -6.562900
v -4.852500 2.311601 -6.570700
v -4.879900 2.114201 -6.548800
v -4.879900 2.114201 -6.513599
v -4.852500 2.114201 -6.491700
v -4.818200 2.114201 -6.499499
v -4.802900 2.114201 -6.531199
v -4.818200 2.114201 -6.562900
v -4.852500 2.114201 -6.570700
v -4.064400 2.110801 -6.531199
v -4.102200 2.110801 -6.452700
v -4.187200 2.110801 -6.433300
v -4.255200 2.110801 -6.487700
v -4.255200 2.110801 -6.574699
v -4.187200 2.110801 -6.629099
v -4.102200 2.110801 -6.609700
v -4.064400 2.311601 -6.531199
v -4.102200 2.311601 -6.452700
v -4.187200 2.311601 -6.433300
v -4.255200 2.311601 -6.487700
v -4.255200 2.311601 -6.574699
v -4.187200 2.311601 -6.629099
v -4.102200 2.311601 -6.609700
v -4.198300 2.311601 -6.548800
v -4.198300 2.311601 -6.513599
v -4.170900 2.311601 -6.491700
v -4.136600 2.311601 -6.499499
v -4.121300 2.311601 -6.531199
v -4.136600 2.311601 -6.562900
v -4.170900 2.311601 -6.570700
v -4.198300 2.114201 -6.548800
v -4.198300 2.114201 -6.513599
v -4.170900 2.114201 -6.491700
v -4.136600 2.114201 -6.499499
v -4.121300 2.114201 -6.531199
v -4.136600 2.114201 -6.562900
v -4.170900 2.114201 -6.570700
v -3.385300 2.110801 -6.531199
v -3.423100 2.110801 -6.452700
v -3.508100 2.110801 -6.433300
v -3.576100 2.110801 -6.487700
v -3.576100 2.110801 -6.574699
v -3.508100 2.110801 -6.629099
v -3.423100 2.110801 -6.609700
v -3.385300 2.311601 -6.531199
v -3.423100 2.311601 -6.452700
v -3.508100 2.311601 -6.433300
v -3.576100 2.311601 -6.487700
v -3.576100 2.311601 -6.574699
v -3.508100 2.311601 -6.629099
v -3.423100 2.311601 -6.609700
v -3.519200 2.311601 -6.548800
v -3.519200 2.311601 -6.513599
v -3.491800 2.311601 -6.491700
v -3.457500 2.311601 -6.499499
v -3.442200 2.311601 -6.531199
v -3.457500 2.311601 -6.562900
v -3.491800 2.311601 -6.570700
v -3.519200 2.114201 -6.548800
v -3.519200 2.114201 -6.513599
v -3.491800 2.114201 -6.491700
v -3.457500 2.114201 -6.499499
v -3.442200 2.114201 -6.531199
v -3.457500 2.114201 -6.562900
v -3.491800 2.114201 -6.570700
v -3.405400 1.210501 -6.531200
v -3.443200 1.210501 -6.452700
v -3.528100 1.210501 -6.433300
v -3.596200 1.210501 -6.487700
v -3.596200 1.210501 -6.574700
v -3.528100 1.210501 -6.629100
v -3.443200 1.210501 -6.609700
v -3.405400 1.411301 -6.531200
v -3.443200 1.411301 -6.452700
v -3.528100 1.411301 -6.433300
v -3.596200 1.411301 -6.487700
v -3.596200 1.411301 -6.574700
v -3.528100 1.411301 -6.629100
v -3.443200 1.411301 -6.609700
v -3.539300 1.411301 -6.548800
v -3.539300 1.411301 -6.513600
v -3.511900 1.411301 -6.491700
v -3.477600 1.411301 -6.499500
v -3.462300 1.411301 -6.531200
v -3.477600 1.411301 -6.562900
v -3.511900 1.411301 -6.570700
v -3.539300 1.213901 -6.548800
v -3.539300 1.213901 -6.513600
v -3.511900 1.213901 -6.491700
v -3.477600 1.213901 -6.499500
v -3.462300 1.213901 -6.531200
v -3.477600 1.213901 -6.562900
v -3.511900 1.213901 -6.570700
v -4.085400 1.210501 -6.531200
v -4.123200 1.210501 -6.452700
v -4.208100 1.210501 -6.433300
v -4.276200 1.210501 -6.487700
v -4.276200 1.210501 -6.574700
v -4.208100 1.210501 -6.629100
v -4.123200 1.210501 -6.609700
v -4.085400 1.411301 -6.531200
v -4.123200 1.411301 -6.452700
v -4.208100 1.411301 -6.433300
v -4.276200 1.411301 -6.487700
v -4.276200 1.411301 -6.574700
v -4.208100 1.411301 -6.629100
v -4.123200 1.411301 -6.609700
v -4.219300 1.411301 -6.548800
v -4.219300 1.411301 -6.513600
v -4.191900 1.411301 -6.491700
v -4.157600 1.411301 -6.499500
v -4.142300 1.411301 -6.531200
v -4.157600 1.411301 -6.562900
v -4.191900 1.411301 -6.570700
v -4.219300 1.213901 -6.548800
v -4.219300 1.213901 -6.513600
v -4.191900 1.213901 -6.491700
v -4.157600 1.213901 -6.499500
v -4.142300 1.213901 -6.531200
v -4.157600 1.213901 -6.562900
v -4.191900 1.213901 -6.570700
v -4.744700 1.210501 -6.531200
v -4.782500 1.210501 -6.452700
v -4.867400 1.210501 -6.433300
v -4.935500 1.210501 -6.487700
v -4.935500 1.210501 -6.574700
v -4.867400 1.210501 -6.629100
v -4.782500 1.210501 -6.609700
v -4.744700 1.411301 -6.531200
v -4.782500 1.411301 -6.452700
v -4.867400 1.411301 -6.433300
v -4.935500 1.411301 -6.487700
v -4.935500 1.411301 -6.574700
v -4.867400 1.411301 -6.629100
v -4.782500 1.411301 -6.609700
v -4.878600 1.411301 -6.548800
v -4.878600 1.411301 -6.513600
v -4.851200 1.411301 -6.491700
v -4.816900 1.411301 -6.499500
v -4.801600 1.411301 -6.531200
v -4.816900 1.411301 -6.562900
v -4.851200 1.411301 -6.570700
v -4.878600 1.213901 -6.548800
v -4.878600 1.213901 -6.513600
v -4.851200 1.213901 -6.491700
v -4.816900 1.213901 -6.499500
v -4.801600 1.213901 -6.531200
v -4.816900 1.213901 -6.562900
v -4.851200 1.213901 -6.570700
v -4.744700 0.278501 -6.531200
v -4.782500 0.278501 -6.452700
v -4.867400 0.278501 -6.433300
v -4.935500 0.278501 -6.487700
v -4.935500 0.278501 -6.574700
v -4.867400 0.278501 -6.629100
v -4.782500 0.278501 -6.609700
v -4.744700 0.479301 -6.531200
v -4.782500 0.479301 -6.452700
v -4.867400 0.479301 -6.433300
v -4.935500 0.479301 -6.487700
v -4.935500 0.479301 -6.574700
v -4.867400 0.479301 -6.629100
v -4.782500 0.479301 -6.609700
v -4.878600 0.479301 -6.548800
v -4.878600 0.479301 -6.513600
v -4.851200 0.479301 -6.491700
v -4.816900 0.479301 -6.499500
v -4.801600 0.479301 -6.531200
v -4.816900 0.479301 -6.562900
v -4.851200 0.479301 -6.570700
v -4.878600 0.281901 -6.548800
v -4.878600 0.281901 -6.513600
v -4.851200 0.281901 -6.491700
v -4.816900 0.281901 -6.499500
v -4.801600 0.281901 -6.531200
v -4.816900 0.281901 -6.562900
v -4.851200 0.281901 -6.570700
v -4.085500 0.278501 -6.531200
v -4.123300 0.278501 -6.452700
v -4.208200 0.278501 -6.433300
v -4.276300 0.278501 -6.487700
v -4.276300 0.278501 -6.574700
v -4.208200 0.278501 -6.629100
v -4.123300 0.278501 -6.609700
v -4.085500 0.479301 -6.531200
v -4.123300 0.479301 -6.452700
v -4.208200 0.479301 -6.433300
v -4.276300 0.479301 -6.487700
v -4.276300 0.479301 -6.574700
v -4.208200 0.479301 -6.629100
v -4.123300 0.479301 -6.609700
v -4.219400 0.479301 -6.548800
v -4.219400 0.479301 -6.513600
v -4.192000 0.479301 -6.491700
v -4.157700 0.479301 -6.499500
v -4.142400 0.479301 -6.531200
v -4.157700 0.479301 -6.562900
v -4.192000 0.479301 -6.570700
v -4.219400 0.281901 -6.548800
v -4.219400 0.281901 -6.513600
v -4.192000 0.281901 -6.491700
v -4.157700 0.281901 -6.499500
v -4.142400 0.281901 -6.531200
v -4.157700 0.281901 -6.562900
v -4.192000 0.281901 -6.570700
v -3.407000 0.278501 -6.531200
v -3.444800 0.278501 -6.452700
v -3.529700 0.278501 -6.433300
v -3.597800 0.278501 -6.487700
v -3.597800 0.278501 -6.574700
v -3.529700 0.278501 -6.629100
v -3.444800 0.278501 -6.609700
v -3.407000 0.479301 -6.531200
v -3.444800 0.479301 -6.452700
v -3.529700 0.479301 -6.433300
v -3.597800 0.479301 -6.487700
v -3.597800 0.479301 -6.574700
v -3.529700 0.479301 -6.629100
v -3.444800 0.479301 -6.609700
v -3.540900 0.479301 -6.548800
v -3.540900 0.479301 -6.513600
v -3.513500 0.479301 -6.491700
v -3.479200 0.479301 -6.499500
v -3.463900 0.479301 -6.531200
v -3.479200 0.479301 -6.562900
v -3.513500 0.479301 -6.570700
v -3.540900 0.281901 -6.548800
v -3.540900 0.281901 -6.513600
v -3.513500 0.281901 -6.491700
v -3.479200 0.281901 -6.499500
v -3.463900 0.281901 -6.531200
v -3.479200 0.281901 -6.562900
v -3.513500 0.281901 -6.570700
v -3.385300 2.110801 -5.380599
v -3.423100 2.110801 -5.302100
v -3.508100 2.110801 -5.282700
v -3.576100 2.110801 -5.337100
v -3.576100 2.110801 -5.424099
v -3.508100 2.110801 -5.478499
v -3.423100 2.110801 -5.459099
v -3.385300 2.311601 -5.380599
v -3.423100 2.311601 -5.302100
v -3.508100 2.311601 -5.282700
v -3.576100 2.311601 -5.337100
v -3.576100 2.311601 -5.424099
v -3.508100 2.311601 -5.478499
v -3.423100 2.311601 -5.459099
v -3.519200 2.311601 -5.398200
v -3.519200 2.311601 -5.362999
v -3.491800 2.311601 -5.341100
v -3.457500 2.311601 -5.348899
v -3.442200 2.311601 -5.380599
v -3.457500 2.311601 -5.412300
v -3.491800 2.311601 -5.420100
v -3.519200 2.114201 -5.398200
v -3.519200 2.114201 -5.362999
v -3.491800 2.114201 -5.341100
v -3.457500 2.114201 -5.348899
v -3.442200 2.114201 -5.380599
v -3.457500 2.114201 -5.412300
v -3.491800 2.114201 -5.420100
v -4.064400 2.110801 -5.380599
v -4.102200 2.110801 -5.302100
v -4.187200 2.110801 -5.282700
v -4.255200 2.110801 -5.337100
v -4.255200 2.110801 -5.424099
v -4.187200 2.110801 -5.478499
v -4.102200 2.110801 -5.459099
v -4.064400 2.311601 -5.380599
v -4.102200 2.311601 -5.302100
v -4.187200 2.311601 -5.282700
v -4.255200 2.311601 -5.337100
v -4.255200 2.311601 -5.424099
v -4.187200 2.311601 -5.478499
v -4.102200 2.311601 -5.459099
v -4.198300 2.311601 -5.398200
v -4.198300 2.311601 -5.362999
v -4.170900 2.311601 -5.341100
v -4.136600 2.311601 -5.348899
v -4.121300 2.311601 -5.380599
v -4.136600 2.311601 -5.412300
v -4.170900 2.311601 -5.420100
v -4.198300 2.114201 -5.398200
v -4.198300 2.114201 -5.362999
v -4.170900 2.114201 -5.341100
v -4.136600 2.114201 -5.348899
v -4.121300 2.114201 -5.380599
v -4.136600 2.114201 -5.412300
v -4.170900 2.114201 -5.420100
v -4.746000 2.110801 -5.380599
v -4.783800 2.110801 -5.302100
v -4.868800 2.110801 -5.282700
v -4.936800 2.110801 -5.337100
v -4.936800 2.110801 -5.424099
v -4.868800 2.110801 -5.478499
v -4.783800 2.110801 -5.459099
v -4.746000 2.311601 -5.380599
v -4.783800 2.311601 -5.302100
v -4.868800 2.311601 -5.282700
v -4.936800 2.311601 -5.337100
v -4.936800 2.311601 -5.424099
v -4.868800 2.311601 -5.478499
v -4.783800 2.311601 -5.459099
v -4.879900 2.311601 -5.398200
v -4.879900 2.311601 -5.362999
v -4.852500 2.311601 -5.341100
v -4.818200 2.311601 -5.348899
v -4.802900 2.311601 -5.380599
v -4.818200 2.311601 -5.412300
v -4.852500 2.311601 -5.420100
v -4.879900 2.114201 -5.398200
v -4.879900 2.114201 -5.362999
v -4.852500 2.114201 -5.341100
v -4.818200 2.114201 -5.348899
v -4.802900 2.114201 -5.380599
v -4.818200 2.114201 -5.412300
v -4.852500 2.114201 -5.420100
v -3.405400 1.210501 -5.380600
v -3.443200 1.210501 -5.302100
v -3.528100 1.210501 -5.282700
v -3.596200 1.210501 -5.337100
v -3.596200 1.210501 -5.424100
v -3.528100 1.210501 -5.478500
v -3.443200 1.210501 -5.459100
v -3.405400 1.411301 -5.380600
v -3.443200 1.411301 -5.302100
v -3.528100 1.411301 -5.282700
v -3.596200 1.411301 -5.337100
v -3.596200 1.411301 -5.424100
v -3.528100 1.411301 -5.478500
v -3.443200 1.411301 -5.459100
v -3.539300 1.411301 -5.398200
v -3.539300 1.411301 -5.363000
v -3.511900 1.411301 -5.341100
v -3.477600 1.411301 -5.348900
v -3.462300 1.411301 -5.380600
v -3.477600 1.411301 -5.412300
v -3.511900 1.411301 -5.420100
v -3.539300 1.213901 -5.398200
v -3.539300 1.213901 -5.363000
v -3.511900 1.213901 -5.341100
v -3.477600 1.213901 -5.348900
v -3.462300 1.213901 -5.380600
v -3.477600 1.213901 -5.412300
v -3.511900 1.213901 -5.420100
v -4.085400 1.210501 -5.380600
v -4.123200 1.210501 -5.302100
v -4.208100 1.210501 -5.282700
v -4.276200 1.210501 -5.337100
v -4.276200 1.210501 -5.424100
v -4.208100 1.210501 -5.478500
v -4.123200 1.210501 -5.459100
v -4.085400 1.411301 -5.380600
v -4.123200 1.411301 -5.302100
v -4.208100 1.411301 -5.282700
v -4.276200 1.411301 -5.337100
v -4.276200 1.411301 -5.424100
v -4.208100 1.411301 -5.478500
v -4.123200 1.411301 -5.459100
v -4.219300 1.411301 -5.398200
v -4.219300 1.411301 -5.363000
v -4.191900 1.411301 -5.341100
v -4.157600 1.411301 -5.348900
v -4.142300 1.411301 -5.380600
v -4.157600 1.411301 -5.412300
v -4.191900 1.411301 -5.420100
v -4.219300 1.213901 -5.398200
v -4.219300 1.213901 -5.363000
v -4.191900 1.213901 -5.341100
v -4.157600 1.213901 -5.348900
v -4.142300 1.213901 -5.380600
v -4.157600 1.213901 -5.412300
v -4.191900 1.213901 -5.420100
v -4.744700 1.210501 -5.380600
v -4.782500 1.210501 -5.302100
v -4.867400 1.210501 -5.282700
v -4.935500 1.210501 -5.337100
v -4.935500 1.210501 -5.424100
v -4.867400 1.210501 -5.478500
v -4.782500 1.210501 -5.459100
v -4.744700 1.411301 -5.380600
v -4.782500 1.411301 -5.302100
v -4.867400 1.411301 -5.282700
v -4.935500 1.411301 -5.337100
v -4.935500 1.411301 -5.424100
v -4.867400 1.411301 -5.478500
v -4.782500 1.411301 -5.459100
v -4.878600 1.411301 -5.398200
v -4.878600 1.411301 -5.363000
v -4.851200 1.411301 -5.341100
v -4.816900 1.411301 -5.348900
v -4.801600 1.411301 -5.380600
v -4.816900 1.411301 -5.412300
v -4.851200 1.411301 -5.420100
v -4.878600 1.213901 -5.398200
v -4.878600 1.213901 -5.363000
v -4.851200 1.213901 -5.341100
v -4.816900 1.213901 -5.348900
v -4.801600 1.213901 -5.380600
v -4.816900 1.213901 -5.412300
v -4.851200 1.213901 -5.420100
v -3.407000 0.278501 -5.380600
v -3.444800 0.278501 -5.302100
v -3.529700 0.278501 -5.282700
v -3.597800 0.278501 -5.337100
v -3.597800 0.278501 -5.424100
v -3.529700 0.278501 -5.478500
v -3.444800 0.278501 -5.459100
v -3.407000 0.479301 -5.380600
v -3.444800 0.479301 -5.302100
v -3.529700 0.479301 -5.282700
v -3.597800 0.479301 -5.337100
v -3.597800 0.479301 -5.424100
v -3.529700 0.479301 -5.478500
v -3.444800 0.479301 -5.459100
v -3.540900 0.479301 -5.398200
v -3.540900 0.479301 -5.363000
v -3.513500 0.479301 -5.341100
v -3.479200 0.479301 -5.348900
v -3.463900 0.479301 -5.380600
v -3.479200 0.479301 -5.412300
v -3.513500 0.479301 -5.420100
v -3.540900 0.281901 -5.398200
v -3.540900 0.281901 -5.363000
v -3.513500 0.281901 -5.341100
v -3.479200 0.281901 -5.348900
v -3.463900 0.281901 -5.380600
v -3.479200 0.281901 -5.412300
v -3.513500 0.281901 -5.420100
v -4.085500 0.278501 -5.380600
v -4.123300 0.278501 -5.302100
v -4.208200 0.278501 -5.282700
v -4.276300 0.278501 -5.337100
v -4.276300 0.278501 -5.424100
v -4.208200 0.278501 -5.478500
v -4.123300 0.278501 -5.459100
v -4.085500 0.479301 -5.380600
v -4.123300 0.479301 -5.302100
v -4.208200 0.479301 -5.282700
v -4.276300 0.479301 -5.337100
v -4.276300 0.479301 -5.424100
v -4.208200 0.479301 -5.478500
v -4.123300 0.479301 -5.459100
v -4.219400 0.479301 -5.398200
v -4.219400 0.479301 -5.363000
v -4.192000 0.479301 -5.341100
v -4.157700 0.479301 -5.348900
v -4.142400 0.479301 -5.380600
v -4.157700 0.479301 -5.412300
v -4.192000 0.479301 -5.420100
v -4.219400 0.281901 -5.398200
v -4.219400 0.281901 -5.363000
v -4.192000 0.281901 -5.341100
v -4.157700 0.281901 -5.348900
v -4.142400 0.281901 -5.380600
v -4.157700 0.281901 -5.412300
v -4.192000 0.281901 -5.420100
v -4.744700 0.278501 -5.380600
v -4.782500 0.278501 -5.302100
v -4.867400 0.278501 -5.282700
v -4.935500 0.278501 -5.337100
v -4.935500 0.278501 -5.424100
v -4.867400 0.278501 -5.478500
v -4.782500 0.278501 -5.459100
v -4.744700 0.479301 -5.380600
v -4.782500 0.479301 -5.302100
v -4.867400 0.479301 -5.282700
v -4.935500 0.479301 -5.337100
v -4.935500 0.479301 -5.424100
v -4.867400 0.479301 -5.478500
v -4.782500 0.479301 -5.459100
v -4.878600 0.479301 -5.398200
v -4.878600 0.479301 -5.363000
v -4.851200 0.479301 -5.341100
v -4.816900 0.479301 -5.348900
v -4.801600 0.479301 -5.380600
v -4.816900 0.479301 -5.412300
v -4.851200 0.479301 -5.420100
v -4.878600 0.281901 -5.398200
v -4.878600 0.281901 -5.363000
v -4.851200 0.281901 -5.341100
v -4.816900 0.281901 -5.348900
v -4.801600 0.281901 -5.380600
v -4.816900 0.281901 -5.412300
v -4.851200 0.281901 -5.420100
v -3.385300 2.110801 -5.926700
v -3.423100 2.110801 -5.848199
v -3.508100 2.110801 -5.828800
v -3.576100 2.110801 -5.883100
v -3.576100 2.110801 -5.970200
v -3.508100 2.110801 -6.024499
v -3.423100 2.110801 -6.005199
v -3.385300 2.311601 -5.926700
v -3.423100 2.311601 -5.848199
v -3.508100 2.311601 -5.828800
v -3.576100 2.311601 -5.883100
v -3.576100 2.311601 -5.970200
v -3.508100 2.311601 -6.024499
v -3.423100 2.311601 -6.005199
v -3.519200 2.311601 -5.944300
v -3.519200 2.311601 -5.909100
v -3.491800 2.311601 -5.887199
v -3.457500 2.311601 -5.895000
v -3.442200 2.311601 -5.926700
v -3.457500 2.311601 -5.958399
v -3.491800 2.311601 -5.966199
v -3.519200 2.114201 -5.944300
v -3.519200 2.114201 -5.909100
v -3.491800 2.114201 -5.887199
v -3.457500 2.114201 -5.895000
v -3.442200 2.114201 -5.926700
v -3.457500 2.114201 -5.958399
v -3.491800 2.114201 -5.966199
v -4.064400 2.110801 -5.926700
v -4.102200 2.110801 -5.848199
v -4.187200 2.110801 -5.828800
v -4.255200 2.110801 -5.883100
v -4.255200 2.110801 -5.970200
v -4.187200 2.110801 -6.024499
v -4.102200 2.110801 -6.005199
v -4.064400 2.311601 -5.926700
v -4.102200 2.311601 -5.848199
v -4.187200 2.311601 -5.828800
v -4.255200 2.311601 -5.883100
v -4.255200 2.311601 -5.970200
v -4.187200 2.311601 -6.024499
v -4.102200 2.311601 -6.005199
v -4.198300 2.311601 -5.944300
v -4.198300 2.311601 -5.909100
v -4.170900 2.311601 -5.887199
v -4.136600 2.311601 -5.895000
v -4.121300 2.311601 -5.926700
v -4.136600 2.311601 -5.958399
v -4.170900 2.311601 -5.966199
v -4.198300 2.114201 -5.944300
v -4.198300 2.114201 -5.909100
v -4.170900 2.114201 -5.887199
v -4.136600 2.114201 -5.895000
v -4.121300 2.114201 -5.926700
v -4.136600 2.114201 -5.958399
v -4.170900 2.114201 -5.966199
v -4.746000 2.110801 -5.926700
v -4.783800 2.110801 -5.848199
v -4.868800 2.110801 -5.828800
v -4.936800 2.110801 -5.883100
v -4.936800 2.110801 -5.970200
v -4.868800 2.110801 -6.024499
v -4.783800 2.110801 -6.005199
v -4.746000 2.311601 -5.926700
v -4.783800 2.311601 -5.848199
v -4.868800 2.311601 -5.828800
v -4.936800 2.311601 -5.883100
v -4.936800 2.311601 -5.970200
v -4.868800 2.311601 -6.024499
v -4.783800 2.311601 -6.005199
v -4.879900 2.311601 -5.944300
v -4.879900 2.311601 -5.909100
v -4.852500 2.311601 -5.887199
v -4.818200 2.311601 -5.895000
v -4.802900 2.311601 -5.926700
v -4.818200 2.311601 -5.958399
v -4.852500 2.311601 -5.966199
v -4.879900 2.114201 -5.944300
v -4.879900 2.114201 -5.909100
v -4.852500 2.114201 -5.887199
v -4.818200 2.114201 -5.895000
v -4.802900 2.114201 -5.926700
v -4.818200 2.114201 -5.958399
v -4.852500 2.114201 -5.966199
v -3.405400 1.210501 -5.926700
v -3.443200 1.210501 -5.848200
v -3.528100 1.210501 -5.828800
v -3.596200 1.210501 -5.883100
v -3.596200 1.210501 -5.970200
v -3.528100 1.210501 -6.024500
v -3.443200 1.210501 -6.005200
v -3.405400 1.411301 -5.926700
v -3.443200 1.411301 -5.848200
v -3.528100 1.411301 -5.828800
v -3.596200 1.411301 -5.883100
v -3.596200 1.411301 -5.970200
v -3.528100 1.411301 -6.024500
v -3.443200 1.411301 -6.005200
v -3.539300 1.411301 -5.944300
v -3.539300 1.411301 -5.909100
v -3.511900 1.411301 -5.887200
v -3.477600 1.411301 -5.895000
v -3.462300 1.411301 -5.926700
v -3.477600 1.411301 -5.958400
v -3.511900 1.411301 -5.966200
v -3.539300 1.213901 -5.944300
v -3.539300 1.213901 -5.909100
v -3.511900 1.213901 -5.887200
v -3.477600 1.213901 -5.895000
v -3.462300 1.213901 -5.926700
v -3.477600 1.213901 -5.958400
v -3.511900 1.213901 -5.966200
v -4.085400 1.210501 -5.926700
v -4.123200 1.210501 -5.848200
v -4.208100 1.210501 -5.828800
v -4.276200 1.210501 -5.883100
v -4.276200 1.210501 -5.970200
v -4.208100 1.210501 -6.024500
v -4.123200 1.210501 -6.005200
v -4.085400 1.411301 -5.926700
v -4.123200 1.411301 -5.848200
v -4.208100 1.411301 -5.828800
v -4.276200 1.411301 -5.883100
v -4.276200 1.411301 -5.970200
v -4.208100 1.411301 -6.024500
v -4.123200 1.411301 -6.005200
v -4.219300 1.411301 -5.944300
v -4.219300 1.411301 -5.909100
v -4.191900 1.411301 -5.887200
v -4.157600 1.411301 -5.895000
v -4.142300 1.411301 -5.926700
v -4.157600 1.411301 -5.958400
v -4.191900 1.411301 -5.966200
v -4.219300 1.213901 -5.944300
v -4.219300 1.213901 -5.909100
v -4.191900 1.213901 -5.887200
v -4.157600 1.213901 -5.895000
v -4.142300 1.213901 -5.926700
v -4.157600 1.213901 -5.958400
v -4.191900 1.213901 -5.966200
v -4.744700 1.210501 -5.926700
v -4.782500 1.210501 -5.848200
v -4.867400 1.210501 -5.828800
v -4.935500 1.210501 -5.883100
v -4.935500 1.210501 -5.970200
v -4.867400 1.210501 -6.024500
v -4.782500 1.210501 -6.005200
v -4.744700 1.411301 -5.926700
v -4.782500 1.411301 -5.848200
v -4.867400 1.411301 -5.828800
v -4.935500 1.411301 -5.883100
v -4.935500 1.411301 -5.970200
v -4.867400 1.411301 -6.024500
v -4.782500 1.411301 -6.005200
v -4.878600 1.411301 -5.944300
v -4.878600 1.411301 -5.909100
v -4.851200 1.411301 -5.887200
v -4.816900 1.411301 -5.895000
v -4.801600 1.411301 -5.926700
v -4.816900 1.411301 -5.958400
v -4.851200 1.411301 -5.966200
v -4.878600 1.213901 -5.944300
v -4.878600 1.213901 -5.909100
v -4.851200 1.213901 -5.887200
v -4.816900 1.213901 -5.895000
v -4.801600 1.213901 -5.926700
v -4.816900 1.213901 -5.958400
v -4.851200 1.213901 -5.966200
v -3.407000 0.278501 -5.926700
v -3.444800 0.278501 -5.848200
v -3.529700 0.278501 -5.828800
v -3.597800 0.278501 -5.883100
v -3.597800 0.278501 -5.970200
v -3.529700 0.278501 -6.024500
v -3.444800 0.278501 -6.005200
v -3.407000 0.479301 -5.926700
v -3.444800 0.479301 -5.848200
v -3.529700 0.479301 -5.828800
v -3.597800 0.479301 -5.883100
v -3.597800 0.479301 -5.970200
v -3.529700 0.479301 -6.024500
v -3.444800 0.479301 -6.005200
v -3.540900 0.479301 -5.944300
v -3.540900 0.479301 -5.909100
v -3.513500 0.479301 -5.887200
v -3.479200 0.479301 -5.895000
v -3.463900 0.479301 -5.926700
v -3.479200 0.479301 -5.958400
v -3.513500 0.479301 -5.966200
v -3.540900 0.281901 -5.944300
v -3.540900 0.281901 -5.909100
v -3.513500 0.281901 -5.887200
v -3.479200 0.281901 -5.895000
v -3.463900 0.281901 -5.926700
v -3.479200 0.281901 -5.958400
v -3.513500 0.281901 -5.966200
v -4.085500 0.278501 -5.926700
v -4.123300 0.278501 -5.848200
v -4.208200 0.278501 -5.828800
v -4.276300 0.278501 -5.883100
v -4.276300 0.278501 -5.970200
v -4.208200 0.278501 -6.024500
v -4.123300 0.278501 -6.005200
v -4.085500 0.479301 -5.926700
v -4.123300 0.479301 -5.848200
v -4.208200 0.479301 -5.828800
v -4.276300 0.479301 -5.883100
v -4.276300 0.479301 -5.970200
v -4.208200 0.479301 -6.024500
v -4.123300 0.479301 -6.005200
v -4.219400 0.479301 -5.944300
v -4.219400 0.479301 -5.909100
v -4.192000 0.479301 -5.887200
v -4.157700 0.479301 -5.895000
v -4.142400 0.479301 -5.926700
v -4.157700 0.479301 -5.958400
v -4.192000 0.479301 -5.966200
v -4.219400 0.281901 -5.944300
v -4.219400 0.281901 -5.909100
v -4.192000 0.281901 -5.887200
v -4.157700 0.281901 -5.895000
v -4.142400 0.281901 -5.926700
v -4.157700 0.281901 -5.958400
v -4.192000 0.281901 -5.966200
v -4.744700 0.278501 -5.926700
v -4.782500 0.278501 -5.848200
v -4.867400 0.278501 -5.828800
v -4.935500 0.278501 -5.883100
v -4.935500 0.278501 -5.970200
v -4.867400 0.278501 -6.024500
v -4.782500 0.278501 -6.005200
v -4.744700 0.479301 -5.926700
v -4.782500 0.479301 -5.848200
v -4.867400 0.479301 -5.828800
v -4.935500 0.479301 -5.883100
v -4.935500 0.479301 -5.970200
v -4.867400 0.479301 -6.024500
v -4.782500 0.479301 -6.005200
v -4.878600 0.479301 -5.944300
v -4.878600 0.479301 -5.909100
v -4.851200 0.479301 -5.887200
v -4.816900 0.479301 -5.895000
v -4.801600 0.479301 -5.926700
v -4.816900 0.479301 -5.958400
v -4.851200 0.479301 -5.966200
v -4.878600 0.281901 -5.944300
v -4.878600 0.281901 -5.909100
v -4.851200 0.281901 -5.887200
v -4.816900 0.281901 -5.895000
v -4.801600 0.281901 -5.926700
v -4.816900 0.281901 -5.958400
v -4.851200 0.281901 -5.966200
v -3.385300 2.110800 2.856200
v -3.423100 2.110800 2.934700
v -3.508100 2.110800 2.954000
v -3.576100 2.110800 2.899700
v -3.576100 2.110800 2.812600
v -3.508100 2.110800 2.758300
v -3.423100 2.110800 2.777700
v -3.385300 2.311599 2.856200
v -3.423100 2.311599 2.934700
v -3.508100 2.311599 2.954000
v -3.576100 2.311599 2.899700
v -3.576100 2.311599 2.812600
v -3.508100 2.311599 2.758301
v -3.423100 2.311599 2.777700
v -3.519200 2.311599 2.838600
v -3.519200 2.311599 2.873801
v -3.491800 2.311599 2.895700
v -3.457500 2.311599 2.887901
v -3.442200 2.311599 2.856200
v -3.457500 2.311599 2.824501
v -3.491800 2.311599 2.816700
v -3.519200 2.114200 2.838600
v -3.519200 2.114200 2.873800
v -3.491800 2.114200 2.895700
v -3.457500 2.114200 2.887900
v -3.442200 2.114200 2.856200
v -3.457500 2.114200 2.824500
v -3.491800 2.114200 2.816700
v -3.385300 2.110800 2.310100
v -3.423100 2.110800 2.388600
v -3.508100 2.110800 2.408000
v -3.576100 2.110800 2.353700
v -3.576100 2.110800 2.266600
v -3.508100 2.110800 2.212300
v -3.423100 2.110800 2.231600
v -3.385300 2.311599 2.310101
v -3.423100 2.311599 2.388601
v -3.508100 2.311599 2.408000
v -3.576100 2.311599 2.353700
v -3.576100 2.311599 2.266600
v -3.508100 2.311599 2.212301
v -3.423100 2.311599 2.231601
v -3.519200 2.311599 2.292500
v -3.519200 2.311599 2.327700
v -3.491800 2.311599 2.349601
v -3.457500 2.311599 2.341800
v -3.442200 2.311599 2.310101
v -3.457500 2.311599 2.278400
v -3.491800 2.311599 2.270601
v -3.519200 2.114200 2.292500
v -3.519200 2.114200 2.327700
v -3.491800 2.114200 2.349600
v -3.457500 2.114200 2.341800
v -3.442200 2.114200 2.310100
v -3.457500 2.114200 2.278400
v -3.491800 2.114200 2.270600
v -3.385300 2.110800 1.705600
v -3.423100 2.110800 1.784100
v -3.508100 2.110800 1.803500
v -3.576100 2.110800 1.749100
v -3.576100 2.110800 1.662100
v -3.508100 2.110800 1.607700
v -3.423100 2.110800 1.627100
v -3.385300 2.311600 1.705600
v -3.423100 2.311600 1.784100
v -3.508100 2.311600 1.803500
v -3.576100 2.311600 1.749100
v -3.576100 2.311600 1.662100
v -3.508100 2.311600 1.607700
v -3.423100 2.311600 1.627100
v -3.519200 2.311600 1.688000
v -3.519200 2.311600 1.723200
v -3.491800 2.311600 1.745100
v -3.457500 2.311600 1.737300
v -3.442200 2.311600 1.705600
v -3.457500 2.311600 1.673900
v -3.491800 2.311600 1.666100
v -3.519200 2.114200 1.688000
v -3.519200 2.114200 1.723200
v -3.491800 2.114200 1.745100
v -3.457500 2.114200 1.737300
v -3.442200 2.114200 1.705600
v -3.457500 2.114200 1.673900
v -3.491800 2.114200 1.666100
v -4.064400 2.110800 1.705600
v -4.102200 2.110800 1.784100
v -4.187200 2.110800 1.803500
v -4.255200 2.110800 1.749100
v -4.255200 2.110800 1.662100
v -4.187200 2.110800 1.607700
v -4.102200 2.110800 1.627100
v -4.064400 2.311600 1.705600
v -4.102200 2.311600 1.784100
v -4.187200 2.311600 1.803500
v -4.255200 2.311600 1.749100
v -4.255200 2.311600 1.662100
v -4.187200 2.311600 1.607700
v -4.102200 2.311600 1.627100
v -4.198300 2.311600 1.688000
v -4.198300 2.311600 1.723200
v -4.170900 2.311600 1.745100
v -4.136600 2.311600 1.737300
v -4.121300 2.311600 1.705600
v -4.136600 2.311600 1.673900
v -4.170900 2.311600 1.666100
v -4.198300 2.114200 1.688000
v -4.198300 2.114200 1.723200
v -4.170900 2.114200 1.745100
v -4.136600 2.114200 1.737300
v -4.121300 2.114200 1.705600
v -4.136600 2.114200 1.673900
v -4.170900 2.114200 1.666100
v -4.064400 2.110800 2.310100
v -4.102200 2.110800 2.388600
v -4.187200 2.110800 2.408000
v -4.255200 2.110800 2.353700
v -4.255200 2.110800 2.266600
v -4.187200 2.110800 2.212300
v -4.102200 2.110800 2.231600
v -4.064400 2.311599 2.310101
v -4.102200 2.311599 2.388601
v -4.187200 2.311599 2.408000
v -4.255200 2.311599 2.353700
v -4.255200 2.311599 2.266600
v -4.187200 2.311599 2.212301
v -4.102200 2.311599 2.231601
v -4.198300 2.311599 2.292500
v -4.198300 2.311599 2.327700
v -4.170900 2.311599 2.349601
v -4.136600 2.311599 2.341800
v -4.121300 2.311599 2.310101
v -4.136600 2.311599 2.278400
v -4.170900 2.311599 2.270601
v -4.198300 2.114200 2.292500
v -4.198300 2.114200 2.327700
v -4.170900 2.114200 2.349600
v -4.136600 2.114200 2.341800
v -4.121300 2.114200 2.310100
v -4.136600 2.114200 2.278400
v -4.170900 2.114200 2.270600
v -4.064400 2.110800 2.856200
v -4.102200 2.110800 2.934700
v -4.187200 2.110800 2.954000
v -4.255200 2.110800 2.899700
v -4.255200 2.110800 2.812600
v -4.187200 2.110800 2.758300
v -4.102200 2.110800 2.777700
v -4.064400 2.311599 2.856200
v -4.102200 2.311599 2.934700
v -4.187200 2.311599 2.954000
v -4.255200 2.311599 2.899700
v -4.255200 2.311599 2.812600
v -4.187200 2.311599 2.758301
v -4.102200 2.311599 2.777700
v -4.198300 2.311599 2.838600
v -4.198300 2.311599 2.873801
v -4.170900 2.311599 2.895700
v -4.136600 2.311599 2.887901
v -4.121300 2.311599 2.856200
v -4.136600 2.311599 2.824501
v -4.170900 2.311599 2.816700
v -4.198300 2.114200 2.838600
v -4.198300 2.114200 2.873800
v -4.170900 2.114200 2.895700
v -4.136600 2.114200 2.887900
v -4.121300 2.114200 2.856200
v -4.136600 2.114200 2.824500
v -4.170900 2.114200 2.816700
v -4.746000 2.110800 2.856200
v -4.783800 2.110800 2.934700
v -4.868800 2.110800 2.954000
v -4.936800 2.110800 2.899700
v -4.936800 2.110800 2.812600
v -4.868800 2.110800 2.758300
v -4.783800 2.110800 2.777700
v -4.746000 2.311599 2.856200
v -4.783800 2.311599 2.934700
v -4.868800 2.311599 2.954000
v -4.936800 2.311599 2.899700
v -4.936800 2.311599 2.812600
v -4.868800 2.311599 2.758301
v -4.783800 2.311599 2.777700
v -4.879900 2.311599 2.838600
v -4.879900 2.311599 2.873801
v -4.852500 2.311599 2.895700
v -4.818200 2.311599 2.887901
v -4.802900 2.311599 2.856200
v -4.818200 2.311599 2.824501
v -4.852500 2.311599 2.816700
v -4.879900 2.114200 2.838600
v -4.879900 2.114200 2.873800
v -4.852500 2.114200 2.895700
v -4.818200 2.114200 2.887900
v -4.802900 2.114200 2.856200
v -4.818200 2.114200 2.824500
v -4.852500 2.114200 2.816700
v -4.746000 2.110800 2.310100
v -4.783800 2.110800 2.388600
v -4.868800 2.110800 2.408000
v -4.936800 2.110800 2.353700
v -4.936800 2.110800 2.266600
v -4.868800 2.110800 2.212300
v -4.783800 2.110800 2.231600
v -4.746000 2.311599 2.310101
v -4.783800 2.311599 2.388601
v -4.868800 2.311599 2.408000
v -4.936800 2.311599 2.353700
v -4.936800 2.311599 2.266600
v -4.868800 2.311599 2.212301
v -4.783800 2.311599 2.231601
v -4.879900 2.311599 2.292500
v -4.879900 2.311599 2.327700
v -4.852500 2.311599 2.349601
v -4.818200 2.311599 2.341800
v -4.802900 2.311599 2.310101
v -4.818200 2.311599 2.278400
v -4.852500 2.311599 2.270601
v -4.879900 2.114200 2.292500
v -4.879900 2.114200 2.327700
v -4.852500 2.114200 2.349600
v -4.818200 2.114200 2.341800
v -4.802900 2.114200 2.310100
v -4.818200 2.114200 2.278400
v -4.852500 2.114200 2.270600
v -4.746000 2.110800 1.705600
v -4.783800 2.110800 1.784100
v -4.868800 2.110800 1.803500
v -4.936800 2.110800 1.749100
v -4.936800 2.110800 1.662100
v -4.868800 2.110800 1.607700
v -4.783800 2.110800 1.627100
v -4.746000 2.311600 1.705600
v -4.783800 2.311600 1.784100
v -4.868800 2.311600 1.803500
v -4.936800 2.311600 1.749100
v -4.936800 2.311600 1.662100
v -4.868800 2.311600 1.607700
v -4.783800 2.311600 1.627100
v -4.879900 2.311600 1.688000
v -4.879900 2.311600 1.723200
v -4.852500 2.311600 1.745100
v -4.818200 2.311600 1.737300
v -4.802900 2.311600 1.705600
v -4.818200 2.311600 1.673900
v -4.852500 2.311600 1.666100
v -4.879900 2.114200 1.688000
v -4.879900 2.114200 1.723200
v -4.852500 2.114200 1.745100
v -4.818200 2.114200 1.737300
v -4.802900 2.114200 1.705600
v -4.818200 2.114200 1.673900
v -4.852500 2.114200 1.666100
v -3.385300 1.210000 2.856200
v -3.423100 1.210000 2.934700
v -3.508100 1.210000 2.954000
v -3.576100 1.210000 2.899700
v -3.576100 1.210000 2.812600
v -3.508100 1.210000 2.758300
v -3.423100 1.210000 2.777700
v -3.385300 1.410800 2.856200
v -3.423100 1.410800 2.934700
v -3.508100 1.410800 2.954000
v -3.576100 1.410800 2.899700
v -3.576100 1.410800 2.812600
v -3.508100 1.410800 2.758300
v -3.423100 1.410800 2.777700
v -3.519200 1.410800 2.838600
v -3.519200 1.410800 2.873800
v -3.491800 1.410800 2.895700
v -3.457500 1.410800 2.887900
v -3.442200 1.410800 2.856200
v -3.457500 1.410800 2.824500
v -3.491800 1.410800 2.816700
v -3.519200 1.213400 2.838600
v -3.519200 1.213400 2.873800
v -3.491800 1.213400 2.895700
v -3.457500 1.213400 2.887900
v -3.442200 1.213400 2.856200
v -3.457500 1.213400 2.824500
v -3.491800 1.213400 2.816700
v -3.385300 1.210000 2.310100
v -3.423100 1.210000 2.388600
v -3.508100 1.210000 2.408000
v -3.576100 1.210000 2.353700
v -3.576100 1.210000 2.266600
v -3.508100 1.210000 2.212300
v -3.423100 1.210000 2.231600
v -3.385300 1.410800 2.310100
v -3.423100 1.410800 2.388600
v -3.508100 1.410800 2.408000
v -3.576100 1.410800 2.353700
v -3.576100 1.410800 2.266600
v -3.508100 1.410800 2.212300
v -3.423100 1.410800 2.231600
v -3.519200 1.410800 2.292500
v -3.519200 1.410800 2.327700
v -3.491800 1.410800 2.349600
v -3.457500 1.410800 2.341800
v -3.442200 1.410800 2.310100
v -3.457500 1.410800 2.278400
v -3.491800 1.410800 2.270600
v -3.519200 1.213400 2.292500
v -3.519200 1.213400 2.327700
v -3.491800 1.213400 2.349600
v -3.457500 1.213400 2.341800
v -3.442200 1.213400 2.310100
v -3.457500 1.213400 2.278400
v -3.491800 1.213400 2.270600
v -3.385300 1.210000 1.705600
v -3.423100 1.210000 1.784100
v -3.508100 1.210000 1.803500
v -3.576100 1.210000 1.749100
v -3.576100 1.210000 1.662100
v -3.508100 1.210000 1.607700
v -3.423100 1.210000 1.627100
v -3.385300 1.410800 1.705600
v -3.423100 1.410800 1.784100
v -3.508100 1.410800 1.803500
v -3.576100 1.410800 1.749100
v -3.576100 1.410800 1.662100
v -3.508100 1.410800 1.607700
v -3.423100 1.410800 1.627100
v -3.519200 1.410800 1.688000
v -3.519200 1.410800 1.723200
v -3.491800 1.410800 1.745100
v -3.457500 1.410800 1.737300
v -3.442200 1.410800 1.705600
v -3.457500 1.410800 1.673900
v -3.491800 1.410800 1.666100
v -3.519200 1.213400 1.688000
v -3.519200 1.213400 1.723200
v -3.491800 1.213400 1.745100
v -3.457500 1.213400 1.737300
v -3.442200 1.213400 1.705600
v -3.457500 1.213400 1.673900
v -3.491800 1.213400 1.666100
v -4.746000 1.210000 2.856200
v -4.783800 1.210000 2.934700
v -4.868800 1.210000 2.954000
v -4.936800 1.210000 2.899700
v -4.936800 1.210000 2.812600
v -4.868800 1.210000 2.758300
v -4.783800 1.210000 2.777700
v -4.746000 1.410800 2.856200
v -4.783800 1.410800 2.934700
v -4.868800 1.410800 2.954000
v -4.936800 1.410800 2.899700
v -4.936800 1.410800 2.812600
v -4.868800 1.410800 2.758300
v -4.783800 1.410800 2.777700
v -4.879900 1.410800 2.838600
v -4.879900 1.410800 2.873800
v -4.852500 1.410800 2.895700
v -4.818200 1.410800 2.887900
v -4.802900 1.410800 2.856200
v -4.818200 1.410800 2.824500
v -4.852500 1.410800 2.816700
v -4.879900 1.213400 2.838600
v -4.879900 1.213400 2.873800
v -4.852500 1.213400 2.895700
v -4.818200 1.213400 2.887900
v -4.802900 1.213400 2.856200
v -4.818200 1.213400 2.824500
v -4.852500 1.213400 2.816700
v -4.746000 1.210000 2.310100
v -4.783800 1.210000 2.388600
v -4.868800 1.210000 2.408000
v -4.936800 1.210000 2.353700
v -4.936800 1.210000 2.266600
v -4.868800 1.210000 2.212300
v -4.783800 1.210000 2.231600
v -4.746000 1.410800 2.310100
v -4.783800 1.410800 2.388600
v -4.868800 1.410800 2.408000
v -4.936800 1.410800 2.353700
v -4.936800 1.410800 2.266600
v -4.868800 1.410800 2.212300
v -4.783800 1.410800 2.231600
v -4.879900 1.410800 2.292500
v -4.879900 1.410800 2.327700
v -4.852500 1.410800 2.349600
v -4.818200 1.410800 2.341800
v -4.802900 1.410800 2.310100
v -4.818200 1.410800 2.278400
v -4.852500 1.410800 2.270600
v -4.879900 1.213400 2.292500
v -4.879900 1.213400 2.327700
v -4.852500 1.213400 2.349600
v -4.818200 1.213400 2.341800
v -4.802900 1.213400 2.310100
v -4.818200 1.213400 2.278400
v -4.852500 1.213400 2.270600
v -4.746000 1.210000 1.705600
v -4.783800 1.210000 1.784100
v -4.868800 1.210000 1.803500
v -4.936800 1.210000 1.749100
v -4.936800 1.210000 1.662100
v -4.868800 1.210000 1.607700
v -4.783800 1.210000 1.627100
v -4.746000 1.410800 1.705600
v -4.783800 1.410800 1.784100
v -4.868800 1.410800 1.803500
v -4.936800 1.410800 1.749100
v -4.936800 1.410800 1.662100
v -4.868800 1.410800 1.607700
v -4.783800 1.410800 1.627100
v -4.879900 1.410800 1.688000
v -4.879900 1.410800 1.723200
v -4.852500 1.410800 1.745100
v -4.818200 1.410800 1.737300
v -4.802900 1.410800 1.705600
v -4.818200 1.410800 1.673900
v -4.852500 1.410800 1.666100
v -4.879900 1.213400 1.688000
v -4.879900 1.213400 1.723200
v -4.852500 1.213400 1.745100
v -4.818200 1.213400 1.737300
v -4.802900 1.213400 1.705600
v -4.818200 1.213400 1.673900
v -4.852500 1.213400 1.666100
v -3.385300 0.279700 2.856200
v -3.423100 0.279700 2.934700
v -3.508100 0.279700 2.954000
v -3.576100 0.279700 2.899700
v -3.576100 0.279700 2.812600
v -3.508100 0.279700 2.758300
v -3.423100 0.279700 2.777700
v -3.385300 0.480500 2.856200
v -3.423100 0.480500 2.934700
v -3.508100 0.480500 2.954000
v -3.576100 0.480500 2.899700
v -3.576100 0.480500 2.812600
v -3.508100 0.480500 2.758300
v -3.423100 0.480500 2.777700
v -3.519200 0.480500 2.838600
v -3.519200 0.480500 2.873800
v -3.491800 0.480500 2.895700
v -3.457500 0.480500 2.887900
v -3.442200 0.480500 2.856200
v -3.457500 0.480500 2.824500
v -3.491800 0.480500 2.816700
v -3.519200 0.283100 2.838600
v -3.519200 0.283100 2.873800
v -3.491800 0.283100 2.895700
v -3.457500 0.283100 2.887900
v -3.442200 0.283100 2.856200
v -3.457500 0.283100 2.824500
v -3.491800 0.283100 2.816700
v -3.385300 0.279700 2.310100
v -3.423100 0.279700 2.388600
v -3.508100 0.279700 2.408000
v -3.576100 0.279700 2.353700
v -3.576100 0.279700 2.266600
v -3.508100 0.279700 2.212300
v -3.423100 0.279700 2.231600
v -3.385300 0.480500 2.310100
v -3.423100 0.480500 2.388600
v -3.508100 0.480500 2.408000
v -3.576100 0.480500 2.353700
v -3.576100 0.480500 2.266600
v -3.508100 0.480500 2.212300
v -3.423100 0.480500 2.231600
v -3.519200 0.480500 2.292500
v -3.519200 0.480500 2.327700
v -3.491800 0.480500 2.349600
v -3.457500 0.480500 2.341800
v -3.442200 0.480500 2.310100
v -3.457500 0.480500 2.278400
v -3.491800 0.480500 2.270600
v -3.519200 0.283100 2.292500
v -3.519200 0.283100 2.327700
v -3.491800 0.283100 2.349600
v -3.457500 0.283100 2.341800
v -3.442200 0.283100 2.310100
v -3.457500 0.283100 2.278400
v -3.491800 0.283100 2.270600
v -3.385300 0.279700 1.705600
v -3.423100 0.279700 1.784100
v -3.508100 0.279700 1.803500
v -3.576100 0.279700 1.749100
v -3.576100 0.279700 1.662100
v -3.508100 0.279700 1.607700
v -3.423100 0.279700 1.627100
v -3.385300 0.480500 1.705600
v -3.423100 0.480500 1.784100
v -3.508100 0.480500 1.803500
v -3.576100 0.480500 1.749100
v -3.576100 0.480500 1.662100
v -3.508100 0.480500 1.607700
v -3.423100 0.480500 1.627100
v -3.519200 0.480500 1.688000
v -3.519200 0.480500 1.723200
v -3.491800 0.480500 1.745100
v -3.457500 0.480500 1.737300
v -3.442200 0.480500 1.705600
v -3.457500 0.480500 1.673900
v -3.491800 0.480500 1.666100
v -3.519200 0.283100 1.688000
v -3.519200 0.283100 1.723200
v -3.491800 0.283100 1.745100
v -3.457500 0.283100 1.737300
v -3.442200 0.283100 1.705600
v -3.457500 0.283100 1.673900
v -3.491800 0.283100 1.666100
v -4.746000 0.279700 2.856200
v -4.783800 0.279700 2.934700
v -4.868800 0.279700 2.954000
v -4.936800 0.279700 2.899700
v -4.936800 0.279700 2.812600
v -4.868800 0.279700 2.758300
v -4.783800 0.279700 2.777700
v -4.746000 0.480500 2.856200
v -4.783800 0.480500 2.934700
v -4.868800 0.480500 2.954000
v -4.936800 0.480500 2.899700
v -4.936800 0.480500 2.812600
v -4.868800 0.480500 2.758300
v -4.783800 0.480500 2.777700
v -4.879900 0.480500 2.838600
v -4.879900 0.480500 2.873800
v -4.852500 0.480500 2.895700
v -4.818200 0.480500 2.887900
v -4.802900 0.480500 2.856200
v -4.818200 0.480500 2.824500
v -4.852500 0.480500 2.816700
v -4.879900 0.283100 2.838600
v -4.879900 0.283100 2.873800
v -4.852500 0.283100 2.895700
v -4.818200 0.283100 2.887900
v -4.802900 0.283100 2.856200
v -4.818200 0.283100 2.824500
v -4.852500 0.283100 2.816700
v -4.746000 0.279700 2.310100
v -4.783800 0.279700 2.388600
v -4.868800 0.279700 2.408000
v -4.936800 0.279700 2.353700
v -4.936800 0.279700 2.266600
v -4.868800 0.279700 2.212300
v -4.783800 0.279700 2.231600
v -4.746000 0.480500 2.310100
v -4.783800 0.480500 2.388600
v -4.868800 0.480500 2.408000
v -4.936800 0.480500 2.353700
v -4.936800 0.480500 2.266600
v -4.868800 0.480500 2.212300
v -4.783800 0.480500 2.231600
v -4.879900 0.480500 2.292500
v -4.879900 0.480500 2.327700
v -4.852500 0.480500 2.349600
v -4.818200 0.480500 2.341800
v -4.802900 0.480500 2.310100
v -4.818200 0.480500 2.278400
v -4.852500 0.480500 2.270600
v -4.879900 0.283100 2.292500
v -4.879900 0.283100 2.327700
v -4.852500 0.283100 2.349600
v -4.818200 0.283100 2.341800
v -4.802900 0.283100 2.310100
v -4.818200 0.283100 2.278400
v -4.852500 0.283100 2.270600
v -4.746000 0.279700 1.705600
v -4.783800 0.279700 1.784100
v -4.868800 0.279700 1.803500
v -4.936800 0.279700 1.749100
v -4.936800 0.279700 1.662100
v -4.868800 0.279700 1.607700
v -4.783800 0.279700 1.627100
v -4.746000 0.480500 1.705600
v -4.783800 0.480500 1.784100
v -4.868800 0.480500 1.803500
v -4.936800 0.480500 1.749100
v -4.936800 0.480500 1.662100
v -4.868800 0.480500 1.607700
v -4.783800 0.480500 1.627100
v -4.879900 0.480500 1.688000
v -4.879900 0.480500 1.723200
v -4.852500 0.480500 1.745100
v -4.818200 0.480500 1.737300
v -4.802900 0.480500 1.705600
v -4.818200 0.480500 1.673900
v -4.852500 0.480500 1.666100
v -4.879900 0.283100 1.688000
v -4.879900 0.283100 1.723200
v -4.852500 0.283100 1.745100
v -4.818200 0.283100 1.737300
v -4.802900 0.283100 1.705600
v -4.818200 0.283100 1.673900
v -4.852500 0.283100 1.666100
v -4.746000 2.110800 0.793600
v -4.783800 2.110800 0.872100
v -4.868800 2.110800 0.891400
v -4.936800 2.110800 0.837100
v -4.936800 2.110800 0.750000
v -4.868800 2.110800 0.695700
v -4.783800 2.110800 0.715100
v -4.746000 2.311600 0.793600
v -4.783800 2.311600 0.872100
v -4.868800 2.311600 0.891400
v -4.936800 2.311600 0.837100
v -4.936800 2.311600 0.750000
v -4.868800 2.311600 0.695700
v -4.783800 2.311600 0.715100
v -4.879900 2.311600 0.776000
v -4.879900 2.311600 0.811200
v -4.852500 2.311600 0.833100
v -4.818200 2.311600 0.825300
v -4.802900 2.311600 0.793600
v -4.818200 2.311600 0.761900
v -4.852500 2.311600 0.754100
v -4.879900 2.114200 0.776000
v -4.879900 2.114200 0.811200
v -4.852500 2.114200 0.833100
v -4.818200 2.114200 0.825300
v -4.802900 2.114200 0.793600
v -4.818200 2.114200 0.761900
v -4.852500 2.114200 0.754100
v -4.746000 2.110800 0.247500
v -4.783800 2.110800 0.326000
v -4.868800 2.110800 0.345300
v -4.936800 2.110800 0.291000
v -4.936800 2.110800 0.204000
v -4.868800 2.110800 0.149600
v -4.783800 2.110800 0.169000
v -4.746000 2.311600 0.247500
v -4.783800 2.311600 0.326000
v -4.868800 2.311600 0.345300
v -4.936800 2.311600 0.291000
v -4.936800 2.311600 0.204000
v -4.868800 2.311600 0.149600
v -4.783800 2.311600 0.169000
v -4.879900 2.311600 0.229900
v -4.879900 2.311600 0.265100
v -4.852500 2.311600 0.287000
v -4.818200 2.311600 0.279200
v -4.802900 2.311600 0.247500
v -4.818200 2.311600 0.215800
v -4.852500 2.311600 0.208000
v -4.879900 2.114200 0.229900
v -4.879900 2.114200 0.265100
v -4.852500 2.114200 0.287000
v -4.818200 2.114200 0.279200
v -4.802900 2.114200 0.247500
v -4.818200 2.114200 0.215800
v -4.852500 2.114200 0.208000
v -4.746000 2.110800 -0.357000
v -4.783800 2.110800 -0.278500
v -4.868800 2.110800 -0.259200
v -4.936800 2.110800 -0.313500
v -4.936800 2.110800 -0.400600
v -4.868800 2.110800 -0.454900
v -4.783800 2.110800 -0.435500
v -4.746000 2.311600 -0.357000
v -4.783800 2.311600 -0.278500
v -4.868800 2.311600 -0.259200
v -4.936800 2.311600 -0.313500
v -4.936800 2.311600 -0.400600
v -4.868800 2.311600 -0.454900
v -4.783800 2.311600 -0.435500
v -4.879900 2.311600 -0.374600
v -4.879900 2.311600 -0.339400
v -4.852500 2.311600 -0.317500
v -4.818200 2.311600 -0.325300
v -4.802900 2.311600 -0.357000
v -4.818200 2.311600 -0.388700
v -4.852500 2.311600 -0.396500
v -4.879900 2.114200 -0.374600
v -4.879900 2.114200 -0.339400
v -4.852500 2.114200 -0.317500
v -4.818200 2.114200 -0.325300
v -4.802900 2.114200 -0.357000
v -4.818200 2.114200 -0.388700
v -4.852500 2.114200 -0.396500
v -4.746000 2.110800 -1.234500
v -4.783800 2.110800 -1.156000
v -4.868800 2.110800 -1.136700
v -4.936800 2.110800 -1.191000
v -4.936800 2.110800 -1.278100
v -4.868800 2.110800 -1.332400
v -4.783800 2.110800 -1.313000
v -4.746000 2.311600 -1.234500
v -4.783800 2.311600 -1.156000
v -4.868800 2.311600 -1.136700
v -4.936800 2.311600 -1.191000
v -4.936800 2.311600 -1.278100
v -4.868800 2.311600 -1.332400
v -4.783800 2.311600 -1.313000
v -4.879900 2.311600 -1.252100
v -4.879900 2.311600 -1.216900
v -4.852500 2.311600 -1.195000
v -4.818200 2.311600 -1.202800
v -4.802900 2.311600 -1.234500
v -4.818200 2.311600 -1.266200
v -4.852500 2.311600 -1.274000
v -4.879900 2.114200 -1.252100
v -4.879900 2.114200 -1.216900
v -4.852500 2.114200 -1.195000
v -4.818200 2.114200 -1.202800
v -4.802900 2.114200 -1.234500
v -4.818200 2.114200 -1.266200
v -4.852500 2.114200 -1.274000
v -4.746000 2.110800 -1.780600
v -4.783800 2.110800 -1.702100
v -4.868800 2.110800 -1.682700
v -4.936800 2.110800 -1.737100
v -4.936800 2.110800 -1.824100
v -4.868800 2.110800 -1.878500
v -4.783800 2.110800 -1.859100
v -4.746000 2.311600 -1.780600
v -4.783800 2.311600 -1.702100
v -4.868800 2.311600 -1.682700
v -4.936800 2.311600 -1.737100
v -4.936800 2.311600 -1.824100
v -4.868800 2.311600 -1.878500
v -4.783800 2.311600 -1.859100
v -4.879900 2.311600 -1.798200
v -4.879900 2.311600 -1.763000
v -4.852500 2.311600 -1.741100
v -4.818200 2.311600 -1.748900
v -4.802900 2.311600 -1.780600
v -4.818200 2.311600 -1.812300
v -4.852500 2.311600 -1.820100
v -4.879900 2.114200 -1.798200
v -4.879900 2.114200 -1.763000
v -4.852500 2.114200 -1.741100
v -4.818200 2.114200 -1.748900
v -4.802900 2.114200 -1.780600
v -4.818200 2.114200 -1.812300
v -4.852500 2.114200 -1.820100
v -4.746000 2.110801 -2.385100
v -4.783800 2.110801 -2.306600
v -4.868800 2.110801 -2.287300
v -4.936800 2.110801 -2.341600
v -4.936800 2.110801 -2.428700
v -4.868800 2.110801 -2.483000
v -4.783800 2.110801 -2.463600
v -4.746000 2.311600 -2.385099
v -4.783800 2.311600 -2.306600
v -4.868800 2.311600 -2.287300
v -4.936800 2.311600 -2.341599
v -4.936800 2.311600 -2.428699
v -4.868800 2.311600 -2.483000
v -4.783800 2.311600 -2.463599
v -4.879900 2.311600 -2.402699
v -4.879900 2.311600 -2.367500
v -4.852500 2.311600 -2.345599
v -4.818200 2.311600 -2.353400
v -4.802900 2.311600 -2.385099
v -4.818200 2.311600 -2.416800
v -4.852500 2.311600 -2.424599
v -4.879900 2.114201 -2.402700
v -4.879900 2.114201 -2.367500
v -4.852500 2.114201 -2.345600
v -4.818200 2.114201 -2.353400
v -4.802900 2.114201 -2.385100
v -4.818200 2.114201 -2.416800
v -4.852500 2.114201 -2.424600
v -4.746000 2.110801 -3.260600
v -4.783800 2.110801 -3.182100
v -4.868800 2.110801 -3.162800
v -4.936800 2.110801 -3.217100
v -4.936800 2.110801 -3.304200
v -4.868800 2.110801 -3.358500
v -4.783800 2.110801 -3.339100
v -4.746000 2.311600 -3.260600
v -4.783800 2.311600 -3.182100
v -4.868800 2.311600 -3.162800
v -4.936800 2.311600 -3.217099
v -4.936800 2.311600 -3.304199
v -4.868800 2.311600 -3.358500
v -4.783800 2.311600 -3.339099
v -4.879900 2.311600 -3.278199
v -4.879900 2.311600 -3.243000
v -4.852500 2.311600 -3.221100
v -4.818200 2.311600 -3.228899
v -4.802900 2.311600 -3.260600
v -4.818200 2.311600 -3.292300
v -4.852500 2.311600 -3.300100
v -4.879900 2.114201 -3.278200
v -4.879900 2.114201 -3.243000
v -4.852500 2.114201 -3.221100
v -4.818200 2.114201 -3.228900
v -4.802900 2.114201 -3.260600
v -4.818200 2.114201 -3.292300
v -4.852500 2.114201 -3.300100
v -4.746000 2.110801 -3.806700
v -4.783800 2.110801 -3.728200
v -4.868800 2.110801 -3.708900
v -4.936800 2.110801 -3.763200
v -4.936800 2.110801 -3.850200
v -4.868800 2.110801 -3.904600
v -4.783800 2.110801 -3.885200
v -4.746000 2.311601 -3.806700
v -4.783800 2.311601 -3.728199
v -4.868800 2.311601 -3.708899
v -4.936800 2.311601 -3.763200
v -4.936800 2.311601 -3.850199
v -4.868800 2.311601 -3.904599
v -4.783800 2.311601 -3.885200
v -4.879900 2.311601 -3.824300
v -4.879900 2.311601 -3.789099
v -4.852500 2.311601 -3.767200
v -4.818200 2.311601 -3.775000
v -4.802900 2.311601 -3.806700
v -4.818200 2.311601 -3.838399
v -4.852500 2.311601 -3.846200
v -4.879900 2.114201 -3.824300
v -4.879900 2.114201 -3.789100
v -4.852500 2.114201 -3.767200
v -4.818200 2.114201 -3.775000
v -4.802900 2.114201 -3.806700
v -4.818200 2.114201 -3.838400
v -4.852500 2.114201 -3.846200
v -4.746000 2.110801 -4.411200
v -4.783800 2.110801 -4.332699
v -4.868800 2.110801 -4.313399
v -4.936800 2.110801 -4.367700
v -4.936800 2.110801 -4.454800
v -4.868800 2.110801 -4.509099
v -4.783800 2.110801 -4.489699
v -4.746000 2.311601 -4.411200
v -4.783800 2.311601 -4.332699
v -4.868800 2.311601 -4.313399
v -4.936800 2.311601 -4.367700
v -4.936800 2.311601 -4.454800
v -4.868800 2.311601 -4.509099
v -4.783800 2.311601 -4.489699
v -4.879900 2.311601 -4.428800
v -4.879900 2.311601 -4.393600
v -4.852500 2.311601 -4.371699
v -4.818200 2.311601 -4.379499
v -4.802900 2.311601 -4.411200
v -4.818200 2.311601 -4.442900
v -4.852500 2.311601 -4.450699
v -4.879900 2.114201 -4.428800
v -4.879900 2.114201 -4.393600
v -4.852500 2.114201 -4.371699
v -4.818200 2.114201 -4.379499
v -4.802900 2.114201 -4.411200
v -4.818200 2.114201 -4.442900
v -4.852500 2.114201 -4.450699
v -4.746000 1.210501 -4.411200
v -4.783800 1.210501 -4.332700
v -4.868800 1.210501 -4.313400
v -4.936800 1.210501 -4.367700
v -4.936800 1.210501 -4.454800
v -4.868800 1.210501 -4.509100
v -4.783800 1.210501 -4.489700
v -4.746000 1.411301 -4.411200
v -4.783800 1.411301 -4.332700
v -4.868800 1.411301 -4.313400
v -4.936800 1.411301 -4.367700
v -4.936800 1.411301 -4.454800
v -4.868800 1.411301 -4.509100
v -4.783800 1.411301 -4.489700
v -4.879900 1.411301 -4.428800
v -4.879900 1.411301 -4.393600
v -4.852500 1.411301 -4.371700
v -4.818200 1.411301 -4.379500
v -4.802900 1.411301 -4.411200
v -4.818200 1.411301 -4.442900
v -4.852500 1.411301 -4.450700
v -4.879900 1.213901 -4.428800
v -4.879900 1.213901 -4.393600
v -4.852500 1.213901 -4.371700
v -4.818200 1.213901 -4.379500
v -4.802900 1.213901 -4.411200
v -4.818200 1.213901 -4.442900
v -4.852500 1.213901 -4.450700
v -4.746000 1.210501 -3.806700
v -4.783800 1.210501 -3.728200
v -4.868800 1.210501 -3.708900
v -4.936800 1.210501 -3.763200
v -4.936800 1.210501 -3.850200
v -4.868800 1.210501 -3.904600
v -4.783800 1.210501 -3.885200
v -4.746000 1.411301 -3.806700
v -4.783800 1.411301 -3.728200
v -4.868800 1.411301 -3.708900
v -4.936800 1.411301 -3.763200
v -4.936800 1.411301 -3.850200
v -4.868800 1.411301 -3.904600
v -4.783800 1.411301 -3.885200
v -4.879900 1.411301 -3.824300
v -4.879900 1.411301 -3.789100
v -4.852500 1.411301 -3.767200
v -4.818200 1.411301 -3.775000
v -4.802900 1.411301 -3.806700
v -4.818200 1.411301 -3.838400
v -4.852500 1.411301 -3.846200
v -4.879900 1.213901 -3.824300
v -4.879900 1.213901 -3.789100
v -4.852500 1.213901 -3.767200
v -4.818200 1.213901 -3.775000
v -4.802900 1.213901 -3.806700
v -4.818200 1.213901 -3.838400
v -4.852500 1.213901 -3.846200
v -4.746000 1.210500 -3.260600
v -4.783800 1.210500 -3.182100
v -4.868800 1.210500 -3.162800
v -4.936800 1.210500 -3.217100
v -4.936800 1.210501 -3.304200
v -4.868800 1.210501 -3.358500
v -4.783800 1.210501 -3.339100
v -4.746000 1.411300 -3.260600
v -4.783800 1.411300 -3.182100
v -4.868800 1.411300 -3.162800
v -4.936800 1.411300 -3.217100
v -4.936800 1.411301 -3.304200
v -4.868800 1.411301 -3.358500
v -4.783800 1.411301 -3.339100
v -4.879900 1.411300 -3.278200
v -4.879900 1.411300 -3.243000
v -4.852500 1.411300 -3.221100
v -4.818200 1.411300 -3.228900
v -4.802900 1.411300 -3.260600
v -4.818200 1.411300 -3.292300
v -4.852500 1.411301 -3.300100
v -4.879900 1.213900 -3.278200
v -4.879900 1.213900 -3.243000
v -4.852500 1.213900 -3.221100
v -4.818200 1.213900 -3.228900
v -4.802900 1.213900 -3.260600
v -4.818200 1.213900 -3.292300
v -4.852500 1.213901 -3.300100
v -4.746000 1.210500 -2.385100
v -4.783800 1.210500 -2.306600
v -4.868800 1.210500 -2.287300
v -4.936800 1.210500 -2.341600
v -4.936800 1.210500 -2.428700
v -4.868800 1.210500 -2.483000
v -4.783800 1.210500 -2.463600
v -4.746000 1.411300 -2.385100
v -4.783800 1.411300 -2.306600
v -4.868800 1.411300 -2.287300
v -4.936800 1.411300 -2.341600
v -4.936800 1.411300 -2.428700
v -4.868800 1.411300 -2.483000
v -4.783800 1.411300 -2.463600
v -4.879900 1.411300 -2.402700
v -4.879900 1.411300 -2.367500
v -4.852500 1.411300 -2.345600
v -4.818200 1.411300 -2.353400
v -4.802900 1.411300 -2.385100
v -4.818200 1.411300 -2.416800
v -4.852500 1.411300 -2.424600
v -4.879900 1.213900 -2.402700
v -4.879900 1.213900 -2.367500
v -4.852500 1.213900 -2.345600
v -4.818200 1.213900 -2.353400
v -4.802900 1.213900 -2.385100
v -4.818200 1.213900 -2.416800
v -4.852500 1.213900 -2.424600
v -4.746000 1.210500 -1.780600
v -4.783800 1.210500 -1.702100
v -4.868800 1.210500 -1.682700
v -4.936800 1.210500 -1.737100
v -4.936800 1.210500 -1.824100
v -4.868800 1.210500 -1.878500
v -4.783800 1.210500 -1.859100
v -4.746000 1.411300 -1.780600
v -4.783800 1.411300 -1.702100
v -4.868800 1.411300 -1.682700
v -4.936800 1.411300 -1.737100
v -4.936800 1.411300 -1.824100
v -4.868800 1.411300 -1.878500
v -4.783800 1.411300 -1.859100
v -4.879900 1.411300 -1.798200
v -4.879900 1.411300 -1.763000
v -4.852500 1.411300 -1.741100
v -4.818200 1.411300 -1.748900
v -4.802900 1.411300 -1.780600
v -4.818200 1.411300 -1.812300
v -4.852500 1.411300 -1.820100
v -4.879900 1.213900 -1.798200
v -4.879900 1.213900 -1.763000
v -4.852500 1.213900 -1.741100
v -4.818200 1.213900 -1.748900
v -4.802900 1.213900 -1.780600
v -4.818200 1.213900 -1.812300
v -4.852500 1.213900 -1.820100
v -4.746000 1.210500 -1.234500
v -4.783800 1.210500 -1.156000
v -4.868800 1.210500 -1.136700
v -4.936800 1.210500 -1.191000
v -4.936800 1.210500 -1.278100
v -4.868800 1.210500 -1.332400
v -4.783800 1.210500 -1.313000
v -4.746000 1.411300 -1.234500
v -4.783800 1.411300 -1.156000
v -4.868800 1.411300 -1.136700
v -4.936800 1.411300 -1.191000
v -4.936800 1.411300 -1.278100
v -4.868800 1.411300 -1.332400
v -4.783800 1.411300 -1.313000
v -4.879900 1.411300 -1.252100
v -4.879900 1.411300 -1.216900
v -4.852500 1.411300 -1.195000
v -4.818200 1.411300 -1.202800
v -4.802900 1.411300 -1.234500
v -4.818200 1.411300 -1.266200
v -4.852500 1.411300 -1.274000
v -4.879900 1.213900 -1.252100
v -4.879900 1.213900 -1.216900
v -4.852500 1.213900 -1.195000
v -4.818200 1.213900 -1.202800
v -4.802900 1.213900 -1.234500
v -4.818200 1.213900 -1.266200
v -4.852500 1.213900 -1.274000
v -4.746000 1.210500 -0.357000
v -4.783800 1.210500 -0.278500
v -4.868800 1.210500 -0.259200
v -4.936800 1.210500 -0.313500
v -4.936800 1.210500 -0.400600
v -4.868800 1.210500 -0.454900
v -4.783800 1.210500 -0.435500
v -4.746000 1.411300 -0.357000
v -4.783800 1.411300 -0.278500
v -4.868800 1.411300 -0.259200
v -4.936800 1.411300 -0.313500
v -4.936800 1.411300 -0.400600
v -4.868800 1.411300 -0.454900
v -4.783800 1.411300 -0.435500
v -4.879900 1.411300 -0.374600
v -4.879900 1.411300 -0.339400
v -4.852500 1.411300 -0.317500
v -4.818200 1.411300 -0.325300
v -4.802900 1.411300 -0.357000
v -4.818200 1.411300 -0.388700
v -4.852500 1.411300 -0.396500
v -4.879900 1.213900 -0.374600
v -4.879900 1.213900 -0.339400
v -4.852500 1.213900 -0.317500
v -4.818200 1.213900 -0.325300
v -4.802900 1.213900 -0.357000
v -4.818200 1.213900 -0.388700
v -4.852500 1.213900 -0.396500
v -4.746000 1.210500 0.247500
v -4.783800 1.210500 0.326000
v -4.868800 1.210500 0.345300
v -4.936800 1.210500 0.291000
v -4.936800 1.210500 0.204000
v -4.868800 1.210500 0.149600
v -4.783800 1.210500 0.169000
v -4.746000 1.411300 0.247500
v -4.783800 1.411300 0.326000
v -4.868800 1.411300 0.345300
v -4.936800 1.411300 0.291000
v -4.936800 1.411300 0.204000
v -4.868800 1.411300 0.149600
v -4.783800 1.411300 0.169000
v -4.879900 1.411300 0.229900
v -4.879900 1.411300 0.265100
v -4.852500 1.411300 0.287000
v -4.818200 1.411300 0.279200
v -4.802900 1.411300 0.247500
v -4.818200 1.411300 0.215800
v -4.852500 1.411300 0.208000
v -4.879900 1.213900 0.229900
v -4.879900 1.213900 0.265100
v -4.852500 1.213900 0.287000
v -4.818200 1.213900 0.279200
v -4.802900 1.213900 0.247500
v -4.818200 1.213900 0.215800
v -4.852500 1.213900 0.208000
v -4.746000 1.210500 0.793600
v -4.783800 1.210500 0.872100
v -4.868800 1.210500 0.891400
v -4.936800 1.210500 0.837100
v -4.936800 1.210500 0.750000
v -4.868800 1.210500 0.695700
v -4.783800 1.210500 0.715100
v -4.746000 1.411300 0.793600
v -4.783800 1.411300 0.872100
v -4.868800 1.411300 0.891400
v -4.936800 1.411300 0.837100
v -4.936800 1.411300 0.750000
v -4.868800 1.411300 0.695700
v -4.783800 1.411300 0.715100
v -4.879900 1.411300 0.776000
v -4.879900 1.411300 0.811200
v -4.852500 1.411300 0.833100
v -4.818200 1.411300 0.825300
v -4.802900 1.411300 0.793600
v -4.818200 1.411300 0.761900
v -4.852500 1.411300 0.754100
v -4.879900 1.213900 0.776000
v -4.879900 1.213900 0.811200
v -4.852500 1.213900 0.833100
v -4.818200 1.213900 0.825300
v -4.802900 1.213900 0.793600
v -4.818200 1.213900 0.761900
v -4.852500 1.213900 0.754100
v -4.746000 0.280001 -4.411200
v -4.783800 0.280001 -4.332700
v -4.868800 0.280001 -4.313400
v -4.936800 0.280001 -4.367700
v -4.936800 0.280001 -4.454800
v -4.868800 0.280001 -4.509100
v -4.783800 0.280001 -4.489700
v -4.746000 0.480801 -4.411200
v -4.783800 0.480801 -4.332700
v -4.868800 0.480801 -4.313400
v -4.936800 0.480801 -4.367700
v -4.936800 0.480801 -4.454800
v -4.868800 0.480801 -4.509100
v -4.783800 0.480801 -4.489700
v -4.879900 0.480801 -4.428800
v -4.879900 0.480801 -4.393600
v -4.852500 0.480801 -4.371700
v -4.818200 0.480801 -4.379500
v -4.802900 0.480801 -4.411200
v -4.818200 0.480801 -4.442900
v -4.852500 0.480801 -4.450700
v -4.879900 0.283401 -4.428800
v -4.879900 0.283401 -4.393600
v -4.852500 0.283401 -4.371700
v -4.818200 0.283401 -4.379500
v -4.802900 0.283401 -4.411200
v -4.818200 0.283401 -4.442900
v -4.852500 0.283401 -4.450700
v -4.746000 0.280001 -3.806700
v -4.783800 0.280001 -3.728200
v -4.868800 0.280001 -3.708900
v -4.936800 0.280001 -3.763200
v -4.936800 0.280001 -3.850200
v -4.868800 0.280001 -3.904600
v -4.783800 0.280001 -3.885200
v -4.746000 0.480801 -3.806700
v -4.783800 0.480801 -3.728200
v -4.868800 0.480801 -3.708900
v -4.936800 0.480801 -3.763200
v -4.936800 0.480801 -3.850200
v -4.868800 0.480801 -3.904600
v -4.783800 0.480801 -3.885200
v -4.879900 0.480801 -3.824300
v -4.879900 0.480801 -3.789100
v -4.852500 0.480801 -3.767200
v -4.818200 0.480801 -3.775000
v -4.802900 0.480801 -3.806700
v -4.818200 0.480801 -3.838400
v -4.852500 0.480801 -3.846200
v -4.879900 0.283401 -3.824300
v -4.879900 0.283401 -3.789100
v -4.852500 0.283401 -3.767200
v -4.818200 0.283401 -3.775000
v -4.802900 0.283401 -3.806700
v -4.818200 0.283401 -3.838400
v -4.852500 0.283401 -3.846200
v -4.746000 0.280001 -3.260600
v -4.783800 0.280001 -3.182100
v -4.868800 0.280001 -3.162800
v -4.936800 0.280001 -3.217100
v -4.936800 0.280001 -3.304200
v -4.868800 0.280001 -3.358500
v -4.783800 0.280001 -3.339100
v -4.746000 0.480801 -3.260600
v -4.783800 0.480801 -3.182100
v -4.868800 0.480801 -3.162800
v -4.936800 0.480801 -3.217100
v -4.936800 0.480801 -3.304200
v -4.868800 0.480801 -3.358500
v -4.783800 0.480801 -3.339100
v -4.879900 0.480801 -3.278200
v -4.879900 0.480801 -3.243000
v -4.852500 0.480801 -3.221100
v -4.818200 0.480801 -3.228900
v -4.802900 0.480801 -3.260600
v -4.818200 0.480801 -3.292300
v -4.852500 0.480801 -3.300100
v -4.879900 0.283401 -3.278200
v -4.879900 0.283401 -3.243000
v -4.852500 0.283401 -3.221100
v -4.818200 0.283401 -3.228900
v -4.802900 0.283401 -3.260600
v -4.818200 0.283401 -3.292300
v -4.852500 0.283401 -3.300100
v -4.746000 0.280000 -2.385100
v -4.783800 0.280000 -2.306600
v -4.868800 0.280000 -2.287300
v -4.936800 0.280000 -2.341600
v -4.936800 0.280000 -2.428700
v -4.868800 0.280000 -2.483000
v -4.783800 0.280000 -2.463600
v -4.746000 0.480800 -2.385100
v -4.783800 0.480800 -2.306600
v -4.868800 0.480800 -2.287300
v -4.936800 0.480800 -2.341600
v -4.936800 0.480800 -2.428700
v -4.868800 0.480800 -2.483000
v -4.783800 0.480800 -2.463600
v -4.879900 0.480800 -2.402700
v -4.879900 0.480800 -2.367500
v -4.852500 0.480800 -2.345600
v -4.818200 0.480800 -2.353400
v -4.802900 0.480800 -2.385100
v -4.818200 0.480800 -2.416800
v -4.852500 0.480800 -2.424600
v -4.879900 0.283400 -2.402700
v -4.879900 0.283400 -2.367500
v -4.852500 0.283400 -2.345600
v -4.818200 0.283400 -2.353400
v -4.802900 0.283400 -2.385100
v -4.818200 0.283400 -2.416800
v -4.852500 0.283400 -2.424600
v -4.746000 0.280000 -1.780600
v -4.783800 0.280000 -1.702100
v -4.868800 0.280000 -1.682700
v -4.936800 0.280000 -1.737100
v -4.936800 0.280000 -1.824100
v -4.868800 0.280000 -1.878500
v -4.783800 0.280000 -1.859100
v -4.746000 0.480800 -1.780600
v -4.783800 0.480800 -1.702100
v -4.868800 0.480800 -1.682700
v -4.936800 0.480800 -1.737100
v -4.936800 0.480800 -1.824100
v -4.868800 0.480800 -1.878500
v -4.783800 0.480800 -1.859100
v -4.879900 0.480800 -1.798200
v -4.879900 0.480800 -1.763000
v -4.852500 0.480800 -1.741100
v -4.818200 0.480800 -1.748900
v -4.802900 0.480800 -1.780600
v -4.818200 0.480800 -1.812300
v -4.852500 0.480800 -1.820100
v -4.879900 0.283400 -1.798200
v -4.879900 0.283400 -1.763000
v -4.852500 0.283400 -1.741100
v -4.818200 0.283400 -1.748900
v -4.802900 0.283400 -1.780600
v -4.818200 0.283400 -1.812300
v -4.852500 0.283400 -1.820100
v -4.746000 0.280000 -1.234500
v -4.783800 0.280000 -1.156000
v -4.868800 0.280000 -1.136700
v -4.936800 0.280000 -1.191000
v -4.936800 0.280000 -1.278100
v -4.868800 0.280000 -1.332400
v -4.783800 0.280000 -1.313000
v -4.746000 0.480800 -1.234500
v -4.783800 0.480800 -1.156000
v -4.868800 0.480800 -1.136700
v -4.936800 0.480800 -1.191000
v -4.936800 0.480800 -1.278100
v -4.868800 0.480800 -1.332400
v -4.783800 0.480800 -1.313000
v -4.879900 0.480800 -1.252100
v -4.879900 0.480800 -1.216900
v -4.852500 0.480800 -1.195000
v -4.818200 0.480800 -1.202800
v -4.802900 0.480800 -1.234500
v -4.818200 0.480800 -1.266200
v -4.852500 0.480800 -1.274000
v -4.879900 0.283400 -1.252100
v -4.879900 0.283400 -1.216900
v -4.852500 0.283400 -1.195000
v -4.818200 0.283400 -1.202800
v -4.802900 0.283400 -1.234500
v -4.818200 0.283400 -1.266200
v -4.852500 0.283400 -1.274000
v -4.746000 0.280000 -0.357000
v -4.783800 0.280000 -0.278500
v -4.868800 0.280000 -0.259200
v -4.936800 0.280000 -0.313500
v -4.936800 0.280000 -0.400600
v -4.868800 0.280000 -0.454900
v -4.783800 0.280000 -0.435500
v -4.746000 0.480800 -0.357000
v -4.783800 0.480800 -0.278500
v -4.868800 0.480800 -0.259200
v -4.936800 0.480800 -0.313500
v -4.936800 0.480800 -0.400600
v -4.868800 0.480800 -0.454900
v -4.783800 0.480800 -0.435500
v -4.879900 0.480800 -0.374600
v -4.879900 0.480800 -0.339400
v -4.852500 0.480800 -0.317500
v -4.818200 0.480800 -0.325300
v -4.802900 0.480800 -0.357000
v -4.818200 0.480800 -0.388700
v -4.852500 0.480800 -0.396500
v -4.879900 0.283400 -0.374600
v -4.879900 0.283400 -0.339400
v -4.852500 0.283400 -0.317500
v -4.818200 0.283400 -0.325300
v -4.802900 0.283400 -0.357000
v -4.818200 0.283400 -0.388700
v -4.852500 0.283400 -0.396500
v -4.746000 0.280000 0.247500
v -4.783800 0.280000 0.326000
v -4.868800 0.280000 0.345300
v -4.936800 0.280000 0.291000
v -4.936800 0.280000 0.204000
v -4.868800 0.280000 0.149600
v -4.783800 0.280000 0.169000
v -4.746000 0.480800 0.247500
v -4.783800 0.480800 0.326000
v -4.868800 0.480800 0.345300
v -4.936800 0.480800 0.291000
v -4.936800 0.480800 0.204000
v -4.868800 0.480800 0.149600
v -4.783800 0.480800 0.169000
v -4.879900 0.480800 0.229900
v -4.879900 0.480800 0.265100
v -4.852500 0.480800 0.287000
v -4.818200 0.480800 0.279200
v -4.802900 0.480800 0.247500
v -4.818200 0.480800 0.215800
v -4.852500 0.480800 0.208000
v -4.879900 0.283400 0.229900
v -4.879900 0.283400 0.265100
v -4.852500 0.283400 0.287000
v -4.818200 0.283400 0.279200
v -4.802900 0.283400 0.247500
v -4.818200 0.283400 0.215800
v -4.852500 0.283400 0.208000
v -4.746000 0.280000 0.793600
v -4.783800 0.280000 0.872100
v -4.868800 0.280000 0.891400
v -4.936800 0.280000 0.837100
v -4.936800 0.280000 0.750000
v -4.868800 0.280000 0.695700
v -4.783800 0.280000 0.715100
v -4.746000 0.480800 0.793600
v -4.783800 0.480800 0.872100
v -4.868800 0.480800 0.891400
v -4.936800 0.480800 0.837100
v -4.936800 0.480800 0.750000
v -4.868800 0.480800 0.695700
v -4.783800 0.480800 0.715100
v -4.879900 0.480800 0.776000
v -4.879900 0.480800 0.811200
v -4.852500 0.480800 0.833100
v -4.818200 0.480800 0.825300
v -4.802900 0.480800 0.793600
v -4.818200 0.480800 0.761900
v -4.852500 0.480800 0.754100
v -4.879900 0.283400 0.776000
v -4.879900 0.283400 0.811200
v -4.852500 0.283400 0.833100
v -4.818200 0.283400 0.825300
v -4.802900 0.283400 0.793600
v -4.818200 0.283400 0.761900
v -4.852500 0.283400 0.754100
v -3.386000 2.111001 -4.411200
v -3.423700 2.111001 -4.332699
v -3.508700 2.111001 -4.313399
v -3.576700 2.111001 -4.367700
v -3.576700 2.111001 -4.454800
v -3.508700 2.111001 -4.509099
v -3.423700 2.111001 -4.489699
v -3.386000 2.311801 -4.411200
v -3.423700 2.311801 -4.332699
v -3.508700 2.311801 -4.313399
v -3.576700 2.311801 -4.367700
v -3.576700 2.311801 -4.454800
v -3.508700 2.311801 -4.509099
v -3.423700 2.311801 -4.489699
v -3.519800 2.311801 -4.428800
v -3.519800 2.311801 -4.393600
v -3.492400 2.311801 -4.371699
v -3.458100 2.311801 -4.379499
v -3.442900 2.311801 -4.411200
v -3.458100 2.311801 -4.442900
v -3.492400 2.311801 -4.450699
v -3.519800 2.114401 -4.428800
v -3.519800 2.114401 -4.393600
v -3.492400 2.114401 -4.371699
v -3.458100 2.114401 -4.379499
v -3.442900 2.114401 -4.411200
v -3.458100 2.114401 -4.442900
v -3.492400 2.114401 -4.450699
v -3.386000 2.111001 -3.806700
v -3.423700 2.111001 -3.728200
v -3.508700 2.111001 -3.708900
v -3.576700 2.111001 -3.763200
v -3.576700 2.111001 -3.850200
v -3.508700 2.111001 -3.904600
v -3.423700 2.111001 -3.885200
v -3.386000 2.311801 -3.806700
v -3.423700 2.311801 -3.728199
v -3.508700 2.311801 -3.708899
v -3.576700 2.311801 -3.763200
v -3.576700 2.311801 -3.850199
v -3.508700 2.311801 -3.904599
v -3.423700 2.311801 -3.885200
v -3.519800 2.311801 -3.824300
v -3.519800 2.311801 -3.789099
v -3.492400 2.311801 -3.767200
v -3.458100 2.311801 -3.775000
v -3.442900 2.311801 -3.806700
v -3.458100 2.311801 -3.838399
v -3.492400 2.311801 -3.846200
v -3.519800 2.114401 -3.824300
v -3.519800 2.114401 -3.789100
v -3.492400 2.114401 -3.767200
v -3.458100 2.114401 -3.775000
v -3.442900 2.114401 -3.806700
v -3.458100 2.114401 -3.838400
v -3.492400 2.114401 -3.846200
v -3.386000 2.111001 -3.260600
v -3.423700 2.111001 -3.182100
v -3.508700 2.111001 -3.162800
v -3.576700 2.111001 -3.217100
v -3.576700 2.111001 -3.304200
v -3.508700 2.111001 -3.358500
v -3.423700 2.111001 -3.339100
v -3.386000 2.311800 -3.260600
v -3.423700 2.311800 -3.182100
v -3.508700 2.311800 -3.162800
v -3.576700 2.311800 -3.217099
v -3.576700 2.311800 -3.304199
v -3.508700 2.311800 -3.358500
v -3.423700 2.311800 -3.339099
v -3.519800 2.311800 -3.278199
v -3.519800 2.311800 -3.243000
v -3.492400 2.311800 -3.221100
v -3.458100 2.311800 -3.228899
v -3.442900 2.311800 -3.260600
v -3.458100 2.311800 -3.292300
v -3.492400 2.311800 -3.300100
v -3.519800 2.114400 -3.278200
v -3.519800 2.114400 -3.243000
v -3.492400 2.114400 -3.221100
v -3.458100 2.114400 -3.228900
v -3.442900 2.114400 -3.260600
v -3.458100 2.114400 -3.292300
v -3.492400 2.114400 -3.300100
v -3.386000 2.111001 -2.385100
v -3.423700 2.111001 -2.306600
v -3.508700 2.111001 -2.287300
v -3.576700 2.111001 -2.341600
v -3.576700 2.111001 -2.428700
v -3.508700 2.111001 -2.483000
v -3.423700 2.111001 -2.463600
v -3.386000 2.311800 -2.385099
v -3.423700 2.311800 -2.306600
v -3.508700 2.311800 -2.287300
v -3.576700 2.311800 -2.341599
v -3.576700 2.311800 -2.428699
v -3.508700 2.311800 -2.483000
v -3.423700 2.311800 -2.463599
v -3.519800 2.311800 -2.402699
v -3.519800 2.311800 -2.367500
v -3.492400 2.311800 -2.345599
v -3.458100 2.311800 -2.353400
v -3.442900 2.311800 -2.385099
v -3.458100 2.311800 -2.416800
v -3.492400 2.311800 -2.424599
v -3.519800 2.114400 -2.402700
v -3.519800 2.114400 -2.367500
v -3.492400 2.114400 -2.345600
v -3.458100 2.114400 -2.353400
v -3.442900 2.114400 -2.385100
v -3.458100 2.114400 -2.416800
v -3.492400 2.114400 -2.424600
v -3.386000 2.111000 -1.780600
v -3.423700 2.111000 -1.702100
v -3.508700 2.111000 -1.682700
v -3.576700 2.111000 -1.737100
v -3.576700 2.111000 -1.824100
v -3.508700 2.111000 -1.878500
v -3.423700 2.111000 -1.859100
v -3.386000 2.311800 -1.780600
v -3.423700 2.311800 -1.702100
v -3.508700 2.311800 -1.682700
v -3.576700 2.311800 -1.737100
v -3.576700 2.311800 -1.824100
v -3.508700 2.311800 -1.878500
v -3.423700 2.311800 -1.859100
v -3.519800 2.311800 -1.798200
v -3.519800 2.311800 -1.763000
v -3.492400 2.311800 -1.741100
v -3.458100 2.311800 -1.748900
v -3.442900 2.311800 -1.780600
v -3.458100 2.311800 -1.812300
v -3.492400 2.311800 -1.820100
v -3.519800 2.114400 -1.798200
v -3.519800 2.114400 -1.763000
v -3.492400 2.114400 -1.741100
v -3.458100 2.114400 -1.748900
v -3.442900 2.114400 -1.780600
v -3.458100 2.114400 -1.812300
v -3.492400 2.114400 -1.820100
v -3.386000 2.111000 -1.234500
v -3.423700 2.111000 -1.156000
v -3.508700 2.111000 -1.136700
v -3.576700 2.111000 -1.191000
v -3.576700 2.111000 -1.278100
v -3.508700 2.111000 -1.332400
v -3.423700 2.111000 -1.313000
v -3.386000 2.311800 -1.234500
v -3.423700 2.311800 -1.156000
v -3.508700 2.311800 -1.136700
v -3.576700 2.311800 -1.191000
v -3.576700 2.311800 -1.278100
v -3.508700 2.311800 -1.332400
v -3.423700 2.311800 -1.313000
v -3.519800 2.311800 -1.252100
v -3.519800 2.311800 -1.216900
v -3.492400 2.311800 -1.195000
v -3.458100 2.311800 -1.202800
v -3.442900 2.311800 -1.234500
v -3.458100 2.311800 -1.266200
v -3.492400 2.311800 -1.274000
v -3.519800 2.114400 -1.252100
v -3.519800 2.114400 -1.216900
v -3.492400 2.114400 -1.195000
v -3.458100 2.114400 -1.202800
v -3.442900 2.114400 -1.234500
v -3.458100 2.114400 -1.266200
v -3.492400 2.114400 -1.274000
v -3.386000 2.111000 -0.357000
v -3.423700 2.111000 -0.278500
v -3.508700 2.111000 -0.259200
v -3.576700 2.111000 -0.313500
v -3.576700 2.111000 -0.400600
v -3.508700 2.111000 -0.454900
v -3.423700 2.111000 -0.435500
v -3.386000 2.311800 -0.357000
v -3.423700 2.311800 -0.278500
v -3.508700 2.311800 -0.259200
v -3.576700 2.311800 -0.313500
v -3.576700 2.311800 -0.400600
v -3.508700 2.311800 -0.454900
v -3.423700 2.311800 -0.435500
v -3.519800 2.311800 -0.374600
v -3.519800 2.311800 -0.339400
v -3.492400 2.311800 -0.317500
v -3.458100 2.311800 -0.325300
v -3.442900 2.311800 -0.357000
v -3.458100 2.311800 -0.388700
v -3.492400 2.311800 -0.396500
v -3.519800 2.114400 -0.374600
v -3.519800 2.114400 -0.339400
v -3.492400 2.114400 -0.317500
v -3.458100 2.114400 -0.325300
v -3.442900 2.114400 -0.357000
v -3.458100 2.114400 -0.388700
v -3.492400 2.114400 -0.396500
v -3.386000 2.111000 0.247500
v -3.423700 2.111000 0.326000
v -3.508700 2.111000 0.345300
v -3.576700 2.111000 0.291000
v -3.576700 2.111000 0.204000
v -3.508700 2.111000 0.149600
v -3.423700 2.111000 0.169000
v -3.386000 2.311800 0.247500
v -3.423700 2.311800 0.326000
v -3.508700 2.311800 0.345300
v -3.576700 2.311800 0.291000
v -3.576700 2.311800 0.204000
v -3.508700 2.311800 0.149600
v -3.423700 2.311800 0.169000
v -3.519800 2.311800 0.229900
v -3.519800 2.311800 0.265100
v -3.492400 2.311800 0.287000
v -3.458100 2.311800 0.279200
v -3.442900 2.311800 0.247500
v -3.458100 2.311800 0.215800
v -3.492400 2.311800 0.208000
v -3.519800 2.114400 0.229900
v -3.519800 2.114400 0.265100
v -3.492400 2.114400 0.287000
v -3.458100 2.114400 0.279200
v -3.442900 2.114400 0.247500
v -3.458100 2.114400 0.215800
v -3.492400 2.114400 0.208000
v -3.386000 2.111000 0.793600
v -3.423700 2.111000 0.872100
v -3.508700 2.111000 0.891400
v -3.576700 2.111000 0.837100
v -3.576700 2.111000 0.750000
v -3.508700 2.111000 0.695700
v -3.423700 2.111000 0.715100
v -3.386000 2.311800 0.793600
v -3.423700 2.311800 0.872100
v -3.508700 2.311800 0.891400
v -3.576700 2.311800 0.837100
v -3.576700 2.311800 0.750000
v -3.508700 2.311800 0.695700
v -3.423700 2.311800 0.715100
v -3.519800 2.311800 0.776000
v -3.519800 2.311800 0.811200
v -3.492400 2.311800 0.833100
v -3.458100 2.311800 0.825300
v -3.442900 2.311800 0.793600
v -3.458100 2.311800 0.761900
v -3.492400 2.311800 0.754100
v -3.519800 2.114400 0.776000
v -3.519800 2.114400 0.811200
v -3.492400 2.114400 0.833100
v -3.458100 2.114400 0.825300
v -3.442900 2.114400 0.793600
v -3.458100 2.114400 0.761900
v -3.492400 2.114400 0.754100
v -4.064300 2.111001 -4.411200
v -4.102000 2.111001 -4.332699
v -4.187000 2.111001 -4.313399
v -4.255000 2.111001 -4.367700
v -4.255000 2.111001 -4.454800
v -4.187000 2.111001 -4.509099
v -4.102000 2.111001 -4.489699
v -4.064300 2.311801 -4.411200
v -4.102000 2.311801 -4.332699
v -4.187000 2.311801 -4.313399
v -4.255000 2.311801 -4.367700
v -4.255000 2.311801 -4.454800
v -4.187000 2.311801 -4.509099
v -4.102000 2.311801 -4.489699
v -4.198100 2.311801 -4.428800
v -4.198100 2.311801 -4.393600
v -4.170700 2.311801 -4.371699
v -4.136400 2.311801 -4.379499
v -4.121200 2.311801 -4.411200
v -4.136400 2.311801 -4.442900
v -4.170700 2.311801 -4.450699
v -4.198100 2.114401 -4.428800
v -4.198100 2.114401 -4.393600
v -4.170700 2.114401 -4.371699
v -4.136400 2.114401 -4.379499
v -4.121200 2.114401 -4.411200
v -4.136400 2.114401 -4.442900
v -4.170700 2.114401 -4.450699
v -4.064300 2.111001 -3.806700
v -4.102000 2.111001 -3.728200
v -4.187000 2.111001 -3.708900
v -4.255000 2.111001 -3.763200
v -4.255000 2.111001 -3.850200
v -4.187000 2.111001 -3.904600
v -4.102000 2.111001 -3.885200
v -4.064300 2.311801 -3.806700
v -4.102000 2.311801 -3.728199
v -4.187000 2.311801 -3.708899
v -4.255000 2.311801 -3.763200
v -4.255000 2.311801 -3.850199
v -4.187000 2.311801 -3.904599
v -4.102000 2.311801 -3.885200
v -4.198100 2.311801 -3.824300
v -4.198100 2.311801 -3.789099
v -4.170700 2.311801 -3.767200
v -4.136400 2.311801 -3.775000
v -4.121200 2.311801 -3.806700
v -4.136400 2.311801 -3.838399
v -4.170700 2.311801 -3.846200
v -4.198100 2.114401 -3.824300
v -4.198100 2.114401 -3.789100
v -4.170700 2.114401 -3.767200
v -4.136400 2.114401 -3.775000
v -4.121200 2.114401 -3.806700
v -4.136400 2.114401 -3.838400
v -4.170700 2.114401 -3.846200
v -4.064300 2.111001 -3.260600
v -4.102000 2.111001 -3.182100
v -4.187000 2.111001 -3.162800
v -4.255000 2.111001 -3.217100
v -4.255000 2.111001 -3.304200
v -4.187000 2.111001 -3.358500
v -4.102000 2.111001 -3.339100
v -4.064300 2.311800 -3.260600
v -4.102000 2.311800 -3.182100
v -4.187000 2.311800 -3.162800
v -4.255000 2.311800 -3.217099
v -4.255000 2.311800 -3.304199
v -4.187000 2.311800 -3.358500
v -4.102000 2.311800 -3.339099
v -4.198100 2.311800 -3.278199
v -4.198100 2.311800 -3.243000
v -4.170700 2.311800 -3.221100
v -4.136400 2.311800 -3.228899
v -4.121200 2.311800 -3.260600
v -4.136400 2.311800 -3.292300
v -4.170700 2.311800 -3.300100
v -4.198100 2.114400 -3.278200
v -4.198100 2.114400 -3.243000
v -4.170700 2.114400 -3.221100
v -4.136400 2.114400 -3.228900
v -4.121200 2.114400 -3.260600
v -4.136400 2.114400 -3.292300
v -4.170700 2.114400 -3.300100
v -4.064300 2.111001 -2.385100
v -4.102000 2.111001 -2.306600
v -4.187000 2.111001 -2.287300
v -4.255000 2.111001 -2.341600
v -4.255000 2.111001 -2.428700
v -4.187000 2.111001 -2.483000
v -4.102000 2.111001 -2.463600
v -4.064300 2.311800 -2.385099
v -4.102000 2.311800 -2.306600
v -4.187000 2.311800 -2.287300
v -4.255000 2.311800 -2.341599
v -4.255000 2.311800 -2.428699
v -4.187000 2.311800 -2.483000
v -4.102000 2.311800 -2.463599
v -4.198100 2.311800 -2.402699
v -4.198100 2.311800 -2.367500
v -4.170700 2.311800 -2.345599
v -4.136400 2.311800 -2.353400
v -4.121200 2.311800 -2.385099
v -4.136400 2.311800 -2.416800
v -4.170700 2.311800 -2.424599
v -4.198100 2.114400 -2.402700
v -4.198100 2.114400 -2.367500
v -4.170700 2.114400 -2.345600
v -4.136400 2.114400 -2.353400
v -4.121200 2.114400 -2.385100
v -4.136400 2.114400 -2.416800
v -4.170700 2.114400 -2.424600
v -4.064300 2.111000 -1.780600
v -4.102000 2.111000 -1.702100
v -4.187000 2.111000 -1.682700
v -4.255000 2.111000 -1.737100
v -4.255000 2.111000 -1.824100
v -4.187000 2.111000 -1.878500
v -4.102000 2.111000 -1.859100
v -4.064300 2.311800 -1.780600
v -4.102000 2.311800 -1.702100
v -4.187000 2.311800 -1.682700
v -4.255000 2.311800 -1.737100
v -4.255000 2.311800 -1.824100
v -4.187000 2.311800 -1.878500
v -4.102000 2.311800 -1.859100
v -4.198100 2.311800 -1.798200
v -4.198100 2.311800 -1.763000
v -4.170700 2.311800 -1.741100
v -4.136400 2.311800 -1.748900
v -4.121200 2.311800 -1.780600
v -4.136400 2.311800 -1.812300
v -4.170700 2.311800 -1.820100
v -4.198100 2.114400 -1.798200
v -4.198100 2.114400 -1.763000
v -4.170700 2.114400 -1.741100
v -4.136400 2.114400 -1.748900
v -4.121200 2.114400 -1.780600
v -4.136400 2.114400 -1.812300
v -4.170700 2.114400 -1.820100
v -4.064300 2.111000 -1.234500
v -4.102000 2.111000 -1.156000
v -4.187000 2.111000 -1.136700
v -4.255000 2.111000 -1.191000
v -4.255000 2.111000 -1.278100
v -4.187000 2.111000 -1.332400
v -4.102000 2.111000 -1.313000
v -4.064300 2.311800 -1.234500
v -4.102000 2.311800 -1.156000
v -4.187000 2.311800 -1.136700
v -4.255000 2.311800 -1.191000
v -4.255000 2.311800 -1.278100
v -4.187000 2.311800 -1.332400
v -4.102000 2.311800 -1.313000
v -4.198100 2.311800 -1.252100
v -4.198100 2.311800 -1.216900
v -4.170700 2.311800 -1.195000
v -4.136400 2.311800 -1.202800
v -4.121200 2.311800 -1.234500
v -4.136400 2.311800 -1.266200
v -4.170700 2.311800 -1.274000
v -4.198100 2.114400 -1.252100
v -4.198100 2.114400 -1.216900
v -4.170700 2.114400 -1.195000
v -4.136400 2.114400 -1.202800
v -4.121200 2.114400 -1.234500
v -4.136400 2.114400 -1.266200
v -4.170700 2.114400 -1.274000
v -4.064300 2.111000 -0.357000
v -4.102000 2.111000 -0.278500
v -4.187000 2.111000 -0.259200
v -4.255000 2.111000 -0.313500
v -4.255000 2.111000 -0.400600
v -4.187000 2.111000 -0.454900
v -4.102000 2.111000 -0.435500
v -4.064300 2.311800 -0.357000
v -4.102000 2.311800 -0.278500
v -4.187000 2.311800 -0.259200
v -4.255000 2.311800 -0.313500
v -4.255000 2.311800 -0.400600
v -4.187000 2.311800 -0.454900
v -4.102000 2.311800 -0.435500
v -4.198100 2.311800 -0.374600
v -4.198100 2.311800 -0.339400
v -4.170700 2.311800 -0.317500
v -4.136400 2.311800 -0.325300
v -4.121200 2.311800 -0.357000
v -4.136400 2.311800 -0.388700
v -4.170700 2.311800 -0.396500
v -4.198100 2.114400 -0.374600
v -4.198100 2.114400 -0.339400
v -4.170700 2.114400 -0.317500
v -4.136400 2.114400 -0.325300
v -4.121200 2.114400 -0.357000
v -4.136400 2.114400 -0.388700
v -4.170700 2.114400 -0.396500
v -4.064300 2.111000 0.247500
v -4.102000 2.111000 0.326000
v -4.187000 2.111000 0.345300
v -4.255000 2.111000 0.291000
v -4.255000 2.111000 0.204000
v -4.187000 2.111000 0.149600
v -4.102000 2.111000 0.169000
v -4.064300 2.311800 0.247500
v -4.102000 2.311800 0.326000
v -4.187000 2.311800 0.345300
v -4.255000 2.311800 0.291000
v -4.255000 2.311800 0.204000
v -4.187000 2.311800 0.149600
v -4.102000 2.311800 0.169000
v -4.198100 2.311800 0.229900
v -4.198100 2.311800 0.265100
v -4.170700 2.311800 0.287000
v -4.136400 2.311800 0.279200
v -4.121200 2.311800 0.247500
v -4.136400 2.311800 0.215800
v -4.170700 2.311800 0.208000
v -4.198100 2.114400 0.229900
v -4.198100 2.114400 0.265100
v -4.170700 2.114400 0.287000
v -4.136400 2.114400 0.279200
v -4.121200 2.114400 0.247500
v -4.136400 2.114400 0.215800
v -4.170700 2.114400 0.208000
v -4.064300 2.111000 0.793600
v -4.102000 2.111000 0.872100
v -4.187000 2.111000 0.891400
v -4.255000 2.111000 0.837100
v -4.255000 2.111000 0.750000
v -4.187000 2.111000 0.695700
v -4.102000 2.111000 0.715100
v -4.064300 2.311800 0.793600
v -4.102000 2.311800 0.872100
v -4.187000 2.311800 0.891400
v -4.255000 2.311800 0.837100
v -4.255000 2.311800 0.750000
v -4.187000 2.311800 0.695700
v -4.102000 2.311800 0.715100
v -4.198100 2.311800 0.776000
v -4.198100 2.311800 0.811200
v -4.170700 2.311800 0.833100
v -4.136400 2.311800 0.825300
v -4.121200 2.311800 0.793600
v -4.136400 2.311800 0.761900
v -4.170700 2.311800 0.754100
v -4.198100 2.114400 0.776000
v -4.198100 2.114400 0.811200
v -4.170700 2.114400 0.833100
v -4.136400 2.114400 0.825300
v -4.121200 2.114400 0.793600
v -4.136400 2.114400 0.761900
v -4.170700 2.114400 0.754100
v -3.386000 1.209599 5.910700
v -3.423700 1.209599 5.989200
v -3.508700 1.209599 6.008500
v -3.576700 1.209599 5.954200
v -3.576700 1.209599 5.867100
v -3.508700 1.209599 5.812800
v -3.423700 1.209599 5.832200
v -3.386000 1.410399 5.910700
v -3.423700 1.410399 5.989200
v -3.508700 1.410399 6.008500
v -3.576700 1.410399 5.954200
v -3.576700 1.410399 5.867100
v -3.508700 1.410399 5.812800
v -3.423700 1.410399 5.832200
v -3.519800 1.410399 5.893100
v -3.519800 1.410399 5.928300
v -3.492400 1.410399 5.950200
v -3.458100 1.410399 5.942400
v -3.442900 1.410399 5.910700
v -3.458100 1.410399 5.879000
v -3.492400 1.410399 5.871200
v -3.519800 1.212999 5.893100
v -3.519800 1.212999 5.928300
v -3.492400 1.212999 5.950200
v -3.458100 1.212999 5.942400
v -3.442900 1.212999 5.910700
v -3.458100 1.212999 5.879000
v -3.492400 1.212999 5.871200
v -3.386000 1.209599 6.515200
v -3.423700 1.209599 6.593700
v -3.508700 1.209599 6.613000
v -3.576700 1.209599 6.558700
v -3.576700 1.209599 6.471700
v -3.508700 1.209599 6.417300
v -3.423700 1.209599 6.436700
v -3.386000 1.410399 6.515200
v -3.423700 1.410399 6.593700
v -3.508700 1.410399 6.613000
v -3.576700 1.410399 6.558700
v -3.576700 1.410399 6.471700
v -3.508700 1.410399 6.417300
v -3.423700 1.410399 6.436700
v -3.519800 1.410399 6.497600
v -3.519800 1.410399 6.532800
v -3.492400 1.410399 6.554700
v -3.458100 1.410399 6.546900
v -3.442900 1.410399 6.515200
v -3.458100 1.410399 6.483500
v -3.492400 1.410399 6.475700
v -3.519800 1.212999 6.497600
v -3.519800 1.212999 6.532800
v -3.492400 1.212999 6.554700
v -3.458100 1.212999 6.546900
v -3.442900 1.212999 6.515200
v -3.458100 1.212999 6.483500
v -3.492400 1.212999 6.475700
v -3.386000 1.209599 7.061300
v -3.423700 1.209599 7.139800
v -3.508700 1.209599 7.159100
v -3.576700 1.209599 7.104800
v -3.576700 1.209599 7.017700
v -3.508700 1.209599 6.963400
v -3.423700 1.209599 6.982800
v -3.386000 1.410399 7.061300
v -3.423700 1.410399 7.139800
v -3.508700 1.410399 7.159100
v -3.576700 1.410399 7.104800
v -3.576700 1.410399 7.017700
v -3.508700 1.410399 6.963400
v -3.423700 1.410399 6.982800
v -3.519800 1.410399 7.043700
v -3.519800 1.410399 7.078900
v -3.492400 1.410399 7.100800
v -3.458100 1.410399 7.093000
v -3.442900 1.410399 7.061300
v -3.458100 1.410399 7.029600
v -3.492400 1.410399 7.021800
v -3.519800 1.212999 7.043700
v -3.519800 1.212999 7.078900
v -3.492400 1.212999 7.100800
v -3.458100 1.212999 7.093000
v -3.442900 1.212999 7.061300
v -3.458100 1.212999 7.029600
v -3.492400 1.212999 7.021800
v -3.386000 1.209599 7.936800
v -3.423700 1.209599 8.015300
v -3.508700 1.209599 8.034600
v -3.576700 1.209599 7.980300
v -3.576700 1.209599 7.893200
v -3.508700 1.209599 7.838900
v -3.423700 1.209599 7.858300
v -3.386000 1.410399 7.936800
v -3.423700 1.410399 8.015300
v -3.508700 1.410399 8.034600
v -3.576700 1.410399 7.980300
v -3.576700 1.410399 7.893200
v -3.508700 1.410399 7.838900
v -3.423700 1.410399 7.858300
v -3.519800 1.410399 7.919200
v -3.519800 1.410399 7.954400
v -3.492400 1.410399 7.976300
v -3.458100 1.410399 7.968500
v -3.442900 1.410399 7.936800
v -3.458100 1.410399 7.905100
v -3.492400 1.410399 7.897300
v -3.519800 1.212999 7.919200
v -3.519800 1.212999 7.954400
v -3.492400 1.212999 7.976300
v -3.458100 1.212999 7.968500
v -3.442900 1.212999 7.936800
v -3.458100 1.212999 7.905100
v -3.492400 1.212999 7.897300
v -3.386000 1.209599 8.541300
v -3.423700 1.209599 8.619800
v -3.508700 1.209599 8.639200
v -3.576700 1.209599 8.584800
v -3.576700 1.209599 8.497800
v -3.508700 1.209599 8.443399
v -3.423700 1.209599 8.462800
v -3.386000 1.410399 8.541300
v -3.423700 1.410399 8.619800
v -3.508700 1.410399 8.639200
v -3.576700 1.410399 8.584800
v -3.576700 1.410399 8.497800
v -3.508700 1.410399 8.443399
v -3.423700 1.410399 8.462800
v -3.519800 1.410399 8.523700
v -3.519800 1.410399 8.558900
v -3.492400 1.410399 8.580800
v -3.458100 1.410399 8.573000
v -3.442900 1.410399 8.541300
v -3.458100 1.410399 8.509600
v -3.492400 1.410399 8.501800
v -3.519800 1.212999 8.523700
v -3.519800 1.212999 8.558900
v -3.492400 1.212999 8.580800
v -3.458100 1.212999 8.573000
v -3.442900 1.212999 8.541300
v -3.458100 1.212999 8.509600
v -3.492400 1.212999 8.501800
v -3.386000 1.209599 9.087399
v -3.423700 1.209598 9.165900
v -3.508700 1.209598 9.185200
v -3.576700 1.209599 9.130899
v -3.576700 1.209599 9.043799
v -3.508700 1.209599 8.989500
v -3.423700 1.209599 9.008900
v -3.386000 1.410399 9.087399
v -3.423700 1.410398 9.165900
v -3.508700 1.410398 9.185200
v -3.576700 1.410399 9.130899
v -3.576700 1.410399 9.043799
v -3.508700 1.410399 8.989500
v -3.423700 1.410399 9.008900
v -3.519800 1.410399 9.069799
v -3.519800 1.410399 9.105000
v -3.492400 1.410399 9.126900
v -3.458100 1.410399 9.119100
v -3.442900 1.410399 9.087399
v -3.458100 1.410399 9.055699
v -3.492400 1.410399 9.047900
v -3.519800 1.212999 9.069799
v -3.519800 1.212999 9.105000
v -3.492400 1.212999 9.126900
v -3.458100 1.212999 9.119100
v -3.442900 1.212999 9.087399
v -3.458100 1.212999 9.055699
v -3.492400 1.212999 9.047900
v -3.386000 1.209598 9.964900
v -3.423700 1.209598 10.043400
v -3.508700 1.209598 10.062700
v -3.576700 1.209598 10.008400
v -3.576700 1.209598 9.921300
v -3.508700 1.209598 9.867000
v -3.423700 1.209598 9.886400
v -3.386000 1.410398 9.964900
v -3.423700 1.410398 10.043400
v -3.508700 1.410398 10.062700
v -3.576700 1.410398 10.008400
v -3.576700 1.410398 9.921300
v -3.508700 1.410398 9.867000
v -3.423700 1.410398 9.886400
v -3.519800 1.410398 9.947300
v -3.519800 1.410398 9.982500
v -3.492400 1.410398 10.004400
v -3.458100 1.410398 9.996600
v -3.442900 1.410398 9.964900
v -3.458100 1.410398 9.933200
v -3.492400 1.410398 9.925400
v -3.519800 1.212998 9.947300
v -3.519800 1.212998 9.982500
v -3.492400 1.212998 10.004400
v -3.458100 1.212998 9.996600
v -3.442900 1.212998 9.964900
v -3.458100 1.212998 9.933200
v -3.492400 1.212998 9.925400
v -3.386000 1.209598 10.569400
v -3.423700 1.209598 10.647900
v -3.508700 1.209598 10.667200
v -3.576700 1.209598 10.612900
v -3.576700 1.209598 10.525900
v -3.508700 1.209598 10.471500
v -3.423700 1.209598 10.490900
v -3.386000 1.410398 10.569400
v -3.423700 1.410398 10.647900
v -3.508700 1.410398 10.667200
v -3.576700 1.410398 10.612900
v -3.576700 1.410398 10.525900
v -3.508700 1.410398 10.471500
v -3.423700 1.410398 10.490900
v -3.519800 1.410398 10.551800
v -3.519800 1.410398 10.587000
v -3.492400 1.410398 10.608900
v -3.458100 1.410398 10.601100
v -3.442900 1.410398 10.569400
v -3.458100 1.410398 10.537700
v -3.492400 1.410398 10.529900
v -3.519800 1.212998 10.551800
v -3.519800 1.212998 10.587000
v -3.492400 1.212998 10.608900
v -3.458100 1.212998 10.601100
v -3.442900 1.212998 10.569400
v -3.458100 1.212998 10.537700
v -3.492400 1.212998 10.529900
v -3.386000 1.209598 11.115500
v -3.423700 1.209598 11.194000
v -3.508700 1.209598 11.213300
v -3.576700 1.209598 11.159000
v -3.576700 1.209598 11.071900
v -3.508700 1.209598 11.017600
v -3.423700 1.209598 11.037000
v -3.386000 1.410398 11.115500
v -3.423700 1.410398 11.194000
v -3.508700 1.410398 11.213300
v -3.576700 1.410398 11.159000
v -3.576700 1.410398 11.071900
v -3.508700 1.410398 11.017600
v -3.423700 1.410398 11.037000
v -3.519800 1.410398 11.097900
v -3.519800 1.410398 11.133100
v -3.492400 1.410398 11.155000
v -3.458100 1.410398 11.147200
v -3.442900 1.410398 11.115500
v -3.458100 1.410398 11.083800
v -3.492400 1.410398 11.076000
v -3.519800 1.212998 11.097900
v -3.519800 1.212998 11.133100
v -3.492400 1.212998 11.155000
v -3.458100 1.212998 11.147200
v -3.442900 1.212998 11.115500
v -3.458100 1.212998 11.083800
v -3.492400 1.212998 11.076000
v -3.386000 0.279599 5.910700
v -3.423700 0.279599 5.989200
v -3.508700 0.279599 6.008500
v -3.576700 0.279599 5.954200
v -3.576700 0.279599 5.867100
v -3.508700 0.279599 5.812800
v -3.423700 0.279599 5.832200
v -3.386000 0.480399 5.910700
v -3.423700 0.480399 5.989200
v -3.508700 0.480399 6.008500
v -3.576700 0.480399 5.954200
v -3.576700 0.480399 5.867100
v -3.508700 0.480399 5.812800
v -3.423700 0.480399 5.832200
v -3.519800 0.480399 5.893100
v -3.519800 0.480399 5.928300
v -3.492400 0.480399 5.950200
v -3.458100 0.480399 5.942400
v -3.442900 0.480399 5.910700
v -3.458100 0.480399 5.879000
v -3.492400 0.480399 5.871200
v -3.519800 0.282999 5.893100
v -3.519800 0.282999 5.928300
v -3.492400 0.282999 5.950200
v -3.458100 0.282999 5.942400
v -3.442900 0.282999 5.910700
v -3.458100 0.282999 5.879000
v -3.492400 0.282999 5.871200
v -3.386000 0.279599 6.515200
v -3.423700 0.279599 6.593700
v -3.508700 0.279599 6.613000
v -3.576700 0.279599 6.558700
v -3.576700 0.279599 6.471700
v -3.508700 0.279599 6.417300
v -3.423700 0.279599 6.436700
v -3.386000 0.480399 6.515200
v -3.423700 0.480399 6.593700
v -3.508700 0.480399 6.613000
v -3.576700 0.480399 6.558700
v -3.576700 0.480399 6.471700
v -3.508700 0.480399 6.417300
v -3.423700 0.480399 6.436700
v -3.519800 0.480399 6.497600
v -3.519800 0.480399 6.532800
v -3.492400 0.480399 6.554700
v -3.458100 0.480399 6.546900
v -3.442900 0.480399 6.515200
v -3.458100 0.480399 6.483500
v -3.492400 0.480399 6.475700
v -3.519800 0.282999 6.497600
v -3.519800 0.282999 6.532800
v -3.492400 0.282999 6.554700
v -3.458100 0.282999 6.546900
v -3.442900 0.282999 6.515200
v -3.458100 0.282999 6.483500
v -3.492400 0.282999 6.475700
v -3.386000 0.279599 7.061300
v -3.423700 0.279599 7.139800
v -3.508700 0.279599 7.159100
v -3.576700 0.279599 7.104800
v -3.576700 0.279599 7.017700
v -3.508700 0.279599 6.963400
v -3.423700 0.279599 6.982800
v -3.386000 0.480399 7.061300
v -3.423700 0.480399 7.139800
v -3.508700 0.480399 7.159100
v -3.576700 0.480399 7.104800
v -3.576700 0.480399 7.017700
v -3.508700 0.480399 6.963400
v -3.423700 0.480399 6.982800
v -3.519800 0.480399 7.043700
v -3.519800 0.480399 7.078900
v -3.492400 0.480399 7.100800
v -3.458100 0.480399 7.093000
v -3.442900 0.480399 7.061300
v -3.458100 0.480399 7.029600
v -3.492400 0.480399 7.021800
v -3.519800 0.282999 7.043700
v -3.519800 0.282999 7.078900
v -3.492400 0.282999 7.100800
v -3.458100 0.282999 7.093000
v -3.442900 0.282999 7.061300
v -3.458100 0.282999 7.029600
v -3.492400 0.282999 7.021800
v -3.386000 0.279599 7.936800
v -3.423700 0.279599 8.015300
v -3.508700 0.279599 8.034600
v -3.576700 0.279599 7.980300
v -3.576700 0.279599 7.893200
v -3.508700 0.279599 7.838900
v -3.423700 0.279599 7.858300
v -3.386000 0.480399 7.936800
v -3.423700 0.480399 8.015300
v -3.508700 0.480399 8.034600
v -3.576700 0.480399 7.980300
v -3.576700 0.480399 7.893200
v -3.508700 0.480399 7.838900
v -3.423700 0.480399 7.858300
v -3.519800 0.480399 7.919200
v -3.519800 0.480399 7.954400
v -3.492400 0.480399 7.976300
v -3.458100 0.480399 7.968500
v -3.442900 0.480399 7.936800
v -3.458100 0.480399 7.905100
v -3.492400 0.480399 7.897300
v -3.519800 0.282999 7.919200
v -3.519800 0.282999 7.954400
v -3.492400 0.282999 7.976300
v -3.458100 0.282999 7.968500
v -3.442900 0.282999 7.936800
v -3.458100 0.282999 7.905100
v -3.492400 0.282999 7.897300
v -3.386000 0.279599 8.541300
v -3.423700 0.279599 8.619800
v -3.508700 0.279599 8.639200
v -3.576700 0.279599 8.584800
v -3.576700 0.279599 8.497800
v -3.508700 0.279599 8.443399
v -3.423700 0.279599 8.462800
v -3.386000 0.480399 8.541300
v -3.423700 0.480399 8.619800
v -3.508700 0.480399 8.639200
v -3.576700 0.480399 8.584800
v -3.576700 0.480399 8.497800
v -3.508700 0.480399 8.443399
v -3.423700 0.480399 8.462800
v -3.519800 0.480399 8.523700
v -3.519800 0.480399 8.558900
v -3.492400 0.480399 8.580800
v -3.458100 0.480399 8.573000
v -3.442900 0.480399 8.541300
v -3.458100 0.480399 8.509600
v -3.492400 0.480399 8.501800
v -3.519800 0.282999 8.523700
v -3.519800 0.282999 8.558900
v -3.492400 0.282999 8.580800
v -3.458100 0.282999 8.573000
v -3.442900 0.282999 8.541300
v -3.458100 0.282999 8.509600
v -3.492400 0.282999 8.501800
v -3.386000 0.279599 9.087399
v -3.423700 0.279599 9.165900
v -3.508700 0.279599 9.185200
v -3.576700 0.279599 9.130899
v -3.576700 0.279599 9.043799
v -3.508700 0.279599 8.989500
v -3.423700 0.279599 9.008900
v -3.386000 0.480399 9.087399
v -3.423700 0.480399 9.165900
v -3.508700 0.480399 9.185200
v -3.576700 0.480399 9.130899
v -3.576700 0.480399 9.043799
v -3.508700 0.480399 8.989500
v -3.423700 0.480399 9.008900
v -3.519800 0.480399 9.069799
v -3.519800 0.480399 9.105000
v -3.492400 0.480399 9.126900
v -3.458100 0.480399 9.119100
v -3.442900 0.480399 9.087399
v -3.458100 0.480399 9.055699
v -3.492400 0.480399 9.047900
v -3.519800 0.282999 9.069799
v -3.519800 0.282999 9.105000
v -3.492400 0.282999 9.126900
v -3.458100 0.282999 9.119100
v -3.442900 0.282999 9.087399
v -3.458100 0.282999 9.055699
v -3.492400 0.282999 9.047900
v -3.386000 0.279598 9.964900
v -3.423700 0.279598 10.043400
v -3.508700 0.279598 10.062700
v -3.576700 0.279598 10.008400
v -3.576700 0.279598 9.921300
v -3.508700 0.279598 9.867000
v -3.423700 0.279598 9.886400
v -3.386000 0.480398 9.964900
v -3.423700 0.480398 10.043400
v -3.508700 0.480398 10.062700
v -3.576700 0.480398 10.008400
v -3.576700 0.480398 9.921300
v -3.508700 0.480398 9.867000
v -3.423700 0.480398 9.886400
v -3.519800 0.480398 9.947300
v -3.519800 0.480398 9.982500
v -3.492400 0.480398 10.004400
v -3.458100 0.480398 9.996600
v -3.442900 0.480398 9.964900
v -3.458100 0.480398 9.933200
v -3.492400 0.480398 9.925400
v -3.519800 0.282998 9.947300
v -3.519800 0.282998 9.982500
v -3.492400 0.282998 10.004400
v -3.458100 0.282998 9.996600
v -3.442900 0.282998 9.964900
v -3.458100 0.282998 9.933200
v -3.492400 0.282998 9.925400
v -3.386000 0.279598 10.569400
v -3.423700 0.279598 10.647900
v -3.508700 0.279598 10.667200
v -3.576700 0.279598 10.612900
v -3.576700 0.279598 10.525900
v -3.508700 0.279598 10.471500
v -3.423700 0.279598 10.490900
v -3.386000 0.480398 10.569400
v -3.423700 0.480398 10.647900
v -3.508700 0.480398 10.667200
v -3.576700 0.480398 10.612900
v -3.576700 0.480398 10.525900
v -3.508700 0.480398 10.471500
v -3.423700 0.480398 10.490900
v -3.519800 0.480398 10.551800
v -3.519800 0.480398 10.587000
v -3.492400 0.480398 10.608900
v -3.458100 0.480398 10.601100
v -3.442900 0.480398 10.569400
v -3.458100 0.480398 10.537700
v -3.492400 0.480398 10.529900
v -3.519800 0.282998 10.551800
v -3.519800 0.282998 10.587000
v -3.492400 0.282998 10.608900
v -3.458100 0.282998 10.601100
v -3.442900 0.282998 10.569400
v -3.458100 0.282998 10.537700
v -3.492400 0.282998 10.529900
v -3.386000 0.279598 11.115500
v -3.423700 0.279598 11.194000
v -3.508700 0.279598 11.213300
v -3.576700 0.279598 11.159000
v -3.576700 0.279598 11.071900
v -3.508700 0.279598 11.017600
v -3.423700 0.279598 11.037000
v -3.386000 0.480398 11.115500
v -3.423700 0.480398 11.194000
v -3.508700 0.480398 11.213300
v -3.576700 0.480398 11.159000
v -3.576700 0.480398 11.071900
v -3.508700 0.480398 11.017600
v -3.423700 0.480398 11.037000
v -3.519800 0.480398 11.097900
v -3.519800 0.480398 11.133100
v -3.492400 0.480398 11.155000
v -3.458100 0.480398 11.147200
v -3.442900 0.480398 11.115500
v -3.458100 0.480398 11.083800
v -3.492400 0.480398 11.076000
v -3.519800 0.282998 11.097900
v -3.519800 0.282998 11.133100
v -3.492400 0.282998 11.155000
v -3.458100 0.282998 11.147200
v -3.442900 0.282998 11.115500
v -3.458100 0.282998 11.083800
v -3.492400 0.282998 11.076000
v -3.386000 1.210400 0.793600
v -3.423700 1.210400 0.872100
v -3.508700 1.210400 0.891400
v -3.576700 1.210400 0.837100
v -3.576700 1.210400 0.750000
v -3.508700 1.210400 0.695700
v -3.423700 1.210400 0.715100
v -3.386000 1.411200 0.793600
v -3.423700 1.411200 0.872100
v -3.508700 1.411200 0.891400
v -3.576700 1.411200 0.837100
v -3.576700 1.411200 0.750000
v -3.508700 1.411200 0.695700
v -3.423700 1.411200 0.715100
v -3.519800 1.411200 0.776000
v -3.519800 1.411200 0.811200
v -3.492400 1.411200 0.833100
v -3.458100 1.411200 0.825300
v -3.442900 1.411200 0.793600
v -3.458100 1.411200 0.761900
v -3.492400 1.411200 0.754100
v -3.519800 1.213800 0.776000
v -3.519800 1.213800 0.811200
v -3.492400 1.213800 0.833100
v -3.458100 1.213800 0.825300
v -3.442900 1.213800 0.793600
v -3.458100 1.213800 0.761900
v -3.492400 1.213800 0.754100
v -3.386000 1.210400 0.247500
v -3.423700 1.210400 0.326000
v -3.508700 1.210400 0.345300
v -3.576700 1.210400 0.291000
v -3.576700 1.210400 0.204000
v -3.508700 1.210400 0.149600
v -3.423700 1.210400 0.169000
v -3.386000 1.411200 0.247500
v -3.423700 1.411200 0.326000
v -3.508700 1.411200 0.345300
v -3.576700 1.411200 0.291000
v -3.576700 1.411200 0.204000
v -3.508700 1.411200 0.149600
v -3.423700 1.411200 0.169000
v -3.519800 1.411200 0.229900
v -3.519800 1.411200 0.265100
v -3.492400 1.411200 0.287000
v -3.458100 1.411200 0.279200
v -3.442900 1.411200 0.247500
v -3.458100 1.411200 0.215800
v -3.492400 1.411200 0.208000
v -3.519800 1.213800 0.229900
v -3.519800 1.213800 0.265100
v -3.492400 1.213800 0.287000
v -3.458100 1.213800 0.279200
v -3.442900 1.213800 0.247500
v -3.458100 1.213800 0.215800
v -3.492400 1.213800 0.208000
v -3.386000 1.210400 -0.357000
v -3.423700 1.210400 -0.278500
v -3.508700 1.210400 -0.259200
v -3.576700 1.210400 -0.313500
v -3.576700 1.210400 -0.400600
v -3.508700 1.210400 -0.454900
v -3.423700 1.210400 -0.435500
v -3.386000 1.411200 -0.357000
v -3.423700 1.411200 -0.278500
v -3.508700 1.411200 -0.259200
v -3.576700 1.411200 -0.313500
v -3.576700 1.411200 -0.400600
v -3.508700 1.411200 -0.454900
v -3.423700 1.411200 -0.435500
v -3.519800 1.411200 -0.374600
v -3.519800 1.411200 -0.339400
v -3.492400 1.411200 -0.317500
v -3.458100 1.411200 -0.325300
v -3.442900 1.411200 -0.357000
v -3.458100 1.411200 -0.388700
v -3.492400 1.411200 -0.396500
v -3.519800 1.213800 -0.374600
v -3.519800 1.213800 -0.339400
v -3.492400 1.213800 -0.317500
v -3.458100 1.213800 -0.325300
v -3.442900 1.213800 -0.357000
v -3.458100 1.213800 -0.388700
v -3.492400 1.213800 -0.396500
v -3.386000 1.210400 -1.234500
v -3.423700 1.210400 -1.156000
v -3.508700 1.210400 -1.136700
v -3.576700 1.210400 -1.191000
v -3.576700 1.210400 -1.278100
v -3.508700 1.210400 -1.332400
v -3.423700 1.210400 -1.313000
v -3.386000 1.411200 -1.234500
v -3.423700 1.411200 -1.156000
v -3.508700 1.411200 -1.136700
v -3.576700 1.411200 -1.191000
v -3.576700 1.411200 -1.278100
v -3.508700 1.411200 -1.332400
v -3.423700 1.411200 -1.313000
v -3.519800 1.411200 -1.252100
v -3.519800 1.411200 -1.216900
v -3.492400 1.411200 -1.195000
v -3.458100 1.411200 -1.202800
v -3.442900 1.411200 -1.234500
v -3.458100 1.411200 -1.266200
v -3.492400 1.411200 -1.274000
v -3.519800 1.213800 -1.252100
v -3.519800 1.213800 -1.216900
v -3.492400 1.213800 -1.195000
v -3.458100 1.213800 -1.202800
v -3.442900 1.213800 -1.234500
v -3.458100 1.213800 -1.266200
v -3.492400 1.213800 -1.274000
v -3.386000 1.210400 -1.780600
v -3.423700 1.210400 -1.702100
v -3.508700 1.210400 -1.682700
v -3.576700 1.210400 -1.737100
v -3.576700 1.210400 -1.824100
v -3.508700 1.210400 -1.878500
v -3.423700 1.210400 -1.859100
v -3.386000 1.411200 -1.780600
v -3.423700 1.411200 -1.702100
v -3.508700 1.411200 -1.682700
v -3.576700 1.411200 -1.737100
v -3.576700 1.411200 -1.824100
v -3.508700 1.411200 -1.878500
v -3.423700 1.411200 -1.859100
v -3.519800 1.411200 -1.798200
v -3.519800 1.411200 -1.763000
v -3.492400 1.411200 -1.741100
v -3.458100 1.411200 -1.748900
v -3.442900 1.411200 -1.780600
v -3.458100 1.411200 -1.812300
v -3.492400 1.411200 -1.820100
v -3.519800 1.213800 -1.798200
v -3.519800 1.213800 -1.763000
v -3.492400 1.213800 -1.741100
v -3.458100 1.213800 -1.748900
v -3.442900 1.213800 -1.780600
v -3.458100 1.213800 -1.812300
v -3.492400 1.213800 -1.820100
v -3.386000 1.210400 -2.385100
v -3.423700 1.210400 -2.306600
v -3.508700 1.210400 -2.287300
v -3.576700 1.210400 -2.341600
v -3.576700 1.210400 -2.428700
v -3.508700 1.210400 -2.483000
v -3.423700 1.210400 -2.463600
v -3.386000 1.411200 -2.385100
v -3.423700 1.411200 -2.306600
v -3.508700 1.411200 -2.287300
v -3.576700 1.411200 -2.341600
v -3.576700 1.411200 -2.428700
v -3.508700 1.411200 -2.483000
v -3.423700 1.411200 -2.463600
v -3.519800 1.411200 -2.402700
v -3.519800 1.411200 -2.367500
v -3.492400 1.411200 -2.345600
v -3.458100 1.411200 -2.353400
v -3.442900 1.411200 -2.385100
v -3.458100 1.411200 -2.416800
v -3.492400 1.411200 -2.424600
v -3.519800 1.213800 -2.402700
v -3.519800 1.213800 -2.367500
v -3.492400 1.213800 -2.345600
v -3.458100 1.213800 -2.353400
v -3.442900 1.213800 -2.385100
v -3.458100 1.213800 -2.416800
v -3.492400 1.213800 -2.424600
v -3.386000 1.210400 -3.260600
v -3.423700 1.210400 -3.182100
v -3.508700 1.210400 -3.162800
v -3.576700 1.210400 -3.217100
v -3.576700 1.210401 -3.304200
v -3.508700 1.210401 -3.358500
v -3.423700 1.210401 -3.339100
v -3.386000 1.411201 -3.260600
v -3.423700 1.411201 -3.182100
v -3.508700 1.411201 -3.162800
v -3.576700 1.411201 -3.217100
v -3.576700 1.411201 -3.304200
v -3.508700 1.411201 -3.358500
v -3.423700 1.411201 -3.339100
v -3.519800 1.411201 -3.278200
v -3.519800 1.411201 -3.243000
v -3.492400 1.411201 -3.221100
v -3.458100 1.411201 -3.228900
v -3.442900 1.411201 -3.260600
v -3.458100 1.411201 -3.292300
v -3.492400 1.411201 -3.300100
v -3.519800 1.213800 -3.278200
v -3.519800 1.213800 -3.243000
v -3.492400 1.213800 -3.221100
v -3.458100 1.213800 -3.228900
v -3.442900 1.213800 -3.260600
v -3.458100 1.213800 -3.292300
v -3.492400 1.213801 -3.300100
v -3.386000 1.210401 -3.806700
v -3.423700 1.210401 -3.728200
v -3.508700 1.210401 -3.708900
v -3.576700 1.210401 -3.763200
v -3.576700 1.210401 -3.850200
v -3.508700 1.210401 -3.904600
v -3.423700 1.210401 -3.885200
v -3.386000 1.411201 -3.806700
v -3.423700 1.411201 -3.728200
v -3.508700 1.411201 -3.708900
v -3.576700 1.411201 -3.763200
v -3.576700 1.411201 -3.850200
v -3.508700 1.411201 -3.904600
v -3.423700 1.411201 -3.885200
v -3.519800 1.411201 -3.824300
v -3.519800 1.411201 -3.789100
v -3.492400 1.411201 -3.767200
v -3.458100 1.411201 -3.775000
v -3.442900 1.411201 -3.806700
v -3.458100 1.411201 -3.838400
v -3.492400 1.411201 -3.846200
v -3.519800 1.213801 -3.824300
v -3.519800 1.213801 -3.789100
v -3.492400 1.213801 -3.767200
v -3.458100 1.213801 -3.775000
v -3.442900 1.213801 -3.806700
v -3.458100 1.213801 -3.838400
v -3.492400 1.213801 -3.846200
v -3.386000 1.210401 -4.411200
v -3.423700 1.210401 -4.332700
v -3.508700 1.210401 -4.313400
v -3.576700 1.210401 -4.367700
v -3.576700 1.210401 -4.454800
v -3.508700 1.210401 -4.509100
v -3.423700 1.210401 -4.489700
v -3.386000 1.411201 -4.411200
v -3.423700 1.411201 -4.332700
v -3.508700 1.411201 -4.313400
v -3.576700 1.411201 -4.367700
v -3.576700 1.411201 -4.454800
v -3.508700 1.411201 -4.509100
v -3.423700 1.411201 -4.489700
v -3.519800 1.411201 -4.428800
v -3.519800 1.411201 -4.393600
v -3.492400 1.411201 -4.371700
v -3.458100 1.411201 -4.379500
v -3.442900 1.411201 -4.411200
v -3.458100 1.411201 -4.442900
v -3.492400 1.411201 -4.450700
v -3.519800 1.213801 -4.428800
v -3.519800 1.213801 -4.393600
v -3.492400 1.213801 -4.371700
v -3.458100 1.213801 -4.379500
v -3.442900 1.213801 -4.411200
v -3.458100 1.213801 -4.442900
v -3.492400 1.213801 -4.450700
v -3.386000 0.280100 0.793600
v -3.423700 0.280100 0.872100
v -3.508700 0.280100 0.891400
v -3.576700 0.280100 0.837100
v -3.576700 0.280100 0.750000
v -3.508700 0.280100 0.695700
v -3.423700 0.280100 0.715100
v -3.386000 0.480900 0.793600
v -3.423700 0.480900 0.872100
v -3.508700 0.480900 0.891400
v -3.576700 0.480900 0.837100
v -3.576700 0.480900 0.750000
v -3.508700 0.480900 0.695700
v -3.423700 0.480900 0.715100
v -3.519800 0.480900 0.776000
v -3.519800 0.480900 0.811200
v -3.492400 0.480900 0.833100
v -3.458100 0.480900 0.825300
v -3.442900 0.480900 0.793600
v -3.458100 0.480900 0.761900
v -3.492400 0.480900 0.754100
v -3.519800 0.283500 0.776000
v -3.519800 0.283500 0.811200
v -3.492400 0.283500 0.833100
v -3.458100 0.283500 0.825300
v -3.442900 0.283500 0.793600
v -3.458100 0.283500 0.761900
v -3.492400 0.283500 0.754100
v -3.386000 0.280100 0.247500
v -3.423700 0.280100 0.326000
v -3.508700 0.280100 0.345300
v -3.576700 0.280100 0.291000
v -3.576700 0.280100 0.204000
v -3.508700 0.280100 0.149600
v -3.423700 0.280100 0.169000
v -3.386000 0.480900 0.247500
v -3.423700 0.480900 0.326000
v -3.508700 0.480900 0.345300
v -3.576700 0.480900 0.291000
v -3.576700 0.480900 0.204000
v -3.508700 0.480900 0.149600
v -3.423700 0.480900 0.169000
v -3.519800 0.480900 0.229900
v -3.519800 0.480900 0.265100
v -3.492400 0.480900 0.287000
v -3.458100 0.480900 0.279200
v -3.442900 0.480900 0.247500
v -3.458100 0.480900 0.215800
v -3.492400 0.480900 0.208000
v -3.519800 0.283500 0.229900
v -3.519800 0.283500 0.265100
v -3.492400 0.283500 0.287000
v -3.458100 0.283500 0.279200
v -3.442900 0.283500 0.247500
v -3.458100 0.283500 0.215800
v -3.492400 0.283500 0.208000
v -3.386000 0.280100 -0.357000
v -3.423700 0.280100 -0.278500
v -3.508700 0.280100 -0.259200
v -3.576700 0.280100 -0.313500
v -3.576700 0.280100 -0.400600
v -3.508700 0.280100 -0.454900
v -3.423700 0.280100 -0.435500
v -3.386000 0.480900 -0.357000
v -3.423700 0.480900 -0.278500
v -3.508700 0.480900 -0.259200
v -3.576700 0.480900 -0.313500
v -3.576700 0.480900 -0.400600
v -3.508700 0.480900 -0.454900
v -3.423700 0.480900 -0.435500
v -3.519800 0.480900 -0.374600
v -3.519800 0.480900 -0.339400
v -3.492400 0.480900 -0.317500
v -3.458100 0.480900 -0.325300
v -3.442900 0.480900 -0.357000
v -3.458100 0.480900 -0.388700
v -3.492400 0.480900 -0.396500
v -3.519800 0.283500 -0.374600
v -3.519800 0.283500 -0.339400
v -3.492400 0.283500 -0.317500
v -3.458100 0.283500 -0.325300
v -3.442900 0.283500 -0.357000
v -3.458100 0.283500 -0.388700
v -3.492400 0.283500 -0.396500
v -3.386000 0.280100 -1.234500
v -3.423700 0.280100 -1.156000
v -3.508700 0.280100 -1.136700
v -3.576700 0.280100 -1.191000
v -3.576700 0.280100 -1.278100
v -3.508700 0.280100 -1.332400
v -3.423700 0.280100 -1.313000
v -3.386000 0.480900 -1.234500
v -3.423700 0.480900 -1.156000
v -3.508700 0.480900 -1.136700
v -3.576700 0.480900 -1.191000
v -3.576700 0.480900 -1.278100
v -3.508700 0.480900 -1.332400
v -3.423700 0.480900 -1.313000
v -3.519800 0.480900 -1.252100
v -3.519800 0.480900 -1.216900
v -3.492400 0.480900 -1.195000
v -3.458100 0.480900 -1.202800
v -3.442900 0.480900 -1.234500
v -3.458100 0.480900 -1.266200
v -3.492400 0.480900 -1.274000
v -3.519800 0.283500 -1.252100
v -3.519800 0.283500 -1.216900
v -3.492400 0.283500 -1.195000
v -3.458100 0.283500 -1.202800
v -3.442900 0.283500 -1.234500
v -3.458100 0.283500 -1.266200
v -3.492400 0.283500 -1.274000
v -3.386000 0.280100 -1.780600
v -3.423700 0.280100 -1.702100
v -3.508700 0.280100 -1.682700
v -3.576700 0.280100 -1.737100
v -3.576700 0.280100 -1.824100
v -3.508700 0.280100 -1.878500
v -3.423700 0.280100 -1.859100
v -3.386000 0.480900 -1.780600
v -3.423700 0.480900 -1.702100
v -3.508700 0.480900 -1.682700
v -3.576700 0.480900 -1.737100
v -3.576700 0.480900 -1.824100
v -3.508700 0.480900 -1.878500
v -3.423700 0.480900 -1.859100
v -3.519800 0.480900 -1.798200
v -3.519800 0.480900 -1.763000
v -3.492400 0.480900 -1.741100
v -3.458100 0.480900 -1.748900
v -3.442900 0.480900 -1.780600
v -3.458100 0.480900 -1.812300
v -3.492400 0.480900 -1.820100
v -3.519800 0.283500 -1.798200
v -3.519800 0.283500 -1.763000
v -3.492400 0.283500 -1.741100
v -3.458100 0.283500 -1.748900
v -3.442900 0.283500 -1.780600
v -3.458100 0.283500 -1.812300
v -3.492400 0.283500 -1.820100
v -3.386000 0.280100 -2.385100
v -3.423700 0.280100 -2.306600
v -3.508700 0.280100 -2.287300
v -3.576700 0.280100 -2.341600
v -3.576700 0.280100 -2.428700
v -3.508700 0.280100 -2.483000
v -3.423700 0.280100 -2.463600
v -3.386000 0.480900 -2.385100
v -3.423700 0.480900 -2.306600
v -3.508700 0.480900 -2.287300
v -3.576700 0.480900 -2.341600
v -3.576700 0.480900 -2.428700
v -3.508700 0.480900 -2.483000
v -3.423700 0.480900 -2.463600
v -3.519800 0.480900 -2.402700
v -3.519800 0.480900 -2.367500
v -3.492400 0.480900 -2.345600
v -3.458100 0.480900 -2.353400
v -3.442900 0.480900 -2.385100
v -3.458100 0.480900 -2.416800
v -3.492400 0.480900 -2.424600
v -3.519800 0.283500 -2.402700
v -3.519800 0.283500 -2.367500
v -3.492400 0.283500 -2.345600
v -3.458100 0.283500 -2.353400
v -3.442900 0.283500 -2.385100
v -3.458100 0.283500 -2.416800
v -3.492400 0.283500 -2.424600
v -3.386000 0.280101 -3.260600
v -3.423700 0.280100 -3.182100
v -3.508700 0.280100 -3.162800
v -3.576700 0.280101 -3.217100
v -3.576700 0.280101 -3.304200
v -3.508700 0.280101 -3.358500
v -3.423700 0.280101 -3.339100
v -3.386000 0.480901 -3.260600
v -3.423700 0.480900 -3.182100
v -3.508700 0.480900 -3.162800
v -3.576700 0.480901 -3.217100
v -3.576700 0.480901 -3.304200
v -3.508700 0.480901 -3.358500
v -3.423700 0.480901 -3.339100
v -3.519800 0.480901 -3.278200
v -3.519800 0.480901 -3.243000
v -3.492400 0.480901 -3.221100
v -3.458100 0.480901 -3.228900
v -3.442900 0.480901 -3.260600
v -3.458100 0.480901 -3.292300
v -3.492400 0.480901 -3.300100
v -3.519800 0.283501 -3.278200
v -3.519800 0.283501 -3.243000
v -3.492400 0.283501 -3.221100
v -3.458100 0.283501 -3.228900
v -3.442900 0.283501 -3.260600
v -3.458100 0.283501 -3.292300
v -3.492400 0.283501 -3.300100
v -3.386000 0.280101 -3.806700
v -3.423700 0.280101 -3.728200
v -3.508700 0.280101 -3.708900
v -3.576700 0.280101 -3.763200
v -3.576700 0.280101 -3.850200
v -3.508700 0.280101 -3.904600
v -3.423700 0.280101 -3.885200
v -3.386000 0.480901 -3.806700
v -3.423700 0.480901 -3.728200
v -3.508700 0.480901 -3.708900
v -3.576700 0.480901 -3.763200
v -3.576700 0.480901 -3.850200
v -3.508700 0.480901 -3.904600
v -3.423700 0.480901 -3.885200
v -3.519800 0.480901 -3.824300
v -3.519800 0.480901 -3.789100
v -3.492400 0.480901 -3.767200
v -3.458100 0.480901 -3.775000
v -3.442900 0.480901 -3.806700
v -3.458100 0.480901 -3.838400
v -3.492400 0.480901 -3.846200
v -3.519800 0.283501 -3.824300
v -3.519800 0.283501 -3.789100
v -3.492400 0.283501 -3.767200
v -3.458100 0.283501 -3.775000
v -3.442900 0.283501 -3.806700
v -3.458100 0.283501 -3.838400
v -3.492400 0.283501 -3.846200
v -3.386000 0.280101 -4.411200
v -3.423700 0.280101 -4.332700
v -3.508700 0.280101 -4.313400
v -3.576700 0.280101 -4.367700
v -3.576700 0.280101 -4.454800
v -3.508700 0.280101 -4.509100
v -3.423700 0.280101 -4.489700
v -3.386000 0.480901 -4.411200
v -3.423700 0.480901 -4.332700
v -3.508700 0.480901 -4.313400
v -3.576700 0.480901 -4.367700
v -3.576700 0.480901 -4.454800
v -3.508700 0.480901 -4.509100
v -3.423700 0.480901 -4.489700
v -3.519800 0.480901 -4.428800
v -3.519800 0.480901 -4.393600
v -3.492400 0.480901 -4.371700
v -3.458100 0.480901 -4.379500
v -3.442900 0.480901 -4.411200
v -3.458100 0.480901 -4.442900
v -3.492400 0.480901 -4.450700
v -3.519800 0.283501 -4.428800
v -3.519800 0.283501 -4.393600
v -3.492400 0.283501 -4.371700
v -3.458100 0.283501 -4.379500
v -3.442900 0.283501 -4.411200
v -3.458100 0.283501 -4.442900
v -3.492400 0.283501 -4.450700
vn -0.0000 1.0000 -0.0000
vn -0.0000 -0.0000 1.0000
vn -0.0000 -0.0000 -1.0000
vn -1.0000 -0.0000 -0.0000
vn 1.0000 -0.0000 -0.0000
vn 0.9010 -0.0000 0.4339
vn 0.2225 -0.0000 0.9749
vn -0.6247 -0.0000 0.7809
vn -0.6247 -0.0000 -0.7809
vn 0.2225 -0.0000 -0.9749
vn 0.9010 -0.0000 -0.4339
vn 0.6243 -0.0000 -0.7811
vn -0.2217 -0.0000 -0.9751
vn -0.9006 -0.0000 -0.4347
vn -0.9006 -0.0000 0.4347
vn -0.2218 -0.0000 0.9751
vn 0.6243 -0.0000 0.7811
vn 0.9010 -0.0000 0.4338
vn 0.9010 -0.0000 -0.4338
vn -0.2217 -0.0000 0.9751
vn 0.2228 -0.0000 0.9749
vn -0.6241 -0.0000 0.7813
vn -0.6241 -0.0000 -0.7813
vn 0.2228 -0.0000 -0.9749
vn 0.6243 -0.0000 -0.7812
vn 0.6243 -0.0000 0.7812
vn 0.6244 -0.0000 -0.7811
vn -0.2218 -0.0000 -0.9751
vn -0.6240 -0.0000 0.7814
vn -0.6240 -0.0000 -0.7814
vn 0.2214 -0.0000 -0.9752
vn 0.6244 -0.0000 0.7811
vn -0.6234 -0.0000 0.7819
vn -0.6234 -0.0000 -0.7819
vn 0.2217 -0.0000 -0.9751
vn 0.2214 -0.0000 0.9752
vn 0.9014 -0.0000 0.4329
vn 0.9014 -0.0000 -0.4329
vn -0.9017 -0.0000 -0.4324
vn -0.9017 -0.0000 0.4324
vn -0.9017 -0.0000 -0.4323
vt 0.081073 0.369938
vt 0.081073 0.307092
vt 0.143577 0.369938
vt 0.143577 0.307092
vt 0.553729 0.203542
vt 0.163112 0.509760
vt 0.551167 0.203542
vt 0.075012 0.382318
vt 0.553729 0.146011
vt 0.163112 0.452229
vt 0.551167 0.146011
vt 0.075012 0.439849
vt 0.079839 0.439849
vt 0.166424 0.452229
vt 0.077278 0.439849
vt 0.079839 0.382318
vt 0.166424 0.509760
vt 0.077278 0.382318
vt 0.538788 0.273453
vt 0.257265 0.509760
vt 0.536226 0.273453
vt 0.040601 0.382318
vt 0.538788 0.215922
vt 0.257265 0.452229
vt 0.536226 0.215922
vt 0.040601 0.439849
vt 0.045427 0.439849
vt 0.260577 0.452229
vt 0.042867 0.439849
vt 0.045427 0.382318
vt 0.260577 0.509760
vt 0.042867 0.382318
vt 0.540431 0.509760
vt 0.505593 0.203542
vt 0.537869 0.509760
vt 0.298686 0.382318
vt 0.540431 0.452229
vt 0.505593 0.146011
vt 0.537869 0.452229
vt 0.298686 0.439849
vt 0.303512 0.439849
vt 0.508905 0.146011
vt 0.300951 0.439849
vt 0.303512 0.382318
vt 0.508905 0.203542
vt 0.300951 0.382318
vt 0.538788 0.203542
vt 0.241572 0.509760
vt 0.536226 0.203542
vt 0.229863 0.382318
vt 0.538788 0.146011
vt 0.241572 0.452229
vt 0.536226 0.146011
vt 0.229863 0.439849
vt 0.234689 0.439849
vt 0.244885 0.452229
vt 0.232129 0.439849
vt 0.234689 0.382318
vt 0.244885 0.509760
vt 0.232129 0.382318
vt 0.380606 0.069036
vt 0.380606 0.006190
vt 0.443110 0.069036
vt 0.443110 0.006190
vt 0.380606 0.144261
vt 0.380606 0.081415
vt 0.443110 0.144261
vt 0.443110 0.081415
vt 0.230840 0.294713
vt 0.230840 0.231867
vt 0.293343 0.294713
vt 0.293343 0.231867
vt 0.305723 0.069036
vt 0.305723 0.006190
vt 0.368226 0.069036
vt 0.368226 0.006190
vt 0.305723 0.144261
vt 0.305723 0.081415
vt 0.368226 0.144261
vt 0.368226 0.081415
vt 0.525490 0.509760
vt 0.131727 0.509760
vt 0.522928 0.509760
vt 0.247069 0.382318
vt 0.525490 0.452229
vt 0.131727 0.452229
vt 0.522928 0.452229
vt 0.247069 0.439849
vt 0.251895 0.439849
vt 0.135040 0.452229
vt 0.249334 0.439849
vt 0.251895 0.382318
vt 0.135040 0.509760
vt 0.249334 0.382318
vt 0.538788 0.343364
vt 0.210188 0.509760
vt 0.536226 0.343364
vt 0.212658 0.382318
vt 0.538788 0.285833
vt 0.210188 0.452229
vt 0.536226 0.285833
vt 0.212658 0.439849
vt 0.217484 0.439849
vt 0.213500 0.452229
vt 0.214923 0.439849
vt 0.217484 0.382318
vt 0.213500 0.509760
vt 0.214923 0.382318
vt 0.570313 0.509760
vt 0.194496 0.509760
vt 0.567752 0.509760
vt 0.419126 0.382318
vt 0.570313 0.452229
vt 0.194496 0.452229
vt 0.567752 0.452229
vt 0.419126 0.439849
vt 0.423952 0.439849
vt 0.197808 0.452229
vt 0.421391 0.439849
vt 0.423952 0.382318
vt 0.197808 0.509760
vt 0.421391 0.382318
vt 0.538788 0.133632
vt 0.335725 0.509760
vt 0.536226 0.133632
vt 0.264275 0.382318
vt 0.538788 0.076101
vt 0.335725 0.452229
vt 0.536226 0.076101
vt 0.264275 0.439849
vt 0.269101 0.439849
vt 0.339038 0.452229
vt 0.266540 0.439849
vt 0.269101 0.382318
vt 0.339038 0.509760
vt 0.266540 0.382318
vt 0.380607 0.369938
vt 0.380607 0.307092
vt 0.443110 0.369938
vt 0.443110 0.307092
vt 0.380607 0.294713
vt 0.380607 0.231867
vt 0.443110 0.294713
vt 0.443110 0.231867
vt 0.380607 0.219487
vt 0.380607 0.156641
vt 0.443110 0.219487
vt 0.443110 0.156641
vt 0.553729 0.133632
vt 0.053267 0.509760
vt 0.551168 0.133632
vt 0.023396 0.382318
vt 0.553729 0.076101
vt 0.053267 0.452229
vt 0.551168 0.076101
vt 0.023396 0.439849
vt 0.028222 0.439849
vt 0.056579 0.452229
vt 0.025661 0.439849
vt 0.028222 0.382318
vt 0.056579 0.509760
vt 0.025661 0.382318
vt 0.523847 0.273453
vt 0.178804 0.509760
vt 0.521285 0.273453
vt 0.006190 0.382318
vt 0.523847 0.215922
vt 0.178804 0.452229
vt 0.521285 0.215922
vt 0.006190 0.439849
vt 0.011016 0.439849
vt 0.182117 0.452229
vt 0.008455 0.439849
vt 0.011016 0.382318
vt 0.182117 0.509760
vt 0.008455 0.382318
vt 0.553729 0.273453
vt 0.288650 0.509760
vt 0.551168 0.273453
vt 0.092218 0.382318
vt 0.553729 0.215922
vt 0.288650 0.452229
vt 0.551168 0.215922
vt 0.092218 0.439849
vt 0.097044 0.439849
vt 0.291962 0.452229
vt 0.094484 0.439849
vt 0.097044 0.382318
vt 0.291962 0.509760
vt 0.094484 0.382318
vt 0.539551 0.063721
vt 0.272957 0.509760
vt 0.536989 0.063721
vt 0.057807 0.382318
vt 0.539551 0.006190
vt 0.272957 0.452229
vt 0.536989 0.006190
vt 0.057807 0.439849
vt 0.062633 0.439849
vt 0.276269 0.452229
vt 0.060072 0.439849
vt 0.062633 0.382318
vt 0.276269 0.509760
vt 0.060072 0.382318
vt 0.006190 0.069036
vt 0.006190 0.006190
vt 0.068693 0.069036
vt 0.068693 0.006190
vt 0.155957 0.069036
vt 0.155957 0.006190
vt 0.218460 0.069036
vt 0.218460 0.006190
vt 0.081074 0.144261
vt 0.081074 0.081415
vt 0.143577 0.144261
vt 0.143577 0.081415
vt 0.509668 0.063721
vt 0.383202 0.509760
vt 0.507106 0.063721
vt 0.315892 0.382318
vt 0.509668 0.006190
vt 0.383202 0.452229
vt 0.507106 0.006190
vt 0.315892 0.439849
vt 0.320718 0.439849
vt 0.386514 0.452229
vt 0.318157 0.439849
vt 0.320718 0.382318
vt 0.386514 0.509760
vt 0.318157 0.382318
vt 0.134289 0.579671
vt 0.414585 0.509760
vt 0.131727 0.579671
vt 0.455490 0.076101
vt 0.134289 0.522140
vt 0.414585 0.452229
vt 0.131727 0.522140
vt 0.455490 0.133632
vt 0.460316 0.133632
vt 0.417897 0.452229
vt 0.457755 0.133632
vt 0.460316 0.076101
vt 0.417897 0.509760
vt 0.457755 0.076101
vt 0.553290 0.439849
vt 0.430278 0.509760
vt 0.550728 0.439849
vt 0.453537 0.382318
vt 0.553290 0.382318
vt 0.430278 0.452229
vt 0.550728 0.382318
vt 0.453537 0.439849
vt 0.458363 0.439849
vt 0.433590 0.452229
vt 0.455802 0.439849
vt 0.458363 0.382318
vt 0.433590 0.509760
vt 0.455802 0.382318
vt 0.524609 0.063721
vt 0.477354 0.509760
vt 0.522048 0.063721
vt 0.333097 0.382318
vt 0.524609 0.006190
vt 0.477354 0.452229
vt 0.522048 0.006190
vt 0.333097 0.439849
vt 0.337923 0.439849
vt 0.480666 0.452229
vt 0.335363 0.439849
vt 0.337923 0.382318
vt 0.480666 0.509760
vt 0.335363 0.382318
vt 0.006190 0.144261
vt 0.006190 0.081415
vt 0.068693 0.144261
vt 0.068693 0.081415
vt 0.081074 0.069036
vt 0.081074 0.006190
vt 0.143577 0.069036
vt 0.143577 0.006190
vt 0.155957 0.144261
vt 0.155957 0.081415
vt 0.218460 0.144261
vt 0.218460 0.081415
vt 0.569433 0.063721
vt 0.367509 0.509760
vt 0.566871 0.063721
vt 0.126629 0.382318
vt 0.569433 0.006190
vt 0.367509 0.452229
vt 0.566871 0.006190
vt 0.126629 0.439849
vt 0.131455 0.439849
vt 0.370821 0.452229
vt 0.128895 0.439849
vt 0.131455 0.382318
vt 0.370821 0.509760
vt 0.128895 0.382318
vt 0.116343 0.579671
vt 0.398893 0.509760
vt 0.113782 0.579671
vt 0.109424 0.382318
vt 0.116343 0.522140
vt 0.398893 0.452229
vt 0.113782 0.522140
vt 0.109424 0.439849
vt 0.114250 0.439849
vt 0.402205 0.452229
vt 0.111689 0.439849
vt 0.114250 0.382318
vt 0.402205 0.509760
vt 0.111689 0.382318
vt 0.523847 0.343364
vt 0.445970 0.509760
vt 0.521285 0.343364
vt 0.350303 0.382318
vt 0.523847 0.285833
vt 0.445970 0.452229
vt 0.521285 0.285833
vt 0.350303 0.439849
vt 0.355129 0.439849
vt 0.449282 0.452229
vt 0.352568 0.439849
vt 0.355129 0.382318
vt 0.449282 0.509760
vt 0.352568 0.382318
vt 0.554492 0.063721
vt 0.461662 0.509760
vt 0.551930 0.063721
vt 0.472695 0.215922
vt 0.554492 0.006190
vt 0.461662 0.452229
vt 0.551930 0.006190
vt 0.472695 0.273453
vt 0.477521 0.273453
vt 0.464974 0.452229
vt 0.474960 0.273453
vt 0.477521 0.215922
vt 0.464974 0.509760
vt 0.474960 0.215922
vt 0.639600 0.400845
vt 0.006190 0.647791
vt 0.637134 0.400845
vt 0.634667 0.400845
vt 0.663573 0.807955
vt 0.666308 0.807955
vt 0.568561 0.789268
vt 0.571054 0.789268
vt 0.573488 0.789268
vt 0.011123 0.647791
vt 0.008656 0.647791
vt 0.639600 0.407152
vt 0.006190 0.654099
vt 0.239725 0.522753
vt 0.637134 0.407152
vt 0.238541 0.525220
vt 0.634667 0.407152
vt 0.663573 0.801647
vt 0.239733 0.527686
vt 0.666308 0.801647
vt 0.568561 0.782960
vt 0.242402 0.528286
vt 0.571054 0.782960
vt 0.244536 0.526579
vt 0.573488 0.782960
vt 0.011123 0.654099
vt 0.244536 0.523844
vt 0.008656 0.654099
vt 0.242392 0.522140
vt 0.242784 0.525692
vt 0.860527 0.583921
vt 0.925055 0.975286
vt 0.241921 0.526382
vt 0.859837 0.583921
vt 0.240846 0.526140
vt 0.858735 0.583921
vt 0.240364 0.525146
vt 0.858046 0.583921
vt 0.807302 0.931924
vt 0.240841 0.524148
vt 0.808407 0.931924
vt 0.898404 0.006190
vt 0.241919 0.523902
vt 0.899401 0.006190
vt 0.242784 0.524590
vt 0.900396 0.006190
vt 0.926157 0.975286
vt 0.860527 0.577720
vt 0.925055 0.969085
vt 0.859837 0.577720
vt 0.858735 0.577720
vt 0.858046 0.577720
vt 0.807302 0.938125
vt 0.808407 0.938125
vt 0.898404 0.012391
vt 0.899401 0.012391
vt 0.900396 0.012391
vt 0.926157 0.969085
vt 0.445943 0.651986
vt 0.640993 0.652149
vt 0.443477 0.651986
vt 0.441010 0.651986
vt 0.633342 0.807955
vt 0.636078 0.807955
vt 0.792540 0.458697
vt 0.795033 0.458697
vt 0.797467 0.458697
vt 0.645926 0.652149
vt 0.643459 0.652149
vt 0.445943 0.658293
vt 0.640993 0.658456
vt 0.423820 0.527673
vt 0.443477 0.658293
vt 0.426486 0.528287
vt 0.441010 0.658293
vt 0.633342 0.801647
vt 0.428630 0.526582
vt 0.636078 0.801647
vt 0.792540 0.452389
vt 0.428630 0.523847
vt 0.795033 0.452389
vt 0.426497 0.522140
vt 0.797467 0.452389
vt 0.645926 0.658456
vt 0.423828 0.522740
vt 0.643459 0.658456
vt 0.422636 0.525206
vt 0.426015 0.524044
vt 0.856792 0.031078
vt 0.857647 0.975286
vt 0.426878 0.524734
vt 0.856102 0.031078
vt 0.426878 0.525836
vt 0.855000 0.031078
vt 0.426013 0.526524
vt 0.854311 0.031078
vt 0.941507 0.433702
vt 0.424936 0.526278
vt 0.942612 0.433702
vt 0.861054 0.894763
vt 0.424459 0.525280
vt 0.862051 0.894763
vt 0.424940 0.524286
vt 0.863046 0.894763
vt 0.858749 0.975286
vt 0.856792 0.024877
vt 0.857647 0.969085
vt 0.856102 0.024877
vt 0.855000 0.024877
vt 0.854311 0.024877
vt 0.941507 0.439903
vt 0.942612 0.439903
vt 0.861054 0.900964
vt 0.862051 0.900964
vt 0.863046 0.900964
vt 0.858749 0.969085
vt 0.482691 0.651985
vt 0.652422 0.316789
vt 0.480225 0.651985
vt 0.477757 0.651985
vt 0.529619 0.807792
vt 0.532355 0.807792
vt 0.605305 0.789267
vt 0.607798 0.789267
vt 0.610232 0.789267
vt 0.657355 0.316789
vt 0.654889 0.316789
vt 0.482691 0.658293
vt 0.652422 0.323096
vt 0.493423 0.369325
vt 0.480225 0.658293
vt 0.496089 0.369938
vt 0.477757 0.658293
vt 0.529619 0.801484
vt 0.498233 0.368234
vt 0.532355 0.801484
vt 0.605305 0.782960
vt 0.498233 0.365499
vt 0.607798 0.782960
vt 0.496099 0.363792
vt 0.610232 0.782960
vt 0.657355 0.323096
vt 0.493431 0.364392
vt 0.654889 0.323096
vt 0.492239 0.366858
vt 0.495618 0.365695
vt 0.856029 0.322989
vt 0.803720 0.975286
vt 0.496481 0.366386
vt 0.855339 0.322989
vt 0.496481 0.367488
vt 0.854238 0.322989
vt 0.495616 0.368176
vt 0.853548 0.322989
vt 0.820787 0.931924
vt 0.494539 0.367930
vt 0.821893 0.931924
vt 0.897641 0.242683
vt 0.494061 0.366932
vt 0.898638 0.242683
vt 0.494543 0.365938
vt 0.899633 0.242683
vt 0.804822 0.975286
vt 0.856029 0.316789
vt 0.803720 0.969085
vt 0.855339 0.316789
vt 0.854238 0.316789
vt 0.853548 0.316789
vt 0.820787 0.938125
vt 0.821893 0.938125
vt 0.897641 0.248884
vt 0.898638 0.248884
vt 0.899633 0.248884
vt 0.804822 0.969085
vt 0.011121 0.722540
vt 0.366447 0.708051
vt 0.008655 0.722540
vt 0.006190 0.722540
vt 0.006190 0.803597
vt 0.008928 0.803597
vt 0.477757 0.751729
vt 0.480250 0.751729
vt 0.482686 0.751729
vt 0.371378 0.708051
vt 0.368914 0.708051
vt 0.011121 0.728848
vt 0.366447 0.714358
vt 0.025749 0.592662
vt 0.008655 0.728848
vt 0.024563 0.595129
vt 0.006190 0.728848
vt 0.006190 0.797289
vt 0.025752 0.597593
vt 0.008928 0.797289
vt 0.477757 0.745422
vt 0.028422 0.598197
vt 0.480250 0.745422
vt 0.030557 0.596492
vt 0.482686 0.745422
vt 0.371378 0.714358
vt 0.030557 0.593754
vt 0.368914 0.714358
vt 0.028417 0.592051
vt 0.028806 0.595603
vt 0.856029 0.193300
vt 0.980317 0.211990
vt 0.027942 0.596293
vt 0.855339 0.193300
vt 0.026868 0.596050
vt 0.854238 0.193300
vt 0.026386 0.595056
vt 0.853548 0.193300
vt 0.847757 0.931924
vt 0.026865 0.594059
vt 0.848863 0.931924
vt 0.888894 0.670836
vt 0.027943 0.593812
vt 0.889891 0.670836
vt 0.028806 0.594501
vt 0.890886 0.670836
vt 0.981419 0.211990
vt 0.856029 0.187100
vt 0.980317 0.205790
vt 0.855339 0.187100
vt 0.854238 0.187100
vt 0.853548 0.187100
vt 0.847757 0.938125
vt 0.848863 0.938125
vt 0.888894 0.677037
vt 0.889891 0.677037
vt 0.890886 0.677037
vt 0.981419 0.205790
vt 0.045743 0.722540
vt 0.705997 0.433702
vt 0.043276 0.722540
vt 0.040812 0.722540
vt 0.081778 0.803597
vt 0.084516 0.803597
vt 0.233222 0.751729
vt 0.235715 0.751729
vt 0.238151 0.751729
vt 0.710928 0.433702
vt 0.708464 0.433702
vt 0.045743 0.728848
vt 0.705997 0.440009
vt 0.582998 0.011725
vt 0.043276 0.728848
vt 0.585666 0.012337
vt 0.040812 0.728848
vt 0.081778 0.797289
vt 0.587806 0.010633
vt 0.084516 0.797289
vt 0.233222 0.745422
vt 0.587806 0.007896
vt 0.235715 0.745422
vt 0.585671 0.006190
vt 0.238151 0.745422
vt 0.710928 0.440009
vt 0.583001 0.006795
vt 0.708464 0.440009
vt 0.581812 0.009259
vt 0.585191 0.008094
vt 0.817442 0.845222
vt 0.884610 0.975286
vt 0.586055 0.008784
vt 0.816752 0.845222
vt 0.586055 0.009886
vt 0.815650 0.845222
vt 0.585191 0.010575
vt 0.814961 0.845222
vt 0.940355 0.094628
vt 0.584114 0.010329
vt 0.941461 0.094628
vt 0.887775 0.559030
vt 0.583635 0.009332
vt 0.888772 0.559030
vt 0.584116 0.008337
vt 0.889767 0.559030
vt 0.885712 0.975286
vt 0.817442 0.839022
vt 0.884610 0.969085
vt 0.816752 0.839022
vt 0.815650 0.839022
vt 0.814961 0.839022
vt 0.940355 0.100828
vt 0.941461 0.100828
vt 0.887775 0.565231
vt 0.888772 0.565231
vt 0.889767 0.565231
vt 0.885712 0.969085
vt 0.726596 0.261371
vt 0.675617 0.689523
vt 0.724130 0.261371
vt 0.721665 0.261371
vt 0.797841 0.584028
vt 0.800579 0.584028
vt 0.745928 0.565338
vt 0.748421 0.565338
vt 0.750856 0.565338
vt 0.680547 0.689523
vt 0.678083 0.689523
vt 0.726596 0.267678
vt 0.675617 0.695831
vt 0.582235 0.341015
vt 0.724130 0.267678
vt 0.584903 0.341626
vt 0.721665 0.267678
vt 0.797841 0.577720
vt 0.587044 0.339923
vt 0.800579 0.577720
vt 0.745928 0.559030
vt 0.587044 0.337185
vt 0.748421 0.559030
vt 0.584908 0.335479
vt 0.750856 0.559030
vt 0.680547 0.695831
vt 0.582238 0.336084
vt 0.678083 0.695831
vt 0.581050 0.338548
vt 0.584429 0.337384
vt 0.786963 0.845222
vt 0.695867 0.975286
vt 0.585293 0.338074
vt 0.786273 0.845222
vt 0.585293 0.339175
vt 0.785171 0.845222
vt 0.584429 0.339864
vt 0.784482 0.845222
vt 0.441010 0.931868
vt 0.583351 0.339618
vt 0.442115 0.931868
vt 0.884032 0.024770
vt 0.582873 0.338621
vt 0.885029 0.024770
vt 0.583354 0.337627
vt 0.886024 0.024770
vt 0.696969 0.975286
vt 0.786963 0.839022
vt 0.695867 0.969085
vt 0.786273 0.839022
vt 0.785171 0.839022
vt 0.784482 0.839022
vt 0.441010 0.938068
vt 0.442115 0.938068
vt 0.884032 0.030971
vt 0.885029 0.030971
vt 0.886024 0.030971
vt 0.696969 0.969085
vt 0.501062 0.689360
vt 0.705120 0.043564
vt 0.498596 0.689360
vt 0.496131 0.689360
vt 0.796780 0.639769
vt 0.799518 0.639769
vt 0.330763 0.751732
vt 0.333256 0.751732
vt 0.335691 0.751732
vt 0.710051 0.043564
vt 0.707586 0.043564
vt 0.501062 0.695668
vt 0.705120 0.049872
vt 0.100026 0.592662
vt 0.498596 0.695668
vt 0.098841 0.595129
vt 0.496131 0.695668
vt 0.796780 0.633462
vt 0.100029 0.597593
vt 0.799518 0.633462
vt 0.330763 0.745425
vt 0.102700 0.598197
vt 0.333256 0.745425
vt 0.104835 0.596492
vt 0.335691 0.745425
vt 0.710051 0.049872
vt 0.104835 0.593754
vt 0.707586 0.049872
vt 0.102694 0.592051
vt 0.103084 0.595603
vt 0.605338 0.845222
vt 0.668900 0.975286
vt 0.102220 0.596293
vt 0.604648 0.845222
vt 0.101145 0.596050
vt 0.603547 0.845222
vt 0.100664 0.595056
vt 0.602857 0.845222
vt 0.587996 0.931924
vt 0.101142 0.594059
vt 0.589102 0.931924
vt 0.887821 0.782853
vt 0.102220 0.593812
vt 0.888817 0.782853
vt 0.103084 0.594501
vt 0.889812 0.782853
vt 0.670002 0.975286
vt 0.605338 0.839022
vt 0.668900 0.969085
vt 0.604648 0.839022
vt 0.603547 0.839022
vt 0.602857 0.839022
vt 0.587996 0.938125
vt 0.589102 0.938125
vt 0.887821 0.789054
vt 0.888817 0.789054
vt 0.889812 0.789054
vt 0.670002 0.969085
vt 0.658996 0.489764
vt 0.653185 0.006190
vt 0.656529 0.489764
vt 0.654062 0.489764
vt 0.603112 0.807955
vt 0.605847 0.807955
vt 0.726473 0.789267
vt 0.728966 0.789267
vt 0.731400 0.789267
vt 0.658118 0.006190
vt 0.655651 0.006190
vt 0.658996 0.496071
vt 0.653185 0.012497
vt 0.313572 0.522753
vt 0.656529 0.496071
vt 0.312388 0.525220
vt 0.654062 0.496071
vt 0.603112 0.801647
vt 0.313580 0.527686
vt 0.605847 0.801647
vt 0.726473 0.782960
vt 0.316249 0.528286
vt 0.728966 0.782960
vt 0.318383 0.526579
vt 0.731400 0.782960
vt 0.658118 0.012497
vt 0.318383 0.523844
vt 0.655651 0.012497
vt 0.316239 0.522140
vt 0.316631 0.525692
vt 0.856029 0.248884
vt 0.980317 0.138203
vt 0.315768 0.526382
vt 0.855339 0.248884
vt 0.314693 0.526140
vt 0.854238 0.248884
vt 0.314211 0.525146
vt 0.853548 0.248884
vt 0.940355 0.075940
vt 0.314688 0.524148
vt 0.941461 0.075940
vt 0.832312 0.894763
vt 0.315766 0.523902
vt 0.833308 0.894763
vt 0.316631 0.524590
vt 0.834303 0.894763
vt 0.981419 0.138203
vt 0.856029 0.242684
vt 0.980317 0.132002
vt 0.855339 0.242684
vt 0.854238 0.242684
vt 0.853548 0.242684
vt 0.940355 0.082141
vt 0.941461 0.082141
vt 0.832312 0.900964
vt 0.833308 0.900964
vt 0.834303 0.900964
vt 0.981419 0.132002
vt 0.664299 0.577720
vt 0.622623 0.652149
vt 0.661833 0.577720
vt 0.659366 0.577720
vt 0.808204 0.138310
vt 0.810939 0.138310
vt 0.622612 0.789267
vt 0.625105 0.789267
vt 0.627539 0.789267
vt 0.627556 0.652149
vt 0.625089 0.652149
vt 0.664299 0.584028
vt 0.622623 0.658456
vt 0.456674 0.369325
vt 0.661833 0.584028
vt 0.459341 0.369938
vt 0.659366 0.584028
vt 0.808204 0.132002
vt 0.461484 0.368234
vt 0.810939 0.132002
vt 0.622612 0.782960
vt 0.461484 0.365499
vt 0.625105 0.782960
vt 0.459351 0.363792
vt 0.627539 0.782960
vt 0.627556 0.658456
vt 0.456682 0.364392
vt 0.625089 0.658456
vt 0.455490 0.366858
vt 0.458869 0.365695
vt 0.856792 0.049765
vt 0.033159 0.989616
vt 0.459733 0.366386
vt 0.856102 0.049765
vt 0.459732 0.367488
vt 0.855000 0.049765
vt 0.458868 0.368176
vt 0.854311 0.049765
vt 0.939867 0.113315
vt 0.457790 0.367929
vt 0.940972 0.113315
vt 0.903264 0.726791
vt 0.457313 0.366932
vt 0.904261 0.726791
vt 0.457794 0.365938
vt 0.905256 0.726791
vt 0.034261 0.989616
vt 0.856792 0.043564
vt 0.033159 0.983415
vt 0.856102 0.043564
vt 0.855000 0.043564
vt 0.854311 0.043564
vt 0.939867 0.119516
vt 0.940972 0.119516
vt 0.903264 0.732992
vt 0.904261 0.732992
vt 0.905256 0.732992
vt 0.034261 0.983415
vt 0.316969 0.651989
vt 0.635107 0.335479
vt 0.314503 0.651989
vt 0.312036 0.651989
vt 0.802049 0.807955
vt 0.804785 0.807955
vt 0.657233 0.789267
vt 0.659726 0.789267
vt 0.662160 0.789267
vt 0.640040 0.335479
vt 0.637573 0.335479
vt 0.316969 0.658296
vt 0.635107 0.341787
vt 0.511797 0.369325
vt 0.314503 0.658296
vt 0.514464 0.369938
vt 0.312036 0.658296
vt 0.802049 0.801647
vt 0.516608 0.368234
vt 0.804785 0.801647
vt 0.657233 0.782960
vt 0.516608 0.365499
vt 0.659726 0.782960
vt 0.514474 0.363792
vt 0.662160 0.782960
vt 0.640040 0.341787
vt 0.511805 0.364392
vt 0.637573 0.341787
vt 0.510613 0.366858
vt 0.513993 0.365695
vt 0.847669 0.826535
vt 0.117215 0.989613
vt 0.514856 0.366386
vt 0.846979 0.826535
vt 0.514855 0.367488
vt 0.845877 0.826535
vt 0.513991 0.368176
vt 0.845188 0.826535
vt 0.931492 0.857602
vt 0.512913 0.367930
vt 0.932598 0.857602
vt 0.789197 0.894763
vt 0.512436 0.366932
vt 0.790194 0.894763
vt 0.512918 0.365938
vt 0.791189 0.894763
vt 0.118317 0.989613
vt 0.847669 0.820334
vt 0.117215 0.983412
vt 0.846979 0.820334
vt 0.845877 0.820334
vt 0.845188 0.820334
vt 0.931492 0.863803
vt 0.932598 0.863803
vt 0.789197 0.900964
vt 0.790194 0.900964
vt 0.791189 0.900964
vt 0.118317 0.983412
vt 0.573492 0.708211
vt 0.310977 0.708051
vt 0.571025 0.708211
vt 0.568561 0.708211
vt 0.096896 0.803597
vt 0.099634 0.803597
vt 0.250544 0.751729
vt 0.253036 0.751729
vt 0.255472 0.751729
vt 0.315908 0.708051
vt 0.313443 0.708051
vt 0.573492 0.714519
vt 0.310977 0.714358
vt 0.007375 0.597586
vt 0.571025 0.714519
vt 0.010043 0.598197
vt 0.568561 0.714519
vt 0.096896 0.797289
vt 0.012184 0.596494
vt 0.099634 0.797289
vt 0.250544 0.745422
vt 0.012184 0.593756
vt 0.253036 0.745422
vt 0.010048 0.592050
vt 0.255472 0.745422
vt 0.315908 0.714358
vt 0.007378 0.592655
vt 0.313443 0.714358
vt 0.006190 0.595119
vt 0.009569 0.593955
vt 0.849872 0.807848
vt 0.980317 0.267572
vt 0.010433 0.594645
vt 0.849182 0.807848
vt 0.010433 0.595747
vt 0.848080 0.807848
vt 0.009569 0.596436
vt 0.847391 0.807848
vt 0.712907 0.931924
vt 0.008491 0.596190
vt 0.714013 0.931924
vt 0.746083 0.894763
vt 0.008013 0.595193
vt 0.747079 0.894763
vt 0.008494 0.594198
vt 0.748075 0.894763
vt 0.981419 0.267572
vt 0.849872 0.801647
vt 0.980317 0.261371
vt 0.849182 0.801647
vt 0.848080 0.801647
vt 0.847391 0.801647
vt 0.712907 0.938125
vt 0.714013 0.938125
vt 0.746083 0.900964
vt 0.747079 0.900964
vt 0.748075 0.900964
vt 0.981419 0.261371
vt 0.519435 0.708048
vt 0.704354 0.280058
vt 0.516969 0.708048
vt 0.514504 0.708048
vt 0.146668 0.807791
vt 0.149406 0.807791
vt 0.349136 0.751733
vt 0.351629 0.751733
vt 0.354064 0.751733
vt 0.709285 0.280058
vt 0.706821 0.280058
vt 0.519435 0.714355
vt 0.704354 0.286366
vt 0.570816 0.527675
vt 0.516969 0.714355
vt 0.573484 0.528287
vt 0.514504 0.714355
vt 0.146668 0.801484
vt 0.575624 0.526583
vt 0.149406 0.801484
vt 0.349136 0.745425
vt 0.575624 0.523845
vt 0.351629 0.745425
vt 0.573489 0.522140
vt 0.354064 0.745425
vt 0.709285 0.286366
vt 0.570819 0.522744
vt 0.706821 0.286366
vt 0.569631 0.525209
vt 0.573009 0.524044
vt 0.741876 0.845222
vt 0.952018 0.975286
vt 0.573874 0.524734
vt 0.741186 0.845222
vt 0.573874 0.525836
vt 0.740084 0.845222
vt 0.573009 0.526525
vt 0.739395 0.845222
vt 0.766847 0.931924
vt 0.571932 0.526279
vt 0.767952 0.931924
vt 0.888893 0.708211
vt 0.571454 0.525282
vt 0.889890 0.708211
vt 0.571935 0.524287
vt 0.890885 0.708211
vt 0.953120 0.975286
vt 0.741876 0.839022
vt 0.952018 0.969085
vt 0.741186 0.839022
vt 0.740084 0.839022
vt 0.739395 0.839022
vt 0.766847 0.938125
vt 0.767952 0.938125
vt 0.888893 0.714411
vt 0.889890 0.714411
vt 0.890885 0.714411
vt 0.953120 0.969085
vt 0.728239 0.433702
vt 0.006190 0.703853
vt 0.725772 0.433702
vt 0.723308 0.433702
vt 0.117215 0.803594
vt 0.119952 0.803594
vt 0.496131 0.751730
vt 0.498624 0.751730
vt 0.501059 0.751730
vt 0.011121 0.703853
vt 0.008656 0.703853
vt 0.728239 0.440009
vt 0.006190 0.710161
vt 0.582235 0.211326
vt 0.725772 0.440009
vt 0.584903 0.211937
vt 0.723308 0.440009
vt 0.117215 0.797287
vt 0.587044 0.210234
vt 0.119952 0.797287
vt 0.496131 0.745422
vt 0.587044 0.207496
vt 0.498624 0.745422
vt 0.584908 0.205790
vt 0.501059 0.745422
vt 0.011121 0.710161
vt 0.582238 0.206395
vt 0.008656 0.710161
vt 0.581050 0.208859
vt 0.584429 0.207694
vt 0.650936 0.845222
vt 0.985939 0.620975
vt 0.585293 0.208384
vt 0.650247 0.845222
vt 0.585293 0.209486
vt 0.649145 0.845222
vt 0.584429 0.210175
vt 0.648456 0.845222
vt 0.258968 0.931867
vt 0.583351 0.209929
vt 0.260074 0.931867
vt 0.161529 0.894706
vt 0.582873 0.208932
vt 0.162526 0.894706
vt 0.583354 0.207937
vt 0.163521 0.894706
vt 0.987041 0.620975
vt 0.650936 0.839022
vt 0.985939 0.614774
vt 0.650247 0.839022
vt 0.649145 0.839022
vt 0.648456 0.839022
vt 0.258968 0.938068
vt 0.260074 0.938068
vt 0.161529 0.900907
vt 0.162526 0.900907
vt 0.163521 0.900907
vt 0.987041 0.614774
vt 0.712344 0.363791
vt 0.605308 0.689523
vt 0.709877 0.363791
vt 0.707413 0.363791
vt 0.036425 0.803597
vt 0.039163 0.803597
vt 0.293666 0.751733
vt 0.296159 0.751733
vt 0.298594 0.751733
vt 0.610238 0.689523
vt 0.607774 0.689523
vt 0.712344 0.370098
vt 0.605308 0.695831
vt 0.478943 0.583256
vt 0.709877 0.370098
vt 0.481611 0.583867
vt 0.707413 0.370098
vt 0.036425 0.797290
vt 0.483751 0.582164
vt 0.039163 0.797290
vt 0.293666 0.745425
vt 0.483751 0.579426
vt 0.296159 0.745425
vt 0.481616 0.577721
vt 0.298594 0.745425
vt 0.610238 0.695831
vt 0.478946 0.578325
vt 0.607774 0.695831
vt 0.477757 0.580789
vt 0.481136 0.579625
vt 0.620199 0.845222
vt 0.601480 0.975286
vt 0.482000 0.580315
vt 0.619509 0.845222
vt 0.482000 0.581417
vt 0.618407 0.845222
vt 0.481136 0.582106
vt 0.617718 0.845222
vt 0.422633 0.931867
vt 0.480059 0.581860
vt 0.423738 0.931867
vt 0.888893 0.689523
vt 0.479580 0.580863
vt 0.889890 0.689523
vt 0.480062 0.579868
vt 0.890885 0.689523
vt 0.602582 0.975286
vt 0.620199 0.839022
vt 0.601480 0.969085
vt 0.619509 0.839022
vt 0.618407 0.839022
vt 0.617718 0.839022
vt 0.422633 0.938068
vt 0.423738 0.938068
vt 0.888893 0.695724
vt 0.889890 0.695724
vt 0.890885 0.695724
vt 0.602582 0.969085
vt 0.354070 0.633301
vt 0.568563 0.670836
vt 0.351604 0.633301
vt 0.349136 0.633301
vt 0.823319 0.082248
vt 0.826053 0.082248
vt 0.639918 0.789267
vt 0.642414 0.789267
vt 0.644845 0.789267
vt 0.573494 0.670836
vt 0.571029 0.670836
vt 0.354070 0.639609
vt 0.568563 0.677144
vt 0.477758 0.543739
vt 0.351604 0.639609
vt 0.478945 0.546204
vt 0.349136 0.639609
vt 0.823319 0.075940
vt 0.481615 0.546814
vt 0.826053 0.075940
vt 0.639918 0.782960
vt 0.483751 0.545108
vt 0.642414 0.782960
vt 0.483751 0.542372
vt 0.644845 0.782960
vt 0.573494 0.677144
vt 0.481615 0.540666
vt 0.571029 0.677144
vt 0.478945 0.541273
vt 0.481964 0.543185
vt 0.149149 0.882327
vt 0.817202 0.975286
vt 0.481964 0.544291
vt 0.148459 0.882327
vt 0.481103 0.544979
vt 0.147358 0.882327
vt 0.480026 0.544734
vt 0.146668 0.882327
vt 0.939869 0.316789
vt 0.479545 0.543739
vt 0.940974 0.316789
vt 0.817940 0.894763
vt 0.480026 0.542743
vt 0.818937 0.894763
vt 0.481103 0.542498
vt 0.819932 0.894763
vt 0.818304 0.975286
vt 0.149149 0.876126
vt 0.817202 0.969085
vt 0.148459 0.876126
vt 0.147358 0.876126
vt 0.146668 0.876126
vt 0.939869 0.322989
vt 0.940974 0.322989
vt 0.817940 0.900964
vt 0.818937 0.900964
vt 0.819932 0.900964
vt 0.818304 0.969085
vt 0.519437 0.633299
vt 0.675619 0.652149
vt 0.516971 0.633299
vt 0.514504 0.633299
vt 0.678688 0.826642
vt 0.681422 0.826642
vt 0.790458 0.407152
vt 0.792954 0.407152
vt 0.795385 0.407152
vt 0.680550 0.652149
vt 0.678085 0.652149
vt 0.519437 0.639606
vt 0.675619 0.658456
vt 0.514504 0.580793
vt 0.516971 0.639606
vt 0.515691 0.583258
vt 0.514504 0.639606
vt 0.678688 0.820334
vt 0.518361 0.583868
vt 0.681422 0.820334
vt 0.790458 0.400845
vt 0.520497 0.582162
vt 0.792954 0.400845
vt 0.520497 0.579426
vt 0.795385 0.400845
vt 0.680550 0.658456
vt 0.518361 0.577720
vt 0.678085 0.658456
vt 0.515691 0.578327
vt 0.518710 0.580240
vt 0.876514 0.677037
vt 0.966838 0.322989
vt 0.518710 0.581345
vt 0.875824 0.677037
vt 0.517849 0.582033
vt 0.874723 0.677037
vt 0.516772 0.581788
vt 0.874033 0.677037
vt 0.793818 0.931924
vt 0.516291 0.580793
vt 0.794923 0.931924
vt 0.903636 0.839021
vt 0.516772 0.579797
vt 0.904632 0.839021
vt 0.517849 0.579552
vt 0.905627 0.839021
vt 0.967940 0.322989
vt 0.876514 0.670836
vt 0.966838 0.316789
vt 0.875824 0.670836
vt 0.874723 0.670836
vt 0.874033 0.670836
vt 0.793818 0.938125
vt 0.794923 0.938125
vt 0.903636 0.845222
vt 0.904632 0.845222
vt 0.905627 0.845222
vt 0.967940 0.316789
vt 0.011123 0.629104
vt 0.422633 0.670673
vt 0.008657 0.629104
vt 0.006190 0.629104
vt 0.663573 0.826642
vt 0.666306 0.826642
vt 0.778399 0.789267
vt 0.780895 0.789267
vt 0.783326 0.789267
vt 0.427564 0.670673
vt 0.425099 0.670673
vt 0.011123 0.635412
vt 0.422633 0.676980
vt 0.422633 0.580792
vt 0.008657 0.635412
vt 0.423820 0.583258
vt 0.006190 0.635412
vt 0.663573 0.820334
vt 0.426490 0.583867
vt 0.666306 0.820334
vt 0.778399 0.782960
vt 0.428626 0.582162
vt 0.780895 0.782960
vt 0.428626 0.579426
vt 0.783326 0.782960
vt 0.427564 0.676980
vt 0.426490 0.577720
vt 0.425099 0.676980
vt 0.423820 0.578326
vt 0.426839 0.580239
vt 0.877390 0.826535
vt 0.966838 0.193300
vt 0.426839 0.581345
vt 0.876700 0.826535
vt 0.425978 0.582033
vt 0.875598 0.826535
vt 0.424901 0.581788
vt 0.874909 0.826535
vt 0.939866 0.132002
vt 0.424420 0.580792
vt 0.940971 0.132002
vt 0.875426 0.894763
vt 0.424901 0.579797
vt 0.876423 0.894763
vt 0.425978 0.579551
vt 0.877418 0.894763
vt 0.967940 0.193300
vt 0.877390 0.820334
vt 0.966838 0.187100
vt 0.876700 0.820334
vt 0.875598 0.820334
vt 0.874909 0.820334
vt 0.939866 0.138203
vt 0.940971 0.138203
vt 0.875426 0.900964
vt 0.876423 0.900964
vt 0.877418 0.900964
vt 0.967940 0.187100
vt 0.592927 0.708211
vt 0.568561 0.726898
vt 0.590461 0.708211
vt 0.587996 0.708211
vt 0.385883 0.807791
vt 0.388618 0.807791
vt 0.514504 0.751730
vt 0.517000 0.751730
vt 0.519432 0.751730
vt 0.573489 0.726898
vt 0.571027 0.726898
vt 0.592927 0.714518
vt 0.568561 0.733206
vt 0.385883 0.562266
vt 0.590461 0.714518
vt 0.387070 0.564731
vt 0.587996 0.714518
vt 0.385883 0.801484
vt 0.389737 0.565341
vt 0.388618 0.801484
vt 0.514504 0.745422
vt 0.391876 0.563635
vt 0.517000 0.745422
vt 0.391876 0.560899
vt 0.519432 0.745422
vt 0.573489 0.733206
vt 0.389737 0.559193
vt 0.571027 0.733206
vt 0.387070 0.559800
vt 0.390089 0.561713
vt 0.068366 0.878133
vt 0.938537 0.975286
vt 0.390089 0.562818
vt 0.067676 0.878133
vt 0.389228 0.563506
vt 0.066574 0.878133
vt 0.388151 0.563261
vt 0.065885 0.878133
vt 0.939867 0.205790
vt 0.387670 0.562266
vt 0.940972 0.205790
vt 0.899279 0.489764
vt 0.388151 0.561270
vt 0.900276 0.489764
vt 0.389228 0.561025
vt 0.901271 0.489764
vt 0.939639 0.975286
vt 0.068366 0.871932
vt 0.938537 0.969085
vt 0.067676 0.871932
vt 0.066574 0.871932
vt 0.065885 0.871932
vt 0.939867 0.211990
vt 0.940972 0.211990
vt 0.899279 0.495964
vt 0.900276 0.495964
vt 0.901271 0.495964
vt 0.939639 0.969085
vt 0.556181 0.708211
vt 0.458321 0.726735
vt 0.553715 0.708211
vt 0.551250 0.708211
vt 0.400998 0.807791
vt 0.403734 0.807791
vt 0.458318 0.751729
vt 0.460814 0.751729
vt 0.463246 0.751729
vt 0.463249 0.726735
vt 0.460787 0.726735
vt 0.556181 0.714519
vt 0.458321 0.733042
vt 0.367509 0.580793
vt 0.553715 0.714519
vt 0.368697 0.583258
vt 0.551250 0.714519
vt 0.400998 0.801484
vt 0.371364 0.583868
vt 0.403734 0.801484
vt 0.458318 0.745422
vt 0.373503 0.582162
vt 0.460814 0.745422
vt 0.373503 0.579426
vt 0.463246 0.745422
vt 0.463249 0.733042
vt 0.371364 0.577720
vt 0.460787 0.733042
vt 0.368697 0.578327
vt 0.371716 0.580240
vt 0.870887 0.156784
vt 0.978981 0.956705
vt 0.371716 0.581345
vt 0.870197 0.156784
vt 0.370855 0.582033
vt 0.869095 0.156784
vt 0.369777 0.581788
vt 0.868406 0.156784
vt 0.861242 0.931924
vt 0.369297 0.580793
vt 0.862348 0.931924
vt 0.897638 0.280058
vt 0.369777 0.579797
vt 0.898635 0.280058
vt 0.370855 0.579552
vt 0.899630 0.280058
vt 0.980083 0.956705
vt 0.870887 0.150583
vt 0.978981 0.950505
vt 0.870197 0.150583
vt 0.869095 0.150583
vt 0.868406 0.150583
vt 0.861242 0.938125
vt 0.862348 0.938125
vt 0.897638 0.286259
vt 0.898635 0.286259
vt 0.899630 0.286259
vt 0.980083 0.950505
vt 0.335694 0.689363
vt 0.366447 0.726738
vt 0.333228 0.689363
vt 0.330763 0.689363
vt 0.252492 0.807791
vt 0.255228 0.807791
vt 0.181287 0.751729
vt 0.183783 0.751729
vt 0.186215 0.751729
vt 0.371376 0.726738
vt 0.368914 0.726738
vt 0.335694 0.695670
vt 0.366447 0.733045
vt 0.422633 0.562265
vt 0.333228 0.695670
vt 0.423820 0.564731
vt 0.330763 0.695670
vt 0.252492 0.801484
vt 0.426487 0.565340
vt 0.255228 0.801484
vt 0.181287 0.745422
vt 0.428626 0.563635
vt 0.183783 0.745422
vt 0.428626 0.560899
vt 0.186215 0.745422
vt 0.371376 0.733045
vt 0.426487 0.559193
vt 0.368914 0.733045
vt 0.423820 0.559799
vt 0.426839 0.561712
vt 0.311260 0.863750
vt 0.958992 0.919544
vt 0.426839 0.562818
vt 0.310571 0.863750
vt 0.425978 0.563506
vt 0.309469 0.863750
vt 0.424901 0.563261
vt 0.308780 0.863750
vt 0.399367 0.931868
vt 0.424420 0.562265
vt 0.400473 0.931868
vt 0.717340 0.894763
vt 0.424901 0.561270
vt 0.718336 0.894763
vt 0.425978 0.561024
vt 0.719332 0.894763
vt 0.960093 0.919544
vt 0.311260 0.857549
vt 0.958992 0.913344
vt 0.310571 0.857549
vt 0.309469 0.857549
vt 0.308780 0.857549
vt 0.399367 0.938068
vt 0.400473 0.938068
vt 0.717340 0.900964
vt 0.718336 0.900964
vt 0.719332 0.900964
vt 0.960093 0.913344
vt 0.710928 0.471076
vt 0.727551 0.633462
vt 0.708462 0.471076
vt 0.705997 0.471076
vt 0.275290 0.807792
vt 0.278026 0.807792
vt 0.441010 0.751730
vt 0.443506 0.751730
vt 0.445938 0.751730
vt 0.732479 0.633462
vt 0.730017 0.633462
vt 0.710928 0.477384
vt 0.727551 0.639769
vt 0.238540 0.580792
vt 0.708462 0.477384
vt 0.239727 0.583258
vt 0.705997 0.477384
vt 0.275290 0.801484
vt 0.242394 0.583867
vt 0.278026 0.801484
vt 0.441010 0.745422
vt 0.244533 0.582162
vt 0.443506 0.745422
vt 0.244533 0.579426
vt 0.445938 0.745422
vt 0.732479 0.639769
vt 0.242394 0.577720
vt 0.730017 0.639769
vt 0.239727 0.578326
vt 0.242746 0.580239
vt 0.568844 0.863803
vt 0.736312 0.975286
vt 0.242746 0.581345
vt 0.568154 0.863803
vt 0.241885 0.582033
vt 0.567052 0.863803
vt 0.240808 0.581788
vt 0.566363 0.863803
vt 0.245483 0.931867
vt 0.240327 0.580792
vt 0.246589 0.931867
vt 0.888892 0.745585
vt 0.240808 0.579797
vt 0.889888 0.745585
vt 0.241885 0.579551
vt 0.890883 0.745585
vt 0.737414 0.975286
vt 0.568844 0.857602
vt 0.736312 0.969085
vt 0.568154 0.857602
vt 0.567052 0.857602
vt 0.566363 0.857602
vt 0.245483 0.938068
vt 0.246589 0.938068
vt 0.888892 0.751786
vt 0.889888 0.751786
vt 0.890883 0.751786
vt 0.737414 0.969085
vt 0.674664 0.261371
vt 0.496131 0.651986
vt 0.672197 0.261371
vt 0.669733 0.261371
vt 0.828079 0.528447
vt 0.830813 0.528447
vt 0.792541 0.440009
vt 0.795036 0.440009
vt 0.797467 0.440009
vt 0.501064 0.651986
vt 0.498597 0.651986
vt 0.674664 0.267678
vt 0.496131 0.658293
vt 0.441010 0.580795
vt 0.672197 0.267678
vt 0.442197 0.583261
vt 0.669733 0.267678
vt 0.828079 0.522139
vt 0.444867 0.583867
vt 0.830813 0.522139
vt 0.792541 0.433702
vt 0.447003 0.582162
vt 0.795036 0.433702
vt 0.447003 0.579426
vt 0.797467 0.433702
vt 0.501064 0.658293
vt 0.444867 0.577721
vt 0.498597 0.658293
vt 0.442197 0.578330
vt 0.445216 0.580242
vt 0.568844 0.882384
vt 0.255424 0.993810
vt 0.445216 0.581348
vt 0.568154 0.882384
vt 0.444355 0.582036
vt 0.567052 0.882384
vt 0.443278 0.581791
vt 0.566363 0.882384
vt 0.917636 0.708211
vt 0.442797 0.580795
vt 0.918741 0.708211
vt 0.551250 0.894763
vt 0.443278 0.579800
vt 0.552247 0.894763
vt 0.444355 0.579555
vt 0.553242 0.894763
vt 0.256525 0.993810
vt 0.568844 0.876183
vt 0.255424 0.987609
vt 0.568154 0.876183
vt 0.567052 0.876183
vt 0.566363 0.876183
vt 0.917636 0.714411
vt 0.918741 0.714411
vt 0.551250 0.900964
vt 0.552247 0.900964
vt 0.553242 0.900964
vt 0.256525 0.987609
vt 0.220853 0.633298
vt 0.676688 0.559030
vt 0.218387 0.633298
vt 0.215920 0.633298
vt 0.824962 0.458697
vt 0.827696 0.458697
vt 0.773591 0.082248
vt 0.776087 0.082248
vt 0.778518 0.082248
vt 0.681619 0.559030
vt 0.679154 0.559030
vt 0.220853 0.639606
vt 0.676688 0.565338
vt 0.312037 0.543738
vt 0.218387 0.639606
vt 0.313224 0.546204
vt 0.215920 0.639606
vt 0.824962 0.452389
vt 0.315894 0.546814
vt 0.827696 0.452389
vt 0.773591 0.075940
vt 0.318030 0.545108
vt 0.776087 0.075940
vt 0.318030 0.542372
vt 0.778518 0.075940
vt 0.681619 0.565338
vt 0.315894 0.540667
vt 0.679154 0.565338
vt 0.313224 0.541272
vt 0.316243 0.543185
vt 0.425114 0.882326
vt 0.100577 0.971035
vt 0.316243 0.544291
vt 0.424424 0.882326
vt 0.315382 0.544979
vt 0.423322 0.882326
vt 0.314305 0.544734
vt 0.422633 0.882326
vt 0.939870 0.242684
vt 0.313824 0.543738
vt 0.940975 0.242684
vt 0.385882 0.894707
vt 0.314305 0.542743
vt 0.386879 0.894707
vt 0.315382 0.542498
vt 0.387874 0.894707
vt 0.101679 0.971035
vt 0.425114 0.876126
vt 0.100577 0.964834
vt 0.424424 0.876126
vt 0.423322 0.876126
vt 0.422633 0.876126
vt 0.939870 0.248884
vt 0.940975 0.248884
vt 0.385882 0.900908
vt 0.386879 0.900908
vt 0.387874 0.900908
vt 0.101679 0.964834
vt 0.203540 0.633298
vt 0.275290 0.651986
vt 0.201074 0.633298
vt 0.198607 0.633298
vt 0.808969 0.049872
vt 0.811705 0.049872
vt 0.773591 0.212097
vt 0.776084 0.212097
vt 0.778518 0.212097
vt 0.280223 0.651986
vt 0.277756 0.651986
vt 0.203540 0.639606
vt 0.275290 0.658293
vt 0.239725 0.546200
vt 0.201074 0.639606
vt 0.242393 0.546813
vt 0.198607 0.639606
vt 0.808969 0.043564
vt 0.244536 0.545109
vt 0.811705 0.043564
vt 0.773591 0.205790
vt 0.244536 0.542373
vt 0.776084 0.205790
vt 0.242402 0.540666
vt 0.778518 0.205790
vt 0.280223 0.658293
vt 0.239734 0.541267
vt 0.277756 0.658293
vt 0.238542 0.543732
vt 0.241920 0.542570
vt 0.857669 0.439903
vt 0.019671 0.989616
vt 0.242785 0.543261
vt 0.856979 0.439903
vt 0.242784 0.544363
vt 0.855877 0.439903
vt 0.241920 0.545051
vt 0.855188 0.439903
vt 0.939917 0.400845
vt 0.240842 0.544804
vt 0.941022 0.400845
vt 0.514504 0.894600
vt 0.240364 0.543807
vt 0.515501 0.894600
vt 0.240846 0.542813
vt 0.516496 0.894600
vt 0.020773 0.989616
vt 0.857669 0.433702
vt 0.019671 0.983415
vt 0.856979 0.433702
vt 0.855877 0.433702
vt 0.855188 0.433702
vt 0.939917 0.407046
vt 0.941022 0.407046
vt 0.514504 0.900801
vt 0.515501 0.900801
vt 0.516496 0.900801
vt 0.020773 0.983415
vt 0.045749 0.666479
vt 0.651980 0.400845
vt 0.043283 0.666479
vt 0.040816 0.666479
vt 0.809847 0.440009
vt 0.812582 0.440009
vt 0.792541 0.496071
vt 0.795033 0.496071
vt 0.797467 0.496071
vt 0.656913 0.400845
vt 0.654446 0.400845
vt 0.045749 0.672786
vt 0.651980 0.407152
vt 0.202976 0.546200
vt 0.043283 0.672786
vt 0.205644 0.546813
vt 0.040816 0.672786
vt 0.809847 0.433702
vt 0.207788 0.545109
vt 0.812582 0.433702
vt 0.792541 0.489763
vt 0.207788 0.542374
vt 0.795033 0.489763
vt 0.205653 0.540666
vt 0.797467 0.489763
vt 0.656913 0.407152
vt 0.202985 0.541267
vt 0.654446 0.407152
vt 0.201793 0.543732
vt 0.205172 0.542570
vt 0.119696 0.859549
vt 0.130696 0.989613
vt 0.206036 0.543261
vt 0.119006 0.859549
vt 0.206035 0.544363
vt 0.117904 0.859549
vt 0.205171 0.545051
vt 0.117215 0.859549
vt 0.944373 0.559030
vt 0.204093 0.544804
vt 0.945477 0.559030
vt 0.674225 0.894763
vt 0.203615 0.543807
vt 0.675222 0.894763
vt 0.204097 0.542813
vt 0.676217 0.894763
vt 0.131798 0.989613
vt 0.119696 0.853349
vt 0.130696 0.983412
vt 0.119006 0.853349
vt 0.117904 0.853349
vt 0.117215 0.853349
vt 0.944373 0.565231
vt 0.945477 0.565231
vt 0.674225 0.900964
vt 0.675222 0.900964
vt 0.676217 0.900964
vt 0.131798 0.983412
vt 0.663239 0.633461
vt 0.687043 0.150689
vt 0.660772 0.633461
vt 0.658306 0.633461
vt 0.839198 0.049872
vt 0.841932 0.049872
vt 0.775234 0.477384
vt 0.777730 0.477384
vt 0.780161 0.477384
vt 0.691975 0.150689
vt 0.689509 0.150689
vt 0.663239 0.639769
vt 0.687043 0.156997
vt 0.441010 0.562265
vt 0.660772 0.639769
vt 0.442197 0.564731
vt 0.658306 0.639769
vt 0.839198 0.043564
vt 0.444867 0.565341
vt 0.841932 0.043564
vt 0.775234 0.471076
vt 0.447003 0.563635
vt 0.777730 0.471076
vt 0.447003 0.560899
vt 0.780161 0.471076
vt 0.691975 0.156997
vt 0.444867 0.559194
vt 0.689509 0.156997
vt 0.442197 0.559799
vt 0.445216 0.561712
vt 0.224733 0.882327
vt 0.117215 0.971033
vt 0.445216 0.562819
vt 0.224043 0.882327
vt 0.444355 0.563506
vt 0.222941 0.882327
vt 0.443278 0.563261
vt 0.222252 0.882327
vt 0.944372 0.522139
vt 0.442797 0.562265
vt 0.945477 0.522139
vt 0.400743 0.894707
vt 0.443278 0.561270
vt 0.401740 0.894707
vt 0.444355 0.561025
vt 0.402735 0.894707
vt 0.118317 0.971033
vt 0.224733 0.876126
vt 0.117215 0.964832
vt 0.224043 0.876126
vt 0.222941 0.876126
vt 0.222252 0.876126
vt 0.944372 0.528340
vt 0.945477 0.528340
vt 0.400743 0.900908
vt 0.401740 0.900908
vt 0.402735 0.900908
vt 0.118317 0.964832
vt 0.122146 0.685163
vt 0.023503 0.666479
vt 0.119679 0.685163
vt 0.117215 0.685163
vt 0.814961 0.826642
vt 0.817695 0.826642
vt 0.796780 0.677144
vt 0.799275 0.677144
vt 0.801706 0.677144
vt 0.028436 0.666479
vt 0.025969 0.666479
vt 0.122146 0.691471
vt 0.023503 0.672786
vt 0.581813 0.027792
vt 0.119679 0.691471
vt 0.583000 0.030258
vt 0.117215 0.691471
vt 0.814961 0.820334
vt 0.585670 0.030864
vt 0.817695 0.820334
vt 0.796780 0.670836
vt 0.587806 0.029159
vt 0.799275 0.670836
vt 0.587806 0.026423
vt 0.801706 0.670836
vt 0.028436 0.672786
vt 0.585670 0.024717
vt 0.025969 0.672786
vt 0.583000 0.025327
vt 0.586019 0.027239
vt 0.239594 0.882327
vt 0.046643 0.989616
vt 0.586019 0.028345
vt 0.238904 0.882327
vt 0.585158 0.029033
vt 0.237802 0.882327
vt 0.584081 0.028788
vt 0.237113 0.882327
vt 0.941505 0.489763
vt 0.583600 0.027792
vt 0.942611 0.489763
vt 0.912060 0.400845
vt 0.584081 0.026796
vt 0.913056 0.400845
vt 0.585158 0.026551
vt 0.914052 0.400845
vt 0.047745 0.989616
vt 0.239594 0.876126
vt 0.046643 0.983415
vt 0.238904 0.876126
vt 0.237802 0.876126
vt 0.237113 0.876126
vt 0.941505 0.495964
vt 0.942611 0.495964
vt 0.912060 0.407046
vt 0.913056 0.407046
vt 0.914052 0.407046
vt 0.047745 0.983415
vt 0.674664 0.205790
vt 0.458323 0.651986
vt 0.672197 0.205790
vt 0.669733 0.205790
vt 0.829196 0.751893
vt 0.831930 0.751893
vt 0.792541 0.477384
vt 0.795036 0.477384
vt 0.797467 0.477384
vt 0.463256 0.651986
vt 0.460789 0.651986
vt 0.674664 0.212097
vt 0.458323 0.658293
vt 0.581050 0.171811
vt 0.672197 0.212097
vt 0.582237 0.174277
vt 0.669733 0.212097
vt 0.829196 0.745585
vt 0.584908 0.174883
vt 0.831930 0.745585
vt 0.792541 0.471076
vt 0.587044 0.173178
vt 0.795036 0.471076
vt 0.587044 0.170442
vt 0.797467 0.471076
vt 0.463256 0.658293
vt 0.584908 0.168736
vt 0.460789 0.658293
vt 0.582237 0.169346
vt 0.585256 0.171258
vt 0.443491 0.882327
vt 0.060126 0.989616
vt 0.585256 0.172364
vt 0.442801 0.882327
vt 0.584396 0.173052
vt 0.441699 0.882327
vt 0.583318 0.172807
vt 0.441010 0.882327
vt 0.940633 0.043351
vt 0.582837 0.171811
vt 0.941738 0.043351
vt 0.363997 0.894603
vt 0.583318 0.170815
vt 0.364994 0.894603
vt 0.584396 0.170570
vt 0.365989 0.894603
vt 0.061228 0.989616
vt 0.443491 0.876126
vt 0.060126 0.983415
vt 0.442801 0.876126
vt 0.441699 0.876126
vt 0.441010 0.876126
vt 0.940633 0.049551
vt 0.941738 0.049551
vt 0.363997 0.900804
vt 0.364994 0.900804
vt 0.365989 0.900804
vt 0.061228 0.983415
vt 0.238166 0.633298
vt 0.163981 0.670673
vt 0.235700 0.633298
vt 0.233233 0.633298
vt 0.838432 0.119622
vt 0.841166 0.119622
vt 0.639927 0.751893
vt 0.642423 0.751893
vt 0.644854 0.751893
vt 0.168913 0.670673
vt 0.166448 0.670673
vt 0.238166 0.639606
vt 0.163981 0.676980
vt 0.547362 0.366863
vt 0.235700 0.639606
vt 0.548550 0.369328
vt 0.233233 0.639606
vt 0.838432 0.113315
vt 0.551220 0.369939
vt 0.841166 0.113315
vt 0.639927 0.745585
vt 0.553356 0.368233
vt 0.642423 0.745585
vt 0.553356 0.365497
vt 0.644854 0.745585
vt 0.168913 0.676980
vt 0.551220 0.363791
vt 0.166448 0.676980
vt 0.548550 0.364397
vt 0.551569 0.366310
vt 0.871653 0.049658
vt 0.967324 0.100828
vt 0.551569 0.367416
vt 0.870963 0.049658
vt 0.550708 0.368104
vt 0.869861 0.049658
vt 0.549630 0.367859
vt 0.869172 0.049658
vt 0.944418 0.782853
vt 0.549150 0.366863
vt 0.945522 0.782853
vt 0.884910 0.471076
vt 0.549630 0.365868
vt 0.885906 0.471076
vt 0.550708 0.365623
vt 0.886901 0.471076
vt 0.968426 0.100828
vt 0.871653 0.043458
vt 0.967324 0.094628
vt 0.870963 0.043458
vt 0.869861 0.043458
vt 0.869172 0.043458
vt 0.944418 0.789054
vt 0.945522 0.789054
vt 0.884910 0.477277
vt 0.885906 0.477277
vt 0.886901 0.477277
vt 0.968426 0.094628
vt 0.658995 0.471076
vt 0.617793 0.075940
vt 0.656528 0.471076
vt 0.654062 0.471076
vt 0.808207 0.248991
vt 0.810942 0.248991
vt 0.023497 0.784910
vt 0.025990 0.784910
vt 0.028423 0.784910
vt 0.622727 0.075940
vt 0.620260 0.075940
vt 0.658995 0.477384
vt 0.617793 0.082248
vt 0.534066 0.527673
vt 0.656528 0.477384
vt 0.536734 0.528286
vt 0.654062 0.477384
vt 0.808207 0.242683
vt 0.538877 0.526582
vt 0.810942 0.242683
vt 0.023497 0.778602
vt 0.538877 0.523847
vt 0.025990 0.778602
vt 0.536743 0.522140
vt 0.028423 0.778602
vt 0.622727 0.082248
vt 0.534075 0.522740
vt 0.620260 0.082248
vt 0.532883 0.525206
vt 0.536262 0.524044
vt 0.568844 0.845223
vt 0.966836 0.341680
vt 0.537126 0.524734
vt 0.568154 0.845223
vt 0.537125 0.525836
vt 0.567052 0.845223
vt 0.536261 0.526524
vt 0.566363 0.845223
vt 0.699423 0.931924
vt 0.535183 0.526278
vt 0.700528 0.931924
vt 0.883267 0.150583
vt 0.534705 0.525280
vt 0.884263 0.150583
vt 0.535187 0.524286
vt 0.885258 0.150583
vt 0.967937 0.341680
vt 0.568844 0.839022
vt 0.966836 0.335479
vt 0.568154 0.839022
vt 0.567052 0.839022
vt 0.566363 0.839022
vt 0.699423 0.938125
vt 0.700528 0.938125
vt 0.883267 0.156784
vt 0.884263 0.156784
vt 0.885258 0.156784
vt 0.967937 0.335479
vt 0.674664 0.335479
vt 0.367509 0.651989
vt 0.672197 0.335479
vt 0.669733 0.335479
vt 0.006190 0.840972
vt 0.008924 0.840972
vt 0.795706 0.789267
vt 0.798202 0.789267
vt 0.800632 0.789267
vt 0.372443 0.651989
vt 0.369976 0.651989
vt 0.674664 0.341787
vt 0.367509 0.658296
vt 0.312037 0.580795
vt 0.672197 0.341787
vt 0.313224 0.583261
vt 0.669733 0.341787
vt 0.006190 0.834664
vt 0.315894 0.583867
vt 0.008924 0.834664
vt 0.795706 0.782960
vt 0.318030 0.582162
vt 0.798202 0.782960
vt 0.318030 0.579426
vt 0.800632 0.782960
vt 0.372443 0.658296
vt 0.315894 0.577721
vt 0.369976 0.658296
vt 0.313224 0.578330
vt 0.316243 0.580242
vt 0.605338 0.882383
vt 0.275290 0.993810
vt 0.316243 0.581348
vt 0.604648 0.882383
vt 0.315382 0.582036
vt 0.603546 0.882383
vt 0.314305 0.581791
vt 0.602857 0.882383
vt 0.917638 0.670836
vt 0.313824 0.580795
vt 0.918743 0.670836
vt 0.616740 0.894763
vt 0.314305 0.579800
vt 0.617736 0.894763
vt 0.315382 0.579555
vt 0.618731 0.894763
vt 0.276392 0.993810
vt 0.605338 0.876182
vt 0.275290 0.987609
vt 0.604648 0.876182
vt 0.603546 0.876182
vt 0.602857 0.876182
vt 0.917638 0.677037
vt 0.918743 0.677037
vt 0.616740 0.900964
vt 0.617736 0.900964
vt 0.618731 0.900964
vt 0.276392 0.987609
vt 0.640039 0.280058
vt 0.688686 0.489764
vt 0.637573 0.280058
vt 0.635107 0.280058
vt 0.830074 0.826642
vt 0.832808 0.826642
vt 0.293667 0.789107
vt 0.296163 0.789107
vt 0.298594 0.789107
vt 0.693618 0.489764
vt 0.691153 0.489764
vt 0.640039 0.286366
vt 0.688686 0.496071
vt 0.275290 0.543738
vt 0.637573 0.286366
vt 0.276478 0.546204
vt 0.635107 0.286366
vt 0.830074 0.820334
vt 0.279148 0.546814
vt 0.832808 0.820334
vt 0.293667 0.782800
vt 0.281284 0.545108
vt 0.296163 0.782800
vt 0.281284 0.542372
vt 0.298594 0.782800
vt 0.693618 0.496071
vt 0.279148 0.540667
vt 0.691153 0.496071
vt 0.276478 0.541272
vt 0.279496 0.543185
vt 0.620199 0.882383
vt 0.970523 0.639662
vt 0.279496 0.544291
vt 0.619509 0.882383
vt 0.278636 0.544979
vt 0.618407 0.882383
vt 0.277558 0.544734
vt 0.617718 0.882383
vt 0.939870 0.187100
vt 0.277078 0.543738
vt 0.940975 0.187100
vt 0.441010 0.894707
vt 0.277558 0.542743
vt 0.442007 0.894707
vt 0.278636 0.542498
vt 0.443002 0.894707
vt 0.971624 0.639662
vt 0.620199 0.876182
vt 0.970523 0.633461
vt 0.619509 0.876182
vt 0.618407 0.876182
vt 0.617718 0.876182
vt 0.939870 0.193300
vt 0.940975 0.193300
vt 0.441010 0.900908
vt 0.442007 0.900908
vt 0.443002 0.900908
vt 0.971624 0.633461
vt 0.640804 0.043247
vt 0.531817 0.651986
vt 0.638338 0.043247
vt 0.635872 0.043247
vt 0.809847 0.477384
vt 0.812582 0.477384
vt 0.233222 0.789104
vt 0.235715 0.789104
vt 0.238149 0.789104
vt 0.536750 0.651986
vt 0.534283 0.651986
vt 0.640804 0.049554
vt 0.531817 0.658293
vt 0.221351 0.546200
vt 0.638338 0.049554
vt 0.224018 0.546813
vt 0.635872 0.049554
vt 0.809847 0.471076
vt 0.226162 0.545109
vt 0.812582 0.471076
vt 0.233222 0.782796
vt 0.226162 0.542373
vt 0.235715 0.782796
vt 0.224028 0.540666
vt 0.238149 0.782796
vt 0.536750 0.658293
vt 0.221359 0.541267
vt 0.534283 0.658293
vt 0.220167 0.543732
vt 0.223546 0.542570
vt 0.861655 0.620975
vt 0.100575 0.989616
vt 0.224410 0.543261
vt 0.860965 0.620975
vt 0.224409 0.544363
vt 0.859863 0.620975
vt 0.223545 0.545051
vt 0.859174 0.620975
vt 0.834272 0.931924
vt 0.222467 0.544804
vt 0.835378 0.931924
vt 0.422633 0.894706
vt 0.221990 0.543807
vt 0.423629 0.894706
vt 0.222471 0.542813
vt 0.424624 0.894706
vt 0.101677 0.989616
vt 0.861655 0.614774
vt 0.100575 0.983415
vt 0.860965 0.614774
vt 0.859863 0.614774
vt 0.859174 0.614774
vt 0.834272 0.938125
vt 0.835378 0.938125
vt 0.422633 0.900907
vt 0.423629 0.900907
vt 0.424624 0.900907
vt 0.101677 0.983415
vt 0.080375 0.666479
vt 0.652420 0.335479
vt 0.077909 0.666479
vt 0.075442 0.666479
vt 0.809847 0.458697
vt 0.812582 0.458697
vt 0.796779 0.714518
vt 0.799272 0.714518
vt 0.801705 0.714518
vt 0.657353 0.335479
vt 0.654886 0.335479
vt 0.080375 0.672786
vt 0.652420 0.341787
vt 0.184602 0.546200
vt 0.077909 0.672786
vt 0.187269 0.546813
vt 0.075442 0.672786
vt 0.809847 0.452389
vt 0.189413 0.545109
vt 0.812582 0.452389
vt 0.796779 0.708211
vt 0.189413 0.542374
vt 0.799272 0.708211
vt 0.187279 0.540666
vt 0.801705 0.708211
vt 0.657353 0.341787
vt 0.184610 0.541267
vt 0.654886 0.341787
vt 0.183418 0.543732
vt 0.186797 0.542570
vt 0.862529 0.826535
vt 0.992463 0.956705
vt 0.187661 0.543261
vt 0.861839 0.826535
vt 0.187660 0.544363
vt 0.860737 0.826535
vt 0.186796 0.545051
vt 0.860048 0.826535
vt 0.944608 0.670836
vt 0.185719 0.544804
vt 0.945712 0.670836
vt 0.898404 0.024770
vt 0.185241 0.543807
vt 0.899401 0.024770
vt 0.185722 0.542813
vt 0.900396 0.024770
vt 0.993565 0.956705
vt 0.862529 0.820334
vt 0.992463 0.950505
vt 0.861839 0.820334
vt 0.860737 0.820334
vt 0.860048 0.820334
vt 0.944608 0.677037
vt 0.945712 0.677037
vt 0.898404 0.030971
vt 0.899401 0.030971
vt 0.900396 0.030971
vt 0.993565 0.950505
vt 0.097688 0.666479
vt 0.688686 0.452389
vt 0.095222 0.666479
vt 0.092755 0.666479
vt 0.222252 0.845166
vt 0.224986 0.845166
vt 0.250529 0.789104
vt 0.253025 0.789104
vt 0.255456 0.789104
vt 0.693618 0.452389
vt 0.691153 0.452389
vt 0.097688 0.672786
vt 0.688686 0.458697
vt 0.459383 0.562265
vt 0.095222 0.672786
vt 0.460571 0.564731
vt 0.092755 0.672786
vt 0.222252 0.838858
vt 0.463241 0.565341
vt 0.224986 0.838858
vt 0.250529 0.782796
vt 0.465377 0.563635
vt 0.253025 0.782796
vt 0.465377 0.560899
vt 0.255456 0.782796
vt 0.693618 0.458697
vt 0.463241 0.559194
vt 0.691153 0.458697
vt 0.460571 0.559799
vt 0.463589 0.561712
vt 0.590477 0.882383
vt 0.969119 0.938125
vt 0.463589 0.562819
vt 0.589787 0.882383
vt 0.462729 0.563506
vt 0.588686 0.882383
vt 0.461651 0.563261
vt 0.587996 0.882383
vt 0.944418 0.764272
vt 0.461171 0.562265
vt 0.945522 0.764272
vt 0.176642 0.894706
vt 0.461651 0.561270
vt 0.177639 0.894706
vt 0.462729 0.561025
vt 0.178634 0.894706
vt 0.970221 0.938125
vt 0.590477 0.876182
vt 0.969119 0.931924
vt 0.589787 0.876182
vt 0.588686 0.876182
vt 0.587996 0.876182
vt 0.944418 0.770473
vt 0.945522 0.770473
vt 0.176642 0.900907
vt 0.177639 0.900907
vt 0.178634 0.900907
vt 0.970221 0.931924
vt 0.693617 0.471076
vt 0.659374 0.522139
vt 0.691151 0.471076
vt 0.688686 0.471076
vt 0.824962 0.477384
vt 0.827696 0.477384
vt 0.796779 0.733206
vt 0.799274 0.733206
vt 0.801705 0.733206
vt 0.664307 0.522139
vt 0.661840 0.522139
vt 0.693617 0.477384
vt 0.659374 0.528447
vt 0.582693 0.492358
vt 0.691151 0.477384
vt 0.583880 0.494824
vt 0.688686 0.477384
vt 0.824962 0.471076
vt 0.586550 0.495430
vt 0.827696 0.471076
vt 0.796779 0.726898
vt 0.588686 0.493725
vt 0.799274 0.726898
vt 0.588686 0.490989
vt 0.801705 0.726898
vt 0.664307 0.528447
vt 0.586550 0.489284
vt 0.661840 0.528447
vt 0.583880 0.489893
vt 0.586899 0.491805
vt 0.038645 0.878133
vt 0.514504 0.993703
vt 0.586899 0.492911
vt 0.037955 0.878133
vt 0.586039 0.493599
vt 0.036853 0.878133
vt 0.584961 0.493354
vt 0.036164 0.878133
vt 0.939867 0.261371
vt 0.584481 0.492358
vt 0.940972 0.261371
vt 0.912010 0.113315
vt 0.584961 0.491363
vt 0.913006 0.113315
vt 0.586039 0.491117
vt 0.914001 0.113315
vt 0.515606 0.993703
vt 0.038645 0.871932
vt 0.514504 0.987503
vt 0.037955 0.871932
vt 0.036853 0.871932
vt 0.036164 0.871932
vt 0.939867 0.267572
vt 0.940972 0.267572
vt 0.912010 0.119516
vt 0.913006 0.119516
vt 0.914001 0.119516
vt 0.515606 0.987503
vt 0.674666 0.187100
vt 0.514504 0.651986
vt 0.672200 0.187100
vt 0.669736 0.187100
vt 0.829199 0.677144
vt 0.831933 0.677144
vt 0.796778 0.751893
vt 0.799273 0.751893
vt 0.801704 0.751893
vt 0.519437 0.651986
vt 0.516970 0.651986
vt 0.674666 0.193407
vt 0.514504 0.658293
vt 0.580611 0.422447
vt 0.672200 0.193407
vt 0.581798 0.424913
vt 0.669736 0.193407
vt 0.829199 0.670836
vt 0.584468 0.425519
vt 0.831933 0.670836
vt 0.796778 0.745585
vt 0.586604 0.423814
vt 0.799273 0.745585
vt 0.586604 0.421078
vt 0.801704 0.745585
vt 0.519437 0.658293
vt 0.584468 0.419373
vt 0.516970 0.658293
vt 0.581798 0.419982
vt 0.584817 0.421894
vt 0.458352 0.882327
vt 0.160151 0.993810
vt 0.584817 0.423000
vt 0.457662 0.882327
vt 0.583956 0.423688
vt 0.456560 0.882327
vt 0.582879 0.423443
vt 0.455871 0.882327
vt 0.901697 0.931924
vt 0.582398 0.422447
vt 0.902802 0.931924
vt 0.631111 0.894763
vt 0.582879 0.421452
vt 0.632108 0.894763
vt 0.583956 0.421206
vt 0.633103 0.894763
vt 0.161252 0.993810
vt 0.458352 0.876126
vt 0.160151 0.987609
vt 0.457662 0.876126
vt 0.456560 0.876126
vt 0.455871 0.876126
vt 0.901697 0.938125
vt 0.902802 0.938125
vt 0.631111 0.900964
vt 0.632108 0.900964
vt 0.633103 0.900964
vt 0.161252 0.987609
vt 0.640039 0.094628
vt 0.385882 0.670673
vt 0.637573 0.094628
vt 0.635107 0.094628
vt 0.838432 0.156997
vt 0.841166 0.156997
vt 0.727547 0.751893
vt 0.730042 0.751893
vt 0.732473 0.751893
vt 0.390814 0.670673
vt 0.388349 0.670673
vt 0.640039 0.100935
vt 0.385882 0.676980
vt 0.496131 0.543738
vt 0.637573 0.100935
vt 0.497318 0.546204
vt 0.635107 0.100935
vt 0.838432 0.150689
vt 0.499989 0.546814
vt 0.841166 0.150689
vt 0.727547 0.745585
vt 0.502124 0.545108
vt 0.730042 0.745585
vt 0.502124 0.542372
vt 0.732473 0.745585
vt 0.390814 0.676980
vt 0.499989 0.540667
vt 0.388349 0.676980
vt 0.497318 0.541272
vt 0.500337 0.543185
vt 0.872530 0.439903
vt 0.971385 0.770473
vt 0.500337 0.544291
vt 0.871840 0.439903
vt 0.499476 0.544979
vt 0.870738 0.439903
vt 0.498399 0.544734
vt 0.870049 0.439903
vt 0.944365 0.577720
vt 0.497918 0.543738
vt 0.945469 0.577720
vt 0.886959 0.652149
vt 0.498399 0.542743
vt 0.887955 0.652149
vt 0.499476 0.542498
vt 0.888950 0.652149
vt 0.972486 0.770473
vt 0.872530 0.433702
vt 0.971385 0.764272
vt 0.871840 0.433702
vt 0.870738 0.433702
vt 0.870049 0.433702
vt 0.944365 0.583921
vt 0.945469 0.583921
vt 0.886959 0.658349
vt 0.887955 0.658349
vt 0.888950 0.658349
vt 0.972486 0.764272
vt 0.063062 0.666479
vt 0.617793 0.131842
vt 0.060596 0.666479
vt 0.058129 0.666479
vt 0.808207 0.323096
vt 0.810942 0.323096
vt 0.198599 0.789104
vt 0.201092 0.789104
vt 0.203526 0.789104
vt 0.622727 0.131842
vt 0.620260 0.131842
vt 0.063062 0.672786
vt 0.617793 0.138150
vt 0.530171 0.369325
vt 0.060596 0.672786
vt 0.532839 0.369938
vt 0.058129 0.672786
vt 0.808207 0.316789
vt 0.534983 0.368234
vt 0.810942 0.316789
vt 0.198599 0.782796
vt 0.534983 0.365499
vt 0.201092 0.782796
vt 0.532848 0.363791
vt 0.203526 0.782796
vt 0.622727 0.138150
vt 0.530180 0.364392
vt 0.620260 0.138150
vt 0.528988 0.366858
vt 0.532367 0.365695
vt 0.635059 0.845222
vt 0.967601 0.030971
vt 0.533231 0.366386
vt 0.634369 0.845222
vt 0.533230 0.367488
vt 0.633267 0.845222
vt 0.532366 0.368176
vt 0.632578 0.845222
vt 0.658968 0.931924
vt 0.531288 0.367929
vt 0.660073 0.931924
vt 0.883267 0.280058
vt 0.530810 0.366932
vt 0.884263 0.280058
vt 0.531292 0.365938
vt 0.885258 0.280058
vt 0.968702 0.030971
vt 0.635059 0.839022
vt 0.967601 0.024770
vt 0.634369 0.839022
vt 0.633267 0.839022
vt 0.632578 0.839022
vt 0.658968 0.938125
vt 0.660073 0.938125
vt 0.883267 0.286259
vt 0.884263 0.286259
vt 0.885258 0.286259
vt 0.968702 0.024770
vt 0.674664 0.280058
vt 0.250546 0.651985
vt 0.672197 0.280058
vt 0.669733 0.280058
vt 0.754508 0.826642
vt 0.757242 0.826642
vt 0.790897 0.119623
vt 0.793393 0.119623
vt 0.795824 0.119623
vt 0.255480 0.651985
vt 0.253013 0.651985
vt 0.674664 0.286366
vt 0.250546 0.658293
vt 0.349136 0.580795
vt 0.672197 0.286366
vt 0.350324 0.583261
vt 0.669733 0.286366
vt 0.754508 0.820334
vt 0.352994 0.583867
vt 0.757242 0.820334
vt 0.790897 0.113315
vt 0.355130 0.582162
vt 0.793393 0.113315
vt 0.355130 0.579426
vt 0.795824 0.113315
vt 0.255480 0.658293
vt 0.352994 0.577721
vt 0.253013 0.658293
vt 0.350324 0.578330
vt 0.353343 0.580242
vt 0.366478 0.882223
vt 0.241044 0.993810
vt 0.353343 0.581348
vt 0.365788 0.882223
vt 0.352482 0.582036
vt 0.364686 0.882223
vt 0.351404 0.581791
vt 0.363997 0.882223
vt 0.917635 0.745585
vt 0.350924 0.580795
vt 0.918740 0.745585
vt 0.897638 0.113315
vt 0.351404 0.579800
vt 0.898635 0.113315
vt 0.352482 0.579555
vt 0.899630 0.113315
vt 0.242146 0.993810
vt 0.366478 0.876023
vt 0.241044 0.987609
vt 0.365788 0.876023
vt 0.364686 0.876023
vt 0.363997 0.876023
vt 0.917635 0.751786
vt 0.918740 0.751786
vt 0.897638 0.119516
vt 0.898635 0.119516
vt 0.899630 0.119516
vt 0.242146 0.987609
vt 0.168914 0.633298
vt 0.040816 0.685166
vt 0.166448 0.633298
vt 0.163981 0.633298
vt 0.824085 0.012497
vt 0.826818 0.012497
vt 0.458319 0.770417
vt 0.460814 0.770417
vt 0.463245 0.770417
vt 0.045747 0.685166
vt 0.043282 0.685166
vt 0.168914 0.639606
vt 0.040816 0.691473
vt 0.293664 0.543738
vt 0.166448 0.639606
vt 0.294851 0.546204
vt 0.163981 0.639606
vt 0.824085 0.006190
vt 0.297521 0.546814
vt 0.826818 0.006190
vt 0.458319 0.764109
vt 0.299657 0.545108
vt 0.460814 0.764109
vt 0.299657 0.542372
vt 0.463245 0.764109
vt 0.045747 0.691473
vt 0.297521 0.540667
vt 0.043282 0.691473
vt 0.294851 0.541272
vt 0.297870 0.543185
vt 0.498612 0.882220
vt 0.958090 0.751786
vt 0.297870 0.544291
vt 0.497922 0.882220
vt 0.297009 0.544979
vt 0.496820 0.882220
vt 0.295932 0.544734
vt 0.496131 0.882220
vt 0.308036 0.931871
vt 0.295451 0.543738
vt 0.309141 0.931871
vt 0.897638 0.261371
vt 0.295932 0.542743
vt 0.898635 0.261371
vt 0.297009 0.542498
vt 0.899630 0.261371
vt 0.959191 0.751786
vt 0.498612 0.876019
vt 0.958090 0.745585
vt 0.497922 0.876019
vt 0.496820 0.876019
vt 0.496131 0.876019
vt 0.308036 0.938072
vt 0.309141 0.938072
vt 0.897638 0.267572
vt 0.898635 0.267572
vt 0.899630 0.267572
vt 0.959191 0.745585
vt 0.408129 0.633298
vt 0.330763 0.651988
vt 0.405663 0.633298
vt 0.403196 0.633298
vt 0.808969 0.012497
vt 0.811705 0.012497
vt 0.568561 0.770580
vt 0.571054 0.770580
vt 0.573487 0.770580
vt 0.335696 0.651988
vt 0.333229 0.651988
vt 0.408129 0.639606
vt 0.330763 0.658296
vt 0.258100 0.546200
vt 0.405663 0.639606
vt 0.260767 0.546813
vt 0.403196 0.639606
vt 0.808969 0.006190
vt 0.262911 0.545109
vt 0.811705 0.006190
vt 0.568561 0.764273
vt 0.262911 0.542373
vt 0.571054 0.764273
vt 0.260777 0.540666
vt 0.573487 0.764273
vt 0.335696 0.658296
vt 0.258108 0.541267
vt 0.333229 0.658296
vt 0.256916 0.543732
vt 0.260295 0.542570
vt 0.856027 0.286259
vt 0.984866 0.789054
vt 0.261159 0.543261
vt 0.855337 0.286259
vt 0.261158 0.544363
vt 0.854235 0.286259
vt 0.260294 0.545051
vt 0.853546 0.286259
vt 0.477757 0.931867
vt 0.259216 0.544804
vt 0.478863 0.931867
vt 0.095606 0.890513
vt 0.258739 0.543807
vt 0.096602 0.890513
vt 0.259220 0.542813
vt 0.097598 0.890513
vt 0.985968 0.789054
vt 0.856027 0.280058
vt 0.984866 0.782853
vt 0.855337 0.280058
vt 0.854235 0.280058
vt 0.853546 0.280058
vt 0.477757 0.938068
vt 0.478863 0.938068
vt 0.095606 0.896713
vt 0.096602 0.896713
vt 0.097598 0.896713
vt 0.985968 0.782853
vt 0.663239 0.652149
vt 0.642062 0.559030
vt 0.660772 0.652149
vt 0.658306 0.652149
vt 0.808969 0.031185
vt 0.811705 0.031185
vt 0.790898 0.212097
vt 0.793391 0.212097
vt 0.795825 0.212097
vt 0.646995 0.559030
vt 0.644528 0.559030
vt 0.663239 0.658456
vt 0.642062 0.565338
vt 0.166227 0.546200
vt 0.660772 0.658456
vt 0.168895 0.546813
vt 0.658306 0.658456
vt 0.808969 0.024877
vt 0.171039 0.545109
vt 0.811705 0.024877
vt 0.790898 0.205790
vt 0.171039 0.542374
vt 0.793391 0.205790
vt 0.168904 0.540666
vt 0.795825 0.205790
vt 0.646995 0.565338
vt 0.166236 0.541267
vt 0.644528 0.565338
vt 0.165044 0.543732
vt 0.168423 0.542570
vt 0.846792 0.714411
vt 0.985929 0.826535
vt 0.169287 0.543261
vt 0.846102 0.714411
vt 0.169286 0.544363
vt 0.845000 0.714411
vt 0.168422 0.545051
vt 0.844311 0.714411
vt 0.943079 0.876182
vt 0.167344 0.544804
vt 0.944183 0.876182
vt 0.132075 0.890510
vt 0.166866 0.543807
vt 0.133072 0.890510
vt 0.167348 0.542813
vt 0.134067 0.890510
vt 0.987031 0.826535
vt 0.846792 0.708211
vt 0.985929 0.820334
vt 0.846102 0.708211
vt 0.845000 0.708211
vt 0.844311 0.708211
vt 0.943079 0.882383
vt 0.944183 0.882383
vt 0.132075 0.896710
vt 0.133072 0.896710
vt 0.134067 0.896710
vt 0.987031 0.820334
vt 0.011123 0.666479
vt 0.058129 0.685166
vt 0.008657 0.666479
vt 0.006190 0.666479
vt 0.176899 0.845166
vt 0.179633 0.845166
vt 0.657234 0.770580
vt 0.659730 0.770580
vt 0.662161 0.770580
vt 0.063060 0.685166
vt 0.060595 0.685166
vt 0.011123 0.672786
vt 0.058129 0.691473
vt 0.201792 0.562265
vt 0.008657 0.672786
vt 0.202979 0.564731
vt 0.006190 0.672786
vt 0.176899 0.838858
vt 0.205649 0.565341
vt 0.179633 0.838858
vt 0.657234 0.764272
vt 0.207785 0.563635
vt 0.659730 0.764272
vt 0.207785 0.560899
vt 0.662161 0.764272
vt 0.063060 0.691473
vt 0.205649 0.559194
vt 0.060595 0.691473
vt 0.202979 0.559799
vt 0.205998 0.561712
vt 0.053505 0.878133
vt 0.957042 0.639662
vt 0.205998 0.562819
vt 0.052815 0.878133
vt 0.205137 0.563506
vt 0.051713 0.878133
vt 0.204060 0.563261
vt 0.051024 0.878133
vt 0.942152 0.931924
vt 0.203579 0.562265
vt 0.943256 0.931924
vt 0.080745 0.890513
vt 0.204060 0.561270
vt 0.081742 0.890513
vt 0.205137 0.561025
vt 0.082737 0.890513
vt 0.958143 0.639662
vt 0.053505 0.871932
vt 0.957042 0.633462
vt 0.052815 0.871932
vt 0.051713 0.871932
vt 0.051024 0.871932
vt 0.942152 0.938125
vt 0.943256 0.938125
vt 0.080745 0.896713
vt 0.081742 0.896713
vt 0.082737 0.896713
vt 0.958143 0.633462
vt 0.681610 0.577720
vt 0.658306 0.614774
vt 0.679144 0.577720
vt 0.676680 0.577720
vt 0.826374 0.370098
vt 0.829108 0.370098
vt 0.796781 0.621082
vt 0.799276 0.621082
vt 0.801707 0.621082
vt 0.663239 0.614774
vt 0.660772 0.614774
vt 0.681610 0.584028
vt 0.658306 0.621082
vt 0.582693 0.473831
vt 0.679144 0.584028
vt 0.583880 0.476297
vt 0.676680 0.584028
vt 0.826374 0.363791
vt 0.586550 0.476903
vt 0.829108 0.363791
vt 0.796781 0.614774
vt 0.588686 0.475198
vt 0.799276 0.614774
vt 0.588686 0.472462
vt 0.801707 0.614774
vt 0.663239 0.621082
vt 0.586550 0.470757
vt 0.660772 0.621082
vt 0.583880 0.471366
vt 0.586899 0.473278
vt 0.531846 0.882220
vt 0.985425 0.863803
vt 0.586899 0.474384
vt 0.531156 0.882220
vt 0.586039 0.475072
vt 0.530054 0.882220
vt 0.584961 0.474827
vt 0.529365 0.882220
vt 0.275290 0.931868
vt 0.584481 0.473831
vt 0.276396 0.931868
vt 0.903263 0.745585
vt 0.584961 0.472836
vt 0.904260 0.745585
vt 0.586039 0.472590
vt 0.905255 0.745585
vt 0.986526 0.863803
vt 0.531846 0.876020
vt 0.985425 0.857602
vt 0.531156 0.876020
vt 0.530054 0.876020
vt 0.529365 0.876020
vt 0.275290 0.938069
vt 0.276396 0.938069
vt 0.903263 0.751786
vt 0.904260 0.751786
vt 0.905255 0.751786
vt 0.986526 0.857602
vt 0.674664 0.113315
vt 0.198607 0.651985
vt 0.672197 0.113315
vt 0.669733 0.113315
vt 0.824085 0.031185
vt 0.826818 0.031185
vt 0.791663 0.049872
vt 0.794159 0.049872
vt 0.796590 0.049872
vt 0.203541 0.651985
vt 0.201074 0.651985
vt 0.674664 0.119623
vt 0.198607 0.658293
vt 0.581050 0.134757
vt 0.672197 0.119623
vt 0.582237 0.137223
vt 0.669733 0.119623
vt 0.824085 0.024877
vt 0.584908 0.137829
vt 0.826818 0.024877
vt 0.791663 0.043564
vt 0.587044 0.136124
vt 0.794159 0.043564
vt 0.587044 0.133388
vt 0.796590 0.043564
vt 0.203541 0.658293
vt 0.584908 0.131682
vt 0.201074 0.658293
vt 0.582237 0.132292
vt 0.585256 0.134204
vt 0.179123 0.882327
vt 0.985425 0.845222
vt 0.585256 0.135310
vt 0.178433 0.882327
vt 0.584396 0.135998
vt 0.177331 0.882327
vt 0.583318 0.135753
vt 0.176642 0.882327
vt 0.231999 0.931867
vt 0.582837 0.134757
vt 0.233105 0.931867
vt 0.036164 0.890513
vt 0.583318 0.133761
vt 0.037160 0.890513
vt 0.584396 0.133516
vt 0.038156 0.890513
vt 0.986526 0.845222
vt 0.179123 0.876126
vt 0.985425 0.839022
vt 0.178433 0.876126
vt 0.177331 0.876126
vt 0.176642 0.876126
vt 0.231999 0.938068
vt 0.233105 0.938068
vt 0.036164 0.896713
vt 0.037160 0.896713
vt 0.038156 0.896713
vt 0.986526 0.839022
vt 0.625785 0.363791
vt 0.671375 0.471076
vt 0.623319 0.363791
vt 0.620852 0.363791
vt 0.066652 0.840972
vt 0.069386 0.840972
vt 0.531813 0.751730
vt 0.534308 0.751730
vt 0.536739 0.751730
vt 0.676307 0.471076
vt 0.673841 0.471076
vt 0.625785 0.370098
vt 0.671375 0.477384
vt 0.146668 0.562265
vt 0.623319 0.370098
vt 0.147856 0.564731
vt 0.620852 0.370098
vt 0.066652 0.834664
vt 0.150526 0.565341
vt 0.069386 0.834664
vt 0.531813 0.745422
vt 0.152662 0.563635
vt 0.534308 0.745422
vt 0.152662 0.560899
vt 0.536739 0.745422
vt 0.676307 0.477384
vt 0.150526 0.559194
vt 0.673841 0.477384
vt 0.147856 0.559799
vt 0.150875 0.561712
vt 0.649920 0.863803
vt 0.958092 0.732992
vt 0.150875 0.562819
vt 0.649230 0.863803
vt 0.150014 0.563506
vt 0.648128 0.863803
vt 0.148936 0.563261
vt 0.647439 0.863803
vt 0.942919 0.363791
vt 0.148456 0.562265
vt 0.944023 0.363791
vt 0.884032 0.006190
vt 0.148936 0.561270
vt 0.885029 0.006190
vt 0.150014 0.561025
vt 0.886024 0.006190
vt 0.959193 0.732992
vt 0.649920 0.857602
vt 0.958092 0.726791
vt 0.649230 0.857602
vt 0.648128 0.857602
vt 0.647439 0.857602
vt 0.942919 0.369991
vt 0.944023 0.369991
vt 0.884032 0.012391
vt 0.885029 0.012391
vt 0.886024 0.012391
vt 0.959193 0.726791
vt 0.658995 0.452389
vt 0.587997 0.614774
vt 0.656528 0.452389
vt 0.654062 0.452389
vt 0.808204 0.341787
vt 0.810940 0.341787
vt 0.551250 0.770580
vt 0.553743 0.770580
vt 0.556177 0.770580
vt 0.592930 0.614774
vt 0.590463 0.614774
vt 0.658995 0.458697
vt 0.587997 0.621082
vt 0.147852 0.546200
vt 0.656528 0.458697
vt 0.150519 0.546813
vt 0.654062 0.458697
vt 0.808204 0.335479
vt 0.152663 0.545109
vt 0.810940 0.335479
vt 0.551250 0.764273
vt 0.152663 0.542374
vt 0.553743 0.764273
vt 0.150529 0.540666
vt 0.556177 0.764273
vt 0.592930 0.621082
vt 0.147861 0.541267
vt 0.590463 0.621082
vt 0.146668 0.543732
vt 0.150047 0.542570
vt 0.366732 0.845062
vt 0.965500 0.956705
vt 0.150911 0.543261
vt 0.366042 0.845062
vt 0.150910 0.544363
vt 0.364941 0.845062
vt 0.150046 0.545051
vt 0.364251 0.845062
vt 0.631111 0.931924
vt 0.148969 0.544804
vt 0.632216 0.931924
vt 0.132075 0.853349
vt 0.148491 0.543807
vt 0.133072 0.853349
vt 0.148973 0.542813
vt 0.134067 0.853349
vt 0.966601 0.956705
vt 0.366732 0.838862
vt 0.965500 0.950505
vt 0.366042 0.838862
vt 0.364941 0.838862
vt 0.364251 0.838862
vt 0.631111 0.938125
vt 0.632216 0.938125
vt 0.132075 0.859550
vt 0.133072 0.859550
vt 0.134067 0.859550
vt 0.966601 0.950505
vt 0.028434 0.685166
vt 0.617354 0.400845
vt 0.025968 0.685166
vt 0.023503 0.685166
vt 0.400998 0.845166
vt 0.403732 0.845166
vt 0.776648 0.370098
vt 0.779143 0.370098
vt 0.781574 0.370098
vt 0.622288 0.400845
vt 0.619821 0.400845
vt 0.028434 0.691474
vt 0.617354 0.407152
vt 0.581050 0.190338
vt 0.025968 0.691474
vt 0.582237 0.192804
vt 0.023503 0.691474
vt 0.400998 0.838858
vt 0.584908 0.193410
vt 0.403732 0.838858
vt 0.776648 0.363791
vt 0.587044 0.191705
vt 0.779143 0.363791
vt 0.587044 0.188969
vt 0.781574 0.363791
vt 0.622288 0.407152
vt 0.584908 0.187263
vt 0.619821 0.407152
vt 0.582237 0.187873
vt 0.585256 0.189785
vt 0.480238 0.882326
vt 0.006190 0.989616
vt 0.585256 0.190891
vt 0.479548 0.882326
vt 0.584396 0.191579
vt 0.478446 0.882326
vt 0.583318 0.191334
vt 0.477757 0.882326
vt 0.944607 0.726791
vt 0.582837 0.190338
vt 0.945711 0.726791
vt 0.883267 0.261371
vt 0.583318 0.189342
vt 0.884263 0.261371
vt 0.584396 0.189097
vt 0.885258 0.261371
vt 0.007292 0.989616
vt 0.480238 0.876126
vt 0.006190 0.983415
vt 0.479548 0.876126
vt 0.478446 0.876126
vt 0.477757 0.876126
vt 0.944607 0.732992
vt 0.945711 0.732992
vt 0.883267 0.267572
vt 0.884263 0.267572
vt 0.885258 0.267572
vt 0.007292 0.983415
vt 0.691535 0.400845
vt 0.367510 0.633301
vt 0.689069 0.400845
vt 0.686604 0.400845
vt 0.146668 0.826478
vt 0.149402 0.826478
vt 0.790900 0.323096
vt 0.793393 0.323096
vt 0.795827 0.323096
vt 0.372443 0.633301
vt 0.369976 0.633301
vt 0.691535 0.407152
vt 0.367510 0.639609
vt 0.334616 0.596247
vt 0.689069 0.407152
vt 0.331947 0.596856
vt 0.686604 0.407152
vt 0.146668 0.820171
vt 0.330763 0.599324
vt 0.149402 0.820171
vt 0.790900 0.316789
vt 0.331950 0.601786
vt 0.793393 0.316789
vt 0.334615 0.602394
vt 0.795827 0.316789
vt 0.372443 0.639609
vt 0.336756 0.600692
vt 0.369976 0.639609
vt 0.336756 0.597953
vt 0.334219 0.600471
vt 0.553731 0.845223
vt 0.087091 0.989616
vt 0.333141 0.600225
vt 0.553041 0.845223
vt 0.332662 0.599233
vt 0.551939 0.845223
vt 0.333140 0.598237
vt 0.551250 0.845223
vt 0.753363 0.931924
vt 0.334218 0.597990
vt 0.754468 0.931924
vt 0.349136 0.894603
vt 0.335082 0.598680
vt 0.350133 0.894603
vt 0.335081 0.599785
vt 0.351128 0.894603
vt 0.088193 0.989616
vt 0.553731 0.839022
vt 0.087091 0.983415
vt 0.553041 0.839022
vt 0.551939 0.839022
vt 0.551250 0.839022
vt 0.753363 0.938125
vt 0.754468 0.938125
vt 0.349136 0.900804
vt 0.350133 0.900804
vt 0.351128 0.900804
vt 0.088193 0.983415
vt 0.680548 0.670836
vt 0.606367 0.614774
vt 0.678082 0.670836
vt 0.675617 0.670836
vt 0.823322 0.248991
vt 0.826055 0.248991
vt 0.691866 0.751893
vt 0.694362 0.751893
vt 0.696793 0.751893
vt 0.611300 0.614774
vt 0.608833 0.614774
vt 0.680548 0.677144
vt 0.606367 0.621082
vt 0.551256 0.543741
vt 0.678082 0.677144
vt 0.552443 0.546207
vt 0.675617 0.677144
vt 0.823322 0.242683
vt 0.555113 0.546814
vt 0.826055 0.242683
vt 0.691866 0.745585
vt 0.557249 0.545108
vt 0.694362 0.745585
vt 0.557249 0.542372
vt 0.696793 0.745585
vt 0.611300 0.621082
vt 0.555113 0.540667
vt 0.608833 0.621082
vt 0.552443 0.541276
vt 0.555462 0.543188
vt 0.861653 0.695724
vt 0.980806 0.100828
vt 0.555462 0.544294
vt 0.860963 0.695724
vt 0.554601 0.544982
vt 0.859861 0.695724
vt 0.553524 0.544737
vt 0.859172 0.695724
vt 0.944605 0.745585
vt 0.553043 0.543741
vt 0.945709 0.745585
vt 0.883267 0.205790
vt 0.553524 0.542746
vt 0.884264 0.205790
vt 0.554601 0.542500
vt 0.885259 0.205790
vt 0.981908 0.100828
vt 0.861653 0.689523
vt 0.980806 0.094628
vt 0.860963 0.689523
vt 0.859861 0.689523
vt 0.859172 0.689523
vt 0.944605 0.751786
vt 0.945709 0.751786
vt 0.883267 0.211990
vt 0.884264 0.211990
vt 0.885259 0.211990
vt 0.981908 0.094628
vt 0.674224 0.400845
vt 0.587997 0.652149
vt 0.671758 0.400845
vt 0.669293 0.400845
vt 0.349136 0.826482
vt 0.351870 0.826482
vt 0.773591 0.138310
vt 0.776087 0.138310
vt 0.778518 0.138310
vt 0.592930 0.652149
vt 0.590463 0.652149
vt 0.674224 0.407152
vt 0.587997 0.658456
vt 0.581050 0.245919
vt 0.671758 0.407152
vt 0.582237 0.248385
vt 0.669293 0.407152
vt 0.349136 0.820174
vt 0.584908 0.248991
vt 0.351870 0.820174
vt 0.773591 0.132002
vt 0.587044 0.247286
vt 0.776087 0.132002
vt 0.587044 0.244550
vt 0.778518 0.132002
vt 0.592930 0.658456
vt 0.584908 0.242845
vt 0.590463 0.658456
vt 0.582237 0.243454
vt 0.585256 0.245366
vt 0.711397 0.845222
vt 0.967601 0.049552
vt 0.585256 0.246472
vt 0.710707 0.845222
vt 0.584396 0.247160
vt 0.709606 0.845222
vt 0.583318 0.246915
vt 0.708916 0.845222
vt 0.132333 0.815867
vt 0.582837 0.245919
vt 0.133438 0.815867
vt 0.912776 0.024770
vt 0.583318 0.244924
vt 0.913772 0.024770
vt 0.584396 0.244678
vt 0.914767 0.024770
vt 0.968702 0.049552
vt 0.711397 0.839022
vt 0.967601 0.043351
vt 0.710707 0.839022
vt 0.709606 0.839022
vt 0.708916 0.839022
vt 0.132333 0.822068
vt 0.133438 0.822068
vt 0.912776 0.030971
vt 0.913772 0.030971
vt 0.914767 0.030971
vt 0.968702 0.043351
vt 0.501063 0.633298
vt 0.617794 0.335479
vt 0.498597 0.633298
vt 0.496131 0.633298
vt 0.756704 0.807955
vt 0.759439 0.807955
vt 0.657247 0.751893
vt 0.659739 0.751893
vt 0.662173 0.751893
vt 0.622727 0.335479
vt 0.620260 0.335479
vt 0.501063 0.639606
vt 0.617794 0.341787
vt 0.295197 0.527673
vt 0.498597 0.639606
vt 0.297865 0.528287
vt 0.496131 0.639606
vt 0.756704 0.801647
vt 0.300009 0.526582
vt 0.759439 0.801647
vt 0.657247 0.745585
vt 0.300009 0.523847
vt 0.659739 0.745585
vt 0.297874 0.522140
vt 0.662173 0.745585
vt 0.622727 0.341787
vt 0.295206 0.522740
vt 0.620260 0.341787
vt 0.294014 0.525206
vt 0.297393 0.524044
vt 0.872530 0.477277
vt 0.968476 0.439903
vt 0.298257 0.524734
vt 0.871840 0.477277
vt 0.298256 0.525836
vt 0.870738 0.477277
vt 0.297392 0.526524
vt 0.870049 0.477277
vt 0.739878 0.931924
vt 0.296314 0.526278
vt 0.740983 0.931924
vt 0.900853 0.876183
vt 0.295836 0.525280
vt 0.901850 0.876183
vt 0.296318 0.524286
vt 0.902845 0.876183
vt 0.969578 0.439903
vt 0.872530 0.471076
vt 0.968476 0.433702
vt 0.871840 0.471076
vt 0.870738 0.471076
vt 0.870049 0.471076
vt 0.739878 0.938125
vt 0.740983 0.938125
vt 0.900853 0.882383
vt 0.901850 0.882383
vt 0.902845 0.882383
vt 0.969578 0.433702
vt 0.674664 0.150689
vt 0.642053 0.577720
vt 0.672197 0.150689
vt 0.669733 0.150689
vt 0.551250 0.826642
vt 0.553984 0.826642
vt 0.779470 0.751893
vt 0.781966 0.751893
vt 0.784397 0.751893
vt 0.646986 0.577720
vt 0.644520 0.577720
vt 0.674664 0.156997
vt 0.642053 0.584028
vt 0.581050 0.301500
vt 0.672197 0.156997
vt 0.582237 0.303967
vt 0.669733 0.156997
vt 0.551250 0.820335
vt 0.584908 0.304573
vt 0.553984 0.820335
vt 0.779470 0.745585
vt 0.587044 0.302867
vt 0.781966 0.745585
vt 0.587044 0.300131
vt 0.784397 0.745585
vt 0.646986 0.584028
vt 0.584908 0.298425
vt 0.644520 0.584028
vt 0.582237 0.299035
vt 0.585256 0.300948
vt 0.870887 0.267572
vt 0.214081 0.993810
vt 0.585256 0.302053
vt 0.870197 0.267572
vt 0.584396 0.302741
vt 0.869095 0.267572
vt 0.583318 0.302496
vt 0.868406 0.267572
vt 0.685938 0.931924
vt 0.582837 0.301500
vt 0.687043 0.931924
vt 0.884910 0.433702
vt 0.583318 0.300505
vt 0.885906 0.433702
vt 0.584396 0.300260
vt 0.886901 0.433702
vt 0.215182 0.993810
vt 0.870887 0.261371
vt 0.214081 0.987609
vt 0.870197 0.261371
vt 0.869095 0.261371
vt 0.868406 0.261371
vt 0.685938 0.938125
vt 0.687043 0.938125
vt 0.884910 0.439903
vt 0.885906 0.439903
vt 0.886901 0.439903
vt 0.215182 0.987609
vt 0.080371 0.685166
vt 0.635872 0.006190
vt 0.077905 0.685166
vt 0.075440 0.685166
vt 0.441010 0.826479
vt 0.443744 0.826479
vt 0.780535 0.584028
vt 0.783031 0.584028
vt 0.785461 0.584028
vt 0.640805 0.006190
vt 0.638338 0.006190
vt 0.080371 0.691474
vt 0.635872 0.012497
vt 0.183417 0.580795
vt 0.077905 0.691474
vt 0.184605 0.583261
vt 0.075440 0.691474
vt 0.441010 0.820171
vt 0.187275 0.583868
vt 0.443744 0.820171
vt 0.780535 0.577720
vt 0.189411 0.582162
vt 0.783031 0.577720
vt 0.189411 0.579426
vt 0.785461 0.577720
vt 0.640805 0.012497
vt 0.187275 0.577720
vt 0.638338 0.012497
vt 0.184605 0.578330
vt 0.187624 0.580243
vt 0.786963 0.863803
vt 0.087094 0.971035
vt 0.187624 0.581348
vt 0.786273 0.863803
vt 0.186763 0.582036
vt 0.785171 0.863803
vt 0.185685 0.581791
vt 0.784482 0.863803
vt 0.645483 0.931924
vt 0.185205 0.580795
vt 0.646588 0.931924
vt 0.774826 0.894763
vt 0.185685 0.579800
vt 0.775822 0.894763
vt 0.186763 0.579555
vt 0.776817 0.894763
vt 0.088196 0.971035
vt 0.786963 0.857602
vt 0.087094 0.964834
vt 0.786273 0.857602
vt 0.785171 0.857602
vt 0.784482 0.857602
vt 0.645483 0.938125
vt 0.646588 0.938125
vt 0.774826 0.900964
vt 0.775822 0.900964
vt 0.776817 0.900964
vt 0.088196 0.964834
vt 0.501061 0.670673
vt 0.642061 0.522139
vt 0.498595 0.670673
vt 0.496131 0.670673
vt 0.838433 0.212097
vt 0.841166 0.212097
vt 0.006190 0.784910
vt 0.008683 0.784910
vt 0.011117 0.784910
vt 0.646994 0.522139
vt 0.644527 0.522139
vt 0.501061 0.676981
vt 0.642061 0.528447
vt 0.426486 0.596247
vt 0.498595 0.676981
vt 0.423818 0.596856
vt 0.496131 0.676981
vt 0.838433 0.205790
vt 0.422633 0.599324
vt 0.841166 0.205790
vt 0.006190 0.778602
vt 0.423820 0.601786
vt 0.008683 0.778602
vt 0.426485 0.602394
vt 0.011117 0.778602
vt 0.646994 0.528447
vt 0.428626 0.600692
vt 0.644527 0.528447
vt 0.428626 0.597954
vt 0.426089 0.600471
vt 0.870887 0.138203
vt 0.200600 0.993810
vt 0.425011 0.600225
vt 0.870197 0.138203
vt 0.424532 0.599233
vt 0.869095 0.138203
vt 0.425011 0.598237
vt 0.868406 0.138203
vt 0.672453 0.931924
vt 0.426088 0.597990
vt 0.673558 0.931924
vt 0.846683 0.894763
vt 0.426952 0.598680
vt 0.847680 0.894763
vt 0.426951 0.599785
vt 0.848675 0.894763
vt 0.201701 0.993810
vt 0.870887 0.132002
vt 0.200600 0.987609
vt 0.870197 0.132002
vt 0.869095 0.132002
vt 0.868406 0.132002
vt 0.672453 0.938125
vt 0.673558 0.938125
vt 0.846683 0.900964
vt 0.847680 0.900964
vt 0.848675 0.900964
vt 0.201701 0.987609
vt 0.556181 0.670836
vt 0.640993 0.633461
vt 0.553715 0.670836
vt 0.551250 0.670836
vt 0.618227 0.826642
vt 0.620961 0.826642
vt 0.779474 0.621082
vt 0.781970 0.621082
vt 0.784401 0.621082
vt 0.645926 0.633461
vt 0.643459 0.633461
vt 0.556181 0.677144
vt 0.640993 0.639769
vt 0.275290 0.580796
vt 0.553715 0.677144
vt 0.276477 0.583262
vt 0.551250 0.677144
vt 0.618227 0.820334
vt 0.279148 0.583868
vt 0.620961 0.820334
vt 0.779474 0.614774
vt 0.281283 0.582162
vt 0.781970 0.614774
vt 0.281283 0.579426
vt 0.784401 0.614774
vt 0.645926 0.639769
vt 0.279148 0.577721
vt 0.643459 0.639769
vt 0.276477 0.578330
vt 0.279496 0.580243
vt 0.857667 0.495964
vt 0.187118 0.993810
vt 0.279496 0.581349
vt 0.856978 0.495964
vt 0.278636 0.582036
vt 0.855876 0.495964
vt 0.277558 0.581792
vt 0.855187 0.495964
vt 0.931120 0.726791
vt 0.277077 0.580796
vt 0.932226 0.726791
vt 0.899281 0.452282
vt 0.277558 0.579800
vt 0.900278 0.452282
vt 0.278636 0.579555
vt 0.901273 0.452282
vt 0.188220 0.993810
vt 0.857667 0.489764
vt 0.187118 0.987609
vt 0.856978 0.489764
vt 0.855876 0.489764
vt 0.855187 0.489764
vt 0.931120 0.732992
vt 0.932226 0.732992
vt 0.899281 0.458483
vt 0.900278 0.458483
vt 0.901273 0.458483
vt 0.188220 0.987609
vt 0.663237 0.670836
vt 0.041873 0.647791
vt 0.660771 0.670836
vt 0.658306 0.670836
vt 0.824085 0.049872
vt 0.826818 0.049872
vt 0.181287 0.789104
vt 0.183783 0.789104
vt 0.186214 0.789104
vt 0.046806 0.647791
vt 0.044339 0.647791
vt 0.663237 0.677144
vt 0.041873 0.654099
vt 0.220167 0.580795
vt 0.660771 0.677144
vt 0.221354 0.583261
vt 0.658306 0.677144
vt 0.824085 0.043564
vt 0.224024 0.583868
vt 0.826818 0.043564
vt 0.181287 0.782796
vt 0.226160 0.582162
vt 0.183783 0.782796
vt 0.226160 0.579426
vt 0.186214 0.782796
vt 0.046806 0.654099
vt 0.224024 0.577720
vt 0.044339 0.654099
vt 0.221354 0.578330
vt 0.224373 0.580243
vt 0.847163 0.845222
vt 0.173634 0.993810
vt 0.224373 0.581348
vt 0.846473 0.845222
vt 0.223512 0.582036
vt 0.845372 0.845222
vt 0.222435 0.581791
vt 0.844682 0.845222
vt 0.931492 0.839021
vt 0.221954 0.580795
vt 0.932598 0.839021
vt 0.889797 0.894763
vt 0.222435 0.579800
vt 0.890794 0.894763
vt 0.223512 0.579555
vt 0.891789 0.894763
vt 0.174736 0.993810
vt 0.847163 0.839022
vt 0.173634 0.987609
vt 0.846473 0.839022
vt 0.845372 0.839022
vt 0.844682 0.839022
vt 0.931492 0.845222
vt 0.932598 0.845222
vt 0.889797 0.900964
vt 0.890794 0.900964
vt 0.891789 0.900964
vt 0.174736 0.987609
vt 0.592928 0.670836
vt 0.076499 0.647791
vt 0.590462 0.670836
vt 0.587997 0.670836
vt 0.838433 0.341787
vt 0.841166 0.341787
vt 0.385883 0.789104
vt 0.388376 0.789104
vt 0.390810 0.789104
vt 0.081432 0.647791
vt 0.078965 0.647791
vt 0.592928 0.677144
vt 0.076499 0.654099
vt 0.408113 0.596247
vt 0.590462 0.677144
vt 0.405445 0.596856
vt 0.587997 0.677144
vt 0.838433 0.335479
vt 0.404259 0.599325
vt 0.841166 0.335479
vt 0.385883 0.782796
vt 0.405447 0.601787
vt 0.388376 0.782796
vt 0.408111 0.602395
vt 0.390810 0.782796
vt 0.081432 0.654099
vt 0.410253 0.600693
vt 0.078965 0.654099
vt 0.410253 0.597954
vt 0.407716 0.600471
vt 0.710635 0.863803
vt 0.146668 0.993810
vt 0.406638 0.600225
vt 0.709946 0.863803
vt 0.406158 0.599233
vt 0.708844 0.863803
vt 0.406637 0.598237
vt 0.708155 0.863803
vt 0.780333 0.931924
vt 0.407715 0.597990
vt 0.781438 0.931924
vt 0.760454 0.894763
vt 0.408579 0.598680
vt 0.761451 0.894763
vt 0.408578 0.599785
vt 0.762446 0.894763
vt 0.147770 0.993810
vt 0.710635 0.857602
vt 0.146668 0.987609
vt 0.709946 0.857602
vt 0.708844 0.857602
vt 0.708155 0.857602
vt 0.780333 0.938125
vt 0.781438 0.938125
vt 0.760454 0.900964
vt 0.761451 0.900964
vt 0.762446 0.900964
vt 0.147770 0.987609
vt 0.693617 0.433702
vt 0.093812 0.647791
vt 0.691151 0.433702
vt 0.688686 0.433702
vt 0.824960 0.496071
vt 0.827694 0.496071
vt 0.403190 0.789104
vt 0.405685 0.789104
vt 0.408116 0.789104
vt 0.098745 0.647791
vt 0.096278 0.647791
vt 0.693617 0.440009
vt 0.093812 0.654099
vt 0.496131 0.580796
vt 0.691151 0.440009
vt 0.497318 0.583262
vt 0.688686 0.440009
vt 0.824960 0.489764
vt 0.499989 0.583868
vt 0.827694 0.489764
vt 0.403190 0.782796
vt 0.502124 0.582162
vt 0.405685 0.782796
vt 0.502124 0.579426
vt 0.408116 0.782796
vt 0.098745 0.654099
vt 0.499989 0.577721
vt 0.096278 0.654099
vt 0.497318 0.578330
vt 0.500337 0.580243
vt 0.847163 0.863803
vt 0.970046 0.882383
vt 0.500337 0.581349
vt 0.846473 0.863803
vt 0.499476 0.582036
vt 0.845372 0.863803
vt 0.498399 0.581792
vt 0.844682 0.863803
vt 0.941507 0.452282
vt 0.497918 0.580796
vt 0.942613 0.452282
vt 0.731711 0.894763
vt 0.498399 0.579800
vt 0.732708 0.894763
vt 0.499476 0.579555
vt 0.733703 0.894763
vt 0.971148 0.882383
vt 0.847163 0.857602
vt 0.970046 0.876182
vt 0.846473 0.857602
vt 0.845372 0.857602
vt 0.844682 0.857602
vt 0.941507 0.458483
vt 0.942613 0.458483
vt 0.731711 0.900964
vt 0.732708 0.900964
vt 0.733703 0.900964
vt 0.971148 0.876182
vt 0.674666 0.242684
vt 0.652419 0.075940
vt 0.672200 0.242684
vt 0.669736 0.242684
vt 0.829200 0.621082
vt 0.831934 0.621082
vt 0.275290 0.789104
vt 0.277786 0.789104
vt 0.280217 0.789104
vt 0.657352 0.075940
vt 0.654886 0.075940
vt 0.674666 0.248991
vt 0.652419 0.082248
vt 0.581050 0.282973
vt 0.672200 0.248991
vt 0.582237 0.285439
vt 0.669736 0.248991
vt 0.829200 0.614774
vt 0.584908 0.286045
vt 0.831934 0.614774
vt 0.275290 0.782797
vt 0.587044 0.284339
vt 0.277786 0.782797
vt 0.587044 0.281603
vt 0.280217 0.782797
vt 0.657352 0.082248
vt 0.584908 0.279898
vt 0.654886 0.082248
vt 0.582237 0.280507
vt 0.585256 0.282420
vt 0.870887 0.119516
vt 0.527988 0.993703
vt 0.585256 0.283526
vt 0.870197 0.119516
vt 0.584396 0.284214
vt 0.869095 0.119516
vt 0.583318 0.283969
vt 0.868406 0.119516
vt 0.874727 0.931924
vt 0.582837 0.282973
vt 0.875833 0.931924
vt 0.884910 0.452282
vt 0.583318 0.281977
vt 0.885906 0.452282
vt 0.584396 0.281732
vt 0.886901 0.452282
vt 0.529090 0.993703
vt 0.870887 0.113315
vt 0.527988 0.987503
vt 0.870197 0.113315
vt 0.869095 0.113315
vt 0.868406 0.113315
vt 0.874727 0.938125
vt 0.875833 0.938125
vt 0.884910 0.458483
vt 0.885906 0.458483
vt 0.886901 0.458483
vt 0.529090 0.987503
vt 0.573496 0.633462
vt 0.619436 0.433702
vt 0.571030 0.633462
vt 0.568563 0.633462
vt 0.808204 0.082248
vt 0.810939 0.082248
vt 0.744857 0.751893
vt 0.747350 0.751893
vt 0.749784 0.751893
vt 0.624370 0.433702
vt 0.621903 0.433702
vt 0.573496 0.639769
vt 0.619436 0.440009
vt 0.331946 0.527673
vt 0.571030 0.639769
vt 0.334614 0.528287
vt 0.568563 0.639769
vt 0.808204 0.075940
vt 0.336758 0.526582
vt 0.810939 0.075940
vt 0.744857 0.745585
vt 0.336758 0.523847
vt 0.747350 0.745585
vt 0.334623 0.522140
vt 0.749784 0.745585
vt 0.624370 0.440009
vt 0.331955 0.522740
vt 0.621903 0.440009
vt 0.330763 0.525206
vt 0.334142 0.524044
vt 0.871653 0.012391
vt 0.046643 0.971035
vt 0.335006 0.524734
vt 0.870963 0.012391
vt 0.335005 0.525836
vt 0.869861 0.012391
vt 0.334141 0.526524
vt 0.869172 0.012391
vt 0.915182 0.931924
vt 0.333063 0.526278
vt 0.916287 0.931924
vt 0.902138 0.577720
vt 0.332585 0.525280
vt 0.903135 0.577720
vt 0.333067 0.524286
vt 0.904130 0.577720
vt 0.047745 0.971035
vt 0.871653 0.006190
vt 0.046643 0.964834
vt 0.870963 0.006190
vt 0.869861 0.006190
vt 0.869172 0.006190
vt 0.915182 0.938125
vt 0.916287 0.938125
vt 0.902138 0.583921
vt 0.903135 0.583921
vt 0.904130 0.583921
vt 0.047745 0.964834
vt 0.674664 0.094628
vt 0.654062 0.433702
vt 0.672197 0.094628
vt 0.669733 0.094628
vt 0.693803 0.826642
vt 0.696537 0.826642
vt 0.441010 0.789104
vt 0.443506 0.789104
vt 0.445937 0.789104
vt 0.658996 0.433702
vt 0.656529 0.433702
vt 0.674664 0.100935
vt 0.654062 0.440009
vt 0.581050 0.264446
vt 0.672197 0.100935
vt 0.582237 0.266912
vt 0.669733 0.100935
vt 0.693803 0.820334
vt 0.584908 0.267518
vt 0.696537 0.820334
vt 0.441010 0.782797
vt 0.587044 0.265813
vt 0.443506 0.782797
vt 0.587044 0.263077
vt 0.445937 0.782797
vt 0.658996 0.440009
vt 0.584908 0.261372
vt 0.656529 0.440009
vt 0.582237 0.261981
vt 0.585256 0.263893
vt 0.726761 0.845222
vt 0.130700 0.971033
vt 0.585256 0.264999
vt 0.726071 0.845222
vt 0.584396 0.265687
vt 0.724969 0.845222
vt 0.583318 0.265442
vt 0.724280 0.845222
vt 0.132333 0.834448
vt 0.582837 0.264446
vt 0.133438 0.834448
vt 0.912776 0.043351
vt 0.583318 0.263451
vt 0.913772 0.043351
vt 0.584396 0.263206
vt 0.914767 0.043351
vt 0.131802 0.971033
vt 0.726761 0.839022
vt 0.130700 0.964832
vt 0.726071 0.839022
vt 0.724969 0.839022
vt 0.724280 0.839022
vt 0.132333 0.840649
vt 0.133438 0.840649
vt 0.912776 0.049552
vt 0.913772 0.049552
vt 0.914767 0.049552
vt 0.131802 0.964832
vt 0.691978 0.316789
vt 0.617793 0.150529
vt 0.689511 0.316789
vt 0.687047 0.316789
vt 0.330763 0.826481
vt 0.333496 0.826481
vt 0.755845 0.407152
vt 0.758341 0.407152
vt 0.760772 0.407152
vt 0.622727 0.150529
vt 0.620260 0.150529
vt 0.691978 0.323096
vt 0.617793 0.156837
vt 0.532883 0.543741
vt 0.689511 0.323096
vt 0.534070 0.546207
vt 0.687047 0.323096
vt 0.330763 0.820174
vt 0.536740 0.546814
vt 0.333496 0.820174
vt 0.755845 0.400845
vt 0.538876 0.545108
vt 0.758341 0.400845
vt 0.538876 0.542372
vt 0.760772 0.400845
vt 0.622727 0.156837
vt 0.536740 0.540667
vt 0.620260 0.156837
vt 0.534070 0.541276
vt 0.537089 0.543188
vt 0.366732 0.863643
vt 0.362618 0.993706
vt 0.537089 0.544294
vt 0.366042 0.863643
vt 0.536228 0.544982
vt 0.364941 0.863643
vt 0.535151 0.544737
vt 0.364251 0.863643
vt 0.943557 0.652149
vt 0.534670 0.543741
vt 0.944661 0.652149
vt 0.883270 0.242684
vt 0.535151 0.542746
vt 0.884266 0.242684
vt 0.536228 0.542500
vt 0.885261 0.242684
vt 0.363720 0.993706
vt 0.366732 0.857442
vt 0.362618 0.987506
vt 0.366042 0.857442
vt 0.364941 0.857442
vt 0.364251 0.857442
vt 0.943557 0.658350
vt 0.944661 0.658350
vt 0.883270 0.248884
vt 0.884266 0.248884
vt 0.885261 0.248884
vt 0.363720 0.987506
vt 0.692740 0.043564
vt 0.635106 0.261371
vt 0.690274 0.043564
vt 0.687810 0.043564
vt 0.308779 0.826482
vt 0.311513 0.826482
vt 0.796779 0.695831
vt 0.799272 0.695831
vt 0.801705 0.695831
vt 0.640040 0.261371
vt 0.637573 0.261371
vt 0.692740 0.049872
vt 0.635106 0.267678
vt 0.315892 0.596248
vt 0.690274 0.049872
vt 0.313224 0.596856
vt 0.687810 0.049872
vt 0.308779 0.820174
vt 0.312039 0.599325
vt 0.311513 0.820174
vt 0.796779 0.689523
vt 0.313227 0.601787
vt 0.799272 0.689523
vt 0.315891 0.602395
vt 0.801705 0.689523
vt 0.640040 0.267678
vt 0.318032 0.600693
vt 0.637573 0.267678
vt 0.318032 0.597954
vt 0.315495 0.600471
vt 0.590478 0.845222
vt 0.349136 0.993706
vt 0.314418 0.600225
vt 0.589788 0.845222
vt 0.313938 0.599233
vt 0.588686 0.845222
vt 0.314417 0.598237
vt 0.587997 0.845222
vt 0.939867 0.335479
vt 0.315495 0.597990
vt 0.940972 0.335479
vt 0.308527 0.894710
vt 0.316359 0.598680
vt 0.309523 0.894710
vt 0.316358 0.599785
vt 0.310519 0.894710
vt 0.350238 0.993706
vt 0.590478 0.839022
vt 0.349136 0.987506
vt 0.589788 0.839022
vt 0.588686 0.839022
vt 0.587997 0.839022
vt 0.939867 0.341680
vt 0.940972 0.341680
vt 0.308527 0.900911
vt 0.309523 0.900911
vt 0.310519 0.900911
vt 0.350238 0.987506
vt 0.692740 0.024877
vt 0.617793 0.113155
vt 0.690274 0.024877
vt 0.687810 0.024877
vt 0.422633 0.845166
vt 0.425366 0.845166
vt 0.310975 0.789107
vt 0.313471 0.789107
vt 0.315902 0.789107
vt 0.622727 0.113155
vt 0.620260 0.113155
vt 0.692740 0.031185
vt 0.617793 0.119462
vt 0.581050 0.227392
vt 0.690274 0.031185
vt 0.582237 0.229858
vt 0.687810 0.031185
vt 0.422633 0.838858
vt 0.584908 0.230464
vt 0.425366 0.838858
vt 0.310975 0.782800
vt 0.587044 0.228759
vt 0.313471 0.782800
vt 0.587044 0.226023
vt 0.315902 0.782800
vt 0.622727 0.119462
vt 0.584908 0.224318
vt 0.620260 0.119462
vt 0.582237 0.224927
vt 0.585256 0.226839
vt 0.388363 0.882327
vt 0.992463 0.975286
vt 0.585256 0.227945
vt 0.387673 0.882327
vt 0.584396 0.228633
vt 0.386572 0.882327
vt 0.583318 0.228388
vt 0.385882 0.882327
vt 0.944607 0.708210
vt 0.582837 0.227392
vt 0.945711 0.708210
vt 0.883267 0.132002
vt 0.583318 0.226397
vt 0.884263 0.132002
vt 0.584396 0.226151
vt 0.885258 0.132002
vt 0.993565 0.975286
vt 0.388363 0.876126
vt 0.992463 0.969085
vt 0.387673 0.876126
vt 0.386572 0.876126
vt 0.385882 0.876126
vt 0.944607 0.714411
vt 0.945711 0.714411
vt 0.883267 0.138203
vt 0.884263 0.138203
vt 0.885258 0.138203
vt 0.993565 0.969085
vt 0.335694 0.670676
vt 0.635106 0.113315
vt 0.333228 0.670676
vt 0.330762 0.670676
vt 0.514504 0.826479
vt 0.517238 0.826479
vt 0.531812 0.770417
vt 0.534308 0.770417
vt 0.536739 0.770417
vt 0.640040 0.113315
vt 0.637573 0.113315
vt 0.335694 0.676983
vt 0.635106 0.119623
vt 0.385883 0.580795
vt 0.333228 0.676983
vt 0.387070 0.583261
vt 0.330762 0.676983
vt 0.514504 0.820171
vt 0.389740 0.583868
vt 0.517238 0.820171
vt 0.531812 0.764110
vt 0.391876 0.582162
vt 0.534308 0.764110
vt 0.391876 0.579426
vt 0.536739 0.764110
vt 0.640040 0.119623
vt 0.389740 0.577720
vt 0.637573 0.119623
vt 0.387070 0.578330
vt 0.390089 0.580243
vt 0.845720 0.770473
vt 0.985054 0.714411
vt 0.390089 0.581348
vt 0.845030 0.770473
vt 0.389228 0.582036
vt 0.843928 0.770473
vt 0.388151 0.581791
vt 0.843239 0.770473
vt 0.927147 0.024770
vt 0.387670 0.580795
vt 0.928253 0.024770
vt 0.248989 0.894706
vt 0.388151 0.579800
vt 0.249985 0.894706
vt 0.389228 0.579555
vt 0.250980 0.894706
vt 0.986156 0.714411
vt 0.845720 0.764272
vt 0.985054 0.708211
vt 0.845030 0.764272
vt 0.843928 0.764272
vt 0.843239 0.764272
vt 0.927147 0.030971
vt 0.928253 0.030971
vt 0.248989 0.900907
vt 0.249985 0.900907
vt 0.250980 0.900907
vt 0.986156 0.708211
vt 0.298597 0.670676
vt 0.635109 0.187100
vt 0.296131 0.670676
vt 0.293667 0.670676
vt 0.838432 0.138310
vt 0.841166 0.138310
vt 0.330763 0.770420
vt 0.333256 0.770420
vt 0.335690 0.770420
vt 0.640042 0.187100
vt 0.637576 0.187100
vt 0.298597 0.676984
vt 0.635109 0.193407
vt 0.444863 0.596248
vt 0.296131 0.676984
vt 0.442195 0.596857
vt 0.293667 0.676984
vt 0.838432 0.132002
vt 0.441010 0.599325
vt 0.841166 0.132002
vt 0.330763 0.764112
vt 0.442198 0.601787
vt 0.333256 0.764112
vt 0.444862 0.602395
vt 0.335690 0.764112
vt 0.640042 0.193407
vt 0.447003 0.600693
vt 0.637576 0.193407
vt 0.447003 0.597954
vt 0.444467 0.600471
vt 0.425114 0.863746
vt 0.985056 0.677037
vt 0.443388 0.600225
vt 0.424424 0.863746
vt 0.442909 0.599233
vt 0.423322 0.863746
vt 0.443388 0.598237
vt 0.422633 0.863746
vt 0.455382 0.931868
vt 0.444466 0.597990
vt 0.456488 0.931868
vt 0.205874 0.894706
vt 0.445330 0.598680
vt 0.206871 0.894706
vt 0.445329 0.599785
vt 0.207866 0.894706
vt 0.986157 0.677037
vt 0.425114 0.857545
vt 0.985056 0.670836
vt 0.424424 0.857545
vt 0.423322 0.857545
vt 0.422633 0.857545
vt 0.455382 0.938069
vt 0.456488 0.938069
vt 0.205874 0.900907
vt 0.206871 0.900907
vt 0.207866 0.900907
vt 0.986157 0.670836
vt 0.681618 0.522139
vt 0.635109 0.316789
vt 0.679152 0.522139
vt 0.676687 0.522139
vt 0.496131 0.826479
vt 0.498864 0.826479
vt 0.622612 0.770580
vt 0.625108 0.770580
vt 0.627539 0.770580
vt 0.640042 0.316789
vt 0.637576 0.316789
vt 0.681618 0.528447
vt 0.635109 0.323096
vt 0.165043 0.580795
vt 0.679152 0.528447
vt 0.166230 0.583261
vt 0.676687 0.528447
vt 0.496131 0.820171
vt 0.168900 0.583868
vt 0.498864 0.820171
vt 0.622612 0.764272
vt 0.171036 0.582162
vt 0.625108 0.764272
vt 0.171036 0.579426
vt 0.627539 0.764272
vt 0.640042 0.323096
vt 0.168900 0.577720
vt 0.637576 0.323096
vt 0.166230 0.578330
vt 0.169249 0.580243
vt 0.277771 0.863747
vt 0.958462 0.845222
vt 0.169249 0.581348
vt 0.277081 0.863747
vt 0.168388 0.582036
vt 0.275979 0.863747
vt 0.167311 0.581791
vt 0.275290 0.863747
vt 0.551250 0.931925
vt 0.166830 0.580795
vt 0.552356 0.931925
vt 0.477757 0.894706
vt 0.167311 0.579800
vt 0.478754 0.894706
vt 0.168388 0.579555
vt 0.479749 0.894706
vt 0.959563 0.845222
vt 0.277771 0.857546
vt 0.958462 0.839022
vt 0.277081 0.857546
vt 0.275979 0.857546
vt 0.275290 0.857546
vt 0.551250 0.938125
vt 0.552356 0.938125
vt 0.477757 0.900907
vt 0.478754 0.900907
vt 0.479749 0.900907
vt 0.959563 0.839022
vt 0.674664 0.132002
vt 0.640993 0.614774
vt 0.672197 0.132002
vt 0.669733 0.132002
vt 0.529619 0.826479
vt 0.532353 0.826479
vt 0.775234 0.458697
vt 0.777730 0.458697
vt 0.780161 0.458697
vt 0.645926 0.614774
vt 0.643459 0.614774
vt 0.674664 0.138310
vt 0.640993 0.621082
vt 0.581050 0.320027
vt 0.672197 0.138310
vt 0.582237 0.322494
vt 0.669733 0.138310
vt 0.529619 0.820171
vt 0.584908 0.323100
vt 0.532353 0.820171
vt 0.775234 0.452389
vt 0.587044 0.321394
vt 0.777730 0.452389
vt 0.587044 0.318658
vt 0.780161 0.452389
vt 0.645926 0.621082
vt 0.584908 0.316952
vt 0.643459 0.621082
vt 0.582237 0.317562
vt 0.585256 0.319475
vt 0.480238 0.863746
vt 0.984005 0.639662
vt 0.585256 0.320580
vt 0.479548 0.863746
vt 0.584396 0.321268
vt 0.478447 0.863746
vt 0.583318 0.321023
vt 0.477757 0.863746
vt 0.565622 0.931925
vt 0.582837 0.320027
vt 0.566728 0.931925
vt 0.883267 0.335479
vt 0.583318 0.319032
vt 0.884264 0.335479
vt 0.584396 0.318787
vt 0.885259 0.335479
vt 0.985106 0.639662
vt 0.480238 0.857545
vt 0.984005 0.633462
vt 0.479548 0.857545
vt 0.478447 0.857545
vt 0.477757 0.857545
vt 0.565622 0.938125
vt 0.566728 0.938125
vt 0.883267 0.341680
vt 0.884264 0.341680
vt 0.885259 0.341680
vt 0.985106 0.633462
vt 0.084614 0.629104
vt 0.617793 0.261371
vt 0.082148 0.629104
vt 0.079681 0.629104
vt 0.648457 0.807954
vt 0.651193 0.807954
vt 0.605306 0.751893
vt 0.607799 0.751893
vt 0.610232 0.751893
vt 0.622727 0.261371
vt 0.620260 0.261371
vt 0.084614 0.635412
vt 0.617793 0.267678
vt 0.350321 0.527673
vt 0.082148 0.635412
vt 0.352988 0.528287
vt 0.079681 0.635412
vt 0.648457 0.801647
vt 0.355132 0.526582
vt 0.651193 0.801647
vt 0.605306 0.745585
vt 0.355132 0.523847
vt 0.607799 0.745585
vt 0.352998 0.522140
vt 0.610232 0.745585
vt 0.622727 0.267678
vt 0.350329 0.522740
vt 0.620260 0.267678
vt 0.349137 0.525206
vt 0.352516 0.524044
vt 0.771597 0.863803
vt 0.966836 0.119516
vt 0.353380 0.524734
vt 0.770907 0.863803
vt 0.353379 0.525836
vt 0.769806 0.863803
vt 0.352515 0.526524
vt 0.769116 0.863803
vt 0.330763 0.931870
vt 0.351438 0.526278
vt 0.331868 0.931870
vt 0.899281 0.433702
vt 0.350960 0.525280
vt 0.900278 0.433702
vt 0.351441 0.524286
vt 0.901273 0.433702
vt 0.967937 0.119516
vt 0.771597 0.857602
vt 0.966836 0.113315
vt 0.770907 0.857602
vt 0.769806 0.857602
vt 0.769116 0.857602
vt 0.330763 0.938071
vt 0.331868 0.938071
vt 0.899281 0.439903
vt 0.900278 0.439903
vt 0.901273 0.439903
vt 0.967937 0.113315
vt 0.674664 0.075940
vt 0.349136 0.651989
vt 0.672197 0.075940
vt 0.669733 0.075940
vt 0.400998 0.826479
vt 0.403732 0.826479
vt 0.774357 0.031185
vt 0.776853 0.031185
vt 0.779284 0.031185
vt 0.354070 0.651989
vt 0.351603 0.651989
vt 0.674664 0.082248
vt 0.349136 0.658296
vt 0.581050 0.153284
vt 0.672197 0.082248
vt 0.582237 0.155750
vt 0.669733 0.082248
vt 0.400998 0.820171
vt 0.584908 0.156356
vt 0.403732 0.820171
vt 0.774357 0.024877
vt 0.587044 0.154651
vt 0.776853 0.024877
vt 0.587044 0.151915
vt 0.779284 0.024877
vt 0.354070 0.658296
vt 0.584908 0.150209
vt 0.351603 0.658296
vt 0.582237 0.150819
vt 0.585256 0.152731
vt 0.531846 0.845059
vt 0.966836 0.211990
vt 0.585256 0.153837
vt 0.531156 0.845059
vt 0.584396 0.154525
vt 0.530054 0.845059
vt 0.583318 0.154280
vt 0.529365 0.845059
vt 0.132333 0.797287
vt 0.582837 0.153284
vt 0.133438 0.797287
vt 0.912499 0.075940
vt 0.583318 0.152288
vt 0.913495 0.075940
vt 0.584396 0.152043
vt 0.914490 0.075940
vt 0.967937 0.211990
vt 0.531846 0.838859
vt 0.966836 0.205790
vt 0.531156 0.838859
vt 0.530054 0.838859
vt 0.529365 0.838859
vt 0.132333 0.803488
vt 0.133438 0.803488
vt 0.912499 0.082141
vt 0.913495 0.082141
vt 0.914490 0.082141
vt 0.967937 0.205790
vt 0.691975 0.280058
vt 0.551250 0.614775
vt 0.689508 0.280058
vt 0.687044 0.280058
vt 0.823319 0.119623
vt 0.826052 0.119623
vt 0.674558 0.751893
vt 0.677053 0.751893
vt 0.679484 0.751893
vt 0.556183 0.614775
vt 0.553716 0.614775
vt 0.691975 0.286366
vt 0.551250 0.621082
vt 0.514504 0.543741
vt 0.689508 0.286366
vt 0.515691 0.546207
vt 0.687044 0.286366
vt 0.823319 0.113315
vt 0.518362 0.546814
vt 0.826052 0.113315
vt 0.674558 0.745585
vt 0.520497 0.545108
vt 0.677053 0.745585
vt 0.520497 0.542372
vt 0.679484 0.745585
vt 0.556183 0.621082
vt 0.518362 0.540667
vt 0.553716 0.621082
vt 0.515691 0.541276
vt 0.518710 0.543188
vt 0.856026 0.156890
vt 0.984821 0.565231
vt 0.518710 0.544294
vt 0.855336 0.156890
vt 0.517849 0.544982
vt 0.854235 0.156890
vt 0.516772 0.544737
vt 0.853545 0.156890
vt 0.941507 0.470863
vt 0.516291 0.543741
vt 0.942612 0.470863
vt 0.883267 0.113315
vt 0.516772 0.542746
vt 0.884263 0.113315
vt 0.517849 0.542500
vt 0.885258 0.113315
vt 0.985923 0.565231
vt 0.856026 0.150690
vt 0.984821 0.559030
vt 0.855336 0.150690
vt 0.854235 0.150690
vt 0.853545 0.150690
vt 0.941507 0.477064
vt 0.942612 0.477064
vt 0.883267 0.119516
vt 0.884263 0.119516
vt 0.885258 0.119516
vt 0.985923 0.559030
vt 0.691975 0.261371
vt 0.624740 0.577720
vt 0.689508 0.261371
vt 0.687044 0.261371
vt 0.823319 0.267678
vt 0.826052 0.267678
vt 0.790897 0.138310
vt 0.793390 0.138310
vt 0.795824 0.138310
vt 0.629673 0.577720
vt 0.627207 0.577720
vt 0.691975 0.267678
vt 0.624740 0.584028
vt 0.297520 0.596248
vt 0.689508 0.267678
vt 0.294851 0.596856
vt 0.687044 0.267678
vt 0.823319 0.261371
vt 0.293667 0.599325
vt 0.826052 0.261371
vt 0.790897 0.132002
vt 0.294854 0.601787
vt 0.793390 0.132002
vt 0.297519 0.602395
vt 0.795824 0.132002
vt 0.629673 0.584028
vt 0.299660 0.600693
vt 0.627207 0.584028
vt 0.299660 0.597954
vt 0.297123 0.600471
vt 0.516985 0.845059
vt 0.984820 0.528340
vt 0.296045 0.600225
vt 0.516295 0.845059
vt 0.295566 0.599233
vt 0.515193 0.845059
vt 0.296044 0.598237
vt 0.514504 0.845059
vt 0.602368 0.931924
vt 0.297122 0.597990
vt 0.603474 0.931924
vt 0.888893 0.726791
vt 0.297986 0.598680
vt 0.889889 0.726791
vt 0.297985 0.599785
vt 0.890885 0.726791
vt 0.985922 0.528340
vt 0.516985 0.838859
vt 0.984820 0.522139
vt 0.516295 0.838859
vt 0.515193 0.838859
vt 0.514504 0.838859
vt 0.602368 0.938125
vt 0.603474 0.938125
vt 0.888893 0.732992
vt 0.889889 0.732992
vt 0.890885 0.732992
vt 0.985922 0.522139
vt 0.691975 0.075940
vt 0.568563 0.614775
vt 0.689508 0.075940
vt 0.687044 0.075940
vt 0.385882 0.845166
vt 0.388616 0.845166
vt 0.674554 0.770580
vt 0.677050 0.770580
vt 0.679481 0.770580
vt 0.573496 0.614775
vt 0.571029 0.614775
vt 0.691975 0.082248
vt 0.568563 0.621082
vt 0.581050 0.097703
vt 0.689508 0.082248
vt 0.582237 0.100169
vt 0.687044 0.082248
vt 0.385882 0.838858
vt 0.584908 0.100775
vt 0.388616 0.838858
vt 0.674554 0.764272
vt 0.587044 0.099070
vt 0.677050 0.764272
vt 0.587044 0.096334
vt 0.679481 0.764272
vt 0.573496 0.621082
vt 0.584908 0.094628
vt 0.571029 0.621082
vt 0.582237 0.095238
vt 0.585256 0.097150
vt 0.209354 0.882327
vt 0.984813 0.583921
vt 0.585256 0.098256
vt 0.208664 0.882327
vt 0.584396 0.098944
vt 0.207562 0.882327
vt 0.583318 0.098699
vt 0.206873 0.882327
vt 0.943557 0.633462
vt 0.582837 0.097703
vt 0.944661 0.633462
vt 0.132075 0.871929
vt 0.583318 0.096707
vt 0.133072 0.871929
vt 0.584396 0.096462
vt 0.134067 0.871929
vt 0.985914 0.583921
vt 0.209354 0.876126
vt 0.984813 0.577720
vt 0.208664 0.876126
vt 0.207562 0.876126
vt 0.206873 0.876126
vt 0.943557 0.639662
vt 0.944661 0.639662
vt 0.132075 0.878130
vt 0.133072 0.878130
vt 0.134067 0.878130
vt 0.985914 0.577720
vt 0.746961 0.363791
vt 0.215920 0.708047
vt 0.744497 0.363791
vt 0.742032 0.363791
vt 0.823319 0.100935
vt 0.826053 0.100935
vt 0.773591 0.119622
vt 0.776086 0.119622
vt 0.778518 0.119622
vt 0.220851 0.708047
vt 0.218384 0.708047
vt 0.746961 0.370098
vt 0.215920 0.714355
vt 0.601066 0.436777
vt 0.744497 0.370098
vt 0.602251 0.439243
vt 0.742032 0.370098
vt 0.823319 0.094628
vt 0.604921 0.439849
vt 0.826053 0.094628
vt 0.773591 0.113315
vt 0.607057 0.438144
vt 0.776086 0.113315
vt 0.607057 0.435408
vt 0.778518 0.113315
vt 0.220851 0.714355
vt 0.604921 0.433702
vt 0.218384 0.714355
vt 0.602251 0.434311
vt 0.605269 0.436224
vt 0.860534 0.528340
vt 0.981082 0.049552
vt 0.605269 0.437330
vt 0.859844 0.528340
vt 0.604409 0.438018
vt 0.858743 0.528340
vt 0.603331 0.437773
vt 0.858053 0.528340
vt 0.255425 0.950448
vt 0.602854 0.436777
vt 0.256529 0.950448
vt 0.232883 0.913287
vt 0.603331 0.435781
vt 0.233877 0.913287
vt 0.604409 0.435536
vt 0.234872 0.913287
vt 0.982184 0.049552
vt 0.860534 0.522139
vt 0.981082 0.043351
vt 0.859844 0.522139
vt 0.858743 0.522139
vt 0.858053 0.522139
vt 0.255425 0.956649
vt 0.256529 0.956649
vt 0.232883 0.919488
vt 0.233877 0.919488
vt 0.234872 0.919488
vt 0.982184 0.043351
vt 0.743905 0.335479
vt 0.422633 0.708047
vt 0.741441 0.335479
vt 0.738976 0.335479
vt 0.096896 0.840972
vt 0.099629 0.840972
vt 0.743786 0.789267
vt 0.746279 0.789267
vt 0.748713 0.789267
vt 0.427564 0.708047
vt 0.425097 0.708047
vt 0.743905 0.341787
vt 0.422633 0.714355
vt 0.481610 0.614774
vt 0.741441 0.341787
vt 0.478943 0.615380
vt 0.738976 0.341787
vt 0.096896 0.834664
vt 0.477757 0.617848
vt 0.099629 0.834664
vt 0.743786 0.782960
vt 0.478945 0.620310
vt 0.746279 0.782960
vt 0.481609 0.620918
vt 0.748713 0.782960
vt 0.427564 0.714355
vt 0.483751 0.619216
vt 0.425097 0.714355
vt 0.483751 0.616477
vt 0.481214 0.618995
vt 0.876515 0.620975
vt 0.981955 0.495964
vt 0.480136 0.618749
vt 0.875826 0.620975
vt 0.479657 0.617756
vt 0.874724 0.620975
vt 0.480135 0.616760
vt 0.874035 0.620975
vt 0.953351 0.132002
vt 0.481213 0.616517
vt 0.954455 0.132002
vt 0.422633 0.913287
vt 0.482077 0.617204
vt 0.423627 0.913287
vt 0.482076 0.618309
vt 0.424622 0.913287
vt 0.983057 0.495964
vt 0.876515 0.614774
vt 0.981955 0.489764
vt 0.875826 0.614774
vt 0.874724 0.614774
vt 0.874035 0.614774
vt 0.953351 0.138203
vt 0.954455 0.138203
vt 0.422633 0.919487
vt 0.423627 0.919487
vt 0.424622 0.919487
vt 0.983057 0.489764
vt 0.238152 0.726734
vt 0.458323 0.708048
vt 0.235688 0.726734
vt 0.233222 0.726734
vt 0.823319 0.286366
vt 0.826053 0.286366
vt 0.756285 0.267678
vt 0.758780 0.267678
vt 0.761211 0.267678
vt 0.463254 0.708048
vt 0.460787 0.708048
vt 0.238152 0.733042
vt 0.458323 0.714355
vt 0.117214 0.613649
vt 0.235688 0.733042
vt 0.118399 0.616116
vt 0.233222 0.733042
vt 0.823319 0.280058
vt 0.121069 0.616722
vt 0.826053 0.280058
vt 0.756285 0.261371
vt 0.123205 0.615016
vt 0.758780 0.261371
vt 0.123205 0.612280
vt 0.761211 0.261371
vt 0.463254 0.714355
vt 0.121069 0.610574
vt 0.460787 0.714355
vt 0.118399 0.611184
vt 0.121418 0.613097
vt 0.875395 0.528340
vt 0.441010 0.975230
vt 0.121418 0.614202
vt 0.874705 0.528340
vt 0.120557 0.614890
vt 0.873603 0.528340
vt 0.119479 0.614645
vt 0.872914 0.528340
vt 0.945511 0.894763
vt 0.119002 0.613649
vt 0.946614 0.894763
vt 0.293666 0.913290
vt 0.119479 0.612654
vt 0.294660 0.913290
vt 0.120557 0.612409
vt 0.295656 0.913290
vt 0.442112 0.975230
vt 0.875395 0.522139
vt 0.441010 0.969029
vt 0.874705 0.522139
vt 0.873603 0.522139
vt 0.872914 0.522139
vt 0.945511 0.900964
vt 0.946614 0.900964
vt 0.293666 0.919491
vt 0.294660 0.919491
vt 0.295656 0.919491
vt 0.442112 0.969029
vt 0.745547 0.433702
vt 0.040816 0.703853
vt 0.743083 0.433702
vt 0.740618 0.433702
vt 0.822880 0.407152
vt 0.825613 0.407152
vt 0.790897 0.286366
vt 0.793393 0.286366
vt 0.795824 0.286366
vt 0.045747 0.703853
vt 0.043280 0.703853
vt 0.745547 0.440009
vt 0.040816 0.710161
vt 0.256919 0.617846
vt 0.743083 0.440009
vt 0.258103 0.620312
vt 0.740618 0.440009
vt 0.822880 0.400845
vt 0.260773 0.620918
vt 0.825613 0.400845
vt 0.790897 0.280058
vt 0.262909 0.619213
vt 0.793393 0.280058
vt 0.262909 0.616477
vt 0.795824 0.280058
vt 0.045747 0.710161
vt 0.260773 0.614771
vt 0.043280 0.710161
vt 0.258103 0.615380
vt 0.261122 0.617293
vt 0.740357 0.863803
vt 0.981957 0.458483
vt 0.261122 0.618399
vt 0.739667 0.863803
vt 0.260261 0.619087
vt 0.738565 0.863803
vt 0.259184 0.618842
vt 0.737876 0.863803
vt 0.945508 0.913344
vt 0.258706 0.617846
vt 0.946611 0.913344
vt 0.021050 0.909093
vt 0.259184 0.616850
vt 0.022045 0.909093
vt 0.260261 0.616605
vt 0.023040 0.909093
vt 0.983059 0.458483
vt 0.740357 0.857602
vt 0.981957 0.452282
vt 0.739667 0.857602
vt 0.738565 0.857602
vt 0.737876 0.857602
vt 0.945508 0.919544
vt 0.946611 0.919544
vt 0.021050 0.915294
vt 0.022045 0.915294
vt 0.023040 0.915294
vt 0.983059 0.452282
vt 0.354067 0.689363
vt 0.250546 0.689360
vt 0.351603 0.689363
vt 0.349136 0.689363
vt 0.364252 0.807795
vt 0.366987 0.807795
vt 0.551250 0.751893
vt 0.553743 0.751893
vt 0.556177 0.751893
vt 0.255477 0.689360
vt 0.253010 0.689360
vt 0.354067 0.695671
vt 0.250546 0.695667
vt 0.150524 0.596247
vt 0.351603 0.695671
vt 0.147857 0.596853
vt 0.349136 0.695671
vt 0.364252 0.801487
vt 0.146668 0.599320
vt 0.366987 0.801487
vt 0.551250 0.745586
vt 0.147859 0.601783
vt 0.553743 0.745586
vt 0.150523 0.602391
vt 0.556177 0.745586
vt 0.255477 0.695667
vt 0.152664 0.600689
vt 0.253010 0.695667
vt 0.152664 0.597950
vt 0.150127 0.600468
vt 0.209611 0.863746
vt 0.983367 0.369991
vt 0.149050 0.600222
vt 0.208921 0.863746
vt 0.148570 0.599229
vt 0.207819 0.863746
vt 0.149049 0.598234
vt 0.207130 0.863746
vt 0.275290 0.950448
vt 0.150126 0.597990
vt 0.276394 0.950448
vt 0.915702 0.633461
vt 0.150990 0.598677
vt 0.916696 0.633461
vt 0.150990 0.599782
vt 0.917691 0.633461
vt 0.984468 0.369991
vt 0.209611 0.857545
vt 0.983367 0.363791
vt 0.208921 0.857545
vt 0.207819 0.857545
vt 0.207130 0.857545
vt 0.275290 0.956649
vt 0.276394 0.956649
vt 0.915702 0.639662
vt 0.916696 0.639662
vt 0.917691 0.639662
vt 0.984468 0.363791
vt 0.743904 0.280058
vt 0.710240 0.652149
vt 0.741440 0.280058
vt 0.738976 0.280058
vt 0.021307 0.822284
vt 0.024041 0.822284
vt 0.790898 0.341787
vt 0.793394 0.341787
vt 0.795825 0.341787
vt 0.715171 0.652149
vt 0.712704 0.652149
vt 0.743904 0.286366
vt 0.710240 0.658456
vt 0.330763 0.617849
vt 0.741440 0.286366
vt 0.331947 0.620316
vt 0.738976 0.286366
vt 0.021307 0.815977
vt 0.334617 0.620921
vt 0.024041 0.815977
vt 0.790898 0.335479
vt 0.336753 0.619216
vt 0.793394 0.335479
vt 0.336753 0.616480
vt 0.795825 0.335479
vt 0.715171 0.658456
vt 0.334617 0.614775
vt 0.712704 0.658456
vt 0.331947 0.615384
vt 0.334966 0.617296
vt 0.680914 0.845222
vt 0.898092 0.956705
vt 0.334966 0.618402
vt 0.680224 0.845222
vt 0.334105 0.619090
vt 0.679123 0.845222
vt 0.333028 0.618845
vt 0.678433 0.845222
vt 0.944978 0.857602
vt 0.332550 0.617849
vt 0.946081 0.857602
vt 0.889797 0.913344
vt 0.333028 0.616854
vt 0.890792 0.913344
vt 0.334105 0.616609
vt 0.891787 0.913344
vt 0.899194 0.956705
vt 0.680914 0.839022
vt 0.898092 0.950505
vt 0.680224 0.839022
vt 0.679123 0.839022
vt 0.678433 0.839022
vt 0.944978 0.863803
vt 0.946081 0.863803
vt 0.889797 0.919544
vt 0.890792 0.919544
vt 0.891787 0.919544
vt 0.899194 0.950505
vt 0.729652 0.363791
vt 0.215920 0.689360
vt 0.727188 0.363791
vt 0.724724 0.363791
vt 0.812967 0.565338
vt 0.815701 0.565338
vt 0.775234 0.440009
vt 0.777730 0.440009
vt 0.780161 0.440009
vt 0.220851 0.689360
vt 0.218384 0.689360
vt 0.729652 0.370098
vt 0.215920 0.695667
vt 0.551250 0.599322
vt 0.727188 0.370098
vt 0.552435 0.601789
vt 0.724724 0.370098
vt 0.812967 0.559030
vt 0.555105 0.602395
vt 0.815701 0.559030
vt 0.775234 0.433702
vt 0.557241 0.600689
vt 0.777730 0.433702
vt 0.557241 0.597953
vt 0.780161 0.433702
vt 0.220851 0.695667
vt 0.555105 0.596248
vt 0.218384 0.695667
vt 0.552435 0.596857
vt 0.555454 0.598769
vt 0.254968 0.863746
vt 0.817203 0.956705
vt 0.555454 0.599875
vt 0.254278 0.863746
vt 0.554593 0.600563
vt 0.253177 0.863746
vt 0.553515 0.600318
vt 0.252487 0.863746
vt 0.587997 0.950505
vt 0.553038 0.599322
vt 0.589101 0.950505
vt 0.006190 0.909093
vt 0.553515 0.598327
vt 0.007184 0.909093
vt 0.554593 0.598082
vt 0.008179 0.909093
vt 0.818304 0.956705
vt 0.254968 0.857545
vt 0.817203 0.950505
vt 0.254278 0.857545
vt 0.253177 0.857545
vt 0.252487 0.857545
vt 0.587997 0.956705
vt 0.589101 0.956705
vt 0.006190 0.915294
vt 0.007184 0.915294
vt 0.008179 0.915294
vt 0.818304 0.950505
vt 0.011119 0.741228
vt 0.692930 0.652149
vt 0.008655 0.741228
vt 0.006190 0.741228
vt 0.817164 0.807955
vt 0.819898 0.807955
vt 0.795706 0.770580
vt 0.798199 0.770580
vt 0.800632 0.770580
vt 0.697861 0.652149
vt 0.695394 0.652149
vt 0.011119 0.747535
vt 0.692930 0.658456
vt 0.536729 0.614775
vt 0.008655 0.747535
vt 0.534061 0.615381
vt 0.006190 0.747535
vt 0.817164 0.801647
vt 0.532877 0.617849
vt 0.819898 0.801647
vt 0.795706 0.764272
vt 0.534064 0.620311
vt 0.798199 0.764272
vt 0.536729 0.620919
vt 0.800632 0.764272
vt 0.697861 0.658456
vt 0.538870 0.619217
vt 0.695394 0.658456
vt 0.538870 0.616478
vt 0.536333 0.618995
vt 0.695775 0.845222
vt 0.844166 0.956705
vt 0.535255 0.618749
vt 0.695085 0.845222
vt 0.534776 0.617757
vt 0.693983 0.845222
vt 0.535254 0.616761
vt 0.693294 0.845222
vt 0.308036 0.950451
vt 0.536331 0.616517
vt 0.309139 0.950451
vt 0.455381 0.913287
vt 0.537196 0.617204
vt 0.456376 0.913287
vt 0.537195 0.618309
vt 0.457371 0.913287
vt 0.845267 0.956705
vt 0.695775 0.839022
vt 0.844166 0.950505
vt 0.695085 0.839022
vt 0.693983 0.839022
vt 0.693294 0.839022
vt 0.308036 0.956652
vt 0.309139 0.956652
vt 0.455381 0.919488
vt 0.456376 0.919488
vt 0.457371 0.919488
vt 0.845267 0.950505
vt 0.745547 0.471076
vt 0.692930 0.633461
vt 0.743083 0.471076
vt 0.740619 0.471076
vt 0.441010 0.845166
vt 0.443744 0.845166
vt 0.773594 0.193407
vt 0.776090 0.193407
vt 0.778521 0.193407
vt 0.697861 0.633461
vt 0.695394 0.633461
vt 0.745547 0.477384
vt 0.692930 0.639769
vt 0.201797 0.617846
vt 0.743083 0.477384
vt 0.202981 0.620313
vt 0.740619 0.477384
vt 0.441010 0.838858
vt 0.205651 0.620918
vt 0.443744 0.838858
vt 0.773594 0.187100
vt 0.207787 0.619213
vt 0.776090 0.187100
vt 0.207787 0.616477
vt 0.778521 0.187100
vt 0.697861 0.639769
vt 0.205651 0.614772
vt 0.695394 0.639769
vt 0.202981 0.615381
vt 0.206000 0.617293
vt 0.649920 0.882383
vt 0.981957 0.477064
vt 0.206000 0.618400
vt 0.649230 0.882383
vt 0.205139 0.619087
vt 0.648128 0.882383
vt 0.204062 0.618842
vt 0.647439 0.882383
vt 0.601482 0.950505
vt 0.203584 0.617846
vt 0.602586 0.950505
vt 0.916518 0.559030
vt 0.204062 0.616851
vt 0.917512 0.559030
vt 0.205139 0.616606
vt 0.918508 0.559030
vt 0.983059 0.477064
vt 0.649920 0.876182
vt 0.981957 0.470863
vt 0.649230 0.876182
vt 0.648128 0.876182
vt 0.647439 0.876182
vt 0.601482 0.956705
vt 0.602586 0.956705
vt 0.916518 0.565231
vt 0.917512 0.565231
vt 0.918508 0.565231
vt 0.983059 0.470863
vt 0.743907 0.316789
vt 0.605308 0.708211
vt 0.741443 0.316789
vt 0.738978 0.316789
vt 0.811898 0.658456
vt 0.814632 0.658456
vt 0.773591 0.156997
vt 0.776086 0.156997
vt 0.778518 0.156997
vt 0.610238 0.708211
vt 0.607772 0.708211
vt 0.743907 0.323096
vt 0.605308 0.714518
vt 0.098841 0.613652
vt 0.741443 0.323096
vt 0.100025 0.616118
vt 0.738978 0.323096
vt 0.811898 0.652149
vt 0.102695 0.616724
vt 0.814632 0.652149
vt 0.773591 0.150690
vt 0.104831 0.615019
vt 0.776086 0.150690
vt 0.104831 0.612283
vt 0.778518 0.150690
vt 0.610238 0.714518
vt 0.102695 0.610577
vt 0.607772 0.714518
vt 0.100025 0.611187
vt 0.103044 0.613100
vt 0.832303 0.845222
vt 0.981957 0.439903
vt 0.103044 0.614205
vt 0.831613 0.845222
vt 0.102183 0.614893
vt 0.830511 0.845222
vt 0.101106 0.614648
vt 0.829822 0.845222
vt 0.399367 0.950448
vt 0.100628 0.613652
vt 0.400471 0.950448
vt 0.760454 0.913344
vt 0.101106 0.612657
vt 0.761448 0.913344
vt 0.102183 0.612411
vt 0.762443 0.913344
vt 0.983059 0.439903
vt 0.832303 0.839022
vt 0.981957 0.433702
vt 0.831613 0.839022
vt 0.830511 0.839022
vt 0.829822 0.839022
vt 0.399367 0.956649
vt 0.400471 0.956649
vt 0.760454 0.919544
vt 0.761448 0.919544
vt 0.762443 0.919544
vt 0.983059 0.433702
vt 0.743904 0.261371
vt 0.657246 0.708211
vt 0.741440 0.261371
vt 0.738975 0.261371
vt 0.587997 0.826642
vt 0.590730 0.826642
vt 0.779472 0.695831
vt 0.781965 0.695831
vt 0.784399 0.695831
vt 0.662177 0.708211
vt 0.659710 0.708211
vt 0.743904 0.267678
vt 0.657246 0.714518
vt 0.389735 0.614774
vt 0.741440 0.267678
vt 0.387068 0.615380
vt 0.738975 0.267678
vt 0.587997 0.820334
vt 0.385882 0.617849
vt 0.590730 0.820334
vt 0.779472 0.689523
vt 0.387070 0.620311
vt 0.781965 0.689523
vt 0.389734 0.620919
vt 0.784399 0.689523
vt 0.662177 0.714518
vt 0.391876 0.619216
vt 0.659710 0.714518
vt 0.391876 0.616478
vt 0.389339 0.618995
vt 0.860580 0.770473
vt 0.980366 0.407045
vt 0.388261 0.618749
vt 0.859890 0.770473
vt 0.387782 0.617757
vt 0.858789 0.770473
vt 0.388260 0.616761
vt 0.858099 0.770473
vt 0.385882 0.950448
vt 0.389338 0.616517
vt 0.386986 0.950448
vt 0.817940 0.913344
vt 0.390202 0.617204
vt 0.818934 0.913344
vt 0.390201 0.618309
vt 0.819929 0.913344
vt 0.981468 0.407045
vt 0.860580 0.764272
vt 0.980366 0.400845
vt 0.859890 0.764272
vt 0.858789 0.764272
vt 0.858099 0.764272
vt 0.385882 0.956649
vt 0.386986 0.956649
vt 0.817940 0.919544
vt 0.818934 0.919544
vt 0.819929 0.919544
vt 0.981468 0.400845
vt 0.743905 0.205790
vt 0.622618 0.708211
vt 0.741441 0.205790
vt 0.738976 0.205790
vt 0.812959 0.584028
vt 0.815692 0.584028
vt 0.743786 0.770580
vt 0.746282 0.770580
vt 0.748713 0.770580
vt 0.627549 0.708211
vt 0.625082 0.708211
vt 0.743905 0.212097
vt 0.622618 0.714518
vt 0.079684 0.613652
vt 0.741441 0.212097
vt 0.080868 0.616118
vt 0.738976 0.212097
vt 0.812959 0.577720
vt 0.083538 0.616724
vt 0.815692 0.577720
vt 0.743786 0.764272
vt 0.085674 0.615019
vt 0.746282 0.764272
vt 0.085674 0.612283
vt 0.748713 0.764272
vt 0.627549 0.714518
vt 0.083538 0.610577
vt 0.625082 0.714518
vt 0.080868 0.611187
vt 0.083887 0.613100
vt 0.053505 0.859552
vt 0.980319 0.322989
vt 0.083887 0.614205
vt 0.052815 0.859552
vt 0.083026 0.614893
vt 0.051714 0.859552
vt 0.081949 0.614648
vt 0.051024 0.859552
vt 0.947686 0.801647
vt 0.081471 0.613652
vt 0.948790 0.801647
vt 0.746083 0.913344
vt 0.081949 0.612657
vt 0.747077 0.913344
vt 0.083026 0.612411
vt 0.748072 0.913344
vt 0.981421 0.322989
vt 0.053505 0.853351
vt 0.980319 0.316789
vt 0.052815 0.853351
vt 0.051714 0.853351
vt 0.051024 0.853351
vt 0.947686 0.807848
vt 0.948790 0.807848
vt 0.746083 0.919544
vt 0.747077 0.919544
vt 0.748072 0.919544
vt 0.981421 0.316789
vt 0.744670 0.043564
vt 0.710240 0.633461
vt 0.742206 0.043564
vt 0.739741 0.043564
vt 0.812966 0.528447
vt 0.815700 0.528447
vt 0.790900 0.193407
vt 0.793396 0.193407
vt 0.795827 0.193407
vt 0.715171 0.633461
vt 0.712704 0.633461
vt 0.744670 0.049872
vt 0.710240 0.639769
vt 0.367510 0.617849
vt 0.742206 0.049872
vt 0.368694 0.620316
vt 0.739741 0.049872
vt 0.812966 0.522139
vt 0.371364 0.620922
vt 0.815700 0.522139
vt 0.790900 0.187100
vt 0.373500 0.619216
vt 0.793396 0.187100
vt 0.373500 0.616480
vt 0.795827 0.187100
vt 0.715171 0.639769
vt 0.371364 0.614774
vt 0.712704 0.639769
vt 0.368694 0.615384
vt 0.371713 0.617297
vt 0.403224 0.863746
vt 0.983527 0.882383
vt 0.371713 0.618402
vt 0.402534 0.863746
vt 0.370852 0.619090
vt 0.401432 0.863746
vt 0.369775 0.618845
vt 0.400743 0.863746
vt 0.945493 0.614774
vt 0.369297 0.617849
vt 0.946596 0.614774
vt 0.349136 0.913183
vt 0.369775 0.616854
vt 0.350130 0.913183
vt 0.370852 0.616609
vt 0.351126 0.913183
vt 0.984629 0.882383
vt 0.403224 0.857546
vt 0.983527 0.876182
vt 0.402534 0.857546
vt 0.401432 0.857546
vt 0.400743 0.857546
vt 0.945493 0.620975
vt 0.946596 0.620975
vt 0.349136 0.919384
vt 0.350130 0.919384
vt 0.351126 0.919384
vt 0.984629 0.876182
vt 0.726599 0.242684
vt 0.622622 0.689523
vt 0.724134 0.242684
vt 0.721668 0.242684
vt 0.477757 0.807791
vt 0.480493 0.807791
vt 0.709173 0.751893
vt 0.711666 0.751893
vt 0.714100 0.751893
vt 0.627553 0.689523
vt 0.625086 0.689523
vt 0.726599 0.248991
vt 0.622622 0.695831
vt 0.279146 0.596248
vt 0.724134 0.248991
vt 0.276479 0.596853
vt 0.721668 0.248991
vt 0.477757 0.801483
vt 0.275290 0.599321
vt 0.480493 0.801483
vt 0.709173 0.745585
vt 0.276481 0.601784
vt 0.711666 0.745585
vt 0.279145 0.602392
vt 0.714100 0.745585
vt 0.627553 0.695831
vt 0.281286 0.600690
vt 0.625086 0.695831
vt 0.281286 0.597951
vt 0.278749 0.600468
vt 0.856027 0.341680
vt 0.981083 0.012391
vt 0.277672 0.600222
vt 0.855337 0.341680
vt 0.277192 0.599230
vt 0.854235 0.341680
vt 0.277671 0.598234
vt 0.853546 0.341680
vt 0.293667 0.950451
vt 0.278749 0.597990
vt 0.294770 0.950451
vt 0.731711 0.913344
vt 0.279613 0.598677
vt 0.732705 0.913344
vt 0.279612 0.599782
vt 0.733701 0.913344
vt 0.982184 0.012391
vt 0.856027 0.335479
vt 0.981083 0.006190
vt 0.855337 0.335479
vt 0.854235 0.335479
vt 0.853546 0.335479
vt 0.293667 0.956652
vt 0.294770 0.956652
vt 0.731711 0.919544
vt 0.732705 0.919544
vt 0.733701 0.919544
vt 0.982184 0.006190
vt 0.732477 0.689523
vt 0.722430 0.006190
vt 0.730013 0.689523
vt 0.727549 0.689523
vt 0.809847 0.496071
vt 0.812580 0.496071
vt 0.790897 0.100935
vt 0.793393 0.100935
vt 0.795824 0.100935
vt 0.727361 0.006190
vt 0.724894 0.006190
vt 0.732477 0.695831
vt 0.722430 0.012497
vt 0.349136 0.617849
vt 0.730013 0.695831
vt 0.350321 0.620316
vt 0.727549 0.695831
vt 0.809847 0.489763
vt 0.352991 0.620921
vt 0.812580 0.489763
vt 0.790897 0.094628
vt 0.355127 0.619216
vt 0.793393 0.094628
vt 0.355127 0.616480
vt 0.795824 0.094628
vt 0.727361 0.012497
vt 0.352991 0.614775
vt 0.724894 0.012497
vt 0.350321 0.615384
vt 0.353339 0.617296
vt 0.654900 0.119623
vt 0.980806 0.082141
vt 0.353339 0.618402
vt 0.654210 0.119623
vt 0.352479 0.619090
vt 0.653109 0.119623
vt 0.351401 0.618845
vt 0.652419 0.119623
vt 0.944978 0.839021
vt 0.350924 0.617849
vt 0.946081 0.839021
vt 0.917638 0.614774
vt 0.351401 0.616854
vt 0.918633 0.614774
vt 0.352479 0.616609
vt 0.919628 0.614774
vt 0.981908 0.082141
vt 0.654900 0.113422
vt 0.980806 0.075940
vt 0.654210 0.113422
vt 0.653109 0.113422
vt 0.652419 0.113422
vt 0.944978 0.845222
vt 0.946081 0.845222
vt 0.917638 0.620975
vt 0.918633 0.620975
vt 0.919628 0.620975
vt 0.981908 0.075940
vt 0.122144 0.741225
vt 0.477757 0.689360
vt 0.119679 0.741225
vt 0.117215 0.741225
vt 0.811898 0.639769
vt 0.814631 0.639769
vt 0.587997 0.751893
vt 0.590493 0.751893
vt 0.592924 0.751893
vt 0.482688 0.689360
vt 0.480221 0.689360
vt 0.122144 0.747533
vt 0.477757 0.695667
vt 0.598984 0.385393
vt 0.119679 0.747533
vt 0.600169 0.387859
vt 0.117215 0.747533
vt 0.811898 0.633461
vt 0.602839 0.388466
vt 0.814631 0.633461
vt 0.587997 0.745585
vt 0.604975 0.386760
vt 0.590493 0.745585
vt 0.604975 0.384024
vt 0.592924 0.745585
vt 0.482688 0.695667
vt 0.602839 0.382318
vt 0.480221 0.695667
vt 0.600169 0.382928
vt 0.603188 0.384840
vt 0.846792 0.695724
vt 0.857647 0.956705
vt 0.603188 0.385946
vt 0.846102 0.695724
vt 0.602327 0.386634
vt 0.845001 0.695724
vt 0.601249 0.386389
vt 0.844311 0.695724
vt 0.614965 0.950505
vt 0.600772 0.385393
vt 0.616069 0.950505
vt 0.065396 0.909093
vt 0.601249 0.384398
vt 0.066390 0.909093
vt 0.602327 0.384152
vt 0.067385 0.909093
vt 0.858748 0.956705
vt 0.846792 0.689523
vt 0.857647 0.950505
vt 0.846102 0.689523
vt 0.845001 0.689523
vt 0.844311 0.689523
vt 0.614965 0.956705
vt 0.616069 0.956705
vt 0.065396 0.915294
vt 0.066390 0.915294
vt 0.067385 0.915294
vt 0.858748 0.950505
vt 0.743907 0.242684
vt 0.441010 0.708048
vt 0.741443 0.242684
vt 0.738978 0.242684
vt 0.811260 0.370098
vt 0.813994 0.370098
vt 0.117215 0.784907
vt 0.119708 0.784907
vt 0.122142 0.784907
vt 0.445941 0.708048
vt 0.443474 0.708048
vt 0.743907 0.248991
vt 0.441010 0.714355
vt 0.444862 0.614774
vt 0.741443 0.248991
vt 0.442195 0.615380
vt 0.738978 0.248991
vt 0.811260 0.363791
vt 0.441010 0.617849
vt 0.813994 0.363791
vt 0.117215 0.778600
vt 0.442198 0.620311
vt 0.119708 0.778600
vt 0.444862 0.620919
vt 0.122142 0.778600
vt 0.445941 0.714355
vt 0.447003 0.619216
vt 0.443474 0.714355
vt 0.447003 0.616478
vt 0.444467 0.618995
vt 0.351617 0.845062
vt 0.884610 0.956705
vt 0.443389 0.618749
vt 0.350927 0.845062
vt 0.442909 0.617757
vt 0.349826 0.845062
vt 0.443388 0.616761
vt 0.349136 0.845062
vt 0.422633 0.950448
vt 0.444465 0.616517
vt 0.423737 0.950448
vt 0.441010 0.913287
vt 0.445330 0.617204
vt 0.442004 0.913287
vt 0.445329 0.618309
vt 0.442999 0.913287
vt 0.885712 0.956705
vt 0.351617 0.838862
vt 0.884610 0.950505
vt 0.350927 0.838862
vt 0.349826 0.838862
vt 0.349136 0.838862
vt 0.422633 0.956649
vt 0.423737 0.956649
vt 0.441010 0.919488
vt 0.442004 0.919488
vt 0.442999 0.919488
vt 0.885712 0.950505
vt 0.749786 0.670836
vt 0.293666 0.689363
vt 0.747322 0.670836
vt 0.744858 0.670836
vt 0.838432 0.082248
vt 0.841166 0.082248
vt 0.761093 0.770580
vt 0.763589 0.770580
vt 0.766020 0.770580
vt 0.298597 0.689363
vt 0.296130 0.689363
vt 0.749786 0.677144
vt 0.293666 0.695671
vt 0.312039 0.617849
vt 0.747322 0.677144
vt 0.313223 0.620316
vt 0.744858 0.677144
vt 0.838432 0.075940
vt 0.315893 0.620921
vt 0.841166 0.075940
vt 0.761093 0.764272
vt 0.318029 0.619216
vt 0.763589 0.764272
vt 0.318029 0.616480
vt 0.766020 0.764272
vt 0.298597 0.695671
vt 0.315893 0.614775
vt 0.296130 0.695671
vt 0.313223 0.615384
vt 0.316242 0.617296
vt 0.876513 0.714411
vt 0.982601 0.938125
vt 0.316242 0.618402
vt 0.875823 0.714411
vt 0.315382 0.619090
vt 0.874722 0.714411
vt 0.314304 0.618845
vt 0.874032 0.714411
vt 0.628449 0.950505
vt 0.313827 0.617849
vt 0.629553 0.950505
vt 0.079765 0.909093
vt 0.314304 0.616854
vt 0.080759 0.909093
vt 0.315382 0.616609
vt 0.081754 0.909093
vt 0.983703 0.938125
vt 0.876513 0.708211
vt 0.982601 0.931924
vt 0.875823 0.708211
vt 0.874722 0.708211
vt 0.874032 0.708211
vt 0.628449 0.956705
vt 0.629553 0.956705
vt 0.079765 0.915294
vt 0.080759 0.915294
vt 0.081754 0.915294
vt 0.983703 0.931924
vt 0.305723 0.294713
vt 0.305723 0.231867
vt 0.368227 0.294713
vt 0.368227 0.231867
vt 0.555372 0.509760
vt 0.100343 0.509760
vt 0.552811 0.509760
vt 0.455489 0.146011
vt 0.555372 0.452229
vt 0.100343 0.452229
vt 0.552811 0.452229
vt 0.455489 0.203542
vt 0.460315 0.203542
vt 0.103655 0.452229
vt 0.457755 0.203542
vt 0.460315 0.146011
vt 0.103655 0.509760
vt 0.457755 0.146011
vt 0.568231 0.439849
vt 0.505593 0.133632
vt 0.565670 0.439849
vt 0.455490 0.215922
vt 0.568231 0.382318
vt 0.505593 0.076101
vt 0.565670 0.382318
vt 0.455490 0.273453
vt 0.460316 0.273453
vt 0.508905 0.076101
vt 0.457755 0.273453
vt 0.460316 0.215922
vt 0.508905 0.133632
vt 0.457755 0.215922
vt 0.568670 0.133632
vt 0.320033 0.509760
vt 0.566109 0.133632
vt 0.472695 0.285833
vt 0.568670 0.076101
vt 0.320033 0.452229
vt 0.566109 0.076101
vt 0.472695 0.343364
vt 0.477521 0.343364
vt 0.323345 0.452229
vt 0.474960 0.343364
vt 0.477521 0.285833
vt 0.323345 0.509760
vt 0.474960 0.285833
vt 0.568670 0.343364
vt 0.351417 0.509760
vt 0.566109 0.343364
vt 0.470742 0.382318
vt 0.568670 0.285833
vt 0.351417 0.452229
vt 0.566109 0.285833
vt 0.470742 0.439849
vt 0.475568 0.439849
vt 0.354730 0.452229
vt 0.473008 0.439849
vt 0.475568 0.382318
vt 0.354730 0.509760
vt 0.473008 0.382318
vt 0.305723 0.219487
vt 0.305723 0.156641
vt 0.368227 0.219487
vt 0.368227 0.156641
vt 0.006190 0.369938
vt 0.006190 0.307092
vt 0.068693 0.369938
vt 0.068693 0.307092
vt 0.155956 0.369938
vt 0.155956 0.307092
vt 0.218460 0.369938
vt 0.218460 0.307092
vt 0.230840 0.369938
vt 0.230840 0.307092
vt 0.293343 0.369938
vt 0.293343 0.307092
vt 0.305723 0.369938
vt 0.305723 0.307092
vt 0.368226 0.369938
vt 0.368226 0.307092
vt 0.039385 0.579671
vt 0.068959 0.509760
vt 0.036823 0.579671
vt 0.472695 0.006190
vt 0.039385 0.522140
vt 0.068959 0.452229
vt 0.036823 0.522140
vt 0.472695 0.063721
vt 0.477521 0.063721
vt 0.072271 0.452229
vt 0.474960 0.063721
vt 0.477521 0.006190
vt 0.072271 0.509760
vt 0.474960 0.006190
vt 0.054326 0.579671
vt 0.116035 0.509760
vt 0.051764 0.579671
vt 0.489901 0.006190
vt 0.054326 0.522140
vt 0.116035 0.452229
vt 0.051764 0.522140
vt 0.489901 0.063721
vt 0.494727 0.063721
vt 0.119347 0.452229
vt 0.492166 0.063721
vt 0.494727 0.006190
vt 0.119347 0.509760
vt 0.492166 0.006190
vt 0.101402 0.579671
vt 0.489901 0.203542
vt 0.098841 0.579671
vt 0.472695 0.146011
vt 0.101402 0.522140
vt 0.489901 0.146011
vt 0.098841 0.522140
vt 0.472695 0.203542
vt 0.477521 0.203542
vt 0.493213 0.146011
vt 0.474960 0.203542
vt 0.477521 0.146011
vt 0.493213 0.203542
vt 0.474960 0.146011
vt 0.071520 0.579671
vt 0.084651 0.509760
vt 0.068958 0.579671
vt 0.487948 0.382318
vt 0.071520 0.522140
vt 0.084651 0.452229
vt 0.068958 0.522140
vt 0.487948 0.439849
vt 0.492774 0.439849
vt 0.087963 0.452229
vt 0.490213 0.439849
vt 0.492774 0.382318
vt 0.087963 0.509760
vt 0.490213 0.382318
vt 0.155956 0.219487
vt 0.155956 0.156641
vt 0.218460 0.219487
vt 0.218460 0.156641
vt 0.155956 0.294713
vt 0.155956 0.231867
vt 0.218460 0.294713
vt 0.218460 0.231867
vt 0.006190 0.219487
vt 0.006190 0.156641
vt 0.068693 0.219487
vt 0.068693 0.156641
vt 0.086461 0.579671
vt 0.021882 0.509760
vt 0.083899 0.579671
vt 0.455489 0.285833
vt 0.086461 0.522140
vt 0.021882 0.452229
vt 0.083899 0.522140
vt 0.455489 0.343364
vt 0.460315 0.343364
vt 0.025194 0.452229
vt 0.457755 0.343364
vt 0.460315 0.285833
vt 0.025194 0.509760
vt 0.457755 0.285833
vt 0.495607 0.509760
vt 0.505593 0.343364
vt 0.493046 0.509760
vt 0.161041 0.382318
vt 0.495607 0.452229
vt 0.505593 0.285833
vt 0.493046 0.452229
vt 0.161041 0.439849
vt 0.165867 0.439849
vt 0.508905 0.285833
vt 0.163306 0.439849
vt 0.165867 0.382318
vt 0.508905 0.343364
vt 0.163306 0.382318
vt 0.024444 0.579671
vt 0.505593 0.273453
vt 0.021882 0.579671
vt 0.472695 0.076101
vt 0.024444 0.522140
vt 0.505593 0.215922
vt 0.021882 0.522140
vt 0.472695 0.133632
vt 0.477521 0.133632
vt 0.508905 0.215922
vt 0.474961 0.133632
vt 0.477521 0.076101
vt 0.508905 0.273453
vt 0.474961 0.076101
vt 0.523847 0.133632
vt 0.037574 0.509760
vt 0.521285 0.133632
vt 0.384714 0.382318
vt 0.523847 0.076101
vt 0.037574 0.452229
vt 0.521285 0.076101
vt 0.384714 0.439849
vt 0.389540 0.439849
vt 0.040887 0.452229
vt 0.386980 0.439849
vt 0.389540 0.382318
vt 0.040887 0.509760
vt 0.386980 0.382318
vt 0.081073 0.219487
vt 0.081073 0.156641
vt 0.143577 0.219487
vt 0.143577 0.156641
vt 0.230840 0.069036
vt 0.230840 0.006190
vt 0.293343 0.069036
vt 0.293343 0.006190
vt 0.230840 0.144261
vt 0.230840 0.081415
vt 0.293343 0.144261
vt 0.293343 0.081415
vt 0.008751 0.579671
vt 0.505154 0.439849
vt 0.006190 0.579671
vt 0.143835 0.382318
vt 0.008751 0.522140
vt 0.505154 0.382318
vt 0.006190 0.522140
vt 0.143835 0.439849
vt 0.148661 0.439849
vt 0.508466 0.382318
vt 0.146101 0.439849
vt 0.148661 0.382318
vt 0.508466 0.439849
vt 0.146101 0.382318
vt 0.568670 0.203542
vt 0.304341 0.509760
vt 0.566109 0.203542
vt 0.281480 0.382318
vt 0.568670 0.146011
vt 0.304341 0.452229
vt 0.566109 0.146011
vt 0.281480 0.439849
vt 0.286306 0.439849
vt 0.307653 0.452229
vt 0.283746 0.439849
vt 0.286306 0.382318
vt 0.307653 0.509760
vt 0.283746 0.382318
vt 0.523407 0.439849
vt 0.147419 0.509760
vt 0.520846 0.439849
vt 0.436331 0.382318
vt 0.523407 0.382318
vt 0.147419 0.452229
vt 0.520846 0.382318
vt 0.436331 0.439849
vt 0.441157 0.439849
vt 0.150732 0.452229
vt 0.438596 0.439849
vt 0.441157 0.382318
vt 0.150732 0.509760
vt 0.438596 0.382318
vt 0.523847 0.203542
vt 0.006190 0.509760
vt 0.521285 0.203542
vt 0.178246 0.382318
vt 0.523847 0.146011
vt 0.006190 0.452229
vt 0.521285 0.146011
vt 0.178246 0.439849
vt 0.183072 0.439849
vt 0.009502 0.452229
vt 0.180512 0.439849
vt 0.183072 0.382318
vt 0.009502 0.509760
vt 0.180512 0.382318
vt 0.081073 0.294713
vt 0.081073 0.231867
vt 0.143577 0.294713
vt 0.143577 0.231867
vt 0.006190 0.294713
vt 0.006190 0.231867
vt 0.068693 0.294713
vt 0.068693 0.231867
vt 0.230840 0.219487
vt 0.230840 0.156641
vt 0.293343 0.219487
vt 0.293343 0.156641
vt 0.568670 0.273453
vt 0.225880 0.509760
vt 0.566109 0.273453
vt 0.455490 0.006190
vt 0.568670 0.215922
vt 0.225880 0.452229
vt 0.566109 0.215922
vt 0.455490 0.063721
vt 0.460315 0.063721
vt 0.229193 0.452229
vt 0.457755 0.063721
vt 0.460315 0.006190
vt 0.229193 0.509760
vt 0.457755 0.006190
vt 0.538349 0.439849
vt 0.489901 0.343364
vt 0.535787 0.439849
vt 0.367509 0.382318
vt 0.538349 0.382318
vt 0.489901 0.285833
vt 0.535787 0.382318
vt 0.367509 0.439849
vt 0.372335 0.439849
vt 0.493213 0.285833
vt 0.369774 0.439849
vt 0.372335 0.382318
vt 0.493213 0.343364
vt 0.369774 0.382318
vt 0.510548 0.509760
vt 0.489901 0.273453
vt 0.507987 0.509760
vt 0.195452 0.382318
vt 0.510548 0.452229
vt 0.489901 0.215922
vt 0.507987 0.452229
vt 0.195452 0.439849
vt 0.200278 0.439849
vt 0.493213 0.215922
vt 0.197718 0.439849
vt 0.200278 0.382318
vt 0.493213 0.273453
vt 0.197718 0.382318
vt 0.553729 0.343364
vt 0.489901 0.133632
vt 0.551168 0.343364
vt 0.401920 0.382318
vt 0.553729 0.285833
vt 0.489901 0.076101
vt 0.551168 0.285833
vt 0.401920 0.439849
vt 0.406746 0.439849
vt 0.493213 0.076101
vt 0.404185 0.439849
vt 0.406746 0.382318
vt 0.493213 0.133632
vt 0.404185 0.382318
vt 0.641683 0.452389
vt 0.422633 0.651985
vt 0.639216 0.452389
vt 0.636749 0.452389
vt 0.808204 0.212097
vt 0.810940 0.212097
vt 0.458317 0.789104
vt 0.460809 0.789104
vt 0.463243 0.789104
vt 0.427566 0.651985
vt 0.425099 0.651985
vt 0.641683 0.458697
vt 0.422633 0.658293
vt 0.515692 0.522753
vt 0.639216 0.458697
vt 0.514508 0.525220
vt 0.636749 0.458697
vt 0.808204 0.205790
vt 0.515700 0.527686
vt 0.810940 0.205790
vt 0.458317 0.782797
vt 0.518369 0.528287
vt 0.460809 0.782797
vt 0.520503 0.526579
vt 0.463243 0.782797
vt 0.427566 0.658293
vt 0.520503 0.523844
vt 0.425099 0.658293
vt 0.518359 0.522140
vt 0.518751 0.525692
vt 0.862024 0.845222
vt 0.957857 0.565231
vt 0.517888 0.526383
vt 0.861334 0.845222
vt 0.516813 0.526140
vt 0.860232 0.845222
vt 0.516331 0.525146
vt 0.859543 0.845222
vt 0.930933 0.782853
vt 0.516809 0.524149
vt 0.932038 0.782853
vt 0.883269 0.187100
vt 0.517886 0.523902
vt 0.884266 0.187100
vt 0.518751 0.524590
vt 0.885261 0.187100
vt 0.958959 0.565231
vt 0.862024 0.839022
vt 0.957857 0.559030
vt 0.861334 0.839022
vt 0.860232 0.839022
vt 0.859543 0.839022
vt 0.930933 0.789054
vt 0.932038 0.789054
vt 0.883269 0.193300
vt 0.884266 0.193300
vt 0.885261 0.193300
vt 0.958959 0.559030
vt 0.658118 0.043564
vt 0.117215 0.666476
vt 0.655652 0.043564
vt 0.653185 0.043564
vt 0.678688 0.807955
vt 0.681424 0.807955
vt 0.496131 0.789104
vt 0.498624 0.789104
vt 0.501058 0.789104
vt 0.122148 0.666476
vt 0.119681 0.666476
vt 0.658118 0.049872
vt 0.117215 0.672783
vt 0.475048 0.369325
vt 0.655652 0.049872
vt 0.477715 0.369938
vt 0.653185 0.049872
vt 0.678688 0.801647
vt 0.479859 0.368234
vt 0.681424 0.801647
vt 0.496131 0.782797
vt 0.479859 0.365499
vt 0.498624 0.782797
vt 0.477725 0.363791
vt 0.501058 0.782797
vt 0.122148 0.672783
vt 0.475056 0.364392
vt 0.119681 0.672783
vt 0.473864 0.366858
vt 0.477243 0.365695
vt 0.084246 0.859552
vt 0.188006 0.975229
vt 0.478107 0.366386
vt 0.083556 0.859552
vt 0.478106 0.367488
vt 0.082454 0.859552
vt 0.477242 0.368176
vt 0.081765 0.859552
vt 0.939866 0.279951
vt 0.476164 0.367929
vt 0.940971 0.279951
vt 0.912013 0.242683
vt 0.475687 0.366932
vt 0.913009 0.242683
vt 0.476169 0.365938
vt 0.914004 0.242683
vt 0.189108 0.975229
vt 0.084246 0.853351
vt 0.188006 0.969028
vt 0.083556 0.853351
vt 0.082454 0.853351
vt 0.081765 0.853351
vt 0.939866 0.286152
vt 0.940971 0.286152
vt 0.912013 0.248884
vt 0.913009 0.248884
vt 0.914004 0.248884
vt 0.189108 0.969028
vt 0.238167 0.651985
vt 0.659375 0.559030
vt 0.235700 0.651985
vt 0.233233 0.651985
vt 0.693803 0.807955
vt 0.696539 0.807955
vt 0.761092 0.789267
vt 0.763585 0.789267
vt 0.766020 0.789267
vt 0.664308 0.559030
vt 0.661841 0.559030
vt 0.238167 0.658293
vt 0.659375 0.565338
vt 0.387070 0.527673
vt 0.235700 0.658293
vt 0.389737 0.528286
vt 0.233233 0.658293
vt 0.693803 0.801647
vt 0.391881 0.526582
vt 0.696539 0.801647
vt 0.761092 0.782960
vt 0.391881 0.523847
vt 0.763585 0.782960
vt 0.389747 0.522140
vt 0.766020 0.782960
vt 0.664308 0.565338
vt 0.387079 0.522740
vt 0.661841 0.565338
vt 0.385886 0.525206
vt 0.389266 0.524044
vt 0.531846 0.863640
vt 0.968473 0.495964
vt 0.390130 0.524734
vt 0.531156 0.863640
vt 0.390129 0.525836
vt 0.530054 0.863640
vt 0.389265 0.526525
vt 0.529365 0.863640
vt 0.939866 0.150583
vt 0.388187 0.526278
vt 0.940971 0.150583
vt 0.234617 0.894706
vt 0.387709 0.525280
vt 0.235614 0.894706
vt 0.388191 0.524286
vt 0.236609 0.894706
vt 0.969575 0.495964
vt 0.531846 0.857439
vt 0.968473 0.489764
vt 0.531156 0.857439
vt 0.530054 0.857439
vt 0.529365 0.857439
vt 0.939866 0.156784
vt 0.940971 0.156784
vt 0.234617 0.900907
vt 0.235614 0.900907
vt 0.236609 0.900907
vt 0.969575 0.489764
vt 0.536748 0.708048
vt 0.023501 0.722540
vt 0.534282 0.708048
vt 0.531817 0.708048
vt 0.207139 0.807791
vt 0.209877 0.807791
vt 0.366444 0.751733
vt 0.368937 0.751733
vt 0.371372 0.751733
vt 0.028432 0.722540
vt 0.025967 0.722540
vt 0.536748 0.714355
vt 0.023501 0.728848
vt 0.589188 0.564729
vt 0.534282 0.714355
vt 0.591856 0.565340
vt 0.531817 0.714355
vt 0.207139 0.801483
vt 0.593996 0.563637
vt 0.209877 0.801483
vt 0.366444 0.745425
vt 0.593996 0.560899
vt 0.368937 0.745425
vt 0.591861 0.559193
vt 0.371372 0.745425
vt 0.028432 0.728848
vt 0.589191 0.559798
vt 0.025967 0.728848
vt 0.588002 0.562262
vt 0.591381 0.561098
vt 0.498612 0.863640
vt 0.967601 0.012391
vt 0.592245 0.561788
vt 0.497922 0.863640
vt 0.592245 0.562890
vt 0.496820 0.863640
vt 0.591381 0.563578
vt 0.496131 0.863640
vt 0.928667 0.931924
vt 0.590303 0.563332
vt 0.929772 0.931924
vt 0.587996 0.894763
vt 0.589825 0.562335
vt 0.588993 0.894763
vt 0.590306 0.561340
vt 0.589988 0.894763
vt 0.968703 0.012391
vt 0.498612 0.857439
vt 0.967601 0.006190
vt 0.497922 0.857439
vt 0.496820 0.857439
vt 0.496131 0.857439
vt 0.928667 0.938125
vt 0.929772 0.938125
vt 0.587996 0.900964
vt 0.588993 0.900964
vt 0.589988 0.900964
vt 0.968703 0.006190
vt 0.716231 0.577720
vt 0.723308 0.489764
vt 0.713765 0.577720
vt 0.711301 0.577720
vt 0.021307 0.803597
vt 0.024045 0.803597
vt 0.403191 0.751730
vt 0.405684 0.751730
vt 0.408119 0.751730
vt 0.728239 0.489764
vt 0.725774 0.489764
vt 0.716231 0.584028
vt 0.723308 0.496071
vt 0.581796 0.387854
vt 0.713765 0.584028
vt 0.584464 0.388465
vt 0.711301 0.584028
vt 0.021307 0.797290
vt 0.586605 0.386762
vt 0.024045 0.797290
vt 0.403191 0.745422
vt 0.586605 0.384024
vt 0.405684 0.745422
vt 0.584469 0.382318
vt 0.408119 0.745422
vt 0.728239 0.496071
vt 0.581799 0.382924
vt 0.725774 0.496071
vt 0.580611 0.385387
vt 0.583990 0.384223
vt 0.164263 0.863746
vt 0.957857 0.528340
vt 0.584853 0.384913
vt 0.163573 0.863746
vt 0.584854 0.386015
vt 0.162471 0.863746
vt 0.583990 0.386703
vt 0.161782 0.863746
vt 0.888212 0.931924
vt 0.582912 0.386457
vt 0.889318 0.931924
vt 0.702968 0.894763
vt 0.582434 0.385461
vt 0.703965 0.894763
vt 0.582915 0.384466
vt 0.704960 0.894763
vt 0.958959 0.528340
vt 0.164263 0.857545
vt 0.957857 0.522139
vt 0.163573 0.857545
vt 0.162471 0.857545
vt 0.161782 0.857545
vt 0.888212 0.938125
vt 0.889318 0.938125
vt 0.702968 0.900964
vt 0.703965 0.900964
vt 0.704960 0.900964
vt 0.958959 0.522139
vt 0.280221 0.708048
vt 0.551250 0.689524
vt 0.277755 0.708048
vt 0.275290 0.708048
vt 0.051543 0.803597
vt 0.054281 0.803597
vt 0.422633 0.751729
vt 0.425126 0.751729
vt 0.427561 0.751729
vt 0.556181 0.689524
vt 0.553716 0.689524
vt 0.280221 0.714355
vt 0.551250 0.695831
vt 0.423818 0.541278
vt 0.277755 0.714355
vt 0.422633 0.543744
vt 0.275290 0.714355
vt 0.051543 0.797290
vt 0.423821 0.546208
vt 0.054281 0.797290
vt 0.422633 0.745422
vt 0.426491 0.546813
vt 0.425126 0.745422
vt 0.428627 0.545108
vt 0.427561 0.745422
vt 0.556181 0.695831
vt 0.428627 0.542370
vt 0.553716 0.695831
vt 0.426486 0.540666
vt 0.426876 0.544219
vt 0.666054 0.845222
vt 0.952018 0.956705
vt 0.426012 0.544909
vt 0.665364 0.845222
vt 0.424937 0.544666
vt 0.664262 0.845222
vt 0.424456 0.543671
vt 0.663573 0.845222
vt 0.189775 0.931867
vt 0.424934 0.542674
vt 0.190881 0.931867
vt 0.455871 0.894707
vt 0.426012 0.542428
vt 0.456867 0.894707
vt 0.426876 0.543117
vt 0.457862 0.894707
vt 0.953120 0.956705
vt 0.666054 0.839022
vt 0.952018 0.950505
vt 0.665364 0.839022
vt 0.664262 0.839022
vt 0.663573 0.839022
vt 0.189775 0.938068
vt 0.190881 0.938068
vt 0.455871 0.900908
vt 0.456867 0.900908
vt 0.457862 0.900908
vt 0.953120 0.950505
vt 0.080370 0.703853
vt 0.422633 0.689360
vt 0.077904 0.703853
vt 0.075440 0.703853
vt 0.797849 0.565338
vt 0.800587 0.565338
vt 0.385882 0.751730
vt 0.388375 0.751730
vt 0.390811 0.751730
vt 0.427564 0.689360
vt 0.425099 0.689360
vt 0.080370 0.710161
vt 0.422633 0.695667
vt 0.331948 0.541278
vt 0.077904 0.710161
vt 0.330763 0.543744
vt 0.075440 0.710161
vt 0.797849 0.559030
vt 0.331951 0.546208
vt 0.800587 0.559030
vt 0.385882 0.745422
vt 0.334621 0.546813
vt 0.388375 0.745422
vt 0.336757 0.545108
vt 0.390811 0.745422
vt 0.427564 0.695667
vt 0.336757 0.542370
vt 0.425099 0.695667
vt 0.334616 0.540666
vt 0.335006 0.544219
vt 0.498612 0.845059
vt 0.803720 0.956705
vt 0.334142 0.544909
vt 0.497922 0.845059
vt 0.333067 0.544666
vt 0.496820 0.845059
vt 0.332586 0.543671
vt 0.496131 0.845059
vt 0.090246 0.927674
vt 0.333064 0.542674
vt 0.091351 0.927674
vt 0.051024 0.890512
vt 0.334142 0.542428
vt 0.052021 0.890512
vt 0.335006 0.543117
vt 0.053016 0.890512
vt 0.804822 0.956705
vt 0.498612 0.838858
vt 0.803720 0.950505
vt 0.497922 0.838858
vt 0.496820 0.838858
vt 0.496131 0.838858
vt 0.090246 0.933874
vt 0.091351 0.933874
vt 0.051024 0.896713
vt 0.052021 0.896713
vt 0.053016 0.896713
vt 0.804822 0.950505
vt 0.186223 0.708047
vt 0.721665 0.113315
vt 0.183757 0.708047
vt 0.181292 0.708047
vt 0.797849 0.528447
vt 0.800587 0.528447
vt 0.275290 0.751730
vt 0.277783 0.751730
vt 0.280219 0.751730
vt 0.726596 0.113315
vt 0.724131 0.113315
vt 0.186223 0.714355
vt 0.721665 0.119623
vt 0.589188 0.541278
vt 0.183757 0.714355
vt 0.588002 0.543744
vt 0.181292 0.714355
vt 0.797849 0.522139
vt 0.589190 0.546208
vt 0.800587 0.522139
vt 0.275290 0.745422
vt 0.591861 0.546813
vt 0.277783 0.745422
vt 0.593996 0.545107
vt 0.280219 0.745422
vt 0.726596 0.119623
vt 0.593996 0.542370
vt 0.724131 0.119623
vt 0.591856 0.540666
vt 0.592245 0.544219
vt 0.846792 0.733099
vt 0.871128 0.956705
vt 0.591381 0.544909
vt 0.846102 0.733099
vt 0.590306 0.544666
vt 0.845001 0.733099
vt 0.589825 0.543671
vt 0.844311 0.733099
vt 0.385882 0.931868
vt 0.590303 0.542674
vt 0.386988 0.931868
vt 0.897638 0.150583
vt 0.591381 0.542428
vt 0.898635 0.150583
vt 0.592245 0.543117
vt 0.899630 0.150583
vt 0.872230 0.956705
vt 0.846792 0.726898
vt 0.871128 0.950505
vt 0.846102 0.726898
vt 0.845001 0.726898
vt 0.844311 0.726898
vt 0.385882 0.938068
vt 0.386988 0.938068
vt 0.897638 0.156784
vt 0.898635 0.156784
vt 0.899630 0.156784
vt 0.872230 0.950505
vt 0.238164 0.708047
vt 0.721665 0.075940
vt 0.235698 0.708047
vt 0.233233 0.708047
vt 0.796780 0.658456
vt 0.799518 0.658456
vt 0.163979 0.751729
vt 0.166472 0.751729
vt 0.168907 0.751729
vt 0.726596 0.075940
vt 0.724131 0.075940
vt 0.238164 0.714355
vt 0.721665 0.082248
vt 0.552443 0.522751
vt 0.235698 0.714355
vt 0.551257 0.525218
vt 0.233233 0.714355
vt 0.796780 0.652149
vt 0.552445 0.527682
vt 0.799518 0.652149
vt 0.163979 0.745422
vt 0.555116 0.528287
vt 0.166472 0.745422
vt 0.557251 0.526581
vt 0.168907 0.745422
vt 0.726596 0.082248
vt 0.557251 0.523843
vt 0.724131 0.082248
vt 0.555110 0.522140
vt 0.555500 0.525692
vt 0.856027 0.082141
vt 0.957903 0.789054
vt 0.554636 0.526382
vt 0.855337 0.082141
vt 0.553561 0.526139
vt 0.854235 0.082141
vt 0.553080 0.525144
vt 0.853546 0.082141
vt 0.293666 0.931871
vt 0.553558 0.524148
vt 0.294772 0.931871
vt 0.891973 0.801647
vt 0.554636 0.523901
vt 0.892970 0.801647
vt 0.555500 0.524590
vt 0.893965 0.801647
vt 0.959004 0.789054
vt 0.856027 0.075940
vt 0.957903 0.782853
vt 0.855337 0.075940
vt 0.854235 0.075940
vt 0.853546 0.075940
vt 0.293666 0.938072
vt 0.294772 0.938072
vt 0.891973 0.807848
vt 0.892970 0.807848
vt 0.893965 0.807848
vt 0.959004 0.782853
vt 0.657353 0.261371
vt 0.655478 0.363791
vt 0.654886 0.261371
vt 0.652419 0.261371
vt 0.726473 0.807955
vt 0.729209 0.807955
vt 0.756284 0.341787
vt 0.758777 0.341787
vt 0.761211 0.341787
vt 0.660411 0.363791
vt 0.657944 0.363791
vt 0.657353 0.267678
vt 0.655478 0.370098
vt 0.497317 0.527673
vt 0.654886 0.267678
vt 0.499985 0.528286
vt 0.652419 0.267678
vt 0.726473 0.801647
vt 0.502128 0.526582
vt 0.729209 0.801647
vt 0.756284 0.335479
vt 0.502128 0.523847
vt 0.758777 0.335479
vt 0.499995 0.522140
vt 0.761211 0.335479
vt 0.660411 0.370098
vt 0.497326 0.522740
vt 0.657944 0.370098
vt 0.496134 0.525206
vt 0.499513 0.524044
vt 0.008671 0.859552
vt 0.925055 0.956705
vt 0.500376 0.524734
vt 0.007981 0.859552
vt 0.500376 0.525836
vt 0.006879 0.859552
vt 0.499512 0.526525
vt 0.006190 0.859552
vt 0.928022 0.452282
vt 0.498434 0.526278
vt 0.929127 0.452282
vt 0.912010 0.280058
vt 0.497957 0.525280
vt 0.913006 0.280058
vt 0.498438 0.524286
vt 0.914001 0.280058
vt 0.926157 0.956705
vt 0.008671 0.853351
vt 0.925055 0.950505
vt 0.007981 0.853351
vt 0.006879 0.853351
vt 0.006190 0.853351
vt 0.928022 0.458483
vt 0.929127 0.458483
vt 0.912010 0.286259
vt 0.913006 0.286259
vt 0.914001 0.286259
vt 0.926157 0.950505
vt 0.658118 0.024877
vt 0.181294 0.651985
vt 0.655652 0.024877
vt 0.653185 0.024877
vt 0.808204 0.286366
vt 0.810939 0.286366
vt 0.757050 0.031185
vt 0.759542 0.031185
vt 0.761976 0.031185
vt 0.186228 0.651985
vt 0.183761 0.651985
vt 0.658118 0.031185
vt 0.181294 0.658293
vt 0.368696 0.522753
vt 0.655652 0.031185
vt 0.367512 0.525221
vt 0.653185 0.031185
vt 0.808204 0.280058
vt 0.368704 0.527686
vt 0.810939 0.280058
vt 0.757050 0.024877
vt 0.371373 0.528287
vt 0.759542 0.024877
vt 0.373507 0.526579
vt 0.761976 0.024877
vt 0.186228 0.658293
vt 0.373507 0.523844
vt 0.183761 0.658293
vt 0.371363 0.522140
vt 0.371755 0.525692
vt 0.885748 0.100828
vt 0.496131 0.975123
vt 0.370892 0.526383
vt 0.885058 0.100828
vt 0.369816 0.526140
vt 0.883956 0.100828
vt 0.369335 0.525146
vt 0.883267 0.100828
vt 0.930933 0.764272
vt 0.369812 0.524149
vt 0.932038 0.764272
vt 0.293666 0.894710
vt 0.370890 0.523902
vt 0.294663 0.894710
vt 0.371754 0.524590
vt 0.295658 0.894710
vt 0.497233 0.975123
vt 0.885748 0.094628
vt 0.496131 0.968922
vt 0.885058 0.094628
vt 0.883956 0.094628
vt 0.883267 0.094628
vt 0.930933 0.770473
vt 0.932038 0.770473
vt 0.293666 0.900911
vt 0.294663 0.900911
vt 0.295658 0.900911
vt 0.497233 0.968922
vt 0.641683 0.471076
vt 0.215920 0.651985
vt 0.639216 0.471076
vt 0.636749 0.471076
vt 0.741589 0.807955
vt 0.744324 0.807955
vt 0.756287 0.193407
vt 0.758780 0.193407
vt 0.761214 0.193407
vt 0.220854 0.651985
vt 0.218387 0.651985
vt 0.641683 0.477384
vt 0.215920 0.658293
vt 0.405445 0.522753
vt 0.639216 0.477384
vt 0.404261 0.525221
vt 0.636749 0.477384
vt 0.741589 0.801647
vt 0.405453 0.527686
vt 0.744324 0.801647
vt 0.756287 0.187100
vt 0.408122 0.528287
vt 0.758780 0.187100
vt 0.410256 0.526579
vt 0.761214 0.187100
vt 0.220854 0.658293
vt 0.410256 0.523844
vt 0.218387 0.658293
vt 0.408112 0.522140
vt 0.408504 0.525692
vt 0.861654 0.677037
vt 0.958091 0.714411
vt 0.407641 0.526383
vt 0.860964 0.677037
vt 0.406566 0.526140
vt 0.859862 0.677037
vt 0.406084 0.525146
vt 0.859173 0.677037
vt 0.926381 0.113315
vt 0.406561 0.524149
vt 0.927487 0.113315
vt 0.898404 0.043351
vt 0.407639 0.523902
vt 0.899401 0.043351
vt 0.408504 0.524590
vt 0.900396 0.043351
vt 0.959193 0.714411
vt 0.861654 0.670836
vt 0.958091 0.708211
vt 0.860964 0.670836
vt 0.859862 0.670836
vt 0.859173 0.670836
vt 0.926381 0.119516
vt 0.927487 0.119516
vt 0.898404 0.049551
vt 0.899401 0.049551
vt 0.900396 0.049551
vt 0.959193 0.708211
vt 0.408126 0.708047
vt 0.058127 0.722540
vt 0.405660 0.708047
vt 0.403196 0.708047
vt 0.066660 0.803597
vt 0.069398 0.803597
vt 0.744857 0.733205
vt 0.747350 0.733205
vt 0.749785 0.733205
vt 0.063058 0.722540
vt 0.060593 0.722540
vt 0.408126 0.714355
vt 0.058127 0.728848
vt 0.589190 0.527675
vt 0.405660 0.714355
vt 0.591858 0.528286
vt 0.403196 0.714355
vt 0.066660 0.797290
vt 0.593998 0.526583
vt 0.069398 0.797290
vt 0.744857 0.726898
vt 0.593998 0.523845
vt 0.747350 0.726898
vt 0.591863 0.522140
vt 0.749785 0.726898
vt 0.063058 0.728848
vt 0.589193 0.522745
vt 0.060593 0.728848
vt 0.588004 0.525208
vt 0.591383 0.524044
vt 0.860535 0.565231
vt 0.938537 0.956705
vt 0.592247 0.524734
vt 0.859845 0.565231
vt 0.592247 0.525836
vt 0.858744 0.565231
vt 0.591383 0.526525
vt 0.858054 0.565231
vt 0.930887 0.559030
vt 0.590306 0.526278
vt 0.931993 0.559030
vt 0.903636 0.857602
vt 0.589828 0.525282
vt 0.904632 0.857602
vt 0.590308 0.524287
vt 0.905627 0.857602
vt 0.939638 0.956705
vt 0.860535 0.559030
vt 0.938537 0.950505
vt 0.859845 0.559030
vt 0.858744 0.559030
vt 0.858054 0.559030
vt 0.930887 0.565231
vt 0.931993 0.565231
vt 0.903636 0.863803
vt 0.904632 0.863803
vt 0.905627 0.863803
vt 0.939638 0.950505
vt 0.715168 0.689523
vt 0.117215 0.722538
vt 0.712702 0.689523
vt 0.710238 0.689523
vt 0.192021 0.807791
vt 0.194759 0.807791
vt 0.744859 0.658456
vt 0.747352 0.658456
vt 0.749787 0.658456
vt 0.122146 0.722538
vt 0.119681 0.722538
vt 0.715168 0.695831
vt 0.117215 0.728845
vt 0.062496 0.597586
vt 0.712702 0.695831
vt 0.065164 0.598197
vt 0.710238 0.695831
vt 0.192021 0.801483
vt 0.067304 0.596494
vt 0.194759 0.801483
vt 0.744859 0.652149
vt 0.067304 0.593756
vt 0.747352 0.652149
vt 0.065169 0.592051
vt 0.749787 0.652149
vt 0.122146 0.728845
vt 0.062499 0.592656
vt 0.119681 0.728845
vt 0.061311 0.595119
vt 0.064689 0.593955
vt 0.254454 0.882327
vt 0.958966 0.826535
vt 0.065553 0.594645
vt 0.253764 0.882327
vt 0.065554 0.595747
vt 0.252662 0.882327
vt 0.064690 0.596436
vt 0.251973 0.882327
vt 0.928022 0.433702
vt 0.063612 0.596189
vt 0.929127 0.433702
vt 0.912010 0.205790
vt 0.063134 0.595193
vt 0.913007 0.205790
vt 0.063615 0.594198
vt 0.914002 0.205790
vt 0.960068 0.826535
vt 0.254454 0.876126
vt 0.958966 0.820334
vt 0.253764 0.876126
vt 0.252662 0.876126
vt 0.251973 0.876126
vt 0.928022 0.439903
vt 0.929127 0.439903
vt 0.912010 0.211990
vt 0.913007 0.211990
vt 0.914002 0.211990
vt 0.960068 0.820334
vt 0.335693 0.708050
vt 0.531817 0.689360
vt 0.333227 0.708050
vt 0.330763 0.708050
vt 0.222257 0.807791
vt 0.224995 0.807791
vt 0.744859 0.639769
vt 0.747352 0.639769
vt 0.749787 0.639769
vt 0.536748 0.689360
vt 0.534283 0.689360
vt 0.335693 0.714358
vt 0.531817 0.695668
vt 0.589182 0.578332
vt 0.333227 0.714358
vt 0.587996 0.580799
vt 0.330763 0.714358
vt 0.222257 0.801483
vt 0.589185 0.583263
vt 0.224995 0.801483
vt 0.744859 0.633462
vt 0.591855 0.583867
vt 0.747352 0.633462
vt 0.593990 0.582162
vt 0.749787 0.633462
vt 0.536748 0.695668
vt 0.593990 0.579424
vt 0.534283 0.695668
vt 0.591850 0.577721
vt 0.592239 0.581273
vt 0.277771 0.882327
vt 0.955637 0.938125
vt 0.591375 0.581963
vt 0.277081 0.882327
vt 0.590301 0.581720
vt 0.275980 0.882327
vt 0.589819 0.580725
vt 0.275290 0.882327
vt 0.928022 0.470863
vt 0.590298 0.579728
vt 0.929127 0.470863
vt 0.688597 0.894763
vt 0.591375 0.579482
vt 0.689593 0.894763
vt 0.592239 0.580171
vt 0.690588 0.894763
vt 0.956739 0.938125
vt 0.277771 0.876126
vt 0.955637 0.931924
vt 0.277081 0.876126
vt 0.275980 0.876126
vt 0.275290 0.876126
vt 0.928022 0.477064
vt 0.929127 0.477064
vt 0.688597 0.900964
vt 0.689593 0.900964
vt 0.690588 0.900964
vt 0.956739 0.931924
vt 0.028432 0.703853
vt 0.250546 0.708047
vt 0.025966 0.703853
vt 0.023501 0.703853
vt 0.176904 0.807791
vt 0.179642 0.807791
vt 0.744857 0.695831
vt 0.747350 0.695831
vt 0.749785 0.695831
vt 0.255477 0.708047
vt 0.253013 0.708047
vt 0.028432 0.710161
vt 0.250546 0.714355
vt 0.080870 0.592662
vt 0.025966 0.710161
vt 0.079684 0.595128
vt 0.023501 0.710161
vt 0.176904 0.801484
vt 0.080873 0.597592
vt 0.179642 0.801484
vt 0.744857 0.689523
vt 0.083543 0.598197
vt 0.747350 0.689523
vt 0.085678 0.596492
vt 0.749785 0.689523
vt 0.255477 0.714355
vt 0.085678 0.593754
vt 0.253013 0.714355
vt 0.083538 0.592050
vt 0.083927 0.595603
vt 0.846791 0.751786
vt 0.736312 0.956705
vt 0.083063 0.596293
vt 0.846101 0.751786
vt 0.081988 0.596050
vt 0.844999 0.751786
vt 0.081507 0.595055
vt 0.844310 0.751786
vt 0.926384 0.316789
vt 0.081985 0.594058
vt 0.927489 0.316789
vt 0.006190 0.890512
vt 0.083063 0.593812
vt 0.007186 0.890512
vt 0.083927 0.594501
vt 0.008182 0.890512
vt 0.737414 0.956705
vt 0.846791 0.745585
vt 0.736312 0.950505
vt 0.846101 0.745585
vt 0.844999 0.745585
vt 0.844310 0.745585
vt 0.926384 0.322989
vt 0.927489 0.322989
vt 0.006190 0.896713
vt 0.007186 0.896713
vt 0.008182 0.896713
vt 0.737414 0.950505
vt 0.097681 0.703853
vt 0.711308 0.522139
vt 0.095215 0.703853
vt 0.092751 0.703853
vt 0.237374 0.807791
vt 0.240112 0.807791
vt 0.744857 0.714518
vt 0.747350 0.714518
vt 0.749785 0.714518
vt 0.716239 0.522139
vt 0.713775 0.522139
vt 0.097681 0.710161
vt 0.711308 0.528447
vt 0.044122 0.597586
vt 0.095215 0.710161
vt 0.046790 0.598197
vt 0.092751 0.710161
vt 0.237374 0.801484
vt 0.048931 0.596494
vt 0.240112 0.801484
vt 0.744857 0.708211
vt 0.048931 0.593756
vt 0.747350 0.708211
vt 0.046796 0.592051
vt 0.749785 0.708211
vt 0.716239 0.528447
vt 0.044125 0.592656
vt 0.713775 0.528447
vt 0.042937 0.595119
vt 0.046316 0.593955
vt 0.516985 0.882220
vt 0.776757 0.956705
vt 0.047180 0.594645
vt 0.516295 0.882220
vt 0.047180 0.595747
vt 0.515193 0.882220
vt 0.046316 0.596436
vt 0.514504 0.882220
vt 0.918540 0.894763
vt 0.045238 0.596189
vt 0.919646 0.894763
vt 0.903265 0.689523
vt 0.044760 0.595193
vt 0.904261 0.689523
vt 0.045241 0.594198
vt 0.905256 0.689523
vt 0.777859 0.956705
vt 0.516985 0.876020
vt 0.776757 0.950505
vt 0.516295 0.876020
vt 0.515193 0.876020
vt 0.514504 0.876020
vt 0.918540 0.900964
vt 0.919646 0.900964
vt 0.903265 0.695724
vt 0.904261 0.695724
vt 0.905256 0.695724
vt 0.777859 0.950505
vt 0.710928 0.452389
vt 0.385882 0.689360
vt 0.708462 0.452389
vt 0.705997 0.452389
vt 0.161786 0.807791
vt 0.164524 0.807791
vt 0.744859 0.621082
vt 0.747352 0.621082
vt 0.749787 0.621082
vt 0.390813 0.689360
vt 0.388349 0.689360
vt 0.710928 0.458697
vt 0.385882 0.695668
vt 0.585294 0.364402
vt 0.708462 0.458697
vt 0.584108 0.366869
vt 0.705997 0.458697
vt 0.161786 0.801484
vt 0.585297 0.369333
vt 0.164524 0.801484
vt 0.744859 0.614774
vt 0.587967 0.369938
vt 0.747352 0.614774
vt 0.590102 0.368232
vt 0.749787 0.614774
vt 0.390813 0.695668
vt 0.590102 0.365494
vt 0.388349 0.695668
vt 0.587962 0.363791
vt 0.588351 0.367344
vt 0.194236 0.882327
vt 0.790239 0.956705
vt 0.587487 0.368034
vt 0.193546 0.882327
vt 0.586412 0.367791
vt 0.192445 0.882327
vt 0.585931 0.366796
vt 0.191755 0.882327
vt 0.926431 0.400845
vt 0.586410 0.365799
vt 0.927536 0.400845
vt 0.897638 0.132002
vt 0.587487 0.365553
vt 0.898635 0.132002
vt 0.588351 0.366242
vt 0.899630 0.132002
vt 0.791341 0.956705
vt 0.194236 0.876126
vt 0.790239 0.950505
vt 0.193546 0.876126
vt 0.192445 0.876126
vt 0.191755 0.876126
vt 0.926431 0.407045
vt 0.927536 0.407045
vt 0.897638 0.138203
vt 0.898635 0.138203
vt 0.899630 0.138203
vt 0.791341 0.950505
vt 0.641683 0.489764
vt 0.687043 0.113315
vt 0.639216 0.489764
vt 0.636749 0.489764
vt 0.839198 0.031185
vt 0.841932 0.031185
vt 0.514504 0.789104
vt 0.517000 0.789104
vt 0.519431 0.789104
vt 0.691975 0.113315
vt 0.689509 0.113315
vt 0.641683 0.496071
vt 0.687043 0.119623
vt 0.330763 0.580792
vt 0.639216 0.496071
vt 0.331950 0.583258
vt 0.636749 0.496071
vt 0.839198 0.024877
vt 0.334620 0.583868
vt 0.841932 0.024877
vt 0.514504 0.782797
vt 0.336756 0.582162
vt 0.517000 0.782797
vt 0.336756 0.579426
vt 0.519431 0.782797
vt 0.691975 0.119623
vt 0.334620 0.577720
vt 0.689509 0.119623
vt 0.331950 0.578327
vt 0.334969 0.580239
vt 0.023784 0.859552
vt 0.763275 0.975286
vt 0.334969 0.581345
vt 0.023094 0.859552
vt 0.334108 0.582033
vt 0.021993 0.859552
vt 0.333031 0.581788
vt 0.021303 0.859552
vt 0.362621 0.931764
vt 0.332550 0.580792
vt 0.363727 0.931764
vt 0.897641 0.316789
vt 0.333031 0.579797
vt 0.898638 0.316789
vt 0.334108 0.579552
vt 0.899633 0.316789
vt 0.764377 0.975286
vt 0.023784 0.853351
vt 0.763275 0.969085
vt 0.023094 0.853351
vt 0.021993 0.853351
vt 0.021303 0.853351
vt 0.362621 0.937965
vt 0.363727 0.937965
vt 0.897641 0.322989
vt 0.898638 0.322989
vt 0.899633 0.322989
vt 0.764377 0.969085
vt 0.537810 0.633299
vt 0.146668 0.689360
vt 0.535344 0.633299
vt 0.532877 0.633299
vt 0.161782 0.845166
vt 0.164515 0.845166
vt 0.773591 0.286366
vt 0.776086 0.286366
vt 0.778517 0.286366
vt 0.151600 0.689360
vt 0.149135 0.689360
vt 0.537810 0.639606
vt 0.146668 0.695667
vt 0.581813 0.046316
vt 0.535344 0.639606
vt 0.583000 0.048781
vt 0.532877 0.639606
vt 0.161782 0.838858
vt 0.585670 0.049391
vt 0.164515 0.838858
vt 0.773591 0.280058
vt 0.587806 0.047685
vt 0.776086 0.280058
vt 0.587806 0.044949
vt 0.778517 0.280058
vt 0.151600 0.695667
vt 0.585670 0.043243
vt 0.149135 0.695667
vt 0.583000 0.043850
vt 0.586019 0.045763
vt 0.311008 0.882330
vt 0.980317 0.341680
vt 0.586019 0.046868
vt 0.310318 0.882330
vt 0.585158 0.047556
vt 0.309216 0.882330
vt 0.584081 0.047311
vt 0.308527 0.882330
vt 0.929434 0.363791
vt 0.583600 0.046316
vt 0.930539 0.363791
vt 0.912776 0.006190
vt 0.584081 0.045320
vt 0.913772 0.006190
vt 0.585158 0.045075
vt 0.914767 0.006190
vt 0.981419 0.341680
vt 0.311008 0.876129
vt 0.980317 0.335479
vt 0.310318 0.876129
vt 0.309216 0.876129
vt 0.308527 0.876129
vt 0.929434 0.369991
vt 0.930539 0.369991
vt 0.912776 0.012391
vt 0.913772 0.012391
vt 0.914767 0.012391
vt 0.981419 0.335479
vt 0.624370 0.471076
vt 0.687044 0.335479
vt 0.621903 0.471076
vt 0.619436 0.471076
vt 0.842124 0.658456
vt 0.844858 0.658456
vt 0.773593 0.248991
vt 0.776089 0.248991
vt 0.778520 0.248991
vt 0.691975 0.335479
vt 0.689510 0.335479
vt 0.624370 0.477384
vt 0.687044 0.341787
vt 0.581050 0.116227
vt 0.621903 0.477384
vt 0.582237 0.118693
vt 0.619436 0.477384
vt 0.842124 0.652149
vt 0.584908 0.119302
vt 0.844858 0.652149
vt 0.773593 0.242683
vt 0.587044 0.117597
vt 0.776089 0.242683
vt 0.587044 0.114861
vt 0.778520 0.242683
vt 0.691975 0.341787
vt 0.584908 0.113155
vt 0.689510 0.341787
vt 0.582237 0.113761
vt 0.585256 0.115674
vt 0.860580 0.789054
vt 0.614965 0.975286
vt 0.585256 0.116780
vt 0.859890 0.789054
vt 0.584396 0.117468
vt 0.858789 0.789054
vt 0.583318 0.117223
vt 0.858099 0.789054
vt 0.926381 0.261371
vt 0.582837 0.116227
vt 0.927486 0.261371
vt 0.912010 0.150583
vt 0.583318 0.115232
vt 0.913006 0.150583
vt 0.584396 0.114986
vt 0.914001 0.150583
vt 0.616067 0.975286
vt 0.860580 0.782853
vt 0.614965 0.969085
vt 0.859890 0.782853
vt 0.858789 0.782853
vt 0.858099 0.782853
vt 0.926381 0.267572
vt 0.927486 0.267572
vt 0.912010 0.156784
vt 0.913006 0.156784
vt 0.914001 0.156784
vt 0.616067 0.969085
vt 0.709288 0.242684
vt 0.040812 0.741228
vt 0.706822 0.242684
vt 0.704357 0.242684
vt 0.456126 0.807791
vt 0.458862 0.807791
vt 0.310975 0.751733
vt 0.313471 0.751733
vt 0.315903 0.751733
vt 0.045741 0.741228
vt 0.043278 0.741228
vt 0.709288 0.248991
vt 0.040812 0.747535
vt 0.569623 0.580793
vt 0.706822 0.248991
vt 0.570811 0.583259
vt 0.704357 0.248991
vt 0.456126 0.801484
vt 0.573478 0.583868
vt 0.458862 0.801484
vt 0.310975 0.745425
vt 0.575617 0.582162
vt 0.313471 0.745425
vt 0.575617 0.579426
vt 0.315903 0.745425
vt 0.045741 0.747535
vt 0.573478 0.577721
vt 0.043278 0.747535
vt 0.570811 0.578327
vt 0.573830 0.580240
vt 0.861653 0.733099
vt 0.749794 0.975286
vt 0.573830 0.581346
vt 0.860963 0.733099
vt 0.572969 0.582034
vt 0.859861 0.733099
vt 0.571892 0.581789
vt 0.859172 0.733099
vt 0.161037 0.931867
vt 0.571411 0.580793
vt 0.162143 0.931867
vt 0.330763 0.894709
vt 0.571892 0.579797
vt 0.331759 0.894709
vt 0.572969 0.579552
vt 0.332755 0.894709
vt 0.750896 0.975286
vt 0.861653 0.726898
vt 0.749794 0.969085
vt 0.860963 0.726898
vt 0.859861 0.726898
vt 0.859172 0.726898
vt 0.161037 0.938068
vt 0.162143 0.938068
vt 0.330763 0.900910
vt 0.331759 0.900910
vt 0.332755 0.900910
vt 0.750896 0.969085
vt 0.501062 0.708047
vt 0.023500 0.741228
vt 0.498596 0.708047
vt 0.496131 0.708047
vt 0.422633 0.807791
vt 0.425369 0.807791
vt 0.198598 0.751729
vt 0.201094 0.751729
vt 0.203527 0.751729
vt 0.028430 0.741228
vt 0.025967 0.741228
vt 0.501062 0.714355
vt 0.023500 0.747535
vt 0.582693 0.455301
vt 0.498596 0.714355
vt 0.583880 0.457767
vt 0.496131 0.714355
vt 0.422633 0.801483
vt 0.586547 0.458376
vt 0.425369 0.801483
vt 0.198598 0.745422
vt 0.588686 0.456671
vt 0.201094 0.745422
vt 0.588686 0.453935
vt 0.203527 0.745422
vt 0.028430 0.747535
vt 0.586547 0.452229
vt 0.025967 0.747535
vt 0.583880 0.452836
vt 0.586899 0.454748
vt 0.333244 0.882330
vt 0.551250 0.975286
vt 0.586899 0.455854
vt 0.332554 0.882330
vt 0.586039 0.456542
vt 0.331452 0.882330
vt 0.584961 0.456297
vt 0.330763 0.882330
vt 0.929594 0.876182
vt 0.584481 0.455301
vt 0.930699 0.876182
vt 0.912498 0.094628
vt 0.584961 0.454306
vt 0.913495 0.094628
vt 0.586039 0.454061
vt 0.914490 0.094628
vt 0.552352 0.975286
vt 0.333244 0.876129
vt 0.551250 0.969085
vt 0.332554 0.876129
vt 0.331452 0.876129
vt 0.330763 0.876129
vt 0.929594 0.882383
vt 0.930699 0.882383
vt 0.912498 0.100828
vt 0.913495 0.100828
vt 0.914490 0.100828
vt 0.552352 0.969085
vt 0.709285 0.075940
vt 0.058122 0.741228
vt 0.706819 0.075940
vt 0.704354 0.075940
vt 0.441010 0.807791
vt 0.443746 0.807791
vt 0.215914 0.751729
vt 0.218410 0.751729
vt 0.220842 0.751729
vt 0.063051 0.741228
vt 0.060588 0.741228
vt 0.709285 0.082248
vt 0.058122 0.747535
vt 0.581050 0.079173
vt 0.706819 0.082248
vt 0.582237 0.081638
vt 0.704354 0.082248
vt 0.441010 0.801484
vt 0.584904 0.082248
vt 0.443746 0.801484
vt 0.215914 0.745422
vt 0.587044 0.080542
vt 0.218410 0.745422
vt 0.587044 0.077806
vt 0.220842 0.745422
vt 0.063051 0.747535
vt 0.584904 0.076100
vt 0.060588 0.747535
vt 0.582237 0.076707
vt 0.585256 0.078619
vt 0.857669 0.477277
vt 0.628449 0.975286
vt 0.585256 0.079725
vt 0.856979 0.477277
vt 0.584396 0.080413
vt 0.855877 0.477277
vt 0.583318 0.080168
vt 0.855188 0.477277
vt 0.930071 0.633462
vt 0.582837 0.079173
vt 0.931176 0.633462
vt 0.659854 0.894763
vt 0.583318 0.078177
vt 0.660851 0.894763
vt 0.584396 0.077932
vt 0.661846 0.894763
vt 0.629551 0.975286
vt 0.857669 0.471076
vt 0.628449 0.969085
vt 0.856979 0.471076
vt 0.855877 0.471076
vt 0.855188 0.471076
vt 0.930071 0.639662
vt 0.931176 0.639662
vt 0.659854 0.900964
vt 0.660851 0.900964
vt 0.661846 0.900964
vt 0.629551 0.969085
vt 0.662177 0.689523
vt 0.738975 0.094628
vt 0.659711 0.689523
vt 0.657247 0.689523
vt 0.293666 0.807795
vt 0.296402 0.807795
vt 0.146668 0.751729
vt 0.149164 0.751729
vt 0.151597 0.751729
vt 0.743904 0.094628
vt 0.741441 0.094628
vt 0.662177 0.695831
vt 0.738975 0.100935
vt 0.551250 0.580793
vt 0.659711 0.695831
vt 0.552438 0.583259
vt 0.657247 0.695831
vt 0.293666 0.801487
vt 0.555104 0.583868
vt 0.296402 0.801487
vt 0.146668 0.745422
vt 0.557244 0.582162
vt 0.149164 0.745422
vt 0.557244 0.579426
vt 0.151597 0.745422
vt 0.743904 0.100935
vt 0.555104 0.577721
vt 0.741441 0.100935
vt 0.552438 0.578327
vt 0.555456 0.580240
vt 0.846795 0.620975
vt 0.564734 0.975286
vt 0.555456 0.581346
vt 0.846105 0.620975
vt 0.554596 0.582034
vt 0.845003 0.620975
vt 0.553518 0.581789
vt 0.844314 0.620975
vt 0.035419 0.927674
vt 0.553038 0.580793
vt 0.036525 0.927674
vt 0.903265 0.708211
vt 0.553518 0.579797
vt 0.904261 0.708211
vt 0.554596 0.579552
vt 0.905256 0.708211
vt 0.565836 0.975286
vt 0.846795 0.614774
vt 0.564734 0.969086
vt 0.846105 0.614774
vt 0.845003 0.614774
vt 0.844314 0.614774
vt 0.035419 0.933874
vt 0.036525 0.933874
vt 0.903265 0.714411
vt 0.904261 0.714411
vt 0.905256 0.714411
vt 0.565836 0.969086
vt 0.371378 0.689363
vt 0.728611 0.577720
vt 0.368912 0.689363
vt 0.366447 0.689363
vt 0.330763 0.807794
vt 0.333499 0.807794
vt 0.745927 0.528447
vt 0.748423 0.528447
vt 0.750856 0.528447
vt 0.733540 0.577720
vt 0.731077 0.577720
vt 0.371378 0.695671
vt 0.728611 0.584028
vt 0.532877 0.580793
vt 0.368912 0.695671
vt 0.534065 0.583259
vt 0.366447 0.695671
vt 0.330763 0.801487
vt 0.536731 0.583868
vt 0.333499 0.801487
vt 0.745927 0.522139
vt 0.538871 0.582162
vt 0.748423 0.522139
vt 0.538871 0.579426
vt 0.750856 0.522139
vt 0.733540 0.584028
vt 0.536731 0.577721
vt 0.731077 0.584028
vt 0.534065 0.578327
vt 0.537083 0.580240
vt 0.876884 0.845222
vt 0.399366 0.975229
vt 0.537083 0.581346
vt 0.876194 0.845222
vt 0.536223 0.582034
vt 0.875093 0.845222
vt 0.535145 0.581789
vt 0.874403 0.845222
vt 0.261621 0.913287
vt 0.534665 0.580793
vt 0.262726 0.913287
vt 0.902147 0.559030
vt 0.535145 0.579797
vt 0.903143 0.559030
vt 0.536223 0.579552
vt 0.904139 0.559030
vt 0.400468 0.975229
vt 0.876884 0.839022
vt 0.399366 0.969029
vt 0.876194 0.839022
vt 0.875093 0.839022
vt 0.874403 0.839022
vt 0.261621 0.919488
vt 0.262726 0.919488
vt 0.902147 0.565231
vt 0.903143 0.565231
vt 0.904139 0.565231
vt 0.400468 0.969029
vt 0.519435 0.689360
vt 0.738536 0.400845
vt 0.516969 0.689360
vt 0.514504 0.689360
vt 0.308782 0.807795
vt 0.311518 0.807795
vt 0.745920 0.584028
vt 0.748415 0.584028
vt 0.750848 0.584028
vt 0.743465 0.400845
vt 0.741002 0.400845
vt 0.519435 0.695668
vt 0.738536 0.407152
vt 0.580611 0.403917
vt 0.516969 0.695668
vt 0.581798 0.406383
vt 0.514504 0.695668
vt 0.308782 0.801487
vt 0.584465 0.406992
vt 0.311518 0.801487
vt 0.745920 0.577720
vt 0.586604 0.405286
vt 0.748415 0.577720
vt 0.586604 0.402550
vt 0.750848 0.577720
vt 0.743465 0.407152
vt 0.584465 0.400845
vt 0.741002 0.407152
vt 0.581798 0.401451
vt 0.584817 0.403364
vt 0.855587 0.407046
vt 0.308035 0.975233
vt 0.584817 0.404469
vt 0.854897 0.407046
vt 0.583956 0.405158
vt 0.853796 0.407046
vt 0.582879 0.404912
vt 0.853106 0.407046
vt 0.928020 0.489764
vt 0.582398 0.403917
vt 0.929125 0.489764
vt 0.021050 0.890512
vt 0.582879 0.402921
vt 0.022047 0.890512
vt 0.583956 0.402676
vt 0.023042 0.890512
vt 0.309137 0.975233
vt 0.855587 0.400845
vt 0.308035 0.969032
vt 0.854897 0.400845
vt 0.853796 0.400845
vt 0.853106 0.400845
vt 0.928020 0.495964
vt 0.929125 0.495964
vt 0.021050 0.896713
vt 0.022047 0.896713
vt 0.023042 0.896713
vt 0.309137 0.969032
vt 0.011121 0.685166
vt 0.652419 0.132002
vt 0.008655 0.685166
vt 0.006190 0.685166
vt 0.275290 0.826479
vt 0.278024 0.826479
vt 0.330763 0.789107
vt 0.333259 0.789107
vt 0.335690 0.789107
vt 0.657353 0.132002
vt 0.654886 0.132002
vt 0.011121 0.691474
vt 0.652419 0.138310
vt 0.441010 0.543742
vt 0.008655 0.691474
vt 0.442197 0.546207
vt 0.006190 0.691474
vt 0.275290 0.820171
vt 0.444867 0.546814
vt 0.278024 0.820171
vt 0.330763 0.782799
vt 0.447003 0.545108
vt 0.333259 0.782799
vt 0.447003 0.542372
vt 0.335690 0.782799
vt 0.657353 0.138310
vt 0.444867 0.540666
vt 0.654886 0.138310
vt 0.442197 0.541276
vt 0.445216 0.543189
vt 0.388363 0.863746
vt 0.980317 0.119516
vt 0.445216 0.544295
vt 0.387674 0.863746
vt 0.444355 0.544982
vt 0.386572 0.863746
vt 0.443278 0.544737
vt 0.385883 0.863746
vt 0.218513 0.931867
vt 0.442797 0.543742
vt 0.219619 0.931867
vt 0.897639 0.335479
vt 0.443278 0.542746
vt 0.898635 0.335479
vt 0.444355 0.542501
vt 0.899630 0.335479
vt 0.981419 0.119516
vt 0.388363 0.857546
vt 0.980317 0.113315
vt 0.387674 0.857546
vt 0.386572 0.857546
vt 0.385883 0.857546
vt 0.218513 0.938068
vt 0.219619 0.938068
vt 0.897639 0.341680
vt 0.898635 0.341680
vt 0.899630 0.341680
vt 0.981419 0.113315
vt 0.122148 0.647789
vt 0.675618 0.633461
vt 0.119682 0.647789
vt 0.117215 0.647789
vt 0.456126 0.826479
vt 0.458859 0.826479
vt 0.779471 0.714518
vt 0.781967 0.714518
vt 0.784398 0.714518
vt 0.680550 0.633461
vt 0.678085 0.633461
vt 0.122148 0.654096
vt 0.675618 0.639769
vt 0.367510 0.543739
vt 0.119682 0.654096
vt 0.368697 0.546204
vt 0.117215 0.654096
vt 0.456126 0.820171
vt 0.371367 0.546814
vt 0.458859 0.820171
vt 0.779471 0.708210
vt 0.373503 0.545108
vt 0.781967 0.708210
vt 0.373503 0.542372
vt 0.784398 0.708210
vt 0.680550 0.639769
vt 0.371367 0.540666
vt 0.678085 0.639769
vt 0.368697 0.541273
vt 0.371716 0.543186
vt 0.870890 0.248884
vt 0.275290 0.975230
vt 0.371716 0.544291
vt 0.870200 0.248884
vt 0.370855 0.544979
vt 0.869098 0.248884
vt 0.369778 0.544734
vt 0.868409 0.248884
vt 0.930879 0.577720
vt 0.369297 0.543739
vt 0.931984 0.577720
vt 0.146668 0.894706
vt 0.369778 0.542743
vt 0.147665 0.894706
vt 0.370855 0.542498
vt 0.148660 0.894706
vt 0.276392 0.975230
vt 0.870890 0.242684
vt 0.275290 0.969029
vt 0.870200 0.242684
vt 0.869098 0.242684
vt 0.868409 0.242684
vt 0.930879 0.583921
vt 0.931984 0.583921
vt 0.146668 0.900907
vt 0.147665 0.900907
vt 0.148660 0.900907
vt 0.276392 0.969029
vt 0.064119 0.647791
vt 0.652420 0.205790
vt 0.061653 0.647791
vt 0.059186 0.647791
vt 0.771819 0.807955
vt 0.774554 0.807955
vt 0.756287 0.248991
vt 0.758780 0.248991
vt 0.761214 0.248991
vt 0.657353 0.205790
vt 0.654886 0.205790
vt 0.064119 0.654099
vt 0.652420 0.212097
vt 0.184601 0.522753
vt 0.061653 0.654099
vt 0.183418 0.525221
vt 0.059186 0.654099
vt 0.771819 0.801647
vt 0.184610 0.527686
vt 0.774554 0.801647
vt 0.756287 0.242683
vt 0.187278 0.528287
vt 0.758780 0.242683
vt 0.189412 0.526580
vt 0.761214 0.242683
vt 0.657353 0.212097
vt 0.189412 0.523844
vt 0.654886 0.212097
vt 0.187269 0.522140
vt 0.187661 0.525692
vt 0.870887 0.286259
vt 0.385882 0.975229
vt 0.186797 0.526383
vt 0.870197 0.286259
vt 0.185722 0.526140
vt 0.869095 0.286259
vt 0.185241 0.525146
vt 0.868406 0.286259
vt 0.930887 0.522139
vt 0.185718 0.524149
vt 0.931992 0.522139
vt 0.220246 0.894706
vt 0.186796 0.523902
vt 0.221242 0.894706
vt 0.187660 0.524590
vt 0.222237 0.894706
vt 0.386984 0.975229
vt 0.870887 0.280058
vt 0.385882 0.969029
vt 0.870197 0.280058
vt 0.869095 0.280058
vt 0.868406 0.280058
vt 0.930887 0.528340
vt 0.931992 0.528340
vt 0.220246 0.900907
vt 0.221242 0.900907
vt 0.222237 0.900907
vt 0.386984 0.969029
vt 0.168915 0.651985
vt 0.605310 0.652149
vt 0.166449 0.651985
vt 0.163981 0.651985
vt 0.808204 0.100935
vt 0.810939 0.100935
vt 0.773590 0.100935
vt 0.776083 0.100935
vt 0.778517 0.100935
vt 0.610243 0.652149
vt 0.607776 0.652149
vt 0.168915 0.658293
vt 0.605310 0.658456
vt 0.276823 0.522753
vt 0.166449 0.658293
vt 0.275639 0.525220
vt 0.163981 0.658293
vt 0.808204 0.094628
vt 0.276831 0.527686
vt 0.810939 0.094628
vt 0.773590 0.094628
vt 0.279500 0.528286
vt 0.776083 0.094628
vt 0.281634 0.526579
vt 0.778517 0.094628
vt 0.610243 0.658456
vt 0.281634 0.523844
vt 0.607776 0.658456
vt 0.279490 0.522140
vt 0.279882 0.525692
vt 0.725496 0.863803
vt 0.844165 0.975286
vt 0.279019 0.526382
vt 0.724806 0.863803
vt 0.277944 0.526140
vt 0.723704 0.863803
vt 0.277462 0.525146
vt 0.723015 0.863803
vt 0.931120 0.745585
vt 0.277939 0.524148
vt 0.932225 0.745585
vt 0.803568 0.894763
vt 0.279017 0.523902
vt 0.804565 0.894763
vt 0.279882 0.524590
vt 0.805560 0.894763
vt 0.845267 0.975286
vt 0.725496 0.857602
vt 0.844165 0.969085
vt 0.724806 0.857602
vt 0.723704 0.857602
vt 0.723015 0.857602
vt 0.931120 0.751786
vt 0.932225 0.751786
vt 0.803568 0.900964
vt 0.804565 0.900964
vt 0.805560 0.900964
vt 0.845267 0.969085
vt 0.390816 0.651986
vt 0.092755 0.685166
vt 0.388350 0.651986
vt 0.385882 0.651986
vt 0.709167 0.826642
vt 0.711900 0.826642
vt 0.477757 0.789104
vt 0.480253 0.789104
vt 0.482685 0.789104
vt 0.097686 0.685166
vt 0.095221 0.685166
vt 0.390816 0.658293
vt 0.092755 0.691474
vt 0.404259 0.580793
vt 0.388350 0.658293
vt 0.405447 0.583258
vt 0.385882 0.658293
vt 0.709167 0.820334
vt 0.408117 0.583868
vt 0.711900 0.820334
vt 0.477757 0.782796
vt 0.410253 0.582162
vt 0.480253 0.782796
vt 0.410253 0.579426
vt 0.482685 0.782796
vt 0.097686 0.691474
vt 0.408117 0.577720
vt 0.095221 0.691474
vt 0.405447 0.578327
vt 0.408466 0.580240
vt 0.590477 0.863803
vt 0.985957 0.900964
vt 0.408466 0.581345
vt 0.589788 0.863803
vt 0.407605 0.582033
vt 0.588686 0.863803
vt 0.406528 0.581788
vt 0.587997 0.863803
vt 0.496131 0.931761
vt 0.406047 0.580793
vt 0.497236 0.931761
vt 0.901330 0.633461
vt 0.406528 0.579797
vt 0.902327 0.633461
vt 0.407605 0.579552
vt 0.903322 0.633461
vt 0.987059 0.900964
vt 0.590477 0.857602
vt 0.985957 0.894763
vt 0.589788 0.857602
vt 0.588686 0.857602
vt 0.587997 0.857602
vt 0.496131 0.937962
vt 0.497236 0.937962
vt 0.901330 0.639662
vt 0.902327 0.639662
vt 0.903322 0.639662
vt 0.987059 0.894763
vt 0.691975 0.132002
vt 0.568563 0.652149
vt 0.689508 0.132002
vt 0.687043 0.132002
vt 0.829198 0.733205
vt 0.831931 0.733205
vt 0.674540 0.789267
vt 0.677036 0.789267
vt 0.679467 0.789267
vt 0.573496 0.652149
vt 0.571029 0.652149
vt 0.691975 0.138310
vt 0.568563 0.658457
vt 0.293664 0.580796
vt 0.689508 0.138310
vt 0.294851 0.583261
vt 0.687043 0.138310
vt 0.829198 0.726898
vt 0.297521 0.583868
vt 0.831931 0.726898
vt 0.674540 0.782960
vt 0.299657 0.582162
vt 0.677036 0.782960
vt 0.299657 0.579426
vt 0.679467 0.782960
vt 0.573496 0.658457
vt 0.297521 0.577720
vt 0.571029 0.658457
vt 0.294851 0.578330
vt 0.297870 0.580243
vt 0.832303 0.863803
vt 0.985955 0.919544
vt 0.297870 0.581349
vt 0.831613 0.863803
vt 0.297009 0.582036
vt 0.830511 0.863803
vt 0.295932 0.581791
vt 0.829822 0.863803
vt 0.940632 0.024770
vt 0.295451 0.580796
vt 0.941737 0.024770
vt 0.901330 0.652149
vt 0.295932 0.579800
vt 0.902327 0.652149
vt 0.297009 0.579555
vt 0.903322 0.652149
vt 0.987057 0.919544
vt 0.832303 0.857602
vt 0.985955 0.913344
vt 0.831613 0.857602
vt 0.830511 0.857602
vt 0.829822 0.857602
vt 0.940632 0.030971
vt 0.941737 0.030971
vt 0.901330 0.658350
vt 0.902327 0.658350
vt 0.903322 0.658350
vt 0.987057 0.913344
vt 0.463254 0.670673
vt 0.618559 0.043247
vt 0.460788 0.670673
vt 0.458323 0.670673
vt 0.364251 0.826482
vt 0.366985 0.826482
vt 0.709167 0.789267
vt 0.711662 0.789267
vt 0.714094 0.789267
vt 0.623492 0.043247
vt 0.621025 0.043247
vt 0.463254 0.676981
vt 0.618559 0.049554
vt 0.312037 0.562269
vt 0.460788 0.676981
vt 0.313224 0.564734
vt 0.458323 0.676981
vt 0.364251 0.820174
vt 0.315894 0.565341
vt 0.366985 0.820174
vt 0.709167 0.782960
vt 0.318030 0.563635
vt 0.711662 0.782960
vt 0.318030 0.560899
vt 0.714094 0.782960
vt 0.623492 0.049554
vt 0.315894 0.559193
vt 0.621025 0.049554
vt 0.313224 0.559803
vt 0.316243 0.561716
vt 0.859719 0.639662
vt 0.974651 0.807848
vt 0.316243 0.562822
vt 0.859029 0.639662
vt 0.315382 0.563509
vt 0.857927 0.639662
vt 0.314304 0.563264
vt 0.857238 0.639662
vt 0.940632 0.006190
vt 0.313824 0.562269
vt 0.941737 0.006190
vt 0.645483 0.894763
vt 0.314304 0.561273
vt 0.646479 0.894763
vt 0.315382 0.561028
vt 0.647474 0.894763
vt 0.975753 0.807848
vt 0.859719 0.633461
vt 0.974651 0.801647
vt 0.859029 0.633461
vt 0.857927 0.633461
vt 0.857238 0.633461
vt 0.940632 0.012391
vt 0.941737 0.012391
vt 0.645483 0.900964
vt 0.646479 0.900964
vt 0.647474 0.900964
vt 0.975753 0.801647
vt 0.316969 0.633302
vt 0.514504 0.670673
vt 0.314503 0.633302
vt 0.312036 0.633302
vt 0.724282 0.826642
vt 0.727015 0.826642
vt 0.762167 0.621082
vt 0.764663 0.621082
vt 0.767094 0.621082
vt 0.519435 0.670673
vt 0.516970 0.670673
vt 0.316969 0.639609
vt 0.514504 0.676981
vt 0.330763 0.562265
vt 0.314503 0.639609
vt 0.331950 0.564731
vt 0.312036 0.639609
vt 0.724282 0.820334
vt 0.334620 0.565340
vt 0.727015 0.820334
vt 0.762167 0.614774
vt 0.336756 0.563635
vt 0.764663 0.614774
vt 0.336756 0.560899
vt 0.767094 0.614774
vt 0.519435 0.676981
vt 0.334620 0.559193
vt 0.516970 0.676981
vt 0.331950 0.559799
vt 0.334969 0.561712
vt 0.069133 0.859552
vt 0.980319 0.248884
vt 0.334969 0.562818
vt 0.068443 0.859552
vt 0.334108 0.563506
vt 0.067341 0.859552
vt 0.333031 0.563261
vt 0.066652 0.859552
vt 0.514504 0.931761
vt 0.332550 0.562265
vt 0.515609 0.931761
vt 0.602368 0.894763
vt 0.333031 0.561269
vt 0.603365 0.894763
vt 0.334108 0.561024
vt 0.604360 0.894763
vt 0.981421 0.248884
vt 0.069133 0.853351
vt 0.980319 0.242684
vt 0.068443 0.853351
vt 0.067341 0.853351
vt 0.066652 0.853351
vt 0.514504 0.937962
vt 0.515609 0.937962
vt 0.602368 0.900964
vt 0.603365 0.900964
vt 0.604360 0.900964
vt 0.981421 0.242684
vt 0.046806 0.629104
vt 0.024560 0.629104
vt 0.044340 0.629104
vt 0.041873 0.629104
vt 0.709167 0.807955
vt 0.711902 0.807955
vt 0.757050 0.012497
vt 0.759543 0.012497
vt 0.761977 0.012497
vt 0.029493 0.629104
vt 0.027026 0.629104
vt 0.046806 0.635412
vt 0.024560 0.635412
vt 0.221350 0.522753
vt 0.044340 0.635412
vt 0.220167 0.525220
vt 0.041873 0.635412
vt 0.709167 0.801647
vt 0.221359 0.527686
vt 0.711902 0.801647
vt 0.757050 0.006190
vt 0.224027 0.528286
vt 0.759543 0.006190
vt 0.226161 0.526579
vt 0.761977 0.006190
vt 0.029493 0.635412
vt 0.226161 0.523844
vt 0.027026 0.635412
vt 0.224018 0.522140
vt 0.224410 0.525692
vt 0.859081 0.369991
vt 0.911573 0.975286
vt 0.223546 0.526382
vt 0.858391 0.369991
vt 0.222471 0.526140
vt 0.857290 0.369991
vt 0.221990 0.525146
vt 0.856600 0.369991
vt 0.926381 0.150583
vt 0.222467 0.524148
vt 0.927487 0.150583
vt 0.886959 0.633461
vt 0.223545 0.523902
vt 0.887956 0.633461
vt 0.224409 0.524590
vt 0.888951 0.633461
vt 0.912675 0.975286
vt 0.859081 0.363791
vt 0.911573 0.969085
vt 0.858391 0.363791
vt 0.857290 0.363791
vt 0.856600 0.363791
vt 0.926381 0.156784
vt 0.927487 0.156784
vt 0.886959 0.639662
vt 0.887956 0.639662
vt 0.888951 0.639662
vt 0.912675 0.969085
vt 0.695034 0.363791
vt 0.652422 0.242684
vt 0.692567 0.363791
vt 0.690102 0.363791
vt 0.477757 0.826478
vt 0.480491 0.826478
vt 0.531811 0.789104
vt 0.534307 0.789104
vt 0.536738 0.789104
vt 0.657355 0.242684
vt 0.654889 0.242684
vt 0.695034 0.370098
vt 0.652422 0.248991
vt 0.349136 0.543742
vt 0.692567 0.370098
vt 0.350324 0.546207
vt 0.690102 0.370098
vt 0.477757 0.820171
vt 0.352994 0.546814
vt 0.480491 0.820171
vt 0.531811 0.782797
vt 0.355130 0.545108
vt 0.534307 0.782797
vt 0.355130 0.542372
vt 0.536738 0.782797
vt 0.657355 0.248991
vt 0.352994 0.540666
vt 0.654889 0.248991
vt 0.350324 0.541276
vt 0.353343 0.543189
vt 0.194493 0.863746
vt 0.830684 0.975286
vt 0.353343 0.544295
vt 0.193804 0.863746
vt 0.352482 0.544982
vt 0.192702 0.863746
vt 0.351404 0.544737
vt 0.192013 0.863746
vt 0.175406 0.931867
vt 0.350924 0.543742
vt 0.176512 0.931867
vt 0.897641 0.187100
vt 0.351404 0.542746
vt 0.898638 0.187100
vt 0.352482 0.542501
vt 0.899633 0.187100
vt 0.831786 0.975286
vt 0.194493 0.857545
vt 0.830684 0.969085
vt 0.193804 0.857545
vt 0.192702 0.857545
vt 0.192013 0.857545
vt 0.175406 0.938068
vt 0.176512 0.938068
vt 0.897641 0.193300
vt 0.898638 0.193300
vt 0.899633 0.193300
vt 0.831786 0.969085
vt 0.657356 0.187100
vt 0.687044 0.205790
vt 0.654890 0.187100
vt 0.652422 0.187100
vt 0.769621 0.826642
vt 0.772355 0.826642
vt 0.215905 0.789104
vt 0.218401 0.789104
vt 0.220832 0.789104
vt 0.691975 0.205790
vt 0.689510 0.205790
vt 0.657356 0.193407
vt 0.687044 0.212097
vt 0.459384 0.543739
vt 0.654890 0.193407
vt 0.460572 0.546204
vt 0.652422 0.193407
vt 0.769621 0.820334
vt 0.463242 0.546814
vt 0.772355 0.820334
vt 0.215905 0.782796
vt 0.465378 0.545108
vt 0.218401 0.782796
vt 0.465378 0.542372
vt 0.220832 0.782796
vt 0.691975 0.212097
vt 0.463242 0.540666
vt 0.689510 0.212097
vt 0.460572 0.541273
vt 0.463591 0.543186
vt 0.872528 0.495964
vt 0.241941 0.975229
vt 0.463591 0.544291
vt 0.871838 0.495964
vt 0.462730 0.544979
vt 0.870736 0.495964
vt 0.461653 0.544734
vt 0.870047 0.495964
vt 0.931122 0.670836
vt 0.461172 0.543739
vt 0.932227 0.670836
vt 0.191503 0.894706
vt 0.461653 0.542743
vt 0.192499 0.894706
vt 0.462730 0.542498
vt 0.193494 0.894706
vt 0.243043 0.975229
vt 0.872528 0.489764
vt 0.241941 0.969028
vt 0.871838 0.489764
vt 0.870736 0.489764
vt 0.870047 0.489764
vt 0.931122 0.677037
vt 0.932227 0.677037
vt 0.191503 0.900907
vt 0.192499 0.900907
vt 0.193494 0.900907
vt 0.243043 0.969028
vt 0.657352 0.280058
vt 0.403195 0.651986
vt 0.654886 0.280058
vt 0.652419 0.280058
vt 0.808204 0.119623
vt 0.810939 0.119623
vt 0.058110 0.766223
vt 0.060603 0.766223
vt 0.063037 0.766223
vt 0.408129 0.651986
vt 0.405662 0.651986
vt 0.657352 0.286366
vt 0.403195 0.658293
vt 0.166227 0.522753
vt 0.654886 0.286366
vt 0.165043 0.525221
vt 0.652419 0.286366
vt 0.808204 0.113315
vt 0.166235 0.527686
vt 0.810939 0.113315
vt 0.058110 0.759915
vt 0.168904 0.528287
vt 0.060603 0.759915
vt 0.171038 0.526580
vt 0.063037 0.759915
vt 0.408129 0.658293
vt 0.171038 0.523844
vt 0.405662 0.658293
vt 0.168894 0.522140
vt 0.169286 0.525692
vt 0.870887 0.341680
vt 0.214973 0.975229
vt 0.168423 0.526383
vt 0.870198 0.341680
vt 0.167348 0.526140
vt 0.869096 0.341680
vt 0.166866 0.525146
vt 0.868406 0.341680
vt 0.931121 0.708211
vt 0.167343 0.524149
vt 0.932226 0.708211
vt 0.898127 0.075940
vt 0.168421 0.523902
vt 0.899124 0.075940
vt 0.169285 0.524590
vt 0.900119 0.075940
vt 0.216075 0.975229
vt 0.870887 0.335479
vt 0.214973 0.969028
vt 0.870198 0.335479
vt 0.869096 0.335479
vt 0.868406 0.335479
vt 0.931121 0.714411
vt 0.932226 0.714411
vt 0.898127 0.082141
vt 0.899124 0.082141
vt 0.900119 0.082141
vt 0.216075 0.969028
vt 0.644867 0.670836
vt 0.624749 0.559030
vt 0.642401 0.670836
vt 0.639935 0.670836
vt 0.799848 0.826642
vt 0.802582 0.826642
vt 0.790897 0.082248
vt 0.793393 0.082248
vt 0.795825 0.082248
vt 0.629682 0.559030
vt 0.627215 0.559030
vt 0.644867 0.677144
vt 0.624749 0.565338
vt 0.349136 0.562269
vt 0.642401 0.677144
vt 0.350324 0.564734
vt 0.639935 0.677144
vt 0.799848 0.820334
vt 0.352994 0.565341
vt 0.802582 0.820334
vt 0.790897 0.075940
vt 0.355130 0.563635
vt 0.793393 0.075940
vt 0.355130 0.560899
vt 0.795825 0.075940
vt 0.629682 0.565338
vt 0.352994 0.559193
vt 0.627215 0.565338
vt 0.350324 0.559803
vt 0.353343 0.561716
vt 0.351617 0.863643
vt 0.980317 0.286152
vt 0.353343 0.562822
vt 0.350927 0.863643
vt 0.352482 0.563509
vt 0.349826 0.863643
vt 0.351404 0.563264
vt 0.349136 0.863643
vt 0.726392 0.931924
vt 0.350924 0.562269
vt 0.727498 0.931924
vt 0.898127 0.094628
vt 0.351404 0.561273
vt 0.899124 0.094628
vt 0.352482 0.561028
vt 0.900119 0.094628
vt 0.981419 0.286152
vt 0.351617 0.857442
vt 0.980317 0.279951
vt 0.350927 0.857442
vt 0.349826 0.857442
vt 0.349136 0.857442
vt 0.726392 0.938125
vt 0.727498 0.938125
vt 0.898127 0.100828
vt 0.899124 0.100828
vt 0.900119 0.100828
vt 0.981419 0.279951
vt 0.556183 0.633462
vt 0.672791 0.363791
vt 0.553717 0.633462
vt 0.551250 0.633462
vt 0.117214 0.840969
vt 0.119948 0.840969
vt 0.275290 0.770417
vt 0.277786 0.770417
vt 0.280217 0.770417
vt 0.677722 0.363791
vt 0.675257 0.363791
vt 0.556183 0.639769
vt 0.672791 0.370098
vt 0.404260 0.562266
vt 0.553717 0.639769
vt 0.405447 0.564731
vt 0.551250 0.639769
vt 0.117214 0.834661
vt 0.408117 0.565341
vt 0.119948 0.834661
vt 0.275290 0.764109
vt 0.410253 0.563635
vt 0.277786 0.764109
vt 0.410253 0.560899
vt 0.280217 0.764109
vt 0.677722 0.370098
vt 0.408117 0.559193
vt 0.675257 0.370098
vt 0.405447 0.559800
vt 0.408466 0.561713
vt 0.516985 0.863640
vt 0.980319 0.193300
vt 0.408466 0.562818
vt 0.516295 0.863640
vt 0.407605 0.563506
vt 0.515193 0.863640
vt 0.406528 0.563261
vt 0.514504 0.863640
vt 0.204144 0.931867
vt 0.406047 0.562266
vt 0.205250 0.931867
vt 0.529365 0.894600
vt 0.406528 0.561270
vt 0.530361 0.894600
vt 0.407605 0.561025
vt 0.531356 0.894600
vt 0.981421 0.193300
vt 0.516985 0.857439
vt 0.980319 0.187100
vt 0.516295 0.857439
vt 0.515193 0.857439
vt 0.514504 0.857439
vt 0.204144 0.938068
vt 0.205250 0.938068
vt 0.529365 0.900801
vt 0.530361 0.900801
vt 0.531356 0.900801
vt 0.981421 0.187100
vt 0.640039 0.075940
vt 0.635107 0.205790
vt 0.637573 0.075940
vt 0.635106 0.075940
vt 0.807765 0.407152
vt 0.810500 0.407152
vt 0.757927 0.496071
vt 0.760420 0.496071
vt 0.762854 0.496071
vt 0.640040 0.205790
vt 0.637573 0.205790
vt 0.640039 0.082248
vt 0.635107 0.212097
vt 0.202976 0.522753
vt 0.637573 0.082248
vt 0.201792 0.525220
vt 0.635106 0.082248
vt 0.807765 0.400845
vt 0.202984 0.527686
vt 0.810500 0.400845
vt 0.757927 0.489764
vt 0.205653 0.528286
vt 0.760420 0.489764
vt 0.207787 0.526579
vt 0.762854 0.489764
vt 0.640040 0.212097
vt 0.207787 0.523844
vt 0.637573 0.212097
vt 0.205643 0.522140
vt 0.206035 0.525692
vt 0.861651 0.751786
vt 0.978981 0.975286
vt 0.205172 0.526382
vt 0.860961 0.751786
vt 0.204097 0.526140
vt 0.859860 0.751786
vt 0.203615 0.525146
vt 0.859170 0.751786
vt 0.920716 0.801647
vt 0.204092 0.524148
vt 0.921821 0.801647
vt 0.886322 0.363791
vt 0.205170 0.523902
vt 0.887318 0.363791
vt 0.206035 0.524590
vt 0.888313 0.363791
vt 0.980083 0.975286
vt 0.861651 0.745585
vt 0.978981 0.969085
vt 0.860961 0.745585
vt 0.859860 0.745585
vt 0.859170 0.745585
vt 0.920716 0.807848
vt 0.921821 0.807848
vt 0.886322 0.369991
vt 0.887318 0.369991
vt 0.888313 0.369991
vt 0.980083 0.969085
vt 0.691975 0.094628
vt 0.652419 0.150690
vt 0.689508 0.094628
vt 0.687043 0.094628
vt 0.385883 0.826479
vt 0.388616 0.826479
vt 0.366443 0.789107
vt 0.368939 0.789107
vt 0.371370 0.789107
vt 0.657353 0.150690
vt 0.654886 0.150690
vt 0.691975 0.100935
vt 0.652419 0.156997
vt 0.385886 0.543742
vt 0.689508 0.100935
vt 0.387074 0.546207
vt 0.687043 0.100935
vt 0.385883 0.820171
vt 0.389744 0.546814
vt 0.388616 0.820171
vt 0.366443 0.782800
vt 0.391880 0.545108
vt 0.368939 0.782800
vt 0.391880 0.542372
vt 0.371370 0.782800
vt 0.657353 0.156997
vt 0.389744 0.540666
vt 0.654886 0.156997
vt 0.387074 0.541276
vt 0.390093 0.543189
vt 0.856792 0.012391
vt 0.641932 0.975286
vt 0.390093 0.544295
vt 0.856102 0.012391
vt 0.389232 0.544982
vt 0.855000 0.012391
vt 0.388155 0.544737
vt 0.854311 0.012391
vt 0.131586 0.927671
vt 0.387674 0.543742
vt 0.132691 0.927671
vt 0.888895 0.614774
vt 0.388155 0.542746
vt 0.889892 0.614774
vt 0.389232 0.542501
vt 0.890887 0.614774
vt 0.643034 0.975286
vt 0.856792 0.006190
vt 0.641932 0.969085
vt 0.856102 0.006190
vt 0.855000 0.006190
vt 0.854311 0.006190
vt 0.131586 0.933872
vt 0.132691 0.933872
vt 0.888895 0.620975
vt 0.889892 0.620975
vt 0.890887 0.620975
vt 0.643034 0.969085
vt 0.029493 0.647791
vt 0.675618 0.614774
vt 0.027027 0.647791
vt 0.024560 0.647791
vt 0.422633 0.826478
vt 0.425366 0.826478
vt 0.496131 0.770417
vt 0.498626 0.770417
vt 0.501058 0.770417
vt 0.680550 0.614774
vt 0.678085 0.614774
vt 0.029493 0.654099
vt 0.675618 0.621082
vt 0.404259 0.543739
vt 0.027027 0.654099
vt 0.405447 0.546204
vt 0.024560 0.654099
vt 0.422633 0.820171
vt 0.408117 0.546814
vt 0.425366 0.820171
vt 0.496131 0.764109
vt 0.410253 0.545108
vt 0.498626 0.764109
vt 0.410253 0.542372
vt 0.501058 0.764109
vt 0.680550 0.621082
vt 0.408117 0.540666
vt 0.678085 0.621082
vt 0.405447 0.541273
vt 0.408466 0.543186
vt 0.553731 0.863803
vt 0.362620 0.975126
vt 0.408466 0.544291
vt 0.553041 0.863803
vt 0.407605 0.544979
vt 0.551939 0.863803
vt 0.406528 0.544734
vt 0.551250 0.863803
vt 0.926870 0.075940
vt 0.406047 0.543739
vt 0.927975 0.075940
vt 0.889264 0.857602
vt 0.406528 0.542743
vt 0.890261 0.857602
vt 0.407605 0.542498
vt 0.891256 0.857602
vt 0.363722 0.975126
vt 0.553731 0.857602
vt 0.362620 0.968925
vt 0.553041 0.857602
vt 0.551939 0.857602
vt 0.551250 0.857602
vt 0.926870 0.082141
vt 0.927975 0.082141
vt 0.889264 0.863803
vt 0.890261 0.863803
vt 0.891256 0.863803
vt 0.363722 0.968925
vt 0.643098 0.363791
vt 0.652419 0.094628
vt 0.640632 0.363791
vt 0.638165 0.363791
vt 0.618227 0.807955
vt 0.620963 0.807955
vt 0.756284 0.156997
vt 0.758777 0.156997
vt 0.761211 0.156997
vt 0.657353 0.094628
vt 0.654886 0.094628
vt 0.643098 0.370098
vt 0.652419 0.100935
vt 0.147852 0.522753
vt 0.640632 0.370098
vt 0.146668 0.525221
vt 0.638165 0.370098
vt 0.618227 0.801647
vt 0.147861 0.527686
vt 0.620963 0.801647
vt 0.756284 0.150690
vt 0.150529 0.528287
vt 0.758777 0.150690
vt 0.152663 0.526580
vt 0.761211 0.150690
vt 0.657353 0.100935
vt 0.152663 0.523844
vt 0.654886 0.100935
vt 0.150519 0.522140
vt 0.150911 0.525692
vt 0.870448 0.407046
vt 0.173636 0.975229
vt 0.150048 0.526383
vt 0.869758 0.407046
vt 0.148973 0.526140
vt 0.868656 0.407046
vt 0.148491 0.525146
vt 0.867967 0.407046
vt 0.926870 0.094628
vt 0.148969 0.524149
vt 0.927976 0.094628
vt 0.065885 0.890513
vt 0.150047 0.523902
vt 0.066882 0.890513
vt 0.150911 0.524590
vt 0.067877 0.890513
vt 0.174738 0.975229
vt 0.870448 0.400845
vt 0.173636 0.969028
vt 0.869758 0.400845
vt 0.868656 0.400845
vt 0.867967 0.400845
vt 0.926870 0.100828
vt 0.927976 0.100828
vt 0.065885 0.896713
vt 0.066882 0.896713
vt 0.067877 0.896713
vt 0.174738 0.969028
vt 0.371381 0.670676
vt 0.617796 0.316789
vt 0.368915 0.670676
vt 0.366449 0.670676
vt 0.293666 0.826482
vt 0.296400 0.826482
vt 0.691860 0.789267
vt 0.694355 0.789267
vt 0.696787 0.789267
vt 0.622730 0.316789
vt 0.620263 0.316789
vt 0.371381 0.676984
vt 0.617796 0.323096
vt 0.293664 0.562269
vt 0.368915 0.676984
vt 0.294851 0.564734
vt 0.366449 0.676984
vt 0.293666 0.820174
vt 0.297521 0.565341
vt 0.296400 0.820174
vt 0.691860 0.782960
vt 0.299657 0.563635
vt 0.694355 0.782960
vt 0.299657 0.560899
vt 0.696787 0.782960
vt 0.622730 0.323096
vt 0.297521 0.559193
vt 0.620263 0.323096
vt 0.294851 0.559803
vt 0.297870 0.561716
vt 0.856026 0.100828
vt 0.682384 0.975286
vt 0.297870 0.562822
vt 0.855337 0.100828
vt 0.297009 0.563509
vt 0.854235 0.100828
vt 0.295931 0.563264
vt 0.853545 0.100828
vt 0.616737 0.931924
vt 0.295451 0.562269
vt 0.617842 0.931924
vt 0.897639 0.205790
vt 0.295931 0.561273
vt 0.898635 0.205790
vt 0.297009 0.561028
vt 0.899630 0.205790
vt 0.683486 0.975286
vt 0.856026 0.094628
vt 0.682384 0.969085
vt 0.855337 0.094628
vt 0.854235 0.094628
vt 0.853545 0.094628
vt 0.616737 0.938125
vt 0.617842 0.938125
vt 0.897639 0.211990
vt 0.898635 0.211990
vt 0.899630 0.211990
vt 0.683486 0.969085
vt 0.122148 0.629101
vt 0.477757 0.670673
vt 0.119682 0.629101
vt 0.117215 0.629101
vt 0.603112 0.826642
vt 0.605845 0.826642
vt 0.762166 0.677144
vt 0.764661 0.677144
vt 0.767093 0.677144
vt 0.482689 0.670673
vt 0.480224 0.670673
vt 0.122148 0.635409
vt 0.477757 0.676980
vt 0.183417 0.562265
vt 0.119682 0.635409
vt 0.184605 0.564731
vt 0.117215 0.635409
vt 0.603112 0.820334
vt 0.187275 0.565340
vt 0.605845 0.820334
vt 0.762166 0.670836
vt 0.189411 0.563635
vt 0.764661 0.670836
vt 0.189411 0.560899
vt 0.767093 0.670836
vt 0.482689 0.676980
vt 0.187275 0.559193
vt 0.480224 0.676980
vt 0.184605 0.559799
vt 0.187624 0.561712
vt 0.856026 0.138203
vt 0.709349 0.975286
vt 0.187624 0.562818
vt 0.855336 0.138203
vt 0.186763 0.563506
vt 0.854235 0.138203
vt 0.185685 0.563261
vt 0.853545 0.138203
vt 0.063276 0.927674
vt 0.185205 0.562265
vt 0.064381 0.927674
vt 0.889264 0.839022
vt 0.185685 0.561269
vt 0.890261 0.839022
vt 0.186763 0.561024
vt 0.891256 0.839022
vt 0.710451 0.975286
vt 0.856026 0.132002
vt 0.709349 0.969085
vt 0.855336 0.132002
vt 0.854235 0.132002
vt 0.853545 0.132002
vt 0.063276 0.933874
vt 0.064381 0.933874
vt 0.889264 0.845222
vt 0.890261 0.845222
vt 0.891256 0.845222
vt 0.710451 0.969085
vt 0.255480 0.633298
vt 0.623680 0.614774
vt 0.253014 0.633298
vt 0.250546 0.633298
vt 0.587997 0.807955
vt 0.590732 0.807955
vt 0.756284 0.138310
vt 0.758777 0.138310
vt 0.761211 0.138310
vt 0.628613 0.614774
vt 0.626146 0.614774
vt 0.255480 0.639606
vt 0.623680 0.621082
vt 0.258448 0.522753
vt 0.253014 0.639606
vt 0.257264 0.525220
vt 0.250546 0.639606
vt 0.587997 0.801647
vt 0.258457 0.527686
vt 0.590732 0.801647
vt 0.756284 0.132002
vt 0.261125 0.528286
vt 0.758777 0.132002
vt 0.263259 0.526579
vt 0.761211 0.132002
vt 0.628613 0.621082
vt 0.263259 0.523844
vt 0.626146 0.621082
vt 0.261116 0.522140
vt 0.261508 0.525692
vt 0.846793 0.677037
vt 0.722830 0.975286
vt 0.260644 0.526382
vt 0.846103 0.677037
vt 0.259569 0.526140
vt 0.845001 0.677037
vt 0.259088 0.525146
vt 0.844312 0.677037
vt 0.918538 0.913344
vt 0.259565 0.524148
vt 0.919643 0.913344
vt 0.884032 0.043351
vt 0.260643 0.523902
vt 0.885029 0.043351
vt 0.261507 0.524590
vt 0.886024 0.043351
vt 0.723932 0.975286
vt 0.846793 0.670836
vt 0.722830 0.969085
vt 0.846103 0.670836
vt 0.845001 0.670836
vt 0.844312 0.670836
vt 0.918538 0.919544
vt 0.919643 0.919544
vt 0.884032 0.049552
vt 0.885029 0.049552
vt 0.886024 0.049552
vt 0.723932 0.969085
vt 0.691978 0.242684
vt 0.617796 0.187100
vt 0.689511 0.242684
vt 0.687046 0.242684
vt 0.828072 0.584028
vt 0.830805 0.584028
vt 0.756287 0.323096
vt 0.758782 0.323096
vt 0.761214 0.323096
vt 0.622730 0.187100
vt 0.620263 0.187100
vt 0.691978 0.248991
vt 0.617796 0.193407
vt 0.496131 0.562269
vt 0.689511 0.248991
vt 0.497318 0.564735
vt 0.687046 0.248991
vt 0.828072 0.577720
vt 0.499989 0.565341
vt 0.830805 0.577720
vt 0.756287 0.316789
vt 0.502124 0.563635
vt 0.758782 0.316789
vt 0.502124 0.560899
vt 0.761214 0.316789
vt 0.622730 0.193407
vt 0.499989 0.559193
vt 0.620263 0.193407
vt 0.497318 0.559803
vt 0.500337 0.561716
vt 0.859719 0.658350
vt 0.965500 0.975286
vt 0.500337 0.562822
vt 0.859029 0.658350
vt 0.499476 0.563509
vt 0.857927 0.658350
vt 0.498399 0.563264
vt 0.857238 0.658350
vt 0.926382 0.205790
vt 0.497918 0.562269
vt 0.927487 0.205790
vt 0.886482 0.876183
vt 0.498399 0.561273
vt 0.887478 0.876183
vt 0.499476 0.561028
vt 0.888474 0.876183
vt 0.966602 0.975286
vt 0.859719 0.652149
vt 0.965500 0.969085
vt 0.859029 0.652149
vt 0.857927 0.652149
vt 0.857238 0.652149
vt 0.926382 0.211990
vt 0.927487 0.211990
vt 0.886482 0.882383
vt 0.887478 0.882383
vt 0.888474 0.882383
vt 0.966602 0.969085
vt 0.354068 0.670676
vt 0.146668 0.633298
vt 0.351602 0.670676
vt 0.349136 0.670676
vt 0.828080 0.565338
vt 0.830814 0.565338
vt 0.023496 0.766223
vt 0.025989 0.766223
vt 0.028423 0.766223
vt 0.151602 0.633298
vt 0.149135 0.633298
vt 0.354068 0.676984
vt 0.146668 0.639606
vt 0.463237 0.596248
vt 0.351602 0.676984
vt 0.460568 0.596857
vt 0.349136 0.676984
vt 0.828080 0.559030
vt 0.459383 0.599325
vt 0.830814 0.559030
vt 0.023496 0.759915
vt 0.460571 0.601787
vt 0.025989 0.759915
vt 0.463235 0.602395
vt 0.028423 0.759915
vt 0.151602 0.639606
vt 0.465376 0.600693
vt 0.149135 0.639606
vt 0.465376 0.597954
vt 0.462840 0.600471
vt 0.861653 0.714411
vt 0.969885 0.369991
vt 0.461762 0.600225
vt 0.860963 0.714411
vt 0.461282 0.599233
vt 0.859861 0.714411
vt 0.461761 0.598237
vt 0.859172 0.714411
vt 0.926382 0.335479
vt 0.462839 0.597990
vt 0.927487 0.335479
vt 0.887774 0.522139
vt 0.463703 0.598680
vt 0.888771 0.522139
vt 0.463702 0.599785
vt 0.889766 0.522139
vt 0.970987 0.369991
vt 0.861653 0.708211
vt 0.969885 0.363791
vt 0.860963 0.708211
vt 0.859861 0.708211
vt 0.859172 0.708211
vt 0.926382 0.341680
vt 0.927487 0.341680
vt 0.887774 0.528340
vt 0.888771 0.528340
vt 0.889766 0.528340
vt 0.970987 0.363791
vt 0.676306 0.489764
vt 0.422633 0.633298
vt 0.673840 0.489764
vt 0.671375 0.489764
vt 0.828125 0.770580
vt 0.830859 0.770580
vt 0.422633 0.770416
vt 0.425128 0.770416
vt 0.427560 0.770416
vt 0.427566 0.633298
vt 0.425099 0.633298
vt 0.676306 0.496071
vt 0.422633 0.639606
vt 0.551256 0.562269
vt 0.673840 0.496071
vt 0.552443 0.564735
vt 0.671375 0.496071
vt 0.828125 0.764272
vt 0.555113 0.565341
vt 0.830859 0.764272
vt 0.422633 0.764109
vt 0.557249 0.563635
vt 0.425128 0.764109
vt 0.557249 0.560899
vt 0.427560 0.764109
vt 0.427566 0.639606
vt 0.555113 0.559193
vt 0.425099 0.639606
vt 0.552443 0.559803
vt 0.555462 0.561716
vt 0.149149 0.863746
vt 0.006190 0.971035
vt 0.555462 0.562822
vt 0.148459 0.863746
vt 0.554601 0.563509
vt 0.147358 0.863746
vt 0.553524 0.563264
vt 0.146668 0.863746
vt 0.117215 0.927671
vt 0.553043 0.562269
vt 0.118320 0.927671
vt 0.902146 0.522139
vt 0.553524 0.561273
vt 0.903143 0.522139
vt 0.554601 0.561028
vt 0.904138 0.522139
vt 0.007292 0.971035
vt 0.149149 0.857545
vt 0.006190 0.964834
vt 0.148459 0.857545
vt 0.147358 0.857545
vt 0.146668 0.857545
vt 0.117215 0.933872
vt 0.118320 0.933872
vt 0.902146 0.528340
vt 0.903143 0.528340
vt 0.904138 0.528340
vt 0.007292 0.964834
vt 0.151600 0.670673
vt 0.293666 0.651989
vt 0.149134 0.670673
vt 0.146668 0.670673
vt 0.839198 0.012497
vt 0.841932 0.012497
vt 0.349136 0.770420
vt 0.351632 0.770420
vt 0.354063 0.770420
vt 0.298600 0.651989
vt 0.296133 0.651989
vt 0.151600 0.676980
vt 0.293666 0.658296
vt 0.146668 0.580795
vt 0.149134 0.676980
vt 0.147856 0.583261
vt 0.146668 0.676980
vt 0.839198 0.006190
vt 0.150526 0.583867
vt 0.841932 0.006190
vt 0.349136 0.764112
vt 0.152662 0.582162
vt 0.351632 0.764112
vt 0.152662 0.579426
vt 0.354063 0.764112
vt 0.298600 0.658296
vt 0.150526 0.577720
vt 0.296133 0.658296
vt 0.147856 0.578329
vt 0.150875 0.580242
vt 0.296147 0.882330
vt 0.019675 0.971035
vt 0.150875 0.581348
vt 0.295457 0.882330
vt 0.150014 0.582036
vt 0.294355 0.882330
vt 0.148936 0.581791
vt 0.293666 0.882330
vt 0.932005 0.689523
vt 0.148456 0.580795
vt 0.933110 0.689523
vt 0.904169 0.894763
vt 0.148936 0.579799
vt 0.905165 0.894763
vt 0.150014 0.579554
vt 0.906161 0.894763
vt 0.020777 0.971035
vt 0.296147 0.876129
vt 0.019675 0.964834
vt 0.295457 0.876129
vt 0.294355 0.876129
vt 0.293666 0.876129
vt 0.932005 0.695724
vt 0.933110 0.695724
vt 0.904169 0.900964
vt 0.905165 0.900964
vt 0.906161 0.900964
vt 0.020777 0.964834
vt 0.622730 0.242684
vt 0.275290 0.633299
vt 0.620263 0.242684
vt 0.617796 0.242684
vt 0.808204 0.156997
vt 0.810939 0.156997
vt 0.181287 0.770416
vt 0.183780 0.770416
vt 0.186214 0.770416
vt 0.280223 0.633299
vt 0.277756 0.633299
vt 0.622730 0.248991
vt 0.275290 0.639606
vt 0.478943 0.522753
vt 0.620263 0.248991
vt 0.477759 0.525221
vt 0.617796 0.248991
vt 0.808204 0.150690
vt 0.478951 0.527686
vt 0.810939 0.150690
vt 0.181287 0.764109
vt 0.481620 0.528287
vt 0.183780 0.764109
vt 0.483754 0.526579
vt 0.186214 0.764109
vt 0.280223 0.639606
vt 0.483754 0.523844
vt 0.277756 0.639606
vt 0.481610 0.522140
vt 0.482002 0.525692
vt 0.799799 0.882383
vt 0.033159 0.971035
vt 0.481139 0.526383
vt 0.799109 0.882383
vt 0.480064 0.526140
vt 0.798007 0.882383
vt 0.479582 0.525146
vt 0.797318 0.882383
vt 0.349136 0.931764
vt 0.480059 0.524149
vt 0.350242 0.931764
vt 0.912010 0.335479
vt 0.481137 0.523902
vt 0.913007 0.335479
vt 0.482002 0.524590
vt 0.914002 0.335479
vt 0.034261 0.971035
vt 0.799799 0.876182
vt 0.033159 0.964834
vt 0.799109 0.876182
vt 0.798007 0.876182
vt 0.797318 0.876182
vt 0.349136 0.937965
vt 0.350242 0.937965
vt 0.912010 0.341680
vt 0.913007 0.341680
vt 0.914002 0.341680
vt 0.034261 0.964834
vt 0.676306 0.452389
vt 0.098054 0.629104
vt 0.673840 0.452389
vt 0.671375 0.452389
vt 0.293666 0.845169
vt 0.296400 0.845169
vt 0.757927 0.477384
vt 0.760423 0.477384
vt 0.762854 0.477384
vt 0.102987 0.629104
vt 0.100520 0.629104
vt 0.676306 0.458697
vt 0.098054 0.635412
vt 0.275290 0.562269
vt 0.673840 0.458697
vt 0.276477 0.564734
vt 0.671375 0.458697
vt 0.293666 0.838861
vt 0.279148 0.565341
vt 0.296400 0.838861
vt 0.757927 0.471076
vt 0.281283 0.563635
vt 0.760423 0.471076
vt 0.281283 0.560899
vt 0.762854 0.471076
vt 0.102987 0.635412
vt 0.279148 0.559193
vt 0.100520 0.635412
vt 0.276477 0.559803
vt 0.279496 0.561716
vt 0.770078 0.882383
vt 0.060126 0.971035
vt 0.279496 0.562822
vt 0.769388 0.882383
vt 0.278636 0.563509
vt 0.768286 0.882383
vt 0.277558 0.563264
vt 0.767597 0.882383
vt 0.934201 0.801647
vt 0.277077 0.562269
vt 0.935306 0.801647
vt 0.566111 0.894763
vt 0.277558 0.561273
vt 0.567107 0.894763
vt 0.278636 0.561028
vt 0.568102 0.894763
vt 0.061228 0.971035
vt 0.770078 0.876182
vt 0.060126 0.964834
vt 0.769388 0.876182
vt 0.768286 0.876182
vt 0.767597 0.876182
vt 0.934201 0.807848
vt 0.935306 0.807848
vt 0.566111 0.900964
vt 0.567107 0.900964
vt 0.568102 0.900964
vt 0.061228 0.964834
vt 0.280221 0.670673
vt 0.441010 0.633298
vt 0.277755 0.670673
vt 0.275290 0.670673
vt 0.842124 0.639769
vt 0.844858 0.639769
vt 0.198598 0.770416
vt 0.201094 0.770416
vt 0.203525 0.770416
vt 0.445943 0.633298
vt 0.443476 0.633298
vt 0.280221 0.676981
vt 0.441010 0.639606
vt 0.367509 0.562269
vt 0.277755 0.676981
vt 0.368697 0.564734
vt 0.275290 0.676981
vt 0.842124 0.633461
vt 0.371367 0.565341
vt 0.844858 0.633461
vt 0.198598 0.764109
vt 0.373503 0.563635
vt 0.201094 0.764109
vt 0.373503 0.560899
vt 0.203525 0.764109
vt 0.445943 0.639606
vt 0.371367 0.559193
vt 0.443476 0.639606
vt 0.368697 0.559803
vt 0.371716 0.561716
vt 0.874102 0.882383
vt 0.073610 0.971035
vt 0.371716 0.562822
vt 0.873412 0.882383
vt 0.370855 0.563509
vt 0.872310 0.882383
vt 0.369777 0.563264
vt 0.871621 0.882383
vt 0.918513 0.820334
vt 0.369297 0.562269
vt 0.919618 0.820334
vt 0.897688 0.400845
vt 0.369777 0.561273
vt 0.898685 0.400845
vt 0.370855 0.561028
vt 0.899680 0.400845
vt 0.074712 0.971035
vt 0.874102 0.876182
vt 0.073610 0.964834
vt 0.873412 0.876182
vt 0.872310 0.876182
vt 0.871621 0.876182
vt 0.918513 0.826535
vt 0.919618 0.826535
vt 0.897688 0.407046
vt 0.898685 0.407046
vt 0.899680 0.407046
vt 0.074712 0.964834
vt 0.536748 0.670673
vt 0.061311 0.629104
vt 0.534282 0.670673
vt 0.531817 0.670673
vt 0.840075 0.477384
vt 0.842809 0.477384
vt 0.250544 0.770416
vt 0.253037 0.770416
vt 0.255471 0.770416
vt 0.066244 0.629104
vt 0.063777 0.629104
vt 0.536748 0.676981
vt 0.061311 0.635412
vt 0.389736 0.596248
vt 0.534282 0.676981
vt 0.387068 0.596857
vt 0.531817 0.676981
vt 0.840075 0.471076
vt 0.385883 0.599325
vt 0.842809 0.471076
vt 0.250544 0.764109
vt 0.387070 0.601787
vt 0.253037 0.764109
vt 0.389735 0.602395
vt 0.255471 0.764109
vt 0.066244 0.635412
vt 0.391876 0.600693
vt 0.063777 0.635412
vt 0.391876 0.597954
vt 0.389339 0.600471
vt 0.814660 0.882383
vt 0.293666 0.975233
vt 0.388261 0.600225
vt 0.813970 0.882383
vt 0.387782 0.599233
vt 0.812868 0.882383
vt 0.388261 0.598237
vt 0.812179 0.882383
vt 0.528873 0.931761
vt 0.389338 0.597991
vt 0.529978 0.931761
vt 0.912013 0.187100
vt 0.390202 0.598680
vt 0.913009 0.187100
vt 0.390201 0.599785
vt 0.914004 0.187100
vt 0.294768 0.975233
vt 0.814660 0.876182
vt 0.293666 0.969032
vt 0.813970 0.876182
vt 0.812868 0.876182
vt 0.812179 0.876182
vt 0.528873 0.937962
vt 0.529978 0.937962
vt 0.912013 0.193300
vt 0.913009 0.193300
vt 0.914004 0.193300
vt 0.294768 0.969032
vt 0.674666 0.316789
vt 0.459383 0.633298
vt 0.672200 0.316789
vt 0.669735 0.316789
vt 0.840075 0.440009
vt 0.842809 0.440009
vt 0.422633 0.789104
vt 0.425128 0.789104
vt 0.427560 0.789104
vt 0.464316 0.633298
vt 0.461849 0.633298
vt 0.674666 0.323096
vt 0.459383 0.639606
vt 0.459383 0.580796
vt 0.672200 0.323096
vt 0.460570 0.583262
vt 0.669735 0.323096
vt 0.840075 0.433702
vt 0.463241 0.583868
vt 0.842809 0.433702
vt 0.422633 0.782796
vt 0.465376 0.582162
vt 0.425128 0.782796
vt 0.465376 0.579426
vt 0.427560 0.782796
vt 0.464316 0.639606
vt 0.463241 0.577721
vt 0.461849 0.639606
vt 0.460570 0.578330
vt 0.463589 0.580243
vt 0.885748 0.082141
vt 0.776757 0.975286
vt 0.463589 0.581349
vt 0.885058 0.082141
vt 0.462729 0.582036
vt 0.883956 0.082141
vt 0.461651 0.581792
vt 0.883267 0.082141
vt 0.927147 0.043351
vt 0.461170 0.580796
vt 0.928252 0.043351
vt 0.904141 0.820334
vt 0.461651 0.579800
vt 0.905138 0.820334
vt 0.462729 0.579555
vt 0.906133 0.820334
vt 0.777859 0.975286
vt 0.885748 0.075940
vt 0.776757 0.969085
vt 0.885058 0.075940
vt 0.883956 0.075940
vt 0.883267 0.075940
vt 0.927147 0.049551
vt 0.928252 0.049551
vt 0.904141 0.826535
vt 0.905138 0.826535
vt 0.906133 0.826535
vt 0.777859 0.969085
vt 0.186226 0.670673
vt 0.635109 0.242684
vt 0.183759 0.670673
vt 0.181294 0.670673
vt 0.207135 0.845166
vt 0.209868 0.845166
vt 0.349136 0.789107
vt 0.351632 0.789107
vt 0.354063 0.789107
vt 0.640043 0.242684
vt 0.637576 0.242684
vt 0.186226 0.676980
vt 0.635109 0.248991
vt 0.256914 0.580795
vt 0.183759 0.676980
vt 0.258101 0.583261
vt 0.181294 0.676980
vt 0.207135 0.838858
vt 0.260772 0.583868
vt 0.209868 0.838858
vt 0.349136 0.782800
vt 0.262908 0.582162
vt 0.351632 0.782800
vt 0.262908 0.579426
vt 0.354063 0.782800
vt 0.640043 0.248991
vt 0.260772 0.577720
vt 0.637576 0.248991
vt 0.258101 0.578330
vt 0.261120 0.580243
vt 0.844381 0.882383
vt 0.790239 0.975286
vt 0.261120 0.581348
vt 0.843691 0.882383
vt 0.260260 0.582036
vt 0.842589 0.882383
vt 0.259182 0.581791
vt 0.841900 0.882383
vt 0.927147 0.006190
vt 0.258701 0.580795
vt 0.928252 0.006190
vt 0.912010 0.261371
vt 0.259182 0.579800
vt 0.913006 0.261371
vt 0.260260 0.579555
vt 0.914001 0.261371
vt 0.791341 0.975286
vt 0.844381 0.876182
vt 0.790239 0.969085
vt 0.843691 0.876182
vt 0.842589 0.876182
vt 0.841900 0.876182
vt 0.927147 0.012391
vt 0.928252 0.012391
vt 0.912010 0.267572
vt 0.913006 0.267572
vt 0.914001 0.267572
vt 0.791341 0.969085
vt 0.627554 0.670836
vt 0.623680 0.633461
vt 0.625088 0.670836
vt 0.622623 0.670836
vt 0.237365 0.845166
vt 0.240099 0.845166
vt 0.709167 0.770580
vt 0.711659 0.770580
vt 0.714093 0.770580
vt 0.628613 0.633461
vt 0.626146 0.633461
vt 0.627554 0.677144
vt 0.623680 0.639769
vt 0.371363 0.596248
vt 0.625088 0.677144
vt 0.368695 0.596857
vt 0.622623 0.677144
vt 0.237365 0.838858
vt 0.367509 0.599325
vt 0.240099 0.838858
vt 0.709167 0.764272
vt 0.368697 0.601787
vt 0.711659 0.764272
vt 0.371361 0.602395
vt 0.714093 0.764272
vt 0.628613 0.639769
vt 0.373503 0.600693
vt 0.626146 0.639769
vt 0.373503 0.597954
vt 0.370966 0.600471
vt 0.784938 0.882383
vt 0.201490 0.975229
vt 0.369888 0.600225
vt 0.784248 0.882383
vt 0.369409 0.599233
vt 0.783146 0.882383
vt 0.369887 0.598237
vt 0.782457 0.882383
vt 0.146668 0.931867
vt 0.370965 0.597991
vt 0.147774 0.931867
vt 0.906344 0.801647
vt 0.371829 0.598680
vt 0.907341 0.801647
vt 0.371828 0.599785
vt 0.908336 0.801647
vt 0.202592 0.975229
vt 0.784938 0.876182
vt 0.201490 0.969028
vt 0.784248 0.876182
vt 0.783146 0.876182
vt 0.782457 0.876182
vt 0.146668 0.938068
vt 0.147774 0.938068
vt 0.906344 0.807848
vt 0.907341 0.807848
vt 0.908336 0.807848
vt 0.202592 0.969028
vt 0.408127 0.670673
vt 0.636749 0.433702
vt 0.405661 0.670673
vt 0.403195 0.670673
vt 0.275290 0.845166
vt 0.278024 0.845166
vt 0.639927 0.770580
vt 0.642422 0.770580
vt 0.644854 0.770580
vt 0.641683 0.433702
vt 0.639215 0.433702
vt 0.408127 0.676980
vt 0.636749 0.440009
vt 0.256916 0.562268
vt 0.405661 0.676980
vt 0.258103 0.564734
vt 0.403195 0.676980
vt 0.275290 0.838859
vt 0.260773 0.565340
vt 0.278024 0.838859
vt 0.639927 0.764272
vt 0.262909 0.563635
vt 0.642422 0.764272
vt 0.262909 0.560899
vt 0.644854 0.764272
vt 0.641683 0.440009
vt 0.260773 0.559193
vt 0.639215 0.440009
vt 0.258103 0.559802
vt 0.261122 0.561715
vt 0.829520 0.882383
vt 0.971338 0.528340
vt 0.261122 0.562821
vt 0.828830 0.882383
vt 0.260261 0.563509
vt 0.827728 0.882383
vt 0.259183 0.563264
vt 0.827039 0.882383
vt 0.918007 0.857602
vt 0.258703 0.562268
vt 0.919112 0.857602
vt 0.275290 0.894707
vt 0.259183 0.561272
vt 0.276287 0.894707
vt 0.260261 0.561028
vt 0.277282 0.894707
vt 0.972440 0.528340
vt 0.829520 0.876182
vt 0.971338 0.522139
vt 0.828830 0.876182
vt 0.827728 0.876182
vt 0.827039 0.876182
vt 0.918007 0.863803
vt 0.919112 0.863803
vt 0.275290 0.900908
vt 0.276287 0.900908
vt 0.277282 0.900908
vt 0.972440 0.522139
vt 0.238164 0.670673
vt 0.587996 0.633461
vt 0.235698 0.670673
vt 0.233233 0.670673
vt 0.330763 0.845169
vt 0.333497 0.845169
vt 0.759341 0.370098
vt 0.761836 0.370098
vt 0.764268 0.370098
vt 0.592930 0.633461
vt 0.590463 0.633461
vt 0.238164 0.676980
vt 0.587996 0.639769
vt 0.165043 0.562268
vt 0.235698 0.676980
vt 0.166230 0.564734
vt 0.233233 0.676980
vt 0.330763 0.838861
vt 0.168900 0.565340
vt 0.333497 0.838861
vt 0.759341 0.363791
vt 0.171036 0.563635
vt 0.761836 0.363791
vt 0.171036 0.560899
vt 0.764268 0.363791
vt 0.592930 0.639769
vt 0.168900 0.559193
vt 0.590463 0.639769
vt 0.166230 0.559802
vt 0.169249 0.561715
vt 0.859241 0.882383
vt 0.971339 0.565231
vt 0.169249 0.562821
vt 0.858552 0.882383
vt 0.168388 0.563509
vt 0.857450 0.882383
vt 0.167311 0.563264
vt 0.856761 0.882383
vt 0.076761 0.927673
vt 0.166830 0.562268
vt 0.077866 0.927673
vt 0.496131 0.894600
vt 0.167311 0.561272
vt 0.497128 0.894600
vt 0.168388 0.561028
vt 0.498123 0.894600
vt 0.972441 0.565231
vt 0.859241 0.876182
vt 0.971339 0.559030
vt 0.858552 0.876182
vt 0.857450 0.876182
vt 0.856761 0.876182
vt 0.076761 0.933874
vt 0.077866 0.933874
vt 0.496131 0.900801
vt 0.497128 0.900801
vt 0.498123 0.900801
vt 0.972441 0.559030
vt 0.623492 0.006190
vt 0.606367 0.633461
vt 0.621026 0.006190
vt 0.618559 0.006190
vt 0.808207 0.193407
vt 0.810942 0.193407
vt 0.293666 0.770420
vt 0.296159 0.770420
vt 0.298593 0.770420
vt 0.611300 0.633461
vt 0.608833 0.633461
vt 0.623492 0.012497
vt 0.606367 0.639769
vt 0.442194 0.522753
vt 0.621026 0.012497
vt 0.441010 0.525221
vt 0.618559 0.012497
vt 0.808207 0.187100
vt 0.442202 0.527686
vt 0.810942 0.187100
vt 0.293666 0.764113
vt 0.444871 0.528287
vt 0.296159 0.764113
vt 0.447005 0.526579
vt 0.298593 0.764113
vt 0.611300 0.639769
vt 0.447005 0.523844
vt 0.608833 0.639769
vt 0.444861 0.522140
vt 0.445253 0.525692
vt 0.885309 0.407045
vt 0.971330 0.583921
vt 0.444390 0.526383
vt 0.884619 0.407045
vt 0.443315 0.526140
vt 0.883517 0.407045
vt 0.442833 0.525146
vt 0.882828 0.407045
vt 0.020559 0.927673
vt 0.443310 0.524149
vt 0.021664 0.927673
vt 0.912013 0.316789
vt 0.444388 0.523902
vt 0.913009 0.316789
vt 0.445252 0.524590
vt 0.914004 0.316789
vt 0.972432 0.583921
vt 0.885309 0.400845
vt 0.971330 0.577720
vt 0.884619 0.400845
vt 0.883517 0.400845
vt 0.882828 0.400845
vt 0.020559 0.933874
vt 0.021664 0.933874
vt 0.912013 0.322989
vt 0.913009 0.322989
vt 0.914004 0.322989
vt 0.972432 0.577720
vt 0.255477 0.670673
vt 0.551250 0.652149
vt 0.253011 0.670673
vt 0.250546 0.670673
vt 0.252488 0.845166
vt 0.255221 0.845166
vt 0.780543 0.565338
vt 0.783038 0.565338
vt 0.785470 0.565338
vt 0.556183 0.652149
vt 0.553716 0.652149
vt 0.255477 0.676980
vt 0.551250 0.658457
vt 0.569629 0.543742
vt 0.253011 0.676980
vt 0.570816 0.546207
vt 0.250546 0.676980
vt 0.252488 0.838858
vt 0.573487 0.546814
vt 0.255221 0.838858
vt 0.780543 0.559030
vt 0.575622 0.545108
vt 0.783038 0.559030
vt 0.575622 0.542372
vt 0.785470 0.559030
vt 0.556183 0.658457
vt 0.573487 0.540666
vt 0.553716 0.658457
vt 0.570816 0.541276
vt 0.573835 0.543189
vt 0.553731 0.882384
vt 0.970522 0.658350
vt 0.573835 0.544294
vt 0.553041 0.882384
vt 0.572974 0.544982
vt 0.551939 0.882384
vt 0.571897 0.544737
vt 0.551250 0.882384
vt 0.931997 0.820334
vt 0.571416 0.543742
vt 0.933103 0.820334
vt 0.912010 0.132002
vt 0.571897 0.542746
vt 0.913006 0.132002
vt 0.572974 0.542501
vt 0.914001 0.132002
vt 0.971624 0.658350
vt 0.553731 0.876183
vt 0.970522 0.652149
vt 0.553041 0.876183
vt 0.551939 0.876183
vt 0.551250 0.876183
vt 0.931997 0.826535
vt 0.933103 0.826535
vt 0.912010 0.138203
vt 0.913006 0.138203
vt 0.914001 0.138203
vt 0.971624 0.652149
vt 0.220851 0.670673
vt 0.635106 0.132002
vt 0.218385 0.670673
vt 0.215920 0.670673
vt 0.829198 0.714518
vt 0.831931 0.714518
vt 0.726479 0.770580
vt 0.728975 0.770580
vt 0.731406 0.770580
vt 0.640040 0.132002
vt 0.637573 0.132002
vt 0.220851 0.676980
vt 0.635106 0.138310
vt 0.532877 0.562269
vt 0.218385 0.676980
vt 0.534064 0.564735
vt 0.215920 0.676980
vt 0.829198 0.708211
vt 0.536735 0.565341
vt 0.831931 0.708211
vt 0.726479 0.764272
vt 0.538870 0.563635
vt 0.728975 0.764272
vt 0.538870 0.560899
vt 0.731406 0.764272
vt 0.640040 0.138310
vt 0.536735 0.559193
vt 0.637573 0.138310
vt 0.534064 0.559803
vt 0.537083 0.561716
vt 0.857669 0.458590
vt 0.968475 0.477064
vt 0.537083 0.562822
vt 0.856979 0.458590
vt 0.536222 0.563509
vt 0.855878 0.458590
vt 0.535145 0.563264
vt 0.855188 0.458590
vt 0.006190 0.927673
vt 0.534664 0.562269
vt 0.007295 0.927673
vt 0.900693 0.363791
vt 0.535145 0.561273
vt 0.901690 0.363791
vt 0.536222 0.561028
vt 0.902685 0.363791
vt 0.969577 0.477064
vt 0.857669 0.452389
vt 0.968475 0.470863
vt 0.856979 0.452389
vt 0.855878 0.452389
vt 0.855188 0.452389
vt 0.006190 0.933874
vt 0.007295 0.933874
vt 0.900693 0.369991
vt 0.901690 0.369991
vt 0.902685 0.369991
vt 0.969577 0.470863
vt 0.610241 0.670836
vt 0.635106 0.150690
vt 0.607775 0.670836
vt 0.605309 0.670836
vt 0.837993 0.407152
vt 0.840727 0.407152
vt 0.762167 0.639769
vt 0.764660 0.639769
vt 0.767094 0.639769
vt 0.640040 0.150690
vt 0.637573 0.150690
vt 0.610241 0.677144
vt 0.635106 0.156997
vt 0.481611 0.596247
vt 0.607775 0.677144
vt 0.478943 0.596856
vt 0.605309 0.677144
vt 0.837993 0.400845
vt 0.477757 0.599324
vt 0.840727 0.400845
vt 0.762167 0.633462
vt 0.478945 0.601786
vt 0.764660 0.633462
vt 0.481609 0.602395
vt 0.767094 0.633462
vt 0.640040 0.156997
vt 0.483751 0.600692
vt 0.637573 0.156997
vt 0.483751 0.597953
vt 0.481214 0.600471
vt 0.038645 0.859552
vt 0.968475 0.458483
vt 0.480136 0.600225
vt 0.037955 0.859552
vt 0.479657 0.599233
vt 0.036853 0.859552
vt 0.480135 0.598237
vt 0.036164 0.859552
vt 0.926384 0.242684
vt 0.481213 0.597990
vt 0.927489 0.242684
vt 0.887820 0.764272
vt 0.482077 0.598680
vt 0.888817 0.764272
vt 0.482076 0.599785
vt 0.889812 0.764272
vt 0.969577 0.458483
vt 0.038645 0.853351
vt 0.968475 0.452282
vt 0.037955 0.853351
vt 0.036853 0.853351
vt 0.036164 0.853351
vt 0.926384 0.248884
vt 0.927489 0.248884
vt 0.887820 0.770473
vt 0.888817 0.770473
vt 0.889812 0.770473
vt 0.969577 0.452282
vt 0.692740 0.006190
vt 0.619436 0.452389
vt 0.690274 0.006190
vt 0.687809 0.006190
vt 0.832278 0.807954
vt 0.835011 0.807954
vt 0.117214 0.766220
vt 0.119710 0.766220
vt 0.122141 0.766220
vt 0.624370 0.452389
vt 0.621903 0.452389
vt 0.692740 0.012497
vt 0.619436 0.458697
vt 0.514504 0.562269
vt 0.690274 0.012497
vt 0.515691 0.564735
vt 0.687809 0.012497
vt 0.832278 0.801647
vt 0.518362 0.565341
vt 0.835011 0.801647
vt 0.117214 0.759912
vt 0.520497 0.563635
vt 0.119710 0.759912
vt 0.520497 0.560899
vt 0.122141 0.759912
vt 0.624370 0.458697
vt 0.518362 0.559193
vt 0.621903 0.458697
vt 0.515691 0.559803
vt 0.518710 0.561716
vt 0.099372 0.859552
vt 0.898092 0.975286
vt 0.518710 0.562822
vt 0.098682 0.859552
vt 0.517849 0.563510
vt 0.097581 0.859552
vt 0.516772 0.563264
vt 0.096891 0.859552
vt 0.926381 0.132002
vt 0.516291 0.562269
vt 0.927486 0.132002
vt 0.887767 0.577720
vt 0.516772 0.561273
vt 0.888763 0.577720
vt 0.517849 0.561028
vt 0.889759 0.577720
vt 0.899194 0.975286
vt 0.099372 0.853351
vt 0.898092 0.969085
vt 0.098682 0.853351
vt 0.097581 0.853351
vt 0.096891 0.853351
vt 0.926381 0.138203
vt 0.927486 0.138203
vt 0.887767 0.583921
vt 0.888763 0.583921
vt 0.889759 0.583921
vt 0.899194 0.969085
vt 0.675429 0.043564
vt 0.624748 0.522139
vt 0.672963 0.043564
vt 0.670498 0.043564
vt 0.838432 0.286366
vt 0.841166 0.286366
vt 0.163976 0.789104
vt 0.166472 0.789104
vt 0.168903 0.789104
vt 0.629681 0.522139
vt 0.627214 0.522139
vt 0.675429 0.049872
vt 0.624748 0.528447
vt 0.201792 0.580795
vt 0.672963 0.049872
vt 0.202980 0.583261
vt 0.670498 0.049872
vt 0.838432 0.280058
vt 0.205650 0.583868
vt 0.841166 0.280058
vt 0.163976 0.782796
vt 0.207786 0.582162
vt 0.166472 0.782796
vt 0.207786 0.579426
vt 0.168903 0.782796
vt 0.629681 0.528447
vt 0.205650 0.577720
vt 0.627214 0.528447
vt 0.202980 0.578330
vt 0.205998 0.580243
vt 0.725496 0.882383
vt 0.477757 0.975229
vt 0.205998 0.581348
vt 0.724806 0.882383
vt 0.205138 0.582036
vt 0.723704 0.882383
vt 0.204060 0.581791
vt 0.723015 0.882383
vt 0.926381 0.279951
vt 0.203579 0.580795
vt 0.927486 0.279951
vt 0.902192 0.782853
vt 0.204060 0.579800
vt 0.903189 0.782853
vt 0.205138 0.579555
vt 0.904184 0.782853
vt 0.478859 0.975229
vt 0.725496 0.876183
vt 0.477757 0.969028
vt 0.724806 0.876183
vt 0.723704 0.876183
vt 0.723015 0.876183
vt 0.926381 0.286152
vt 0.927486 0.286152
vt 0.902192 0.789054
vt 0.903189 0.789054
vt 0.904184 0.789054
vt 0.478859 0.969028
vt 0.445941 0.670673
vt 0.181294 0.633298
vt 0.443475 0.670673
vt 0.441010 0.670673
vt 0.840073 0.496071
vt 0.842807 0.496071
vt 0.163976 0.770416
vt 0.166469 0.770416
vt 0.168903 0.770416
vt 0.186228 0.633298
vt 0.183761 0.633298
vt 0.445941 0.676981
vt 0.181294 0.639606
vt 0.352990 0.596248
vt 0.443475 0.676981
vt 0.350322 0.596857
vt 0.441010 0.676981
vt 0.840073 0.489764
vt 0.349136 0.599325
vt 0.842807 0.489764
vt 0.163976 0.764109
vt 0.350324 0.601787
vt 0.166469 0.764109
vt 0.352988 0.602395
vt 0.168903 0.764109
vt 0.186228 0.639606
vt 0.355130 0.600693
vt 0.183761 0.639606
vt 0.355130 0.597954
vt 0.352593 0.600471
vt 0.710636 0.882383
vt 0.146668 0.975229
vt 0.351515 0.600225
vt 0.709946 0.882383
vt 0.351036 0.599233
vt 0.708844 0.882383
vt 0.351514 0.598237
vt 0.708155 0.882383
vt 0.049791 0.927674
vt 0.352592 0.597991
vt 0.050896 0.927674
vt 0.903265 0.670836
vt 0.353456 0.598680
vt 0.904262 0.670836
vt 0.353455 0.599785
vt 0.905257 0.670836
vt 0.147770 0.975229
vt 0.710636 0.876183
vt 0.146668 0.969028
vt 0.709946 0.876183
vt 0.708844 0.876183
vt 0.708155 0.876183
vt 0.049791 0.933874
vt 0.050896 0.933874
vt 0.903265 0.677037
vt 0.904262 0.677037
vt 0.905257 0.677037
vt 0.147770 0.969028
vt 0.203538 0.670673
vt 0.330763 0.633301
vt 0.201072 0.670673
vt 0.198607 0.670673
vt 0.838435 0.248991
vt 0.841169 0.248991
vt 0.763235 0.528447
vt 0.765731 0.528447
vt 0.768162 0.528447
vt 0.335696 0.633301
vt 0.333229 0.633301
vt 0.203538 0.676980
vt 0.330763 0.639609
vt 0.220167 0.562268
vt 0.201072 0.676980
vt 0.221354 0.564734
vt 0.198607 0.676980
vt 0.838435 0.242684
vt 0.224024 0.565340
vt 0.841169 0.242684
vt 0.763235 0.522139
vt 0.226160 0.563635
vt 0.765731 0.522139
vt 0.226160 0.560899
vt 0.768162 0.522139
vt 0.335696 0.639609
vt 0.224024 0.559193
vt 0.333229 0.639609
vt 0.221354 0.559802
vt 0.224373 0.561715
vt 0.740357 0.882383
vt 0.956564 0.882383
vt 0.224373 0.562821
vt 0.739667 0.882383
vt 0.223512 0.563509
vt 0.738565 0.882383
vt 0.222435 0.563264
vt 0.737876 0.882383
vt 0.917636 0.726791
vt 0.221954 0.562268
vt 0.918741 0.726791
vt 0.889770 0.820334
vt 0.222435 0.561272
vt 0.890766 0.820334
vt 0.223512 0.561028
vt 0.891761 0.820334
vt 0.957666 0.882383
vt 0.740357 0.876183
vt 0.956564 0.876183
vt 0.739667 0.876183
vt 0.738565 0.876183
vt 0.737876 0.876183
vt 0.917636 0.732992
vt 0.918741 0.732992
vt 0.889770 0.826535
vt 0.890766 0.826535
vt 0.891761 0.826535
vt 0.957666 0.876183
vt 0.675429 0.024877
vt 0.385882 0.633298
vt 0.672963 0.024877
vt 0.670498 0.024877
vt 0.308780 0.845169
vt 0.311513 0.845169
vt 0.756284 0.286366
vt 0.758780 0.286366
vt 0.761211 0.286366
vt 0.390816 0.633298
vt 0.388349 0.633298
vt 0.675429 0.031185
vt 0.385882 0.639606
vt 0.238541 0.562268
vt 0.672963 0.031185
vt 0.239728 0.564734
vt 0.670498 0.031185
vt 0.308780 0.838862
vt 0.242399 0.565340
vt 0.311513 0.838862
vt 0.756284 0.280058
vt 0.244534 0.563635
vt 0.758780 0.280058
vt 0.244534 0.560899
vt 0.761211 0.280058
vt 0.390816 0.639606
vt 0.242399 0.559193
vt 0.388349 0.639606
vt 0.239728 0.559802
vt 0.242747 0.561715
vt 0.755218 0.882383
vt 0.957849 0.583921
vt 0.242747 0.562821
vt 0.754528 0.882383
vt 0.241887 0.563509
vt 0.753426 0.882383
vt 0.240809 0.563264
vt 0.752737 0.882383
vt 0.932007 0.614774
vt 0.240328 0.562268
vt 0.933113 0.614774
vt 0.117215 0.890510
vt 0.240809 0.561272
vt 0.118211 0.890510
vt 0.241887 0.561028
vt 0.119206 0.890510
vt 0.958951 0.583921
vt 0.755218 0.876183
vt 0.957849 0.577720
vt 0.754528 0.876183
vt 0.753426 0.876183
vt 0.752737 0.876183
vt 0.932007 0.620975
vt 0.933113 0.620975
vt 0.117215 0.896710
vt 0.118211 0.896710
vt 0.119206 0.896710
vt 0.958951 0.577720
vt 0.622727 0.205790
vt 0.477757 0.633298
vt 0.620261 0.205790
vt 0.617794 0.205790
vt 0.808204 0.267678
vt 0.810939 0.267678
vt 0.762165 0.733205
vt 0.764658 0.733205
vt 0.767092 0.733205
vt 0.482691 0.633298
vt 0.480224 0.633298
vt 0.622727 0.212097
vt 0.477757 0.639605
vt 0.460568 0.522753
vt 0.620261 0.212097
vt 0.459384 0.525221
vt 0.617794 0.212097
vt 0.808204 0.261371
vt 0.460577 0.527686
vt 0.810939 0.261371
vt 0.762165 0.726898
vt 0.463245 0.528287
vt 0.764658 0.726898
vt 0.465379 0.526579
vt 0.767092 0.726898
vt 0.482691 0.639605
vt 0.465379 0.523844
vt 0.480224 0.639605
vt 0.463235 0.522140
vt 0.463627 0.525692
vt 0.694502 0.882383
vt 0.958974 0.695724
vt 0.462764 0.526383
vt 0.693812 0.882383
vt 0.461689 0.526140
vt 0.692710 0.882383
vt 0.461207 0.525146
vt 0.692021 0.882383
vt 0.932023 0.913344
vt 0.461685 0.524149
vt 0.933128 0.913344
vt 0.903267 0.614774
vt 0.462762 0.523902
vt 0.904263 0.614774
vt 0.463627 0.524590
vt 0.905259 0.614774
vt 0.960076 0.695724
vt 0.694502 0.876183
vt 0.958974 0.689523
vt 0.693812 0.876183
vt 0.692710 0.876183
vt 0.692021 0.876183
vt 0.932023 0.919544
vt 0.933128 0.919544
vt 0.903267 0.620975
vt 0.904263 0.620975
vt 0.905259 0.620975
vt 0.960076 0.689523
vt 0.676306 0.433702
vt 0.146668 0.651985
vt 0.673841 0.433702
vt 0.671375 0.433702
vt 0.840075 0.458697
vt 0.842809 0.458697
vt 0.310975 0.770420
vt 0.313471 0.770420
vt 0.315902 0.770420
vt 0.151602 0.651985
vt 0.149135 0.651985
vt 0.676306 0.440009
vt 0.146668 0.658293
vt 0.569629 0.562269
vt 0.673841 0.440009
vt 0.570816 0.564734
vt 0.671375 0.440009
vt 0.840075 0.452389
vt 0.573487 0.565341
vt 0.842809 0.452389
vt 0.310975 0.764113
vt 0.575622 0.563635
vt 0.313471 0.764113
vt 0.575622 0.560899
vt 0.315902 0.764113
vt 0.151602 0.658293
vt 0.573487 0.559193
vt 0.149135 0.658293
vt 0.570816 0.559803
vt 0.573835 0.561716
vt 0.119696 0.878130
vt 0.961170 0.807848
vt 0.573835 0.562822
vt 0.119006 0.878130
vt 0.572974 0.563509
vt 0.117904 0.878130
vt 0.571897 0.563264
vt 0.117215 0.878130
vt 0.930071 0.652149
vt 0.571416 0.562269
vt 0.931176 0.652149
vt 0.902192 0.764272
vt 0.571897 0.561273
vt 0.903189 0.764272
vt 0.572974 0.561028
vt 0.904184 0.764272
vt 0.962272 0.807848
vt 0.119696 0.871929
vt 0.961170 0.801647
vt 0.119006 0.871929
vt 0.117904 0.871929
vt 0.117215 0.871929
vt 0.930071 0.658350
vt 0.931176 0.658350
vt 0.902192 0.770473
vt 0.903189 0.770473
vt 0.904184 0.770473
vt 0.962272 0.801647
vt 0.675429 0.006190
vt 0.293666 0.633302
vt 0.672963 0.006190
vt 0.670498 0.006190
vt 0.827011 0.658456
vt 0.829745 0.658456
vt 0.146668 0.770417
vt 0.149164 0.770417
vt 0.151595 0.770417
vt 0.298600 0.633302
vt 0.296133 0.633302
vt 0.675429 0.012497
vt 0.293666 0.639609
vt 0.565735 0.366866
vt 0.672963 0.012497
vt 0.566923 0.369332
vt 0.670498 0.012497
vt 0.827011 0.652149
vt 0.569593 0.369938
vt 0.829745 0.652149
vt 0.146668 0.764109
vt 0.571729 0.368233
vt 0.149164 0.764109
vt 0.571729 0.365497
vt 0.151595 0.764109
vt 0.298600 0.639609
vt 0.569593 0.363791
vt 0.296133 0.639609
vt 0.566923 0.364401
vt 0.569942 0.366314
vt 0.856027 0.119516
vt 0.966838 0.174720
vt 0.569942 0.367419
vt 0.855337 0.119516
vt 0.569081 0.368107
vt 0.854235 0.119516
vt 0.568003 0.367862
vt 0.853546 0.119516
vt 0.932025 0.894763
vt 0.567523 0.366866
vt 0.933131 0.894763
vt 0.899281 0.470863
vt 0.568003 0.365871
vt 0.900278 0.470863
vt 0.569081 0.365626
vt 0.901273 0.470863
vt 0.967940 0.174720
vt 0.856027 0.113315
vt 0.966838 0.168519
vt 0.855337 0.113315
vt 0.854235 0.113315
vt 0.853546 0.113315
vt 0.932025 0.900964
vt 0.933131 0.900964
vt 0.899281 0.477063
vt 0.900278 0.477063
vt 0.901273 0.477063
vt 0.967940 0.168519
vt 0.316967 0.670676
vt 0.619436 0.489764
vt 0.314501 0.670676
vt 0.312036 0.670676
vt 0.566365 0.826642
vt 0.569099 0.826642
vt 0.757927 0.458697
vt 0.760420 0.458697
vt 0.762854 0.458697
vt 0.624370 0.489764
vt 0.621903 0.489764
vt 0.316967 0.676984
vt 0.619436 0.496071
vt 0.499984 0.596248
vt 0.314501 0.676984
vt 0.497316 0.596857
vt 0.312036 0.676984
vt 0.566365 0.820335
vt 0.496131 0.599325
vt 0.569099 0.820335
vt 0.757927 0.452389
vt 0.497319 0.601787
vt 0.760420 0.452389
vt 0.499983 0.602395
vt 0.762854 0.452389
vt 0.624370 0.496071
vt 0.502124 0.600693
vt 0.621903 0.496071
vt 0.502124 0.597954
vt 0.499587 0.600471
vt 0.856027 0.211990
vt 0.966835 0.267572
vt 0.498509 0.600225
vt 0.855337 0.211990
vt 0.498030 0.599233
vt 0.854235 0.211990
vt 0.498509 0.598237
vt 0.853546 0.211990
vt 0.926384 0.187100
vt 0.499587 0.597990
vt 0.927489 0.187100
vt 0.884908 0.489764
vt 0.500450 0.598680
vt 0.885904 0.489764
vt 0.500450 0.599785
vt 0.886899 0.489764
vt 0.967937 0.267572
vt 0.856027 0.205790
vt 0.966835 0.261371
vt 0.855337 0.205790
vt 0.854235 0.205790
vt 0.853546 0.205790
vt 0.926384 0.193300
vt 0.927489 0.193300
vt 0.884908 0.495964
vt 0.885904 0.495964
vt 0.886899 0.495964
vt 0.967937 0.261371
vt 0.691978 0.187100
vt 0.617793 0.280058
vt 0.689511 0.187100
vt 0.687046 0.187100
vt 0.648458 0.826642
vt 0.651191 0.826642
vt 0.756284 0.100935
vt 0.758780 0.100935
vt 0.761211 0.100935
vt 0.622727 0.280058
vt 0.620260 0.280058
vt 0.691978 0.193407
vt 0.617793 0.286366
vt 0.477757 0.562269
vt 0.689511 0.193407
vt 0.478945 0.564735
vt 0.687046 0.193407
vt 0.648458 0.820334
vt 0.481615 0.565341
vt 0.651191 0.820334
vt 0.756284 0.094628
vt 0.483751 0.563635
vt 0.758780 0.094628
vt 0.483751 0.560899
vt 0.761211 0.094628
vt 0.622727 0.286366
vt 0.481615 0.559193
vt 0.620260 0.286366
vt 0.478945 0.559803
vt 0.481964 0.561716
vt 0.856026 0.267572
vt 0.587996 0.975286
vt 0.481964 0.562822
vt 0.855336 0.267572
vt 0.481103 0.563509
vt 0.854235 0.267572
vt 0.480025 0.563264
vt 0.853545 0.267572
vt 0.918007 0.839022
vt 0.479545 0.562269
vt 0.919112 0.839022
vt 0.883270 0.316789
vt 0.480025 0.561273
vt 0.884266 0.316789
vt 0.481103 0.561028
vt 0.885261 0.316789
vt 0.589098 0.975286
vt 0.856026 0.261371
vt 0.587996 0.969085
vt 0.855336 0.261371
vt 0.854235 0.261371
vt 0.853545 0.261371
vt 0.918007 0.845222
vt 0.919112 0.845222
vt 0.883270 0.322989
vt 0.884266 0.322989
vt 0.885261 0.322989
vt 0.589098 0.969085
vt 0.732479 0.614774
vt 0.721668 0.316789
vt 0.730016 0.614774
vt 0.727551 0.614774
vt 0.827011 0.639769
vt 0.829745 0.639769
vt 0.092748 0.784910
vt 0.095244 0.784910
vt 0.097675 0.784910
vt 0.726599 0.316789
vt 0.724132 0.316789
vt 0.732479 0.621082
vt 0.721668 0.323096
vt 0.606370 0.580795
vt 0.730016 0.621082
vt 0.607554 0.583261
vt 0.727551 0.621082
vt 0.827011 0.633461
vt 0.610224 0.583868
vt 0.829745 0.633461
vt 0.092748 0.778602
vt 0.612360 0.582162
vt 0.095244 0.778602
vt 0.612360 0.579426
vt 0.097675 0.778602
vt 0.726599 0.323096
vt 0.610224 0.577720
vt 0.724132 0.323096
vt 0.607554 0.578330
vt 0.610573 0.580243
vt 0.875396 0.565231
vt 0.228457 0.975229
vt 0.610573 0.581348
vt 0.874706 0.565231
vt 0.609713 0.582036
vt 0.873604 0.565231
vt 0.608635 0.581791
vt 0.872915 0.565231
vt 0.130699 0.946251
vt 0.608158 0.580795
vt 0.131804 0.946251
vt 0.308038 0.913290
vt 0.608635 0.579800
vt 0.309032 0.913290
vt 0.609713 0.579555
vt 0.310027 0.913290
vt 0.229559 0.975229
vt 0.875396 0.559030
vt 0.228457 0.969028
vt 0.874706 0.559030
vt 0.873604 0.559030
vt 0.872915 0.559030
vt 0.130699 0.952452
vt 0.131804 0.952452
vt 0.308038 0.919491
vt 0.309032 0.919491
vt 0.310027 0.919491
vt 0.229559 0.969028
vt 0.556179 0.726898
vt 0.721665 0.132002
vt 0.553715 0.726898
vt 0.551250 0.726898
vt 0.841487 0.370098
vt 0.844221 0.370098
vt 0.778399 0.770580
vt 0.780892 0.770580
vt 0.783326 0.770580
vt 0.726596 0.132002
vt 0.724129 0.132002
vt 0.556179 0.733206
vt 0.721665 0.138310
vt 0.603276 0.187263
vt 0.553715 0.733206
vt 0.600609 0.187869
vt 0.551250 0.733206
vt 0.841487 0.363791
vt 0.599423 0.190337
vt 0.844221 0.363791
vt 0.778399 0.764272
vt 0.600611 0.192799
vt 0.780892 0.764272
vt 0.603275 0.193407
vt 0.783326 0.764272
vt 0.726596 0.138310
vt 0.605417 0.191705
vt 0.724129 0.138310
vt 0.605417 0.188966
vt 0.602880 0.191484
vt 0.875387 0.583921
vt 0.971574 0.677037
vt 0.601802 0.191238
vt 0.874697 0.583921
vt 0.601323 0.190245
vt 0.873595 0.583921
vt 0.601801 0.189250
vt 0.872906 0.583921
vt 0.953401 0.400845
vt 0.602879 0.189006
vt 0.954505 0.400845
vt 0.551250 0.913344
vt 0.603743 0.189693
vt 0.552244 0.913344
vt 0.603742 0.190798
vt 0.553239 0.913344
vt 0.972675 0.677037
vt 0.875387 0.577720
vt 0.971574 0.670836
vt 0.874697 0.577720
vt 0.873595 0.577720
vt 0.872906 0.577720
vt 0.953401 0.407046
vt 0.954505 0.407046
vt 0.551250 0.919545
vt 0.552244 0.919545
vt 0.553239 0.919545
vt 0.972675 0.670836
vt 0.203534 0.726734
vt 0.722431 0.024877
vt 0.201071 0.726734
vt 0.198605 0.726734
vt 0.838435 0.323096
vt 0.841169 0.323096
vt 0.774356 0.012497
vt 0.776852 0.012497
vt 0.779283 0.012497
vt 0.727362 0.024877
vt 0.724895 0.024877
vt 0.203534 0.733042
vt 0.722431 0.031185
vt 0.569623 0.599323
vt 0.201071 0.733042
vt 0.570808 0.601789
vt 0.198605 0.733042
vt 0.838435 0.316789
vt 0.573478 0.602395
vt 0.841169 0.316789
vt 0.774356 0.006190
vt 0.575614 0.600689
vt 0.776852 0.006190
vt 0.575614 0.597953
vt 0.779283 0.006190
vt 0.727362 0.031185
vt 0.573478 0.596248
vt 0.724895 0.031185
vt 0.570808 0.596857
vt 0.573827 0.598770
vt 0.876513 0.695724
vt 0.722831 0.956705
vt 0.573827 0.599876
vt 0.875823 0.695724
vt 0.572966 0.600564
vt 0.874722 0.695724
vt 0.571888 0.600319
vt 0.874032 0.695724
vt 0.046642 0.946254
vt 0.571411 0.599323
vt 0.047746 0.946254
vt 0.477757 0.913287
vt 0.571888 0.598327
vt 0.478752 0.913287
vt 0.572966 0.598082
vt 0.479747 0.913287
vt 0.723932 0.956705
vt 0.876513 0.689523
vt 0.722831 0.950505
vt 0.875823 0.689523
vt 0.874722 0.689523
vt 0.874032 0.689523
vt 0.046642 0.952455
vt 0.047746 0.952455
vt 0.477757 0.919487
vt 0.478752 0.919487
vt 0.479747 0.919487
vt 0.723932 0.950505
vt 0.697856 0.726898
vt 0.710238 0.670836
vt 0.695392 0.726898
vt 0.692927 0.726898
vt 0.051538 0.840972
vt 0.054272 0.840972
vt 0.762163 0.751893
vt 0.764659 0.751893
vt 0.767090 0.751893
vt 0.715169 0.670836
vt 0.712702 0.670836
vt 0.697856 0.733205
vt 0.710238 0.677144
vt 0.599423 0.134757
vt 0.695392 0.733205
vt 0.600607 0.137223
vt 0.692927 0.733205
vt 0.051538 0.834664
vt 0.603277 0.137829
vt 0.054272 0.834664
vt 0.762163 0.745585
vt 0.605413 0.136123
vt 0.764659 0.745585
vt 0.605413 0.133387
vt 0.767090 0.745585
vt 0.715169 0.677144
vt 0.603277 0.131682
vt 0.712702 0.677144
vt 0.600607 0.132291
vt 0.603626 0.134204
vt 0.333244 0.863749
vt 0.972455 0.695724
vt 0.603626 0.135310
vt 0.332554 0.863749
vt 0.602766 0.135998
vt 0.331452 0.863749
vt 0.601688 0.135753
vt 0.330763 0.863749
vt 0.954117 0.043351
vt 0.601211 0.134757
vt 0.955221 0.043351
vt 0.916564 0.764272
vt 0.601688 0.133761
vt 0.917558 0.764272
vt 0.602766 0.133516
vt 0.918553 0.764272
vt 0.973557 0.695724
vt 0.333244 0.857548
vt 0.972455 0.689523
vt 0.332554 0.857548
vt 0.331452 0.857548
vt 0.330763 0.857548
vt 0.954117 0.049551
vt 0.955221 0.049551
vt 0.916564 0.770473
vt 0.917558 0.770473
vt 0.918553 0.770473
vt 0.973557 0.689523
vt 0.122145 0.703850
vt 0.458323 0.689360
vt 0.119682 0.703850
vt 0.117215 0.703850
vt 0.566365 0.807955
vt 0.569101 0.807955
vt 0.366444 0.770420
vt 0.368937 0.770420
vt 0.371371 0.770420
vt 0.463254 0.689360
vt 0.460787 0.689360
vt 0.122145 0.710158
vt 0.458323 0.695668
vt 0.242404 0.596247
vt 0.119682 0.710158
vt 0.239737 0.596853
vt 0.117215 0.710158
vt 0.566365 0.801647
vt 0.238549 0.599320
vt 0.569101 0.801647
vt 0.366444 0.764112
vt 0.239739 0.601783
vt 0.368937 0.764112
vt 0.242404 0.602391
vt 0.371371 0.764112
vt 0.463254 0.695668
vt 0.244545 0.600689
vt 0.460787 0.695668
vt 0.244545 0.597950
vt 0.242008 0.600468
vt 0.239594 0.863746
vt 0.972448 0.826535
vt 0.240930 0.600222
vt 0.238904 0.863746
vt 0.240451 0.599229
vt 0.237802 0.863746
vt 0.240930 0.598233
vt 0.237113 0.863746
vt 0.954992 0.452282
vt 0.242007 0.597990
vt 0.956096 0.452282
vt 0.916517 0.522139
vt 0.242871 0.598677
vt 0.917512 0.522139
vt 0.242870 0.599782
vt 0.918507 0.522139
vt 0.973550 0.826535
vt 0.239594 0.857545
vt 0.972448 0.820334
vt 0.238904 0.857545
vt 0.237802 0.857545
vt 0.237113 0.857545
vt 0.954992 0.458483
vt 0.956096 0.458483
vt 0.916517 0.528340
vt 0.917512 0.528340
vt 0.918507 0.528340
vt 0.973550 0.820334
vt 0.519433 0.726735
vt 0.692927 0.689523
vt 0.516969 0.726735
vt 0.514504 0.726735
vt 0.823322 0.323096
vt 0.826055 0.323096
vt 0.146668 0.789104
vt 0.149164 0.789104
vt 0.151595 0.789104
vt 0.697858 0.689523
vt 0.695391 0.689523
vt 0.519433 0.733042
vt 0.692927 0.695831
vt 0.599424 0.338554
vt 0.516969 0.733042
vt 0.600608 0.341020
vt 0.514504 0.733042
vt 0.823322 0.316789
vt 0.603278 0.341627
vt 0.826055 0.316789
vt 0.146668 0.782796
vt 0.605414 0.339921
vt 0.149164 0.782796
vt 0.605414 0.337185
vt 0.151595 0.782796
vt 0.697858 0.695831
vt 0.603278 0.335479
vt 0.695391 0.695831
vt 0.600608 0.336089
vt 0.603627 0.338002
vt 0.443491 0.863747
vt 0.956403 0.369991
vt 0.603627 0.339107
vt 0.442801 0.863747
vt 0.602766 0.339795
vt 0.441699 0.863747
vt 0.601689 0.339550
vt 0.441010 0.863747
vt 0.953354 0.187100
vt 0.601211 0.338554
vt 0.954458 0.187100
vt 0.916510 0.577720
vt 0.601689 0.337559
vt 0.917504 0.577720
vt 0.602766 0.337314
vt 0.918499 0.577720
vt 0.957505 0.369991
vt 0.443491 0.857546
vt 0.956403 0.363791
vt 0.442801 0.857546
vt 0.441699 0.857546
vt 0.441010 0.857546
vt 0.953354 0.193300
vt 0.954458 0.193300
vt 0.916510 0.583921
vt 0.917504 0.583921
vt 0.918499 0.583921
vt 0.957505 0.363791
vt 0.220843 0.726734
vt 0.693998 0.522139
vt 0.218379 0.726734
vt 0.215914 0.726734
vt 0.823322 0.193407
vt 0.826055 0.193407
vt 0.691860 0.770580
vt 0.694356 0.770580
vt 0.696787 0.770580
vt 0.698928 0.522139
vt 0.696462 0.522139
vt 0.220843 0.733042
vt 0.693998 0.528447
vt 0.599423 0.282973
vt 0.218379 0.733042
vt 0.600608 0.285439
vt 0.215914 0.733042
vt 0.823322 0.187100
vt 0.603278 0.286045
vt 0.826055 0.187100
vt 0.691860 0.764272
vt 0.605414 0.284340
vt 0.694356 0.764272
vt 0.605414 0.281604
vt 0.696787 0.764272
vt 0.698928 0.528447
vt 0.603278 0.279898
vt 0.696462 0.528447
vt 0.600608 0.280507
vt 0.603626 0.282420
vt 0.224733 0.863746
vt 0.911573 0.956705
vt 0.603626 0.283526
vt 0.224043 0.863746
vt 0.602766 0.284214
vt 0.222941 0.863746
vt 0.601688 0.283969
vt 0.222252 0.863746
vt 0.953354 0.242684
vt 0.601211 0.282973
vt 0.954458 0.242684
vt 0.916564 0.782853
vt 0.601688 0.281977
vt 0.917558 0.782853
vt 0.602766 0.281732
vt 0.918553 0.782853
vt 0.912675 0.956705
vt 0.224733 0.857545
vt 0.911573 0.950505
vt 0.224043 0.857545
vt 0.222941 0.857545
vt 0.222252 0.857545
vt 0.953354 0.248884
vt 0.954458 0.248884
vt 0.916564 0.789054
vt 0.917558 0.789054
vt 0.918553 0.789054
vt 0.912675 0.950505
vt 0.335691 0.726737
vt 0.704354 0.113315
vt 0.333228 0.726737
vt 0.330763 0.726737
vt 0.252492 0.826478
vt 0.255225 0.826478
vt 0.780542 0.528447
vt 0.783035 0.528447
vt 0.785469 0.528447
vt 0.709285 0.113315
vt 0.706818 0.113315
vt 0.335691 0.733045
vt 0.704354 0.119623
vt 0.603276 0.316952
vt 0.333228 0.733045
vt 0.600608 0.317558
vt 0.330763 0.733045
vt 0.252492 0.820171
vt 0.599423 0.320026
vt 0.255225 0.820171
vt 0.780542 0.522139
vt 0.600611 0.322488
vt 0.783035 0.522139
vt 0.603275 0.323096
vt 0.785469 0.522139
vt 0.709285 0.119623
vt 0.605417 0.321394
vt 0.706818 0.119623
vt 0.605417 0.318655
vt 0.602880 0.321173
vt 0.296147 0.863750
vt 0.830683 0.956705
vt 0.601802 0.320927
vt 0.295457 0.863750
vt 0.601323 0.319934
vt 0.294356 0.863750
vt 0.601801 0.318938
vt 0.293666 0.863750
vt 0.954117 0.024770
vt 0.602878 0.318695
vt 0.955221 0.024770
vt 0.050535 0.909093
vt 0.603743 0.319382
vt 0.051529 0.909093
vt 0.603742 0.320487
vt 0.052525 0.909093
vt 0.831785 0.956705
vt 0.296147 0.857549
vt 0.830683 0.950505
vt 0.295457 0.857549
vt 0.294356 0.857549
vt 0.293666 0.857549
vt 0.954117 0.030971
vt 0.955221 0.030971
vt 0.050535 0.915294
vt 0.051529 0.915294
vt 0.052525 0.915294
vt 0.831785 0.950505
vt 0.255473 0.726734
vt 0.587997 0.689523
vt 0.253009 0.726734
vt 0.250544 0.726734
vt 0.081778 0.822284
vt 0.084512 0.822284
vt 0.233222 0.770416
vt 0.235718 0.770416
vt 0.238149 0.770416
vt 0.592927 0.689523
vt 0.590461 0.689523
vt 0.255473 0.733042
vt 0.587997 0.695831
vt 0.599423 0.171811
vt 0.253009 0.733042
vt 0.600608 0.174277
vt 0.250544 0.733042
vt 0.081778 0.815977
vt 0.603278 0.174883
vt 0.084512 0.815977
vt 0.233222 0.764109
vt 0.605414 0.173178
vt 0.235718 0.764109
vt 0.605414 0.170442
vt 0.238149 0.764109
vt 0.592927 0.695831
vt 0.603278 0.168736
vt 0.590461 0.695831
vt 0.600608 0.169345
vt 0.603626 0.171258
vt 0.817442 0.863803
vt 0.103731 0.933874
vt 0.603626 0.172364
vt 0.816752 0.863803
vt 0.602766 0.173052
vt 0.815650 0.863803
vt 0.601688 0.172807
vt 0.814961 0.863803
vt 0.953840 0.075940
vt 0.601211 0.171811
vt 0.954944 0.075940
vt 0.913651 0.489763
vt 0.601688 0.170816
vt 0.914645 0.489763
vt 0.602766 0.170570
vt 0.915640 0.489763
vt 0.104833 0.933874
vt 0.817442 0.857602
vt 0.103731 0.927673
vt 0.816752 0.857602
vt 0.815650 0.857602
vt 0.814961 0.857602
vt 0.953840 0.082141
vt 0.954944 0.082141
vt 0.913651 0.495964
vt 0.914645 0.495964
vt 0.915640 0.495964
vt 0.104833 0.927673
vt 0.536743 0.726735
vt 0.721665 0.205790
vt 0.534280 0.726735
vt 0.531815 0.726735
vt 0.814087 0.621082
vt 0.816821 0.621082
vt 0.762165 0.714518
vt 0.764660 0.714518
vt 0.767092 0.714518
vt 0.726596 0.205790
vt 0.724129 0.205790
vt 0.536743 0.733042
vt 0.721665 0.212097
vt 0.146668 0.617846
vt 0.534280 0.733042
vt 0.147853 0.620312
vt 0.531815 0.733042
vt 0.814087 0.614774
vt 0.150523 0.620918
vt 0.816821 0.614774
vt 0.762165 0.708211
vt 0.152659 0.619213
vt 0.764660 0.708211
vt 0.152659 0.616477
vt 0.767092 0.708211
vt 0.726596 0.212097
vt 0.150523 0.614771
vt 0.724129 0.212097
vt 0.147853 0.615380
vt 0.150872 0.617293
vt 0.874579 0.658350
vt 0.980319 0.174720
vt 0.150872 0.618399
vt 0.873889 0.658350
vt 0.150011 0.619087
vt 0.872787 0.658350
vt 0.148933 0.618842
vt 0.872098 0.658350
vt 0.953351 0.205790
vt 0.148456 0.617846
vt 0.954456 0.205790
vt 0.861054 0.913344
vt 0.148933 0.616850
vt 0.862049 0.913344
vt 0.150011 0.616605
vt 0.863044 0.913344
vt 0.981421 0.174720
vt 0.874579 0.652149
vt 0.980319 0.168519
vt 0.873889 0.652149
vt 0.872787 0.652149
vt 0.872098 0.652149
vt 0.953351 0.211990
vt 0.954456 0.211990
vt 0.861054 0.919544
vt 0.862049 0.919544
vt 0.863044 0.919544
vt 0.981421 0.168519
vt 0.733548 0.522139
vt 0.721665 0.335479
vt 0.731084 0.522139
vt 0.728619 0.522139
vt 0.829198 0.695831
vt 0.831932 0.695831
vt 0.006190 0.766223
vt 0.008683 0.766223
vt 0.011117 0.766223
vt 0.726596 0.335479
vt 0.724129 0.335479
vt 0.733548 0.528447
vt 0.721665 0.341787
vt 0.610229 0.559194
vt 0.731084 0.528447
vt 0.607561 0.559800
vt 0.728619 0.528447
vt 0.829198 0.689523
vt 0.606376 0.562268
vt 0.831932 0.689523
vt 0.006190 0.759915
vt 0.607563 0.564730
vt 0.008683 0.759915
vt 0.610228 0.565338
vt 0.011117 0.759915
vt 0.726596 0.341787
vt 0.612369 0.563635
vt 0.724129 0.341787
vt 0.612369 0.560897
vt 0.609832 0.563414
vt 0.874579 0.639662
vt 0.255425 0.975229
vt 0.608754 0.563168
vt 0.873889 0.639662
vt 0.608275 0.562176
vt 0.872787 0.639662
vt 0.608754 0.561180
vt 0.872098 0.639662
vt 0.241941 0.950448
vt 0.609831 0.560936
vt 0.243045 0.950448
vt 0.846683 0.913344
vt 0.610695 0.561623
vt 0.847677 0.913344
vt 0.610694 0.562728
vt 0.848672 0.913344
vt 0.256527 0.975229
vt 0.874579 0.633461
vt 0.255425 0.969028
vt 0.873889 0.633461
vt 0.872787 0.633461
vt 0.872098 0.633461
vt 0.241941 0.956649
vt 0.243045 0.956649
vt 0.846683 0.919544
vt 0.847677 0.919544
vt 0.848672 0.919544
vt 0.256527 0.969028
vt 0.679486 0.726898
vt 0.723308 0.452389
vt 0.677022 0.726898
vt 0.674557 0.726898
vt 0.824962 0.440009
vt 0.827696 0.440009
vt 0.075440 0.766223
vt 0.077936 0.766223
vt 0.080367 0.766223
vt 0.728239 0.452389
vt 0.725771 0.452389
vt 0.679486 0.733205
vt 0.723308 0.458697
vt 0.602482 0.366866
vt 0.677022 0.733205
vt 0.603666 0.369332
vt 0.674557 0.733205
vt 0.824962 0.433702
vt 0.606336 0.369938
vt 0.827696 0.433702
vt 0.075440 0.759915
vt 0.608472 0.368232
vt 0.077936 0.759915
vt 0.608472 0.365496
vt 0.080367 0.759915
vt 0.728239 0.458697
vt 0.606336 0.363791
vt 0.725771 0.458697
vt 0.603666 0.364400
vt 0.606685 0.366313
vt 0.876512 0.751786
vt 0.971943 0.845222
vt 0.606685 0.367419
vt 0.875822 0.751786
vt 0.605824 0.368107
vt 0.874720 0.751786
vt 0.604747 0.367862
vt 0.874031 0.751786
vt 0.060126 0.946254
vt 0.604270 0.366866
vt 0.061230 0.946254
vt 0.385882 0.913287
vt 0.604747 0.365870
vt 0.386877 0.913287
vt 0.605824 0.365625
vt 0.387872 0.913287
vt 0.973044 0.845222
vt 0.876512 0.745585
vt 0.971943 0.839022
vt 0.875822 0.745585
vt 0.874720 0.745585
vt 0.874031 0.745585
vt 0.060126 0.952455
vt 0.061230 0.952455
vt 0.385882 0.919488
vt 0.386877 0.919488
vt 0.387872 0.919488
vt 0.973044 0.839022
vt 0.080369 0.741228
vt 0.723308 0.471076
vt 0.077905 0.741228
vt 0.075440 0.741228
vt 0.739395 0.826642
vt 0.742129 0.826642
vt 0.756284 0.212097
vt 0.758780 0.212097
vt 0.761211 0.212097
vt 0.728239 0.471076
vt 0.725771 0.471076
vt 0.080369 0.747535
vt 0.723308 0.477384
vt 0.606376 0.543742
vt 0.077905 0.747535
vt 0.607560 0.546207
vt 0.075440 0.747535
vt 0.739395 0.820334
vt 0.610230 0.546814
vt 0.742129 0.820334
vt 0.756284 0.205790
vt 0.612366 0.545108
vt 0.758780 0.205790
vt 0.612366 0.542372
vt 0.761211 0.205790
vt 0.728239 0.477384
vt 0.610230 0.540666
vt 0.725771 0.477384
vt 0.607560 0.541276
vt 0.610579 0.543189
vt 0.875441 0.770473
vt 0.454494 0.975230
vt 0.610579 0.544295
vt 0.874751 0.770473
vt 0.609718 0.544982
vt 0.873649 0.770473
vt 0.608641 0.544737
vt 0.872960 0.770473
vt 0.228457 0.950448
vt 0.608163 0.543742
vt 0.229561 0.950448
vt 0.330763 0.913290
vt 0.608641 0.542746
vt 0.331757 0.913290
vt 0.609718 0.542501
vt 0.332752 0.913290
vt 0.455595 0.975230
vt 0.875441 0.764272
vt 0.454494 0.969029
vt 0.874751 0.764272
vt 0.873649 0.764272
vt 0.872960 0.764272
vt 0.228457 0.956649
vt 0.229561 0.956649
vt 0.330763 0.919491
vt 0.331757 0.919491
vt 0.332752 0.919491
vt 0.455595 0.969029
vt 0.710051 0.006190
vt 0.721665 0.280058
vt 0.707587 0.006190
vt 0.705120 0.006190
vt 0.786934 0.807955
vt 0.789670 0.807955
vt 0.092748 0.766223
vt 0.095241 0.766223
vt 0.097675 0.766223
vt 0.726596 0.280058
vt 0.724129 0.280058
vt 0.710051 0.012497
vt 0.721665 0.286366
vt 0.187276 0.602391
vt 0.707587 0.012497
vt 0.189417 0.600688
vt 0.705120 0.012497
vt 0.786934 0.801647
vt 0.189417 0.597949
vt 0.789670 0.801647
vt 0.092748 0.759915
vt 0.187275 0.596247
vt 0.095241 0.759915
vt 0.184611 0.596855
vt 0.097675 0.759915
vt 0.726596 0.286366
vt 0.183420 0.599318
vt 0.724129 0.286366
vt 0.184609 0.601785
vt 0.185802 0.598417
vt 0.875441 0.789054
vt 0.958976 0.620975
vt 0.186880 0.598171
vt 0.874751 0.789054
vt 0.187742 0.598857
vt 0.873649 0.789054
vt 0.187743 0.599962
vt 0.872960 0.789054
vt 0.160152 0.950448
vt 0.186878 0.600649
vt 0.161256 0.950448
vt 0.875426 0.913344
vt 0.185802 0.600405
vt 0.876420 0.913344
vt 0.185323 0.599409
vt 0.877415 0.913344
vt 0.960078 0.620975
vt 0.875441 0.782853
vt 0.958976 0.614774
vt 0.874751 0.782853
vt 0.873649 0.782853
vt 0.872960 0.782853
vt 0.160152 0.956649
vt 0.161256 0.956649
vt 0.875426 0.919544
vt 0.876420 0.919544
vt 0.877415 0.919544
vt 0.960078 0.614774
vt 0.592926 0.726898
vt 0.710238 0.708211
vt 0.590462 0.726898
vt 0.587997 0.726898
vt 0.784735 0.826642
vt 0.787468 0.826642
vt 0.763228 0.584028
vt 0.765723 0.584028
vt 0.768155 0.584028
vt 0.715168 0.708211
vt 0.712702 0.708211
vt 0.592926 0.733205
vt 0.710238 0.714518
vt 0.061311 0.613652
vt 0.590462 0.733205
vt 0.062495 0.616118
vt 0.587997 0.733205
vt 0.784735 0.820334
vt 0.065165 0.616724
vt 0.787468 0.820334
vt 0.763228 0.577720
vt 0.067301 0.615019
vt 0.765723 0.577720
vt 0.067301 0.612283
vt 0.768155 0.577720
vt 0.715168 0.714518
vt 0.065165 0.610577
vt 0.712702 0.714518
vt 0.062495 0.611186
vt 0.065514 0.613099
vt 0.179376 0.863746
vt 0.971943 0.863803
vt 0.065514 0.614205
vt 0.178686 0.863746
vt 0.064653 0.614893
vt 0.177584 0.863746
vt 0.063576 0.614648
vt 0.176895 0.863746
vt 0.953840 0.094628
vt 0.063098 0.613652
vt 0.954944 0.094628
vt 0.832311 0.913344
vt 0.063576 0.612656
vt 0.833306 0.913344
vt 0.064653 0.612411
vt 0.834301 0.913344
vt 0.973045 0.863803
vt 0.179376 0.857545
vt 0.971943 0.857602
vt 0.178686 0.857545
vt 0.177584 0.857545
vt 0.176895 0.857545
vt 0.953840 0.100828
vt 0.954944 0.100828
vt 0.832311 0.919544
vt 0.833306 0.919544
vt 0.834301 0.919544
vt 0.973045 0.857602
vt 0.610236 0.726898
vt 0.477757 0.708047
vt 0.607772 0.726898
vt 0.605307 0.726898
vt 0.814085 0.695831
vt 0.816818 0.695831
vt 0.762167 0.658456
vt 0.764663 0.658456
vt 0.767094 0.658456
vt 0.482688 0.708047
vt 0.480221 0.708047
vt 0.610236 0.733205
vt 0.477757 0.714355
vt 0.042930 0.613652
vt 0.607772 0.733205
vt 0.044114 0.616118
vt 0.605307 0.733205
vt 0.814085 0.689523
vt 0.046784 0.616724
vt 0.816818 0.689523
vt 0.762167 0.652149
vt 0.048920 0.615019
vt 0.764663 0.652149
vt 0.048920 0.612283
vt 0.767094 0.652149
vt 0.482688 0.714355
vt 0.046784 0.610577
vt 0.480221 0.714355
vt 0.044114 0.611187
vt 0.047133 0.613100
vt 0.845674 0.528340
vt 0.972476 0.900964
vt 0.047133 0.614205
vt 0.844984 0.528340
vt 0.046272 0.614893
vt 0.843882 0.528340
vt 0.045195 0.614648
vt 0.843193 0.528340
vt 0.362621 0.950345
vt 0.044717 0.613652
vt 0.363725 0.950345
vt 0.400743 0.913287
vt 0.045195 0.612657
vt 0.401737 0.913287
vt 0.046272 0.612412
vt 0.402732 0.913287
vt 0.973578 0.900964
vt 0.845674 0.522139
vt 0.972476 0.894763
vt 0.844984 0.522139
vt 0.843882 0.522139
vt 0.843193 0.522139
vt 0.362621 0.956545
vt 0.363725 0.956545
vt 0.400743 0.919488
vt 0.401737 0.919488
vt 0.402732 0.919488
vt 0.973578 0.894763
vt 0.627547 0.726898
vt 0.293666 0.708051
vt 0.625083 0.726898
vt 0.622618 0.726898
vt 0.006190 0.822284
vt 0.008923 0.822284
vt 0.757050 0.049872
vt 0.759542 0.049872
vt 0.761976 0.049872
vt 0.298597 0.708051
vt 0.296130 0.708051
vt 0.627547 0.733205
vt 0.293666 0.714358
vt 0.463236 0.614774
vt 0.625083 0.733205
vt 0.460568 0.615380
vt 0.622618 0.733205
vt 0.006190 0.815977
vt 0.459383 0.617849
vt 0.008923 0.815977
vt 0.757050 0.043564
vt 0.460571 0.620311
vt 0.759542 0.043564
vt 0.463235 0.620919
vt 0.761976 0.043564
vt 0.298597 0.714358
vt 0.465376 0.619216
vt 0.296130 0.714358
vt 0.465376 0.616478
vt 0.462840 0.618995
vt 0.845675 0.565231
vt 0.972458 0.620975
vt 0.461762 0.618749
vt 0.844985 0.565231
vt 0.461282 0.617757
vt 0.843883 0.565231
vt 0.461761 0.616761
vt 0.843194 0.565231
vt 0.954990 0.489763
vt 0.462838 0.616517
vt 0.956094 0.489763
vt 0.915225 0.876183
vt 0.463703 0.617204
vt 0.916219 0.876183
vt 0.463702 0.618309
vt 0.917214 0.876183
vt 0.973560 0.620975
vt 0.845675 0.559030
vt 0.972458 0.614774
vt 0.844985 0.559030
vt 0.843883 0.559030
vt 0.843194 0.559030
vt 0.954990 0.495964
vt 0.956094 0.495964
vt 0.915225 0.882383
vt 0.916219 0.882383
vt 0.917214 0.882383
vt 0.973560 0.614774
vt 0.097677 0.741228
vt 0.704354 0.132002
vt 0.095213 0.741228
vt 0.092748 0.741228
vt 0.814083 0.751893
vt 0.816817 0.751893
vt 0.756284 0.082248
vt 0.758780 0.082248
vt 0.761211 0.082248
vt 0.709285 0.132002
vt 0.706818 0.132002
vt 0.097677 0.747535
vt 0.704354 0.138310
vt 0.024560 0.613652
vt 0.095213 0.747535
vt 0.025744 0.616118
vt 0.092748 0.747535
vt 0.814083 0.745585
vt 0.028414 0.616724
vt 0.816817 0.745585
vt 0.756284 0.075940
vt 0.030550 0.615019
vt 0.758780 0.075940
vt 0.030550 0.612283
vt 0.761211 0.075940
vt 0.709285 0.138310
vt 0.028414 0.610577
vt 0.706818 0.138310
vt 0.025744 0.611187
vt 0.028763 0.613100
vt 0.845720 0.789160
vt 0.972473 0.919544
vt 0.028763 0.614205
vt 0.845030 0.789160
vt 0.027902 0.614893
vt 0.843928 0.789160
vt 0.026825 0.614648
vt 0.843239 0.789160
vt 0.953351 0.261371
vt 0.026347 0.613652
vt 0.954455 0.261371
vt 0.915702 0.652149
vt 0.026825 0.612657
vt 0.916696 0.652149
vt 0.027902 0.612412
vt 0.917691 0.652149
vt 0.973575 0.919544
vt 0.845720 0.782960
vt 0.972473 0.913344
vt 0.845030 0.782960
vt 0.843928 0.782960
vt 0.843239 0.782960
vt 0.953351 0.267572
vt 0.954455 0.267572
vt 0.915702 0.658350
vt 0.916696 0.658350
vt 0.917691 0.658350
vt 0.973575 0.913344
vt 0.743904 0.132002
vt 0.163979 0.708047
vt 0.741440 0.132002
vt 0.738975 0.132002
vt 0.823319 0.156997
vt 0.826053 0.156997
vt 0.775233 0.496071
vt 0.777729 0.496071
vt 0.780160 0.496071
vt 0.168910 0.708047
vt 0.166443 0.708047
vt 0.743904 0.138310
vt 0.163979 0.714355
vt 0.006190 0.613652
vt 0.741440 0.138310
vt 0.007374 0.616118
vt 0.738975 0.138310
vt 0.823319 0.150690
vt 0.010044 0.616724
vt 0.826053 0.150690
vt 0.775233 0.489764
vt 0.012180 0.615019
vt 0.777729 0.489764
vt 0.012180 0.612283
vt 0.780160 0.489764
vt 0.168910 0.714355
vt 0.010044 0.610577
vt 0.166443 0.714355
vt 0.007374 0.611187
vt 0.010393 0.613100
vt 0.870887 0.211990
vt 0.496131 0.993703
vt 0.010393 0.614205
vt 0.870198 0.211990
vt 0.009532 0.614893
vt 0.869096 0.211990
vt 0.008455 0.614648
vt 0.868406 0.211990
vt 0.477757 0.950448
vt 0.007977 0.613652
vt 0.478861 0.950448
vt 0.717340 0.913344
vt 0.008455 0.612657
vt 0.718334 0.913344
vt 0.009532 0.612411
vt 0.719329 0.913344
vt 0.497233 0.993703
vt 0.870887 0.205790
vt 0.496131 0.987502
vt 0.870198 0.205790
vt 0.869096 0.205790
vt 0.868406 0.205790
vt 0.477757 0.956648
vt 0.478861 0.956648
vt 0.717340 0.919544
vt 0.718334 0.919544
vt 0.719329 0.919544
vt 0.497233 0.987502
vt 0.743904 0.150690
vt 0.385882 0.708047
vt 0.741440 0.150690
vt 0.738975 0.150690
vt 0.838432 0.100935
vt 0.841166 0.100935
vt 0.587996 0.789267
vt 0.590489 0.789267
vt 0.592924 0.789267
vt 0.390813 0.708047
vt 0.388346 0.708047
vt 0.743904 0.156997
vt 0.385882 0.714355
vt 0.408109 0.614774
vt 0.741440 0.156997
vt 0.405441 0.615380
vt 0.738975 0.156997
vt 0.838432 0.094628
vt 0.404256 0.617849
vt 0.841166 0.094628
vt 0.587996 0.782960
vt 0.405444 0.620310
vt 0.590489 0.782960
vt 0.408108 0.620919
vt 0.592924 0.782960
vt 0.390813 0.714355
vt 0.410249 0.619216
vt 0.388346 0.714355
vt 0.410249 0.616478
vt 0.407712 0.618995
vt 0.635059 0.882383
vt 0.073608 0.989616
vt 0.406634 0.618749
vt 0.634370 0.882383
vt 0.406155 0.617757
vt 0.633268 0.882383
vt 0.406634 0.616761
vt 0.632578 0.882383
vt 0.954991 0.433702
vt 0.407711 0.616517
vt 0.956095 0.433702
vt 0.774826 0.913344
vt 0.408576 0.617204
vt 0.775820 0.913344
vt 0.408575 0.618309
vt 0.776815 0.913344
vt 0.074710 0.989616
vt 0.635059 0.876182
vt 0.073608 0.983415
vt 0.634370 0.876182
vt 0.633268 0.876182
vt 0.632578 0.876182
vt 0.954991 0.439903
vt 0.956095 0.439903
vt 0.774826 0.919544
vt 0.775820 0.919544
vt 0.776815 0.919544
vt 0.074710 0.983415
vt 0.298595 0.726738
vt 0.349136 0.708051
vt 0.296132 0.726738
vt 0.293666 0.726738
vt 0.192021 0.826478
vt 0.194755 0.826478
vt 0.757927 0.440009
vt 0.760423 0.440009
vt 0.762854 0.440009
vt 0.354067 0.708051
vt 0.351600 0.708051
vt 0.298595 0.733046
vt 0.349136 0.714358
vt 0.601066 0.473831
vt 0.296132 0.733046
vt 0.602251 0.476297
vt 0.293666 0.733046
vt 0.192021 0.820171
vt 0.604921 0.476903
vt 0.194755 0.820171
vt 0.757927 0.433702
vt 0.607057 0.475198
vt 0.760423 0.433702
vt 0.607057 0.472462
vt 0.762854 0.433702
vt 0.354067 0.714358
vt 0.604921 0.470756
vt 0.351600 0.714358
vt 0.602251 0.471365
vt 0.605269 0.473279
vt 0.403224 0.882327
vt 0.871129 0.975286
vt 0.605269 0.474384
vt 0.402534 0.882327
vt 0.604409 0.475072
vt 0.401432 0.882327
vt 0.603331 0.474827
vt 0.400743 0.882327
vt 0.117215 0.946251
vt 0.602854 0.473831
vt 0.118319 0.946251
vt 0.803568 0.913344
vt 0.603331 0.472836
vt 0.804563 0.913344
vt 0.604409 0.472590
vt 0.805558 0.913344
vt 0.872231 0.975286
vt 0.403224 0.876126
vt 0.871129 0.969085
vt 0.402534 0.876126
vt 0.401432 0.876126
vt 0.400743 0.876126
vt 0.117215 0.952452
vt 0.118319 0.952452
vt 0.803568 0.919544
vt 0.804563 0.919544
vt 0.805558 0.919544
vt 0.872231 0.969085
vt 0.743907 0.187100
vt 0.058127 0.703853
vt 0.741443 0.187100
vt 0.738978 0.187100
vt 0.066660 0.822284
vt 0.069394 0.822284
vt 0.790900 0.248991
vt 0.793396 0.248991
vt 0.795827 0.248991
vt 0.063057 0.703853
vt 0.060591 0.703853
vt 0.743907 0.193407
vt 0.058127 0.710161
vt 0.220173 0.617846
vt 0.741443 0.193407
vt 0.221357 0.620312
vt 0.738978 0.193407
vt 0.066660 0.815977
vt 0.224027 0.620918
vt 0.069394 0.815977
vt 0.790900 0.242684
vt 0.226163 0.619213
vt 0.793396 0.242684
vt 0.226163 0.616477
vt 0.795827 0.242684
vt 0.063057 0.710161
vt 0.224027 0.614771
vt 0.060591 0.710161
vt 0.221357 0.615380
vt 0.224376 0.617293
vt 0.876513 0.733099
vt 0.981082 0.030971
vt 0.224376 0.618399
vt 0.875823 0.733099
vt 0.223515 0.619087
vt 0.874722 0.733099
vt 0.222438 0.618842
vt 0.874032 0.733099
vt 0.033159 0.946254
vt 0.221960 0.617846
vt 0.034263 0.946254
vt 0.094134 0.909093
vt 0.222438 0.616850
vt 0.095128 0.909093
vt 0.223515 0.616605
vt 0.096123 0.909093
vt 0.982184 0.030971
vt 0.876513 0.726898
vt 0.981082 0.024770
vt 0.875823 0.726898
vt 0.874722 0.726898
vt 0.874032 0.726898
vt 0.033159 0.952455
vt 0.034263 0.952455
vt 0.094134 0.915294
vt 0.095128 0.915294
vt 0.096123 0.915294
vt 0.982184 0.024770
vt 0.445941 0.689360
vt 0.198605 0.689360
vt 0.443477 0.689360
vt 0.441010 0.689360
vt 0.496131 0.807791
vt 0.498867 0.807791
vt 0.568561 0.751893
vt 0.571054 0.751893
vt 0.573487 0.751893
vt 0.203536 0.689360
vt 0.201069 0.689360
vt 0.445941 0.695668
vt 0.198605 0.695667
vt 0.168900 0.596247
vt 0.443477 0.695668
vt 0.166233 0.596853
vt 0.441010 0.695668
vt 0.496131 0.801484
vt 0.165045 0.599320
vt 0.498867 0.801484
vt 0.568561 0.745586
vt 0.166235 0.601783
vt 0.571054 0.745586
vt 0.168900 0.602391
vt 0.573487 0.745586
vt 0.203536 0.695667
vt 0.171041 0.600689
vt 0.201069 0.695667
vt 0.171041 0.597950
vt 0.168504 0.600468
vt 0.871653 0.030971
vt 0.988133 0.807848
vt 0.167426 0.600222
vt 0.870963 0.030971
vt 0.166946 0.599229
vt 0.869861 0.030971
vt 0.167425 0.598234
vt 0.869172 0.030971
vt 0.564735 0.950505
vt 0.168503 0.597990
vt 0.565839 0.950505
vt 0.275290 0.913287
vt 0.169367 0.598677
vt 0.276284 0.913287
vt 0.169366 0.599782
vt 0.277280 0.913287
vt 0.989235 0.807848
vt 0.871653 0.024770
vt 0.988133 0.801647
vt 0.870963 0.024770
vt 0.869861 0.024770
vt 0.869172 0.024770
vt 0.564735 0.956706
vt 0.565839 0.956706
vt 0.275290 0.919488
vt 0.276284 0.919488
vt 0.277280 0.919488
vt 0.989235 0.801647
vt 0.744670 0.006190
vt 0.692927 0.708211
vt 0.742206 0.006190
vt 0.739741 0.006190
vt 0.814085 0.714518
vt 0.816818 0.714518
vt 0.791663 0.031185
vt 0.794159 0.031185
vt 0.796590 0.031185
vt 0.697858 0.708211
vt 0.695391 0.708211
vt 0.744670 0.012497
vt 0.692927 0.714518
vt 0.165045 0.617846
vt 0.742206 0.012497
vt 0.166229 0.620313
vt 0.739741 0.012497
vt 0.814085 0.708211
vt 0.168899 0.620918
vt 0.816818 0.708211
vt 0.791663 0.024877
vt 0.171035 0.619213
vt 0.794159 0.024877
vt 0.171035 0.616477
vt 0.796590 0.024877
vt 0.697858 0.714518
vt 0.168899 0.614772
vt 0.695391 0.714518
vt 0.166229 0.615381
vt 0.169248 0.617293
vt 0.845666 0.583921
vt 0.966838 0.248884
vt 0.169248 0.618400
vt 0.844976 0.583921
vt 0.168387 0.619087
vt 0.843874 0.583921
vt 0.167310 0.618842
vt 0.843185 0.583921
vt 0.945491 0.689523
vt 0.166832 0.617846
vt 0.946594 0.689523
vt 0.917636 0.689523
vt 0.167310 0.616851
vt 0.918630 0.689523
vt 0.168387 0.616606
vt 0.919626 0.689523
vt 0.967939 0.248884
vt 0.845666 0.577720
vt 0.966838 0.242684
vt 0.844976 0.577720
vt 0.843874 0.577720
vt 0.843185 0.577720
vt 0.945491 0.695724
vt 0.946594 0.695724
vt 0.917636 0.695724
vt 0.918630 0.695724
vt 0.919626 0.695724
vt 0.967939 0.242684
vt 0.097679 0.722540
vt 0.233233 0.689360
vt 0.095215 0.722540
vt 0.092751 0.722540
vt 0.814085 0.733206
vt 0.816818 0.733206
vt 0.774357 0.049872
vt 0.776853 0.049872
vt 0.779284 0.049872
vt 0.238164 0.689360
vt 0.235697 0.689360
vt 0.097679 0.728848
vt 0.233233 0.695667
vt 0.532877 0.599322
vt 0.095215 0.728848
vt 0.534061 0.601789
vt 0.092751 0.728848
vt 0.814085 0.726898
vt 0.536731 0.602395
vt 0.816818 0.726898
vt 0.774357 0.043564
vt 0.538867 0.600689
vt 0.776853 0.043564
vt 0.538867 0.597953
vt 0.779284 0.043564
vt 0.238164 0.695667
vt 0.536731 0.596248
vt 0.235697 0.695667
vt 0.534061 0.596857
vt 0.537080 0.598769
vt 0.872530 0.458483
vt 0.966886 0.407045
vt 0.537080 0.599875
vt 0.871840 0.458483
vt 0.536220 0.600563
vt 0.870738 0.458483
vt 0.535142 0.600318
vt 0.870049 0.458483
vt 0.668900 0.950504
vt 0.534665 0.599322
vt 0.670004 0.950504
vt 0.035422 0.909093
vt 0.535142 0.598327
vt 0.036416 0.909093
vt 0.536220 0.598082
vt 0.037411 0.909093
vt 0.967987 0.407045
vt 0.872530 0.452282
vt 0.966886 0.400845
vt 0.871840 0.452282
vt 0.870738 0.452282
vt 0.870049 0.452282
vt 0.668900 0.956705
vt 0.670004 0.956705
vt 0.035422 0.915294
vt 0.036416 0.915294
vt 0.037411 0.915294
vt 0.967987 0.400845
vt 0.744670 0.024877
vt 0.704354 0.094628
vt 0.742206 0.024877
vt 0.739741 0.024877
vt 0.814085 0.677144
vt 0.816819 0.677144
vt 0.791663 0.012497
vt 0.794156 0.012497
vt 0.796590 0.012497
vt 0.709285 0.094628
vt 0.706818 0.094628
vt 0.744670 0.031185
vt 0.704354 0.100935
vt 0.518356 0.614775
vt 0.742206 0.031185
vt 0.515689 0.615381
vt 0.739741 0.031185
vt 0.814085 0.670836
vt 0.514504 0.617849
vt 0.816819 0.670836
vt 0.791663 0.006190
vt 0.515692 0.620311
vt 0.794156 0.006190
vt 0.518356 0.620919
vt 0.796590 0.006190
vt 0.709285 0.100935
vt 0.520497 0.619217
vt 0.706818 0.100935
vt 0.520497 0.616478
vt 0.517961 0.618995
vt 0.802329 0.845222
vt 0.967324 0.082141
vt 0.516883 0.618749
vt 0.801639 0.845222
vt 0.516403 0.617757
vt 0.800537 0.845222
vt 0.516882 0.616761
vt 0.799848 0.845222
vt 0.551250 0.950505
vt 0.517959 0.616517
vt 0.552354 0.950505
vt 0.789197 0.913344
vt 0.518824 0.617204
vt 0.790191 0.913344
vt 0.518823 0.618309
vt 0.791186 0.913344
vt 0.968426 0.082141
vt 0.802329 0.839022
vt 0.967324 0.075940
vt 0.801639 0.839022
vt 0.800537 0.839022
vt 0.799848 0.839022
vt 0.551250 0.956706
vt 0.552354 0.956706
vt 0.789197 0.919544
vt 0.790191 0.919544
vt 0.791186 0.919544
vt 0.968426 0.075940
vt 0.743904 0.113315
vt 0.704357 0.187100
vt 0.741440 0.113315
vt 0.738976 0.113315
vt 0.456126 0.845166
vt 0.458859 0.845166
vt 0.773594 0.323096
vt 0.776090 0.323096
vt 0.778521 0.323096
vt 0.709288 0.187100
vt 0.706821 0.187100
vt 0.743904 0.119623
vt 0.704357 0.193407
vt 0.293666 0.617849
vt 0.741440 0.119623
vt 0.294851 0.620316
vt 0.738976 0.119623
vt 0.456126 0.838858
vt 0.297521 0.620921
vt 0.458859 0.838858
vt 0.773594 0.316789
vt 0.299657 0.619216
vt 0.776090 0.316789
vt 0.299657 0.616480
vt 0.778521 0.316789
vt 0.709288 0.193407
vt 0.297521 0.614775
vt 0.706821 0.193407
vt 0.294851 0.615384
vt 0.297869 0.617296
vt 0.679641 0.882383
vt 0.227563 0.993810
vt 0.297869 0.618402
vt 0.678951 0.882383
vt 0.297009 0.619090
vt 0.677849 0.882383
vt 0.295931 0.618845
vt 0.677160 0.882383
vt 0.682384 0.950504
vt 0.295454 0.617849
vt 0.683488 0.950504
vt 0.247252 0.913287
vt 0.295931 0.616854
vt 0.248246 0.913287
vt 0.297009 0.616609
vt 0.249241 0.913287
vt 0.228664 0.993810
vt 0.679641 0.876182
vt 0.227563 0.987609
vt 0.678951 0.876182
vt 0.677849 0.876182
vt 0.677160 0.876182
vt 0.682384 0.956705
vt 0.683488 0.956705
vt 0.247252 0.919488
vt 0.248246 0.919488
vt 0.249241 0.919488
vt 0.228664 0.987609
vt 0.733549 0.559030
vt 0.705997 0.489764
vt 0.731085 0.559030
vt 0.728620 0.559030
vt 0.823319 0.138310
vt 0.826053 0.138310
vt 0.477757 0.770416
vt 0.480253 0.770416
vt 0.482685 0.770416
vt 0.710928 0.489764
vt 0.708461 0.489764
vt 0.733549 0.565338
vt 0.705997 0.496071
vt 0.606367 0.599322
vt 0.731085 0.565338
vt 0.607551 0.601789
vt 0.728620 0.565338
vt 0.823319 0.132002
vt 0.610221 0.602395
vt 0.826053 0.132002
vt 0.477757 0.764109
vt 0.612357 0.600689
vt 0.480253 0.764109
vt 0.612357 0.597953
vt 0.482685 0.764109
vt 0.710928 0.496071
vt 0.610221 0.596247
vt 0.708461 0.496071
vt 0.607551 0.596857
vt 0.610570 0.598770
vt 0.458351 0.863746
vt 0.984004 0.658350
vt 0.610570 0.599875
vt 0.457662 0.863746
vt 0.609709 0.600563
vt 0.456560 0.863746
vt 0.608632 0.600318
vt 0.455871 0.863746
vt 0.455381 0.950448
vt 0.608154 0.599322
vt 0.456485 0.950448
vt 0.565621 0.913344
vt 0.608632 0.598327
vt 0.566616 0.913344
vt 0.609709 0.598082
vt 0.567611 0.913344
vt 0.985106 0.658350
vt 0.458351 0.857546
vt 0.984004 0.652149
vt 0.457662 0.857546
vt 0.456560 0.857546
vt 0.455871 0.857546
vt 0.455381 0.956649
vt 0.456485 0.956649
vt 0.565621 0.919545
vt 0.566616 0.919545
vt 0.567611 0.919545
vt 0.985106 0.652149
vt 0.715167 0.726898
vt 0.198605 0.708047
vt 0.712703 0.726898
vt 0.710238 0.726898
vt 0.021303 0.840972
vt 0.024037 0.840972
vt 0.551250 0.789268
vt 0.553743 0.789268
vt 0.556178 0.789268
vt 0.203536 0.708047
vt 0.201069 0.708047
vt 0.715167 0.733205
vt 0.198605 0.714355
vt 0.426486 0.614774
vt 0.712703 0.733205
vt 0.423818 0.615380
vt 0.710238 0.733205
vt 0.021303 0.834664
vt 0.422633 0.617848
vt 0.024037 0.834664
vt 0.551250 0.782960
vt 0.423820 0.620310
vt 0.553743 0.782960
vt 0.426485 0.620918
vt 0.556178 0.782960
vt 0.203536 0.714355
vt 0.428626 0.619216
vt 0.201069 0.714355
vt 0.428626 0.616477
vt 0.426089 0.618995
vt 0.098087 0.878133
vt 0.985054 0.732992
vt 0.425011 0.618749
vt 0.097397 0.878133
vt 0.424532 0.617756
vt 0.096295 0.878133
vt 0.425011 0.616760
vt 0.095606 0.878133
vt 0.953354 0.168519
vt 0.426088 0.616517
vt 0.954458 0.168519
vt 0.674225 0.913344
vt 0.426952 0.617204
vt 0.675220 0.913344
vt 0.426951 0.618309
vt 0.676215 0.913344
vt 0.986156 0.732992
vt 0.098087 0.871932
vt 0.985054 0.726791
vt 0.097397 0.871932
vt 0.096295 0.871932
vt 0.095606 0.871932
vt 0.953354 0.174720
vt 0.954458 0.174720
vt 0.674225 0.919544
vt 0.675220 0.919544
vt 0.676215 0.919544
vt 0.986156 0.726791
vt 0.151597 0.726734
vt 0.146668 0.708047
vt 0.149134 0.726734
vt 0.146668 0.726734
vt 0.823319 0.212097
vt 0.826053 0.212097
vt 0.756285 0.119623
vt 0.758780 0.119623
vt 0.761211 0.119623
vt 0.151599 0.708047
vt 0.149132 0.708047
vt 0.151597 0.733042
vt 0.146668 0.714355
vt 0.601066 0.492358
vt 0.149134 0.733042
vt 0.602251 0.494824
vt 0.146668 0.733042
vt 0.823319 0.205790
vt 0.604921 0.495430
vt 0.826053 0.205790
vt 0.756285 0.113315
vt 0.607057 0.493725
vt 0.758780 0.113315
vt 0.607057 0.490989
vt 0.761211 0.113315
vt 0.151599 0.714355
vt 0.604921 0.489283
vt 0.149132 0.714355
vt 0.602251 0.489892
vt 0.605269 0.491806
vt 0.876884 0.863803
vt 0.655416 0.975286
vt 0.605269 0.492911
vt 0.876195 0.863803
vt 0.604409 0.493599
vt 0.875093 0.863803
vt 0.603331 0.493354
vt 0.874404 0.863803
vt 0.006190 0.946254
vt 0.602854 0.492358
vt 0.007294 0.946254
vt 0.602368 0.913344
vt 0.603331 0.491363
vt 0.603362 0.913344
vt 0.604409 0.491117
vt 0.604357 0.913344
vt 0.656518 0.975286
vt 0.876884 0.857602
vt 0.655416 0.969085
vt 0.876195 0.857602
vt 0.875093 0.857602
vt 0.874404 0.857602
vt 0.006190 0.952455
vt 0.007294 0.952455
vt 0.602368 0.919544
vt 0.603362 0.919544
vt 0.604357 0.919544
vt 0.656518 0.969085
vt 0.743904 0.075940
vt 0.704355 0.335479
vt 0.741440 0.075940
vt 0.738975 0.075940
vt 0.036425 0.822284
vt 0.039159 0.822284
vt 0.790897 0.156997
vt 0.793393 0.156997
vt 0.795824 0.156997
vt 0.709285 0.335479
vt 0.706819 0.335479
vt 0.743904 0.082248
vt 0.704355 0.341787
vt 0.183420 0.617846
vt 0.741440 0.082248
vt 0.184605 0.620312
vt 0.738975 0.082248
vt 0.036425 0.815977
vt 0.187275 0.620918
vt 0.039159 0.815977
vt 0.790897 0.150690
vt 0.189411 0.619213
vt 0.793393 0.150690
vt 0.189411 0.616477
vt 0.795824 0.150690
vt 0.709285 0.341787
vt 0.187275 0.614771
vt 0.706819 0.341787
vt 0.184605 0.615380
vt 0.187624 0.617293
vt 0.870890 0.322989
vt 0.984866 0.770473
vt 0.187624 0.618399
vt 0.870200 0.322989
vt 0.186763 0.619087
vt 0.869098 0.322989
vt 0.185685 0.618842
vt 0.868409 0.322989
vt 0.019675 0.946254
vt 0.185208 0.617846
vt 0.020779 0.946254
vt 0.131586 0.909090
vt 0.185685 0.616850
vt 0.132580 0.909090
vt 0.186763 0.616605
vt 0.133575 0.909090
vt 0.985968 0.770473
vt 0.870890 0.316789
vt 0.984866 0.764272
vt 0.870200 0.316789
vt 0.869098 0.316789
vt 0.868409 0.316789
vt 0.019675 0.952455
vt 0.020779 0.952455
vt 0.131586 0.915291
vt 0.132580 0.915291
vt 0.133575 0.915291
vt 0.985968 0.764272
vt 0.408127 0.689360
vt 0.163981 0.689360
vt 0.405663 0.689360
vt 0.403196 0.689360
vt 0.349136 0.807795
vt 0.351872 0.807795
vt 0.622612 0.751893
vt 0.625105 0.751893
vt 0.627539 0.751893
vt 0.168912 0.689360
vt 0.166445 0.689360
vt 0.408127 0.695668
vt 0.163981 0.695667
vt 0.121071 0.592050
vt 0.405663 0.695668
vt 0.118403 0.592656
vt 0.403196 0.695668
vt 0.349136 0.801487
vt 0.117215 0.595124
vt 0.351872 0.801487
vt 0.622612 0.745585
vt 0.118405 0.597587
vt 0.625105 0.745585
vt 0.121070 0.598195
vt 0.627539 0.745585
vt 0.168912 0.695667
vt 0.123211 0.596492
vt 0.166445 0.695667
vt 0.123211 0.593754
vt 0.120674 0.596271
vt 0.605338 0.863803
vt 0.985937 0.695724
vt 0.119596 0.596025
vt 0.604648 0.863803
vt 0.119117 0.595033
vt 0.603546 0.863803
vt 0.119596 0.594037
vt 0.602857 0.863803
vt 0.330763 0.950451
vt 0.120673 0.593793
vt 0.331866 0.950451
vt 0.146668 0.913287
vt 0.121537 0.594480
vt 0.147663 0.913287
vt 0.121536 0.595585
vt 0.148658 0.913287
vt 0.987039 0.695724
vt 0.605338 0.857602
vt 0.985937 0.689523
vt 0.604648 0.857602
vt 0.603546 0.857602
vt 0.602857 0.857602
vt 0.330763 0.956652
vt 0.331866 0.956652
vt 0.146668 0.919488
vt 0.147663 0.919488
vt 0.148658 0.919488
vt 0.987039 0.689523
vt 0.732477 0.726898
vt 0.639935 0.708211
vt 0.730013 0.726898
vt 0.727549 0.726898
vt 0.813012 0.789267
vt 0.815746 0.789267
vt 0.790897 0.267678
vt 0.793393 0.267678
vt 0.795824 0.267678
vt 0.644866 0.708211
vt 0.642399 0.708211
vt 0.732477 0.733205
vt 0.639935 0.714518
vt 0.275290 0.617846
vt 0.730013 0.733205
vt 0.276474 0.620313
vt 0.727549 0.733205
vt 0.813012 0.782960
vt 0.279145 0.620918
vt 0.815746 0.782960
vt 0.790897 0.261371
vt 0.281281 0.619213
vt 0.793393 0.261371
vt 0.281281 0.616477
vt 0.795824 0.261371
vt 0.644866 0.714518
vt 0.279145 0.614772
vt 0.642399 0.714518
vt 0.276474 0.615381
vt 0.279493 0.617293
vt 0.772102 0.845222
vt 0.958093 0.677037
vt 0.279493 0.618400
vt 0.771412 0.845222
vt 0.278633 0.619087
vt 0.770311 0.845222
vt 0.277555 0.618842
vt 0.769621 0.845222
vt 0.945483 0.820334
vt 0.277078 0.617846
vt 0.946587 0.820334
vt 0.904169 0.913344
vt 0.277555 0.616851
vt 0.905163 0.913344
vt 0.278633 0.616606
vt 0.906158 0.913344
vt 0.959194 0.677037
vt 0.772102 0.839022
vt 0.958093 0.670836
vt 0.771412 0.839022
vt 0.770311 0.839022
vt 0.769621 0.839022
vt 0.945483 0.826535
vt 0.946587 0.826535
vt 0.904169 0.919544
vt 0.905163 0.919544
vt 0.906158 0.919544
vt 0.959194 0.670836
vt 0.080369 0.722541
vt 0.181294 0.689360
vt 0.077905 0.722541
vt 0.075440 0.722541
vt 0.117214 0.822282
vt 0.119948 0.822282
vt 0.779471 0.733205
vt 0.781967 0.733205
vt 0.784398 0.733205
vt 0.186225 0.689360
vt 0.183758 0.689360
vt 0.080369 0.728848
vt 0.181294 0.695667
vt 0.514504 0.599322
vt 0.077905 0.728848
vt 0.515688 0.601789
vt 0.075440 0.728848
vt 0.117214 0.815974
vt 0.518358 0.602395
vt 0.119948 0.815974
vt 0.779471 0.726898
vt 0.520494 0.600689
vt 0.781967 0.726898
vt 0.520494 0.597953
vt 0.784398 0.726898
vt 0.186225 0.695667
vt 0.518358 0.596248
vt 0.183758 0.695667
vt 0.515688 0.596857
vt 0.518707 0.598769
vt 0.664781 0.863803
vt 0.958995 0.900964
vt 0.518707 0.599875
vt 0.664091 0.863803
vt 0.517846 0.600563
vt 0.662989 0.863803
vt 0.516769 0.600318
vt 0.662300 0.863803
vt 0.655416 0.950505
vt 0.516291 0.599322
vt 0.656520 0.950505
vt 0.117214 0.909090
vt 0.516769 0.598327
vt 0.118209 0.909090
vt 0.517846 0.598082
vt 0.119204 0.909090
vt 0.960096 0.900964
vt 0.664781 0.857602
vt 0.958995 0.894763
vt 0.664091 0.857602
vt 0.662989 0.857602
vt 0.662300 0.857602
vt 0.655416 0.956705
vt 0.656520 0.956705
vt 0.117214 0.915291
vt 0.118209 0.915291
vt 0.119204 0.915291
vt 0.960096 0.894763
vt 0.745547 0.489764
vt 0.704354 0.261371
vt 0.743083 0.489764
vt 0.740619 0.489764
vt 0.813012 0.770580
vt 0.815746 0.770580
vt 0.793955 0.370098
vt 0.796448 0.370098
vt 0.798882 0.370098
vt 0.709285 0.261371
vt 0.706818 0.261371
vt 0.745547 0.496071
vt 0.704354 0.267678
vt 0.499983 0.614775
vt 0.743083 0.496071
vt 0.497315 0.615380
vt 0.740619 0.496071
vt 0.813012 0.764272
vt 0.496131 0.617849
vt 0.815746 0.764272
vt 0.793955 0.363791
vt 0.497318 0.620311
vt 0.796448 0.363791
vt 0.499983 0.620919
vt 0.798882 0.363791
vt 0.709285 0.267678
vt 0.502124 0.619216
vt 0.706818 0.267678
vt 0.502124 0.616478
vt 0.499587 0.618995
vt 0.756989 0.845222
vt 0.966835 0.138203
vt 0.498509 0.618749
vt 0.756299 0.845222
vt 0.498030 0.617757
vt 0.755197 0.845222
vt 0.498508 0.616761
vt 0.754508 0.845222
vt 0.441010 0.950448
vt 0.499585 0.616517
vt 0.442114 0.950448
vt 0.702968 0.913344
vt 0.500450 0.617204
vt 0.703962 0.913344
vt 0.500449 0.618309
vt 0.704957 0.913344
vt 0.967937 0.138203
vt 0.756989 0.839022
vt 0.966835 0.132002
vt 0.756299 0.839022
vt 0.755197 0.839022
vt 0.754508 0.839022
vt 0.441010 0.956649
vt 0.442114 0.956649
vt 0.702968 0.919544
vt 0.703962 0.919544
vt 0.704957 0.919544
vt 0.967937 0.132002
vt 0.745547 0.452389
vt 0.693999 0.559030
vt 0.743083 0.452389
vt 0.740619 0.452389
vt 0.477757 0.845166
vt 0.480491 0.845166
vt 0.587997 0.770580
vt 0.590493 0.770580
vt 0.592924 0.770580
vt 0.698930 0.559030
vt 0.696463 0.559030
vt 0.745547 0.458697
vt 0.693999 0.565338
vt 0.238549 0.617846
vt 0.743083 0.458697
vt 0.239733 0.620313
vt 0.740619 0.458697
vt 0.477757 0.838858
vt 0.242403 0.620918
vt 0.480491 0.838858
vt 0.587997 0.764273
vt 0.244539 0.619213
vt 0.590493 0.764273
vt 0.244539 0.616477
vt 0.592924 0.764273
vt 0.698930 0.565338
vt 0.242403 0.614772
vt 0.696463 0.565338
vt 0.239733 0.615381
vt 0.242752 0.617293
vt 0.664781 0.882383
vt 0.985053 0.751786
vt 0.242752 0.618400
vt 0.664091 0.882383
vt 0.241891 0.619087
vt 0.662989 0.882383
vt 0.240813 0.618842
vt 0.662300 0.882383
vt 0.641933 0.950505
vt 0.240336 0.617846
vt 0.643037 0.950505
vt 0.528875 0.913181
vt 0.240813 0.616851
vt 0.529870 0.913181
vt 0.241891 0.616606
vt 0.530865 0.913181
vt 0.986155 0.751786
vt 0.664781 0.876183
vt 0.985053 0.745585
vt 0.664091 0.876183
vt 0.662989 0.876183
vt 0.662300 0.876183
vt 0.641933 0.956705
vt 0.643037 0.956705
vt 0.528875 0.919381
vt 0.529870 0.919381
vt 0.530865 0.919381
vt 0.986155 0.745585
vt 0.168908 0.726734
vt 0.568561 0.689524
vt 0.166444 0.726734
vt 0.163979 0.726734
vt 0.051538 0.822285
vt 0.054272 0.822285
vt 0.385882 0.770417
vt 0.388378 0.770417
vt 0.390809 0.770417
vt 0.573492 0.689524
vt 0.571025 0.689524
vt 0.168908 0.733042
vt 0.568561 0.695831
vt 0.599423 0.153284
vt 0.166444 0.733042
vt 0.600608 0.155750
vt 0.163979 0.733042
vt 0.051538 0.815977
vt 0.603278 0.156356
vt 0.054272 0.815977
vt 0.385882 0.764109
vt 0.605414 0.154651
vt 0.388378 0.764109
vt 0.605414 0.151915
vt 0.390809 0.764109
vt 0.573492 0.695831
vt 0.603278 0.150209
vt 0.571025 0.695831
vt 0.600608 0.150818
vt 0.603626 0.152731
vt 0.870890 0.193300
vt 0.709349 0.956705
vt 0.603626 0.153837
vt 0.870200 0.193300
vt 0.602766 0.154525
vt 0.869098 0.193300
vt 0.601688 0.154280
vt 0.868409 0.193300
vt 0.349136 0.950344
vt 0.601211 0.153284
vt 0.350240 0.950344
vt 0.913653 0.470863
vt 0.601688 0.152288
vt 0.914647 0.470863
vt 0.602766 0.152043
vt 0.915642 0.470863
vt 0.710451 0.956705
vt 0.870890 0.187100
vt 0.709349 0.950505
vt 0.870200 0.187100
vt 0.869098 0.187100
vt 0.868409 0.187100
vt 0.349136 0.956545
vt 0.350240 0.956545
vt 0.913653 0.477064
vt 0.914647 0.477064
vt 0.915642 0.477064
vt 0.710451 0.950505
vt 0.427562 0.726734
vt 0.704355 0.205790
vt 0.425098 0.726734
vt 0.422633 0.726734
vt 0.176904 0.826478
vt 0.179637 0.826478
vt 0.773151 0.407152
vt 0.775644 0.407152
vt 0.778078 0.407152
vt 0.709285 0.205790
vt 0.706818 0.205790
vt 0.427562 0.733042
vt 0.704355 0.212097
vt 0.604039 0.006190
vt 0.425098 0.733042
vt 0.601371 0.006796
vt 0.422633 0.733042
vt 0.176904 0.820171
vt 0.600186 0.009264
vt 0.179637 0.820171
vt 0.773151 0.400845
vt 0.601374 0.011726
vt 0.775644 0.400845
vt 0.604038 0.012334
vt 0.778078 0.400845
vt 0.709285 0.212097
vt 0.606179 0.010632
vt 0.706818 0.212097
vt 0.606179 0.007893
vt 0.603643 0.010411
vt 0.635059 0.863803
vt 0.966835 0.286152
vt 0.602565 0.010164
vt 0.634369 0.863803
vt 0.602086 0.009172
vt 0.633268 0.863803
vt 0.602564 0.008176
vt 0.632578 0.863803
vt 0.174523 0.950448
vt 0.603641 0.007932
vt 0.175627 0.950448
vt 0.913653 0.452282
vt 0.604506 0.008620
vt 0.914647 0.452282
vt 0.604505 0.009724
vt 0.915642 0.452282
vt 0.967937 0.286152
vt 0.635059 0.857602
vt 0.966835 0.279951
vt 0.634369 0.857602
vt 0.633268 0.857602
vt 0.632578 0.857602
vt 0.174523 0.956649
vt 0.175627 0.956649
vt 0.913653 0.458483
vt 0.914647 0.458483
vt 0.915642 0.458483
vt 0.967937 0.279951
vt 0.445939 0.726735
vt 0.693990 0.577720
vt 0.443475 0.726735
vt 0.441010 0.726735
vt 0.161786 0.826478
vt 0.164520 0.826478
vt 0.514504 0.770417
vt 0.517000 0.770417
vt 0.519431 0.770417
vt 0.698921 0.577720
vt 0.696454 0.577720
vt 0.445939 0.733042
vt 0.693990 0.584028
vt 0.599423 0.264446
vt 0.443475 0.733042
vt 0.600608 0.266912
vt 0.441010 0.733042
vt 0.161786 0.820171
vt 0.603278 0.267518
vt 0.164520 0.820171
vt 0.514504 0.764109
vt 0.605414 0.265813
vt 0.517000 0.764109
vt 0.605414 0.263077
vt 0.519431 0.764109
vt 0.698921 0.584028
vt 0.603278 0.261371
vt 0.696454 0.584028
vt 0.600608 0.261980
vt 0.603626 0.263893
vt 0.620199 0.863803
vt 0.957903 0.770473
vt 0.603626 0.264999
vt 0.619509 0.863803
vt 0.602766 0.265687
vt 0.618407 0.863803
vt 0.601688 0.265442
vt 0.617718 0.863803
vt 0.954117 0.006190
vt 0.601211 0.264446
vt 0.955221 0.006190
vt 0.189775 0.913287
vt 0.601688 0.263450
vt 0.190770 0.913287
vt 0.602766 0.263205
vt 0.191765 0.913287
vt 0.959005 0.770473
vt 0.620199 0.857602
vt 0.957903 0.764272
vt 0.619509 0.857602
vt 0.618407 0.857602
vt 0.617718 0.857602
vt 0.954117 0.012391
vt 0.955221 0.012391
vt 0.189775 0.919488
vt 0.190770 0.919488
vt 0.191765 0.919488
vt 0.959005 0.764272
vt 0.354065 0.726738
vt 0.703915 0.400845
vt 0.351602 0.726738
vt 0.349136 0.726738
vt 0.237374 0.826478
vt 0.240108 0.826478
vt 0.058110 0.784910
vt 0.060606 0.784910
vt 0.063037 0.784910
vt 0.708846 0.400845
vt 0.706379 0.400845
vt 0.354065 0.733045
vt 0.703915 0.407152
vt 0.599423 0.301500
vt 0.351602 0.733045
vt 0.600608 0.303966
vt 0.349136 0.733045
vt 0.237374 0.820171
vt 0.603278 0.304572
vt 0.240108 0.820171
vt 0.058110 0.778602
vt 0.605414 0.302867
vt 0.060606 0.778602
vt 0.605414 0.300131
vt 0.063037 0.778602
vt 0.708846 0.407152
vt 0.603278 0.298425
vt 0.706379 0.407152
vt 0.600608 0.299034
vt 0.603626 0.300948
vt 0.870887 0.100828
vt 0.971384 0.789054
vt 0.603626 0.302053
vt 0.870197 0.100828
vt 0.602766 0.302741
vt 0.869095 0.100828
vt 0.601688 0.302496
vt 0.868406 0.100828
vt 0.953352 0.335479
vt 0.601211 0.301500
vt 0.954456 0.335479
vt 0.514504 0.913180
vt 0.601688 0.300505
vt 0.515498 0.913180
vt 0.602766 0.300260
vt 0.516493 0.913180
vt 0.972486 0.789054
vt 0.870887 0.094628
vt 0.971384 0.782853
vt 0.870197 0.094628
vt 0.869095 0.094628
vt 0.868406 0.094628
vt 0.953352 0.341680
vt 0.954456 0.341680
vt 0.514504 0.919381
vt 0.515498 0.919381
vt 0.516493 0.919381
vt 0.972486 0.782853
vt 0.709288 0.316789
vt 0.310977 0.689363
vt 0.706824 0.316789
vt 0.704357 0.316789
vt 0.551250 0.807955
vt 0.553986 0.807955
vt 0.403189 0.770417
vt 0.405682 0.770417
vt 0.408116 0.770417
vt 0.315907 0.689363
vt 0.313441 0.689363
vt 0.709288 0.323096
vt 0.310977 0.695671
vt 0.224028 0.596247
vt 0.706824 0.323096
vt 0.221361 0.596853
vt 0.704357 0.323096
vt 0.551250 0.801647
vt 0.220173 0.599320
vt 0.553986 0.801647
vt 0.403189 0.764109
vt 0.221363 0.601783
vt 0.405682 0.764109
vt 0.224028 0.602391
vt 0.408116 0.764109
vt 0.315907 0.695671
vt 0.226169 0.600689
vt 0.313441 0.695671
vt 0.226169 0.597950
vt 0.223632 0.600468
vt 0.695775 0.863803
vt 0.527988 0.975123
vt 0.222554 0.600222
vt 0.695085 0.863803
vt 0.222075 0.599229
vt 0.693983 0.863803
vt 0.222554 0.598233
vt 0.693294 0.863803
vt 0.528873 0.950342
vt 0.223631 0.597990
vt 0.529977 0.950342
vt 0.363508 0.913184
vt 0.224495 0.598677
vt 0.364502 0.913184
vt 0.224494 0.599782
vt 0.365497 0.913184
vt 0.529090 0.975123
vt 0.695775 0.857602
vt 0.527988 0.968922
vt 0.695085 0.857602
vt 0.693983 0.857602
vt 0.693294 0.857602
vt 0.528873 0.956542
vt 0.529977 0.956542
vt 0.363508 0.919384
vt 0.364502 0.919384
vt 0.365497 0.919384
vt 0.529090 0.968922
vt 0.662175 0.726898
vt 0.710240 0.614774
vt 0.659712 0.726898
vt 0.657247 0.726898
vt 0.081778 0.840972
vt 0.084512 0.840972
vt 0.762165 0.695831
vt 0.764661 0.695831
vt 0.767092 0.695831
vt 0.715171 0.614774
vt 0.712704 0.614774
vt 0.662175 0.733205
vt 0.710240 0.621082
vt 0.598984 0.403920
vt 0.659712 0.733205
vt 0.600168 0.406386
vt 0.657247 0.733205
vt 0.081778 0.834664
vt 0.602838 0.406992
vt 0.084512 0.834664
vt 0.762165 0.689523
vt 0.604974 0.405287
vt 0.764661 0.689523
vt 0.604974 0.402550
vt 0.767092 0.689523
vt 0.715171 0.621082
vt 0.602838 0.400845
vt 0.712704 0.621082
vt 0.600168 0.401454
vt 0.603187 0.403367
vt 0.862024 0.863803
vt 0.160152 0.975229
vt 0.603187 0.404473
vt 0.861334 0.863803
vt 0.602326 0.405161
vt 0.860232 0.863803
vt 0.601249 0.404916
vt 0.859543 0.863803
vt 0.188006 0.950448
vt 0.600771 0.403920
vt 0.189110 0.950448
vt 0.161037 0.913287
vt 0.601249 0.402924
vt 0.162032 0.913287
vt 0.602326 0.402679
vt 0.163027 0.913287
vt 0.161254 0.975229
vt 0.862024 0.857602
vt 0.160152 0.969028
vt 0.861334 0.857602
vt 0.860232 0.857602
vt 0.859543 0.857602
vt 0.188006 0.956649
vt 0.189110 0.956649
vt 0.161037 0.919488
vt 0.162032 0.919488
vt 0.163027 0.919488
vt 0.161254 0.969028
vt 0.186219 0.726734
vt 0.722431 0.043564
vt 0.183755 0.726734
vt 0.181290 0.726734
vt 0.146668 0.845166
vt 0.149402 0.845166
vt 0.075416 0.784910
vt 0.077912 0.784910
vt 0.080343 0.784910
vt 0.727362 0.043564
vt 0.724895 0.043564
vt 0.186219 0.733042
vt 0.722431 0.049872
vt 0.599423 0.116230
vt 0.183755 0.733042
vt 0.600607 0.118696
vt 0.181290 0.733042
vt 0.146668 0.838858
vt 0.603277 0.119302
vt 0.149402 0.838858
vt 0.075416 0.778602
vt 0.605413 0.117596
vt 0.077912 0.778602
vt 0.605413 0.114860
vt 0.080343 0.778602
vt 0.727362 0.049872
vt 0.603277 0.113155
vt 0.724895 0.049872
vt 0.600607 0.113764
vt 0.603626 0.115677
vt 0.008671 0.878133
vt 0.749794 0.956705
vt 0.603626 0.116783
vt 0.007981 0.878133
vt 0.602766 0.117471
vt 0.006879 0.878133
vt 0.601688 0.117226
vt 0.006190 0.878133
vt 0.073610 0.946254
vt 0.601211 0.116230
vt 0.074714 0.946254
vt 0.659852 0.913344
vt 0.601688 0.115234
vt 0.660846 0.913344
vt 0.602766 0.114989
vt 0.661841 0.913344
vt 0.750896 0.956705
vt 0.008671 0.871932
vt 0.749794 0.950505
vt 0.007981 0.871932
vt 0.006879 0.871932
vt 0.006190 0.871932
vt 0.073610 0.952455
vt 0.074714 0.952455
vt 0.659852 0.919544
vt 0.660846 0.919544
vt 0.661841 0.919544
vt 0.750896 0.950505
vt 0.482686 0.726734
vt 0.721668 0.187100
vt 0.480222 0.726734
vt 0.477757 0.726734
vt 0.192017 0.845166
vt 0.194751 0.845166
vt 0.773591 0.341787
vt 0.776084 0.341787
vt 0.778518 0.341787
vt 0.726599 0.187100
vt 0.724132 0.187100
vt 0.482686 0.733042
vt 0.721668 0.193407
vt 0.603276 0.242847
vt 0.480222 0.733042
vt 0.600609 0.243453
vt 0.477757 0.733042
vt 0.192017 0.838858
vt 0.599423 0.245921
vt 0.194751 0.838858
vt 0.773591 0.335479
vt 0.600611 0.248383
vt 0.776084 0.335479
vt 0.603275 0.248991
vt 0.778518 0.335479
vt 0.726599 0.193407
vt 0.605417 0.247289
vt 0.724132 0.193407
vt 0.605417 0.244550
vt 0.602880 0.247068
vt 0.879593 0.807848
vt 0.971571 0.751786
vt 0.601802 0.246822
vt 0.878903 0.807848
vt 0.601323 0.245829
vt 0.877801 0.807848
vt 0.601801 0.244833
vt 0.877112 0.807848
vt 0.146668 0.950448
vt 0.602879 0.244590
vt 0.147772 0.950448
vt 0.645483 0.913343
vt 0.603743 0.245277
vt 0.646477 0.913343
vt 0.603742 0.246382
vt 0.647472 0.913343
vt 0.972673 0.751786
vt 0.879593 0.801647
vt 0.971571 0.745585
vt 0.878903 0.801647
vt 0.877801 0.801647
vt 0.877112 0.801647
vt 0.146668 0.956649
vt 0.147772 0.956649
vt 0.645483 0.919544
vt 0.646477 0.919544
vt 0.647472 0.919544
vt 0.972673 0.745585
vt 0.732477 0.708211
vt 0.721665 0.150690
vt 0.730013 0.708211
vt 0.727548 0.708211
vt 0.828125 0.789267
vt 0.830859 0.789267
vt 0.779474 0.639769
vt 0.781970 0.639769
vt 0.784401 0.639769
vt 0.726596 0.150690
vt 0.724129 0.150690
vt 0.732477 0.714518
vt 0.721665 0.156997
vt 0.606378 0.525214
vt 0.730013 0.714518
vt 0.607562 0.527680
vt 0.727548 0.714518
vt 0.828125 0.782960
vt 0.610232 0.528286
vt 0.830859 0.782960
vt 0.779474 0.633461
vt 0.612368 0.526581
vt 0.781970 0.633461
vt 0.612368 0.523845
vt 0.784401 0.633461
vt 0.726596 0.156997
vt 0.610232 0.522139
vt 0.724129 0.156997
vt 0.607562 0.522748
vt 0.610581 0.524662
vt 0.023784 0.878133
vt 0.330763 0.975232
vt 0.610581 0.525767
vt 0.023094 0.878133
vt 0.609720 0.526455
vt 0.021992 0.878133
vt 0.608643 0.526210
vt 0.021303 0.878133
vt 0.953351 0.113315
vt 0.608165 0.525214
vt 0.954455 0.113315
vt 0.616739 0.913343
vt 0.608643 0.524219
vt 0.617733 0.913343
vt 0.609720 0.523973
vt 0.618729 0.913343
vt 0.331865 0.975232
vt 0.023784 0.871932
vt 0.330763 0.969031
vt 0.023094 0.871932
vt 0.021992 0.871932
vt 0.021303 0.871932
vt 0.953351 0.119516
vt 0.954455 0.119516
vt 0.616739 0.919544
vt 0.617733 0.919544
vt 0.618729 0.919544
vt 0.331865 0.969031
vt 0.280219 0.726735
vt 0.639936 0.689523
vt 0.277755 0.726735
vt 0.275290 0.726735
vt 0.096896 0.822284
vt 0.099629 0.822284
vt 0.441010 0.770417
vt 0.443506 0.770417
vt 0.445937 0.770417
vt 0.644866 0.689523
vt 0.642400 0.689523
vt 0.280219 0.733042
vt 0.639936 0.695831
vt 0.599423 0.227392
vt 0.277755 0.733042
vt 0.600608 0.229858
vt 0.275290 0.733042
vt 0.096896 0.815977
vt 0.603278 0.230464
vt 0.099629 0.815977
vt 0.441010 0.764109
vt 0.605414 0.228758
vt 0.443506 0.764109
vt 0.605414 0.226022
vt 0.445937 0.764109
vt 0.644866 0.695831
vt 0.603278 0.224317
vt 0.642400 0.695831
vt 0.600608 0.224926
vt 0.603626 0.226839
vt 0.873942 0.369991
vt 0.695867 0.956705
vt 0.603626 0.227945
vt 0.873252 0.369991
vt 0.602766 0.228633
vt 0.872150 0.369991
vt 0.601688 0.228388
vt 0.871461 0.369991
vt 0.954992 0.470863
vt 0.601211 0.227392
vt 0.956096 0.470863
vt 0.915065 0.363791
vt 0.601688 0.226396
vt 0.916059 0.363791
vt 0.602766 0.226151
vt 0.917054 0.363791
vt 0.696969 0.956705
vt 0.873942 0.363791
vt 0.695867 0.950505
vt 0.873252 0.363791
vt 0.872150 0.363791
vt 0.871461 0.363791
vt 0.954992 0.477064
vt 0.956096 0.477064
vt 0.915065 0.369991
vt 0.916059 0.369991
vt 0.917054 0.369991
vt 0.696969 0.950505
vt 0.390811 0.726735
vt 0.704354 0.150690
vt 0.388348 0.726735
vt 0.385882 0.726735
vt 0.207139 0.826478
vt 0.209872 0.826478
vt 0.779474 0.658456
vt 0.781967 0.658456
vt 0.784401 0.658456
vt 0.709285 0.150690
vt 0.706818 0.150690
vt 0.390811 0.733042
vt 0.704354 0.156997
vt 0.604038 0.043247
vt 0.388348 0.733042
vt 0.601371 0.043853
vt 0.385882 0.733042
vt 0.207139 0.820171
vt 0.600186 0.046321
vt 0.209872 0.820171
vt 0.779474 0.652149
vt 0.601373 0.048783
vt 0.781967 0.652149
vt 0.604038 0.049391
vt 0.784401 0.652149
vt 0.709285 0.156997
vt 0.606179 0.047689
vt 0.706818 0.156997
vt 0.606179 0.044950
vt 0.603642 0.047467
vt 0.802329 0.863803
vt 0.958461 0.863803
vt 0.602564 0.047221
vt 0.801639 0.863803
vt 0.602085 0.046229
vt 0.800537 0.863803
vt 0.602564 0.045233
vt 0.799848 0.863803
vt 0.514504 0.950342
vt 0.603641 0.044989
vt 0.515608 0.950342
vt 0.913653 0.433702
vt 0.604505 0.045676
vt 0.914647 0.433702
vt 0.604504 0.046781
vt 0.915642 0.433702
vt 0.959563 0.863803
vt 0.802329 0.857602
vt 0.958461 0.857602
vt 0.801639 0.857602
vt 0.800537 0.857602
vt 0.799848 0.857602
vt 0.514504 0.956542
vt 0.515608 0.956542
vt 0.913653 0.439903
vt 0.914647 0.439903
vt 0.915642 0.439903
vt 0.959563 0.857602
vt 0.408122 0.726735
vt 0.692928 0.670836
vt 0.405658 0.726735
vt 0.403193 0.726735
vt 0.823319 0.341787
vt 0.826053 0.341787
vt 0.215914 0.770417
vt 0.218410 0.770417
vt 0.220841 0.770417
vt 0.697858 0.670836
vt 0.695391 0.670836
vt 0.408122 0.733042
vt 0.692928 0.677144
vt 0.599424 0.208865
vt 0.405658 0.733042
vt 0.600608 0.211331
vt 0.403193 0.733042
vt 0.823319 0.335479
vt 0.603278 0.211937
vt 0.826053 0.335479
vt 0.215914 0.764109
vt 0.605414 0.210231
vt 0.218410 0.764109
vt 0.605414 0.207495
vt 0.220841 0.764109
vt 0.697858 0.677144
vt 0.603278 0.205790
vt 0.695391 0.677144
vt 0.600608 0.206399
vt 0.603627 0.208312
vt 0.756737 0.863803
vt 0.957041 0.658350
vt 0.603627 0.209418
vt 0.756047 0.863803
vt 0.602766 0.210106
vt 0.754945 0.863803
vt 0.601689 0.209861
vt 0.754256 0.863803
vt 0.953354 0.316789
vt 0.601211 0.208865
vt 0.954458 0.316789
vt 0.496131 0.913180
vt 0.601689 0.207869
vt 0.497125 0.913180
vt 0.602766 0.207624
vt 0.498120 0.913180
vt 0.958143 0.658350
vt 0.756737 0.857602
vt 0.957041 0.652149
vt 0.756047 0.857602
vt 0.754945 0.857602
vt 0.754256 0.857602
vt 0.953354 0.322989
vt 0.954458 0.322989
vt 0.496131 0.919381
vt 0.497125 0.919381
vt 0.498120 0.919381
vt 0.958143 0.652149
vt 0.501060 0.726735
vt 0.692930 0.614774
vt 0.498596 0.726735
vt 0.496131 0.726735
vt 0.222252 0.826478
vt 0.224986 0.826478
vt 0.605305 0.770580
vt 0.607801 0.770580
vt 0.610232 0.770580
vt 0.697860 0.614774
vt 0.695393 0.614774
vt 0.501060 0.733042
vt 0.692930 0.621082
vt 0.600186 0.027792
vt 0.498596 0.733042
vt 0.601370 0.030258
vt 0.496131 0.733042
vt 0.222252 0.820171
vt 0.604040 0.030864
vt 0.224986 0.820171
vt 0.605305 0.764272
vt 0.606176 0.029158
vt 0.607801 0.764272
vt 0.606176 0.026422
vt 0.610232 0.764272
vt 0.697860 0.621082
vt 0.604040 0.024716
vt 0.695393 0.621082
vt 0.601370 0.025326
vt 0.604389 0.027239
vt 0.870887 0.082141
vt 0.971572 0.732992
vt 0.604389 0.028345
vt 0.870197 0.082141
vt 0.603528 0.029033
vt 0.869095 0.082141
vt 0.602451 0.028787
vt 0.868406 0.082141
vt 0.953351 0.279951
vt 0.601973 0.027792
vt 0.954455 0.279951
vt 0.204144 0.913287
vt 0.602451 0.026796
vt 0.205139 0.913287
vt 0.603528 0.026551
vt 0.206134 0.913287
vt 0.972674 0.732992
vt 0.870887 0.075940
vt 0.971572 0.726791
vt 0.870197 0.075940
vt 0.869095 0.075940
vt 0.868406 0.075940
vt 0.953351 0.286152
vt 0.954455 0.286152
vt 0.204144 0.919488
vt 0.205139 0.919488
vt 0.206134 0.919488
vt 0.972674 0.726791
vt 0.710051 0.024877
vt 0.275290 0.689360
vt 0.707587 0.024877
vt 0.705120 0.024877
vt 0.514504 0.807792
vt 0.517240 0.807792
vt 0.763236 0.565338
vt 0.765729 0.565338
vt 0.768163 0.565338
vt 0.280221 0.689360
vt 0.277754 0.689360
vt 0.710051 0.031185
vt 0.275290 0.695668
vt 0.205652 0.596247
vt 0.707587 0.031185
vt 0.202985 0.596853
vt 0.705120 0.031185
vt 0.514504 0.801484
vt 0.201797 0.599320
vt 0.517240 0.801484
vt 0.763236 0.559030
vt 0.202987 0.601783
vt 0.765729 0.559030
vt 0.205652 0.602391
vt 0.768163 0.559030
vt 0.280221 0.695668
vt 0.207793 0.600689
vt 0.277754 0.695668
vt 0.207793 0.597950
vt 0.205256 0.600468
vt 0.680914 0.863803
vt 0.514504 0.975123
vt 0.204178 0.600222
vt 0.680224 0.863803
vt 0.203699 0.599229
vt 0.679123 0.863803
vt 0.204178 0.598233
vt 0.678433 0.863803
vt 0.496131 0.950342
vt 0.205255 0.597990
vt 0.497235 0.950342
vt 0.218513 0.913287
vt 0.206119 0.598677
vt 0.219508 0.913287
vt 0.206118 0.599782
vt 0.220503 0.913287
vt 0.515606 0.975123
vt 0.680914 0.857602
vt 0.514504 0.968922
vt 0.680224 0.857602
vt 0.679123 0.857602
vt 0.678433 0.857602
vt 0.496131 0.956542
vt 0.497235 0.956542
vt 0.218513 0.919488
vt 0.219508 0.919488
vt 0.220503 0.919488
vt 0.515606 0.968922
vt 0.644857 0.726898
vt 0.674557 0.708211
vt 0.642394 0.726898
vt 0.639929 0.726898
vt 0.036425 0.840972
vt 0.039159 0.840972
vt 0.040803 0.766223
vt 0.043299 0.766223
vt 0.045730 0.766223
vt 0.679488 0.708211
vt 0.677021 0.708211
vt 0.644857 0.733205
vt 0.674557 0.714518
vt 0.599423 0.079176
vt 0.642394 0.733205
vt 0.600607 0.081642
vt 0.639929 0.733205
vt 0.036425 0.834664
vt 0.603277 0.082248
vt 0.039159 0.834664
vt 0.040803 0.759915
vt 0.605413 0.080542
vt 0.043299 0.759915
vt 0.605413 0.077806
vt 0.045730 0.759915
vt 0.679488 0.714518
vt 0.603277 0.076101
vt 0.677021 0.714518
vt 0.600607 0.076710
vt 0.603626 0.078623
vt 0.864733 0.807848
vt 0.349136 0.975126
vt 0.603626 0.079729
vt 0.864043 0.807848
vt 0.602766 0.080417
vt 0.862941 0.807848
vt 0.601688 0.080172
vt 0.862252 0.807848
vt 0.201490 0.950448
vt 0.601211 0.079176
vt 0.202594 0.950448
vt 0.175406 0.913287
vt 0.601688 0.078180
vt 0.176401 0.913287
vt 0.602766 0.077935
vt 0.177396 0.913287
vt 0.350238 0.975126
vt 0.864733 0.801647
vt 0.349136 0.968925
vt 0.864043 0.801647
vt 0.862941 0.801647
vt 0.862252 0.801647
vt 0.201490 0.956649
vt 0.202594 0.956649
vt 0.175406 0.919488
vt 0.176401 0.919488
vt 0.177396 0.919488
vt 0.350238 0.968925
vt 0.732479 0.652149
vt 0.711309 0.559030
vt 0.730016 0.652149
vt 0.727551 0.652149
vt 0.838435 0.193407
vt 0.841169 0.193407
vt 0.773591 0.267678
vt 0.776086 0.267678
vt 0.778517 0.267678
vt 0.716240 0.559030
vt 0.713773 0.559030
vt 0.732479 0.658456
vt 0.711309 0.565338
vt 0.587997 0.599323
vt 0.730016 0.658456
vt 0.589181 0.601788
vt 0.727551 0.658456
vt 0.838435 0.187100
vt 0.591851 0.602395
vt 0.841169 0.187100
vt 0.773591 0.261371
vt 0.593987 0.600689
vt 0.776086 0.261371
vt 0.593987 0.597953
vt 0.778517 0.261371
vt 0.716240 0.565338
vt 0.591851 0.596247
vt 0.713773 0.565338
vt 0.589181 0.596857
vt 0.592200 0.598770
vt 0.164010 0.882327
vt 0.763276 0.956705
vt 0.592200 0.599875
vt 0.163320 0.882327
vt 0.591339 0.600563
vt 0.162218 0.882327
vt 0.590262 0.600318
vt 0.161529 0.882327
vt 0.087094 0.946254
vt 0.589784 0.599323
vt 0.088198 0.946254
vt 0.688597 0.913344
vt 0.590262 0.598327
vt 0.689591 0.913344
vt 0.591339 0.598082
vt 0.690586 0.913344
vt 0.764377 0.956705
vt 0.164010 0.876126
vt 0.763276 0.950505
vt 0.163320 0.876126
vt 0.162218 0.876126
vt 0.161529 0.876126
vt 0.087094 0.952455
vt 0.088198 0.952455
vt 0.688597 0.919544
vt 0.689591 0.919544
vt 0.690586 0.919544
vt 0.764377 0.950505
vt 0.315906 0.726738
vt 0.721665 0.094628
vt 0.313442 0.726738
vt 0.310977 0.726738
vt 0.838432 0.267678
vt 0.841166 0.267678
vt 0.040803 0.784910
vt 0.043296 0.784910
vt 0.045730 0.784910
vt 0.726596 0.094628
vt 0.724129 0.094628
vt 0.315906 0.733046
vt 0.721665 0.100935
vt 0.603276 0.094631
vt 0.313442 0.733046
vt 0.600609 0.095237
vt 0.310977 0.733046
vt 0.838432 0.261371
vt 0.599423 0.097705
vt 0.841166 0.261371
vt 0.040803 0.778602
vt 0.600611 0.100167
vt 0.043296 0.778602
vt 0.603275 0.100775
vt 0.045730 0.778602
vt 0.726596 0.100935
vt 0.605417 0.099073
vt 0.724129 0.100935
vt 0.605417 0.096334
vt 0.602880 0.098851
vt 0.351617 0.882223
vt 0.971573 0.714411
vt 0.601802 0.098605
vt 0.350927 0.882223
vt 0.601323 0.097613
vt 0.349825 0.882223
vt 0.601801 0.096617
vt 0.349136 0.882223
vt 0.214974 0.950448
vt 0.602879 0.096373
vt 0.216078 0.950448
vt 0.587996 0.913344
vt 0.603743 0.097060
vt 0.588991 0.913344
vt 0.603742 0.098165
vt 0.589986 0.913344
vt 0.972674 0.714411
vt 0.351617 0.876023
vt 0.971573 0.708211
vt 0.350927 0.876023
vt 0.349825 0.876023
vt 0.349136 0.876023
vt 0.214974 0.956649
vt 0.216078 0.956649
vt 0.587996 0.919544
vt 0.588991 0.919544
vt 0.589986 0.919544
vt 0.972674 0.708211
vt 0.732477 0.670836
vt 0.721226 0.400845
vt 0.730014 0.670836
vt 0.727549 0.670836
vt 0.633342 0.826642
vt 0.636076 0.826642
vt 0.779472 0.677144
vt 0.781968 0.677144
vt 0.784399 0.677144
vt 0.726157 0.400845
vt 0.723690 0.400845
vt 0.732477 0.677144
vt 0.721226 0.407152
vt 0.601066 0.455304
vt 0.730014 0.677144
vt 0.602251 0.457770
vt 0.727549 0.677144
vt 0.633342 0.820334
vt 0.604921 0.458376
vt 0.636076 0.820334
vt 0.779472 0.670836
vt 0.607057 0.456671
vt 0.781968 0.670836
vt 0.607057 0.453935
vt 0.784399 0.670836
vt 0.726157 0.407152
vt 0.604921 0.452229
vt 0.723690 0.407152
vt 0.602251 0.452838
vt 0.605269 0.454751
vt 0.083226 0.878133
vt 0.422633 0.975229
vt 0.605269 0.455857
vt 0.082536 0.878133
vt 0.604409 0.456545
vt 0.081434 0.878133
vt 0.603331 0.456300
vt 0.080745 0.878133
vt 0.100577 0.946254
vt 0.602854 0.455304
vt 0.101681 0.946254
vt 0.631111 0.913344
vt 0.603331 0.454309
vt 0.632105 0.913344
vt 0.604409 0.454063
vt 0.633101 0.913344
vt 0.423735 0.975229
vt 0.083226 0.871932
vt 0.422633 0.969028
vt 0.082536 0.871932
vt 0.081434 0.871932
vt 0.080745 0.871932
vt 0.100577 0.952455
vt 0.101681 0.952455
vt 0.631111 0.919544
vt 0.632105 0.919544
vt 0.633101 0.919544
vt 0.423735 0.969028
s 0
usemtl Material.001
f 1/1/1 2/2/1 4/4/1 3/3/1
f 5/5/2 6/7/2 8/11/2 7/9/2
f 9/13/3 10/15/3 12/18/3 11/16/3
f 11/17/4 5/6/4 7/10/4 9/14/4
f 6/8/5 12/18/5 10/15/5 8/12/5
f 13/19/2 14/21/2 16/25/2 15/23/2
f 17/27/3 18/29/3 20/32/3 19/30/3
f 19/31/4 13/20/4 15/24/4 17/28/4
f 14/22/5 20/32/5 18/29/5 16/26/5
f 21/33/2 22/35/2 24/39/2 23/37/2
f 25/41/3 26/43/3 28/46/3 27/44/3
f 27/45/4 21/34/4 23/38/4 25/42/4
f 22/36/5 28/46/5 26/43/5 24/40/5
f 29/47/2 30/49/2 32/53/2 31/51/2
f 33/55/3 34/57/3 36/60/3 35/58/3
f 35/59/4 29/48/4 31/52/4 33/56/4
f 30/50/5 36/60/5 34/57/5 32/54/5
f 37/61/1 38/62/1 40/64/1 39/63/1
f 41/65/1 42/66/1 44/68/1 43/67/1
f 45/69/1 46/70/1 48/72/1 47/71/1
f 49/73/1 50/74/1 52/76/1 51/75/1
f 53/77/1 54/78/1 56/80/1 55/79/1
f 57/81/2 58/83/2 60/87/2 59/85/2
f 61/89/3 62/91/3 64/94/3 63/92/3
f 63/93/4 57/82/4 59/86/4 61/90/4
f 58/84/5 64/94/5 62/91/5 60/88/5
f 65/95/2 66/97/2 68/101/2 67/99/2
f 69/103/3 70/105/3 72/108/3 71/106/3
f 71/107/4 65/96/4 67/100/4 69/104/4
f 66/98/5 72/108/5 70/105/5 68/102/5
f 73/109/2 74/111/2 76/115/2 75/113/2
f 77/117/3 78/119/3 80/122/3 79/120/3
f 79/121/4 73/110/4 75/114/4 77/118/4
f 74/112/5 80/122/5 78/119/5 76/116/5
f 81/123/2 82/125/2 84/129/2 83/127/2
f 85/131/3 86/133/3 88/136/3 87/134/3
f 87/135/4 81/124/4 83/128/4 85/132/4
f 82/126/5 88/136/5 86/133/5 84/130/5
f 89/137/1 90/138/1 92/140/1 91/139/1
f 93/141/1 94/142/1 96/144/1 95/143/1
f 97/145/1 98/146/1 100/148/1 99/147/1
f 101/149/2 102/151/2 104/155/2 103/153/2
f 105/157/3 106/159/3 108/162/3 107/160/3
f 107/161/4 101/150/4 103/154/4 105/158/4
f 102/152/5 108/162/5 106/159/5 104/156/5
f 109/163/2 110/165/2 112/169/2 111/167/2
f 113/171/3 114/173/3 116/176/3 115/174/3
f 115/175/4 109/164/4 111/168/4 113/172/4
f 110/166/5 116/176/5 114/173/5 112/170/5
f 117/177/2 118/179/2 120/183/2 119/181/2
f 121/185/3 122/187/3 124/190/3 123/188/3
f 123/189/4 117/178/4 119/182/4 121/186/4
f 118/180/5 124/190/5 122/187/5 120/184/5
f 125/191/2 126/193/2 128/197/2 127/195/2
f 129/199/3 130/201/3 132/204/3 131/202/3
f 131/203/4 125/192/4 127/196/4 129/200/4
f 126/194/5 132/204/5 130/201/5 128/198/5
f 133/205/1 134/206/1 136/208/1 135/207/1
f 137/209/1 138/210/1 140/212/1 139/211/1
f 141/213/1 142/214/1 144/216/1 143/215/1
f 145/217/2 146/219/2 148/223/2 147/221/2
f 149/225/3 150/227/3 152/230/3 151/228/3
f 151/229/4 145/218/4 147/222/4 149/226/4
f 146/220/5 152/230/5 150/227/5 148/224/5
f 153/231/2 154/233/2 156/237/2 155/235/2
f 157/239/3 158/241/3 160/244/3 159/242/3
f 159/243/4 153/232/4 155/236/4 157/240/4
f 154/234/5 160/244/5 158/241/5 156/238/5
f 161/245/2 162/247/2 164/251/2 163/249/2
f 165/253/3 166/255/3 168/258/3 167/256/3
f 167/257/4 161/246/4 163/250/4 165/254/4
f 162/248/5 168/258/5 166/255/5 164/252/5
f 169/259/2 170/261/2 172/265/2 171/263/2
f 173/267/3 174/269/3 176/272/3 175/270/3
f 175/271/4 169/260/4 171/264/4 173/268/4
f 170/262/5 176/272/5 174/269/5 172/266/5
f 177/273/1 178/274/1 180/276/1 179/275/1
f 181/277/1 182/278/1 184/280/1 183/279/1
f 185/281/1 186/282/1 188/284/1 187/283/1
f 189/285/2 190/287/2 192/291/2 191/289/2
f 193/293/3 194/295/3 196/298/3 195/296/3
f 195/297/4 189/286/4 191/290/4 193/294/4
f 190/288/5 196/298/5 194/295/5 192/292/5
f 197/299/2 198/301/2 200/305/2 199/303/2
f 201/307/3 202/309/3 204/312/3 203/310/3
f 203/311/4 197/300/4 199/304/4 201/308/4
f 198/302/5 204/312/5 202/309/5 200/306/5
f 205/313/2 206/315/2 208/319/2 207/317/2
f 209/321/3 210/323/3 212/326/3 211/324/3
f 211/325/4 205/314/4 207/318/4 209/322/4
f 206/316/5 212/326/5 210/323/5 208/320/5
f 213/327/2 214/329/2 216/333/2 215/331/2
f 217/335/3 218/337/3 220/340/3 219/338/3
f 219/339/4 213/328/4 215/332/4 217/336/4
f 214/330/5 220/340/5 218/337/5 216/334/5
f 228/352/6 229/355/6 222/343/6 221/341/6
f 229/355/7 230/357/7 223/344/7 222/343/7
f 230/358/8 231/360/8 224/346/8 223/345/8
f 231/361/4 232/363/4 225/348/4 224/347/4
f 232/363/9 233/365/9 226/349/9 225/348/9
f 233/366/10 234/368/10 227/351/10 226/350/10
f 234/368/11 228/353/11 221/342/11 227/351/11
f 236/373/1 235/370/1 232/364/1 231/362/1
f 237/375/1 236/373/1 231/362/1 230/359/1
f 238/377/1 237/375/1 230/359/1 229/356/1
f 239/380/1 238/377/1 229/356/1 228/354/1
f 240/383/1 239/380/1 228/354/1 234/369/1
f 241/385/1 240/383/1 234/369/1 233/367/1
f 235/370/1 241/385/1 233/367/1 232/364/1
f 243/390/5 242/388/5 235/371/5 236/374/5
f 244/391/12 243/390/12 236/374/12 237/376/12
f 245/392/13 244/391/13 237/376/13 238/378/13
f 246/394/14 245/393/14 238/379/14 239/381/14
f 247/396/15 246/395/15 239/382/15 240/384/15
f 248/397/16 247/396/16 240/384/16 241/386/16
f 242/389/17 248/398/17 241/387/17 235/372/17
f 256/410/18 257/413/18 250/401/18 249/399/18
f 257/413/7 258/415/7 251/402/7 250/401/7
f 258/416/8 259/418/8 252/404/8 251/403/8
f 259/419/4 260/421/4 253/406/4 252/405/4
f 260/421/9 261/423/9 254/407/9 253/406/9
f 261/424/10 262/426/10 255/409/10 254/408/10
f 262/426/19 256/411/19 249/400/19 255/409/19
f 264/431/1 263/428/1 260/422/1 259/420/1
f 265/433/1 264/431/1 259/420/1 258/417/1
f 266/435/1 265/433/1 258/417/1 257/414/1
f 267/438/1 266/435/1 257/414/1 256/412/1
f 268/441/1 267/438/1 256/412/1 262/427/1
f 269/443/1 268/441/1 262/427/1 261/425/1
f 263/428/1 269/443/1 261/425/1 260/422/1
f 271/448/5 270/446/5 263/429/5 264/432/5
f 272/449/12 271/448/12 264/432/12 265/434/12
f 273/450/13 272/449/13 265/434/13 266/436/13
f 274/452/14 273/451/14 266/437/14 267/439/14
f 275/454/15 274/453/15 267/440/15 268/442/15
f 276/455/16 275/454/16 268/442/16 269/444/16
f 270/447/17 276/456/17 269/445/17 263/430/17
f 284/468/6 285/471/6 278/459/6 277/457/6
f 285/471/7 286/473/7 279/460/7 278/459/7
f 286/474/8 287/476/8 280/462/8 279/461/8
f 287/477/4 288/479/4 281/464/4 280/463/4
f 288/479/9 289/481/9 282/465/9 281/464/9
f 289/482/10 290/484/10 283/467/10 282/466/10
f 290/484/11 284/469/11 277/458/11 283/467/11
f 292/489/1 291/486/1 288/480/1 287/478/1
f 293/491/1 292/489/1 287/478/1 286/475/1
f 294/493/1 293/491/1 286/475/1 285/472/1
f 295/496/1 294/493/1 285/472/1 284/470/1
f 296/499/1 295/496/1 284/470/1 290/485/1
f 297/501/1 296/499/1 290/485/1 289/483/1
f 291/486/1 297/501/1 289/483/1 288/480/1
f 299/506/5 298/504/5 291/487/5 292/490/5
f 300/507/12 299/506/12 292/490/12 293/492/12
f 301/508/13 300/507/13 293/492/13 294/494/13
f 302/510/14 301/509/14 294/495/14 295/497/14
f 303/512/15 302/511/15 295/498/15 296/500/15
f 304/513/20 303/512/20 296/500/20 297/502/20
f 298/505/17 304/514/17 297/503/17 291/488/17
f 312/526/6 313/529/6 306/517/6 305/515/6
f 313/529/21 314/531/21 307/518/21 306/517/21
f 314/532/22 315/534/22 308/520/22 307/519/22
f 315/535/4 316/537/4 309/522/4 308/521/4
f 316/537/23 317/539/23 310/523/23 309/522/23
f 317/540/24 318/542/24 311/525/24 310/524/24
f 318/542/11 312/527/11 305/516/11 311/525/11
f 320/547/1 319/544/1 316/538/1 315/536/1
f 321/549/1 320/547/1 315/536/1 314/533/1
f 322/551/1 321/549/1 314/533/1 313/530/1
f 323/554/1 322/551/1 313/530/1 312/528/1
f 324/557/1 323/554/1 312/528/1 318/543/1
f 325/559/1 324/557/1 318/543/1 317/541/1
f 319/544/1 325/559/1 317/541/1 316/538/1
f 327/564/5 326/562/5 319/545/5 320/548/5
f 328/565/25 327/564/25 320/548/25 321/550/25
f 329/566/13 328/565/13 321/550/13 322/552/13
f 330/568/14 329/567/14 322/553/14 323/555/14
f 331/570/15 330/569/15 323/556/15 324/558/15
f 332/571/20 331/570/20 324/558/20 325/560/20
f 326/563/26 332/572/26 325/561/26 319/546/26
f 340/584/18 341/587/18 334/575/18 333/573/18
f 341/587/21 342/589/21 335/576/21 334/575/21
f 342/590/22 343/592/22 336/578/22 335/577/22
f 343/593/4 344/595/4 337/580/4 336/579/4
f 344/595/23 345/597/23 338/581/23 337/580/23
f 345/598/24 346/600/24 339/583/24 338/582/24
f 346/600/19 340/585/19 333/574/19 339/583/19
f 348/605/1 347/602/1 344/596/1 343/594/1
f 349/607/1 348/605/1 343/594/1 342/591/1
f 350/609/1 349/607/1 342/591/1 341/588/1
f 351/612/1 350/609/1 341/588/1 340/586/1
f 352/615/1 351/612/1 340/586/1 346/601/1
f 353/617/1 352/615/1 346/601/1 345/599/1
f 347/602/1 353/617/1 345/599/1 344/596/1
f 355/622/5 354/620/5 347/603/5 348/606/5
f 356/623/25 355/622/25 348/606/25 349/608/25
f 357/624/13 356/623/13 349/608/13 350/610/13
f 358/626/14 357/625/14 350/611/14 351/613/14
f 359/628/15 358/627/15 351/614/15 352/616/15
f 360/629/20 359/628/20 352/616/20 353/618/20
f 354/621/26 360/630/26 353/619/26 347/604/26
f 368/642/18 369/645/18 362/633/18 361/631/18
f 369/645/21 370/647/21 363/634/21 362/633/21
f 370/648/22 371/650/22 364/636/22 363/635/22
f 371/651/4 372/653/4 365/638/4 364/637/4
f 372/653/23 373/655/23 366/639/23 365/638/23
f 373/656/24 374/658/24 367/641/24 366/640/24
f 374/658/19 368/643/19 361/632/19 367/641/19
f 376/663/1 375/660/1 372/654/1 371/652/1
f 377/665/1 376/663/1 371/652/1 370/649/1
f 378/667/1 377/665/1 370/649/1 369/646/1
f 379/670/1 378/667/1 369/646/1 368/644/1
f 380/673/1 379/670/1 368/644/1 374/659/1
f 381/675/1 380/673/1 374/659/1 373/657/1
f 375/660/1 381/675/1 373/657/1 372/654/1
f 383/680/5 382/678/5 375/661/5 376/664/5
f 384/681/25 383/680/25 376/664/25 377/666/25
f 385/682/13 384/681/13 377/666/13 378/668/13
f 386/684/14 385/683/14 378/669/14 379/671/14
f 387/686/15 386/685/15 379/672/15 380/674/15
f 388/687/20 387/686/20 380/674/20 381/676/20
f 382/679/17 388/688/17 381/677/17 375/662/17
f 396/700/18 397/703/18 390/691/18 389/689/18
f 397/703/21 398/705/21 391/692/21 390/691/21
f 398/706/22 399/708/22 392/694/22 391/693/22
f 399/709/4 400/711/4 393/696/4 392/695/4
f 400/711/23 401/713/23 394/697/23 393/696/23
f 401/714/24 402/716/24 395/699/24 394/698/24
f 402/716/19 396/701/19 389/690/19 395/699/19
f 404/721/1 403/718/1 400/712/1 399/710/1
f 405/723/1 404/721/1 399/710/1 398/707/1
f 406/725/1 405/723/1 398/707/1 397/704/1
f 407/728/1 406/725/1 397/704/1 396/702/1
f 408/731/1 407/728/1 396/702/1 402/717/1
f 409/733/1 408/731/1 402/717/1 401/715/1
f 403/718/1 409/733/1 401/715/1 400/712/1
f 411/738/5 410/736/5 403/719/5 404/722/5
f 412/739/25 411/738/25 404/722/25 405/724/25
f 413/740/13 412/739/13 405/724/13 406/726/13
f 414/742/14 413/741/14 406/727/14 407/729/14
f 415/744/15 414/743/15 407/730/15 408/732/15
f 416/745/20 415/744/20 408/732/20 409/734/20
f 410/737/17 416/746/17 409/735/17 403/720/17
f 424/758/18 425/761/18 418/749/18 417/747/18
f 425/761/7 426/763/7 419/750/7 418/749/7
f 426/764/8 427/766/8 420/752/8 419/751/8
f 427/767/4 428/769/4 421/754/4 420/753/4
f 428/769/9 429/771/9 422/755/9 421/754/9
f 429/772/10 430/774/10 423/757/10 422/756/10
f 430/774/11 424/759/11 417/748/11 423/757/11
f 432/779/1 431/776/1 428/770/1 427/768/1
f 433/781/1 432/779/1 427/768/1 426/765/1
f 434/783/1 433/781/1 426/765/1 425/762/1
f 435/786/1 434/783/1 425/762/1 424/760/1
f 436/789/1 435/786/1 424/760/1 430/775/1
f 437/791/1 436/789/1 430/775/1 429/773/1
f 431/776/1 437/791/1 429/773/1 428/770/1
f 439/796/5 438/794/5 431/777/5 432/780/5
f 440/797/27 439/796/27 432/780/27 433/782/27
f 441/798/13 440/797/13 433/782/13 434/784/13
f 442/800/14 441/799/14 434/785/14 435/787/14
f 443/802/15 442/801/15 435/788/15 436/790/15
f 444/803/20 443/802/20 436/790/20 437/792/20
f 438/795/26 444/804/26 437/793/26 431/778/26
f 452/816/18 453/819/18 446/807/18 445/805/18
f 453/819/7 454/821/7 447/808/7 446/807/7
f 454/822/8 455/824/8 448/810/8 447/809/8
f 455/825/4 456/827/4 449/812/4 448/811/4
f 456/827/9 457/829/9 450/813/9 449/812/9
f 457/830/10 458/832/10 451/815/10 450/814/10
f 458/832/19 452/817/19 445/806/19 451/815/19
f 460/837/1 459/834/1 456/828/1 455/826/1
f 461/839/1 460/837/1 455/826/1 454/823/1
f 462/841/1 461/839/1 454/823/1 453/820/1
f 463/844/1 462/841/1 453/820/1 452/818/1
f 464/847/1 463/844/1 452/818/1 458/833/1
f 465/849/1 464/847/1 458/833/1 457/831/1
f 459/834/1 465/849/1 457/831/1 456/828/1
f 467/854/5 466/852/5 459/835/5 460/838/5
f 468/855/27 467/854/27 460/838/27 461/840/27
f 469/856/28 468/855/28 461/840/28 462/842/28
f 470/858/14 469/857/14 462/843/14 463/845/14
f 471/860/15 470/859/15 463/846/15 464/848/15
f 472/861/20 471/860/20 464/848/20 465/850/20
f 466/853/26 472/862/26 465/851/26 459/836/26
f 480/874/6 481/877/6 474/865/6 473/863/6
f 481/877/7 482/879/7 475/866/7 474/865/7
f 482/880/8 483/882/8 476/868/8 475/867/8
f 483/883/4 484/885/4 477/870/4 476/869/4
f 484/885/9 485/887/9 478/871/9 477/870/9
f 485/888/10 486/890/10 479/873/10 478/872/10
f 486/890/11 480/875/11 473/864/11 479/873/11
f 488/895/1 487/892/1 484/886/1 483/884/1
f 489/897/1 488/895/1 483/884/1 482/881/1
f 490/899/1 489/897/1 482/881/1 481/878/1
f 491/902/1 490/899/1 481/878/1 480/876/1
f 492/905/1 491/902/1 480/876/1 486/891/1
f 493/907/1 492/905/1 486/891/1 485/889/1
f 487/892/1 493/907/1 485/889/1 484/886/1
f 495/912/5 494/910/5 487/893/5 488/896/5
f 496/913/27 495/912/27 488/896/27 489/898/27
f 497/914/28 496/913/28 489/898/28 490/900/28
f 498/916/14 497/915/14 490/901/14 491/903/14
f 499/918/15 498/917/15 491/904/15 492/906/15
f 500/919/20 499/918/20 492/906/20 493/908/20
f 494/911/26 500/920/26 493/909/26 487/894/26
f 508/932/18 509/935/18 502/923/18 501/921/18
f 509/935/21 510/937/21 503/924/21 502/923/21
f 510/938/22 511/940/22 504/926/22 503/925/22
f 511/941/4 512/943/4 505/928/4 504/927/4
f 512/943/23 513/945/23 506/929/23 505/928/23
f 513/946/24 514/948/24 507/931/24 506/930/24
f 514/948/11 508/933/11 501/922/11 507/931/11
f 516/953/1 515/950/1 512/944/1 511/942/1
f 517/955/1 516/953/1 511/942/1 510/939/1
f 518/957/1 517/955/1 510/939/1 509/936/1
f 519/960/1 518/957/1 509/936/1 508/934/1
f 520/963/1 519/960/1 508/934/1 514/949/1
f 521/965/1 520/963/1 514/949/1 513/947/1
f 515/950/1 521/965/1 513/947/1 512/944/1
f 523/970/5 522/968/5 515/951/5 516/954/5
f 524/971/27 523/970/27 516/954/27 517/956/27
f 525/972/28 524/971/28 517/956/28 518/958/28
f 526/974/14 525/973/14 518/959/14 519/961/14
f 527/976/15 526/975/15 519/962/15 520/964/15
f 528/977/20 527/976/20 520/964/20 521/966/20
f 522/969/26 528/978/26 521/967/26 515/952/26
f 536/990/18 537/993/18 530/981/18 529/979/18
f 537/993/21 538/995/21 531/982/21 530/981/21
f 538/996/22 539/998/22 532/984/22 531/983/22
f 539/999/4 540/1001/4 533/986/4 532/985/4
f 540/1001/23 541/1003/23 534/987/23 533/986/23
f 541/1004/24 542/1006/24 535/989/24 534/988/24
f 542/1006/19 536/991/19 529/980/19 535/989/19
f 544/1011/1 543/1008/1 540/1002/1 539/1000/1
f 545/1013/1 544/1011/1 539/1000/1 538/997/1
f 546/1015/1 545/1013/1 538/997/1 537/994/1
f 547/1018/1 546/1015/1 537/994/1 536/992/1
f 548/1021/1 547/1018/1 536/992/1 542/1007/1
f 549/1023/1 548/1021/1 542/1007/1 541/1005/1
f 543/1008/1 549/1023/1 541/1005/1 540/1002/1
f 551/1028/5 550/1026/5 543/1009/5 544/1012/5
f 552/1029/27 551/1028/27 544/1012/27 545/1014/27
f 553/1030/13 552/1029/13 545/1014/13 546/1016/13
f 554/1032/14 553/1031/14 546/1017/14 547/1019/14
f 555/1034/15 554/1033/15 547/1020/15 548/1022/15
f 556/1035/20 555/1034/20 548/1022/20 549/1024/20
f 550/1027/26 556/1036/26 549/1025/26 543/1010/26
f 564/1048/18 565/1051/18 558/1039/18 557/1037/18
f 565/1051/21 566/1053/21 559/1040/21 558/1039/21
f 566/1054/22 567/1056/22 560/1042/22 559/1041/22
f 567/1057/4 568/1059/4 561/1044/4 560/1043/4
f 568/1059/23 569/1061/23 562/1045/23 561/1044/23
f 569/1062/24 570/1064/24 563/1047/24 562/1046/24
f 570/1064/19 564/1049/19 557/1038/19 563/1047/19
f 572/1069/1 571/1066/1 568/1060/1 567/1058/1
f 573/1071/1 572/1069/1 567/1058/1 566/1055/1
f 574/1073/1 573/1071/1 566/1055/1 565/1052/1
f 575/1076/1 574/1073/1 565/1052/1 564/1050/1
f 576/1079/1 575/1076/1 564/1050/1 570/1065/1
f 577/1081/1 576/1079/1 570/1065/1 569/1063/1
f 571/1066/1 577/1081/1 569/1063/1 568/1060/1
f 579/1086/5 578/1084/5 571/1067/5 572/1070/5
f 580/1087/12 579/1086/12 572/1070/12 573/1072/12
f 581/1088/13 580/1087/13 573/1072/13 574/1074/13
f 582/1090/14 581/1089/14 574/1075/14 575/1077/14
f 583/1092/15 582/1091/15 575/1078/15 576/1080/15
f 584/1093/20 583/1092/20 576/1080/20 577/1082/20
f 578/1085/26 584/1094/26 577/1083/26 571/1068/26
f 592/1106/18 593/1109/18 586/1097/18 585/1095/18
f 593/1109/21 594/1111/21 587/1098/21 586/1097/21
f 594/1112/22 595/1114/22 588/1100/22 587/1099/22
f 595/1115/4 596/1117/4 589/1102/4 588/1101/4
f 596/1117/23 597/1119/23 590/1103/23 589/1102/23
f 597/1120/24 598/1122/24 591/1105/24 590/1104/24
f 598/1122/19 592/1107/19 585/1096/19 591/1105/19
f 600/1127/1 599/1124/1 596/1118/1 595/1116/1
f 601/1129/1 600/1127/1 595/1116/1 594/1113/1
f 602/1131/1 601/1129/1 594/1113/1 593/1110/1
f 603/1134/1 602/1131/1 593/1110/1 592/1108/1
f 604/1137/1 603/1134/1 592/1108/1 598/1123/1
f 605/1139/1 604/1137/1 598/1123/1 597/1121/1
f 599/1124/1 605/1139/1 597/1121/1 596/1118/1
f 607/1144/5 606/1142/5 599/1125/5 600/1128/5
f 608/1145/12 607/1144/12 600/1128/12 601/1130/12
f 609/1146/13 608/1145/13 601/1130/13 602/1132/13
f 610/1148/14 609/1147/14 602/1133/14 603/1135/14
f 611/1150/15 610/1149/15 603/1136/15 604/1138/15
f 612/1151/20 611/1150/20 604/1138/20 605/1140/20
f 606/1143/26 612/1152/26 605/1141/26 599/1126/26
f 620/1164/18 621/1167/18 614/1155/18 613/1153/18
f 621/1167/7 622/1169/7 615/1156/7 614/1155/7
f 622/1170/29 623/1172/29 616/1158/29 615/1157/29
f 623/1173/4 624/1175/4 617/1160/4 616/1159/4
f 624/1175/30 625/1177/30 618/1161/30 617/1160/30
f 625/1178/31 626/1180/31 619/1163/31 618/1162/31
f 626/1180/11 620/1165/11 613/1154/11 619/1163/11
f 628/1185/1 627/1182/1 624/1176/1 623/1174/1
f 629/1187/1 628/1185/1 623/1174/1 622/1171/1
f 630/1189/1 629/1187/1 622/1171/1 621/1168/1
f 631/1192/1 630/1189/1 621/1168/1 620/1166/1
f 632/1195/1 631/1192/1 620/1166/1 626/1181/1
f 633/1197/1 632/1195/1 626/1181/1 625/1179/1
f 627/1182/1 633/1197/1 625/1179/1 624/1176/1
f 635/1202/5 634/1200/5 627/1183/5 628/1186/5
f 636/1203/12 635/1202/12 628/1186/12 629/1188/12
f 637/1204/13 636/1203/13 629/1188/13 630/1190/13
f 638/1206/14 637/1205/14 630/1191/14 631/1193/14
f 639/1208/15 638/1207/15 631/1194/15 632/1196/15
f 640/1209/20 639/1208/20 632/1196/20 633/1198/20
f 634/1201/32 640/1210/32 633/1199/32 627/1184/32
f 648/1222/18 649/1225/18 642/1213/18 641/1211/18
f 649/1225/7 650/1227/7 643/1214/7 642/1213/7
f 650/1228/29 651/1230/29 644/1216/29 643/1215/29
f 651/1231/4 652/1233/4 645/1218/4 644/1217/4
f 652/1233/30 653/1235/30 646/1219/30 645/1218/30
f 653/1236/31 654/1238/31 647/1221/31 646/1220/31
f 654/1238/19 648/1223/19 641/1212/19 647/1221/19
f 656/1243/1 655/1240/1 652/1234/1 651/1232/1
f 657/1245/1 656/1243/1 651/1232/1 650/1229/1
f 658/1247/1 657/1245/1 650/1229/1 649/1226/1
f 659/1250/1 658/1247/1 649/1226/1 648/1224/1
f 660/1253/1 659/1250/1 648/1224/1 654/1239/1
f 661/1255/1 660/1253/1 654/1239/1 653/1237/1
f 655/1240/1 661/1255/1 653/1237/1 652/1234/1
f 663/1260/5 662/1258/5 655/1241/5 656/1244/5
f 664/1261/12 663/1260/12 656/1244/12 657/1246/12
f 665/1262/13 664/1261/13 657/1246/13 658/1248/13
f 666/1264/14 665/1263/14 658/1249/14 659/1251/14
f 667/1266/15 666/1265/15 659/1252/15 660/1254/15
f 668/1267/16 667/1266/16 660/1254/16 661/1256/16
f 662/1259/32 668/1268/32 661/1257/32 655/1242/32
f 676/1280/6 677/1283/6 670/1271/6 669/1269/6
f 677/1283/7 678/1285/7 671/1272/7 670/1271/7
f 678/1286/29 679/1288/29 672/1274/29 671/1273/29
f 679/1289/4 680/1291/4 673/1276/4 672/1275/4
f 680/1291/30 681/1293/30 674/1277/30 673/1276/30
f 681/1294/31 682/1296/31 675/1279/31 674/1278/31
f 682/1296/11 676/1281/11 669/1270/11 675/1279/11
f 684/1301/1 683/1298/1 680/1292/1 679/1290/1
f 685/1303/1 684/1301/1 679/1290/1 678/1287/1
f 686/1305/1 685/1303/1 678/1287/1 677/1284/1
f 687/1308/1 686/1305/1 677/1284/1 676/1282/1
f 688/1311/1 687/1308/1 676/1282/1 682/1297/1
f 689/1313/1 688/1311/1 682/1297/1 681/1295/1
f 683/1298/1 689/1313/1 681/1295/1 680/1292/1
f 691/1318/5 690/1316/5 683/1299/5 684/1302/5
f 692/1319/12 691/1318/12 684/1302/12 685/1304/12
f 693/1320/13 692/1319/13 685/1304/13 686/1306/13
f 694/1322/14 693/1321/14 686/1307/14 687/1309/14
f 695/1324/15 694/1323/15 687/1310/15 688/1312/15
f 696/1325/16 695/1324/16 688/1312/16 689/1314/16
f 690/1317/32 696/1326/32 689/1315/32 683/1300/32
f 704/1338/18 705/1341/18 698/1329/18 697/1327/18
f 705/1341/21 706/1343/21 699/1330/21 698/1329/21
f 706/1344/33 707/1346/33 700/1332/33 699/1331/33
f 707/1347/4 708/1349/4 701/1334/4 700/1333/4
f 708/1349/34 709/1351/34 702/1335/34 701/1334/34
f 709/1352/35 710/1354/35 703/1337/35 702/1336/35
f 710/1354/11 704/1339/11 697/1328/11 703/1337/11
f 712/1359/1 711/1356/1 708/1350/1 707/1348/1
f 713/1361/1 712/1359/1 707/1348/1 706/1345/1
f 714/1363/1 713/1361/1 706/1345/1 705/1342/1
f 715/1366/1 714/1363/1 705/1342/1 704/1340/1
f 716/1369/1 715/1366/1 704/1340/1 710/1355/1
f 717/1371/1 716/1369/1 710/1355/1 709/1353/1
f 711/1356/1 717/1371/1 709/1353/1 708/1350/1
f 719/1376/5 718/1374/5 711/1357/5 712/1360/5
f 720/1377/12 719/1376/12 712/1360/12 713/1362/12
f 721/1378/13 720/1377/13 713/1362/13 714/1364/13
f 722/1380/14 721/1379/14 714/1365/14 715/1367/14
f 723/1382/15 722/1381/15 715/1368/15 716/1370/15
f 724/1383/16 723/1382/16 716/1370/16 717/1372/16
f 718/1375/32 724/1384/32 717/1373/32 711/1358/32
f 732/1396/18 733/1399/18 726/1387/18 725/1385/18
f 733/1399/21 734/1401/21 727/1388/21 726/1387/21
f 734/1402/33 735/1404/33 728/1390/33 727/1389/33
f 735/1405/4 736/1407/4 729/1392/4 728/1391/4
f 736/1407/34 737/1409/34 730/1393/34 729/1392/34
f 737/1410/35 738/1412/35 731/1395/35 730/1394/35
f 738/1412/19 732/1397/19 725/1386/19 731/1395/19
f 740/1417/1 739/1414/1 736/1408/1 735/1406/1
f 741/1419/1 740/1417/1 735/1406/1 734/1403/1
f 742/1421/1 741/1419/1 734/1403/1 733/1400/1
f 743/1424/1 742/1421/1 733/1400/1 732/1398/1
f 744/1427/1 743/1424/1 732/1398/1 738/1413/1
f 745/1429/1 744/1427/1 738/1413/1 737/1411/1
f 739/1414/1 745/1429/1 737/1411/1 736/1408/1
f 747/1434/5 746/1432/5 739/1415/5 740/1418/5
f 748/1435/12 747/1434/12 740/1418/12 741/1420/12
f 749/1436/13 748/1435/13 741/1420/13 742/1422/13
f 750/1438/14 749/1437/14 742/1423/14 743/1425/14
f 751/1440/15 750/1439/15 743/1426/15 744/1428/15
f 752/1441/20 751/1440/20 744/1428/20 745/1430/20
f 746/1433/32 752/1442/32 745/1431/32 739/1416/32
f 760/1454/18 761/1457/18 754/1445/18 753/1443/18
f 761/1457/21 762/1459/21 755/1446/21 754/1445/21
f 762/1460/33 763/1462/33 756/1448/33 755/1447/33
f 763/1463/4 764/1465/4 757/1450/4 756/1449/4
f 764/1465/34 765/1467/34 758/1451/34 757/1450/34
f 765/1468/35 766/1470/35 759/1453/35 758/1452/35
f 766/1470/19 760/1455/19 753/1444/19 759/1453/19
f 768/1475/1 767/1472/1 764/1466/1 763/1464/1
f 769/1477/1 768/1475/1 763/1464/1 762/1461/1
f 770/1479/1 769/1477/1 762/1461/1 761/1458/1
f 771/1482/1 770/1479/1 761/1458/1 760/1456/1
f 772/1485/1 771/1482/1 760/1456/1 766/1471/1
f 773/1487/1 772/1485/1 766/1471/1 765/1469/1
f 767/1472/1 773/1487/1 765/1469/1 764/1466/1
f 775/1492/5 774/1490/5 767/1473/5 768/1476/5
f 776/1493/12 775/1492/12 768/1476/12 769/1478/12
f 777/1494/13 776/1493/13 769/1478/13 770/1480/13
f 778/1496/14 777/1495/14 770/1481/14 771/1483/14
f 779/1498/15 778/1497/15 771/1484/15 772/1486/15
f 780/1499/20 779/1498/20 772/1486/20 773/1488/20
f 774/1491/32 780/1500/32 773/1489/32 767/1474/32
f 788/1512/18 789/1515/18 782/1503/18 781/1501/18
f 789/1515/21 790/1517/21 783/1504/21 782/1503/21
f 790/1518/33 791/1520/33 784/1506/33 783/1505/33
f 791/1521/4 792/1523/4 785/1508/4 784/1507/4
f 792/1523/34 793/1525/34 786/1509/34 785/1508/34
f 793/1526/35 794/1528/35 787/1511/35 786/1510/35
f 794/1528/19 788/1513/19 781/1502/19 787/1511/19
f 796/1533/1 795/1530/1 792/1524/1 791/1522/1
f 797/1535/1 796/1533/1 791/1522/1 790/1519/1
f 798/1537/1 797/1535/1 790/1519/1 789/1516/1
f 799/1540/1 798/1537/1 789/1516/1 788/1514/1
f 800/1543/1 799/1540/1 788/1514/1 794/1529/1
f 801/1545/1 800/1543/1 794/1529/1 793/1527/1
f 795/1530/1 801/1545/1 793/1527/1 792/1524/1
f 803/1550/5 802/1548/5 795/1531/5 796/1534/5
f 804/1551/12 803/1550/12 796/1534/12 797/1536/12
f 805/1552/13 804/1551/13 797/1536/13 798/1538/13
f 806/1554/14 805/1553/14 798/1539/14 799/1541/14
f 807/1556/15 806/1555/15 799/1542/15 800/1544/15
f 808/1557/20 807/1556/20 800/1544/20 801/1546/20
f 802/1549/32 808/1558/32 801/1547/32 795/1532/32
f 816/1570/18 817/1573/18 810/1561/18 809/1559/18
f 817/1573/36 818/1575/36 811/1562/36 810/1561/36
f 818/1576/29 819/1578/29 812/1564/29 811/1563/29
f 819/1579/4 820/1581/4 813/1566/4 812/1565/4
f 820/1581/30 821/1583/30 814/1567/30 813/1566/30
f 821/1584/10 822/1586/10 815/1569/10 814/1568/10
f 822/1586/11 816/1571/11 809/1560/11 815/1569/11
f 824/1591/1 823/1588/1 820/1582/1 819/1580/1
f 825/1593/1 824/1591/1 819/1580/1 818/1577/1
f 826/1595/1 825/1593/1 818/1577/1 817/1574/1
f 827/1598/1 826/1595/1 817/1574/1 816/1572/1
f 828/1601/1 827/1598/1 816/1572/1 822/1587/1
f 829/1603/1 828/1601/1 822/1587/1 821/1585/1
f 823/1588/1 829/1603/1 821/1585/1 820/1582/1
f 831/1608/5 830/1606/5 823/1589/5 824/1592/5
f 832/1609/25 831/1608/25 824/1592/25 825/1594/25
f 833/1610/13 832/1609/13 825/1594/13 826/1596/13
f 834/1612/14 833/1611/14 826/1597/14 827/1599/14
f 835/1614/15 834/1613/15 827/1600/15 828/1602/15
f 836/1615/20 835/1614/20 828/1602/20 829/1604/20
f 830/1607/26 836/1616/26 829/1605/26 823/1590/26
f 844/1628/6 845/1631/6 838/1619/6 837/1617/6
f 845/1631/7 846/1633/7 839/1620/7 838/1619/7
f 846/1634/29 847/1636/29 840/1622/29 839/1621/29
f 847/1637/4 848/1639/4 841/1624/4 840/1623/4
f 848/1639/30 849/1641/30 842/1625/30 841/1624/30
f 849/1642/31 850/1644/31 843/1627/31 842/1626/31
f 850/1644/11 844/1629/11 837/1618/11 843/1627/11
f 852/1649/1 851/1646/1 848/1640/1 847/1638/1
f 853/1651/1 852/1649/1 847/1638/1 846/1635/1
f 854/1653/1 853/1651/1 846/1635/1 845/1632/1
f 855/1656/1 854/1653/1 845/1632/1 844/1630/1
f 856/1659/1 855/1656/1 844/1630/1 850/1645/1
f 857/1661/1 856/1659/1 850/1645/1 849/1643/1
f 851/1646/1 857/1661/1 849/1643/1 848/1640/1
f 859/1666/5 858/1664/5 851/1647/5 852/1650/5
f 860/1667/25 859/1666/25 852/1650/25 853/1652/25
f 861/1668/13 860/1667/13 853/1652/13 854/1654/13
f 862/1670/14 861/1669/14 854/1655/14 855/1657/14
f 863/1672/15 862/1671/15 855/1658/15 856/1660/15
f 864/1673/20 863/1672/20 856/1660/20 857/1662/20
f 858/1665/26 864/1674/26 857/1663/26 851/1648/26
f 872/1686/6 873/1689/6 866/1677/6 865/1675/6
f 873/1689/7 874/1691/7 867/1678/7 866/1677/7
f 874/1692/8 875/1694/8 868/1680/8 867/1679/8
f 875/1695/4 876/1697/4 869/1682/4 868/1681/4
f 876/1697/9 877/1699/9 870/1683/9 869/1682/9
f 877/1700/10 878/1702/10 871/1685/10 870/1684/10
f 878/1702/11 872/1687/11 865/1676/11 871/1685/11
f 880/1707/1 879/1704/1 876/1698/1 875/1696/1
f 881/1709/1 880/1707/1 875/1696/1 874/1693/1
f 882/1711/1 881/1709/1 874/1693/1 873/1690/1
f 883/1714/1 882/1711/1 873/1690/1 872/1688/1
f 884/1717/1 883/1714/1 872/1688/1 878/1703/1
f 885/1719/1 884/1717/1 878/1703/1 877/1701/1
f 879/1704/1 885/1719/1 877/1701/1 876/1698/1
f 887/1724/5 886/1722/5 879/1705/5 880/1708/5
f 888/1725/25 887/1724/25 880/1708/25 881/1710/25
f 889/1726/13 888/1725/13 881/1710/13 882/1712/13
f 890/1728/14 889/1727/14 882/1713/14 883/1715/14
f 891/1730/15 890/1729/15 883/1716/15 884/1718/15
f 892/1731/16 891/1730/16 884/1718/16 885/1720/16
f 886/1723/32 892/1732/32 885/1721/32 879/1706/32
f 900/1744/18 901/1747/18 894/1735/18 893/1733/18
f 901/1747/7 902/1749/7 895/1736/7 894/1735/7
f 902/1750/8 903/1752/8 896/1738/8 895/1737/8
f 903/1753/4 904/1755/4 897/1740/4 896/1739/4
f 904/1755/9 905/1757/9 898/1741/9 897/1740/9
f 905/1758/10 906/1760/10 899/1743/10 898/1742/10
f 906/1760/19 900/1745/19 893/1734/19 899/1743/19
f 908/1765/1 907/1762/1 904/1756/1 903/1754/1
f 909/1767/1 908/1765/1 903/1754/1 902/1751/1
f 910/1769/1 909/1767/1 902/1751/1 901/1748/1
f 911/1772/1 910/1769/1 901/1748/1 900/1746/1
f 912/1775/1 911/1772/1 900/1746/1 906/1761/1
f 913/1777/1 912/1775/1 906/1761/1 905/1759/1
f 907/1762/1 913/1777/1 905/1759/1 904/1756/1
f 915/1782/5 914/1780/5 907/1763/5 908/1766/5
f 916/1783/25 915/1782/25 908/1766/25 909/1768/25
f 917/1784/13 916/1783/13 909/1768/13 910/1770/13
f 918/1786/14 917/1785/14 910/1771/14 911/1773/14
f 919/1788/15 918/1787/15 911/1774/15 912/1776/15
f 920/1789/16 919/1788/16 912/1776/16 913/1778/16
f 914/1781/32 920/1790/32 913/1779/32 907/1764/32
f 928/1802/18 929/1805/18 922/1793/18 921/1791/18
f 929/1805/7 930/1807/7 923/1794/7 922/1793/7
f 930/1808/29 931/1810/29 924/1796/29 923/1795/29
f 931/1811/4 932/1813/4 925/1798/4 924/1797/4
f 932/1813/30 933/1815/30 926/1799/30 925/1798/30
f 933/1816/31 934/1818/31 927/1801/31 926/1800/31
f 934/1818/11 928/1803/11 921/1792/11 927/1801/11
f 936/1823/1 935/1820/1 932/1814/1 931/1812/1
f 937/1825/1 936/1823/1 931/1812/1 930/1809/1
f 938/1827/1 937/1825/1 930/1809/1 929/1806/1
f 939/1830/1 938/1827/1 929/1806/1 928/1804/1
f 940/1833/1 939/1830/1 928/1804/1 934/1819/1
f 941/1835/1 940/1833/1 934/1819/1 933/1817/1
f 935/1820/1 941/1835/1 933/1817/1 932/1814/1
f 943/1840/5 942/1838/5 935/1821/5 936/1824/5
f 944/1841/25 943/1840/25 936/1824/25 937/1826/25
f 945/1842/13 944/1841/13 937/1826/13 938/1828/13
f 946/1844/14 945/1843/14 938/1829/14 939/1831/14
f 947/1846/15 946/1845/15 939/1832/15 940/1834/15
f 948/1847/20 947/1846/20 940/1834/20 941/1836/20
f 942/1839/26 948/1848/26 941/1837/26 935/1822/26
f 956/1860/18 957/1863/18 950/1851/18 949/1849/18
f 957/1863/36 958/1865/36 951/1852/36 950/1851/36
f 958/1866/29 959/1868/29 952/1854/29 951/1853/29
f 959/1869/4 960/1871/4 953/1856/4 952/1855/4
f 960/1871/30 961/1873/30 954/1857/30 953/1856/30
f 961/1874/10 962/1876/10 955/1859/10 954/1858/10
f 962/1876/11 956/1861/11 949/1850/11 955/1859/11
f 964/1881/1 963/1878/1 960/1872/1 959/1870/1
f 965/1883/1 964/1881/1 959/1870/1 958/1867/1
f 966/1885/1 965/1883/1 958/1867/1 957/1864/1
f 967/1888/1 966/1885/1 957/1864/1 956/1862/1
f 968/1891/1 967/1888/1 956/1862/1 962/1877/1
f 969/1893/1 968/1891/1 962/1877/1 961/1875/1
f 963/1878/1 969/1893/1 961/1875/1 960/1872/1
f 971/1898/5 970/1896/5 963/1879/5 964/1882/5
f 972/1899/25 971/1898/25 964/1882/25 965/1884/25
f 973/1900/13 972/1899/13 965/1884/13 966/1886/13
f 974/1902/14 973/1901/14 966/1887/14 967/1889/14
f 975/1904/15 974/1903/15 967/1890/15 968/1892/15
f 976/1905/20 975/1904/20 968/1892/20 969/1894/20
f 970/1897/26 976/1906/26 969/1895/26 963/1880/26
f 984/1918/18 985/1921/18 978/1909/18 977/1907/18
f 985/1921/36 986/1923/36 979/1910/36 978/1909/36
f 986/1924/29 987/1926/29 980/1912/29 979/1911/29
f 987/1927/4 988/1929/4 981/1914/4 980/1913/4
f 988/1929/30 989/1931/30 982/1915/30 981/1914/30
f 989/1932/10 990/1934/10 983/1917/10 982/1916/10
f 990/1934/11 984/1919/11 977/1908/11 983/1917/11
f 992/1939/1 991/1936/1 988/1930/1 987/1928/1
f 993/1941/1 992/1939/1 987/1928/1 986/1925/1
f 994/1943/1 993/1941/1 986/1925/1 985/1922/1
f 995/1946/1 994/1943/1 985/1922/1 984/1920/1
f 996/1949/1 995/1946/1 984/1920/1 990/1935/1
f 997/1951/1 996/1949/1 990/1935/1 989/1933/1
f 991/1936/1 997/1951/1 989/1933/1 988/1930/1
f 999/1956/5 998/1954/5 991/1937/5 992/1940/5
f 1000/1957/25 999/1956/25 992/1940/25 993/1942/25
f 1001/1958/13 1000/1957/13 993/1942/13 994/1944/13
f 1002/1960/14 1001/1959/14 994/1945/14 995/1947/14
f 1003/1962/15 1002/1961/15 995/1948/15 996/1950/15
f 1004/1963/20 1003/1962/20 996/1950/20 997/1952/20
f 998/1955/26 1004/1964/26 997/1953/26 991/1938/26
f 1012/1976/6 1013/1979/6 1006/1967/6 1005/1965/6
f 1013/1979/7 1014/1981/7 1007/1968/7 1006/1967/7
f 1014/1982/29 1015/1984/29 1008/1970/29 1007/1969/29
f 1015/1985/4 1016/1987/4 1009/1972/4 1008/1971/4
f 1016/1987/30 1017/1989/30 1010/1973/30 1009/1972/30
f 1017/1990/31 1018/1992/31 1011/1975/31 1010/1974/31
f 1018/1992/11 1012/1977/11 1005/1966/11 1011/1975/11
f 1020/1997/1 1019/1994/1 1016/1988/1 1015/1986/1
f 1021/1999/1 1020/1997/1 1015/1986/1 1014/1983/1
f 1022/2001/1 1021/1999/1 1014/1983/1 1013/1980/1
f 1023/2004/1 1022/2001/1 1013/1980/1 1012/1978/1
f 1024/2007/1 1023/2004/1 1012/1978/1 1018/1993/1
f 1025/2009/1 1024/2007/1 1018/1993/1 1017/1991/1
f 1019/1994/1 1025/2009/1 1017/1991/1 1016/1988/1
f 1027/2014/5 1026/2012/5 1019/1995/5 1020/1998/5
f 1028/2015/25 1027/2014/25 1020/1998/25 1021/2000/25
f 1029/2016/13 1028/2015/13 1021/2000/13 1022/2002/13
f 1030/2018/14 1029/2017/14 1022/2003/14 1023/2005/14
f 1031/2020/15 1030/2019/15 1023/2006/15 1024/2008/15
f 1032/2021/20 1031/2020/20 1024/2008/20 1025/2010/20
f 1026/2013/26 1032/2022/26 1025/2011/26 1019/1996/26
f 1040/2034/6 1041/2037/6 1034/2025/6 1033/2023/6
f 1041/2037/7 1042/2039/7 1035/2026/7 1034/2025/7
f 1042/2040/8 1043/2042/8 1036/2028/8 1035/2027/8
f 1043/2043/4 1044/2045/4 1037/2030/4 1036/2029/4
f 1044/2045/9 1045/2047/9 1038/2031/9 1037/2030/9
f 1045/2048/10 1046/2050/10 1039/2033/10 1038/2032/10
f 1046/2050/11 1040/2035/11 1033/2024/11 1039/2033/11
f 1048/2055/1 1047/2052/1 1044/2046/1 1043/2044/1
f 1049/2057/1 1048/2055/1 1043/2044/1 1042/2041/1
f 1050/2059/1 1049/2057/1 1042/2041/1 1041/2038/1
f 1051/2062/1 1050/2059/1 1041/2038/1 1040/2036/1
f 1052/2065/1 1051/2062/1 1040/2036/1 1046/2051/1
f 1053/2067/1 1052/2065/1 1046/2051/1 1045/2049/1
f 1047/2052/1 1053/2067/1 1045/2049/1 1044/2046/1
f 1055/2072/5 1054/2070/5 1047/2053/5 1048/2056/5
f 1056/2073/25 1055/2072/25 1048/2056/25 1049/2058/25
f 1057/2074/13 1056/2073/13 1049/2058/13 1050/2060/13
f 1058/2076/14 1057/2075/14 1050/2061/14 1051/2063/14
f 1059/2078/15 1058/2077/15 1051/2064/15 1052/2066/15
f 1060/2079/16 1059/2078/16 1052/2066/16 1053/2068/16
f 1054/2071/32 1060/2080/32 1053/2069/32 1047/2054/32
f 1068/2092/18 1069/2095/18 1062/2083/18 1061/2081/18
f 1069/2095/36 1070/2097/36 1063/2084/36 1062/2083/36
f 1070/2098/29 1071/2100/29 1064/2086/29 1063/2085/29
f 1071/2101/4 1072/2103/4 1065/2088/4 1064/2087/4
f 1072/2103/30 1073/2105/30 1066/2089/30 1065/2088/30
f 1073/2106/10 1074/2108/10 1067/2091/10 1066/2090/10
f 1074/2108/11 1068/2093/11 1061/2082/11 1067/2091/11
f 1076/2113/1 1075/2110/1 1072/2104/1 1071/2102/1
f 1077/2115/1 1076/2113/1 1071/2102/1 1070/2099/1
f 1078/2117/1 1077/2115/1 1070/2099/1 1069/2096/1
f 1079/2120/1 1078/2117/1 1069/2096/1 1068/2094/1
f 1080/2123/1 1079/2120/1 1068/2094/1 1074/2109/1
f 1081/2125/1 1080/2123/1 1074/2109/1 1073/2107/1
f 1075/2110/1 1081/2125/1 1073/2107/1 1072/2104/1
f 1083/2130/5 1082/2128/5 1075/2111/5 1076/2114/5
f 1084/2131/27 1083/2130/27 1076/2114/27 1077/2116/27
f 1085/2132/28 1084/2131/28 1077/2116/28 1078/2118/28
f 1086/2134/14 1085/2133/14 1078/2119/14 1079/2121/14
f 1087/2136/15 1086/2135/15 1079/2122/15 1080/2124/15
f 1088/2137/16 1087/2136/16 1080/2124/16 1081/2126/16
f 1082/2129/26 1088/2138/26 1081/2127/26 1075/2112/26
f 1096/2150/6 1097/2153/6 1090/2141/6 1089/2139/6
f 1097/2153/7 1098/2155/7 1091/2142/7 1090/2141/7
f 1098/2156/29 1099/2158/29 1092/2144/29 1091/2143/29
f 1099/2159/4 1100/2161/4 1093/2146/4 1092/2145/4
f 1100/2161/30 1101/2163/30 1094/2147/30 1093/2146/30
f 1101/2164/31 1102/2166/31 1095/2149/31 1094/2148/31
f 1102/2166/11 1096/2151/11 1089/2140/11 1095/2149/11
f 1104/2171/1 1103/2168/1 1100/2162/1 1099/2160/1
f 1105/2173/1 1104/2171/1 1099/2160/1 1098/2157/1
f 1106/2175/1 1105/2173/1 1098/2157/1 1097/2154/1
f 1107/2178/1 1106/2175/1 1097/2154/1 1096/2152/1
f 1108/2181/1 1107/2178/1 1096/2152/1 1102/2167/1
f 1109/2183/1 1108/2181/1 1102/2167/1 1101/2165/1
f 1103/2168/1 1109/2183/1 1101/2165/1 1100/2162/1
f 1111/2188/5 1110/2186/5 1103/2169/5 1104/2172/5
f 1112/2189/25 1111/2188/25 1104/2172/25 1105/2174/25
f 1113/2190/13 1112/2189/13 1105/2174/13 1106/2176/13
f 1114/2192/14 1113/2191/14 1106/2177/14 1107/2179/14
f 1115/2194/15 1114/2193/15 1107/2180/15 1108/2182/15
f 1116/2195/16 1115/2194/16 1108/2182/16 1109/2184/16
f 1110/2187/32 1116/2196/32 1109/2185/32 1103/2170/32
f 1124/2208/6 1125/2211/6 1118/2199/6 1117/2197/6
f 1125/2211/7 1126/2213/7 1119/2200/7 1118/2199/7
f 1126/2214/8 1127/2216/8 1120/2202/8 1119/2201/8
f 1127/2217/4 1128/2219/4 1121/2204/4 1120/2203/4
f 1128/2219/9 1129/2221/9 1122/2205/9 1121/2204/9
f 1129/2222/10 1130/2224/10 1123/2207/10 1122/2206/10
f 1130/2224/11 1124/2209/11 1117/2198/11 1123/2207/11
f 1132/2229/1 1131/2226/1 1128/2220/1 1127/2218/1
f 1133/2231/1 1132/2229/1 1127/2218/1 1126/2215/1
f 1134/2233/1 1133/2231/1 1126/2215/1 1125/2212/1
f 1135/2236/1 1134/2233/1 1125/2212/1 1124/2210/1
f 1136/2239/1 1135/2236/1 1124/2210/1 1130/2225/1
f 1137/2241/1 1136/2239/1 1130/2225/1 1129/2223/1
f 1131/2226/1 1137/2241/1 1129/2223/1 1128/2220/1
f 1139/2246/5 1138/2244/5 1131/2227/5 1132/2230/5
f 1140/2247/25 1139/2246/25 1132/2230/25 1133/2232/25
f 1141/2248/13 1140/2247/13 1133/2232/13 1134/2234/13
f 1142/2250/14 1141/2249/14 1134/2235/14 1135/2237/14
f 1143/2252/15 1142/2251/15 1135/2238/15 1136/2240/15
f 1144/2253/16 1143/2252/16 1136/2240/16 1137/2242/16
f 1138/2245/32 1144/2254/32 1137/2243/32 1131/2228/32
f 1152/2266/18 1153/2269/18 1146/2257/18 1145/2255/18
f 1153/2269/7 1154/2271/7 1147/2258/7 1146/2257/7
f 1154/2272/8 1155/2274/8 1148/2260/8 1147/2259/8
f 1155/2275/4 1156/2277/4 1149/2262/4 1148/2261/4
f 1156/2277/9 1157/2279/9 1150/2263/9 1149/2262/9
f 1157/2280/10 1158/2282/10 1151/2265/10 1150/2264/10
f 1158/2282/19 1152/2267/19 1145/2256/19 1151/2265/19
f 1160/2287/1 1159/2284/1 1156/2278/1 1155/2276/1
f 1161/2289/1 1160/2287/1 1155/2276/1 1154/2273/1
f 1162/2291/1 1161/2289/1 1154/2273/1 1153/2270/1
f 1163/2294/1 1162/2291/1 1153/2270/1 1152/2268/1
f 1164/2297/1 1163/2294/1 1152/2268/1 1158/2283/1
f 1165/2299/1 1164/2297/1 1158/2283/1 1157/2281/1
f 1159/2284/1 1165/2299/1 1157/2281/1 1156/2278/1
f 1167/2304/5 1166/2302/5 1159/2285/5 1160/2288/5
f 1168/2305/25 1167/2304/25 1160/2288/25 1161/2290/25
f 1169/2306/13 1168/2305/13 1161/2290/13 1162/2292/13
f 1170/2308/14 1169/2307/14 1162/2293/14 1163/2295/14
f 1171/2310/15 1170/2309/15 1163/2296/15 1164/2298/15
f 1172/2311/16 1171/2310/16 1164/2298/16 1165/2300/16
f 1166/2303/32 1172/2312/32 1165/2301/32 1159/2286/32
f 1180/2324/18 1181/2327/18 1174/2315/18 1173/2313/18
f 1181/2327/7 1182/2329/7 1175/2316/7 1174/2315/7
f 1182/2330/29 1183/2332/29 1176/2318/29 1175/2317/29
f 1183/2333/4 1184/2335/4 1177/2320/4 1176/2319/4
f 1184/2335/30 1185/2337/30 1178/2321/30 1177/2320/30
f 1185/2338/31 1186/2340/31 1179/2323/31 1178/2322/31
f 1186/2340/11 1180/2325/11 1173/2314/11 1179/2323/11
f 1188/2345/1 1187/2342/1 1184/2336/1 1183/2334/1
f 1189/2347/1 1188/2345/1 1183/2334/1 1182/2331/1
f 1190/2349/1 1189/2347/1 1182/2331/1 1181/2328/1
f 1191/2352/1 1190/2349/1 1181/2328/1 1180/2326/1
f 1192/2355/1 1191/2352/1 1180/2326/1 1186/2341/1
f 1193/2357/1 1192/2355/1 1186/2341/1 1185/2339/1
f 1187/2342/1 1193/2357/1 1185/2339/1 1184/2336/1
f 1195/2362/5 1194/2360/5 1187/2343/5 1188/2346/5
f 1196/2363/25 1195/2362/25 1188/2346/25 1189/2348/25
f 1197/2364/13 1196/2363/13 1189/2348/13 1190/2350/13
f 1198/2366/14 1197/2365/14 1190/2351/14 1191/2353/14
f 1199/2368/15 1198/2367/15 1191/2354/15 1192/2356/15
f 1200/2369/16 1199/2368/16 1192/2356/16 1193/2358/16
f 1194/2361/32 1200/2370/32 1193/2359/32 1187/2344/32
f 1208/2382/18 1209/2385/18 1202/2373/18 1201/2371/18
f 1209/2385/36 1210/2387/36 1203/2374/36 1202/2373/36
f 1210/2388/29 1211/2390/29 1204/2376/29 1203/2375/29
f 1211/2391/4 1212/2393/4 1205/2378/4 1204/2377/4
f 1212/2393/30 1213/2395/30 1206/2379/30 1205/2378/30
f 1213/2396/10 1214/2398/10 1207/2381/10 1206/2380/10
f 1214/2398/11 1208/2383/11 1201/2372/11 1207/2381/11
f 1216/2403/1 1215/2400/1 1212/2394/1 1211/2392/1
f 1217/2405/1 1216/2403/1 1211/2392/1 1210/2389/1
f 1218/2407/1 1217/2405/1 1210/2389/1 1209/2386/1
f 1219/2410/1 1218/2407/1 1209/2386/1 1208/2384/1
f 1220/2413/1 1219/2410/1 1208/2384/1 1214/2399/1
f 1221/2415/1 1220/2413/1 1214/2399/1 1213/2397/1
f 1215/2400/1 1221/2415/1 1213/2397/1 1212/2394/1
f 1223/2420/5 1222/2418/5 1215/2401/5 1216/2404/5
f 1224/2421/27 1223/2420/27 1216/2404/27 1217/2406/27
f 1225/2422/28 1224/2421/28 1217/2406/28 1218/2408/28
f 1226/2424/14 1225/2423/14 1218/2409/14 1219/2411/14
f 1227/2426/15 1226/2425/15 1219/2412/15 1220/2414/15
f 1228/2427/16 1227/2426/16 1220/2414/16 1221/2416/16
f 1222/2419/26 1228/2428/26 1221/2417/26 1215/2402/26
f 1236/2440/18 1237/2443/18 1230/2431/18 1229/2429/18
f 1237/2443/36 1238/2445/36 1231/2432/36 1230/2431/36
f 1238/2446/29 1239/2448/29 1232/2434/29 1231/2433/29
f 1239/2449/4 1240/2451/4 1233/2436/4 1232/2435/4
f 1240/2451/30 1241/2453/30 1234/2437/30 1233/2436/30
f 1241/2454/10 1242/2456/10 1235/2439/10 1234/2438/10
f 1242/2456/11 1236/2441/11 1229/2430/11 1235/2439/11
f 1244/2461/1 1243/2458/1 1240/2452/1 1239/2450/1
f 1245/2463/1 1244/2461/1 1239/2450/1 1238/2447/1
f 1246/2465/1 1245/2463/1 1238/2447/1 1237/2444/1
f 1247/2468/1 1246/2465/1 1237/2444/1 1236/2442/1
f 1248/2471/1 1247/2468/1 1236/2442/1 1242/2457/1
f 1249/2473/1 1248/2471/1 1242/2457/1 1241/2455/1
f 1243/2458/1 1249/2473/1 1241/2455/1 1240/2452/1
f 1251/2478/5 1250/2476/5 1243/2459/5 1244/2462/5
f 1252/2479/27 1251/2478/27 1244/2462/27 1245/2464/27
f 1253/2480/28 1252/2479/28 1245/2464/28 1246/2466/28
f 1254/2482/14 1253/2481/14 1246/2467/14 1247/2469/14
f 1255/2484/15 1254/2483/15 1247/2470/15 1248/2472/15
f 1256/2485/16 1255/2484/16 1248/2472/16 1249/2474/16
f 1250/2477/26 1256/2486/26 1249/2475/26 1243/2460/26
f 1264/2498/6 1265/2501/6 1258/2489/6 1257/2487/6
f 1265/2501/7 1266/2503/7 1259/2490/7 1258/2489/7
f 1266/2504/29 1267/2506/29 1260/2492/29 1259/2491/29
f 1267/2507/4 1268/2509/4 1261/2494/4 1260/2493/4
f 1268/2509/30 1269/2511/30 1262/2495/30 1261/2494/30
f 1269/2512/31 1270/2514/31 1263/2497/31 1262/2496/31
f 1270/2514/11 1264/2499/11 1257/2488/11 1263/2497/11
f 1272/2519/1 1271/2516/1 1268/2510/1 1267/2508/1
f 1273/2521/1 1272/2519/1 1267/2508/1 1266/2505/1
f 1274/2523/1 1273/2521/1 1266/2505/1 1265/2502/1
f 1275/2526/1 1274/2523/1 1265/2502/1 1264/2500/1
f 1276/2529/1 1275/2526/1 1264/2500/1 1270/2515/1
f 1277/2531/1 1276/2529/1 1270/2515/1 1269/2513/1
f 1271/2516/1 1277/2531/1 1269/2513/1 1268/2510/1
f 1279/2536/5 1278/2534/5 1271/2517/5 1272/2520/5
f 1280/2537/25 1279/2536/25 1272/2520/25 1273/2522/25
f 1281/2538/13 1280/2537/13 1273/2522/13 1274/2524/13
f 1282/2540/14 1281/2539/14 1274/2525/14 1275/2527/14
f 1283/2542/15 1282/2541/15 1275/2528/15 1276/2530/15
f 1284/2543/16 1283/2542/16 1276/2530/16 1277/2532/16
f 1278/2535/32 1284/2544/32 1277/2533/32 1271/2518/32
f 1292/2556/6 1293/2559/6 1286/2547/6 1285/2545/6
f 1293/2559/7 1294/2561/7 1287/2548/7 1286/2547/7
f 1294/2562/8 1295/2564/8 1288/2550/8 1287/2549/8
f 1295/2565/4 1296/2567/4 1289/2552/4 1288/2551/4
f 1296/2567/9 1297/2569/9 1290/2553/9 1289/2552/9
f 1297/2570/10 1298/2572/10 1291/2555/10 1290/2554/10
f 1298/2572/11 1292/2557/11 1285/2546/11 1291/2555/11
f 1300/2577/1 1299/2574/1 1296/2568/1 1295/2566/1
f 1301/2579/1 1300/2577/1 1295/2566/1 1294/2563/1
f 1302/2581/1 1301/2579/1 1294/2563/1 1293/2560/1
f 1303/2584/1 1302/2581/1 1293/2560/1 1292/2558/1
f 1304/2587/1 1303/2584/1 1292/2558/1 1298/2573/1
f 1305/2589/1 1304/2587/1 1298/2573/1 1297/2571/1
f 1299/2574/1 1305/2589/1 1297/2571/1 1296/2568/1
f 1307/2594/5 1306/2592/5 1299/2575/5 1300/2578/5
f 1308/2595/25 1307/2594/25 1300/2578/25 1301/2580/25
f 1309/2596/13 1308/2595/13 1301/2580/13 1302/2582/13
f 1310/2598/14 1309/2597/14 1302/2583/14 1303/2585/14
f 1311/2600/15 1310/2599/15 1303/2586/15 1304/2588/15
f 1312/2601/16 1311/2600/16 1304/2588/16 1305/2590/16
f 1306/2593/32 1312/2602/32 1305/2591/32 1299/2576/32
f 1320/2614/6 1321/2617/6 1314/2605/6 1313/2603/6
f 1321/2617/36 1322/2619/36 1315/2606/36 1314/2605/36
f 1322/2620/29 1323/2622/29 1316/2608/29 1315/2607/29
f 1323/2623/4 1324/2625/4 1317/2610/4 1316/2609/4
f 1324/2625/30 1325/2627/30 1318/2611/30 1317/2610/30
f 1325/2628/10 1326/2630/10 1319/2613/10 1318/2612/10
f 1326/2630/11 1320/2615/11 1313/2604/11 1319/2613/11
f 1328/2635/1 1327/2632/1 1324/2626/1 1323/2624/1
f 1329/2637/1 1328/2635/1 1323/2624/1 1322/2621/1
f 1330/2639/1 1329/2637/1 1322/2621/1 1321/2618/1
f 1331/2642/1 1330/2639/1 1321/2618/1 1320/2616/1
f 1332/2645/1 1331/2642/1 1320/2616/1 1326/2631/1
f 1333/2647/1 1332/2645/1 1326/2631/1 1325/2629/1
f 1327/2632/1 1333/2647/1 1325/2629/1 1324/2626/1
f 1335/2652/5 1334/2650/5 1327/2633/5 1328/2636/5
f 1336/2653/25 1335/2652/25 1328/2636/25 1329/2638/25
f 1337/2654/13 1336/2653/13 1329/2638/13 1330/2640/13
f 1338/2656/14 1337/2655/14 1330/2641/14 1331/2643/14
f 1339/2658/15 1338/2657/15 1331/2644/15 1332/2646/15
f 1340/2659/20 1339/2658/20 1332/2646/20 1333/2648/20
f 1334/2651/26 1340/2660/26 1333/2649/26 1327/2634/26
f 1348/2672/6 1349/2675/6 1342/2663/6 1341/2661/6
f 1349/2675/7 1350/2677/7 1343/2664/7 1342/2663/7
f 1350/2678/29 1351/2680/29 1344/2666/29 1343/2665/29
f 1351/2681/4 1352/2683/4 1345/2668/4 1344/2667/4
f 1352/2683/30 1353/2685/30 1346/2669/30 1345/2668/30
f 1353/2686/31 1354/2688/31 1347/2671/31 1346/2670/31
f 1354/2688/11 1348/2673/11 1341/2662/11 1347/2671/11
f 1356/2693/1 1355/2690/1 1352/2684/1 1351/2682/1
f 1357/2695/1 1356/2693/1 1351/2682/1 1350/2679/1
f 1358/2697/1 1357/2695/1 1350/2679/1 1349/2676/1
f 1359/2700/1 1358/2697/1 1349/2676/1 1348/2674/1
f 1360/2703/1 1359/2700/1 1348/2674/1 1354/2689/1
f 1361/2705/1 1360/2703/1 1354/2689/1 1353/2687/1
f 1355/2690/1 1361/2705/1 1353/2687/1 1352/2684/1
f 1363/2710/5 1362/2708/5 1355/2691/5 1356/2694/5
f 1364/2711/27 1363/2710/27 1356/2694/27 1357/2696/27
f 1365/2712/13 1364/2711/13 1357/2696/13 1358/2698/13
f 1366/2714/14 1365/2713/14 1358/2699/14 1359/2701/14
f 1367/2716/15 1366/2715/15 1359/2702/15 1360/2704/15
f 1368/2717/20 1367/2716/20 1360/2704/20 1361/2706/20
f 1362/2709/26 1368/2718/26 1361/2707/26 1355/2692/26
f 1376/2730/6 1377/2733/6 1370/2721/6 1369/2719/6
f 1377/2733/7 1378/2735/7 1371/2722/7 1370/2721/7
f 1378/2736/8 1379/2738/8 1372/2724/8 1371/2723/8
f 1379/2739/4 1380/2741/4 1373/2726/4 1372/2725/4
f 1380/2741/9 1381/2743/9 1374/2727/9 1373/2726/9
f 1381/2744/10 1382/2746/10 1375/2729/10 1374/2728/10
f 1382/2746/11 1376/2731/11 1369/2720/11 1375/2729/11
f 1384/2751/1 1383/2748/1 1380/2742/1 1379/2740/1
f 1385/2753/1 1384/2751/1 1379/2740/1 1378/2737/1
f 1386/2755/1 1385/2753/1 1378/2737/1 1377/2734/1
f 1387/2758/1 1386/2755/1 1377/2734/1 1376/2732/1
f 1388/2761/1 1387/2758/1 1376/2732/1 1382/2747/1
f 1389/2763/1 1388/2761/1 1382/2747/1 1381/2745/1
f 1383/2748/1 1389/2763/1 1381/2745/1 1380/2742/1
f 1391/2768/5 1390/2766/5 1383/2749/5 1384/2752/5
f 1392/2769/27 1391/2768/27 1384/2752/27 1385/2754/27
f 1393/2770/13 1392/2769/13 1385/2754/13 1386/2756/13
f 1394/2772/14 1393/2771/14 1386/2757/14 1387/2759/14
f 1395/2774/15 1394/2773/15 1387/2760/15 1388/2762/15
f 1396/2775/20 1395/2774/20 1388/2762/20 1389/2764/20
f 1390/2767/26 1396/2776/26 1389/2765/26 1383/2750/26
f 1404/2788/18 1405/2791/18 1398/2779/18 1397/2777/18
f 1405/2791/7 1406/2793/7 1399/2780/7 1398/2779/7
f 1406/2794/8 1407/2796/8 1400/2782/8 1399/2781/8
f 1407/2797/4 1408/2799/4 1401/2784/4 1400/2783/4
f 1408/2799/9 1409/2801/9 1402/2785/9 1401/2784/9
f 1409/2802/10 1410/2804/10 1403/2787/10 1402/2786/10
f 1410/2804/19 1404/2789/19 1397/2778/19 1403/2787/19
f 1412/2809/1 1411/2806/1 1408/2800/1 1407/2798/1
f 1413/2811/1 1412/2809/1 1407/2798/1 1406/2795/1
f 1414/2813/1 1413/2811/1 1406/2795/1 1405/2792/1
f 1415/2816/1 1414/2813/1 1405/2792/1 1404/2790/1
f 1416/2819/1 1415/2816/1 1404/2790/1 1410/2805/1
f 1417/2821/1 1416/2819/1 1410/2805/1 1409/2803/1
f 1411/2806/1 1417/2821/1 1409/2803/1 1408/2800/1
f 1419/2826/5 1418/2824/5 1411/2807/5 1412/2810/5
f 1420/2827/27 1419/2826/27 1412/2810/27 1413/2812/27
f 1421/2828/13 1420/2827/13 1413/2812/13 1414/2814/13
f 1422/2830/14 1421/2829/14 1414/2815/14 1415/2817/14
f 1423/2832/15 1422/2831/15 1415/2818/15 1416/2820/15
f 1424/2833/20 1423/2832/20 1416/2820/20 1417/2822/20
f 1418/2825/26 1424/2834/26 1417/2823/26 1411/2808/26
f 1432/2846/6 1433/2849/6 1426/2837/6 1425/2835/6
f 1433/2849/7 1434/2851/7 1427/2838/7 1426/2837/7
f 1434/2852/29 1435/2854/29 1428/2840/29 1427/2839/29
f 1435/2855/4 1436/2857/4 1429/2842/4 1428/2841/4
f 1436/2857/30 1437/2859/30 1430/2843/30 1429/2842/30
f 1437/2860/31 1438/2862/31 1431/2845/31 1430/2844/31
f 1438/2862/19 1432/2847/19 1425/2836/19 1431/2845/19
f 1440/2867/1 1439/2864/1 1436/2858/1 1435/2856/1
f 1441/2869/1 1440/2867/1 1435/2856/1 1434/2853/1
f 1442/2871/1 1441/2869/1 1434/2853/1 1433/2850/1
f 1443/2874/1 1442/2871/1 1433/2850/1 1432/2848/1
f 1444/2877/1 1443/2874/1 1432/2848/1 1438/2863/1
f 1445/2879/1 1444/2877/1 1438/2863/1 1437/2861/1
f 1439/2864/1 1445/2879/1 1437/2861/1 1436/2858/1
f 1447/2884/5 1446/2882/5 1439/2865/5 1440/2868/5
f 1448/2885/27 1447/2884/27 1440/2868/27 1441/2870/27
f 1449/2886/13 1448/2885/13 1441/2870/13 1442/2872/13
f 1450/2888/14 1449/2887/14 1442/2873/14 1443/2875/14
f 1451/2890/15 1450/2889/15 1443/2876/15 1444/2878/15
f 1452/2891/20 1451/2890/20 1444/2878/20 1445/2880/20
f 1446/2883/26 1452/2892/26 1445/2881/26 1439/2866/26
f 1460/2904/18 1461/2907/18 1454/2895/18 1453/2893/18
f 1461/2907/36 1462/2909/36 1455/2896/36 1454/2895/36
f 1462/2910/29 1463/2912/29 1456/2898/29 1455/2897/29
f 1463/2913/4 1464/2915/4 1457/2900/4 1456/2899/4
f 1464/2915/30 1465/2917/30 1458/2901/30 1457/2900/30
f 1465/2918/10 1466/2920/10 1459/2903/10 1458/2902/10
f 1466/2920/19 1460/2905/19 1453/2894/19 1459/2903/19
f 1468/2925/1 1467/2922/1 1464/2916/1 1463/2914/1
f 1469/2927/1 1468/2925/1 1463/2914/1 1462/2911/1
f 1470/2929/1 1469/2927/1 1462/2911/1 1461/2908/1
f 1471/2932/1 1470/2929/1 1461/2908/1 1460/2906/1
f 1472/2935/1 1471/2932/1 1460/2906/1 1466/2921/1
f 1473/2937/1 1472/2935/1 1466/2921/1 1465/2919/1
f 1467/2922/1 1473/2937/1 1465/2919/1 1464/2916/1
f 1475/2942/5 1474/2940/5 1467/2923/5 1468/2926/5
f 1476/2943/25 1475/2942/25 1468/2926/25 1469/2928/25
f 1477/2944/13 1476/2943/13 1469/2928/13 1470/2930/13
f 1478/2946/14 1477/2945/14 1470/2931/14 1471/2933/14
f 1479/2948/15 1478/2947/15 1471/2934/15 1472/2936/15
f 1480/2949/20 1479/2948/20 1472/2936/20 1473/2938/20
f 1474/2941/26 1480/2950/26 1473/2939/26 1467/2924/26
f 1488/2962/6 1489/2965/6 1482/2953/6 1481/2951/6
f 1489/2965/36 1490/2967/36 1483/2954/36 1482/2953/36
f 1490/2968/29 1491/2970/29 1484/2956/29 1483/2955/29
f 1491/2971/4 1492/2973/4 1485/2958/4 1484/2957/4
f 1492/2973/30 1493/2975/30 1486/2959/30 1485/2958/30
f 1493/2976/10 1494/2978/10 1487/2961/10 1486/2960/10
f 1494/2978/11 1488/2963/11 1481/2952/11 1487/2961/11
f 1496/2983/1 1495/2980/1 1492/2974/1 1491/2972/1
f 1497/2985/1 1496/2983/1 1491/2972/1 1490/2969/1
f 1498/2987/1 1497/2985/1 1490/2969/1 1489/2966/1
f 1499/2990/1 1498/2987/1 1489/2966/1 1488/2964/1
f 1500/2993/1 1499/2990/1 1488/2964/1 1494/2979/1
f 1501/2995/1 1500/2993/1 1494/2979/1 1493/2977/1
f 1495/2980/1 1501/2995/1 1493/2977/1 1492/2974/1
f 1503/3000/5 1502/2998/5 1495/2981/5 1496/2984/5
f 1504/3001/25 1503/3000/25 1496/2984/25 1497/2986/25
f 1505/3002/13 1504/3001/13 1497/2986/13 1498/2988/13
f 1506/3004/14 1505/3003/14 1498/2989/14 1499/2991/14
f 1507/3006/15 1506/3005/15 1499/2992/15 1500/2994/15
f 1508/3007/20 1507/3006/20 1500/2994/20 1501/2996/20
f 1502/2999/26 1508/3008/26 1501/2997/26 1495/2982/26
f 1516/3020/6 1517/3023/6 1510/3011/6 1509/3009/6
f 1517/3023/7 1518/3025/7 1511/3012/7 1510/3011/7
f 1518/3026/29 1519/3028/29 1512/3014/29 1511/3013/29
f 1519/3029/4 1520/3031/4 1513/3016/4 1512/3015/4
f 1520/3031/30 1521/3033/30 1514/3017/30 1513/3016/30
f 1521/3034/31 1522/3036/31 1515/3019/31 1514/3018/31
f 1522/3036/11 1516/3021/11 1509/3010/11 1515/3019/11
f 1524/3041/1 1523/3038/1 1520/3032/1 1519/3030/1
f 1525/3043/1 1524/3041/1 1519/3030/1 1518/3027/1
f 1526/3045/1 1525/3043/1 1518/3027/1 1517/3024/1
f 1527/3048/1 1526/3045/1 1517/3024/1 1516/3022/1
f 1528/3051/1 1527/3048/1 1516/3022/1 1522/3037/1
f 1529/3053/1 1528/3051/1 1522/3037/1 1521/3035/1
f 1523/3038/1 1529/3053/1 1521/3035/1 1520/3032/1
f 1531/3058/5 1530/3056/5 1523/3039/5 1524/3042/5
f 1532/3059/27 1531/3058/27 1524/3042/27 1525/3044/27
f 1533/3060/13 1532/3059/13 1525/3044/13 1526/3046/13
f 1534/3062/14 1533/3061/14 1526/3047/14 1527/3049/14
f 1535/3064/15 1534/3063/15 1527/3050/15 1528/3052/15
f 1536/3065/20 1535/3064/20 1528/3052/20 1529/3054/20
f 1530/3057/26 1536/3066/26 1529/3055/26 1523/3040/26
f 1544/3078/6 1545/3081/6 1538/3069/6 1537/3067/6
f 1545/3081/7 1546/3083/7 1539/3070/7 1538/3069/7
f 1546/3084/8 1547/3086/8 1540/3072/8 1539/3071/8
f 1547/3087/4 1548/3089/4 1541/3074/4 1540/3073/4
f 1548/3089/9 1549/3091/9 1542/3075/9 1541/3074/9
f 1549/3092/10 1550/3094/10 1543/3077/10 1542/3076/10
f 1550/3094/11 1544/3079/11 1537/3068/11 1543/3077/11
f 1552/3099/1 1551/3096/1 1548/3090/1 1547/3088/1
f 1553/3101/1 1552/3099/1 1547/3088/1 1546/3085/1
f 1554/3103/1 1553/3101/1 1546/3085/1 1545/3082/1
f 1555/3106/1 1554/3103/1 1545/3082/1 1544/3080/1
f 1556/3109/1 1555/3106/1 1544/3080/1 1550/3095/1
f 1557/3111/1 1556/3109/1 1550/3095/1 1549/3093/1
f 1551/3096/1 1557/3111/1 1549/3093/1 1548/3090/1
f 1559/3116/5 1558/3114/5 1551/3097/5 1552/3100/5
f 1560/3117/27 1559/3116/27 1552/3100/27 1553/3102/27
f 1561/3118/13 1560/3117/13 1553/3102/13 1554/3104/13
f 1562/3120/14 1561/3119/14 1554/3105/14 1555/3107/14
f 1563/3122/15 1562/3121/15 1555/3108/15 1556/3110/15
f 1564/3123/20 1563/3122/20 1556/3110/20 1557/3112/20
f 1558/3115/26 1564/3124/26 1557/3113/26 1551/3098/26
f 1572/3136/6 1573/3139/6 1566/3127/6 1565/3125/6
f 1573/3139/36 1574/3141/36 1567/3128/36 1566/3127/36
f 1574/3142/29 1575/3144/29 1568/3130/29 1567/3129/29
f 1575/3145/4 1576/3147/4 1569/3132/4 1568/3131/4
f 1576/3147/30 1577/3149/30 1570/3133/30 1569/3132/30
f 1577/3150/10 1578/3152/10 1571/3135/10 1570/3134/10
f 1578/3152/11 1572/3137/11 1565/3126/11 1571/3135/11
f 1580/3157/1 1579/3154/1 1576/3148/1 1575/3146/1
f 1581/3159/1 1580/3157/1 1575/3146/1 1574/3143/1
f 1582/3161/1 1581/3159/1 1574/3143/1 1573/3140/1
f 1583/3164/1 1582/3161/1 1573/3140/1 1572/3138/1
f 1584/3167/1 1583/3164/1 1572/3138/1 1578/3153/1
f 1585/3169/1 1584/3167/1 1578/3153/1 1577/3151/1
f 1579/3154/1 1585/3169/1 1577/3151/1 1576/3148/1
f 1587/3174/5 1586/3172/5 1579/3155/5 1580/3158/5
f 1588/3175/27 1587/3174/27 1580/3158/27 1581/3160/27
f 1589/3176/13 1588/3175/13 1581/3160/13 1582/3162/13
f 1590/3178/14 1589/3177/14 1582/3163/14 1583/3165/14
f 1591/3180/15 1590/3179/15 1583/3166/15 1584/3168/15
f 1592/3181/20 1591/3180/20 1584/3168/20 1585/3170/20
f 1586/3173/26 1592/3182/26 1585/3171/26 1579/3156/26
f 1600/3194/6 1601/3197/6 1594/3185/6 1593/3183/6
f 1601/3197/36 1602/3199/36 1595/3186/36 1594/3185/36
f 1602/3200/29 1603/3202/29 1596/3188/29 1595/3187/29
f 1603/3203/4 1604/3205/4 1597/3190/4 1596/3189/4
f 1604/3205/9 1605/3207/9 1598/3191/9 1597/3190/9
f 1605/3208/10 1606/3210/10 1599/3193/10 1598/3192/10
f 1606/3210/11 1600/3195/11 1593/3184/11 1599/3193/11
f 1608/3215/1 1607/3212/1 1604/3206/1 1603/3204/1
f 1609/3217/1 1608/3215/1 1603/3204/1 1602/3201/1
f 1610/3219/1 1609/3217/1 1602/3201/1 1601/3198/1
f 1611/3222/1 1610/3219/1 1601/3198/1 1600/3196/1
f 1612/3225/1 1611/3222/1 1600/3196/1 1606/3211/1
f 1613/3227/1 1612/3225/1 1606/3211/1 1605/3209/1
f 1607/3212/1 1613/3227/1 1605/3209/1 1604/3206/1
f 1615/3232/5 1614/3230/5 1607/3213/5 1608/3216/5
f 1616/3233/27 1615/3232/27 1608/3216/27 1609/3218/27
f 1617/3234/13 1616/3233/13 1609/3218/13 1610/3220/13
f 1618/3236/14 1617/3235/14 1610/3221/14 1611/3223/14
f 1619/3238/15 1618/3237/15 1611/3224/15 1612/3226/15
f 1620/3239/20 1619/3238/20 1612/3226/20 1613/3228/20
f 1614/3231/26 1620/3240/26 1613/3229/26 1607/3214/26
f 1628/3252/6 1629/3255/6 1622/3243/6 1621/3241/6
f 1629/3255/36 1630/3257/36 1623/3244/36 1622/3243/36
f 1630/3258/29 1631/3260/29 1624/3246/29 1623/3245/29
f 1631/3261/4 1632/3263/4 1625/3248/4 1624/3247/4
f 1632/3263/30 1633/3265/30 1626/3249/30 1625/3248/30
f 1633/3266/10 1634/3268/10 1627/3251/10 1626/3250/10
f 1634/3268/11 1628/3253/11 1621/3242/11 1627/3251/11
f 1636/3273/1 1635/3270/1 1632/3264/1 1631/3262/1
f 1637/3275/1 1636/3273/1 1631/3262/1 1630/3259/1
f 1638/3277/1 1637/3275/1 1630/3259/1 1629/3256/1
f 1639/3280/1 1638/3277/1 1629/3256/1 1628/3254/1
f 1640/3283/1 1639/3280/1 1628/3254/1 1634/3269/1
f 1641/3285/1 1640/3283/1 1634/3269/1 1633/3267/1
f 1635/3270/1 1641/3285/1 1633/3267/1 1632/3264/1
f 1643/3290/5 1642/3288/5 1635/3271/5 1636/3274/5
f 1644/3291/25 1643/3290/25 1636/3274/25 1637/3276/25
f 1645/3292/13 1644/3291/13 1637/3276/13 1638/3278/13
f 1646/3294/14 1645/3293/14 1638/3279/14 1639/3281/14
f 1647/3296/15 1646/3295/15 1639/3282/15 1640/3284/15
f 1648/3297/20 1647/3296/20 1640/3284/20 1641/3286/20
f 1642/3289/26 1648/3298/26 1641/3287/26 1635/3272/26
f 1656/3310/18 1657/3313/18 1650/3301/18 1649/3299/18
f 1657/3313/36 1658/3315/36 1651/3302/36 1650/3301/36
f 1658/3316/29 1659/3318/29 1652/3304/29 1651/3303/29
f 1659/3319/4 1660/3321/4 1653/3306/4 1652/3305/4
f 1660/3321/30 1661/3323/30 1654/3307/30 1653/3306/30
f 1661/3324/10 1662/3326/10 1655/3309/10 1654/3308/10
f 1662/3326/11 1656/3311/11 1649/3300/11 1655/3309/11
f 1664/3331/1 1663/3328/1 1660/3322/1 1659/3320/1
f 1665/3333/1 1664/3331/1 1659/3320/1 1658/3317/1
f 1666/3335/1 1665/3333/1 1658/3317/1 1657/3314/1
f 1667/3338/1 1666/3335/1 1657/3314/1 1656/3312/1
f 1668/3341/1 1667/3338/1 1656/3312/1 1662/3327/1
f 1669/3343/1 1668/3341/1 1662/3327/1 1661/3325/1
f 1663/3328/1 1669/3343/1 1661/3325/1 1660/3322/1
f 1671/3348/5 1670/3346/5 1663/3329/5 1664/3332/5
f 1672/3349/27 1671/3348/27 1664/3332/27 1665/3334/27
f 1673/3350/28 1672/3349/28 1665/3334/28 1666/3336/28
f 1674/3352/14 1673/3351/14 1666/3337/14 1667/3339/14
f 1675/3354/15 1674/3353/15 1667/3340/15 1668/3342/15
f 1676/3355/20 1675/3354/20 1668/3342/20 1669/3344/20
f 1670/3347/26 1676/3356/26 1669/3345/26 1663/3330/26
f 1684/3368/6 1685/3371/6 1678/3359/6 1677/3357/6
f 1685/3371/7 1686/3373/7 1679/3360/7 1678/3359/7
f 1686/3374/8 1687/3376/8 1680/3362/8 1679/3361/8
f 1687/3377/4 1688/3379/4 1681/3364/4 1680/3363/4
f 1688/3379/9 1689/3381/9 1682/3365/9 1681/3364/9
f 1689/3382/10 1690/3384/10 1683/3367/10 1682/3366/10
f 1690/3384/11 1684/3369/11 1677/3358/11 1683/3367/11
f 1692/3389/1 1691/3386/1 1688/3380/1 1687/3378/1
f 1693/3391/1 1692/3389/1 1687/3378/1 1686/3375/1
f 1694/3393/1 1693/3391/1 1686/3375/1 1685/3372/1
f 1695/3396/1 1694/3393/1 1685/3372/1 1684/3370/1
f 1696/3399/1 1695/3396/1 1684/3370/1 1690/3385/1
f 1697/3401/1 1696/3399/1 1690/3385/1 1689/3383/1
f 1691/3386/1 1697/3401/1 1689/3383/1 1688/3380/1
f 1699/3406/5 1698/3404/5 1691/3387/5 1692/3390/5
f 1700/3407/27 1699/3406/27 1692/3390/27 1693/3392/27
f 1701/3408/28 1700/3407/28 1693/3392/28 1694/3394/28
f 1702/3410/14 1701/3409/14 1694/3395/14 1695/3397/14
f 1703/3412/15 1702/3411/15 1695/3398/15 1696/3400/15
f 1704/3413/20 1703/3412/20 1696/3400/20 1697/3402/20
f 1698/3405/32 1704/3414/32 1697/3403/32 1691/3388/32
f 1712/3426/6 1713/3429/6 1706/3417/6 1705/3415/6
f 1713/3429/36 1714/3431/36 1707/3418/36 1706/3417/36
f 1714/3432/29 1715/3434/29 1708/3420/29 1707/3419/29
f 1715/3435/4 1716/3437/4 1709/3422/4 1708/3421/4
f 1716/3437/30 1717/3439/30 1710/3423/30 1709/3422/30
f 1717/3440/10 1718/3442/10 1711/3425/10 1710/3424/10
f 1718/3442/11 1712/3427/11 1705/3416/11 1711/3425/11
f 1720/3447/1 1719/3444/1 1716/3438/1 1715/3436/1
f 1721/3449/1 1720/3447/1 1715/3436/1 1714/3433/1
f 1722/3451/1 1721/3449/1 1714/3433/1 1713/3430/1
f 1723/3454/1 1722/3451/1 1713/3430/1 1712/3428/1
f 1724/3457/1 1723/3454/1 1712/3428/1 1718/3443/1
f 1725/3459/1 1724/3457/1 1718/3443/1 1717/3441/1
f 1719/3444/1 1725/3459/1 1717/3441/1 1716/3438/1
f 1727/3464/5 1726/3462/5 1719/3445/5 1720/3448/5
f 1728/3465/25 1727/3464/25 1720/3448/25 1721/3450/25
f 1729/3466/13 1728/3465/13 1721/3450/13 1722/3452/13
f 1730/3468/14 1729/3467/14 1722/3453/14 1723/3455/14
f 1731/3470/15 1730/3469/15 1723/3456/15 1724/3458/15
f 1732/3471/20 1731/3470/20 1724/3458/20 1725/3460/20
f 1726/3463/26 1732/3472/26 1725/3461/26 1719/3446/26
f 1740/3484/6 1741/3487/6 1734/3475/6 1733/3473/6
f 1741/3487/36 1742/3489/36 1735/3476/36 1734/3475/36
f 1742/3490/29 1743/3492/29 1736/3478/29 1735/3477/29
f 1743/3493/4 1744/3495/4 1737/3480/4 1736/3479/4
f 1744/3495/30 1745/3497/30 1738/3481/30 1737/3480/30
f 1745/3498/10 1746/3500/10 1739/3483/10 1738/3482/10
f 1746/3500/11 1740/3485/11 1733/3474/11 1739/3483/11
f 1748/3505/1 1747/3502/1 1744/3496/1 1743/3494/1
f 1749/3507/1 1748/3505/1 1743/3494/1 1742/3491/1
f 1750/3509/1 1749/3507/1 1742/3491/1 1741/3488/1
f 1751/3512/1 1750/3509/1 1741/3488/1 1740/3486/1
f 1752/3515/1 1751/3512/1 1740/3486/1 1746/3501/1
f 1753/3517/1 1752/3515/1 1746/3501/1 1745/3499/1
f 1747/3502/1 1753/3517/1 1745/3499/1 1744/3496/1
f 1755/3522/5 1754/3520/5 1747/3503/5 1748/3506/5
f 1756/3523/27 1755/3522/27 1748/3506/27 1749/3508/27
f 1757/3524/13 1756/3523/13 1749/3508/13 1750/3510/13
f 1758/3526/14 1757/3525/14 1750/3511/14 1751/3513/14
f 1759/3528/15 1758/3527/15 1751/3514/15 1752/3516/15
f 1760/3529/20 1759/3528/20 1752/3516/20 1753/3518/20
f 1754/3521/32 1760/3530/32 1753/3519/32 1747/3504/32
f 1768/3542/6 1769/3545/6 1762/3533/6 1761/3531/6
f 1769/3545/36 1770/3547/36 1763/3534/36 1762/3533/36
f 1770/3548/29 1771/3550/29 1764/3536/29 1763/3535/29
f 1771/3551/4 1772/3553/4 1765/3538/4 1764/3537/4
f 1772/3553/9 1773/3555/9 1766/3539/9 1765/3538/9
f 1773/3556/10 1774/3558/10 1767/3541/10 1766/3540/10
f 1774/3558/11 1768/3543/11 1761/3532/11 1767/3541/11
f 1776/3563/1 1775/3560/1 1772/3554/1 1771/3552/1
f 1777/3565/1 1776/3563/1 1771/3552/1 1770/3549/1
f 1778/3567/1 1777/3565/1 1770/3549/1 1769/3546/1
f 1779/3570/1 1778/3567/1 1769/3546/1 1768/3544/1
f 1780/3573/1 1779/3570/1 1768/3544/1 1774/3559/1
f 1781/3575/1 1780/3573/1 1774/3559/1 1773/3557/1
f 1775/3560/1 1781/3575/1 1773/3557/1 1772/3554/1
f 1783/3580/5 1782/3578/5 1775/3561/5 1776/3564/5
f 1784/3581/25 1783/3580/25 1776/3564/25 1777/3566/25
f 1785/3582/13 1784/3581/13 1777/3566/13 1778/3568/13
f 1786/3584/14 1785/3583/14 1778/3569/14 1779/3571/14
f 1787/3586/15 1786/3585/15 1779/3572/15 1780/3574/15
f 1788/3587/20 1787/3586/20 1780/3574/20 1781/3576/20
f 1782/3579/32 1788/3588/32 1781/3577/32 1775/3562/32
f 1796/3600/6 1797/3603/6 1790/3591/6 1789/3589/6
f 1797/3603/36 1798/3605/36 1791/3592/36 1790/3591/36
f 1798/3606/29 1799/3608/29 1792/3594/29 1791/3593/29
f 1799/3609/4 1800/3611/4 1793/3596/4 1792/3595/4
f 1800/3611/30 1801/3613/30 1794/3597/30 1793/3596/30
f 1801/3614/10 1802/3616/10 1795/3599/10 1794/3598/10
f 1802/3616/11 1796/3601/11 1789/3590/11 1795/3599/11
f 1804/3621/1 1803/3618/1 1800/3612/1 1799/3610/1
f 1805/3623/1 1804/3621/1 1799/3610/1 1798/3607/1
f 1806/3625/1 1805/3623/1 1798/3607/1 1797/3604/1
f 1807/3628/1 1806/3625/1 1797/3604/1 1796/3602/1
f 1808/3631/1 1807/3628/1 1796/3602/1 1802/3617/1
f 1809/3633/1 1808/3631/1 1802/3617/1 1801/3615/1
f 1803/3618/1 1809/3633/1 1801/3615/1 1800/3612/1
f 1811/3638/5 1810/3636/5 1803/3619/5 1804/3622/5
f 1812/3639/27 1811/3638/27 1804/3622/27 1805/3624/27
f 1813/3640/13 1812/3639/13 1805/3624/13 1806/3626/13
f 1814/3642/14 1813/3641/14 1806/3627/14 1807/3629/14
f 1815/3644/15 1814/3643/15 1807/3630/15 1808/3632/15
f 1816/3645/20 1815/3644/20 1808/3632/20 1809/3634/20
f 1810/3637/26 1816/3646/26 1809/3635/26 1803/3620/26
f 1824/3658/6 1825/3661/6 1818/3649/6 1817/3647/6
f 1825/3661/36 1826/3663/36 1819/3650/36 1818/3649/36
f 1826/3664/29 1827/3666/29 1820/3652/29 1819/3651/29
f 1827/3667/4 1828/3669/4 1821/3654/4 1820/3653/4
f 1828/3669/30 1829/3671/30 1822/3655/30 1821/3654/30
f 1829/3672/10 1830/3674/10 1823/3657/10 1822/3656/10
f 1830/3674/11 1824/3659/11 1817/3648/11 1823/3657/11
f 1832/3679/1 1831/3676/1 1828/3670/1 1827/3668/1
f 1833/3681/1 1832/3679/1 1827/3668/1 1826/3665/1
f 1834/3683/1 1833/3681/1 1826/3665/1 1825/3662/1
f 1835/3686/1 1834/3683/1 1825/3662/1 1824/3660/1
f 1836/3689/1 1835/3686/1 1824/3660/1 1830/3675/1
f 1837/3691/1 1836/3689/1 1830/3675/1 1829/3673/1
f 1831/3676/1 1837/3691/1 1829/3673/1 1828/3670/1
f 1839/3696/5 1838/3694/5 1831/3677/5 1832/3680/5
f 1840/3697/27 1839/3696/27 1832/3680/27 1833/3682/27
f 1841/3698/28 1840/3697/28 1833/3682/28 1834/3684/28
f 1842/3700/14 1841/3699/14 1834/3685/14 1835/3687/14
f 1843/3702/15 1842/3701/15 1835/3688/15 1836/3690/15
f 1844/3703/20 1843/3702/20 1836/3690/20 1837/3692/20
f 1838/3695/26 1844/3704/26 1837/3693/26 1831/3678/26
f 1852/3716/6 1853/3719/6 1846/3707/6 1845/3705/6
f 1853/3719/36 1854/3721/36 1847/3708/36 1846/3707/36
f 1854/3722/29 1855/3724/29 1848/3710/29 1847/3709/29
f 1855/3725/4 1856/3727/4 1849/3712/4 1848/3711/4
f 1856/3727/9 1857/3729/9 1850/3713/9 1849/3712/9
f 1857/3730/10 1858/3732/10 1851/3715/10 1850/3714/10
f 1858/3732/11 1852/3717/11 1845/3706/11 1851/3715/11
f 1860/3737/1 1859/3734/1 1856/3728/1 1855/3726/1
f 1861/3739/1 1860/3737/1 1855/3726/1 1854/3723/1
f 1862/3741/1 1861/3739/1 1854/3723/1 1853/3720/1
f 1863/3744/1 1862/3741/1 1853/3720/1 1852/3718/1
f 1864/3747/1 1863/3744/1 1852/3718/1 1858/3733/1
f 1865/3749/1 1864/3747/1 1858/3733/1 1857/3731/1
f 1859/3734/1 1865/3749/1 1857/3731/1 1856/3728/1
f 1867/3754/5 1866/3752/5 1859/3735/5 1860/3738/5
f 1868/3755/25 1867/3754/25 1860/3738/25 1861/3740/25
f 1869/3756/28 1868/3755/28 1861/3740/28 1862/3742/28
f 1870/3758/14 1869/3757/14 1862/3743/14 1863/3745/14
f 1871/3760/15 1870/3759/15 1863/3746/15 1864/3748/15
f 1872/3761/20 1871/3760/20 1864/3748/20 1865/3750/20
f 1866/3753/26 1872/3762/26 1865/3751/26 1859/3736/26
f 1880/3774/18 1881/3777/18 1874/3765/18 1873/3763/18
f 1881/3777/36 1882/3779/36 1875/3766/36 1874/3765/36
f 1882/3780/29 1883/3782/29 1876/3768/29 1875/3767/29
f 1883/3783/4 1884/3785/4 1877/3770/4 1876/3769/4
f 1884/3785/30 1885/3787/30 1878/3771/30 1877/3770/30
f 1885/3788/10 1886/3790/10 1879/3773/10 1878/3772/10
f 1886/3790/11 1880/3775/11 1873/3764/11 1879/3773/11
f 1888/3795/1 1887/3792/1 1884/3786/1 1883/3784/1
f 1889/3797/1 1888/3795/1 1883/3784/1 1882/3781/1
f 1890/3799/1 1889/3797/1 1882/3781/1 1881/3778/1
f 1891/3802/1 1890/3799/1 1881/3778/1 1880/3776/1
f 1892/3805/1 1891/3802/1 1880/3776/1 1886/3791/1
f 1893/3807/1 1892/3805/1 1886/3791/1 1885/3789/1
f 1887/3792/1 1893/3807/1 1885/3789/1 1884/3786/1
f 1895/3812/5 1894/3810/5 1887/3793/5 1888/3796/5
f 1896/3813/27 1895/3812/27 1888/3796/27 1889/3798/27
f 1897/3814/13 1896/3813/13 1889/3798/13 1890/3800/13
f 1898/3816/14 1897/3815/14 1890/3801/14 1891/3803/14
f 1899/3818/15 1898/3817/15 1891/3804/15 1892/3806/15
f 1900/3819/20 1899/3818/20 1892/3806/20 1893/3808/20
f 1894/3811/32 1900/3820/32 1893/3809/32 1887/3794/32
f 1908/3832/6 1909/3835/6 1902/3823/6 1901/3821/6
f 1909/3835/36 1910/3837/36 1903/3824/36 1902/3823/36
f 1910/3838/29 1911/3840/29 1904/3826/29 1903/3825/29
f 1911/3841/4 1912/3843/4 1905/3828/4 1904/3827/4
f 1912/3843/30 1913/3845/30 1906/3829/30 1905/3828/30
f 1913/3846/10 1914/3848/10 1907/3831/10 1906/3830/10
f 1914/3848/11 1908/3833/11 1901/3822/11 1907/3831/11
f 1916/3853/1 1915/3850/1 1912/3844/1 1911/3842/1
f 1917/3855/1 1916/3853/1 1911/3842/1 1910/3839/1
f 1918/3857/1 1917/3855/1 1910/3839/1 1909/3836/1
f 1919/3860/1 1918/3857/1 1909/3836/1 1908/3834/1
f 1920/3863/1 1919/3860/1 1908/3834/1 1914/3849/1
f 1921/3865/1 1920/3863/1 1914/3849/1 1913/3847/1
f 1915/3850/1 1921/3865/1 1913/3847/1 1912/3844/1
f 1923/3870/5 1922/3868/5 1915/3851/5 1916/3854/5
f 1924/3871/25 1923/3870/25 1916/3854/25 1917/3856/25
f 1925/3872/13 1924/3871/13 1917/3856/13 1918/3858/13
f 1926/3874/14 1925/3873/14 1918/3859/14 1919/3861/14
f 1927/3876/15 1926/3875/15 1919/3862/15 1920/3864/15
f 1928/3877/20 1927/3876/20 1920/3864/20 1921/3866/20
f 1922/3869/26 1928/3878/26 1921/3867/26 1915/3852/26
f 1936/3890/6 1937/3893/6 1930/3881/6 1929/3879/6
f 1937/3893/7 1938/3895/7 1931/3882/7 1930/3881/7
f 1938/3896/8 1939/3898/8 1932/3884/8 1931/3883/8
f 1939/3899/4 1940/3901/4 1933/3886/4 1932/3885/4
f 1940/3901/9 1941/3903/9 1934/3887/9 1933/3886/9
f 1941/3904/10 1942/3906/10 1935/3889/10 1934/3888/10
f 1942/3906/11 1936/3891/11 1929/3880/11 1935/3889/11
f 1944/3911/1 1943/3908/1 1940/3902/1 1939/3900/1
f 1945/3913/1 1944/3911/1 1939/3900/1 1938/3897/1
f 1946/3915/1 1945/3913/1 1938/3897/1 1937/3894/1
f 1947/3918/1 1946/3915/1 1937/3894/1 1936/3892/1
f 1948/3921/1 1947/3918/1 1936/3892/1 1942/3907/1
f 1949/3923/1 1948/3921/1 1942/3907/1 1941/3905/1
f 1943/3908/1 1949/3923/1 1941/3905/1 1940/3902/1
f 1951/3928/5 1950/3926/5 1943/3909/5 1944/3912/5
f 1952/3929/27 1951/3928/27 1944/3912/27 1945/3914/27
f 1953/3930/13 1952/3929/13 1945/3914/13 1946/3916/13
f 1954/3932/14 1953/3931/14 1946/3917/14 1947/3919/14
f 1955/3934/15 1954/3933/15 1947/3920/15 1948/3922/15
f 1956/3935/16 1955/3934/16 1948/3922/16 1949/3924/16
f 1950/3927/32 1956/3936/32 1949/3925/32 1943/3910/32
f 1964/3948/18 1965/3951/18 1958/3939/18 1957/3937/18
f 1965/3951/36 1966/3953/36 1959/3940/36 1958/3939/36
f 1966/3954/29 1967/3956/29 1960/3942/29 1959/3941/29
f 1967/3957/4 1968/3959/4 1961/3944/4 1960/3943/4
f 1968/3959/30 1969/3961/30 1962/3945/30 1961/3944/30
f 1969/3962/10 1970/3964/10 1963/3947/10 1962/3946/10
f 1970/3964/11 1964/3949/11 1957/3938/11 1963/3947/11
f 1972/3969/1 1971/3966/1 1968/3960/1 1967/3958/1
f 1973/3971/1 1972/3969/1 1967/3958/1 1966/3955/1
f 1974/3973/1 1973/3971/1 1966/3955/1 1965/3952/1
f 1975/3976/1 1974/3973/1 1965/3952/1 1964/3950/1
f 1976/3979/1 1975/3976/1 1964/3950/1 1970/3965/1
f 1977/3981/1 1976/3979/1 1970/3965/1 1969/3963/1
f 1971/3966/1 1977/3981/1 1969/3963/1 1968/3960/1
f 1979/3986/5 1978/3984/5 1971/3967/5 1972/3970/5
f 1980/3987/27 1979/3986/27 1972/3970/27 1973/3972/27
f 1981/3988/28 1980/3987/28 1973/3972/28 1974/3974/28
f 1982/3990/14 1981/3989/14 1974/3975/14 1975/3977/14
f 1983/3992/15 1982/3991/15 1975/3978/15 1976/3980/15
f 1984/3993/20 1983/3992/20 1976/3980/20 1977/3982/20
f 1978/3985/26 1984/3994/26 1977/3983/26 1971/3968/26
f 1992/4006/6 1993/4009/6 1986/3997/6 1985/3995/6
f 1993/4009/36 1994/4011/36 1987/3998/36 1986/3997/36
f 1994/4012/29 1995/4014/29 1988/4000/29 1987/3999/29
f 1995/4015/4 1996/4017/4 1989/4002/4 1988/4001/4
f 1996/4017/30 1997/4019/30 1990/4003/30 1989/4002/30
f 1997/4020/10 1998/4022/10 1991/4005/10 1990/4004/10
f 1998/4022/11 1992/4007/11 1985/3996/11 1991/4005/11
f 2000/4027/1 1999/4024/1 1996/4018/1 1995/4016/1
f 2001/4029/1 2000/4027/1 1995/4016/1 1994/4013/1
f 2002/4031/1 2001/4029/1 1994/4013/1 1993/4010/1
f 2003/4034/1 2002/4031/1 1993/4010/1 1992/4008/1
f 2004/4037/1 2003/4034/1 1992/4008/1 1998/4023/1
f 2005/4039/1 2004/4037/1 1998/4023/1 1997/4021/1
f 1999/4024/1 2005/4039/1 1997/4021/1 1996/4018/1
f 2007/4044/5 2006/4042/5 1999/4025/5 2000/4028/5
f 2008/4045/25 2007/4044/25 2000/4028/25 2001/4030/25
f 2009/4046/13 2008/4045/13 2001/4030/13 2002/4032/13
f 2010/4048/14 2009/4047/14 2002/4033/14 2003/4035/14
f 2011/4050/15 2010/4049/15 2003/4036/15 2004/4038/15
f 2012/4051/20 2011/4050/20 2004/4038/20 2005/4040/20
f 2006/4043/26 2012/4052/26 2005/4041/26 1999/4026/26
f 2020/4064/6 2021/4067/6 2014/4055/6 2013/4053/6
f 2021/4067/36 2022/4069/36 2015/4056/36 2014/4055/36
f 2022/4070/29 2023/4072/29 2016/4058/29 2015/4057/29
f 2023/4073/4 2024/4075/4 2017/4060/4 2016/4059/4
f 2024/4075/9 2025/4077/9 2018/4061/9 2017/4060/9
f 2025/4078/10 2026/4080/10 2019/4063/10 2018/4062/10
f 2026/4080/11 2020/4065/11 2013/4054/11 2019/4063/11
f 2028/4085/1 2027/4082/1 2024/4076/1 2023/4074/1
f 2029/4087/1 2028/4085/1 2023/4074/1 2022/4071/1
f 2030/4089/1 2029/4087/1 2022/4071/1 2021/4068/1
f 2031/4092/1 2030/4089/1 2021/4068/1 2020/4066/1
f 2032/4095/1 2031/4092/1 2020/4066/1 2026/4081/1
f 2033/4097/1 2032/4095/1 2026/4081/1 2025/4079/1
f 2027/4082/1 2033/4097/1 2025/4079/1 2024/4076/1
f 2035/4102/5 2034/4100/5 2027/4083/5 2028/4086/5
f 2036/4103/25 2035/4102/25 2028/4086/25 2029/4088/25
f 2037/4104/13 2036/4103/13 2029/4088/13 2030/4090/13
f 2038/4106/14 2037/4105/14 2030/4091/14 2031/4093/14
f 2039/4108/15 2038/4107/15 2031/4094/15 2032/4096/15
f 2040/4109/20 2039/4108/20 2032/4096/20 2033/4098/20
f 2034/4101/32 2040/4110/32 2033/4099/32 2027/4084/32
f 2048/4122/6 2049/4125/6 2042/4113/6 2041/4111/6
f 2049/4125/36 2050/4127/36 2043/4114/36 2042/4113/36
f 2050/4128/29 2051/4130/29 2044/4116/29 2043/4115/29
f 2051/4131/4 2052/4133/4 2045/4118/4 2044/4117/4
f 2052/4133/30 2053/4135/30 2046/4119/30 2045/4118/30
f 2053/4136/10 2054/4138/10 2047/4121/10 2046/4120/10
f 2054/4138/11 2048/4123/11 2041/4112/11 2047/4121/11
f 2056/4143/1 2055/4140/1 2052/4134/1 2051/4132/1
f 2057/4145/1 2056/4143/1 2051/4132/1 2050/4129/1
f 2058/4147/1 2057/4145/1 2050/4129/1 2049/4126/1
f 2059/4150/1 2058/4147/1 2049/4126/1 2048/4124/1
f 2060/4153/1 2059/4150/1 2048/4124/1 2054/4139/1
f 2061/4155/1 2060/4153/1 2054/4139/1 2053/4137/1
f 2055/4140/1 2061/4155/1 2053/4137/1 2052/4134/1
f 2063/4160/5 2062/4158/5 2055/4141/5 2056/4144/5
f 2064/4161/25 2063/4160/25 2056/4144/25 2057/4146/25
f 2065/4162/13 2064/4161/13 2057/4146/13 2058/4148/13
f 2066/4164/14 2065/4163/14 2058/4149/14 2059/4151/14
f 2067/4166/15 2066/4165/15 2059/4152/15 2060/4154/15
f 2068/4167/20 2067/4166/20 2060/4154/20 2061/4156/20
f 2062/4159/32 2068/4168/32 2061/4157/32 2055/4142/32
f 2076/4180/6 2077/4183/6 2070/4171/6 2069/4169/6
f 2077/4183/36 2078/4185/36 2071/4172/36 2070/4171/36
f 2078/4186/29 2079/4188/29 2072/4174/29 2071/4173/29
f 2079/4189/4 2080/4191/4 2073/4176/4 2072/4175/4
f 2080/4191/30 2081/4193/30 2074/4177/30 2073/4176/30
f 2081/4194/10 2082/4196/10 2075/4179/10 2074/4178/10
f 2082/4196/11 2076/4181/11 2069/4170/11 2075/4179/11
f 2084/4201/1 2083/4198/1 2080/4192/1 2079/4190/1
f 2085/4203/1 2084/4201/1 2079/4190/1 2078/4187/1
f 2086/4205/1 2085/4203/1 2078/4187/1 2077/4184/1
f 2087/4208/1 2086/4205/1 2077/4184/1 2076/4182/1
f 2088/4211/1 2087/4208/1 2076/4182/1 2082/4197/1
f 2089/4213/1 2088/4211/1 2082/4197/1 2081/4195/1
f 2083/4198/1 2089/4213/1 2081/4195/1 2080/4192/1
f 2091/4218/5 2090/4216/5 2083/4199/5 2084/4202/5
f 2092/4219/25 2091/4218/25 2084/4202/25 2085/4204/25
f 2093/4220/13 2092/4219/13 2085/4204/13 2086/4206/13
f 2094/4222/14 2093/4221/14 2086/4207/14 2087/4209/14
f 2095/4224/15 2094/4223/15 2087/4210/15 2088/4212/15
f 2096/4225/16 2095/4224/16 2088/4212/16 2089/4214/16
f 2090/4217/26 2096/4226/26 2089/4215/26 2083/4200/26
f 2104/4238/6 2105/4241/6 2098/4229/6 2097/4227/6
f 2105/4241/36 2106/4243/36 2099/4230/36 2098/4229/36
f 2106/4244/29 2107/4246/29 2100/4232/29 2099/4231/29
f 2107/4247/4 2108/4249/4 2101/4234/4 2100/4233/4
f 2108/4249/9 2109/4251/9 2102/4235/9 2101/4234/9
f 2109/4252/10 2110/4254/10 2103/4237/10 2102/4236/10
f 2110/4254/11 2104/4239/11 2097/4228/11 2103/4237/11
f 2112/4259/1 2111/4256/1 2108/4250/1 2107/4248/1
f 2113/4261/1 2112/4259/1 2107/4248/1 2106/4245/1
f 2114/4263/1 2113/4261/1 2106/4245/1 2105/4242/1
f 2115/4266/1 2114/4263/1 2105/4242/1 2104/4240/1
f 2116/4269/1 2115/4266/1 2104/4240/1 2110/4255/1
f 2117/4271/1 2116/4269/1 2110/4255/1 2109/4253/1
f 2111/4256/1 2117/4271/1 2109/4253/1 2108/4250/1
f 2119/4276/5 2118/4274/5 2111/4257/5 2112/4260/5
f 2120/4277/25 2119/4276/25 2112/4260/25 2113/4262/25
f 2121/4278/13 2120/4277/13 2113/4262/13 2114/4264/13
f 2122/4280/14 2121/4279/14 2114/4265/14 2115/4267/14
f 2123/4282/15 2122/4281/15 2115/4268/15 2116/4270/15
f 2124/4283/16 2123/4282/16 2116/4270/16 2117/4272/16
f 2118/4275/32 2124/4284/32 2117/4273/32 2111/4258/32
f 2132/4296/6 2133/4299/6 2126/4287/6 2125/4285/6
f 2133/4299/36 2134/4301/36 2127/4288/36 2126/4287/36
f 2134/4302/29 2135/4304/29 2128/4290/29 2127/4289/29
f 2135/4305/4 2136/4307/4 2129/4292/4 2128/4291/4
f 2136/4307/30 2137/4309/30 2130/4293/30 2129/4292/30
f 2137/4310/10 2138/4312/10 2131/4295/10 2130/4294/10
f 2138/4312/11 2132/4297/11 2125/4286/11 2131/4295/11
f 2140/4317/1 2139/4314/1 2136/4308/1 2135/4306/1
f 2141/4319/1 2140/4317/1 2135/4306/1 2134/4303/1
f 2142/4321/1 2141/4319/1 2134/4303/1 2133/4300/1
f 2143/4324/1 2142/4321/1 2133/4300/1 2132/4298/1
f 2144/4327/1 2143/4324/1 2132/4298/1 2138/4313/1
f 2145/4329/1 2144/4327/1 2138/4313/1 2137/4311/1
f 2139/4314/1 2145/4329/1 2137/4311/1 2136/4308/1
f 2147/4334/5 2146/4332/5 2139/4315/5 2140/4318/5
f 2148/4335/27 2147/4334/27 2140/4318/27 2141/4320/27
f 2149/4336/28 2148/4335/28 2141/4320/28 2142/4322/28
f 2150/4338/14 2149/4337/14 2142/4323/14 2143/4325/14
f 2151/4340/15 2150/4339/15 2143/4326/15 2144/4328/15
f 2152/4341/20 2151/4340/20 2144/4328/20 2145/4330/20
f 2146/4333/26 2152/4342/26 2145/4331/26 2139/4316/26
f 2160/4354/6 2161/4357/6 2154/4345/6 2153/4343/6
f 2161/4357/36 2162/4359/36 2155/4346/36 2154/4345/36
f 2162/4360/29 2163/4362/29 2156/4348/29 2155/4347/29
f 2163/4363/4 2164/4365/4 2157/4350/4 2156/4349/4
f 2164/4365/30 2165/4367/30 2158/4351/30 2157/4350/30
f 2165/4368/10 2166/4370/10 2159/4353/10 2158/4352/10
f 2166/4370/11 2160/4355/11 2153/4344/11 2159/4353/11
f 2168/4375/1 2167/4372/1 2164/4366/1 2163/4364/1
f 2169/4377/1 2168/4375/1 2163/4364/1 2162/4361/1
f 2170/4379/1 2169/4377/1 2162/4361/1 2161/4358/1
f 2171/4382/1 2170/4379/1 2161/4358/1 2160/4356/1
f 2172/4385/1 2171/4382/1 2160/4356/1 2166/4371/1
f 2173/4387/1 2172/4385/1 2166/4371/1 2165/4369/1
f 2167/4372/1 2173/4387/1 2165/4369/1 2164/4366/1
f 2175/4392/5 2174/4390/5 2167/4373/5 2168/4376/5
f 2176/4393/25 2175/4392/25 2168/4376/25 2169/4378/25
f 2177/4394/13 2176/4393/13 2169/4378/13 2170/4380/13
f 2178/4396/14 2177/4395/14 2170/4381/14 2171/4383/14
f 2179/4398/15 2178/4397/15 2171/4384/15 2172/4386/15
f 2180/4399/20 2179/4398/20 2172/4386/20 2173/4388/20
f 2174/4391/26 2180/4400/26 2173/4389/26 2167/4374/26
f 2188/4412/6 2189/4415/6 2182/4403/6 2181/4401/6
f 2189/4415/7 2190/4417/7 2183/4404/7 2182/4403/7
f 2190/4418/8 2191/4420/8 2184/4406/8 2183/4405/8
f 2191/4421/4 2192/4423/4 2185/4408/4 2184/4407/4
f 2192/4423/9 2193/4425/9 2186/4409/9 2185/4408/9
f 2193/4426/10 2194/4428/10 2187/4411/10 2186/4410/10
f 2194/4428/11 2188/4413/11 2181/4402/11 2187/4411/11
f 2196/4433/1 2195/4430/1 2192/4424/1 2191/4422/1
f 2197/4435/1 2196/4433/1 2191/4422/1 2190/4419/1
f 2198/4437/1 2197/4435/1 2190/4419/1 2189/4416/1
f 2199/4440/1 2198/4437/1 2189/4416/1 2188/4414/1
f 2200/4443/1 2199/4440/1 2188/4414/1 2194/4429/1
f 2201/4445/1 2200/4443/1 2194/4429/1 2193/4427/1
f 2195/4430/1 2201/4445/1 2193/4427/1 2192/4424/1
f 2203/4450/5 2202/4448/5 2195/4431/5 2196/4434/5
f 2204/4451/25 2203/4450/25 2196/4434/25 2197/4436/25
f 2205/4452/13 2204/4451/13 2197/4436/13 2198/4438/13
f 2206/4454/14 2205/4453/14 2198/4439/14 2199/4441/14
f 2207/4456/15 2206/4455/15 2199/4442/15 2200/4444/15
f 2208/4457/20 2207/4456/20 2200/4444/20 2201/4446/20
f 2202/4449/26 2208/4458/26 2201/4447/26 2195/4432/26
f 2216/4470/18 2217/4473/18 2210/4461/18 2209/4459/18
f 2217/4473/36 2218/4475/36 2211/4462/36 2210/4461/36
f 2218/4476/29 2219/4478/29 2212/4464/29 2211/4463/29
f 2219/4479/4 2220/4481/4 2213/4466/4 2212/4465/4
f 2220/4481/30 2221/4483/30 2214/4467/30 2213/4466/30
f 2221/4484/10 2222/4486/10 2215/4469/10 2214/4468/10
f 2222/4486/11 2216/4471/11 2209/4460/11 2215/4469/11
f 2224/4491/1 2223/4488/1 2220/4482/1 2219/4480/1
f 2225/4493/1 2224/4491/1 2219/4480/1 2218/4477/1
f 2226/4495/1 2225/4493/1 2218/4477/1 2217/4474/1
f 2227/4498/1 2226/4495/1 2217/4474/1 2216/4472/1
f 2228/4501/1 2227/4498/1 2216/4472/1 2222/4487/1
f 2229/4503/1 2228/4501/1 2222/4487/1 2221/4485/1
f 2223/4488/1 2229/4503/1 2221/4485/1 2220/4482/1
f 2231/4508/5 2230/4506/5 2223/4489/5 2224/4492/5
f 2232/4509/27 2231/4508/27 2224/4492/27 2225/4494/27
f 2233/4510/13 2232/4509/13 2225/4494/13 2226/4496/13
f 2234/4512/14 2233/4511/14 2226/4497/14 2227/4499/14
f 2235/4514/15 2234/4513/15 2227/4500/15 2228/4502/15
f 2236/4515/20 2235/4514/20 2228/4502/20 2229/4504/20
f 2230/4507/26 2236/4516/26 2229/4505/26 2223/4490/26
f 2244/4528/6 2245/4531/6 2238/4519/6 2237/4517/6
f 2245/4531/36 2246/4533/36 2239/4520/36 2238/4519/36
f 2246/4534/29 2247/4536/29 2240/4522/29 2239/4521/29
f 2247/4537/4 2248/4539/4 2241/4524/4 2240/4523/4
f 2248/4539/30 2249/4541/30 2242/4525/30 2241/4524/30
f 2249/4542/10 2250/4544/10 2243/4527/10 2242/4526/10
f 2250/4544/11 2244/4529/11 2237/4518/11 2243/4527/11
f 2252/4549/1 2251/4546/1 2248/4540/1 2247/4538/1
f 2253/4551/1 2252/4549/1 2247/4538/1 2246/4535/1
f 2254/4553/1 2253/4551/1 2246/4535/1 2245/4532/1
f 2255/4556/1 2254/4553/1 2245/4532/1 2244/4530/1
f 2256/4559/1 2255/4556/1 2244/4530/1 2250/4545/1
f 2257/4561/1 2256/4559/1 2250/4545/1 2249/4543/1
f 2251/4546/1 2257/4561/1 2249/4543/1 2248/4540/1
f 2259/4566/5 2258/4564/5 2251/4547/5 2252/4550/5
f 2260/4567/27 2259/4566/27 2252/4550/27 2253/4552/27
f 2261/4568/13 2260/4567/13 2253/4552/13 2254/4554/13
f 2262/4570/14 2261/4569/14 2254/4555/14 2255/4557/14
f 2263/4572/15 2262/4571/15 2255/4558/15 2256/4560/15
f 2264/4573/20 2263/4572/20 2256/4560/20 2257/4562/20
f 2258/4565/32 2264/4574/32 2257/4563/32 2251/4548/32
f 2272/4586/6 2273/4589/6 2266/4577/6 2265/4575/6
f 2273/4589/36 2274/4591/36 2267/4578/36 2266/4577/36
f 2274/4592/29 2275/4594/29 2268/4580/29 2267/4579/29
f 2275/4595/4 2276/4597/4 2269/4582/4 2268/4581/4
f 2276/4597/9 2277/4599/9 2270/4583/9 2269/4582/9
f 2277/4600/10 2278/4602/10 2271/4585/10 2270/4584/10
f 2278/4602/11 2272/4587/11 2265/4576/11 2271/4585/11
f 2280/4607/1 2279/4604/1 2276/4598/1 2275/4596/1
f 2281/4609/1 2280/4607/1 2275/4596/1 2274/4593/1
f 2282/4611/1 2281/4609/1 2274/4593/1 2273/4590/1
f 2283/4614/1 2282/4611/1 2273/4590/1 2272/4588/1
f 2284/4617/1 2283/4614/1 2272/4588/1 2278/4603/1
f 2285/4619/1 2284/4617/1 2278/4603/1 2277/4601/1
f 2279/4604/1 2285/4619/1 2277/4601/1 2276/4598/1
f 2287/4624/5 2286/4622/5 2279/4605/5 2280/4608/5
f 2288/4625/25 2287/4624/25 2280/4608/25 2281/4610/25
f 2289/4626/13 2288/4625/13 2281/4610/13 2282/4612/13
f 2290/4628/14 2289/4627/14 2282/4613/14 2283/4615/14
f 2291/4630/15 2290/4629/15 2283/4616/15 2284/4618/15
f 2292/4631/20 2291/4630/20 2284/4618/20 2285/4620/20
f 2286/4623/26 2292/4632/26 2285/4621/26 2279/4606/26
f 2300/4644/6 2301/4647/6 2294/4635/6 2293/4633/6
f 2301/4647/36 2302/4649/36 2295/4636/36 2294/4635/36
f 2302/4650/29 2303/4652/29 2296/4638/29 2295/4637/29
f 2303/4653/4 2304/4655/4 2297/4640/4 2296/4639/4
f 2304/4655/30 2305/4657/30 2298/4641/30 2297/4640/30
f 2305/4658/10 2306/4660/10 2299/4643/10 2298/4642/10
f 2306/4660/11 2300/4645/11 2293/4634/11 2299/4643/11
f 2308/4665/1 2307/4662/1 2304/4656/1 2303/4654/1
f 2309/4667/1 2308/4665/1 2303/4654/1 2302/4651/1
f 2310/4669/1 2309/4667/1 2302/4651/1 2301/4648/1
f 2311/4672/1 2310/4669/1 2301/4648/1 2300/4646/1
f 2312/4675/1 2311/4672/1 2300/4646/1 2306/4661/1
f 2313/4677/1 2312/4675/1 2306/4661/1 2305/4659/1
f 2307/4662/1 2313/4677/1 2305/4659/1 2304/4656/1
f 2315/4682/5 2314/4680/5 2307/4663/5 2308/4666/5
f 2316/4683/27 2315/4682/27 2308/4666/27 2309/4668/27
f 2317/4684/13 2316/4683/13 2309/4668/13 2310/4670/13
f 2318/4686/14 2317/4685/14 2310/4671/14 2311/4673/14
f 2319/4688/15 2318/4687/15 2311/4674/15 2312/4676/15
f 2320/4689/20 2319/4688/20 2312/4676/20 2313/4678/20
f 2314/4681/26 2320/4690/26 2313/4679/26 2307/4664/26
f 2328/4702/37 2329/4705/37 2322/4693/37 2321/4691/37
f 2329/4705/36 2330/4707/36 2323/4694/36 2322/4693/36
f 2330/4708/29 2331/4710/29 2324/4696/29 2323/4695/29
f 2331/4711/4 2332/4713/4 2325/4698/4 2324/4697/4
f 2332/4713/30 2333/4715/30 2326/4699/30 2325/4698/30
f 2333/4716/10 2334/4718/10 2327/4701/10 2326/4700/10
f 2334/4718/38 2328/4703/38 2321/4692/38 2327/4701/38
f 2336/4723/1 2335/4720/1 2332/4714/1 2331/4712/1
f 2337/4725/1 2336/4723/1 2331/4712/1 2330/4709/1
f 2338/4727/1 2337/4725/1 2330/4709/1 2329/4706/1
f 2339/4730/1 2338/4727/1 2329/4706/1 2328/4704/1
f 2340/4733/1 2339/4730/1 2328/4704/1 2334/4719/1
f 2341/4735/1 2340/4733/1 2334/4719/1 2333/4717/1
f 2335/4720/1 2341/4735/1 2333/4717/1 2332/4714/1
f 2343/4740/5 2342/4738/5 2335/4721/5 2336/4724/5
f 2344/4741/27 2343/4740/27 2336/4724/27 2337/4726/27
f 2345/4742/28 2344/4741/28 2337/4726/28 2338/4728/28
f 2346/4744/39 2345/4743/39 2338/4729/39 2339/4731/39
f 2347/4746/40 2346/4745/40 2339/4732/40 2340/4734/40
f 2348/4747/20 2347/4746/20 2340/4734/20 2341/4736/20
f 2342/4739/26 2348/4748/26 2341/4737/26 2335/4722/26
f 2356/4760/37 2357/4763/37 2350/4751/37 2349/4749/37
f 2357/4763/36 2358/4765/36 2351/4752/36 2350/4751/36
f 2358/4766/29 2359/4768/29 2352/4754/29 2351/4753/29
f 2359/4769/4 2360/4771/4 2353/4756/4 2352/4755/4
f 2360/4771/9 2361/4773/9 2354/4757/9 2353/4756/9
f 2361/4774/10 2362/4776/10 2355/4759/10 2354/4758/10
f 2362/4776/38 2356/4761/38 2349/4750/38 2355/4759/38
f 2364/4781/1 2363/4778/1 2360/4772/1 2359/4770/1
f 2365/4783/1 2364/4781/1 2359/4770/1 2358/4767/1
f 2366/4785/1 2365/4783/1 2358/4767/1 2357/4764/1
f 2367/4788/1 2366/4785/1 2357/4764/1 2356/4762/1
f 2368/4791/1 2367/4788/1 2356/4762/1 2362/4777/1
f 2369/4793/1 2368/4791/1 2362/4777/1 2361/4775/1
f 2363/4778/1 2369/4793/1 2361/4775/1 2360/4772/1
f 2371/4798/5 2370/4796/5 2363/4779/5 2364/4782/5
f 2372/4799/25 2371/4798/25 2364/4782/25 2365/4784/25
f 2373/4800/13 2372/4799/13 2365/4784/13 2366/4786/13
f 2374/4802/39 2373/4801/39 2366/4787/39 2367/4789/39
f 2375/4804/40 2374/4803/40 2367/4790/40 2368/4792/40
f 2376/4805/20 2375/4804/20 2368/4792/20 2369/4794/20
f 2370/4797/32 2376/4806/32 2369/4795/32 2363/4780/32
f 2384/4818/37 2385/4821/37 2378/4809/37 2377/4807/37
f 2385/4821/36 2386/4823/36 2379/4810/36 2378/4809/36
f 2386/4824/29 2387/4826/29 2380/4812/29 2379/4811/29
f 2387/4827/4 2388/4829/4 2381/4814/4 2380/4813/4
f 2388/4829/30 2389/4831/30 2382/4815/30 2381/4814/30
f 2389/4832/10 2390/4834/10 2383/4817/10 2382/4816/10
f 2390/4834/38 2384/4819/38 2377/4808/38 2383/4817/38
f 2392/4839/1 2391/4836/1 2388/4830/1 2387/4828/1
f 2393/4841/1 2392/4839/1 2387/4828/1 2386/4825/1
f 2394/4843/1 2393/4841/1 2386/4825/1 2385/4822/1
f 2395/4846/1 2394/4843/1 2385/4822/1 2384/4820/1
f 2396/4849/1 2395/4846/1 2384/4820/1 2390/4835/1
f 2397/4851/1 2396/4849/1 2390/4835/1 2389/4833/1
f 2391/4836/1 2397/4851/1 2389/4833/1 2388/4830/1
f 2399/4856/5 2398/4854/5 2391/4837/5 2392/4840/5
f 2400/4857/27 2399/4856/27 2392/4840/27 2393/4842/27
f 2401/4858/13 2400/4857/13 2393/4842/13 2394/4844/13
f 2402/4860/39 2401/4859/39 2394/4845/39 2395/4847/39
f 2403/4862/40 2402/4861/40 2395/4848/40 2396/4850/40
f 2404/4863/20 2403/4862/20 2396/4850/20 2397/4852/20
f 2398/4855/32 2404/4864/32 2397/4853/32 2391/4838/32
f 2412/4876/37 2413/4879/37 2406/4867/37 2405/4865/37
f 2413/4879/36 2414/4881/36 2407/4868/36 2406/4867/36
f 2414/4882/29 2415/4884/29 2408/4870/29 2407/4869/29
f 2415/4885/4 2416/4887/4 2409/4872/4 2408/4871/4
f 2416/4887/30 2417/4889/30 2410/4873/30 2409/4872/30
f 2417/4890/10 2418/4892/10 2411/4875/10 2410/4874/10
f 2418/4892/38 2412/4877/38 2405/4866/38 2411/4875/38
f 2420/4897/1 2419/4894/1 2416/4888/1 2415/4886/1
f 2421/4899/1 2420/4897/1 2415/4886/1 2414/4883/1
f 2422/4901/1 2421/4899/1 2414/4883/1 2413/4880/1
f 2423/4904/1 2422/4901/1 2413/4880/1 2412/4878/1
f 2424/4907/1 2423/4904/1 2412/4878/1 2418/4893/1
f 2425/4909/1 2424/4907/1 2418/4893/1 2417/4891/1
f 2419/4894/1 2425/4909/1 2417/4891/1 2416/4888/1
f 2427/4914/5 2426/4912/5 2419/4895/5 2420/4898/5
f 2428/4915/25 2427/4914/25 2420/4898/25 2421/4900/25
f 2429/4916/13 2428/4915/13 2421/4900/13 2422/4902/13
f 2430/4918/39 2429/4917/39 2422/4903/39 2423/4905/39
f 2431/4920/40 2430/4919/40 2423/4906/40 2424/4908/40
f 2432/4921/16 2431/4920/16 2424/4908/16 2425/4910/16
f 2426/4913/32 2432/4922/32 2425/4911/32 2419/4896/32
f 2440/4934/37 2441/4937/37 2434/4925/37 2433/4923/37
f 2441/4937/7 2442/4939/7 2435/4926/7 2434/4925/7
f 2442/4940/8 2443/4942/8 2436/4928/8 2435/4927/8
f 2443/4943/4 2444/4945/4 2437/4930/4 2436/4929/4
f 2444/4945/9 2445/4947/9 2438/4931/9 2437/4930/9
f 2445/4948/10 2446/4950/10 2439/4933/10 2438/4932/10
f 2446/4950/38 2440/4935/38 2433/4924/38 2439/4933/38
f 2448/4955/1 2447/4952/1 2444/4946/1 2443/4944/1
f 2449/4957/1 2448/4955/1 2443/4944/1 2442/4941/1
f 2450/4959/1 2449/4957/1 2442/4941/1 2441/4938/1
f 2451/4962/1 2450/4959/1 2441/4938/1 2440/4936/1
f 2452/4965/1 2451/4962/1 2440/4936/1 2446/4951/1
f 2453/4967/1 2452/4965/1 2446/4951/1 2445/4949/1
f 2447/4952/1 2453/4967/1 2445/4949/1 2444/4946/1
f 2455/4972/5 2454/4970/5 2447/4953/5 2448/4956/5
f 2456/4973/27 2455/4972/27 2448/4956/27 2449/4958/27
f 2457/4974/13 2456/4973/13 2449/4958/13 2450/4960/13
f 2458/4976/39 2457/4975/39 2450/4961/39 2451/4963/39
f 2459/4978/40 2458/4977/40 2451/4964/40 2452/4966/40
f 2460/4979/20 2459/4978/20 2452/4966/20 2453/4968/20
f 2454/4971/32 2460/4980/32 2453/4969/32 2447/4954/32
f 2468/4992/37 2469/4995/37 2462/4983/37 2461/4981/37
f 2469/4995/36 2470/4997/36 2463/4984/36 2462/4983/36
f 2470/4998/29 2471/5000/29 2464/4986/29 2463/4985/29
f 2471/5001/4 2472/5003/4 2465/4988/4 2464/4987/4
f 2472/5003/30 2473/5005/30 2466/4989/30 2465/4988/30
f 2473/5006/10 2474/5008/10 2467/4991/10 2466/4990/10
f 2474/5008/38 2468/4993/38 2461/4982/38 2467/4991/38
f 2476/5013/1 2475/5010/1 2472/5004/1 2471/5002/1
f 2477/5015/1 2476/5013/1 2471/5002/1 2470/4999/1
f 2478/5017/1 2477/5015/1 2470/4999/1 2469/4996/1
f 2479/5020/1 2478/5017/1 2469/4996/1 2468/4994/1
f 2480/5023/1 2479/5020/1 2468/4994/1 2474/5009/1
f 2481/5025/1 2480/5023/1 2474/5009/1 2473/5007/1
f 2475/5010/1 2481/5025/1 2473/5007/1 2472/5004/1
f 2483/5030/5 2482/5028/5 2475/5011/5 2476/5014/5
f 2484/5031/27 2483/5030/27 2476/5014/27 2477/5016/27
f 2485/5032/28 2484/5031/28 2477/5016/28 2478/5018/28
f 2486/5034/39 2485/5033/39 2478/5019/39 2479/5021/39
f 2487/5036/40 2486/5035/40 2479/5022/40 2480/5024/40
f 2488/5037/20 2487/5036/20 2480/5024/20 2481/5026/20
f 2482/5029/26 2488/5038/26 2481/5027/26 2475/5012/26
f 2496/5050/37 2497/5053/37 2490/5041/37 2489/5039/37
f 2497/5053/36 2498/5055/36 2491/5042/36 2490/5041/36
f 2498/5056/29 2499/5058/29 2492/5044/29 2491/5043/29
f 2499/5059/4 2500/5061/4 2493/5046/4 2492/5045/4
f 2500/5061/30 2501/5063/30 2494/5047/30 2493/5046/30
f 2501/5064/10 2502/5066/10 2495/5049/10 2494/5048/10
f 2502/5066/38 2496/5051/38 2489/5040/38 2495/5049/38
f 2504/5071/1 2503/5068/1 2500/5062/1 2499/5060/1
f 2505/5073/1 2504/5071/1 2499/5060/1 2498/5057/1
f 2506/5075/1 2505/5073/1 2498/5057/1 2497/5054/1
f 2507/5078/1 2506/5075/1 2497/5054/1 2496/5052/1
f 2508/5081/1 2507/5078/1 2496/5052/1 2502/5067/1
f 2509/5083/1 2508/5081/1 2502/5067/1 2501/5065/1
f 2503/5068/1 2509/5083/1 2501/5065/1 2500/5062/1
f 2511/5088/5 2510/5086/5 2503/5069/5 2504/5072/5
f 2512/5089/25 2511/5088/25 2504/5072/25 2505/5074/25
f 2513/5090/13 2512/5089/13 2505/5074/13 2506/5076/13
f 2514/5092/39 2513/5091/39 2506/5077/39 2507/5079/39
f 2515/5094/40 2514/5093/40 2507/5080/40 2508/5082/40
f 2516/5095/20 2515/5094/20 2508/5082/20 2509/5084/20
f 2510/5087/26 2516/5096/26 2509/5085/26 2503/5070/26
f 2524/5108/37 2525/5111/37 2518/5099/37 2517/5097/37
f 2525/5111/36 2526/5113/36 2519/5100/36 2518/5099/36
f 2526/5114/29 2527/5116/29 2520/5102/29 2519/5101/29
f 2527/5117/4 2528/5119/4 2521/5104/4 2520/5103/4
f 2528/5119/9 2529/5121/9 2522/5105/9 2521/5104/9
f 2529/5122/10 2530/5124/10 2523/5107/10 2522/5106/10
f 2530/5124/38 2524/5109/38 2517/5098/38 2523/5107/38
f 2532/5129/1 2531/5126/1 2528/5120/1 2527/5118/1
f 2533/5131/1 2532/5129/1 2527/5118/1 2526/5115/1
f 2534/5133/1 2533/5131/1 2526/5115/1 2525/5112/1
f 2535/5136/1 2534/5133/1 2525/5112/1 2524/5110/1
f 2536/5139/1 2535/5136/1 2524/5110/1 2530/5125/1
f 2537/5141/1 2536/5139/1 2530/5125/1 2529/5123/1
f 2531/5126/1 2537/5141/1 2529/5123/1 2528/5120/1
f 2539/5146/5 2538/5144/5 2531/5127/5 2532/5130/5
f 2540/5147/25 2539/5146/25 2532/5130/25 2533/5132/25
f 2541/5148/13 2540/5147/13 2533/5132/13 2534/5134/13
f 2542/5150/39 2541/5149/39 2534/5135/39 2535/5137/39
f 2543/5152/40 2542/5151/40 2535/5138/40 2536/5140/40
f 2544/5153/20 2543/5152/20 2536/5140/20 2537/5142/20
f 2538/5145/26 2544/5154/26 2537/5143/26 2531/5128/26
f 2552/5166/37 2553/5169/37 2546/5157/37 2545/5155/37
f 2553/5169/36 2554/5171/36 2547/5158/36 2546/5157/36
f 2554/5172/29 2555/5174/29 2548/5160/29 2547/5159/29
f 2555/5175/4 2556/5177/4 2549/5162/4 2548/5161/4
f 2556/5177/30 2557/5179/30 2550/5163/30 2549/5162/30
f 2557/5180/10 2558/5182/10 2551/5165/10 2550/5164/10
f 2558/5182/38 2552/5167/38 2545/5156/38 2551/5165/38
f 2560/5187/1 2559/5184/1 2556/5178/1 2555/5176/1
f 2561/5189/1 2560/5187/1 2555/5176/1 2554/5173/1
f 2562/5191/1 2561/5189/1 2554/5173/1 2553/5170/1
f 2563/5194/1 2562/5191/1 2553/5170/1 2552/5168/1
f 2564/5197/1 2563/5194/1 2552/5168/1 2558/5183/1
f 2565/5199/1 2564/5197/1 2558/5183/1 2557/5181/1
f 2559/5184/1 2565/5199/1 2557/5181/1 2556/5178/1
f 2567/5204/5 2566/5202/5 2559/5185/5 2560/5188/5
f 2568/5205/25 2567/5204/25 2560/5188/25 2561/5190/25
f 2569/5206/13 2568/5205/13 2561/5190/13 2562/5192/13
f 2570/5208/39 2569/5207/39 2562/5193/39 2563/5195/39
f 2571/5210/40 2570/5209/40 2563/5196/40 2564/5198/40
f 2572/5211/20 2571/5210/20 2564/5198/20 2565/5200/20
f 2566/5203/26 2572/5212/26 2565/5201/26 2559/5186/26
f 2580/5224/37 2581/5227/37 2574/5215/37 2573/5213/37
f 2581/5227/36 2582/5229/36 2575/5216/36 2574/5215/36
f 2582/5230/29 2583/5232/29 2576/5218/29 2575/5217/29
f 2583/5233/4 2584/5235/4 2577/5220/4 2576/5219/4
f 2584/5235/30 2585/5237/30 2578/5221/30 2577/5220/30
f 2585/5238/10 2586/5240/10 2579/5223/10 2578/5222/10
f 2586/5240/38 2580/5225/38 2573/5214/38 2579/5223/38
f 2588/5245/1 2587/5242/1 2584/5236/1 2583/5234/1
f 2589/5247/1 2588/5245/1 2583/5234/1 2582/5231/1
f 2590/5249/1 2589/5247/1 2582/5231/1 2581/5228/1
f 2591/5252/1 2590/5249/1 2581/5228/1 2580/5226/1
f 2592/5255/1 2591/5252/1 2580/5226/1 2586/5241/1
f 2593/5257/1 2592/5255/1 2586/5241/1 2585/5239/1
f 2587/5242/1 2593/5257/1 2585/5239/1 2584/5236/1
f 2595/5262/5 2594/5260/5 2587/5243/5 2588/5246/5
f 2596/5263/27 2595/5262/27 2588/5246/27 2589/5248/27
f 2597/5264/28 2596/5263/28 2589/5248/28 2590/5250/28
f 2598/5266/39 2597/5265/39 2590/5251/39 2591/5253/39
f 2599/5268/40 2598/5267/40 2591/5254/40 2592/5256/40
f 2600/5269/20 2599/5268/20 2592/5256/20 2593/5258/20
f 2594/5261/26 2600/5270/26 2593/5259/26 2587/5244/26
f 2608/5282/37 2609/5285/37 2602/5273/37 2601/5271/37
f 2609/5285/36 2610/5287/36 2603/5274/36 2602/5273/36
f 2610/5288/29 2611/5290/29 2604/5276/29 2603/5275/29
f 2611/5291/4 2612/5293/4 2605/5278/4 2604/5277/4
f 2612/5293/9 2613/5295/9 2606/5279/9 2605/5278/9
f 2613/5296/10 2614/5298/10 2607/5281/10 2606/5280/10
f 2614/5298/38 2608/5283/38 2601/5272/38 2607/5281/38
f 2616/5303/1 2615/5300/1 2612/5294/1 2611/5292/1
f 2617/5305/1 2616/5303/1 2611/5292/1 2610/5289/1
f 2618/5307/1 2617/5305/1 2610/5289/1 2609/5286/1
f 2619/5310/1 2618/5307/1 2609/5286/1 2608/5284/1
f 2620/5313/1 2619/5310/1 2608/5284/1 2614/5299/1
f 2621/5315/1 2620/5313/1 2614/5299/1 2613/5297/1
f 2615/5300/1 2621/5315/1 2613/5297/1 2612/5294/1
f 2623/5320/5 2622/5318/5 2615/5301/5 2616/5304/5
f 2624/5321/25 2623/5320/25 2616/5304/25 2617/5306/25
f 2625/5322/13 2624/5321/13 2617/5306/13 2618/5308/13
f 2626/5324/39 2625/5323/39 2618/5309/39 2619/5311/39
f 2627/5326/40 2626/5325/40 2619/5312/40 2620/5314/40
f 2628/5327/20 2627/5326/20 2620/5314/20 2621/5316/20
f 2622/5319/32 2628/5328/32 2621/5317/32 2615/5302/32
f 2636/5340/37 2637/5343/37 2630/5331/37 2629/5329/37
f 2637/5343/36 2638/5345/36 2631/5332/36 2630/5331/36
f 2638/5346/29 2639/5348/29 2632/5334/29 2631/5333/29
f 2639/5349/4 2640/5351/4 2633/5336/4 2632/5335/4
f 2640/5351/30 2641/5353/30 2634/5337/30 2633/5336/30
f 2641/5354/10 2642/5356/10 2635/5339/10 2634/5338/10
f 2642/5356/38 2636/5341/38 2629/5330/38 2635/5339/38
f 2644/5361/1 2643/5358/1 2640/5352/1 2639/5350/1
f 2645/5363/1 2644/5361/1 2639/5350/1 2638/5347/1
f 2646/5365/1 2645/5363/1 2638/5347/1 2637/5344/1
f 2647/5368/1 2646/5365/1 2637/5344/1 2636/5342/1
f 2648/5371/1 2647/5368/1 2636/5342/1 2642/5357/1
f 2649/5373/1 2648/5371/1 2642/5357/1 2641/5355/1
f 2643/5358/1 2649/5373/1 2641/5355/1 2640/5352/1
f 2651/5378/5 2650/5376/5 2643/5359/5 2644/5362/5
f 2652/5379/27 2651/5378/27 2644/5362/27 2645/5364/27
f 2653/5380/13 2652/5379/13 2645/5364/13 2646/5366/13
f 2654/5382/39 2653/5381/39 2646/5367/39 2647/5369/39
f 2655/5384/40 2654/5383/40 2647/5370/40 2648/5372/40
f 2656/5385/20 2655/5384/20 2648/5372/20 2649/5374/20
f 2650/5377/32 2656/5386/32 2649/5375/32 2643/5360/32
f 2664/5398/37 2665/5401/37 2658/5389/37 2657/5387/37
f 2665/5401/36 2666/5403/36 2659/5390/36 2658/5389/36
f 2666/5404/29 2667/5406/29 2660/5392/29 2659/5391/29
f 2667/5407/4 2668/5409/4 2661/5394/4 2660/5393/4
f 2668/5409/30 2669/5411/30 2662/5395/30 2661/5394/30
f 2669/5412/10 2670/5414/10 2663/5397/10 2662/5396/10
f 2670/5414/38 2664/5399/38 2657/5388/38 2663/5397/38
f 2672/5419/1 2671/5416/1 2668/5410/1 2667/5408/1
f 2673/5421/1 2672/5419/1 2667/5408/1 2666/5405/1
f 2674/5423/1 2673/5421/1 2666/5405/1 2665/5402/1
f 2675/5426/1 2674/5423/1 2665/5402/1 2664/5400/1
f 2676/5429/1 2675/5426/1 2664/5400/1 2670/5415/1
f 2677/5431/1 2676/5429/1 2670/5415/1 2669/5413/1
f 2671/5416/1 2677/5431/1 2669/5413/1 2668/5410/1
f 2679/5436/5 2678/5434/5 2671/5417/5 2672/5420/5
f 2680/5437/25 2679/5436/25 2672/5420/25 2673/5422/25
f 2681/5438/13 2680/5437/13 2673/5422/13 2674/5424/13
f 2682/5440/39 2681/5439/39 2674/5425/39 2675/5427/39
f 2683/5442/40 2682/5441/40 2675/5428/40 2676/5430/40
f 2684/5443/16 2683/5442/16 2676/5430/16 2677/5432/16
f 2678/5435/32 2684/5444/32 2677/5433/32 2671/5418/32
f 2692/5456/37 2693/5459/37 2686/5447/37 2685/5445/37
f 2693/5459/7 2694/5461/7 2687/5448/7 2686/5447/7
f 2694/5462/8 2695/5464/8 2688/5450/8 2687/5449/8
f 2695/5465/4 2696/5467/4 2689/5452/4 2688/5451/4
f 2696/5467/9 2697/5469/9 2690/5453/9 2689/5452/9
f 2697/5470/10 2698/5472/10 2691/5455/10 2690/5454/10
f 2698/5472/38 2692/5457/38 2685/5446/38 2691/5455/38
f 2700/5477/1 2699/5474/1 2696/5468/1 2695/5466/1
f 2701/5479/1 2700/5477/1 2695/5466/1 2694/5463/1
f 2702/5481/1 2701/5479/1 2694/5463/1 2693/5460/1
f 2703/5484/1 2702/5481/1 2693/5460/1 2692/5458/1
f 2704/5487/1 2703/5484/1 2692/5458/1 2698/5473/1
f 2705/5489/1 2704/5487/1 2698/5473/1 2697/5471/1
f 2699/5474/1 2705/5489/1 2697/5471/1 2696/5468/1
f 2707/5494/5 2706/5492/5 2699/5475/5 2700/5478/5
f 2708/5495/27 2707/5494/27 2700/5478/27 2701/5480/27
f 2709/5496/13 2708/5495/13 2701/5480/13 2702/5482/13
f 2710/5498/39 2709/5497/39 2702/5483/39 2703/5485/39
f 2711/5500/40 2710/5499/40 2703/5486/40 2704/5488/40
f 2712/5501/20 2711/5500/20 2704/5488/20 2705/5490/20
f 2706/5493/32 2712/5502/32 2705/5491/32 2699/5476/32
f 2720/5514/37 2721/5517/37 2714/5505/37 2713/5503/37
f 2721/5517/36 2722/5519/36 2715/5506/36 2714/5505/36
f 2722/5520/29 2723/5522/29 2716/5508/29 2715/5507/29
f 2723/5523/4 2724/5525/4 2717/5510/4 2716/5509/4
f 2724/5525/30 2725/5527/30 2718/5511/30 2717/5510/30
f 2725/5528/10 2726/5530/10 2719/5513/10 2718/5512/10
f 2726/5530/38 2720/5515/38 2713/5504/38 2719/5513/38
f 2728/5535/1 2727/5532/1 2724/5526/1 2723/5524/1
f 2729/5537/1 2728/5535/1 2723/5524/1 2722/5521/1
f 2730/5539/1 2729/5537/1 2722/5521/1 2721/5518/1
f 2731/5542/1 2730/5539/1 2721/5518/1 2720/5516/1
f 2732/5545/1 2731/5542/1 2720/5516/1 2726/5531/1
f 2733/5547/1 2732/5545/1 2726/5531/1 2725/5529/1
f 2727/5532/1 2733/5547/1 2725/5529/1 2724/5526/1
f 2735/5552/5 2734/5550/5 2727/5533/5 2728/5536/5
f 2736/5553/27 2735/5552/27 2728/5536/27 2729/5538/27
f 2737/5554/28 2736/5553/28 2729/5538/28 2730/5540/28
f 2738/5556/39 2737/5555/39 2730/5541/39 2731/5543/39
f 2739/5558/40 2738/5557/40 2731/5544/40 2732/5546/40
f 2740/5559/20 2739/5558/20 2732/5546/20 2733/5548/20
f 2734/5551/26 2740/5560/26 2733/5549/26 2727/5534/26
f 2748/5572/37 2749/5575/37 2742/5563/37 2741/5561/37
f 2749/5575/36 2750/5577/36 2743/5564/36 2742/5563/36
f 2750/5578/29 2751/5580/29 2744/5566/29 2743/5565/29
f 2751/5581/4 2752/5583/4 2745/5568/4 2744/5567/4
f 2752/5583/30 2753/5585/30 2746/5569/30 2745/5568/30
f 2753/5586/10 2754/5588/10 2747/5571/10 2746/5570/10
f 2754/5588/38 2748/5573/38 2741/5562/38 2747/5571/38
f 2756/5593/1 2755/5590/1 2752/5584/1 2751/5582/1
f 2757/5595/1 2756/5593/1 2751/5582/1 2750/5579/1
f 2758/5597/1 2757/5595/1 2750/5579/1 2749/5576/1
f 2759/5600/1 2758/5597/1 2749/5576/1 2748/5574/1
f 2760/5603/1 2759/5600/1 2748/5574/1 2754/5589/1
f 2761/5605/1 2760/5603/1 2754/5589/1 2753/5587/1
f 2755/5590/1 2761/5605/1 2753/5587/1 2752/5584/1
f 2763/5610/5 2762/5608/5 2755/5591/5 2756/5594/5
f 2764/5611/25 2763/5610/25 2756/5594/25 2757/5596/25
f 2765/5612/13 2764/5611/13 2757/5596/13 2758/5598/13
f 2766/5614/39 2765/5613/39 2758/5599/39 2759/5601/39
f 2767/5616/40 2766/5615/40 2759/5602/40 2760/5604/40
f 2768/5617/20 2767/5616/20 2760/5604/20 2761/5606/20
f 2762/5609/26 2768/5618/26 2761/5607/26 2755/5592/26
f 2776/5630/37 2777/5633/37 2770/5621/37 2769/5619/37
f 2777/5633/36 2778/5635/36 2771/5622/36 2770/5621/36
f 2778/5636/29 2779/5638/29 2772/5624/29 2771/5623/29
f 2779/5639/4 2780/5641/4 2773/5626/4 2772/5625/4
f 2780/5641/9 2781/5643/9 2774/5627/9 2773/5626/9
f 2781/5644/10 2782/5646/10 2775/5629/10 2774/5628/10
f 2782/5646/38 2776/5631/38 2769/5620/38 2775/5629/38
f 2784/5651/1 2783/5648/1 2780/5642/1 2779/5640/1
f 2785/5653/1 2784/5651/1 2779/5640/1 2778/5637/1
f 2786/5655/1 2785/5653/1 2778/5637/1 2777/5634/1
f 2787/5658/1 2786/5655/1 2777/5634/1 2776/5632/1
f 2788/5661/1 2787/5658/1 2776/5632/1 2782/5647/1
f 2789/5663/1 2788/5661/1 2782/5647/1 2781/5645/1
f 2783/5648/1 2789/5663/1 2781/5645/1 2780/5642/1
f 2791/5668/5 2790/5666/5 2783/5649/5 2784/5652/5
f 2792/5669/25 2791/5668/25 2784/5652/25 2785/5654/25
f 2793/5670/13 2792/5669/13 2785/5654/13 2786/5656/13
f 2794/5672/39 2793/5671/39 2786/5657/39 2787/5659/39
f 2795/5674/40 2794/5673/40 2787/5660/40 2788/5662/40
f 2796/5675/20 2795/5674/20 2788/5662/20 2789/5664/20
f 2790/5667/26 2796/5676/26 2789/5665/26 2783/5650/26
f 2804/5688/37 2805/5691/37 2798/5679/37 2797/5677/37
f 2805/5691/36 2806/5693/36 2799/5680/36 2798/5679/36
f 2806/5694/29 2807/5696/29 2800/5682/29 2799/5681/29
f 2807/5697/4 2808/5699/4 2801/5684/4 2800/5683/4
f 2808/5699/30 2809/5701/30 2802/5685/30 2801/5684/30
f 2809/5702/10 2810/5704/10 2803/5687/10 2802/5686/10
f 2810/5704/38 2804/5689/38 2797/5678/38 2803/5687/38
f 2812/5709/1 2811/5706/1 2808/5700/1 2807/5698/1
f 2813/5711/1 2812/5709/1 2807/5698/1 2806/5695/1
f 2814/5713/1 2813/5711/1 2806/5695/1 2805/5692/1
f 2815/5716/1 2814/5713/1 2805/5692/1 2804/5690/1
f 2816/5719/1 2815/5716/1 2804/5690/1 2810/5705/1
f 2817/5721/1 2816/5719/1 2810/5705/1 2809/5703/1
f 2811/5706/1 2817/5721/1 2809/5703/1 2808/5700/1
f 2819/5726/5 2818/5724/5 2811/5707/5 2812/5710/5
f 2820/5727/25 2819/5726/25 2812/5710/25 2813/5712/25
f 2821/5728/13 2820/5727/13 2813/5712/13 2814/5714/13
f 2822/5730/39 2821/5729/39 2814/5715/39 2815/5717/39
f 2823/5732/40 2822/5731/40 2815/5718/40 2816/5720/40
f 2824/5733/20 2823/5732/20 2816/5720/20 2817/5722/20
f 2818/5725/26 2824/5734/26 2817/5723/26 2811/5708/26
f 2825/5735/1 2826/5736/1 2828/5738/1 2827/5737/1
f 2829/5739/2 2830/5741/2 2832/5745/2 2831/5743/2
f 2833/5747/3 2834/5749/3 2836/5752/3 2835/5750/3
f 2835/5751/4 2829/5740/4 2831/5744/4 2833/5748/4
f 2830/5742/5 2836/5752/5 2834/5749/5 2832/5746/5
f 2837/5753/2 2838/5755/2 2840/5759/2 2839/5757/2
f 2841/5761/3 2842/5763/3 2844/5766/3 2843/5764/3
f 2843/5765/4 2837/5754/4 2839/5758/4 2841/5762/4
f 2838/5756/5 2844/5766/5 2842/5763/5 2840/5760/5
f 2845/5767/2 2846/5769/2 2848/5773/2 2847/5771/2
f 2849/5775/3 2850/5777/3 2852/5780/3 2851/5778/3
f 2851/5779/4 2845/5768/4 2847/5772/4 2849/5776/4
f 2846/5770/5 2852/5780/5 2850/5777/5 2848/5774/5
f 2853/5781/2 2854/5783/2 2856/5787/2 2855/5785/2
f 2857/5789/3 2858/5791/3 2860/5794/3 2859/5792/3
f 2859/5793/4 2853/5782/4 2855/5786/4 2857/5790/4
f 2854/5784/5 2860/5794/5 2858/5791/5 2856/5788/5
f 2861/5795/1 2862/5796/1 2864/5798/1 2863/5797/1
f 2865/5799/1 2866/5800/1 2868/5802/1 2867/5801/1
f 2869/5803/1 2870/5804/1 2872/5806/1 2871/5805/1
f 2873/5807/1 2874/5808/1 2876/5810/1 2875/5809/1
f 2877/5811/1 2878/5812/1 2880/5814/1 2879/5813/1
f 2881/5815/2 2882/5817/2 2884/5821/2 2883/5819/2
f 2885/5823/3 2886/5825/3 2888/5828/3 2887/5826/3
f 2887/5827/4 2881/5816/4 2883/5820/4 2885/5824/4
f 2882/5818/5 2888/5828/5 2886/5825/5 2884/5822/5
f 2889/5829/2 2890/5831/2 2892/5835/2 2891/5833/2
f 2893/5837/3 2894/5839/3 2896/5842/3 2895/5840/3
f 2895/5841/4 2889/5830/4 2891/5834/4 2893/5838/4
f 2890/5832/5 2896/5842/5 2894/5839/5 2892/5836/5
f 2897/5843/2 2898/5845/2 2900/5849/2 2899/5847/2
f 2901/5851/3 2902/5853/3 2904/5856/3 2903/5854/3
f 2903/5855/4 2897/5844/4 2899/5848/4 2901/5852/4
f 2898/5846/5 2904/5856/5 2902/5853/5 2900/5850/5
f 2905/5857/2 2906/5859/2 2908/5863/2 2907/5861/2
f 2909/5865/3 2910/5867/3 2912/5870/3 2911/5868/3
f 2911/5869/4 2905/5858/4 2907/5862/4 2909/5866/4
f 2906/5860/5 2912/5870/5 2910/5867/5 2908/5864/5
f 2913/5871/1 2914/5872/1 2916/5874/1 2915/5873/1
f 2917/5875/1 2918/5876/1 2920/5878/1 2919/5877/1
f 2921/5879/1 2922/5880/1 2924/5882/1 2923/5881/1
f 2925/5883/2 2926/5885/2 2928/5889/2 2927/5887/2
f 2929/5891/3 2930/5893/3 2932/5896/3 2931/5894/3
f 2931/5895/4 2925/5884/4 2927/5888/4 2929/5892/4
f 2926/5886/5 2932/5896/5 2930/5893/5 2928/5890/5
f 2933/5897/2 2934/5899/2 2936/5903/2 2935/5901/2
f 2937/5905/3 2938/5907/3 2940/5910/3 2939/5908/3
f 2939/5909/4 2933/5898/4 2935/5902/4 2937/5906/4
f 2934/5900/5 2940/5910/5 2938/5907/5 2936/5904/5
f 2941/5911/2 2942/5913/2 2944/5917/2 2943/5915/2
f 2945/5919/3 2946/5921/3 2948/5924/3 2947/5922/3
f 2947/5923/4 2941/5912/4 2943/5916/4 2945/5920/4
f 2942/5914/5 2948/5924/5 2946/5921/5 2944/5918/5
f 2949/5925/2 2950/5927/2 2952/5931/2 2951/5929/2
f 2953/5933/3 2954/5935/3 2956/5938/3 2955/5936/3
f 2955/5937/4 2949/5926/4 2951/5930/4 2953/5934/4
f 2950/5928/5 2956/5938/5 2954/5935/5 2952/5932/5
f 2957/5939/1 2958/5940/1 2960/5942/1 2959/5941/1
f 2961/5943/1 2962/5944/1 2964/5946/1 2963/5945/1
f 2965/5947/1 2966/5948/1 2968/5950/1 2967/5949/1
f 2969/5951/2 2970/5953/2 2972/5957/2 2971/5955/2
f 2973/5959/3 2974/5961/3 2976/5964/3 2975/5962/3
f 2975/5963/4 2969/5952/4 2971/5956/4 2973/5960/4
f 2970/5954/5 2976/5964/5 2974/5961/5 2972/5958/5
f 2977/5965/2 2978/5967/2 2980/5971/2 2979/5969/2
f 2981/5973/3 2982/5975/3 2984/5978/3 2983/5976/3
f 2983/5977/4 2977/5966/4 2979/5970/4 2981/5974/4
f 2978/5968/5 2984/5978/5 2982/5975/5 2980/5972/5
f 2985/5979/2 2986/5981/2 2988/5985/2 2987/5983/2
f 2989/5987/3 2990/5989/3 2992/5992/3 2991/5990/3
f 2991/5991/4 2985/5980/4 2987/5984/4 2989/5988/4
f 2986/5982/5 2992/5992/5 2990/5989/5 2988/5986/5
f 2993/5993/2 2994/5995/2 2996/5999/2 2995/5997/2
f 2997/6001/3 2998/6003/3 3000/6006/3 2999/6004/3
f 2999/6005/4 2993/5994/4 2995/5998/4 2997/6002/4
f 2994/5996/5 3000/6006/5 2998/6003/5 2996/6000/5
f 3001/6007/1 3002/6008/1 3004/6010/1 3003/6009/1
f 3005/6011/1 3006/6012/1 3008/6014/1 3007/6013/1
f 3009/6015/1 3010/6016/1 3012/6018/1 3011/6017/1
f 3013/6019/2 3014/6021/2 3016/6025/2 3015/6023/2
f 3017/6027/3 3018/6029/3 3020/6032/3 3019/6030/3
f 3019/6031/4 3013/6020/4 3015/6024/4 3017/6028/4
f 3014/6022/5 3020/6032/5 3018/6029/5 3016/6026/5
f 3021/6033/2 3022/6035/2 3024/6039/2 3023/6037/2
f 3025/6041/3 3026/6043/3 3028/6046/3 3027/6044/3
f 3027/6045/4 3021/6034/4 3023/6038/4 3025/6042/4
f 3022/6036/5 3028/6046/5 3026/6043/5 3024/6040/5
f 3029/6047/2 3030/6049/2 3032/6053/2 3031/6051/2
f 3033/6055/3 3034/6057/3 3036/6060/3 3035/6058/3
f 3035/6059/4 3029/6048/4 3031/6052/4 3033/6056/4
f 3030/6050/5 3036/6060/5 3034/6057/5 3032/6054/5
f 3037/6061/2 3038/6063/2 3040/6067/2 3039/6065/2
f 3041/6069/3 3042/6071/3 3044/6074/3 3043/6072/3
f 3043/6073/4 3037/6062/4 3039/6066/4 3041/6070/4
f 3038/6064/5 3044/6074/5 3042/6071/5 3040/6068/5
f 3052/6086/6 3053/6089/6 3046/6077/6 3045/6075/6
f 3053/6089/7 3054/6091/7 3047/6078/7 3046/6077/7
f 3054/6092/8 3055/6094/8 3048/6080/8 3047/6079/8
f 3055/6095/4 3056/6097/4 3049/6082/4 3048/6081/4
f 3056/6097/9 3057/6099/9 3050/6083/9 3049/6082/9
f 3057/6100/10 3058/6102/10 3051/6085/10 3050/6084/10
f 3058/6102/11 3052/6087/11 3045/6076/11 3051/6085/11
f 3060/6107/1 3059/6104/1 3056/6098/1 3055/6096/1
f 3061/6109/1 3060/6107/1 3055/6096/1 3054/6093/1
f 3062/6111/1 3061/6109/1 3054/6093/1 3053/6090/1
f 3063/6114/1 3062/6111/1 3053/6090/1 3052/6088/1
f 3064/6117/1 3063/6114/1 3052/6088/1 3058/6103/1
f 3065/6119/1 3064/6117/1 3058/6103/1 3057/6101/1
f 3059/6104/1 3065/6119/1 3057/6101/1 3056/6098/1
f 3067/6124/5 3066/6122/5 3059/6105/5 3060/6108/5
f 3068/6125/25 3067/6124/25 3060/6108/25 3061/6110/25
f 3069/6126/13 3068/6125/13 3061/6110/13 3062/6112/13
f 3070/6128/14 3069/6127/14 3062/6113/14 3063/6115/14
f 3071/6130/15 3070/6129/15 3063/6116/15 3064/6118/15
f 3072/6131/20 3071/6130/20 3064/6118/20 3065/6120/20
f 3066/6123/32 3072/6132/32 3065/6121/32 3059/6106/32
f 3080/6144/6 3081/6147/6 3074/6135/6 3073/6133/6
f 3081/6147/7 3082/6149/7 3075/6136/7 3074/6135/7
f 3082/6150/8 3083/6152/8 3076/6138/8 3075/6137/8
f 3083/6153/4 3084/6155/4 3077/6140/4 3076/6139/4
f 3084/6155/9 3085/6157/9 3078/6141/9 3077/6140/9
f 3085/6158/10 3086/6160/10 3079/6143/10 3078/6142/10
f 3086/6160/19 3080/6145/19 3073/6134/19 3079/6143/19
f 3088/6165/1 3087/6162/1 3084/6156/1 3083/6154/1
f 3089/6167/1 3088/6165/1 3083/6154/1 3082/6151/1
f 3090/6169/1 3089/6167/1 3082/6151/1 3081/6148/1
f 3091/6172/1 3090/6169/1 3081/6148/1 3080/6146/1
f 3092/6175/1 3091/6172/1 3080/6146/1 3086/6161/1
f 3093/6177/1 3092/6175/1 3086/6161/1 3085/6159/1
f 3087/6162/1 3093/6177/1 3085/6159/1 3084/6156/1
f 3095/6182/5 3094/6180/5 3087/6163/5 3088/6166/5
f 3096/6183/25 3095/6182/25 3088/6166/25 3089/6168/25
f 3097/6184/13 3096/6183/13 3089/6168/13 3090/6170/13
f 3098/6186/14 3097/6185/14 3090/6171/14 3091/6173/14
f 3099/6188/15 3098/6187/15 3091/6174/15 3092/6176/15
f 3100/6189/20 3099/6188/20 3092/6176/20 3093/6178/20
f 3094/6181/32 3100/6190/32 3093/6179/32 3087/6164/32
f 3108/6202/6 3109/6205/6 3102/6193/6 3101/6191/6
f 3109/6205/7 3110/6207/7 3103/6194/7 3102/6193/7
f 3110/6208/8 3111/6210/8 3104/6196/8 3103/6195/8
f 3111/6211/4 3112/6213/4 3105/6198/4 3104/6197/4
f 3112/6213/9 3113/6215/9 3106/6199/9 3105/6198/9
f 3113/6216/10 3114/6218/10 3107/6201/10 3106/6200/10
f 3114/6218/19 3108/6203/19 3101/6192/19 3107/6201/19
f 3116/6223/1 3115/6220/1 3112/6214/1 3111/6212/1
f 3117/6225/1 3116/6223/1 3111/6212/1 3110/6209/1
f 3118/6227/1 3117/6225/1 3110/6209/1 3109/6206/1
f 3119/6230/1 3118/6227/1 3109/6206/1 3108/6204/1
f 3120/6233/1 3119/6230/1 3108/6204/1 3114/6219/1
f 3121/6235/1 3120/6233/1 3114/6219/1 3113/6217/1
f 3115/6220/1 3121/6235/1 3113/6217/1 3112/6214/1
f 3123/6240/5 3122/6238/5 3115/6221/5 3116/6224/5
f 3124/6241/25 3123/6240/25 3116/6224/25 3117/6226/25
f 3125/6242/13 3124/6241/13 3117/6226/13 3118/6228/13
f 3126/6244/14 3125/6243/14 3118/6229/14 3119/6231/14
f 3127/6246/15 3126/6245/15 3119/6232/15 3120/6234/15
f 3128/6247/20 3127/6246/20 3120/6234/20 3121/6236/20
f 3122/6239/32 3128/6248/32 3121/6237/32 3115/6222/32
f 3136/6260/6 3137/6263/6 3130/6251/6 3129/6249/6
f 3137/6263/21 3138/6265/21 3131/6252/21 3130/6251/21
f 3138/6266/22 3139/6268/22 3132/6254/22 3131/6253/22
f 3139/6269/4 3140/6271/4 3133/6256/4 3132/6255/4
f 3140/6271/23 3141/6273/23 3134/6257/23 3133/6256/23
f 3141/6274/24 3142/6276/24 3135/6259/24 3134/6258/24
f 3142/6276/19 3136/6261/19 3129/6250/19 3135/6259/19
f 3144/6281/1 3143/6278/1 3140/6272/1 3139/6270/1
f 3145/6283/1 3144/6281/1 3139/6270/1 3138/6267/1
f 3146/6285/1 3145/6283/1 3138/6267/1 3137/6264/1
f 3147/6288/1 3146/6285/1 3137/6264/1 3136/6262/1
f 3148/6291/1 3147/6288/1 3136/6262/1 3142/6277/1
f 3149/6293/1 3148/6291/1 3142/6277/1 3141/6275/1
f 3143/6278/1 3149/6293/1 3141/6275/1 3140/6272/1
f 3151/6298/5 3150/6296/5 3143/6279/5 3144/6282/5
f 3152/6299/25 3151/6298/25 3144/6282/25 3145/6284/25
f 3153/6300/13 3152/6299/13 3145/6284/13 3146/6286/13
f 3154/6302/14 3153/6301/14 3146/6287/14 3147/6289/14
f 3155/6304/15 3154/6303/15 3147/6290/15 3148/6292/15
f 3156/6305/16 3155/6304/16 3148/6292/16 3149/6294/16
f 3150/6297/32 3156/6306/32 3149/6295/32 3143/6280/32
f 3164/6318/6 3165/6321/6 3158/6309/6 3157/6307/6
f 3165/6321/21 3166/6323/21 3159/6310/21 3158/6309/21
f 3166/6324/22 3167/6326/22 3160/6312/22 3159/6311/22
f 3167/6327/4 3168/6329/4 3161/6314/4 3160/6313/4
f 3168/6329/23 3169/6331/23 3162/6315/23 3161/6314/23
f 3169/6332/24 3170/6334/24 3163/6317/24 3162/6316/24
f 3170/6334/19 3164/6319/19 3157/6308/19 3163/6317/19
f 3172/6339/1 3171/6336/1 3168/6330/1 3167/6328/1
f 3173/6341/1 3172/6339/1 3167/6328/1 3166/6325/1
f 3174/6343/1 3173/6341/1 3166/6325/1 3165/6322/1
f 3175/6346/1 3174/6343/1 3165/6322/1 3164/6320/1
f 3176/6349/1 3175/6346/1 3164/6320/1 3170/6335/1
f 3177/6351/1 3176/6349/1 3170/6335/1 3169/6333/1
f 3171/6336/1 3177/6351/1 3169/6333/1 3168/6330/1
f 3179/6356/5 3178/6354/5 3171/6337/5 3172/6340/5
f 3180/6357/25 3179/6356/25 3172/6340/25 3173/6342/25
f 3181/6358/13 3180/6357/13 3173/6342/13 3174/6344/13
f 3182/6360/14 3181/6359/14 3174/6345/14 3175/6347/14
f 3183/6362/15 3182/6361/15 3175/6348/15 3176/6350/15
f 3184/6363/16 3183/6362/16 3176/6350/16 3177/6352/16
f 3178/6355/32 3184/6364/32 3177/6353/32 3171/6338/32
f 3192/6376/6 3193/6379/6 3186/6367/6 3185/6365/6
f 3193/6379/21 3194/6381/21 3187/6368/21 3186/6367/21
f 3194/6382/22 3195/6384/22 3188/6370/22 3187/6369/22
f 3195/6385/4 3196/6387/4 3189/6372/4 3188/6371/4
f 3196/6387/23 3197/6389/23 3190/6373/23 3189/6372/23
f 3197/6390/24 3198/6392/24 3191/6375/24 3190/6374/24
f 3198/6392/19 3192/6377/19 3185/6366/19 3191/6375/19
f 3200/6397/1 3199/6394/1 3196/6388/1 3195/6386/1
f 3201/6399/1 3200/6397/1 3195/6386/1 3194/6383/1
f 3202/6401/1 3201/6399/1 3194/6383/1 3193/6380/1
f 3203/6404/1 3202/6401/1 3193/6380/1 3192/6378/1
f 3204/6407/1 3203/6404/1 3192/6378/1 3198/6393/1
f 3205/6409/1 3204/6407/1 3198/6393/1 3197/6391/1
f 3199/6394/1 3205/6409/1 3197/6391/1 3196/6388/1
f 3207/6414/5 3206/6412/5 3199/6395/5 3200/6398/5
f 3208/6415/25 3207/6414/25 3200/6398/25 3201/6400/25
f 3209/6416/13 3208/6415/13 3201/6400/13 3202/6402/13
f 3210/6418/14 3209/6417/14 3202/6403/14 3203/6405/14
f 3211/6420/15 3210/6419/15 3203/6406/15 3204/6408/15
f 3212/6421/16 3211/6420/16 3204/6408/16 3205/6410/16
f 3206/6413/32 3212/6422/32 3205/6411/32 3199/6396/32
f 3220/6434/6 3221/6437/6 3214/6425/6 3213/6423/6
f 3221/6437/21 3222/6439/21 3215/6426/21 3214/6425/21
f 3222/6440/22 3223/6442/22 3216/6428/22 3215/6427/22
f 3223/6443/4 3224/6445/4 3217/6430/4 3216/6429/4
f 3224/6445/23 3225/6447/23 3218/6431/23 3217/6430/23
f 3225/6448/24 3226/6450/24 3219/6433/24 3218/6432/24
f 3226/6450/19 3220/6435/19 3213/6424/19 3219/6433/19
f 3228/6455/1 3227/6452/1 3224/6446/1 3223/6444/1
f 3229/6457/1 3228/6455/1 3223/6444/1 3222/6441/1
f 3230/6459/1 3229/6457/1 3222/6441/1 3221/6438/1
f 3231/6462/1 3230/6459/1 3221/6438/1 3220/6436/1
f 3232/6465/1 3231/6462/1 3220/6436/1 3226/6451/1
f 3233/6467/1 3232/6465/1 3226/6451/1 3225/6449/1
f 3227/6452/1 3233/6467/1 3225/6449/1 3224/6446/1
f 3235/6472/5 3234/6470/5 3227/6453/5 3228/6456/5
f 3236/6473/25 3235/6472/25 3228/6456/25 3229/6458/25
f 3237/6474/13 3236/6473/13 3229/6458/13 3230/6460/13
f 3238/6476/14 3237/6475/14 3230/6461/14 3231/6463/14
f 3239/6478/15 3238/6477/15 3231/6464/15 3232/6466/15
f 3240/6479/20 3239/6478/20 3232/6466/20 3233/6468/20
f 3234/6471/26 3240/6480/26 3233/6469/26 3227/6454/26
f 3248/6492/6 3249/6495/6 3242/6483/6 3241/6481/6
f 3249/6495/21 3250/6497/21 3243/6484/21 3242/6483/21
f 3250/6498/22 3251/6500/22 3244/6486/22 3243/6485/22
f 3251/6501/4 3252/6503/4 3245/6488/4 3244/6487/4
f 3252/6503/23 3253/6505/23 3246/6489/23 3245/6488/23
f 3253/6506/24 3254/6508/24 3247/6491/24 3246/6490/24
f 3254/6508/11 3248/6493/11 3241/6482/11 3247/6491/11
f 3256/6513/1 3255/6510/1 3252/6504/1 3251/6502/1
f 3257/6515/1 3256/6513/1 3251/6502/1 3250/6499/1
f 3258/6517/1 3257/6515/1 3250/6499/1 3249/6496/1
f 3259/6520/1 3258/6517/1 3249/6496/1 3248/6494/1
f 3260/6523/1 3259/6520/1 3248/6494/1 3254/6509/1
f 3261/6525/1 3260/6523/1 3254/6509/1 3253/6507/1
f 3255/6510/1 3261/6525/1 3253/6507/1 3252/6504/1
f 3263/6530/5 3262/6528/5 3255/6511/5 3256/6514/5
f 3264/6531/25 3263/6530/25 3256/6514/25 3257/6516/25
f 3265/6532/13 3264/6531/13 3257/6516/13 3258/6518/13
f 3266/6534/14 3265/6533/14 3258/6519/14 3259/6521/14
f 3267/6536/15 3266/6535/15 3259/6522/15 3260/6524/15
f 3268/6537/20 3267/6536/20 3260/6524/20 3261/6526/20
f 3262/6529/26 3268/6538/26 3261/6527/26 3255/6512/26
f 3276/6550/6 3277/6553/6 3270/6541/6 3269/6539/6
f 3277/6553/21 3278/6555/21 3271/6542/21 3270/6541/21
f 3278/6556/22 3279/6558/22 3272/6544/22 3271/6543/22
f 3279/6559/4 3280/6561/4 3273/6546/4 3272/6545/4
f 3280/6561/23 3281/6563/23 3274/6547/23 3273/6546/23
f 3281/6564/24 3282/6566/24 3275/6549/24 3274/6548/24
f 3282/6566/19 3276/6551/19 3269/6540/19 3275/6549/19
f 3284/6571/1 3283/6568/1 3280/6562/1 3279/6560/1
f 3285/6573/1 3284/6571/1 3279/6560/1 3278/6557/1
f 3286/6575/1 3285/6573/1 3278/6557/1 3277/6554/1
f 3287/6578/1 3286/6575/1 3277/6554/1 3276/6552/1
f 3288/6581/1 3287/6578/1 3276/6552/1 3282/6567/1
f 3289/6583/1 3288/6581/1 3282/6567/1 3281/6565/1
f 3283/6568/1 3289/6583/1 3281/6565/1 3280/6562/1
f 3291/6588/5 3290/6586/5 3283/6569/5 3284/6572/5
f 3292/6589/25 3291/6588/25 3284/6572/25 3285/6574/25
f 3293/6590/13 3292/6589/13 3285/6574/13 3286/6576/13
f 3294/6592/14 3293/6591/14 3286/6577/14 3287/6579/14
f 3295/6594/15 3294/6593/15 3287/6580/15 3288/6582/15
f 3296/6595/20 3295/6594/20 3288/6582/20 3289/6584/20
f 3290/6587/26 3296/6596/26 3289/6585/26 3283/6570/26
f 3304/6608/6 3305/6611/6 3298/6599/6 3297/6597/6
f 3305/6611/7 3306/6613/7 3299/6600/7 3298/6599/7
f 3306/6614/8 3307/6616/8 3300/6602/8 3299/6601/8
f 3307/6617/4 3308/6619/4 3301/6604/4 3300/6603/4
f 3308/6619/9 3309/6621/9 3302/6605/9 3301/6604/9
f 3309/6622/10 3310/6624/10 3303/6607/10 3302/6606/10
f 3310/6624/11 3304/6609/11 3297/6598/11 3303/6607/11
f 3312/6629/1 3311/6626/1 3308/6620/1 3307/6618/1
f 3313/6631/1 3312/6629/1 3307/6618/1 3306/6615/1
f 3314/6633/1 3313/6631/1 3306/6615/1 3305/6612/1
f 3315/6636/1 3314/6633/1 3305/6612/1 3304/6610/1
f 3316/6639/1 3315/6636/1 3304/6610/1 3310/6625/1
f 3317/6641/1 3316/6639/1 3310/6625/1 3309/6623/1
f 3311/6626/1 3317/6641/1 3309/6623/1 3308/6620/1
f 3319/6646/5 3318/6644/5 3311/6627/5 3312/6630/5
f 3320/6647/25 3319/6646/25 3312/6630/25 3313/6632/25
f 3321/6648/13 3320/6647/13 3313/6632/13 3314/6634/13
f 3322/6650/14 3321/6649/14 3314/6635/14 3315/6637/14
f 3323/6652/15 3322/6651/15 3315/6638/15 3316/6640/15
f 3324/6653/20 3323/6652/20 3316/6640/20 3317/6642/20
f 3318/6645/32 3324/6654/32 3317/6643/32 3311/6628/32
f 3332/6666/18 3333/6669/18 3326/6657/18 3325/6655/18
f 3333/6669/7 3334/6671/7 3327/6658/7 3326/6657/7
f 3334/6672/8 3335/6674/8 3328/6660/8 3327/6659/8
f 3335/6675/4 3336/6677/4 3329/6662/4 3328/6661/4
f 3336/6677/9 3337/6679/9 3330/6663/9 3329/6662/9
f 3337/6680/10 3338/6682/10 3331/6665/10 3330/6664/10
f 3338/6682/11 3332/6667/11 3325/6656/11 3331/6665/11
f 3340/6687/1 3339/6684/1 3336/6678/1 3335/6676/1
f 3341/6689/1 3340/6687/1 3335/6676/1 3334/6673/1
f 3342/6691/1 3341/6689/1 3334/6673/1 3333/6670/1
f 3343/6694/1 3342/6691/1 3333/6670/1 3332/6668/1
f 3344/6697/1 3343/6694/1 3332/6668/1 3338/6683/1
f 3345/6699/1 3344/6697/1 3338/6683/1 3337/6681/1
f 3339/6684/1 3345/6699/1 3337/6681/1 3336/6678/1
f 3347/6704/5 3346/6702/5 3339/6685/5 3340/6688/5
f 3348/6705/25 3347/6704/25 3340/6688/25 3341/6690/25
f 3349/6706/13 3348/6705/13 3341/6690/13 3342/6692/13
f 3350/6708/14 3349/6707/14 3342/6693/14 3343/6695/14
f 3351/6710/15 3350/6709/15 3343/6696/15 3344/6698/15
f 3352/6711/20 3351/6710/20 3344/6698/20 3345/6700/20
f 3346/6703/32 3352/6712/32 3345/6701/32 3339/6686/32
f 3360/6724/6 3361/6727/6 3354/6715/6 3353/6713/6
f 3361/6727/7 3362/6729/7 3355/6716/7 3354/6715/7
f 3362/6730/8 3363/6732/8 3356/6718/8 3355/6717/8
f 3363/6733/4 3364/6735/4 3357/6720/4 3356/6719/4
f 3364/6735/9 3365/6737/9 3358/6721/9 3357/6720/9
f 3365/6738/10 3366/6740/10 3359/6723/10 3358/6722/10
f 3366/6740/11 3360/6725/11 3353/6714/11 3359/6723/11
f 3368/6745/1 3367/6742/1 3364/6736/1 3363/6734/1
f 3369/6747/1 3368/6745/1 3363/6734/1 3362/6731/1
f 3370/6749/1 3369/6747/1 3362/6731/1 3361/6728/1
f 3371/6752/1 3370/6749/1 3361/6728/1 3360/6726/1
f 3372/6755/1 3371/6752/1 3360/6726/1 3366/6741/1
f 3373/6757/1 3372/6755/1 3366/6741/1 3365/6739/1
f 3367/6742/1 3373/6757/1 3365/6739/1 3364/6736/1
f 3375/6762/5 3374/6760/5 3367/6743/5 3368/6746/5
f 3376/6763/25 3375/6762/25 3368/6746/25 3369/6748/25
f 3377/6764/13 3376/6763/13 3369/6748/13 3370/6750/13
f 3378/6766/14 3377/6765/14 3370/6751/14 3371/6753/14
f 3379/6768/15 3378/6767/15 3371/6754/15 3372/6756/15
f 3380/6769/20 3379/6768/20 3372/6756/20 3373/6758/20
f 3374/6761/32 3380/6770/32 3373/6759/32 3367/6744/32
f 3388/6782/6 3389/6785/6 3382/6773/6 3381/6771/6
f 3389/6785/21 3390/6787/21 3383/6774/21 3382/6773/21
f 3390/6788/22 3391/6790/22 3384/6776/22 3383/6775/22
f 3391/6791/4 3392/6793/4 3385/6778/4 3384/6777/4
f 3392/6793/23 3393/6795/23 3386/6779/23 3385/6778/23
f 3393/6796/24 3394/6798/24 3387/6781/24 3386/6780/24
f 3394/6798/11 3388/6783/11 3381/6772/11 3387/6781/11
f 3396/6803/1 3395/6800/1 3392/6794/1 3391/6792/1
f 3397/6805/1 3396/6803/1 3391/6792/1 3390/6789/1
f 3398/6807/1 3397/6805/1 3390/6789/1 3389/6786/1
f 3399/6810/1 3398/6807/1 3389/6786/1 3388/6784/1
f 3400/6813/1 3399/6810/1 3388/6784/1 3394/6799/1
f 3401/6815/1 3400/6813/1 3394/6799/1 3393/6797/1
f 3395/6800/1 3401/6815/1 3393/6797/1 3392/6794/1
f 3403/6820/5 3402/6818/5 3395/6801/5 3396/6804/5
f 3404/6821/25 3403/6820/25 3396/6804/25 3397/6806/25
f 3405/6822/13 3404/6821/13 3397/6806/13 3398/6808/13
f 3406/6824/14 3405/6823/14 3398/6809/14 3399/6811/14
f 3407/6826/15 3406/6825/15 3399/6812/15 3400/6814/15
f 3408/6827/16 3407/6826/16 3400/6814/16 3401/6816/16
f 3402/6819/32 3408/6828/32 3401/6817/32 3395/6802/32
f 3416/6840/18 3417/6843/18 3410/6831/18 3409/6829/18
f 3417/6843/21 3418/6845/21 3411/6832/21 3410/6831/21
f 3418/6846/22 3419/6848/22 3412/6834/22 3411/6833/22
f 3419/6849/4 3420/6851/4 3413/6836/4 3412/6835/4
f 3420/6851/23 3421/6853/23 3414/6837/23 3413/6836/23
f 3421/6854/24 3422/6856/24 3415/6839/24 3414/6838/24
f 3422/6856/11 3416/6841/11 3409/6830/11 3415/6839/11
f 3424/6861/1 3423/6858/1 3420/6852/1 3419/6850/1
f 3425/6863/1 3424/6861/1 3419/6850/1 3418/6847/1
f 3426/6865/1 3425/6863/1 3418/6847/1 3417/6844/1
f 3427/6868/1 3426/6865/1 3417/6844/1 3416/6842/1
f 3428/6871/1 3427/6868/1 3416/6842/1 3422/6857/1
f 3429/6873/1 3428/6871/1 3422/6857/1 3421/6855/1
f 3423/6858/1 3429/6873/1 3421/6855/1 3420/6852/1
f 3431/6878/5 3430/6876/5 3423/6859/5 3424/6862/5
f 3432/6879/25 3431/6878/25 3424/6862/25 3425/6864/25
f 3433/6880/13 3432/6879/13 3425/6864/13 3426/6866/13
f 3434/6882/14 3433/6881/14 3426/6867/14 3427/6869/14
f 3435/6884/15 3434/6883/15 3427/6870/15 3428/6872/15
f 3436/6885/16 3435/6884/16 3428/6872/16 3429/6874/16
f 3430/6877/32 3436/6886/32 3429/6875/32 3423/6860/32
f 3444/6898/18 3445/6901/18 3438/6889/18 3437/6887/18
f 3445/6901/21 3446/6903/21 3439/6890/21 3438/6889/21
f 3446/6904/22 3447/6906/22 3440/6892/22 3439/6891/22
f 3447/6907/4 3448/6909/4 3441/6894/4 3440/6893/4
f 3448/6909/23 3449/6911/23 3442/6895/23 3441/6894/23
f 3449/6912/24 3450/6914/24 3443/6897/24 3442/6896/24
f 3450/6914/11 3444/6899/11 3437/6888/11 3443/6897/11
f 3452/6919/1 3451/6916/1 3448/6910/1 3447/6908/1
f 3453/6921/1 3452/6919/1 3447/6908/1 3446/6905/1
f 3454/6923/1 3453/6921/1 3446/6905/1 3445/6902/1
f 3455/6926/1 3454/6923/1 3445/6902/1 3444/6900/1
f 3456/6929/1 3455/6926/1 3444/6900/1 3450/6915/1
f 3457/6931/1 3456/6929/1 3450/6915/1 3449/6913/1
f 3451/6916/1 3457/6931/1 3449/6913/1 3448/6910/1
f 3459/6936/5 3458/6934/5 3451/6917/5 3452/6920/5
f 3460/6937/25 3459/6936/25 3452/6920/25 3453/6922/25
f 3461/6938/13 3460/6937/13 3453/6922/13 3454/6924/13
f 3462/6940/14 3461/6939/14 3454/6925/14 3455/6927/14
f 3463/6942/15 3462/6941/15 3455/6928/15 3456/6930/15
f 3464/6943/16 3463/6942/16 3456/6930/16 3457/6932/16
f 3458/6935/32 3464/6944/32 3457/6933/32 3451/6918/32
f 3472/6956/6 3473/6959/6 3466/6947/6 3465/6945/6
f 3473/6959/21 3474/6961/21 3467/6948/21 3466/6947/21
f 3474/6962/22 3475/6964/22 3468/6950/22 3467/6949/22
f 3475/6965/4 3476/6967/4 3469/6952/4 3468/6951/4
f 3476/6967/23 3477/6969/23 3470/6953/23 3469/6952/23
f 3477/6970/24 3478/6972/24 3471/6955/24 3470/6954/24
f 3478/6972/19 3472/6957/19 3465/6946/19 3471/6955/19
f 3480/6977/1 3479/6974/1 3476/6968/1 3475/6966/1
f 3481/6979/1 3480/6977/1 3475/6966/1 3474/6963/1
f 3482/6981/1 3481/6979/1 3474/6963/1 3473/6960/1
f 3483/6984/1 3482/6981/1 3473/6960/1 3472/6958/1
f 3484/6987/1 3483/6984/1 3472/6958/1 3478/6973/1
f 3485/6989/1 3484/6987/1 3478/6973/1 3477/6971/1
f 3479/6974/1 3485/6989/1 3477/6971/1 3476/6968/1
f 3487/6994/5 3486/6992/5 3479/6975/5 3480/6978/5
f 3488/6995/25 3487/6994/25 3480/6978/25 3481/6980/25
f 3489/6996/13 3488/6995/13 3481/6980/13 3482/6982/13
f 3490/6998/14 3489/6997/14 3482/6983/14 3483/6985/14
f 3491/7000/15 3490/6999/15 3483/6986/15 3484/6988/15
f 3492/7001/20 3491/7000/20 3484/6988/20 3485/6990/20
f 3486/6993/32 3492/7002/32 3485/6991/32 3479/6976/32
f 3500/7014/6 3501/7017/6 3494/7005/6 3493/7003/6
f 3501/7017/21 3502/7019/21 3495/7006/21 3494/7005/21
f 3502/7020/22 3503/7022/22 3496/7008/22 3495/7007/22
f 3503/7023/4 3504/7025/4 3497/7010/4 3496/7009/4
f 3504/7025/23 3505/7027/23 3498/7011/23 3497/7010/23
f 3505/7028/24 3506/7030/24 3499/7013/24 3498/7012/24
f 3506/7030/11 3500/7015/11 3493/7004/11 3499/7013/11
f 3508/7035/1 3507/7032/1 3504/7026/1 3503/7024/1
f 3509/7037/1 3508/7035/1 3503/7024/1 3502/7021/1
f 3510/7039/1 3509/7037/1 3502/7021/1 3501/7018/1
f 3511/7042/1 3510/7039/1 3501/7018/1 3500/7016/1
f 3512/7045/1 3511/7042/1 3500/7016/1 3506/7031/1
f 3513/7047/1 3512/7045/1 3506/7031/1 3505/7029/1
f 3507/7032/1 3513/7047/1 3505/7029/1 3504/7026/1
f 3515/7052/5 3514/7050/5 3507/7033/5 3508/7036/5
f 3516/7053/25 3515/7052/25 3508/7036/25 3509/7038/25
f 3517/7054/13 3516/7053/13 3509/7038/13 3510/7040/13
f 3518/7056/14 3517/7055/14 3510/7041/14 3511/7043/14
f 3519/7058/15 3518/7057/15 3511/7044/15 3512/7046/15
f 3520/7059/20 3519/7058/20 3512/7046/20 3513/7048/20
f 3514/7051/32 3520/7060/32 3513/7049/32 3507/7034/32
f 3528/7072/6 3529/7075/6 3522/7063/6 3521/7061/6
f 3529/7075/21 3530/7077/21 3523/7064/21 3522/7063/21
f 3530/7078/22 3531/7080/22 3524/7066/22 3523/7065/22
f 3531/7081/4 3532/7083/4 3525/7068/4 3524/7067/4
f 3532/7083/23 3533/7085/23 3526/7069/23 3525/7068/23
f 3533/7086/24 3534/7088/24 3527/7071/24 3526/7070/24
f 3534/7088/19 3528/7073/19 3521/7062/19 3527/7071/19
f 3536/7093/1 3535/7090/1 3532/7084/1 3531/7082/1
f 3537/7095/1 3536/7093/1 3531/7082/1 3530/7079/1
f 3538/7097/1 3537/7095/1 3530/7079/1 3529/7076/1
f 3539/7100/1 3538/7097/1 3529/7076/1 3528/7074/1
f 3540/7103/1 3539/7100/1 3528/7074/1 3534/7089/1
f 3541/7105/1 3540/7103/1 3534/7089/1 3533/7087/1
f 3535/7090/1 3541/7105/1 3533/7087/1 3532/7084/1
f 3543/7110/5 3542/7108/5 3535/7091/5 3536/7094/5
f 3544/7111/25 3543/7110/25 3536/7094/25 3537/7096/25
f 3545/7112/13 3544/7111/13 3537/7096/13 3538/7098/13
f 3546/7114/14 3545/7113/14 3538/7099/14 3539/7101/14
f 3547/7116/15 3546/7115/15 3539/7102/15 3540/7104/15
f 3548/7117/20 3547/7116/20 3540/7104/20 3541/7106/20
f 3542/7109/32 3548/7118/32 3541/7107/32 3535/7092/32
f 3556/7130/6 3557/7133/6 3550/7121/6 3549/7119/6
f 3557/7133/7 3558/7135/7 3551/7122/7 3550/7121/7
f 3558/7136/29 3559/7138/29 3552/7124/29 3551/7123/29
f 3559/7139/4 3560/7141/4 3553/7126/4 3552/7125/4
f 3560/7141/30 3561/7143/30 3554/7127/30 3553/7126/30
f 3561/7144/31 3562/7146/31 3555/7129/31 3554/7128/31
f 3562/7146/11 3556/7131/11 3549/7120/11 3555/7129/11
f 3564/7151/1 3563/7148/1 3560/7142/1 3559/7140/1
f 3565/7153/1 3564/7151/1 3559/7140/1 3558/7137/1
f 3566/7155/1 3565/7153/1 3558/7137/1 3557/7134/1
f 3567/7158/1 3566/7155/1 3557/7134/1 3556/7132/1
f 3568/7161/1 3567/7158/1 3556/7132/1 3562/7147/1
f 3569/7163/1 3568/7161/1 3562/7147/1 3561/7145/1
f 3563/7148/1 3569/7163/1 3561/7145/1 3560/7142/1
f 3571/7168/5 3570/7166/5 3563/7149/5 3564/7152/5
f 3572/7169/27 3571/7168/27 3564/7152/27 3565/7154/27
f 3573/7170/13 3572/7169/13 3565/7154/13 3566/7156/13
f 3574/7172/14 3573/7171/14 3566/7157/14 3567/7159/14
f 3575/7174/15 3574/7173/15 3567/7160/15 3568/7162/15
f 3576/7175/20 3575/7174/20 3568/7162/20 3569/7164/20
f 3570/7167/26 3576/7176/26 3569/7165/26 3563/7150/26
f 3584/7188/18 3585/7191/18 3578/7179/18 3577/7177/18
f 3585/7191/7 3586/7193/7 3579/7180/7 3578/7179/7
f 3586/7194/29 3587/7196/29 3580/7182/29 3579/7181/29
f 3587/7197/4 3588/7199/4 3581/7184/4 3580/7183/4
f 3588/7199/30 3589/7201/30 3582/7185/30 3581/7184/30
f 3589/7202/31 3590/7204/31 3583/7187/31 3582/7186/31
f 3590/7204/19 3584/7189/19 3577/7178/19 3583/7187/19
f 3592/7209/1 3591/7206/1 3588/7200/1 3587/7198/1
f 3593/7211/1 3592/7209/1 3587/7198/1 3586/7195/1
f 3594/7213/1 3593/7211/1 3586/7195/1 3585/7192/1
f 3595/7216/1 3594/7213/1 3585/7192/1 3584/7190/1
f 3596/7219/1 3595/7216/1 3584/7190/1 3590/7205/1
f 3597/7221/1 3596/7219/1 3590/7205/1 3589/7203/1
f 3591/7206/1 3597/7221/1 3589/7203/1 3588/7200/1
f 3599/7226/5 3598/7224/5 3591/7207/5 3592/7210/5
f 3600/7227/27 3599/7226/27 3592/7210/27 3593/7212/27
f 3601/7228/13 3600/7227/13 3593/7212/13 3594/7214/13
f 3602/7230/14 3601/7229/14 3594/7215/14 3595/7217/14
f 3603/7232/15 3602/7231/15 3595/7218/15 3596/7220/15
f 3604/7233/20 3603/7232/20 3596/7220/20 3597/7222/20
f 3598/7225/26 3604/7234/26 3597/7223/26 3591/7208/26
f 3612/7246/6 3613/7249/6 3606/7237/6 3605/7235/6
f 3613/7249/7 3614/7251/7 3607/7238/7 3606/7237/7
f 3614/7252/29 3615/7254/29 3608/7240/29 3607/7239/29
f 3615/7255/4 3616/7257/4 3609/7242/4 3608/7241/4
f 3616/7257/30 3617/7259/30 3610/7243/30 3609/7242/30
f 3617/7260/31 3618/7262/31 3611/7245/31 3610/7244/31
f 3618/7262/11 3612/7247/11 3605/7236/11 3611/7245/11
f 3620/7267/1 3619/7264/1 3616/7258/1 3615/7256/1
f 3621/7269/1 3620/7267/1 3615/7256/1 3614/7253/1
f 3622/7271/1 3621/7269/1 3614/7253/1 3613/7250/1
f 3623/7274/1 3622/7271/1 3613/7250/1 3612/7248/1
f 3624/7277/1 3623/7274/1 3612/7248/1 3618/7263/1
f 3625/7279/1 3624/7277/1 3618/7263/1 3617/7261/1
f 3619/7264/1 3625/7279/1 3617/7261/1 3616/7258/1
f 3627/7284/5 3626/7282/5 3619/7265/5 3620/7268/5
f 3628/7285/27 3627/7284/27 3620/7268/27 3621/7270/27
f 3629/7286/13 3628/7285/13 3621/7270/13 3622/7272/13
f 3630/7288/14 3629/7287/14 3622/7273/14 3623/7275/14
f 3631/7290/15 3630/7289/15 3623/7276/15 3624/7278/15
f 3632/7291/20 3631/7290/20 3624/7278/20 3625/7280/20
f 3626/7283/26 3632/7292/26 3625/7281/26 3619/7266/26
f 3640/7304/6 3641/7307/6 3634/7295/6 3633/7293/6
f 3641/7307/21 3642/7309/21 3635/7296/21 3634/7295/21
f 3642/7310/33 3643/7312/33 3636/7298/33 3635/7297/33
f 3643/7313/4 3644/7315/4 3637/7300/4 3636/7299/4
f 3644/7315/34 3645/7317/34 3638/7301/34 3637/7300/34
f 3645/7318/35 3646/7320/35 3639/7303/35 3638/7302/35
f 3646/7320/11 3640/7305/11 3633/7294/11 3639/7303/11
f 3648/7325/1 3647/7322/1 3644/7316/1 3643/7314/1
f 3649/7327/1 3648/7325/1 3643/7314/1 3642/7311/1
f 3650/7329/1 3649/7327/1 3642/7311/1 3641/7308/1
f 3651/7332/1 3650/7329/1 3641/7308/1 3640/7306/1
f 3652/7335/1 3651/7332/1 3640/7306/1 3646/7321/1
f 3653/7337/1 3652/7335/1 3646/7321/1 3645/7319/1
f 3647/7322/1 3653/7337/1 3645/7319/1 3644/7316/1
f 3655/7342/5 3654/7340/5 3647/7323/5 3648/7326/5
f 3656/7343/27 3655/7342/27 3648/7326/27 3649/7328/27
f 3657/7344/13 3656/7343/13 3649/7328/13 3650/7330/13
f 3658/7346/14 3657/7345/14 3650/7331/14 3651/7333/14
f 3659/7348/15 3658/7347/15 3651/7334/15 3652/7336/15
f 3660/7349/20 3659/7348/20 3652/7336/20 3653/7338/20
f 3654/7341/26 3660/7350/26 3653/7339/26 3647/7324/26
f 3668/7362/18 3669/7365/18 3662/7353/18 3661/7351/18
f 3669/7365/21 3670/7367/21 3663/7354/21 3662/7353/21
f 3670/7368/33 3671/7370/33 3664/7356/33 3663/7355/33
f 3671/7371/4 3672/7373/4 3665/7358/4 3664/7357/4
f 3672/7373/34 3673/7375/34 3666/7359/34 3665/7358/34
f 3673/7376/35 3674/7378/35 3667/7361/35 3666/7360/35
f 3674/7378/19 3668/7363/19 3661/7352/19 3667/7361/19
f 3676/7383/1 3675/7380/1 3672/7374/1 3671/7372/1
f 3677/7385/1 3676/7383/1 3671/7372/1 3670/7369/1
f 3678/7387/1 3677/7385/1 3670/7369/1 3669/7366/1
f 3679/7390/1 3678/7387/1 3669/7366/1 3668/7364/1
f 3680/7393/1 3679/7390/1 3668/7364/1 3674/7379/1
f 3681/7395/1 3680/7393/1 3674/7379/1 3673/7377/1
f 3675/7380/1 3681/7395/1 3673/7377/1 3672/7374/1
f 3683/7400/5 3682/7398/5 3675/7381/5 3676/7384/5
f 3684/7401/27 3683/7400/27 3676/7384/27 3677/7386/27
f 3685/7402/13 3684/7401/13 3677/7386/13 3678/7388/13
f 3686/7404/14 3685/7403/14 3678/7389/14 3679/7391/14
f 3687/7406/15 3686/7405/15 3679/7392/15 3680/7394/15
f 3688/7407/20 3687/7406/20 3680/7394/20 3681/7396/20
f 3682/7399/26 3688/7408/26 3681/7397/26 3675/7382/26
f 3696/7420/18 3697/7423/18 3690/7411/18 3689/7409/18
f 3697/7423/21 3698/7425/21 3691/7412/21 3690/7411/21
f 3698/7426/33 3699/7428/33 3692/7414/33 3691/7413/33
f 3699/7429/4 3700/7431/4 3693/7416/4 3692/7415/4
f 3700/7431/34 3701/7433/34 3694/7417/34 3693/7416/34
f 3701/7434/35 3702/7436/35 3695/7419/35 3694/7418/35
f 3702/7436/19 3696/7421/19 3689/7410/19 3695/7419/19
f 3704/7441/1 3703/7438/1 3700/7432/1 3699/7430/1
f 3705/7443/1 3704/7441/1 3699/7430/1 3698/7427/1
f 3706/7445/1 3705/7443/1 3698/7427/1 3697/7424/1
f 3707/7448/1 3706/7445/1 3697/7424/1 3696/7422/1
f 3708/7451/1 3707/7448/1 3696/7422/1 3702/7437/1
f 3709/7453/1 3708/7451/1 3702/7437/1 3701/7435/1
f 3703/7438/1 3709/7453/1 3701/7435/1 3700/7432/1
f 3711/7458/5 3710/7456/5 3703/7439/5 3704/7442/5
f 3712/7459/27 3711/7458/27 3704/7442/27 3705/7444/27
f 3713/7460/13 3712/7459/13 3705/7444/13 3706/7446/13
f 3714/7462/14 3713/7461/14 3706/7447/14 3707/7449/14
f 3715/7464/15 3714/7463/15 3707/7450/15 3708/7452/15
f 3716/7465/20 3715/7464/20 3708/7452/20 3709/7454/20
f 3710/7457/26 3716/7466/26 3709/7455/26 3703/7440/26
f 3724/7478/18 3725/7481/18 3718/7469/18 3717/7467/18
f 3725/7481/21 3726/7483/21 3719/7470/21 3718/7469/21
f 3726/7484/33 3727/7486/33 3720/7472/33 3719/7471/33
f 3727/7487/4 3728/7489/4 3721/7474/4 3720/7473/4
f 3728/7489/34 3729/7491/34 3722/7475/34 3721/7474/34
f 3729/7492/35 3730/7494/35 3723/7477/35 3722/7476/35
f 3730/7494/19 3724/7479/19 3717/7468/19 3723/7477/19
f 3732/7499/1 3731/7496/1 3728/7490/1 3727/7488/1
f 3733/7501/1 3732/7499/1 3727/7488/1 3726/7485/1
f 3734/7503/1 3733/7501/1 3726/7485/1 3725/7482/1
f 3735/7506/1 3734/7503/1 3725/7482/1 3724/7480/1
f 3736/7509/1 3735/7506/1 3724/7480/1 3730/7495/1
f 3737/7511/1 3736/7509/1 3730/7495/1 3729/7493/1
f 3731/7496/1 3737/7511/1 3729/7493/1 3728/7490/1
f 3739/7516/5 3738/7514/5 3731/7497/5 3732/7500/5
f 3740/7517/25 3739/7516/25 3732/7500/25 3733/7502/25
f 3741/7518/13 3740/7517/13 3733/7502/13 3734/7504/13
f 3742/7520/14 3741/7519/14 3734/7505/14 3735/7507/14
f 3743/7522/15 3742/7521/15 3735/7508/15 3736/7510/15
f 3744/7523/20 3743/7522/20 3736/7510/20 3737/7512/20
f 3738/7515/26 3744/7524/26 3737/7513/26 3731/7498/26
f 3752/7536/6 3753/7539/6 3746/7527/6 3745/7525/6
f 3753/7539/21 3754/7541/21 3747/7528/21 3746/7527/21
f 3754/7542/33 3755/7544/33 3748/7530/33 3747/7529/33
f 3755/7545/4 3756/7547/4 3749/7532/4 3748/7531/4
f 3756/7547/34 3757/7549/34 3750/7533/34 3749/7532/34
f 3757/7550/35 3758/7552/35 3751/7535/35 3750/7534/35
f 3758/7552/11 3752/7537/11 3745/7526/11 3751/7535/11
f 3760/7557/1 3759/7554/1 3756/7548/1 3755/7546/1
f 3761/7559/1 3760/7557/1 3755/7546/1 3754/7543/1
f 3762/7561/1 3761/7559/1 3754/7543/1 3753/7540/1
f 3763/7564/1 3762/7561/1 3753/7540/1 3752/7538/1
f 3764/7567/1 3763/7564/1 3752/7538/1 3758/7553/1
f 3765/7569/1 3764/7567/1 3758/7553/1 3757/7551/1
f 3759/7554/1 3765/7569/1 3757/7551/1 3756/7548/1
f 3767/7574/5 3766/7572/5 3759/7555/5 3760/7558/5
f 3768/7575/25 3767/7574/25 3760/7558/25 3761/7560/25
f 3769/7576/13 3768/7575/13 3761/7560/13 3762/7562/13
f 3770/7578/14 3769/7577/14 3762/7563/14 3763/7565/14
f 3771/7580/15 3770/7579/15 3763/7566/15 3764/7568/15
f 3772/7581/20 3771/7580/20 3764/7568/20 3765/7570/20
f 3766/7573/26 3772/7582/26 3765/7571/26 3759/7556/26
f 3780/7594/18 3781/7597/18 3774/7585/18 3773/7583/18
f 3781/7597/21 3782/7599/21 3775/7586/21 3774/7585/21
f 3782/7600/33 3783/7602/33 3776/7588/33 3775/7587/33
f 3783/7603/4 3784/7605/4 3777/7590/4 3776/7589/4
f 3784/7605/34 3785/7607/34 3778/7591/34 3777/7590/34
f 3785/7608/35 3786/7610/35 3779/7593/35 3778/7592/35
f 3786/7610/19 3780/7595/19 3773/7584/19 3779/7593/19
f 3788/7615/1 3787/7612/1 3784/7606/1 3783/7604/1
f 3789/7617/1 3788/7615/1 3783/7604/1 3782/7601/1
f 3790/7619/1 3789/7617/1 3782/7601/1 3781/7598/1
f 3791/7622/1 3790/7619/1 3781/7598/1 3780/7596/1
f 3792/7625/1 3791/7622/1 3780/7596/1 3786/7611/1
f 3793/7627/1 3792/7625/1 3786/7611/1 3785/7609/1
f 3787/7612/1 3793/7627/1 3785/7609/1 3784/7606/1
f 3795/7632/5 3794/7630/5 3787/7613/5 3788/7616/5
f 3796/7633/25 3795/7632/25 3788/7616/25 3789/7618/25
f 3797/7634/13 3796/7633/13 3789/7618/13 3790/7620/13
f 3798/7636/14 3797/7635/14 3790/7621/14 3791/7623/14
f 3799/7638/15 3798/7637/15 3791/7624/15 3792/7626/15
f 3800/7639/20 3799/7638/20 3792/7626/20 3793/7628/20
f 3794/7631/26 3800/7640/26 3793/7629/26 3787/7614/26
f 3808/7652/6 3809/7655/6 3802/7643/6 3801/7641/6
f 3809/7655/36 3810/7657/36 3803/7644/36 3802/7643/36
f 3810/7658/29 3811/7660/29 3804/7646/29 3803/7645/29
f 3811/7661/4 3812/7663/4 3805/7648/4 3804/7647/4
f 3812/7663/30 3813/7665/30 3806/7649/30 3805/7648/30
f 3813/7666/10 3814/7668/10 3807/7651/10 3806/7650/10
f 3814/7668/11 3808/7653/11 3801/7642/11 3807/7651/11
f 3816/7673/1 3815/7670/1 3812/7664/1 3811/7662/1
f 3817/7675/1 3816/7673/1 3811/7662/1 3810/7659/1
f 3818/7677/1 3817/7675/1 3810/7659/1 3809/7656/1
f 3819/7680/1 3818/7677/1 3809/7656/1 3808/7654/1
f 3820/7683/1 3819/7680/1 3808/7654/1 3814/7669/1
f 3821/7685/1 3820/7683/1 3814/7669/1 3813/7667/1
f 3815/7670/1 3821/7685/1 3813/7667/1 3812/7664/1
f 3823/7690/5 3822/7688/5 3815/7671/5 3816/7674/5
f 3824/7691/12 3823/7690/12 3816/7674/12 3817/7676/12
f 3825/7692/13 3824/7691/13 3817/7676/13 3818/7678/13
f 3826/7694/14 3825/7693/14 3818/7679/14 3819/7681/14
f 3827/7696/15 3826/7695/15 3819/7682/15 3820/7684/15
f 3828/7697/20 3827/7696/20 3820/7684/20 3821/7686/20
f 3822/7689/17 3828/7698/17 3821/7687/17 3815/7672/17
f 3836/7710/6 3837/7713/6 3830/7701/6 3829/7699/6
f 3837/7713/7 3838/7715/7 3831/7702/7 3830/7701/7
f 3838/7716/29 3839/7718/29 3832/7704/29 3831/7703/29
f 3839/7719/4 3840/7721/4 3833/7706/4 3832/7705/4
f 3840/7721/30 3841/7723/30 3834/7707/30 3833/7706/30
f 3841/7724/31 3842/7726/31 3835/7709/31 3834/7708/31
f 3842/7726/11 3836/7711/11 3829/7700/11 3835/7709/11
f 3844/7731/1 3843/7728/1 3840/7722/1 3839/7720/1
f 3845/7733/1 3844/7731/1 3839/7720/1 3838/7717/1
f 3846/7735/1 3845/7733/1 3838/7717/1 3837/7714/1
f 3847/7738/1 3846/7735/1 3837/7714/1 3836/7712/1
f 3848/7741/1 3847/7738/1 3836/7712/1 3842/7727/1
f 3849/7743/1 3848/7741/1 3842/7727/1 3841/7725/1
f 3843/7728/1 3849/7743/1 3841/7725/1 3840/7722/1
f 3851/7748/5 3850/7746/5 3843/7729/5 3844/7732/5
f 3852/7749/27 3851/7748/27 3844/7732/27 3845/7734/27
f 3853/7750/13 3852/7749/13 3845/7734/13 3846/7736/13
f 3854/7752/14 3853/7751/14 3846/7737/14 3847/7739/14
f 3855/7754/15 3854/7753/15 3847/7740/15 3848/7742/15
f 3856/7755/20 3855/7754/20 3848/7742/20 3849/7744/20
f 3850/7747/17 3856/7756/17 3849/7745/17 3843/7730/17
f 3864/7768/6 3865/7771/6 3858/7759/6 3857/7757/6
f 3865/7771/7 3866/7773/7 3859/7760/7 3858/7759/7
f 3866/7774/8 3867/7776/8 3860/7762/8 3859/7761/8
f 3867/7777/4 3868/7779/4 3861/7764/4 3860/7763/4
f 3868/7779/9 3869/7781/9 3862/7765/9 3861/7764/9
f 3869/7782/10 3870/7784/10 3863/7767/10 3862/7766/10
f 3870/7784/11 3864/7769/11 3857/7758/11 3863/7767/11
f 3872/7789/1 3871/7786/1 3868/7780/1 3867/7778/1
f 3873/7791/1 3872/7789/1 3867/7778/1 3866/7775/1
f 3874/7793/1 3873/7791/1 3866/7775/1 3865/7772/1
f 3875/7796/1 3874/7793/1 3865/7772/1 3864/7770/1
f 3876/7799/1 3875/7796/1 3864/7770/1 3870/7785/1
f 3877/7801/1 3876/7799/1 3870/7785/1 3869/7783/1
f 3871/7786/1 3877/7801/1 3869/7783/1 3868/7780/1
f 3879/7806/5 3878/7804/5 3871/7787/5 3872/7790/5
f 3880/7807/12 3879/7806/12 3872/7790/12 3873/7792/12
f 3881/7808/13 3880/7807/13 3873/7792/13 3874/7794/13
f 3882/7810/14 3881/7809/14 3874/7795/14 3875/7797/14
f 3883/7812/15 3882/7811/15 3875/7798/15 3876/7800/15
f 3884/7813/20 3883/7812/20 3876/7800/20 3877/7802/20
f 3878/7805/17 3884/7814/17 3877/7803/17 3871/7788/17
f 3892/7826/18 3893/7829/18 3886/7817/18 3885/7815/18
f 3893/7829/7 3894/7831/7 3887/7818/7 3886/7817/7
f 3894/7832/8 3895/7834/8 3888/7820/8 3887/7819/8
f 3895/7835/4 3896/7837/4 3889/7822/4 3888/7821/4
f 3896/7837/9 3897/7839/9 3890/7823/9 3889/7822/9
f 3897/7840/10 3898/7842/10 3891/7825/10 3890/7824/10
f 3898/7842/19 3892/7827/19 3885/7816/19 3891/7825/19
f 3900/7847/1 3899/7844/1 3896/7838/1 3895/7836/1
f 3901/7849/1 3900/7847/1 3895/7836/1 3894/7833/1
f 3902/7851/1 3901/7849/1 3894/7833/1 3893/7830/1
f 3903/7854/1 3902/7851/1 3893/7830/1 3892/7828/1
f 3904/7857/1 3903/7854/1 3892/7828/1 3898/7843/1
f 3905/7859/1 3904/7857/1 3898/7843/1 3897/7841/1
f 3899/7844/1 3905/7859/1 3897/7841/1 3896/7838/1
f 3907/7864/5 3906/7862/5 3899/7845/5 3900/7848/5
f 3908/7865/12 3907/7864/12 3900/7848/12 3901/7850/12
f 3909/7866/13 3908/7865/13 3901/7850/13 3902/7852/13
f 3910/7868/14 3909/7867/14 3902/7853/14 3903/7855/14
f 3911/7870/15 3910/7869/15 3903/7856/15 3904/7858/15
f 3912/7871/20 3911/7870/20 3904/7858/20 3905/7860/20
f 3906/7863/17 3912/7872/17 3905/7861/17 3899/7846/17
f 3920/7884/18 3921/7887/18 3914/7875/18 3913/7873/18
f 3921/7887/7 3922/7889/7 3915/7876/7 3914/7875/7
f 3922/7890/29 3923/7892/29 3916/7878/29 3915/7877/29
f 3923/7893/4 3924/7895/4 3917/7880/4 3916/7879/4
f 3924/7895/30 3925/7897/30 3918/7881/30 3917/7880/30
f 3925/7898/31 3926/7900/31 3919/7883/31 3918/7882/31
f 3926/7900/19 3920/7885/19 3913/7874/19 3919/7883/19
f 3928/7905/1 3927/7902/1 3924/7896/1 3923/7894/1
f 3929/7907/1 3928/7905/1 3923/7894/1 3922/7891/1
f 3930/7909/1 3929/7907/1 3922/7891/1 3921/7888/1
f 3931/7912/1 3930/7909/1 3921/7888/1 3920/7886/1
f 3932/7915/1 3931/7912/1 3920/7886/1 3926/7901/1
f 3933/7917/1 3932/7915/1 3926/7901/1 3925/7899/1
f 3927/7902/1 3933/7917/1 3925/7899/1 3924/7896/1
f 3935/7922/5 3934/7920/5 3927/7903/5 3928/7906/5
f 3936/7923/27 3935/7922/27 3928/7906/27 3929/7908/27
f 3937/7924/13 3936/7923/13 3929/7908/13 3930/7910/13
f 3938/7926/14 3937/7925/14 3930/7911/14 3931/7913/14
f 3939/7928/15 3938/7927/15 3931/7914/15 3932/7916/15
f 3940/7929/20 3939/7928/20 3932/7916/20 3933/7918/20
f 3934/7921/17 3940/7930/17 3933/7919/17 3927/7904/17
f 3948/7942/18 3949/7945/18 3942/7933/18 3941/7931/18
f 3949/7945/36 3950/7947/36 3943/7934/36 3942/7933/36
f 3950/7948/29 3951/7950/29 3944/7936/29 3943/7935/29
f 3951/7951/4 3952/7953/4 3945/7938/4 3944/7937/4
f 3952/7953/30 3953/7955/30 3946/7939/30 3945/7938/30
f 3953/7956/10 3954/7958/10 3947/7941/10 3946/7940/10
f 3954/7958/19 3948/7943/19 3941/7932/19 3947/7941/19
f 3956/7963/1 3955/7960/1 3952/7954/1 3951/7952/1
f 3957/7965/1 3956/7963/1 3951/7952/1 3950/7949/1
f 3958/7967/1 3957/7965/1 3950/7949/1 3949/7946/1
f 3959/7970/1 3958/7967/1 3949/7946/1 3948/7944/1
f 3960/7973/1 3959/7970/1 3948/7944/1 3954/7959/1
f 3961/7975/1 3960/7973/1 3954/7959/1 3953/7957/1
f 3955/7960/1 3961/7975/1 3953/7957/1 3952/7954/1
f 3963/7980/5 3962/7978/5 3955/7961/5 3956/7964/5
f 3964/7981/12 3963/7980/12 3956/7964/12 3957/7966/12
f 3965/7982/13 3964/7981/13 3957/7966/13 3958/7968/13
f 3966/7984/14 3965/7983/14 3958/7969/14 3959/7971/14
f 3967/7986/15 3966/7985/15 3959/7972/15 3960/7974/15
f 3968/7987/16 3967/7986/16 3960/7974/16 3961/7976/16
f 3962/7979/17 3968/7988/17 3961/7977/17 3955/7962/17
f 3976/8000/6 3977/8003/6 3970/7991/6 3969/7989/6
f 3977/8003/36 3978/8005/36 3971/7992/36 3970/7991/36
f 3978/8006/29 3979/8008/29 3972/7994/29 3971/7993/29
f 3979/8009/4 3980/8011/4 3973/7996/4 3972/7995/4
f 3980/8011/30 3981/8013/30 3974/7997/30 3973/7996/30
f 3981/8014/10 3982/8016/10 3975/7999/10 3974/7998/10
f 3982/8016/11 3976/8001/11 3969/7990/11 3975/7999/11
f 3984/8021/1 3983/8018/1 3980/8012/1 3979/8010/1
f 3985/8023/1 3984/8021/1 3979/8010/1 3978/8007/1
f 3986/8025/1 3985/8023/1 3978/8007/1 3977/8004/1
f 3987/8028/1 3986/8025/1 3977/8004/1 3976/8002/1
f 3988/8031/1 3987/8028/1 3976/8002/1 3982/8017/1
f 3989/8033/1 3988/8031/1 3982/8017/1 3981/8015/1
f 3983/8018/1 3989/8033/1 3981/8015/1 3980/8012/1
f 3991/8038/5 3990/8036/5 3983/8019/5 3984/8022/5
f 3992/8039/12 3991/8038/12 3984/8022/12 3985/8024/12
f 3993/8040/13 3992/8039/13 3985/8024/13 3986/8026/13
f 3994/8042/14 3993/8041/14 3986/8027/14 3987/8029/14
f 3995/8044/15 3994/8043/15 3987/8030/15 3988/8032/15
f 3996/8045/16 3995/8044/16 3988/8032/16 3989/8034/16
f 3990/8037/17 3996/8046/17 3989/8035/17 3983/8020/17
f 4004/8058/6 4005/8061/6 3998/8049/6 3997/8047/6
f 4005/8061/7 4006/8063/7 3999/8050/7 3998/8049/7
f 4006/8064/29 4007/8066/29 4000/8052/29 3999/8051/29
f 4007/8067/4 4008/8069/4 4001/8054/4 4000/8053/4
f 4008/8069/30 4009/8071/30 4002/8055/30 4001/8054/30
f 4009/8072/31 4010/8074/31 4003/8057/31 4002/8056/31
f 4010/8074/11 4004/8059/11 3997/8048/11 4003/8057/11
f 4012/8079/1 4011/8076/1 4008/8070/1 4007/8068/1
f 4013/8081/1 4012/8079/1 4007/8068/1 4006/8065/1
f 4014/8083/1 4013/8081/1 4006/8065/1 4005/8062/1
f 4015/8086/1 4014/8083/1 4005/8062/1 4004/8060/1
f 4016/8089/1 4015/8086/1 4004/8060/1 4010/8075/1
f 4017/8091/1 4016/8089/1 4010/8075/1 4009/8073/1
f 4011/8076/1 4017/8091/1 4009/8073/1 4008/8070/1
f 4019/8096/5 4018/8094/5 4011/8077/5 4012/8080/5
f 4020/8097/27 4019/8096/27 4012/8080/27 4013/8082/27
f 4021/8098/13 4020/8097/13 4013/8082/13 4014/8084/13
f 4022/8100/14 4021/8099/14 4014/8085/14 4015/8087/14
f 4023/8102/15 4022/8101/15 4015/8088/15 4016/8090/15
f 4024/8103/20 4023/8102/20 4016/8090/20 4017/8092/20
f 4018/8095/17 4024/8104/17 4017/8093/17 4011/8078/17
f 4032/8116/6 4033/8119/6 4026/8107/6 4025/8105/6
f 4033/8119/7 4034/8121/7 4027/8108/7 4026/8107/7
f 4034/8122/8 4035/8124/8 4028/8110/8 4027/8109/8
f 4035/8125/4 4036/8127/4 4029/8112/4 4028/8111/4
f 4036/8127/9 4037/8129/9 4030/8113/9 4029/8112/9
f 4037/8130/10 4038/8132/10 4031/8115/10 4030/8114/10
f 4038/8132/11 4032/8117/11 4025/8106/11 4031/8115/11
f 4040/8137/1 4039/8134/1 4036/8128/1 4035/8126/1
f 4041/8139/1 4040/8137/1 4035/8126/1 4034/8123/1
f 4042/8141/1 4041/8139/1 4034/8123/1 4033/8120/1
f 4043/8144/1 4042/8141/1 4033/8120/1 4032/8118/1
f 4044/8147/1 4043/8144/1 4032/8118/1 4038/8133/1
f 4045/8149/1 4044/8147/1 4038/8133/1 4037/8131/1
f 4039/8134/1 4045/8149/1 4037/8131/1 4036/8128/1
f 4047/8154/5 4046/8152/5 4039/8135/5 4040/8138/5
f 4048/8155/12 4047/8154/12 4040/8138/12 4041/8140/12
f 4049/8156/13 4048/8155/13 4041/8140/13 4042/8142/13
f 4050/8158/14 4049/8157/14 4042/8143/14 4043/8145/14
f 4051/8160/15 4050/8159/15 4043/8146/15 4044/8148/15
f 4052/8161/20 4051/8160/20 4044/8148/20 4045/8150/20
f 4046/8153/17 4052/8162/17 4045/8151/17 4039/8136/17
f 4060/8174/6 4061/8177/6 4054/8165/6 4053/8163/6
f 4061/8177/36 4062/8179/36 4055/8166/36 4054/8165/36
f 4062/8180/29 4063/8182/29 4056/8168/29 4055/8167/29
f 4063/8183/4 4064/8185/4 4057/8170/4 4056/8169/4
f 4064/8185/30 4065/8187/30 4058/8171/30 4057/8170/30
f 4065/8188/10 4066/8190/10 4059/8173/10 4058/8172/10
f 4066/8190/11 4060/8175/11 4053/8164/11 4059/8173/11
f 4068/8195/1 4067/8192/1 4064/8186/1 4063/8184/1
f 4069/8197/1 4068/8195/1 4063/8184/1 4062/8181/1
f 4070/8199/1 4069/8197/1 4062/8181/1 4061/8178/1
f 4071/8202/1 4070/8199/1 4061/8178/1 4060/8176/1
f 4072/8205/1 4071/8202/1 4060/8176/1 4066/8191/1
f 4073/8207/1 4072/8205/1 4066/8191/1 4065/8189/1
f 4067/8192/1 4073/8207/1 4065/8189/1 4064/8186/1
f 4075/8212/5 4074/8210/5 4067/8193/5 4068/8196/5
f 4076/8213/12 4075/8212/12 4068/8196/12 4069/8198/12
f 4077/8214/13 4076/8213/13 4069/8198/13 4070/8200/13
f 4078/8216/14 4077/8215/14 4070/8201/14 4071/8203/14
f 4079/8218/15 4078/8217/15 4071/8204/15 4072/8206/15
f 4080/8219/20 4079/8218/20 4072/8206/20 4073/8208/20
f 4074/8211/17 4080/8220/17 4073/8209/17 4067/8194/17
f 4088/8232/6 4089/8235/6 4082/8223/6 4081/8221/6
f 4089/8235/7 4090/8237/7 4083/8224/7 4082/8223/7
f 4090/8238/29 4091/8240/29 4084/8226/29 4083/8225/29
f 4091/8241/4 4092/8243/4 4085/8228/4 4084/8227/4
f 4092/8243/30 4093/8245/30 4086/8229/30 4085/8228/30
f 4093/8246/31 4094/8248/31 4087/8231/31 4086/8230/31
f 4094/8248/11 4088/8233/11 4081/8222/11 4087/8231/11
f 4096/8253/1 4095/8250/1 4092/8244/1 4091/8242/1
f 4097/8255/1 4096/8253/1 4091/8242/1 4090/8239/1
f 4098/8257/1 4097/8255/1 4090/8239/1 4089/8236/1
f 4099/8260/1 4098/8257/1 4089/8236/1 4088/8234/1
f 4100/8263/1 4099/8260/1 4088/8234/1 4094/8249/1
f 4101/8265/1 4100/8263/1 4094/8249/1 4093/8247/1
f 4095/8250/1 4101/8265/1 4093/8247/1 4092/8244/1
f 4103/8270/5 4102/8268/5 4095/8251/5 4096/8254/5
f 4104/8271/27 4103/8270/27 4096/8254/27 4097/8256/27
f 4105/8272/13 4104/8271/13 4097/8256/13 4098/8258/13
f 4106/8274/14 4105/8273/14 4098/8259/14 4099/8261/14
f 4107/8276/15 4106/8275/15 4099/8262/15 4100/8264/15
f 4108/8277/20 4107/8276/20 4100/8264/20 4101/8266/20
f 4102/8269/17 4108/8278/17 4101/8267/17 4095/8252/17
f 4116/8290/6 4117/8293/6 4110/8281/6 4109/8279/6
f 4117/8293/7 4118/8295/7 4111/8282/7 4110/8281/7
f 4118/8296/8 4119/8298/8 4112/8284/8 4111/8283/8
f 4119/8299/4 4120/8301/4 4113/8286/4 4112/8285/4
f 4120/8301/9 4121/8303/9 4114/8287/9 4113/8286/9
f 4121/8304/10 4122/8306/10 4115/8289/10 4114/8288/10
f 4122/8306/11 4116/8291/11 4109/8280/11 4115/8289/11
f 4124/8311/1 4123/8308/1 4120/8302/1 4119/8300/1
f 4125/8313/1 4124/8311/1 4119/8300/1 4118/8297/1
f 4126/8315/1 4125/8313/1 4118/8297/1 4117/8294/1
f 4127/8318/1 4126/8315/1 4117/8294/1 4116/8292/1
f 4128/8321/1 4127/8318/1 4116/8292/1 4122/8307/1
f 4129/8323/1 4128/8321/1 4122/8307/1 4121/8305/1
f 4123/8308/1 4129/8323/1 4121/8305/1 4120/8302/1
f 4131/8328/5 4130/8326/5 4123/8309/5 4124/8312/5
f 4132/8329/12 4131/8328/12 4124/8312/12 4125/8314/12
f 4133/8330/13 4132/8329/13 4125/8314/13 4126/8316/13
f 4134/8332/14 4133/8331/14 4126/8317/14 4127/8319/14
f 4135/8334/15 4134/8333/15 4127/8320/15 4128/8322/15
f 4136/8335/20 4135/8334/20 4128/8322/20 4129/8324/20
f 4130/8327/17 4136/8336/17 4129/8325/17 4123/8310/17
f 4144/8348/6 4145/8351/6 4138/8339/6 4137/8337/6
f 4145/8351/36 4146/8353/36 4139/8340/36 4138/8339/36
f 4146/8354/29 4147/8356/29 4140/8342/29 4139/8341/29
f 4147/8357/4 4148/8359/4 4141/8344/4 4140/8343/4
f 4148/8359/30 4149/8361/30 4142/8345/30 4141/8344/30
f 4149/8362/10 4150/8364/10 4143/8347/10 4142/8346/10
f 4150/8364/11 4144/8349/11 4137/8338/11 4143/8347/11
f 4152/8369/1 4151/8366/1 4148/8360/1 4147/8358/1
f 4153/8371/1 4152/8369/1 4147/8358/1 4146/8355/1
f 4154/8373/1 4153/8371/1 4146/8355/1 4145/8352/1
f 4155/8376/1 4154/8373/1 4145/8352/1 4144/8350/1
f 4156/8379/1 4155/8376/1 4144/8350/1 4150/8365/1
f 4157/8381/1 4156/8379/1 4150/8365/1 4149/8363/1
f 4151/8366/1 4157/8381/1 4149/8363/1 4148/8360/1
f 4159/8386/5 4158/8384/5 4151/8367/5 4152/8370/5
f 4160/8387/12 4159/8386/12 4152/8370/12 4153/8372/12
f 4161/8388/13 4160/8387/13 4153/8372/13 4154/8374/13
f 4162/8390/14 4161/8389/14 4154/8375/14 4155/8377/14
f 4163/8392/15 4162/8391/15 4155/8378/15 4156/8380/15
f 4164/8393/16 4163/8392/16 4156/8380/16 4157/8382/16
f 4158/8385/17 4164/8394/17 4157/8383/17 4151/8368/17
f 4172/8406/6 4173/8409/6 4166/8397/6 4165/8395/6
f 4173/8409/7 4174/8411/7 4167/8398/7 4166/8397/7
f 4174/8412/29 4175/8414/29 4168/8400/29 4167/8399/29
f 4175/8415/4 4176/8417/4 4169/8402/4 4168/8401/4
f 4176/8417/30 4177/8419/30 4170/8403/30 4169/8402/30
f 4177/8420/31 4178/8422/31 4171/8405/31 4170/8404/31
f 4178/8422/11 4172/8407/11 4165/8396/11 4171/8405/11
f 4180/8427/1 4179/8424/1 4176/8418/1 4175/8416/1
f 4181/8429/1 4180/8427/1 4175/8416/1 4174/8413/1
f 4182/8431/1 4181/8429/1 4174/8413/1 4173/8410/1
f 4183/8434/1 4182/8431/1 4173/8410/1 4172/8408/1
f 4184/8437/1 4183/8434/1 4172/8408/1 4178/8423/1
f 4185/8439/1 4184/8437/1 4178/8423/1 4177/8421/1
f 4179/8424/1 4185/8439/1 4177/8421/1 4176/8418/1
f 4187/8444/5 4186/8442/5 4179/8425/5 4180/8428/5
f 4188/8445/27 4187/8444/27 4180/8428/27 4181/8430/27
f 4189/8446/13 4188/8445/13 4181/8430/13 4182/8432/13
f 4190/8448/14 4189/8447/14 4182/8433/14 4183/8435/14
f 4191/8450/15 4190/8449/15 4183/8436/15 4184/8438/15
f 4192/8451/20 4191/8450/20 4184/8438/20 4185/8440/20
f 4186/8443/17 4192/8452/17 4185/8441/17 4179/8426/17
f 4200/8464/6 4201/8467/6 4194/8455/6 4193/8453/6
f 4201/8467/7 4202/8469/7 4195/8456/7 4194/8455/7
f 4202/8470/8 4203/8472/8 4196/8458/8 4195/8457/8
f 4203/8473/4 4204/8475/4 4197/8460/4 4196/8459/4
f 4204/8475/9 4205/8477/9 4198/8461/9 4197/8460/9
f 4205/8478/10 4206/8480/10 4199/8463/10 4198/8462/10
f 4206/8480/11 4200/8465/11 4193/8454/11 4199/8463/11
f 4208/8485/1 4207/8482/1 4204/8476/1 4203/8474/1
f 4209/8487/1 4208/8485/1 4203/8474/1 4202/8471/1
f 4210/8489/1 4209/8487/1 4202/8471/1 4201/8468/1
f 4211/8492/1 4210/8489/1 4201/8468/1 4200/8466/1
f 4212/8495/1 4211/8492/1 4200/8466/1 4206/8481/1
f 4213/8497/1 4212/8495/1 4206/8481/1 4205/8479/1
f 4207/8482/1 4213/8497/1 4205/8479/1 4204/8476/1
f 4215/8502/5 4214/8500/5 4207/8483/5 4208/8486/5
f 4216/8503/12 4215/8502/12 4208/8486/12 4209/8488/12
f 4217/8504/13 4216/8503/13 4209/8488/13 4210/8490/13
f 4218/8506/14 4217/8505/14 4210/8491/14 4211/8493/14
f 4219/8508/15 4218/8507/15 4211/8494/15 4212/8496/15
f 4220/8509/20 4219/8508/20 4212/8496/20 4213/8498/20
f 4214/8501/17 4220/8510/17 4213/8499/17 4207/8484/17
f 4228/8522/6 4229/8525/6 4222/8513/6 4221/8511/6
f 4229/8525/36 4230/8527/36 4223/8514/36 4222/8513/36
f 4230/8528/29 4231/8530/29 4224/8516/29 4223/8515/29
f 4231/8531/4 4232/8533/4 4225/8518/4 4224/8517/4
f 4232/8533/30 4233/8535/30 4226/8519/30 4225/8518/30
f 4233/8536/10 4234/8538/10 4227/8521/10 4226/8520/10
f 4234/8538/11 4228/8523/11 4221/8512/11 4227/8521/11
f 4236/8543/1 4235/8540/1 4232/8534/1 4231/8532/1
f 4237/8545/1 4236/8543/1 4231/8532/1 4230/8529/1
f 4238/8547/1 4237/8545/1 4230/8529/1 4229/8526/1
f 4239/8550/1 4238/8547/1 4229/8526/1 4228/8524/1
f 4240/8553/1 4239/8550/1 4228/8524/1 4234/8539/1
f 4241/8555/1 4240/8553/1 4234/8539/1 4233/8537/1
f 4235/8540/1 4241/8555/1 4233/8537/1 4232/8534/1
f 4243/8560/5 4242/8558/5 4235/8541/5 4236/8544/5
f 4244/8561/25 4243/8560/25 4236/8544/25 4237/8546/25
f 4245/8562/13 4244/8561/13 4237/8546/13 4238/8548/13
f 4246/8564/14 4245/8563/14 4238/8549/14 4239/8551/14
f 4247/8566/15 4246/8565/15 4239/8552/15 4240/8554/15
f 4248/8567/20 4247/8566/20 4240/8554/20 4241/8556/20
f 4242/8559/17 4248/8568/17 4241/8557/17 4235/8542/17
f 4256/8580/6 4257/8583/6 4250/8571/6 4249/8569/6
f 4257/8583/7 4258/8585/7 4251/8572/7 4250/8571/7
f 4258/8586/29 4259/8588/29 4252/8574/29 4251/8573/29
f 4259/8589/4 4260/8591/4 4253/8576/4 4252/8575/4
f 4260/8591/30 4261/8593/30 4254/8577/30 4253/8576/30
f 4261/8594/31 4262/8596/31 4255/8579/31 4254/8578/31
f 4262/8596/11 4256/8581/11 4249/8570/11 4255/8579/11
f 4264/8601/1 4263/8598/1 4260/8592/1 4259/8590/1
f 4265/8603/1 4264/8601/1 4259/8590/1 4258/8587/1
f 4266/8605/1 4265/8603/1 4258/8587/1 4257/8584/1
f 4267/8608/1 4266/8605/1 4257/8584/1 4256/8582/1
f 4268/8611/1 4267/8608/1 4256/8582/1 4262/8597/1
f 4269/8613/1 4268/8611/1 4262/8597/1 4261/8595/1
f 4263/8598/1 4269/8613/1 4261/8595/1 4260/8592/1
f 4271/8618/5 4270/8616/5 4263/8599/5 4264/8602/5
f 4272/8619/27 4271/8618/27 4264/8602/27 4265/8604/27
f 4273/8620/13 4272/8619/13 4265/8604/13 4266/8606/13
f 4274/8622/14 4273/8621/14 4266/8607/14 4267/8609/14
f 4275/8624/15 4274/8623/15 4267/8610/15 4268/8612/15
f 4276/8625/20 4275/8624/20 4268/8612/20 4269/8614/20
f 4270/8617/17 4276/8626/17 4269/8615/17 4263/8600/17
f 4284/8638/6 4285/8641/6 4278/8629/6 4277/8627/6
f 4285/8641/7 4286/8643/7 4279/8630/7 4278/8629/7
f 4286/8644/8 4287/8646/8 4280/8632/8 4279/8631/8
f 4287/8647/4 4288/8649/4 4281/8634/4 4280/8633/4
f 4288/8649/9 4289/8651/9 4282/8635/9 4281/8634/9
f 4289/8652/10 4290/8654/10 4283/8637/10 4282/8636/10
f 4290/8654/11 4284/8639/11 4277/8628/11 4283/8637/11
f 4292/8659/1 4291/8656/1 4288/8650/1 4287/8648/1
f 4293/8661/1 4292/8659/1 4287/8648/1 4286/8645/1
f 4294/8663/1 4293/8661/1 4286/8645/1 4285/8642/1
f 4295/8666/1 4294/8663/1 4285/8642/1 4284/8640/1
f 4296/8669/1 4295/8666/1 4284/8640/1 4290/8655/1
f 4297/8671/1 4296/8669/1 4290/8655/1 4289/8653/1
f 4291/8656/1 4297/8671/1 4289/8653/1 4288/8650/1
f 4299/8676/5 4298/8674/5 4291/8657/5 4292/8660/5
f 4300/8677/12 4299/8676/12 4292/8660/12 4293/8662/12
f 4301/8678/13 4300/8677/13 4293/8662/13 4294/8664/13
f 4302/8680/14 4301/8679/14 4294/8665/14 4295/8667/14
f 4303/8682/15 4302/8681/15 4295/8668/15 4296/8670/15
f 4304/8683/20 4303/8682/20 4296/8670/20 4297/8672/20
f 4298/8675/17 4304/8684/17 4297/8673/17 4291/8658/17
f 4312/8696/6 4313/8699/6 4306/8687/6 4305/8685/6
f 4313/8699/36 4314/8701/36 4307/8688/36 4306/8687/36
f 4314/8702/29 4315/8704/29 4308/8690/29 4307/8689/29
f 4315/8705/4 4316/8707/4 4309/8692/4 4308/8691/4
f 4316/8707/30 4317/8709/30 4310/8693/30 4309/8692/30
f 4317/8710/10 4318/8712/10 4311/8695/10 4310/8694/10
f 4318/8712/11 4312/8697/11 4305/8686/11 4311/8695/11
f 4320/8717/1 4319/8714/1 4316/8708/1 4315/8706/1
f 4321/8719/1 4320/8717/1 4315/8706/1 4314/8703/1
f 4322/8721/1 4321/8719/1 4314/8703/1 4313/8700/1
f 4323/8724/1 4322/8721/1 4313/8700/1 4312/8698/1
f 4324/8727/1 4323/8724/1 4312/8698/1 4318/8713/1
f 4325/8729/1 4324/8727/1 4318/8713/1 4317/8711/1
f 4319/8714/1 4325/8729/1 4317/8711/1 4316/8708/1
f 4327/8734/5 4326/8732/5 4319/8715/5 4320/8718/5
f 4328/8735/25 4327/8734/25 4320/8718/25 4321/8720/25
f 4329/8736/13 4328/8735/13 4321/8720/13 4322/8722/13
f 4330/8738/14 4329/8737/14 4322/8723/14 4323/8725/14
f 4331/8740/15 4330/8739/15 4323/8726/15 4324/8728/15
f 4332/8741/16 4331/8740/16 4324/8728/16 4325/8730/16
f 4326/8733/17 4332/8742/17 4325/8731/17 4319/8716/17
f 4340/8754/6 4341/8757/6 4334/8745/6 4333/8743/6
f 4341/8757/7 4342/8759/7 4335/8746/7 4334/8745/7
f 4342/8760/29 4343/8762/29 4336/8748/29 4335/8747/29
f 4343/8763/4 4344/8765/4 4337/8750/4 4336/8749/4
f 4344/8765/30 4345/8767/30 4338/8751/30 4337/8750/30
f 4345/8768/31 4346/8770/31 4339/8753/31 4338/8752/31
f 4346/8770/11 4340/8755/11 4333/8744/11 4339/8753/11
f 4348/8775/1 4347/8772/1 4344/8766/1 4343/8764/1
f 4349/8777/1 4348/8775/1 4343/8764/1 4342/8761/1
f 4350/8779/1 4349/8777/1 4342/8761/1 4341/8758/1
f 4351/8782/1 4350/8779/1 4341/8758/1 4340/8756/1
f 4352/8785/1 4351/8782/1 4340/8756/1 4346/8771/1
f 4353/8787/1 4352/8785/1 4346/8771/1 4345/8769/1
f 4347/8772/1 4353/8787/1 4345/8769/1 4344/8766/1
f 4355/8792/5 4354/8790/5 4347/8773/5 4348/8776/5
f 4356/8793/27 4355/8792/27 4348/8776/27 4349/8778/27
f 4357/8794/13 4356/8793/13 4349/8778/13 4350/8780/13
f 4358/8796/14 4357/8795/14 4350/8781/14 4351/8783/14
f 4359/8798/15 4358/8797/15 4351/8784/15 4352/8786/15
f 4360/8799/20 4359/8798/20 4352/8786/20 4353/8788/20
f 4354/8791/17 4360/8800/17 4353/8789/17 4347/8774/17
f 4368/8812/6 4369/8815/6 4362/8803/6 4361/8801/6
f 4369/8815/7 4370/8817/7 4363/8804/7 4362/8803/7
f 4370/8818/8 4371/8820/8 4364/8806/8 4363/8805/8
f 4371/8821/4 4372/8823/4 4365/8808/4 4364/8807/4
f 4372/8823/9 4373/8825/9 4366/8809/9 4365/8808/9
f 4373/8826/10 4374/8828/10 4367/8811/10 4366/8810/10
f 4374/8828/11 4368/8813/11 4361/8802/11 4367/8811/11
f 4376/8833/1 4375/8830/1 4372/8824/1 4371/8822/1
f 4377/8835/1 4376/8833/1 4371/8822/1 4370/8819/1
f 4378/8837/1 4377/8835/1 4370/8819/1 4369/8816/1
f 4379/8840/1 4378/8837/1 4369/8816/1 4368/8814/1
f 4380/8843/1 4379/8840/1 4368/8814/1 4374/8829/1
f 4381/8845/1 4380/8843/1 4374/8829/1 4373/8827/1
f 4375/8830/1 4381/8845/1 4373/8827/1 4372/8824/1
f 4383/8850/5 4382/8848/5 4375/8831/5 4376/8834/5
f 4384/8851/12 4383/8850/12 4376/8834/12 4377/8836/12
f 4385/8852/13 4384/8851/13 4377/8836/13 4378/8838/13
f 4386/8854/14 4385/8853/14 4378/8839/14 4379/8841/14
f 4387/8856/15 4386/8855/15 4379/8842/15 4380/8844/15
f 4388/8857/20 4387/8856/20 4380/8844/20 4381/8846/20
f 4382/8849/17 4388/8858/17 4381/8847/17 4375/8832/17
f 4396/8870/6 4397/8873/6 4390/8861/6 4389/8859/6
f 4397/8873/36 4398/8875/36 4391/8862/36 4390/8861/36
f 4398/8876/29 4399/8878/29 4392/8864/29 4391/8863/29
f 4399/8879/4 4400/8881/4 4393/8866/4 4392/8865/4
f 4400/8881/30 4401/8883/30 4394/8867/30 4393/8866/30
f 4401/8884/10 4402/8886/10 4395/8869/10 4394/8868/10
f 4402/8886/11 4396/8871/11 4389/8860/11 4395/8869/11
f 4404/8891/1 4403/8888/1 4400/8882/1 4399/8880/1
f 4405/8893/1 4404/8891/1 4399/8880/1 4398/8877/1
f 4406/8895/1 4405/8893/1 4398/8877/1 4397/8874/1
f 4407/8898/1 4406/8895/1 4397/8874/1 4396/8872/1
f 4408/8901/1 4407/8898/1 4396/8872/1 4402/8887/1
f 4409/8903/1 4408/8901/1 4402/8887/1 4401/8885/1
f 4403/8888/1 4409/8903/1 4401/8885/1 4400/8882/1
f 4411/8908/5 4410/8906/5 4403/8889/5 4404/8892/5
f 4412/8909/12 4411/8908/12 4404/8892/12 4405/8894/12
f 4413/8910/13 4412/8909/13 4405/8894/13 4406/8896/13
f 4414/8912/14 4413/8911/14 4406/8897/14 4407/8899/14
f 4415/8914/15 4414/8913/15 4407/8900/15 4408/8902/15
f 4416/8915/20 4415/8914/20 4408/8902/20 4409/8904/20
f 4410/8907/17 4416/8916/17 4409/8905/17 4403/8890/17
f 4424/8928/6 4425/8931/6 4418/8919/6 4417/8917/6
f 4425/8931/36 4426/8933/36 4419/8920/36 4418/8919/36
f 4426/8934/29 4427/8936/29 4420/8922/29 4419/8921/29
f 4427/8937/4 4428/8939/4 4421/8924/4 4420/8923/4
f 4428/8939/9 4429/8941/9 4422/8925/9 4421/8924/9
f 4429/8942/10 4430/8944/10 4423/8927/10 4422/8926/10
f 4430/8944/11 4424/8929/11 4417/8918/11 4423/8927/11
f 4432/8949/1 4431/8946/1 4428/8940/1 4427/8938/1
f 4433/8951/1 4432/8949/1 4427/8938/1 4426/8935/1
f 4434/8953/1 4433/8951/1 4426/8935/1 4425/8932/1
f 4435/8956/1 4434/8953/1 4425/8932/1 4424/8930/1
f 4436/8959/1 4435/8956/1 4424/8930/1 4430/8945/1
f 4437/8961/1 4436/8959/1 4430/8945/1 4429/8943/1
f 4431/8946/1 4437/8961/1 4429/8943/1 4428/8940/1
f 4439/8966/5 4438/8964/5 4431/8947/5 4432/8950/5
f 4440/8967/12 4439/8966/12 4432/8950/12 4433/8952/12
f 4441/8968/13 4440/8967/13 4433/8952/13 4434/8954/13
f 4442/8970/14 4441/8969/14 4434/8955/14 4435/8957/14
f 4443/8972/15 4442/8971/15 4435/8958/15 4436/8960/15
f 4444/8973/20 4443/8972/20 4436/8960/20 4437/8962/20
f 4438/8965/17 4444/8974/17 4437/8963/17 4431/8948/17
f 4452/8986/6 4453/8989/6 4446/8977/6 4445/8975/6
f 4453/8989/36 4454/8991/36 4447/8978/36 4446/8977/36
f 4454/8992/29 4455/8994/29 4448/8980/29 4447/8979/29
f 4455/8995/4 4456/8997/4 4449/8982/4 4448/8981/4
f 4456/8997/30 4457/8999/30 4450/8983/30 4449/8982/30
f 4457/9000/10 4458/9002/10 4451/8985/10 4450/8984/10
f 4458/9002/11 4452/8987/11 4445/8976/11 4451/8985/11
f 4460/9007/1 4459/9004/1 4456/8998/1 4455/8996/1
f 4461/9009/1 4460/9007/1 4455/8996/1 4454/8993/1
f 4462/9011/1 4461/9009/1 4454/8993/1 4453/8990/1
f 4463/9014/1 4462/9011/1 4453/8990/1 4452/8988/1
f 4464/9017/1 4463/9014/1 4452/8988/1 4458/9003/1
f 4465/9019/1 4464/9017/1 4458/9003/1 4457/9001/1
f 4459/9004/1 4465/9019/1 4457/9001/1 4456/8998/1
f 4467/9024/5 4466/9022/5 4459/9005/5 4460/9008/5
f 4468/9025/12 4467/9024/12 4460/9008/12 4461/9010/12
f 4469/9026/13 4468/9025/13 4461/9010/13 4462/9012/13
f 4470/9028/14 4469/9027/14 4462/9013/14 4463/9015/14
f 4471/9030/15 4470/9029/15 4463/9016/15 4464/9018/15
f 4472/9031/20 4471/9030/20 4464/9018/20 4465/9020/20
f 4466/9023/17 4472/9032/17 4465/9021/17 4459/9006/17
f 4480/9044/6 4481/9047/6 4474/9035/6 4473/9033/6
f 4481/9047/36 4482/9049/36 4475/9036/36 4474/9035/36
f 4482/9050/29 4483/9052/29 4476/9038/29 4475/9037/29
f 4483/9053/4 4484/9055/4 4477/9040/4 4476/9039/4
f 4484/9055/30 4485/9057/30 4478/9041/30 4477/9040/30
f 4485/9058/10 4486/9060/10 4479/9043/10 4478/9042/10
f 4486/9060/11 4480/9045/11 4473/9034/11 4479/9043/11
f 4488/9065/1 4487/9062/1 4484/9056/1 4483/9054/1
f 4489/9067/1 4488/9065/1 4483/9054/1 4482/9051/1
f 4490/9069/1 4489/9067/1 4482/9051/1 4481/9048/1
f 4491/9072/1 4490/9069/1 4481/9048/1 4480/9046/1
f 4492/9075/1 4491/9072/1 4480/9046/1 4486/9061/1
f 4493/9077/1 4492/9075/1 4486/9061/1 4485/9059/1
f 4487/9062/1 4493/9077/1 4485/9059/1 4484/9056/1
f 4495/9082/5 4494/9080/5 4487/9063/5 4488/9066/5
f 4496/9083/12 4495/9082/12 4488/9066/12 4489/9068/12
f 4497/9084/13 4496/9083/13 4489/9068/13 4490/9070/13
f 4498/9086/14 4497/9085/14 4490/9071/14 4491/9073/14
f 4499/9088/15 4498/9087/15 4491/9074/15 4492/9076/15
f 4500/9089/20 4499/9088/20 4492/9076/20 4493/9078/20
f 4494/9081/17 4500/9090/17 4493/9079/17 4487/9064/17
f 4508/9102/6 4509/9105/6 4502/9093/6 4501/9091/6
f 4509/9105/7 4510/9107/7 4503/9094/7 4502/9093/7
f 4510/9108/8 4511/9110/8 4504/9096/8 4503/9095/8
f 4511/9111/4 4512/9113/4 4505/9098/4 4504/9097/4
f 4512/9113/9 4513/9115/9 4506/9099/9 4505/9098/9
f 4513/9116/10 4514/9118/10 4507/9101/10 4506/9100/10
f 4514/9118/11 4508/9103/11 4501/9092/11 4507/9101/11
f 4516/9123/1 4515/9120/1 4512/9114/1 4511/9112/1
f 4517/9125/1 4516/9123/1 4511/9112/1 4510/9109/1
f 4518/9127/1 4517/9125/1 4510/9109/1 4509/9106/1
f 4519/9130/1 4518/9127/1 4509/9106/1 4508/9104/1
f 4520/9133/1 4519/9130/1 4508/9104/1 4514/9119/1
f 4521/9135/1 4520/9133/1 4514/9119/1 4513/9117/1
f 4515/9120/1 4521/9135/1 4513/9117/1 4512/9114/1
f 4523/9140/5 4522/9138/5 4515/9121/5 4516/9124/5
f 4524/9141/12 4523/9140/12 4516/9124/12 4517/9126/12
f 4525/9142/13 4524/9141/13 4517/9126/13 4518/9128/13
f 4526/9144/14 4525/9143/14 4518/9129/14 4519/9131/14
f 4527/9146/15 4526/9145/15 4519/9132/15 4520/9134/15
f 4528/9147/20 4527/9146/20 4520/9134/20 4521/9136/20
f 4522/9139/17 4528/9148/17 4521/9137/17 4515/9122/17
f 4536/9160/6 4537/9163/6 4530/9151/6 4529/9149/6
f 4537/9163/36 4538/9165/36 4531/9152/36 4530/9151/36
f 4538/9166/29 4539/9168/29 4532/9154/29 4531/9153/29
f 4539/9169/4 4540/9171/4 4533/9156/4 4532/9155/4
f 4540/9171/30 4541/9173/30 4534/9157/30 4533/9156/30
f 4541/9174/10 4542/9176/10 4535/9159/10 4534/9158/10
f 4542/9176/11 4536/9161/11 4529/9150/11 4535/9159/11
f 4544/9181/1 4543/9178/1 4540/9172/1 4539/9170/1
f 4545/9183/1 4544/9181/1 4539/9170/1 4538/9167/1
f 4546/9185/1 4545/9183/1 4538/9167/1 4537/9164/1
f 4547/9188/1 4546/9185/1 4537/9164/1 4536/9162/1
f 4548/9191/1 4547/9188/1 4536/9162/1 4542/9177/1
f 4549/9193/1 4548/9191/1 4542/9177/1 4541/9175/1
f 4543/9178/1 4549/9193/1 4541/9175/1 4540/9172/1
f 4551/9198/5 4550/9196/5 4543/9179/5 4544/9182/5
f 4552/9199/27 4551/9198/27 4544/9182/27 4545/9184/27
f 4553/9200/13 4552/9199/13 4545/9184/13 4546/9186/13
f 4554/9202/14 4553/9201/14 4546/9187/14 4547/9189/14
f 4555/9204/15 4554/9203/15 4547/9190/15 4548/9192/15
f 4556/9205/20 4555/9204/20 4548/9192/20 4549/9194/20
f 4550/9197/17 4556/9206/17 4549/9195/17 4543/9180/17
f 4564/9218/6 4565/9221/6 4558/9209/6 4557/9207/6
f 4565/9221/36 4566/9223/36 4559/9210/36 4558/9209/36
f 4566/9224/29 4567/9226/29 4560/9212/29 4559/9211/29
f 4567/9227/4 4568/9229/4 4561/9214/4 4560/9213/4
f 4568/9229/30 4569/9231/30 4562/9215/30 4561/9214/30
f 4569/9232/10 4570/9234/10 4563/9217/10 4562/9216/10
f 4570/9234/11 4564/9219/11 4557/9208/11 4563/9217/11
f 4572/9239/1 4571/9236/1 4568/9230/1 4567/9228/1
f 4573/9241/1 4572/9239/1 4567/9228/1 4566/9225/1
f 4574/9243/1 4573/9241/1 4566/9225/1 4565/9222/1
f 4575/9246/1 4574/9243/1 4565/9222/1 4564/9220/1
f 4576/9249/1 4575/9246/1 4564/9220/1 4570/9235/1
f 4577/9251/1 4576/9249/1 4570/9235/1 4569/9233/1
f 4571/9236/1 4577/9251/1 4569/9233/1 4568/9230/1
f 4579/9256/5 4578/9254/5 4571/9237/5 4572/9240/5
f 4580/9257/25 4579/9256/25 4572/9240/25 4573/9242/25
f 4581/9258/13 4580/9257/13 4573/9242/13 4574/9244/13
f 4582/9260/14 4581/9259/14 4574/9245/14 4575/9247/14
f 4583/9262/15 4582/9261/15 4575/9248/15 4576/9250/15
f 4584/9263/20 4583/9262/20 4576/9250/20 4577/9252/20
f 4578/9255/17 4584/9264/17 4577/9253/17 4571/9238/17
f 4592/9276/6 4593/9279/6 4586/9267/6 4585/9265/6
f 4593/9279/36 4594/9281/36 4587/9268/36 4586/9267/36
f 4594/9282/29 4595/9284/29 4588/9270/29 4587/9269/29
f 4595/9285/4 4596/9287/4 4589/9272/4 4588/9271/4
f 4596/9287/9 4597/9289/9 4590/9273/9 4589/9272/9
f 4597/9290/10 4598/9292/10 4591/9275/10 4590/9274/10
f 4598/9292/11 4592/9277/11 4585/9266/11 4591/9275/11
f 4600/9297/1 4599/9294/1 4596/9288/1 4595/9286/1
f 4601/9299/1 4600/9297/1 4595/9286/1 4594/9283/1
f 4602/9301/1 4601/9299/1 4594/9283/1 4593/9280/1
f 4603/9304/1 4602/9301/1 4593/9280/1 4592/9278/1
f 4604/9307/1 4603/9304/1 4592/9278/1 4598/9293/1
f 4605/9309/1 4604/9307/1 4598/9293/1 4597/9291/1
f 4599/9294/1 4605/9309/1 4597/9291/1 4596/9288/1
f 4607/9314/5 4606/9312/5 4599/9295/5 4600/9298/5
f 4608/9315/12 4607/9314/12 4600/9298/12 4601/9300/12
f 4609/9316/28 4608/9315/28 4601/9300/28 4602/9302/28
f 4610/9318/14 4609/9317/14 4602/9303/14 4603/9305/14
f 4611/9320/15 4610/9319/15 4603/9306/15 4604/9308/15
f 4612/9321/20 4611/9320/20 4604/9308/20 4605/9310/20
f 4606/9313/17 4612/9322/17 4605/9311/17 4599/9296/17
f 4620/9334/6 4621/9337/6 4614/9325/6 4613/9323/6
f 4621/9337/36 4622/9339/36 4615/9326/36 4614/9325/36
f 4622/9340/29 4623/9342/29 4616/9328/29 4615/9327/29
f 4623/9343/4 4624/9345/4 4617/9330/4 4616/9329/4
f 4624/9345/30 4625/9347/30 4618/9331/30 4617/9330/30
f 4625/9348/10 4626/9350/10 4619/9333/10 4618/9332/10
f 4626/9350/11 4620/9335/11 4613/9324/11 4619/9333/11
f 4628/9355/1 4627/9352/1 4624/9346/1 4623/9344/1
f 4629/9357/1 4628/9355/1 4623/9344/1 4622/9341/1
f 4630/9359/1 4629/9357/1 4622/9341/1 4621/9338/1
f 4631/9362/1 4630/9359/1 4621/9338/1 4620/9336/1
f 4632/9365/1 4631/9362/1 4620/9336/1 4626/9351/1
f 4633/9367/1 4632/9365/1 4626/9351/1 4625/9349/1
f 4627/9352/1 4633/9367/1 4625/9349/1 4624/9346/1
f 4635/9372/5 4634/9370/5 4627/9353/5 4628/9356/5
f 4636/9373/12 4635/9372/12 4628/9356/12 4629/9358/12
f 4637/9374/13 4636/9373/13 4629/9358/13 4630/9360/13
f 4638/9376/14 4637/9375/14 4630/9361/14 4631/9363/14
f 4639/9378/15 4638/9377/15 4631/9364/15 4632/9366/15
f 4640/9379/20 4639/9378/20 4632/9366/20 4633/9368/20
f 4634/9371/26 4640/9380/26 4633/9369/26 4627/9354/26
f 4648/9392/6 4649/9395/6 4642/9383/6 4641/9381/6
f 4649/9395/36 4650/9397/36 4643/9384/36 4642/9383/36
f 4650/9398/29 4651/9400/29 4644/9386/29 4643/9385/29
f 4651/9401/4 4652/9403/4 4645/9388/4 4644/9387/4
f 4652/9403/30 4653/9405/30 4646/9389/30 4645/9388/30
f 4653/9406/10 4654/9408/10 4647/9391/10 4646/9390/10
f 4654/9408/11 4648/9393/11 4641/9382/11 4647/9391/11
f 4656/9413/1 4655/9410/1 4652/9404/1 4651/9402/1
f 4657/9415/1 4656/9413/1 4651/9402/1 4650/9399/1
f 4658/9417/1 4657/9415/1 4650/9399/1 4649/9396/1
f 4659/9420/1 4658/9417/1 4649/9396/1 4648/9394/1
f 4660/9423/1 4659/9420/1 4648/9394/1 4654/9409/1
f 4661/9425/1 4660/9423/1 4654/9409/1 4653/9407/1
f 4655/9410/1 4661/9425/1 4653/9407/1 4652/9404/1
f 4663/9430/5 4662/9428/5 4655/9411/5 4656/9414/5
f 4664/9431/12 4663/9430/12 4656/9414/12 4657/9416/12
f 4665/9432/13 4664/9431/13 4657/9416/13 4658/9418/13
f 4666/9434/14 4665/9433/14 4658/9419/14 4659/9421/14
f 4667/9436/15 4666/9435/15 4659/9422/15 4660/9424/15
f 4668/9437/20 4667/9436/20 4660/9424/20 4661/9426/20
f 4662/9429/26 4668/9438/26 4661/9427/26 4655/9412/26
f 4676/9450/6 4677/9453/6 4670/9441/6 4669/9439/6
f 4677/9453/36 4678/9455/36 4671/9442/36 4670/9441/36
f 4678/9456/29 4679/9458/29 4672/9444/29 4671/9443/29
f 4679/9459/4 4680/9461/4 4673/9446/4 4672/9445/4
f 4680/9461/9 4681/9463/9 4674/9447/9 4673/9446/9
f 4681/9464/10 4682/9466/10 4675/9449/10 4674/9448/10
f 4682/9466/11 4676/9451/11 4669/9440/11 4675/9449/11
f 4684/9471/1 4683/9468/1 4680/9462/1 4679/9460/1
f 4685/9473/1 4684/9471/1 4679/9460/1 4678/9457/1
f 4686/9475/1 4685/9473/1 4678/9457/1 4677/9454/1
f 4687/9478/1 4686/9475/1 4677/9454/1 4676/9452/1
f 4688/9481/1 4687/9478/1 4676/9452/1 4682/9467/1
f 4689/9483/1 4688/9481/1 4682/9467/1 4681/9465/1
f 4683/9468/1 4689/9483/1 4681/9465/1 4680/9462/1
f 4691/9488/5 4690/9486/5 4683/9469/5 4684/9472/5
f 4692/9489/12 4691/9488/12 4684/9472/12 4685/9474/12
f 4693/9490/13 4692/9489/13 4685/9474/13 4686/9476/13
f 4694/9492/14 4693/9491/14 4686/9477/14 4687/9479/14
f 4695/9494/15 4694/9493/15 4687/9480/15 4688/9482/15
f 4696/9495/16 4695/9494/16 4688/9482/16 4689/9484/16
f 4690/9487/17 4696/9496/17 4689/9485/17 4683/9470/17
f 4704/9508/6 4705/9511/6 4698/9499/6 4697/9497/6
f 4705/9511/36 4706/9513/36 4699/9500/36 4698/9499/36
f 4706/9514/29 4707/9516/29 4700/9502/29 4699/9501/29
f 4707/9517/4 4708/9519/4 4701/9504/4 4700/9503/4
f 4708/9519/30 4709/9521/30 4702/9505/30 4701/9504/30
f 4709/9522/10 4710/9524/10 4703/9507/10 4702/9506/10
f 4710/9524/11 4704/9509/11 4697/9498/11 4703/9507/11
f 4712/9529/1 4711/9526/1 4708/9520/1 4707/9518/1
f 4713/9531/1 4712/9529/1 4707/9518/1 4706/9515/1
f 4714/9533/1 4713/9531/1 4706/9515/1 4705/9512/1
f 4715/9536/1 4714/9533/1 4705/9512/1 4704/9510/1
f 4716/9539/1 4715/9536/1 4704/9510/1 4710/9525/1
f 4717/9541/1 4716/9539/1 4710/9525/1 4709/9523/1
f 4711/9526/1 4717/9541/1 4709/9523/1 4708/9520/1
f 4719/9546/5 4718/9544/5 4711/9527/5 4712/9530/5
f 4720/9547/12 4719/9546/12 4712/9530/12 4713/9532/12
f 4721/9548/13 4720/9547/13 4713/9532/13 4714/9534/13
f 4722/9550/14 4721/9549/14 4714/9535/14 4715/9537/14
f 4723/9552/15 4722/9551/15 4715/9538/15 4716/9540/15
f 4724/9553/20 4723/9552/20 4716/9540/20 4717/9542/20
f 4718/9545/17 4724/9554/17 4717/9543/17 4711/9528/17
f 4732/9566/6 4733/9569/6 4726/9557/6 4725/9555/6
f 4733/9569/36 4734/9571/36 4727/9558/36 4726/9557/36
f 4734/9572/29 4735/9574/29 4728/9560/29 4727/9559/29
f 4735/9575/4 4736/9577/4 4729/9562/4 4728/9561/4
f 4736/9577/30 4737/9579/30 4730/9563/30 4729/9562/30
f 4737/9580/10 4738/9582/10 4731/9565/10 4730/9564/10
f 4738/9582/11 4732/9567/11 4725/9556/11 4731/9565/11
f 4740/9587/1 4739/9584/1 4736/9578/1 4735/9576/1
f 4741/9589/1 4740/9587/1 4735/9576/1 4734/9573/1
f 4742/9591/1 4741/9589/1 4734/9573/1 4733/9570/1
f 4743/9594/1 4742/9591/1 4733/9570/1 4732/9568/1
f 4744/9597/1 4743/9594/1 4732/9568/1 4738/9583/1
f 4745/9599/1 4744/9597/1 4738/9583/1 4737/9581/1
f 4739/9584/1 4745/9599/1 4737/9581/1 4736/9578/1
f 4747/9604/5 4746/9602/5 4739/9585/5 4740/9588/5
f 4748/9605/27 4747/9604/27 4740/9588/27 4741/9590/27
f 4749/9606/13 4748/9605/13 4741/9590/13 4742/9592/13
f 4750/9608/14 4749/9607/14 4742/9593/14 4743/9595/14
f 4751/9610/15 4750/9609/15 4743/9596/15 4744/9598/15
f 4752/9611/20 4751/9610/20 4744/9598/20 4745/9600/20
f 4746/9603/17 4752/9612/17 4745/9601/17 4739/9586/17
f 4760/9624/6 4761/9627/6 4754/9615/6 4753/9613/6
f 4761/9627/7 4762/9629/7 4755/9616/7 4754/9615/7
f 4762/9630/8 4763/9632/8 4756/9618/8 4755/9617/8
f 4763/9633/4 4764/9635/4 4757/9620/4 4756/9619/4
f 4764/9635/9 4765/9637/9 4758/9621/9 4757/9620/9
f 4765/9638/10 4766/9640/10 4759/9623/10 4758/9622/10
f 4766/9640/11 4760/9625/11 4753/9614/11 4759/9623/11
f 4768/9645/1 4767/9642/1 4764/9636/1 4763/9634/1
f 4769/9647/1 4768/9645/1 4763/9634/1 4762/9631/1
f 4770/9649/1 4769/9647/1 4762/9631/1 4761/9628/1
f 4771/9652/1 4770/9649/1 4761/9628/1 4760/9626/1
f 4772/9655/1 4771/9652/1 4760/9626/1 4766/9641/1
f 4773/9657/1 4772/9655/1 4766/9641/1 4765/9639/1
f 4767/9642/1 4773/9657/1 4765/9639/1 4764/9636/1
f 4775/9662/5 4774/9660/5 4767/9643/5 4768/9646/5
f 4776/9663/12 4775/9662/12 4768/9646/12 4769/9648/12
f 4777/9664/13 4776/9663/13 4769/9648/13 4770/9650/13
f 4778/9666/14 4777/9665/14 4770/9651/14 4771/9653/14
f 4779/9668/15 4778/9667/15 4771/9654/15 4772/9656/15
f 4780/9669/20 4779/9668/20 4772/9656/20 4773/9658/20
f 4774/9661/17 4780/9670/17 4773/9659/17 4767/9644/17
f 4788/9682/6 4789/9685/6 4782/9673/6 4781/9671/6
f 4789/9685/36 4790/9687/36 4783/9674/36 4782/9673/36
f 4790/9688/29 4791/9690/29 4784/9676/29 4783/9675/29
f 4791/9691/4 4792/9693/4 4785/9678/4 4784/9677/4
f 4792/9693/30 4793/9695/30 4786/9679/30 4785/9678/30
f 4793/9696/10 4794/9698/10 4787/9681/10 4786/9680/10
f 4794/9698/11 4788/9683/11 4781/9672/11 4787/9681/11
f 4796/9703/1 4795/9700/1 4792/9694/1 4791/9692/1
f 4797/9705/1 4796/9703/1 4791/9692/1 4790/9689/1
f 4798/9707/1 4797/9705/1 4790/9689/1 4789/9686/1
f 4799/9710/1 4798/9707/1 4789/9686/1 4788/9684/1
f 4800/9713/1 4799/9710/1 4788/9684/1 4794/9699/1
f 4801/9715/1 4800/9713/1 4794/9699/1 4793/9697/1
f 4795/9700/1 4801/9715/1 4793/9697/1 4792/9694/1
f 4803/9720/5 4802/9718/5 4795/9701/5 4796/9704/5
f 4804/9721/12 4803/9720/12 4796/9704/12 4797/9706/12
f 4805/9722/13 4804/9721/13 4797/9706/13 4798/9708/13
f 4806/9724/14 4805/9723/14 4798/9709/14 4799/9711/14
f 4807/9726/15 4806/9725/15 4799/9712/15 4800/9714/15
f 4808/9727/20 4807/9726/20 4800/9714/20 4801/9716/20
f 4802/9719/17 4808/9728/17 4801/9717/17 4795/9702/17
f 4816/9740/6 4817/9743/6 4810/9731/6 4809/9729/6
f 4817/9743/36 4818/9745/36 4811/9732/36 4810/9731/36
f 4818/9746/29 4819/9748/29 4812/9734/29 4811/9733/29
f 4819/9749/4 4820/9751/4 4813/9736/4 4812/9735/4
f 4820/9751/30 4821/9753/30 4814/9737/30 4813/9736/30
f 4821/9754/10 4822/9756/10 4815/9739/10 4814/9738/10
f 4822/9756/11 4816/9741/11 4809/9730/11 4815/9739/11
f 4824/9761/1 4823/9758/1 4820/9752/1 4819/9750/1
f 4825/9763/1 4824/9761/1 4819/9750/1 4818/9747/1
f 4826/9765/1 4825/9763/1 4818/9747/1 4817/9744/1
f 4827/9768/1 4826/9765/1 4817/9744/1 4816/9742/1
f 4828/9771/1 4827/9768/1 4816/9742/1 4822/9757/1
f 4829/9773/1 4828/9771/1 4822/9757/1 4821/9755/1
f 4823/9758/1 4829/9773/1 4821/9755/1 4820/9752/1
f 4831/9778/5 4830/9776/5 4823/9759/5 4824/9762/5
f 4832/9779/12 4831/9778/12 4824/9762/12 4825/9764/12
f 4833/9780/13 4832/9779/13 4825/9764/13 4826/9766/13
f 4834/9782/14 4833/9781/14 4826/9767/14 4827/9769/14
f 4835/9784/15 4834/9783/15 4827/9770/15 4828/9772/15
f 4836/9785/20 4835/9784/20 4828/9772/20 4829/9774/20
f 4830/9777/17 4836/9786/17 4829/9775/17 4823/9760/17
f 4844/9798/6 4845/9801/6 4838/9789/6 4837/9787/6
f 4845/9801/36 4846/9803/36 4839/9790/36 4838/9789/36
f 4846/9804/29 4847/9806/29 4840/9792/29 4839/9791/29
f 4847/9807/4 4848/9809/4 4841/9794/4 4840/9793/4
f 4848/9809/9 4849/9811/9 4842/9795/9 4841/9794/9
f 4849/9812/10 4850/9814/10 4843/9797/10 4842/9796/10
f 4850/9814/11 4844/9799/11 4837/9788/11 4843/9797/11
f 4852/9819/1 4851/9816/1 4848/9810/1 4847/9808/1
f 4853/9821/1 4852/9819/1 4847/9808/1 4846/9805/1
f 4854/9823/1 4853/9821/1 4846/9805/1 4845/9802/1
f 4855/9826/1 4854/9823/1 4845/9802/1 4844/9800/1
f 4856/9829/1 4855/9826/1 4844/9800/1 4850/9815/1
f 4857/9831/1 4856/9829/1 4850/9815/1 4849/9813/1
f 4851/9816/1 4857/9831/1 4849/9813/1 4848/9810/1
f 4859/9836/5 4858/9834/5 4851/9817/5 4852/9820/5
f 4860/9837/12 4859/9836/12 4852/9820/12 4853/9822/12
f 4861/9838/13 4860/9837/13 4853/9822/13 4854/9824/13
f 4862/9840/14 4861/9839/14 4854/9825/14 4855/9827/14
f 4863/9842/15 4862/9841/15 4855/9828/15 4856/9830/15
f 4864/9843/20 4863/9842/20 4856/9830/20 4857/9832/20
f 4858/9835/17 4864/9844/17 4857/9833/17 4851/9818/17
f 4872/9856/6 4873/9859/6 4866/9847/6 4865/9845/6
f 4873/9859/36 4874/9861/36 4867/9848/36 4866/9847/36
f 4874/9862/29 4875/9864/29 4868/9850/29 4867/9849/29
f 4875/9865/4 4876/9867/4 4869/9852/4 4868/9851/4
f 4876/9867/30 4877/9869/30 4870/9853/30 4869/9852/30
f 4877/9870/10 4878/9872/10 4871/9855/10 4870/9854/10
f 4878/9872/11 4872/9857/11 4865/9846/11 4871/9855/11
f 4880/9877/1 4879/9874/1 4876/9868/1 4875/9866/1
f 4881/9879/1 4880/9877/1 4875/9866/1 4874/9863/1
f 4882/9881/1 4881/9879/1 4874/9863/1 4873/9860/1
f 4883/9884/1 4882/9881/1 4873/9860/1 4872/9858/1
f 4884/9887/1 4883/9884/1 4872/9858/1 4878/9873/1
f 4885/9889/1 4884/9887/1 4878/9873/1 4877/9871/1
f 4879/9874/1 4885/9889/1 4877/9871/1 4876/9868/1
f 4887/9894/5 4886/9892/5 4879/9875/5 4880/9878/5
f 4888/9895/12 4887/9894/12 4880/9878/12 4881/9880/12
f 4889/9896/13 4888/9895/13 4881/9880/13 4882/9882/13
f 4890/9898/14 4889/9897/14 4882/9883/14 4883/9885/14
f 4891/9900/15 4890/9899/15 4883/9886/15 4884/9888/15
f 4892/9901/20 4891/9900/20 4884/9888/20 4885/9890/20
f 4886/9893/17 4892/9902/17 4885/9891/17 4879/9876/17
f 4900/9914/6 4901/9917/6 4894/9905/6 4893/9903/6
f 4901/9917/36 4902/9919/36 4895/9906/36 4894/9905/36
f 4902/9920/29 4903/9922/29 4896/9908/29 4895/9907/29
f 4903/9923/4 4904/9925/4 4897/9910/4 4896/9909/4
f 4904/9925/30 4905/9927/30 4898/9911/30 4897/9910/30
f 4905/9928/10 4906/9930/10 4899/9913/10 4898/9912/10
f 4906/9930/11 4900/9915/11 4893/9904/11 4899/9913/11
f 4908/9935/1 4907/9932/1 4904/9926/1 4903/9924/1
f 4909/9937/1 4908/9935/1 4903/9924/1 4902/9921/1
f 4910/9939/1 4909/9937/1 4902/9921/1 4901/9918/1
f 4911/9942/1 4910/9939/1 4901/9918/1 4900/9916/1
f 4912/9945/1 4911/9942/1 4900/9916/1 4906/9931/1
f 4913/9947/1 4912/9945/1 4906/9931/1 4905/9929/1
f 4907/9932/1 4913/9947/1 4905/9929/1 4904/9926/1
f 4915/9952/5 4914/9950/5 4907/9933/5 4908/9936/5
f 4916/9953/12 4915/9952/12 4908/9936/12 4909/9938/12
f 4917/9954/13 4916/9953/13 4909/9938/13 4910/9940/13
f 4918/9956/14 4917/9955/14 4910/9941/14 4911/9943/14
f 4919/9958/15 4918/9957/15 4911/9944/15 4912/9946/15
f 4920/9959/20 4919/9958/20 4912/9946/20 4913/9948/20
f 4914/9951/26 4920/9960/26 4913/9949/26 4907/9934/26
f 4928/9972/6 4929/9975/6 4922/9963/6 4921/9961/6
f 4929/9975/36 4930/9977/36 4923/9964/36 4922/9963/36
f 4930/9978/29 4931/9980/29 4924/9966/29 4923/9965/29
f 4931/9981/4 4932/9983/4 4925/9968/4 4924/9967/4
f 4932/9983/9 4933/9985/9 4926/9969/9 4925/9968/9
f 4933/9986/10 4934/9988/10 4927/9971/10 4926/9970/10
f 4934/9988/11 4928/9973/11 4921/9962/11 4927/9971/11
f 4936/9993/1 4935/9990/1 4932/9984/1 4931/9982/1
f 4937/9995/1 4936/9993/1 4931/9982/1 4930/9979/1
f 4938/9997/1 4937/9995/1 4930/9979/1 4929/9976/1
f 4939/10000/1 4938/9997/1 4929/9976/1 4928/9974/1
f 4940/10003/1 4939/10000/1 4928/9974/1 4934/9989/1
f 4941/10005/1 4940/10003/1 4934/9989/1 4933/9987/1
f 4935/9990/1 4941/10005/1 4933/9987/1 4932/9984/1
f 4943/10010/5 4942/10008/5 4935/9991/5 4936/9994/5
f 4944/10011/25 4943/10010/25 4936/9994/25 4937/9996/25
f 4945/10012/13 4944/10011/13 4937/9996/13 4938/9998/13
f 4946/10014/14 4945/10013/14 4938/9999/14 4939/10001/14
f 4947/10016/15 4946/10015/15 4939/10002/15 4940/10004/15
f 4948/10017/16 4947/10016/16 4940/10004/16 4941/10006/16
f 4942/10009/17 4948/10018/17 4941/10007/17 4935/9992/17
f 4956/10030/6 4957/10033/6 4950/10021/6 4949/10019/6
f 4957/10033/36 4958/10035/36 4951/10022/36 4950/10021/36
f 4958/10036/29 4959/10038/29 4952/10024/29 4951/10023/29
f 4959/10039/4 4960/10041/4 4953/10026/4 4952/10025/4
f 4960/10041/30 4961/10043/30 4954/10027/30 4953/10026/30
f 4961/10044/10 4962/10046/10 4955/10029/10 4954/10028/10
f 4962/10046/11 4956/10031/11 4949/10020/11 4955/10029/11
f 4964/10051/1 4963/10048/1 4960/10042/1 4959/10040/1
f 4965/10053/1 4964/10051/1 4959/10040/1 4958/10037/1
f 4966/10055/1 4965/10053/1 4958/10037/1 4957/10034/1
f 4967/10058/1 4966/10055/1 4957/10034/1 4956/10032/1
f 4968/10061/1 4967/10058/1 4956/10032/1 4962/10047/1
f 4969/10063/1 4968/10061/1 4962/10047/1 4961/10045/1
f 4963/10048/1 4969/10063/1 4961/10045/1 4960/10042/1
f 4971/10068/5 4970/10066/5 4963/10049/5 4964/10052/5
f 4972/10069/25 4971/10068/25 4964/10052/25 4965/10054/25
f 4973/10070/13 4972/10069/13 4965/10054/13 4966/10056/13
f 4974/10072/14 4973/10071/14 4966/10057/14 4967/10059/14
f 4975/10074/15 4974/10073/15 4967/10060/15 4968/10062/15
f 4976/10075/16 4975/10074/16 4968/10062/16 4969/10064/16
f 4970/10067/32 4976/10076/32 4969/10065/32 4963/10050/32
f 4984/10088/6 4985/10091/6 4978/10079/6 4977/10077/6
f 4985/10091/36 4986/10093/36 4979/10080/36 4978/10079/36
f 4986/10094/29 4987/10096/29 4980/10082/29 4979/10081/29
f 4987/10097/4 4988/10099/4 4981/10084/4 4980/10083/4
f 4988/10099/30 4989/10101/30 4982/10085/30 4981/10084/30
f 4989/10102/10 4990/10104/10 4983/10087/10 4982/10086/10
f 4990/10104/11 4984/10089/11 4977/10078/11 4983/10087/11
f 4992/10109/1 4991/10106/1 4988/10100/1 4987/10098/1
f 4993/10111/1 4992/10109/1 4987/10098/1 4986/10095/1
f 4994/10113/1 4993/10111/1 4986/10095/1 4985/10092/1
f 4995/10116/1 4994/10113/1 4985/10092/1 4984/10090/1
f 4996/10119/1 4995/10116/1 4984/10090/1 4990/10105/1
f 4997/10121/1 4996/10119/1 4990/10105/1 4989/10103/1
f 4991/10106/1 4997/10121/1 4989/10103/1 4988/10100/1
f 4999/10126/5 4998/10124/5 4991/10107/5 4992/10110/5
f 5000/10127/27 4999/10126/27 4992/10110/27 4993/10112/27
f 5001/10128/13 5000/10127/13 4993/10112/13 4994/10114/13
f 5002/10130/14 5001/10129/14 4994/10115/14 4995/10117/14
f 5003/10132/15 5002/10131/15 4995/10118/15 4996/10120/15
f 5004/10133/20 5003/10132/20 4996/10120/20 4997/10122/20
f 4998/10125/17 5004/10134/17 4997/10123/17 4991/10108/17
f 5012/10146/6 5013/10149/6 5006/10137/6 5005/10135/6
f 5013/10149/7 5014/10151/7 5007/10138/7 5006/10137/7
f 5014/10152/8 5015/10154/8 5008/10140/8 5007/10139/8
f 5015/10155/4 5016/10157/4 5009/10142/4 5008/10141/4
f 5016/10157/9 5017/10159/9 5010/10143/9 5009/10142/9
f 5017/10160/10 5018/10162/10 5011/10145/10 5010/10144/10
f 5018/10162/11 5012/10147/11 5005/10136/11 5011/10145/11
f 5020/10167/1 5019/10164/1 5016/10158/1 5015/10156/1
f 5021/10169/1 5020/10167/1 5015/10156/1 5014/10153/1
f 5022/10171/1 5021/10169/1 5014/10153/1 5013/10150/1
f 5023/10174/1 5022/10171/1 5013/10150/1 5012/10148/1
f 5024/10177/1 5023/10174/1 5012/10148/1 5018/10163/1
f 5025/10179/1 5024/10177/1 5018/10163/1 5017/10161/1
f 5019/10164/1 5025/10179/1 5017/10161/1 5016/10158/1
f 5027/10184/5 5026/10182/5 5019/10165/5 5020/10168/5
f 5028/10185/12 5027/10184/12 5020/10168/12 5021/10170/12
f 5029/10186/13 5028/10185/13 5021/10170/13 5022/10172/13
f 5030/10188/14 5029/10187/14 5022/10173/14 5023/10175/14
f 5031/10190/15 5030/10189/15 5023/10176/15 5024/10178/15
f 5032/10191/20 5031/10190/20 5024/10178/20 5025/10180/20
f 5026/10183/17 5032/10192/17 5025/10181/17 5019/10166/17
f 5040/10204/6 5041/10207/6 5034/10195/6 5033/10193/6
f 5041/10207/36 5042/10209/36 5035/10196/36 5034/10195/36
f 5042/10210/29 5043/10212/29 5036/10198/29 5035/10197/29
f 5043/10213/4 5044/10215/4 5037/10200/4 5036/10199/4
f 5044/10215/30 5045/10217/30 5038/10201/30 5037/10200/30
f 5045/10218/10 5046/10220/10 5039/10203/10 5038/10202/10
f 5046/10220/11 5040/10205/11 5033/10194/11 5039/10203/11
f 5048/10225/1 5047/10222/1 5044/10216/1 5043/10214/1
f 5049/10227/1 5048/10225/1 5043/10214/1 5042/10211/1
f 5050/10229/1 5049/10227/1 5042/10211/1 5041/10208/1
f 5051/10232/1 5050/10229/1 5041/10208/1 5040/10206/1
f 5052/10235/1 5051/10232/1 5040/10206/1 5046/10221/1
f 5053/10237/1 5052/10235/1 5046/10221/1 5045/10219/1
f 5047/10222/1 5053/10237/1 5045/10219/1 5044/10216/1
f 5055/10242/5 5054/10240/5 5047/10223/5 5048/10226/5
f 5056/10243/12 5055/10242/12 5048/10226/12 5049/10228/12
f 5057/10244/13 5056/10243/13 5049/10228/13 5050/10230/13
f 5058/10246/14 5057/10245/14 5050/10231/14 5051/10233/14
f 5059/10248/15 5058/10247/15 5051/10234/15 5052/10236/15
f 5060/10249/20 5059/10248/20 5052/10236/20 5053/10238/20
f 5054/10241/17 5060/10250/17 5053/10239/17 5047/10224/17
f 5068/10262/6 5069/10265/6 5062/10253/6 5061/10251/6
f 5069/10265/36 5070/10267/36 5063/10254/36 5062/10253/36
f 5070/10268/29 5071/10270/29 5064/10256/29 5063/10255/29
f 5071/10271/4 5072/10273/4 5065/10258/4 5064/10257/4
f 5072/10273/30 5073/10275/30 5066/10259/30 5065/10258/30
f 5073/10276/10 5074/10278/10 5067/10261/10 5066/10260/10
f 5074/10278/11 5068/10263/11 5061/10252/11 5067/10261/11
f 5076/10283/1 5075/10280/1 5072/10274/1 5071/10272/1
f 5077/10285/1 5076/10283/1 5071/10272/1 5070/10269/1
f 5078/10287/1 5077/10285/1 5070/10269/1 5069/10266/1
f 5079/10290/1 5078/10287/1 5069/10266/1 5068/10264/1
f 5080/10293/1 5079/10290/1 5068/10264/1 5074/10279/1
f 5081/10295/1 5080/10293/1 5074/10279/1 5073/10277/1
f 5075/10280/1 5081/10295/1 5073/10277/1 5072/10274/1
f 5083/10300/5 5082/10298/5 5075/10281/5 5076/10284/5
f 5084/10301/12 5083/10300/12 5076/10284/12 5077/10286/12
f 5085/10302/13 5084/10301/13 5077/10286/13 5078/10288/13
f 5086/10304/14 5085/10303/14 5078/10289/14 5079/10291/14
f 5087/10306/15 5086/10305/15 5079/10292/15 5080/10294/15
f 5088/10307/20 5087/10306/20 5080/10294/20 5081/10296/20
f 5082/10299/17 5088/10308/17 5081/10297/17 5075/10282/17
f 5096/10320/6 5097/10323/6 5090/10311/6 5089/10309/6
f 5097/10323/36 5098/10325/36 5091/10312/36 5090/10311/36
f 5098/10326/29 5099/10328/29 5092/10314/29 5091/10313/29
f 5099/10329/4 5100/10331/4 5093/10316/4 5092/10315/4
f 5100/10331/9 5101/10333/9 5094/10317/9 5093/10316/9
f 5101/10334/10 5102/10336/10 5095/10319/10 5094/10318/10
f 5102/10336/11 5096/10321/11 5089/10310/11 5095/10319/11
f 5104/10341/1 5103/10338/1 5100/10332/1 5099/10330/1
f 5105/10343/1 5104/10341/1 5099/10330/1 5098/10327/1
f 5106/10345/1 5105/10343/1 5098/10327/1 5097/10324/1
f 5107/10348/1 5106/10345/1 5097/10324/1 5096/10322/1
f 5108/10351/1 5107/10348/1 5096/10322/1 5102/10337/1
f 5109/10353/1 5108/10351/1 5102/10337/1 5101/10335/1
f 5103/10338/1 5109/10353/1 5101/10335/1 5100/10332/1
f 5111/10358/5 5110/10356/5 5103/10339/5 5104/10342/5
f 5112/10359/12 5111/10358/12 5104/10342/12 5105/10344/12
f 5113/10360/13 5112/10359/13 5105/10344/13 5106/10346/13
f 5114/10362/14 5113/10361/14 5106/10347/14 5107/10349/14
f 5115/10364/15 5114/10363/15 5107/10350/15 5108/10352/15
f 5116/10365/20 5115/10364/20 5108/10352/20 5109/10354/20
f 5110/10357/17 5116/10366/17 5109/10355/17 5103/10340/17
f 5124/10378/6 5125/10381/6 5118/10369/6 5117/10367/6
f 5125/10381/36 5126/10383/36 5119/10370/36 5118/10369/36
f 5126/10384/29 5127/10386/29 5120/10372/29 5119/10371/29
f 5127/10387/4 5128/10389/4 5121/10374/4 5120/10373/4
f 5128/10389/30 5129/10391/30 5122/10375/30 5121/10374/30
f 5129/10392/10 5130/10394/10 5123/10377/10 5122/10376/10
f 5130/10394/11 5124/10379/11 5117/10368/11 5123/10377/11
f 5132/10399/1 5131/10396/1 5128/10390/1 5127/10388/1
f 5133/10401/1 5132/10399/1 5127/10388/1 5126/10385/1
f 5134/10403/1 5133/10401/1 5126/10385/1 5125/10382/1
f 5135/10406/1 5134/10403/1 5125/10382/1 5124/10380/1
f 5136/10409/1 5135/10406/1 5124/10380/1 5130/10395/1
f 5137/10411/1 5136/10409/1 5130/10395/1 5129/10393/1
f 5131/10396/1 5137/10411/1 5129/10393/1 5128/10390/1
f 5139/10416/5 5138/10414/5 5131/10397/5 5132/10400/5
f 5140/10417/12 5139/10416/12 5132/10400/12 5133/10402/12
f 5141/10418/13 5140/10417/13 5133/10402/13 5134/10404/13
f 5142/10420/14 5141/10419/14 5134/10405/14 5135/10407/14
f 5143/10422/15 5142/10421/15 5135/10408/15 5136/10410/15
f 5144/10423/20 5143/10422/20 5136/10410/20 5137/10412/20
f 5138/10415/17 5144/10424/17 5137/10413/17 5131/10398/17
f 5152/10436/37 5153/10439/37 5146/10427/37 5145/10425/37
f 5153/10439/36 5154/10441/36 5147/10428/36 5146/10427/36
f 5154/10442/29 5155/10444/29 5148/10430/29 5147/10429/29
f 5155/10445/4 5156/10447/4 5149/10432/4 5148/10431/4
f 5156/10447/30 5157/10449/30 5150/10433/30 5149/10432/30
f 5157/10450/10 5158/10452/10 5151/10435/10 5150/10434/10
f 5158/10452/38 5152/10437/38 5145/10426/38 5151/10435/38
f 5160/10457/1 5159/10454/1 5156/10448/1 5155/10446/1
f 5161/10459/1 5160/10457/1 5155/10446/1 5154/10443/1
f 5162/10461/1 5161/10459/1 5154/10443/1 5153/10440/1
f 5163/10464/1 5162/10461/1 5153/10440/1 5152/10438/1
f 5164/10467/1 5163/10464/1 5152/10438/1 5158/10453/1
f 5165/10469/1 5164/10467/1 5158/10453/1 5157/10451/1
f 5159/10454/1 5165/10469/1 5157/10451/1 5156/10448/1
f 5167/10474/5 5166/10472/5 5159/10455/5 5160/10458/5
f 5168/10475/27 5167/10474/27 5160/10458/27 5161/10460/27
f 5169/10476/28 5168/10475/28 5161/10460/28 5162/10462/28
f 5170/10478/39 5169/10477/39 5162/10463/39 5163/10465/39
f 5171/10480/40 5170/10479/40 5163/10466/40 5164/10468/40
f 5172/10481/20 5171/10480/20 5164/10468/20 5165/10470/20
f 5166/10473/26 5172/10482/26 5165/10471/26 5159/10456/26
f 5180/10494/37 5181/10497/37 5174/10485/37 5173/10483/37
f 5181/10497/36 5182/10499/36 5175/10486/36 5174/10485/36
f 5182/10500/29 5183/10502/29 5176/10488/29 5175/10487/29
f 5183/10503/4 5184/10505/4 5177/10490/4 5176/10489/4
f 5184/10505/9 5185/10507/9 5178/10491/9 5177/10490/9
f 5185/10508/10 5186/10510/10 5179/10493/10 5178/10492/10
f 5186/10510/38 5180/10495/38 5173/10484/38 5179/10493/38
f 5188/10515/1 5187/10512/1 5184/10506/1 5183/10504/1
f 5189/10517/1 5188/10515/1 5183/10504/1 5182/10501/1
f 5190/10519/1 5189/10517/1 5182/10501/1 5181/10498/1
f 5191/10522/1 5190/10519/1 5181/10498/1 5180/10496/1
f 5192/10525/1 5191/10522/1 5180/10496/1 5186/10511/1
f 5193/10527/1 5192/10525/1 5186/10511/1 5185/10509/1
f 5187/10512/1 5193/10527/1 5185/10509/1 5184/10506/1
f 5195/10532/5 5194/10530/5 5187/10513/5 5188/10516/5
f 5196/10533/12 5195/10532/12 5188/10516/12 5189/10518/12
f 5197/10534/28 5196/10533/28 5189/10518/28 5190/10520/28
f 5198/10536/39 5197/10535/39 5190/10521/39 5191/10523/39
f 5199/10538/40 5198/10537/40 5191/10524/40 5192/10526/40
f 5200/10539/20 5199/10538/20 5192/10526/20 5193/10528/20
f 5194/10531/26 5200/10540/26 5193/10529/26 5187/10514/26
f 5208/10552/37 5209/10555/37 5202/10543/37 5201/10541/37
f 5209/10555/36 5210/10557/36 5203/10544/36 5202/10543/36
f 5210/10558/29 5211/10560/29 5204/10546/29 5203/10545/29
f 5211/10561/4 5212/10563/4 5205/10548/4 5204/10547/4
f 5212/10563/30 5213/10565/30 5206/10549/30 5205/10548/30
f 5213/10566/10 5214/10568/10 5207/10551/10 5206/10550/10
f 5214/10568/38 5208/10553/38 5201/10542/38 5207/10551/38
f 5216/10573/1 5215/10570/1 5212/10564/1 5211/10562/1
f 5217/10575/1 5216/10573/1 5211/10562/1 5210/10559/1
f 5218/10577/1 5217/10575/1 5210/10559/1 5209/10556/1
f 5219/10580/1 5218/10577/1 5209/10556/1 5208/10554/1
f 5220/10583/1 5219/10580/1 5208/10554/1 5214/10569/1
f 5221/10585/1 5220/10583/1 5214/10569/1 5213/10567/1
f 5215/10570/1 5221/10585/1 5213/10567/1 5212/10564/1
f 5223/10590/5 5222/10588/5 5215/10571/5 5216/10574/5
f 5224/10591/25 5223/10590/25 5216/10574/25 5217/10576/25
f 5225/10592/13 5224/10591/13 5217/10576/13 5218/10578/13
f 5226/10594/39 5225/10593/39 5218/10579/39 5219/10581/39
f 5227/10596/40 5226/10595/40 5219/10582/40 5220/10584/40
f 5228/10597/16 5227/10596/16 5220/10584/16 5221/10586/16
f 5222/10589/32 5228/10598/32 5221/10587/32 5215/10572/32
f 5236/10610/37 5237/10613/37 5230/10601/37 5229/10599/37
f 5237/10613/36 5238/10615/36 5231/10602/36 5230/10601/36
f 5238/10616/29 5239/10618/29 5232/10604/29 5231/10603/29
f 5239/10619/4 5240/10621/4 5233/10606/4 5232/10605/4
f 5240/10621/30 5241/10623/30 5234/10607/30 5233/10606/30
f 5241/10624/10 5242/10626/10 5235/10609/10 5234/10608/10
f 5242/10626/38 5236/10611/38 5229/10600/38 5235/10609/38
f 5244/10631/1 5243/10628/1 5240/10622/1 5239/10620/1
f 5245/10633/1 5244/10631/1 5239/10620/1 5238/10617/1
f 5246/10635/1 5245/10633/1 5238/10617/1 5237/10614/1
f 5247/10638/1 5246/10635/1 5237/10614/1 5236/10612/1
f 5248/10641/1 5247/10638/1 5236/10612/1 5242/10627/1
f 5249/10643/1 5248/10641/1 5242/10627/1 5241/10625/1
f 5243/10628/1 5249/10643/1 5241/10625/1 5240/10622/1
f 5251/10648/5 5250/10646/5 5243/10629/5 5244/10632/5
f 5252/10649/12 5251/10648/12 5244/10632/12 5245/10634/12
f 5253/10650/13 5252/10649/13 5245/10634/13 5246/10636/13
f 5254/10652/39 5253/10651/39 5246/10637/39 5247/10639/39
f 5255/10654/40 5254/10653/40 5247/10640/40 5248/10642/40
f 5256/10655/20 5255/10654/20 5248/10642/20 5249/10644/20
f 5250/10647/17 5256/10656/17 5249/10645/17 5243/10630/17
f 5264/10668/37 5265/10671/37 5258/10659/37 5257/10657/37
f 5265/10671/7 5266/10673/7 5259/10660/7 5258/10659/7
f 5266/10674/8 5267/10676/8 5260/10662/8 5259/10661/8
f 5267/10677/4 5268/10679/4 5261/10664/4 5260/10663/4
f 5268/10679/9 5269/10681/9 5262/10665/9 5261/10664/9
f 5269/10682/10 5270/10684/10 5263/10667/10 5262/10666/10
f 5270/10684/38 5264/10669/38 5257/10658/38 5263/10667/38
f 5272/10689/1 5271/10686/1 5268/10680/1 5267/10678/1
f 5273/10691/1 5272/10689/1 5267/10678/1 5266/10675/1
f 5274/10693/1 5273/10691/1 5266/10675/1 5265/10672/1
f 5275/10696/1 5274/10693/1 5265/10672/1 5264/10670/1
f 5276/10699/1 5275/10696/1 5264/10670/1 5270/10685/1
f 5277/10701/1 5276/10699/1 5270/10685/1 5269/10683/1
f 5271/10686/1 5277/10701/1 5269/10683/1 5268/10680/1
f 5279/10706/5 5278/10704/5 5271/10687/5 5272/10690/5
f 5280/10707/12 5279/10706/12 5272/10690/12 5273/10692/12
f 5281/10708/13 5280/10707/13 5273/10692/13 5274/10694/13
f 5282/10710/39 5281/10709/39 5274/10695/39 5275/10697/39
f 5283/10712/40 5282/10711/40 5275/10698/40 5276/10700/40
f 5284/10713/20 5283/10712/20 5276/10700/20 5277/10702/20
f 5278/10705/17 5284/10714/17 5277/10703/17 5271/10688/17
f 5292/10726/37 5293/10729/37 5286/10717/37 5285/10715/37
f 5293/10729/36 5294/10731/36 5287/10718/36 5286/10717/36
f 5294/10732/29 5295/10734/29 5288/10720/29 5287/10719/29
f 5295/10735/4 5296/10737/4 5289/10722/4 5288/10721/4
f 5296/10737/30 5297/10739/30 5290/10723/30 5289/10722/30
f 5297/10740/10 5298/10742/10 5291/10725/10 5290/10724/10
f 5298/10742/38 5292/10727/38 5285/10716/38 5291/10725/38
f 5300/10747/1 5299/10744/1 5296/10738/1 5295/10736/1
f 5301/10749/1 5300/10747/1 5295/10736/1 5294/10733/1
f 5302/10751/1 5301/10749/1 5294/10733/1 5293/10730/1
f 5303/10754/1 5302/10751/1 5293/10730/1 5292/10728/1
f 5304/10757/1 5303/10754/1 5292/10728/1 5298/10743/1
f 5305/10759/1 5304/10757/1 5298/10743/1 5297/10741/1
f 5299/10744/1 5305/10759/1 5297/10741/1 5296/10738/1
f 5307/10764/5 5306/10762/5 5299/10745/5 5300/10748/5
f 5308/10765/12 5307/10764/12 5300/10748/12 5301/10750/12
f 5309/10766/13 5308/10765/13 5301/10750/13 5302/10752/13
f 5310/10768/39 5309/10767/39 5302/10753/39 5303/10755/39
f 5311/10770/40 5310/10769/40 5303/10756/40 5304/10758/40
f 5312/10771/20 5311/10770/20 5304/10758/20 5305/10760/20
f 5306/10763/17 5312/10772/17 5305/10761/17 5299/10746/17
f 5320/10784/37 5321/10787/37 5314/10775/37 5313/10773/37
f 5321/10787/36 5322/10789/36 5315/10776/36 5314/10775/36
f 5322/10790/29 5323/10792/29 5316/10778/29 5315/10777/29
f 5323/10793/4 5324/10795/4 5317/10780/4 5316/10779/4
f 5324/10795/30 5325/10797/30 5318/10781/30 5317/10780/30
f 5325/10798/10 5326/10800/10 5319/10783/10 5318/10782/10
f 5326/10800/38 5320/10785/38 5313/10774/38 5319/10783/38
f 5328/10805/1 5327/10802/1 5324/10796/1 5323/10794/1
f 5329/10807/1 5328/10805/1 5323/10794/1 5322/10791/1
f 5330/10809/1 5329/10807/1 5322/10791/1 5321/10788/1
f 5331/10812/1 5330/10809/1 5321/10788/1 5320/10786/1
f 5332/10815/1 5331/10812/1 5320/10786/1 5326/10801/1
f 5333/10817/1 5332/10815/1 5326/10801/1 5325/10799/1
f 5327/10802/1 5333/10817/1 5325/10799/1 5324/10796/1
f 5335/10822/5 5334/10820/5 5327/10803/5 5328/10806/5
f 5336/10823/12 5335/10822/12 5328/10806/12 5329/10808/12
f 5337/10824/13 5336/10823/13 5329/10808/13 5330/10810/13
f 5338/10826/39 5337/10825/39 5330/10811/39 5331/10813/39
f 5339/10828/40 5338/10827/40 5331/10814/40 5332/10816/40
f 5340/10829/20 5339/10828/20 5332/10816/20 5333/10818/20
f 5334/10821/17 5340/10830/17 5333/10819/17 5327/10804/17
f 5348/10842/37 5349/10845/37 5342/10833/37 5341/10831/37
f 5349/10845/36 5350/10847/36 5343/10834/36 5342/10833/36
f 5350/10848/29 5351/10850/29 5344/10836/29 5343/10835/29
f 5351/10851/4 5352/10853/4 5345/10838/4 5344/10837/4
f 5352/10853/9 5353/10855/9 5346/10839/9 5345/10838/9
f 5353/10856/10 5354/10858/10 5347/10841/10 5346/10840/10
f 5354/10858/38 5348/10843/38 5341/10832/38 5347/10841/38
f 5356/10863/1 5355/10860/1 5352/10854/1 5351/10852/1
f 5357/10865/1 5356/10863/1 5351/10852/1 5350/10849/1
f 5358/10867/1 5357/10865/1 5350/10849/1 5349/10846/1
f 5359/10870/1 5358/10867/1 5349/10846/1 5348/10844/1
f 5360/10873/1 5359/10870/1 5348/10844/1 5354/10859/1
f 5361/10875/1 5360/10873/1 5354/10859/1 5353/10857/1
f 5355/10860/1 5361/10875/1 5353/10857/1 5352/10854/1
f 5363/10880/5 5362/10878/5 5355/10861/5 5356/10864/5
f 5364/10881/12 5363/10880/12 5356/10864/12 5357/10866/12
f 5365/10882/13 5364/10881/13 5357/10866/13 5358/10868/13
f 5366/10884/39 5365/10883/39 5358/10869/39 5359/10871/39
f 5367/10886/40 5366/10885/40 5359/10872/40 5360/10874/40
f 5368/10887/20 5367/10886/20 5360/10874/20 5361/10876/20
f 5362/10879/17 5368/10888/17 5361/10877/17 5355/10862/17
f 5376/10900/37 5377/10903/37 5370/10891/37 5369/10889/37
f 5377/10903/36 5378/10905/36 5371/10892/36 5370/10891/36
f 5378/10906/29 5379/10908/29 5372/10894/29 5371/10893/29
f 5379/10909/4 5380/10911/4 5373/10896/4 5372/10895/4
f 5380/10911/30 5381/10913/30 5374/10897/30 5373/10896/30
f 5381/10914/10 5382/10916/10 5375/10899/10 5374/10898/10
f 5382/10916/38 5376/10901/38 5369/10890/38 5375/10899/38
f 5384/10921/1 5383/10918/1 5380/10912/1 5379/10910/1
f 5385/10923/1 5384/10921/1 5379/10910/1 5378/10907/1
f 5386/10925/1 5385/10923/1 5378/10907/1 5377/10904/1
f 5387/10928/1 5386/10925/1 5377/10904/1 5376/10902/1
f 5388/10931/1 5387/10928/1 5376/10902/1 5382/10917/1
f 5389/10933/1 5388/10931/1 5382/10917/1 5381/10915/1
f 5383/10918/1 5389/10933/1 5381/10915/1 5380/10912/1
f 5391/10938/5 5390/10936/5 5383/10919/5 5384/10922/5
f 5392/10939/12 5391/10938/12 5384/10922/12 5385/10924/12
f 5393/10940/13 5392/10939/13 5385/10924/13 5386/10926/13
f 5394/10942/39 5393/10941/39 5386/10927/39 5387/10929/39
f 5395/10944/40 5394/10943/40 5387/10930/40 5388/10932/40
f 5396/10945/20 5395/10944/20 5388/10932/20 5389/10934/20
f 5390/10937/17 5396/10946/17 5389/10935/17 5383/10920/17
f 5404/10958/37 5405/10961/37 5398/10949/37 5397/10947/37
f 5405/10961/36 5406/10963/36 5399/10950/36 5398/10949/36
f 5406/10964/29 5407/10966/29 5400/10952/29 5399/10951/29
f 5407/10967/4 5408/10969/4 5401/10954/4 5400/10953/4
f 5408/10969/30 5409/10971/30 5402/10955/30 5401/10954/30
f 5409/10972/10 5410/10974/10 5403/10957/10 5402/10956/10
f 5410/10974/38 5404/10959/38 5397/10948/38 5403/10957/38
f 5412/10979/1 5411/10976/1 5408/10970/1 5407/10968/1
f 5413/10981/1 5412/10979/1 5407/10968/1 5406/10965/1
f 5414/10983/1 5413/10981/1 5406/10965/1 5405/10962/1
f 5415/10986/1 5414/10983/1 5405/10962/1 5404/10960/1
f 5416/10989/1 5415/10986/1 5404/10960/1 5410/10975/1
f 5417/10991/1 5416/10989/1 5410/10975/1 5409/10973/1
f 5411/10976/1 5417/10991/1 5409/10973/1 5408/10970/1
f 5419/10996/5 5418/10994/5 5411/10977/5 5412/10980/5
f 5420/10997/27 5419/10996/27 5412/10980/27 5413/10982/27
f 5421/10998/28 5420/10997/28 5413/10982/28 5414/10984/28
f 5422/11000/39 5421/10999/39 5414/10985/39 5415/10987/39
f 5423/11002/40 5422/11001/40 5415/10988/40 5416/10990/40
f 5424/11003/20 5423/11002/20 5416/10990/20 5417/10992/20
f 5418/10995/26 5424/11004/26 5417/10993/26 5411/10978/26
f 5432/11016/37 5433/11019/37 5426/11007/37 5425/11005/37
f 5433/11019/36 5434/11021/36 5427/11008/36 5426/11007/36
f 5434/11022/29 5435/11024/29 5428/11010/29 5427/11009/29
f 5435/11025/4 5436/11027/4 5429/11012/4 5428/11011/4
f 5436/11027/9 5437/11029/9 5430/11013/9 5429/11012/9
f 5437/11030/10 5438/11032/10 5431/11015/10 5430/11014/10
f 5438/11032/38 5432/11017/38 5425/11006/38 5431/11015/38
f 5440/11037/1 5439/11034/1 5436/11028/1 5435/11026/1
f 5441/11039/1 5440/11037/1 5435/11026/1 5434/11023/1
f 5442/11041/1 5441/11039/1 5434/11023/1 5433/11020/1
f 5443/11044/1 5442/11041/1 5433/11020/1 5432/11018/1
f 5444/11047/1 5443/11044/1 5432/11018/1 5438/11033/1
f 5445/11049/1 5444/11047/1 5438/11033/1 5437/11031/1
f 5439/11034/1 5445/11049/1 5437/11031/1 5436/11028/1
f 5447/11054/5 5446/11052/5 5439/11035/5 5440/11038/5
f 5448/11055/12 5447/11054/12 5440/11038/12 5441/11040/12
f 5449/11056/28 5448/11055/28 5441/11040/28 5442/11042/28
f 5450/11058/39 5449/11057/39 5442/11043/39 5443/11045/39
f 5451/11060/40 5450/11059/40 5443/11046/40 5444/11048/40
f 5452/11061/20 5451/11060/20 5444/11048/20 5445/11050/20
f 5446/11053/26 5452/11062/26 5445/11051/26 5439/11036/26
f 5460/11074/37 5461/11077/37 5454/11065/37 5453/11063/37
f 5461/11077/36 5462/11079/36 5455/11066/36 5454/11065/36
f 5462/11080/29 5463/11082/29 5456/11068/29 5455/11067/29
f 5463/11083/4 5464/11085/4 5457/11070/4 5456/11069/4
f 5464/11085/30 5465/11087/30 5458/11071/30 5457/11070/30
f 5465/11088/10 5466/11090/10 5459/11073/10 5458/11072/10
f 5466/11090/38 5460/11075/38 5453/11064/38 5459/11073/38
f 5468/11095/1 5467/11092/1 5464/11086/1 5463/11084/1
f 5469/11097/1 5468/11095/1 5463/11084/1 5462/11081/1
f 5470/11099/1 5469/11097/1 5462/11081/1 5461/11078/1
f 5471/11102/1 5470/11099/1 5461/11078/1 5460/11076/1
f 5472/11105/1 5471/11102/1 5460/11076/1 5466/11091/1
f 5473/11107/1 5472/11105/1 5466/11091/1 5465/11089/1
f 5467/11092/1 5473/11107/1 5465/11089/1 5464/11086/1
f 5475/11112/5 5474/11110/5 5467/11093/5 5468/11096/5
f 5476/11113/25 5475/11112/25 5468/11096/25 5469/11098/25
f 5477/11114/13 5476/11113/13 5469/11098/13 5470/11100/13
f 5478/11116/39 5477/11115/39 5470/11101/39 5471/11103/39
f 5479/11118/40 5478/11117/40 5471/11104/40 5472/11106/40
f 5480/11119/16 5479/11118/16 5472/11106/16 5473/11108/16
f 5474/11111/32 5480/11120/32 5473/11109/32 5467/11094/32
f 5488/11132/37 5489/11135/37 5482/11123/37 5481/11121/37
f 5489/11135/36 5490/11137/36 5483/11124/36 5482/11123/36
f 5490/11138/29 5491/11140/29 5484/11126/29 5483/11125/29
f 5491/11141/4 5492/11143/4 5485/11128/4 5484/11127/4
f 5492/11143/30 5493/11145/30 5486/11129/30 5485/11128/30
f 5493/11146/10 5494/11148/10 5487/11131/10 5486/11130/10
f 5494/11148/38 5488/11133/38 5481/11122/38 5487/11131/38
f 5496/11153/1 5495/11150/1 5492/11144/1 5491/11142/1
f 5497/11155/1 5496/11153/1 5491/11142/1 5490/11139/1
f 5498/11157/1 5497/11155/1 5490/11139/1 5489/11136/1
f 5499/11160/1 5498/11157/1 5489/11136/1 5488/11134/1
f 5500/11163/1 5499/11160/1 5488/11134/1 5494/11149/1
f 5501/11165/1 5500/11163/1 5494/11149/1 5493/11147/1
f 5495/11150/1 5501/11165/1 5493/11147/1 5492/11144/1
f 5503/11170/5 5502/11168/5 5495/11151/5 5496/11154/5
f 5504/11171/12 5503/11170/12 5496/11154/12 5497/11156/12
f 5505/11172/13 5504/11171/13 5497/11156/13 5498/11158/13
f 5506/11174/39 5505/11173/39 5498/11159/39 5499/11161/39
f 5507/11176/40 5506/11175/40 5499/11162/40 5500/11164/40
f 5508/11177/20 5507/11176/20 5500/11164/20 5501/11166/20
f 5502/11169/17 5508/11178/17 5501/11167/17 5495/11152/17
f 5516/11190/37 5517/11193/37 5510/11181/37 5509/11179/37
f 5517/11193/7 5518/11195/7 5511/11182/7 5510/11181/7
f 5518/11196/8 5519/11198/8 5512/11184/8 5511/11183/8
f 5519/11199/4 5520/11201/4 5513/11186/4 5512/11185/4
f 5520/11201/9 5521/11203/9 5514/11187/9 5513/11186/9
f 5521/11204/10 5522/11206/10 5515/11189/10 5514/11188/10
f 5522/11206/38 5516/11191/38 5509/11180/38 5515/11189/38
f 5524/11211/1 5523/11208/1 5520/11202/1 5519/11200/1
f 5525/11213/1 5524/11211/1 5519/11200/1 5518/11197/1
f 5526/11215/1 5525/11213/1 5518/11197/1 5517/11194/1
f 5527/11218/1 5526/11215/1 5517/11194/1 5516/11192/1
f 5528/11221/1 5527/11218/1 5516/11192/1 5522/11207/1
f 5529/11223/1 5528/11221/1 5522/11207/1 5521/11205/1
f 5523/11208/1 5529/11223/1 5521/11205/1 5520/11202/1
f 5531/11228/5 5530/11226/5 5523/11209/5 5524/11212/5
f 5532/11229/12 5531/11228/12 5524/11212/12 5525/11214/12
f 5533/11230/13 5532/11229/13 5525/11214/13 5526/11216/13
f 5534/11232/39 5533/11231/39 5526/11217/39 5527/11219/39
f 5535/11234/40 5534/11233/40 5527/11220/40 5528/11222/40
f 5536/11235/20 5535/11234/20 5528/11222/20 5529/11224/20
f 5530/11227/17 5536/11236/17 5529/11225/17 5523/11210/17
f 5544/11248/37 5545/11251/37 5538/11239/37 5537/11237/37
f 5545/11251/36 5546/11253/36 5539/11240/36 5538/11239/36
f 5546/11254/29 5547/11256/29 5540/11242/29 5539/11241/29
f 5547/11257/4 5548/11259/4 5541/11244/4 5540/11243/4
f 5548/11259/30 5549/11261/30 5542/11245/30 5541/11244/30
f 5549/11262/10 5550/11264/10 5543/11247/10 5542/11246/10
f 5550/11264/38 5544/11249/38 5537/11238/38 5543/11247/38
f 5552/11269/1 5551/11266/1 5548/11260/1 5547/11258/1
f 5553/11271/1 5552/11269/1 5547/11258/1 5546/11255/1
f 5554/11273/1 5553/11271/1 5546/11255/1 5545/11252/1
f 5555/11276/1 5554/11273/1 5545/11252/1 5544/11250/1
f 5556/11279/1 5555/11276/1 5544/11250/1 5550/11265/1
f 5557/11281/1 5556/11279/1 5550/11265/1 5549/11263/1
f 5551/11266/1 5557/11281/1 5549/11263/1 5548/11260/1
f 5559/11286/5 5558/11284/5 5551/11267/5 5552/11270/5
f 5560/11287/12 5559/11286/12 5552/11270/12 5553/11272/12
f 5561/11288/13 5560/11287/13 5553/11272/13 5554/11274/13
f 5562/11290/39 5561/11289/39 5554/11275/39 5555/11277/39
f 5563/11292/40 5562/11291/40 5555/11278/40 5556/11280/40
f 5564/11293/20 5563/11292/20 5556/11280/20 5557/11282/20
f 5558/11285/17 5564/11294/17 5557/11283/17 5551/11268/17
f 5572/11306/37 5573/11309/37 5566/11297/37 5565/11295/37
f 5573/11309/36 5574/11311/36 5567/11298/36 5566/11297/36
f 5574/11312/29 5575/11314/29 5568/11300/29 5567/11299/29
f 5575/11315/4 5576/11317/4 5569/11302/4 5568/11301/4
f 5576/11317/30 5577/11319/30 5570/11303/30 5569/11302/30
f 5577/11320/10 5578/11322/10 5571/11305/10 5570/11304/10
f 5578/11322/38 5572/11307/38 5565/11296/38 5571/11305/38
f 5580/11327/1 5579/11324/1 5576/11318/1 5575/11316/1
f 5581/11329/1 5580/11327/1 5575/11316/1 5574/11313/1
f 5582/11331/1 5581/11329/1 5574/11313/1 5573/11310/1
f 5583/11334/1 5582/11331/1 5573/11310/1 5572/11308/1
f 5584/11337/1 5583/11334/1 5572/11308/1 5578/11323/1
f 5585/11339/1 5584/11337/1 5578/11323/1 5577/11321/1
f 5579/11324/1 5585/11339/1 5577/11321/1 5576/11318/1
f 5587/11344/5 5586/11342/5 5579/11325/5 5580/11328/5
f 5588/11345/12 5587/11344/12 5580/11328/12 5581/11330/12
f 5589/11346/13 5588/11345/13 5581/11330/13 5582/11332/13
f 5590/11348/39 5589/11347/39 5582/11333/39 5583/11335/39
f 5591/11350/40 5590/11349/40 5583/11336/40 5584/11338/40
f 5592/11351/20 5591/11350/20 5584/11338/20 5585/11340/20
f 5586/11343/17 5592/11352/17 5585/11341/17 5579/11326/17
f 5600/11364/37 5601/11367/37 5594/11355/37 5593/11353/37
f 5601/11367/36 5602/11369/36 5595/11356/36 5594/11355/36
f 5602/11370/29 5603/11372/29 5596/11358/29 5595/11357/29
f 5603/11373/4 5604/11375/4 5597/11360/4 5596/11359/4
f 5604/11375/9 5605/11377/9 5598/11361/9 5597/11360/9
f 5605/11378/10 5606/11380/10 5599/11363/10 5598/11362/10
f 5606/11380/38 5600/11365/38 5593/11354/38 5599/11363/38
f 5608/11385/1 5607/11382/1 5604/11376/1 5603/11374/1
f 5609/11387/1 5608/11385/1 5603/11374/1 5602/11371/1
f 5610/11389/1 5609/11387/1 5602/11371/1 5601/11368/1
f 5611/11392/1 5610/11389/1 5601/11368/1 5600/11366/1
f 5612/11395/1 5611/11392/1 5600/11366/1 5606/11381/1
f 5613/11397/1 5612/11395/1 5606/11381/1 5605/11379/1
f 5607/11382/1 5613/11397/1 5605/11379/1 5604/11376/1
f 5615/11402/5 5614/11400/5 5607/11383/5 5608/11386/5
f 5616/11403/12 5615/11402/12 5608/11386/12 5609/11388/12
f 5617/11404/13 5616/11403/13 5609/11388/13 5610/11390/13
f 5618/11406/39 5617/11405/39 5610/11391/39 5611/11393/39
f 5619/11408/40 5618/11407/40 5611/11394/40 5612/11396/40
f 5620/11409/20 5619/11408/20 5612/11396/20 5613/11398/20
f 5614/11401/17 5620/11410/17 5613/11399/17 5607/11384/17
f 5628/11422/37 5629/11425/37 5622/11413/37 5621/11411/37
f 5629/11425/36 5630/11427/36 5623/11414/36 5622/11413/36
f 5630/11428/29 5631/11430/29 5624/11416/29 5623/11415/29
f 5631/11431/4 5632/11433/4 5625/11418/4 5624/11417/4
f 5632/11433/30 5633/11435/30 5626/11419/30 5625/11418/30
f 5633/11436/10 5634/11438/10 5627/11421/10 5626/11420/10
f 5634/11438/38 5628/11423/38 5621/11412/38 5627/11421/38
f 5636/11443/1 5635/11440/1 5632/11434/1 5631/11432/1
f 5637/11445/1 5636/11443/1 5631/11432/1 5630/11429/1
f 5638/11447/1 5637/11445/1 5630/11429/1 5629/11426/1
f 5639/11450/1 5638/11447/1 5629/11426/1 5628/11424/1
f 5640/11453/1 5639/11450/1 5628/11424/1 5634/11439/1
f 5641/11455/1 5640/11453/1 5634/11439/1 5633/11437/1
f 5635/11440/1 5641/11455/1 5633/11437/1 5632/11434/1
f 5643/11460/5 5642/11458/5 5635/11441/5 5636/11444/5
f 5644/11461/12 5643/11460/12 5636/11444/12 5637/11446/12
f 5645/11462/13 5644/11461/13 5637/11446/13 5638/11448/13
f 5646/11464/39 5645/11463/39 5638/11449/39 5639/11451/39
f 5647/11466/40 5646/11465/40 5639/11452/40 5640/11454/40
f 5648/11467/20 5647/11466/20 5640/11454/20 5641/11456/20
f 5642/11459/17 5648/11468/17 5641/11457/17 5635/11442/17
f 5656/11480/37 5657/11483/37 5650/11471/37 5649/11469/37
f 5657/11483/36 5658/11485/36 5651/11472/36 5650/11471/36
f 5658/11486/29 5659/11488/29 5652/11474/29 5651/11473/29
f 5659/11489/4 5660/11491/4 5653/11476/4 5652/11475/4
f 5660/11491/30 5661/11493/30 5654/11477/30 5653/11476/30
f 5661/11494/10 5662/11496/10 5655/11479/10 5654/11478/10
f 5662/11496/38 5656/11481/38 5649/11470/38 5655/11479/38
f 5664/11501/1 5663/11498/1 5660/11492/1 5659/11490/1
f 5665/11503/1 5664/11501/1 5659/11490/1 5658/11487/1
f 5666/11505/1 5665/11503/1 5658/11487/1 5657/11484/1
f 5667/11508/1 5666/11505/1 5657/11484/1 5656/11482/1
f 5668/11511/1 5667/11508/1 5656/11482/1 5662/11497/1
f 5669/11513/1 5668/11511/1 5662/11497/1 5661/11495/1
f 5663/11498/1 5669/11513/1 5661/11495/1 5660/11492/1
f 5671/11518/5 5670/11516/5 5663/11499/5 5664/11502/5
f 5672/11519/27 5671/11518/27 5664/11502/27 5665/11504/27
f 5673/11520/28 5672/11519/28 5665/11504/28 5666/11506/28
f 5674/11522/39 5673/11521/39 5666/11507/39 5667/11509/39
f 5675/11524/40 5674/11523/40 5667/11510/40 5668/11512/40
f 5676/11525/20 5675/11524/20 5668/11512/20 5669/11514/20
f 5670/11517/26 5676/11526/26 5669/11515/26 5663/11500/26
f 5684/11538/37 5685/11541/37 5678/11529/37 5677/11527/37
f 5685/11541/36 5686/11543/36 5679/11530/36 5678/11529/36
f 5686/11544/29 5687/11546/29 5680/11532/29 5679/11531/29
f 5687/11547/4 5688/11549/4 5681/11534/4 5680/11533/4
f 5688/11549/9 5689/11551/9 5682/11535/9 5681/11534/9
f 5689/11552/10 5690/11554/10 5683/11537/10 5682/11536/10
f 5690/11554/38 5684/11539/38 5677/11528/38 5683/11537/38
f 5692/11559/1 5691/11556/1 5688/11550/1 5687/11548/1
f 5693/11561/1 5692/11559/1 5687/11548/1 5686/11545/1
f 5694/11563/1 5693/11561/1 5686/11545/1 5685/11542/1
f 5695/11566/1 5694/11563/1 5685/11542/1 5684/11540/1
f 5696/11569/1 5695/11566/1 5684/11540/1 5690/11555/1
f 5697/11571/1 5696/11569/1 5690/11555/1 5689/11553/1
f 5691/11556/1 5697/11571/1 5689/11553/1 5688/11550/1
f 5699/11576/5 5698/11574/5 5691/11557/5 5692/11560/5
f 5700/11577/25 5699/11576/25 5692/11560/25 5693/11562/25
f 5701/11578/28 5700/11577/28 5693/11562/28 5694/11564/28
f 5702/11580/39 5701/11579/39 5694/11565/39 5695/11567/39
f 5703/11582/40 5702/11581/40 5695/11568/40 5696/11570/40
f 5704/11583/20 5703/11582/20 5696/11570/20 5697/11572/20
f 5698/11575/26 5704/11584/26 5697/11573/26 5691/11558/26
f 5712/11596/37 5713/11599/37 5706/11587/37 5705/11585/37
f 5713/11599/36 5714/11601/36 5707/11588/36 5706/11587/36
f 5714/11602/29 5715/11604/29 5708/11590/29 5707/11589/29
f 5715/11605/4 5716/11607/4 5709/11592/4 5708/11591/4
f 5716/11607/30 5717/11609/30 5710/11593/30 5709/11592/30
f 5717/11610/10 5718/11612/10 5711/11595/10 5710/11594/10
f 5718/11612/38 5712/11597/38 5705/11586/38 5711/11595/38
f 5720/11617/1 5719/11614/1 5716/11608/1 5715/11606/1
f 5721/11619/1 5720/11617/1 5715/11606/1 5714/11603/1
f 5722/11621/1 5721/11619/1 5714/11603/1 5713/11600/1
f 5723/11624/1 5722/11621/1 5713/11600/1 5712/11598/1
f 5724/11627/1 5723/11624/1 5712/11598/1 5718/11613/1
f 5725/11629/1 5724/11627/1 5718/11613/1 5717/11611/1
f 5719/11614/1 5725/11629/1 5717/11611/1 5716/11608/1
f 5727/11634/5 5726/11632/5 5719/11615/5 5720/11618/5
f 5728/11635/27 5727/11634/27 5720/11618/27 5721/11620/27
f 5729/11636/13 5728/11635/13 5721/11620/13 5722/11622/13
f 5730/11638/39 5729/11637/39 5722/11623/39 5723/11625/39
f 5731/11640/40 5730/11639/40 5723/11626/40 5724/11628/40
f 5732/11641/20 5731/11640/20 5724/11628/20 5725/11630/20
f 5726/11633/32 5732/11642/32 5725/11631/32 5719/11616/32
f 5740/11654/37 5741/11657/37 5734/11645/37 5733/11643/37
f 5741/11657/36 5742/11659/36 5735/11646/36 5734/11645/36
f 5742/11660/29 5743/11662/29 5736/11648/29 5735/11647/29
f 5743/11663/4 5744/11665/4 5737/11650/4 5736/11649/4
f 5744/11665/30 5745/11667/30 5738/11651/30 5737/11650/30
f 5745/11668/10 5746/11670/10 5739/11653/10 5738/11652/10
f 5746/11670/38 5740/11655/38 5733/11644/38 5739/11653/38
f 5748/11675/1 5747/11672/1 5744/11666/1 5743/11664/1
f 5749/11677/1 5748/11675/1 5743/11664/1 5742/11661/1
f 5750/11679/1 5749/11677/1 5742/11661/1 5741/11658/1
f 5751/11682/1 5750/11679/1 5741/11658/1 5740/11656/1
f 5752/11685/1 5751/11682/1 5740/11656/1 5746/11671/1
f 5753/11687/1 5752/11685/1 5746/11671/1 5745/11669/1
f 5747/11672/1 5753/11687/1 5745/11669/1 5744/11666/1
f 5755/11692/5 5754/11690/5 5747/11673/5 5748/11676/5
f 5756/11693/25 5755/11692/25 5748/11676/25 5749/11678/25
f 5757/11694/13 5756/11693/13 5749/11678/13 5750/11680/13
f 5758/11696/39 5757/11695/39 5750/11681/39 5751/11683/39
f 5759/11698/40 5758/11697/40 5751/11684/40 5752/11686/40
f 5760/11699/20 5759/11698/20 5752/11686/20 5753/11688/20
f 5754/11691/26 5760/11700/26 5753/11689/26 5747/11674/26
f 5768/11712/37 5769/11715/37 5762/11703/37 5761/11701/37
f 5769/11715/7 5770/11717/7 5763/11704/7 5762/11703/7
f 5770/11718/8 5771/11720/8 5764/11706/8 5763/11705/8
f 5771/11721/4 5772/11723/4 5765/11708/4 5764/11707/4
f 5772/11723/9 5773/11725/9 5766/11709/9 5765/11708/9
f 5773/11726/10 5774/11728/10 5767/11711/10 5766/11710/10
f 5774/11728/38 5768/11713/38 5761/11702/38 5767/11711/38
f 5776/11733/1 5775/11730/1 5772/11724/1 5771/11722/1
f 5777/11735/1 5776/11733/1 5771/11722/1 5770/11719/1
f 5778/11737/1 5777/11735/1 5770/11719/1 5769/11716/1
f 5779/11740/1 5778/11737/1 5769/11716/1 5768/11714/1
f 5780/11743/1 5779/11740/1 5768/11714/1 5774/11729/1
f 5781/11745/1 5780/11743/1 5774/11729/1 5773/11727/1
f 5775/11730/1 5781/11745/1 5773/11727/1 5772/11724/1
f 5783/11750/5 5782/11748/5 5775/11731/5 5776/11734/5
f 5784/11751/27 5783/11750/27 5776/11734/27 5777/11736/27
f 5785/11752/13 5784/11751/13 5777/11736/13 5778/11738/13
f 5786/11754/39 5785/11753/39 5778/11739/39 5779/11741/39
f 5787/11756/40 5786/11755/40 5779/11742/40 5780/11744/40
f 5788/11757/16 5787/11756/16 5780/11744/16 5781/11746/16
f 5782/11749/32 5788/11758/32 5781/11747/32 5775/11732/32
f 5796/11770/37 5797/11773/37 5790/11761/37 5789/11759/37
f 5797/11773/36 5798/11775/36 5791/11762/36 5790/11761/36
f 5798/11776/29 5799/11778/29 5792/11764/29 5791/11763/29
f 5799/11779/4 5800/11781/4 5793/11766/4 5792/11765/4
f 5800/11781/30 5801/11783/30 5794/11767/30 5793/11766/30
f 5801/11784/10 5802/11786/10 5795/11769/10 5794/11768/10
f 5802/11786/38 5796/11771/38 5789/11760/38 5795/11769/38
f 5804/11791/1 5803/11788/1 5800/11782/1 5799/11780/1
f 5805/11793/1 5804/11791/1 5799/11780/1 5798/11777/1
f 5806/11795/1 5805/11793/1 5798/11777/1 5797/11774/1
f 5807/11798/1 5806/11795/1 5797/11774/1 5796/11772/1
f 5808/11801/1 5807/11798/1 5796/11772/1 5802/11787/1
f 5809/11803/1 5808/11801/1 5802/11787/1 5801/11785/1
f 5803/11788/1 5809/11803/1 5801/11785/1 5800/11782/1
f 5811/11808/5 5810/11806/5 5803/11789/5 5804/11792/5
f 5812/11809/27 5811/11808/27 5804/11792/27 5805/11794/27
f 5813/11810/28 5812/11809/28 5805/11794/28 5806/11796/28
f 5814/11812/39 5813/11811/39 5806/11797/39 5807/11799/39
f 5815/11814/40 5814/11813/40 5807/11800/40 5808/11802/40
f 5816/11815/20 5815/11814/20 5808/11802/20 5809/11804/20
f 5810/11807/26 5816/11816/26 5809/11805/26 5803/11790/26
f 5824/11828/37 5825/11831/37 5818/11819/37 5817/11817/37
f 5825/11831/36 5826/11833/36 5819/11820/36 5818/11819/36
f 5826/11834/29 5827/11836/29 5820/11822/29 5819/11821/29
f 5827/11837/4 5828/11839/4 5821/11824/4 5820/11823/4
f 5828/11839/30 5829/11841/30 5822/11825/30 5821/11824/30
f 5829/11842/10 5830/11844/10 5823/11827/10 5822/11826/10
f 5830/11844/38 5824/11829/38 5817/11818/38 5823/11827/38
f 5832/11849/1 5831/11846/1 5828/11840/1 5827/11838/1
f 5833/11851/1 5832/11849/1 5827/11838/1 5826/11835/1
f 5834/11853/1 5833/11851/1 5826/11835/1 5825/11832/1
f 5835/11856/1 5834/11853/1 5825/11832/1 5824/11830/1
f 5836/11859/1 5835/11856/1 5824/11830/1 5830/11845/1
f 5837/11861/1 5836/11859/1 5830/11845/1 5829/11843/1
f 5831/11846/1 5837/11861/1 5829/11843/1 5828/11840/1
f 5839/11866/5 5838/11864/5 5831/11847/5 5832/11850/5
f 5840/11867/25 5839/11866/25 5832/11850/25 5833/11852/25
f 5841/11868/13 5840/11867/13 5833/11852/13 5834/11854/13
f 5842/11870/39 5841/11869/39 5834/11855/39 5835/11857/39
f 5843/11872/40 5842/11871/40 5835/11858/40 5836/11860/40
f 5844/11873/20 5843/11872/20 5836/11860/20 5837/11862/20
f 5838/11865/26 5844/11874/26 5837/11863/26 5831/11848/26
f 5852/11886/37 5853/11889/37 5846/11877/37 5845/11875/37
f 5853/11889/36 5854/11891/36 5847/11878/36 5846/11877/36
f 5854/11892/29 5855/11894/29 5848/11880/29 5847/11879/29
f 5855/11895/4 5856/11897/4 5849/11882/4 5848/11881/4
f 5856/11897/9 5857/11899/9 5850/11883/9 5849/11882/9
f 5857/11900/10 5858/11902/10 5851/11885/10 5850/11884/10
f 5858/11902/38 5852/11887/38 5845/11876/38 5851/11885/38
f 5860/11907/1 5859/11904/1 5856/11898/1 5855/11896/1
f 5861/11909/1 5860/11907/1 5855/11896/1 5854/11893/1
f 5862/11911/1 5861/11909/1 5854/11893/1 5853/11890/1
f 5863/11914/1 5862/11911/1 5853/11890/1 5852/11888/1
f 5864/11917/1 5863/11914/1 5852/11888/1 5858/11903/1
f 5865/11919/1 5864/11917/1 5858/11903/1 5857/11901/1
f 5859/11904/1 5865/11919/1 5857/11901/1 5856/11898/1
f 5867/11924/5 5866/11922/5 5859/11905/5 5860/11908/5
f 5868/11925/25 5867/11924/25 5860/11908/25 5861/11910/25
f 5869/11926/13 5868/11925/13 5861/11910/13 5862/11912/13
f 5870/11928/39 5869/11927/39 5862/11913/39 5863/11915/39
f 5871/11930/40 5870/11929/40 5863/11916/40 5864/11918/40
f 5872/11931/20 5871/11930/20 5864/11918/20 5865/11920/20
f 5866/11923/32 5872/11932/32 5865/11921/32 5859/11906/32
f 5880/11944/37 5881/11947/37 5874/11935/37 5873/11933/37
f 5881/11947/36 5882/11949/36 5875/11936/36 5874/11935/36
f 5882/11950/29 5883/11952/29 5876/11938/29 5875/11937/29
f 5883/11953/4 5884/11955/4 5877/11940/4 5876/11939/4
f 5884/11955/30 5885/11957/30 5878/11941/30 5877/11940/30
f 5885/11958/10 5886/11960/10 5879/11943/10 5878/11942/10
f 5886/11960/38 5880/11945/38 5873/11934/38 5879/11943/38
f 5888/11965/1 5887/11962/1 5884/11956/1 5883/11954/1
f 5889/11967/1 5888/11965/1 5883/11954/1 5882/11951/1
f 5890/11969/1 5889/11967/1 5882/11951/1 5881/11948/1
f 5891/11972/1 5890/11969/1 5881/11948/1 5880/11946/1
f 5892/11975/1 5891/11972/1 5880/11946/1 5886/11961/1
f 5893/11977/1 5892/11975/1 5886/11961/1 5885/11959/1
f 5887/11962/1 5893/11977/1 5885/11959/1 5884/11956/1
f 5895/11982/5 5894/11980/5 5887/11963/5 5888/11966/5
f 5896/11983/25 5895/11982/25 5888/11966/25 5889/11968/25
f 5897/11984/13 5896/11983/13 5889/11968/13 5890/11970/13
f 5898/11986/39 5897/11985/39 5890/11971/39 5891/11973/39
f 5899/11988/40 5898/11987/40 5891/11974/40 5892/11976/40
f 5900/11989/20 5899/11988/20 5892/11976/20 5893/11978/20
f 5894/11981/32 5900/11990/32 5893/11979/32 5887/11964/32
f 5908/12002/37 5909/12005/37 5902/11993/37 5901/11991/37
f 5909/12005/36 5910/12007/36 5903/11994/36 5902/11993/36
f 5910/12008/29 5911/12010/29 5904/11996/29 5903/11995/29
f 5911/12011/4 5912/12013/4 5905/11998/4 5904/11997/4
f 5912/12013/30 5913/12015/30 5906/11999/30 5905/11998/30
f 5913/12016/10 5914/12018/10 5907/12001/10 5906/12000/10
f 5914/12018/38 5908/12003/38 5901/11992/38 5907/12001/38
f 5916/12023/1 5915/12020/1 5912/12014/1 5911/12012/1
f 5917/12025/1 5916/12023/1 5911/12012/1 5910/12009/1
f 5918/12027/1 5917/12025/1 5910/12009/1 5909/12006/1
f 5919/12030/1 5918/12027/1 5909/12006/1 5908/12004/1
f 5920/12033/1 5919/12030/1 5908/12004/1 5914/12019/1
f 5921/12035/1 5920/12033/1 5914/12019/1 5913/12017/1
f 5915/12020/1 5921/12035/1 5913/12017/1 5912/12014/1
f 5923/12040/5 5922/12038/5 5915/12021/5 5916/12024/5
f 5924/12041/25 5923/12040/25 5916/12024/25 5917/12026/25
f 5925/12042/13 5924/12041/13 5917/12026/13 5918/12028/13
f 5926/12044/39 5925/12043/39 5918/12029/39 5919/12031/39
f 5927/12046/40 5926/12045/40 5919/12032/40 5920/12034/40
f 5928/12047/16 5927/12046/16 5920/12034/16 5921/12036/16
f 5922/12039/26 5928/12048/26 5921/12037/26 5915/12022/26
f 5936/12060/37 5937/12063/37 5930/12051/37 5929/12049/37
f 5937/12063/36 5938/12065/36 5931/12052/36 5930/12051/36
f 5938/12066/29 5939/12068/29 5932/12054/29 5931/12053/29
f 5939/12069/4 5940/12071/4 5933/12056/4 5932/12055/4
f 5940/12071/9 5941/12073/9 5934/12057/9 5933/12056/9
f 5941/12074/10 5942/12076/10 5935/12059/10 5934/12058/10
f 5942/12076/38 5936/12061/38 5929/12050/38 5935/12059/38
f 5944/12081/1 5943/12078/1 5940/12072/1 5939/12070/1
f 5945/12083/1 5944/12081/1 5939/12070/1 5938/12067/1
f 5946/12085/1 5945/12083/1 5938/12067/1 5937/12064/1
f 5947/12088/1 5946/12085/1 5937/12064/1 5936/12062/1
f 5948/12091/1 5947/12088/1 5936/12062/1 5942/12077/1
f 5949/12093/1 5948/12091/1 5942/12077/1 5941/12075/1
f 5943/12078/1 5949/12093/1 5941/12075/1 5940/12072/1
f 5951/12098/5 5950/12096/5 5943/12079/5 5944/12082/5
f 5952/12099/25 5951/12098/25 5944/12082/25 5945/12084/25
f 5953/12100/13 5952/12099/13 5945/12084/13 5946/12086/13
f 5954/12102/39 5953/12101/39 5946/12087/39 5947/12089/39
f 5955/12104/40 5954/12103/40 5947/12090/40 5948/12092/40
f 5956/12105/16 5955/12104/16 5948/12092/16 5949/12094/16
f 5950/12097/32 5956/12106/32 5949/12095/32 5943/12080/32
f 5964/12118/37 5965/12121/37 5958/12109/37 5957/12107/37
f 5965/12121/36 5966/12123/36 5959/12110/36 5958/12109/36
f 5966/12124/29 5967/12126/29 5960/12112/29 5959/12111/29
f 5967/12127/4 5968/12129/4 5961/12114/4 5960/12113/4
f 5968/12129/30 5969/12131/30 5962/12115/30 5961/12114/30
f 5969/12132/10 5970/12134/10 5963/12117/10 5962/12116/10
f 5970/12134/38 5964/12119/38 5957/12108/38 5963/12117/38
f 5972/12139/1 5971/12136/1 5968/12130/1 5967/12128/1
f 5973/12141/1 5972/12139/1 5967/12128/1 5966/12125/1
f 5974/12143/1 5973/12141/1 5966/12125/1 5965/12122/1
f 5975/12146/1 5974/12143/1 5965/12122/1 5964/12120/1
f 5976/12149/1 5975/12146/1 5964/12120/1 5970/12135/1
f 5977/12151/1 5976/12149/1 5970/12135/1 5969/12133/1
f 5971/12136/1 5977/12151/1 5969/12133/1 5968/12130/1
f 5979/12156/5 5978/12154/5 5971/12137/5 5972/12140/5
f 5980/12157/27 5979/12156/27 5972/12140/27 5973/12142/27
f 5981/12158/28 5980/12157/28 5973/12142/28 5974/12144/28
f 5982/12160/39 5981/12159/39 5974/12145/39 5975/12147/39
f 5983/12162/40 5982/12161/40 5975/12148/40 5976/12150/40
f 5984/12163/20 5983/12162/20 5976/12150/20 5977/12152/20
f 5978/12155/26 5984/12164/26 5977/12153/26 5971/12138/26
f 5992/12176/37 5993/12179/37 5986/12167/37 5985/12165/37
f 5993/12179/36 5994/12181/36 5987/12168/36 5986/12167/36
f 5994/12182/29 5995/12184/29 5988/12170/29 5987/12169/29
f 5995/12185/4 5996/12187/4 5989/12172/4 5988/12171/4
f 5996/12187/30 5997/12189/30 5990/12173/30 5989/12172/30
f 5997/12190/10 5998/12192/10 5991/12175/10 5990/12174/10
f 5998/12192/38 5992/12177/38 5985/12166/38 5991/12175/38
f 6000/12197/1 5999/12194/1 5996/12188/1 5995/12186/1
f 6001/12199/1 6000/12197/1 5995/12186/1 5994/12183/1
f 6002/12201/1 6001/12199/1 5994/12183/1 5993/12180/1
f 6003/12204/1 6002/12201/1 5993/12180/1 5992/12178/1
f 6004/12207/1 6003/12204/1 5992/12178/1 5998/12193/1
f 6005/12209/1 6004/12207/1 5998/12193/1 5997/12191/1
f 5999/12194/1 6005/12209/1 5997/12191/1 5996/12188/1
f 6007/12214/5 6006/12212/5 5999/12195/5 6000/12198/5
f 6008/12215/25 6007/12214/25 6000/12198/25 6001/12200/25
f 6009/12216/13 6008/12215/13 6001/12200/13 6002/12202/13
f 6010/12218/39 6009/12217/39 6002/12203/39 6003/12205/39
f 6011/12220/40 6010/12219/40 6003/12206/40 6004/12208/40
f 6012/12221/20 6011/12220/20 6004/12208/20 6005/12210/20
f 6006/12213/26 6012/12222/26 6005/12211/26 5999/12196/26
f 6020/12234/37 6021/12237/37 6014/12225/37 6013/12223/37
f 6021/12237/7 6022/12239/7 6015/12226/7 6014/12225/7
f 6022/12240/8 6023/12242/8 6016/12228/8 6015/12227/8
f 6023/12243/4 6024/12245/4 6017/12230/4 6016/12229/4
f 6024/12245/9 6025/12247/9 6018/12231/9 6017/12230/9
f 6025/12248/10 6026/12250/10 6019/12233/10 6018/12232/10
f 6026/12250/38 6020/12235/38 6013/12224/38 6019/12233/38
f 6028/12255/1 6027/12252/1 6024/12246/1 6023/12244/1
f 6029/12257/1 6028/12255/1 6023/12244/1 6022/12241/1
f 6030/12259/1 6029/12257/1 6022/12241/1 6021/12238/1
f 6031/12262/1 6030/12259/1 6021/12238/1 6020/12236/1
f 6032/12265/1 6031/12262/1 6020/12236/1 6026/12251/1
f 6033/12267/1 6032/12265/1 6026/12251/1 6025/12249/1
f 6027/12252/1 6033/12267/1 6025/12249/1 6024/12246/1
f 6035/12272/5 6034/12270/5 6027/12253/5 6028/12256/5
f 6036/12273/25 6035/12272/25 6028/12256/25 6029/12258/25
f 6037/12274/13 6036/12273/13 6029/12258/13 6030/12260/13
f 6038/12276/39 6037/12275/39 6030/12261/39 6031/12263/39
f 6039/12278/40 6038/12277/40 6031/12264/40 6032/12266/40
f 6040/12279/20 6039/12278/20 6032/12266/20 6033/12268/20
f 6034/12271/26 6040/12280/26 6033/12269/26 6027/12254/26
f 6048/12292/37 6049/12295/37 6042/12283/37 6041/12281/37
f 6049/12295/36 6050/12297/36 6043/12284/36 6042/12283/36
f 6050/12298/29 6051/12300/29 6044/12286/29 6043/12285/29
f 6051/12301/4 6052/12303/4 6045/12288/4 6044/12287/4
f 6052/12303/30 6053/12305/30 6046/12289/30 6045/12288/30
f 6053/12306/10 6054/12308/10 6047/12291/10 6046/12290/10
f 6054/12308/38 6048/12293/38 6041/12282/38 6047/12291/38
f 6056/12313/1 6055/12310/1 6052/12304/1 6051/12302/1
f 6057/12315/1 6056/12313/1 6051/12302/1 6050/12299/1
f 6058/12317/1 6057/12315/1 6050/12299/1 6049/12296/1
f 6059/12320/1 6058/12317/1 6049/12296/1 6048/12294/1
f 6060/12323/1 6059/12320/1 6048/12294/1 6054/12309/1
f 6061/12325/1 6060/12323/1 6054/12309/1 6053/12307/1
f 6055/12310/1 6061/12325/1 6053/12307/1 6052/12304/1
f 6063/12330/5 6062/12328/5 6055/12311/5 6056/12314/5
f 6064/12331/27 6063/12330/27 6056/12314/27 6057/12316/27
f 6065/12332/13 6064/12331/13 6057/12316/13 6058/12318/13
f 6066/12334/41 6065/12333/41 6058/12319/41 6059/12321/41
f 6067/12336/40 6066/12335/40 6059/12322/40 6060/12324/40
f 6068/12337/20 6067/12336/20 6060/12324/20 6061/12326/20
f 6062/12329/26 6068/12338/26 6061/12327/26 6055/12312/26
f 6076/12350/37 6077/12353/37 6070/12341/37 6069/12339/37
f 6077/12353/36 6078/12355/36 6071/12342/36 6070/12341/36
f 6078/12356/29 6079/12358/29 6072/12344/29 6071/12343/29
f 6079/12359/4 6080/12361/4 6073/12346/4 6072/12345/4
f 6080/12361/30 6081/12363/30 6074/12347/30 6073/12346/30
f 6081/12364/10 6082/12366/10 6075/12349/10 6074/12348/10
f 6082/12366/38 6076/12351/38 6069/12340/38 6075/12349/38
f 6084/12371/1 6083/12368/1 6080/12362/1 6079/12360/1
f 6085/12373/1 6084/12371/1 6079/12360/1 6078/12357/1
f 6086/12375/1 6085/12373/1 6078/12357/1 6077/12354/1
f 6087/12378/1 6086/12375/1 6077/12354/1 6076/12352/1
f 6088/12381/1 6087/12378/1 6076/12352/1 6082/12367/1
f 6089/12383/1 6088/12381/1 6082/12367/1 6081/12365/1
f 6083/12368/1 6089/12383/1 6081/12365/1 6080/12362/1
f 6091/12388/5 6090/12386/5 6083/12369/5 6084/12372/5
f 6092/12389/27 6091/12388/27 6084/12372/27 6085/12374/27
f 6093/12390/13 6092/12389/13 6085/12374/13 6086/12376/13
f 6094/12392/39 6093/12391/39 6086/12377/39 6087/12379/39
f 6095/12394/40 6094/12393/40 6087/12380/40 6088/12382/40
f 6096/12395/20 6095/12394/20 6088/12382/20 6089/12384/20
f 6090/12387/32 6096/12396/32 6089/12385/32 6083/12370/32
f 6104/12408/37 6105/12411/37 6098/12399/37 6097/12397/37
f 6105/12411/36 6106/12413/36 6099/12400/36 6098/12399/36
f 6106/12414/29 6107/12416/29 6100/12402/29 6099/12401/29
f 6107/12417/4 6108/12419/4 6101/12404/4 6100/12403/4
f 6108/12419/9 6109/12421/9 6102/12405/9 6101/12404/9
f 6109/12422/10 6110/12424/10 6103/12407/10 6102/12406/10
f 6110/12424/38 6104/12409/38 6097/12398/38 6103/12407/38
f 6112/12429/1 6111/12426/1 6108/12420/1 6107/12418/1
f 6113/12431/1 6112/12429/1 6107/12418/1 6106/12415/1
f 6114/12433/1 6113/12431/1 6106/12415/1 6105/12412/1
f 6115/12436/1 6114/12433/1 6105/12412/1 6104/12410/1
f 6116/12439/1 6115/12436/1 6104/12410/1 6110/12425/1
f 6117/12441/1 6116/12439/1 6110/12425/1 6109/12423/1
f 6111/12426/1 6117/12441/1 6109/12423/1 6108/12420/1
f 6119/12446/5 6118/12444/5 6111/12427/5 6112/12430/5
f 6120/12447/25 6119/12446/25 6112/12430/25 6113/12432/25
f 6121/12448/13 6120/12447/13 6113/12432/13 6114/12434/13
f 6122/12450/39 6121/12449/39 6114/12435/39 6115/12437/39
f 6123/12452/40 6122/12451/40 6115/12438/40 6116/12440/40
f 6124/12453/20 6123/12452/20 6116/12440/20 6117/12442/20
f 6118/12445/26 6124/12454/26 6117/12443/26 6111/12428/26
f 6132/12466/37 6133/12469/37 6126/12457/37 6125/12455/37
f 6133/12469/36 6134/12471/36 6127/12458/36 6126/12457/36
f 6134/12472/29 6135/12474/29 6128/12460/29 6127/12459/29
f 6135/12475/4 6136/12477/4 6129/12462/4 6128/12461/4
f 6136/12477/30 6137/12479/30 6130/12463/30 6129/12462/30
f 6137/12480/10 6138/12482/10 6131/12465/10 6130/12464/10
f 6138/12482/38 6132/12467/38 6125/12456/38 6131/12465/38
f 6140/12487/1 6139/12484/1 6136/12478/1 6135/12476/1
f 6141/12489/1 6140/12487/1 6135/12476/1 6134/12473/1
f 6142/12491/1 6141/12489/1 6134/12473/1 6133/12470/1
f 6143/12494/1 6142/12491/1 6133/12470/1 6132/12468/1
f 6144/12497/1 6143/12494/1 6132/12468/1 6138/12483/1
f 6145/12499/1 6144/12497/1 6138/12483/1 6137/12481/1
f 6139/12484/1 6145/12499/1 6137/12481/1 6136/12478/1
f 6147/12504/5 6146/12502/5 6139/12485/5 6140/12488/5
f 6148/12505/27 6147/12504/27 6140/12488/27 6141/12490/27
f 6149/12506/13 6148/12505/13 6141/12490/13 6142/12492/13
f 6150/12508/39 6149/12507/39 6142/12493/39 6143/12495/39
f 6151/12510/40 6150/12509/40 6143/12496/40 6144/12498/40
f 6152/12511/20 6151/12510/20 6144/12498/20 6145/12500/20
f 6146/12503/26 6152/12512/26 6145/12501/26 6139/12486/26
f 6160/12524/37 6161/12527/37 6154/12515/37 6153/12513/37
f 6161/12527/36 6162/12529/36 6155/12516/36 6154/12515/36
f 6162/12530/29 6163/12532/29 6156/12518/29 6155/12517/29
f 6163/12533/4 6164/12535/4 6157/12520/4 6156/12519/4
f 6164/12535/30 6165/12537/30 6158/12521/30 6157/12520/30
f 6165/12538/10 6166/12540/10 6159/12523/10 6158/12522/10
f 6166/12540/38 6160/12525/38 6153/12514/38 6159/12523/38
f 6168/12545/1 6167/12542/1 6164/12536/1 6163/12534/1
f 6169/12547/1 6168/12545/1 6163/12534/1 6162/12531/1
f 6170/12549/1 6169/12547/1 6162/12531/1 6161/12528/1
f 6171/12552/1 6170/12549/1 6161/12528/1 6160/12526/1
f 6172/12555/1 6171/12552/1 6160/12526/1 6166/12541/1
f 6173/12557/1 6172/12555/1 6166/12541/1 6165/12539/1
f 6167/12542/1 6173/12557/1 6165/12539/1 6164/12536/1
f 6175/12562/5 6174/12560/5 6167/12543/5 6168/12546/5
f 6176/12563/12 6175/12562/12 6168/12546/12 6169/12548/12
f 6177/12564/13 6176/12563/13 6169/12548/13 6170/12550/13
f 6178/12566/39 6177/12565/39 6170/12551/39 6171/12553/39
f 6179/12568/40 6178/12567/40 6171/12554/40 6172/12556/40
f 6180/12569/20 6179/12568/20 6172/12556/20 6173/12558/20
f 6174/12561/17 6180/12570/17 6173/12559/17 6167/12544/17
f 6188/12582/37 6189/12585/37 6182/12573/37 6181/12571/37
f 6189/12585/36 6190/12587/36 6183/12574/36 6182/12573/36
f 6190/12588/29 6191/12590/29 6184/12576/29 6183/12575/29
f 6191/12591/4 6192/12593/4 6185/12578/4 6184/12577/4
f 6192/12593/9 6193/12595/9 6186/12579/9 6185/12578/9
f 6193/12596/10 6194/12598/10 6187/12581/10 6186/12580/10
f 6194/12598/38 6188/12583/38 6181/12572/38 6187/12581/38
f 6196/12603/1 6195/12600/1 6192/12594/1 6191/12592/1
f 6197/12605/1 6196/12603/1 6191/12592/1 6190/12589/1
f 6198/12607/1 6197/12605/1 6190/12589/1 6189/12586/1
f 6199/12610/1 6198/12607/1 6189/12586/1 6188/12584/1
f 6200/12613/1 6199/12610/1 6188/12584/1 6194/12599/1
f 6201/12615/1 6200/12613/1 6194/12599/1 6193/12597/1
f 6195/12600/1 6201/12615/1 6193/12597/1 6192/12594/1
f 6203/12620/5 6202/12618/5 6195/12601/5 6196/12604/5
f 6204/12621/12 6203/12620/12 6196/12604/12 6197/12606/12
f 6205/12622/13 6204/12621/13 6197/12606/13 6198/12608/13
f 6206/12624/39 6205/12623/39 6198/12609/39 6199/12611/39
f 6207/12626/40 6206/12625/40 6199/12612/40 6200/12614/40
f 6208/12627/20 6207/12626/20 6200/12614/20 6201/12616/20
f 6202/12619/17 6208/12628/17 6201/12617/17 6195/12602/17
f 6216/12640/37 6217/12643/37 6210/12631/37 6209/12629/37
f 6217/12643/36 6218/12645/36 6211/12632/36 6210/12631/36
f 6218/12646/29 6219/12648/29 6212/12634/29 6211/12633/29
f 6219/12649/4 6220/12651/4 6213/12636/4 6212/12635/4
f 6220/12651/30 6221/12653/30 6214/12637/30 6213/12636/30
f 6221/12654/10 6222/12656/10 6215/12639/10 6214/12638/10
f 6222/12656/38 6216/12641/38 6209/12630/38 6215/12639/38
f 6224/12661/1 6223/12658/1 6220/12652/1 6219/12650/1
f 6225/12663/1 6224/12661/1 6219/12650/1 6218/12647/1
f 6226/12665/1 6225/12663/1 6218/12647/1 6217/12644/1
f 6227/12668/1 6226/12665/1 6217/12644/1 6216/12642/1
f 6228/12671/1 6227/12668/1 6216/12642/1 6222/12657/1
f 6229/12673/1 6228/12671/1 6222/12657/1 6221/12655/1
f 6223/12658/1 6229/12673/1 6221/12655/1 6220/12652/1
f 6231/12678/5 6230/12676/5 6223/12659/5 6224/12662/5
f 6232/12679/12 6231/12678/12 6224/12662/12 6225/12664/12
f 6233/12680/13 6232/12679/13 6225/12664/13 6226/12666/13
f 6234/12682/39 6233/12681/39 6226/12667/39 6227/12669/39
f 6235/12684/40 6234/12683/40 6227/12670/40 6228/12672/40
f 6236/12685/20 6235/12684/20 6228/12672/20 6229/12674/20
f 6230/12677/17 6236/12686/17 6229/12675/17 6223/12660/17
f 6244/12698/37 6245/12701/37 6238/12689/37 6237/12687/37
f 6245/12701/36 6246/12703/36 6239/12690/36 6238/12689/36
f 6246/12704/29 6247/12706/29 6240/12692/29 6239/12691/29
f 6247/12707/4 6248/12709/4 6241/12694/4 6240/12693/4
f 6248/12709/30 6249/12711/30 6242/12695/30 6241/12694/30
f 6249/12712/10 6250/12714/10 6243/12697/10 6242/12696/10
f 6250/12714/38 6244/12699/38 6237/12688/38 6243/12697/38
f 6252/12719/1 6251/12716/1 6248/12710/1 6247/12708/1
f 6253/12721/1 6252/12719/1 6247/12708/1 6246/12705/1
f 6254/12723/1 6253/12721/1 6246/12705/1 6245/12702/1
f 6255/12726/1 6254/12723/1 6245/12702/1 6244/12700/1
f 6256/12729/1 6255/12726/1 6244/12700/1 6250/12715/1
f 6257/12731/1 6256/12729/1 6250/12715/1 6249/12713/1
f 6251/12716/1 6257/12731/1 6249/12713/1 6248/12710/1
f 6259/12736/5 6258/12734/5 6251/12717/5 6252/12720/5
f 6260/12737/12 6259/12736/12 6252/12720/12 6253/12722/12
f 6261/12738/13 6260/12737/13 6253/12722/13 6254/12724/13
f 6262/12740/39 6261/12739/39 6254/12725/39 6255/12727/39
f 6263/12742/40 6262/12741/40 6255/12728/40 6256/12730/40
f 6264/12743/20 6263/12742/20 6256/12730/20 6257/12732/20
f 6258/12735/17 6264/12744/17 6257/12733/17 6251/12718/17
f 6272/12756/37 6273/12759/37 6266/12747/37 6265/12745/37
f 6273/12759/7 6274/12761/7 6267/12748/7 6266/12747/7
f 6274/12762/8 6275/12764/8 6268/12750/8 6267/12749/8
f 6275/12765/4 6276/12767/4 6269/12752/4 6268/12751/4
f 6276/12767/9 6277/12769/9 6270/12753/9 6269/12752/9
f 6277/12770/10 6278/12772/10 6271/12755/10 6270/12754/10
f 6278/12772/38 6272/12757/38 6265/12746/38 6271/12755/38
f 6280/12777/1 6279/12774/1 6276/12768/1 6275/12766/1
f 6281/12779/1 6280/12777/1 6275/12766/1 6274/12763/1
f 6282/12781/1 6281/12779/1 6274/12763/1 6273/12760/1
f 6283/12784/1 6282/12781/1 6273/12760/1 6272/12758/1
f 6284/12787/1 6283/12784/1 6272/12758/1 6278/12773/1
f 6285/12789/1 6284/12787/1 6278/12773/1 6277/12771/1
f 6279/12774/1 6285/12789/1 6277/12771/1 6276/12768/1
f 6287/12794/5 6286/12792/5 6279/12775/5 6280/12778/5
f 6288/12795/12 6287/12794/12 6280/12778/12 6281/12780/12
f 6289/12796/13 6288/12795/13 6281/12780/13 6282/12782/13
f 6290/12798/39 6289/12797/39 6282/12783/39 6283/12785/39
f 6291/12800/40 6290/12799/40 6283/12786/40 6284/12788/40
f 6292/12801/20 6291/12800/20 6284/12788/20 6285/12790/20
f 6286/12793/17 6292/12802/17 6285/12791/17 6279/12776/17
f 6300/12814/37 6301/12817/37 6294/12805/37 6293/12803/37
f 6301/12817/36 6302/12819/36 6295/12806/36 6294/12805/36
f 6302/12820/29 6303/12822/29 6296/12808/29 6295/12807/29
f 6303/12823/4 6304/12825/4 6297/12810/4 6296/12809/4
f 6304/12825/30 6305/12827/30 6298/12811/30 6297/12810/30
f 6305/12828/10 6306/12830/10 6299/12813/10 6298/12812/10
f 6306/12830/38 6300/12815/38 6293/12804/38 6299/12813/38
f 6308/12835/1 6307/12832/1 6304/12826/1 6303/12824/1
f 6309/12837/1 6308/12835/1 6303/12824/1 6302/12821/1
f 6310/12839/1 6309/12837/1 6302/12821/1 6301/12818/1
f 6311/12842/1 6310/12839/1 6301/12818/1 6300/12816/1
f 6312/12845/1 6311/12842/1 6300/12816/1 6306/12831/1
f 6313/12847/1 6312/12845/1 6306/12831/1 6305/12829/1
f 6307/12832/1 6313/12847/1 6305/12829/1 6304/12826/1
f 6315/12852/5 6314/12850/5 6307/12833/5 6308/12836/5
f 6316/12853/27 6315/12852/27 6308/12836/27 6309/12838/27
f 6317/12854/13 6316/12853/13 6309/12838/13 6310/12840/13
f 6318/12856/39 6317/12855/39 6310/12841/39 6311/12843/39
f 6319/12858/40 6318/12857/40 6311/12844/40 6312/12846/40
f 6320/12859/20 6319/12858/20 6312/12846/20 6313/12848/20
f 6314/12851/17 6320/12860/17 6313/12849/17 6307/12834/17
f 6328/12872/37 6329/12875/37 6322/12863/37 6321/12861/37
f 6329/12875/36 6330/12877/36 6323/12864/36 6322/12863/36
f 6330/12878/29 6331/12880/29 6324/12866/29 6323/12865/29
f 6331/12881/4 6332/12883/4 6325/12868/4 6324/12867/4
f 6332/12883/30 6333/12885/30 6326/12869/30 6325/12868/30
f 6333/12886/10 6334/12888/10 6327/12871/10 6326/12870/10
f 6334/12888/38 6328/12873/38 6321/12862/38 6327/12871/38
f 6336/12893/1 6335/12890/1 6332/12884/1 6331/12882/1
f 6337/12895/1 6336/12893/1 6331/12882/1 6330/12879/1
f 6338/12897/1 6337/12895/1 6330/12879/1 6329/12876/1
f 6339/12900/1 6338/12897/1 6329/12876/1 6328/12874/1
f 6340/12903/1 6339/12900/1 6328/12874/1 6334/12889/1
f 6341/12905/1 6340/12903/1 6334/12889/1 6333/12887/1
f 6335/12890/1 6341/12905/1 6333/12887/1 6332/12884/1
f 6343/12910/5 6342/12908/5 6335/12891/5 6336/12894/5
f 6344/12911/25 6343/12910/25 6336/12894/25 6337/12896/25
f 6345/12912/13 6344/12911/13 6337/12896/13 6338/12898/13
f 6346/12914/39 6345/12913/39 6338/12899/39 6339/12901/39
f 6347/12916/40 6346/12915/40 6339/12902/40 6340/12904/40
f 6348/12917/16 6347/12916/16 6340/12904/16 6341/12906/16
f 6342/12909/32 6348/12918/32 6341/12907/32 6335/12892/32
f 6356/12930/37 6357/12933/37 6350/12921/37 6349/12919/37
f 6357/12933/36 6358/12935/36 6351/12922/36 6350/12921/36
f 6358/12936/29 6359/12938/29 6352/12924/29 6351/12923/29
f 6359/12939/4 6360/12941/4 6353/12926/4 6352/12925/4
f 6360/12941/9 6361/12943/9 6354/12927/9 6353/12926/9
f 6361/12944/10 6362/12946/10 6355/12929/10 6354/12928/10
f 6362/12946/38 6356/12931/38 6349/12920/38 6355/12929/38
f 6364/12951/1 6363/12948/1 6360/12942/1 6359/12940/1
f 6365/12953/1 6364/12951/1 6359/12940/1 6358/12937/1
f 6366/12955/1 6365/12953/1 6358/12937/1 6357/12934/1
f 6367/12958/1 6366/12955/1 6357/12934/1 6356/12932/1
f 6368/12961/1 6367/12958/1 6356/12932/1 6362/12947/1
f 6369/12963/1 6368/12961/1 6362/12947/1 6361/12945/1
f 6363/12948/1 6369/12963/1 6361/12945/1 6360/12942/1
f 6371/12968/5 6370/12966/5 6363/12949/5 6364/12952/5
f 6372/12969/12 6371/12968/12 6364/12952/12 6365/12954/12
f 6373/12970/28 6372/12969/28 6365/12954/28 6366/12956/28
f 6374/12972/39 6373/12971/39 6366/12957/39 6367/12959/39
f 6375/12974/40 6374/12973/40 6367/12960/40 6368/12962/40
f 6376/12975/20 6375/12974/20 6368/12962/20 6369/12964/20
f 6370/12967/26 6376/12976/26 6369/12965/26 6363/12950/26
f 6384/12988/37 6385/12991/37 6378/12979/37 6377/12977/37
f 6385/12991/36 6386/12993/36 6379/12980/36 6378/12979/36
f 6386/12994/29 6387/12996/29 6380/12982/29 6379/12981/29
f 6387/12997/4 6388/12999/4 6381/12984/4 6380/12983/4
f 6388/12999/30 6389/13001/30 6382/12985/30 6381/12984/30
f 6389/13002/10 6390/13004/10 6383/12987/10 6382/12986/10
f 6390/13004/38 6384/12989/38 6377/12978/38 6383/12987/38
f 6392/13009/1 6391/13006/1 6388/13000/1 6387/12998/1
f 6393/13011/1 6392/13009/1 6387/12998/1 6386/12995/1
f 6394/13013/1 6393/13011/1 6386/12995/1 6385/12992/1
f 6395/13016/1 6394/13013/1 6385/12992/1 6384/12990/1
f 6396/13019/1 6395/13016/1 6384/12990/1 6390/13005/1
f 6397/13021/1 6396/13019/1 6390/13005/1 6389/13003/1
f 6391/13006/1 6397/13021/1 6389/13003/1 6388/13000/1
f 6399/13026/5 6398/13024/5 6391/13007/5 6392/13010/5
f 6400/13027/27 6399/13026/27 6392/13010/27 6393/13012/27
f 6401/13028/28 6400/13027/28 6393/13012/28 6394/13014/28
f 6402/13030/39 6401/13029/39 6394/13015/39 6395/13017/39
f 6403/13032/40 6402/13031/40 6395/13018/40 6396/13020/40
f 6404/13033/20 6403/13032/20 6396/13020/20 6397/13022/20
f 6398/13025/26 6404/13034/26 6397/13023/26 6391/13008/26
f 6412/13046/37 6413/13049/37 6406/13037/37 6405/13035/37
f 6413/13049/36 6414/13051/36 6407/13038/36 6406/13037/36
f 6414/13052/29 6415/13054/29 6408/13040/29 6407/13039/29
f 6415/13055/4 6416/13057/4 6409/13042/4 6408/13041/4
f 6416/13057/30 6417/13059/30 6410/13043/30 6409/13042/30
f 6417/13060/10 6418/13062/10 6411/13045/10 6410/13044/10
f 6418/13062/38 6412/13047/38 6405/13036/38 6411/13045/38
f 6420/13067/1 6419/13064/1 6416/13058/1 6415/13056/1
f 6421/13069/1 6420/13067/1 6415/13056/1 6414/13053/1
f 6422/13071/1 6421/13069/1 6414/13053/1 6413/13050/1
f 6423/13074/1 6422/13071/1 6413/13050/1 6412/13048/1
f 6424/13077/1 6423/13074/1 6412/13048/1 6418/13063/1
f 6425/13079/1 6424/13077/1 6418/13063/1 6417/13061/1
f 6419/13064/1 6425/13079/1 6417/13061/1 6416/13058/1
f 6427/13084/5 6426/13082/5 6419/13065/5 6420/13068/5
f 6428/13085/12 6427/13084/12 6420/13068/12 6421/13070/12
f 6429/13086/13 6428/13085/13 6421/13070/13 6422/13072/13
f 6430/13088/39 6429/13087/39 6422/13073/39 6423/13075/39
f 6431/13090/40 6430/13089/40 6423/13076/40 6424/13078/40
f 6432/13091/20 6431/13090/20 6424/13078/20 6425/13080/20
f 6426/13083/17 6432/13092/17 6425/13081/17 6419/13066/17
f 6440/13104/37 6441/13107/37 6434/13095/37 6433/13093/37
f 6441/13107/36 6442/13109/36 6435/13096/36 6434/13095/36
f 6442/13110/29 6443/13112/29 6436/13098/29 6435/13097/29
f 6443/13113/4 6444/13115/4 6437/13100/4 6436/13099/4
f 6444/13115/9 6445/13117/9 6438/13101/9 6437/13100/9
f 6445/13118/10 6446/13120/10 6439/13103/10 6438/13102/10
f 6446/13120/38 6440/13105/38 6433/13094/38 6439/13103/38
f 6448/13125/1 6447/13122/1 6444/13116/1 6443/13114/1
f 6449/13127/1 6448/13125/1 6443/13114/1 6442/13111/1
f 6450/13129/1 6449/13127/1 6442/13111/1 6441/13108/1
f 6451/13132/1 6450/13129/1 6441/13108/1 6440/13106/1
f 6452/13135/1 6451/13132/1 6440/13106/1 6446/13121/1
f 6453/13137/1 6452/13135/1 6446/13121/1 6445/13119/1
f 6447/13122/1 6453/13137/1 6445/13119/1 6444/13116/1
f 6455/13142/5 6454/13140/5 6447/13123/5 6448/13126/5
f 6456/13143/12 6455/13142/12 6448/13126/12 6449/13128/12
f 6457/13144/13 6456/13143/13 6449/13128/13 6450/13130/13
f 6458/13146/39 6457/13145/39 6450/13131/39 6451/13133/39
f 6459/13148/40 6458/13147/40 6451/13134/40 6452/13136/40
f 6460/13149/20 6459/13148/20 6452/13136/20 6453/13138/20
f 6454/13141/17 6460/13150/17 6453/13139/17 6447/13124/17
f 6468/13162/37 6469/13165/37 6462/13153/37 6461/13151/37
f 6469/13165/36 6470/13167/36 6463/13154/36 6462/13153/36
f 6470/13168/29 6471/13170/29 6464/13156/29 6463/13155/29
f 6471/13171/4 6472/13173/4 6465/13158/4 6464/13157/4
f 6472/13173/30 6473/13175/30 6466/13159/30 6465/13158/30
f 6473/13176/10 6474/13178/10 6467/13161/10 6466/13160/10
f 6474/13178/38 6468/13163/38 6461/13152/38 6467/13161/38
f 6476/13183/1 6475/13180/1 6472/13174/1 6471/13172/1
f 6477/13185/1 6476/13183/1 6471/13172/1 6470/13169/1
f 6478/13187/1 6477/13185/1 6470/13169/1 6469/13166/1
f 6479/13190/1 6478/13187/1 6469/13166/1 6468/13164/1
f 6480/13193/1 6479/13190/1 6468/13164/1 6474/13179/1
f 6481/13195/1 6480/13193/1 6474/13179/1 6473/13177/1
f 6475/13180/1 6481/13195/1 6473/13177/1 6472/13174/1
f 6483/13200/5 6482/13198/5 6475/13181/5 6476/13184/5
f 6484/13201/12 6483/13200/12 6476/13184/12 6477/13186/12
f 6485/13202/13 6484/13201/13 6477/13186/13 6478/13188/13
f 6486/13204/39 6485/13203/39 6478/13189/39 6479/13191/39
f 6487/13206/40 6486/13205/40 6479/13192/40 6480/13194/40
f 6488/13207/20 6487/13206/20 6480/13194/20 6481/13196/20
f 6482/13199/17 6488/13208/17 6481/13197/17 6475/13182/17
f 6496/13220/37 6497/13223/37 6490/13211/37 6489/13209/37
f 6497/13223/36 6498/13225/36 6491/13212/36 6490/13211/36
f 6498/13226/29 6499/13228/29 6492/13214/29 6491/13213/29
f 6499/13229/4 6500/13231/4 6493/13216/4 6492/13215/4
f 6500/13231/30 6501/13233/30 6494/13217/30 6493/13216/30
f 6501/13234/10 6502/13236/10 6495/13219/10 6494/13218/10
f 6502/13236/38 6496/13221/38 6489/13210/38 6495/13219/38
f 6504/13241/1 6503/13238/1 6500/13232/1 6499/13230/1
f 6505/13243/1 6504/13241/1 6499/13230/1 6498/13227/1
f 6506/13245/1 6505/13243/1 6498/13227/1 6497/13224/1
f 6507/13248/1 6506/13245/1 6497/13224/1 6496/13222/1
f 6508/13251/1 6507/13248/1 6496/13222/1 6502/13237/1
f 6509/13253/1 6508/13251/1 6502/13237/1 6501/13235/1
f 6503/13238/1 6509/13253/1 6501/13235/1 6500/13232/1
f 6511/13258/5 6510/13256/5 6503/13239/5 6504/13242/5
f 6512/13259/12 6511/13258/12 6504/13242/12 6505/13244/12
f 6513/13260/13 6512/13259/13 6505/13244/13 6506/13246/13
f 6514/13262/39 6513/13261/39 6506/13247/39 6507/13249/39
f 6515/13264/40 6514/13263/40 6507/13250/40 6508/13252/40
f 6516/13265/20 6515/13264/20 6508/13252/20 6509/13254/20
f 6510/13257/17 6516/13266/17 6509/13255/17 6503/13240/17
f 6524/13278/37 6525/13281/37 6518/13269/37 6517/13267/37
f 6525/13281/7 6526/13283/7 6519/13270/7 6518/13269/7
f 6526/13284/8 6527/13286/8 6520/13272/8 6519/13271/8
f 6527/13287/4 6528/13289/4 6521/13274/4 6520/13273/4
f 6528/13289/9 6529/13291/9 6522/13275/9 6521/13274/9
f 6529/13292/10 6530/13294/10 6523/13277/10 6522/13276/10
f 6530/13294/38 6524/13279/38 6517/13268/38 6523/13277/38
f 6532/13299/1 6531/13296/1 6528/13290/1 6527/13288/1
f 6533/13301/1 6532/13299/1 6527/13288/1 6526/13285/1
f 6534/13303/1 6533/13301/1 6526/13285/1 6525/13282/1
f 6535/13306/1 6534/13303/1 6525/13282/1 6524/13280/1
f 6536/13309/1 6535/13306/1 6524/13280/1 6530/13295/1
f 6537/13311/1 6536/13309/1 6530/13295/1 6529/13293/1
f 6531/13296/1 6537/13311/1 6529/13293/1 6528/13290/1
f 6539/13316/5 6538/13314/5 6531/13297/5 6532/13300/5
f 6540/13317/12 6539/13316/12 6532/13300/12 6533/13302/12
f 6541/13318/13 6540/13317/13 6533/13302/13 6534/13304/13
f 6542/13320/39 6541/13319/39 6534/13305/39 6535/13307/39
f 6543/13322/40 6542/13321/40 6535/13308/40 6536/13310/40
f 6544/13323/20 6543/13322/20 6536/13310/20 6537/13312/20
f 6538/13315/17 6544/13324/17 6537/13313/17 6531/13298/17
f 6552/13336/37 6553/13339/37 6546/13327/37 6545/13325/37
f 6553/13339/36 6554/13341/36 6547/13328/36 6546/13327/36
f 6554/13342/29 6555/13344/29 6548/13330/29 6547/13329/29
f 6555/13345/4 6556/13347/4 6549/13332/4 6548/13331/4
f 6556/13347/30 6557/13349/30 6550/13333/30 6549/13332/30
f 6557/13350/10 6558/13352/10 6551/13335/10 6550/13334/10
f 6558/13352/38 6552/13337/38 6545/13326/38 6551/13335/38
f 6560/13357/1 6559/13354/1 6556/13348/1 6555/13346/1
f 6561/13359/1 6560/13357/1 6555/13346/1 6554/13343/1
f 6562/13361/1 6561/13359/1 6554/13343/1 6553/13340/1
f 6563/13364/1 6562/13361/1 6553/13340/1 6552/13338/1
f 6564/13367/1 6563/13364/1 6552/13338/1 6558/13353/1
f 6565/13369/1 6564/13367/1 6558/13353/1 6557/13351/1
f 6559/13354/1 6565/13369/1 6557/13351/1 6556/13348/1
f 6567/13374/5 6566/13372/5 6559/13355/5 6560/13358/5
f 6568/13375/27 6567/13374/27 6560/13358/27 6561/13360/27
f 6569/13376/13 6568/13375/13 6561/13360/13 6562/13362/13
f 6570/13378/39 6569/13377/39 6562/13363/39 6563/13365/39
f 6571/13380/40 6570/13379/40 6563/13366/40 6564/13368/40
f 6572/13381/20 6571/13380/20 6564/13368/20 6565/13370/20
f 6566/13373/17 6572/13382/17 6565/13371/17 6559/13356/17
f 6580/13394/37 6581/13397/37 6574/13385/37 6573/13383/37
f 6581/13397/36 6582/13399/36 6575/13386/36 6574/13385/36
f 6582/13400/29 6583/13402/29 6576/13388/29 6575/13387/29
f 6583/13403/4 6584/13405/4 6577/13390/4 6576/13389/4
f 6584/13405/30 6585/13407/30 6578/13391/30 6577/13390/30
f 6585/13408/10 6586/13410/10 6579/13393/10 6578/13392/10
f 6586/13410/38 6580/13395/38 6573/13384/38 6579/13393/38
f 6588/13415/1 6587/13412/1 6584/13406/1 6583/13404/1
f 6589/13417/1 6588/13415/1 6583/13404/1 6582/13401/1
f 6590/13419/1 6589/13417/1 6582/13401/1 6581/13398/1
f 6591/13422/1 6590/13419/1 6581/13398/1 6580/13396/1
f 6592/13425/1 6591/13422/1 6580/13396/1 6586/13411/1
f 6593/13427/1 6592/13425/1 6586/13411/1 6585/13409/1
f 6587/13412/1 6593/13427/1 6585/13409/1 6584/13406/1
f 6595/13432/5 6594/13430/5 6587/13413/5 6588/13416/5
f 6596/13433/25 6595/13432/25 6588/13416/25 6589/13418/25
f 6597/13434/13 6596/13433/13 6589/13418/13 6590/13420/13
f 6598/13436/39 6597/13435/39 6590/13421/39 6591/13423/39
f 6599/13438/40 6598/13437/40 6591/13424/40 6592/13426/40
f 6600/13439/16 6599/13438/16 6592/13426/16 6593/13428/16
f 6594/13431/32 6600/13440/32 6593/13429/32 6587/13414/32
f 6608/13452/37 6609/13455/37 6602/13443/37 6601/13441/37
f 6609/13455/36 6610/13457/36 6603/13444/36 6602/13443/36
f 6610/13458/29 6611/13460/29 6604/13446/29 6603/13445/29
f 6611/13461/4 6612/13463/4 6605/13448/4 6604/13447/4
f 6612/13463/9 6613/13465/9 6606/13449/9 6605/13448/9
f 6613/13466/10 6614/13468/10 6607/13451/10 6606/13450/10
f 6614/13468/38 6608/13453/38 6601/13442/38 6607/13451/38
f 6616/13473/1 6615/13470/1 6612/13464/1 6611/13462/1
f 6617/13475/1 6616/13473/1 6611/13462/1 6610/13459/1
f 6618/13477/1 6617/13475/1 6610/13459/1 6609/13456/1
f 6619/13480/1 6618/13477/1 6609/13456/1 6608/13454/1
f 6620/13483/1 6619/13480/1 6608/13454/1 6614/13469/1
f 6621/13485/1 6620/13483/1 6614/13469/1 6613/13467/1
f 6615/13470/1 6621/13485/1 6613/13467/1 6612/13464/1
f 6623/13490/5 6622/13488/5 6615/13471/5 6616/13474/5
f 6624/13491/25 6623/13490/25 6616/13474/25 6617/13476/25
f 6625/13492/13 6624/13491/13 6617/13476/13 6618/13478/13
f 6626/13494/39 6625/13493/39 6618/13479/39 6619/13481/39
f 6627/13496/40 6626/13495/40 6619/13482/40 6620/13484/40
f 6628/13497/16 6627/13496/16 6620/13484/16 6621/13486/16
f 6622/13489/17 6628/13498/17 6621/13487/17 6615/13472/17
f 6636/13510/37 6637/13513/37 6630/13501/37 6629/13499/37
f 6637/13513/36 6638/13515/36 6631/13502/36 6630/13501/36
f 6638/13516/29 6639/13518/29 6632/13504/29 6631/13503/29
f 6639/13519/4 6640/13521/4 6633/13506/4 6632/13505/4
f 6640/13521/30 6641/13523/30 6634/13507/30 6633/13506/30
f 6641/13524/10 6642/13526/10 6635/13509/10 6634/13508/10
f 6642/13526/38 6636/13511/38 6629/13500/38 6635/13509/38
f 6644/13531/1 6643/13528/1 6640/13522/1 6639/13520/1
f 6645/13533/1 6644/13531/1 6639/13520/1 6638/13517/1
f 6646/13535/1 6645/13533/1 6638/13517/1 6637/13514/1
f 6647/13538/1 6646/13535/1 6637/13514/1 6636/13512/1
f 6648/13541/1 6647/13538/1 6636/13512/1 6642/13527/1
f 6649/13543/1 6648/13541/1 6642/13527/1 6641/13525/1
f 6643/13528/1 6649/13543/1 6641/13525/1 6640/13522/1
f 6651/13548/5 6650/13546/5 6643/13529/5 6644/13532/5
f 6652/13549/12 6651/13548/12 6644/13532/12 6645/13534/12
f 6653/13550/13 6652/13549/13 6645/13534/13 6646/13536/13
f 6654/13552/39 6653/13551/39 6646/13537/39 6647/13539/39
f 6655/13554/40 6654/13553/40 6647/13540/40 6648/13542/40
f 6656/13555/20 6655/13554/20 6648/13542/20 6649/13544/20
f 6650/13547/26 6656/13556/26 6649/13545/26 6643/13530/26
