# Blender 3.3.21
# www.blender.org
mtllib EstanteRollo5x2.mtl
o EstanteRollo5x2
v -2.050800 2.096900 -1.023300
v -0.050100 2.096900 -1.023300
v -2.050800 2.096900 -3.013100
v -0.050100 2.096900 -3.013100
v -0.257600 0.265300 -1.136300
v -0.153300 0.265300 -1.136300
v -0.257600 2.096800 -1.136300
v -0.153300 2.096800 -1.136300
v -0.257600 2.096800 -1.251900
v -0.153300 2.096800 -1.251900
v -0.257600 0.265300 -1.251900
v -0.153300 0.265300 -1.251900
v -1.920900 0.265300 -1.136300
v -1.816600 0.265300 -1.136300
v -1.920900 2.096800 -1.136300
v -1.816600 2.096800 -1.136300
v -1.920900 2.096800 -1.251900
v -1.816600 2.096800 -1.251900
v -1.920900 0.265300 -1.251900
v -1.816600 0.265300 -1.251900
v -0.257600 0.265300 -2.798800
v -0.153300 0.265300 -2.798800
v -0.257600 2.096801 -2.798800
v -0.153300 2.096801 -2.798800
v -0.257600 2.096801 -2.914400
v -0.153300 2.096801 -2.914400
v -0.257600 0.265300 -2.914400
v -0.153300 0.265300 -2.914400
v -1.920900 0.265300 -2.798800
v -1.816600 0.265300 -2.798800
v -1.920900 2.096801 -2.798800
v -1.816600 2.096801 -2.798800
v -1.920900 2.096801 -2.914400
v -1.816600 2.096801 -2.914400
v -1.920900 0.265300 -2.914400
v -1.816600 0.265300 -2.914400
v -2.050800 1.195700 -1.023300
v -0.050100 1.195700 -1.023300
v -2.050800 1.195701 -3.013100
v -0.050100 1.195701 -3.013100
v -2.050800 0.265300 -1.023300
v -0.050100 0.265300 -1.023300
v -2.050800 0.265300 -3.013100
v -0.050100 0.265300 -3.013100
v -2.050800 2.096900 -3.139800
v -0.050100 2.096900 -3.139800
v -2.050800 2.096901 -5.129600
v -0.050100 2.096901 -5.129600
v -2.050800 1.195701 -3.139800
v -0.050100 1.195701 -3.139800
v -2.050800 1.195701 -5.129600
v -0.050100 1.195701 -5.129600
v -2.050800 0.265301 -3.139800
v -0.050100 0.265301 -3.139800
v -2.050800 0.265301 -5.129600
v -0.050100 0.265301 -5.129600
v -1.920900 0.265301 -3.252800
v -1.816600 0.265301 -3.252800
v -1.920900 2.096801 -3.252800
v -1.816600 2.096801 -3.252800
v -1.920900 2.096801 -3.368400
v -1.816600 2.096801 -3.368400
v -1.920900 0.265301 -3.368400
v -1.816600 0.265301 -3.368400
v -0.257600 0.265301 -3.252800
v -0.153300 0.265301 -3.252800
v -0.257600 2.096801 -3.252800
v -0.153300 2.096801 -3.252800
v -0.257600 2.096801 -3.368400
v -0.153300 2.096801 -3.368400
v -0.257600 0.265301 -3.368400
v -0.153300 0.265301 -3.368400
v -1.920900 0.265301 -4.915300
v -1.816600 0.265301 -4.915300
v -1.920900 2.096801 -4.915299
v -1.816600 2.096801 -4.915299
v -1.920900 2.096801 -5.030900
v -1.816600 2.096801 -5.030900
v -1.920900 0.265301 -5.030900
v -1.816600 0.265301 -5.030900
v -0.257600 0.265301 -4.915300
v -0.153300 0.265301 -4.915300
v -0.257600 2.096801 -4.915299
v -0.153300 2.096801 -4.915299
v -0.257600 2.096801 -5.030900
v -0.153300 2.096801 -5.030900
v -0.257600 0.265301 -5.030900
v -0.153300 0.265301 -5.030900
v -2.050800 2.096900 0.997100
v -0.050100 2.096900 0.997100
v -2.050800 2.096900 -0.992700
v -0.050100 2.096900 -0.992700
v -2.050800 1.195700 0.997100
v -0.050100 1.195700 0.997100
v -2.050800 1.195700 -0.992700
v -0.050100 1.195700 -0.992700
v -2.050800 0.265300 0.997100
v -0.050100 0.265300 0.997100
v -2.050800 0.265300 -0.992700
v -0.050100 0.265300 -0.992700
v -1.920900 0.265300 0.884100
v -1.816600 0.265300 0.884100
v -1.920900 2.096800 0.884100
v -1.816600 2.096800 0.884100
v -1.920900 2.096800 0.768500
v -1.816600 2.096800 0.768500
v -1.920900 0.265300 0.768500
v -1.816600 0.265300 0.768500
v -0.257600 0.265300 0.884100
v -0.153300 0.265300 0.884100
v -0.257600 2.096800 0.884100
v -0.153300 2.096800 0.884100
v -0.257600 2.096800 0.768500
v -0.153300 2.096800 0.768500
v -0.257600 0.265300 0.768500
v -0.153300 0.265300 0.768500
v -1.920900 0.265300 -0.778400
v -1.816600 0.265300 -0.778400
v -1.920900 2.096800 -0.778400
v -1.816600 2.096800 -0.778400
v -1.920900 2.096800 -0.894000
v -1.816600 2.096800 -0.894000
v -1.920900 0.265300 -0.894000
v -1.816600 0.265300 -0.894000
v -0.257600 0.265300 -0.778400
v -0.153300 0.265300 -0.778400
v -0.257600 2.096800 -0.778400
v -0.153300 2.096800 -0.778400
v -0.257600 2.096800 -0.894000
v -0.153300 2.096800 -0.894000
v -0.257600 0.265300 -0.894000
v -0.153300 0.265300 -0.894000
v -2.050800 2.096900 3.027900
v -0.050100 2.096900 3.027900
v -2.050800 2.096900 1.038100
v -0.050100 2.096900 1.038100
v -2.050800 1.195700 3.027900
v -0.050100 1.195700 3.027900
v -2.050800 1.195700 1.038100
v -0.050100 1.195700 1.038100
v -2.050800 0.265299 3.027900
v -0.050100 0.265299 3.027900
v -2.050800 0.265300 1.038100
v -0.050100 0.265300 1.038100
v -1.920900 0.265300 2.914900
v -1.816600 0.265300 2.914900
v -1.920900 2.096800 2.914900
v -1.816600 2.096800 2.914900
v -1.920900 2.096800 2.799300
v -1.816600 2.096800 2.799300
v -1.920900 0.265300 2.799300
v -1.816600 0.265300 2.799300
v -0.257600 0.265300 2.914900
v -0.153300 0.265300 2.914900
v -0.257600 2.096800 2.914900
v -0.153300 2.096800 2.914900
v -0.257600 2.096800 2.799300
v -0.153300 2.096800 2.799300
v -0.257600 0.265300 2.799300
v -0.153300 0.265300 2.799300
v -1.920900 0.265300 1.252400
v -1.816600 0.265300 1.252400
v -1.920900 2.096800 1.252400
v -1.816600 2.096800 1.252400
v -1.920900 2.096800 1.136800
v -1.816600 2.096800 1.136800
v -1.920900 0.265300 1.136800
v -1.816600 0.265300 1.136800
v -0.257600 0.265300 1.252400
v -0.153300 0.265300 1.252400
v -0.257600 2.096800 1.252400
v -0.153300 2.096800 1.252400
v -0.257600 2.096800 1.136800
v -0.153300 2.096800 1.136800
v -0.257600 0.265300 1.136800
v -0.153300 0.265300 1.136800
v -2.050800 2.096899 5.072200
v -0.050100 2.096899 5.072200
v -2.050800 2.096900 3.082400
v -0.050100 2.096900 3.082400
v -2.050800 1.195699 5.072200
v -0.050100 1.195699 5.072200
v -2.050800 1.195700 3.082400
v -0.050100 1.195700 3.082400
v -2.050800 0.265299 5.072200
v -0.050100 0.265299 5.072200
v -2.050800 0.265299 3.082400
v -0.050100 0.265299 3.082400
v -1.920900 0.265299 4.959200
v -1.816600 0.265299 4.959200
v -1.920900 2.096799 4.959200
v -1.816600 2.096799 4.959200
v -1.920900 2.096799 4.843600
v -1.816600 2.096799 4.843600
v -1.920900 0.265299 4.843600
v -1.816600 0.265299 4.843600
v -0.257600 0.265299 4.959200
v -0.153300 0.265299 4.959200
v -0.257600 2.096799 4.959200
v -0.153300 2.096799 4.959200
v -0.257600 2.096799 4.843600
v -0.153300 2.096799 4.843600
v -0.257600 0.265299 4.843600
v -0.153300 0.265299 4.843600
v -1.920900 0.265299 3.296700
v -1.816600 0.265299 3.296700
v -1.920900 2.096800 3.296700
v -1.816600 2.096800 3.296700
v -1.920900 2.096800 3.181100
v -1.816600 2.096800 3.181100
v -1.920900 0.265299 3.181100
v -1.816600 0.265299 3.181100
v -0.257600 0.265299 3.296700
v -0.153300 0.265299 3.296700
v -0.257600 2.096800 3.296700
v -0.153300 2.096800 3.296700
v -0.257600 2.096800 3.181100
v -0.153300 2.096800 3.181100
v -0.257600 0.265299 3.181100
v -0.153300 0.265299 3.181100
v 0.046700 1.195699 5.072200
v 2.047400 1.195699 5.072200
v 0.046700 1.195700 3.082400
v 2.047400 1.195700 3.082400
v 0.046700 0.265299 5.072200
v 2.047400 0.265299 5.072200
v 0.046700 0.265299 3.082400
v 2.047400 0.265299 3.082400
v 0.176600 0.265299 3.296700
v 0.280900 0.265299 3.296700
v 0.176600 2.096800 3.296700
v 0.280900 2.096800 3.296700
v 0.176600 2.096800 3.181100
v 0.280900 2.096800 3.181100
v 0.176600 0.265299 3.181100
v 0.280900 0.265299 3.181100
v 0.046700 0.265299 3.027900
v 2.047400 0.265299 3.027900
v 0.046700 0.265300 1.038100
v 2.047400 0.265300 1.038100
v 0.176600 0.265300 2.914900
v 0.280900 0.265300 2.914900
v 0.176600 2.096800 2.914900
v 0.280900 2.096800 2.914900
v 0.176600 2.096800 2.799300
v 0.280900 2.096800 2.799300
v 0.176600 0.265300 2.799300
v 0.280900 0.265300 2.799300
v 0.046700 1.195700 3.027900
v 2.047400 1.195700 3.027900
v 0.046700 1.195700 1.038100
v 2.047400 1.195700 1.038100
v 0.046700 2.096900 3.027900
v 2.047400 2.096900 3.027900
v 0.046700 2.096900 1.038100
v 2.047400 2.096900 1.038100
v 0.046700 1.195700 0.997100
v 2.047400 1.195700 0.997100
v 0.046700 1.195700 -0.992700
v 2.047400 1.195700 -0.992700
v 0.046700 2.096900 0.997100
v 2.047400 2.096900 0.997100
v 0.046700 2.096900 -0.992700
v 2.047400 2.096900 -0.992700
v 0.046700 0.265300 0.997100
v 2.047400 0.265300 0.997100
v 0.046700 0.265300 -0.992700
v 2.047400 0.265300 -0.992700
v 0.046700 0.265300 -1.023300
v 2.047400 0.265300 -1.023300
v 0.046700 0.265300 -3.013100
v 2.047400 0.265300 -3.013100
v 0.176600 0.265300 -1.136300
v 0.280900 0.265300 -1.136300
v 0.176600 2.096800 -1.136300
v 0.280900 2.096800 -1.136300
v 0.176600 2.096800 -1.251900
v 0.280900 2.096800 -1.251900
v 0.176600 0.265300 -1.251900
v 0.280900 0.265300 -1.251900
v 0.046700 1.195700 -1.023300
v 2.047400 1.195700 -1.023300
v 0.046700 1.195701 -3.013100
v 2.047400 1.195701 -3.013100
v 0.176600 0.265300 -0.778400
v 0.280900 0.265300 -0.778400
v 0.176600 2.096800 -0.778400
v 0.280900 2.096800 -0.778400
v 0.176600 2.096800 -0.894000
v 0.280900 2.096800 -0.894000
v 0.176600 0.265300 -0.894000
v 0.280900 0.265300 -0.894000
v 0.176600 0.265300 1.252400
v 0.280900 0.265300 1.252400
v 0.176600 2.096800 1.252400
v 0.280900 2.096800 1.252400
v 0.176600 2.096800 1.136800
v 0.280900 2.096800 1.136800
v 0.176600 0.265300 1.136800
v 0.280900 0.265300 1.136800
v 0.176600 0.265300 0.884100
v 0.280900 0.265300 0.884100
v 0.176600 2.096800 0.884100
v 0.280900 2.096800 0.884100
v 0.176600 2.096800 0.768500
v 0.280900 2.096800 0.768500
v 0.176600 0.265300 0.768500
v 0.280900 0.265300 0.768500
v 0.176600 0.265299 4.959200
v 0.280900 0.265299 4.959200
v 0.176600 2.096799 4.959200
v 0.280900 2.096799 4.959200
v 0.176600 2.096799 4.843600
v 0.280900 2.096799 4.843600
v 0.176600 0.265299 4.843600
v 0.280900 0.265299 4.843600
v 0.176600 0.265300 -2.798800
v 0.280900 0.265300 -2.798800
v 0.176600 2.096801 -2.798800
v 0.280900 2.096801 -2.798800
v 0.176600 2.096801 -2.914400
v 0.280900 2.096801 -2.914400
v 0.176600 0.265300 -2.914400
v 0.280900 0.265300 -2.914400
v 0.046700 2.096900 -3.139800
v 2.047400 2.096900 -3.139800
v 0.046700 2.096901 -5.129600
v 2.047400 2.096901 -5.129600
v 0.046700 1.195701 -3.139800
v 2.047400 1.195701 -3.139800
v 0.046700 1.195701 -5.129600
v 2.047400 1.195701 -5.129600
v 0.176600 0.265301 -4.915300
v 0.280900 0.265301 -4.915300
v 0.176600 2.096801 -4.915299
v 0.280900 2.096801 -4.915299
v 0.176600 2.096801 -5.030900
v 0.280900 2.096801 -5.030900
v 0.176600 0.265301 -5.030900
v 0.280900 0.265301 -5.030900
v 0.176600 0.265301 -3.252800
v 0.280900 0.265301 -3.252800
v 0.176600 2.096801 -3.252800
v 0.280900 2.096801 -3.252800
v 0.176600 2.096801 -3.368400
v 0.280900 2.096801 -3.368400
v 0.176600 0.265301 -3.368400
v 0.280900 0.265301 -3.368400
v 1.839900 0.265301 -4.915300
v 1.944200 0.265301 -4.915300
v 1.839900 2.096801 -4.915299
v 1.944200 2.096801 -4.915299
v 1.839900 2.096801 -5.030900
v 1.944200 2.096801 -5.030900
v 1.839900 0.265301 -5.030900
v 1.944200 0.265301 -5.030900
v 1.839900 0.265301 -3.252800
v 1.944200 0.265301 -3.252800
v 1.839900 2.096801 -3.252800
v 1.944200 2.096801 -3.252800
v 1.839900 2.096801 -3.368400
v 1.944200 2.096801 -3.368400
v 1.839900 0.265301 -3.368400
v 1.944200 0.265301 -3.368400
v 1.839900 0.265300 -2.798800
v 1.944200 0.265300 -2.798800
v 1.839900 2.096801 -2.798800
v 1.944200 2.096801 -2.798800
v 1.839900 2.096801 -2.914400
v 1.944200 2.096801 -2.914400
v 1.839900 0.265300 -2.914400
v 1.944200 0.265300 -2.914400
v 1.839900 0.265300 -0.778400
v 1.944200 0.265300 -0.778400
v 1.839900 2.096800 -0.778400
v 1.944200 2.096800 -0.778400
v 1.839900 2.096800 -0.894000
v 1.944200 2.096800 -0.894000
v 1.839900 0.265300 -0.894000
v 1.944200 0.265300 -0.894000
v 1.839900 0.265300 -1.136300
v 1.944200 0.265300 -1.136300
v 1.839900 2.096800 -1.136300
v 1.944200 2.096800 -1.136300
v 1.839900 2.096800 -1.251900
v 1.944200 2.096800 -1.251900
v 1.839900 0.265300 -1.251900
v 1.944200 0.265300 -1.251900
v 1.839900 0.265300 1.252400
v 1.944200 0.265300 1.252400
v 1.839900 2.096800 1.252400
v 1.944200 2.096800 1.252400
v 1.839900 2.096800 1.136800
v 1.944200 2.096800 1.136800
v 1.839900 0.265300 1.136800
v 1.944200 0.265300 1.136800
v 1.839900 0.265300 0.884100
v 1.944200 0.265300 0.884100
v 1.839900 2.096800 0.884100
v 1.944200 2.096800 0.884100
v 1.839900 2.096800 0.768500
v 1.944200 2.096800 0.768500
v 1.839900 0.265300 0.768500
v 1.944200 0.265300 0.768500
v 1.839900 0.265299 3.296700
v 1.944200 0.265299 3.296700
v 1.839900 2.096800 3.296700
v 1.944200 2.096800 3.296700
v 1.839900 2.096800 3.181100
v 1.944200 2.096800 3.181100
v 1.839900 0.265299 3.181100
v 1.944200 0.265299 3.181100
v 1.839900 0.265300 2.914900
v 1.944200 0.265300 2.914900
v 1.839900 2.096800 2.914900
v 1.944200 2.096800 2.914900
v 1.839900 2.096800 2.799300
v 1.944200 2.096800 2.799300
v 1.839900 0.265300 2.799300
v 1.944200 0.265300 2.799300
v 1.839900 0.265299 4.959200
v 1.944200 0.265299 4.959200
v 1.839900 2.096799 4.959200
v 1.944200 2.096799 4.959200
v 1.839900 2.096799 4.843600
v 1.944200 2.096799 4.843600
v 1.839900 0.265299 4.843600
v 1.944200 0.265299 4.843600
v 0.046700 2.096899 5.072200
v 2.047400 2.096899 5.072200
v 0.046700 2.096900 3.082400
v 2.047400 2.096900 3.082400
v 0.046700 0.265301 -3.139800
v 2.047400 0.265301 -3.139800
v 0.046700 0.265301 -5.129600
v 2.047400 0.265301 -5.129600
v 0.046700 2.096900 -1.023300
v 2.047400 2.096900 -1.023300
v 0.046700 2.096900 -3.013100
v 2.047400 2.096900 -3.013100
v -1.633200 2.096801 -4.731200
v -1.671000 2.096801 -4.652699
v -1.756000 2.096801 -4.633299
v -1.824000 2.096801 -4.687699
v -1.824000 2.096801 -4.774700
v -1.756000 2.096801 -4.829100
v -1.671000 2.096801 -4.809700
v -1.633200 2.297601 -4.731200
v -1.671000 2.297601 -4.652699
v -1.756000 2.297601 -4.633299
v -1.824000 2.297601 -4.687699
v -1.824000 2.297601 -4.774700
v -1.756000 2.297601 -4.829100
v -1.671000 2.297601 -4.809700
v -1.767100 2.297601 -4.748799
v -1.767100 2.297601 -4.713600
v -1.739700 2.297601 -4.691700
v -1.705400 2.297601 -4.699500
v -1.690100 2.297601 -4.731200
v -1.705400 2.297601 -4.762899
v -1.739700 2.297601 -4.770700
v -1.767100 2.100201 -4.748799
v -1.767100 2.100201 -4.713600
v -1.739700 2.100201 -4.691700
v -1.705400 2.100201 -4.699500
v -1.690100 2.100201 -4.731200
v -1.705400 2.100201 -4.762899
v -1.739700 2.100201 -4.770700
v -0.951600 2.096801 -4.731200
v -0.989400 2.096801 -4.652699
v -1.074400 2.096801 -4.633299
v -1.142400 2.096801 -4.687699
v -1.142400 2.096801 -4.774700
v -1.074400 2.096801 -4.829100
v -0.989400 2.096801 -4.809700
v -0.951600 2.297601 -4.731200
v -0.989400 2.297601 -4.652699
v -1.074400 2.297601 -4.633299
v -1.142400 2.297601 -4.687699
v -1.142400 2.297601 -4.774700
v -1.074400 2.297601 -4.829100
v -0.989400 2.297601 -4.809700
v -1.085500 2.297601 -4.748799
v -1.085500 2.297601 -4.713600
v -1.058100 2.297601 -4.691700
v -1.023800 2.297601 -4.699500
v -1.008500 2.297601 -4.731200
v -1.023800 2.297601 -4.762899
v -1.058100 2.297601 -4.770700
v -1.085500 2.100201 -4.748799
v -1.085500 2.100201 -4.713600
v -1.058100 2.100201 -4.691700
v -1.023800 2.100201 -4.699500
v -1.008500 2.100201 -4.731200
v -1.023800 2.100201 -4.762899
v -1.058100 2.100201 -4.770700
v -0.272500 2.096801 -4.731200
v -0.310300 2.096801 -4.652699
v -0.395300 2.096801 -4.633299
v -0.463300 2.096801 -4.687699
v -0.463300 2.096801 -4.774700
v -0.395300 2.096801 -4.829100
v -0.310300 2.096801 -4.809700
v -0.272500 2.297601 -4.731200
v -0.310300 2.297601 -4.652699
v -0.395300 2.297601 -4.633299
v -0.463300 2.297601 -4.687699
v -0.463300 2.297601 -4.774700
v -0.395300 2.297601 -4.829100
v -0.310300 2.297601 -4.809700
v -0.406400 2.297601 -4.748799
v -0.406400 2.297601 -4.713600
v -0.379000 2.297601 -4.691700
v -0.344700 2.297601 -4.699500
v -0.329400 2.297601 -4.731200
v -0.344700 2.297601 -4.762899
v -0.379000 2.297601 -4.770700
v -0.406400 2.100201 -4.748799
v -0.406400 2.100201 -4.713600
v -0.379000 2.100201 -4.691700
v -0.344700 2.100201 -4.699500
v -0.329400 2.100201 -4.731200
v -0.344700 2.100201 -4.762899
v -0.379000 2.100201 -4.770700
v 0.504200 2.096801 -4.731200
v 0.466400 2.096801 -4.652699
v 0.381400 2.096801 -4.633299
v 0.313400 2.096801 -4.687699
v 0.313400 2.096801 -4.774700
v 0.381400 2.096801 -4.829100
v 0.466400 2.096801 -4.809700
v 0.504200 2.297601 -4.731200
v 0.466400 2.297601 -4.652699
v 0.381400 2.297601 -4.633299
v 0.313400 2.297601 -4.687699
v 0.313400 2.297601 -4.774700
v 0.381400 2.297601 -4.829100
v 0.466400 2.297601 -4.809700
v 0.370300 2.297601 -4.748799
v 0.370300 2.297601 -4.713600
v 0.397700 2.297601 -4.691700
v 0.432000 2.297601 -4.699500
v 0.447300 2.297601 -4.731200
v 0.432000 2.297601 -4.762899
v 0.397700 2.297601 -4.770700
v 0.370300 2.100201 -4.748799
v 0.370300 2.100201 -4.713600
v 0.397700 2.100201 -4.691700
v 0.432000 2.100201 -4.699500
v 0.447300 2.100201 -4.731200
v 0.432000 2.100201 -4.762899
v 0.397700 2.100201 -4.770700
v 1.183700 2.096801 -4.731200
v 1.145900 2.096801 -4.652699
v 1.060900 2.096801 -4.633299
v 0.992900 2.096801 -4.687699
v 0.992900 2.096801 -4.774700
v 1.060900 2.096801 -4.829100
v 1.145900 2.096801 -4.809700
v 1.183700 2.297601 -4.731200
v 1.145900 2.297601 -4.652699
v 1.060900 2.297601 -4.633299
v 0.992900 2.297601 -4.687699
v 0.992900 2.297601 -4.774700
v 1.060900 2.297601 -4.829100
v 1.145900 2.297601 -4.809700
v 1.049800 2.297601 -4.748799
v 1.049800 2.297601 -4.713600
v 1.077200 2.297601 -4.691700
v 1.111500 2.297601 -4.699500
v 1.126800 2.297601 -4.731200
v 1.111500 2.297601 -4.762899
v 1.077200 2.297601 -4.770700
v 1.049800 2.100201 -4.748799
v 1.049800 2.100201 -4.713600
v 1.077200 2.100201 -4.691700
v 1.111500 2.100201 -4.699500
v 1.126800 2.100201 -4.731200
v 1.111500 2.100201 -4.762899
v 1.077200 2.100201 -4.770700
v 1.863400 2.096801 -4.731200
v 1.825600 2.096801 -4.652699
v 1.740700 2.096801 -4.633299
v 1.672600 2.096801 -4.687699
v 1.672600 2.096801 -4.774700
v 1.740700 2.096801 -4.829100
v 1.825600 2.096801 -4.809700
v 1.863400 2.297601 -4.731200
v 1.825600 2.297601 -4.652699
v 1.740700 2.297601 -4.633299
v 1.672600 2.297601 -4.687699
v 1.672600 2.297601 -4.774700
v 1.740700 2.297601 -4.829100
v 1.825600 2.297601 -4.809700
v 1.729500 2.297601 -4.748799
v 1.729500 2.297601 -4.713600
v 1.756900 2.297601 -4.691700
v 1.791200 2.297601 -4.699500
v 1.806500 2.297601 -4.731200
v 1.791200 2.297601 -4.762899
v 1.756900 2.297601 -4.770700
v 1.729500 2.100201 -4.748799
v 1.729500 2.100201 -4.713600
v 1.756900 2.100201 -4.691700
v 1.791200 2.100201 -4.699500
v 1.806500 2.100201 -4.731200
v 1.791200 2.100201 -4.762899
v 1.756900 2.100201 -4.770700
v 1.826900 1.196501 -4.731200
v 1.789100 1.196501 -4.652700
v 1.704200 1.196501 -4.633300
v 1.636100 1.196501 -4.687700
v 1.636100 1.196501 -4.774700
v 1.704200 1.196501 -4.829100
v 1.789100 1.196501 -4.809700
v 1.826900 1.397301 -4.731200
v 1.789100 1.397301 -4.652700
v 1.704200 1.397301 -4.633300
v 1.636100 1.397301 -4.687700
v 1.636100 1.397301 -4.774700
v 1.704200 1.397301 -4.829100
v 1.789100 1.397301 -4.809700
v 1.693000 1.397301 -4.748800
v 1.693000 1.397301 -4.713600
v 1.720400 1.397301 -4.691700
v 1.754700 1.397301 -4.699500
v 1.770000 1.397301 -4.731200
v 1.754700 1.397301 -4.762900
v 1.720400 1.397301 -4.770700
v 1.693000 1.199901 -4.748800
v 1.693000 1.199901 -4.713600
v 1.720400 1.199901 -4.691700
v 1.754700 1.199901 -4.699500
v 1.770000 1.199901 -4.731200
v 1.754700 1.199901 -4.762900
v 1.720400 1.199901 -4.770700
v 1.204100 1.196501 -4.731200
v 1.166300 1.196501 -4.652700
v 1.081400 1.196501 -4.633300
v 1.013300 1.196501 -4.687700
v 1.013300 1.196501 -4.774700
v 1.081400 1.196501 -4.829100
v 1.166300 1.196501 -4.809700
v 1.204100 1.397301 -4.731200
v 1.166300 1.397301 -4.652700
v 1.081400 1.397301 -4.633300
v 1.013300 1.397301 -4.687700
v 1.013300 1.397301 -4.774700
v 1.081400 1.397301 -4.829100
v 1.166300 1.397301 -4.809700
v 1.070200 1.397301 -4.748800
v 1.070200 1.397301 -4.713600
v 1.097600 1.397301 -4.691700
v 1.131900 1.397301 -4.699500
v 1.147200 1.397301 -4.731200
v 1.131900 1.397301 -4.762900
v 1.097600 1.397301 -4.770700
v 1.070200 1.199901 -4.748800
v 1.070200 1.199901 -4.713600
v 1.097600 1.199901 -4.691700
v 1.131900 1.199901 -4.699500
v 1.147200 1.199901 -4.731200
v 1.131900 1.199901 -4.762900
v 1.097600 1.199901 -4.770700
v 0.522700 1.196501 -4.731200
v 0.484900 1.196501 -4.652700
v 0.400000 1.196501 -4.633300
v 0.331900 1.196501 -4.687700
v 0.331900 1.196501 -4.774700
v 0.400000 1.196501 -4.829100
v 0.484900 1.196501 -4.809700
v 0.522700 1.397301 -4.731200
v 0.484900 1.397301 -4.652700
v 0.400000 1.397301 -4.633300
v 0.331900 1.397301 -4.687700
v 0.331900 1.397301 -4.774700
v 0.400000 1.397301 -4.829100
v 0.484900 1.397301 -4.809700
v 0.388800 1.397301 -4.748800
v 0.388800 1.397301 -4.713600
v 0.416200 1.397301 -4.691700
v 0.450500 1.397301 -4.699500
v 0.465800 1.397301 -4.731200
v 0.450500 1.397301 -4.762900
v 0.416200 1.397301 -4.770700
v 0.388800 1.199901 -4.748800
v 0.388800 1.199901 -4.713600
v 0.416200 1.199901 -4.691700
v 0.450500 1.199901 -4.699500
v 0.465800 1.199901 -4.731200
v 0.450500 1.199901 -4.762900
v 0.416200 1.199901 -4.770700
v -0.292600 1.196501 -4.731200
v -0.330400 1.196501 -4.652700
v -0.415300 1.196501 -4.633300
v -0.483400 1.196501 -4.687700
v -0.483400 1.196501 -4.774700
v -0.415300 1.196501 -4.829100
v -0.330400 1.196501 -4.809700
v -0.292600 1.397301 -4.731200
v -0.330400 1.397301 -4.652700
v -0.415300 1.397301 -4.633300
v -0.483400 1.397301 -4.687700
v -0.483400 1.397301 -4.774700
v -0.415300 1.397301 -4.829100
v -0.330400 1.397301 -4.809700
v -0.426500 1.397301 -4.748800
v -0.426500 1.397301 -4.713600
v -0.399100 1.397301 -4.691700
v -0.364800 1.397301 -4.699500
v -0.349500 1.397301 -4.731200
v -0.364800 1.397301 -4.762900
v -0.399100 1.397301 -4.770700
v -0.426500 1.199901 -4.748800
v -0.426500 1.199901 -4.713600
v -0.399100 1.199901 -4.691700
v -0.364800 1.199901 -4.699500
v -0.349500 1.199901 -4.731200
v -0.364800 1.199901 -4.762900
v -0.399100 1.199901 -4.770700
v -0.972600 1.196501 -4.731200
v -1.010400 1.196501 -4.652700
v -1.095300 1.196501 -4.633300
v -1.163400 1.196501 -4.687700
v -1.163400 1.196501 -4.774700
v -1.095300 1.196501 -4.829100
v -1.010400 1.196501 -4.809700
v -0.972600 1.397301 -4.731200
v -1.010400 1.397301 -4.652700
v -1.095300 1.397301 -4.633300
v -1.163400 1.397301 -4.687700
v -1.163400 1.397301 -4.774700
v -1.095300 1.397301 -4.829100
v -1.010400 1.397301 -4.809700
v -1.106500 1.397301 -4.748800
v -1.106500 1.397301 -4.713600
v -1.079100 1.397301 -4.691700
v -1.044800 1.397301 -4.699500
v -1.029500 1.397301 -4.731200
v -1.044800 1.397301 -4.762900
v -1.079100 1.397301 -4.770700
v -1.106500 1.199901 -4.748800
v -1.106500 1.199901 -4.713600
v -1.079100 1.199901 -4.691700
v -1.044800 1.199901 -4.699500
v -1.029500 1.199901 -4.731200
v -1.044800 1.199901 -4.762900
v -1.079100 1.199901 -4.770700
v -1.631900 1.196501 -4.731200
v -1.669700 1.196501 -4.652700
v -1.754600 1.196501 -4.633300
v -1.822700 1.196501 -4.687700
v -1.822700 1.196501 -4.774700
v -1.754600 1.196501 -4.829100
v -1.669700 1.196501 -4.809700
v -1.631900 1.397301 -4.731200
v -1.669700 1.397301 -4.652700
v -1.754600 1.397301 -4.633300
v -1.822700 1.397301 -4.687700
v -1.822700 1.397301 -4.774700
v -1.754600 1.397301 -4.829100
v -1.669700 1.397301 -4.809700
v -1.765800 1.397301 -4.748800
v -1.765800 1.397301 -4.713600
v -1.738400 1.397301 -4.691700
v -1.704100 1.397301 -4.699500
v -1.688800 1.397301 -4.731200
v -1.704100 1.397301 -4.762900
v -1.738400 1.397301 -4.770700
v -1.765800 1.199901 -4.748800
v -1.765800 1.199901 -4.713600
v -1.738400 1.199901 -4.691700
v -1.704100 1.199901 -4.699500
v -1.688800 1.199901 -4.731200
v -1.704100 1.199901 -4.762900
v -1.738400 1.199901 -4.770700
v -1.631900 0.264501 -4.731200
v -1.669700 0.264501 -4.652700
v -1.754600 0.264501 -4.633300
v -1.822700 0.264501 -4.687700
v -1.822700 0.264501 -4.774700
v -1.754600 0.264501 -4.829100
v -1.669700 0.264501 -4.809700
v -1.631900 0.465301 -4.731200
v -1.669700 0.465301 -4.652700
v -1.754600 0.465301 -4.633300
v -1.822700 0.465301 -4.687700
v -1.822700 0.465301 -4.774700
v -1.754600 0.465301 -4.829100
v -1.669700 0.465301 -4.809700
v -1.765800 0.465301 -4.748800
v -1.765800 0.465301 -4.713600
v -1.738400 0.465301 -4.691700
v -1.704100 0.465301 -4.699500
v -1.688800 0.465301 -4.731200
v -1.704100 0.465301 -4.762900
v -1.738400 0.465301 -4.770700
v -1.765800 0.267901 -4.748800
v -1.765800 0.267901 -4.713600
v -1.738400 0.267901 -4.691700
v -1.704100 0.267901 -4.699500
v -1.688800 0.267901 -4.731200
v -1.704100 0.267901 -4.762900
v -1.738400 0.267901 -4.770700
v -0.972700 0.264501 -4.731200
v -1.010500 0.264501 -4.652700
v -1.095400 0.264501 -4.633300
v -1.163500 0.264501 -4.687700
v -1.163500 0.264501 -4.774700
v -1.095400 0.264501 -4.829100
v -1.010500 0.264501 -4.809700
v -0.972700 0.465301 -4.731200
v -1.010500 0.465301 -4.652700
v -1.095400 0.465301 -4.633300
v -1.163500 0.465301 -4.687700
v -1.163500 0.465301 -4.774700
v -1.095400 0.465301 -4.829100
v -1.010500 0.465301 -4.809700
v -1.106600 0.465301 -4.748800
v -1.106600 0.465301 -4.713600
v -1.079200 0.465301 -4.691700
v -1.044900 0.465301 -4.699500
v -1.029600 0.465301 -4.731200
v -1.044900 0.465301 -4.762900
v -1.079200 0.465301 -4.770700
v -1.106600 0.267901 -4.748800
v -1.106600 0.267901 -4.713600
v -1.079200 0.267901 -4.691700
v -1.044900 0.267901 -4.699500
v -1.029600 0.267901 -4.731200
v -1.044900 0.267901 -4.762900
v -1.079200 0.267901 -4.770700
v -0.294200 0.264501 -4.731200
v -0.332000 0.264501 -4.652700
v -0.416900 0.264501 -4.633300
v -0.485000 0.264501 -4.687700
v -0.485000 0.264501 -4.774700
v -0.416900 0.264501 -4.829100
v -0.332000 0.264501 -4.809700
v -0.294200 0.465301 -4.731200
v -0.332000 0.465301 -4.652700
v -0.416900 0.465301 -4.633300
v -0.485000 0.465301 -4.687700
v -0.485000 0.465301 -4.774700
v -0.416900 0.465301 -4.829100
v -0.332000 0.465301 -4.809700
v -0.428100 0.465301 -4.748800
v -0.428100 0.465301 -4.713600
v -0.400700 0.465301 -4.691700
v -0.366400 0.465301 -4.699500
v -0.351100 0.465301 -4.731200
v -0.366400 0.465301 -4.762900
v -0.400700 0.465301 -4.770700
v -0.428100 0.267901 -4.748800
v -0.428100 0.267901 -4.713600
v -0.400700 0.267901 -4.691700
v -0.366400 0.267901 -4.699500
v -0.351100 0.267901 -4.731200
v -0.366400 0.267901 -4.762900
v -0.400700 0.267901 -4.770700
v 0.524500 0.264501 -4.731200
v 0.486700 0.264501 -4.652700
v 0.401800 0.264501 -4.633300
v 0.333700 0.264501 -4.687700
v 0.333700 0.264501 -4.774700
v 0.401800 0.264501 -4.829100
v 0.486700 0.264501 -4.809700
v 0.524500 0.465301 -4.731200
v 0.486700 0.465301 -4.652700
v 0.401800 0.465301 -4.633300
v 0.333700 0.465301 -4.687700
v 0.333700 0.465301 -4.774700
v 0.401800 0.465301 -4.829100
v 0.486700 0.465301 -4.809700
v 0.390600 0.465301 -4.748800
v 0.390600 0.465301 -4.713600
v 0.418000 0.465301 -4.691700
v 0.452300 0.465301 -4.699500
v 0.467600 0.465301 -4.731200
v 0.452300 0.465301 -4.762900
v 0.418000 0.465301 -4.770700
v 0.390600 0.267901 -4.748800
v 0.390600 0.267901 -4.713600
v 0.418000 0.267901 -4.691700
v 0.452300 0.267901 -4.699500
v 0.467600 0.267901 -4.731200
v 0.452300 0.267901 -4.762900
v 0.418000 0.267901 -4.770700
v 1.203200 0.264501 -4.731200
v 1.165400 0.264501 -4.652700
v 1.080500 0.264501 -4.633300
v 1.012400 0.264501 -4.687700
v 1.012400 0.264501 -4.774700
v 1.080500 0.264501 -4.829100
v 1.165400 0.264501 -4.809700
v 1.203200 0.465301 -4.731200
v 1.165400 0.465301 -4.652700
v 1.080500 0.465301 -4.633300
v 1.012400 0.465301 -4.687700
v 1.012400 0.465301 -4.774700
v 1.080500 0.465301 -4.829100
v 1.165400 0.465301 -4.809700
v 1.069300 0.465301 -4.748800
v 1.069300 0.465301 -4.713600
v 1.096700 0.465301 -4.691700
v 1.131000 0.465301 -4.699500
v 1.146300 0.465301 -4.731200
v 1.131000 0.465301 -4.762900
v 1.096700 0.465301 -4.770700
v 1.069300 0.267901 -4.748800
v 1.069300 0.267901 -4.713600
v 1.096700 0.267901 -4.691700
v 1.131000 0.267901 -4.699500
v 1.146300 0.267901 -4.731200
v 1.131000 0.267901 -4.762900
v 1.096700 0.267901 -4.770700
v 1.827500 0.264501 -4.731200
v 1.789700 0.264501 -4.652700
v 1.704800 0.264501 -4.633300
v 1.636700 0.264501 -4.687700
v 1.636700 0.264501 -4.774700
v 1.704800 0.264501 -4.829100
v 1.789700 0.264501 -4.809700
v 1.827500 0.465301 -4.731200
v 1.789700 0.465301 -4.652700
v 1.704800 0.465301 -4.633300
v 1.636700 0.465301 -4.687700
v 1.636700 0.465301 -4.774700
v 1.704800 0.465301 -4.829100
v 1.789700 0.465301 -4.809700
v 1.693600 0.465301 -4.748800
v 1.693600 0.465301 -4.713600
v 1.721000 0.465301 -4.691700
v 1.755300 0.465301 -4.699500
v 1.770600 0.465301 -4.731200
v 1.755300 0.465301 -4.762900
v 1.721000 0.465301 -4.770700
v 1.693600 0.267901 -4.748800
v 1.693600 0.267901 -4.713600
v 1.721000 0.267901 -4.691700
v 1.755300 0.267901 -4.699500
v 1.770600 0.267901 -4.731200
v 1.755300 0.267901 -4.762900
v 1.721000 0.267901 -4.770700
v 1.863400 2.096801 -3.580600
v 1.825600 2.096801 -3.502100
v 1.740700 2.096801 -3.482700
v 1.672600 2.096801 -3.537100
v 1.672600 2.096801 -3.624100
v 1.740700 2.096801 -3.678500
v 1.825600 2.096801 -3.659100
v 1.863400 2.297601 -3.580600
v 1.825600 2.297601 -3.502100
v 1.740700 2.297601 -3.482700
v 1.672600 2.297601 -3.537100
v 1.672600 2.297601 -3.624099
v 1.740700 2.297601 -3.678499
v 1.825600 2.297601 -3.659100
v 1.729500 2.297601 -3.598200
v 1.729500 2.297601 -3.562999
v 1.756900 2.297601 -3.541100
v 1.791200 2.297601 -3.548899
v 1.806500 2.297601 -3.580600
v 1.791200 2.297601 -3.612299
v 1.756900 2.297601 -3.620100
v 1.729500 2.100200 -3.598200
v 1.729500 2.100200 -3.563000
v 1.756900 2.100200 -3.541100
v 1.791200 2.100200 -3.548900
v 1.806500 2.100200 -3.580600
v 1.791200 2.100200 -3.612300
v 1.756900 2.100200 -3.620100
v 1.183700 2.096801 -3.580600
v 1.145900 2.096801 -3.502100
v 1.060900 2.096801 -3.482700
v 0.992900 2.096801 -3.537100
v 0.992900 2.096801 -3.624100
v 1.060900 2.096801 -3.678500
v 1.145900 2.096801 -3.659100
v 1.183700 2.297601 -3.580600
v 1.145900 2.297601 -3.502100
v 1.060900 2.297601 -3.482700
v 0.992900 2.297601 -3.537100
v 0.992900 2.297601 -3.624099
v 1.060900 2.297601 -3.678499
v 1.145900 2.297601 -3.659100
v 1.049800 2.297601 -3.598200
v 1.049800 2.297601 -3.562999
v 1.077200 2.297601 -3.541100
v 1.111500 2.297601 -3.548899
v 1.126800 2.297601 -3.580600
v 1.111500 2.297601 -3.612299
v 1.077200 2.297601 -3.620100
v 1.049800 2.100200 -3.598200
v 1.049800 2.100200 -3.563000
v 1.077200 2.100200 -3.541100
v 1.111500 2.100200 -3.548900
v 1.126800 2.100200 -3.580600
v 1.111500 2.100200 -3.612300
v 1.077200 2.100200 -3.620100
v 0.504200 2.096801 -3.580600
v 0.466400 2.096801 -3.502100
v 0.381400 2.096801 -3.482700
v 0.313400 2.096801 -3.537100
v 0.313400 2.096801 -3.624100
v 0.381400 2.096801 -3.678500
v 0.466400 2.096801 -3.659100
v 0.504200 2.297601 -3.580600
v 0.466400 2.297601 -3.502100
v 0.381400 2.297601 -3.482700
v 0.313400 2.297601 -3.537100
v 0.313400 2.297601 -3.624099
v 0.381400 2.297601 -3.678499
v 0.466400 2.297601 -3.659100
v 0.370300 2.297601 -3.598200
v 0.370300 2.297601 -3.562999
v 0.397700 2.297601 -3.541100
v 0.432000 2.297601 -3.548899
v 0.447300 2.297601 -3.580600
v 0.432000 2.297601 -3.612299
v 0.397700 2.297601 -3.620100
v 0.370300 2.100200 -3.598200
v 0.370300 2.100200 -3.563000
v 0.397700 2.100200 -3.541100
v 0.432000 2.100200 -3.548900
v 0.447300 2.100200 -3.580600
v 0.432000 2.100200 -3.612300
v 0.397700 2.100200 -3.620100
v -0.272500 2.096801 -3.580600
v -0.310300 2.096801 -3.502100
v -0.395300 2.096801 -3.482700
v -0.463300 2.096801 -3.537100
v -0.463300 2.096801 -3.624100
v -0.395300 2.096801 -3.678500
v -0.310300 2.096801 -3.659100
v -0.272500 2.297601 -3.580600
v -0.310300 2.297601 -3.502100
v -0.395300 2.297601 -3.482700
v -0.463300 2.297601 -3.537100
v -0.463300 2.297601 -3.624099
v -0.395300 2.297601 -3.678499
v -0.310300 2.297601 -3.659100
v -0.406400 2.297601 -3.598200
v -0.406400 2.297601 -3.562999
v -0.379000 2.297601 -3.541100
v -0.344700 2.297601 -3.548899
v -0.329400 2.297601 -3.580600
v -0.344700 2.297601 -3.612299
v -0.379000 2.297601 -3.620100
v -0.406400 2.100200 -3.598200
v -0.406400 2.100200 -3.563000
v -0.379000 2.100200 -3.541100
v -0.344700 2.100200 -3.548900
v -0.329400 2.100200 -3.580600
v -0.344700 2.100200 -3.612300
v -0.379000 2.100200 -3.620100
v -0.951600 2.096801 -3.580600
v -0.989400 2.096801 -3.502100
v -1.074400 2.096801 -3.482700
v -1.142400 2.096801 -3.537100
v -1.142400 2.096801 -3.624100
v -1.074400 2.096801 -3.678500
v -0.989400 2.096801 -3.659100
v -0.951600 2.297601 -3.580600
v -0.989400 2.297601 -3.502100
v -1.074400 2.297601 -3.482700
v -1.142400 2.297601 -3.537100
v -1.142400 2.297601 -3.624099
v -1.074400 2.297601 -3.678499
v -0.989400 2.297601 -3.659100
v -1.085500 2.297601 -3.598200
v -1.085500 2.297601 -3.562999
v -1.058100 2.297601 -3.541100
v -1.023800 2.297601 -3.548899
v -1.008500 2.297601 -3.580600
v -1.023800 2.297601 -3.612299
v -1.058100 2.297601 -3.620100
v -1.085500 2.100200 -3.598200
v -1.085500 2.100200 -3.563000
v -1.058100 2.100200 -3.541100
v -1.023800 2.100200 -3.548900
v -1.008500 2.100200 -3.580600
v -1.023800 2.100200 -3.612300
v -1.058100 2.100200 -3.620100
v -1.633200 2.096801 -3.580600
v -1.671000 2.096801 -3.502100
v -1.756000 2.096801 -3.482700
v -1.824000 2.096801 -3.537100
v -1.824000 2.096801 -3.624100
v -1.756000 2.096801 -3.678500
v -1.671000 2.096801 -3.659100
v -1.633200 2.297601 -3.580600
v -1.671000 2.297601 -3.502100
v -1.756000 2.297601 -3.482700
v -1.824000 2.297601 -3.537100
v -1.824000 2.297601 -3.624099
v -1.756000 2.297601 -3.678499
v -1.671000 2.297601 -3.659100
v -1.767100 2.297601 -3.598200
v -1.767100 2.297601 -3.562999
v -1.739700 2.297601 -3.541100
v -1.705400 2.297601 -3.548899
v -1.690100 2.297601 -3.580600
v -1.705400 2.297601 -3.612299
v -1.739700 2.297601 -3.620100
v -1.767100 2.100200 -3.598200
v -1.767100 2.100200 -3.563000
v -1.739700 2.100200 -3.541100
v -1.705400 2.100200 -3.548900
v -1.690100 2.100200 -3.580600
v -1.705400 2.100200 -3.612300
v -1.739700 2.100200 -3.620100
v 1.826900 1.196501 -3.580600
v 1.789100 1.196501 -3.502100
v 1.704200 1.196501 -3.482700
v 1.636100 1.196501 -3.537100
v 1.636100 1.196501 -3.624100
v 1.704200 1.196501 -3.678500
v 1.789100 1.196501 -3.659100
v 1.826900 1.397301 -3.580600
v 1.789100 1.397301 -3.502100
v 1.704200 1.397301 -3.482700
v 1.636100 1.397301 -3.537100
v 1.636100 1.397301 -3.624100
v 1.704200 1.397301 -3.678500
v 1.789100 1.397301 -3.659100
v 1.693000 1.397301 -3.598200
v 1.693000 1.397301 -3.563000
v 1.720400 1.397301 -3.541100
v 1.754700 1.397301 -3.548900
v 1.770000 1.397301 -3.580600
v 1.754700 1.397301 -3.612300
v 1.720400 1.397301 -3.620100
v 1.693000 1.199901 -3.598200
v 1.693000 1.199901 -3.563000
v 1.720400 1.199901 -3.541100
v 1.754700 1.199901 -3.548900
v 1.770000 1.199901 -3.580600
v 1.754700 1.199901 -3.612300
v 1.720400 1.199901 -3.620100
v 1.204100 1.196501 -3.580600
v 1.166300 1.196501 -3.502100
v 1.081400 1.196501 -3.482700
v 1.013300 1.196501 -3.537100
v 1.013300 1.196501 -3.624100
v 1.081400 1.196501 -3.678500
v 1.166300 1.196501 -3.659100
v 1.204100 1.397301 -3.580600
v 1.166300 1.397301 -3.502100
v 1.081400 1.397301 -3.482700
v 1.013300 1.397301 -3.537100
v 1.013300 1.397301 -3.624100
v 1.081400 1.397301 -3.678500
v 1.166300 1.397301 -3.659100
v 1.070200 1.397301 -3.598200
v 1.070200 1.397301 -3.563000
v 1.097600 1.397301 -3.541100
v 1.131900 1.397301 -3.548900
v 1.147200 1.397301 -3.580600
v 1.131900 1.397301 -3.612300
v 1.097600 1.397301 -3.620100
v 1.070200 1.199901 -3.598200
v 1.070200 1.199901 -3.563000
v 1.097600 1.199901 -3.541100
v 1.131900 1.199901 -3.548900
v 1.147200 1.199901 -3.580600
v 1.131900 1.199901 -3.612300
v 1.097600 1.199901 -3.620100
v 0.522700 1.196501 -3.580600
v 0.484900 1.196501 -3.502100
v 0.400000 1.196501 -3.482700
v 0.331900 1.196501 -3.537100
v 0.331900 1.196501 -3.624100
v 0.400000 1.196501 -3.678500
v 0.484900 1.196501 -3.659100
v 0.522700 1.397301 -3.580600
v 0.484900 1.397301 -3.502100
v 0.400000 1.397301 -3.482700
v 0.331900 1.397301 -3.537100
v 0.331900 1.397301 -3.624100
v 0.400000 1.397301 -3.678500
v 0.484900 1.397301 -3.659100
v 0.388800 1.397301 -3.598200
v 0.388800 1.397301 -3.563000
v 0.416200 1.397301 -3.541100
v 0.450500 1.397301 -3.548900
v 0.465800 1.397301 -3.580600
v 0.450500 1.397301 -3.612300
v 0.416200 1.397301 -3.620100
v 0.388800 1.199901 -3.598200
v 0.388800 1.199901 -3.563000
v 0.416200 1.199901 -3.541100
v 0.450500 1.199901 -3.548900
v 0.465800 1.199901 -3.580600
v 0.450500 1.199901 -3.612300
v 0.416200 1.199901 -3.620100
v -0.292600 1.196501 -3.580600
v -0.330400 1.196501 -3.502100
v -0.415300 1.196501 -3.482700
v -0.483400 1.196501 -3.537100
v -0.483400 1.196501 -3.624100
v -0.415300 1.196501 -3.678500
v -0.330400 1.196501 -3.659100
v -0.292600 1.397301 -3.580600
v -0.330400 1.397301 -3.502100
v -0.415300 1.397301 -3.482700
v -0.483400 1.397301 -3.537100
v -0.483400 1.397301 -3.624100
v -0.415300 1.397301 -3.678500
v -0.330400 1.397301 -3.659100
v -0.426500 1.397301 -3.598200
v -0.426500 1.397301 -3.563000
v -0.399100 1.397301 -3.541100
v -0.364800 1.397301 -3.548900
v -0.349500 1.397301 -3.580600
v -0.364800 1.397301 -3.612300
v -0.399100 1.397301 -3.620100
v -0.426500 1.199901 -3.598200
v -0.426500 1.199901 -3.563000
v -0.399100 1.199901 -3.541100
v -0.364800 1.199901 -3.548900
v -0.349500 1.199901 -3.580600
v -0.364800 1.199901 -3.612300
v -0.399100 1.199901 -3.620100
v -0.972600 1.196501 -3.580600
v -1.010400 1.196501 -3.502100
v -1.095300 1.196501 -3.482700
v -1.163400 1.196501 -3.537100
v -1.163400 1.196501 -3.624100
v -1.095300 1.196501 -3.678500
v -1.010400 1.196501 -3.659100
v -0.972600 1.397301 -3.580600
v -1.010400 1.397301 -3.502100
v -1.095300 1.397301 -3.482700
v -1.163400 1.397301 -3.537100
v -1.163400 1.397301 -3.624100
v -1.095300 1.397301 -3.678500
v -1.010400 1.397301 -3.659100
v -1.106500 1.397301 -3.598200
v -1.106500 1.397301 -3.563000
v -1.079100 1.397301 -3.541100
v -1.044800 1.397301 -3.548900
v -1.029500 1.397301 -3.580600
v -1.044800 1.397301 -3.612300
v -1.079100 1.397301 -3.620100
v -1.106500 1.199901 -3.598200
v -1.106500 1.199901 -3.563000
v -1.079100 1.199901 -3.541100
v -1.044800 1.199901 -3.548900
v -1.029500 1.199901 -3.580600
v -1.044800 1.199901 -3.612300
v -1.079100 1.199901 -3.620100
v -1.631900 1.196501 -3.580600
v -1.669700 1.196501 -3.502100
v -1.754600 1.196501 -3.482700
v -1.822700 1.196501 -3.537100
v -1.822700 1.196501 -3.624100
v -1.754600 1.196501 -3.678500
v -1.669700 1.196501 -3.659100
v -1.631900 1.397301 -3.580600
v -1.669700 1.397301 -3.502100
v -1.754600 1.397301 -3.482700
v -1.822700 1.397301 -3.537100
v -1.822700 1.397301 -3.624100
v -1.754600 1.397301 -3.678500
v -1.669700 1.397301 -3.659100
v -1.765800 1.397301 -3.598200
v -1.765800 1.397301 -3.563000
v -1.738400 1.397301 -3.541100
v -1.704100 1.397301 -3.548900
v -1.688800 1.397301 -3.580600
v -1.704100 1.397301 -3.612300
v -1.738400 1.397301 -3.620100
v -1.765800 1.199901 -3.598200
v -1.765800 1.199901 -3.563000
v -1.738400 1.199901 -3.541100
v -1.704100 1.199901 -3.548900
v -1.688800 1.199901 -3.580600
v -1.704100 1.199901 -3.612300
v -1.738400 1.199901 -3.620100
v 1.827500 0.264501 -3.580600
v 1.789700 0.264501 -3.502100
v 1.704800 0.264501 -3.482700
v 1.636700 0.264501 -3.537100
v 1.636700 0.264501 -3.624100
v 1.704800 0.264501 -3.678500
v 1.789700 0.264501 -3.659100
v 1.827500 0.465301 -3.580600
v 1.789700 0.465301 -3.502100
v 1.704800 0.465301 -3.482700
v 1.636700 0.465301 -3.537100
v 1.636700 0.465301 -3.624100
v 1.704800 0.465301 -3.678500
v 1.789700 0.465301 -3.659100
v 1.693600 0.465301 -3.598200
v 1.693600 0.465301 -3.563000
v 1.721000 0.465301 -3.541100
v 1.755300 0.465301 -3.548900
v 1.770600 0.465301 -3.580600
v 1.755300 0.465301 -3.612300
v 1.721000 0.465301 -3.620100
v 1.693600 0.267901 -3.598200
v 1.693600 0.267901 -3.563000
v 1.721000 0.267901 -3.541100
v 1.755300 0.267901 -3.548900
v 1.770600 0.267901 -3.580600
v 1.755300 0.267901 -3.612300
v 1.721000 0.267901 -3.620100
v 1.203200 0.264501 -3.580600
v 1.165400 0.264501 -3.502100
v 1.080500 0.264501 -3.482700
v 1.012400 0.264501 -3.537100
v 1.012400 0.264501 -3.624100
v 1.080500 0.264501 -3.678500
v 1.165400 0.264501 -3.659100
v 1.203200 0.465301 -3.580600
v 1.165400 0.465301 -3.502100
v 1.080500 0.465301 -3.482700
v 1.012400 0.465301 -3.537100
v 1.012400 0.465301 -3.624100
v 1.080500 0.465301 -3.678500
v 1.165400 0.465301 -3.659100
v 1.069300 0.465301 -3.598200
v 1.069300 0.465301 -3.563000
v 1.096700 0.465301 -3.541100
v 1.131000 0.465301 -3.548900
v 1.146300 0.465301 -3.580600
v 1.131000 0.465301 -3.612300
v 1.096700 0.465301 -3.620100
v 1.069300 0.267901 -3.598200
v 1.069300 0.267901 -3.563000
v 1.096700 0.267901 -3.541100
v 1.131000 0.267901 -3.548900
v 1.146300 0.267901 -3.580600
v 1.131000 0.267901 -3.612300
v 1.096700 0.267901 -3.620100
v 0.524500 0.264501 -3.580600
v 0.486700 0.264501 -3.502100
v 0.401800 0.264501 -3.482700
v 0.333700 0.264501 -3.537100
v 0.333700 0.264501 -3.624100
v 0.401800 0.264501 -3.678500
v 0.486700 0.264501 -3.659100
v 0.524500 0.465301 -3.580600
v 0.486700 0.465301 -3.502100
v 0.401800 0.465301 -3.482700
v 0.333700 0.465301 -3.537100
v 0.333700 0.465301 -3.624100
v 0.401800 0.465301 -3.678500
v 0.486700 0.465301 -3.659100
v 0.390600 0.465301 -3.598200
v 0.390600 0.465301 -3.563000
v 0.418000 0.465301 -3.541100
v 0.452300 0.465301 -3.548900
v 0.467600 0.465301 -3.580600
v 0.452300 0.465301 -3.612300
v 0.418000 0.465301 -3.620100
v 0.390600 0.267901 -3.598200
v 0.390600 0.267901 -3.563000
v 0.418000 0.267901 -3.541100
v 0.452300 0.267901 -3.548900
v 0.467600 0.267901 -3.580600
v 0.452300 0.267901 -3.612300
v 0.418000 0.267901 -3.620100
v -0.294200 0.264501 -3.580600
v -0.332000 0.264501 -3.502100
v -0.416900 0.264501 -3.482700
v -0.485000 0.264501 -3.537100
v -0.485000 0.264501 -3.624100
v -0.416900 0.264501 -3.678500
v -0.332000 0.264501 -3.659100
v -0.294200 0.465301 -3.580600
v -0.332000 0.465301 -3.502100
v -0.416900 0.465301 -3.482700
v -0.485000 0.465301 -3.537100
v -0.485000 0.465301 -3.624100
v -0.416900 0.465301 -3.678500
v -0.332000 0.465301 -3.659100
v -0.428100 0.465301 -3.598200
v -0.428100 0.465301 -3.563000
v -0.400700 0.465301 -3.541100
v -0.366400 0.465301 -3.548900
v -0.351100 0.465301 -3.580600
v -0.366400 0.465301 -3.612300
v -0.400700 0.465301 -3.620100
v -0.428100 0.267901 -3.598200
v -0.428100 0.267901 -3.563000
v -0.400700 0.267901 -3.541100
v -0.366400 0.267901 -3.548900
v -0.351100 0.267901 -3.580600
v -0.366400 0.267901 -3.612300
v -0.400700 0.267901 -3.620100
v -0.972700 0.264501 -3.580600
v -1.010500 0.264501 -3.502100
v -1.095400 0.264501 -3.482700
v -1.163500 0.264501 -3.537100
v -1.163500 0.264501 -3.624100
v -1.095400 0.264501 -3.678500
v -1.010500 0.264501 -3.659100
v -0.972700 0.465301 -3.580600
v -1.010500 0.465301 -3.502100
v -1.095400 0.465301 -3.482700
v -1.163500 0.465301 -3.537100
v -1.163500 0.465301 -3.624100
v -1.095400 0.465301 -3.678500
v -1.010500 0.465301 -3.659100
v -1.106600 0.465301 -3.598200
v -1.106600 0.465301 -3.563000
v -1.079200 0.465301 -3.541100
v -1.044900 0.465301 -3.548900
v -1.029600 0.465301 -3.580600
v -1.044900 0.465301 -3.612300
v -1.079200 0.465301 -3.620100
v -1.106600 0.267901 -3.598200
v -1.106600 0.267901 -3.563000
v -1.079200 0.267901 -3.541100
v -1.044900 0.267901 -3.548900
v -1.029600 0.267901 -3.580600
v -1.044900 0.267901 -3.612300
v -1.079200 0.267901 -3.620100
v -1.631900 0.264501 -3.580600
v -1.669700 0.264501 -3.502100
v -1.754600 0.264501 -3.482700
v -1.822700 0.264501 -3.537100
v -1.822700 0.264501 -3.624100
v -1.754600 0.264501 -3.678500
v -1.669700 0.264501 -3.659100
v -1.631900 0.465301 -3.580600
v -1.669700 0.465301 -3.502100
v -1.754600 0.465301 -3.482700
v -1.822700 0.465301 -3.537100
v -1.822700 0.465301 -3.624100
v -1.754600 0.465301 -3.678500
v -1.669700 0.465301 -3.659100
v -1.765800 0.465301 -3.598200
v -1.765800 0.465301 -3.563000
v -1.738400 0.465301 -3.541100
v -1.704100 0.465301 -3.548900
v -1.688800 0.465301 -3.580600
v -1.704100 0.465301 -3.612300
v -1.738400 0.465301 -3.620100
v -1.765800 0.267901 -3.598200
v -1.765800 0.267901 -3.563000
v -1.738400 0.267901 -3.541100
v -1.704100 0.267901 -3.548900
v -1.688800 0.267901 -3.580600
v -1.704100 0.267901 -3.612300
v -1.738400 0.267901 -3.620100
v 1.863400 2.096801 -4.126699
v 1.825600 2.096801 -4.048200
v 1.740700 2.096801 -4.028800
v 1.672600 2.096801 -4.083099
v 1.672600 2.096801 -4.170199
v 1.740700 2.096801 -4.224500
v 1.825600 2.096801 -4.205200
v 1.863400 2.297601 -4.126699
v 1.825600 2.297601 -4.048200
v 1.740700 2.297601 -4.028800
v 1.672600 2.297601 -4.083099
v 1.672600 2.297601 -4.170199
v 1.740700 2.297601 -4.224500
v 1.825600 2.297601 -4.205200
v 1.729500 2.297601 -4.144300
v 1.729500 2.297601 -4.109099
v 1.756900 2.297601 -4.087200
v 1.791200 2.297601 -4.094999
v 1.806500 2.297601 -4.126699
v 1.791200 2.297601 -4.158400
v 1.756900 2.297601 -4.166200
v 1.729500 2.100201 -4.144300
v 1.729500 2.100201 -4.109099
v 1.756900 2.100201 -4.087200
v 1.791200 2.100201 -4.094999
v 1.806500 2.100201 -4.126699
v 1.791200 2.100201 -4.158400
v 1.756900 2.100201 -4.166200
v 1.183700 2.096801 -4.126699
v 1.145900 2.096801 -4.048200
v 1.060900 2.096801 -4.028800
v 0.992900 2.096801 -4.083099
v 0.992900 2.096801 -4.170199
v 1.060900 2.096801 -4.224500
v 1.145900 2.096801 -4.205200
v 1.183700 2.297601 -4.126699
v 1.145900 2.297601 -4.048200
v 1.060900 2.297601 -4.028800
v 0.992900 2.297601 -4.083099
v 0.992900 2.297601 -4.170199
v 1.060900 2.297601 -4.224500
v 1.145900 2.297601 -4.205200
v 1.049800 2.297601 -4.144300
v 1.049800 2.297601 -4.109099
v 1.077200 2.297601 -4.087200
v 1.111500 2.297601 -4.094999
v 1.126800 2.297601 -4.126699
v 1.111500 2.297601 -4.158400
v 1.077200 2.297601 -4.166200
v 1.049800 2.100201 -4.144300
v 1.049800 2.100201 -4.109099
v 1.077200 2.100201 -4.087200
v 1.111500 2.100201 -4.094999
v 1.126800 2.100201 -4.126699
v 1.111500 2.100201 -4.158400
v 1.077200 2.100201 -4.166200
v 0.504200 2.096801 -4.126699
v 0.466400 2.096801 -4.048200
v 0.381400 2.096801 -4.028800
v 0.313400 2.096801 -4.083099
v 0.313400 2.096801 -4.170199
v 0.381400 2.096801 -4.224500
v 0.466400 2.096801 -4.205200
v 0.504200 2.297601 -4.126699
v 0.466400 2.297601 -4.048200
v 0.381400 2.297601 -4.028800
v 0.313400 2.297601 -4.083099
v 0.313400 2.297601 -4.170199
v 0.381400 2.297601 -4.224500
v 0.466400 2.297601 -4.205200
v 0.370300 2.297601 -4.144300
v 0.370300 2.297601 -4.109099
v 0.397700 2.297601 -4.087200
v 0.432000 2.297601 -4.094999
v 0.447300 2.297601 -4.126699
v 0.432000 2.297601 -4.158400
v 0.397700 2.297601 -4.166200
v 0.370300 2.100201 -4.144300
v 0.370300 2.100201 -4.109099
v 0.397700 2.100201 -4.087200
v 0.432000 2.100201 -4.094999
v 0.447300 2.100201 -4.126699
v 0.432000 2.100201 -4.158400
v 0.397700 2.100201 -4.166200
v -0.272500 2.096801 -4.126699
v -0.310300 2.096801 -4.048200
v -0.395300 2.096801 -4.028800
v -0.463300 2.096801 -4.083099
v -0.463300 2.096801 -4.170199
v -0.395300 2.096801 -4.224500
v -0.310300 2.096801 -4.205200
v -0.272500 2.297601 -4.126699
v -0.310300 2.297601 -4.048200
v -0.395300 2.297601 -4.028800
v -0.463300 2.297601 -4.083099
v -0.463300 2.297601 -4.170199
v -0.395300 2.297601 -4.224500
v -0.310300 2.297601 -4.205200
v -0.406400 2.297601 -4.144300
v -0.406400 2.297601 -4.109099
v -0.379000 2.297601 -4.087200
v -0.344700 2.297601 -4.094999
v -0.329400 2.297601 -4.126699
v -0.344700 2.297601 -4.158400
v -0.379000 2.297601 -4.166200
v -0.406400 2.100201 -4.144300
v -0.406400 2.100201 -4.109099
v -0.379000 2.100201 -4.087200
v -0.344700 2.100201 -4.094999
v -0.329400 2.100201 -4.126699
v -0.344700 2.100201 -4.158400
v -0.379000 2.100201 -4.166200
v -0.951600 2.096801 -4.126699
v -0.989400 2.096801 -4.048200
v -1.074400 2.096801 -4.028800
v -1.142400 2.096801 -4.083099
v -1.142400 2.096801 -4.170199
v -1.074400 2.096801 -4.224500
v -0.989400 2.096801 -4.205200
v -0.951600 2.297601 -4.126699
v -0.989400 2.297601 -4.048200
v -1.074400 2.297601 -4.028800
v -1.142400 2.297601 -4.083099
v -1.142400 2.297601 -4.170199
v -1.074400 2.297601 -4.224500
v -0.989400 2.297601 -4.205200
v -1.085500 2.297601 -4.144300
v -1.085500 2.297601 -4.109099
v -1.058100 2.297601 -4.087200
v -1.023800 2.297601 -4.094999
v -1.008500 2.297601 -4.126699
v -1.023800 2.297601 -4.158400
v -1.058100 2.297601 -4.166200
v -1.085500 2.100201 -4.144300
v -1.085500 2.100201 -4.109099
v -1.058100 2.100201 -4.087200
v -1.023800 2.100201 -4.094999
v -1.008500 2.100201 -4.126699
v -1.023800 2.100201 -4.158400
v -1.058100 2.100201 -4.166200
v -1.633200 2.096801 -4.126699
v -1.671000 2.096801 -4.048200
v -1.756000 2.096801 -4.028800
v -1.824000 2.096801 -4.083099
v -1.824000 2.096801 -4.170199
v -1.756000 2.096801 -4.224500
v -1.671000 2.096801 -4.205200
v -1.633200 2.297601 -4.126699
v -1.671000 2.297601 -4.048200
v -1.756000 2.297601 -4.028800
v -1.824000 2.297601 -4.083099
v -1.824000 2.297601 -4.170199
v -1.756000 2.297601 -4.224500
v -1.671000 2.297601 -4.205200
v -1.767100 2.297601 -4.144300
v -1.767100 2.297601 -4.109099
v -1.739700 2.297601 -4.087200
v -1.705400 2.297601 -4.094999
v -1.690100 2.297601 -4.126699
v -1.705400 2.297601 -4.158400
v -1.739700 2.297601 -4.166200
v -1.767100 2.100201 -4.144300
v -1.767100 2.100201 -4.109099
v -1.739700 2.100201 -4.087200
v -1.705400 2.100201 -4.094999
v -1.690100 2.100201 -4.126699
v -1.705400 2.100201 -4.158400
v -1.739700 2.100201 -4.166200
v 1.826900 1.196501 -4.126700
v 1.789100 1.196501 -4.048200
v 1.704200 1.196501 -4.028800
v 1.636100 1.196501 -4.083100
v 1.636100 1.196501 -4.170200
v 1.704200 1.196501 -4.224500
v 1.789100 1.196501 -4.205200
v 1.826900 1.397301 -4.126700
v 1.789100 1.397301 -4.048200
v 1.704200 1.397301 -4.028800
v 1.636100 1.397301 -4.083100
v 1.636100 1.397301 -4.170200
v 1.704200 1.397301 -4.224500
v 1.789100 1.397301 -4.205200
v 1.693000 1.397301 -4.144300
v 1.693000 1.397301 -4.109100
v 1.720400 1.397301 -4.087200
v 1.754700 1.397301 -4.095000
v 1.770000 1.397301 -4.126700
v 1.754700 1.397301 -4.158400
v 1.720400 1.397301 -4.166200
v 1.693000 1.199901 -4.144300
v 1.693000 1.199901 -4.109100
v 1.720400 1.199901 -4.087200
v 1.754700 1.199901 -4.095000
v 1.770000 1.199901 -4.126700
v 1.754700 1.199901 -4.158400
v 1.720400 1.199901 -4.166200
v 1.204100 1.196501 -4.126700
v 1.166300 1.196501 -4.048200
v 1.081400 1.196501 -4.028800
v 1.013300 1.196501 -4.083100
v 1.013300 1.196501 -4.170200
v 1.081400 1.196501 -4.224500
v 1.166300 1.196501 -4.205200
v 1.204100 1.397301 -4.126700
v 1.166300 1.397301 -4.048200
v 1.081400 1.397301 -4.028800
v 1.013300 1.397301 -4.083100
v 1.013300 1.397301 -4.170200
v 1.081400 1.397301 -4.224500
v 1.166300 1.397301 -4.205200
v 1.070200 1.397301 -4.144300
v 1.070200 1.397301 -4.109100
v 1.097600 1.397301 -4.087200
v 1.131900 1.397301 -4.095000
v 1.147200 1.397301 -4.126700
v 1.131900 1.397301 -4.158400
v 1.097600 1.397301 -4.166200
v 1.070200 1.199901 -4.144300
v 1.070200 1.199901 -4.109100
v 1.097600 1.199901 -4.087200
v 1.131900 1.199901 -4.095000
v 1.147200 1.199901 -4.126700
v 1.131900 1.199901 -4.158400
v 1.097600 1.199901 -4.166200
v 0.522700 1.196501 -4.126700
v 0.484900 1.196501 -4.048200
v 0.400000 1.196501 -4.028800
v 0.331900 1.196501 -4.083100
v 0.331900 1.196501 -4.170200
v 0.400000 1.196501 -4.224500
v 0.484900 1.196501 -4.205200
v 0.522700 1.397301 -4.126700
v 0.484900 1.397301 -4.048200
v 0.400000 1.397301 -4.028800
v 0.331900 1.397301 -4.083100
v 0.331900 1.397301 -4.170200
v 0.400000 1.397301 -4.224500
v 0.484900 1.397301 -4.205200
v 0.388800 1.397301 -4.144300
v 0.388800 1.397301 -4.109100
v 0.416200 1.397301 -4.087200
v 0.450500 1.397301 -4.095000
v 0.465800 1.397301 -4.126700
v 0.450500 1.397301 -4.158400
v 0.416200 1.397301 -4.166200
v 0.388800 1.199901 -4.144300
v 0.388800 1.199901 -4.109100
v 0.416200 1.199901 -4.087200
v 0.450500 1.199901 -4.095000
v 0.465800 1.199901 -4.126700
v 0.450500 1.199901 -4.158400
v 0.416200 1.199901 -4.166200
v -0.292600 1.196501 -4.126700
v -0.330400 1.196501 -4.048200
v -0.415300 1.196501 -4.028800
v -0.483400 1.196501 -4.083100
v -0.483400 1.196501 -4.170200
v -0.415300 1.196501 -4.224500
v -0.330400 1.196501 -4.205200
v -0.292600 1.397301 -4.126700
v -0.330400 1.397301 -4.048200
v -0.415300 1.397301 -4.028800
v -0.483400 1.397301 -4.083100
v -0.483400 1.397301 -4.170200
v -0.415300 1.397301 -4.224500
v -0.330400 1.397301 -4.205200
v -0.426500 1.397301 -4.144300
v -0.426500 1.397301 -4.109100
v -0.399100 1.397301 -4.087200
v -0.364800 1.397301 -4.095000
v -0.349500 1.397301 -4.126700
v -0.364800 1.397301 -4.158400
v -0.399100 1.397301 -4.166200
v -0.426500 1.199901 -4.144300
v -0.426500 1.199901 -4.109100
v -0.399100 1.199901 -4.087200
v -0.364800 1.199901 -4.095000
v -0.349500 1.199901 -4.126700
v -0.364800 1.199901 -4.158400
v -0.399100 1.199901 -4.166200
v -0.972600 1.196501 -4.126700
v -1.010400 1.196501 -4.048200
v -1.095300 1.196501 -4.028800
v -1.163400 1.196501 -4.083100
v -1.163400 1.196501 -4.170200
v -1.095300 1.196501 -4.224500
v -1.010400 1.196501 -4.205200
v -0.972600 1.397301 -4.126700
v -1.010400 1.397301 -4.048200
v -1.095300 1.397301 -4.028800
v -1.163400 1.397301 -4.083100
v -1.163400 1.397301 -4.170200
v -1.095300 1.397301 -4.224500
v -1.010400 1.397301 -4.205200
v -1.106500 1.397301 -4.144300
v -1.106500 1.397301 -4.109100
v -1.079100 1.397301 -4.087200
v -1.044800 1.397301 -4.095000
v -1.029500 1.397301 -4.126700
v -1.044800 1.397301 -4.158400
v -1.079100 1.397301 -4.166200
v -1.106500 1.199901 -4.144300
v -1.106500 1.199901 -4.109100
v -1.079100 1.199901 -4.087200
v -1.044800 1.199901 -4.095000
v -1.029500 1.199901 -4.126700
v -1.044800 1.199901 -4.158400
v -1.079100 1.199901 -4.166200
v -1.631900 1.196501 -4.126700
v -1.669700 1.196501 -4.048200
v -1.754600 1.196501 -4.028800
v -1.822700 1.196501 -4.083100
v -1.822700 1.196501 -4.170200
v -1.754600 1.196501 -4.224500
v -1.669700 1.196501 -4.205200
v -1.631900 1.397301 -4.126700
v -1.669700 1.397301 -4.048200
v -1.754600 1.397301 -4.028800
v -1.822700 1.397301 -4.083100
v -1.822700 1.397301 -4.170200
v -1.754600 1.397301 -4.224500
v -1.669700 1.397301 -4.205200
v -1.765800 1.397301 -4.144300
v -1.765800 1.397301 -4.109100
v -1.738400 1.397301 -4.087200
v -1.704100 1.397301 -4.095000
v -1.688800 1.397301 -4.126700
v -1.704100 1.397301 -4.158400
v -1.738400 1.397301 -4.166200
v -1.765800 1.199901 -4.144300
v -1.765800 1.199901 -4.109100
v -1.738400 1.199901 -4.087200
v -1.704100 1.199901 -4.095000
v -1.688800 1.199901 -4.126700
v -1.704100 1.199901 -4.158400
v -1.738400 1.199901 -4.166200
v 1.827500 0.264501 -4.126700
v 1.789700 0.264501 -4.048200
v 1.704800 0.264501 -4.028800
v 1.636700 0.264501 -4.083100
v 1.636700 0.264501 -4.170200
v 1.704800 0.264501 -4.224500
v 1.789700 0.264501 -4.205200
v 1.827500 0.465301 -4.126700
v 1.789700 0.465301 -4.048200
v 1.704800 0.465301 -4.028800
v 1.636700 0.465301 -4.083100
v 1.636700 0.465301 -4.170200
v 1.704800 0.465301 -4.224500
v 1.789700 0.465301 -4.205200
v 1.693600 0.465301 -4.144300
v 1.693600 0.465301 -4.109100
v 1.721000 0.465301 -4.087200
v 1.755300 0.465301 -4.095000
v 1.770600 0.465301 -4.126700
v 1.755300 0.465301 -4.158400
v 1.721000 0.465301 -4.166200
v 1.693600 0.267901 -4.144300
v 1.693600 0.267901 -4.109100
v 1.721000 0.267901 -4.087200
v 1.755300 0.267901 -4.095000
v 1.770600 0.267901 -4.126700
v 1.755300 0.267901 -4.158400
v 1.721000 0.267901 -4.166200
v 1.203200 0.264501 -4.126700
v 1.165400 0.264501 -4.048200
v 1.080500 0.264501 -4.028800
v 1.012400 0.264501 -4.083100
v 1.012400 0.264501 -4.170200
v 1.080500 0.264501 -4.224500
v 1.165400 0.264501 -4.205200
v 1.203200 0.465301 -4.126700
v 1.165400 0.465301 -4.048200
v 1.080500 0.465301 -4.028800
v 1.012400 0.465301 -4.083100
v 1.012400 0.465301 -4.170200
v 1.080500 0.465301 -4.224500
v 1.165400 0.465301 -4.205200
v 1.069300 0.465301 -4.144300
v 1.069300 0.465301 -4.109100
v 1.096700 0.465301 -4.087200
v 1.131000 0.465301 -4.095000
v 1.146300 0.465301 -4.126700
v 1.131000 0.465301 -4.158400
v 1.096700 0.465301 -4.166200
v 1.069300 0.267901 -4.144300
v 1.069300 0.267901 -4.109100
v 1.096700 0.267901 -4.087200
v 1.131000 0.267901 -4.095000
v 1.146300 0.267901 -4.126700
v 1.131000 0.267901 -4.158400
v 1.096700 0.267901 -4.166200
v 0.524500 0.264501 -4.126700
v 0.486700 0.264501 -4.048200
v 0.401800 0.264501 -4.028800
v 0.333700 0.264501 -4.083100
v 0.333700 0.264501 -4.170200
v 0.401800 0.264501 -4.224500
v 0.486700 0.264501 -4.205200
v 0.524500 0.465301 -4.126700
v 0.486700 0.465301 -4.048200
v 0.401800 0.465301 -4.028800
v 0.333700 0.465301 -4.083100
v 0.333700 0.465301 -4.170200
v 0.401800 0.465301 -4.224500
v 0.486700 0.465301 -4.205200
v 0.390600 0.465301 -4.144300
v 0.390600 0.465301 -4.109100
v 0.418000 0.465301 -4.087200
v 0.452300 0.465301 -4.095000
v 0.467600 0.465301 -4.126700
v 0.452300 0.465301 -4.158400
v 0.418000 0.465301 -4.166200
v 0.390600 0.267901 -4.144300
v 0.390600 0.267901 -4.109100
v 0.418000 0.267901 -4.087200
v 0.452300 0.267901 -4.095000
v 0.467600 0.267901 -4.126700
v 0.452300 0.267901 -4.158400
v 0.418000 0.267901 -4.166200
v -0.294200 0.264501 -4.126700
v -0.332000 0.264501 -4.048200
v -0.416900 0.264501 -4.028800
v -0.485000 0.264501 -4.083100
v -0.485000 0.264501 -4.170200
v -0.416900 0.264501 -4.224500
v -0.332000 0.264501 -4.205200
v -0.294200 0.465301 -4.126700
v -0.332000 0.465301 -4.048200
v -0.416900 0.465301 -4.028800
v -0.485000 0.465301 -4.083100
v -0.485000 0.465301 -4.170200
v -0.416900 0.465301 -4.224500
v -0.332000 0.465301 -4.205200
v -0.428100 0.465301 -4.144300
v -0.428100 0.465301 -4.109100
v -0.400700 0.465301 -4.087200
v -0.366400 0.465301 -4.095000
v -0.351100 0.465301 -4.126700
v -0.366400 0.465301 -4.158400
v -0.400700 0.465301 -4.166200
v -0.428100 0.267901 -4.144300
v -0.428100 0.267901 -4.109100
v -0.400700 0.267901 -4.087200
v -0.366400 0.267901 -4.095000
v -0.351100 0.267901 -4.126700
v -0.366400 0.267901 -4.158400
v -0.400700 0.267901 -4.166200
v -0.972700 0.264501 -4.126700
v -1.010500 0.264501 -4.048200
v -1.095400 0.264501 -4.028800
v -1.163500 0.264501 -4.083100
v -1.163500 0.264501 -4.170200
v -1.095400 0.264501 -4.224500
v -1.010500 0.264501 -4.205200
v -0.972700 0.465301 -4.126700
v -1.010500 0.465301 -4.048200
v -1.095400 0.465301 -4.028800
v -1.163500 0.465301 -4.083100
v -1.163500 0.465301 -4.170200
v -1.095400 0.465301 -4.224500
v -1.010500 0.465301 -4.205200
v -1.106600 0.465301 -4.144300
v -1.106600 0.465301 -4.109100
v -1.079200 0.465301 -4.087200
v -1.044900 0.465301 -4.095000
v -1.029600 0.465301 -4.126700
v -1.044900 0.465301 -4.158400
v -1.079200 0.465301 -4.166200
v -1.106600 0.267901 -4.144300
v -1.106600 0.267901 -4.109100
v -1.079200 0.267901 -4.087200
v -1.044900 0.267901 -4.095000
v -1.029600 0.267901 -4.126700
v -1.044900 0.267901 -4.158400
v -1.079200 0.267901 -4.166200
v -1.631900 0.264501 -4.126700
v -1.669700 0.264501 -4.048200
v -1.754600 0.264501 -4.028800
v -1.822700 0.264501 -4.083100
v -1.822700 0.264501 -4.170200
v -1.754600 0.264501 -4.224500
v -1.669700 0.264501 -4.205200
v -1.631900 0.465301 -4.126700
v -1.669700 0.465301 -4.048200
v -1.754600 0.465301 -4.028800
v -1.822700 0.465301 -4.083100
v -1.822700 0.465301 -4.170200
v -1.754600 0.465301 -4.224500
v -1.669700 0.465301 -4.205200
v -1.765800 0.465301 -4.144300
v -1.765800 0.465301 -4.109100
v -1.738400 0.465301 -4.087200
v -1.704100 0.465301 -4.095000
v -1.688800 0.465301 -4.126700
v -1.704100 0.465301 -4.158400
v -1.738400 0.465301 -4.166200
v -1.765800 0.267901 -4.144300
v -1.765800 0.267901 -4.109100
v -1.738400 0.267901 -4.087200
v -1.704100 0.267901 -4.095000
v -1.688800 0.267901 -4.126700
v -1.704100 0.267901 -4.158400
v -1.738400 0.267901 -4.166200
v 1.863400 2.096800 3.505600
v 1.825600 2.096800 3.584100
v 1.740700 2.096800 3.603500
v 1.672600 2.096800 3.549100
v 1.672600 2.096800 3.462100
v 1.740700 2.096800 3.407700
v 1.825600 2.096800 3.427100
v 1.863400 2.297600 3.505600
v 1.825600 2.297600 3.584100
v 1.740700 2.297600 3.603500
v 1.672600 2.297600 3.549100
v 1.672600 2.297600 3.462101
v 1.740700 2.297600 3.407701
v 1.825600 2.297600 3.427100
v 1.729500 2.297600 3.488000
v 1.729500 2.297600 3.523201
v 1.756900 2.297600 3.545100
v 1.791200 2.297600 3.537301
v 1.806500 2.297600 3.505600
v 1.791200 2.297600 3.473901
v 1.756900 2.297600 3.466100
v 1.729500 2.100199 3.488000
v 1.729500 2.100199 3.523200
v 1.756900 2.100199 3.545100
v 1.791200 2.100199 3.537300
v 1.806500 2.100199 3.505600
v 1.791200 2.100199 3.473900
v 1.756900 2.100199 3.466100
v 1.863400 2.096799 4.110100
v 1.825600 2.096799 4.188601
v 1.740700 2.096799 4.208001
v 1.672600 2.096799 4.153700
v 1.672600 2.096799 4.066600
v 1.740700 2.096799 4.012300
v 1.825600 2.096799 4.031600
v 1.863400 2.297599 4.110100
v 1.825600 2.297599 4.188601
v 1.740700 2.297599 4.208001
v 1.672600 2.297599 4.153700
v 1.672600 2.297599 4.066600
v 1.740700 2.297599 4.012300
v 1.825600 2.297599 4.031600
v 1.729500 2.297599 4.092501
v 1.729500 2.297599 4.127700
v 1.756900 2.297599 4.149601
v 1.791200 2.297599 4.141800
v 1.806500 2.297599 4.110100
v 1.791200 2.297599 4.078401
v 1.756900 2.297599 4.070601
v 1.729500 2.100199 4.092501
v 1.729500 2.100199 4.127700
v 1.756900 2.100199 4.149601
v 1.791200 2.100199 4.141800
v 1.806500 2.100199 4.110100
v 1.791200 2.100199 4.078401
v 1.756900 2.100199 4.070601
v 1.863400 2.096799 4.656200
v 1.825600 2.096799 4.734701
v 1.740700 2.096799 4.754001
v 1.672600 2.096799 4.699700
v 1.672600 2.096799 4.612600
v 1.740700 2.096799 4.558300
v 1.825600 2.096799 4.577701
v 1.863400 2.297599 4.656200
v 1.825600 2.297599 4.734701
v 1.740700 2.297599 4.754001
v 1.672600 2.297599 4.699700
v 1.672600 2.297599 4.612600
v 1.740700 2.297599 4.558300
v 1.825600 2.297599 4.577701
v 1.729500 2.297599 4.638600
v 1.729500 2.297599 4.673800
v 1.756900 2.297599 4.695701
v 1.791200 2.297599 4.687901
v 1.806500 2.297599 4.656200
v 1.791200 2.297599 4.624500
v 1.756900 2.297599 4.616701
v 1.729500 2.100199 4.638600
v 1.729500 2.100199 4.673800
v 1.756900 2.100199 4.695701
v 1.791200 2.100199 4.687901
v 1.806500 2.100199 4.656200
v 1.791200 2.100199 4.624500
v 1.756900 2.100199 4.616701
v 1.183700 2.096799 4.656200
v 1.145900 2.096799 4.734701
v 1.060900 2.096799 4.754001
v 0.992900 2.096799 4.699700
v 0.992900 2.096799 4.612600
v 1.060900 2.096799 4.558300
v 1.145900 2.096799 4.577701
v 1.183700 2.297599 4.656200
v 1.145900 2.297599 4.734701
v 1.060900 2.297599 4.754001
v 0.992900 2.297599 4.699700
v 0.992900 2.297599 4.612600
v 1.060900 2.297599 4.558300
v 1.145900 2.297599 4.577701
v 1.049800 2.297599 4.638600
v 1.049800 2.297599 4.673800
v 1.077200 2.297599 4.695701
v 1.111500 2.297599 4.687901
v 1.126800 2.297599 4.656200
v 1.111500 2.297599 4.624500
v 1.077200 2.297599 4.616701
v 1.049800 2.100199 4.638600
v 1.049800 2.100199 4.673800
v 1.077200 2.100199 4.695701
v 1.111500 2.100199 4.687901
v 1.126800 2.100199 4.656200
v 1.111500 2.100199 4.624500
v 1.077200 2.100199 4.616701
v 1.183700 2.096799 4.110100
v 1.145900 2.096799 4.188601
v 1.060900 2.096799 4.208001
v 0.992900 2.096799 4.153700
v 0.992900 2.096799 4.066600
v 1.060900 2.096799 4.012300
v 1.145900 2.096799 4.031600
v 1.183700 2.297599 4.110100
v 1.145900 2.297599 4.188601
v 1.060900 2.297599 4.208001
v 0.992900 2.297599 4.153700
v 0.992900 2.297599 4.066600
v 1.060900 2.297599 4.012300
v 1.145900 2.297599 4.031600
v 1.049800 2.297599 4.092501
v 1.049800 2.297599 4.127700
v 1.077200 2.297599 4.149601
v 1.111500 2.297599 4.141800
v 1.126800 2.297599 4.110100
v 1.111500 2.297599 4.078401
v 1.077200 2.297599 4.070601
v 1.049800 2.100199 4.092501
v 1.049800 2.100199 4.127700
v 1.077200 2.100199 4.149601
v 1.111500 2.100199 4.141800
v 1.126800 2.100199 4.110100
v 1.111500 2.100199 4.078401
v 1.077200 2.100199 4.070601
v 1.183700 2.096800 3.505600
v 1.145900 2.096800 3.584100
v 1.060900 2.096800 3.603500
v 0.992900 2.096800 3.549100
v 0.992900 2.096800 3.462100
v 1.060900 2.096800 3.407700
v 1.145900 2.096800 3.427100
v 1.183700 2.297600 3.505600
v 1.145900 2.297600 3.584100
v 1.060900 2.297600 3.603500
v 0.992900 2.297600 3.549100
v 0.992900 2.297600 3.462101
v 1.060900 2.297600 3.407701
v 1.145900 2.297600 3.427100
v 1.049800 2.297600 3.488000
v 1.049800 2.297600 3.523201
v 1.077200 2.297600 3.545100
v 1.111500 2.297600 3.537301
v 1.126800 2.297600 3.505600
v 1.111500 2.297600 3.473901
v 1.077200 2.297600 3.466100
v 1.049800 2.100199 3.488000
v 1.049800 2.100199 3.523200
v 1.077200 2.100199 3.545100
v 1.111500 2.100199 3.537300
v 1.126800 2.100199 3.505600
v 1.111500 2.100199 3.473900
v 1.077200 2.100199 3.466100
v 0.504200 2.096799 4.656200
v 0.466400 2.096799 4.734701
v 0.381400 2.096799 4.754001
v 0.313400 2.096799 4.699700
v 0.313400 2.096799 4.612600
v 0.381400 2.096799 4.558300
v 0.466400 2.096799 4.577701
v 0.504200 2.297599 4.656200
v 0.466400 2.297599 4.734701
v 0.381400 2.297599 4.754001
v 0.313400 2.297599 4.699700
v 0.313400 2.297599 4.612600
v 0.381400 2.297599 4.558300
v 0.466400 2.297599 4.577701
v 0.370300 2.297599 4.638600
v 0.370300 2.297599 4.673800
v 0.397700 2.297599 4.695701
v 0.432000 2.297599 4.687901
v 0.447300 2.297599 4.656200
v 0.432000 2.297599 4.624500
v 0.397700 2.297599 4.616701
v 0.370300 2.100199 4.638600
v 0.370300 2.100199 4.673800
v 0.397700 2.100199 4.695701
v 0.432000 2.100199 4.687901
v 0.447300 2.100199 4.656200
v 0.432000 2.100199 4.624500
v 0.397700 2.100199 4.616701
v 0.504200 2.096799 4.110100
v 0.466400 2.096799 4.188601
v 0.381400 2.096799 4.208001
v 0.313400 2.096799 4.153700
v 0.313400 2.096799 4.066600
v 0.381400 2.096799 4.012300
v 0.466400 2.096799 4.031600
v 0.504200 2.297599 4.110100
v 0.466400 2.297599 4.188601
v 0.381400 2.297599 4.208001
v 0.313400 2.297599 4.153700
v 0.313400 2.297599 4.066600
v 0.381400 2.297599 4.012300
v 0.466400 2.297599 4.031600
v 0.370300 2.297599 4.092501
v 0.370300 2.297599 4.127700
v 0.397700 2.297599 4.149601
v 0.432000 2.297599 4.141800
v 0.447300 2.297599 4.110100
v 0.432000 2.297599 4.078401
v 0.397700 2.297599 4.070601
v 0.370300 2.100199 4.092501
v 0.370300 2.100199 4.127700
v 0.397700 2.100199 4.149601
v 0.432000 2.100199 4.141800
v 0.447300 2.100199 4.110100
v 0.432000 2.100199 4.078401
v 0.397700 2.100199 4.070601
v 0.504200 2.096800 3.505600
v 0.466400 2.096800 3.584100
v 0.381400 2.096800 3.603500
v 0.313400 2.096800 3.549100
v 0.313400 2.096800 3.462100
v 0.381400 2.096800 3.407700
v 0.466400 2.096800 3.427100
v 0.504200 2.297600 3.505600
v 0.466400 2.297600 3.584100
v 0.381400 2.297600 3.603500
v 0.313400 2.297600 3.549100
v 0.313400 2.297600 3.462101
v 0.381400 2.297600 3.407701
v 0.466400 2.297600 3.427100
v 0.370300 2.297600 3.488000
v 0.370300 2.297600 3.523201
v 0.397700 2.297600 3.545100
v 0.432000 2.297600 3.537301
v 0.447300 2.297600 3.505600
v 0.432000 2.297600 3.473901
v 0.397700 2.297600 3.466100
v 0.370300 2.100199 3.488000
v 0.370300 2.100199 3.523200
v 0.397700 2.100199 3.545100
v 0.432000 2.100199 3.537300
v 0.447300 2.100199 3.505600
v 0.432000 2.100199 3.473900
v 0.397700 2.100199 3.466100
v -0.272500 2.096799 4.656200
v -0.310300 2.096799 4.734701
v -0.395300 2.096799 4.754001
v -0.463300 2.096799 4.699700
v -0.463300 2.096799 4.612600
v -0.395300 2.096799 4.558300
v -0.310300 2.096799 4.577701
v -0.272500 2.297599 4.656200
v -0.310300 2.297599 4.734701
v -0.395300 2.297599 4.754001
v -0.463300 2.297599 4.699700
v -0.463300 2.297599 4.612600
v -0.395300 2.297599 4.558300
v -0.310300 2.297599 4.577701
v -0.406400 2.297599 4.638600
v -0.406400 2.297599 4.673800
v -0.379000 2.297599 4.695701
v -0.344700 2.297599 4.687901
v -0.329400 2.297599 4.656200
v -0.344700 2.297599 4.624500
v -0.379000 2.297599 4.616701
v -0.406400 2.100199 4.638600
v -0.406400 2.100199 4.673800
v -0.379000 2.100199 4.695701
v -0.344700 2.100199 4.687901
v -0.329400 2.100199 4.656200
v -0.344700 2.100199 4.624500
v -0.379000 2.100199 4.616701
v -0.272500 2.096799 4.110100
v -0.310300 2.096799 4.188601
v -0.395300 2.096799 4.208001
v -0.463300 2.096799 4.153700
v -0.463300 2.096799 4.066600
v -0.395300 2.096799 4.012300
v -0.310300 2.096799 4.031600
v -0.272500 2.297599 4.110100
v -0.310300 2.297599 4.188601
v -0.395300 2.297599 4.208001
v -0.463300 2.297599 4.153700
v -0.463300 2.297599 4.066600
v -0.395300 2.297599 4.012300
v -0.310300 2.297599 4.031600
v -0.406400 2.297599 4.092501
v -0.406400 2.297599 4.127700
v -0.379000 2.297599 4.149601
v -0.344700 2.297599 4.141800
v -0.329400 2.297599 4.110100
v -0.344700 2.297599 4.078401
v -0.379000 2.297599 4.070601
v -0.406400 2.100199 4.092501
v -0.406400 2.100199 4.127700
v -0.379000 2.100199 4.149601
v -0.344700 2.100199 4.141800
v -0.329400 2.100199 4.110100
v -0.344700 2.100199 4.078401
v -0.379000 2.100199 4.070601
v -0.272500 2.096800 3.505600
v -0.310300 2.096800 3.584100
v -0.395300 2.096800 3.603500
v -0.463300 2.096800 3.549100
v -0.463300 2.096800 3.462100
v -0.395300 2.096800 3.407700
v -0.310300 2.096800 3.427100
v -0.272500 2.297600 3.505600
v -0.310300 2.297600 3.584100
v -0.395300 2.297600 3.603500
v -0.463300 2.297600 3.549100
v -0.463300 2.297600 3.462101
v -0.395300 2.297600 3.407701
v -0.310300 2.297600 3.427100
v -0.406400 2.297600 3.488000
v -0.406400 2.297600 3.523201
v -0.379000 2.297600 3.545100
v -0.344700 2.297600 3.537301
v -0.329400 2.297600 3.505600
v -0.344700 2.297600 3.473901
v -0.379000 2.297600 3.466100
v -0.406400 2.100199 3.488000
v -0.406400 2.100199 3.523200
v -0.379000 2.100199 3.545100
v -0.344700 2.100199 3.537300
v -0.329400 2.100199 3.505600
v -0.344700 2.100199 3.473900
v -0.379000 2.100199 3.466100
v -0.951600 2.096800 3.505600
v -0.989400 2.096800 3.584100
v -1.074400 2.096800 3.603500
v -1.142400 2.096800 3.549100
v -1.142400 2.096800 3.462100
v -1.074400 2.096800 3.407700
v -0.989400 2.096800 3.427100
v -0.951600 2.297600 3.505600
v -0.989400 2.297600 3.584100
v -1.074400 2.297600 3.603500
v -1.142400 2.297600 3.549100
v -1.142400 2.297600 3.462101
v -1.074400 2.297600 3.407701
v -0.989400 2.297600 3.427100
v -1.085500 2.297600 3.488000
v -1.085500 2.297600 3.523201
v -1.058100 2.297600 3.545100
v -1.023800 2.297600 3.537301
v -1.008500 2.297600 3.505600
v -1.023800 2.297600 3.473901
v -1.058100 2.297600 3.466100
v -1.085500 2.100199 3.488000
v -1.085500 2.100199 3.523200
v -1.058100 2.100199 3.545100
v -1.023800 2.100199 3.537300
v -1.008500 2.100199 3.505600
v -1.023800 2.100199 3.473900
v -1.058100 2.100199 3.466100
v -0.951600 2.096799 4.110100
v -0.989400 2.096799 4.188601
v -1.074400 2.096799 4.208001
v -1.142400 2.096799 4.153700
v -1.142400 2.096799 4.066600
v -1.074400 2.096799 4.012300
v -0.989400 2.096799 4.031600
v -0.951600 2.297599 4.110100
v -0.989400 2.297599 4.188601
v -1.074400 2.297599 4.208001
v -1.142400 2.297599 4.153700
v -1.142400 2.297599 4.066600
v -1.074400 2.297599 4.012300
v -0.989400 2.297599 4.031600
v -1.085500 2.297599 4.092501
v -1.085500 2.297599 4.127700
v -1.058100 2.297599 4.149601
v -1.023800 2.297599 4.141800
v -1.008500 2.297599 4.110100
v -1.023800 2.297599 4.078401
v -1.058100 2.297599 4.070601
v -1.085500 2.100199 4.092501
v -1.085500 2.100199 4.127700
v -1.058100 2.100199 4.149601
v -1.023800 2.100199 4.141800
v -1.008500 2.100199 4.110100
v -1.023800 2.100199 4.078401
v -1.058100 2.100199 4.070601
v -0.951600 2.096799 4.656200
v -0.989400 2.096799 4.734701
v -1.074400 2.096799 4.754001
v -1.142400 2.096799 4.699700
v -1.142400 2.096799 4.612600
v -1.074400 2.096799 4.558300
v -0.989400 2.096799 4.577701
v -0.951600 2.297599 4.656200
v -0.989400 2.297599 4.734701
v -1.074400 2.297599 4.754001
v -1.142400 2.297599 4.699700
v -1.142400 2.297599 4.612600
v -1.074400 2.297599 4.558300
v -0.989400 2.297599 4.577701
v -1.085500 2.297599 4.638600
v -1.085500 2.297599 4.673800
v -1.058100 2.297599 4.695701
v -1.023800 2.297599 4.687901
v -1.008500 2.297599 4.656200
v -1.023800 2.297599 4.624500
v -1.058100 2.297599 4.616701
v -1.085500 2.100199 4.638600
v -1.085500 2.100199 4.673800
v -1.058100 2.100199 4.695701
v -1.023800 2.100199 4.687901
v -1.008500 2.100199 4.656200
v -1.023800 2.100199 4.624500
v -1.058100 2.100199 4.616701
v -1.633200 2.096799 4.656200
v -1.671000 2.096799 4.734701
v -1.756000 2.096799 4.754001
v -1.824000 2.096799 4.699700
v -1.824000 2.096799 4.612600
v -1.756000 2.096799 4.558300
v -1.671000 2.096799 4.577701
v -1.633200 2.297599 4.656200
v -1.671000 2.297599 4.734701
v -1.756000 2.297599 4.754001
v -1.824000 2.297599 4.699700
v -1.824000 2.297599 4.612600
v -1.756000 2.297599 4.558300
v -1.671000 2.297599 4.577701
v -1.767100 2.297599 4.638600
v -1.767100 2.297599 4.673800
v -1.739700 2.297599 4.695701
v -1.705400 2.297599 4.687901
v -1.690100 2.297599 4.656200
v -1.705400 2.297599 4.624500
v -1.739700 2.297599 4.616701
v -1.767100 2.100199 4.638600
v -1.767100 2.100199 4.673800
v -1.739700 2.100199 4.695701
v -1.705400 2.100199 4.687901
v -1.690100 2.100199 4.656200
v -1.705400 2.100199 4.624500
v -1.739700 2.100199 4.616701
v -1.633200 2.096799 4.110100
v -1.671000 2.096799 4.188601
v -1.756000 2.096799 4.208001
v -1.824000 2.096799 4.153700
v -1.824000 2.096799 4.066600
v -1.756000 2.096799 4.012300
v -1.671000 2.096799 4.031600
v -1.633200 2.297599 4.110100
v -1.671000 2.297599 4.188601
v -1.756000 2.297599 4.208001
v -1.824000 2.297599 4.153700
v -1.824000 2.297599 4.066600
v -1.756000 2.297599 4.012300
v -1.671000 2.297599 4.031600
v -1.767100 2.297599 4.092501
v -1.767100 2.297599 4.127700
v -1.739700 2.297599 4.149601
v -1.705400 2.297599 4.141800
v -1.690100 2.297599 4.110100
v -1.705400 2.297599 4.078401
v -1.739700 2.297599 4.070601
v -1.767100 2.100199 4.092501
v -1.767100 2.100199 4.127700
v -1.739700 2.100199 4.149601
v -1.705400 2.100199 4.141800
v -1.690100 2.100199 4.110100
v -1.705400 2.100199 4.078401
v -1.739700 2.100199 4.070601
v -1.633200 2.096800 3.505600
v -1.671000 2.096800 3.584100
v -1.756000 2.096800 3.603500
v -1.824000 2.096800 3.549100
v -1.824000 2.096800 3.462100
v -1.756000 2.096800 3.407700
v -1.671000 2.096800 3.427100
v -1.633200 2.297600 3.505600
v -1.671000 2.297600 3.584100
v -1.756000 2.297600 3.603500
v -1.824000 2.297600 3.549100
v -1.824000 2.297600 3.462101
v -1.756000 2.297600 3.407701
v -1.671000 2.297600 3.427100
v -1.767100 2.297600 3.488000
v -1.767100 2.297600 3.523201
v -1.739700 2.297600 3.545100
v -1.705400 2.297600 3.537301
v -1.690100 2.297600 3.505600
v -1.705400 2.297600 3.473901
v -1.739700 2.297600 3.466100
v -1.767100 2.100199 3.488000
v -1.767100 2.100199 3.523200
v -1.739700 2.100199 3.545100
v -1.705400 2.100199 3.537300
v -1.690100 2.100199 3.505600
v -1.705400 2.100199 3.473900
v -1.739700 2.100199 3.466100
v 1.863400 1.195999 3.505600
v 1.825600 1.195999 3.584100
v 1.740700 1.195999 3.603500
v 1.672600 1.195999 3.549100
v 1.672600 1.195999 3.462100
v 1.740700 1.195999 3.407700
v 1.825600 1.195999 3.427100
v 1.863400 1.396799 3.505600
v 1.825600 1.396799 3.584100
v 1.740700 1.396799 3.603500
v 1.672600 1.396799 3.549100
v 1.672600 1.396799 3.462100
v 1.740700 1.396799 3.407700
v 1.825600 1.396799 3.427100
v 1.729500 1.396799 3.488000
v 1.729500 1.396799 3.523200
v 1.756900 1.396799 3.545100
v 1.791200 1.396799 3.537300
v 1.806500 1.396799 3.505600
v 1.791200 1.396799 3.473900
v 1.756900 1.396799 3.466100
v 1.729500 1.199399 3.488000
v 1.729500 1.199399 3.523200
v 1.756900 1.199399 3.545100
v 1.791200 1.199399 3.537300
v 1.806500 1.199399 3.505600
v 1.791200 1.199399 3.473900
v 1.756900 1.199399 3.466100
v 1.863400 1.195999 4.110100
v 1.825600 1.195999 4.188600
v 1.740700 1.195999 4.208000
v 1.672600 1.195999 4.153700
v 1.672600 1.195999 4.066600
v 1.740700 1.195999 4.012300
v 1.825600 1.195999 4.031600
v 1.863400 1.396799 4.110100
v 1.825600 1.396799 4.188600
v 1.740700 1.396799 4.208000
v 1.672600 1.396799 4.153700
v 1.672600 1.396799 4.066600
v 1.740700 1.396799 4.012300
v 1.825600 1.396799 4.031600
v 1.729500 1.396799 4.092500
v 1.729500 1.396799 4.127700
v 1.756900 1.396799 4.149600
v 1.791200 1.396799 4.141800
v 1.806500 1.396799 4.110100
v 1.791200 1.396799 4.078400
v 1.756900 1.396799 4.070600
v 1.729500 1.199399 4.092500
v 1.729500 1.199399 4.127700
v 1.756900 1.199399 4.149600
v 1.791200 1.199399 4.141800
v 1.806500 1.199399 4.110100
v 1.791200 1.199399 4.078400
v 1.756900 1.199399 4.070600
v 1.863400 1.195999 4.656200
v 1.825600 1.195999 4.734700
v 1.740700 1.195999 4.754000
v 1.672600 1.195999 4.699700
v 1.672600 1.195999 4.612600
v 1.740700 1.195999 4.558300
v 1.825600 1.195999 4.577700
v 1.863400 1.396799 4.656200
v 1.825600 1.396799 4.734700
v 1.740700 1.396799 4.754000
v 1.672600 1.396799 4.699700
v 1.672600 1.396799 4.612600
v 1.740700 1.396799 4.558300
v 1.825600 1.396799 4.577700
v 1.729500 1.396799 4.638600
v 1.729500 1.396799 4.673800
v 1.756900 1.396799 4.695700
v 1.791200 1.396799 4.687900
v 1.806500 1.396799 4.656200
v 1.791200 1.396799 4.624500
v 1.756900 1.396799 4.616700
v 1.729500 1.199399 4.638600
v 1.729500 1.199399 4.673800
v 1.756900 1.199399 4.695700
v 1.791200 1.199399 4.687900
v 1.806500 1.199399 4.656200
v 1.791200 1.199399 4.624500
v 1.756900 1.199399 4.616700
v 1.183700 1.195999 4.656200
v 1.145900 1.195999 4.734700
v 1.060900 1.195999 4.754000
v 0.992900 1.195999 4.699700
v 0.992900 1.195999 4.612600
v 1.060900 1.195999 4.558300
v 1.145900 1.195999 4.577700
v 1.183700 1.396799 4.656200
v 1.145900 1.396799 4.734700
v 1.060900 1.396799 4.754000
v 0.992900 1.396799 4.699700
v 0.992900 1.396799 4.612600
v 1.060900 1.396799 4.558300
v 1.145900 1.396799 4.577700
v 1.049800 1.396799 4.638600
v 1.049800 1.396799 4.673800
v 1.077200 1.396799 4.695700
v 1.111500 1.396799 4.687900
v 1.126800 1.396799 4.656200
v 1.111500 1.396799 4.624500
v 1.077200 1.396799 4.616700
v 1.049800 1.199399 4.638600
v 1.049800 1.199399 4.673800
v 1.077200 1.199399 4.695700
v 1.111500 1.199399 4.687900
v 1.126800 1.199399 4.656200
v 1.111500 1.199399 4.624500
v 1.077200 1.199399 4.616700
v 1.183700 1.195999 4.110100
v 1.145900 1.195999 4.188600
v 1.060900 1.195999 4.208000
v 0.992900 1.195999 4.153700
v 0.992900 1.195999 4.066600
v 1.060900 1.195999 4.012300
v 1.145900 1.195999 4.031600
v 1.183700 1.396799 4.110100
v 1.145900 1.396799 4.188600
v 1.060900 1.396799 4.208000
v 0.992900 1.396799 4.153700
v 0.992900 1.396799 4.066600
v 1.060900 1.396799 4.012300
v 1.145900 1.396799 4.031600
v 1.049800 1.396799 4.092500
v 1.049800 1.396799 4.127700
v 1.077200 1.396799 4.149600
v 1.111500 1.396799 4.141800
v 1.126800 1.396799 4.110100
v 1.111500 1.396799 4.078400
v 1.077200 1.396799 4.070600
v 1.049800 1.199399 4.092500
v 1.049800 1.199399 4.127700
v 1.077200 1.199399 4.149600
v 1.111500 1.199399 4.141800
v 1.126800 1.199399 4.110100
v 1.111500 1.199399 4.078400
v 1.077200 1.199399 4.070600
v 1.183700 1.195999 3.505600
v 1.145900 1.195999 3.584100
v 1.060900 1.195999 3.603500
v 0.992900 1.195999 3.549100
v 0.992900 1.195999 3.462100
v 1.060900 1.195999 3.407700
v 1.145900 1.195999 3.427100
v 1.183700 1.396799 3.505600
v 1.145900 1.396799 3.584100
v 1.060900 1.396799 3.603500
v 0.992900 1.396799 3.549100
v 0.992900 1.396799 3.462100
v 1.060900 1.396799 3.407700
v 1.145900 1.396799 3.427100
v 1.049800 1.396799 3.488000
v 1.049800 1.396799 3.523200
v 1.077200 1.396799 3.545100
v 1.111500 1.396799 3.537300
v 1.126800 1.396799 3.505600
v 1.111500 1.396799 3.473900
v 1.077200 1.396799 3.466100
v 1.049800 1.199399 3.488000
v 1.049800 1.199399 3.523200
v 1.077200 1.199399 3.545100
v 1.111500 1.199399 3.537300
v 1.126800 1.199399 3.505600
v 1.111500 1.199399 3.473900
v 1.077200 1.199399 3.466100
v 0.504200 1.195999 4.656200
v 0.466400 1.195999 4.734700
v 0.381400 1.195999 4.754000
v 0.313400 1.195999 4.699700
v 0.313400 1.195999 4.612600
v 0.381400 1.195999 4.558300
v 0.466400 1.195999 4.577700
v 0.504200 1.396799 4.656200
v 0.466400 1.396799 4.734700
v 0.381400 1.396799 4.754000
v 0.313400 1.396799 4.699700
v 0.313400 1.396799 4.612600
v 0.381400 1.396799 4.558300
v 0.466400 1.396799 4.577700
v 0.370300 1.396799 4.638600
v 0.370300 1.396799 4.673800
v 0.397700 1.396799 4.695700
v 0.432000 1.396799 4.687900
v 0.447300 1.396799 4.656200
v 0.432000 1.396799 4.624500
v 0.397700 1.396799 4.616700
v 0.370300 1.199399 4.638600
v 0.370300 1.199399 4.673800
v 0.397700 1.199399 4.695700
v 0.432000 1.199399 4.687900
v 0.447300 1.199399 4.656200
v 0.432000 1.199399 4.624500
v 0.397700 1.199399 4.616700
v 0.504200 1.195999 4.110100
v 0.466400 1.195999 4.188600
v 0.381400 1.195999 4.208000
v 0.313400 1.195999 4.153700
v 0.313400 1.195999 4.066600
v 0.381400 1.195999 4.012300
v 0.466400 1.195999 4.031600
v 0.504200 1.396799 4.110100
v 0.466400 1.396799 4.188600
v 0.381400 1.396799 4.208000
v 0.313400 1.396799 4.153700
v 0.313400 1.396799 4.066600
v 0.381400 1.396799 4.012300
v 0.466400 1.396799 4.031600
v 0.370300 1.396799 4.092500
v 0.370300 1.396799 4.127700
v 0.397700 1.396799 4.149600
v 0.432000 1.396799 4.141800
v 0.447300 1.396799 4.110100
v 0.432000 1.396799 4.078400
v 0.397700 1.396799 4.070600
v 0.370300 1.199399 4.092500
v 0.370300 1.199399 4.127700
v 0.397700 1.199399 4.149600
v 0.432000 1.199399 4.141800
v 0.447300 1.199399 4.110100
v 0.432000 1.199399 4.078400
v 0.397700 1.199399 4.070600
v 0.504200 1.195999 3.505600
v 0.466400 1.195999 3.584100
v 0.381400 1.195999 3.603500
v 0.313400 1.195999 3.549100
v 0.313400 1.195999 3.462100
v 0.381400 1.195999 3.407700
v 0.466400 1.195999 3.427100
v 0.504200 1.396799 3.505600
v 0.466400 1.396799 3.584100
v 0.381400 1.396799 3.603500
v 0.313400 1.396799 3.549100
v 0.313400 1.396799 3.462100
v 0.381400 1.396799 3.407700
v 0.466400 1.396799 3.427100
v 0.370300 1.396799 3.488000
v 0.370300 1.396799 3.523200
v 0.397700 1.396799 3.545100
v 0.432000 1.396799 3.537300
v 0.447300 1.396799 3.505600
v 0.432000 1.396799 3.473900
v 0.397700 1.396799 3.466100
v 0.370300 1.199399 3.488000
v 0.370300 1.199399 3.523200
v 0.397700 1.199399 3.545100
v 0.432000 1.199399 3.537300
v 0.447300 1.199399 3.505600
v 0.432000 1.199399 3.473900
v 0.397700 1.199399 3.466100
v -0.272500 1.195999 4.656200
v -0.310300 1.195999 4.734700
v -0.395300 1.195999 4.754000
v -0.463300 1.195999 4.699700
v -0.463300 1.195999 4.612600
v -0.395300 1.195999 4.558300
v -0.310300 1.195999 4.577700
v -0.272500 1.396799 4.656200
v -0.310300 1.396799 4.734700
v -0.395300 1.396799 4.754000
v -0.463300 1.396799 4.699700
v -0.463300 1.396799 4.612600
v -0.395300 1.396799 4.558300
v -0.310300 1.396799 4.577700
v -0.406400 1.396799 4.638600
v -0.406400 1.396799 4.673800
v -0.379000 1.396799 4.695700
v -0.344700 1.396799 4.687900
v -0.329400 1.396799 4.656200
v -0.344700 1.396799 4.624500
v -0.379000 1.396799 4.616700
v -0.406400 1.199399 4.638600
v -0.406400 1.199399 4.673800
v -0.379000 1.199399 4.695700
v -0.344700 1.199399 4.687900
v -0.329400 1.199399 4.656200
v -0.344700 1.199399 4.624500
v -0.379000 1.199399 4.616700
v -0.272500 1.195999 4.110100
v -0.310300 1.195999 4.188600
v -0.395300 1.195999 4.208000
v -0.463300 1.195999 4.153700
v -0.463300 1.195999 4.066600
v -0.395300 1.195999 4.012300
v -0.310300 1.195999 4.031600
v -0.272500 1.396799 4.110100
v -0.310300 1.396799 4.188600
v -0.395300 1.396799 4.208000
v -0.463300 1.396799 4.153700
v -0.463300 1.396799 4.066600
v -0.395300 1.396799 4.012300
v -0.310300 1.396799 4.031600
v -0.406400 1.396799 4.092500
v -0.406400 1.396799 4.127700
v -0.379000 1.396799 4.149600
v -0.344700 1.396799 4.141800
v -0.329400 1.396799 4.110100
v -0.344700 1.396799 4.078400
v -0.379000 1.396799 4.070600
v -0.406400 1.199399 4.092500
v -0.406400 1.199399 4.127700
v -0.379000 1.199399 4.149600
v -0.344700 1.199399 4.141800
v -0.329400 1.199399 4.110100
v -0.344700 1.199399 4.078400
v -0.379000 1.199399 4.070600
v -0.272500 1.195999 3.505600
v -0.310300 1.195999 3.584100
v -0.395300 1.195999 3.603500
v -0.463300 1.195999 3.549100
v -0.463300 1.195999 3.462100
v -0.395300 1.195999 3.407700
v -0.310300 1.195999 3.427100
v -0.272500 1.396799 3.505600
v -0.310300 1.396799 3.584100
v -0.395300 1.396799 3.603500
v -0.463300 1.396799 3.549100
v -0.463300 1.396799 3.462100
v -0.395300 1.396799 3.407700
v -0.310300 1.396799 3.427100
v -0.406400 1.396799 3.488000
v -0.406400 1.396799 3.523200
v -0.379000 1.396799 3.545100
v -0.344700 1.396799 3.537300
v -0.329400 1.396799 3.505600
v -0.344700 1.396799 3.473900
v -0.379000 1.396799 3.466100
v -0.406400 1.199399 3.488000
v -0.406400 1.199399 3.523200
v -0.379000 1.199399 3.545100
v -0.344700 1.199399 3.537300
v -0.329400 1.199399 3.505600
v -0.344700 1.199399 3.473900
v -0.379000 1.199399 3.466100
v -0.951600 1.195999 3.505600
v -0.989400 1.195999 3.584100
v -1.074400 1.195999 3.603500
v -1.142400 1.195999 3.549100
v -1.142400 1.195999 3.462100
v -1.074400 1.195999 3.407700
v -0.989400 1.195999 3.427100
v -0.951600 1.396799 3.505600
v -0.989400 1.396799 3.584100
v -1.074400 1.396799 3.603500
v -1.142400 1.396799 3.549100
v -1.142400 1.396799 3.462100
v -1.074400 1.396799 3.407700
v -0.989400 1.396799 3.427100
v -1.085500 1.396799 3.488000
v -1.085500 1.396799 3.523200
v -1.058100 1.396799 3.545100
v -1.023800 1.396799 3.537300
v -1.008500 1.396799 3.505600
v -1.023800 1.396799 3.473900
v -1.058100 1.396799 3.466100
v -1.085500 1.199399 3.488000
v -1.085500 1.199399 3.523200
v -1.058100 1.199399 3.545100
v -1.023800 1.199399 3.537300
v -1.008500 1.199399 3.505600
v -1.023800 1.199399 3.473900
v -1.058100 1.199399 3.466100
v -0.951600 1.195999 4.110100
v -0.989400 1.195999 4.188600
v -1.074400 1.195999 4.208000
v -1.142400 1.195999 4.153700
v -1.142400 1.195999 4.066600
v -1.074400 1.195999 4.012300
v -0.989400 1.195999 4.031600
v -0.951600 1.396799 4.110100
v -0.989400 1.396799 4.188600
v -1.074400 1.396799 4.208000
v -1.142400 1.396799 4.153700
v -1.142400 1.396799 4.066600
v -1.074400 1.396799 4.012300
v -0.989400 1.396799 4.031600
v -1.085500 1.396799 4.092500
v -1.085500 1.396799 4.127700
v -1.058100 1.396799 4.149600
v -1.023800 1.396799 4.141800
v -1.008500 1.396799 4.110100
v -1.023800 1.396799 4.078400
v -1.058100 1.396799 4.070600
v -1.085500 1.199399 4.092500
v -1.085500 1.199399 4.127700
v -1.058100 1.199399 4.149600
v -1.023800 1.199399 4.141800
v -1.008500 1.199399 4.110100
v -1.023800 1.199399 4.078400
v -1.058100 1.199399 4.070600
v -0.951600 1.195999 4.656200
v -0.989400 1.195999 4.734700
v -1.074400 1.195999 4.754000
v -1.142400 1.195999 4.699700
v -1.142400 1.195999 4.612600
v -1.074400 1.195999 4.558300
v -0.989400 1.195999 4.577700
v -0.951600 1.396799 4.656200
v -0.989400 1.396799 4.734700
v -1.074400 1.396799 4.754000
v -1.142400 1.396799 4.699700
v -1.142400 1.396799 4.612600
v -1.074400 1.396799 4.558300
v -0.989400 1.396799 4.577700
v -1.085500 1.396799 4.638600
v -1.085500 1.396799 4.673800
v -1.058100 1.396799 4.695700
v -1.023800 1.396799 4.687900
v -1.008500 1.396799 4.656200
v -1.023800 1.396799 4.624500
v -1.058100 1.396799 4.616700
v -1.085500 1.199399 4.638600
v -1.085500 1.199399 4.673800
v -1.058100 1.199399 4.695700
v -1.023800 1.199399 4.687900
v -1.008500 1.199399 4.656200
v -1.023800 1.199399 4.624500
v -1.058100 1.199399 4.616700
v -1.633200 1.195999 4.656200
v -1.671000 1.195999 4.734700
v -1.756000 1.195999 4.754000
v -1.824000 1.195999 4.699700
v -1.824000 1.195999 4.612600
v -1.756000 1.195999 4.558300
v -1.671000 1.195999 4.577700
v -1.633200 1.396799 4.656200
v -1.671000 1.396799 4.734700
v -1.756000 1.396799 4.754000
v -1.824000 1.396799 4.699700
v -1.824000 1.396799 4.612600
v -1.756000 1.396799 4.558300
v -1.671000 1.396799 4.577700
v -1.767100 1.396799 4.638600
v -1.767100 1.396799 4.673800
v -1.739700 1.396799 4.695700
v -1.705400 1.396799 4.687900
v -1.690100 1.396799 4.656200
v -1.705400 1.396799 4.624500
v -1.739700 1.396799 4.616700
v -1.767100 1.199399 4.638600
v -1.767100 1.199399 4.673800
v -1.739700 1.199399 4.695700
v -1.705400 1.199399 4.687900
v -1.690100 1.199399 4.656200
v -1.705400 1.199399 4.624500
v -1.739700 1.199399 4.616700
v -1.633200 1.195999 4.110100
v -1.671000 1.195999 4.188600
v -1.756000 1.195999 4.208000
v -1.824000 1.195999 4.153700
v -1.824000 1.195999 4.066600
v -1.756000 1.195999 4.012300
v -1.671000 1.195999 4.031600
v -1.633200 1.396799 4.110100
v -1.671000 1.396799 4.188600
v -1.756000 1.396799 4.208000
v -1.824000 1.396799 4.153700
v -1.824000 1.396799 4.066600
v -1.756000 1.396799 4.012300
v -1.671000 1.396799 4.031600
v -1.767100 1.396799 4.092500
v -1.767100 1.396799 4.127700
v -1.739700 1.396799 4.149600
v -1.705400 1.396799 4.141800
v -1.690100 1.396799 4.110100
v -1.705400 1.396799 4.078400
v -1.739700 1.396799 4.070600
v -1.767100 1.199399 4.092500
v -1.767100 1.199399 4.127700
v -1.739700 1.199399 4.149600
v -1.705400 1.199399 4.141800
v -1.690100 1.199399 4.110100
v -1.705400 1.199399 4.078400
v -1.739700 1.199399 4.070600
v -1.633200 1.195999 3.505600
v -1.671000 1.195999 3.584100
v -1.756000 1.195999 3.603500
v -1.824000 1.195999 3.549100
v -1.824000 1.195999 3.462100
v -1.756000 1.195999 3.407700
v -1.671000 1.195999 3.427100
v -1.633200 1.396799 3.505600
v -1.671000 1.396799 3.584100
v -1.756000 1.396799 3.603500
v -1.824000 1.396799 3.549100
v -1.824000 1.396799 3.462100
v -1.756000 1.396799 3.407700
v -1.671000 1.396799 3.427100
v -1.767100 1.396799 3.488000
v -1.767100 1.396799 3.523200
v -1.739700 1.396799 3.545100
v -1.705400 1.396799 3.537300
v -1.690100 1.396799 3.505600
v -1.705400 1.396799 3.473900
v -1.739700 1.396799 3.466100
v -1.767100 1.199399 3.488000
v -1.767100 1.199399 3.523200
v -1.739700 1.199399 3.545100
v -1.705400 1.199399 3.537300
v -1.690100 1.199399 3.505600
v -1.705400 1.199399 3.473900
v -1.739700 1.199399 3.466100
v 1.863400 0.265699 3.505600
v 1.825600 0.265699 3.584100
v 1.740700 0.265699 3.603500
v 1.672600 0.265699 3.549100
v 1.672600 0.265699 3.462100
v 1.740700 0.265699 3.407700
v 1.825600 0.265699 3.427100
v 1.863400 0.466499 3.505600
v 1.825600 0.466499 3.584100
v 1.740700 0.466499 3.603500
v 1.672600 0.466499 3.549100
v 1.672600 0.466499 3.462100
v 1.740700 0.466499 3.407700
v 1.825600 0.466499 3.427100
v 1.729500 0.466499 3.488000
v 1.729500 0.466499 3.523200
v 1.756900 0.466499 3.545100
v 1.791200 0.466499 3.537300
v 1.806500 0.466499 3.505600
v 1.791200 0.466499 3.473900
v 1.756900 0.466499 3.466100
v 1.729500 0.269099 3.488000
v 1.729500 0.269099 3.523200
v 1.756900 0.269099 3.545100
v 1.791200 0.269099 3.537300
v 1.806500 0.269099 3.505600
v 1.791200 0.269099 3.473900
v 1.756900 0.269099 3.466100
v 1.863400 0.265699 4.110100
v 1.825600 0.265699 4.188600
v 1.740700 0.265699 4.208000
v 1.672600 0.265699 4.153700
v 1.672600 0.265699 4.066600
v 1.740700 0.265699 4.012300
v 1.825600 0.265699 4.031600
v 1.863400 0.466499 4.110100
v 1.825600 0.466499 4.188600
v 1.740700 0.466499 4.208000
v 1.672600 0.466499 4.153700
v 1.672600 0.466499 4.066600
v 1.740700 0.466499 4.012300
v 1.825600 0.466499 4.031600
v 1.729500 0.466499 4.092500
v 1.729500 0.466499 4.127700
v 1.756900 0.466499 4.149600
v 1.791200 0.466499 4.141800
v 1.806500 0.466499 4.110100
v 1.791200 0.466499 4.078400
v 1.756900 0.466499 4.070600
v 1.729500 0.269099 4.092500
v 1.729500 0.269099 4.127700
v 1.756900 0.269099 4.149600
v 1.791200 0.269099 4.141800
v 1.806500 0.269099 4.110100
v 1.791200 0.269099 4.078400
v 1.756900 0.269099 4.070600
v 1.863400 0.265699 4.656200
v 1.825600 0.265699 4.734700
v 1.740700 0.265699 4.754000
v 1.672600 0.265699 4.699700
v 1.672600 0.265699 4.612600
v 1.740700 0.265699 4.558300
v 1.825600 0.265699 4.577700
v 1.863400 0.466499 4.656200
v 1.825600 0.466499 4.734700
v 1.740700 0.466499 4.754000
v 1.672600 0.466499 4.699700
v 1.672600 0.466499 4.612600
v 1.740700 0.466499 4.558300
v 1.825600 0.466499 4.577700
v 1.729500 0.466499 4.638600
v 1.729500 0.466499 4.673800
v 1.756900 0.466499 4.695700
v 1.791200 0.466499 4.687900
v 1.806500 0.466499 4.656200
v 1.791200 0.466499 4.624500
v 1.756900 0.466499 4.616700
v 1.729500 0.269099 4.638600
v 1.729500 0.269099 4.673800
v 1.756900 0.269099 4.695700
v 1.791200 0.269099 4.687900
v 1.806500 0.269099 4.656200
v 1.791200 0.269099 4.624500
v 1.756900 0.269099 4.616700
v 1.183700 0.265699 4.656200
v 1.145900 0.265699 4.734700
v 1.060900 0.265699 4.754000
v 0.992900 0.265699 4.699700
v 0.992900 0.265699 4.612600
v 1.060900 0.265699 4.558300
v 1.145900 0.265699 4.577700
v 1.183700 0.466499 4.656200
v 1.145900 0.466499 4.734700
v 1.060900 0.466499 4.754000
v 0.992900 0.466499 4.699700
v 0.992900 0.466499 4.612600
v 1.060900 0.466499 4.558300
v 1.145900 0.466499 4.577700
v 1.049800 0.466499 4.638600
v 1.049800 0.466499 4.673800
v 1.077200 0.466499 4.695700
v 1.111500 0.466499 4.687900
v 1.126800 0.466499 4.656200
v 1.111500 0.466499 4.624500
v 1.077200 0.466499 4.616700
v 1.049800 0.269099 4.638600
v 1.049800 0.269099 4.673800
v 1.077200 0.269099 4.695700
v 1.111500 0.269099 4.687900
v 1.126800 0.269099 4.656200
v 1.111500 0.269099 4.624500
v 1.077200 0.269099 4.616700
v 1.183700 0.265699 4.110100
v 1.145900 0.265699 4.188600
v 1.060900 0.265699 4.208000
v 0.992900 0.265699 4.153700
v 0.992900 0.265699 4.066600
v 1.060900 0.265699 4.012300
v 1.145900 0.265699 4.031600
v 1.183700 0.466499 4.110100
v 1.145900 0.466499 4.188600
v 1.060900 0.466499 4.208000
v 0.992900 0.466499 4.153700
v 0.992900 0.466499 4.066600
v 1.060900 0.466499 4.012300
v 1.145900 0.466499 4.031600
v 1.049800 0.466499 4.092500
v 1.049800 0.466499 4.127700
v 1.077200 0.466499 4.149600
v 1.111500 0.466499 4.141800
v 1.126800 0.466499 4.110100
v 1.111500 0.466499 4.078400
v 1.077200 0.466499 4.070600
v 1.049800 0.269099 4.092500
v 1.049800 0.269099 4.127700
v 1.077200 0.269099 4.149600
v 1.111500 0.269099 4.141800
v 1.126800 0.269099 4.110100
v 1.111500 0.269099 4.078400
v 1.077200 0.269099 4.070600
v 1.183700 0.265699 3.505600
v 1.145900 0.265699 3.584100
v 1.060900 0.265699 3.603500
v 0.992900 0.265699 3.549100
v 0.992900 0.265699 3.462100
v 1.060900 0.265699 3.407700
v 1.145900 0.265699 3.427100
v 1.183700 0.466499 3.505600
v 1.145900 0.466499 3.584100
v 1.060900 0.466499 3.603500
v 0.992900 0.466499 3.549100
v 0.992900 0.466499 3.462100
v 1.060900 0.466499 3.407700
v 1.145900 0.466499 3.427100
v 1.049800 0.466499 3.488000
v 1.049800 0.466499 3.523200
v 1.077200 0.466499 3.545100
v 1.111500 0.466499 3.537300
v 1.126800 0.466499 3.505600
v 1.111500 0.466499 3.473900
v 1.077200 0.466499 3.466100
v 1.049800 0.269099 3.488000
v 1.049800 0.269099 3.523200
v 1.077200 0.269099 3.545100
v 1.111500 0.269099 3.537300
v 1.126800 0.269099 3.505600
v 1.111500 0.269099 3.473900
v 1.077200 0.269099 3.466100
v 0.504200 0.265699 4.656200
v 0.466400 0.265699 4.734700
v 0.381400 0.265699 4.754000
v 0.313400 0.265699 4.699700
v 0.313400 0.265699 4.612600
v 0.381400 0.265699 4.558300
v 0.466400 0.265699 4.577700
v 0.504200 0.466499 4.656200
v 0.466400 0.466499 4.734700
v 0.381400 0.466499 4.754000
v 0.313400 0.466499 4.699700
v 0.313400 0.466499 4.612600
v 0.381400 0.466499 4.558300
v 0.466400 0.466499 4.577700
v 0.370300 0.466499 4.638600
v 0.370300 0.466499 4.673800
v 0.397700 0.466499 4.695700
v 0.432000 0.466499 4.687900
v 0.447300 0.466499 4.656200
v 0.432000 0.466499 4.624500
v 0.397700 0.466499 4.616700
v 0.370300 0.269099 4.638600
v 0.370300 0.269099 4.673800
v 0.397700 0.269099 4.695700
v 0.432000 0.269099 4.687900
v 0.447300 0.269099 4.656200
v 0.432000 0.269099 4.624500
v 0.397700 0.269099 4.616700
v 0.504200 0.265699 4.110100
v 0.466400 0.265699 4.188600
v 0.381400 0.265699 4.208000
v 0.313400 0.265699 4.153700
v 0.313400 0.265699 4.066600
v 0.381400 0.265699 4.012300
v 0.466400 0.265699 4.031600
v 0.504200 0.466499 4.110100
v 0.466400 0.466499 4.188600
v 0.381400 0.466499 4.208000
v 0.313400 0.466499 4.153700
v 0.313400 0.466499 4.066600
v 0.381400 0.466499 4.012300
v 0.466400 0.466499 4.031600
v 0.370300 0.466499 4.092500
v 0.370300 0.466499 4.127700
v 0.397700 0.466499 4.149600
v 0.432000 0.466499 4.141800
v 0.447300 0.466499 4.110100
v 0.432000 0.466499 4.078400
v 0.397700 0.466499 4.070600
v 0.370300 0.269099 4.092500
v 0.370300 0.269099 4.127700
v 0.397700 0.269099 4.149600
v 0.432000 0.269099 4.141800
v 0.447300 0.269099 4.110100
v 0.432000 0.269099 4.078400
v 0.397700 0.269099 4.070600
v 0.504200 0.265699 3.505600
v 0.466400 0.265699 3.584100
v 0.381400 0.265699 3.603500
v 0.313400 0.265699 3.549100
v 0.313400 0.265699 3.462100
v 0.381400 0.265699 3.407700
v 0.466400 0.265699 3.427100
v 0.504200 0.466499 3.505600
v 0.466400 0.466499 3.584100
v 0.381400 0.466499 3.603500
v 0.313400 0.466499 3.549100
v 0.313400 0.466499 3.462100
v 0.381400 0.466499 3.407700
v 0.466400 0.466499 3.427100
v 0.370300 0.466499 3.488000
v 0.370300 0.466499 3.523200
v 0.397700 0.466499 3.545100
v 0.432000 0.466499 3.537300
v 0.447300 0.466499 3.505600
v 0.432000 0.466499 3.473900
v 0.397700 0.466499 3.466100
v 0.370300 0.269099 3.488000
v 0.370300 0.269099 3.523200
v 0.397700 0.269099 3.545100
v 0.432000 0.269099 3.537300
v 0.447300 0.269099 3.505600
v 0.432000 0.269099 3.473900
v 0.397700 0.269099 3.466100
v -0.272500 0.265699 4.656200
v -0.310300 0.265699 4.734700
v -0.395300 0.265699 4.754000
v -0.463300 0.265699 4.699700
v -0.463300 0.265699 4.612600
v -0.395300 0.265699 4.558300
v -0.310300 0.265699 4.577700
v -0.272500 0.466499 4.656200
v -0.310300 0.466499 4.734700
v -0.395300 0.466499 4.754000
v -0.463300 0.466499 4.699700
v -0.463300 0.466499 4.612600
v -0.395300 0.466499 4.558300
v -0.310300 0.466499 4.577700
v -0.406400 0.466499 4.638600
v -0.406400 0.466499 4.673800
v -0.379000 0.466499 4.695700
v -0.344700 0.466499 4.687900
v -0.329400 0.466499 4.656200
v -0.344700 0.466499 4.624500
v -0.379000 0.466499 4.616700
v -0.406400 0.269099 4.638600
v -0.406400 0.269099 4.673800
v -0.379000 0.269099 4.695700
v -0.344700 0.269099 4.687900
v -0.329400 0.269099 4.656200
v -0.344700 0.269099 4.624500
v -0.379000 0.269099 4.616700
v -0.272500 0.265699 4.110100
v -0.310300 0.265699 4.188600
v -0.395300 0.265699 4.208000
v -0.463300 0.265699 4.153700
v -0.463300 0.265699 4.066600
v -0.395300 0.265699 4.012300
v -0.310300 0.265699 4.031600
v -0.272500 0.466499 4.110100
v -0.310300 0.466499 4.188600
v -0.395300 0.466499 4.208000
v -0.463300 0.466499 4.153700
v -0.463300 0.466499 4.066600
v -0.395300 0.466499 4.012300
v -0.310300 0.466499 4.031600
v -0.406400 0.466499 4.092500
v -0.406400 0.466499 4.127700
v -0.379000 0.466499 4.149600
v -0.344700 0.466499 4.141800
v -0.329400 0.466499 4.110100
v -0.344700 0.466499 4.078400
v -0.379000 0.466499 4.070600
v -0.406400 0.269099 4.092500
v -0.406400 0.269099 4.127700
v -0.379000 0.269099 4.149600
v -0.344700 0.269099 4.141800
v -0.329400 0.269099 4.110100
v -0.344700 0.269099 4.078400
v -0.379000 0.269099 4.070600
v -0.272500 0.265699 3.505600
v -0.310300 0.265699 3.584100
v -0.395300 0.265699 3.603500
v -0.463300 0.265699 3.549100
v -0.463300 0.265699 3.462100
v -0.395300 0.265699 3.407700
v -0.310300 0.265699 3.427100
v -0.272500 0.466499 3.505600
v -0.310300 0.466499 3.584100
v -0.395300 0.466499 3.603500
v -0.463300 0.466499 3.549100
v -0.463300 0.466499 3.462100
v -0.395300 0.466499 3.407700
v -0.310300 0.466499 3.427100
v -0.406400 0.466499 3.488000
v -0.406400 0.466499 3.523200
v -0.379000 0.466499 3.545100
v -0.344700 0.466499 3.537300
v -0.329400 0.466499 3.505600
v -0.344700 0.466499 3.473900
v -0.379000 0.466499 3.466100
v -0.406400 0.269099 3.488000
v -0.406400 0.269099 3.523200
v -0.379000 0.269099 3.545100
v -0.344700 0.269099 3.537300
v -0.329400 0.269099 3.505600
v -0.344700 0.269099 3.473900
v -0.379000 0.269099 3.466100
v -0.951600 0.265699 3.505600
v -0.989400 0.265699 3.584100
v -1.074400 0.265699 3.603500
v -1.142400 0.265699 3.549100
v -1.142400 0.265699 3.462100
v -1.074400 0.265699 3.407700
v -0.989400 0.265699 3.427100
v -0.951600 0.466499 3.505600
v -0.989400 0.466499 3.584100
v -1.074400 0.466499 3.603500
v -1.142400 0.466499 3.549100
v -1.142400 0.466499 3.462100
v -1.074400 0.466499 3.407700
v -0.989400 0.466499 3.427100
v -1.085500 0.466499 3.488000
v -1.085500 0.466499 3.523200
v -1.058100 0.466499 3.545100
v -1.023800 0.466499 3.537300
v -1.008500 0.466499 3.505600
v -1.023800 0.466499 3.473900
v -1.058100 0.466499 3.466100
v -1.085500 0.269099 3.488000
v -1.085500 0.269099 3.523200
v -1.058100 0.269099 3.545100
v -1.023800 0.269099 3.537300
v -1.008500 0.269099 3.505600
v -1.023800 0.269099 3.473900
v -1.058100 0.269099 3.466100
v -0.951600 0.265699 4.110100
v -0.989400 0.265699 4.188600
v -1.074400 0.265699 4.208000
v -1.142400 0.265699 4.153700
v -1.142400 0.265699 4.066600
v -1.074400 0.265699 4.012300
v -0.989400 0.265699 4.031600
v -0.951600 0.466499 4.110100
v -0.989400 0.466499 4.188600
v -1.074400 0.466499 4.208000
v -1.142400 0.466499 4.153700
v -1.142400 0.466499 4.066600
v -1.074400 0.466499 4.012300
v -0.989400 0.466499 4.031600
v -1.085500 0.466499 4.092500
v -1.085500 0.466499 4.127700
v -1.058100 0.466499 4.149600
v -1.023800 0.466499 4.141800
v -1.008500 0.466499 4.110100
v -1.023800 0.466499 4.078400
v -1.058100 0.466499 4.070600
v -1.085500 0.269099 4.092500
v -1.085500 0.269099 4.127700
v -1.058100 0.269099 4.149600
v -1.023800 0.269099 4.141800
v -1.008500 0.269099 4.110100
v -1.023800 0.269099 4.078400
v -1.058100 0.269099 4.070600
v -0.951600 0.265699 4.656200
v -0.989400 0.265699 4.734700
v -1.074400 0.265699 4.754000
v -1.142400 0.265699 4.699700
v -1.142400 0.265699 4.612600
v -1.074400 0.265699 4.558300
v -0.989400 0.265699 4.577700
v -0.951600 0.466499 4.656200
v -0.989400 0.466499 4.734700
v -1.074400 0.466499 4.754000
v -1.142400 0.466499 4.699700
v -1.142400 0.466499 4.612600
v -1.074400 0.466499 4.558300
v -0.989400 0.466499 4.577700
v -1.085500 0.466499 4.638600
v -1.085500 0.466499 4.673800
v -1.058100 0.466499 4.695700
v -1.023800 0.466499 4.687900
v -1.008500 0.466499 4.656200
v -1.023800 0.466499 4.624500
v -1.058100 0.466499 4.616700
v -1.085500 0.269099 4.638600
v -1.085500 0.269099 4.673800
v -1.058100 0.269099 4.695700
v -1.023800 0.269099 4.687900
v -1.008500 0.269099 4.656200
v -1.023800 0.269099 4.624500
v -1.058100 0.269099 4.616700
v -1.633200 0.265699 4.656200
v -1.671000 0.265699 4.734700
v -1.756000 0.265699 4.754000
v -1.824000 0.265699 4.699700
v -1.824000 0.265699 4.612600
v -1.756000 0.265699 4.558300
v -1.671000 0.265699 4.577700
v -1.633200 0.466499 4.656200
v -1.671000 0.466499 4.734700
v -1.756000 0.466499 4.754000
v -1.824000 0.466499 4.699700
v -1.824000 0.466499 4.612600
v -1.756000 0.466499 4.558300
v -1.671000 0.466499 4.577700
v -1.767100 0.466499 4.638600
v -1.767100 0.466499 4.673800
v -1.739700 0.466499 4.695700
v -1.705400 0.466499 4.687900
v -1.690100 0.466499 4.656200
v -1.705400 0.466499 4.624500
v -1.739700 0.466499 4.616700
v -1.767100 0.269099 4.638600
v -1.767100 0.269099 4.673800
v -1.739700 0.269099 4.695700
v -1.705400 0.269099 4.687900
v -1.690100 0.269099 4.656200
v -1.705400 0.269099 4.624500
v -1.739700 0.269099 4.616700
v -1.633200 0.265699 4.110100
v -1.671000 0.265699 4.188600
v -1.756000 0.265699 4.208000
v -1.824000 0.265699 4.153700
v -1.824000 0.265699 4.066600
v -1.756000 0.265699 4.012300
v -1.671000 0.265699 4.031600
v -1.633200 0.466499 4.110100
v -1.671000 0.466499 4.188600
v -1.756000 0.466499 4.208000
v -1.824000 0.466499 4.153700
v -1.824000 0.466499 4.066600
v -1.756000 0.466499 4.012300
v -1.671000 0.466499 4.031600
v -1.767100 0.466499 4.092500
v -1.767100 0.466499 4.127700
v -1.739700 0.466499 4.149600
v -1.705400 0.466499 4.141800
v -1.690100 0.466499 4.110100
v -1.705400 0.466499 4.078400
v -1.739700 0.466499 4.070600
v -1.767100 0.269099 4.092500
v -1.767100 0.269099 4.127700
v -1.739700 0.269099 4.149600
v -1.705400 0.269099 4.141800
v -1.690100 0.269099 4.110100
v -1.705400 0.269099 4.078400
v -1.739700 0.269099 4.070600
v -1.633200 0.265699 3.505600
v -1.671000 0.265699 3.584100
v -1.756000 0.265699 3.603500
v -1.824000 0.265699 3.549100
v -1.824000 0.265699 3.462100
v -1.756000 0.265699 3.407700
v -1.671000 0.265699 3.427100
v -1.633200 0.466499 3.505600
v -1.671000 0.466499 3.584100
v -1.756000 0.466499 3.603500
v -1.824000 0.466499 3.549100
v -1.824000 0.466499 3.462100
v -1.756000 0.466499 3.407700
v -1.671000 0.466499 3.427100
v -1.767100 0.466499 3.488000
v -1.767100 0.466499 3.523200
v -1.739700 0.466499 3.545100
v -1.705400 0.466499 3.537300
v -1.690100 0.466499 3.505600
v -1.705400 0.466499 3.473900
v -1.739700 0.466499 3.466100
v -1.767100 0.269099 3.488000
v -1.767100 0.269099 3.523200
v -1.739700 0.269099 3.545100
v -1.705400 0.269099 3.537300
v -1.690100 0.269099 3.505600
v -1.705400 0.269099 3.473900
v -1.739700 0.269099 3.466100
v -1.633200 2.096800 2.593600
v -1.671000 2.096800 2.672100
v -1.756000 2.096800 2.691400
v -1.824000 2.096800 2.637100
v -1.824000 2.096800 2.550000
v -1.756000 2.096800 2.495700
v -1.671000 2.096800 2.515100
v -1.633200 2.297600 2.593601
v -1.671000 2.297600 2.672101
v -1.756000 2.297600 2.691401
v -1.824000 2.297600 2.637100
v -1.824000 2.297600 2.550000
v -1.756000 2.297600 2.495700
v -1.671000 2.297600 2.515100
v -1.767100 2.297600 2.576000
v -1.767100 2.297600 2.611201
v -1.739700 2.297600 2.633101
v -1.705400 2.297600 2.625300
v -1.690100 2.297600 2.593601
v -1.705400 2.297600 2.561900
v -1.739700 2.297600 2.554101
v -1.767100 2.100199 2.576000
v -1.767100 2.100199 2.611200
v -1.739700 2.100199 2.633100
v -1.705400 2.100199 2.625300
v -1.690100 2.100199 2.593600
v -1.705400 2.100199 2.561900
v -1.739700 2.100199 2.554100
v -1.633200 2.096800 2.047500
v -1.671000 2.096800 2.126000
v -1.756000 2.096800 2.145300
v -1.824000 2.096800 2.091000
v -1.824000 2.096800 2.004000
v -1.756000 2.096800 1.949600
v -1.671000 2.096800 1.969000
v -1.633200 2.297600 2.047500
v -1.671000 2.297600 2.126000
v -1.756000 2.297600 2.145300
v -1.824000 2.297600 2.091001
v -1.824000 2.297600 2.004000
v -1.756000 2.297600 1.949600
v -1.671000 2.297600 1.969000
v -1.767100 2.297600 2.029901
v -1.767100 2.297600 2.065100
v -1.739700 2.297600 2.087000
v -1.705400 2.297600 2.079201
v -1.690100 2.297600 2.047500
v -1.705400 2.297600 2.015800
v -1.739700 2.297600 2.008000
v -1.767100 2.100200 2.029900
v -1.767100 2.100200 2.065100
v -1.739700 2.100200 2.087000
v -1.705400 2.100200 2.079200
v -1.690100 2.100200 2.047500
v -1.705400 2.100200 2.015800
v -1.739700 2.100200 2.008000
v -1.633200 2.096800 1.443000
v -1.671000 2.096800 1.521500
v -1.756000 2.096800 1.540800
v -1.824000 2.096800 1.486500
v -1.824000 2.096800 1.399400
v -1.756000 2.096800 1.345100
v -1.671000 2.096800 1.364500
v -1.633200 2.297600 1.443000
v -1.671000 2.297600 1.521500
v -1.756000 2.297600 1.540800
v -1.824000 2.297600 1.486500
v -1.824000 2.297600 1.399400
v -1.756000 2.297600 1.345100
v -1.671000 2.297600 1.364500
v -1.767100 2.297600 1.425400
v -1.767100 2.297600 1.460600
v -1.739700 2.297600 1.482500
v -1.705400 2.297600 1.474700
v -1.690100 2.297600 1.443000
v -1.705400 2.297600 1.411300
v -1.739700 2.297600 1.403500
v -1.767100 2.100200 1.425400
v -1.767100 2.100200 1.460600
v -1.739700 2.100200 1.482500
v -1.705400 2.100200 1.474700
v -1.690100 2.100200 1.443000
v -1.705400 2.100200 1.411300
v -1.739700 2.100200 1.403500
v -1.633200 2.096800 0.565500
v -1.671000 2.096800 0.644000
v -1.756000 2.096800 0.663300
v -1.824000 2.096800 0.609000
v -1.824000 2.096800 0.521900
v -1.756000 2.096800 0.467600
v -1.671000 2.096800 0.487000
v -1.633200 2.297600 0.565500
v -1.671000 2.297600 0.644000
v -1.756000 2.297600 0.663300
v -1.824000 2.297600 0.609000
v -1.824000 2.297600 0.521900
v -1.756000 2.297600 0.467600
v -1.671000 2.297600 0.487000
v -1.767100 2.297600 0.547900
v -1.767100 2.297600 0.583100
v -1.739700 2.297600 0.605000
v -1.705400 2.297600 0.597200
v -1.690100 2.297600 0.565500
v -1.705400 2.297600 0.533800
v -1.739700 2.297600 0.526000
v -1.767100 2.100200 0.547900
v -1.767100 2.100200 0.583100
v -1.739700 2.100200 0.605000
v -1.705400 2.100200 0.597200
v -1.690100 2.100200 0.565500
v -1.705400 2.100200 0.533800
v -1.739700 2.100200 0.526000
v -1.633200 2.096800 0.019400
v -1.671000 2.096800 0.097900
v -1.756000 2.096800 0.117300
v -1.824000 2.096800 0.062900
v -1.824000 2.096800 -0.024100
v -1.756000 2.096800 -0.078500
v -1.671000 2.096800 -0.059100
v -1.633200 2.297600 0.019400
v -1.671000 2.297600 0.097900
v -1.756000 2.297600 0.117300
v -1.824000 2.297600 0.062900
v -1.824000 2.297600 -0.024100
v -1.756000 2.297600 -0.078500
v -1.671000 2.297600 -0.059100
v -1.767100 2.297600 0.001800
v -1.767100 2.297600 0.037000
v -1.739700 2.297600 0.058900
v -1.705400 2.297600 0.051100
v -1.690100 2.297600 0.019400
v -1.705400 2.297600 -0.012300
v -1.739700 2.297600 -0.020100
v -1.767100 2.100200 0.001800
v -1.767100 2.100200 0.037000
v -1.739700 2.100200 0.058900
v -1.705400 2.100200 0.051100
v -1.690100 2.100200 0.019400
v -1.705400 2.100200 -0.012300
v -1.739700 2.100200 -0.020100
v -1.633200 2.096800 -0.585100
v -1.671000 2.096800 -0.506600
v -1.756000 2.096800 -0.487300
v -1.824000 2.096800 -0.541600
v -1.824000 2.096800 -0.628700
v -1.756000 2.096800 -0.683000
v -1.671000 2.096800 -0.663600
v -1.633200 2.297600 -0.585100
v -1.671000 2.297600 -0.506600
v -1.756000 2.297600 -0.487300
v -1.824000 2.297600 -0.541600
v -1.824000 2.297600 -0.628700
v -1.756000 2.297600 -0.683000
v -1.671000 2.297600 -0.663600
v -1.767100 2.297600 -0.602700
v -1.767100 2.297600 -0.567500
v -1.739700 2.297600 -0.545600
v -1.705400 2.297600 -0.553400
v -1.690100 2.297600 -0.585100
v -1.705400 2.297600 -0.616800
v -1.739700 2.297600 -0.624600
v -1.767100 2.100200 -0.602700
v -1.767100 2.100200 -0.567500
v -1.739700 2.100200 -0.545600
v -1.705400 2.100200 -0.553400
v -1.690100 2.100200 -0.585100
v -1.705400 2.100200 -0.616800
v -1.739700 2.100200 -0.624600
v -1.633200 2.096800 -1.460600
v -1.671000 2.096800 -1.382100
v -1.756000 2.096800 -1.362800
v -1.824000 2.096800 -1.417100
v -1.824000 2.096800 -1.504200
v -1.756000 2.096800 -1.558500
v -1.671000 2.096800 -1.539100
v -1.633200 2.297600 -1.460600
v -1.671000 2.297600 -1.382100
v -1.756000 2.297600 -1.362800
v -1.824000 2.297600 -1.417100
v -1.824000 2.297600 -1.504200
v -1.756000 2.297600 -1.558500
v -1.671000 2.297600 -1.539100
v -1.767100 2.297600 -1.478200
v -1.767100 2.297600 -1.443000
v -1.739700 2.297600 -1.421100
v -1.705400 2.297600 -1.428900
v -1.690100 2.297600 -1.460600
v -1.705400 2.297600 -1.492300
v -1.739700 2.297600 -1.500100
v -1.767100 2.100200 -1.478200
v -1.767100 2.100200 -1.443000
v -1.739700 2.100200 -1.421100
v -1.705400 2.100200 -1.428900
v -1.690100 2.100200 -1.460600
v -1.705400 2.100200 -1.492300
v -1.739700 2.100200 -1.500100
v -1.633200 2.096800 -2.006700
v -1.671000 2.096800 -1.928200
v -1.756000 2.096800 -1.908900
v -1.824000 2.096800 -1.963200
v -1.824000 2.096800 -2.050200
v -1.756000 2.096800 -2.104600
v -1.671000 2.096800 -2.085200
v -1.633200 2.297600 -2.006700
v -1.671000 2.297600 -1.928200
v -1.756000 2.297600 -1.908900
v -1.824000 2.297600 -1.963200
v -1.824000 2.297600 -2.050200
v -1.756000 2.297600 -2.104599
v -1.671000 2.297600 -2.085200
v -1.767100 2.297600 -2.024300
v -1.767100 2.297600 -1.989100
v -1.739700 2.297600 -1.967200
v -1.705400 2.297600 -1.975000
v -1.690100 2.297600 -2.006700
v -1.705400 2.297600 -2.038399
v -1.739700 2.297600 -2.046200
v -1.767100 2.100200 -2.024300
v -1.767100 2.100200 -1.989100
v -1.739700 2.100200 -1.967200
v -1.705400 2.100200 -1.975000
v -1.690100 2.100200 -2.006700
v -1.705400 2.100200 -2.038400
v -1.739700 2.100200 -2.046200
v -1.633200 2.096801 -2.611200
v -1.671000 2.096801 -2.532700
v -1.756000 2.096801 -2.513400
v -1.824000 2.096801 -2.567700
v -1.824000 2.096801 -2.654800
v -1.756000 2.096801 -2.709100
v -1.671000 2.096801 -2.689700
v -1.633200 2.297601 -2.611200
v -1.671000 2.297601 -2.532700
v -1.756000 2.297601 -2.513400
v -1.824000 2.297601 -2.567699
v -1.824000 2.297601 -2.654799
v -1.756000 2.297601 -2.709100
v -1.671000 2.297601 -2.689699
v -1.767100 2.297601 -2.628799
v -1.767100 2.297601 -2.593600
v -1.739700 2.297601 -2.571700
v -1.705400 2.297601 -2.579499
v -1.690100 2.297601 -2.611200
v -1.705400 2.297601 -2.642900
v -1.739700 2.297601 -2.650700
v -1.767100 2.100200 -2.628800
v -1.767100 2.100200 -2.593600
v -1.739700 2.100200 -2.571700
v -1.705400 2.100200 -2.579500
v -1.690100 2.100200 -2.611200
v -1.705400 2.100200 -2.642900
v -1.739700 2.100200 -2.650700
v -1.633200 1.196500 -2.611200
v -1.671000 1.196500 -2.532700
v -1.756000 1.196500 -2.513400
v -1.824000 1.196500 -2.567700
v -1.824000 1.196500 -2.654800
v -1.756000 1.196500 -2.709100
v -1.671000 1.196500 -2.689700
v -1.633200 1.397300 -2.611200
v -1.671000 1.397300 -2.532700
v -1.756000 1.397300 -2.513400
v -1.824000 1.397300 -2.567700
v -1.824000 1.397300 -2.654800
v -1.756000 1.397300 -2.709100
v -1.671000 1.397300 -2.689700
v -1.767100 1.397300 -2.628800
v -1.767100 1.397300 -2.593600
v -1.739700 1.397300 -2.571700
v -1.705400 1.397300 -2.579500
v -1.690100 1.397300 -2.611200
v -1.705400 1.397300 -2.642900
v -1.739700 1.397300 -2.650700
v -1.767100 1.199901 -2.628800
v -1.767100 1.199901 -2.593600
v -1.739700 1.199901 -2.571700
v -1.705400 1.199901 -2.579500
v -1.690100 1.199901 -2.611200
v -1.705400 1.199901 -2.642900
v -1.739700 1.199901 -2.650700
v -1.633200 1.196500 -2.006700
v -1.671000 1.196500 -1.928200
v -1.756000 1.196500 -1.908900
v -1.824000 1.196500 -1.963200
v -1.824000 1.196500 -2.050200
v -1.756000 1.196500 -2.104600
v -1.671000 1.196500 -2.085200
v -1.633200 1.397300 -2.006700
v -1.671000 1.397300 -1.928200
v -1.756000 1.397300 -1.908900
v -1.824000 1.397300 -1.963200
v -1.824000 1.397300 -2.050200
v -1.756000 1.397300 -2.104600
v -1.671000 1.397300 -2.085200
v -1.767100 1.397300 -2.024300
v -1.767100 1.397300 -1.989100
v -1.739700 1.397300 -1.967200
v -1.705400 1.397300 -1.975000
v -1.690100 1.397300 -2.006700
v -1.705400 1.397300 -2.038400
v -1.739700 1.397300 -2.046200
v -1.767100 1.199900 -2.024300
v -1.767100 1.199900 -1.989100
v -1.739700 1.199900 -1.967200
v -1.705400 1.199900 -1.975000
v -1.690100 1.199900 -2.006700
v -1.705400 1.199900 -2.038400
v -1.739700 1.199900 -2.046200
v -1.633200 1.196500 -1.460600
v -1.671000 1.196500 -1.382100
v -1.756000 1.196500 -1.362800
v -1.824000 1.196500 -1.417100
v -1.824000 1.196500 -1.504200
v -1.756000 1.196500 -1.558500
v -1.671000 1.196500 -1.539100
v -1.633200 1.397300 -1.460600
v -1.671000 1.397300 -1.382100
v -1.756000 1.397300 -1.362800
v -1.824000 1.397300 -1.417100
v -1.824000 1.397300 -1.504200
v -1.756000 1.397300 -1.558500
v -1.671000 1.397300 -1.539100
v -1.767100 1.397300 -1.478200
v -1.767100 1.397300 -1.443000
v -1.739700 1.397300 -1.421100
v -1.705400 1.397300 -1.428900
v -1.690100 1.397300 -1.460600
v -1.705400 1.397300 -1.492300
v -1.739700 1.397300 -1.500100
v -1.767100 1.199900 -1.478200
v -1.767100 1.199900 -1.443000
v -1.739700 1.199900 -1.421100
v -1.705400 1.199900 -1.428900
v -1.690100 1.199900 -1.460600
v -1.705400 1.199900 -1.492300
v -1.739700 1.199900 -1.500100
v -1.633200 1.196500 -0.585100
v -1.671000 1.196500 -0.506600
v -1.756000 1.196500 -0.487300
v -1.824000 1.196500 -0.541600
v -1.824000 1.196500 -0.628700
v -1.756000 1.196500 -0.683000
v -1.671000 1.196500 -0.663600
v -1.633200 1.397300 -0.585100
v -1.671000 1.397300 -0.506600
v -1.756000 1.397300 -0.487300
v -1.824000 1.397300 -0.541600
v -1.824000 1.397300 -0.628700
v -1.756000 1.397300 -0.683000
v -1.671000 1.397300 -0.663600
v -1.767100 1.397300 -0.602700
v -1.767100 1.397300 -0.567500
v -1.739700 1.397300 -0.545600
v -1.705400 1.397300 -0.553400
v -1.690100 1.397300 -0.585100
v -1.705400 1.397300 -0.616800
v -1.739700 1.397300 -0.624600
v -1.767100 1.199900 -0.602700
v -1.767100 1.199900 -0.567500
v -1.739700 1.199900 -0.545600
v -1.705400 1.199900 -0.553400
v -1.690100 1.199900 -0.585100
v -1.705400 1.199900 -0.616800
v -1.739700 1.199900 -0.624600
v -1.633200 1.196500 0.019400
v -1.671000 1.196500 0.097900
v -1.756000 1.196500 0.117300
v -1.824000 1.196500 0.062900
v -1.824000 1.196500 -0.024100
v -1.756000 1.196500 -0.078500
v -1.671000 1.196500 -0.059100
v -1.633200 1.397300 0.019400
v -1.671000 1.397300 0.097900
v -1.756000 1.397300 0.117300
v -1.824000 1.397300 0.062900
v -1.824000 1.397300 -0.024100
v -1.756000 1.397300 -0.078500
v -1.671000 1.397300 -0.059100
v -1.767100 1.397300 0.001800
v -1.767100 1.397300 0.037000
v -1.739700 1.397300 0.058900
v -1.705400 1.397300 0.051100
v -1.690100 1.397300 0.019400
v -1.705400 1.397300 -0.012300
v -1.739700 1.397300 -0.020100
v -1.767100 1.199900 0.001800
v -1.767100 1.199900 0.037000
v -1.739700 1.199900 0.058900
v -1.705400 1.199900 0.051100
v -1.690100 1.199900 0.019400
v -1.705400 1.199900 -0.012300
v -1.739700 1.199900 -0.020100
v -1.633200 1.196500 0.565500
v -1.671000 1.196500 0.644000
v -1.756000 1.196500 0.663300
v -1.824000 1.196500 0.609000
v -1.824000 1.196500 0.521900
v -1.756000 1.196500 0.467600
v -1.671000 1.196500 0.487000
v -1.633200 1.397300 0.565500
v -1.671000 1.397300 0.644000
v -1.756000 1.397300 0.663300
v -1.824000 1.397300 0.609000
v -1.824000 1.397300 0.521900
v -1.756000 1.397300 0.467600
v -1.671000 1.397300 0.487000
v -1.767100 1.397300 0.547900
v -1.767100 1.397300 0.583100
v -1.739700 1.397300 0.605000
v -1.705400 1.397300 0.597200
v -1.690100 1.397300 0.565500
v -1.705400 1.397300 0.533800
v -1.739700 1.397300 0.526000
v -1.767100 1.199900 0.547900
v -1.767100 1.199900 0.583100
v -1.739700 1.199900 0.605000
v -1.705400 1.199900 0.597200
v -1.690100 1.199900 0.565500
v -1.705400 1.199900 0.533800
v -1.739700 1.199900 0.526000
v -1.633200 1.196500 1.443000
v -1.671000 1.196500 1.521500
v -1.756000 1.196500 1.540800
v -1.824000 1.196500 1.486500
v -1.824000 1.196500 1.399400
v -1.756000 1.196500 1.345100
v -1.671000 1.196500 1.364500
v -1.633200 1.397300 1.443000
v -1.671000 1.397300 1.521500
v -1.756000 1.397300 1.540800
v -1.824000 1.397300 1.486500
v -1.824000 1.397300 1.399400
v -1.756000 1.397300 1.345100
v -1.671000 1.397300 1.364500
v -1.767100 1.397300 1.425400
v -1.767100 1.397300 1.460600
v -1.739700 1.397300 1.482500
v -1.705400 1.397300 1.474700
v -1.690100 1.397300 1.443000
v -1.705400 1.397300 1.411300
v -1.739700 1.397300 1.403500
v -1.767100 1.199900 1.425400
v -1.767100 1.199900 1.460600
v -1.739700 1.199900 1.482500
v -1.705400 1.199900 1.474700
v -1.690100 1.199900 1.443000
v -1.705400 1.199900 1.411300
v -1.739700 1.199900 1.403500
v -1.633200 1.196500 2.047500
v -1.671000 1.196500 2.126000
v -1.756000 1.196500 2.145300
v -1.824000 1.196500 2.091000
v -1.824000 1.196500 2.004000
v -1.756000 1.196500 1.949600
v -1.671000 1.196500 1.969000
v -1.633200 1.397300 2.047500
v -1.671000 1.397300 2.126000
v -1.756000 1.397300 2.145300
v -1.824000 1.397300 2.091000
v -1.824000 1.397300 2.004000
v -1.756000 1.397300 1.949600
v -1.671000 1.397300 1.969000
v -1.767100 1.397300 2.029900
v -1.767100 1.397300 2.065100
v -1.739700 1.397300 2.087000
v -1.705400 1.397300 2.079200
v -1.690100 1.397300 2.047500
v -1.705400 1.397300 2.015800
v -1.739700 1.397300 2.008000
v -1.767100 1.199900 2.029900
v -1.767100 1.199900 2.065100
v -1.739700 1.199900 2.087000
v -1.705400 1.199900 2.079200
v -1.690100 1.199900 2.047500
v -1.705400 1.199900 2.015800
v -1.739700 1.199900 2.008000
v -1.633200 1.196499 2.593600
v -1.671000 1.196499 2.672100
v -1.756000 1.196499 2.691400
v -1.824000 1.196499 2.637100
v -1.824000 1.196500 2.550000
v -1.756000 1.196500 2.495700
v -1.671000 1.196500 2.515100
v -1.633200 1.397300 2.593600
v -1.671000 1.397300 2.672100
v -1.756000 1.397300 2.691400
v -1.824000 1.397300 2.637100
v -1.824000 1.397300 2.550000
v -1.756000 1.397300 2.495700
v -1.671000 1.397300 2.515100
v -1.767100 1.397300 2.576000
v -1.767100 1.397300 2.611200
v -1.739700 1.397300 2.633100
v -1.705400 1.397300 2.625300
v -1.690100 1.397300 2.593600
v -1.705400 1.397300 2.561900
v -1.739700 1.397300 2.554100
v -1.767100 1.199900 2.576000
v -1.767100 1.199900 2.611200
v -1.739700 1.199900 2.633100
v -1.705400 1.199900 2.625300
v -1.690100 1.199900 2.593600
v -1.705400 1.199900 2.561900
v -1.739700 1.199900 2.554100
v -1.633200 0.266000 -2.611200
v -1.671000 0.266000 -2.532700
v -1.756000 0.266000 -2.513400
v -1.824000 0.266000 -2.567700
v -1.824000 0.266000 -2.654800
v -1.756000 0.266000 -2.709100
v -1.671000 0.266000 -2.689700
v -1.633200 0.466800 -2.611200
v -1.671000 0.466800 -2.532700
v -1.756000 0.466800 -2.513400
v -1.824000 0.466800 -2.567700
v -1.824000 0.466800 -2.654800
v -1.756000 0.466800 -2.709100
v -1.671000 0.466800 -2.689700
v -1.767100 0.466800 -2.628800
v -1.767100 0.466800 -2.593600
v -1.739700 0.466800 -2.571700
v -1.705400 0.466800 -2.579500
v -1.690100 0.466800 -2.611200
v -1.705400 0.466800 -2.642900
v -1.739700 0.466800 -2.650700
v -1.767100 0.269400 -2.628800
v -1.767100 0.269400 -2.593600
v -1.739700 0.269400 -2.571700
v -1.705400 0.269400 -2.579500
v -1.690100 0.269400 -2.611200
v -1.705400 0.269400 -2.642900
v -1.739700 0.269400 -2.650700
v -1.633200 0.266000 -2.006700
v -1.671000 0.266000 -1.928200
v -1.756000 0.266000 -1.908900
v -1.824000 0.266000 -1.963200
v -1.824000 0.266000 -2.050200
v -1.756000 0.266000 -2.104600
v -1.671000 0.266000 -2.085200
v -1.633200 0.466800 -2.006700
v -1.671000 0.466800 -1.928200
v -1.756000 0.466800 -1.908900
v -1.824000 0.466800 -1.963200
v -1.824000 0.466800 -2.050200
v -1.756000 0.466800 -2.104600
v -1.671000 0.466800 -2.085200
v -1.767100 0.466800 -2.024300
v -1.767100 0.466800 -1.989100
v -1.739700 0.466800 -1.967200
v -1.705400 0.466800 -1.975000
v -1.690100 0.466800 -2.006700
v -1.705400 0.466800 -2.038400
v -1.739700 0.466800 -2.046200
v -1.767100 0.269400 -2.024300
v -1.767100 0.269400 -1.989100
v -1.739700 0.269400 -1.967200
v -1.705400 0.269400 -1.975000
v -1.690100 0.269400 -2.006700
v -1.705400 0.269400 -2.038400
v -1.739700 0.269400 -2.046200
v -1.633200 0.266000 -1.460600
v -1.671000 0.266000 -1.382100
v -1.756000 0.266000 -1.362800
v -1.824000 0.266000 -1.417100
v -1.824000 0.266000 -1.504200
v -1.756000 0.266000 -1.558500
v -1.671000 0.266000 -1.539100
v -1.633200 0.466800 -1.460600
v -1.671000 0.466800 -1.382100
v -1.756000 0.466800 -1.362800
v -1.824000 0.466800 -1.417100
v -1.824000 0.466800 -1.504200
v -1.756000 0.466800 -1.558500
v -1.671000 0.466800 -1.539100
v -1.767100 0.466800 -1.478200
v -1.767100 0.466800 -1.443000
v -1.739700 0.466800 -1.421100
v -1.705400 0.466800 -1.428900
v -1.690100 0.466800 -1.460600
v -1.705400 0.466800 -1.492300
v -1.739700 0.466800 -1.500100
v -1.767100 0.269400 -1.478200
v -1.767100 0.269400 -1.443000
v -1.739700 0.269400 -1.421100
v -1.705400 0.269400 -1.428900
v -1.690100 0.269400 -1.460600
v -1.705400 0.269400 -1.492300
v -1.739700 0.269400 -1.500100
v -1.633200 0.266000 -0.585100
v -1.671000 0.266000 -0.506600
v -1.756000 0.266000 -0.487300
v -1.824000 0.266000 -0.541600
v -1.824000 0.266000 -0.628700
v -1.756000 0.266000 -0.683000
v -1.671000 0.266000 -0.663600
v -1.633200 0.466800 -0.585100
v -1.671000 0.466800 -0.506600
v -1.756000 0.466800 -0.487300
v -1.824000 0.466800 -0.541600
v -1.824000 0.466800 -0.628700
v -1.756000 0.466800 -0.683000
v -1.671000 0.466800 -0.663600
v -1.767100 0.466800 -0.602700
v -1.767100 0.466800 -0.567500
v -1.739700 0.466800 -0.545600
v -1.705400 0.466800 -0.553400
v -1.690100 0.466800 -0.585100
v -1.705400 0.466800 -0.616800
v -1.739700 0.466800 -0.624600
v -1.767100 0.269400 -0.602700
v -1.767100 0.269400 -0.567500
v -1.739700 0.269400 -0.545600
v -1.705400 0.269400 -0.553400
v -1.690100 0.269400 -0.585100
v -1.705400 0.269400 -0.616800
v -1.739700 0.269400 -0.624600
v -1.633200 0.266000 0.019400
v -1.671000 0.266000 0.097900
v -1.756000 0.266000 0.117300
v -1.824000 0.266000 0.062900
v -1.824000 0.266000 -0.024100
v -1.756000 0.266000 -0.078500
v -1.671000 0.266000 -0.059100
v -1.633200 0.466800 0.019400
v -1.671000 0.466800 0.097900
v -1.756000 0.466800 0.117300
v -1.824000 0.466800 0.062900
v -1.824000 0.466800 -0.024100
v -1.756000 0.466800 -0.078500
v -1.671000 0.466800 -0.059100
v -1.767100 0.466800 0.001800
v -1.767100 0.466800 0.037000
v -1.739700 0.466800 0.058900
v -1.705400 0.466800 0.051100
v -1.690100 0.466800 0.019400
v -1.705400 0.466800 -0.012300
v -1.739700 0.466800 -0.020100
v -1.767100 0.269400 0.001800
v -1.767100 0.269400 0.037000
v -1.739700 0.269400 0.058900
v -1.705400 0.269400 0.051100
v -1.690100 0.269400 0.019400
v -1.705400 0.269400 -0.012300
v -1.739700 0.269400 -0.020100
v -1.633200 0.266000 0.565500
v -1.671000 0.266000 0.644000
v -1.756000 0.266000 0.663300
v -1.824000 0.266000 0.609000
v -1.824000 0.266000 0.521900
v -1.756000 0.266000 0.467600
v -1.671000 0.266000 0.487000
v -1.633200 0.466800 0.565500
v -1.671000 0.466800 0.644000
v -1.756000 0.466800 0.663300
v -1.824000 0.466800 0.609000
v -1.824000 0.466800 0.521900
v -1.756000 0.466800 0.467600
v -1.671000 0.466800 0.487000
v -1.767100 0.466800 0.547900
v -1.767100 0.466800 0.583100
v -1.739700 0.466800 0.605000
v -1.705400 0.466800 0.597200
v -1.690100 0.466800 0.565500
v -1.705400 0.466800 0.533800
v -1.739700 0.466800 0.526000
v -1.767100 0.269400 0.547900
v -1.767100 0.269400 0.583100
v -1.739700 0.269400 0.605000
v -1.705400 0.269400 0.597200
v -1.690100 0.269400 0.565500
v -1.705400 0.269400 0.533800
v -1.739700 0.269400 0.526000
v -1.633200 0.266000 1.443000
v -1.671000 0.266000 1.521500
v -1.756000 0.266000 1.540800
v -1.824000 0.266000 1.486500
v -1.824000 0.266000 1.399400
v -1.756000 0.266000 1.345100
v -1.671000 0.266000 1.364500
v -1.633200 0.466800 1.443000
v -1.671000 0.466800 1.521500
v -1.756000 0.466800 1.540800
v -1.824000 0.466800 1.486500
v -1.824000 0.466800 1.399400
v -1.756000 0.466800 1.345100
v -1.671000 0.466800 1.364500
v -1.767100 0.466800 1.425400
v -1.767100 0.466800 1.460600
v -1.739700 0.466800 1.482500
v -1.705400 0.466800 1.474700
v -1.690100 0.466800 1.443000
v -1.705400 0.466800 1.411300
v -1.739700 0.466800 1.403500
v -1.767100 0.269400 1.425400
v -1.767100 0.269400 1.460600
v -1.739700 0.269400 1.482500
v -1.705400 0.269400 1.474700
v -1.690100 0.269400 1.443000
v -1.705400 0.269400 1.411300
v -1.739700 0.269400 1.403500
v -1.633200 0.266000 2.047500
v -1.671000 0.266000 2.126000
v -1.756000 0.266000 2.145300
v -1.824000 0.266000 2.091000
v -1.824000 0.266000 2.004000
v -1.756000 0.266000 1.949600
v -1.671000 0.266000 1.969000
v -1.633200 0.466800 2.047500
v -1.671000 0.466800 2.126000
v -1.756000 0.466800 2.145300
v -1.824000 0.466800 2.091000
v -1.824000 0.466800 2.004000
v -1.756000 0.466800 1.949600
v -1.671000 0.466800 1.969000
v -1.767100 0.466800 2.029900
v -1.767100 0.466800 2.065100
v -1.739700 0.466800 2.087000
v -1.705400 0.466800 2.079200
v -1.690100 0.466800 2.047500
v -1.705400 0.466800 2.015800
v -1.739700 0.466800 2.008000
v -1.767100 0.269400 2.029900
v -1.767100 0.269400 2.065100
v -1.739700 0.269400 2.087000
v -1.705400 0.269400 2.079200
v -1.690100 0.269400 2.047500
v -1.705400 0.269400 2.015800
v -1.739700 0.269400 2.008000
v -1.633200 0.266000 2.593600
v -1.671000 0.266000 2.672100
v -1.756000 0.266000 2.691400
v -1.824000 0.266000 2.637100
v -1.824000 0.266000 2.550000
v -1.756000 0.266000 2.495700
v -1.671000 0.266000 2.515100
v -1.633200 0.466800 2.593600
v -1.671000 0.466800 2.672100
v -1.756000 0.466800 2.691400
v -1.824000 0.466800 2.637100
v -1.824000 0.466800 2.550000
v -1.756000 0.466800 2.495700
v -1.671000 0.466800 2.515100
v -1.767100 0.466800 2.576000
v -1.767100 0.466800 2.611200
v -1.739700 0.466800 2.633100
v -1.705400 0.466800 2.625300
v -1.690100 0.466800 2.593600
v -1.705400 0.466800 2.561900
v -1.739700 0.466800 2.554100
v -1.767100 0.269400 2.576000
v -1.767100 0.269400 2.611200
v -1.739700 0.269400 2.633100
v -1.705400 0.269400 2.625300
v -1.690100 0.269400 2.593600
v -1.705400 0.269400 2.561900
v -1.739700 0.269400 2.554100
v 1.828000 0.266000 -2.611200
v 1.790200 0.266000 -2.532700
v 1.705200 0.266000 -2.513400
v 1.637200 0.266000 -2.567700
v 1.637200 0.266000 -2.654800
v 1.705200 0.266000 -2.709100
v 1.790200 0.266000 -2.689700
v 1.828000 0.466800 -2.611200
v 1.790200 0.466800 -2.532700
v 1.705200 0.466800 -2.513400
v 1.637200 0.466800 -2.567700
v 1.637200 0.466800 -2.654800
v 1.705200 0.466800 -2.709100
v 1.790200 0.466800 -2.689700
v 1.694100 0.466800 -2.628800
v 1.694100 0.466800 -2.593600
v 1.721500 0.466800 -2.571700
v 1.755800 0.466800 -2.579500
v 1.771100 0.466800 -2.611200
v 1.755800 0.466800 -2.642900
v 1.721500 0.466800 -2.650700
v 1.694100 0.269400 -2.628800
v 1.694100 0.269400 -2.593600
v 1.721500 0.269400 -2.571700
v 1.755800 0.269400 -2.579500
v 1.771100 0.269400 -2.611200
v 1.755800 0.269400 -2.642900
v 1.721500 0.269400 -2.650700
v 1.828000 0.266000 -2.006700
v 1.790200 0.266000 -1.928200
v 1.705200 0.266000 -1.908900
v 1.637200 0.266000 -1.963200
v 1.637200 0.266000 -2.050200
v 1.705200 0.266000 -2.104600
v 1.790200 0.266000 -2.085200
v 1.828000 0.466800 -2.006700
v 1.790200 0.466800 -1.928200
v 1.705200 0.466800 -1.908900
v 1.637200 0.466800 -1.963200
v 1.637200 0.466800 -2.050200
v 1.705200 0.466800 -2.104600
v 1.790200 0.466800 -2.085200
v 1.694100 0.466800 -2.024300
v 1.694100 0.466800 -1.989100
v 1.721500 0.466800 -1.967200
v 1.755800 0.466800 -1.975000
v 1.771100 0.466800 -2.006700
v 1.755800 0.466800 -2.038400
v 1.721500 0.466800 -2.046200
v 1.694100 0.269400 -2.024300
v 1.694100 0.269400 -1.989100
v 1.721500 0.269400 -1.967200
v 1.755800 0.269400 -1.975000
v 1.771100 0.269400 -2.006700
v 1.755800 0.269400 -2.038400
v 1.721500 0.269400 -2.046200
v 1.828000 0.266000 -1.460600
v 1.790200 0.266000 -1.382100
v 1.705200 0.266000 -1.362800
v 1.637200 0.266000 -1.417100
v 1.637200 0.266000 -1.504200
v 1.705200 0.266000 -1.558500
v 1.790200 0.266000 -1.539100
v 1.828000 0.466800 -1.460600
v 1.790200 0.466800 -1.382100
v 1.705200 0.466800 -1.362800
v 1.637200 0.466800 -1.417100
v 1.637200 0.466800 -1.504200
v 1.705200 0.466800 -1.558500
v 1.790200 0.466800 -1.539100
v 1.694100 0.466800 -1.478200
v 1.694100 0.466800 -1.443000
v 1.721500 0.466800 -1.421100
v 1.755800 0.466800 -1.428900
v 1.771100 0.466800 -1.460600
v 1.755800 0.466800 -1.492300
v 1.721500 0.466800 -1.500100
v 1.694100 0.269400 -1.478200
v 1.694100 0.269400 -1.443000
v 1.721500 0.269400 -1.421100
v 1.755800 0.269400 -1.428900
v 1.771100 0.269400 -1.460600
v 1.755800 0.269400 -1.492300
v 1.721500 0.269400 -1.500100
v 1.828000 0.266000 -0.585100
v 1.790200 0.266000 -0.506600
v 1.705200 0.266000 -0.487300
v 1.637200 0.266000 -0.541600
v 1.637200 0.266000 -0.628700
v 1.705200 0.266000 -0.683000
v 1.790200 0.266000 -0.663600
v 1.828000 0.466800 -0.585100
v 1.790200 0.466800 -0.506600
v 1.705200 0.466800 -0.487300
v 1.637200 0.466800 -0.541600
v 1.637200 0.466800 -0.628700
v 1.705200 0.466800 -0.683000
v 1.790200 0.466800 -0.663600
v 1.694100 0.466800 -0.602700
v 1.694100 0.466800 -0.567500
v 1.721500 0.466800 -0.545600
v 1.755800 0.466800 -0.553400
v 1.771100 0.466800 -0.585100
v 1.755800 0.466800 -0.616800
v 1.721500 0.466800 -0.624600
v 1.694100 0.269400 -0.602700
v 1.694100 0.269400 -0.567500
v 1.721500 0.269400 -0.545600
v 1.755800 0.269400 -0.553400
v 1.771100 0.269400 -0.585100
v 1.755800 0.269400 -0.616800
v 1.721500 0.269400 -0.624600
v 1.828000 0.266000 0.019400
v 1.790200 0.266000 0.097900
v 1.705200 0.266000 0.117300
v 1.637200 0.266000 0.062900
v 1.637200 0.266000 -0.024100
v 1.705200 0.266000 -0.078500
v 1.790200 0.266000 -0.059100
v 1.828000 0.466800 0.019400
v 1.790200 0.466800 0.097900
v 1.705200 0.466800 0.117300
v 1.637200 0.466800 0.062900
v 1.637200 0.466800 -0.024100
v 1.705200 0.466800 -0.078500
v 1.790200 0.466800 -0.059100
v 1.694100 0.466800 0.001800
v 1.694100 0.466800 0.037000
v 1.721500 0.466800 0.058900
v 1.755800 0.466800 0.051100
v 1.771100 0.466800 0.019400
v 1.755800 0.466800 -0.012300
v 1.721500 0.466800 -0.020100
v 1.694100 0.269400 0.001800
v 1.694100 0.269400 0.037000
v 1.721500 0.269400 0.058900
v 1.755800 0.269400 0.051100
v 1.771100 0.269400 0.019400
v 1.755800 0.269400 -0.012300
v 1.721500 0.269400 -0.020100
v 1.828000 0.266000 0.565500
v 1.790200 0.266000 0.644000
v 1.705200 0.266000 0.663300
v 1.637200 0.266000 0.609000
v 1.637200 0.266000 0.521900
v 1.705200 0.266000 0.467600
v 1.790200 0.266000 0.487000
v 1.828000 0.466800 0.565500
v 1.790200 0.466800 0.644000
v 1.705200 0.466800 0.663300
v 1.637200 0.466800 0.609000
v 1.637200 0.466800 0.521900
v 1.705200 0.466800 0.467600
v 1.790200 0.466800 0.487000
v 1.694100 0.466800 0.547900
v 1.694100 0.466800 0.583100
v 1.721500 0.466800 0.605000
v 1.755800 0.466800 0.597200
v 1.771100 0.466800 0.565500
v 1.755800 0.466800 0.533800
v 1.721500 0.466800 0.526000
v 1.694100 0.269400 0.547900
v 1.694100 0.269400 0.583100
v 1.721500 0.269400 0.605000
v 1.755800 0.269400 0.597200
v 1.771100 0.269400 0.565500
v 1.755800 0.269400 0.533800
v 1.721500 0.269400 0.526000
v 1.828000 0.266000 1.443000
v 1.790200 0.266000 1.521500
v 1.705200 0.266000 1.540800
v 1.637200 0.266000 1.486500
v 1.637200 0.266000 1.399400
v 1.705200 0.266000 1.345100
v 1.790200 0.266000 1.364500
v 1.828000 0.466800 1.443000
v 1.790200 0.466800 1.521500
v 1.705200 0.466800 1.540800
v 1.637200 0.466800 1.486500
v 1.637200 0.466800 1.399400
v 1.705200 0.466800 1.345100
v 1.790200 0.466800 1.364500
v 1.694100 0.466800 1.425400
v 1.694100 0.466800 1.460600
v 1.721500 0.466800 1.482500
v 1.755800 0.466800 1.474700
v 1.771100 0.466800 1.443000
v 1.755800 0.466800 1.411300
v 1.721500 0.466800 1.403500
v 1.694100 0.269400 1.425400
v 1.694100 0.269400 1.460600
v 1.721500 0.269400 1.482500
v 1.755800 0.269400 1.474700
v 1.771100 0.269400 1.443000
v 1.755800 0.269400 1.411300
v 1.721500 0.269400 1.403500
v 1.828000 0.266000 2.047500
v 1.790200 0.266000 2.126000
v 1.705200 0.266000 2.145300
v 1.637200 0.266000 2.091000
v 1.637200 0.266000 2.004000
v 1.705200 0.266000 1.949600
v 1.790200 0.266000 1.969000
v 1.828000 0.466800 2.047500
v 1.790200 0.466800 2.126000
v 1.705200 0.466800 2.145300
v 1.637200 0.466800 2.091000
v 1.637200 0.466800 2.004000
v 1.705200 0.466800 1.949600
v 1.790200 0.466800 1.969000
v 1.694100 0.466800 2.029900
v 1.694100 0.466800 2.065100
v 1.721500 0.466800 2.087000
v 1.755800 0.466800 2.079200
v 1.771100 0.466800 2.047500
v 1.755800 0.466800 2.015800
v 1.721500 0.466800 2.008000
v 1.694100 0.269400 2.029900
v 1.694100 0.269400 2.065100
v 1.721500 0.269400 2.087000
v 1.755800 0.269400 2.079200
v 1.771100 0.269400 2.047500
v 1.755800 0.269400 2.015800
v 1.721500 0.269400 2.008000
v 1.828000 0.266000 2.593600
v 1.790200 0.266000 2.672100
v 1.705200 0.266000 2.691400
v 1.637200 0.266000 2.637100
v 1.637200 0.266000 2.550000
v 1.705200 0.266000 2.495700
v 1.790200 0.266000 2.515100
v 1.828000 0.466800 2.593600
v 1.790200 0.466800 2.672100
v 1.705200 0.466800 2.691400
v 1.637200 0.466800 2.637100
v 1.637200 0.466800 2.550000
v 1.705200 0.466800 2.495700
v 1.790200 0.466800 2.515100
v 1.694100 0.466800 2.576000
v 1.694100 0.466800 2.611200
v 1.721500 0.466800 2.633100
v 1.755800 0.466800 2.625300
v 1.771100 0.466800 2.593600
v 1.755800 0.466800 2.561900
v 1.721500 0.466800 2.554100
v 1.694100 0.269400 2.576000
v 1.694100 0.269400 2.611200
v 1.721500 0.269400 2.633100
v 1.755800 0.269400 2.625300
v 1.771100 0.269400 2.593600
v 1.755800 0.269400 2.561900
v 1.721500 0.269400 2.554100
v 1.828000 1.195300 -2.611200
v 1.790200 1.195300 -2.532700
v 1.705200 1.195300 -2.513400
v 1.637200 1.195300 -2.567700
v 1.637200 1.195300 -2.654800
v 1.705200 1.195300 -2.709100
v 1.790200 1.195300 -2.689700
v 1.828000 1.396101 -2.611200
v 1.790200 1.396100 -2.532700
v 1.705200 1.396100 -2.513400
v 1.637200 1.396101 -2.567700
v 1.637200 1.396101 -2.654800
v 1.705200 1.396101 -2.709100
v 1.790200 1.396101 -2.689700
v 1.694100 1.396101 -2.628800
v 1.694100 1.396101 -2.593600
v 1.721500 1.396101 -2.571700
v 1.755800 1.396101 -2.579500
v 1.771100 1.396101 -2.611200
v 1.755800 1.396101 -2.642900
v 1.721500 1.396101 -2.650700
v 1.694100 1.198700 -2.628800
v 1.694100 1.198700 -2.593600
v 1.721500 1.198700 -2.571700
v 1.755800 1.198700 -2.579500
v 1.771100 1.198700 -2.611200
v 1.755800 1.198700 -2.642900
v 1.721500 1.198700 -2.650700
v 1.828000 1.195300 -2.006700
v 1.790200 1.195300 -1.928200
v 1.705200 1.195300 -1.908900
v 1.637200 1.195300 -1.963200
v 1.637200 1.195300 -2.050200
v 1.705200 1.195300 -2.104600
v 1.790200 1.195300 -2.085200
v 1.828000 1.396100 -2.006700
v 1.790200 1.396100 -1.928200
v 1.705200 1.396100 -1.908900
v 1.637200 1.396100 -1.963200
v 1.637200 1.396100 -2.050200
v 1.705200 1.396100 -2.104600
v 1.790200 1.396100 -2.085200
v 1.694100 1.396100 -2.024300
v 1.694100 1.396100 -1.989100
v 1.721500 1.396100 -1.967200
v 1.755800 1.396100 -1.975000
v 1.771100 1.396100 -2.006700
v 1.755800 1.396100 -2.038400
v 1.721500 1.396100 -2.046200
v 1.694100 1.198700 -2.024300
v 1.694100 1.198700 -1.989100
v 1.721500 1.198700 -1.967200
v 1.755800 1.198700 -1.975000
v 1.771100 1.198700 -2.006700
v 1.755800 1.198700 -2.038400
v 1.721500 1.198700 -2.046200
v 1.828000 1.195300 -1.460600
v 1.790200 1.195300 -1.382100
v 1.705200 1.195300 -1.362800
v 1.637200 1.195300 -1.417100
v 1.637200 1.195300 -1.504200
v 1.705200 1.195300 -1.558500
v 1.790200 1.195300 -1.539100
v 1.828000 1.396100 -1.460600
v 1.790200 1.396100 -1.382100
v 1.705200 1.396100 -1.362800
v 1.637200 1.396100 -1.417100
v 1.637200 1.396100 -1.504200
v 1.705200 1.396100 -1.558500
v 1.790200 1.396100 -1.539100
v 1.694100 1.396100 -1.478200
v 1.694100 1.396100 -1.443000
v 1.721500 1.396100 -1.421100
v 1.755800 1.396100 -1.428900
v 1.771100 1.396100 -1.460600
v 1.755800 1.396100 -1.492300
v 1.721500 1.396100 -1.500100
v 1.694100 1.198700 -1.478200
v 1.694100 1.198700 -1.443000
v 1.721500 1.198700 -1.421100
v 1.755800 1.198700 -1.428900
v 1.771100 1.198700 -1.460600
v 1.755800 1.198700 -1.492300
v 1.721500 1.198700 -1.500100
v 1.828000 1.195300 -0.585100
v 1.790200 1.195300 -0.506600
v 1.705200 1.195300 -0.487300
v 1.637200 1.195300 -0.541600
v 1.637200 1.195300 -0.628700
v 1.705200 1.195300 -0.683000
v 1.790200 1.195300 -0.663600
v 1.828000 1.396100 -0.585100
v 1.790200 1.396100 -0.506600
v 1.705200 1.396100 -0.487300
v 1.637200 1.396100 -0.541600
v 1.637200 1.396100 -0.628700
v 1.705200 1.396100 -0.683000
v 1.790200 1.396100 -0.663600
v 1.694100 1.396100 -0.602700
v 1.694100 1.396100 -0.567500
v 1.721500 1.396100 -0.545600
v 1.755800 1.396100 -0.553400
v 1.771100 1.396100 -0.585100
v 1.755800 1.396100 -0.616800
v 1.721500 1.396100 -0.624600
v 1.694100 1.198700 -0.602700
v 1.694100 1.198700 -0.567500
v 1.721500 1.198700 -0.545600
v 1.755800 1.198700 -0.553400
v 1.771100 1.198700 -0.585100
v 1.755800 1.198700 -0.616800
v 1.721500 1.198700 -0.624600
v 1.828000 1.195300 0.019400
v 1.790200 1.195300 0.097900
v 1.705200 1.195300 0.117300
v 1.637200 1.195300 0.062900
v 1.637200 1.195300 -0.024100
v 1.705200 1.195300 -0.078500
v 1.790200 1.195300 -0.059100
v 1.828000 1.396100 0.019400
v 1.790200 1.396100 0.097900
v 1.705200 1.396100 0.117300
v 1.637200 1.396100 0.062900
v 1.637200 1.396100 -0.024100
v 1.705200 1.396100 -0.078500
v 1.790200 1.396100 -0.059100
v 1.694100 1.396100 0.001800
v 1.694100 1.396100 0.037000
v 1.721500 1.396100 0.058900
v 1.755800 1.396100 0.051100
v 1.771100 1.396100 0.019400
v 1.755800 1.396100 -0.012300
v 1.721500 1.396100 -0.020100
v 1.694100 1.198700 0.001800
v 1.694100 1.198700 0.037000
v 1.721500 1.198700 0.058900
v 1.755800 1.198700 0.051100
v 1.771100 1.198700 0.019400
v 1.755800 1.198700 -0.012300
v 1.721500 1.198700 -0.020100
v 1.828000 1.195300 0.565500
v 1.790200 1.195300 0.644000
v 1.705200 1.195300 0.663300
v 1.637200 1.195300 0.609000
v 1.637200 1.195300 0.521900
v 1.705200 1.195300 0.467600
v 1.790200 1.195300 0.487000
v 1.828000 1.396100 0.565500
v 1.790200 1.396100 0.644000
v 1.705200 1.396100 0.663300
v 1.637200 1.396100 0.609000
v 1.637200 1.396100 0.521900
v 1.705200 1.396100 0.467600
v 1.790200 1.396100 0.487000
v 1.694100 1.396100 0.547900
v 1.694100 1.396100 0.583100
v 1.721500 1.396100 0.605000
v 1.755800 1.396100 0.597200
v 1.771100 1.396100 0.565500
v 1.755800 1.396100 0.533800
v 1.721500 1.396100 0.526000
v 1.694100 1.198700 0.547900
v 1.694100 1.198700 0.583100
v 1.721500 1.198700 0.605000
v 1.755800 1.198700 0.597200
v 1.771100 1.198700 0.565500
v 1.755800 1.198700 0.533800
v 1.721500 1.198700 0.526000
v 1.828000 1.195300 1.443000
v 1.790200 1.195300 1.521500
v 1.705200 1.195300 1.540800
v 1.637200 1.195300 1.486500
v 1.637200 1.195300 1.399400
v 1.705200 1.195300 1.345100
v 1.790200 1.195300 1.364500
v 1.828000 1.396100 1.443000
v 1.790200 1.396100 1.521500
v 1.705200 1.396100 1.540800
v 1.637200 1.396100 1.486500
v 1.637200 1.396100 1.399400
v 1.705200 1.396100 1.345100
v 1.790200 1.396100 1.364500
v 1.694100 1.396100 1.425400
v 1.694100 1.396100 1.460600
v 1.721500 1.396100 1.482500
v 1.755800 1.396100 1.474700
v 1.771100 1.396100 1.443000
v 1.755800 1.396100 1.411300
v 1.721500 1.396100 1.403500
v 1.694100 1.198700 1.425400
v 1.694100 1.198700 1.460600
v 1.721500 1.198700 1.482500
v 1.755800 1.198700 1.474700
v 1.771100 1.198700 1.443000
v 1.755800 1.198700 1.411300
v 1.721500 1.198700 1.403500
v 1.828000 1.195300 2.047500
v 1.790200 1.195300 2.126000
v 1.705200 1.195300 2.145300
v 1.637200 1.195300 2.091000
v 1.637200 1.195300 2.004000
v 1.705200 1.195300 1.949600
v 1.790200 1.195300 1.969000
v 1.828000 1.396100 2.047500
v 1.790200 1.396100 2.126000
v 1.705200 1.396100 2.145300
v 1.637200 1.396100 2.091000
v 1.637200 1.396100 2.004000
v 1.705200 1.396100 1.949600
v 1.790200 1.396100 1.969000
v 1.694100 1.396100 2.029900
v 1.694100 1.396100 2.065100
v 1.721500 1.396100 2.087000
v 1.755800 1.396100 2.079200
v 1.771100 1.396100 2.047500
v 1.755800 1.396100 2.015800
v 1.721500 1.396100 2.008000
v 1.694100 1.198700 2.029900
v 1.694100 1.198700 2.065100
v 1.721500 1.198700 2.087000
v 1.755800 1.198700 2.079200
v 1.771100 1.198700 2.047500
v 1.755800 1.198700 2.015800
v 1.721500 1.198700 2.008000
v 1.828000 1.195300 2.593600
v 1.790200 1.195300 2.672100
v 1.705200 1.195300 2.691400
v 1.637200 1.195300 2.637100
v 1.637200 1.195300 2.550000
v 1.705200 1.195300 2.495700
v 1.790200 1.195300 2.515100
v 1.828000 1.396100 2.593600
v 1.790200 1.396100 2.672100
v 1.705200 1.396100 2.691400
v 1.637200 1.396100 2.637100
v 1.637200 1.396100 2.550000
v 1.705200 1.396100 2.495700
v 1.790200 1.396100 2.515100
v 1.694100 1.396100 2.576000
v 1.694100 1.396100 2.611200
v 1.721500 1.396100 2.633100
v 1.755800 1.396100 2.625300
v 1.771100 1.396100 2.593600
v 1.755800 1.396100 2.561900
v 1.721500 1.396100 2.554100
v 1.694100 1.198699 2.576000
v 1.694100 1.198699 2.611200
v 1.721500 1.198699 2.633100
v 1.755800 1.198699 2.625300
v 1.771100 1.198699 2.593600
v 1.755800 1.198699 2.561900
v 1.721500 1.198700 2.554100
v 1.828000 2.095701 -2.611200
v 1.790200 2.095701 -2.532700
v 1.705200 2.095701 -2.513400
v 1.637200 2.095701 -2.567700
v 1.637200 2.095701 -2.654800
v 1.705200 2.095701 -2.709100
v 1.790200 2.095701 -2.689700
v 1.828000 2.296500 -2.611200
v 1.790200 2.296500 -2.532700
v 1.705200 2.296500 -2.513400
v 1.637200 2.296500 -2.567699
v 1.637200 2.296500 -2.654799
v 1.705200 2.296500 -2.709100
v 1.790200 2.296500 -2.689699
v 1.694100 2.296500 -2.628799
v 1.694100 2.296500 -2.593600
v 1.721500 2.296500 -2.571700
v 1.755800 2.296500 -2.579499
v 1.771100 2.296500 -2.611200
v 1.755800 2.296500 -2.642900
v 1.721500 2.296500 -2.650700
v 1.694100 2.099101 -2.628800
v 1.694100 2.099101 -2.593600
v 1.721500 2.099101 -2.571700
v 1.755800 2.099101 -2.579500
v 1.771100 2.099101 -2.611200
v 1.755800 2.099101 -2.642900
v 1.721500 2.099101 -2.650700
v 1.828000 2.095700 -2.006700
v 1.790200 2.095700 -1.928200
v 1.705200 2.095700 -1.908900
v 1.637200 2.095700 -1.963200
v 1.637200 2.095700 -2.050200
v 1.705200 2.095700 -2.104600
v 1.790200 2.095700 -2.085200
v 1.828000 2.296500 -2.006700
v 1.790200 2.296500 -1.928200
v 1.705200 2.296500 -1.908900
v 1.637200 2.296500 -1.963200
v 1.637200 2.296500 -2.050200
v 1.705200 2.296500 -2.104599
v 1.790200 2.296500 -2.085200
v 1.694100 2.296500 -2.024300
v 1.694100 2.296500 -1.989100
v 1.721500 2.296500 -1.967200
v 1.755800 2.296500 -1.975000
v 1.771100 2.296500 -2.006700
v 1.755800 2.296500 -2.038399
v 1.721500 2.296500 -2.046200
v 1.694100 2.099100 -2.024300
v 1.694100 2.099100 -1.989100
v 1.721500 2.099100 -1.967200
v 1.755800 2.099100 -1.975000
v 1.771100 2.099100 -2.006700
v 1.755800 2.099100 -2.038400
v 1.721500 2.099100 -2.046200
v 1.828000 2.095700 -1.460600
v 1.790200 2.095700 -1.382100
v 1.705200 2.095700 -1.362800
v 1.637200 2.095700 -1.417100
v 1.637200 2.095700 -1.504200
v 1.705200 2.095700 -1.558500
v 1.790200 2.095700 -1.539100
v 1.828000 2.296500 -1.460600
v 1.790200 2.296500 -1.382100
v 1.705200 2.296500 -1.362800
v 1.637200 2.296500 -1.417100
v 1.637200 2.296500 -1.504200
v 1.705200 2.296500 -1.558500
v 1.790200 2.296500 -1.539100
v 1.694100 2.296500 -1.478200
v 1.694100 2.296500 -1.443000
v 1.721500 2.296500 -1.421100
v 1.755800 2.296500 -1.428900
v 1.771100 2.296500 -1.460600
v 1.755800 2.296500 -1.492300
v 1.721500 2.296500 -1.500100
v 1.694100 2.099100 -1.478200
v 1.694100 2.099100 -1.443000
v 1.721500 2.099100 -1.421100
v 1.755800 2.099100 -1.428900
v 1.771100 2.099100 -1.460600
v 1.755800 2.099100 -1.492300
v 1.721500 2.099100 -1.500100
v 1.828000 2.095700 -0.585100
v 1.790200 2.095700 -0.506600
v 1.705200 2.095700 -0.487300
v 1.637200 2.095700 -0.541600
v 1.637200 2.095700 -0.628700
v 1.705200 2.095700 -0.683000
v 1.790200 2.095700 -0.663600
v 1.828000 2.296500 -0.585100
v 1.790200 2.296500 -0.506600
v 1.705200 2.296500 -0.487300
v 1.637200 2.296500 -0.541600
v 1.637200 2.296500 -0.628700
v 1.705200 2.296500 -0.683000
v 1.790200 2.296500 -0.663600
v 1.694100 2.296500 -0.602700
v 1.694100 2.296500 -0.567500
v 1.721500 2.296500 -0.545600
v 1.755800 2.296500 -0.553400
v 1.771100 2.296500 -0.585100
v 1.755800 2.296500 -0.616800
v 1.721500 2.296500 -0.624600
v 1.694100 2.099100 -0.602700
v 1.694100 2.099100 -0.567500
v 1.721500 2.099100 -0.545600
v 1.755800 2.099100 -0.553400
v 1.771100 2.099100 -0.585100
v 1.755800 2.099100 -0.616800
v 1.721500 2.099100 -0.624600
v 1.828000 2.095700 0.019400
v 1.790200 2.095700 0.097900
v 1.705200 2.095700 0.117300
v 1.637200 2.095700 0.062900
v 1.637200 2.095700 -0.024100
v 1.705200 2.095700 -0.078500
v 1.790200 2.095700 -0.059100
v 1.828000 2.296500 0.019400
v 1.790200 2.296500 0.097900
v 1.705200 2.296500 0.117300
v 1.637200 2.296500 0.062900
v 1.637200 2.296500 -0.024100
v 1.705200 2.296500 -0.078500
v 1.790200 2.296500 -0.059100
v 1.694100 2.296500 0.001800
v 1.694100 2.296500 0.037000
v 1.721500 2.296500 0.058900
v 1.755800 2.296500 0.051100
v 1.771100 2.296500 0.019400
v 1.755800 2.296500 -0.012300
v 1.721500 2.296500 -0.020100
v 1.694100 2.099100 0.001800
v 1.694100 2.099100 0.037000
v 1.721500 2.099100 0.058900
v 1.755800 2.099100 0.051100
v 1.771100 2.099100 0.019400
v 1.755800 2.099100 -0.012300
v 1.721500 2.099100 -0.020100
v 1.828000 2.095700 0.565500
v 1.790200 2.095700 0.644000
v 1.705200 2.095700 0.663300
v 1.637200 2.095700 0.609000
v 1.637200 2.095700 0.521900
v 1.705200 2.095700 0.467600
v 1.790200 2.095700 0.487000
v 1.828000 2.296500 0.565500
v 1.790200 2.296500 0.644000
v 1.705200 2.296500 0.663300
v 1.637200 2.296500 0.609000
v 1.637200 2.296500 0.521900
v 1.705200 2.296500 0.467600
v 1.790200 2.296500 0.487000
v 1.694100 2.296500 0.547900
v 1.694100 2.296500 0.583100
v 1.721500 2.296500 0.605000
v 1.755800 2.296500 0.597200
v 1.771100 2.296500 0.565500
v 1.755800 2.296500 0.533800
v 1.721500 2.296500 0.526000
v 1.694100 2.099100 0.547900
v 1.694100 2.099100 0.583100
v 1.721500 2.099100 0.605000
v 1.755800 2.099100 0.597200
v 1.771100 2.099100 0.565500
v 1.755800 2.099100 0.533800
v 1.721500 2.099100 0.526000
v 1.828000 2.095700 1.443000
v 1.790200 2.095700 1.521500
v 1.705200 2.095700 1.540800
v 1.637200 2.095700 1.486500
v 1.637200 2.095700 1.399400
v 1.705200 2.095700 1.345100
v 1.790200 2.095700 1.364500
v 1.828000 2.296500 1.443000
v 1.790200 2.296500 1.521500
v 1.705200 2.296500 1.540800
v 1.637200 2.296500 1.486500
v 1.637200 2.296500 1.399400
v 1.705200 2.296500 1.345100
v 1.790200 2.296500 1.364500
v 1.694100 2.296500 1.425400
v 1.694100 2.296500 1.460600
v 1.721500 2.296500 1.482500
v 1.755800 2.296500 1.474700
v 1.771100 2.296500 1.443000
v 1.755800 2.296500 1.411300
v 1.721500 2.296500 1.403500
v 1.694100 2.099100 1.425400
v 1.694100 2.099100 1.460600
v 1.721500 2.099100 1.482500
v 1.755800 2.099100 1.474700
v 1.771100 2.099100 1.443000
v 1.755800 2.099100 1.411300
v 1.721500 2.099100 1.403500
v 1.828000 2.095700 2.047500
v 1.790200 2.095700 2.126000
v 1.705200 2.095700 2.145300
v 1.637200 2.095700 2.091000
v 1.637200 2.095700 2.004000
v 1.705200 2.095700 1.949600
v 1.790200 2.095700 1.969000
v 1.828000 2.296500 2.047500
v 1.790200 2.296500 2.126000
v 1.705200 2.296500 2.145300
v 1.637200 2.296500 2.091001
v 1.637200 2.296500 2.004000
v 1.705200 2.296500 1.949600
v 1.790200 2.296500 1.969000
v 1.694100 2.296500 2.029901
v 1.694100 2.296500 2.065100
v 1.721500 2.296500 2.087000
v 1.755800 2.296500 2.079201
v 1.771100 2.296500 2.047500
v 1.755800 2.296500 2.015800
v 1.721500 2.296500 2.008000
v 1.694100 2.099100 2.029900
v 1.694100 2.099100 2.065100
v 1.721500 2.099100 2.087000
v 1.755800 2.099100 2.079200
v 1.771100 2.099100 2.047500
v 1.755800 2.099100 2.015800
v 1.721500 2.099100 2.008000
v 1.828000 2.095700 2.593600
v 1.790200 2.095700 2.672100
v 1.705200 2.095700 2.691400
v 1.637200 2.095700 2.637100
v 1.637200 2.095700 2.550000
v 1.705200 2.095700 2.495700
v 1.790200 2.095700 2.515100
v 1.828000 2.296499 2.593601
v 1.790200 2.296499 2.672101
v 1.705200 2.296499 2.691401
v 1.637200 2.296499 2.637100
v 1.637200 2.296499 2.550000
v 1.705200 2.296499 2.495700
v 1.790200 2.296499 2.515100
v 1.694100 2.296499 2.576000
v 1.694100 2.296499 2.611201
v 1.721500 2.296499 2.633101
v 1.755800 2.296499 2.625300
v 1.771100 2.296499 2.593601
v 1.755800 2.296499 2.561900
v 1.721500 2.296499 2.554101
v 1.694100 2.099100 2.576000
v 1.694100 2.099100 2.611200
v 1.721500 2.099100 2.633100
v 1.755800 2.099100 2.625300
v 1.771100 2.099100 2.593600
v 1.755800 2.099100 2.561900
v 1.721500 2.099100 2.554100
v 1.184400 2.095701 -2.611200
v 1.146700 2.095701 -2.532700
v 1.061700 2.095701 -2.513400
v 0.993700 2.095701 -2.567700
v 0.993700 2.095701 -2.654800
v 1.061700 2.095701 -2.709100
v 1.146700 2.095701 -2.689700
v 1.184400 2.296500 -2.611200
v 1.146700 2.296500 -2.532700
v 1.061700 2.296500 -2.513400
v 0.993700 2.296500 -2.567699
v 0.993700 2.296500 -2.654799
v 1.061700 2.296500 -2.709100
v 1.146700 2.296500 -2.689699
v 1.050600 2.296500 -2.628799
v 1.050600 2.296500 -2.593600
v 1.078000 2.296500 -2.571700
v 1.112300 2.296500 -2.579499
v 1.127500 2.296500 -2.611200
v 1.112300 2.296500 -2.642900
v 1.078000 2.296500 -2.650700
v 1.050600 2.099101 -2.628800
v 1.050600 2.099101 -2.593600
v 1.078000 2.099101 -2.571700
v 1.112300 2.099101 -2.579500
v 1.127500 2.099101 -2.611200
v 1.112300 2.099101 -2.642900
v 1.078000 2.099101 -2.650700
v 1.184400 2.095700 -2.006700
v 1.146700 2.095700 -1.928200
v 1.061700 2.095700 -1.908900
v 0.993700 2.095700 -1.963200
v 0.993700 2.095700 -2.050200
v 1.061700 2.095700 -2.104600
v 1.146700 2.095700 -2.085200
v 1.184400 2.296500 -2.006700
v 1.146700 2.296500 -1.928200
v 1.061700 2.296500 -1.908900
v 0.993700 2.296500 -1.963200
v 0.993700 2.296500 -2.050200
v 1.061700 2.296500 -2.104599
v 1.146700 2.296500 -2.085200
v 1.050600 2.296500 -2.024300
v 1.050600 2.296500 -1.989100
v 1.078000 2.296500 -1.967200
v 1.112300 2.296500 -1.975000
v 1.127500 2.296500 -2.006700
v 1.112300 2.296500 -2.038399
v 1.078000 2.296500 -2.046200
v 1.050600 2.099100 -2.024300
v 1.050600 2.099100 -1.989100
v 1.078000 2.099100 -1.967200
v 1.112300 2.099100 -1.975000
v 1.127500 2.099100 -2.006700
v 1.112300 2.099100 -2.038400
v 1.078000 2.099100 -2.046200
v 1.184400 2.095700 -1.460600
v 1.146700 2.095700 -1.382100
v 1.061700 2.095700 -1.362800
v 0.993700 2.095700 -1.417100
v 0.993700 2.095700 -1.504200
v 1.061700 2.095700 -1.558500
v 1.146700 2.095700 -1.539100
v 1.184400 2.296500 -1.460600
v 1.146700 2.296500 -1.382100
v 1.061700 2.296500 -1.362800
v 0.993700 2.296500 -1.417100
v 0.993700 2.296500 -1.504200
v 1.061700 2.296500 -1.558500
v 1.146700 2.296500 -1.539100
v 1.050600 2.296500 -1.478200
v 1.050600 2.296500 -1.443000
v 1.078000 2.296500 -1.421100
v 1.112300 2.296500 -1.428900
v 1.127500 2.296500 -1.460600
v 1.112300 2.296500 -1.492300
v 1.078000 2.296500 -1.500100
v 1.050600 2.099100 -1.478200
v 1.050600 2.099100 -1.443000
v 1.078000 2.099100 -1.421100
v 1.112300 2.099100 -1.428900
v 1.127500 2.099100 -1.460600
v 1.112300 2.099100 -1.492300
v 1.078000 2.099100 -1.500100
v 1.184400 2.095700 -0.585100
v 1.146700 2.095700 -0.506600
v 1.061700 2.095700 -0.487300
v 0.993700 2.095700 -0.541600
v 0.993700 2.095700 -0.628700
v 1.061700 2.095700 -0.683000
v 1.146700 2.095700 -0.663600
v 1.184400 2.296500 -0.585100
v 1.146700 2.296500 -0.506600
v 1.061700 2.296500 -0.487300
v 0.993700 2.296500 -0.541600
v 0.993700 2.296500 -0.628700
v 1.061700 2.296500 -0.683000
v 1.146700 2.296500 -0.663600
v 1.050600 2.296500 -0.602700
v 1.050600 2.296500 -0.567500
v 1.078000 2.296500 -0.545600
v 1.112300 2.296500 -0.553400
v 1.127500 2.296500 -0.585100
v 1.112300 2.296500 -0.616800
v 1.078000 2.296500 -0.624600
v 1.050600 2.099100 -0.602700
v 1.050600 2.099100 -0.567500
v 1.078000 2.099100 -0.545600
v 1.112300 2.099100 -0.553400
v 1.127500 2.099100 -0.585100
v 1.112300 2.099100 -0.616800
v 1.078000 2.099100 -0.624600
v 1.184400 2.095700 0.019400
v 1.146700 2.095700 0.097900
v 1.061700 2.095700 0.117300
v 0.993700 2.095700 0.062900
v 0.993700 2.095700 -0.024100
v 1.061700 2.095700 -0.078500
v 1.146700 2.095700 -0.059100
v 1.184400 2.296500 0.019400
v 1.146700 2.296500 0.097900
v 1.061700 2.296500 0.117300
v 0.993700 2.296500 0.062900
v 0.993700 2.296500 -0.024100
v 1.061700 2.296500 -0.078500
v 1.146700 2.296500 -0.059100
v 1.050600 2.296500 0.001800
v 1.050600 2.296500 0.037000
v 1.078000 2.296500 0.058900
v 1.112300 2.296500 0.051100
v 1.127500 2.296500 0.019400
v 1.112300 2.296500 -0.012300
v 1.078000 2.296500 -0.020100
v 1.050600 2.099100 0.001800
v 1.050600 2.099100 0.037000
v 1.078000 2.099100 0.058900
v 1.112300 2.099100 0.051100
v 1.127500 2.099100 0.019400
v 1.112300 2.099100 -0.012300
v 1.078000 2.099100 -0.020100
v 1.184400 2.095700 0.565500
v 1.146700 2.095700 0.644000
v 1.061700 2.095700 0.663300
v 0.993700 2.095700 0.609000
v 0.993700 2.095700 0.521900
v 1.061700 2.095700 0.467600
v 1.146700 2.095700 0.487000
v 1.184400 2.296500 0.565500
v 1.146700 2.296500 0.644000
v 1.061700 2.296500 0.663300
v 0.993700 2.296500 0.609000
v 0.993700 2.296500 0.521900
v 1.061700 2.296500 0.467600
v 1.146700 2.296500 0.487000
v 1.050600 2.296500 0.547900
v 1.050600 2.296500 0.583100
v 1.078000 2.296500 0.605000
v 1.112300 2.296500 0.597200
v 1.127500 2.296500 0.565500
v 1.112300 2.296500 0.533800
v 1.078000 2.296500 0.526000
v 1.050600 2.099100 0.547900
v 1.050600 2.099100 0.583100
v 1.078000 2.099100 0.605000
v 1.112300 2.099100 0.597200
v 1.127500 2.099100 0.565500
v 1.112300 2.099100 0.533800
v 1.078000 2.099100 0.526000
v 1.184400 2.095700 1.443000
v 1.146700 2.095700 1.521500
v 1.061700 2.095700 1.540800
v 0.993700 2.095700 1.486500
v 0.993700 2.095700 1.399400
v 1.061700 2.095700 1.345100
v 1.146700 2.095700 1.364500
v 1.184400 2.296500 1.443000
v 1.146700 2.296500 1.521500
v 1.061700 2.296500 1.540800
v 0.993700 2.296500 1.486500
v 0.993700 2.296500 1.399400
v 1.061700 2.296500 1.345100
v 1.146700 2.296500 1.364500
v 1.050600 2.296500 1.425400
v 1.050600 2.296500 1.460600
v 1.078000 2.296500 1.482500
v 1.112300 2.296500 1.474700
v 1.127500 2.296500 1.443000
v 1.112300 2.296500 1.411300
v 1.078000 2.296500 1.403500
v 1.050600 2.099100 1.425400
v 1.050600 2.099100 1.460600
v 1.078000 2.099100 1.482500
v 1.112300 2.099100 1.474700
v 1.127500 2.099100 1.443000
v 1.112300 2.099100 1.411300
v 1.078000 2.099100 1.403500
v 1.184400 2.095700 2.047500
v 1.146700 2.095700 2.126000
v 1.061700 2.095700 2.145300
v 0.993700 2.095700 2.091000
v 0.993700 2.095700 2.004000
v 1.061700 2.095700 1.949600
v 1.146700 2.095700 1.969000
v 1.184400 2.296500 2.047500
v 1.146700 2.296500 2.126000
v 1.061700 2.296500 2.145300
v 0.993700 2.296500 2.091001
v 0.993700 2.296500 2.004000
v 1.061700 2.296500 1.949600
v 1.146700 2.296500 1.969000
v 1.050600 2.296500 2.029901
v 1.050600 2.296500 2.065100
v 1.078000 2.296500 2.087000
v 1.112300 2.296500 2.079201
v 1.127500 2.296500 2.047500
v 1.112300 2.296500 2.015800
v 1.078000 2.296500 2.008000
v 1.050600 2.099100 2.029900
v 1.050600 2.099100 2.065100
v 1.078000 2.099100 2.087000
v 1.112300 2.099100 2.079200
v 1.127500 2.099100 2.047500
v 1.112300 2.099100 2.015800
v 1.078000 2.099100 2.008000
v 1.184400 2.095700 2.593600
v 1.146700 2.095700 2.672100
v 1.061700 2.095700 2.691400
v 0.993700 2.095700 2.637100
v 0.993700 2.095700 2.550000
v 1.061700 2.095700 2.495700
v 1.146700 2.095700 2.515100
v 1.184400 2.296499 2.593601
v 1.146700 2.296499 2.672101
v 1.061700 2.296499 2.691401
v 0.993700 2.296499 2.637100
v 0.993700 2.296499 2.550000
v 1.061700 2.296499 2.495700
v 1.146700 2.296499 2.515100
v 1.050600 2.296499 2.576000
v 1.050600 2.296499 2.611201
v 1.078000 2.296499 2.633101
v 1.112300 2.296499 2.625300
v 1.127500 2.296499 2.593601
v 1.112300 2.296499 2.561900
v 1.078000 2.296499 2.554101
v 1.050600 2.099100 2.576000
v 1.050600 2.099100 2.611200
v 1.078000 2.099100 2.633100
v 1.112300 2.099100 2.625300
v 1.127500 2.099100 2.593600
v 1.112300 2.099100 2.561900
v 1.078000 2.099100 2.554100
v 0.504400 2.095701 -2.611200
v 0.466700 2.095701 -2.532700
v 0.381700 2.095701 -2.513400
v 0.313700 2.095701 -2.567700
v 0.313700 2.095701 -2.654800
v 0.381700 2.095701 -2.709100
v 0.466700 2.095701 -2.689700
v 0.504400 2.296500 -2.611200
v 0.466700 2.296500 -2.532700
v 0.381700 2.296500 -2.513400
v 0.313700 2.296500 -2.567699
v 0.313700 2.296500 -2.654799
v 0.381700 2.296500 -2.709100
v 0.466700 2.296500 -2.689699
v 0.370600 2.296500 -2.628799
v 0.370600 2.296500 -2.593600
v 0.398000 2.296500 -2.571700
v 0.432300 2.296500 -2.579499
v 0.447500 2.296500 -2.611200
v 0.432300 2.296500 -2.642900
v 0.398000 2.296500 -2.650700
v 0.370600 2.099101 -2.628800
v 0.370600 2.099101 -2.593600
v 0.398000 2.099101 -2.571700
v 0.432300 2.099101 -2.579500
v 0.447500 2.099101 -2.611200
v 0.432300 2.099101 -2.642900
v 0.398000 2.099101 -2.650700
v 0.504400 2.095700 -2.006700
v 0.466700 2.095700 -1.928200
v 0.381700 2.095700 -1.908900
v 0.313700 2.095700 -1.963200
v 0.313700 2.095700 -2.050200
v 0.381700 2.095700 -2.104600
v 0.466700 2.095700 -2.085200
v 0.504400 2.296500 -2.006700
v 0.466700 2.296500 -1.928200
v 0.381700 2.296500 -1.908900
v 0.313700 2.296500 -1.963200
v 0.313700 2.296500 -2.050200
v 0.381700 2.296500 -2.104599
v 0.466700 2.296500 -2.085200
v 0.370600 2.296500 -2.024300
v 0.370600 2.296500 -1.989100
v 0.398000 2.296500 -1.967200
v 0.432300 2.296500 -1.975000
v 0.447500 2.296500 -2.006700
v 0.432300 2.296500 -2.038399
v 0.398000 2.296500 -2.046200
v 0.370600 2.099100 -2.024300
v 0.370600 2.099100 -1.989100
v 0.398000 2.099100 -1.967200
v 0.432300 2.099100 -1.975000
v 0.447500 2.099100 -2.006700
v 0.432300 2.099100 -2.038400
v 0.398000 2.099100 -2.046200
v 0.504400 2.095700 -1.460600
v 0.466700 2.095700 -1.382100
v 0.381700 2.095700 -1.362800
v 0.313700 2.095700 -1.417100
v 0.313700 2.095700 -1.504200
v 0.381700 2.095700 -1.558500
v 0.466700 2.095700 -1.539100
v 0.504400 2.296500 -1.460600
v 0.466700 2.296500 -1.382100
v 0.381700 2.296500 -1.362800
v 0.313700 2.296500 -1.417100
v 0.313700 2.296500 -1.504200
v 0.381700 2.296500 -1.558500
v 0.466700 2.296500 -1.539100
v 0.370600 2.296500 -1.478200
v 0.370600 2.296500 -1.443000
v 0.398000 2.296500 -1.421100
v 0.432300 2.296500 -1.428900
v 0.447500 2.296500 -1.460600
v 0.432300 2.296500 -1.492300
v 0.398000 2.296500 -1.500100
v 0.370600 2.099100 -1.478200
v 0.370600 2.099100 -1.443000
v 0.398000 2.099100 -1.421100
v 0.432300 2.099100 -1.428900
v 0.447500 2.099100 -1.460600
v 0.432300 2.099100 -1.492300
v 0.398000 2.099100 -1.500100
v 0.504400 2.095700 -0.585100
v 0.466700 2.095700 -0.506600
v 0.381700 2.095700 -0.487300
v 0.313700 2.095700 -0.541600
v 0.313700 2.095700 -0.628700
v 0.381700 2.095700 -0.683000
v 0.466700 2.095700 -0.663600
v 0.504400 2.296500 -0.585100
v 0.466700 2.296500 -0.506600
v 0.381700 2.296500 -0.487300
v 0.313700 2.296500 -0.541600
v 0.313700 2.296500 -0.628700
v 0.381700 2.296500 -0.683000
v 0.466700 2.296500 -0.663600
v 0.370600 2.296500 -0.602700
v 0.370600 2.296500 -0.567500
v 0.398000 2.296500 -0.545600
v 0.432300 2.296500 -0.553400
v 0.447500 2.296500 -0.585100
v 0.432300 2.296500 -0.616800
v 0.398000 2.296500 -0.624600
v 0.370600 2.099100 -0.602700
v 0.370600 2.099100 -0.567500
v 0.398000 2.099100 -0.545600
v 0.432300 2.099100 -0.553400
v 0.447500 2.099100 -0.585100
v 0.432300 2.099100 -0.616800
v 0.398000 2.099100 -0.624600
v 0.504400 2.095700 0.019400
v 0.466700 2.095700 0.097900
v 0.381700 2.095700 0.117300
v 0.313700 2.095700 0.062900
v 0.313700 2.095700 -0.024100
v 0.381700 2.095700 -0.078500
v 0.466700 2.095700 -0.059100
v 0.504400 2.296500 0.019400
v 0.466700 2.296500 0.097900
v 0.381700 2.296500 0.117300
v 0.313700 2.296500 0.062900
v 0.313700 2.296500 -0.024100
v 0.381700 2.296500 -0.078500
v 0.466700 2.296500 -0.059100
v 0.370600 2.296500 0.001800
v 0.370600 2.296500 0.037000
v 0.398000 2.296500 0.058900
v 0.432300 2.296500 0.051100
v 0.447500 2.296500 0.019400
v 0.432300 2.296500 -0.012300
v 0.398000 2.296500 -0.020100
v 0.370600 2.099100 0.001800
v 0.370600 2.099100 0.037000
v 0.398000 2.099100 0.058900
v 0.432300 2.099100 0.051100
v 0.447500 2.099100 0.019400
v 0.432300 2.099100 -0.012300
v 0.398000 2.099100 -0.020100
v 0.504400 2.095700 0.565500
v 0.466700 2.095700 0.644000
v 0.381700 2.095700 0.663300
v 0.313700 2.095700 0.609000
v 0.313700 2.095700 0.521900
v 0.381700 2.095700 0.467600
v 0.466700 2.095700 0.487000
v 0.504400 2.296500 0.565500
v 0.466700 2.296500 0.644000
v 0.381700 2.296500 0.663300
v 0.313700 2.296500 0.609000
v 0.313700 2.296500 0.521900
v 0.381700 2.296500 0.467600
v 0.466700 2.296500 0.487000
v 0.370600 2.296500 0.547900
v 0.370600 2.296500 0.583100
v 0.398000 2.296500 0.605000
v 0.432300 2.296500 0.597200
v 0.447500 2.296500 0.565500
v 0.432300 2.296500 0.533800
v 0.398000 2.296500 0.526000
v 0.370600 2.099100 0.547900
v 0.370600 2.099100 0.583100
v 0.398000 2.099100 0.605000
v 0.432300 2.099100 0.597200
v 0.447500 2.099100 0.565500
v 0.432300 2.099100 0.533800
v 0.398000 2.099100 0.526000
v 0.504400 2.095700 1.443000
v 0.466700 2.095700 1.521500
v 0.381700 2.095700 1.540800
v 0.313700 2.095700 1.486500
v 0.313700 2.095700 1.399400
v 0.381700 2.095700 1.345100
v 0.466700 2.095700 1.364500
v 0.504400 2.296500 1.443000
v 0.466700 2.296500 1.521500
v 0.381700 2.296500 1.540800
v 0.313700 2.296500 1.486500
v 0.313700 2.296500 1.399400
v 0.381700 2.296500 1.345100
v 0.466700 2.296500 1.364500
v 0.370600 2.296500 1.425400
v 0.370600 2.296500 1.460600
v 0.398000 2.296500 1.482500
v 0.432300 2.296500 1.474700
v 0.447500 2.296500 1.443000
v 0.432300 2.296500 1.411300
v 0.398000 2.296500 1.403500
v 0.370600 2.099100 1.425400
v 0.370600 2.099100 1.460600
v 0.398000 2.099100 1.482500
v 0.432300 2.099100 1.474700
v 0.447500 2.099100 1.443000
v 0.432300 2.099100 1.411300
v 0.398000 2.099100 1.403500
v 0.504400 2.095700 2.047500
v 0.466700 2.095700 2.126000
v 0.381700 2.095700 2.145300
v 0.313700 2.095700 2.091000
v 0.313700 2.095700 2.004000
v 0.381700 2.095700 1.949600
v 0.466700 2.095700 1.969000
v 0.504400 2.296500 2.047500
v 0.466700 2.296500 2.126000
v 0.381700 2.296500 2.145300
v 0.313700 2.296500 2.091001
v 0.313700 2.296500 2.004000
v 0.381700 2.296500 1.949600
v 0.466700 2.296500 1.969000
v 0.370600 2.296500 2.029901
v 0.370600 2.296500 2.065100
v 0.398000 2.296500 2.087000
v 0.432300 2.296500 2.079201
v 0.447500 2.296500 2.047500
v 0.432300 2.296500 2.015800
v 0.398000 2.296500 2.008000
v 0.370600 2.099100 2.029900
v 0.370600 2.099100 2.065100
v 0.398000 2.099100 2.087000
v 0.432300 2.099100 2.079200
v 0.447500 2.099100 2.047500
v 0.432300 2.099100 2.015800
v 0.398000 2.099100 2.008000
v 0.504400 2.095700 2.593600
v 0.466700 2.095700 2.672100
v 0.381700 2.095700 2.691400
v 0.313700 2.095700 2.637100
v 0.313700 2.095700 2.550000
v 0.381700 2.095700 2.495700
v 0.466700 2.095700 2.515100
v 0.504400 2.296499 2.593601
v 0.466700 2.296499 2.672101
v 0.381700 2.296499 2.691401
v 0.313700 2.296499 2.637100
v 0.313700 2.296499 2.550000
v 0.381700 2.296499 2.495700
v 0.466700 2.296499 2.515100
v 0.370600 2.296499 2.576000
v 0.370600 2.296499 2.611201
v 0.398000 2.296499 2.633101
v 0.432300 2.296499 2.625300
v 0.447500 2.296499 2.593601
v 0.432300 2.296499 2.561900
v 0.398000 2.296499 2.554101
v 0.370600 2.099100 2.576000
v 0.370600 2.099100 2.611200
v 0.398000 2.099100 2.633100
v 0.432300 2.099100 2.625300
v 0.447500 2.099100 2.593600
v 0.432300 2.099100 2.561900
v 0.398000 2.099100 2.554100
v -0.273200 2.097000 -2.611200
v -0.310900 2.097000 -2.532700
v -0.395900 2.097000 -2.513400
v -0.463900 2.097000 -2.567700
v -0.463900 2.097000 -2.654800
v -0.395900 2.097000 -2.709100
v -0.310900 2.097000 -2.689700
v -0.273200 2.297801 -2.611200
v -0.310900 2.297801 -2.532700
v -0.395900 2.297801 -2.513400
v -0.463900 2.297801 -2.567699
v -0.463900 2.297801 -2.654799
v -0.395900 2.297801 -2.709100
v -0.310900 2.297801 -2.689699
v -0.407000 2.297801 -2.628799
v -0.407000 2.297801 -2.593600
v -0.379600 2.297801 -2.571700
v -0.345300 2.297801 -2.579499
v -0.330100 2.297801 -2.611200
v -0.345300 2.297801 -2.642900
v -0.379600 2.297801 -2.650700
v -0.407000 2.100400 -2.628800
v -0.407000 2.100400 -2.593600
v -0.379600 2.100400 -2.571700
v -0.345300 2.100400 -2.579500
v -0.330100 2.100400 -2.611200
v -0.345300 2.100400 -2.642900
v -0.379600 2.100400 -2.650700
v -0.273200 2.097000 -2.006700
v -0.310900 2.097000 -1.928200
v -0.395900 2.097000 -1.908900
v -0.463900 2.097000 -1.963200
v -0.463900 2.097000 -2.050200
v -0.395900 2.097000 -2.104600
v -0.310900 2.097000 -2.085200
v -0.273200 2.297800 -2.006700
v -0.310900 2.297800 -1.928200
v -0.395900 2.297800 -1.908900
v -0.463900 2.297800 -1.963200
v -0.463900 2.297800 -2.050200
v -0.395900 2.297800 -2.104599
v -0.310900 2.297800 -2.085200
v -0.407000 2.297800 -2.024300
v -0.407000 2.297800 -1.989100
v -0.379600 2.297800 -1.967200
v -0.345300 2.297800 -1.975000
v -0.330100 2.297800 -2.006700
v -0.345300 2.297800 -2.038399
v -0.379600 2.297800 -2.046200
v -0.407000 2.100400 -2.024300
v -0.407000 2.100400 -1.989100
v -0.379600 2.100400 -1.967200
v -0.345300 2.100400 -1.975000
v -0.330100 2.100400 -2.006700
v -0.345300 2.100400 -2.038400
v -0.379600 2.100400 -2.046200
v -0.273200 2.097000 -1.460600
v -0.310900 2.097000 -1.382100
v -0.395900 2.097000 -1.362800
v -0.463900 2.097000 -1.417100
v -0.463900 2.097000 -1.504200
v -0.395900 2.097000 -1.558500
v -0.310900 2.097000 -1.539100
v -0.273200 2.297800 -1.460600
v -0.310900 2.297800 -1.382100
v -0.395900 2.297800 -1.362800
v -0.463900 2.297800 -1.417100
v -0.463900 2.297800 -1.504200
v -0.395900 2.297800 -1.558500
v -0.310900 2.297800 -1.539100
v -0.407000 2.297800 -1.478200
v -0.407000 2.297800 -1.443000
v -0.379600 2.297800 -1.421100
v -0.345300 2.297800 -1.428900
v -0.330100 2.297800 -1.460600
v -0.345300 2.297800 -1.492300
v -0.379600 2.297800 -1.500100
v -0.407000 2.100400 -1.478200
v -0.407000 2.100400 -1.443000
v -0.379600 2.100400 -1.421100
v -0.345300 2.100400 -1.428900
v -0.330100 2.100400 -1.460600
v -0.345300 2.100400 -1.492300
v -0.379600 2.100400 -1.500100
v -0.273200 2.097000 -0.585100
v -0.310900 2.097000 -0.506600
v -0.395900 2.097000 -0.487300
v -0.463900 2.097000 -0.541600
v -0.463900 2.097000 -0.628700
v -0.395900 2.097000 -0.683000
v -0.310900 2.097000 -0.663600
v -0.273200 2.297800 -0.585100
v -0.310900 2.297800 -0.506600
v -0.395900 2.297800 -0.487300
v -0.463900 2.297800 -0.541600
v -0.463900 2.297800 -0.628700
v -0.395900 2.297800 -0.683000
v -0.310900 2.297800 -0.663600
v -0.407000 2.297800 -0.602700
v -0.407000 2.297800 -0.567500
v -0.379600 2.297800 -0.545600
v -0.345300 2.297800 -0.553400
v -0.330100 2.297800 -0.585100
v -0.345300 2.297800 -0.616800
v -0.379600 2.297800 -0.624600
v -0.407000 2.100400 -0.602700
v -0.407000 2.100400 -0.567500
v -0.379600 2.100400 -0.545600
v -0.345300 2.100400 -0.553400
v -0.330100 2.100400 -0.585100
v -0.345300 2.100400 -0.616800
v -0.379600 2.100400 -0.624600
v -0.273200 2.097000 0.019400
v -0.310900 2.097000 0.097900
v -0.395900 2.097000 0.117300
v -0.463900 2.097000 0.062900
v -0.463900 2.097000 -0.024100
v -0.395900 2.097000 -0.078500
v -0.310900 2.097000 -0.059100
v -0.273200 2.297800 0.019400
v -0.310900 2.297800 0.097900
v -0.395900 2.297800 0.117300
v -0.463900 2.297800 0.062900
v -0.463900 2.297800 -0.024100
v -0.395900 2.297800 -0.078500
v -0.310900 2.297800 -0.059100
v -0.407000 2.297800 0.001800
v -0.407000 2.297800 0.037000
v -0.379600 2.297800 0.058900
v -0.345300 2.297800 0.051100
v -0.330100 2.297800 0.019400
v -0.345300 2.297800 -0.012300
v -0.379600 2.297800 -0.020100
v -0.407000 2.100400 0.001800
v -0.407000 2.100400 0.037000
v -0.379600 2.100400 0.058900
v -0.345300 2.100400 0.051100
v -0.330100 2.100400 0.019400
v -0.345300 2.100400 -0.012300
v -0.379600 2.100400 -0.020100
v -0.273200 2.097000 0.565500
v -0.310900 2.097000 0.644000
v -0.395900 2.097000 0.663300
v -0.463900 2.097000 0.609000
v -0.463900 2.097000 0.521900
v -0.395900 2.097000 0.467600
v -0.310900 2.097000 0.487000
v -0.273200 2.297800 0.565500
v -0.310900 2.297800 0.644000
v -0.395900 2.297800 0.663300
v -0.463900 2.297800 0.609000
v -0.463900 2.297800 0.521900
v -0.395900 2.297800 0.467600
v -0.310900 2.297800 0.487000
v -0.407000 2.297800 0.547900
v -0.407000 2.297800 0.583100
v -0.379600 2.297800 0.605000
v -0.345300 2.297800 0.597200
v -0.330100 2.297800 0.565500
v -0.345300 2.297800 0.533800
v -0.379600 2.297800 0.526000
v -0.407000 2.100400 0.547900
v -0.407000 2.100400 0.583100
v -0.379600 2.100400 0.605000
v -0.345300 2.100400 0.597200
v -0.330100 2.100400 0.565500
v -0.345300 2.100400 0.533800
v -0.379600 2.100400 0.526000
v -0.273200 2.097000 1.443000
v -0.310900 2.097000 1.521500
v -0.395900 2.097000 1.540800
v -0.463900 2.097000 1.486500
v -0.463900 2.097000 1.399400
v -0.395900 2.097000 1.345100
v -0.310900 2.097000 1.364500
v -0.273200 2.297800 1.443000
v -0.310900 2.297800 1.521500
v -0.395900 2.297800 1.540800
v -0.463900 2.297800 1.486500
v -0.463900 2.297800 1.399400
v -0.395900 2.297800 1.345100
v -0.310900 2.297800 1.364500
v -0.407000 2.297800 1.425400
v -0.407000 2.297800 1.460600
v -0.379600 2.297800 1.482500
v -0.345300 2.297800 1.474700
v -0.330100 2.297800 1.443000
v -0.345300 2.297800 1.411300
v -0.379600 2.297800 1.403500
v -0.407000 2.100400 1.425400
v -0.407000 2.100400 1.460600
v -0.379600 2.100400 1.482500
v -0.345300 2.100400 1.474700
v -0.330100 2.100400 1.443000
v -0.345300 2.100400 1.411300
v -0.379600 2.100400 1.403500
v -0.273200 2.097000 2.047500
v -0.310900 2.097000 2.126000
v -0.395900 2.097000 2.145300
v -0.463900 2.097000 2.091000
v -0.463900 2.097000 2.004000
v -0.395900 2.097000 1.949600
v -0.310900 2.097000 1.969000
v -0.273200 2.297800 2.047500
v -0.310900 2.297800 2.126000
v -0.395900 2.297800 2.145300
v -0.463900 2.297800 2.091001
v -0.463900 2.297800 2.004000
v -0.395900 2.297800 1.949600
v -0.310900 2.297800 1.969000
v -0.407000 2.297800 2.029901
v -0.407000 2.297800 2.065100
v -0.379600 2.297800 2.087000
v -0.345300 2.297800 2.079201
v -0.330100 2.297800 2.047500
v -0.345300 2.297800 2.015800
v -0.379600 2.297800 2.008000
v -0.407000 2.100400 2.029900
v -0.407000 2.100400 2.065100
v -0.379600 2.100400 2.087000
v -0.345300 2.100400 2.079200
v -0.330100 2.100400 2.047500
v -0.345300 2.100400 2.015800
v -0.379600 2.100400 2.008000
v -0.273200 2.096999 2.593600
v -0.310900 2.096999 2.672100
v -0.395900 2.096999 2.691400
v -0.463900 2.096999 2.637100
v -0.463900 2.096999 2.550000
v -0.395900 2.096999 2.495700
v -0.310900 2.096999 2.515100
v -0.273200 2.297800 2.593601
v -0.310900 2.297800 2.672101
v -0.395900 2.297800 2.691401
v -0.463900 2.297800 2.637100
v -0.463900 2.297800 2.550000
v -0.395900 2.297800 2.495700
v -0.310900 2.297800 2.515100
v -0.407000 2.297800 2.576000
v -0.407000 2.297800 2.611201
v -0.379600 2.297800 2.633101
v -0.345300 2.297800 2.625300
v -0.330100 2.297800 2.593601
v -0.345300 2.297800 2.561900
v -0.379600 2.297800 2.554101
v -0.407000 2.100399 2.576000
v -0.407000 2.100399 2.611200
v -0.379600 2.100399 2.633100
v -0.345300 2.100399 2.625300
v -0.330100 2.100399 2.593600
v -0.345300 2.100399 2.561900
v -0.379600 2.100399 2.554100
v -0.951500 2.097000 -2.611200
v -0.989200 2.097000 -2.532700
v -1.074200 2.097000 -2.513400
v -1.142200 2.097000 -2.567700
v -1.142200 2.097000 -2.654800
v -1.074200 2.097000 -2.709100
v -0.989200 2.097000 -2.689700
v -0.951500 2.297801 -2.611200
v -0.989200 2.297801 -2.532700
v -1.074200 2.297801 -2.513400
v -1.142200 2.297801 -2.567699
v -1.142200 2.297801 -2.654799
v -1.074200 2.297801 -2.709100
v -0.989200 2.297801 -2.689699
v -1.085300 2.297801 -2.628799
v -1.085300 2.297801 -2.593600
v -1.057900 2.297801 -2.571700
v -1.023600 2.297801 -2.579499
v -1.008400 2.297801 -2.611200
v -1.023600 2.297801 -2.642900
v -1.057900 2.297801 -2.650700
v -1.085300 2.100400 -2.628800
v -1.085300 2.100400 -2.593600
v -1.057900 2.100400 -2.571700
v -1.023600 2.100400 -2.579500
v -1.008400 2.100400 -2.611200
v -1.023600 2.100400 -2.642900
v -1.057900 2.100400 -2.650700
v -0.951500 2.097000 -2.006700
v -0.989200 2.097000 -1.928200
v -1.074200 2.097000 -1.908900
v -1.142200 2.097000 -1.963200
v -1.142200 2.097000 -2.050200
v -1.074200 2.097000 -2.104600
v -0.989200 2.097000 -2.085200
v -0.951500 2.297800 -2.006700
v -0.989200 2.297800 -1.928200
v -1.074200 2.297800 -1.908900
v -1.142200 2.297800 -1.963200
v -1.142200 2.297800 -2.050200
v -1.074200 2.297800 -2.104599
v -0.989200 2.297800 -2.085200
v -1.085300 2.297800 -2.024300
v -1.085300 2.297800 -1.989100
v -1.057900 2.297800 -1.967200
v -1.023600 2.297800 -1.975000
v -1.008400 2.297800 -2.006700
v -1.023600 2.297800 -2.038399
v -1.057900 2.297800 -2.046200
v -1.085300 2.100400 -2.024300
v -1.085300 2.100400 -1.989100
v -1.057900 2.100400 -1.967200
v -1.023600 2.100400 -1.975000
v -1.008400 2.100400 -2.006700
v -1.023600 2.100400 -2.038400
v -1.057900 2.100400 -2.046200
v -0.951500 2.097000 -1.460600
v -0.989200 2.097000 -1.382100
v -1.074200 2.097000 -1.362800
v -1.142200 2.097000 -1.417100
v -1.142200 2.097000 -1.504200
v -1.074200 2.097000 -1.558500
v -0.989200 2.097000 -1.539100
v -0.951500 2.297800 -1.460600
v -0.989200 2.297800 -1.382100
v -1.074200 2.297800 -1.362800
v -1.142200 2.297800 -1.417100
v -1.142200 2.297800 -1.504200
v -1.074200 2.297800 -1.558500
v -0.989200 2.297800 -1.539100
v -1.085300 2.297800 -1.478200
v -1.085300 2.297800 -1.443000
v -1.057900 2.297800 -1.421100
v -1.023600 2.297800 -1.428900
v -1.008400 2.297800 -1.460600
v -1.023600 2.297800 -1.492300
v -1.057900 2.297800 -1.500100
v -1.085300 2.100400 -1.478200
v -1.085300 2.100400 -1.443000
v -1.057900 2.100400 -1.421100
v -1.023600 2.100400 -1.428900
v -1.008400 2.100400 -1.460600
v -1.023600 2.100400 -1.492300
v -1.057900 2.100400 -1.500100
v -0.951500 2.097000 -0.585100
v -0.989200 2.097000 -0.506600
v -1.074200 2.097000 -0.487300
v -1.142200 2.097000 -0.541600
v -1.142200 2.097000 -0.628700
v -1.074200 2.097000 -0.683000
v -0.989200 2.097000 -0.663600
v -0.951500 2.297800 -0.585100
v -0.989200 2.297800 -0.506600
v -1.074200 2.297800 -0.487300
v -1.142200 2.297800 -0.541600
v -1.142200 2.297800 -0.628700
v -1.074200 2.297800 -0.683000
v -0.989200 2.297800 -0.663600
v -1.085300 2.297800 -0.602700
v -1.085300 2.297800 -0.567500
v -1.057900 2.297800 -0.545600
v -1.023600 2.297800 -0.553400
v -1.008400 2.297800 -0.585100
v -1.023600 2.297800 -0.616800
v -1.057900 2.297800 -0.624600
v -1.085300 2.100400 -0.602700
v -1.085300 2.100400 -0.567500
v -1.057900 2.100400 -0.545600
v -1.023600 2.100400 -0.553400
v -1.008400 2.100400 -0.585100
v -1.023600 2.100400 -0.616800
v -1.057900 2.100400 -0.624600
v -0.951500 2.097000 0.019400
v -0.989200 2.097000 0.097900
v -1.074200 2.097000 0.117300
v -1.142200 2.097000 0.062900
v -1.142200 2.097000 -0.024100
v -1.074200 2.097000 -0.078500
v -0.989200 2.097000 -0.059100
v -0.951500 2.297800 0.019400
v -0.989200 2.297800 0.097900
v -1.074200 2.297800 0.117300
v -1.142200 2.297800 0.062900
v -1.142200 2.297800 -0.024100
v -1.074200 2.297800 -0.078500
v -0.989200 2.297800 -0.059100
v -1.085300 2.297800 0.001800
v -1.085300 2.297800 0.037000
v -1.057900 2.297800 0.058900
v -1.023600 2.297800 0.051100
v -1.008400 2.297800 0.019400
v -1.023600 2.297800 -0.012300
v -1.057900 2.297800 -0.020100
v -1.085300 2.100400 0.001800
v -1.085300 2.100400 0.037000
v -1.057900 2.100400 0.058900
v -1.023600 2.100400 0.051100
v -1.008400 2.100400 0.019400
v -1.023600 2.100400 -0.012300
v -1.057900 2.100400 -0.020100
v -0.951500 2.097000 0.565500
v -0.989200 2.097000 0.644000
v -1.074200 2.097000 0.663300
v -1.142200 2.097000 0.609000
v -1.142200 2.097000 0.521900
v -1.074200 2.097000 0.467600
v -0.989200 2.097000 0.487000
v -0.951500 2.297800 0.565500
v -0.989200 2.297800 0.644000
v -1.074200 2.297800 0.663300
v -1.142200 2.297800 0.609000
v -1.142200 2.297800 0.521900
v -1.074200 2.297800 0.467600
v -0.989200 2.297800 0.487000
v -1.085300 2.297800 0.547900
v -1.085300 2.297800 0.583100
v -1.057900 2.297800 0.605000
v -1.023600 2.297800 0.597200
v -1.008400 2.297800 0.565500
v -1.023600 2.297800 0.533800
v -1.057900 2.297800 0.526000
v -1.085300 2.100400 0.547900
v -1.085300 2.100400 0.583100
v -1.057900 2.100400 0.605000
v -1.023600 2.100400 0.597200
v -1.008400 2.100400 0.565500
v -1.023600 2.100400 0.533800
v -1.057900 2.100400 0.526000
v -0.951500 2.097000 1.443000
v -0.989200 2.097000 1.521500
v -1.074200 2.097000 1.540800
v -1.142200 2.097000 1.486500
v -1.142200 2.097000 1.399400
v -1.074200 2.097000 1.345100
v -0.989200 2.097000 1.364500
v -0.951500 2.297800 1.443000
v -0.989200 2.297800 1.521500
v -1.074200 2.297800 1.540800
v -1.142200 2.297800 1.486500
v -1.142200 2.297800 1.399400
v -1.074200 2.297800 1.345100
v -0.989200 2.297800 1.364500
v -1.085300 2.297800 1.425400
v -1.085300 2.297800 1.460600
v -1.057900 2.297800 1.482500
v -1.023600 2.297800 1.474700
v -1.008400 2.297800 1.443000
v -1.023600 2.297800 1.411300
v -1.057900 2.297800 1.403500
v -1.085300 2.100400 1.425400
v -1.085300 2.100400 1.460600
v -1.057900 2.100400 1.482500
v -1.023600 2.100400 1.474700
v -1.008400 2.100400 1.443000
v -1.023600 2.100400 1.411300
v -1.057900 2.100400 1.403500
v -0.951500 2.097000 2.047500
v -0.989200 2.097000 2.126000
v -1.074200 2.097000 2.145300
v -1.142200 2.097000 2.091000
v -1.142200 2.097000 2.004000
v -1.074200 2.097000 1.949600
v -0.989200 2.097000 1.969000
v -0.951500 2.297800 2.047500
v -0.989200 2.297800 2.126000
v -1.074200 2.297800 2.145300
v -1.142200 2.297800 2.091001
v -1.142200 2.297800 2.004000
v -1.074200 2.297800 1.949600
v -0.989200 2.297800 1.969000
v -1.085300 2.297800 2.029901
v -1.085300 2.297800 2.065100
v -1.057900 2.297800 2.087000
v -1.023600 2.297800 2.079201
v -1.008400 2.297800 2.047500
v -1.023600 2.297800 2.015800
v -1.057900 2.297800 2.008000
v -1.085300 2.100400 2.029900
v -1.085300 2.100400 2.065100
v -1.057900 2.100400 2.087000
v -1.023600 2.100400 2.079200
v -1.008400 2.100400 2.047500
v -1.023600 2.100400 2.015800
v -1.057900 2.100400 2.008000
v -0.951500 2.096999 2.593600
v -0.989200 2.096999 2.672100
v -1.074200 2.096999 2.691400
v -1.142200 2.096999 2.637100
v -1.142200 2.096999 2.550000
v -1.074200 2.096999 2.495700
v -0.989200 2.096999 2.515100
v -0.951500 2.297800 2.593601
v -0.989200 2.297800 2.672101
v -1.074200 2.297800 2.691401
v -1.142200 2.297800 2.637100
v -1.142200 2.297800 2.550000
v -1.074200 2.297800 2.495700
v -0.989200 2.297800 2.515100
v -1.085300 2.297800 2.576000
v -1.085300 2.297800 2.611201
v -1.057900 2.297800 2.633101
v -1.023600 2.297800 2.625300
v -1.008400 2.297800 2.593601
v -1.023600 2.297800 2.561900
v -1.057900 2.297800 2.554101
v -1.085300 2.100399 2.576000
v -1.085300 2.100399 2.611200
v -1.057900 2.100399 2.633100
v -1.023600 2.100399 2.625300
v -1.008400 2.100399 2.593600
v -1.023600 2.100399 2.561900
v -1.057900 2.100399 2.554100
vn -0.0000 1.0000 -0.0000
vn -0.0000 -0.0000 1.0000
vn -0.0000 -0.0000 -1.0000
vn -1.0000 -0.0000 -0.0000
vn 1.0000 -0.0000 -0.0000
vn 0.9010 -0.0000 0.4338
vn 0.2225 -0.0000 0.9749
vn -0.6247 -0.0000 0.7809
vn -0.6247 -0.0000 -0.7809
vn 0.2225 -0.0000 -0.9749
vn 0.9010 -0.0000 -0.4339
vn 0.6243 -0.0000 -0.7811
vn -0.2217 -0.0000 -0.9751
vn -0.9006 -0.0000 -0.4347
vn -0.9006 -0.0000 0.4347
vn -0.2218 -0.0000 0.9751
vn 0.6244 -0.0000 0.7811
vn 0.2228 -0.0000 0.9749
vn -0.6241 -0.0000 0.7813
vn -0.6241 -0.0000 -0.7813
vn 0.2228 -0.0000 -0.9749
vn -0.2217 -0.0000 0.9751
vn 0.6244 -0.0000 -0.7811
vn -0.2218 -0.0000 -0.9751
vn 0.6243 -0.0000 0.7811
vn 0.9010 -0.0000 0.4339
vn 0.9010 -0.0000 -0.4338
vn 0.6243 -0.0000 -0.7812
vn -0.6234 -0.0000 0.7819
vn -0.6234 -0.0000 -0.7819
vn 0.2217 -0.0000 -0.9751
vn -0.6240 -0.0000 0.7814
vn -0.6240 -0.0000 -0.7814
vn 0.2214 -0.0000 -0.9752
vn 0.2217 -0.0000 0.9751
vn 0.2214 -0.0000 0.9752
vn 0.6243 -0.0000 0.7812
vn 0.9014 -0.0000 0.4329
vn 0.9014 -0.0000 -0.4329
vn -0.9017 -0.0000 -0.4324
vn -0.9017 -0.0000 0.4324
s 0
usemtl Material.001
vt 0.250000 0.500000
vt 0.750000 0.500000
vt 0.750000 0.500000
vt 0.750000 0.500000
vt 0.750000 0.500000
vt 0.750000 0.500000
vt 0.750000 0.500000
vt 0.750000 0.500000
vt 0.750000 0.500000
vt 0.750000 0.500000
vt 0.750000 0.500000
vt 0.750000 0.500000
vt 0.750000 0.500000
vt 0.750000 0.500000
vt 0.750000 0.500000
vt 0.750000 0.500000
vt 0.750000 0.500000
vt 0.250000 0.500000
vt 0.250000 0.500000
vt 0.250000 0.500000
vt 0.250000 0.500000
vt 0.250000 0.500000
vt 0.750000 0.500000
vt 0.750000 0.500000
vt 0.750000 0.500000
vt 0.750000 0.500000
vt 0.750000 0.500000
vt 0.750000 0.500000
vt 0.750000 0.500000
vt 0.750000 0.500000
vt 0.750000 0.500000
vt 0.750000 0.500000
vt 0.750000 0.500000
vt 0.750000 0.500000
vt 0.750000 0.500000
vt 0.750000 0.500000
vt 0.750000 0.500000
vt 0.750000 0.500000
vt 0.250000 0.500000
vt 0.250000 0.500000
vt 0.250000 0.500000
vt 0.750000 0.500000
vt 0.750000 0.500000
vt 0.750000 0.500000
vt 0.750000 0.500000
vt 0.750000 0.500000
vt 0.750000 0.500000
vt 0.750000 0.500000
vt 0.750000 0.500000
vt 0.750000 0.500000
vt 0.750000 0.500000
vt 0.750000 0.500000
vt 0.750000 0.500000
vt 0.750000 0.500000
vt 0.750000 0.500000
vt 0.750000 0.500000
vt 0.750000 0.500000
vt 0.250000 0.500000
vt 0.250000 0.500000
vt 0.250000 0.500000
vt 0.750000 0.500000
vt 0.750000 0.500000
vt 0.750000 0.500000
vt 0.750000 0.500000
vt 0.750000 0.500000
vt 0.750000 0.500000
vt 0.750000 0.500000
vt 0.750000 0.500000
vt 0.750000 0.500000
vt 0.750000 0.500000
vt 0.750000 0.500000
vt 0.750000 0.500000
vt 0.750000 0.500000
vt 0.750000 0.500000
vt 0.750000 0.500000
vt 0.750000 0.500000
vt 0.250000 0.500000
vt 0.250000 0.500000
vt 0.250000 0.500000
vt 0.750000 0.500000
vt 0.750000 0.500000
vt 0.750000 0.500000
vt 0.750000 0.500000
vt 0.750000 0.500000
vt 0.750000 0.500000
vt 0.750000 0.500000
vt 0.750000 0.500000
vt 0.750000 0.500000
vt 0.750000 0.500000
vt 0.750000 0.500000
vt 0.750000 0.500000
vt 0.750000 0.500000
vt 0.750000 0.500000
vt 0.750000 0.500000
vt 0.750000 0.500000
vt 0.250000 0.500000
vt 0.250000 0.500000
vt 0.750000 0.500000
vt 0.750000 0.500000
vt 0.750000 0.500000
vt 0.750000 0.500000
vt 0.250000 0.500000
vt 0.750000 0.500000
vt 0.750000 0.500000
vt 0.750000 0.500000
vt 0.750000 0.500000
vt 0.250000 0.500000
vt 0.250000 0.500000
vt 0.250000 0.500000
vt 0.250000 0.500000
vt 0.250000 0.500000
vt 0.250000 0.500000
vt 0.750000 0.500000
vt 0.750000 0.500000
vt 0.750000 0.500000
vt 0.750000 0.500000
vt 0.250000 0.500000
vt 0.750000 0.500000
vt 0.750000 0.500000
vt 0.750000 0.500000
vt 0.750000 0.500000
vt 0.750000 0.500000
vt 0.750000 0.500000
vt 0.750000 0.500000
vt 0.750000 0.500000
vt 0.750000 0.500000
vt 0.750000 0.500000
vt 0.750000 0.500000
vt 0.750000 0.500000
vt 0.750000 0.500000
vt 0.750000 0.500000
vt 0.750000 0.500000
vt 0.750000 0.500000
vt 0.750000 0.500000
vt 0.750000 0.500000
vt 0.750000 0.500000
vt 0.750000 0.500000
vt 0.250000 0.500000
vt 0.250000 0.500000
vt 0.750000 0.500000
vt 0.750000 0.500000
vt 0.750000 0.500000
vt 0.750000 0.500000
vt 0.750000 0.500000
vt 0.750000 0.500000
vt 0.750000 0.500000
vt 0.750000 0.500000
vt 0.750000 0.500000
vt 0.750000 0.500000
vt 0.750000 0.500000
vt 0.750000 0.500000
vt 0.750000 0.500000
vt 0.750000 0.500000
vt 0.750000 0.500000
vt 0.750000 0.500000
vt 0.750000 0.500000
vt 0.750000 0.500000
vt 0.750000 0.500000
vt 0.750000 0.500000
vt 0.750000 0.500000
vt 0.750000 0.500000
vt 0.750000 0.500000
vt 0.750000 0.500000
vt 0.750000 0.500000
vt 0.750000 0.500000
vt 0.750000 0.500000
vt 0.750000 0.500000
vt 0.750000 0.500000
vt 0.750000 0.500000
vt 0.750000 0.500000
vt 0.750000 0.500000
vt 0.750000 0.500000
vt 0.750000 0.500000
vt 0.750000 0.500000
vt 0.750000 0.500000
vt 0.750000 0.500000
vt 0.750000 0.500000
vt 0.750000 0.500000
vt 0.750000 0.500000
vt 0.750000 0.500000
vt 0.750000 0.500000
vt 0.750000 0.500000
vt 0.750000 0.500000
vt 0.750000 0.500000
vt 0.750000 0.500000
vt 0.750000 0.500000
vt 0.750000 0.500000
vt 0.250000 0.500000
vt 0.250000 0.500000
vt 0.250000 0.500000
vt 0.750000 0.500000
vt 0.750000 0.500000
vt 0.750000 0.500000
vt 0.750000 0.500000
vt 0.750000 0.500000
vt 0.750000 0.500000
vt 0.750000 0.500000
vt 0.750000 0.500000
vt 0.750000 0.500000
vt 0.750000 0.500000
vt 0.750000 0.500000
vt 0.750000 0.500000
vt 0.750000 0.500000
vt 0.750000 0.500000
vt 0.750000 0.500000
vt 0.750000 0.500000
vt 0.750000 0.500000
vt 0.750000 0.500000
vt 0.750000 0.500000
vt 0.750000 0.500000
vt 0.750000 0.500000
vt 0.750000 0.500000
vt 0.750000 0.500000
vt 0.750000 0.500000
vt 0.750000 0.500000
vt 0.750000 0.500000
vt 0.750000 0.500000
vt 0.750000 0.500000
vt 0.750000 0.500000
vt 0.750000 0.500000
vt 0.750000 0.500000
vt 0.750000 0.500000
vt 0.750000 0.500000
vt 0.750000 0.500000
vt 0.750000 0.500000
vt 0.750000 0.500000
vt 0.750000 0.500000
vt 0.750000 0.500000
vt 0.750000 0.500000
vt 0.750000 0.500000
vt 0.750000 0.500000
vt 0.750000 0.500000
vt 0.750000 0.500000
vt 0.750000 0.500000
vt 0.750000 0.500000
vt 0.750000 0.500000
vt 0.750000 0.500000
vt 0.750000 0.500000
vt 0.750000 0.500000
vt 0.750000 0.500000
vt 0.750000 0.500000
vt 0.750000 0.500000
vt 0.750000 0.500000
vt 0.750000 0.500000
vt 0.750000 0.500000
vt 0.750000 0.500000
vt 0.750000 0.500000
vt 0.750000 0.500000
vt 0.750000 0.500000
vt 0.750000 0.500000
vt 0.750000 0.500000
vt 0.750000 0.500000
vt 0.750000 0.500000
vt 0.750000 0.500000
vt 0.750000 0.500000
vt 0.750000 0.500000
vt 0.750000 0.500000
vt 0.750000 0.500000
vt 0.750000 0.500000
vt 0.750000 0.500000
vt 0.750000 0.500000
vt 0.750000 0.500000
vt 0.750000 0.500000
vt 0.750000 0.500000
vt 0.750000 0.500000
vt 0.750000 0.500000
vt 0.750000 0.500000
vt 0.750000 0.500000
vt 0.750000 0.500000
vt 0.750000 0.500000
vt 0.750000 0.500000
vt 0.750000 0.500000
vt 0.750000 0.500000
vt 0.750000 0.500000
vt 0.750000 0.500000
vt 0.750000 0.500000
vt 0.750000 0.500000
vt 0.750000 0.500000
vt 0.750000 0.500000
vt 0.750000 0.500000
vt 0.750000 0.500000
vt 0.750000 0.500000
vt 0.750000 0.500000
vt 0.750000 0.500000
vt 0.750000 0.500000
vt 0.750000 0.500000
vt 0.750000 0.500000
vt 0.750000 0.500000
vt 0.750000 0.500000
vt 0.750000 0.500000
vt 0.750000 0.500000
vt 0.750000 0.500000
vt 0.750000 0.500000
vt 0.750000 0.500000
vt 0.750000 0.500000
vt 0.750000 0.500000
vt 0.750000 0.500000
vt 0.750000 0.500000
vt 0.750000 0.500000
vt 0.750000 0.500000
vt 0.750000 0.500000
vt 0.750000 0.500000
vt 0.750000 0.500000
vt 0.750000 0.500000
vt 0.750000 0.500000
vt 0.750000 0.500000
vt 0.750000 0.500000
vt 0.750000 0.500000
vt 0.750000 0.500000
vt 0.750000 0.500000
vt 0.750000 0.500000
vt 0.750000 0.500000
vt 0.750000 0.500000
vt 0.750000 0.500000
vt 0.750000 0.500000
vt 0.750000 0.500000
vt 0.750000 0.500000
vt 0.750000 0.500000
vt 0.750000 0.500000
vt 0.750000 0.500000
vt 0.750000 0.500000
vt 0.750000 0.500000
vt 0.750000 0.500000
vt 0.750000 0.500000
vt 0.750000 0.500000
vt 0.750000 0.500000
vt 0.750000 0.500000
vt 0.750000 0.500000
vt 0.750000 0.500000
vt 0.750000 0.500000
vt 0.750000 0.500000
vt 0.750000 0.500000
vt 0.750000 0.500000
vt 0.750000 0.500000
vt 0.750000 0.500000
vt 0.750000 0.500000
vt 0.750000 0.500000
vt 0.750000 0.500000
vt 0.750000 0.500000
vt 0.750000 0.500000
vt 0.750000 0.500000
vt 0.750000 0.500000
vt 0.750000 0.500000
vt 0.750000 0.500000
vt 0.750000 0.500000
vt 0.750000 0.500000
vt 0.750000 0.500000
vt 0.750000 0.500000
vt 0.750000 0.500000
vt 0.750000 0.500000
vt 0.750000 0.500000
vt 0.750000 0.500000
vt 0.750000 0.500000
vt 0.750000 0.500000
vt 0.750000 0.500000
vt 0.750000 0.500000
vt 0.750000 0.500000
vt 0.750000 0.500000
vt 0.750000 0.500000
vt 0.750000 0.500000
vt 0.750000 0.500000
vt 0.750000 0.500000
vt 0.750000 0.500000
vt 0.750000 0.500000
vt 0.750000 0.500000
vt 0.750000 0.500000
vt 0.750000 0.500000
vt 0.750000 0.500000
vt 0.750000 0.500000
vt 0.750000 0.500000
vt 0.750000 0.500000
vt 0.750000 0.500000
vt 0.750000 0.500000
vt 0.750000 0.500000
vt 0.750000 0.500000
vt 0.750000 0.500000
vt 0.750000 0.500000
vt 0.750000 0.500000
vt 0.750000 0.500000
vt 0.750000 0.500000
vt 0.750000 0.500000
vt 0.750000 0.500000
vt 0.750000 0.500000
vt 0.750000 0.500000
vt 0.750000 0.500000
vt 0.750000 0.500000
vt 0.750000 0.500000
vt 0.750000 0.500000
vt 0.750000 0.500000
vt 0.750000 0.500000
vt 0.750000 0.500000
vt 0.750000 0.500000
vt 0.750000 0.500000
vt 0.750000 0.500000
vt 0.750000 0.500000
vt 0.750000 0.500000
vt 0.750000 0.500000
vt 0.750000 0.500000
vt 0.750000 0.500000
vt 0.750000 0.500000
vt 0.750000 0.500000
vt 0.750000 0.500000
vt 0.750000 0.500000
vt 0.750000 0.500000
vt 0.750000 0.500000
vt 0.750000 0.500000
vt 0.750000 0.500000
vt 0.750000 0.500000
vt 0.750000 0.500000
vt 0.750000 0.500000
vt 0.750000 0.500000
vt 0.750000 0.500000
vt 0.750000 0.500000
vt 0.750000 0.500000
vt 0.750000 0.500000
vt 0.750000 0.500000
vt 0.750000 0.500000
vt 0.750000 0.500000
vt 0.750000 0.500000
vt 0.750000 0.500000
vt 0.750000 0.500000
vt 0.750000 0.500000
vt 0.750000 0.500000
vt 0.750000 0.500000
vt 0.750000 0.500000
vt 0.750000 0.500000
vt 0.750000 0.500000
vt 0.750000 0.500000
vt 0.750000 0.500000
vt 0.750000 0.500000
vt 0.750000 0.500000
vt 0.750000 0.500000
vt 0.750000 0.500000
vt 0.750000 0.500000
vt 0.750000 0.500000
vt 0.750000 0.500000
vt 0.750000 0.500000
vt 0.750000 0.500000
vt 0.750000 0.500000
vt 0.750000 0.500000
vt 0.750000 0.500000
vt 0.750000 0.500000
vt 0.750000 0.500000
vt 0.750000 0.500000
vt 0.750000 0.500000
vt 0.750000 0.500000
vt 0.750000 0.500000
vt 0.750000 0.500000
vt 0.750000 0.500000
vt 0.750000 0.500000
vt 0.750000 0.500000
vt 0.750000 0.500000
vt 0.750000 0.500000
vt 0.750000 0.500000
vt 0.750000 0.500000
vt 0.750000 0.500000
vt 0.750000 0.500000
vt 0.750000 0.500000
vt 0.750000 0.500000
vt 0.750000 0.500000
vt 0.750000 0.500000
vt 0.750000 0.500000
vt 0.750000 0.500000
vt 0.750000 0.500000
vt 0.750000 0.500000
vt 0.750000 0.500000
vt 0.750000 0.500000
vt 0.750000 0.500000
vt 0.750000 0.500000
vt 0.750000 0.500000
vt 0.750000 0.500000
vt 0.750000 0.500000
vt 0.750000 0.500000
vt 0.750000 0.500000
vt 0.750000 0.500000
vt 0.750000 0.500000
vt 0.750000 0.500000
vt 0.750000 0.500000
vt 0.750000 0.500000
vt 0.750000 0.500000
vt 0.750000 0.500000
vt 0.750000 0.500000
vt 0.750000 0.500000
vt 0.750000 0.500000
vt 0.750000 0.500000
vt 0.750000 0.500000
vt 0.750000 0.500000
vt 0.750000 0.500000
vt 0.750000 0.500000
vt 0.750000 0.500000
vt 0.750000 0.500000
vt 0.750000 0.500000
vt 0.750000 0.500000
vt 0.750000 0.500000
vt 0.750000 0.500000
vt 0.750000 0.500000
vt 0.750000 0.500000
vt 0.750000 0.500000
vt 0.750000 0.500000
vt 0.750000 0.500000
vt 0.750000 0.500000
vt 0.750000 0.500000
vt 0.750000 0.500000
vt 0.750000 0.500000
vt 0.750000 0.500000
vt 0.750000 0.500000
vt 0.750000 0.500000
vt 0.750000 0.500000
vt 0.750000 0.500000
vt 0.750000 0.500000
vt 0.750000 0.500000
vt 0.750000 0.500000
vt 0.750000 0.500000
vt 0.750000 0.500000
vt 0.750000 0.500000
vt 0.750000 0.500000
vt 0.750000 0.500000
vt 0.750000 0.500000
vt 0.750000 0.500000
vt 0.750000 0.500000
vt 0.750000 0.500000
vt 0.750000 0.500000
vt 0.750000 0.500000
vt 0.750000 0.500000
vt 0.750000 0.500000
vt 0.750000 0.500000
vt 0.750000 0.500000
vt 0.750000 0.500000
vt 0.750000 0.500000
vt 0.750000 0.500000
vt 0.750000 0.500000
vt 0.750000 0.500000
vt 0.750000 0.500000
vt 0.750000 0.500000
vt 0.750000 0.500000
vt 0.750000 0.500000
vt 0.750000 0.500000
vt 0.750000 0.500000
vt 0.750000 0.500000
vt 0.750000 0.500000
vt 0.750000 0.500000
vt 0.750000 0.500000
vt 0.750000 0.500000
vt 0.750000 0.500000
vt 0.750000 0.500000
vt 0.750000 0.500000
vt 0.750000 0.500000
vt 0.750000 0.500000
vt 0.750000 0.500000
vt 0.750000 0.500000
vt 0.750000 0.500000
vt 0.750000 0.500000
vt 0.750000 0.500000
vt 0.750000 0.500000
vt 0.750000 0.500000
vt 0.750000 0.500000
vt 0.750000 0.500000
vt 0.750000 0.500000
vt 0.750000 0.500000
vt 0.750000 0.500000
vt 0.750000 0.500000
vt 0.750000 0.500000
vt 0.750000 0.500000
vt 0.750000 0.500000
vt 0.750000 0.500000
vt 0.750000 0.500000
vt 0.750000 0.500000
vt 0.750000 0.500000
vt 0.750000 0.500000
vt 0.750000 0.500000
vt 0.750000 0.500000
vt 0.750000 0.500000
vt 0.750000 0.500000
vt 0.750000 0.500000
vt 0.750000 0.500000
vt 0.750000 0.500000
vt 0.750000 0.500000
vt 0.750000 0.500000
vt 0.750000 0.500000
vt 0.750000 0.500000
vt 0.750000 0.500000
vt 0.750000 0.500000
vt 0.750000 0.500000
vt 0.750000 0.500000
vt 0.750000 0.500000
vt 0.750000 0.500000
vt 0.750000 0.500000
vt 0.750000 0.500000
vt 0.750000 0.500000
vt 0.750000 0.500000
vt 0.750000 0.500000
vt 0.750000 0.500000
vt 0.750000 0.500000
vt 0.750000 0.500000
vt 0.750000 0.500000
vt 0.750000 0.500000
vt 0.750000 0.500000
vt 0.750000 0.500000
vt 0.750000 0.500000
vt 0.750000 0.500000
vt 0.750000 0.500000
vt 0.750000 0.500000
vt 0.750000 0.500000
vt 0.750000 0.500000
vt 0.750000 0.500000
vt 0.750000 0.500000
vt 0.750000 0.500000
vt 0.750000 0.500000
vt 0.750000 0.500000
vt 0.750000 0.500000
vt 0.750000 0.500000
vt 0.750000 0.500000
vt 0.750000 0.500000
vt 0.750000 0.500000
vt 0.750000 0.500000
vt 0.750000 0.500000
vt 0.750000 0.500000
vt 0.750000 0.500000
vt 0.750000 0.500000
vt 0.750000 0.500000
vt 0.750000 0.500000
vt 0.750000 0.500000
vt 0.750000 0.500000
vt 0.750000 0.500000
vt 0.750000 0.500000
vt 0.750000 0.500000
vt 0.750000 0.500000
vt 0.750000 0.500000
vt 0.750000 0.500000
vt 0.750000 0.500000
vt 0.750000 0.500000
vt 0.750000 0.500000
vt 0.750000 0.500000
vt 0.750000 0.500000
vt 0.750000 0.500000
vt 0.750000 0.500000
vt 0.750000 0.500000
vt 0.750000 0.500000
vt 0.750000 0.500000
vt 0.750000 0.500000
vt 0.750000 0.500000
vt 0.750000 0.500000
vt 0.750000 0.500000
vt 0.750000 0.500000
vt 0.750000 0.500000
vt 0.750000 0.500000
vt 0.750000 0.500000
vt 0.750000 0.500000
vt 0.750000 0.500000
vt 0.750000 0.500000
vt 0.750000 0.500000
vt 0.750000 0.500000
vt 0.750000 0.500000
vt 0.750000 0.500000
vt 0.750000 0.500000
vt 0.750000 0.500000
vt 0.750000 0.500000
vt 0.750000 0.500000
vt 0.750000 0.500000
vt 0.750000 0.500000
vt 0.750000 0.500000
vt 0.750000 0.500000
vt 0.750000 0.500000
vt 0.750000 0.500000
vt 0.750000 0.500000
vt 0.750000 0.500000
vt 0.750000 0.500000
vt 0.750000 0.500000
vt 0.750000 0.500000
vt 0.750000 0.500000
vt 0.750000 0.500000
vt 0.750000 0.500000
vt 0.750000 0.500000
vt 0.750000 0.500000
vt 0.750000 0.500000
vt 0.750000 0.500000
vt 0.750000 0.500000
vt 0.750000 0.500000
vt 0.750000 0.500000
vt 0.750000 0.500000
vt 0.750000 0.500000
vt 0.750000 0.500000
vt 0.750000 0.500000
vt 0.750000 0.500000
vt 0.750000 0.500000
vt 0.750000 0.500000
vt 0.750000 0.500000
vt 0.750000 0.500000
vt 0.750000 0.500000
vt 0.750000 0.500000
vt 0.750000 0.500000
vt 0.750000 0.500000
vt 0.750000 0.500000
vt 0.750000 0.500000
vt 0.750000 0.500000
vt 0.750000 0.500000
vt 0.750000 0.500000
vt 0.750000 0.500000
vt 0.750000 0.500000
vt 0.750000 0.500000
vt 0.750000 0.500000
vt 0.750000 0.500000
vt 0.750000 0.500000
vt 0.750000 0.500000
vt 0.750000 0.500000
vt 0.750000 0.500000
vt 0.750000 0.500000
vt 0.750000 0.500000
vt 0.750000 0.500000
vt 0.750000 0.500000
vt 0.750000 0.500000
vt 0.750000 0.500000
vt 0.750000 0.500000
vt 0.750000 0.500000
vt 0.750000 0.500000
vt 0.750000 0.500000
vt 0.750000 0.500000
vt 0.750000 0.500000
vt 0.750000 0.500000
vt 0.750000 0.500000
vt 0.750000 0.500000
vt 0.750000 0.500000
vt 0.750000 0.500000
vt 0.750000 0.500000
vt 0.750000 0.500000
vt 0.750000 0.500000
vt 0.750000 0.500000
vt 0.750000 0.500000
vt 0.750000 0.500000
vt 0.750000 0.500000
vt 0.750000 0.500000
vt 0.750000 0.500000
vt 0.750000 0.500000
vt 0.750000 0.500000
vt 0.750000 0.500000
vt 0.750000 0.500000
vt 0.750000 0.500000
vt 0.750000 0.500000
vt 0.750000 0.500000
vt 0.750000 0.500000
vt 0.750000 0.500000
vt 0.750000 0.500000
vt 0.750000 0.500000
vt 0.750000 0.500000
vt 0.750000 0.500000
vt 0.750000 0.500000
vt 0.750000 0.500000
vt 0.750000 0.500000
vt 0.750000 0.500000
vt 0.750000 0.500000
vt 0.750000 0.500000
vt 0.750000 0.500000
vt 0.750000 0.500000
vt 0.750000 0.500000
vt 0.750000 0.500000
vt 0.750000 0.500000
vt 0.750000 0.500000
vt 0.750000 0.500000
vt 0.750000 0.500000
vt 0.750000 0.500000
vt 0.750000 0.500000
vt 0.750000 0.500000
vt 0.750000 0.500000
vt 0.750000 0.500000
vt 0.750000 0.500000
vt 0.750000 0.500000
vt 0.750000 0.500000
vt 0.750000 0.500000
vt 0.750000 0.500000
vt 0.750000 0.500000
vt 0.750000 0.500000
vt 0.750000 0.500000
vt 0.750000 0.500000
vt 0.750000 0.500000
vt 0.750000 0.500000
vt 0.750000 0.500000
vt 0.750000 0.500000
vt 0.750000 0.500000
vt 0.750000 0.500000
vt 0.750000 0.500000
vt 0.750000 0.500000
vt 0.750000 0.500000
vt 0.750000 0.500000
vt 0.750000 0.500000
vt 0.750000 0.500000
vt 0.750000 0.500000
vt 0.750000 0.500000
vt 0.750000 0.500000
vt 0.750000 0.500000
vt 0.750000 0.500000
vt 0.750000 0.500000
vt 0.750000 0.500000
vt 0.750000 0.500000
vt 0.750000 0.500000
vt 0.750000 0.500000
vt 0.750000 0.500000
vt 0.750000 0.500000
vt 0.750000 0.500000
vt 0.750000 0.500000
vt 0.750000 0.500000
vt 0.750000 0.500000
vt 0.750000 0.500000
vt 0.750000 0.500000
vt 0.750000 0.500000
vt 0.750000 0.500000
vt 0.750000 0.500000
vt 0.750000 0.500000
vt 0.750000 0.500000
vt 0.750000 0.500000
vt 0.750000 0.500000
vt 0.750000 0.500000
vt 0.750000 0.500000
vt 0.750000 0.500000
vt 0.750000 0.500000
vt 0.750000 0.500000
vt 0.750000 0.500000
vt 0.750000 0.500000
vt 0.750000 0.500000
vt 0.750000 0.500000
vt 0.750000 0.500000
vt 0.750000 0.500000
vt 0.750000 0.500000
vt 0.750000 0.500000
vt 0.750000 0.500000
vt 0.750000 0.500000
vt 0.750000 0.500000
vt 0.750000 0.500000
vt 0.750000 0.500000
vt 0.750000 0.500000
vt 0.750000 0.500000
vt 0.750000 0.500000
vt 0.750000 0.500000
vt 0.750000 0.500000
vt 0.750000 0.500000
vt 0.750000 0.500000
vt 0.750000 0.500000
vt 0.750000 0.500000
vt 0.750000 0.500000
vt 0.750000 0.500000
vt 0.750000 0.500000
vt 0.750000 0.500000
vt 0.750000 0.500000
vt 0.750000 0.500000
vt 0.750000 0.500000
vt 0.750000 0.500000
vt 0.750000 0.500000
vt 0.750000 0.500000
vt 0.750000 0.500000
vt 0.750000 0.500000
vt 0.750000 0.500000
vt 0.750000 0.500000
vt 0.750000 0.500000
vt 0.750000 0.500000
vt 0.750000 0.500000
vt 0.750000 0.500000
vt 0.750000 0.500000
vt 0.750000 0.500000
vt 0.750000 0.500000
vt 0.750000 0.500000
vt 0.750000 0.500000
vt 0.750000 0.500000
vt 0.750000 0.500000
vt 0.750000 0.500000
vt 0.750000 0.500000
vt 0.750000 0.500000
vt 0.750000 0.500000
vt 0.750000 0.500000
vt 0.750000 0.500000
vt 0.750000 0.500000
vt 0.750000 0.500000
vt 0.750000 0.500000
vt 0.750000 0.500000
vt 0.750000 0.500000
vt 0.750000 0.500000
vt 0.750000 0.500000
vt 0.750000 0.500000
vt 0.750000 0.500000
vt 0.750000 0.500000
vt 0.750000 0.500000
vt 0.750000 0.500000
vt 0.750000 0.500000
vt 0.750000 0.500000
vt 0.750000 0.500000
vt 0.750000 0.500000
vt 0.750000 0.500000
vt 0.750000 0.500000
vt 0.750000 0.500000
vt 0.750000 0.500000
vt 0.750000 0.500000
vt 0.750000 0.500000
vt 0.750000 0.500000
vt 0.750000 0.500000
vt 0.750000 0.500000
vt 0.750000 0.500000
vt 0.750000 0.500000
vt 0.750000 0.500000
vt 0.750000 0.500000
vt 0.750000 0.500000
vt 0.750000 0.500000
vt 0.750000 0.500000
vt 0.750000 0.500000
vt 0.750000 0.500000
vt 0.750000 0.500000
vt 0.750000 0.500000
vt 0.750000 0.500000
vt 0.750000 0.500000
vt 0.750000 0.500000
vt 0.750000 0.500000
vt 0.750000 0.500000
vt 0.750000 0.500000
vt 0.750000 0.500000
vt 0.750000 0.500000
vt 0.750000 0.500000
vt 0.750000 0.500000
vt 0.750000 0.500000
vt 0.750000 0.500000
vt 0.750000 0.500000
vt 0.750000 0.500000
vt 0.750000 0.500000
vt 0.750000 0.500000
vt 0.750000 0.500000
vt 0.750000 0.500000
vt 0.750000 0.500000
vt 0.750000 0.500000
vt 0.750000 0.500000
vt 0.750000 0.500000
vt 0.750000 0.500000
vt 0.750000 0.500000
vt 0.750000 0.500000
vt 0.750000 0.500000
vt 0.750000 0.500000
vt 0.750000 0.500000
vt 0.750000 0.500000
vt 0.750000 0.500000
vt 0.750000 0.500000
vt 0.750000 0.500000
vt 0.750000 0.500000
vt 0.750000 0.500000
vt 0.750000 0.500000
vt 0.750000 0.500000
vt 0.750000 0.500000
vt 0.750000 0.500000
vt 0.750000 0.500000
vt 0.750000 0.500000
vt 0.750000 0.500000
vt 0.750000 0.500000
vt 0.750000 0.500000
vt 0.750000 0.500000
vt 0.750000 0.500000
vt 0.750000 0.500000
vt 0.750000 0.500000
vt 0.750000 0.500000
vt 0.750000 0.500000
vt 0.750000 0.500000
vt 0.750000 0.500000
vt 0.750000 0.500000
vt 0.750000 0.500000
vt 0.750000 0.500000
vt 0.750000 0.500000
vt 0.750000 0.500000
vt 0.750000 0.500000
vt 0.750000 0.500000
vt 0.750000 0.500000
vt 0.750000 0.500000
vt 0.750000 0.500000
vt 0.750000 0.500000
vt 0.750000 0.500000
vt 0.750000 0.500000
vt 0.750000 0.500000
vt 0.750000 0.500000
vt 0.750000 0.500000
vt 0.750000 0.500000
vt 0.750000 0.500000
vt 0.750000 0.500000
vt 0.750000 0.500000
vt 0.750000 0.500000
vt 0.750000 0.500000
vt 0.750000 0.500000
vt 0.750000 0.500000
vt 0.750000 0.500000
vt 0.750000 0.500000
vt 0.750000 0.500000
vt 0.750000 0.500000
vt 0.750000 0.500000
vt 0.750000 0.500000
vt 0.750000 0.500000
vt 0.750000 0.500000
vt 0.750000 0.500000
vt 0.750000 0.500000
vt 0.750000 0.500000
vt 0.750000 0.500000
vt 0.750000 0.500000
vt 0.750000 0.500000
vt 0.750000 0.500000
vt 0.750000 0.500000
vt 0.750000 0.500000
vt 0.750000 0.500000
vt 0.750000 0.500000
vt 0.750000 0.500000
vt 0.750000 0.500000
vt 0.750000 0.500000
vt 0.750000 0.500000
vt 0.750000 0.500000
vt 0.750000 0.500000
vt 0.750000 0.500000
vt 0.750000 0.500000
vt 0.750000 0.500000
vt 0.750000 0.500000
vt 0.750000 0.500000
vt 0.750000 0.500000
vt 0.750000 0.500000
vt 0.750000 0.500000
vt 0.750000 0.500000
vt 0.750000 0.500000
vt 0.750000 0.500000
vt 0.750000 0.500000
vt 0.750000 0.500000
vt 0.750000 0.500000
vt 0.750000 0.500000
vt 0.750000 0.500000
vt 0.750000 0.500000
vt 0.750000 0.500000
vt 0.750000 0.500000
vt 0.750000 0.500000
vt 0.750000 0.500000
vt 0.750000 0.500000
vt 0.750000 0.500000
vt 0.750000 0.500000
vt 0.750000 0.500000
vt 0.750000 0.500000
vt 0.750000 0.500000
vt 0.750000 0.500000
vt 0.750000 0.500000
vt 0.750000 0.500000
vt 0.750000 0.500000
vt 0.750000 0.500000
vt 0.750000 0.500000
vt 0.750000 0.500000
vt 0.750000 0.500000
vt 0.750000 0.500000
vt 0.750000 0.500000
vt 0.750000 0.500000
vt 0.750000 0.500000
vt 0.750000 0.500000
vt 0.750000 0.500000
vt 0.750000 0.500000
vt 0.750000 0.500000
vt 0.750000 0.500000
vt 0.750000 0.500000
vt 0.750000 0.500000
vt 0.750000 0.500000
vt 0.750000 0.500000
vt 0.750000 0.500000
vt 0.750000 0.500000
vt 0.750000 0.500000
vt 0.750000 0.500000
vt 0.750000 0.500000
vt 0.750000 0.500000
vt 0.750000 0.500000
vt 0.750000 0.500000
vt 0.750000 0.500000
vt 0.750000 0.500000
vt 0.750000 0.500000
vt 0.750000 0.500000
vt 0.750000 0.500000
vt 0.750000 0.500000
vt 0.750000 0.500000
vt 0.750000 0.500000
vt 0.750000 0.500000
vt 0.750000 0.500000
vt 0.750000 0.500000
vt 0.750000 0.500000
vt 0.750000 0.500000
vt 0.750000 0.500000
vt 0.750000 0.500000
vt 0.750000 0.500000
vt 0.750000 0.500000
vt 0.750000 0.500000
vt 0.750000 0.500000
vt 0.750000 0.500000
vt 0.750000 0.500000
vt 0.750000 0.500000
vt 0.750000 0.500000
vt 0.750000 0.500000
vt 0.750000 0.500000
vt 0.750000 0.500000
vt 0.750000 0.500000
vt 0.750000 0.500000
vt 0.750000 0.500000
vt 0.750000 0.500000
vt 0.750000 0.500000
vt 0.750000 0.500000
vt 0.750000 0.500000
vt 0.750000 0.500000
vt 0.750000 0.500000
vt 0.750000 0.500000
vt 0.750000 0.500000
vt 0.750000 0.500000
vt 0.750000 0.500000
vt 0.750000 0.500000
vt 0.750000 0.500000
vt 0.750000 0.500000
vt 0.750000 0.500000
vt 0.750000 0.500000
vt 0.750000 0.500000
vt 0.750000 0.500000
vt 0.750000 0.500000
vt 0.750000 0.500000
vt 0.750000 0.500000
vt 0.750000 0.500000
vt 0.750000 0.500000
vt 0.750000 0.500000
vt 0.750000 0.500000
vt 0.750000 0.500000
vt 0.750000 0.500000
vt 0.750000 0.500000
vt 0.750000 0.500000
vt 0.750000 0.500000
vt 0.750000 0.500000
vt 0.750000 0.500000
vt 0.750000 0.500000
vt 0.750000 0.500000
vt 0.750000 0.500000
vt 0.750000 0.500000
vt 0.750000 0.500000
vt 0.750000 0.500000
vt 0.750000 0.500000
vt 0.750000 0.500000
vt 0.750000 0.500000
vt 0.750000 0.500000
vt 0.750000 0.500000
vt 0.750000 0.500000
vt 0.750000 0.500000
vt 0.750000 0.500000
vt 0.750000 0.500000
vt 0.750000 0.500000
vt 0.750000 0.500000
vt 0.750000 0.500000
vt 0.750000 0.500000
vt 0.750000 0.500000
vt 0.750000 0.500000
vt 0.750000 0.500000
vt 0.750000 0.500000
vt 0.750000 0.500000
vt 0.750000 0.500000
vt 0.750000 0.500000
vt 0.750000 0.500000
vt 0.750000 0.500000
vt 0.750000 0.500000
vt 0.750000 0.500000
vt 0.750000 0.500000
vt 0.750000 0.500000
vt 0.750000 0.500000
vt 0.750000 0.500000
vt 0.750000 0.500000
vt 0.750000 0.500000
vt 0.750000 0.500000
vt 0.750000 0.500000
vt 0.750000 0.500000
vt 0.750000 0.500000
vt 0.750000 0.500000
vt 0.750000 0.500000
vt 0.750000 0.500000
vt 0.750000 0.500000
vt 0.750000 0.500000
vt 0.750000 0.500000
vt 0.750000 0.500000
vt 0.750000 0.500000
vt 0.750000 0.500000
vt 0.750000 0.500000
vt 0.750000 0.500000
vt 0.750000 0.500000
vt 0.750000 0.500000
vt 0.750000 0.500000
vt 0.750000 0.500000
vt 0.750000 0.500000
vt 0.750000 0.500000
vt 0.750000 0.500000
vt 0.750000 0.500000
vt 0.750000 0.500000
vt 0.750000 0.500000
vt 0.750000 0.500000
vt 0.750000 0.500000
vt 0.750000 0.500000
vt 0.750000 0.500000
vt 0.750000 0.500000
vt 0.750000 0.500000
vt 0.750000 0.500000
vt 0.750000 0.500000
vt 0.750000 0.500000
vt 0.750000 0.500000
vt 0.750000 0.500000
vt 0.750000 0.500000
vt 0.750000 0.500000
vt 0.750000 0.500000
vt 0.750000 0.500000
vt 0.750000 0.500000
vt 0.750000 0.500000
vt 0.750000 0.500000
vt 0.750000 0.500000
vt 0.750000 0.500000
vt 0.750000 0.500000
vt 0.750000 0.500000
vt 0.750000 0.500000
vt 0.750000 0.500000
vt 0.750000 0.500000
vt 0.750000 0.500000
vt 0.750000 0.500000
vt 0.750000 0.500000
vt 0.750000 0.500000
vt 0.750000 0.500000
vt 0.750000 0.500000
vt 0.750000 0.500000
vt 0.750000 0.500000
vt 0.750000 0.500000
vt 0.750000 0.500000
vt 0.750000 0.500000
vt 0.750000 0.500000
vt 0.750000 0.500000
vt 0.750000 0.500000
vt 0.750000 0.500000
vt 0.750000 0.500000
vt 0.750000 0.500000
vt 0.750000 0.500000
vt 0.750000 0.500000
vt 0.750000 0.500000
vt 0.750000 0.500000
vt 0.750000 0.500000
vt 0.750000 0.500000
vt 0.750000 0.500000
vt 0.750000 0.500000
vt 0.750000 0.500000
vt 0.750000 0.500000
vt 0.750000 0.500000
vt 0.750000 0.500000
vt 0.750000 0.500000
vt 0.750000 0.500000
vt 0.750000 0.500000
vt 0.750000 0.500000
vt 0.750000 0.500000
vt 0.750000 0.500000
vt 0.750000 0.500000
vt 0.750000 0.500000
vt 0.750000 0.500000
vt 0.750000 0.500000
vt 0.750000 0.500000
vt 0.750000 0.500000
vt 0.750000 0.500000
vt 0.750000 0.500000
vt 0.750000 0.500000
vt 0.750000 0.500000
vt 0.750000 0.500000
vt 0.750000 0.500000
vt 0.750000 0.500000
vt 0.750000 0.500000
vt 0.750000 0.500000
vt 0.750000 0.500000
vt 0.750000 0.500000
vt 0.750000 0.500000
vt 0.750000 0.500000
vt 0.750000 0.500000
vt 0.750000 0.500000
vt 0.750000 0.500000
vt 0.750000 0.500000
vt 0.750000 0.500000
vt 0.750000 0.500000
vt 0.750000 0.500000
vt 0.750000 0.500000
vt 0.750000 0.500000
vt 0.750000 0.500000
vt 0.750000 0.500000
vt 0.750000 0.500000
vt 0.750000 0.500000
vt 0.750000 0.500000
vt 0.750000 0.500000
vt 0.750000 0.500000
vt 0.750000 0.500000
vt 0.750000 0.500000
vt 0.750000 0.500000
vt 0.750000 0.500000
vt 0.750000 0.500000
vt 0.750000 0.500000
vt 0.750000 0.500000
vt 0.750000 0.500000
vt 0.750000 0.500000
vt 0.750000 0.500000
vt 0.750000 0.500000
vt 0.750000 0.500000
vt 0.750000 0.500000
vt 0.750000 0.500000
vt 0.750000 0.500000
vt 0.750000 0.500000
vt 0.750000 0.500000
vt 0.750000 0.500000
vt 0.750000 0.500000
vt 0.750000 0.500000
vt 0.750000 0.500000
vt 0.750000 0.500000
vt 0.750000 0.500000
vt 0.750000 0.500000
vt 0.750000 0.500000
vt 0.750000 0.500000
vt 0.750000 0.500000
vt 0.750000 0.500000
vt 0.750000 0.500000
vt 0.750000 0.500000
vt 0.750000 0.500000
vt 0.750000 0.500000
vt 0.750000 0.500000
vt 0.750000 0.500000
vt 0.750000 0.500000
vt 0.750000 0.500000
vt 0.750000 0.500000
vt 0.750000 0.500000
vt 0.750000 0.500000
vt 0.750000 0.500000
vt 0.750000 0.500000
vt 0.750000 0.500000
vt 0.750000 0.500000
vt 0.750000 0.500000
vt 0.750000 0.500000
vt 0.750000 0.500000
vt 0.750000 0.500000
vt 0.750000 0.500000
vt 0.750000 0.500000
vt 0.750000 0.500000
vt 0.750000 0.500000
vt 0.750000 0.500000
vt 0.750000 0.500000
vt 0.750000 0.500000
vt 0.750000 0.500000
vt 0.750000 0.500000
vt 0.750000 0.500000
vt 0.750000 0.500000
vt 0.750000 0.500000
vt 0.750000 0.500000
vt 0.750000 0.500000
vt 0.750000 0.500000
vt 0.750000 0.500000
vt 0.750000 0.500000
vt 0.750000 0.500000
vt 0.750000 0.500000
vt 0.750000 0.500000
vt 0.750000 0.500000
vt 0.750000 0.500000
vt 0.750000 0.500000
vt 0.750000 0.500000
vt 0.750000 0.500000
vt 0.750000 0.500000
vt 0.750000 0.500000
vt 0.750000 0.500000
vt 0.750000 0.500000
vt 0.750000 0.500000
vt 0.750000 0.500000
vt 0.750000 0.500000
vt 0.750000 0.500000
vt 0.750000 0.500000
vt 0.750000 0.500000
vt 0.750000 0.500000
vt 0.750000 0.500000
vt 0.750000 0.500000
vt 0.750000 0.500000
vt 0.750000 0.500000
vt 0.750000 0.500000
vt 0.750000 0.500000
vt 0.750000 0.500000
vt 0.750000 0.500000
vt 0.750000 0.500000
vt 0.750000 0.500000
vt 0.750000 0.500000
vt 0.750000 0.500000
vt 0.750000 0.500000
vt 0.750000 0.500000
vt 0.750000 0.500000
vt 0.750000 0.500000
vt 0.750000 0.500000
vt 0.750000 0.500000
vt 0.750000 0.500000
vt 0.750000 0.500000
vt 0.750000 0.500000
vt 0.750000 0.500000
vt 0.750000 0.500000
vt 0.750000 0.500000
vt 0.750000 0.500000
vt 0.750000 0.500000
vt 0.750000 0.500000
vt 0.750000 0.500000
vt 0.750000 0.500000
vt 0.750000 0.500000
vt 0.750000 0.500000
vt 0.750000 0.500000
vt 0.750000 0.500000
vt 0.750000 0.500000
vt 0.750000 0.500000
vt 0.750000 0.500000
vt 0.750000 0.500000
vt 0.750000 0.500000
vt 0.750000 0.500000
vt 0.750000 0.500000
vt 0.750000 0.500000
vt 0.750000 0.500000
vt 0.750000 0.500000
vt 0.750000 0.500000
vt 0.750000 0.500000
vt 0.750000 0.500000
vt 0.750000 0.500000
vt 0.750000 0.500000
vt 0.750000 0.500000
vt 0.750000 0.500000
vt 0.750000 0.500000
vt 0.750000 0.500000
vt 0.750000 0.500000
vt 0.750000 0.500000
vt 0.750000 0.500000
vt 0.750000 0.500000
vt 0.750000 0.500000
vt 0.750000 0.500000
vt 0.750000 0.500000
vt 0.750000 0.500000
vt 0.750000 0.500000
vt 0.750000 0.500000
vt 0.750000 0.500000
vt 0.750000 0.500000
vt 0.750000 0.500000
vt 0.750000 0.500000
vt 0.750000 0.500000
vt 0.750000 0.500000
vt 0.750000 0.500000
vt 0.750000 0.500000
vt 0.750000 0.500000
vt 0.750000 0.500000
vt 0.750000 0.500000
vt 0.750000 0.500000
vt 0.750000 0.500000
vt 0.750000 0.500000
vt 0.750000 0.500000
vt 0.750000 0.500000
vt 0.750000 0.500000
vt 0.750000 0.500000
vt 0.750000 0.500000
vt 0.750000 0.500000
vt 0.750000 0.500000
vt 0.750000 0.500000
vt 0.750000 0.500000
vt 0.750000 0.500000
vt 0.750000 0.500000
vt 0.750000 0.500000
vt 0.750000 0.500000
vt 0.750000 0.500000
vt 0.750000 0.500000
vt 0.750000 0.500000
vt 0.750000 0.500000
vt 0.750000 0.500000
vt 0.750000 0.500000
vt 0.750000 0.500000
vt 0.750000 0.500000
vt 0.750000 0.500000
vt 0.750000 0.500000
vt 0.750000 0.500000
vt 0.750000 0.500000
vt 0.750000 0.500000
vt 0.750000 0.500000
vt 0.750000 0.500000
vt 0.750000 0.500000
vt 0.750000 0.500000
vt 0.750000 0.500000
vt 0.750000 0.500000
vt 0.750000 0.500000
vt 0.750000 0.500000
vt 0.750000 0.500000
vt 0.750000 0.500000
vt 0.750000 0.500000
vt 0.750000 0.500000
vt 0.750000 0.500000
vt 0.750000 0.500000
vt 0.750000 0.500000
vt 0.750000 0.500000
vt 0.750000 0.500000
vt 0.750000 0.500000
vt 0.750000 0.500000
vt 0.750000 0.500000
vt 0.750000 0.500000
vt 0.750000 0.500000
vt 0.750000 0.500000
vt 0.750000 0.500000
vt 0.750000 0.500000
vt 0.750000 0.500000
vt 0.750000 0.500000
vt 0.750000 0.500000
vt 0.750000 0.500000
vt 0.750000 0.500000
vt 0.750000 0.500000
vt 0.750000 0.500000
vt 0.750000 0.500000
vt 0.750000 0.500000
vt 0.750000 0.500000
vt 0.750000 0.500000
vt 0.750000 0.500000
vt 0.750000 0.500000
vt 0.750000 0.500000
vt 0.750000 0.500000
vt 0.750000 0.500000
vt 0.750000 0.500000
vt 0.750000 0.500000
vt 0.750000 0.500000
vt 0.750000 0.500000
vt 0.750000 0.500000
vt 0.750000 0.500000
vt 0.750000 0.500000
vt 0.750000 0.500000
vt 0.750000 0.500000
vt 0.750000 0.500000
vt 0.750000 0.500000
vt 0.750000 0.500000
vt 0.750000 0.500000
vt 0.750000 0.500000
vt 0.750000 0.500000
vt 0.750000 0.500000
vt 0.750000 0.500000
vt 0.750000 0.500000
vt 0.750000 0.500000
vt 0.750000 0.500000
vt 0.750000 0.500000
vt 0.750000 0.500000
vt 0.750000 0.500000
vt 0.750000 0.500000
vt 0.750000 0.500000
vt 0.750000 0.500000
vt 0.750000 0.500000
vt 0.750000 0.500000
vt 0.750000 0.500000
vt 0.750000 0.500000
vt 0.750000 0.500000
vt 0.750000 0.500000
vt 0.750000 0.500000
vt 0.750000 0.500000
vt 0.750000 0.500000
vt 0.750000 0.500000
vt 0.750000 0.500000
vt 0.750000 0.500000
vt 0.750000 0.500000
vt 0.750000 0.500000
vt 0.750000 0.500000
vt 0.750000 0.500000
vt 0.750000 0.500000
vt 0.750000 0.500000
vt 0.750000 0.500000
vt 0.750000 0.500000
vt 0.750000 0.500000
vt 0.750000 0.500000
vt 0.750000 0.500000
vt 0.750000 0.500000
vt 0.750000 0.500000
vt 0.750000 0.500000
vt 0.750000 0.500000
vt 0.750000 0.500000
vt 0.750000 0.500000
vt 0.750000 0.500000
vt 0.750000 0.500000
vt 0.750000 0.500000
vt 0.750000 0.500000
vt 0.750000 0.500000
vt 0.750000 0.500000
vt 0.750000 0.500000
vt 0.750000 0.500000
vt 0.750000 0.500000
vt 0.750000 0.500000
vt 0.750000 0.500000
vt 0.750000 0.500000
vt 0.750000 0.500000
vt 0.750000 0.500000
vt 0.750000 0.500000
vt 0.750000 0.500000
vt 0.750000 0.500000
vt 0.750000 0.500000
vt 0.750000 0.500000
vt 0.750000 0.500000
vt 0.750000 0.500000
vt 0.750000 0.500000
vt 0.750000 0.500000
vt 0.750000 0.500000
vt 0.750000 0.500000
vt 0.750000 0.500000
vt 0.750000 0.500000
vt 0.750000 0.500000
vt 0.750000 0.500000
vt 0.750000 0.500000
vt 0.750000 0.500000
vt 0.750000 0.500000
vt 0.750000 0.500000
vt 0.750000 0.500000
vt 0.750000 0.500000
vt 0.750000 0.500000
vt 0.750000 0.500000
vt 0.750000 0.500000
vt 0.750000 0.500000
vt 0.750000 0.500000
vt 0.750000 0.500000
vt 0.750000 0.500000
vt 0.750000 0.500000
vt 0.750000 0.500000
vt 0.750000 0.500000
vt 0.750000 0.500000
vt 0.750000 0.500000
vt 0.750000 0.500000
vt 0.750000 0.500000
vt 0.750000 0.500000
vt 0.750000 0.500000
vt 0.750000 0.500000
vt 0.750000 0.500000
vt 0.750000 0.500000
vt 0.750000 0.500000
vt 0.750000 0.500000
vt 0.750000 0.500000
vt 0.750000 0.500000
vt 0.750000 0.500000
vt 0.750000 0.500000
vt 0.750000 0.500000
vt 0.750000 0.500000
vt 0.750000 0.500000
vt 0.750000 0.500000
vt 0.750000 0.500000
vt 0.750000 0.500000
vt 0.750000 0.500000
vt 0.750000 0.500000
vt 0.750000 0.500000
vt 0.750000 0.500000
vt 0.750000 0.500000
vt 0.750000 0.500000
vt 0.750000 0.500000
vt 0.750000 0.500000
vt 0.750000 0.500000
vt 0.750000 0.500000
vt 0.750000 0.500000
vt 0.750000 0.500000
vt 0.750000 0.500000
vt 0.750000 0.500000
vt 0.750000 0.500000
vt 0.750000 0.500000
vt 0.750000 0.500000
vt 0.750000 0.500000
vt 0.750000 0.500000
vt 0.750000 0.500000
vt 0.750000 0.500000
vt 0.750000 0.500000
vt 0.750000 0.500000
vt 0.750000 0.500000
vt 0.750000 0.500000
vt 0.750000 0.500000
vt 0.750000 0.500000
vt 0.750000 0.500000
vt 0.750000 0.500000
vt 0.750000 0.500000
vt 0.750000 0.500000
vt 0.750000 0.500000
vt 0.750000 0.500000
vt 0.750000 0.500000
vt 0.750000 0.500000
vt 0.750000 0.500000
vt 0.750000 0.500000
vt 0.750000 0.500000
vt 0.750000 0.500000
vt 0.750000 0.500000
vt 0.750000 0.500000
vt 0.750000 0.500000
vt 0.750000 0.500000
vt 0.750000 0.500000
vt 0.750000 0.500000
vt 0.750000 0.500000
vt 0.750000 0.500000
vt 0.750000 0.500000
vt 0.750000 0.500000
vt 0.750000 0.500000
vt 0.750000 0.500000
vt 0.750000 0.500000
vt 0.750000 0.500000
vt 0.750000 0.500000
vt 0.750000 0.500000
vt 0.750000 0.500000
vt 0.750000 0.500000
vt 0.750000 0.500000
vt 0.750000 0.500000
vt 0.750000 0.500000
vt 0.750000 0.500000
vt 0.750000 0.500000
vt 0.750000 0.500000
vt 0.750000 0.500000
vt 0.750000 0.500000
vt 0.750000 0.500000
vt 0.750000 0.500000
vt 0.750000 0.500000
vt 0.750000 0.500000
vt 0.750000 0.500000
vt 0.750000 0.500000
vt 0.750000 0.500000
vt 0.750000 0.500000
vt 0.750000 0.500000
vt 0.750000 0.500000
vt 0.750000 0.500000
vt 0.750000 0.500000
vt 0.750000 0.500000
vt 0.750000 0.500000
vt 0.750000 0.500000
vt 0.750000 0.500000
vt 0.750000 0.500000
vt 0.750000 0.500000
vt 0.750000 0.500000
vt 0.750000 0.500000
vt 0.750000 0.500000
vt 0.750000 0.500000
vt 0.750000 0.500000
vt 0.750000 0.500000
vt 0.750000 0.500000
vt 0.750000 0.500000
vt 0.750000 0.500000
vt 0.750000 0.500000
vt 0.750000 0.500000
vt 0.750000 0.500000
vt 0.750000 0.500000
vt 0.750000 0.500000
vt 0.750000 0.500000
vt 0.750000 0.500000
vt 0.750000 0.500000
vt 0.750000 0.500000
vt 0.750000 0.500000
vt 0.750000 0.500000
vt 0.750000 0.500000
vt 0.750000 0.500000
vt 0.750000 0.500000
vt 0.750000 0.500000
vt 0.750000 0.500000
vt 0.750000 0.500000
vt 0.750000 0.500000
vt 0.750000 0.500000
vt 0.750000 0.500000
vt 0.750000 0.500000
vt 0.750000 0.500000
vt 0.750000 0.500000
vt 0.750000 0.500000
vt 0.750000 0.500000
vt 0.750000 0.500000
vt 0.750000 0.500000
vt 0.750000 0.500000
vt 0.750000 0.500000
vt 0.750000 0.500000
vt 0.750000 0.500000
vt 0.750000 0.500000
vt 0.750000 0.500000
vt 0.750000 0.500000
vt 0.750000 0.500000
vt 0.750000 0.500000
vt 0.750000 0.500000
vt 0.750000 0.500000
vt 0.750000 0.500000
vt 0.750000 0.500000
vt 0.750000 0.500000
vt 0.750000 0.500000
vt 0.750000 0.500000
vt 0.750000 0.500000
vt 0.750000 0.500000
vt 0.750000 0.500000
vt 0.750000 0.500000
vt 0.750000 0.500000
vt 0.750000 0.500000
vt 0.750000 0.500000
vt 0.750000 0.500000
vt 0.750000 0.500000
vt 0.750000 0.500000
vt 0.750000 0.500000
vt 0.750000 0.500000
vt 0.750000 0.500000
vt 0.750000 0.500000
vt 0.750000 0.500000
vt 0.750000 0.500000
vt 0.750000 0.500000
vt 0.750000 0.500000
vt 0.750000 0.500000
vt 0.750000 0.500000
vt 0.750000 0.500000
vt 0.750000 0.500000
vt 0.750000 0.500000
vt 0.750000 0.500000
vt 0.750000 0.500000
vt 0.750000 0.500000
vt 0.750000 0.500000
vt 0.750000 0.500000
vt 0.750000 0.500000
vt 0.750000 0.500000
vt 0.750000 0.500000
vt 0.750000 0.500000
vt 0.750000 0.500000
vt 0.750000 0.500000
vt 0.750000 0.500000
vt 0.750000 0.500000
vt 0.750000 0.500000
vt 0.750000 0.500000
vt 0.750000 0.500000
vt 0.750000 0.500000
vt 0.750000 0.500000
vt 0.750000 0.500000
vt 0.750000 0.500000
vt 0.750000 0.500000
vt 0.750000 0.500000
vt 0.750000 0.500000
vt 0.750000 0.500000
vt 0.750000 0.500000
vt 0.750000 0.500000
vt 0.750000 0.500000
vt 0.750000 0.500000
vt 0.750000 0.500000
vt 0.750000 0.500000
vt 0.750000 0.500000
vt 0.750000 0.500000
vt 0.750000 0.500000
vt 0.750000 0.500000
vt 0.750000 0.500000
vt 0.750000 0.500000
vt 0.750000 0.500000
vt 0.750000 0.500000
vt 0.750000 0.500000
vt 0.750000 0.500000
vt 0.750000 0.500000
vt 0.750000 0.500000
vt 0.750000 0.500000
vt 0.750000 0.500000
vt 0.750000 0.500000
vt 0.750000 0.500000
vt 0.750000 0.500000
vt 0.750000 0.500000
vt 0.750000 0.500000
vt 0.750000 0.500000
vt 0.750000 0.500000
vt 0.750000 0.500000
vt 0.750000 0.500000
vt 0.750000 0.500000
vt 0.750000 0.500000
vt 0.750000 0.500000
vt 0.750000 0.500000
vt 0.750000 0.500000
vt 0.750000 0.500000
vt 0.750000 0.500000
vt 0.750000 0.500000
vt 0.750000 0.500000
vt 0.750000 0.500000
vt 0.750000 0.500000
vt 0.750000 0.500000
vt 0.750000 0.500000
vt 0.750000 0.500000
vt 0.750000 0.500000
vt 0.750000 0.500000
vt 0.750000 0.500000
vt 0.750000 0.500000
vt 0.750000 0.500000
vt 0.750000 0.500000
vt 0.750000 0.500000
vt 0.750000 0.500000
vt 0.750000 0.500000
vt 0.750000 0.500000
vt 0.750000 0.500000
vt 0.750000 0.500000
vt 0.750000 0.500000
vt 0.750000 0.500000
vt 0.750000 0.500000
vt 0.750000 0.500000
vt 0.750000 0.500000
vt 0.750000 0.500000
vt 0.750000 0.500000
vt 0.750000 0.500000
vt 0.750000 0.500000
vt 0.750000 0.500000
vt 0.750000 0.500000
vt 0.750000 0.500000
vt 0.750000 0.500000
vt 0.750000 0.500000
vt 0.750000 0.500000
vt 0.750000 0.500000
vt 0.750000 0.500000
vt 0.750000 0.500000
vt 0.750000 0.500000
vt 0.750000 0.500000
vt 0.750000 0.500000
vt 0.750000 0.500000
vt 0.750000 0.500000
vt 0.750000 0.500000
vt 0.750000 0.500000
vt 0.750000 0.500000
vt 0.750000 0.500000
vt 0.750000 0.500000
vt 0.750000 0.500000
vt 0.750000 0.500000
vt 0.750000 0.500000
vt 0.750000 0.500000
vt 0.750000 0.500000
vt 0.750000 0.500000
vt 0.750000 0.500000
vt 0.750000 0.500000
vt 0.750000 0.500000
vt 0.750000 0.500000
vt 0.750000 0.500000
vt 0.750000 0.500000
vt 0.750000 0.500000
vt 0.750000 0.500000
vt 0.750000 0.500000
vt 0.750000 0.500000
vt 0.750000 0.500000
vt 0.750000 0.500000
vt 0.750000 0.500000
vt 0.750000 0.500000
vt 0.750000 0.500000
vt 0.750000 0.500000
vt 0.750000 0.500000
vt 0.750000 0.500000
vt 0.750000 0.500000
vt 0.750000 0.500000
vt 0.750000 0.500000
vt 0.750000 0.500000
vt 0.750000 0.500000
vt 0.750000 0.500000
vt 0.750000 0.500000
vt 0.750000 0.500000
vt 0.750000 0.500000
vt 0.750000 0.500000
vt 0.750000 0.500000
vt 0.750000 0.500000
vt 0.750000 0.500000
vt 0.750000 0.500000
vt 0.750000 0.500000
vt 0.750000 0.500000
vt 0.750000 0.500000
vt 0.750000 0.500000
vt 0.750000 0.500000
vt 0.750000 0.500000
vt 0.750000 0.500000
vt 0.750000 0.500000
vt 0.750000 0.500000
vt 0.750000 0.500000
vt 0.750000 0.500000
vt 0.750000 0.500000
vt 0.750000 0.500000
vt 0.750000 0.500000
vt 0.750000 0.500000
vt 0.750000 0.500000
vt 0.750000 0.500000
vt 0.750000 0.500000
vt 0.750000 0.500000
vt 0.750000 0.500000
vt 0.750000 0.500000
vt 0.750000 0.500000
vt 0.750000 0.500000
vt 0.750000 0.500000
vt 0.750000 0.500000
vt 0.750000 0.500000
vt 0.750000 0.500000
vt 0.750000 0.500000
vt 0.750000 0.500000
vt 0.750000 0.500000
vt 0.750000 0.500000
vt 0.750000 0.500000
vt 0.750000 0.500000
vt 0.750000 0.500000
vt 0.750000 0.500000
vt 0.750000 0.500000
vt 0.750000 0.500000
vt 0.750000 0.500000
vt 0.750000 0.500000
vt 0.750000 0.500000
vt 0.750000 0.500000
vt 0.750000 0.500000
vt 0.750000 0.500000
vt 0.750000 0.500000
vt 0.750000 0.500000
vt 0.750000 0.500000
vt 0.750000 0.500000
vt 0.750000 0.500000
vt 0.750000 0.500000
vt 0.750000 0.500000
vt 0.750000 0.500000
vt 0.750000 0.500000
vt 0.750000 0.500000
vt 0.750000 0.500000
vt 0.750000 0.500000
vt 0.750000 0.500000
vt 0.750000 0.500000
vt 0.750000 0.500000
vt 0.750000 0.500000
vt 0.750000 0.500000
vt 0.750000 0.500000
vt 0.750000 0.500000
vt 0.750000 0.500000
vt 0.750000 0.500000
vt 0.750000 0.500000
vt 0.750000 0.500000
vt 0.750000 0.500000
vt 0.750000 0.500000
vt 0.750000 0.500000
vt 0.750000 0.500000
vt 0.750000 0.500000
vt 0.750000 0.500000
vt 0.750000 0.500000
vt 0.750000 0.500000
vt 0.750000 0.500000
vt 0.750000 0.500000
vt 0.750000 0.500000
vt 0.750000 0.500000
vt 0.750000 0.500000
vt 0.750000 0.500000
vt 0.750000 0.500000
vt 0.750000 0.500000
vt 0.750000 0.500000
vt 0.750000 0.500000
vt 0.750000 0.500000
vt 0.750000 0.500000
vt 0.750000 0.500000
vt 0.750000 0.500000
vt 0.750000 0.500000
vt 0.750000 0.500000
vt 0.750000 0.500000
vt 0.750000 0.500000
vt 0.750000 0.500000
vt 0.750000 0.500000
vt 0.750000 0.500000
vt 0.750000 0.500000
vt 0.750000 0.500000
vt 0.750000 0.500000
vt 0.750000 0.500000
vt 0.750000 0.500000
vt 0.750000 0.500000
vt 0.750000 0.500000
vt 0.750000 0.500000
vt 0.750000 0.500000
vt 0.750000 0.500000
vt 0.750000 0.500000
vt 0.750000 0.500000
vt 0.750000 0.500000
vt 0.750000 0.500000
vt 0.750000 0.500000
vt 0.750000 0.500000
vt 0.750000 0.500000
vt 0.750000 0.500000
vt 0.750000 0.500000
vt 0.750000 0.500000
vt 0.750000 0.500000
vt 0.750000 0.500000
vt 0.750000 0.500000
vt 0.750000 0.500000
vt 0.750000 0.500000
vt 0.750000 0.500000
vt 0.750000 0.500000
vt 0.750000 0.500000
vt 0.750000 0.500000
vt 0.750000 0.500000
vt 0.750000 0.500000
vt 0.750000 0.500000
vt 0.750000 0.500000
vt 0.750000 0.500000
vt 0.750000 0.500000
vt 0.750000 0.500000
vt 0.750000 0.500000
vt 0.750000 0.500000
vt 0.750000 0.500000
vt 0.750000 0.500000
vt 0.750000 0.500000
vt 0.750000 0.500000
vt 0.750000 0.500000
vt 0.750000 0.500000
vt 0.750000 0.500000
vt 0.750000 0.500000
vt 0.750000 0.500000
vt 0.750000 0.500000
vt 0.750000 0.500000
vt 0.750000 0.500000
vt 0.750000 0.500000
vt 0.750000 0.500000
vt 0.750000 0.500000
vt 0.750000 0.500000
vt 0.750000 0.500000
vt 0.750000 0.500000
vt 0.750000 0.500000
vt 0.750000 0.500000
vt 0.750000 0.500000
vt 0.750000 0.500000
vt 0.750000 0.500000
vt 0.750000 0.500000
vt 0.750000 0.500000
vt 0.750000 0.500000
vt 0.750000 0.500000
vt 0.750000 0.500000
vt 0.750000 0.500000
vt 0.750000 0.500000
vt 0.750000 0.500000
vt 0.750000 0.500000
vt 0.750000 0.500000
vt 0.750000 0.500000
vt 0.750000 0.500000
vt 0.750000 0.500000
vt 0.750000 0.500000
vt 0.750000 0.500000
vt 0.750000 0.500000
vt 0.750000 0.500000
vt 0.750000 0.500000
vt 0.750000 0.500000
vt 0.750000 0.500000
vt 0.750000 0.500000
vt 0.750000 0.500000
vt 0.750000 0.500000
vt 0.750000 0.500000
vt 0.750000 0.500000
vt 0.750000 0.500000
vt 0.750000 0.500000
vt 0.750000 0.500000
vt 0.750000 0.500000
vt 0.750000 0.500000
vt 0.750000 0.500000
vt 0.750000 0.500000
vt 0.750000 0.500000
vt 0.750000 0.500000
vt 0.750000 0.500000
vt 0.750000 0.500000
vt 0.750000 0.500000
vt 0.750000 0.500000
vt 0.750000 0.500000
vt 0.750000 0.500000
vt 0.750000 0.500000
vt 0.750000 0.500000
vt 0.750000 0.500000
vt 0.750000 0.500000
vt 0.750000 0.500000
vt 0.750000 0.500000
vt 0.750000 0.500000
vt 0.750000 0.500000
vt 0.750000 0.500000
vt 0.750000 0.500000
vt 0.750000 0.500000
vt 0.750000 0.500000
vt 0.750000 0.500000
vt 0.750000 0.500000
vt 0.750000 0.500000
vt 0.750000 0.500000
vt 0.750000 0.500000
vt 0.750000 0.500000
vt 0.750000 0.500000
vt 0.750000 0.500000
vt 0.750000 0.500000
vt 0.750000 0.500000
vt 0.750000 0.500000
vt 0.750000 0.500000
vt 0.750000 0.500000
vt 0.750000 0.500000
vt 0.750000 0.500000
vt 0.750000 0.500000
vt 0.750000 0.500000
vt 0.750000 0.500000
vt 0.750000 0.500000
vt 0.750000 0.500000
vt 0.750000 0.500000
vt 0.750000 0.500000
vt 0.750000 0.500000
vt 0.750000 0.500000
vt 0.750000 0.500000
vt 0.750000 0.500000
vt 0.750000 0.500000
vt 0.750000 0.500000
vt 0.750000 0.500000
vt 0.750000 0.500000
vt 0.750000 0.500000
vt 0.750000 0.500000
vt 0.750000 0.500000
vt 0.750000 0.500000
vt 0.750000 0.500000
vt 0.750000 0.500000
vt 0.750000 0.500000
vt 0.750000 0.500000
vt 0.750000 0.500000
vt 0.750000 0.500000
vt 0.750000 0.500000
vt 0.750000 0.500000
vt 0.750000 0.500000
vt 0.750000 0.500000
vt 0.750000 0.500000
vt 0.750000 0.500000
vt 0.750000 0.500000
vt 0.750000 0.500000
vt 0.750000 0.500000
vt 0.750000 0.500000
vt 0.750000 0.500000
vt 0.750000 0.500000
vt 0.750000 0.500000
vt 0.750000 0.500000
vt 0.750000 0.500000
vt 0.750000 0.500000
vt 0.750000 0.500000
vt 0.750000 0.500000
vt 0.750000 0.500000
vt 0.750000 0.500000
vt 0.750000 0.500000
vt 0.750000 0.500000
vt 0.750000 0.500000
vt 0.750000 0.500000
vt 0.750000 0.500000
vt 0.750000 0.500000
vt 0.750000 0.500000
vt 0.750000 0.500000
vt 0.750000 0.500000
vt 0.750000 0.500000
vt 0.750000 0.500000
vt 0.750000 0.500000
vt 0.750000 0.500000
vt 0.750000 0.500000
vt 0.750000 0.500000
vt 0.750000 0.500000
vt 0.750000 0.500000
vt 0.750000 0.500000
vt 0.750000 0.500000
vt 0.750000 0.500000
vt 0.750000 0.500000
vt 0.750000 0.500000
vt 0.750000 0.500000
vt 0.750000 0.500000
vt 0.750000 0.500000
vt 0.750000 0.500000
vt 0.750000 0.500000
vt 0.750000 0.500000
vt 0.750000 0.500000
vt 0.750000 0.500000
vt 0.750000 0.500000
vt 0.750000 0.500000
vt 0.750000 0.500000
vt 0.750000 0.500000
vt 0.750000 0.500000
vt 0.750000 0.500000
vt 0.750000 0.500000
vt 0.750000 0.500000
vt 0.750000 0.500000
vt 0.750000 0.500000
vt 0.750000 0.500000
vt 0.750000 0.500000
vt 0.750000 0.500000
vt 0.750000 0.500000
vt 0.750000 0.500000
vt 0.750000 0.500000
vt 0.750000 0.500000
vt 0.750000 0.500000
vt 0.750000 0.500000
vt 0.750000 0.500000
vt 0.750000 0.500000
vt 0.750000 0.500000
vt 0.750000 0.500000
vt 0.750000 0.500000
vt 0.750000 0.500000
vt 0.750000 0.500000
vt 0.750000 0.500000
vt 0.750000 0.500000
vt 0.750000 0.500000
vt 0.750000 0.500000
vt 0.750000 0.500000
vt 0.750000 0.500000
vt 0.750000 0.500000
vt 0.750000 0.500000
vt 0.750000 0.500000
vt 0.750000 0.500000
vt 0.750000 0.500000
vt 0.750000 0.500000
vt 0.750000 0.500000
vt 0.750000 0.500000
vt 0.750000 0.500000
vt 0.750000 0.500000
vt 0.750000 0.500000
vt 0.750000 0.500000
vt 0.750000 0.500000
vt 0.750000 0.500000
vt 0.750000 0.500000
vt 0.750000 0.500000
vt 0.750000 0.500000
vt 0.750000 0.500000
vt 0.750000 0.500000
vt 0.750000 0.500000
vt 0.750000 0.500000
vt 0.750000 0.500000
vt 0.750000 0.500000
vt 0.750000 0.500000
vt 0.750000 0.500000
vt 0.750000 0.500000
vt 0.750000 0.500000
vt 0.750000 0.500000
vt 0.750000 0.500000
vt 0.750000 0.500000
vt 0.750000 0.500000
vt 0.750000 0.500000
vt 0.750000 0.500000
vt 0.750000 0.500000
vt 0.750000 0.500000
vt 0.750000 0.500000
vt 0.750000 0.500000
vt 0.750000 0.500000
vt 0.750000 0.500000
vt 0.750000 0.500000
vt 0.750000 0.500000
vt 0.750000 0.500000
vt 0.750000 0.500000
vt 0.750000 0.500000
vt 0.750000 0.500000
vt 0.750000 0.500000
vt 0.750000 0.500000
vt 0.750000 0.500000
vt 0.750000 0.500000
vt 0.750000 0.500000
vt 0.750000 0.500000
vt 0.750000 0.500000
vt 0.750000 0.500000
vt 0.750000 0.500000
vt 0.750000 0.500000
vt 0.750000 0.500000
vt 0.750000 0.500000
vt 0.750000 0.500000
vt 0.750000 0.500000
vt 0.750000 0.500000
vt 0.750000 0.500000
vt 0.750000 0.500000
vt 0.750000 0.500000
vt 0.750000 0.500000
vt 0.750000 0.500000
vt 0.750000 0.500000
vt 0.750000 0.500000
vt 0.750000 0.500000
vt 0.750000 0.500000
vt 0.750000 0.500000
vt 0.750000 0.500000
vt 0.750000 0.500000
vt 0.750000 0.500000
vt 0.750000 0.500000
vt 0.750000 0.500000
vt 0.750000 0.500000
vt 0.750000 0.500000
vt 0.750000 0.500000
vt 0.750000 0.500000
vt 0.750000 0.500000
vt 0.750000 0.500000
vt 0.750000 0.500000
vt 0.750000 0.500000
vt 0.750000 0.500000
vt 0.750000 0.500000
vt 0.750000 0.500000
vt 0.750000 0.500000
vt 0.750000 0.500000
vt 0.750000 0.500000
vt 0.750000 0.500000
vt 0.750000 0.500000
vt 0.750000 0.500000
vt 0.750000 0.500000
vt 0.750000 0.500000
vt 0.750000 0.500000
vt 0.750000 0.500000
vt 0.750000 0.500000
vt 0.750000 0.500000
vt 0.750000 0.500000
vt 0.750000 0.500000
vt 0.750000 0.500000
vt 0.750000 0.500000
vt 0.750000 0.500000
vt 0.750000 0.500000
vt 0.750000 0.500000
vt 0.750000 0.500000
vt 0.750000 0.500000
vt 0.750000 0.500000
vt 0.750000 0.500000
vt 0.750000 0.500000
vt 0.750000 0.500000
vt 0.750000 0.500000
vt 0.750000 0.500000
vt 0.750000 0.500000
vt 0.750000 0.500000
vt 0.750000 0.500000
vt 0.750000 0.500000
vt 0.750000 0.500000
vt 0.750000 0.500000
vt 0.750000 0.500000
vt 0.750000 0.500000
vt 0.750000 0.500000
vt 0.750000 0.500000
vt 0.750000 0.500000
vt 0.750000 0.500000
vt 0.750000 0.500000
vt 0.750000 0.500000
vt 0.750000 0.500000
vt 0.750000 0.500000
vt 0.750000 0.500000
vt 0.750000 0.500000
vt 0.750000 0.500000
vt 0.750000 0.500000
vt 0.750000 0.500000
vt 0.750000 0.500000
vt 0.750000 0.500000
vt 0.750000 0.500000
vt 0.750000 0.500000
vt 0.750000 0.500000
vt 0.750000 0.500000
vt 0.750000 0.500000
vt 0.750000 0.500000
vt 0.750000 0.500000
vt 0.750000 0.500000
vt 0.750000 0.500000
vt 0.750000 0.500000
vt 0.750000 0.500000
vt 0.750000 0.500000
vt 0.750000 0.500000
vt 0.750000 0.500000
vt 0.750000 0.500000
vt 0.750000 0.500000
vt 0.750000 0.500000
vt 0.750000 0.500000
vt 0.750000 0.500000
vt 0.750000 0.500000
vt 0.750000 0.500000
vt 0.750000 0.500000
vt 0.750000 0.500000
vt 0.750000 0.500000
vt 0.750000 0.500000
vt 0.750000 0.500000
vt 0.750000 0.500000
vt 0.750000 0.500000
vt 0.750000 0.500000
vt 0.750000 0.500000
vt 0.750000 0.500000
vt 0.750000 0.500000
vt 0.750000 0.500000
vt 0.750000 0.500000
vt 0.750000 0.500000
vt 0.750000 0.500000
vt 0.750000 0.500000
vt 0.750000 0.500000
vt 0.750000 0.500000
vt 0.750000 0.500000
vt 0.750000 0.500000
vt 0.750000 0.500000
vt 0.750000 0.500000
vt 0.750000 0.500000
vt 0.750000 0.500000
vt 0.750000 0.500000
vt 0.750000 0.500000
vt 0.750000 0.500000
vt 0.750000 0.500000
vt 0.750000 0.500000
vt 0.750000 0.500000
vt 0.750000 0.500000
vt 0.750000 0.500000
vt 0.750000 0.500000
vt 0.750000 0.500000
vt 0.750000 0.500000
vt 0.750000 0.500000
vt 0.750000 0.500000
vt 0.750000 0.500000
vt 0.750000 0.500000
vt 0.750000 0.500000
vt 0.750000 0.500000
vt 0.750000 0.500000
vt 0.750000 0.500000
vt 0.750000 0.500000
vt 0.750000 0.500000
vt 0.750000 0.500000
vt 0.750000 0.500000
vt 0.750000 0.500000
vt 0.750000 0.500000
vt 0.750000 0.500000
vt 0.750000 0.500000
vt 0.750000 0.500000
vt 0.750000 0.500000
vt 0.750000 0.500000
vt 0.750000 0.500000
vt 0.750000 0.500000
vt 0.750000 0.500000
vt 0.750000 0.500000
vt 0.750000 0.500000
vt 0.750000 0.500000
vt 0.750000 0.500000
vt 0.750000 0.500000
vt 0.750000 0.500000
vt 0.750000 0.500000
vt 0.750000 0.500000
vt 0.750000 0.500000
vt 0.750000 0.500000
vt 0.750000 0.500000
vt 0.750000 0.500000
vt 0.750000 0.500000
vt 0.750000 0.500000
vt 0.750000 0.500000
vt 0.750000 0.500000
vt 0.750000 0.500000
vt 0.750000 0.500000
vt 0.750000 0.500000
vt 0.750000 0.500000
vt 0.750000 0.500000
vt 0.750000 0.500000
vt 0.750000 0.500000
vt 0.750000 0.500000
vt 0.750000 0.500000
vt 0.750000 0.500000
vt 0.750000 0.500000
vt 0.750000 0.500000
vt 0.750000 0.500000
vt 0.750000 0.500000
vt 0.750000 0.500000
vt 0.750000 0.500000
vt 0.750000 0.500000
vt 0.750000 0.500000
vt 0.750000 0.500000
vt 0.750000 0.500000
vt 0.750000 0.500000
vt 0.750000 0.500000
vt 0.750000 0.500000
vt 0.750000 0.500000
vt 0.750000 0.500000
vt 0.750000 0.500000
vt 0.750000 0.500000
vt 0.750000 0.500000
vt 0.750000 0.500000
vt 0.750000 0.500000
vt 0.750000 0.500000
vt 0.750000 0.500000
vt 0.750000 0.500000
vt 0.750000 0.500000
vt 0.750000 0.500000
vt 0.750000 0.500000
vt 0.750000 0.500000
vt 0.750000 0.500000
vt 0.750000 0.500000
vt 0.750000 0.500000
vt 0.750000 0.500000
vt 0.750000 0.500000
vt 0.750000 0.500000
vt 0.750000 0.500000
vt 0.750000 0.500000
vt 0.750000 0.500000
vt 0.750000 0.500000
vt 0.750000 0.500000
vt 0.750000 0.500000
vt 0.750000 0.500000
vt 0.750000 0.500000
vt 0.750000 0.500000
vt 0.750000 0.500000
vt 0.750000 0.500000
vt 0.750000 0.500000
vt 0.750000 0.500000
vt 0.750000 0.500000
vt 0.750000 0.500000
vt 0.750000 0.500000
vt 0.750000 0.500000
vt 0.750000 0.500000
vt 0.750000 0.500000
vt 0.750000 0.500000
vt 0.750000 0.500000
vt 0.750000 0.500000
vt 0.750000 0.500000
vt 0.750000 0.500000
vt 0.750000 0.500000
vt 0.750000 0.500000
vt 0.750000 0.500000
vt 0.750000 0.500000
vt 0.750000 0.500000
vt 0.750000 0.500000
vt 0.750000 0.500000
vt 0.750000 0.500000
vt 0.750000 0.500000
vt 0.750000 0.500000
vt 0.750000 0.500000
vt 0.750000 0.500000
vt 0.750000 0.500000
vt 0.750000 0.500000
vt 0.750000 0.500000
vt 0.750000 0.500000
vt 0.750000 0.500000
vt 0.750000 0.500000
vt 0.750000 0.500000
vt 0.750000 0.500000
vt 0.750000 0.500000
vt 0.750000 0.500000
vt 0.750000 0.500000
vt 0.750000 0.500000
vt 0.750000 0.500000
vt 0.750000 0.500000
vt 0.750000 0.500000
vt 0.750000 0.500000
vt 0.750000 0.500000
vt 0.750000 0.500000
vt 0.750000 0.500000
vt 0.750000 0.500000
vt 0.750000 0.500000
vt 0.750000 0.500000
vt 0.750000 0.500000
vt 0.750000 0.500000
vt 0.750000 0.500000
vt 0.750000 0.500000
vt 0.750000 0.500000
vt 0.750000 0.500000
vt 0.750000 0.500000
vt 0.750000 0.500000
vt 0.750000 0.500000
vt 0.750000 0.500000
vt 0.750000 0.500000
vt 0.750000 0.500000
vt 0.750000 0.500000
vt 0.750000 0.500000
vt 0.750000 0.500000
vt 0.750000 0.500000
vt 0.750000 0.500000
vt 0.750000 0.500000
vt 0.750000 0.500000
vt 0.750000 0.500000
vt 0.750000 0.500000
vt 0.750000 0.500000
vt 0.750000 0.500000
vt 0.750000 0.500000
vt 0.750000 0.500000
vt 0.750000 0.500000
vt 0.750000 0.500000
vt 0.750000 0.500000
vt 0.750000 0.500000
vt 0.750000 0.500000
vt 0.750000 0.500000
vt 0.750000 0.500000
vt 0.750000 0.500000
vt 0.750000 0.500000
vt 0.750000 0.500000
vt 0.750000 0.500000
vt 0.750000 0.500000
vt 0.750000 0.500000
vt 0.750000 0.500000
vt 0.750000 0.500000
vt 0.750000 0.500000
vt 0.750000 0.500000
vt 0.750000 0.500000
vt 0.750000 0.500000
vt 0.750000 0.500000
vt 0.750000 0.500000
vt 0.750000 0.500000
vt 0.750000 0.500000
vt 0.750000 0.500000
vt 0.750000 0.500000
vt 0.750000 0.500000
vt 0.750000 0.500000
vt 0.750000 0.500000
vt 0.750000 0.500000
vt 0.750000 0.500000
vt 0.750000 0.500000
vt 0.750000 0.500000
vt 0.750000 0.500000
vt 0.750000 0.500000
vt 0.750000 0.500000
vt 0.750000 0.500000
vt 0.750000 0.500000
vt 0.750000 0.500000
vt 0.750000 0.500000
vt 0.750000 0.500000
vt 0.750000 0.500000
vt 0.750000 0.500000
vt 0.750000 0.500000
vt 0.750000 0.500000
vt 0.750000 0.500000
vt 0.750000 0.500000
vt 0.750000 0.500000
vt 0.750000 0.500000
vt 0.750000 0.500000
vt 0.750000 0.500000
vt 0.750000 0.500000
vt 0.750000 0.500000
vt 0.750000 0.500000
vt 0.750000 0.500000
vt 0.750000 0.500000
vt 0.750000 0.500000
vt 0.750000 0.500000
vt 0.750000 0.500000
vt 0.750000 0.500000
vt 0.750000 0.500000
vt 0.750000 0.500000
vt 0.750000 0.500000
vt 0.750000 0.500000
vt 0.750000 0.500000
vt 0.750000 0.500000
vt 0.750000 0.500000
vt 0.750000 0.500000
vt 0.750000 0.500000
vt 0.750000 0.500000
vt 0.750000 0.500000
vt 0.750000 0.500000
vt 0.750000 0.500000
vt 0.750000 0.500000
vt 0.750000 0.500000
vt 0.750000 0.500000
vt 0.750000 0.500000
vt 0.750000 0.500000
vt 0.750000 0.500000
vt 0.750000 0.500000
vt 0.750000 0.500000
vt 0.750000 0.500000
vt 0.750000 0.500000
vt 0.750000 0.500000
vt 0.750000 0.500000
vt 0.750000 0.500000
vt 0.750000 0.500000
vt 0.750000 0.500000
vt 0.750000 0.500000
vt 0.750000 0.500000
vt 0.750000 0.500000
vt 0.750000 0.500000
vt 0.750000 0.500000
vt 0.750000 0.500000
vt 0.750000 0.500000
vt 0.750000 0.500000
vt 0.750000 0.500000
vt 0.750000 0.500000
vt 0.750000 0.500000
vt 0.750000 0.500000
vt 0.750000 0.500000
vt 0.750000 0.500000
vt 0.750000 0.500000
vt 0.750000 0.500000
vt 0.750000 0.500000
vt 0.750000 0.500000
vt 0.750000 0.500000
vt 0.750000 0.500000
vt 0.750000 0.500000
vt 0.750000 0.500000
vt 0.750000 0.500000
vt 0.750000 0.500000
vt 0.750000 0.500000
vt 0.750000 0.500000
vt 0.750000 0.500000
vt 0.750000 0.500000
vt 0.750000 0.500000
vt 0.750000 0.500000
vt 0.750000 0.500000
vt 0.750000 0.500000
vt 0.750000 0.500000
vt 0.750000 0.500000
vt 0.750000 0.500000
vt 0.750000 0.500000
vt 0.750000 0.500000
vt 0.750000 0.500000
vt 0.750000 0.500000
vt 0.750000 0.500000
vt 0.750000 0.500000
vt 0.750000 0.500000
vt 0.750000 0.500000
vt 0.750000 0.500000
vt 0.750000 0.500000
vt 0.750000 0.500000
vt 0.750000 0.500000
vt 0.750000 0.500000
vt 0.750000 0.500000
vt 0.750000 0.500000
vt 0.750000 0.500000
vt 0.750000 0.500000
vt 0.750000 0.500000
vt 0.750000 0.500000
vt 0.750000 0.500000
vt 0.750000 0.500000
vt 0.750000 0.500000
vt 0.750000 0.500000
vt 0.750000 0.500000
vt 0.750000 0.500000
vt 0.750000 0.500000
vt 0.750000 0.500000
vt 0.750000 0.500000
vt 0.750000 0.500000
vt 0.750000 0.500000
vt 0.750000 0.500000
vt 0.750000 0.500000
vt 0.750000 0.500000
vt 0.750000 0.500000
vt 0.750000 0.500000
vt 0.750000 0.500000
vt 0.750000 0.500000
vt 0.750000 0.500000
vt 0.750000 0.500000
vt 0.750000 0.500000
vt 0.750000 0.500000
vt 0.750000 0.500000
vt 0.750000 0.500000
vt 0.750000 0.500000
vt 0.750000 0.500000
vt 0.750000 0.500000
vt 0.750000 0.500000
vt 0.750000 0.500000
vt 0.750000 0.500000
vt 0.750000 0.500000
vt 0.750000 0.500000
vt 0.750000 0.500000
vt 0.750000 0.500000
vt 0.750000 0.500000
vt 0.750000 0.500000
vt 0.750000 0.500000
vt 0.750000 0.500000
vt 0.750000 0.500000
vt 0.750000 0.500000
vt 0.750000 0.500000
vt 0.750000 0.500000
vt 0.750000 0.500000
vt 0.750000 0.500000
vt 0.750000 0.500000
vt 0.750000 0.500000
vt 0.750000 0.500000
vt 0.750000 0.500000
vt 0.750000 0.500000
vt 0.750000 0.500000
vt 0.750000 0.500000
vt 0.750000 0.500000
vt 0.750000 0.500000
vt 0.750000 0.500000
vt 0.750000 0.500000
vt 0.750000 0.500000
vt 0.750000 0.500000
vt 0.750000 0.500000
vt 0.750000 0.500000
vt 0.750000 0.500000
vt 0.750000 0.500000
vt 0.750000 0.500000
vt 0.750000 0.500000
vt 0.750000 0.500000
vt 0.750000 0.500000
vt 0.750000 0.500000
vt 0.750000 0.500000
vt 0.750000 0.500000
vt 0.750000 0.500000
vt 0.750000 0.500000
vt 0.750000 0.500000
vt 0.750000 0.500000
vt 0.750000 0.500000
vt 0.750000 0.500000
vt 0.750000 0.500000
vt 0.750000 0.500000
vt 0.750000 0.500000
vt 0.750000 0.500000
vt 0.750000 0.500000
vt 0.750000 0.500000
vt 0.750000 0.500000
vt 0.750000 0.500000
vt 0.750000 0.500000
vt 0.750000 0.500000
vt 0.750000 0.500000
vt 0.750000 0.500000
vt 0.750000 0.500000
vt 0.750000 0.500000
vt 0.750000 0.500000
vt 0.750000 0.500000
vt 0.750000 0.500000
vt 0.750000 0.500000
vt 0.750000 0.500000
vt 0.750000 0.500000
vt 0.750000 0.500000
vt 0.750000 0.500000
vt 0.750000 0.500000
vt 0.750000 0.500000
vt 0.750000 0.500000
vt 0.750000 0.500000
vt 0.750000 0.500000
vt 0.750000 0.500000
vt 0.750000 0.500000
vt 0.750000 0.500000
vt 0.750000 0.500000
vt 0.750000 0.500000
vt 0.750000 0.500000
vt 0.750000 0.500000
vt 0.750000 0.500000
vt 0.750000 0.500000
vt 0.750000 0.500000
vt 0.750000 0.500000
vt 0.750000 0.500000
vt 0.750000 0.500000
vt 0.750000 0.500000
vt 0.750000 0.500000
vt 0.750000 0.500000
vt 0.750000 0.500000
vt 0.750000 0.500000
vt 0.750000 0.500000
vt 0.750000 0.500000
vt 0.750000 0.500000
vt 0.750000 0.500000
vt 0.750000 0.500000
vt 0.750000 0.500000
vt 0.750000 0.500000
vt 0.750000 0.500000
vt 0.750000 0.500000
vt 0.750000 0.500000
vt 0.750000 0.500000
vt 0.750000 0.500000
vt 0.750000 0.500000
vt 0.750000 0.500000
vt 0.750000 0.500000
vt 0.750000 0.500000
vt 0.750000 0.500000
vt 0.750000 0.500000
vt 0.750000 0.500000
vt 0.750000 0.500000
vt 0.750000 0.500000
vt 0.750000 0.500000
vt 0.750000 0.500000
vt 0.750000 0.500000
vt 0.750000 0.500000
vt 0.750000 0.500000
vt 0.750000 0.500000
vt 0.750000 0.500000
vt 0.750000 0.500000
vt 0.750000 0.500000
vt 0.750000 0.500000
vt 0.750000 0.500000
vt 0.750000 0.500000
vt 0.750000 0.500000
vt 0.750000 0.500000
vt 0.750000 0.500000
vt 0.750000 0.500000
vt 0.750000 0.500000
vt 0.750000 0.500000
vt 0.750000 0.500000
vt 0.750000 0.500000
vt 0.750000 0.500000
vt 0.750000 0.500000
vt 0.750000 0.500000
vt 0.750000 0.500000
vt 0.750000 0.500000
vt 0.750000 0.500000
vt 0.750000 0.500000
vt 0.750000 0.500000
vt 0.750000 0.500000
vt 0.750000 0.500000
vt 0.750000 0.500000
vt 0.750000 0.500000
vt 0.750000 0.500000
vt 0.750000 0.500000
vt 0.750000 0.500000
vt 0.750000 0.500000
vt 0.750000 0.500000
vt 0.750000 0.500000
vt 0.750000 0.500000
vt 0.750000 0.500000
vt 0.750000 0.500000
vt 0.750000 0.500000
vt 0.750000 0.500000
vt 0.750000 0.500000
vt 0.750000 0.500000
vt 0.750000 0.500000
vt 0.750000 0.500000
vt 0.750000 0.500000
vt 0.750000 0.500000
vt 0.750000 0.500000
vt 0.750000 0.500000
vt 0.750000 0.500000
vt 0.750000 0.500000
vt 0.750000 0.500000
vt 0.750000 0.500000
vt 0.750000 0.500000
vt 0.750000 0.500000
vt 0.750000 0.500000
vt 0.750000 0.500000
vt 0.750000 0.500000
vt 0.750000 0.500000
vt 0.750000 0.500000
vt 0.750000 0.500000
vt 0.750000 0.500000
vt 0.750000 0.500000
vt 0.750000 0.500000
vt 0.750000 0.500000
vt 0.750000 0.500000
vt 0.750000 0.500000
vt 0.750000 0.500000
vt 0.750000 0.500000
vt 0.750000 0.500000
vt 0.750000 0.500000
vt 0.750000 0.500000
vt 0.750000 0.500000
vt 0.750000 0.500000
vt 0.750000 0.500000
vt 0.750000 0.500000
vt 0.750000 0.500000
vt 0.750000 0.500000
vt 0.750000 0.500000
vt 0.750000 0.500000
vt 0.750000 0.500000
vt 0.750000 0.500000
vt 0.750000 0.500000
vt 0.750000 0.500000
vt 0.750000 0.500000
vt 0.750000 0.500000
vt 0.750000 0.500000
vt 0.750000 0.500000
vt 0.750000 0.500000
vt 0.750000 0.500000
vt 0.750000 0.500000
vt 0.750000 0.500000
vt 0.750000 0.500000
vt 0.750000 0.500000
vt 0.750000 0.500000
vt 0.750000 0.500000
vt 0.750000 0.500000
vt 0.750000 0.500000
vt 0.750000 0.500000
vt 0.750000 0.500000
vt 0.750000 0.500000
vt 0.750000 0.500000
vt 0.750000 0.500000
vt 0.750000 0.500000
vt 0.750000 0.500000
vt 0.750000 0.500000
vt 0.750000 0.500000
vt 0.750000 0.500000
vt 0.750000 0.500000
vt 0.750000 0.500000
vt 0.750000 0.500000
vt 0.750000 0.500000
vt 0.750000 0.500000
vt 0.750000 0.500000
vt 0.750000 0.500000
vt 0.750000 0.500000
vt 0.750000 0.500000
vt 0.750000 0.500000
vt 0.750000 0.500000
vt 0.750000 0.500000
vt 0.750000 0.500000
vt 0.750000 0.500000
vt 0.750000 0.500000
vt 0.750000 0.500000
vt 0.750000 0.500000
vt 0.750000 0.500000
vt 0.750000 0.500000
vt 0.750000 0.500000
vt 0.750000 0.500000
vt 0.750000 0.500000
vt 0.750000 0.500000
vt 0.750000 0.500000
vt 0.750000 0.500000
vt 0.750000 0.500000
vt 0.750000 0.500000
vt 0.750000 0.500000
vt 0.750000 0.500000
vt 0.750000 0.500000
vt 0.750000 0.500000
vt 0.750000 0.500000
vt 0.750000 0.500000
vt 0.750000 0.500000
vt 0.750000 0.500000
vt 0.750000 0.500000
vt 0.750000 0.500000
vt 0.750000 0.500000
vt 0.750000 0.500000
vt 0.750000 0.500000
vt 0.750000 0.500000
vt 0.750000 0.500000
vt 0.750000 0.500000
vt 0.750000 0.500000
vt 0.750000 0.500000
vt 0.750000 0.500000
vt 0.750000 0.500000
vt 0.750000 0.500000
vt 0.750000 0.500000
vt 0.750000 0.500000
vt 0.750000 0.500000
vt 0.750000 0.500000
vt 0.750000 0.500000
vt 0.750000 0.500000
vt 0.750000 0.500000
vt 0.750000 0.500000
vt 0.750000 0.500000
vt 0.750000 0.500000
vt 0.750000 0.500000
vt 0.750000 0.500000
vt 0.750000 0.500000
vt 0.750000 0.500000
vt 0.750000 0.500000
vt 0.750000 0.500000
vt 0.750000 0.500000
vt 0.750000 0.500000
vt 0.750000 0.500000
vt 0.750000 0.500000
vt 0.750000 0.500000
vt 0.750000 0.500000
vt 0.750000 0.500000
vt 0.750000 0.500000
vt 0.750000 0.500000
vt 0.750000 0.500000
vt 0.750000 0.500000
vt 0.750000 0.500000
vt 0.750000 0.500000
vt 0.750000 0.500000
vt 0.750000 0.500000
vt 0.750000 0.500000
vt 0.750000 0.500000
vt 0.750000 0.500000
vt 0.750000 0.500000
vt 0.750000 0.500000
vt 0.750000 0.500000
vt 0.750000 0.500000
vt 0.750000 0.500000
vt 0.750000 0.500000
vt 0.750000 0.500000
vt 0.750000 0.500000
vt 0.750000 0.500000
vt 0.750000 0.500000
vt 0.750000 0.500000
vt 0.750000 0.500000
vt 0.750000 0.500000
vt 0.750000 0.500000
vt 0.750000 0.500000
vt 0.750000 0.500000
vt 0.750000 0.500000
vt 0.750000 0.500000
vt 0.750000 0.500000
vt 0.750000 0.500000
vt 0.750000 0.500000
vt 0.750000 0.500000
vt 0.750000 0.500000
vt 0.750000 0.500000
vt 0.750000 0.500000
vt 0.750000 0.500000
vt 0.750000 0.500000
vt 0.750000 0.500000
vt 0.750000 0.500000
vt 0.750000 0.500000
vt 0.750000 0.500000
vt 0.750000 0.500000
vt 0.750000 0.500000
vt 0.750000 0.500000
vt 0.750000 0.500000
vt 0.750000 0.500000
vt 0.750000 0.500000
vt 0.750000 0.500000
vt 0.750000 0.500000
vt 0.750000 0.500000
vt 0.750000 0.500000
vt 0.750000 0.500000
vt 0.750000 0.500000
vt 0.750000 0.500000
vt 0.750000 0.500000
vt 0.750000 0.500000
vt 0.750000 0.500000
vt 0.750000 0.500000
vt 0.750000 0.500000
vt 0.750000 0.500000
vt 0.750000 0.500000
vt 0.750000 0.500000
vt 0.750000 0.500000
vt 0.750000 0.500000
vt 0.750000 0.500000
vt 0.750000 0.500000
vt 0.750000 0.500000
vt 0.750000 0.500000
vt 0.750000 0.500000
vt 0.750000 0.500000
vt 0.750000 0.500000
vt 0.750000 0.500000
vt 0.750000 0.500000
vt 0.750000 0.500000
vt 0.750000 0.500000
vt 0.750000 0.500000
vt 0.750000 0.500000
vt 0.750000 0.500000
vt 0.750000 0.500000
vt 0.750000 0.500000
vt 0.750000 0.500000
vt 0.750000 0.500000
vt 0.750000 0.500000
vt 0.750000 0.500000
vt 0.750000 0.500000
vt 0.750000 0.500000
vt 0.750000 0.500000
vt 0.750000 0.500000
vt 0.750000 0.500000
vt 0.750000 0.500000
vt 0.750000 0.500000
vt 0.750000 0.500000
vt 0.750000 0.500000
vt 0.750000 0.500000
vt 0.750000 0.500000
vt 0.750000 0.500000
vt 0.750000 0.500000
vt 0.750000 0.500000
vt 0.750000 0.500000
vt 0.750000 0.500000
vt 0.750000 0.500000
vt 0.750000 0.500000
vt 0.750000 0.500000
vt 0.750000 0.500000
vt 0.750000 0.500000
vt 0.750000 0.500000
vt 0.750000 0.500000
vt 0.750000 0.500000
vt 0.750000 0.500000
vt 0.750000 0.500000
vt 0.750000 0.500000
vt 0.750000 0.500000
vt 0.750000 0.500000
vt 0.750000 0.500000
vt 0.750000 0.500000
vt 0.750000 0.500000
vt 0.750000 0.500000
vt 0.750000 0.500000
vt 0.750000 0.500000
vt 0.750000 0.500000
vt 0.750000 0.500000
vt 0.750000 0.500000
vt 0.750000 0.500000
vt 0.750000 0.500000
vt 0.750000 0.500000
vt 0.750000 0.500000
vt 0.750000 0.500000
vt 0.750000 0.500000
vt 0.750000 0.500000
vt 0.750000 0.500000
vt 0.750000 0.500000
vt 0.750000 0.500000
vt 0.750000 0.500000
vt 0.750000 0.500000
vt 0.750000 0.500000
vt 0.750000 0.500000
vt 0.750000 0.500000
vt 0.750000 0.500000
vt 0.750000 0.500000
vt 0.750000 0.500000
vt 0.750000 0.500000
vt 0.750000 0.500000
vt 0.750000 0.500000
vt 0.750000 0.500000
vt 0.750000 0.500000
vt 0.750000 0.500000
vt 0.750000 0.500000
vt 0.750000 0.500000
vt 0.750000 0.500000
vt 0.750000 0.500000
vt 0.750000 0.500000
vt 0.750000 0.500000
vt 0.750000 0.500000
vt 0.750000 0.500000
vt 0.750000 0.500000
vt 0.750000 0.500000
vt 0.750000 0.500000
vt 0.750000 0.500000
vt 0.750000 0.500000
vt 0.750000 0.500000
vt 0.750000 0.500000
vt 0.750000 0.500000
vt 0.750000 0.500000
vt 0.750000 0.500000
vt 0.750000 0.500000
vt 0.750000 0.500000
vt 0.750000 0.500000
vt 0.750000 0.500000
vt 0.750000 0.500000
vt 0.750000 0.500000
vt 0.750000 0.500000
vt 0.750000 0.500000
vt 0.750000 0.500000
vt 0.750000 0.500000
vt 0.750000 0.500000
vt 0.750000 0.500000
vt 0.750000 0.500000
vt 0.750000 0.500000
vt 0.750000 0.500000
vt 0.750000 0.500000
vt 0.750000 0.500000
vt 0.750000 0.500000
vt 0.750000 0.500000
vt 0.750000 0.500000
vt 0.750000 0.500000
vt 0.750000 0.500000
vt 0.750000 0.500000
vt 0.750000 0.500000
vt 0.750000 0.500000
vt 0.750000 0.500000
vt 0.750000 0.500000
vt 0.750000 0.500000
vt 0.750000 0.500000
vt 0.750000 0.500000
vt 0.750000 0.500000
vt 0.750000 0.500000
vt 0.750000 0.500000
vt 0.750000 0.500000
vt 0.750000 0.500000
vt 0.750000 0.500000
vt 0.750000 0.500000
vt 0.750000 0.500000
vt 0.750000 0.500000
vt 0.750000 0.500000
vt 0.750000 0.500000
vt 0.750000 0.500000
vt 0.750000 0.500000
vt 0.750000 0.500000
vt 0.750000 0.500000
vt 0.750000 0.500000
vt 0.750000 0.500000
vt 0.750000 0.500000
vt 0.750000 0.500000
vt 0.750000 0.500000
vt 0.750000 0.500000
vt 0.750000 0.500000
vt 0.750000 0.500000
vt 0.750000 0.500000
vt 0.750000 0.500000
vt 0.750000 0.500000
vt 0.750000 0.500000
vt 0.750000 0.500000
vt 0.750000 0.500000
vt 0.750000 0.500000
vt 0.750000 0.500000
vt 0.750000 0.500000
vt 0.750000 0.500000
vt 0.750000 0.500000
vt 0.750000 0.500000
vt 0.750000 0.500000
vt 0.750000 0.500000
vt 0.750000 0.500000
vt 0.750000 0.500000
vt 0.750000 0.500000
vt 0.750000 0.500000
vt 0.750000 0.500000
vt 0.750000 0.500000
vt 0.750000 0.500000
vt 0.750000 0.500000
vt 0.750000 0.500000
vt 0.750000 0.500000
vt 0.750000 0.500000
vt 0.750000 0.500000
vt 0.750000 0.500000
vt 0.750000 0.500000
vt 0.750000 0.500000
vt 0.750000 0.500000
vt 0.750000 0.500000
vt 0.750000 0.500000
vt 0.750000 0.500000
vt 0.750000 0.500000
vt 0.750000 0.500000
vt 0.750000 0.500000
vt 0.750000 0.500000
vt 0.750000 0.500000
vt 0.750000 0.500000
vt 0.750000 0.500000
vt 0.750000 0.500000
vt 0.750000 0.500000
vt 0.750000 0.500000
vt 0.750000 0.500000
vt 0.750000 0.500000
vt 0.750000 0.500000
vt 0.750000 0.500000
vt 0.750000 0.500000
vt 0.750000 0.500000
vt 0.750000 0.500000
vt 0.750000 0.500000
vt 0.750000 0.500000
vt 0.750000 0.500000
vt 0.750000 0.500000
vt 0.750000 0.500000
vt 0.750000 0.500000
vt 0.750000 0.500000
vt 0.750000 0.500000
vt 0.750000 0.500000
vt 0.750000 0.500000
vt 0.750000 0.500000
vt 0.750000 0.500000
vt 0.750000 0.500000
vt 0.750000 0.500000
vt 0.750000 0.500000
vt 0.750000 0.500000
vt 0.750000 0.500000
vt 0.750000 0.500000
vt 0.750000 0.500000
vt 0.750000 0.500000
vt 0.750000 0.500000
vt 0.750000 0.500000
vt 0.750000 0.500000
vt 0.750000 0.500000
vt 0.750000 0.500000
vt 0.750000 0.500000
vt 0.750000 0.500000
vt 0.750000 0.500000
vt 0.750000 0.500000
vt 0.750000 0.500000
vt 0.750000 0.500000
vt 0.750000 0.500000
vt 0.750000 0.500000
vt 0.750000 0.500000
vt 0.750000 0.500000
vt 0.750000 0.500000
vt 0.750000 0.500000
vt 0.750000 0.500000
vt 0.750000 0.500000
vt 0.750000 0.500000
vt 0.750000 0.500000
vt 0.750000 0.500000
vt 0.750000 0.500000
vt 0.750000 0.500000
vt 0.750000 0.500000
vt 0.750000 0.500000
vt 0.750000 0.500000
vt 0.750000 0.500000
vt 0.750000 0.500000
vt 0.750000 0.500000
vt 0.750000 0.500000
vt 0.750000 0.500000
vt 0.750000 0.500000
vt 0.750000 0.500000
vt 0.750000 0.500000
vt 0.750000 0.500000
vt 0.750000 0.500000
vt 0.750000 0.500000
vt 0.750000 0.500000
vt 0.750000 0.500000
vt 0.750000 0.500000
vt 0.750000 0.500000
vt 0.750000 0.500000
vt 0.750000 0.500000
vt 0.750000 0.500000
vt 0.750000 0.500000
vt 0.750000 0.500000
vt 0.750000 0.500000
vt 0.750000 0.500000
vt 0.750000 0.500000
vt 0.750000 0.500000
vt 0.750000 0.500000
vt 0.750000 0.500000
vt 0.750000 0.500000
vt 0.750000 0.500000
vt 0.750000 0.500000
vt 0.750000 0.500000
vt 0.750000 0.500000
vt 0.750000 0.500000
vt 0.750000 0.500000
vt 0.750000 0.500000
vt 0.750000 0.500000
vt 0.750000 0.500000
vt 0.750000 0.500000
vt 0.750000 0.500000
vt 0.750000 0.500000
vt 0.750000 0.500000
vt 0.750000 0.500000
vt 0.750000 0.500000
vt 0.750000 0.500000
vt 0.750000 0.500000
vt 0.750000 0.500000
vt 0.750000 0.500000
vt 0.750000 0.500000
vt 0.750000 0.500000
vt 0.750000 0.500000
vt 0.750000 0.500000
vt 0.750000 0.500000
vt 0.750000 0.500000
vt 0.750000 0.500000
vt 0.750000 0.500000
vt 0.750000 0.500000
vt 0.750000 0.500000
vt 0.750000 0.500000
vt 0.750000 0.500000
vt 0.750000 0.500000
vt 0.750000 0.500000
vt 0.750000 0.500000
vt 0.750000 0.500000
vt 0.750000 0.500000
vt 0.750000 0.500000
vt 0.750000 0.500000
vt 0.750000 0.500000
vt 0.750000 0.500000
vt 0.750000 0.500000
vt 0.750000 0.500000
vt 0.750000 0.500000
vt 0.750000 0.500000
vt 0.750000 0.500000
vt 0.750000 0.500000
vt 0.750000 0.500000
vt 0.750000 0.500000
vt 0.750000 0.500000
vt 0.750000 0.500000
vt 0.750000 0.500000
vt 0.750000 0.500000
vt 0.750000 0.500000
vt 0.750000 0.500000
vt 0.750000 0.500000
vt 0.750000 0.500000
vt 0.750000 0.500000
vt 0.750000 0.500000
vt 0.750000 0.500000
vt 0.750000 0.500000
vt 0.750000 0.500000
vt 0.750000 0.500000
vt 0.750000 0.500000
vt 0.750000 0.500000
vt 0.750000 0.500000
vt 0.750000 0.500000
vt 0.750000 0.500000
vt 0.750000 0.500000
vt 0.750000 0.500000
vt 0.750000 0.500000
vt 0.750000 0.500000
vt 0.750000 0.500000
vt 0.750000 0.500000
vt 0.750000 0.500000
vt 0.750000 0.500000
vt 0.750000 0.500000
vt 0.750000 0.500000
vt 0.750000 0.500000
vt 0.750000 0.500000
vt 0.750000 0.500000
vt 0.750000 0.500000
vt 0.750000 0.500000
vt 0.750000 0.500000
vt 0.750000 0.500000
vt 0.750000 0.500000
vt 0.750000 0.500000
vt 0.750000 0.500000
vt 0.750000 0.500000
vt 0.750000 0.500000
vt 0.750000 0.500000
vt 0.750000 0.500000
vt 0.750000 0.500000
vt 0.750000 0.500000
vt 0.750000 0.500000
vt 0.750000 0.500000
vt 0.750000 0.500000
vt 0.750000 0.500000
vt 0.750000 0.500000
vt 0.750000 0.500000
vt 0.750000 0.500000
vt 0.750000 0.500000
vt 0.750000 0.500000
vt 0.750000 0.500000
vt 0.750000 0.500000
vt 0.750000 0.500000
vt 0.750000 0.500000
vt 0.750000 0.500000
vt 0.750000 0.500000
vt 0.750000 0.500000
vt 0.750000 0.500000
vt 0.750000 0.500000
vt 0.750000 0.500000
vt 0.750000 0.500000
vt 0.750000 0.500000
vt 0.750000 0.500000
vt 0.750000 0.500000
vt 0.750000 0.500000
vt 0.750000 0.500000
vt 0.750000 0.500000
vt 0.750000 0.500000
vt 0.750000 0.500000
vt 0.750000 0.500000
vt 0.750000 0.500000
vt 0.750000 0.500000
vt 0.750000 0.500000
vt 0.750000 0.500000
vt 0.750000 0.500000
vt 0.750000 0.500000
vt 0.750000 0.500000
vt 0.750000 0.500000
vt 0.750000 0.500000
vt 0.750000 0.500000
vt 0.750000 0.500000
vt 0.750000 0.500000
vt 0.750000 0.500000
vt 0.750000 0.500000
vt 0.750000 0.500000
vt 0.750000 0.500000
vt 0.750000 0.500000
vt 0.750000 0.500000
vt 0.750000 0.500000
vt 0.750000 0.500000
vt 0.750000 0.500000
vt 0.750000 0.500000
vt 0.750000 0.500000
vt 0.750000 0.500000
vt 0.750000 0.500000
vt 0.750000 0.500000
vt 0.750000 0.500000
vt 0.750000 0.500000
vt 0.750000 0.500000
vt 0.750000 0.500000
vt 0.750000 0.500000
vt 0.750000 0.500000
vt 0.750000 0.500000
vt 0.750000 0.500000
vt 0.750000 0.500000
vt 0.750000 0.500000
vt 0.750000 0.500000
vt 0.750000 0.500000
vt 0.750000 0.500000
vt 0.750000 0.500000
vt 0.750000 0.500000
vt 0.750000 0.500000
vt 0.750000 0.500000
vt 0.750000 0.500000
vt 0.750000 0.500000
vt 0.750000 0.500000
vt 0.750000 0.500000
vt 0.750000 0.500000
vt 0.750000 0.500000
vt 0.750000 0.500000
vt 0.750000 0.500000
vt 0.750000 0.500000
vt 0.750000 0.500000
vt 0.750000 0.500000
vt 0.750000 0.500000
vt 0.750000 0.500000
vt 0.750000 0.500000
vt 0.750000 0.500000
vt 0.750000 0.500000
vt 0.750000 0.500000
vt 0.750000 0.500000
vt 0.750000 0.500000
vt 0.750000 0.500000
vt 0.750000 0.500000
vt 0.750000 0.500000
vt 0.750000 0.500000
vt 0.750000 0.500000
vt 0.750000 0.500000
vt 0.750000 0.500000
vt 0.750000 0.500000
vt 0.750000 0.500000
vt 0.750000 0.500000
vt 0.750000 0.500000
vt 0.750000 0.500000
vt 0.750000 0.500000
vt 0.750000 0.500000
vt 0.750000 0.500000
vt 0.750000 0.500000
vt 0.750000 0.500000
vt 0.750000 0.500000
vt 0.750000 0.500000
vt 0.750000 0.500000
vt 0.750000 0.500000
vt 0.750000 0.500000
vt 0.750000 0.500000
vt 0.750000 0.500000
vt 0.750000 0.500000
vt 0.750000 0.500000
vt 0.750000 0.500000
vt 0.750000 0.500000
vt 0.750000 0.500000
vt 0.750000 0.500000
vt 0.750000 0.500000
vt 0.750000 0.500000
vt 0.750000 0.500000
vt 0.750000 0.500000
vt 0.750000 0.500000
vt 0.750000 0.500000
vt 0.750000 0.500000
vt 0.750000 0.500000
vt 0.750000 0.500000
vt 0.750000 0.500000
vt 0.750000 0.500000
vt 0.750000 0.500000
vt 0.750000 0.500000
vt 0.750000 0.500000
vt 0.750000 0.500000
vt 0.750000 0.500000
vt 0.750000 0.500000
vt 0.750000 0.500000
vt 0.750000 0.500000
vt 0.750000 0.500000
vt 0.750000 0.500000
vt 0.750000 0.500000
vt 0.750000 0.500000
vt 0.750000 0.500000
vt 0.750000 0.500000
vt 0.750000 0.500000
vt 0.750000 0.500000
vt 0.750000 0.500000
vt 0.750000 0.500000
vt 0.750000 0.500000
vt 0.750000 0.500000
vt 0.750000 0.500000
vt 0.750000 0.500000
vt 0.750000 0.500000
vt 0.750000 0.500000
vt 0.750000 0.500000
vt 0.750000 0.500000
vt 0.750000 0.500000
vt 0.750000 0.500000
vt 0.750000 0.500000
vt 0.750000 0.500000
vt 0.750000 0.500000
vt 0.750000 0.500000
vt 0.750000 0.500000
vt 0.750000 0.500000
vt 0.750000 0.500000
vt 0.750000 0.500000
vt 0.750000 0.500000
vt 0.750000 0.500000
vt 0.750000 0.500000
vt 0.750000 0.500000
vt 0.750000 0.500000
vt 0.750000 0.500000
vt 0.750000 0.500000
vt 0.750000 0.500000
vt 0.750000 0.500000
vt 0.750000 0.500000
vt 0.750000 0.500000
vt 0.750000 0.500000
vt 0.750000 0.500000
vt 0.750000 0.500000
vt 0.750000 0.500000
vt 0.750000 0.500000
vt 0.750000 0.500000
vt 0.750000 0.500000
vt 0.750000 0.500000
vt 0.750000 0.500000
vt 0.750000 0.500000
vt 0.750000 0.500000
vt 0.750000 0.500000
vt 0.750000 0.500000
vt 0.750000 0.500000
vt 0.750000 0.500000
vt 0.750000 0.500000
vt 0.750000 0.500000
vt 0.750000 0.500000
vt 0.750000 0.500000
vt 0.750000 0.500000
vt 0.750000 0.500000
vt 0.750000 0.500000
vt 0.750000 0.500000
vt 0.750000 0.500000
vt 0.750000 0.500000
vt 0.750000 0.500000
vt 0.750000 0.500000
vt 0.750000 0.500000
vt 0.750000 0.500000
vt 0.750000 0.500000
vt 0.750000 0.500000
vt 0.750000 0.500000
vt 0.750000 0.500000
vt 0.750000 0.500000
vt 0.750000 0.500000
vt 0.750000 0.500000
vt 0.750000 0.500000
vt 0.750000 0.500000
vt 0.750000 0.500000
vt 0.750000 0.500000
vt 0.750000 0.500000
vt 0.750000 0.500000
vt 0.750000 0.500000
vt 0.750000 0.500000
vt 0.750000 0.500000
vt 0.750000 0.500000
vt 0.750000 0.500000
vt 0.750000 0.500000
vt 0.750000 0.500000
vt 0.750000 0.500000
vt 0.750000 0.500000
vt 0.750000 0.500000
vt 0.750000 0.500000
vt 0.750000 0.500000
vt 0.750000 0.500000
vt 0.750000 0.500000
vt 0.750000 0.500000
vt 0.750000 0.500000
vt 0.750000 0.500000
vt 0.750000 0.500000
vt 0.750000 0.500000
vt 0.750000 0.500000
vt 0.750000 0.500000
vt 0.750000 0.500000
vt 0.750000 0.500000
vt 0.750000 0.500000
vt 0.750000 0.500000
vt 0.750000 0.500000
vt 0.750000 0.500000
vt 0.750000 0.500000
vt 0.750000 0.500000
vt 0.750000 0.500000
vt 0.750000 0.500000
vt 0.750000 0.500000
vt 0.750000 0.500000
vt 0.750000 0.500000
vt 0.750000 0.500000
vt 0.750000 0.500000
vt 0.750000 0.500000
vt 0.750000 0.500000
vt 0.750000 0.500000
vt 0.750000 0.500000
vt 0.750000 0.500000
vt 0.750000 0.500000
vt 0.750000 0.500000
vt 0.750000 0.500000
vt 0.750000 0.500000
vt 0.750000 0.500000
vt 0.750000 0.500000
vt 0.750000 0.500000
vt 0.750000 0.500000
vt 0.750000 0.500000
vt 0.750000 0.500000
vt 0.750000 0.500000
vt 0.750000 0.500000
vt 0.750000 0.500000
vt 0.750000 0.500000
vt 0.750000 0.500000
vt 0.750000 0.500000
vt 0.750000 0.500000
vt 0.750000 0.500000
vt 0.750000 0.500000
vt 0.750000 0.500000
vt 0.750000 0.500000
vt 0.750000 0.500000
vt 0.750000 0.500000
vt 0.750000 0.500000
vt 0.750000 0.500000
vt 0.750000 0.500000
vt 0.750000 0.500000
vt 0.750000 0.500000
vt 0.750000 0.500000
vt 0.750000 0.500000
vt 0.750000 0.500000
vt 0.750000 0.500000
vt 0.750000 0.500000
vt 0.750000 0.500000
vt 0.750000 0.500000
vt 0.750000 0.500000
vt 0.750000 0.500000
vt 0.750000 0.500000
vt 0.750000 0.500000
vt 0.750000 0.500000
vt 0.750000 0.500000
vt 0.750000 0.500000
vt 0.750000 0.500000
vt 0.750000 0.500000
vt 0.750000 0.500000
vt 0.750000 0.500000
vt 0.750000 0.500000
vt 0.750000 0.500000
vt 0.750000 0.500000
vt 0.750000 0.500000
vt 0.750000 0.500000
vt 0.750000 0.500000
vt 0.750000 0.500000
vt 0.750000 0.500000
vt 0.750000 0.500000
vt 0.750000 0.500000
vt 0.750000 0.500000
vt 0.750000 0.500000
vt 0.750000 0.500000
vt 0.750000 0.500000
vt 0.750000 0.500000
vt 0.750000 0.500000
vt 0.750000 0.500000
vt 0.750000 0.500000
vt 0.750000 0.500000
vt 0.750000 0.500000
vt 0.750000 0.500000
vt 0.750000 0.500000
vt 0.750000 0.500000
vt 0.750000 0.500000
vt 0.750000 0.500000
vt 0.750000 0.500000
vt 0.750000 0.500000
vt 0.750000 0.500000
vt 0.750000 0.500000
vt 0.750000 0.500000
vt 0.750000 0.500000
vt 0.750000 0.500000
vt 0.750000 0.500000
vt 0.750000 0.500000
vt 0.750000 0.500000
vt 0.750000 0.500000
vt 0.750000 0.500000
vt 0.750000 0.500000
vt 0.750000 0.500000
vt 0.750000 0.500000
vt 0.750000 0.500000
vt 0.750000 0.500000
vt 0.750000 0.500000
vt 0.750000 0.500000
vt 0.750000 0.500000
vt 0.750000 0.500000
vt 0.750000 0.500000
vt 0.750000 0.500000
vt 0.750000 0.500000
vt 0.750000 0.500000
vt 0.750000 0.500000
vt 0.750000 0.500000
vt 0.750000 0.500000
vt 0.750000 0.500000
vt 0.750000 0.500000
vt 0.750000 0.500000
vt 0.750000 0.500000
vt 0.750000 0.500000
vt 0.750000 0.500000
vt 0.750000 0.500000
vt 0.750000 0.500000
vt 0.750000 0.500000
vt 0.750000 0.500000
vt 0.750000 0.500000
vt 0.750000 0.500000
vt 0.750000 0.500000
vt 0.750000 0.500000
vt 0.750000 0.500000
vt 0.750000 0.500000
vt 0.750000 0.500000
vt 0.750000 0.500000
vt 0.750000 0.500000
vt 0.750000 0.500000
vt 0.750000 0.500000
vt 0.750000 0.500000
vt 0.750000 0.500000
vt 0.750000 0.500000
vt 0.750000 0.500000
vt 0.750000 0.500000
vt 0.750000 0.500000
vt 0.750000 0.500000
vt 0.750000 0.500000
vt 0.750000 0.500000
vt 0.750000 0.500000
vt 0.750000 0.500000
vt 0.750000 0.500000
vt 0.750000 0.500000
vt 0.750000 0.500000
vt 0.750000 0.500000
vt 0.750000 0.500000
vt 0.750000 0.500000
vt 0.750000 0.500000
vt 0.750000 0.500000
vt 0.750000 0.500000
vt 0.750000 0.500000
vt 0.750000 0.500000
vt 0.750000 0.500000
vt 0.750000 0.500000
vt 0.750000 0.500000
vt 0.750000 0.500000
vt 0.750000 0.500000
vt 0.750000 0.500000
vt 0.750000 0.500000
vt 0.750000 0.500000
vt 0.750000 0.500000
vt 0.750000 0.500000
vt 0.750000 0.500000
vt 0.750000 0.500000
vt 0.750000 0.500000
vt 0.750000 0.500000
vt 0.750000 0.500000
vt 0.750000 0.500000
vt 0.750000 0.500000
vt 0.750000 0.500000
vt 0.750000 0.500000
vt 0.750000 0.500000
vt 0.750000 0.500000
vt 0.750000 0.500000
vt 0.750000 0.500000
vt 0.750000 0.500000
vt 0.750000 0.500000
vt 0.750000 0.500000
vt 0.750000 0.500000
vt 0.750000 0.500000
vt 0.750000 0.500000
vt 0.750000 0.500000
vt 0.750000 0.500000
vt 0.750000 0.500000
vt 0.750000 0.500000
vt 0.750000 0.500000
vt 0.750000 0.500000
vt 0.750000 0.500000
vt 0.750000 0.500000
vt 0.750000 0.500000
vt 0.750000 0.500000
vt 0.750000 0.500000
vt 0.750000 0.500000
vt 0.750000 0.500000
vt 0.750000 0.500000
vt 0.750000 0.500000
vt 0.750000 0.500000
vt 0.750000 0.500000
vt 0.750000 0.500000
vt 0.750000 0.500000
vt 0.750000 0.500000
vt 0.750000 0.500000
vt 0.750000 0.500000
vt 0.750000 0.500000
vt 0.750000 0.500000
vt 0.750000 0.500000
vt 0.750000 0.500000
vt 0.750000 0.500000
vt 0.750000 0.500000
vt 0.750000 0.500000
vt 0.750000 0.500000
vt 0.750000 0.500000
vt 0.750000 0.500000
vt 0.750000 0.500000
vt 0.750000 0.500000
vt 0.750000 0.500000
vt 0.750000 0.500000
vt 0.750000 0.500000
vt 0.750000 0.500000
vt 0.750000 0.500000
vt 0.750000 0.500000
vt 0.750000 0.500000
vt 0.750000 0.500000
vt 0.750000 0.500000
vt 0.750000 0.500000
vt 0.750000 0.500000
vt 0.750000 0.500000
vt 0.750000 0.500000
vt 0.750000 0.500000
vt 0.750000 0.500000
vt 0.750000 0.500000
vt 0.750000 0.500000
vt 0.750000 0.500000
vt 0.750000 0.500000
vt 0.750000 0.500000
vt 0.750000 0.500000
vt 0.750000 0.500000
vt 0.750000 0.500000
vt 0.750000 0.500000
vt 0.750000 0.500000
vt 0.750000 0.500000
vt 0.750000 0.500000
vt 0.750000 0.500000
vt 0.750000 0.500000
vt 0.750000 0.500000
vt 0.750000 0.500000
vt 0.750000 0.500000
vt 0.750000 0.500000
vt 0.750000 0.500000
vt 0.750000 0.500000
vt 0.750000 0.500000
vt 0.750000 0.500000
vt 0.750000 0.500000
vt 0.750000 0.500000
vt 0.750000 0.500000
vt 0.750000 0.500000
vt 0.750000 0.500000
vt 0.750000 0.500000
vt 0.750000 0.500000
vt 0.750000 0.500000
vt 0.750000 0.500000
vt 0.750000 0.500000
vt 0.750000 0.500000
vt 0.750000 0.500000
vt 0.750000 0.500000
vt 0.750000 0.500000
vt 0.750000 0.500000
vt 0.750000 0.500000
vt 0.750000 0.500000
vt 0.750000 0.500000
vt 0.750000 0.500000
vt 0.750000 0.500000
vt 0.750000 0.500000
vt 0.750000 0.500000
vt 0.750000 0.500000
vt 0.750000 0.500000
vt 0.750000 0.500000
vt 0.750000 0.500000
vt 0.750000 0.500000
vt 0.750000 0.500000
vt 0.750000 0.500000
vt 0.750000 0.500000
vt 0.750000 0.500000
vt 0.750000 0.500000
vt 0.750000 0.500000
vt 0.750000 0.500000
vt 0.750000 0.500000
vt 0.750000 0.500000
vt 0.750000 0.500000
vt 0.750000 0.500000
vt 0.750000 0.500000
vt 0.750000 0.500000
vt 0.750000 0.500000
vt 0.750000 0.500000
vt 0.750000 0.500000
vt 0.750000 0.500000
vt 0.750000 0.500000
vt 0.750000 0.500000
vt 0.750000 0.500000
vt 0.750000 0.500000
vt 0.750000 0.500000
vt 0.750000 0.500000
vt 0.750000 0.500000
vt 0.750000 0.500000
vt 0.750000 0.500000
vt 0.750000 0.500000
vt 0.750000 0.500000
vt 0.750000 0.500000
vt 0.750000 0.500000
vt 0.750000 0.500000
vt 0.750000 0.500000
vt 0.750000 0.500000
vt 0.750000 0.500000
vt 0.750000 0.500000
vt 0.750000 0.500000
vt 0.750000 0.500000
vt 0.750000 0.500000
vt 0.750000 0.500000
vt 0.750000 0.500000
vt 0.750000 0.500000
vt 0.750000 0.500000
vt 0.750000 0.500000
vt 0.750000 0.500000
vt 0.750000 0.500000
vt 0.750000 0.500000
vt 0.750000 0.500000
vt 0.750000 0.500000
vt 0.750000 0.500000
vt 0.750000 0.500000
vt 0.750000 0.500000
vt 0.750000 0.500000
vt 0.750000 0.500000
vt 0.750000 0.500000
vt 0.750000 0.500000
vt 0.750000 0.500000
vt 0.750000 0.500000
vt 0.750000 0.500000
vt 0.750000 0.500000
vt 0.750000 0.500000
vt 0.750000 0.500000
vt 0.750000 0.500000
vt 0.750000 0.500000
vt 0.750000 0.500000
vt 0.750000 0.500000
vt 0.750000 0.500000
vt 0.750000 0.500000
vt 0.750000 0.500000
vt 0.750000 0.500000
vt 0.750000 0.500000
vt 0.750000 0.500000
vt 0.750000 0.500000
vt 0.750000 0.500000
vt 0.750000 0.500000
vt 0.750000 0.500000
vt 0.750000 0.500000
vt 0.750000 0.500000
vt 0.750000 0.500000
vt 0.750000 0.500000
vt 0.750000 0.500000
vt 0.750000 0.500000
vt 0.750000 0.500000
vt 0.750000 0.500000
vt 0.750000 0.500000
vt 0.750000 0.500000
vt 0.750000 0.500000
vt 0.750000 0.500000
vt 0.750000 0.500000
vt 0.750000 0.500000
vt 0.750000 0.500000
vt 0.750000 0.500000
vt 0.750000 0.500000
vt 0.750000 0.500000
vt 0.750000 0.500000
vt 0.750000 0.500000
vt 0.750000 0.500000
vt 0.750000 0.500000
vt 0.750000 0.500000
vt 0.750000 0.500000
vt 0.750000 0.500000
vt 0.750000 0.500000
vt 0.750000 0.500000
vt 0.750000 0.500000
vt 0.750000 0.500000
vt 0.750000 0.500000
vt 0.750000 0.500000
vt 0.750000 0.500000
vt 0.750000 0.500000
vt 0.750000 0.500000
vt 0.750000 0.500000
vt 0.750000 0.500000
vt 0.750000 0.500000
vt 0.750000 0.500000
vt 0.750000 0.500000
vt 0.750000 0.500000
vt 0.750000 0.500000
vt 0.750000 0.500000
vt 0.750000 0.500000
vt 0.750000 0.500000
vt 0.750000 0.500000
vt 0.750000 0.500000
vt 0.750000 0.500000
vt 0.750000 0.500000
vt 0.750000 0.500000
vt 0.750000 0.500000
vt 0.750000 0.500000
vt 0.750000 0.500000
vt 0.750000 0.500000
vt 0.750000 0.500000
vt 0.750000 0.500000
vt 0.750000 0.500000
vt 0.750000 0.500000
vt 0.750000 0.500000
vt 0.750000 0.500000
vt 0.750000 0.500000
vt 0.750000 0.500000
vt 0.750000 0.500000
vt 0.750000 0.500000
vt 0.750000 0.500000
vt 0.750000 0.500000
vt 0.750000 0.500000
vt 0.750000 0.500000
vt 0.750000 0.500000
vt 0.750000 0.500000
vt 0.750000 0.500000
vt 0.750000 0.500000
vt 0.750000 0.500000
vt 0.750000 0.500000
vt 0.750000 0.500000
vt 0.750000 0.500000
vt 0.750000 0.500000
vt 0.750000 0.500000
vt 0.750000 0.500000
vt 0.750000 0.500000
vt 0.750000 0.500000
vt 0.750000 0.500000
vt 0.750000 0.500000
vt 0.750000 0.500000
vt 0.750000 0.500000
vt 0.750000 0.500000
vt 0.750000 0.500000
vt 0.750000 0.500000
vt 0.750000 0.500000
vt 0.750000 0.500000
vt 0.750000 0.500000
vt 0.750000 0.500000
vt 0.750000 0.500000
vt 0.750000 0.500000
vt 0.750000 0.500000
vt 0.750000 0.500000
vt 0.750000 0.500000
vt 0.750000 0.500000
vt 0.750000 0.500000
vt 0.750000 0.500000
vt 0.750000 0.500000
vt 0.750000 0.500000
vt 0.750000 0.500000
vt 0.750000 0.500000
vt 0.750000 0.500000
vt 0.750000 0.500000
vt 0.750000 0.500000
vt 0.750000 0.500000
vt 0.750000 0.500000
vt 0.750000 0.500000
vt 0.750000 0.500000
vt 0.750000 0.500000
vt 0.750000 0.500000
vt 0.750000 0.500000
vt 0.750000 0.500000
vt 0.750000 0.500000
vt 0.750000 0.500000
vt 0.750000 0.500000
vt 0.750000 0.500000
vt 0.750000 0.500000
vt 0.750000 0.500000
vt 0.750000 0.500000
vt 0.750000 0.500000
vt 0.750000 0.500000
vt 0.750000 0.500000
vt 0.750000 0.500000
vt 0.750000 0.500000
vt 0.750000 0.500000
vt 0.750000 0.500000
vt 0.750000 0.500000
vt 0.750000 0.500000
vt 0.750000 0.500000
vt 0.750000 0.500000
vt 0.750000 0.500000
vt 0.750000 0.500000
vt 0.750000 0.500000
vt 0.750000 0.500000
vt 0.750000 0.500000
vt 0.750000 0.500000
vt 0.750000 0.500000
vt 0.750000 0.500000
vt 0.750000 0.500000
vt 0.750000 0.500000
vt 0.750000 0.500000
vt 0.750000 0.500000
vt 0.750000 0.500000
vt 0.750000 0.500000
vt 0.750000 0.500000
vt 0.750000 0.500000
vt 0.750000 0.500000
vt 0.750000 0.500000
vt 0.750000 0.500000
vt 0.750000 0.500000
vt 0.750000 0.500000
vt 0.750000 0.500000
vt 0.750000 0.500000
vt 0.750000 0.500000
vt 0.750000 0.500000
vt 0.750000 0.500000
vt 0.750000 0.500000
vt 0.750000 0.500000
vt 0.750000 0.500000
vt 0.750000 0.500000
vt 0.750000 0.500000
vt 0.750000 0.500000
vt 0.750000 0.500000
vt 0.750000 0.500000
vt 0.750000 0.500000
vt 0.750000 0.500000
vt 0.750000 0.500000
vt 0.750000 0.500000
vt 0.750000 0.500000
vt 0.750000 0.500000
vt 0.750000 0.500000
vt 0.750000 0.500000
vt 0.750000 0.500000
vt 0.750000 0.500000
vt 0.750000 0.500000
vt 0.750000 0.500000
vt 0.750000 0.500000
vt 0.750000 0.500000
vt 0.750000 0.500000
vt 0.750000 0.500000
vt 0.750000 0.500000
vt 0.750000 0.500000
vt 0.750000 0.500000
vt 0.750000 0.500000
vt 0.750000 0.500000
vt 0.750000 0.500000
vt 0.750000 0.500000
vt 0.750000 0.500000
vt 0.750000 0.500000
vt 0.750000 0.500000
vt 0.750000 0.500000
vt 0.750000 0.500000
vt 0.750000 0.500000
vt 0.750000 0.500000
vt 0.750000 0.500000
vt 0.750000 0.500000
vt 0.750000 0.500000
vt 0.750000 0.500000
vt 0.750000 0.500000
vt 0.750000 0.500000
vt 0.750000 0.500000
vt 0.750000 0.500000
vt 0.750000 0.500000
vt 0.750000 0.500000
vt 0.750000 0.500000
vt 0.750000 0.500000
vt 0.750000 0.500000
vt 0.750000 0.500000
vt 0.750000 0.500000
vt 0.750000 0.500000
vt 0.750000 0.500000
vt 0.750000 0.500000
vt 0.750000 0.500000
vt 0.750000 0.500000
vt 0.750000 0.500000
vt 0.750000 0.500000
vt 0.750000 0.500000
vt 0.750000 0.500000
vt 0.750000 0.500000
vt 0.750000 0.500000
vt 0.750000 0.500000
vt 0.750000 0.500000
vt 0.750000 0.500000
vt 0.750000 0.500000
vt 0.750000 0.500000
vt 0.750000 0.500000
vt 0.750000 0.500000
vt 0.750000 0.500000
vt 0.750000 0.500000
vt 0.750000 0.500000
vt 0.750000 0.500000
f 1/1/1 2/1/1 4/1/1 3/1/1
f 5/2/2 6/2/2 8/2/2 7/2/2
f 9/3/3 10/3/3 12/3/3 11/3/3
f 11/4/4 5/4/4 7/4/4 9/4/4
f 6/5/5 12/5/5 10/5/5 8/5/5
f 13/6/2 14/6/2 16/6/2 15/6/2
f 17/7/3 18/7/3 20/7/3 19/7/3
f 19/8/4 13/8/4 15/8/4 17/8/4
f 14/9/5 20/9/5 18/9/5 16/9/5
f 21/10/2 22/10/2 24/10/2 23/10/2
f 25/11/3 26/11/3 28/11/3 27/11/3
f 27/12/4 21/12/4 23/12/4 25/12/4
f 22/13/5 28/13/5 26/13/5 24/13/5
f 29/14/2 30/14/2 32/14/2 31/14/2
f 33/15/3 34/15/3 36/15/3 35/15/3
f 35/16/4 29/16/4 31/16/4 33/16/4
f 30/17/5 36/17/5 34/17/5 32/17/5
f 37/18/1 38/18/1 40/18/1 39/18/1
f 41/19/1 42/19/1 44/19/1 43/19/1
f 45/20/1 46/20/1 48/20/1 47/20/1
f 49/21/1 50/21/1 52/21/1 51/21/1
f 53/22/1 54/22/1 56/22/1 55/22/1
f 57/23/2 58/23/2 60/23/2 59/23/2
f 61/24/3 62/24/3 64/24/3 63/24/3
f 63/25/4 57/25/4 59/25/4 61/25/4
f 58/26/5 64/26/5 62/26/5 60/26/5
f 65/27/2 66/27/2 68/27/2 67/27/2
f 69/28/3 70/28/3 72/28/3 71/28/3
f 71/29/4 65/29/4 67/29/4 69/29/4
f 66/30/5 72/30/5 70/30/5 68/30/5
f 73/31/2 74/31/2 76/31/2 75/31/2
f 77/32/3 78/32/3 80/32/3 79/32/3
f 79/33/4 73/33/4 75/33/4 77/33/4
f 74/34/5 80/34/5 78/34/5 76/34/5
f 81/35/2 82/35/2 84/35/2 83/35/2
f 85/36/3 86/36/3 88/36/3 87/36/3
f 87/37/4 81/37/4 83/37/4 85/37/4
f 82/38/5 88/38/5 86/38/5 84/38/5
f 89/39/1 90/39/1 92/39/1 91/39/1
f 93/40/1 94/40/1 96/40/1 95/40/1
f 97/41/1 98/41/1 100/41/1 99/41/1
f 101/42/2 102/42/2 104/42/2 103/42/2
f 105/43/3 106/43/3 108/43/3 107/43/3
f 107/44/4 101/44/4 103/44/4 105/44/4
f 102/45/5 108/45/5 106/45/5 104/45/5
f 109/46/2 110/46/2 112/46/2 111/46/2
f 113/47/3 114/47/3 116/47/3 115/47/3
f 115/48/4 109/48/4 111/48/4 113/48/4
f 110/49/5 116/49/5 114/49/5 112/49/5
f 117/50/2 118/50/2 120/50/2 119/50/2
f 121/51/3 122/51/3 124/51/3 123/51/3
f 123/52/4 117/52/4 119/52/4 121/52/4
f 118/53/5 124/53/5 122/53/5 120/53/5
f 125/54/2 126/54/2 128/54/2 127/54/2
f 129/55/3 130/55/3 132/55/3 131/55/3
f 131/56/4 125/56/4 127/56/4 129/56/4
f 126/57/5 132/57/5 130/57/5 128/57/5
f 133/58/1 134/58/1 136/58/1 135/58/1
f 137/59/1 138/59/1 140/59/1 139/59/1
f 141/60/1 142/60/1 144/60/1 143/60/1
f 145/61/2 146/61/2 148/61/2 147/61/2
f 149/62/3 150/62/3 152/62/3 151/62/3
f 151/63/4 145/63/4 147/63/4 149/63/4
f 146/64/5 152/64/5 150/64/5 148/64/5
f 153/65/2 154/65/2 156/65/2 155/65/2
f 157/66/3 158/66/3 160/66/3 159/66/3
f 159/67/4 153/67/4 155/67/4 157/67/4
f 154/68/5 160/68/5 158/68/5 156/68/5
f 161/69/2 162/69/2 164/69/2 163/69/2
f 165/70/3 166/70/3 168/70/3 167/70/3
f 167/71/4 161/71/4 163/71/4 165/71/4
f 162/72/5 168/72/5 166/72/5 164/72/5
f 169/73/2 170/73/2 172/73/2 171/73/2
f 173/74/3 174/74/3 176/74/3 175/74/3
f 175/75/4 169/75/4 171/75/4 173/75/4
f 170/76/5 176/76/5 174/76/5 172/76/5
f 177/77/1 178/77/1 180/77/1 179/77/1
f 181/78/1 182/78/1 184/78/1 183/78/1
f 185/79/1 186/79/1 188/79/1 187/79/1
f 189/80/2 190/80/2 192/80/2 191/80/2
f 193/81/3 194/81/3 196/81/3 195/81/3
f 195/82/4 189/82/4 191/82/4 193/82/4
f 190/83/5 196/83/5 194/83/5 192/83/5
f 197/84/2 198/84/2 200/84/2 199/84/2
f 201/85/3 202/85/3 204/85/3 203/85/3
f 203/86/4 197/86/4 199/86/4 201/86/4
f 198/87/5 204/87/5 202/87/5 200/87/5
f 205/88/2 206/88/2 208/88/2 207/88/2
f 209/89/3 210/89/3 212/89/3 211/89/3
f 211/90/4 205/90/4 207/90/4 209/90/4
f 206/91/5 212/91/5 210/91/5 208/91/5
f 213/92/2 214/92/2 216/92/2 215/92/2
f 217/93/3 218/93/3 220/93/3 219/93/3
f 219/94/4 213/94/4 215/94/4 217/94/4
f 214/95/5 220/95/5 218/95/5 216/95/5
f 221/96/1 222/96/1 224/96/1 223/96/1
f 225/97/1 226/97/1 228/97/1 227/97/1
f 229/98/2 230/98/2 232/98/2 231/98/2
f 233/99/3 234/99/3 236/99/3 235/99/3
f 235/100/4 229/100/4 231/100/4 233/100/4
f 230/101/5 236/101/5 234/101/5 232/101/5
f 237/102/1 238/102/1 240/102/1 239/102/1
f 241/103/2 242/103/2 244/103/2 243/103/2
f 245/104/3 246/104/3 248/104/3 247/104/3
f 247/105/4 241/105/4 243/105/4 245/105/4
f 242/106/5 248/106/5 246/106/5 244/106/5
f 249/107/1 250/107/1 252/107/1 251/107/1
f 253/108/1 254/108/1 256/108/1 255/108/1
f 257/109/1 258/109/1 260/109/1 259/109/1
f 261/110/1 262/110/1 264/110/1 263/110/1
f 265/111/1 266/111/1 268/111/1 267/111/1
f 269/112/1 270/112/1 272/112/1 271/112/1
f 273/113/2 274/113/2 276/113/2 275/113/2
f 277/114/3 278/114/3 280/114/3 279/114/3
f 279/115/4 273/115/4 275/115/4 277/115/4
f 274/116/5 280/116/5 278/116/5 276/116/5
f 281/117/1 282/117/1 284/117/1 283/117/1
f 285/118/2 286/118/2 288/118/2 287/118/2
f 289/119/3 290/119/3 292/119/3 291/119/3
f 291/120/4 285/120/4 287/120/4 289/120/4
f 286/121/5 292/121/5 290/121/5 288/121/5
f 293/122/2 294/122/2 296/122/2 295/122/2
f 297/123/3 298/123/3 300/123/3 299/123/3
f 299/124/4 293/124/4 295/124/4 297/124/4
f 294/125/5 300/125/5 298/125/5 296/125/5
f 301/126/2 302/126/2 304/126/2 303/126/2
f 305/127/3 306/127/3 308/127/3 307/127/3
f 307/128/4 301/128/4 303/128/4 305/128/4
f 302/129/5 308/129/5 306/129/5 304/129/5
f 309/130/2 310/130/2 312/130/2 311/130/2
f 313/131/3 314/131/3 316/131/3 315/131/3
f 315/132/4 309/132/4 311/132/4 313/132/4
f 310/133/5 316/133/5 314/133/5 312/133/5
f 317/134/2 318/134/2 320/134/2 319/134/2
f 321/135/3 322/135/3 324/135/3 323/135/3
f 323/136/4 317/136/4 319/136/4 321/136/4
f 318/137/5 324/137/5 322/137/5 320/137/5
f 325/138/1 326/138/1 328/138/1 327/138/1
f 329/139/1 330/139/1 332/139/1 331/139/1
f 333/140/2 334/140/2 336/140/2 335/140/2
f 337/141/3 338/141/3 340/141/3 339/141/3
f 339/142/4 333/142/4 335/142/4 337/142/4
f 334/143/5 340/143/5 338/143/5 336/143/5
f 341/144/2 342/144/2 344/144/2 343/144/2
f 345/145/3 346/145/3 348/145/3 347/145/3
f 347/146/4 341/146/4 343/146/4 345/146/4
f 342/147/5 348/147/5 346/147/5 344/147/5
f 349/148/2 350/148/2 352/148/2 351/148/2
f 353/149/3 354/149/3 356/149/3 355/149/3
f 355/150/4 349/150/4 351/150/4 353/150/4
f 350/151/5 356/151/5 354/151/5 352/151/5
f 357/152/2 358/152/2 360/152/2 359/152/2
f 361/153/3 362/153/3 364/153/3 363/153/3
f 363/154/4 357/154/4 359/154/4 361/154/4
f 358/155/5 364/155/5 362/155/5 360/155/5
f 365/156/2 366/156/2 368/156/2 367/156/2
f 369/157/3 370/157/3 372/157/3 371/157/3
f 371/158/4 365/158/4 367/158/4 369/158/4
f 366/159/5 372/159/5 370/159/5 368/159/5
f 373/160/2 374/160/2 376/160/2 375/160/2
f 377/161/3 378/161/3 380/161/3 379/161/3
f 379/162/4 373/162/4 375/162/4 377/162/4
f 374/163/5 380/163/5 378/163/5 376/163/5
f 381/164/2 382/164/2 384/164/2 383/164/2
f 385/165/3 386/165/3 388/165/3 387/165/3
f 387/166/4 381/166/4 383/166/4 385/166/4
f 382/167/5 388/167/5 386/167/5 384/167/5
f 389/168/2 390/168/2 392/168/2 391/168/2
f 393/169/3 394/169/3 396/169/3 395/169/3
f 395/170/4 389/170/4 391/170/4 393/170/4
f 390/171/5 396/171/5 394/171/5 392/171/5
f 397/172/2 398/172/2 400/172/2 399/172/2
f 401/173/3 402/173/3 404/173/3 403/173/3
f 403/174/4 397/174/4 399/174/4 401/174/4
f 398/175/5 404/175/5 402/175/5 400/175/5
f 405/176/2 406/176/2 408/176/2 407/176/2
f 409/177/3 410/177/3 412/177/3 411/177/3
f 411/178/4 405/178/4 407/178/4 409/178/4
f 406/179/5 412/179/5 410/179/5 408/179/5
f 413/180/2 414/180/2 416/180/2 415/180/2
f 417/181/3 418/181/3 420/181/3 419/181/3
f 419/182/4 413/182/4 415/182/4 417/182/4
f 414/183/5 420/183/5 418/183/5 416/183/5
f 421/184/2 422/184/2 424/184/2 423/184/2
f 425/185/3 426/185/3 428/185/3 427/185/3
f 427/186/4 421/186/4 423/186/4 425/186/4
f 422/187/5 428/187/5 426/187/5 424/187/5
f 429/188/1 430/188/1 432/188/1 431/188/1
f 433/189/1 434/189/1 436/189/1 435/189/1
f 437/190/1 438/190/1 440/190/1 439/190/1
f 448/191/6 449/191/6 442/191/6 441/191/6
f 449/192/7 450/192/7 443/192/7 442/192/7
f 450/193/8 451/193/8 444/193/8 443/193/8
f 451/194/4 452/194/4 445/194/4 444/194/4
f 452/195/9 453/195/9 446/195/9 445/195/9
f 453/196/10 454/196/10 447/196/10 446/196/10
f 454/197/11 448/197/11 441/197/11 447/197/11
f 456/198/1 455/198/1 452/198/1 451/198/1
f 457/199/1 456/199/1 451/199/1 450/199/1
f 458/200/1 457/200/1 450/200/1 449/200/1
f 459/201/1 458/201/1 449/201/1 448/201/1
f 460/202/1 459/202/1 448/202/1 454/202/1
f 461/203/1 460/203/1 454/203/1 453/203/1
f 455/204/1 461/204/1 453/204/1 452/204/1
f 463/205/5 462/205/5 455/205/5 456/205/5
f 464/206/12 463/206/12 456/206/12 457/206/12
f 465/207/13 464/207/13 457/207/13 458/207/13
f 466/208/14 465/208/14 458/208/14 459/208/14
f 467/209/15 466/209/15 459/209/15 460/209/15
f 468/210/16 467/210/16 460/210/16 461/210/16
f 462/211/17 468/211/17 461/211/17 455/211/17
f 476/212/6 477/212/6 470/212/6 469/212/6
f 477/213/7 478/213/7 471/213/7 470/213/7
f 478/214/8 479/214/8 472/214/8 471/214/8
f 479/215/4 480/215/4 473/215/4 472/215/4
f 480/216/9 481/216/9 474/216/9 473/216/9
f 481/217/10 482/217/10 475/217/10 474/217/10
f 482/218/11 476/218/11 469/218/11 475/218/11
f 484/219/1 483/219/1 480/219/1 479/219/1
f 485/220/1 484/220/1 479/220/1 478/220/1
f 486/221/1 485/221/1 478/221/1 477/221/1
f 487/222/1 486/222/1 477/222/1 476/222/1
f 488/223/1 487/223/1 476/223/1 482/223/1
f 489/224/1 488/224/1 482/224/1 481/224/1
f 483/225/1 489/225/1 481/225/1 480/225/1
f 491/226/5 490/226/5 483/226/5 484/226/5
f 492/227/12 491/227/12 484/227/12 485/227/12
f 493/228/13 492/228/13 485/228/13 486/228/13
f 494/229/14 493/229/14 486/229/14 487/229/14
f 495/230/15 494/230/15 487/230/15 488/230/15
f 496/231/16 495/231/16 488/231/16 489/231/16
f 490/232/17 496/232/17 489/232/17 483/232/17
f 504/233/6 505/233/6 498/233/6 497/233/6
f 505/234/7 506/234/7 499/234/7 498/234/7
f 506/235/8 507/235/8 500/235/8 499/235/8
f 507/236/4 508/236/4 501/236/4 500/236/4
f 508/237/9 509/237/9 502/237/9 501/237/9
f 509/238/10 510/238/10 503/238/10 502/238/10
f 510/239/11 504/239/11 497/239/11 503/239/11
f 512/240/1 511/240/1 508/240/1 507/240/1
f 513/241/1 512/241/1 507/241/1 506/241/1
f 514/242/1 513/242/1 506/242/1 505/242/1
f 515/243/1 514/243/1 505/243/1 504/243/1
f 516/244/1 515/244/1 504/244/1 510/244/1
f 517/245/1 516/245/1 510/245/1 509/245/1
f 511/246/1 517/246/1 509/246/1 508/246/1
f 519/247/5 518/247/5 511/247/5 512/247/5
f 520/248/12 519/248/12 512/248/12 513/248/12
f 521/249/13 520/249/13 513/249/13 514/249/13
f 522/250/14 521/250/14 514/250/14 515/250/14
f 523/251/15 522/251/15 515/251/15 516/251/15
f 524/252/16 523/252/16 516/252/16 517/252/16
f 518/253/17 524/253/17 517/253/17 511/253/17
f 532/254/6 533/254/6 526/254/6 525/254/6
f 533/255/7 534/255/7 527/255/7 526/255/7
f 534/256/8 535/256/8 528/256/8 527/256/8
f 535/257/4 536/257/4 529/257/4 528/257/4
f 536/258/9 537/258/9 530/258/9 529/258/9
f 537/259/10 538/259/10 531/259/10 530/259/10
f 538/260/11 532/260/11 525/260/11 531/260/11
f 540/261/1 539/261/1 536/261/1 535/261/1
f 541/262/1 540/262/1 535/262/1 534/262/1
f 542/263/1 541/263/1 534/263/1 533/263/1
f 543/264/1 542/264/1 533/264/1 532/264/1
f 544/265/1 543/265/1 532/265/1 538/265/1
f 545/266/1 544/266/1 538/266/1 537/266/1
f 539/267/1 545/267/1 537/267/1 536/267/1
f 547/268/5 546/268/5 539/268/5 540/268/5
f 548/269/12 547/269/12 540/269/12 541/269/12
f 549/270/13 548/270/13 541/270/13 542/270/13
f 550/271/14 549/271/14 542/271/14 543/271/14
f 551/272/15 550/272/15 543/272/15 544/272/15
f 552/273/16 551/273/16 544/273/16 545/273/16
f 546/274/17 552/274/17 545/274/17 539/274/17
f 560/275/6 561/275/6 554/275/6 553/275/6
f 561/276/7 562/276/7 555/276/7 554/276/7
f 562/277/8 563/277/8 556/277/8 555/277/8
f 563/278/4 564/278/4 557/278/4 556/278/4
f 564/279/9 565/279/9 558/279/9 557/279/9
f 565/280/10 566/280/10 559/280/10 558/280/10
f 566/281/11 560/281/11 553/281/11 559/281/11
f 568/282/1 567/282/1 564/282/1 563/282/1
f 569/283/1 568/283/1 563/283/1 562/283/1
f 570/284/1 569/284/1 562/284/1 561/284/1
f 571/285/1 570/285/1 561/285/1 560/285/1
f 572/286/1 571/286/1 560/286/1 566/286/1
f 573/287/1 572/287/1 566/287/1 565/287/1
f 567/288/1 573/288/1 565/288/1 564/288/1
f 575/289/5 574/289/5 567/289/5 568/289/5
f 576/290/12 575/290/12 568/290/12 569/290/12
f 577/291/13 576/291/13 569/291/13 570/291/13
f 578/292/14 577/292/14 570/292/14 571/292/14
f 579/293/15 578/293/15 571/293/15 572/293/15
f 580/294/16 579/294/16 572/294/16 573/294/16
f 574/295/17 580/295/17 573/295/17 567/295/17
f 588/296/6 589/296/6 582/296/6 581/296/6
f 589/297/18 590/297/18 583/297/18 582/297/18
f 590/298/19 591/298/19 584/298/19 583/298/19
f 591/299/4 592/299/4 585/299/4 584/299/4
f 592/300/20 593/300/20 586/300/20 585/300/20
f 593/301/21 594/301/21 587/301/21 586/301/21
f 594/302/11 588/302/11 581/302/11 587/302/11
f 596/303/1 595/303/1 592/303/1 591/303/1
f 597/304/1 596/304/1 591/304/1 590/304/1
f 598/305/1 597/305/1 590/305/1 589/305/1
f 599/306/1 598/306/1 589/306/1 588/306/1
f 600/307/1 599/307/1 588/307/1 594/307/1
f 601/308/1 600/308/1 594/308/1 593/308/1
f 595/309/1 601/309/1 593/309/1 592/309/1
f 603/310/5 602/310/5 595/310/5 596/310/5
f 604/311/12 603/311/12 596/311/12 597/311/12
f 605/312/13 604/312/13 597/312/13 598/312/13
f 606/313/14 605/313/14 598/313/14 599/313/14
f 607/314/15 606/314/15 599/314/15 600/314/15
f 608/315/22 607/315/22 600/315/22 601/315/22
f 602/316/17 608/316/17 601/316/17 595/316/17
f 616/317/6 617/317/6 610/317/6 609/317/6
f 617/318/18 618/318/18 611/318/18 610/318/18
f 618/319/19 619/319/19 612/319/19 611/319/19
f 619/320/4 620/320/4 613/320/4 612/320/4
f 620/321/20 621/321/20 614/321/20 613/321/20
f 621/322/21 622/322/21 615/322/21 614/322/21
f 622/323/11 616/323/11 609/323/11 615/323/11
f 624/324/1 623/324/1 620/324/1 619/324/1
f 625/325/1 624/325/1 619/325/1 618/325/1
f 626/326/1 625/326/1 618/326/1 617/326/1
f 627/327/1 626/327/1 617/327/1 616/327/1
f 628/328/1 627/328/1 616/328/1 622/328/1
f 629/329/1 628/329/1 622/329/1 621/329/1
f 623/330/1 629/330/1 621/330/1 620/330/1
f 631/331/5 630/331/5 623/331/5 624/331/5
f 632/332/23 631/332/23 624/332/23 625/332/23
f 633/333/24 632/333/24 625/333/24 626/333/24
f 634/334/14 633/334/14 626/334/14 627/334/14
f 635/335/15 634/335/15 627/335/15 628/335/15
f 636/336/22 635/336/22 628/336/22 629/336/22
f 630/337/25 636/337/25 629/337/25 623/337/25
f 644/338/6 645/338/6 638/338/6 637/338/6
f 645/339/18 646/339/18 639/339/18 638/339/18
f 646/340/19 647/340/19 640/340/19 639/340/19
f 647/341/4 648/341/4 641/341/4 640/341/4
f 648/342/20 649/342/20 642/342/20 641/342/20
f 649/343/21 650/343/21 643/343/21 642/343/21
f 650/344/11 644/344/11 637/344/11 643/344/11
f 652/345/1 651/345/1 648/345/1 647/345/1
f 653/346/1 652/346/1 647/346/1 646/346/1
f 654/347/1 653/347/1 646/347/1 645/347/1
f 655/348/1 654/348/1 645/348/1 644/348/1
f 656/349/1 655/349/1 644/349/1 650/349/1
f 657/350/1 656/350/1 650/350/1 649/350/1
f 651/351/1 657/351/1 649/351/1 648/351/1
f 659/352/5 658/352/5 651/352/5 652/352/5
f 660/353/23 659/353/23 652/353/23 653/353/23
f 661/354/24 660/354/24 653/354/24 654/354/24
f 662/355/14 661/355/14 654/355/14 655/355/14
f 663/356/15 662/356/15 655/356/15 656/356/15
f 664/357/22 663/357/22 656/357/22 657/357/22
f 658/358/25 664/358/25 657/358/25 651/358/25
f 672/359/6 673/359/6 666/359/6 665/359/6
f 673/360/18 674/360/18 667/360/18 666/360/18
f 674/361/19 675/361/19 668/361/19 667/361/19
f 675/362/4 676/362/4 669/362/4 668/362/4
f 676/363/20 677/363/20 670/363/20 669/363/20
f 677/364/21 678/364/21 671/364/21 670/364/21
f 678/365/11 672/365/11 665/365/11 671/365/11
f 680/366/1 679/366/1 676/366/1 675/366/1
f 681/367/1 680/367/1 675/367/1 674/367/1
f 682/368/1 681/368/1 674/368/1 673/368/1
f 683/369/1 682/369/1 673/369/1 672/369/1
f 684/370/1 683/370/1 672/370/1 678/370/1
f 685/371/1 684/371/1 678/371/1 677/371/1
f 679/372/1 685/372/1 677/372/1 676/372/1
f 687/373/5 686/373/5 679/373/5 680/373/5
f 688/374/23 687/374/23 680/374/23 681/374/23
f 689/375/24 688/375/24 681/375/24 682/375/24
f 690/376/14 689/376/14 682/376/14 683/376/14
f 691/377/15 690/377/15 683/377/15 684/377/15
f 692/378/22 691/378/22 684/378/22 685/378/22
f 686/379/25 692/379/25 685/379/25 679/379/25
f 700/380/6 701/380/6 694/380/6 693/380/6
f 701/381/18 702/381/18 695/381/18 694/381/18
f 702/382/19 703/382/19 696/382/19 695/382/19
f 703/383/4 704/383/4 697/383/4 696/383/4
f 704/384/20 705/384/20 698/384/20 697/384/20
f 705/385/21 706/385/21 699/385/21 698/385/21
f 706/386/11 700/386/11 693/386/11 699/386/11
f 708/387/1 707/387/1 704/387/1 703/387/1
f 709/388/1 708/388/1 703/388/1 702/388/1
f 710/389/1 709/389/1 702/389/1 701/389/1
f 711/390/1 710/390/1 701/390/1 700/390/1
f 712/391/1 711/391/1 700/391/1 706/391/1
f 713/392/1 712/392/1 706/392/1 705/392/1
f 707/393/1 713/393/1 705/393/1 704/393/1
f 715/394/5 714/394/5 707/394/5 708/394/5
f 716/395/23 715/395/23 708/395/23 709/395/23
f 717/396/24 716/396/24 709/396/24 710/396/24
f 718/397/14 717/397/14 710/397/14 711/397/14
f 719/398/15 718/398/15 711/398/15 712/398/15
f 720/399/22 719/399/22 712/399/22 713/399/22
f 714/400/25 720/400/25 713/400/25 707/400/25
f 728/401/6 729/401/6 722/401/6 721/401/6
f 729/402/18 730/402/18 723/402/18 722/402/18
f 730/403/19 731/403/19 724/403/19 723/403/19
f 731/404/4 732/404/4 725/404/4 724/404/4
f 732/405/20 733/405/20 726/405/20 725/405/20
f 733/406/21 734/406/21 727/406/21 726/406/21
f 734/407/11 728/407/11 721/407/11 727/407/11
f 736/408/1 735/408/1 732/408/1 731/408/1
f 737/409/1 736/409/1 731/409/1 730/409/1
f 738/410/1 737/410/1 730/410/1 729/410/1
f 739/411/1 738/411/1 729/411/1 728/411/1
f 740/412/1 739/412/1 728/412/1 734/412/1
f 741/413/1 740/413/1 734/413/1 733/413/1
f 735/414/1 741/414/1 733/414/1 732/414/1
f 743/415/5 742/415/5 735/415/5 736/415/5
f 744/416/23 743/416/23 736/416/23 737/416/23
f 745/417/24 744/417/24 737/417/24 738/417/24
f 746/418/14 745/418/14 738/418/14 739/418/14
f 747/419/15 746/419/15 739/419/15 740/419/15
f 748/420/22 747/420/22 740/420/22 741/420/22
f 742/421/25 748/421/25 741/421/25 735/421/25
f 756/422/6 757/422/6 750/422/6 749/422/6
f 757/423/18 758/423/18 751/423/18 750/423/18
f 758/424/19 759/424/19 752/424/19 751/424/19
f 759/425/4 760/425/4 753/425/4 752/425/4
f 760/426/20 761/426/20 754/426/20 753/426/20
f 761/427/21 762/427/21 755/427/21 754/427/21
f 762/428/11 756/428/11 749/428/11 755/428/11
f 764/429/1 763/429/1 760/429/1 759/429/1
f 765/430/1 764/430/1 759/430/1 758/430/1
f 766/431/1 765/431/1 758/431/1 757/431/1
f 767/432/1 766/432/1 757/432/1 756/432/1
f 768/433/1 767/433/1 756/433/1 762/433/1
f 769/434/1 768/434/1 762/434/1 761/434/1
f 763/435/1 769/435/1 761/435/1 760/435/1
f 771/436/5 770/436/5 763/436/5 764/436/5
f 772/437/23 771/437/23 764/437/23 765/437/23
f 773/438/24 772/438/24 765/438/24 766/438/24
f 774/439/14 773/439/14 766/439/14 767/439/14
f 775/440/15 774/440/15 767/440/15 768/440/15
f 776/441/22 775/441/22 768/441/22 769/441/22
f 770/442/25 776/442/25 769/442/25 763/442/25
f 784/443/6 785/443/6 778/443/6 777/443/6
f 785/444/18 786/444/18 779/444/18 778/444/18
f 786/445/19 787/445/19 780/445/19 779/445/19
f 787/446/4 788/446/4 781/446/4 780/446/4
f 788/447/20 789/447/20 782/447/20 781/447/20
f 789/448/21 790/448/21 783/448/21 782/448/21
f 790/449/11 784/449/11 777/449/11 783/449/11
f 792/450/1 791/450/1 788/450/1 787/450/1
f 793/451/1 792/451/1 787/451/1 786/451/1
f 794/452/1 793/452/1 786/452/1 785/452/1
f 795/453/1 794/453/1 785/453/1 784/453/1
f 796/454/1 795/454/1 784/454/1 790/454/1
f 797/455/1 796/455/1 790/455/1 789/455/1
f 791/456/1 797/456/1 789/456/1 788/456/1
f 799/457/5 798/457/5 791/457/5 792/457/5
f 800/458/12 799/458/12 792/458/12 793/458/12
f 801/459/13 800/459/13 793/459/13 794/459/13
f 802/460/14 801/460/14 794/460/14 795/460/14
f 803/461/15 802/461/15 795/461/15 796/461/15
f 804/462/16 803/462/16 796/462/16 797/462/16
f 798/463/17 804/463/17 797/463/17 791/463/17
f 812/464/6 813/464/6 806/464/6 805/464/6
f 813/465/18 814/465/18 807/465/18 806/465/18
f 814/466/19 815/466/19 808/466/19 807/466/19
f 815/467/4 816/467/4 809/467/4 808/467/4
f 816/468/20 817/468/20 810/468/20 809/468/20
f 817/469/21 818/469/21 811/469/21 810/469/21
f 818/470/11 812/470/11 805/470/11 811/470/11
f 820/471/1 819/471/1 816/471/1 815/471/1
f 821/472/1 820/472/1 815/472/1 814/472/1
f 822/473/1 821/473/1 814/473/1 813/473/1
f 823/474/1 822/474/1 813/474/1 812/474/1
f 824/475/1 823/475/1 812/475/1 818/475/1
f 825/476/1 824/476/1 818/476/1 817/476/1
f 819/477/1 825/477/1 817/477/1 816/477/1
f 827/478/5 826/478/5 819/478/5 820/478/5
f 828/479/12 827/479/12 820/479/12 821/479/12
f 829/480/13 828/480/13 821/480/13 822/480/13
f 830/481/14 829/481/14 822/481/14 823/481/14
f 831/482/15 830/482/15 823/482/15 824/482/15
f 832/483/22 831/483/22 824/483/22 825/483/22
f 826/484/17 832/484/17 825/484/17 819/484/17
f 840/485/6 841/485/6 834/485/6 833/485/6
f 841/486/18 842/486/18 835/486/18 834/486/18
f 842/487/19 843/487/19 836/487/19 835/487/19
f 843/488/4 844/488/4 837/488/4 836/488/4
f 844/489/20 845/489/20 838/489/20 837/489/20
f 845/490/21 846/490/21 839/490/21 838/490/21
f 846/491/11 840/491/11 833/491/11 839/491/11
f 848/492/1 847/492/1 844/492/1 843/492/1
f 849/493/1 848/493/1 843/493/1 842/493/1
f 850/494/1 849/494/1 842/494/1 841/494/1
f 851/495/1 850/495/1 841/495/1 840/495/1
f 852/496/1 851/496/1 840/496/1 846/496/1
f 853/497/1 852/497/1 846/497/1 845/497/1
f 847/498/1 853/498/1 845/498/1 844/498/1
f 855/499/5 854/499/5 847/499/5 848/499/5
f 856/500/12 855/500/12 848/500/12 849/500/12
f 857/501/13 856/501/13 849/501/13 850/501/13
f 858/502/14 857/502/14 850/502/14 851/502/14
f 859/503/15 858/503/15 851/503/15 852/503/15
f 860/504/16 859/504/16 852/504/16 853/504/16
f 854/505/17 860/505/17 853/505/17 847/505/17
f 868/506/6 869/506/6 862/506/6 861/506/6
f 869/507/18 870/507/18 863/507/18 862/507/18
f 870/508/19 871/508/19 864/508/19 863/508/19
f 871/509/4 872/509/4 865/509/4 864/509/4
f 872/510/20 873/510/20 866/510/20 865/510/20
f 873/511/21 874/511/21 867/511/21 866/511/21
f 874/512/11 868/512/11 861/512/11 867/512/11
f 876/513/1 875/513/1 872/513/1 871/513/1
f 877/514/1 876/514/1 871/514/1 870/514/1
f 878/515/1 877/515/1 870/515/1 869/515/1
f 879/516/1 878/516/1 869/516/1 868/516/1
f 880/517/1 879/517/1 868/517/1 874/517/1
f 881/518/1 880/518/1 874/518/1 873/518/1
f 875/519/1 881/519/1 873/519/1 872/519/1
f 883/520/5 882/520/5 875/520/5 876/520/5
f 884/521/12 883/521/12 876/521/12 877/521/12
f 885/522/13 884/522/13 877/522/13 878/522/13
f 886/523/14 885/523/14 878/523/14 879/523/14
f 887/524/15 886/524/15 879/524/15 880/524/15
f 888/525/16 887/525/16 880/525/16 881/525/16
f 882/526/17 888/526/17 881/526/17 875/526/17
f 896/527/6 897/527/6 890/527/6 889/527/6
f 897/528/18 898/528/18 891/528/18 890/528/18
f 898/529/19 899/529/19 892/529/19 891/529/19
f 899/530/4 900/530/4 893/530/4 892/530/4
f 900/531/20 901/531/20 894/531/20 893/531/20
f 901/532/21 902/532/21 895/532/21 894/532/21
f 902/533/11 896/533/11 889/533/11 895/533/11
f 904/534/1 903/534/1 900/534/1 899/534/1
f 905/535/1 904/535/1 899/535/1 898/535/1
f 906/536/1 905/536/1 898/536/1 897/536/1
f 907/537/1 906/537/1 897/537/1 896/537/1
f 908/538/1 907/538/1 896/538/1 902/538/1
f 909/539/1 908/539/1 902/539/1 901/539/1
f 903/540/1 909/540/1 901/540/1 900/540/1
f 911/541/5 910/541/5 903/541/5 904/541/5
f 912/542/12 911/542/12 904/542/12 905/542/12
f 913/543/13 912/543/13 905/543/13 906/543/13
f 914/544/14 913/544/14 906/544/14 907/544/14
f 915/545/15 914/545/15 907/545/15 908/545/15
f 916/546/22 915/546/22 908/546/22 909/546/22
f 910/547/17 916/547/17 909/547/17 903/547/17
f 924/548/6 925/548/6 918/548/6 917/548/6
f 925/549/18 926/549/18 919/549/18 918/549/18
f 926/550/19 927/550/19 920/550/19 919/550/19
f 927/551/4 928/551/4 921/551/4 920/551/4
f 928/552/20 929/552/20 922/552/20 921/552/20
f 929/553/21 930/553/21 923/553/21 922/553/21
f 930/554/11 924/554/11 917/554/11 923/554/11
f 932/555/1 931/555/1 928/555/1 927/555/1
f 933/556/1 932/556/1 927/556/1 926/556/1
f 934/557/1 933/557/1 926/557/1 925/557/1
f 935/558/1 934/558/1 925/558/1 924/558/1
f 936/559/1 935/559/1 924/559/1 930/559/1
f 937/560/1 936/560/1 930/560/1 929/560/1
f 931/561/1 937/561/1 929/561/1 928/561/1
f 939/562/5 938/562/5 931/562/5 932/562/5
f 940/563/12 939/563/12 932/563/12 933/563/12
f 941/564/13 940/564/13 933/564/13 934/564/13
f 942/565/14 941/565/14 934/565/14 935/565/14
f 943/566/15 942/566/15 935/566/15 936/566/15
f 944/567/22 943/567/22 936/567/22 937/567/22
f 938/568/17 944/568/17 937/568/17 931/568/17
f 952/569/6 953/569/6 946/569/6 945/569/6
f 953/570/18 954/570/18 947/570/18 946/570/18
f 954/571/19 955/571/19 948/571/19 947/571/19
f 955/572/4 956/572/4 949/572/4 948/572/4
f 956/573/20 957/573/20 950/573/20 949/573/20
f 957/574/21 958/574/21 951/574/21 950/574/21
f 958/575/11 952/575/11 945/575/11 951/575/11
f 960/576/1 959/576/1 956/576/1 955/576/1
f 961/577/1 960/577/1 955/577/1 954/577/1
f 962/578/1 961/578/1 954/578/1 953/578/1
f 963/579/1 962/579/1 953/579/1 952/579/1
f 964/580/1 963/580/1 952/580/1 958/580/1
f 965/581/1 964/581/1 958/581/1 957/581/1
f 959/582/1 965/582/1 957/582/1 956/582/1
f 967/583/5 966/583/5 959/583/5 960/583/5
f 968/584/12 967/584/12 960/584/12 961/584/12
f 969/585/13 968/585/13 961/585/13 962/585/13
f 970/586/14 969/586/14 962/586/14 963/586/14
f 971/587/15 970/587/15 963/587/15 964/587/15
f 972/588/22 971/588/22 964/588/22 965/588/22
f 966/589/25 972/589/25 965/589/25 959/589/25
f 980/590/6 981/590/6 974/590/6 973/590/6
f 981/591/7 982/591/7 975/591/7 974/591/7
f 982/592/8 983/592/8 976/592/8 975/592/8
f 983/593/4 984/593/4 977/593/4 976/593/4
f 984/594/9 985/594/9 978/594/9 977/594/9
f 985/595/10 986/595/10 979/595/10 978/595/10
f 986/596/11 980/596/11 973/596/11 979/596/11
f 988/597/1 987/597/1 984/597/1 983/597/1
f 989/598/1 988/598/1 983/598/1 982/598/1
f 990/599/1 989/599/1 982/599/1 981/599/1
f 991/600/1 990/600/1 981/600/1 980/600/1
f 992/601/1 991/601/1 980/601/1 986/601/1
f 993/602/1 992/602/1 986/602/1 985/602/1
f 987/603/1 993/603/1 985/603/1 984/603/1
f 995/604/5 994/604/5 987/604/5 988/604/5
f 996/605/12 995/605/12 988/605/12 989/605/12
f 997/606/13 996/606/13 989/606/13 990/606/13
f 998/607/14 997/607/14 990/607/14 991/607/14
f 999/608/15 998/608/15 991/608/15 992/608/15
f 1000/609/22 999/609/22 992/609/22 993/609/22
f 994/610/25 1000/610/25 993/610/25 987/610/25
f 1008/611/6 1009/611/6 1002/611/6 1001/611/6
f 1009/612/7 1010/612/7 1003/612/7 1002/612/7
f 1010/613/8 1011/613/8 1004/613/8 1003/613/8
f 1011/614/4 1012/614/4 1005/614/4 1004/614/4
f 1012/615/9 1013/615/9 1006/615/9 1005/615/9
f 1013/616/10 1014/616/10 1007/616/10 1006/616/10
f 1014/617/11 1008/617/11 1001/617/11 1007/617/11
f 1016/618/1 1015/618/1 1012/618/1 1011/618/1
f 1017/619/1 1016/619/1 1011/619/1 1010/619/1
f 1018/620/1 1017/620/1 1010/620/1 1009/620/1
f 1019/621/1 1018/621/1 1009/621/1 1008/621/1
f 1020/622/1 1019/622/1 1008/622/1 1014/622/1
f 1021/623/1 1020/623/1 1014/623/1 1013/623/1
f 1015/624/1 1021/624/1 1013/624/1 1012/624/1
f 1023/625/5 1022/625/5 1015/625/5 1016/625/5
f 1024/626/12 1023/626/12 1016/626/12 1017/626/12
f 1025/627/13 1024/627/13 1017/627/13 1018/627/13
f 1026/628/14 1025/628/14 1018/628/14 1019/628/14
f 1027/629/15 1026/629/15 1019/629/15 1020/629/15
f 1028/630/22 1027/630/22 1020/630/22 1021/630/22
f 1022/631/25 1028/631/25 1021/631/25 1015/631/25
f 1036/632/6 1037/632/6 1030/632/6 1029/632/6
f 1037/633/7 1038/633/7 1031/633/7 1030/633/7
f 1038/634/8 1039/634/8 1032/634/8 1031/634/8
f 1039/635/4 1040/635/4 1033/635/4 1032/635/4
f 1040/636/9 1041/636/9 1034/636/9 1033/636/9
f 1041/637/10 1042/637/10 1035/637/10 1034/637/10
f 1042/638/11 1036/638/11 1029/638/11 1035/638/11
f 1044/639/1 1043/639/1 1040/639/1 1039/639/1
f 1045/640/1 1044/640/1 1039/640/1 1038/640/1
f 1046/641/1 1045/641/1 1038/641/1 1037/641/1
f 1047/642/1 1046/642/1 1037/642/1 1036/642/1
f 1048/643/1 1047/643/1 1036/643/1 1042/643/1
f 1049/644/1 1048/644/1 1042/644/1 1041/644/1
f 1043/645/1 1049/645/1 1041/645/1 1040/645/1
f 1051/646/5 1050/646/5 1043/646/5 1044/646/5
f 1052/647/12 1051/647/12 1044/647/12 1045/647/12
f 1053/648/13 1052/648/13 1045/648/13 1046/648/13
f 1054/649/14 1053/649/14 1046/649/14 1047/649/14
f 1055/650/15 1054/650/15 1047/650/15 1048/650/15
f 1056/651/22 1055/651/22 1048/651/22 1049/651/22
f 1050/652/25 1056/652/25 1049/652/25 1043/652/25
f 1064/653/26 1065/653/26 1058/653/26 1057/653/26
f 1065/654/7 1066/654/7 1059/654/7 1058/654/7
f 1066/655/8 1067/655/8 1060/655/8 1059/655/8
f 1067/656/4 1068/656/4 1061/656/4 1060/656/4
f 1068/657/9 1069/657/9 1062/657/9 1061/657/9
f 1069/658/10 1070/658/10 1063/658/10 1062/658/10
f 1070/659/11 1064/659/11 1057/659/11 1063/659/11
f 1072/660/1 1071/660/1 1068/660/1 1067/660/1
f 1073/661/1 1072/661/1 1067/661/1 1066/661/1
f 1074/662/1 1073/662/1 1066/662/1 1065/662/1
f 1075/663/1 1074/663/1 1065/663/1 1064/663/1
f 1076/664/1 1075/664/1 1064/664/1 1070/664/1
f 1077/665/1 1076/665/1 1070/665/1 1069/665/1
f 1071/666/1 1077/666/1 1069/666/1 1068/666/1
f 1079/667/5 1078/667/5 1071/667/5 1072/667/5
f 1080/668/12 1079/668/12 1072/668/12 1073/668/12
f 1081/669/13 1080/669/13 1073/669/13 1074/669/13
f 1082/670/14 1081/670/14 1074/670/14 1075/670/14
f 1083/671/15 1082/671/15 1075/671/15 1076/671/15
f 1084/672/22 1083/672/22 1076/672/22 1077/672/22
f 1078/673/25 1084/673/25 1077/673/25 1071/673/25
f 1092/674/6 1093/674/6 1086/674/6 1085/674/6
f 1093/675/7 1094/675/7 1087/675/7 1086/675/7
f 1094/676/8 1095/676/8 1088/676/8 1087/676/8
f 1095/677/4 1096/677/4 1089/677/4 1088/677/4
f 1096/678/9 1097/678/9 1090/678/9 1089/678/9
f 1097/679/10 1098/679/10 1091/679/10 1090/679/10
f 1098/680/11 1092/680/11 1085/680/11 1091/680/11
f 1100/681/1 1099/681/1 1096/681/1 1095/681/1
f 1101/682/1 1100/682/1 1095/682/1 1094/682/1
f 1102/683/1 1101/683/1 1094/683/1 1093/683/1
f 1103/684/1 1102/684/1 1093/684/1 1092/684/1
f 1104/685/1 1103/685/1 1092/685/1 1098/685/1
f 1105/686/1 1104/686/1 1098/686/1 1097/686/1
f 1099/687/1 1105/687/1 1097/687/1 1096/687/1
f 1107/688/5 1106/688/5 1099/688/5 1100/688/5
f 1108/689/12 1107/689/12 1100/689/12 1101/689/12
f 1109/690/13 1108/690/13 1101/690/13 1102/690/13
f 1110/691/14 1109/691/14 1102/691/14 1103/691/14
f 1111/692/15 1110/692/15 1103/692/15 1104/692/15
f 1112/693/22 1111/693/22 1104/693/22 1105/693/22
f 1106/694/25 1112/694/25 1105/694/25 1099/694/25
f 1120/695/6 1121/695/6 1114/695/6 1113/695/6
f 1121/696/18 1122/696/18 1115/696/18 1114/696/18
f 1122/697/19 1123/697/19 1116/697/19 1115/697/19
f 1123/698/4 1124/698/4 1117/698/4 1116/698/4
f 1124/699/20 1125/699/20 1118/699/20 1117/699/20
f 1125/700/21 1126/700/21 1119/700/21 1118/700/21
f 1126/701/27 1120/701/27 1113/701/27 1119/701/27
f 1128/702/1 1127/702/1 1124/702/1 1123/702/1
f 1129/703/1 1128/703/1 1123/703/1 1122/703/1
f 1130/704/1 1129/704/1 1122/704/1 1121/704/1
f 1131/705/1 1130/705/1 1121/705/1 1120/705/1
f 1132/706/1 1131/706/1 1120/706/1 1126/706/1
f 1133/707/1 1132/707/1 1126/707/1 1125/707/1
f 1127/708/1 1133/708/1 1125/708/1 1124/708/1
f 1135/709/5 1134/709/5 1127/709/5 1128/709/5
f 1136/710/12 1135/710/12 1128/710/12 1129/710/12
f 1137/711/13 1136/711/13 1129/711/13 1130/711/13
f 1138/712/14 1137/712/14 1130/712/14 1131/712/14
f 1139/713/15 1138/713/15 1131/713/15 1132/713/15
f 1140/714/16 1139/714/16 1132/714/16 1133/714/16
f 1134/715/25 1140/715/25 1133/715/25 1127/715/25
f 1148/716/6 1149/716/6 1142/716/6 1141/716/6
f 1149/717/18 1150/717/18 1143/717/18 1142/717/18
f 1150/718/19 1151/718/19 1144/718/19 1143/718/19
f 1151/719/4 1152/719/4 1145/719/4 1144/719/4
f 1152/720/20 1153/720/20 1146/720/20 1145/720/20
f 1153/721/21 1154/721/21 1147/721/21 1146/721/21
f 1154/722/27 1148/722/27 1141/722/27 1147/722/27
f 1156/723/1 1155/723/1 1152/723/1 1151/723/1
f 1157/724/1 1156/724/1 1151/724/1 1150/724/1
f 1158/725/1 1157/725/1 1150/725/1 1149/725/1
f 1159/726/1 1158/726/1 1149/726/1 1148/726/1
f 1160/727/1 1159/727/1 1148/727/1 1154/727/1
f 1161/728/1 1160/728/1 1154/728/1 1153/728/1
f 1155/729/1 1161/729/1 1153/729/1 1152/729/1
f 1163/730/5 1162/730/5 1155/730/5 1156/730/5
f 1164/731/12 1163/731/12 1156/731/12 1157/731/12
f 1165/732/13 1164/732/13 1157/732/13 1158/732/13
f 1166/733/14 1165/733/14 1158/733/14 1159/733/14
f 1167/734/15 1166/734/15 1159/734/15 1160/734/15
f 1168/735/16 1167/735/16 1160/735/16 1161/735/16
f 1162/736/25 1168/736/25 1161/736/25 1155/736/25
f 1176/737/26 1177/737/26 1170/737/26 1169/737/26
f 1177/738/18 1178/738/18 1171/738/18 1170/738/18
f 1178/739/19 1179/739/19 1172/739/19 1171/739/19
f 1179/740/4 1180/740/4 1173/740/4 1172/740/4
f 1180/741/20 1181/741/20 1174/741/20 1173/741/20
f 1181/742/21 1182/742/21 1175/742/21 1174/742/21
f 1182/743/11 1176/743/11 1169/743/11 1175/743/11
f 1184/744/1 1183/744/1 1180/744/1 1179/744/1
f 1185/745/1 1184/745/1 1179/745/1 1178/745/1
f 1186/746/1 1185/746/1 1178/746/1 1177/746/1
f 1187/747/1 1186/747/1 1177/747/1 1176/747/1
f 1188/748/1 1187/748/1 1176/748/1 1182/748/1
f 1189/749/1 1188/749/1 1182/749/1 1181/749/1
f 1183/750/1 1189/750/1 1181/750/1 1180/750/1
f 1191/751/5 1190/751/5 1183/751/5 1184/751/5
f 1192/752/12 1191/752/12 1184/752/12 1185/752/12
f 1193/753/13 1192/753/13 1185/753/13 1186/753/13
f 1194/754/14 1193/754/14 1186/754/14 1187/754/14
f 1195/755/15 1194/755/15 1187/755/15 1188/755/15
f 1196/756/16 1195/756/16 1188/756/16 1189/756/16
f 1190/757/25 1196/757/25 1189/757/25 1183/757/25
f 1204/758/6 1205/758/6 1198/758/6 1197/758/6
f 1205/759/18 1206/759/18 1199/759/18 1198/759/18
f 1206/760/19 1207/760/19 1200/760/19 1199/760/19
f 1207/761/4 1208/761/4 1201/761/4 1200/761/4
f 1208/762/20 1209/762/20 1202/762/20 1201/762/20
f 1209/763/21 1210/763/21 1203/763/21 1202/763/21
f 1210/764/27 1204/764/27 1197/764/27 1203/764/27
f 1212/765/1 1211/765/1 1208/765/1 1207/765/1
f 1213/766/1 1212/766/1 1207/766/1 1206/766/1
f 1214/767/1 1213/767/1 1206/767/1 1205/767/1
f 1215/768/1 1214/768/1 1205/768/1 1204/768/1
f 1216/769/1 1215/769/1 1204/769/1 1210/769/1
f 1217/770/1 1216/770/1 1210/770/1 1209/770/1
f 1211/771/1 1217/771/1 1209/771/1 1208/771/1
f 1219/772/5 1218/772/5 1211/772/5 1212/772/5
f 1220/773/12 1219/773/12 1212/773/12 1213/773/12
f 1221/774/13 1220/774/13 1213/774/13 1214/774/13
f 1222/775/14 1221/775/14 1214/775/14 1215/775/14
f 1223/776/15 1222/776/15 1215/776/15 1216/776/15
f 1224/777/16 1223/777/16 1216/777/16 1217/777/16
f 1218/778/25 1224/778/25 1217/778/25 1211/778/25
f 1232/779/26 1233/779/26 1226/779/26 1225/779/26
f 1233/780/18 1234/780/18 1227/780/18 1226/780/18
f 1234/781/19 1235/781/19 1228/781/19 1227/781/19
f 1235/782/4 1236/782/4 1229/782/4 1228/782/4
f 1236/783/20 1237/783/20 1230/783/20 1229/783/20
f 1237/784/21 1238/784/21 1231/784/21 1230/784/21
f 1238/785/11 1232/785/11 1225/785/11 1231/785/11
f 1240/786/1 1239/786/1 1236/786/1 1235/786/1
f 1241/787/1 1240/787/1 1235/787/1 1234/787/1
f 1242/788/1 1241/788/1 1234/788/1 1233/788/1
f 1243/789/1 1242/789/1 1233/789/1 1232/789/1
f 1244/790/1 1243/790/1 1232/790/1 1238/790/1
f 1245/791/1 1244/791/1 1238/791/1 1237/791/1
f 1239/792/1 1245/792/1 1237/792/1 1236/792/1
f 1247/793/5 1246/793/5 1239/793/5 1240/793/5
f 1248/794/12 1247/794/12 1240/794/12 1241/794/12
f 1249/795/13 1248/795/13 1241/795/13 1242/795/13
f 1250/796/14 1249/796/14 1242/796/14 1243/796/14
f 1251/797/15 1250/797/15 1243/797/15 1244/797/15
f 1252/798/16 1251/798/16 1244/798/16 1245/798/16
f 1246/799/25 1252/799/25 1245/799/25 1239/799/25
f 1260/800/26 1261/800/26 1254/800/26 1253/800/26
f 1261/801/18 1262/801/18 1255/801/18 1254/801/18
f 1262/802/19 1263/802/19 1256/802/19 1255/802/19
f 1263/803/4 1264/803/4 1257/803/4 1256/803/4
f 1264/804/20 1265/804/20 1258/804/20 1257/804/20
f 1265/805/21 1266/805/21 1259/805/21 1258/805/21
f 1266/806/11 1260/806/11 1253/806/11 1259/806/11
f 1268/807/1 1267/807/1 1264/807/1 1263/807/1
f 1269/808/1 1268/808/1 1263/808/1 1262/808/1
f 1270/809/1 1269/809/1 1262/809/1 1261/809/1
f 1271/810/1 1270/810/1 1261/810/1 1260/810/1
f 1272/811/1 1271/811/1 1260/811/1 1266/811/1
f 1273/812/1 1272/812/1 1266/812/1 1265/812/1
f 1267/813/1 1273/813/1 1265/813/1 1264/813/1
f 1275/814/5 1274/814/5 1267/814/5 1268/814/5
f 1276/815/12 1275/815/12 1268/815/12 1269/815/12
f 1277/816/13 1276/816/13 1269/816/13 1270/816/13
f 1278/817/14 1277/817/14 1270/817/14 1271/817/14
f 1279/818/15 1278/818/15 1271/818/15 1272/818/15
f 1280/819/16 1279/819/16 1272/819/16 1273/819/16
f 1274/820/25 1280/820/25 1273/820/25 1267/820/25
f 1288/821/6 1289/821/6 1282/821/6 1281/821/6
f 1289/822/18 1290/822/18 1283/822/18 1282/822/18
f 1290/823/19 1291/823/19 1284/823/19 1283/823/19
f 1291/824/4 1292/824/4 1285/824/4 1284/824/4
f 1292/825/20 1293/825/20 1286/825/20 1285/825/20
f 1293/826/21 1294/826/21 1287/826/21 1286/826/21
f 1294/827/27 1288/827/27 1281/827/27 1287/827/27
f 1296/828/1 1295/828/1 1292/828/1 1291/828/1
f 1297/829/1 1296/829/1 1291/829/1 1290/829/1
f 1298/830/1 1297/830/1 1290/830/1 1289/830/1
f 1299/831/1 1298/831/1 1289/831/1 1288/831/1
f 1300/832/1 1299/832/1 1288/832/1 1294/832/1
f 1301/833/1 1300/833/1 1294/833/1 1293/833/1
f 1295/834/1 1301/834/1 1293/834/1 1292/834/1
f 1303/835/5 1302/835/5 1295/835/5 1296/835/5
f 1304/836/12 1303/836/12 1296/836/12 1297/836/12
f 1305/837/13 1304/837/13 1297/837/13 1298/837/13
f 1306/838/14 1305/838/14 1298/838/14 1299/838/14
f 1307/839/15 1306/839/15 1299/839/15 1300/839/15
f 1308/840/22 1307/840/22 1300/840/22 1301/840/22
f 1302/841/25 1308/841/25 1301/841/25 1295/841/25
f 1316/842/6 1317/842/6 1310/842/6 1309/842/6
f 1317/843/18 1318/843/18 1311/843/18 1310/843/18
f 1318/844/19 1319/844/19 1312/844/19 1311/844/19
f 1319/845/4 1320/845/4 1313/845/4 1312/845/4
f 1320/846/20 1321/846/20 1314/846/20 1313/846/20
f 1321/847/21 1322/847/21 1315/847/21 1314/847/21
f 1322/848/27 1316/848/27 1309/848/27 1315/848/27
f 1324/849/1 1323/849/1 1320/849/1 1319/849/1
f 1325/850/1 1324/850/1 1319/850/1 1318/850/1
f 1326/851/1 1325/851/1 1318/851/1 1317/851/1
f 1327/852/1 1326/852/1 1317/852/1 1316/852/1
f 1328/853/1 1327/853/1 1316/853/1 1322/853/1
f 1329/854/1 1328/854/1 1322/854/1 1321/854/1
f 1323/855/1 1329/855/1 1321/855/1 1320/855/1
f 1331/856/5 1330/856/5 1323/856/5 1324/856/5
f 1332/857/12 1331/857/12 1324/857/12 1325/857/12
f 1333/858/13 1332/858/13 1325/858/13 1326/858/13
f 1334/859/14 1333/859/14 1326/859/14 1327/859/14
f 1335/860/15 1334/860/15 1327/860/15 1328/860/15
f 1336/861/22 1335/861/22 1328/861/22 1329/861/22
f 1330/862/25 1336/862/25 1329/862/25 1323/862/25
f 1344/863/26 1345/863/26 1338/863/26 1337/863/26
f 1345/864/18 1346/864/18 1339/864/18 1338/864/18
f 1346/865/19 1347/865/19 1340/865/19 1339/865/19
f 1347/866/4 1348/866/4 1341/866/4 1340/866/4
f 1348/867/20 1349/867/20 1342/867/20 1341/867/20
f 1349/868/21 1350/868/21 1343/868/21 1342/868/21
f 1350/869/11 1344/869/11 1337/869/11 1343/869/11
f 1352/870/1 1351/870/1 1348/870/1 1347/870/1
f 1353/871/1 1352/871/1 1347/871/1 1346/871/1
f 1354/872/1 1353/872/1 1346/872/1 1345/872/1
f 1355/873/1 1354/873/1 1345/873/1 1344/873/1
f 1356/874/1 1355/874/1 1344/874/1 1350/874/1
f 1357/875/1 1356/875/1 1350/875/1 1349/875/1
f 1351/876/1 1357/876/1 1349/876/1 1348/876/1
f 1359/877/5 1358/877/5 1351/877/5 1352/877/5
f 1360/878/28 1359/878/28 1352/878/28 1353/878/28
f 1361/879/13 1360/879/13 1353/879/13 1354/879/13
f 1362/880/14 1361/880/14 1354/880/14 1355/880/14
f 1363/881/15 1362/881/15 1355/881/15 1356/881/15
f 1364/882/16 1363/882/16 1356/882/16 1357/882/16
f 1358/883/25 1364/883/25 1357/883/25 1351/883/25
f 1372/884/6 1373/884/6 1366/884/6 1365/884/6
f 1373/885/18 1374/885/18 1367/885/18 1366/885/18
f 1374/886/19 1375/886/19 1368/886/19 1367/886/19
f 1375/887/4 1376/887/4 1369/887/4 1368/887/4
f 1376/888/20 1377/888/20 1370/888/20 1369/888/20
f 1377/889/21 1378/889/21 1371/889/21 1370/889/21
f 1378/890/27 1372/890/27 1365/890/27 1371/890/27
f 1380/891/1 1379/891/1 1376/891/1 1375/891/1
f 1381/892/1 1380/892/1 1375/892/1 1374/892/1
f 1382/893/1 1381/893/1 1374/893/1 1373/893/1
f 1383/894/1 1382/894/1 1373/894/1 1372/894/1
f 1384/895/1 1383/895/1 1372/895/1 1378/895/1
f 1385/896/1 1384/896/1 1378/896/1 1377/896/1
f 1379/897/1 1385/897/1 1377/897/1 1376/897/1
f 1387/898/5 1386/898/5 1379/898/5 1380/898/5
f 1388/899/28 1387/899/28 1380/899/28 1381/899/28
f 1389/900/13 1388/900/13 1381/900/13 1382/900/13
f 1390/901/14 1389/901/14 1382/901/14 1383/901/14
f 1391/902/15 1390/902/15 1383/902/15 1384/902/15
f 1392/903/16 1391/903/16 1384/903/16 1385/903/16
f 1386/904/25 1392/904/25 1385/904/25 1379/904/25
f 1400/905/6 1401/905/6 1394/905/6 1393/905/6
f 1401/906/18 1402/906/18 1395/906/18 1394/906/18
f 1402/907/19 1403/907/19 1396/907/19 1395/907/19
f 1403/908/4 1404/908/4 1397/908/4 1396/908/4
f 1404/909/20 1405/909/20 1398/909/20 1397/909/20
f 1405/910/21 1406/910/21 1399/910/21 1398/910/21
f 1406/911/27 1400/911/27 1393/911/27 1399/911/27
f 1408/912/1 1407/912/1 1404/912/1 1403/912/1
f 1409/913/1 1408/913/1 1403/913/1 1402/913/1
f 1410/914/1 1409/914/1 1402/914/1 1401/914/1
f 1411/915/1 1410/915/1 1401/915/1 1400/915/1
f 1412/916/1 1411/916/1 1400/916/1 1406/916/1
f 1413/917/1 1412/917/1 1406/917/1 1405/917/1
f 1407/918/1 1413/918/1 1405/918/1 1404/918/1
f 1415/919/5 1414/919/5 1407/919/5 1408/919/5
f 1416/920/28 1415/920/28 1408/920/28 1409/920/28
f 1417/921/13 1416/921/13 1409/921/13 1410/921/13
f 1418/922/14 1417/922/14 1410/922/14 1411/922/14
f 1419/923/15 1418/923/15 1411/923/15 1412/923/15
f 1420/924/22 1419/924/22 1412/924/22 1413/924/22
f 1414/925/25 1420/925/25 1413/925/25 1407/925/25
f 1428/926/26 1429/926/26 1422/926/26 1421/926/26
f 1429/927/18 1430/927/18 1423/927/18 1422/927/18
f 1430/928/19 1431/928/19 1424/928/19 1423/928/19
f 1431/929/4 1432/929/4 1425/929/4 1424/929/4
f 1432/930/20 1433/930/20 1426/930/20 1425/930/20
f 1433/931/21 1434/931/21 1427/931/21 1426/931/21
f 1434/932/11 1428/932/11 1421/932/11 1427/932/11
f 1436/933/1 1435/933/1 1432/933/1 1431/933/1
f 1437/934/1 1436/934/1 1431/934/1 1430/934/1
f 1438/935/1 1437/935/1 1430/935/1 1429/935/1
f 1439/936/1 1438/936/1 1429/936/1 1428/936/1
f 1440/937/1 1439/937/1 1428/937/1 1434/937/1
f 1441/938/1 1440/938/1 1434/938/1 1433/938/1
f 1435/939/1 1441/939/1 1433/939/1 1432/939/1
f 1443/940/5 1442/940/5 1435/940/5 1436/940/5
f 1444/941/28 1443/941/28 1436/941/28 1437/941/28
f 1445/942/13 1444/942/13 1437/942/13 1438/942/13
f 1446/943/14 1445/943/14 1438/943/14 1439/943/14
f 1447/944/15 1446/944/15 1439/944/15 1440/944/15
f 1448/945/16 1447/945/16 1440/945/16 1441/945/16
f 1442/946/25 1448/946/25 1441/946/25 1435/946/25
f 1456/947/26 1457/947/26 1450/947/26 1449/947/26
f 1457/948/18 1458/948/18 1451/948/18 1450/948/18
f 1458/949/29 1459/949/29 1452/949/29 1451/949/29
f 1459/950/4 1460/950/4 1453/950/4 1452/950/4
f 1460/951/30 1461/951/30 1454/951/30 1453/951/30
f 1461/952/31 1462/952/31 1455/952/31 1454/952/31
f 1462/953/27 1456/953/27 1449/953/27 1455/953/27
f 1464/954/1 1463/954/1 1460/954/1 1459/954/1
f 1465/955/1 1464/955/1 1459/955/1 1458/955/1
f 1466/956/1 1465/956/1 1458/956/1 1457/956/1
f 1467/957/1 1466/957/1 1457/957/1 1456/957/1
f 1468/958/1 1467/958/1 1456/958/1 1462/958/1
f 1469/959/1 1468/959/1 1462/959/1 1461/959/1
f 1463/960/1 1469/960/1 1461/960/1 1460/960/1
f 1471/961/5 1470/961/5 1463/961/5 1464/961/5
f 1472/962/12 1471/962/12 1464/962/12 1465/962/12
f 1473/963/13 1472/963/13 1465/963/13 1466/963/13
f 1474/964/14 1473/964/14 1466/964/14 1467/964/14
f 1475/965/15 1474/965/15 1467/965/15 1468/965/15
f 1476/966/22 1475/966/22 1468/966/22 1469/966/22
f 1470/967/17 1476/967/17 1469/967/17 1463/967/17
f 1484/968/26 1485/968/26 1478/968/26 1477/968/26
f 1485/969/7 1486/969/7 1479/969/7 1478/969/7
f 1486/970/32 1487/970/32 1480/970/32 1479/970/32
f 1487/971/4 1488/971/4 1481/971/4 1480/971/4
f 1488/972/33 1489/972/33 1482/972/33 1481/972/33
f 1489/973/34 1490/973/34 1483/973/34 1482/973/34
f 1490/974/27 1484/974/27 1477/974/27 1483/974/27
f 1492/975/1 1491/975/1 1488/975/1 1487/975/1
f 1493/976/1 1492/976/1 1487/976/1 1486/976/1
f 1494/977/1 1493/977/1 1486/977/1 1485/977/1
f 1495/978/1 1494/978/1 1485/978/1 1484/978/1
f 1496/979/1 1495/979/1 1484/979/1 1490/979/1
f 1497/980/1 1496/980/1 1490/980/1 1489/980/1
f 1491/981/1 1497/981/1 1489/981/1 1488/981/1
f 1499/982/5 1498/982/5 1491/982/5 1492/982/5
f 1500/983/28 1499/983/28 1492/983/28 1493/983/28
f 1501/984/13 1500/984/13 1493/984/13 1494/984/13
f 1502/985/14 1501/985/14 1494/985/14 1495/985/14
f 1503/986/15 1502/986/15 1495/986/15 1496/986/15
f 1504/987/16 1503/987/16 1496/987/16 1497/987/16
f 1498/988/17 1504/988/17 1497/988/17 1491/988/17
f 1512/989/26 1513/989/26 1506/989/26 1505/989/26
f 1513/990/7 1514/990/7 1507/990/7 1506/990/7
f 1514/991/32 1515/991/32 1508/991/32 1507/991/32
f 1515/992/4 1516/992/4 1509/992/4 1508/992/4
f 1516/993/33 1517/993/33 1510/993/33 1509/993/33
f 1517/994/34 1518/994/34 1511/994/34 1510/994/34
f 1518/995/27 1512/995/27 1505/995/27 1511/995/27
f 1520/996/1 1519/996/1 1516/996/1 1515/996/1
f 1521/997/1 1520/997/1 1515/997/1 1514/997/1
f 1522/998/1 1521/998/1 1514/998/1 1513/998/1
f 1523/999/1 1522/999/1 1513/999/1 1512/999/1
f 1524/1000/1 1523/1000/1 1512/1000/1 1518/1000/1
f 1525/1001/1 1524/1001/1 1518/1001/1 1517/1001/1
f 1519/1002/1 1525/1002/1 1517/1002/1 1516/1002/1
f 1527/1003/5 1526/1003/5 1519/1003/5 1520/1003/5
f 1528/1004/28 1527/1004/28 1520/1004/28 1521/1004/28
f 1529/1005/13 1528/1005/13 1521/1005/13 1522/1005/13
f 1530/1006/14 1529/1006/14 1522/1006/14 1523/1006/14
f 1531/1007/15 1530/1007/15 1523/1007/15 1524/1007/15
f 1532/1008/16 1531/1008/16 1524/1008/16 1525/1008/16
f 1526/1009/17 1532/1009/17 1525/1009/17 1519/1009/17
f 1540/1010/26 1541/1010/26 1534/1010/26 1533/1010/26
f 1541/1011/7 1542/1011/7 1535/1011/7 1534/1011/7
f 1542/1012/32 1543/1012/32 1536/1012/32 1535/1012/32
f 1543/1013/4 1544/1013/4 1537/1013/4 1536/1013/4
f 1544/1014/33 1545/1014/33 1538/1014/33 1537/1014/33
f 1545/1015/34 1546/1015/34 1539/1015/34 1538/1015/34
f 1546/1016/27 1540/1016/27 1533/1016/27 1539/1016/27
f 1548/1017/1 1547/1017/1 1544/1017/1 1543/1017/1
f 1549/1018/1 1548/1018/1 1543/1018/1 1542/1018/1
f 1550/1019/1 1549/1019/1 1542/1019/1 1541/1019/1
f 1551/1020/1 1550/1020/1 1541/1020/1 1540/1020/1
f 1552/1021/1 1551/1021/1 1540/1021/1 1546/1021/1
f 1553/1022/1 1552/1022/1 1546/1022/1 1545/1022/1
f 1547/1023/1 1553/1023/1 1545/1023/1 1544/1023/1
f 1555/1024/5 1554/1024/5 1547/1024/5 1548/1024/5
f 1556/1025/28 1555/1025/28 1548/1025/28 1549/1025/28
f 1557/1026/13 1556/1026/13 1549/1026/13 1550/1026/13
f 1558/1027/14 1557/1027/14 1550/1027/14 1551/1027/14
f 1559/1028/15 1558/1028/15 1551/1028/15 1552/1028/15
f 1560/1029/16 1559/1029/16 1552/1029/16 1553/1029/16
f 1554/1030/17 1560/1030/17 1553/1030/17 1547/1030/17
f 1568/1031/26 1569/1031/26 1562/1031/26 1561/1031/26
f 1569/1032/7 1570/1032/7 1563/1032/7 1562/1032/7
f 1570/1033/32 1571/1033/32 1564/1033/32 1563/1033/32
f 1571/1034/4 1572/1034/4 1565/1034/4 1564/1034/4
f 1572/1035/33 1573/1035/33 1566/1035/33 1565/1035/33
f 1573/1036/34 1574/1036/34 1567/1036/34 1566/1036/34
f 1574/1037/27 1568/1037/27 1561/1037/27 1567/1037/27
f 1576/1038/1 1575/1038/1 1572/1038/1 1571/1038/1
f 1577/1039/1 1576/1039/1 1571/1039/1 1570/1039/1
f 1578/1040/1 1577/1040/1 1570/1040/1 1569/1040/1
f 1579/1041/1 1578/1041/1 1569/1041/1 1568/1041/1
f 1580/1042/1 1579/1042/1 1568/1042/1 1574/1042/1
f 1581/1043/1 1580/1043/1 1574/1043/1 1573/1043/1
f 1575/1044/1 1581/1044/1 1573/1044/1 1572/1044/1
f 1583/1045/5 1582/1045/5 1575/1045/5 1576/1045/5
f 1584/1046/28 1583/1046/28 1576/1046/28 1577/1046/28
f 1585/1047/13 1584/1047/13 1577/1047/13 1578/1047/13
f 1586/1048/14 1585/1048/14 1578/1048/14 1579/1048/14
f 1587/1049/15 1586/1049/15 1579/1049/15 1580/1049/15
f 1588/1050/16 1587/1050/16 1580/1050/16 1581/1050/16
f 1582/1051/17 1588/1051/17 1581/1051/17 1575/1051/17
f 1596/1052/26 1597/1052/26 1590/1052/26 1589/1052/26
f 1597/1053/7 1598/1053/7 1591/1053/7 1590/1053/7
f 1598/1054/32 1599/1054/32 1592/1054/32 1591/1054/32
f 1599/1055/4 1600/1055/4 1593/1055/4 1592/1055/4
f 1600/1056/33 1601/1056/33 1594/1056/33 1593/1056/33
f 1601/1057/34 1602/1057/34 1595/1057/34 1594/1057/34
f 1602/1058/27 1596/1058/27 1589/1058/27 1595/1058/27
f 1604/1059/1 1603/1059/1 1600/1059/1 1599/1059/1
f 1605/1060/1 1604/1060/1 1599/1060/1 1598/1060/1
f 1606/1061/1 1605/1061/1 1598/1061/1 1597/1061/1
f 1607/1062/1 1606/1062/1 1597/1062/1 1596/1062/1
f 1608/1063/1 1607/1063/1 1596/1063/1 1602/1063/1
f 1609/1064/1 1608/1064/1 1602/1064/1 1601/1064/1
f 1603/1065/1 1609/1065/1 1601/1065/1 1600/1065/1
f 1611/1066/5 1610/1066/5 1603/1066/5 1604/1066/5
f 1612/1067/28 1611/1067/28 1604/1067/28 1605/1067/28
f 1613/1068/13 1612/1068/13 1605/1068/13 1606/1068/13
f 1614/1069/14 1613/1069/14 1606/1069/14 1607/1069/14
f 1615/1070/15 1614/1070/15 1607/1070/15 1608/1070/15
f 1616/1071/16 1615/1071/16 1608/1071/16 1609/1071/16
f 1610/1072/17 1616/1072/17 1609/1072/17 1603/1072/17
f 1624/1073/26 1625/1073/26 1618/1073/26 1617/1073/26
f 1625/1074/18 1626/1074/18 1619/1074/18 1618/1074/18
f 1626/1075/29 1627/1075/29 1620/1075/29 1619/1075/29
f 1627/1076/4 1628/1076/4 1621/1076/4 1620/1076/4
f 1628/1077/30 1629/1077/30 1622/1077/30 1621/1077/30
f 1629/1078/31 1630/1078/31 1623/1078/31 1622/1078/31
f 1630/1079/27 1624/1079/27 1617/1079/27 1623/1079/27
f 1632/1080/1 1631/1080/1 1628/1080/1 1627/1080/1
f 1633/1081/1 1632/1081/1 1627/1081/1 1626/1081/1
f 1634/1082/1 1633/1082/1 1626/1082/1 1625/1082/1
f 1635/1083/1 1634/1083/1 1625/1083/1 1624/1083/1
f 1636/1084/1 1635/1084/1 1624/1084/1 1630/1084/1
f 1637/1085/1 1636/1085/1 1630/1085/1 1629/1085/1
f 1631/1086/1 1637/1086/1 1629/1086/1 1628/1086/1
f 1639/1087/5 1638/1087/5 1631/1087/5 1632/1087/5
f 1640/1088/28 1639/1088/28 1632/1088/28 1633/1088/28
f 1641/1089/13 1640/1089/13 1633/1089/13 1634/1089/13
f 1642/1090/14 1641/1090/14 1634/1090/14 1635/1090/14
f 1643/1091/15 1642/1091/15 1635/1091/15 1636/1091/15
f 1644/1092/22 1643/1092/22 1636/1092/22 1637/1092/22
f 1638/1093/25 1644/1093/25 1637/1093/25 1631/1093/25
f 1652/1094/26 1653/1094/26 1646/1094/26 1645/1094/26
f 1653/1095/18 1654/1095/18 1647/1095/18 1646/1095/18
f 1654/1096/29 1655/1096/29 1648/1096/29 1647/1096/29
f 1655/1097/4 1656/1097/4 1649/1097/4 1648/1097/4
f 1656/1098/30 1657/1098/30 1650/1098/30 1649/1098/30
f 1657/1099/31 1658/1099/31 1651/1099/31 1650/1099/31
f 1658/1100/27 1652/1100/27 1645/1100/27 1651/1100/27
f 1660/1101/1 1659/1101/1 1656/1101/1 1655/1101/1
f 1661/1102/1 1660/1102/1 1655/1102/1 1654/1102/1
f 1662/1103/1 1661/1103/1 1654/1103/1 1653/1103/1
f 1663/1104/1 1662/1104/1 1653/1104/1 1652/1104/1
f 1664/1105/1 1663/1105/1 1652/1105/1 1658/1105/1
f 1665/1106/1 1664/1106/1 1658/1106/1 1657/1106/1
f 1659/1107/1 1665/1107/1 1657/1107/1 1656/1107/1
f 1667/1108/5 1666/1108/5 1659/1108/5 1660/1108/5
f 1668/1109/28 1667/1109/28 1660/1109/28 1661/1109/28
f 1669/1110/13 1668/1110/13 1661/1110/13 1662/1110/13
f 1670/1111/14 1669/1111/14 1662/1111/14 1663/1111/14
f 1671/1112/15 1670/1112/15 1663/1112/15 1664/1112/15
f 1672/1113/22 1671/1113/22 1664/1113/22 1665/1113/22
f 1666/1114/25 1672/1114/25 1665/1114/25 1659/1114/25
f 1680/1115/26 1681/1115/26 1674/1115/26 1673/1115/26
f 1681/1116/18 1682/1116/18 1675/1116/18 1674/1116/18
f 1682/1117/29 1683/1117/29 1676/1117/29 1675/1117/29
f 1683/1118/4 1684/1118/4 1677/1118/4 1676/1118/4
f 1684/1119/30 1685/1119/30 1678/1119/30 1677/1119/30
f 1685/1120/31 1686/1120/31 1679/1120/31 1678/1120/31
f 1686/1121/27 1680/1121/27 1673/1121/27 1679/1121/27
f 1688/1122/1 1687/1122/1 1684/1122/1 1683/1122/1
f 1689/1123/1 1688/1123/1 1683/1123/1 1682/1123/1
f 1690/1124/1 1689/1124/1 1682/1124/1 1681/1124/1
f 1691/1125/1 1690/1125/1 1681/1125/1 1680/1125/1
f 1692/1126/1 1691/1126/1 1680/1126/1 1686/1126/1
f 1693/1127/1 1692/1127/1 1686/1127/1 1685/1127/1
f 1687/1128/1 1693/1128/1 1685/1128/1 1684/1128/1
f 1695/1129/5 1694/1129/5 1687/1129/5 1688/1129/5
f 1696/1130/28 1695/1130/28 1688/1130/28 1689/1130/28
f 1697/1131/13 1696/1131/13 1689/1131/13 1690/1131/13
f 1698/1132/14 1697/1132/14 1690/1132/14 1691/1132/14
f 1699/1133/15 1698/1133/15 1691/1133/15 1692/1133/15
f 1700/1134/22 1699/1134/22 1692/1134/22 1693/1134/22
f 1694/1135/25 1700/1135/25 1693/1135/25 1687/1135/25
f 1708/1136/26 1709/1136/26 1702/1136/26 1701/1136/26
f 1709/1137/18 1710/1137/18 1703/1137/18 1702/1137/18
f 1710/1138/29 1711/1138/29 1704/1138/29 1703/1138/29
f 1711/1139/4 1712/1139/4 1705/1139/4 1704/1139/4
f 1712/1140/30 1713/1140/30 1706/1140/30 1705/1140/30
f 1713/1141/31 1714/1141/31 1707/1141/31 1706/1141/31
f 1714/1142/27 1708/1142/27 1701/1142/27 1707/1142/27
f 1716/1143/1 1715/1143/1 1712/1143/1 1711/1143/1
f 1717/1144/1 1716/1144/1 1711/1144/1 1710/1144/1
f 1718/1145/1 1717/1145/1 1710/1145/1 1709/1145/1
f 1719/1146/1 1718/1146/1 1709/1146/1 1708/1146/1
f 1720/1147/1 1719/1147/1 1708/1147/1 1714/1147/1
f 1721/1148/1 1720/1148/1 1714/1148/1 1713/1148/1
f 1715/1149/1 1721/1149/1 1713/1149/1 1712/1149/1
f 1723/1150/5 1722/1150/5 1715/1150/5 1716/1150/5
f 1724/1151/28 1723/1151/28 1716/1151/28 1717/1151/28
f 1725/1152/13 1724/1152/13 1717/1152/13 1718/1152/13
f 1726/1153/14 1725/1153/14 1718/1153/14 1719/1153/14
f 1727/1154/15 1726/1154/15 1719/1154/15 1720/1154/15
f 1728/1155/22 1727/1155/22 1720/1155/22 1721/1155/22
f 1722/1156/25 1728/1156/25 1721/1156/25 1715/1156/25
f 1736/1157/26 1737/1157/26 1730/1157/26 1729/1157/26
f 1737/1158/18 1738/1158/18 1731/1158/18 1730/1158/18
f 1738/1159/29 1739/1159/29 1732/1159/29 1731/1159/29
f 1739/1160/4 1740/1160/4 1733/1160/4 1732/1160/4
f 1740/1161/30 1741/1161/30 1734/1161/30 1733/1161/30
f 1741/1162/31 1742/1162/31 1735/1162/31 1734/1162/31
f 1742/1163/27 1736/1163/27 1729/1163/27 1735/1163/27
f 1744/1164/1 1743/1164/1 1740/1164/1 1739/1164/1
f 1745/1165/1 1744/1165/1 1739/1165/1 1738/1165/1
f 1746/1166/1 1745/1166/1 1738/1166/1 1737/1166/1
f 1747/1167/1 1746/1167/1 1737/1167/1 1736/1167/1
f 1748/1168/1 1747/1168/1 1736/1168/1 1742/1168/1
f 1749/1169/1 1748/1169/1 1742/1169/1 1741/1169/1
f 1743/1170/1 1749/1170/1 1741/1170/1 1740/1170/1
f 1751/1171/5 1750/1171/5 1743/1171/5 1744/1171/5
f 1752/1172/28 1751/1172/28 1744/1172/28 1745/1172/28
f 1753/1173/13 1752/1173/13 1745/1173/13 1746/1173/13
f 1754/1174/14 1753/1174/14 1746/1174/14 1747/1174/14
f 1755/1175/15 1754/1175/15 1747/1175/15 1748/1175/15
f 1756/1176/22 1755/1176/22 1748/1176/22 1749/1176/22
f 1750/1177/25 1756/1177/25 1749/1177/25 1743/1177/25
f 1764/1178/26 1765/1178/26 1758/1178/26 1757/1178/26
f 1765/1179/18 1766/1179/18 1759/1179/18 1758/1179/18
f 1766/1180/29 1767/1180/29 1760/1180/29 1759/1180/29
f 1767/1181/4 1768/1181/4 1761/1181/4 1760/1181/4
f 1768/1182/30 1769/1182/30 1762/1182/30 1761/1182/30
f 1769/1183/31 1770/1183/31 1763/1183/31 1762/1183/31
f 1770/1184/27 1764/1184/27 1757/1184/27 1763/1184/27
f 1772/1185/1 1771/1185/1 1768/1185/1 1767/1185/1
f 1773/1186/1 1772/1186/1 1767/1186/1 1766/1186/1
f 1774/1187/1 1773/1187/1 1766/1187/1 1765/1187/1
f 1775/1188/1 1774/1188/1 1765/1188/1 1764/1188/1
f 1776/1189/1 1775/1189/1 1764/1189/1 1770/1189/1
f 1777/1190/1 1776/1190/1 1770/1190/1 1769/1190/1
f 1771/1191/1 1777/1191/1 1769/1191/1 1768/1191/1
f 1779/1192/5 1778/1192/5 1771/1192/5 1772/1192/5
f 1780/1193/28 1779/1193/28 1772/1193/28 1773/1193/28
f 1781/1194/13 1780/1194/13 1773/1194/13 1774/1194/13
f 1782/1195/14 1781/1195/14 1774/1195/14 1775/1195/14
f 1783/1196/15 1782/1196/15 1775/1196/15 1776/1196/15
f 1784/1197/22 1783/1197/22 1776/1197/22 1777/1197/22
f 1778/1198/25 1784/1198/25 1777/1198/25 1771/1198/25
f 1792/1199/26 1793/1199/26 1786/1199/26 1785/1199/26
f 1793/1200/18 1794/1200/18 1787/1200/18 1786/1200/18
f 1794/1201/29 1795/1201/29 1788/1201/29 1787/1201/29
f 1795/1202/4 1796/1202/4 1789/1202/4 1788/1202/4
f 1796/1203/30 1797/1203/30 1790/1203/30 1789/1203/30
f 1797/1204/31 1798/1204/31 1791/1204/31 1790/1204/31
f 1798/1205/27 1792/1205/27 1785/1205/27 1791/1205/27
f 1800/1206/1 1799/1206/1 1796/1206/1 1795/1206/1
f 1801/1207/1 1800/1207/1 1795/1207/1 1794/1207/1
f 1802/1208/1 1801/1208/1 1794/1208/1 1793/1208/1
f 1803/1209/1 1802/1209/1 1793/1209/1 1792/1209/1
f 1804/1210/1 1803/1210/1 1792/1210/1 1798/1210/1
f 1805/1211/1 1804/1211/1 1798/1211/1 1797/1211/1
f 1799/1212/1 1805/1212/1 1797/1212/1 1796/1212/1
f 1807/1213/5 1806/1213/5 1799/1213/5 1800/1213/5
f 1808/1214/12 1807/1214/12 1800/1214/12 1801/1214/12
f 1809/1215/13 1808/1215/13 1801/1215/13 1802/1215/13
f 1810/1216/14 1809/1216/14 1802/1216/14 1803/1216/14
f 1811/1217/15 1810/1217/15 1803/1217/15 1804/1217/15
f 1812/1218/22 1811/1218/22 1804/1218/22 1805/1218/22
f 1806/1219/25 1812/1219/25 1805/1219/25 1799/1219/25
f 1820/1220/26 1821/1220/26 1814/1220/26 1813/1220/26
f 1821/1221/18 1822/1221/18 1815/1221/18 1814/1221/18
f 1822/1222/29 1823/1222/29 1816/1222/29 1815/1222/29
f 1823/1223/4 1824/1223/4 1817/1223/4 1816/1223/4
f 1824/1224/30 1825/1224/30 1818/1224/30 1817/1224/30
f 1825/1225/31 1826/1225/31 1819/1225/31 1818/1225/31
f 1826/1226/27 1820/1226/27 1813/1226/27 1819/1226/27
f 1828/1227/1 1827/1227/1 1824/1227/1 1823/1227/1
f 1829/1228/1 1828/1228/1 1823/1228/1 1822/1228/1
f 1830/1229/1 1829/1229/1 1822/1229/1 1821/1229/1
f 1831/1230/1 1830/1230/1 1821/1230/1 1820/1230/1
f 1832/1231/1 1831/1231/1 1820/1231/1 1826/1231/1
f 1833/1232/1 1832/1232/1 1826/1232/1 1825/1232/1
f 1827/1233/1 1833/1233/1 1825/1233/1 1824/1233/1
f 1835/1234/5 1834/1234/5 1827/1234/5 1828/1234/5
f 1836/1235/12 1835/1235/12 1828/1235/12 1829/1235/12
f 1837/1236/13 1836/1236/13 1829/1236/13 1830/1236/13
f 1838/1237/14 1837/1237/14 1830/1237/14 1831/1237/14
f 1839/1238/15 1838/1238/15 1831/1238/15 1832/1238/15
f 1840/1239/22 1839/1239/22 1832/1239/22 1833/1239/22
f 1834/1240/25 1840/1240/25 1833/1240/25 1827/1240/25
f 1848/1241/26 1849/1241/26 1842/1241/26 1841/1241/26
f 1849/1242/18 1850/1242/18 1843/1242/18 1842/1242/18
f 1850/1243/29 1851/1243/29 1844/1243/29 1843/1243/29
f 1851/1244/4 1852/1244/4 1845/1244/4 1844/1244/4
f 1852/1245/30 1853/1245/30 1846/1245/30 1845/1245/30
f 1853/1246/31 1854/1246/31 1847/1246/31 1846/1246/31
f 1854/1247/27 1848/1247/27 1841/1247/27 1847/1247/27
f 1856/1248/1 1855/1248/1 1852/1248/1 1851/1248/1
f 1857/1249/1 1856/1249/1 1851/1249/1 1850/1249/1
f 1858/1250/1 1857/1250/1 1850/1250/1 1849/1250/1
f 1859/1251/1 1858/1251/1 1849/1251/1 1848/1251/1
f 1860/1252/1 1859/1252/1 1848/1252/1 1854/1252/1
f 1861/1253/1 1860/1253/1 1854/1253/1 1853/1253/1
f 1855/1254/1 1861/1254/1 1853/1254/1 1852/1254/1
f 1863/1255/5 1862/1255/5 1855/1255/5 1856/1255/5
f 1864/1256/28 1863/1256/28 1856/1256/28 1857/1256/28
f 1865/1257/13 1864/1257/13 1857/1257/13 1858/1257/13
f 1866/1258/14 1865/1258/14 1858/1258/14 1859/1258/14
f 1867/1259/15 1866/1259/15 1859/1259/15 1860/1259/15
f 1868/1260/22 1867/1260/22 1860/1260/22 1861/1260/22
f 1862/1261/25 1868/1261/25 1861/1261/25 1855/1261/25
f 1876/1262/26 1877/1262/26 1870/1262/26 1869/1262/26
f 1877/1263/18 1878/1263/18 1871/1263/18 1870/1263/18
f 1878/1264/29 1879/1264/29 1872/1264/29 1871/1264/29
f 1879/1265/4 1880/1265/4 1873/1265/4 1872/1265/4
f 1880/1266/30 1881/1266/30 1874/1266/30 1873/1266/30
f 1881/1267/31 1882/1267/31 1875/1267/31 1874/1267/31
f 1882/1268/27 1876/1268/27 1869/1268/27 1875/1268/27
f 1884/1269/1 1883/1269/1 1880/1269/1 1879/1269/1
f 1885/1270/1 1884/1270/1 1879/1270/1 1878/1270/1
f 1886/1271/1 1885/1271/1 1878/1271/1 1877/1271/1
f 1887/1272/1 1886/1272/1 1877/1272/1 1876/1272/1
f 1888/1273/1 1887/1273/1 1876/1273/1 1882/1273/1
f 1889/1274/1 1888/1274/1 1882/1274/1 1881/1274/1
f 1883/1275/1 1889/1275/1 1881/1275/1 1880/1275/1
f 1891/1276/5 1890/1276/5 1883/1276/5 1884/1276/5
f 1892/1277/28 1891/1277/28 1884/1277/28 1885/1277/28
f 1893/1278/13 1892/1278/13 1885/1278/13 1886/1278/13
f 1894/1279/14 1893/1279/14 1886/1279/14 1887/1279/14
f 1895/1280/15 1894/1280/15 1887/1280/15 1888/1280/15
f 1896/1281/22 1895/1281/22 1888/1281/22 1889/1281/22
f 1890/1282/25 1896/1282/25 1889/1282/25 1883/1282/25
f 1904/1283/26 1905/1283/26 1898/1283/26 1897/1283/26
f 1905/1284/18 1906/1284/18 1899/1284/18 1898/1284/18
f 1906/1285/29 1907/1285/29 1900/1285/29 1899/1285/29
f 1907/1286/4 1908/1286/4 1901/1286/4 1900/1286/4
f 1908/1287/30 1909/1287/30 1902/1287/30 1901/1287/30
f 1909/1288/31 1910/1288/31 1903/1288/31 1902/1288/31
f 1910/1289/27 1904/1289/27 1897/1289/27 1903/1289/27
f 1912/1290/1 1911/1290/1 1908/1290/1 1907/1290/1
f 1913/1291/1 1912/1291/1 1907/1291/1 1906/1291/1
f 1914/1292/1 1913/1292/1 1906/1292/1 1905/1292/1
f 1915/1293/1 1914/1293/1 1905/1293/1 1904/1293/1
f 1916/1294/1 1915/1294/1 1904/1294/1 1910/1294/1
f 1917/1295/1 1916/1295/1 1910/1295/1 1909/1295/1
f 1911/1296/1 1917/1296/1 1909/1296/1 1908/1296/1
f 1919/1297/5 1918/1297/5 1911/1297/5 1912/1297/5
f 1920/1298/28 1919/1298/28 1912/1298/28 1913/1298/28
f 1921/1299/13 1920/1299/13 1913/1299/13 1914/1299/13
f 1922/1300/14 1921/1300/14 1914/1300/14 1915/1300/14
f 1923/1301/15 1922/1301/15 1915/1301/15 1916/1301/15
f 1924/1302/22 1923/1302/22 1916/1302/22 1917/1302/22
f 1918/1303/25 1924/1303/25 1917/1303/25 1911/1303/25
f 1932/1304/26 1933/1304/26 1926/1304/26 1925/1304/26
f 1933/1305/18 1934/1305/18 1927/1305/18 1926/1305/18
f 1934/1306/29 1935/1306/29 1928/1306/29 1927/1306/29
f 1935/1307/4 1936/1307/4 1929/1307/4 1928/1307/4
f 1936/1308/30 1937/1308/30 1930/1308/30 1929/1308/30
f 1937/1309/31 1938/1309/31 1931/1309/31 1930/1309/31
f 1938/1310/27 1932/1310/27 1925/1310/27 1931/1310/27
f 1940/1311/1 1939/1311/1 1936/1311/1 1935/1311/1
f 1941/1312/1 1940/1312/1 1935/1312/1 1934/1312/1
f 1942/1313/1 1941/1313/1 1934/1313/1 1933/1313/1
f 1943/1314/1 1942/1314/1 1933/1314/1 1932/1314/1
f 1944/1315/1 1943/1315/1 1932/1315/1 1938/1315/1
f 1945/1316/1 1944/1316/1 1938/1316/1 1937/1316/1
f 1939/1317/1 1945/1317/1 1937/1317/1 1936/1317/1
f 1947/1318/5 1946/1318/5 1939/1318/5 1940/1318/5
f 1948/1319/28 1947/1319/28 1940/1319/28 1941/1319/28
f 1949/1320/13 1948/1320/13 1941/1320/13 1942/1320/13
f 1950/1321/14 1949/1321/14 1942/1321/14 1943/1321/14
f 1951/1322/15 1950/1322/15 1943/1322/15 1944/1322/15
f 1952/1323/22 1951/1323/22 1944/1323/22 1945/1323/22
f 1946/1324/25 1952/1324/25 1945/1324/25 1939/1324/25
f 1960/1325/26 1961/1325/26 1954/1325/26 1953/1325/26
f 1961/1326/18 1962/1326/18 1955/1326/18 1954/1326/18
f 1962/1327/19 1963/1327/19 1956/1327/19 1955/1327/19
f 1963/1328/4 1964/1328/4 1957/1328/4 1956/1328/4
f 1964/1329/20 1965/1329/20 1958/1329/20 1957/1329/20
f 1965/1330/21 1966/1330/21 1959/1330/21 1958/1330/21
f 1966/1331/27 1960/1331/27 1953/1331/27 1959/1331/27
f 1968/1332/1 1967/1332/1 1964/1332/1 1963/1332/1
f 1969/1333/1 1968/1333/1 1963/1333/1 1962/1333/1
f 1970/1334/1 1969/1334/1 1962/1334/1 1961/1334/1
f 1971/1335/1 1970/1335/1 1961/1335/1 1960/1335/1
f 1972/1336/1 1971/1336/1 1960/1336/1 1966/1336/1
f 1973/1337/1 1972/1337/1 1966/1337/1 1965/1337/1
f 1967/1338/1 1973/1338/1 1965/1338/1 1964/1338/1
f 1975/1339/5 1974/1339/5 1967/1339/5 1968/1339/5
f 1976/1340/12 1975/1340/12 1968/1340/12 1969/1340/12
f 1977/1341/13 1976/1341/13 1969/1341/13 1970/1341/13
f 1978/1342/14 1977/1342/14 1970/1342/14 1971/1342/14
f 1979/1343/15 1978/1343/15 1971/1343/15 1972/1343/15
f 1980/1344/22 1979/1344/22 1972/1344/22 1973/1344/22
f 1974/1345/25 1980/1345/25 1973/1345/25 1967/1345/25
f 1988/1346/6 1989/1346/6 1982/1346/6 1981/1346/6
f 1989/1347/18 1990/1347/18 1983/1347/18 1982/1347/18
f 1990/1348/29 1991/1348/29 1984/1348/29 1983/1348/29
f 1991/1349/4 1992/1349/4 1985/1349/4 1984/1349/4
f 1992/1350/30 1993/1350/30 1986/1350/30 1985/1350/30
f 1993/1351/31 1994/1351/31 1987/1351/31 1986/1351/31
f 1994/1352/11 1988/1352/11 1981/1352/11 1987/1352/11
f 1996/1353/1 1995/1353/1 1992/1353/1 1991/1353/1
f 1997/1354/1 1996/1354/1 1991/1354/1 1990/1354/1
f 1998/1355/1 1997/1355/1 1990/1355/1 1989/1355/1
f 1999/1356/1 1998/1356/1 1989/1356/1 1988/1356/1
f 2000/1357/1 1999/1357/1 1988/1357/1 1994/1357/1
f 2001/1358/1 2000/1358/1 1994/1358/1 1993/1358/1
f 1995/1359/1 2001/1359/1 1993/1359/1 1992/1359/1
f 2003/1360/5 2002/1360/5 1995/1360/5 1996/1360/5
f 2004/1361/23 2003/1361/23 1996/1361/23 1997/1361/23
f 2005/1362/13 2004/1362/13 1997/1362/13 1998/1362/13
f 2006/1363/14 2005/1363/14 1998/1363/14 1999/1363/14
f 2007/1364/15 2006/1364/15 1999/1364/15 2000/1364/15
f 2008/1365/22 2007/1365/22 2000/1365/22 2001/1365/22
f 2002/1366/25 2008/1366/25 2001/1366/25 1995/1366/25
f 2016/1367/6 2017/1367/6 2010/1367/6 2009/1367/6
f 2017/1368/35 2018/1368/35 2011/1368/35 2010/1368/35
f 2018/1369/29 2019/1369/29 2012/1369/29 2011/1369/29
f 2019/1370/4 2020/1370/4 2013/1370/4 2012/1370/4
f 2020/1371/30 2021/1371/30 2014/1371/30 2013/1371/30
f 2021/1372/21 2022/1372/21 2015/1372/21 2014/1372/21
f 2022/1373/11 2016/1373/11 2009/1373/11 2015/1373/11
f 2024/1374/1 2023/1374/1 2020/1374/1 2019/1374/1
f 2025/1375/1 2024/1375/1 2019/1375/1 2018/1375/1
f 2026/1376/1 2025/1376/1 2018/1376/1 2017/1376/1
f 2027/1377/1 2026/1377/1 2017/1377/1 2016/1377/1
f 2028/1378/1 2027/1378/1 2016/1378/1 2022/1378/1
f 2029/1379/1 2028/1379/1 2022/1379/1 2021/1379/1
f 2023/1380/1 2029/1380/1 2021/1380/1 2020/1380/1
f 2031/1381/5 2030/1381/5 2023/1381/5 2024/1381/5
f 2032/1382/23 2031/1382/23 2024/1382/23 2025/1382/23
f 2033/1383/13 2032/1383/13 2025/1383/13 2026/1383/13
f 2034/1384/14 2033/1384/14 2026/1384/14 2027/1384/14
f 2035/1385/15 2034/1385/15 2027/1385/15 2028/1385/15
f 2036/1386/22 2035/1386/22 2028/1386/22 2029/1386/22
f 2030/1387/25 2036/1387/25 2029/1387/25 2023/1387/25
f 2044/1388/6 2045/1388/6 2038/1388/6 2037/1388/6
f 2045/1389/36 2046/1389/36 2039/1389/36 2038/1389/36
f 2046/1390/32 2047/1390/32 2040/1390/32 2039/1390/32
f 2047/1391/4 2048/1391/4 2041/1391/4 2040/1391/4
f 2048/1392/33 2049/1392/33 2042/1392/33 2041/1392/33
f 2049/1393/10 2050/1393/10 2043/1393/10 2042/1393/10
f 2050/1394/11 2044/1394/11 2037/1394/11 2043/1394/11
f 2052/1395/1 2051/1395/1 2048/1395/1 2047/1395/1
f 2053/1396/1 2052/1396/1 2047/1396/1 2046/1396/1
f 2054/1397/1 2053/1397/1 2046/1397/1 2045/1397/1
f 2055/1398/1 2054/1398/1 2045/1398/1 2044/1398/1
f 2056/1399/1 2055/1399/1 2044/1399/1 2050/1399/1
f 2057/1400/1 2056/1400/1 2050/1400/1 2049/1400/1
f 2051/1401/1 2057/1401/1 2049/1401/1 2048/1401/1
f 2059/1402/5 2058/1402/5 2051/1402/5 2052/1402/5
f 2060/1403/23 2059/1403/23 2052/1403/23 2053/1403/23
f 2061/1404/24 2060/1404/24 2053/1404/24 2054/1404/24
f 2062/1405/14 2061/1405/14 2054/1405/14 2055/1405/14
f 2063/1406/15 2062/1406/15 2055/1406/15 2056/1406/15
f 2064/1407/22 2063/1407/22 2056/1407/22 2057/1407/22
f 2058/1408/37 2064/1408/37 2057/1408/37 2051/1408/37
f 2072/1409/6 2073/1409/6 2066/1409/6 2065/1409/6
f 2073/1410/7 2074/1410/7 2067/1410/7 2066/1410/7
f 2074/1411/32 2075/1411/32 2068/1411/32 2067/1411/32
f 2075/1412/4 2076/1412/4 2069/1412/4 2068/1412/4
f 2076/1413/33 2077/1413/33 2070/1413/33 2069/1413/33
f 2077/1414/34 2078/1414/34 2071/1414/34 2070/1414/34
f 2078/1415/11 2072/1415/11 2065/1415/11 2071/1415/11
f 2080/1416/1 2079/1416/1 2076/1416/1 2075/1416/1
f 2081/1417/1 2080/1417/1 2075/1417/1 2074/1417/1
f 2082/1418/1 2081/1418/1 2074/1418/1 2073/1418/1
f 2083/1419/1 2082/1419/1 2073/1419/1 2072/1419/1
f 2084/1420/1 2083/1420/1 2072/1420/1 2078/1420/1
f 2085/1421/1 2084/1421/1 2078/1421/1 2077/1421/1
f 2079/1422/1 2085/1422/1 2077/1422/1 2076/1422/1
f 2087/1423/5 2086/1423/5 2079/1423/5 2080/1423/5
f 2088/1424/23 2087/1424/23 2080/1424/23 2081/1424/23
f 2089/1425/24 2088/1425/24 2081/1425/24 2082/1425/24
f 2090/1426/14 2089/1426/14 2082/1426/14 2083/1426/14
f 2091/1427/15 2090/1427/15 2083/1427/15 2084/1427/15
f 2092/1428/22 2091/1428/22 2084/1428/22 2085/1428/22
f 2086/1429/25 2092/1429/25 2085/1429/25 2079/1429/25
f 2100/1430/26 2101/1430/26 2094/1430/26 2093/1430/26
f 2101/1431/7 2102/1431/7 2095/1431/7 2094/1431/7
f 2102/1432/8 2103/1432/8 2096/1432/8 2095/1432/8
f 2103/1433/4 2104/1433/4 2097/1433/4 2096/1433/4
f 2104/1434/9 2105/1434/9 2098/1434/9 2097/1434/9
f 2105/1435/10 2106/1435/10 2099/1435/10 2098/1435/10
f 2106/1436/27 2100/1436/27 2093/1436/27 2099/1436/27
f 2108/1437/1 2107/1437/1 2104/1437/1 2103/1437/1
f 2109/1438/1 2108/1438/1 2103/1438/1 2102/1438/1
f 2110/1439/1 2109/1439/1 2102/1439/1 2101/1439/1
f 2111/1440/1 2110/1440/1 2101/1440/1 2100/1440/1
f 2112/1441/1 2111/1441/1 2100/1441/1 2106/1441/1
f 2113/1442/1 2112/1442/1 2106/1442/1 2105/1442/1
f 2107/1443/1 2113/1443/1 2105/1443/1 2104/1443/1
f 2115/1444/5 2114/1444/5 2107/1444/5 2108/1444/5
f 2116/1445/12 2115/1445/12 2108/1445/12 2109/1445/12
f 2117/1446/13 2116/1446/13 2109/1446/13 2110/1446/13
f 2118/1447/14 2117/1447/14 2110/1447/14 2111/1447/14
f 2119/1448/15 2118/1448/15 2111/1448/15 2112/1448/15
f 2120/1449/16 2119/1449/16 2112/1449/16 2113/1449/16
f 2114/1450/25 2120/1450/25 2113/1450/25 2107/1450/25
f 2128/1451/6 2129/1451/6 2122/1451/6 2121/1451/6
f 2129/1452/36 2130/1452/36 2123/1452/36 2122/1452/36
f 2130/1453/32 2131/1453/32 2124/1453/32 2123/1453/32
f 2131/1454/4 2132/1454/4 2125/1454/4 2124/1454/4
f 2132/1455/33 2133/1455/33 2126/1455/33 2125/1455/33
f 2133/1456/10 2134/1456/10 2127/1456/10 2126/1456/10
f 2134/1457/11 2128/1457/11 2121/1457/11 2127/1457/11
f 2136/1458/1 2135/1458/1 2132/1458/1 2131/1458/1
f 2137/1459/1 2136/1459/1 2131/1459/1 2130/1459/1
f 2138/1460/1 2137/1460/1 2130/1460/1 2129/1460/1
f 2139/1461/1 2138/1461/1 2129/1461/1 2128/1461/1
f 2140/1462/1 2139/1462/1 2128/1462/1 2134/1462/1
f 2141/1463/1 2140/1463/1 2134/1463/1 2133/1463/1
f 2135/1464/1 2141/1464/1 2133/1464/1 2132/1464/1
f 2143/1465/5 2142/1465/5 2135/1465/5 2136/1465/5
f 2144/1466/23 2143/1466/23 2136/1466/23 2137/1466/23
f 2145/1467/24 2144/1467/24 2137/1467/24 2138/1467/24
f 2146/1468/14 2145/1468/14 2138/1468/14 2139/1468/14
f 2147/1469/15 2146/1469/15 2139/1469/15 2140/1469/15
f 2148/1470/22 2147/1470/22 2140/1470/22 2141/1470/22
f 2142/1471/37 2148/1471/37 2141/1471/37 2135/1471/37
f 2156/1472/6 2157/1472/6 2150/1472/6 2149/1472/6
f 2157/1473/7 2158/1473/7 2151/1473/7 2150/1473/7
f 2158/1474/32 2159/1474/32 2152/1474/32 2151/1474/32
f 2159/1475/4 2160/1475/4 2153/1475/4 2152/1475/4
f 2160/1476/33 2161/1476/33 2154/1476/33 2153/1476/33
f 2161/1477/34 2162/1477/34 2155/1477/34 2154/1477/34
f 2162/1478/11 2156/1478/11 2149/1478/11 2155/1478/11
f 2164/1479/1 2163/1479/1 2160/1479/1 2159/1479/1
f 2165/1480/1 2164/1480/1 2159/1480/1 2158/1480/1
f 2166/1481/1 2165/1481/1 2158/1481/1 2157/1481/1
f 2167/1482/1 2166/1482/1 2157/1482/1 2156/1482/1
f 2168/1483/1 2167/1483/1 2156/1483/1 2162/1483/1
f 2169/1484/1 2168/1484/1 2162/1484/1 2161/1484/1
f 2163/1485/1 2169/1485/1 2161/1485/1 2160/1485/1
f 2171/1486/5 2170/1486/5 2163/1486/5 2164/1486/5
f 2172/1487/23 2171/1487/23 2164/1487/23 2165/1487/23
f 2173/1488/24 2172/1488/24 2165/1488/24 2166/1488/24
f 2174/1489/14 2173/1489/14 2166/1489/14 2167/1489/14
f 2175/1490/15 2174/1490/15 2167/1490/15 2168/1490/15
f 2176/1491/22 2175/1491/22 2168/1491/22 2169/1491/22
f 2170/1492/25 2176/1492/25 2169/1492/25 2163/1492/25
f 2184/1493/26 2185/1493/26 2178/1493/26 2177/1493/26
f 2185/1494/7 2186/1494/7 2179/1494/7 2178/1494/7
f 2186/1495/8 2187/1495/8 2180/1495/8 2179/1495/8
f 2187/1496/4 2188/1496/4 2181/1496/4 2180/1496/4
f 2188/1497/9 2189/1497/9 2182/1497/9 2181/1497/9
f 2189/1498/10 2190/1498/10 2183/1498/10 2182/1498/10
f 2190/1499/27 2184/1499/27 2177/1499/27 2183/1499/27
f 2192/1500/1 2191/1500/1 2188/1500/1 2187/1500/1
f 2193/1501/1 2192/1501/1 2187/1501/1 2186/1501/1
f 2194/1502/1 2193/1502/1 2186/1502/1 2185/1502/1
f 2195/1503/1 2194/1503/1 2185/1503/1 2184/1503/1
f 2196/1504/1 2195/1504/1 2184/1504/1 2190/1504/1
f 2197/1505/1 2196/1505/1 2190/1505/1 2189/1505/1
f 2191/1506/1 2197/1506/1 2189/1506/1 2188/1506/1
f 2199/1507/5 2198/1507/5 2191/1507/5 2192/1507/5
f 2200/1508/12 2199/1508/12 2192/1508/12 2193/1508/12
f 2201/1509/13 2200/1509/13 2193/1509/13 2194/1509/13
f 2202/1510/14 2201/1510/14 2194/1510/14 2195/1510/14
f 2203/1511/15 2202/1511/15 2195/1511/15 2196/1511/15
f 2204/1512/16 2203/1512/16 2196/1512/16 2197/1512/16
f 2198/1513/25 2204/1513/25 2197/1513/25 2191/1513/25
f 2212/1514/6 2213/1514/6 2206/1514/6 2205/1514/6
f 2213/1515/36 2214/1515/36 2207/1515/36 2206/1515/36
f 2214/1516/32 2215/1516/32 2208/1516/32 2207/1516/32
f 2215/1517/4 2216/1517/4 2209/1517/4 2208/1517/4
f 2216/1518/33 2217/1518/33 2210/1518/33 2209/1518/33
f 2217/1519/10 2218/1519/10 2211/1519/10 2210/1519/10
f 2218/1520/11 2212/1520/11 2205/1520/11 2211/1520/11
f 2220/1521/1 2219/1521/1 2216/1521/1 2215/1521/1
f 2221/1522/1 2220/1522/1 2215/1522/1 2214/1522/1
f 2222/1523/1 2221/1523/1 2214/1523/1 2213/1523/1
f 2223/1524/1 2222/1524/1 2213/1524/1 2212/1524/1
f 2224/1525/1 2223/1525/1 2212/1525/1 2218/1525/1
f 2225/1526/1 2224/1526/1 2218/1526/1 2217/1526/1
f 2219/1527/1 2225/1527/1 2217/1527/1 2216/1527/1
f 2227/1528/5 2226/1528/5 2219/1528/5 2220/1528/5
f 2228/1529/23 2227/1529/23 2220/1529/23 2221/1529/23
f 2229/1530/24 2228/1530/24 2221/1530/24 2222/1530/24
f 2230/1531/14 2229/1531/14 2222/1531/14 2223/1531/14
f 2231/1532/15 2230/1532/15 2223/1532/15 2224/1532/15
f 2232/1533/22 2231/1533/22 2224/1533/22 2225/1533/22
f 2226/1534/37 2232/1534/37 2225/1534/37 2219/1534/37
f 2240/1535/6 2241/1535/6 2234/1535/6 2233/1535/6
f 2241/1536/7 2242/1536/7 2235/1536/7 2234/1536/7
f 2242/1537/32 2243/1537/32 2236/1537/32 2235/1537/32
f 2243/1538/4 2244/1538/4 2237/1538/4 2236/1538/4
f 2244/1539/33 2245/1539/33 2238/1539/33 2237/1539/33
f 2245/1540/34 2246/1540/34 2239/1540/34 2238/1540/34
f 2246/1541/11 2240/1541/11 2233/1541/11 2239/1541/11
f 2248/1542/1 2247/1542/1 2244/1542/1 2243/1542/1
f 2249/1543/1 2248/1543/1 2243/1543/1 2242/1543/1
f 2250/1544/1 2249/1544/1 2242/1544/1 2241/1544/1
f 2251/1545/1 2250/1545/1 2241/1545/1 2240/1545/1
f 2252/1546/1 2251/1546/1 2240/1546/1 2246/1546/1
f 2253/1547/1 2252/1547/1 2246/1547/1 2245/1547/1
f 2247/1548/1 2253/1548/1 2245/1548/1 2244/1548/1
f 2255/1549/5 2254/1549/5 2247/1549/5 2248/1549/5
f 2256/1550/23 2255/1550/23 2248/1550/23 2249/1550/23
f 2257/1551/24 2256/1551/24 2249/1551/24 2250/1551/24
f 2258/1552/14 2257/1552/14 2250/1552/14 2251/1552/14
f 2259/1553/15 2258/1553/15 2251/1553/15 2252/1553/15
f 2260/1554/22 2259/1554/22 2252/1554/22 2253/1554/22
f 2254/1555/25 2260/1555/25 2253/1555/25 2247/1555/25
f 2268/1556/26 2269/1556/26 2262/1556/26 2261/1556/26
f 2269/1557/7 2270/1557/7 2263/1557/7 2262/1557/7
f 2270/1558/8 2271/1558/8 2264/1558/8 2263/1558/8
f 2271/1559/4 2272/1559/4 2265/1559/4 2264/1559/4
f 2272/1560/9 2273/1560/9 2266/1560/9 2265/1560/9
f 2273/1561/10 2274/1561/10 2267/1561/10 2266/1561/10
f 2274/1562/27 2268/1562/27 2261/1562/27 2267/1562/27
f 2276/1563/1 2275/1563/1 2272/1563/1 2271/1563/1
f 2277/1564/1 2276/1564/1 2271/1564/1 2270/1564/1
f 2278/1565/1 2277/1565/1 2270/1565/1 2269/1565/1
f 2279/1566/1 2278/1566/1 2269/1566/1 2268/1566/1
f 2280/1567/1 2279/1567/1 2268/1567/1 2274/1567/1
f 2281/1568/1 2280/1568/1 2274/1568/1 2273/1568/1
f 2275/1569/1 2281/1569/1 2273/1569/1 2272/1569/1
f 2283/1570/5 2282/1570/5 2275/1570/5 2276/1570/5
f 2284/1571/12 2283/1571/12 2276/1571/12 2277/1571/12
f 2285/1572/13 2284/1572/13 2277/1572/13 2278/1572/13
f 2286/1573/14 2285/1573/14 2278/1573/14 2279/1573/14
f 2287/1574/15 2286/1574/15 2279/1574/15 2280/1574/15
f 2288/1575/16 2287/1575/16 2280/1575/16 2281/1575/16
f 2282/1576/25 2288/1576/25 2281/1576/25 2275/1576/25
f 2296/1577/26 2297/1577/26 2290/1577/26 2289/1577/26
f 2297/1578/7 2298/1578/7 2291/1578/7 2290/1578/7
f 2298/1579/8 2299/1579/8 2292/1579/8 2291/1579/8
f 2299/1580/4 2300/1580/4 2293/1580/4 2292/1580/4
f 2300/1581/9 2301/1581/9 2294/1581/9 2293/1581/9
f 2301/1582/10 2302/1582/10 2295/1582/10 2294/1582/10
f 2302/1583/11 2296/1583/11 2289/1583/11 2295/1583/11
f 2304/1584/1 2303/1584/1 2300/1584/1 2299/1584/1
f 2305/1585/1 2304/1585/1 2299/1585/1 2298/1585/1
f 2306/1586/1 2305/1586/1 2298/1586/1 2297/1586/1
f 2307/1587/1 2306/1587/1 2297/1587/1 2296/1587/1
f 2308/1588/1 2307/1588/1 2296/1588/1 2302/1588/1
f 2309/1589/1 2308/1589/1 2302/1589/1 2301/1589/1
f 2303/1590/1 2309/1590/1 2301/1590/1 2300/1590/1
f 2311/1591/5 2310/1591/5 2303/1591/5 2304/1591/5
f 2312/1592/12 2311/1592/12 2304/1592/12 2305/1592/12
f 2313/1593/13 2312/1593/13 2305/1593/13 2306/1593/13
f 2314/1594/14 2313/1594/14 2306/1594/14 2307/1594/14
f 2315/1595/15 2314/1595/15 2307/1595/15 2308/1595/15
f 2316/1596/16 2315/1596/16 2308/1596/16 2309/1596/16
f 2310/1597/25 2316/1597/25 2309/1597/25 2303/1597/25
f 2324/1598/6 2325/1598/6 2318/1598/6 2317/1598/6
f 2325/1599/7 2326/1599/7 2319/1599/7 2318/1599/7
f 2326/1600/32 2327/1600/32 2320/1600/32 2319/1600/32
f 2327/1601/4 2328/1601/4 2321/1601/4 2320/1601/4
f 2328/1602/33 2329/1602/33 2322/1602/33 2321/1602/33
f 2329/1603/34 2330/1603/34 2323/1603/34 2322/1603/34
f 2330/1604/11 2324/1604/11 2317/1604/11 2323/1604/11
f 2332/1605/1 2331/1605/1 2328/1605/1 2327/1605/1
f 2333/1606/1 2332/1606/1 2327/1606/1 2326/1606/1
f 2334/1607/1 2333/1607/1 2326/1607/1 2325/1607/1
f 2335/1608/1 2334/1608/1 2325/1608/1 2324/1608/1
f 2336/1609/1 2335/1609/1 2324/1609/1 2330/1609/1
f 2337/1610/1 2336/1610/1 2330/1610/1 2329/1610/1
f 2331/1611/1 2337/1611/1 2329/1611/1 2328/1611/1
f 2339/1612/5 2338/1612/5 2331/1612/5 2332/1612/5
f 2340/1613/23 2339/1613/23 2332/1613/23 2333/1613/23
f 2341/1614/24 2340/1614/24 2333/1614/24 2334/1614/24
f 2342/1615/14 2341/1615/14 2334/1615/14 2335/1615/14
f 2343/1616/15 2342/1616/15 2335/1616/15 2336/1616/15
f 2344/1617/22 2343/1617/22 2336/1617/22 2337/1617/22
f 2338/1618/25 2344/1618/25 2337/1618/25 2331/1618/25
f 2352/1619/6 2353/1619/6 2346/1619/6 2345/1619/6
f 2353/1620/36 2354/1620/36 2347/1620/36 2346/1620/36
f 2354/1621/32 2355/1621/32 2348/1621/32 2347/1621/32
f 2355/1622/4 2356/1622/4 2349/1622/4 2348/1622/4
f 2356/1623/33 2357/1623/33 2350/1623/33 2349/1623/33
f 2357/1624/10 2358/1624/10 2351/1624/10 2350/1624/10
f 2358/1625/11 2352/1625/11 2345/1625/11 2351/1625/11
f 2360/1626/1 2359/1626/1 2356/1626/1 2355/1626/1
f 2361/1627/1 2360/1627/1 2355/1627/1 2354/1627/1
f 2362/1628/1 2361/1628/1 2354/1628/1 2353/1628/1
f 2363/1629/1 2362/1629/1 2353/1629/1 2352/1629/1
f 2364/1630/1 2363/1630/1 2352/1630/1 2358/1630/1
f 2365/1631/1 2364/1631/1 2358/1631/1 2357/1631/1
f 2359/1632/1 2365/1632/1 2357/1632/1 2356/1632/1
f 2367/1633/5 2366/1633/5 2359/1633/5 2360/1633/5
f 2368/1634/23 2367/1634/23 2360/1634/23 2361/1634/23
f 2369/1635/24 2368/1635/24 2361/1635/24 2362/1635/24
f 2370/1636/14 2369/1636/14 2362/1636/14 2363/1636/14
f 2371/1637/15 2370/1637/15 2363/1637/15 2364/1637/15
f 2372/1638/22 2371/1638/22 2364/1638/22 2365/1638/22
f 2366/1639/37 2372/1639/37 2365/1639/37 2359/1639/37
f 2380/1640/6 2381/1640/6 2374/1640/6 2373/1640/6
f 2381/1641/36 2382/1641/36 2375/1641/36 2374/1641/36
f 2382/1642/32 2383/1642/32 2376/1642/32 2375/1642/32
f 2383/1643/4 2384/1643/4 2377/1643/4 2376/1643/4
f 2384/1644/33 2385/1644/33 2378/1644/33 2377/1644/33
f 2385/1645/10 2386/1645/10 2379/1645/10 2378/1645/10
f 2386/1646/11 2380/1646/11 2373/1646/11 2379/1646/11
f 2388/1647/1 2387/1647/1 2384/1647/1 2383/1647/1
f 2389/1648/1 2388/1648/1 2383/1648/1 2382/1648/1
f 2390/1649/1 2389/1649/1 2382/1649/1 2381/1649/1
f 2391/1650/1 2390/1650/1 2381/1650/1 2380/1650/1
f 2392/1651/1 2391/1651/1 2380/1651/1 2386/1651/1
f 2393/1652/1 2392/1652/1 2386/1652/1 2385/1652/1
f 2387/1653/1 2393/1653/1 2385/1653/1 2384/1653/1
f 2395/1654/5 2394/1654/5 2387/1654/5 2388/1654/5
f 2396/1655/23 2395/1655/23 2388/1655/23 2389/1655/23
f 2397/1656/24 2396/1656/24 2389/1656/24 2390/1656/24
f 2398/1657/14 2397/1657/14 2390/1657/14 2391/1657/14
f 2399/1658/15 2398/1658/15 2391/1658/15 2392/1658/15
f 2400/1659/22 2399/1659/22 2392/1659/22 2393/1659/22
f 2394/1660/37 2400/1660/37 2393/1660/37 2387/1660/37
f 2408/1661/6 2409/1661/6 2402/1661/6 2401/1661/6
f 2409/1662/7 2410/1662/7 2403/1662/7 2402/1662/7
f 2410/1663/32 2411/1663/32 2404/1663/32 2403/1663/32
f 2411/1664/4 2412/1664/4 2405/1664/4 2404/1664/4
f 2412/1665/33 2413/1665/33 2406/1665/33 2405/1665/33
f 2413/1666/34 2414/1666/34 2407/1666/34 2406/1666/34
f 2414/1667/11 2408/1667/11 2401/1667/11 2407/1667/11
f 2416/1668/1 2415/1668/1 2412/1668/1 2411/1668/1
f 2417/1669/1 2416/1669/1 2411/1669/1 2410/1669/1
f 2418/1670/1 2417/1670/1 2410/1670/1 2409/1670/1
f 2419/1671/1 2418/1671/1 2409/1671/1 2408/1671/1
f 2420/1672/1 2419/1672/1 2408/1672/1 2414/1672/1
f 2421/1673/1 2420/1673/1 2414/1673/1 2413/1673/1
f 2415/1674/1 2421/1674/1 2413/1674/1 2412/1674/1
f 2423/1675/5 2422/1675/5 2415/1675/5 2416/1675/5
f 2424/1676/23 2423/1676/23 2416/1676/23 2417/1676/23
f 2425/1677/24 2424/1677/24 2417/1677/24 2418/1677/24
f 2426/1678/14 2425/1678/14 2418/1678/14 2419/1678/14
f 2427/1679/15 2426/1679/15 2419/1679/15 2420/1679/15
f 2428/1680/22 2427/1680/22 2420/1680/22 2421/1680/22
f 2422/1681/25 2428/1681/25 2421/1681/25 2415/1681/25
f 2436/1682/26 2437/1682/26 2430/1682/26 2429/1682/26
f 2437/1683/7 2438/1683/7 2431/1683/7 2430/1683/7
f 2438/1684/8 2439/1684/8 2432/1684/8 2431/1684/8
f 2439/1685/4 2440/1685/4 2433/1685/4 2432/1685/4
f 2440/1686/9 2441/1686/9 2434/1686/9 2433/1686/9
f 2441/1687/10 2442/1687/10 2435/1687/10 2434/1687/10
f 2442/1688/27 2436/1688/27 2429/1688/27 2435/1688/27
f 2444/1689/1 2443/1689/1 2440/1689/1 2439/1689/1
f 2445/1690/1 2444/1690/1 2439/1690/1 2438/1690/1
f 2446/1691/1 2445/1691/1 2438/1691/1 2437/1691/1
f 2447/1692/1 2446/1692/1 2437/1692/1 2436/1692/1
f 2448/1693/1 2447/1693/1 2436/1693/1 2442/1693/1
f 2449/1694/1 2448/1694/1 2442/1694/1 2441/1694/1
f 2443/1695/1 2449/1695/1 2441/1695/1 2440/1695/1
f 2451/1696/5 2450/1696/5 2443/1696/5 2444/1696/5
f 2452/1697/12 2451/1697/12 2444/1697/12 2445/1697/12
f 2453/1698/13 2452/1698/13 2445/1698/13 2446/1698/13
f 2454/1699/14 2453/1699/14 2446/1699/14 2447/1699/14
f 2455/1700/15 2454/1700/15 2447/1700/15 2448/1700/15
f 2456/1701/16 2455/1701/16 2448/1701/16 2449/1701/16
f 2450/1702/25 2456/1702/25 2449/1702/25 2443/1702/25
f 2464/1703/6 2465/1703/6 2458/1703/6 2457/1703/6
f 2465/1704/18 2466/1704/18 2459/1704/18 2458/1704/18
f 2466/1705/19 2467/1705/19 2460/1705/19 2459/1705/19
f 2467/1706/4 2468/1706/4 2461/1706/4 2460/1706/4
f 2468/1707/20 2469/1707/20 2462/1707/20 2461/1707/20
f 2469/1708/21 2470/1708/21 2463/1708/21 2462/1708/21
f 2470/1709/27 2464/1709/27 2457/1709/27 2463/1709/27
f 2472/1710/1 2471/1710/1 2468/1710/1 2467/1710/1
f 2473/1711/1 2472/1711/1 2467/1711/1 2466/1711/1
f 2474/1712/1 2473/1712/1 2466/1712/1 2465/1712/1
f 2475/1713/1 2474/1713/1 2465/1713/1 2464/1713/1
f 2476/1714/1 2475/1714/1 2464/1714/1 2470/1714/1
f 2477/1715/1 2476/1715/1 2470/1715/1 2469/1715/1
f 2471/1716/1 2477/1716/1 2469/1716/1 2468/1716/1
f 2479/1717/5 2478/1717/5 2471/1717/5 2472/1717/5
f 2480/1718/12 2479/1718/12 2472/1718/12 2473/1718/12
f 2481/1719/13 2480/1719/13 2473/1719/13 2474/1719/13
f 2482/1720/14 2481/1720/14 2474/1720/14 2475/1720/14
f 2483/1721/15 2482/1721/15 2475/1721/15 2476/1721/15
f 2484/1722/22 2483/1722/22 2476/1722/22 2477/1722/22
f 2478/1723/25 2484/1723/25 2477/1723/25 2471/1723/25
f 2492/1724/6 2493/1724/6 2486/1724/6 2485/1724/6
f 2493/1725/18 2494/1725/18 2487/1725/18 2486/1725/18
f 2494/1726/29 2495/1726/29 2488/1726/29 2487/1726/29
f 2495/1727/4 2496/1727/4 2489/1727/4 2488/1727/4
f 2496/1728/30 2497/1728/30 2490/1728/30 2489/1728/30
f 2497/1729/31 2498/1729/31 2491/1729/31 2490/1729/31
f 2498/1730/11 2492/1730/11 2485/1730/11 2491/1730/11
f 2500/1731/1 2499/1731/1 2496/1731/1 2495/1731/1
f 2501/1732/1 2500/1732/1 2495/1732/1 2494/1732/1
f 2502/1733/1 2501/1733/1 2494/1733/1 2493/1733/1
f 2503/1734/1 2502/1734/1 2493/1734/1 2492/1734/1
f 2504/1735/1 2503/1735/1 2492/1735/1 2498/1735/1
f 2505/1736/1 2504/1736/1 2498/1736/1 2497/1736/1
f 2499/1737/1 2505/1737/1 2497/1737/1 2496/1737/1
f 2507/1738/5 2506/1738/5 2499/1738/5 2500/1738/5
f 2508/1739/23 2507/1739/23 2500/1739/23 2501/1739/23
f 2509/1740/13 2508/1740/13 2501/1740/13 2502/1740/13
f 2510/1741/14 2509/1741/14 2502/1741/14 2503/1741/14
f 2511/1742/15 2510/1742/15 2503/1742/15 2504/1742/15
f 2512/1743/22 2511/1743/22 2504/1743/22 2505/1743/22
f 2506/1744/25 2512/1744/25 2505/1744/25 2499/1744/25
f 2520/1745/6 2521/1745/6 2514/1745/6 2513/1745/6
f 2521/1746/35 2522/1746/35 2515/1746/35 2514/1746/35
f 2522/1747/29 2523/1747/29 2516/1747/29 2515/1747/29
f 2523/1748/4 2524/1748/4 2517/1748/4 2516/1748/4
f 2524/1749/30 2525/1749/30 2518/1749/30 2517/1749/30
f 2525/1750/21 2526/1750/21 2519/1750/21 2518/1750/21
f 2526/1751/27 2520/1751/27 2513/1751/27 2519/1751/27
f 2528/1752/1 2527/1752/1 2524/1752/1 2523/1752/1
f 2529/1753/1 2528/1753/1 2523/1753/1 2522/1753/1
f 2530/1754/1 2529/1754/1 2522/1754/1 2521/1754/1
f 2531/1755/1 2530/1755/1 2521/1755/1 2520/1755/1
f 2532/1756/1 2531/1756/1 2520/1756/1 2526/1756/1
f 2533/1757/1 2532/1757/1 2526/1757/1 2525/1757/1
f 2527/1758/1 2533/1758/1 2525/1758/1 2524/1758/1
f 2535/1759/5 2534/1759/5 2527/1759/5 2528/1759/5
f 2536/1760/23 2535/1760/23 2528/1760/23 2529/1760/23
f 2537/1761/13 2536/1761/13 2529/1761/13 2530/1761/13
f 2538/1762/14 2537/1762/14 2530/1762/14 2531/1762/14
f 2539/1763/15 2538/1763/15 2531/1763/15 2532/1763/15
f 2540/1764/22 2539/1764/22 2532/1764/22 2533/1764/22
f 2534/1765/25 2540/1765/25 2533/1765/25 2527/1765/25
f 2548/1766/6 2549/1766/6 2542/1766/6 2541/1766/6
f 2549/1767/36 2550/1767/36 2543/1767/36 2542/1767/36
f 2550/1768/32 2551/1768/32 2544/1768/32 2543/1768/32
f 2551/1769/4 2552/1769/4 2545/1769/4 2544/1769/4
f 2552/1770/33 2553/1770/33 2546/1770/33 2545/1770/33
f 2553/1771/10 2554/1771/10 2547/1771/10 2546/1771/10
f 2554/1772/27 2548/1772/27 2541/1772/27 2547/1772/27
f 2556/1773/1 2555/1773/1 2552/1773/1 2551/1773/1
f 2557/1774/1 2556/1774/1 2551/1774/1 2550/1774/1
f 2558/1775/1 2557/1775/1 2550/1775/1 2549/1775/1
f 2559/1776/1 2558/1776/1 2549/1776/1 2548/1776/1
f 2560/1777/1 2559/1777/1 2548/1777/1 2554/1777/1
f 2561/1778/1 2560/1778/1 2554/1778/1 2553/1778/1
f 2555/1779/1 2561/1779/1 2553/1779/1 2552/1779/1
f 2563/1780/5 2562/1780/5 2555/1780/5 2556/1780/5
f 2564/1781/23 2563/1781/23 2556/1781/23 2557/1781/23
f 2565/1782/24 2564/1782/24 2557/1782/24 2558/1782/24
f 2566/1783/14 2565/1783/14 2558/1783/14 2559/1783/14
f 2567/1784/15 2566/1784/15 2559/1784/15 2560/1784/15
f 2568/1785/22 2567/1785/22 2560/1785/22 2561/1785/22
f 2562/1786/37 2568/1786/37 2561/1786/37 2555/1786/37
f 2576/1787/6 2577/1787/6 2570/1787/6 2569/1787/6
f 2577/1788/7 2578/1788/7 2571/1788/7 2570/1788/7
f 2578/1789/32 2579/1789/32 2572/1789/32 2571/1789/32
f 2579/1790/4 2580/1790/4 2573/1790/4 2572/1790/4
f 2580/1791/33 2581/1791/33 2574/1791/33 2573/1791/33
f 2581/1792/34 2582/1792/34 2575/1792/34 2574/1792/34
f 2582/1793/11 2576/1793/11 2569/1793/11 2575/1793/11
f 2584/1794/1 2583/1794/1 2580/1794/1 2579/1794/1
f 2585/1795/1 2584/1795/1 2579/1795/1 2578/1795/1
f 2586/1796/1 2585/1796/1 2578/1796/1 2577/1796/1
f 2587/1797/1 2586/1797/1 2577/1797/1 2576/1797/1
f 2588/1798/1 2587/1798/1 2576/1798/1 2582/1798/1
f 2589/1799/1 2588/1799/1 2582/1799/1 2581/1799/1
f 2583/1800/1 2589/1800/1 2581/1800/1 2580/1800/1
f 2591/1801/5 2590/1801/5 2583/1801/5 2584/1801/5
f 2592/1802/23 2591/1802/23 2584/1802/23 2585/1802/23
f 2593/1803/24 2592/1803/24 2585/1803/24 2586/1803/24
f 2594/1804/14 2593/1804/14 2586/1804/14 2587/1804/14
f 2595/1805/15 2594/1805/15 2587/1805/15 2588/1805/15
f 2596/1806/22 2595/1806/22 2588/1806/22 2589/1806/22
f 2590/1807/25 2596/1807/25 2589/1807/25 2583/1807/25
f 2604/1808/6 2605/1808/6 2598/1808/6 2597/1808/6
f 2605/1809/7 2606/1809/7 2599/1809/7 2598/1809/7
f 2606/1810/8 2607/1810/8 2600/1810/8 2599/1810/8
f 2607/1811/4 2608/1811/4 2601/1811/4 2600/1811/4
f 2608/1812/9 2609/1812/9 2602/1812/9 2601/1812/9
f 2609/1813/10 2610/1813/10 2603/1813/10 2602/1813/10
f 2610/1814/27 2604/1814/27 2597/1814/27 2603/1814/27
f 2612/1815/1 2611/1815/1 2608/1815/1 2607/1815/1
f 2613/1816/1 2612/1816/1 2607/1816/1 2606/1816/1
f 2614/1817/1 2613/1817/1 2606/1817/1 2605/1817/1
f 2615/1818/1 2614/1818/1 2605/1818/1 2604/1818/1
f 2616/1819/1 2615/1819/1 2604/1819/1 2610/1819/1
f 2617/1820/1 2616/1820/1 2610/1820/1 2609/1820/1
f 2611/1821/1 2617/1821/1 2609/1821/1 2608/1821/1
f 2619/1822/5 2618/1822/5 2611/1822/5 2612/1822/5
f 2620/1823/12 2619/1823/12 2612/1823/12 2613/1823/12
f 2621/1824/13 2620/1824/13 2613/1824/13 2614/1824/13
f 2622/1825/14 2621/1825/14 2614/1825/14 2615/1825/14
f 2623/1826/15 2622/1826/15 2615/1826/15 2616/1826/15
f 2624/1827/16 2623/1827/16 2616/1827/16 2617/1827/16
f 2618/1828/25 2624/1828/25 2617/1828/25 2611/1828/25
f 2632/1829/6 2633/1829/6 2626/1829/6 2625/1829/6
f 2633/1830/36 2634/1830/36 2627/1830/36 2626/1830/36
f 2634/1831/32 2635/1831/32 2628/1831/32 2627/1831/32
f 2635/1832/4 2636/1832/4 2629/1832/4 2628/1832/4
f 2636/1833/33 2637/1833/33 2630/1833/33 2629/1833/33
f 2637/1834/10 2638/1834/10 2631/1834/10 2630/1834/10
f 2638/1835/27 2632/1835/27 2625/1835/27 2631/1835/27
f 2640/1836/1 2639/1836/1 2636/1836/1 2635/1836/1
f 2641/1837/1 2640/1837/1 2635/1837/1 2634/1837/1
f 2642/1838/1 2641/1838/1 2634/1838/1 2633/1838/1
f 2643/1839/1 2642/1839/1 2633/1839/1 2632/1839/1
f 2644/1840/1 2643/1840/1 2632/1840/1 2638/1840/1
f 2645/1841/1 2644/1841/1 2638/1841/1 2637/1841/1
f 2639/1842/1 2645/1842/1 2637/1842/1 2636/1842/1
f 2647/1843/5 2646/1843/5 2639/1843/5 2640/1843/5
f 2648/1844/23 2647/1844/23 2640/1844/23 2641/1844/23
f 2649/1845/24 2648/1845/24 2641/1845/24 2642/1845/24
f 2650/1846/14 2649/1846/14 2642/1846/14 2643/1846/14
f 2651/1847/15 2650/1847/15 2643/1847/15 2644/1847/15
f 2652/1848/22 2651/1848/22 2644/1848/22 2645/1848/22
f 2646/1849/37 2652/1849/37 2645/1849/37 2639/1849/37
f 2660/1850/6 2661/1850/6 2654/1850/6 2653/1850/6
f 2661/1851/7 2662/1851/7 2655/1851/7 2654/1851/7
f 2662/1852/32 2663/1852/32 2656/1852/32 2655/1852/32
f 2663/1853/4 2664/1853/4 2657/1853/4 2656/1853/4
f 2664/1854/33 2665/1854/33 2658/1854/33 2657/1854/33
f 2665/1855/34 2666/1855/34 2659/1855/34 2658/1855/34
f 2666/1856/11 2660/1856/11 2653/1856/11 2659/1856/11
f 2668/1857/1 2667/1857/1 2664/1857/1 2663/1857/1
f 2669/1858/1 2668/1858/1 2663/1858/1 2662/1858/1
f 2670/1859/1 2669/1859/1 2662/1859/1 2661/1859/1
f 2671/1860/1 2670/1860/1 2661/1860/1 2660/1860/1
f 2672/1861/1 2671/1861/1 2660/1861/1 2666/1861/1
f 2673/1862/1 2672/1862/1 2666/1862/1 2665/1862/1
f 2667/1863/1 2673/1863/1 2665/1863/1 2664/1863/1
f 2675/1864/5 2674/1864/5 2667/1864/5 2668/1864/5
f 2676/1865/23 2675/1865/23 2668/1865/23 2669/1865/23
f 2677/1866/24 2676/1866/24 2669/1866/24 2670/1866/24
f 2678/1867/14 2677/1867/14 2670/1867/14 2671/1867/14
f 2679/1868/15 2678/1868/15 2671/1868/15 2672/1868/15
f 2680/1869/22 2679/1869/22 2672/1869/22 2673/1869/22
f 2674/1870/25 2680/1870/25 2673/1870/25 2667/1870/25
f 2688/1871/6 2689/1871/6 2682/1871/6 2681/1871/6
f 2689/1872/7 2690/1872/7 2683/1872/7 2682/1872/7
f 2690/1873/8 2691/1873/8 2684/1873/8 2683/1873/8
f 2691/1874/4 2692/1874/4 2685/1874/4 2684/1874/4
f 2692/1875/9 2693/1875/9 2686/1875/9 2685/1875/9
f 2693/1876/10 2694/1876/10 2687/1876/10 2686/1876/10
f 2694/1877/27 2688/1877/27 2681/1877/27 2687/1877/27
f 2696/1878/1 2695/1878/1 2692/1878/1 2691/1878/1
f 2697/1879/1 2696/1879/1 2691/1879/1 2690/1879/1
f 2698/1880/1 2697/1880/1 2690/1880/1 2689/1880/1
f 2699/1881/1 2698/1881/1 2689/1881/1 2688/1881/1
f 2700/1882/1 2699/1882/1 2688/1882/1 2694/1882/1
f 2701/1883/1 2700/1883/1 2694/1883/1 2693/1883/1
f 2695/1884/1 2701/1884/1 2693/1884/1 2692/1884/1
f 2703/1885/5 2702/1885/5 2695/1885/5 2696/1885/5
f 2704/1886/12 2703/1886/12 2696/1886/12 2697/1886/12
f 2705/1887/13 2704/1887/13 2697/1887/13 2698/1887/13
f 2706/1888/14 2705/1888/14 2698/1888/14 2699/1888/14
f 2707/1889/15 2706/1889/15 2699/1889/15 2700/1889/15
f 2708/1890/16 2707/1890/16 2700/1890/16 2701/1890/16
f 2702/1891/25 2708/1891/25 2701/1891/25 2695/1891/25
f 2716/1892/6 2717/1892/6 2710/1892/6 2709/1892/6
f 2717/1893/36 2718/1893/36 2711/1893/36 2710/1893/36
f 2718/1894/32 2719/1894/32 2712/1894/32 2711/1894/32
f 2719/1895/4 2720/1895/4 2713/1895/4 2712/1895/4
f 2720/1896/33 2721/1896/33 2714/1896/33 2713/1896/33
f 2721/1897/10 2722/1897/10 2715/1897/10 2714/1897/10
f 2722/1898/27 2716/1898/27 2709/1898/27 2715/1898/27
f 2724/1899/1 2723/1899/1 2720/1899/1 2719/1899/1
f 2725/1900/1 2724/1900/1 2719/1900/1 2718/1900/1
f 2726/1901/1 2725/1901/1 2718/1901/1 2717/1901/1
f 2727/1902/1 2726/1902/1 2717/1902/1 2716/1902/1
f 2728/1903/1 2727/1903/1 2716/1903/1 2722/1903/1
f 2729/1904/1 2728/1904/1 2722/1904/1 2721/1904/1
f 2723/1905/1 2729/1905/1 2721/1905/1 2720/1905/1
f 2731/1906/5 2730/1906/5 2723/1906/5 2724/1906/5
f 2732/1907/23 2731/1907/23 2724/1907/23 2725/1907/23
f 2733/1908/24 2732/1908/24 2725/1908/24 2726/1908/24
f 2734/1909/14 2733/1909/14 2726/1909/14 2727/1909/14
f 2735/1910/15 2734/1910/15 2727/1910/15 2728/1910/15
f 2736/1911/22 2735/1911/22 2728/1911/22 2729/1911/22
f 2730/1912/37 2736/1912/37 2729/1912/37 2723/1912/37
f 2744/1913/6 2745/1913/6 2738/1913/6 2737/1913/6
f 2745/1914/7 2746/1914/7 2739/1914/7 2738/1914/7
f 2746/1915/32 2747/1915/32 2740/1915/32 2739/1915/32
f 2747/1916/4 2748/1916/4 2741/1916/4 2740/1916/4
f 2748/1917/33 2749/1917/33 2742/1917/33 2741/1917/33
f 2749/1918/34 2750/1918/34 2743/1918/34 2742/1918/34
f 2750/1919/11 2744/1919/11 2737/1919/11 2743/1919/11
f 2752/1920/1 2751/1920/1 2748/1920/1 2747/1920/1
f 2753/1921/1 2752/1921/1 2747/1921/1 2746/1921/1
f 2754/1922/1 2753/1922/1 2746/1922/1 2745/1922/1
f 2755/1923/1 2754/1923/1 2745/1923/1 2744/1923/1
f 2756/1924/1 2755/1924/1 2744/1924/1 2750/1924/1
f 2757/1925/1 2756/1925/1 2750/1925/1 2749/1925/1
f 2751/1926/1 2757/1926/1 2749/1926/1 2748/1926/1
f 2759/1927/5 2758/1927/5 2751/1927/5 2752/1927/5
f 2760/1928/23 2759/1928/23 2752/1928/23 2753/1928/23
f 2761/1929/24 2760/1929/24 2753/1929/24 2754/1929/24
f 2762/1930/14 2761/1930/14 2754/1930/14 2755/1930/14
f 2763/1931/15 2762/1931/15 2755/1931/15 2756/1931/15
f 2764/1932/22 2763/1932/22 2756/1932/22 2757/1932/22
f 2758/1933/25 2764/1933/25 2757/1933/25 2751/1933/25
f 2772/1934/6 2773/1934/6 2766/1934/6 2765/1934/6
f 2773/1935/7 2774/1935/7 2767/1935/7 2766/1935/7
f 2774/1936/8 2775/1936/8 2768/1936/8 2767/1936/8
f 2775/1937/4 2776/1937/4 2769/1937/4 2768/1937/4
f 2776/1938/9 2777/1938/9 2770/1938/9 2769/1938/9
f 2777/1939/10 2778/1939/10 2771/1939/10 2770/1939/10
f 2778/1940/27 2772/1940/27 2765/1940/27 2771/1940/27
f 2780/1941/1 2779/1941/1 2776/1941/1 2775/1941/1
f 2781/1942/1 2780/1942/1 2775/1942/1 2774/1942/1
f 2782/1943/1 2781/1943/1 2774/1943/1 2773/1943/1
f 2783/1944/1 2782/1944/1 2773/1944/1 2772/1944/1
f 2784/1945/1 2783/1945/1 2772/1945/1 2778/1945/1
f 2785/1946/1 2784/1946/1 2778/1946/1 2777/1946/1
f 2779/1947/1 2785/1947/1 2777/1947/1 2776/1947/1
f 2787/1948/5 2786/1948/5 2779/1948/5 2780/1948/5
f 2788/1949/12 2787/1949/12 2780/1949/12 2781/1949/12
f 2789/1950/13 2788/1950/13 2781/1950/13 2782/1950/13
f 2790/1951/14 2789/1951/14 2782/1951/14 2783/1951/14
f 2791/1952/15 2790/1952/15 2783/1952/15 2784/1952/15
f 2792/1953/16 2791/1953/16 2784/1953/16 2785/1953/16
f 2786/1954/25 2792/1954/25 2785/1954/25 2779/1954/25
f 2800/1955/26 2801/1955/26 2794/1955/26 2793/1955/26
f 2801/1956/7 2802/1956/7 2795/1956/7 2794/1956/7
f 2802/1957/8 2803/1957/8 2796/1957/8 2795/1957/8
f 2803/1958/4 2804/1958/4 2797/1958/4 2796/1958/4
f 2804/1959/9 2805/1959/9 2798/1959/9 2797/1959/9
f 2805/1960/10 2806/1960/10 2799/1960/10 2798/1960/10
f 2806/1961/27 2800/1961/27 2793/1961/27 2799/1961/27
f 2808/1962/1 2807/1962/1 2804/1962/1 2803/1962/1
f 2809/1963/1 2808/1963/1 2803/1963/1 2802/1963/1
f 2810/1964/1 2809/1964/1 2802/1964/1 2801/1964/1
f 2811/1965/1 2810/1965/1 2801/1965/1 2800/1965/1
f 2812/1966/1 2811/1966/1 2800/1966/1 2806/1966/1
f 2813/1967/1 2812/1967/1 2806/1967/1 2805/1967/1
f 2807/1968/1 2813/1968/1 2805/1968/1 2804/1968/1
f 2815/1969/5 2814/1969/5 2807/1969/5 2808/1969/5
f 2816/1970/12 2815/1970/12 2808/1970/12 2809/1970/12
f 2817/1971/13 2816/1971/13 2809/1971/13 2810/1971/13
f 2818/1972/14 2817/1972/14 2810/1972/14 2811/1972/14
f 2819/1973/15 2818/1973/15 2811/1973/15 2812/1973/15
f 2820/1974/16 2819/1974/16 2812/1974/16 2813/1974/16
f 2814/1975/25 2820/1975/25 2813/1975/25 2807/1975/25
f 2828/1976/6 2829/1976/6 2822/1976/6 2821/1976/6
f 2829/1977/7 2830/1977/7 2823/1977/7 2822/1977/7
f 2830/1978/32 2831/1978/32 2824/1978/32 2823/1978/32
f 2831/1979/4 2832/1979/4 2825/1979/4 2824/1979/4
f 2832/1980/33 2833/1980/33 2826/1980/33 2825/1980/33
f 2833/1981/34 2834/1981/34 2827/1981/34 2826/1981/34
f 2834/1982/11 2828/1982/11 2821/1982/11 2827/1982/11
f 2836/1983/1 2835/1983/1 2832/1983/1 2831/1983/1
f 2837/1984/1 2836/1984/1 2831/1984/1 2830/1984/1
f 2838/1985/1 2837/1985/1 2830/1985/1 2829/1985/1
f 2839/1986/1 2838/1986/1 2829/1986/1 2828/1986/1
f 2840/1987/1 2839/1987/1 2828/1987/1 2834/1987/1
f 2841/1988/1 2840/1988/1 2834/1988/1 2833/1988/1
f 2835/1989/1 2841/1989/1 2833/1989/1 2832/1989/1
f 2843/1990/5 2842/1990/5 2835/1990/5 2836/1990/5
f 2844/1991/23 2843/1991/23 2836/1991/23 2837/1991/23
f 2845/1992/24 2844/1992/24 2837/1992/24 2838/1992/24
f 2846/1993/14 2845/1993/14 2838/1993/14 2839/1993/14
f 2847/1994/15 2846/1994/15 2839/1994/15 2840/1994/15
f 2848/1995/22 2847/1995/22 2840/1995/22 2841/1995/22
f 2842/1996/25 2848/1996/25 2841/1996/25 2835/1996/25
f 2856/1997/6 2857/1997/6 2850/1997/6 2849/1997/6
f 2857/1998/36 2858/1998/36 2851/1998/36 2850/1998/36
f 2858/1999/32 2859/1999/32 2852/1999/32 2851/1999/32
f 2859/2000/4 2860/2000/4 2853/2000/4 2852/2000/4
f 2860/2001/33 2861/2001/33 2854/2001/33 2853/2001/33
f 2861/2002/10 2862/2002/10 2855/2002/10 2854/2002/10
f 2862/2003/11 2856/2003/11 2849/2003/11 2855/2003/11
f 2864/2004/1 2863/2004/1 2860/2004/1 2859/2004/1
f 2865/2005/1 2864/2005/1 2859/2005/1 2858/2005/1
f 2866/2006/1 2865/2006/1 2858/2006/1 2857/2006/1
f 2867/2007/1 2866/2007/1 2857/2007/1 2856/2007/1
f 2868/2008/1 2867/2008/1 2856/2008/1 2862/2008/1
f 2869/2009/1 2868/2009/1 2862/2009/1 2861/2009/1
f 2863/2010/1 2869/2010/1 2861/2010/1 2860/2010/1
f 2871/2011/5 2870/2011/5 2863/2011/5 2864/2011/5
f 2872/2012/23 2871/2012/23 2864/2012/23 2865/2012/23
f 2873/2013/24 2872/2013/24 2865/2013/24 2866/2013/24
f 2874/2014/14 2873/2014/14 2866/2014/14 2867/2014/14
f 2875/2015/15 2874/2015/15 2867/2015/15 2868/2015/15
f 2876/2016/22 2875/2016/22 2868/2016/22 2869/2016/22
f 2870/2017/37 2876/2017/37 2869/2017/37 2863/2017/37
f 2884/2018/6 2885/2018/6 2878/2018/6 2877/2018/6
f 2885/2019/36 2886/2019/36 2879/2019/36 2878/2019/36
f 2886/2020/32 2887/2020/32 2880/2020/32 2879/2020/32
f 2887/2021/4 2888/2021/4 2881/2021/4 2880/2021/4
f 2888/2022/33 2889/2022/33 2882/2022/33 2881/2022/33
f 2889/2023/10 2890/2023/10 2883/2023/10 2882/2023/10
f 2890/2024/27 2884/2024/27 2877/2024/27 2883/2024/27
f 2892/2025/1 2891/2025/1 2888/2025/1 2887/2025/1
f 2893/2026/1 2892/2026/1 2887/2026/1 2886/2026/1
f 2894/2027/1 2893/2027/1 2886/2027/1 2885/2027/1
f 2895/2028/1 2894/2028/1 2885/2028/1 2884/2028/1
f 2896/2029/1 2895/2029/1 2884/2029/1 2890/2029/1
f 2897/2030/1 2896/2030/1 2890/2030/1 2889/2030/1
f 2891/2031/1 2897/2031/1 2889/2031/1 2888/2031/1
f 2899/2032/5 2898/2032/5 2891/2032/5 2892/2032/5
f 2900/2033/23 2899/2033/23 2892/2033/23 2893/2033/23
f 2901/2034/24 2900/2034/24 2893/2034/24 2894/2034/24
f 2902/2035/14 2901/2035/14 2894/2035/14 2895/2035/14
f 2903/2036/15 2902/2036/15 2895/2036/15 2896/2036/15
f 2904/2037/22 2903/2037/22 2896/2037/22 2897/2037/22
f 2898/2038/37 2904/2038/37 2897/2038/37 2891/2038/37
f 2912/2039/6 2913/2039/6 2906/2039/6 2905/2039/6
f 2913/2040/7 2914/2040/7 2907/2040/7 2906/2040/7
f 2914/2041/32 2915/2041/32 2908/2041/32 2907/2041/32
f 2915/2042/4 2916/2042/4 2909/2042/4 2908/2042/4
f 2916/2043/33 2917/2043/33 2910/2043/33 2909/2043/33
f 2917/2044/34 2918/2044/34 2911/2044/34 2910/2044/34
f 2918/2045/11 2912/2045/11 2905/2045/11 2911/2045/11
f 2920/2046/1 2919/2046/1 2916/2046/1 2915/2046/1
f 2921/2047/1 2920/2047/1 2915/2047/1 2914/2047/1
f 2922/2048/1 2921/2048/1 2914/2048/1 2913/2048/1
f 2923/2049/1 2922/2049/1 2913/2049/1 2912/2049/1
f 2924/2050/1 2923/2050/1 2912/2050/1 2918/2050/1
f 2925/2051/1 2924/2051/1 2918/2051/1 2917/2051/1
f 2919/2052/1 2925/2052/1 2917/2052/1 2916/2052/1
f 2927/2053/5 2926/2053/5 2919/2053/5 2920/2053/5
f 2928/2054/23 2927/2054/23 2920/2054/23 2921/2054/23
f 2929/2055/24 2928/2055/24 2921/2055/24 2922/2055/24
f 2930/2056/14 2929/2056/14 2922/2056/14 2923/2056/14
f 2931/2057/15 2930/2057/15 2923/2057/15 2924/2057/15
f 2932/2058/22 2931/2058/22 2924/2058/22 2925/2058/22
f 2926/2059/25 2932/2059/25 2925/2059/25 2919/2059/25
f 2940/2060/6 2941/2060/6 2934/2060/6 2933/2060/6
f 2941/2061/7 2942/2061/7 2935/2061/7 2934/2061/7
f 2942/2062/8 2943/2062/8 2936/2062/8 2935/2062/8
f 2943/2063/4 2944/2063/4 2937/2063/4 2936/2063/4
f 2944/2064/9 2945/2064/9 2938/2064/9 2937/2064/9
f 2945/2065/10 2946/2065/10 2939/2065/10 2938/2065/10
f 2946/2066/27 2940/2066/27 2933/2066/27 2939/2066/27
f 2948/2067/1 2947/2067/1 2944/2067/1 2943/2067/1
f 2949/2068/1 2948/2068/1 2943/2068/1 2942/2068/1
f 2950/2069/1 2949/2069/1 2942/2069/1 2941/2069/1
f 2951/2070/1 2950/2070/1 2941/2070/1 2940/2070/1
f 2952/2071/1 2951/2071/1 2940/2071/1 2946/2071/1
f 2953/2072/1 2952/2072/1 2946/2072/1 2945/2072/1
f 2947/2073/1 2953/2073/1 2945/2073/1 2944/2073/1
f 2955/2074/5 2954/2074/5 2947/2074/5 2948/2074/5
f 2956/2075/12 2955/2075/12 2948/2075/12 2949/2075/12
f 2957/2076/13 2956/2076/13 2949/2076/13 2950/2076/13
f 2958/2077/14 2957/2077/14 2950/2077/14 2951/2077/14
f 2959/2078/15 2958/2078/15 2951/2078/15 2952/2078/15
f 2960/2079/16 2959/2079/16 2952/2079/16 2953/2079/16
f 2954/2080/25 2960/2080/25 2953/2080/25 2947/2080/25
f 2968/2081/6 2969/2081/6 2962/2081/6 2961/2081/6
f 2969/2082/18 2970/2082/18 2963/2082/18 2962/2082/18
f 2970/2083/19 2971/2083/19 2964/2083/19 2963/2083/19
f 2971/2084/4 2972/2084/4 2965/2084/4 2964/2084/4
f 2972/2085/20 2973/2085/20 2966/2085/20 2965/2085/20
f 2973/2086/21 2974/2086/21 2967/2086/21 2966/2086/21
f 2974/2087/27 2968/2087/27 2961/2087/27 2967/2087/27
f 2976/2088/1 2975/2088/1 2972/2088/1 2971/2088/1
f 2977/2089/1 2976/2089/1 2971/2089/1 2970/2089/1
f 2978/2090/1 2977/2090/1 2970/2090/1 2969/2090/1
f 2979/2091/1 2978/2091/1 2969/2091/1 2968/2091/1
f 2980/2092/1 2979/2092/1 2968/2092/1 2974/2092/1
f 2981/2093/1 2980/2093/1 2974/2093/1 2973/2093/1
f 2975/2094/1 2981/2094/1 2973/2094/1 2972/2094/1
f 2983/2095/5 2982/2095/5 2975/2095/5 2976/2095/5
f 2984/2096/12 2983/2096/12 2976/2096/12 2977/2096/12
f 2985/2097/13 2984/2097/13 2977/2097/13 2978/2097/13
f 2986/2098/14 2985/2098/14 2978/2098/14 2979/2098/14
f 2987/2099/15 2986/2099/15 2979/2099/15 2980/2099/15
f 2988/2100/22 2987/2100/22 2980/2100/22 2981/2100/22
f 2982/2101/25 2988/2101/25 2981/2101/25 2975/2101/25
f 2996/2102/6 2997/2102/6 2990/2102/6 2989/2102/6
f 2997/2103/18 2998/2103/18 2991/2103/18 2990/2103/18
f 2998/2104/29 2999/2104/29 2992/2104/29 2991/2104/29
f 2999/2105/4 3000/2105/4 2993/2105/4 2992/2105/4
f 3000/2106/30 3001/2106/30 2994/2106/30 2993/2106/30
f 3001/2107/31 3002/2107/31 2995/2107/31 2994/2107/31
f 3002/2108/11 2996/2108/11 2989/2108/11 2995/2108/11
f 3004/2109/1 3003/2109/1 3000/2109/1 2999/2109/1
f 3005/2110/1 3004/2110/1 2999/2110/1 2998/2110/1
f 3006/2111/1 3005/2111/1 2998/2111/1 2997/2111/1
f 3007/2112/1 3006/2112/1 2997/2112/1 2996/2112/1
f 3008/2113/1 3007/2113/1 2996/2113/1 3002/2113/1
f 3009/2114/1 3008/2114/1 3002/2114/1 3001/2114/1
f 3003/2115/1 3009/2115/1 3001/2115/1 3000/2115/1
f 3011/2116/5 3010/2116/5 3003/2116/5 3004/2116/5
f 3012/2117/23 3011/2117/23 3004/2117/23 3005/2117/23
f 3013/2118/13 3012/2118/13 3005/2118/13 3006/2118/13
f 3014/2119/14 3013/2119/14 3006/2119/14 3007/2119/14
f 3015/2120/15 3014/2120/15 3007/2120/15 3008/2120/15
f 3016/2121/22 3015/2121/22 3008/2121/22 3009/2121/22
f 3010/2122/25 3016/2122/25 3009/2122/25 3003/2122/25
f 3024/2123/6 3025/2123/6 3018/2123/6 3017/2123/6
f 3025/2124/35 3026/2124/35 3019/2124/35 3018/2124/35
f 3026/2125/29 3027/2125/29 3020/2125/29 3019/2125/29
f 3027/2126/4 3028/2126/4 3021/2126/4 3020/2126/4
f 3028/2127/30 3029/2127/30 3022/2127/30 3021/2127/30
f 3029/2128/21 3030/2128/21 3023/2128/21 3022/2128/21
f 3030/2129/11 3024/2129/11 3017/2129/11 3023/2129/11
f 3032/2130/1 3031/2130/1 3028/2130/1 3027/2130/1
f 3033/2131/1 3032/2131/1 3027/2131/1 3026/2131/1
f 3034/2132/1 3033/2132/1 3026/2132/1 3025/2132/1
f 3035/2133/1 3034/2133/1 3025/2133/1 3024/2133/1
f 3036/2134/1 3035/2134/1 3024/2134/1 3030/2134/1
f 3037/2135/1 3036/2135/1 3030/2135/1 3029/2135/1
f 3031/2136/1 3037/2136/1 3029/2136/1 3028/2136/1
f 3039/2137/5 3038/2137/5 3031/2137/5 3032/2137/5
f 3040/2138/12 3039/2138/12 3032/2138/12 3033/2138/12
f 3041/2139/13 3040/2139/13 3033/2139/13 3034/2139/13
f 3042/2140/14 3041/2140/14 3034/2140/14 3035/2140/14
f 3043/2141/15 3042/2141/15 3035/2141/15 3036/2141/15
f 3044/2142/22 3043/2142/22 3036/2142/22 3037/2142/22
f 3038/2143/37 3044/2143/37 3037/2143/37 3031/2143/37
f 3052/2144/6 3053/2144/6 3046/2144/6 3045/2144/6
f 3053/2145/36 3054/2145/36 3047/2145/36 3046/2145/36
f 3054/2146/32 3055/2146/32 3048/2146/32 3047/2146/32
f 3055/2147/4 3056/2147/4 3049/2147/4 3048/2147/4
f 3056/2148/33 3057/2148/33 3050/2148/33 3049/2148/33
f 3057/2149/10 3058/2149/10 3051/2149/10 3050/2149/10
f 3058/2150/11 3052/2150/11 3045/2150/11 3051/2150/11
f 3060/2151/1 3059/2151/1 3056/2151/1 3055/2151/1
f 3061/2152/1 3060/2152/1 3055/2152/1 3054/2152/1
f 3062/2153/1 3061/2153/1 3054/2153/1 3053/2153/1
f 3063/2154/1 3062/2154/1 3053/2154/1 3052/2154/1
f 3064/2155/1 3063/2155/1 3052/2155/1 3058/2155/1
f 3065/2156/1 3064/2156/1 3058/2156/1 3057/2156/1
f 3059/2157/1 3065/2157/1 3057/2157/1 3056/2157/1
f 3067/2158/5 3066/2158/5 3059/2158/5 3060/2158/5
f 3068/2159/12 3067/2159/12 3060/2159/12 3061/2159/12
f 3069/2160/13 3068/2160/13 3061/2160/13 3062/2160/13
f 3070/2161/14 3069/2161/14 3062/2161/14 3063/2161/14
f 3071/2162/15 3070/2162/15 3063/2162/15 3064/2162/15
f 3072/2163/22 3071/2163/22 3064/2163/22 3065/2163/22
f 3066/2164/37 3072/2164/37 3065/2164/37 3059/2164/37
f 3080/2165/6 3081/2165/6 3074/2165/6 3073/2165/6
f 3081/2166/7 3082/2166/7 3075/2166/7 3074/2166/7
f 3082/2167/32 3083/2167/32 3076/2167/32 3075/2167/32
f 3083/2168/4 3084/2168/4 3077/2168/4 3076/2168/4
f 3084/2169/33 3085/2169/33 3078/2169/33 3077/2169/33
f 3085/2170/34 3086/2170/34 3079/2170/34 3078/2170/34
f 3086/2171/11 3080/2171/11 3073/2171/11 3079/2171/11
f 3088/2172/1 3087/2172/1 3084/2172/1 3083/2172/1
f 3089/2173/1 3088/2173/1 3083/2173/1 3082/2173/1
f 3090/2174/1 3089/2174/1 3082/2174/1 3081/2174/1
f 3091/2175/1 3090/2175/1 3081/2175/1 3080/2175/1
f 3092/2176/1 3091/2176/1 3080/2176/1 3086/2176/1
f 3093/2177/1 3092/2177/1 3086/2177/1 3085/2177/1
f 3087/2178/1 3093/2178/1 3085/2178/1 3084/2178/1
f 3095/2179/5 3094/2179/5 3087/2179/5 3088/2179/5
f 3096/2180/23 3095/2180/23 3088/2180/23 3089/2180/23
f 3097/2181/24 3096/2181/24 3089/2181/24 3090/2181/24
f 3098/2182/14 3097/2182/14 3090/2182/14 3091/2182/14
f 3099/2183/15 3098/2183/15 3091/2183/15 3092/2183/15
f 3100/2184/22 3099/2184/22 3092/2184/22 3093/2184/22
f 3094/2185/25 3100/2185/25 3093/2185/25 3087/2185/25
f 3108/2186/6 3109/2186/6 3102/2186/6 3101/2186/6
f 3109/2187/7 3110/2187/7 3103/2187/7 3102/2187/7
f 3110/2188/8 3111/2188/8 3104/2188/8 3103/2188/8
f 3111/2189/4 3112/2189/4 3105/2189/4 3104/2189/4
f 3112/2190/9 3113/2190/9 3106/2190/9 3105/2190/9
f 3113/2191/10 3114/2191/10 3107/2191/10 3106/2191/10
f 3114/2192/27 3108/2192/27 3101/2192/27 3107/2192/27
f 3116/2193/1 3115/2193/1 3112/2193/1 3111/2193/1
f 3117/2194/1 3116/2194/1 3111/2194/1 3110/2194/1
f 3118/2195/1 3117/2195/1 3110/2195/1 3109/2195/1
f 3119/2196/1 3118/2196/1 3109/2196/1 3108/2196/1
f 3120/2197/1 3119/2197/1 3108/2197/1 3114/2197/1
f 3121/2198/1 3120/2198/1 3114/2198/1 3113/2198/1
f 3115/2199/1 3121/2199/1 3113/2199/1 3112/2199/1
f 3123/2200/5 3122/2200/5 3115/2200/5 3116/2200/5
f 3124/2201/12 3123/2201/12 3116/2201/12 3117/2201/12
f 3125/2202/13 3124/2202/13 3117/2202/13 3118/2202/13
f 3126/2203/14 3125/2203/14 3118/2203/14 3119/2203/14
f 3127/2204/15 3126/2204/15 3119/2204/15 3120/2204/15
f 3128/2205/22 3127/2205/22 3120/2205/22 3121/2205/22
f 3122/2206/25 3128/2206/25 3121/2206/25 3115/2206/25
f 3136/2207/6 3137/2207/6 3130/2207/6 3129/2207/6
f 3137/2208/36 3138/2208/36 3131/2208/36 3130/2208/36
f 3138/2209/32 3139/2209/32 3132/2209/32 3131/2209/32
f 3139/2210/4 3140/2210/4 3133/2210/4 3132/2210/4
f 3140/2211/33 3141/2211/33 3134/2211/33 3133/2211/33
f 3141/2212/10 3142/2212/10 3135/2212/10 3134/2212/10
f 3142/2213/11 3136/2213/11 3129/2213/11 3135/2213/11
f 3144/2214/1 3143/2214/1 3140/2214/1 3139/2214/1
f 3145/2215/1 3144/2215/1 3139/2215/1 3138/2215/1
f 3146/2216/1 3145/2216/1 3138/2216/1 3137/2216/1
f 3147/2217/1 3146/2217/1 3137/2217/1 3136/2217/1
f 3148/2218/1 3147/2218/1 3136/2218/1 3142/2218/1
f 3149/2219/1 3148/2219/1 3142/2219/1 3141/2219/1
f 3143/2220/1 3149/2220/1 3141/2220/1 3140/2220/1
f 3151/2221/5 3150/2221/5 3143/2221/5 3144/2221/5
f 3152/2222/12 3151/2222/12 3144/2222/12 3145/2222/12
f 3153/2223/13 3152/2223/13 3145/2223/13 3146/2223/13
f 3154/2224/14 3153/2224/14 3146/2224/14 3147/2224/14
f 3155/2225/15 3154/2225/15 3147/2225/15 3148/2225/15
f 3156/2226/22 3155/2226/22 3148/2226/22 3149/2226/22
f 3150/2227/37 3156/2227/37 3149/2227/37 3143/2227/37
f 3164/2228/6 3165/2228/6 3158/2228/6 3157/2228/6
f 3165/2229/7 3166/2229/7 3159/2229/7 3158/2229/7
f 3166/2230/32 3167/2230/32 3160/2230/32 3159/2230/32
f 3167/2231/4 3168/2231/4 3161/2231/4 3160/2231/4
f 3168/2232/33 3169/2232/33 3162/2232/33 3161/2232/33
f 3169/2233/34 3170/2233/34 3163/2233/34 3162/2233/34
f 3170/2234/11 3164/2234/11 3157/2234/11 3163/2234/11
f 3172/2235/1 3171/2235/1 3168/2235/1 3167/2235/1
f 3173/2236/1 3172/2236/1 3167/2236/1 3166/2236/1
f 3174/2237/1 3173/2237/1 3166/2237/1 3165/2237/1
f 3175/2238/1 3174/2238/1 3165/2238/1 3164/2238/1
f 3176/2239/1 3175/2239/1 3164/2239/1 3170/2239/1
f 3177/2240/1 3176/2240/1 3170/2240/1 3169/2240/1
f 3171/2241/1 3177/2241/1 3169/2241/1 3168/2241/1
f 3179/2242/5 3178/2242/5 3171/2242/5 3172/2242/5
f 3180/2243/23 3179/2243/23 3172/2243/23 3173/2243/23
f 3181/2244/24 3180/2244/24 3173/2244/24 3174/2244/24
f 3182/2245/14 3181/2245/14 3174/2245/14 3175/2245/14
f 3183/2246/15 3182/2246/15 3175/2246/15 3176/2246/15
f 3184/2247/22 3183/2247/22 3176/2247/22 3177/2247/22
f 3178/2248/25 3184/2248/25 3177/2248/25 3171/2248/25
f 3192/2249/6 3193/2249/6 3186/2249/6 3185/2249/6
f 3193/2250/7 3194/2250/7 3187/2250/7 3186/2250/7
f 3194/2251/8 3195/2251/8 3188/2251/8 3187/2251/8
f 3195/2252/4 3196/2252/4 3189/2252/4 3188/2252/4
f 3196/2253/9 3197/2253/9 3190/2253/9 3189/2253/9
f 3197/2254/10 3198/2254/10 3191/2254/10 3190/2254/10
f 3198/2255/27 3192/2255/27 3185/2255/27 3191/2255/27
f 3200/2256/1 3199/2256/1 3196/2256/1 3195/2256/1
f 3201/2257/1 3200/2257/1 3195/2257/1 3194/2257/1
f 3202/2258/1 3201/2258/1 3194/2258/1 3193/2258/1
f 3203/2259/1 3202/2259/1 3193/2259/1 3192/2259/1
f 3204/2260/1 3203/2260/1 3192/2260/1 3198/2260/1
f 3205/2261/1 3204/2261/1 3198/2261/1 3197/2261/1
f 3199/2262/1 3205/2262/1 3197/2262/1 3196/2262/1
f 3207/2263/5 3206/2263/5 3199/2263/5 3200/2263/5
f 3208/2264/12 3207/2264/12 3200/2264/12 3201/2264/12
f 3209/2265/13 3208/2265/13 3201/2265/13 3202/2265/13
f 3210/2266/14 3209/2266/14 3202/2266/14 3203/2266/14
f 3211/2267/15 3210/2267/15 3203/2267/15 3204/2267/15
f 3212/2268/22 3211/2268/22 3204/2268/22 3205/2268/22
f 3206/2269/25 3212/2269/25 3205/2269/25 3199/2269/25
f 3220/2270/6 3221/2270/6 3214/2270/6 3213/2270/6
f 3221/2271/36 3222/2271/36 3215/2271/36 3214/2271/36
f 3222/2272/32 3223/2272/32 3216/2272/32 3215/2272/32
f 3223/2273/4 3224/2273/4 3217/2273/4 3216/2273/4
f 3224/2274/33 3225/2274/33 3218/2274/33 3217/2274/33
f 3225/2275/10 3226/2275/10 3219/2275/10 3218/2275/10
f 3226/2276/11 3220/2276/11 3213/2276/11 3219/2276/11
f 3228/2277/1 3227/2277/1 3224/2277/1 3223/2277/1
f 3229/2278/1 3228/2278/1 3223/2278/1 3222/2278/1
f 3230/2279/1 3229/2279/1 3222/2279/1 3221/2279/1
f 3231/2280/1 3230/2280/1 3221/2280/1 3220/2280/1
f 3232/2281/1 3231/2281/1 3220/2281/1 3226/2281/1
f 3233/2282/1 3232/2282/1 3226/2282/1 3225/2282/1
f 3227/2283/1 3233/2283/1 3225/2283/1 3224/2283/1
f 3235/2284/5 3234/2284/5 3227/2284/5 3228/2284/5
f 3236/2285/12 3235/2285/12 3228/2285/12 3229/2285/12
f 3237/2286/13 3236/2286/13 3229/2286/13 3230/2286/13
f 3238/2287/14 3237/2287/14 3230/2287/14 3231/2287/14
f 3239/2288/15 3238/2288/15 3231/2288/15 3232/2288/15
f 3240/2289/22 3239/2289/22 3232/2289/22 3233/2289/22
f 3234/2290/37 3240/2290/37 3233/2290/37 3227/2290/37
f 3248/2291/6 3249/2291/6 3242/2291/6 3241/2291/6
f 3249/2292/7 3250/2292/7 3243/2292/7 3242/2292/7
f 3250/2293/32 3251/2293/32 3244/2293/32 3243/2293/32
f 3251/2294/4 3252/2294/4 3245/2294/4 3244/2294/4
f 3252/2295/33 3253/2295/33 3246/2295/33 3245/2295/33
f 3253/2296/34 3254/2296/34 3247/2296/34 3246/2296/34
f 3254/2297/11 3248/2297/11 3241/2297/11 3247/2297/11
f 3256/2298/1 3255/2298/1 3252/2298/1 3251/2298/1
f 3257/2299/1 3256/2299/1 3251/2299/1 3250/2299/1
f 3258/2300/1 3257/2300/1 3250/2300/1 3249/2300/1
f 3259/2301/1 3258/2301/1 3249/2301/1 3248/2301/1
f 3260/2302/1 3259/2302/1 3248/2302/1 3254/2302/1
f 3261/2303/1 3260/2303/1 3254/2303/1 3253/2303/1
f 3255/2304/1 3261/2304/1 3253/2304/1 3252/2304/1
f 3263/2305/5 3262/2305/5 3255/2305/5 3256/2305/5
f 3264/2306/23 3263/2306/23 3256/2306/23 3257/2306/23
f 3265/2307/24 3264/2307/24 3257/2307/24 3258/2307/24
f 3266/2308/14 3265/2308/14 3258/2308/14 3259/2308/14
f 3267/2309/15 3266/2309/15 3259/2309/15 3260/2309/15
f 3268/2310/22 3267/2310/22 3260/2310/22 3261/2310/22
f 3262/2311/25 3268/2311/25 3261/2311/25 3255/2311/25
f 3276/2312/6 3277/2312/6 3270/2312/6 3269/2312/6
f 3277/2313/7 3278/2313/7 3271/2313/7 3270/2313/7
f 3278/2314/8 3279/2314/8 3272/2314/8 3271/2314/8
f 3279/2315/4 3280/2315/4 3273/2315/4 3272/2315/4
f 3280/2316/9 3281/2316/9 3274/2316/9 3273/2316/9
f 3281/2317/10 3282/2317/10 3275/2317/10 3274/2317/10
f 3282/2318/27 3276/2318/27 3269/2318/27 3275/2318/27
f 3284/2319/1 3283/2319/1 3280/2319/1 3279/2319/1
f 3285/2320/1 3284/2320/1 3279/2320/1 3278/2320/1
f 3286/2321/1 3285/2321/1 3278/2321/1 3277/2321/1
f 3287/2322/1 3286/2322/1 3277/2322/1 3276/2322/1
f 3288/2323/1 3287/2323/1 3276/2323/1 3282/2323/1
f 3289/2324/1 3288/2324/1 3282/2324/1 3281/2324/1
f 3283/2325/1 3289/2325/1 3281/2325/1 3280/2325/1
f 3291/2326/5 3290/2326/5 3283/2326/5 3284/2326/5
f 3292/2327/12 3291/2327/12 3284/2327/12 3285/2327/12
f 3293/2328/13 3292/2328/13 3285/2328/13 3286/2328/13
f 3294/2329/14 3293/2329/14 3286/2329/14 3287/2329/14
f 3295/2330/15 3294/2330/15 3287/2330/15 3288/2330/15
f 3296/2331/22 3295/2331/22 3288/2331/22 3289/2331/22
f 3290/2332/25 3296/2332/25 3289/2332/25 3283/2332/25
f 3304/2333/26 3305/2333/26 3298/2333/26 3297/2333/26
f 3305/2334/7 3306/2334/7 3299/2334/7 3298/2334/7
f 3306/2335/8 3307/2335/8 3300/2335/8 3299/2335/8
f 3307/2336/4 3308/2336/4 3301/2336/4 3300/2336/4
f 3308/2337/9 3309/2337/9 3302/2337/9 3301/2337/9
f 3309/2338/10 3310/2338/10 3303/2338/10 3302/2338/10
f 3310/2339/11 3304/2339/11 3297/2339/11 3303/2339/11
f 3312/2340/1 3311/2340/1 3308/2340/1 3307/2340/1
f 3313/2341/1 3312/2341/1 3307/2341/1 3306/2341/1
f 3314/2342/1 3313/2342/1 3306/2342/1 3305/2342/1
f 3315/2343/1 3314/2343/1 3305/2343/1 3304/2343/1
f 3316/2344/1 3315/2344/1 3304/2344/1 3310/2344/1
f 3317/2345/1 3316/2345/1 3310/2345/1 3309/2345/1
f 3311/2346/1 3317/2346/1 3309/2346/1 3308/2346/1
f 3319/2347/5 3318/2347/5 3311/2347/5 3312/2347/5
f 3320/2348/12 3319/2348/12 3312/2348/12 3313/2348/12
f 3321/2349/13 3320/2349/13 3313/2349/13 3314/2349/13
f 3322/2350/14 3321/2350/14 3314/2350/14 3315/2350/14
f 3323/2351/15 3322/2351/15 3315/2351/15 3316/2351/15
f 3324/2352/22 3323/2352/22 3316/2352/22 3317/2352/22
f 3318/2353/25 3324/2353/25 3317/2353/25 3311/2353/25
f 3332/2354/6 3333/2354/6 3326/2354/6 3325/2354/6
f 3333/2355/7 3334/2355/7 3327/2355/7 3326/2355/7
f 3334/2356/32 3335/2356/32 3328/2356/32 3327/2356/32
f 3335/2357/4 3336/2357/4 3329/2357/4 3328/2357/4
f 3336/2358/33 3337/2358/33 3330/2358/33 3329/2358/33
f 3337/2359/34 3338/2359/34 3331/2359/34 3330/2359/34
f 3338/2360/11 3332/2360/11 3325/2360/11 3331/2360/11
f 3340/2361/1 3339/2361/1 3336/2361/1 3335/2361/1
f 3341/2362/1 3340/2362/1 3335/2362/1 3334/2362/1
f 3342/2363/1 3341/2363/1 3334/2363/1 3333/2363/1
f 3343/2364/1 3342/2364/1 3333/2364/1 3332/2364/1
f 3344/2365/1 3343/2365/1 3332/2365/1 3338/2365/1
f 3345/2366/1 3344/2366/1 3338/2366/1 3337/2366/1
f 3339/2367/1 3345/2367/1 3337/2367/1 3336/2367/1
f 3347/2368/5 3346/2368/5 3339/2368/5 3340/2368/5
f 3348/2369/23 3347/2369/23 3340/2369/23 3341/2369/23
f 3349/2370/24 3348/2370/24 3341/2370/24 3342/2370/24
f 3350/2371/14 3349/2371/14 3342/2371/14 3343/2371/14
f 3351/2372/15 3350/2372/15 3343/2372/15 3344/2372/15
f 3352/2373/22 3351/2373/22 3344/2373/22 3345/2373/22
f 3346/2374/25 3352/2374/25 3345/2374/25 3339/2374/25
f 3360/2375/6 3361/2375/6 3354/2375/6 3353/2375/6
f 3361/2376/36 3362/2376/36 3355/2376/36 3354/2376/36
f 3362/2377/32 3363/2377/32 3356/2377/32 3355/2377/32
f 3363/2378/4 3364/2378/4 3357/2378/4 3356/2378/4
f 3364/2379/33 3365/2379/33 3358/2379/33 3357/2379/33
f 3365/2380/10 3366/2380/10 3359/2380/10 3358/2380/10
f 3366/2381/11 3360/2381/11 3353/2381/11 3359/2381/11
f 3368/2382/1 3367/2382/1 3364/2382/1 3363/2382/1
f 3369/2383/1 3368/2383/1 3363/2383/1 3362/2383/1
f 3370/2384/1 3369/2384/1 3362/2384/1 3361/2384/1
f 3371/2385/1 3370/2385/1 3361/2385/1 3360/2385/1
f 3372/2386/1 3371/2386/1 3360/2386/1 3366/2386/1
f 3373/2387/1 3372/2387/1 3366/2387/1 3365/2387/1
f 3367/2388/1 3373/2388/1 3365/2388/1 3364/2388/1
f 3375/2389/5 3374/2389/5 3367/2389/5 3368/2389/5
f 3376/2390/12 3375/2390/12 3368/2390/12 3369/2390/12
f 3377/2391/13 3376/2391/13 3369/2391/13 3370/2391/13
f 3378/2392/14 3377/2392/14 3370/2392/14 3371/2392/14
f 3379/2393/15 3378/2393/15 3371/2393/15 3372/2393/15
f 3380/2394/22 3379/2394/22 3372/2394/22 3373/2394/22
f 3374/2395/37 3380/2395/37 3373/2395/37 3367/2395/37
f 3388/2396/6 3389/2396/6 3382/2396/6 3381/2396/6
f 3389/2397/36 3390/2397/36 3383/2397/36 3382/2397/36
f 3390/2398/32 3391/2398/32 3384/2398/32 3383/2398/32
f 3391/2399/4 3392/2399/4 3385/2399/4 3384/2399/4
f 3392/2400/33 3393/2400/33 3386/2400/33 3385/2400/33
f 3393/2401/10 3394/2401/10 3387/2401/10 3386/2401/10
f 3394/2402/11 3388/2402/11 3381/2402/11 3387/2402/11
f 3396/2403/1 3395/2403/1 3392/2403/1 3391/2403/1
f 3397/2404/1 3396/2404/1 3391/2404/1 3390/2404/1
f 3398/2405/1 3397/2405/1 3390/2405/1 3389/2405/1
f 3399/2406/1 3398/2406/1 3389/2406/1 3388/2406/1
f 3400/2407/1 3399/2407/1 3388/2407/1 3394/2407/1
f 3401/2408/1 3400/2408/1 3394/2408/1 3393/2408/1
f 3395/2409/1 3401/2409/1 3393/2409/1 3392/2409/1
f 3403/2410/5 3402/2410/5 3395/2410/5 3396/2410/5
f 3404/2411/12 3403/2411/12 3396/2411/12 3397/2411/12
f 3405/2412/13 3404/2412/13 3397/2412/13 3398/2412/13
f 3406/2413/14 3405/2413/14 3398/2413/14 3399/2413/14
f 3407/2414/15 3406/2414/15 3399/2414/15 3400/2414/15
f 3408/2415/22 3407/2415/22 3400/2415/22 3401/2415/22
f 3402/2416/37 3408/2416/37 3401/2416/37 3395/2416/37
f 3416/2417/6 3417/2417/6 3410/2417/6 3409/2417/6
f 3417/2418/7 3418/2418/7 3411/2418/7 3410/2418/7
f 3418/2419/32 3419/2419/32 3412/2419/32 3411/2419/32
f 3419/2420/4 3420/2420/4 3413/2420/4 3412/2420/4
f 3420/2421/33 3421/2421/33 3414/2421/33 3413/2421/33
f 3421/2422/34 3422/2422/34 3415/2422/34 3414/2422/34
f 3422/2423/11 3416/2423/11 3409/2423/11 3415/2423/11
f 3424/2424/1 3423/2424/1 3420/2424/1 3419/2424/1
f 3425/2425/1 3424/2425/1 3419/2425/1 3418/2425/1
f 3426/2426/1 3425/2426/1 3418/2426/1 3417/2426/1
f 3427/2427/1 3426/2427/1 3417/2427/1 3416/2427/1
f 3428/2428/1 3427/2428/1 3416/2428/1 3422/2428/1
f 3429/2429/1 3428/2429/1 3422/2429/1 3421/2429/1
f 3423/2430/1 3429/2430/1 3421/2430/1 3420/2430/1
f 3431/2431/5 3430/2431/5 3423/2431/5 3424/2431/5
f 3432/2432/23 3431/2432/23 3424/2432/23 3425/2432/23
f 3433/2433/24 3432/2433/24 3425/2433/24 3426/2433/24
f 3434/2434/14 3433/2434/14 3426/2434/14 3427/2434/14
f 3435/2435/15 3434/2435/15 3427/2435/15 3428/2435/15
f 3436/2436/22 3435/2436/22 3428/2436/22 3429/2436/22
f 3430/2437/25 3436/2437/25 3429/2437/25 3423/2437/25
f 3444/2438/6 3445/2438/6 3438/2438/6 3437/2438/6
f 3445/2439/7 3446/2439/7 3439/2439/7 3438/2439/7
f 3446/2440/8 3447/2440/8 3440/2440/8 3439/2440/8
f 3447/2441/4 3448/2441/4 3441/2441/4 3440/2441/4
f 3448/2442/9 3449/2442/9 3442/2442/9 3441/2442/9
f 3449/2443/10 3450/2443/10 3443/2443/10 3442/2443/10
f 3450/2444/27 3444/2444/27 3437/2444/27 3443/2444/27
f 3452/2445/1 3451/2445/1 3448/2445/1 3447/2445/1
f 3453/2446/1 3452/2446/1 3447/2446/1 3446/2446/1
f 3454/2447/1 3453/2447/1 3446/2447/1 3445/2447/1
f 3455/2448/1 3454/2448/1 3445/2448/1 3444/2448/1
f 3456/2449/1 3455/2449/1 3444/2449/1 3450/2449/1
f 3457/2450/1 3456/2450/1 3450/2450/1 3449/2450/1
f 3451/2451/1 3457/2451/1 3449/2451/1 3448/2451/1
f 3459/2452/5 3458/2452/5 3451/2452/5 3452/2452/5
f 3460/2453/12 3459/2453/12 3452/2453/12 3453/2453/12
f 3461/2454/13 3460/2454/13 3453/2454/13 3454/2454/13
f 3462/2455/14 3461/2455/14 3454/2455/14 3455/2455/14
f 3463/2456/15 3462/2456/15 3455/2456/15 3456/2456/15
f 3464/2457/22 3463/2457/22 3456/2457/22 3457/2457/22
f 3458/2458/25 3464/2458/25 3457/2458/25 3451/2458/25
f 3472/2459/6 3473/2459/6 3466/2459/6 3465/2459/6
f 3473/2460/36 3474/2460/36 3467/2460/36 3466/2460/36
f 3474/2461/32 3475/2461/32 3468/2461/32 3467/2461/32
f 3475/2462/4 3476/2462/4 3469/2462/4 3468/2462/4
f 3476/2463/33 3477/2463/33 3470/2463/33 3469/2463/33
f 3477/2464/10 3478/2464/10 3471/2464/10 3470/2464/10
f 3478/2465/27 3472/2465/27 3465/2465/27 3471/2465/27
f 3480/2466/1 3479/2466/1 3476/2466/1 3475/2466/1
f 3481/2467/1 3480/2467/1 3475/2467/1 3474/2467/1
f 3482/2468/1 3481/2468/1 3474/2468/1 3473/2468/1
f 3483/2469/1 3482/2469/1 3473/2469/1 3472/2469/1
f 3484/2470/1 3483/2470/1 3472/2470/1 3478/2470/1
f 3485/2471/1 3484/2471/1 3478/2471/1 3477/2471/1
f 3479/2472/1 3485/2472/1 3477/2472/1 3476/2472/1
f 3487/2473/5 3486/2473/5 3479/2473/5 3480/2473/5
f 3488/2474/12 3487/2474/12 3480/2474/12 3481/2474/12
f 3489/2475/24 3488/2475/24 3481/2475/24 3482/2475/24
f 3490/2476/14 3489/2476/14 3482/2476/14 3483/2476/14
f 3491/2477/15 3490/2477/15 3483/2477/15 3484/2477/15
f 3492/2478/22 3491/2478/22 3484/2478/22 3485/2478/22
f 3486/2479/25 3492/2479/25 3485/2479/25 3479/2479/25
f 3500/2480/6 3501/2480/6 3494/2480/6 3493/2480/6
f 3501/2481/36 3502/2481/36 3495/2481/36 3494/2481/36
f 3502/2482/32 3503/2482/32 3496/2482/32 3495/2482/32
f 3503/2483/4 3504/2483/4 3497/2483/4 3496/2483/4
f 3504/2484/9 3505/2484/9 3498/2484/9 3497/2484/9
f 3505/2485/10 3506/2485/10 3499/2485/10 3498/2485/10
f 3506/2486/11 3500/2486/11 3493/2486/11 3499/2486/11
f 3508/2487/1 3507/2487/1 3504/2487/1 3503/2487/1
f 3509/2488/1 3508/2488/1 3503/2488/1 3502/2488/1
f 3510/2489/1 3509/2489/1 3502/2489/1 3501/2489/1
f 3511/2490/1 3510/2490/1 3501/2490/1 3500/2490/1
f 3512/2491/1 3511/2491/1 3500/2491/1 3506/2491/1
f 3513/2492/1 3512/2492/1 3506/2492/1 3505/2492/1
f 3507/2493/1 3513/2493/1 3505/2493/1 3504/2493/1
f 3515/2494/5 3514/2494/5 3507/2494/5 3508/2494/5
f 3516/2495/12 3515/2495/12 3508/2495/12 3509/2495/12
f 3517/2496/13 3516/2496/13 3509/2496/13 3510/2496/13
f 3518/2497/14 3517/2497/14 3510/2497/14 3511/2497/14
f 3519/2498/15 3518/2498/15 3511/2498/15 3512/2498/15
f 3520/2499/22 3519/2499/22 3512/2499/22 3513/2499/22
f 3514/2500/17 3520/2500/17 3513/2500/17 3507/2500/17
f 3528/2501/6 3529/2501/6 3522/2501/6 3521/2501/6
f 3529/2502/36 3530/2502/36 3523/2502/36 3522/2502/36
f 3530/2503/32 3531/2503/32 3524/2503/32 3523/2503/32
f 3531/2504/4 3532/2504/4 3525/2504/4 3524/2504/4
f 3532/2505/33 3533/2505/33 3526/2505/33 3525/2505/33
f 3533/2506/10 3534/2506/10 3527/2506/10 3526/2506/10
f 3534/2507/11 3528/2507/11 3521/2507/11 3527/2507/11
f 3536/2508/1 3535/2508/1 3532/2508/1 3531/2508/1
f 3537/2509/1 3536/2509/1 3531/2509/1 3530/2509/1
f 3538/2510/1 3537/2510/1 3530/2510/1 3529/2510/1
f 3539/2511/1 3538/2511/1 3529/2511/1 3528/2511/1
f 3540/2512/1 3539/2512/1 3528/2512/1 3534/2512/1
f 3541/2513/1 3540/2513/1 3534/2513/1 3533/2513/1
f 3535/2514/1 3541/2514/1 3533/2514/1 3532/2514/1
f 3543/2515/5 3542/2515/5 3535/2515/5 3536/2515/5
f 3544/2516/12 3543/2516/12 3536/2516/12 3537/2516/12
f 3545/2517/13 3544/2517/13 3537/2517/13 3538/2517/13
f 3546/2518/14 3545/2518/14 3538/2518/14 3539/2518/14
f 3547/2519/15 3546/2519/15 3539/2519/15 3540/2519/15
f 3548/2520/22 3547/2520/22 3540/2520/22 3541/2520/22
f 3542/2521/25 3548/2521/25 3541/2521/25 3535/2521/25
f 3556/2522/6 3557/2522/6 3550/2522/6 3549/2522/6
f 3557/2523/36 3558/2523/36 3551/2523/36 3550/2523/36
f 3558/2524/32 3559/2524/32 3552/2524/32 3551/2524/32
f 3559/2525/4 3560/2525/4 3553/2525/4 3552/2525/4
f 3560/2526/33 3561/2526/33 3554/2526/33 3553/2526/33
f 3561/2527/10 3562/2527/10 3555/2527/10 3554/2527/10
f 3562/2528/27 3556/2528/27 3549/2528/27 3555/2528/27
f 3564/2529/1 3563/2529/1 3560/2529/1 3559/2529/1
f 3565/2530/1 3564/2530/1 3559/2530/1 3558/2530/1
f 3566/2531/1 3565/2531/1 3558/2531/1 3557/2531/1
f 3567/2532/1 3566/2532/1 3557/2532/1 3556/2532/1
f 3568/2533/1 3567/2533/1 3556/2533/1 3562/2533/1
f 3569/2534/1 3568/2534/1 3562/2534/1 3561/2534/1
f 3563/2535/1 3569/2535/1 3561/2535/1 3560/2535/1
f 3571/2536/5 3570/2536/5 3563/2536/5 3564/2536/5
f 3572/2537/12 3571/2537/12 3564/2537/12 3565/2537/12
f 3573/2538/13 3572/2538/13 3565/2538/13 3566/2538/13
f 3574/2539/14 3573/2539/14 3566/2539/14 3567/2539/14
f 3575/2540/15 3574/2540/15 3567/2540/15 3568/2540/15
f 3576/2541/22 3575/2541/22 3568/2541/22 3569/2541/22
f 3570/2542/25 3576/2542/25 3569/2542/25 3563/2542/25
f 3584/2543/6 3585/2543/6 3578/2543/6 3577/2543/6
f 3585/2544/7 3586/2544/7 3579/2544/7 3578/2544/7
f 3586/2545/8 3587/2545/8 3580/2545/8 3579/2545/8
f 3587/2546/4 3588/2546/4 3581/2546/4 3580/2546/4
f 3588/2547/9 3589/2547/9 3582/2547/9 3581/2547/9
f 3589/2548/10 3590/2548/10 3583/2548/10 3582/2548/10
f 3590/2549/27 3584/2549/27 3577/2549/27 3583/2549/27
f 3592/2550/1 3591/2550/1 3588/2550/1 3587/2550/1
f 3593/2551/1 3592/2551/1 3587/2551/1 3586/2551/1
f 3594/2552/1 3593/2552/1 3586/2552/1 3585/2552/1
f 3595/2553/1 3594/2553/1 3585/2553/1 3584/2553/1
f 3596/2554/1 3595/2554/1 3584/2554/1 3590/2554/1
f 3597/2555/1 3596/2555/1 3590/2555/1 3589/2555/1
f 3591/2556/1 3597/2556/1 3589/2556/1 3588/2556/1
f 3599/2557/5 3598/2557/5 3591/2557/5 3592/2557/5
f 3600/2558/12 3599/2558/12 3592/2558/12 3593/2558/12
f 3601/2559/13 3600/2559/13 3593/2559/13 3594/2559/13
f 3602/2560/14 3601/2560/14 3594/2560/14 3595/2560/14
f 3603/2561/15 3602/2561/15 3595/2561/15 3596/2561/15
f 3604/2562/22 3603/2562/22 3596/2562/22 3597/2562/22
f 3598/2563/25 3604/2563/25 3597/2563/25 3591/2563/25
f 3612/2564/6 3613/2564/6 3606/2564/6 3605/2564/6
f 3613/2565/36 3614/2565/36 3607/2565/36 3606/2565/36
f 3614/2566/32 3615/2566/32 3608/2566/32 3607/2566/32
f 3615/2567/4 3616/2567/4 3609/2567/4 3608/2567/4
f 3616/2568/33 3617/2568/33 3610/2568/33 3609/2568/33
f 3617/2569/10 3618/2569/10 3611/2569/10 3610/2569/10
f 3618/2570/27 3612/2570/27 3605/2570/27 3611/2570/27
f 3620/2571/1 3619/2571/1 3616/2571/1 3615/2571/1
f 3621/2572/1 3620/2572/1 3615/2572/1 3614/2572/1
f 3622/2573/1 3621/2573/1 3614/2573/1 3613/2573/1
f 3623/2574/1 3622/2574/1 3613/2574/1 3612/2574/1
f 3624/2575/1 3623/2575/1 3612/2575/1 3618/2575/1
f 3625/2576/1 3624/2576/1 3618/2576/1 3617/2576/1
f 3619/2577/1 3625/2577/1 3617/2577/1 3616/2577/1
f 3627/2578/5 3626/2578/5 3619/2578/5 3620/2578/5
f 3628/2579/12 3627/2579/12 3620/2579/12 3621/2579/12
f 3629/2580/13 3628/2580/13 3621/2580/13 3622/2580/13
f 3630/2581/14 3629/2581/14 3622/2581/14 3623/2581/14
f 3631/2582/15 3630/2582/15 3623/2582/15 3624/2582/15
f 3632/2583/22 3631/2583/22 3624/2583/22 3625/2583/22
f 3626/2584/25 3632/2584/25 3625/2584/25 3619/2584/25
f 3640/2585/6 3641/2585/6 3634/2585/6 3633/2585/6
f 3641/2586/36 3642/2586/36 3635/2586/36 3634/2586/36
f 3642/2587/32 3643/2587/32 3636/2587/32 3635/2587/32
f 3643/2588/4 3644/2588/4 3637/2588/4 3636/2588/4
f 3644/2589/33 3645/2589/33 3638/2589/33 3637/2589/33
f 3645/2590/10 3646/2590/10 3639/2590/10 3638/2590/10
f 3646/2591/27 3640/2591/27 3633/2591/27 3639/2591/27
f 3648/2592/1 3647/2592/1 3644/2592/1 3643/2592/1
f 3649/2593/1 3648/2593/1 3643/2593/1 3642/2593/1
f 3650/2594/1 3649/2594/1 3642/2594/1 3641/2594/1
f 3651/2595/1 3650/2595/1 3641/2595/1 3640/2595/1
f 3652/2596/1 3651/2596/1 3640/2596/1 3646/2596/1
f 3653/2597/1 3652/2597/1 3646/2597/1 3645/2597/1
f 3647/2598/1 3653/2598/1 3645/2598/1 3644/2598/1
f 3655/2599/5 3654/2599/5 3647/2599/5 3648/2599/5
f 3656/2600/12 3655/2600/12 3648/2600/12 3649/2600/12
f 3657/2601/13 3656/2601/13 3649/2601/13 3650/2601/13
f 3658/2602/14 3657/2602/14 3650/2602/14 3651/2602/14
f 3659/2603/15 3658/2603/15 3651/2603/15 3652/2603/15
f 3660/2604/22 3659/2604/22 3652/2604/22 3653/2604/22
f 3654/2605/25 3660/2605/25 3653/2605/25 3647/2605/25
f 3668/2606/6 3669/2606/6 3662/2606/6 3661/2606/6
f 3669/2607/36 3670/2607/36 3663/2607/36 3662/2607/36
f 3670/2608/32 3671/2608/32 3664/2608/32 3663/2608/32
f 3671/2609/4 3672/2609/4 3665/2609/4 3664/2609/4
f 3672/2610/9 3673/2610/9 3666/2610/9 3665/2610/9
f 3673/2611/10 3674/2611/10 3667/2611/10 3666/2611/10
f 3674/2612/27 3668/2612/27 3661/2612/27 3667/2612/27
f 3676/2613/1 3675/2613/1 3672/2613/1 3671/2613/1
f 3677/2614/1 3676/2614/1 3671/2614/1 3670/2614/1
f 3678/2615/1 3677/2615/1 3670/2615/1 3669/2615/1
f 3679/2616/1 3678/2616/1 3669/2616/1 3668/2616/1
f 3680/2617/1 3679/2617/1 3668/2617/1 3674/2617/1
f 3681/2618/1 3680/2618/1 3674/2618/1 3673/2618/1
f 3675/2619/1 3681/2619/1 3673/2619/1 3672/2619/1
f 3683/2620/5 3682/2620/5 3675/2620/5 3676/2620/5
f 3684/2621/12 3683/2621/12 3676/2621/12 3677/2621/12
f 3685/2622/13 3684/2622/13 3677/2622/13 3678/2622/13
f 3686/2623/14 3685/2623/14 3678/2623/14 3679/2623/14
f 3687/2624/15 3686/2624/15 3679/2624/15 3680/2624/15
f 3688/2625/22 3687/2625/22 3680/2625/22 3681/2625/22
f 3682/2626/25 3688/2626/25 3681/2626/25 3675/2626/25
f 3696/2627/6 3697/2627/6 3690/2627/6 3689/2627/6
f 3697/2628/36 3698/2628/36 3691/2628/36 3690/2628/36
f 3698/2629/32 3699/2629/32 3692/2629/32 3691/2629/32
f 3699/2630/4 3700/2630/4 3693/2630/4 3692/2630/4
f 3700/2631/33 3701/2631/33 3694/2631/33 3693/2631/33
f 3701/2632/10 3702/2632/10 3695/2632/10 3694/2632/10
f 3702/2633/11 3696/2633/11 3689/2633/11 3695/2633/11
f 3704/2634/1 3703/2634/1 3700/2634/1 3699/2634/1
f 3705/2635/1 3704/2635/1 3699/2635/1 3698/2635/1
f 3706/2636/1 3705/2636/1 3698/2636/1 3697/2636/1
f 3707/2637/1 3706/2637/1 3697/2637/1 3696/2637/1
f 3708/2638/1 3707/2638/1 3696/2638/1 3702/2638/1
f 3709/2639/1 3708/2639/1 3702/2639/1 3701/2639/1
f 3703/2640/1 3709/2640/1 3701/2640/1 3700/2640/1
f 3711/2641/5 3710/2641/5 3703/2641/5 3704/2641/5
f 3712/2642/12 3711/2642/12 3704/2642/12 3705/2642/12
f 3713/2643/13 3712/2643/13 3705/2643/13 3706/2643/13
f 3714/2644/14 3713/2644/14 3706/2644/14 3707/2644/14
f 3715/2645/15 3714/2645/15 3707/2645/15 3708/2645/15
f 3716/2646/22 3715/2646/22 3708/2646/22 3709/2646/22
f 3710/2647/25 3716/2647/25 3709/2647/25 3703/2647/25
f 3724/2648/6 3725/2648/6 3718/2648/6 3717/2648/6
f 3725/2649/36 3726/2649/36 3719/2649/36 3718/2649/36
f 3726/2650/32 3727/2650/32 3720/2650/32 3719/2650/32
f 3727/2651/4 3728/2651/4 3721/2651/4 3720/2651/4
f 3728/2652/33 3729/2652/33 3722/2652/33 3721/2652/33
f 3729/2653/10 3730/2653/10 3723/2653/10 3722/2653/10
f 3730/2654/27 3724/2654/27 3717/2654/27 3723/2654/27
f 3732/2655/1 3731/2655/1 3728/2655/1 3727/2655/1
f 3733/2656/1 3732/2656/1 3727/2656/1 3726/2656/1
f 3734/2657/1 3733/2657/1 3726/2657/1 3725/2657/1
f 3735/2658/1 3734/2658/1 3725/2658/1 3724/2658/1
f 3736/2659/1 3735/2659/1 3724/2659/1 3730/2659/1
f 3737/2660/1 3736/2660/1 3730/2660/1 3729/2660/1
f 3731/2661/1 3737/2661/1 3729/2661/1 3728/2661/1
f 3739/2662/5 3738/2662/5 3731/2662/5 3732/2662/5
f 3740/2663/12 3739/2663/12 3732/2663/12 3733/2663/12
f 3741/2664/13 3740/2664/13 3733/2664/13 3734/2664/13
f 3742/2665/14 3741/2665/14 3734/2665/14 3735/2665/14
f 3743/2666/15 3742/2666/15 3735/2666/15 3736/2666/15
f 3744/2667/16 3743/2667/16 3736/2667/16 3737/2667/16
f 3738/2668/17 3744/2668/17 3737/2668/17 3731/2668/17
f 3752/2669/6 3753/2669/6 3746/2669/6 3745/2669/6
f 3753/2670/36 3754/2670/36 3747/2670/36 3746/2670/36
f 3754/2671/32 3755/2671/32 3748/2671/32 3747/2671/32
f 3755/2672/4 3756/2672/4 3749/2672/4 3748/2672/4
f 3756/2673/9 3757/2673/9 3750/2673/9 3749/2673/9
f 3757/2674/10 3758/2674/10 3751/2674/10 3750/2674/10
f 3758/2675/27 3752/2675/27 3745/2675/27 3751/2675/27
f 3760/2676/1 3759/2676/1 3756/2676/1 3755/2676/1
f 3761/2677/1 3760/2677/1 3755/2677/1 3754/2677/1
f 3762/2678/1 3761/2678/1 3754/2678/1 3753/2678/1
f 3763/2679/1 3762/2679/1 3753/2679/1 3752/2679/1
f 3764/2680/1 3763/2680/1 3752/2680/1 3758/2680/1
f 3765/2681/1 3764/2681/1 3758/2681/1 3757/2681/1
f 3759/2682/1 3765/2682/1 3757/2682/1 3756/2682/1
f 3767/2683/5 3766/2683/5 3759/2683/5 3760/2683/5
f 3768/2684/12 3767/2684/12 3760/2684/12 3761/2684/12
f 3769/2685/13 3768/2685/13 3761/2685/13 3762/2685/13
f 3770/2686/14 3769/2686/14 3762/2686/14 3763/2686/14
f 3771/2687/15 3770/2687/15 3763/2687/15 3764/2687/15
f 3772/2688/16 3771/2688/16 3764/2688/16 3765/2688/16
f 3766/2689/25 3772/2689/25 3765/2689/25 3759/2689/25
f 3780/2690/6 3781/2690/6 3774/2690/6 3773/2690/6
f 3781/2691/36 3782/2691/36 3775/2691/36 3774/2691/36
f 3782/2692/32 3783/2692/32 3776/2692/32 3775/2692/32
f 3783/2693/4 3784/2693/4 3777/2693/4 3776/2693/4
f 3784/2694/33 3785/2694/33 3778/2694/33 3777/2694/33
f 3785/2695/10 3786/2695/10 3779/2695/10 3778/2695/10
f 3786/2696/27 3780/2696/27 3773/2696/27 3779/2696/27
f 3788/2697/1 3787/2697/1 3784/2697/1 3783/2697/1
f 3789/2698/1 3788/2698/1 3783/2698/1 3782/2698/1
f 3790/2699/1 3789/2699/1 3782/2699/1 3781/2699/1
f 3791/2700/1 3790/2700/1 3781/2700/1 3780/2700/1
f 3792/2701/1 3791/2701/1 3780/2701/1 3786/2701/1
f 3793/2702/1 3792/2702/1 3786/2702/1 3785/2702/1
f 3787/2703/1 3793/2703/1 3785/2703/1 3784/2703/1
f 3795/2704/5 3794/2704/5 3787/2704/5 3788/2704/5
f 3796/2705/12 3795/2705/12 3788/2705/12 3789/2705/12
f 3797/2706/13 3796/2706/13 3789/2706/13 3790/2706/13
f 3798/2707/14 3797/2707/14 3790/2707/14 3791/2707/14
f 3799/2708/15 3798/2708/15 3791/2708/15 3792/2708/15
f 3800/2709/22 3799/2709/22 3792/2709/22 3793/2709/22
f 3794/2710/25 3800/2710/25 3793/2710/25 3787/2710/25
f 3808/2711/6 3809/2711/6 3802/2711/6 3801/2711/6
f 3809/2712/36 3810/2712/36 3803/2712/36 3802/2712/36
f 3810/2713/32 3811/2713/32 3804/2713/32 3803/2713/32
f 3811/2714/4 3812/2714/4 3805/2714/4 3804/2714/4
f 3812/2715/33 3813/2715/33 3806/2715/33 3805/2715/33
f 3813/2716/10 3814/2716/10 3807/2716/10 3806/2716/10
f 3814/2717/27 3808/2717/27 3801/2717/27 3807/2717/27
f 3816/2718/1 3815/2718/1 3812/2718/1 3811/2718/1
f 3817/2719/1 3816/2719/1 3811/2719/1 3810/2719/1
f 3818/2720/1 3817/2720/1 3810/2720/1 3809/2720/1
f 3819/2721/1 3818/2721/1 3809/2721/1 3808/2721/1
f 3820/2722/1 3819/2722/1 3808/2722/1 3814/2722/1
f 3821/2723/1 3820/2723/1 3814/2723/1 3813/2723/1
f 3815/2724/1 3821/2724/1 3813/2724/1 3812/2724/1
f 3823/2725/5 3822/2725/5 3815/2725/5 3816/2725/5
f 3824/2726/12 3823/2726/12 3816/2726/12 3817/2726/12
f 3825/2727/13 3824/2727/13 3817/2727/13 3818/2727/13
f 3826/2728/14 3825/2728/14 3818/2728/14 3819/2728/14
f 3827/2729/15 3826/2729/15 3819/2729/15 3820/2729/15
f 3828/2730/22 3827/2730/22 3820/2730/22 3821/2730/22
f 3822/2731/25 3828/2731/25 3821/2731/25 3815/2731/25
f 3836/2732/6 3837/2732/6 3830/2732/6 3829/2732/6
f 3837/2733/7 3838/2733/7 3831/2733/7 3830/2733/7
f 3838/2734/8 3839/2734/8 3832/2734/8 3831/2734/8
f 3839/2735/4 3840/2735/4 3833/2735/4 3832/2735/4
f 3840/2736/9 3841/2736/9 3834/2736/9 3833/2736/9
f 3841/2737/10 3842/2737/10 3835/2737/10 3834/2737/10
f 3842/2738/27 3836/2738/27 3829/2738/27 3835/2738/27
f 3844/2739/1 3843/2739/1 3840/2739/1 3839/2739/1
f 3845/2740/1 3844/2740/1 3839/2740/1 3838/2740/1
f 3846/2741/1 3845/2741/1 3838/2741/1 3837/2741/1
f 3847/2742/1 3846/2742/1 3837/2742/1 3836/2742/1
f 3848/2743/1 3847/2743/1 3836/2743/1 3842/2743/1
f 3849/2744/1 3848/2744/1 3842/2744/1 3841/2744/1
f 3843/2745/1 3849/2745/1 3841/2745/1 3840/2745/1
f 3851/2746/5 3850/2746/5 3843/2746/5 3844/2746/5
f 3852/2747/12 3851/2747/12 3844/2747/12 3845/2747/12
f 3853/2748/13 3852/2748/13 3845/2748/13 3846/2748/13
f 3854/2749/14 3853/2749/14 3846/2749/14 3847/2749/14
f 3855/2750/15 3854/2750/15 3847/2750/15 3848/2750/15
f 3856/2751/22 3855/2751/22 3848/2751/22 3849/2751/22
f 3850/2752/25 3856/2752/25 3849/2752/25 3843/2752/25
f 3864/2753/6 3865/2753/6 3858/2753/6 3857/2753/6
f 3865/2754/36 3866/2754/36 3859/2754/36 3858/2754/36
f 3866/2755/32 3867/2755/32 3860/2755/32 3859/2755/32
f 3867/2756/4 3868/2756/4 3861/2756/4 3860/2756/4
f 3868/2757/33 3869/2757/33 3862/2757/33 3861/2757/33
f 3869/2758/10 3870/2758/10 3863/2758/10 3862/2758/10
f 3870/2759/27 3864/2759/27 3857/2759/27 3863/2759/27
f 3872/2760/1 3871/2760/1 3868/2760/1 3867/2760/1
f 3873/2761/1 3872/2761/1 3867/2761/1 3866/2761/1
f 3874/2762/1 3873/2762/1 3866/2762/1 3865/2762/1
f 3875/2763/1 3874/2763/1 3865/2763/1 3864/2763/1
f 3876/2764/1 3875/2764/1 3864/2764/1 3870/2764/1
f 3877/2765/1 3876/2765/1 3870/2765/1 3869/2765/1
f 3871/2766/1 3877/2766/1 3869/2766/1 3868/2766/1
f 3879/2767/5 3878/2767/5 3871/2767/5 3872/2767/5
f 3880/2768/12 3879/2768/12 3872/2768/12 3873/2768/12
f 3881/2769/13 3880/2769/13 3873/2769/13 3874/2769/13
f 3882/2770/14 3881/2770/14 3874/2770/14 3875/2770/14
f 3883/2771/15 3882/2771/15 3875/2771/15 3876/2771/15
f 3884/2772/22 3883/2772/22 3876/2772/22 3877/2772/22
f 3878/2773/25 3884/2773/25 3877/2773/25 3871/2773/25
f 3892/2774/6 3893/2774/6 3886/2774/6 3885/2774/6
f 3893/2775/36 3894/2775/36 3887/2775/36 3886/2775/36
f 3894/2776/32 3895/2776/32 3888/2776/32 3887/2776/32
f 3895/2777/4 3896/2777/4 3889/2777/4 3888/2777/4
f 3896/2778/33 3897/2778/33 3890/2778/33 3889/2778/33
f 3897/2779/10 3898/2779/10 3891/2779/10 3890/2779/10
f 3898/2780/11 3892/2780/11 3885/2780/11 3891/2780/11
f 3900/2781/1 3899/2781/1 3896/2781/1 3895/2781/1
f 3901/2782/1 3900/2782/1 3895/2782/1 3894/2782/1
f 3902/2783/1 3901/2783/1 3894/2783/1 3893/2783/1
f 3903/2784/1 3902/2784/1 3893/2784/1 3892/2784/1
f 3904/2785/1 3903/2785/1 3892/2785/1 3898/2785/1
f 3905/2786/1 3904/2786/1 3898/2786/1 3897/2786/1
f 3899/2787/1 3905/2787/1 3897/2787/1 3896/2787/1
f 3907/2788/5 3906/2788/5 3899/2788/5 3900/2788/5
f 3908/2789/12 3907/2789/12 3900/2789/12 3901/2789/12
f 3909/2790/13 3908/2790/13 3901/2790/13 3902/2790/13
f 3910/2791/14 3909/2791/14 3902/2791/14 3903/2791/14
f 3911/2792/15 3910/2792/15 3903/2792/15 3904/2792/15
f 3912/2793/22 3911/2793/22 3904/2793/22 3905/2793/22
f 3906/2794/25 3912/2794/25 3905/2794/25 3899/2794/25
f 3920/2795/6 3921/2795/6 3914/2795/6 3913/2795/6
f 3921/2796/36 3922/2796/36 3915/2796/36 3914/2796/36
f 3922/2797/32 3923/2797/32 3916/2797/32 3915/2797/32
f 3923/2798/4 3924/2798/4 3917/2798/4 3916/2798/4
f 3924/2799/9 3925/2799/9 3918/2799/9 3917/2799/9
f 3925/2800/10 3926/2800/10 3919/2800/10 3918/2800/10
f 3926/2801/27 3920/2801/27 3913/2801/27 3919/2801/27
f 3928/2802/1 3927/2802/1 3924/2802/1 3923/2802/1
f 3929/2803/1 3928/2803/1 3923/2803/1 3922/2803/1
f 3930/2804/1 3929/2804/1 3922/2804/1 3921/2804/1
f 3931/2805/1 3930/2805/1 3921/2805/1 3920/2805/1
f 3932/2806/1 3931/2806/1 3920/2806/1 3926/2806/1
f 3933/2807/1 3932/2807/1 3926/2807/1 3925/2807/1
f 3927/2808/1 3933/2808/1 3925/2808/1 3924/2808/1
f 3935/2809/5 3934/2809/5 3927/2809/5 3928/2809/5
f 3936/2810/12 3935/2810/12 3928/2810/12 3929/2810/12
f 3937/2811/13 3936/2811/13 3929/2811/13 3930/2811/13
f 3938/2812/14 3937/2812/14 3930/2812/14 3931/2812/14
f 3939/2813/15 3938/2813/15 3931/2813/15 3932/2813/15
f 3940/2814/16 3939/2814/16 3932/2814/16 3933/2814/16
f 3934/2815/17 3940/2815/17 3933/2815/17 3927/2815/17
f 3948/2816/6 3949/2816/6 3942/2816/6 3941/2816/6
f 3949/2817/36 3950/2817/36 3943/2817/36 3942/2817/36
f 3950/2818/32 3951/2818/32 3944/2818/32 3943/2818/32
f 3951/2819/4 3952/2819/4 3945/2819/4 3944/2819/4
f 3952/2820/33 3953/2820/33 3946/2820/33 3945/2820/33
f 3953/2821/10 3954/2821/10 3947/2821/10 3946/2821/10
f 3954/2822/27 3948/2822/27 3941/2822/27 3947/2822/27
f 3956/2823/1 3955/2823/1 3952/2823/1 3951/2823/1
f 3957/2824/1 3956/2824/1 3951/2824/1 3950/2824/1
f 3958/2825/1 3957/2825/1 3950/2825/1 3949/2825/1
f 3959/2826/1 3958/2826/1 3949/2826/1 3948/2826/1
f 3960/2827/1 3959/2827/1 3948/2827/1 3954/2827/1
f 3961/2828/1 3960/2828/1 3954/2828/1 3953/2828/1
f 3955/2829/1 3961/2829/1 3953/2829/1 3952/2829/1
f 3963/2830/5 3962/2830/5 3955/2830/5 3956/2830/5
f 3964/2831/12 3963/2831/12 3956/2831/12 3957/2831/12
f 3965/2832/24 3964/2832/24 3957/2832/24 3958/2832/24
f 3966/2833/14 3965/2833/14 3958/2833/14 3959/2833/14
f 3967/2834/15 3966/2834/15 3959/2834/15 3960/2834/15
f 3968/2835/22 3967/2835/22 3960/2835/22 3961/2835/22
f 3962/2836/37 3968/2836/37 3961/2836/37 3955/2836/37
f 3976/2837/6 3977/2837/6 3970/2837/6 3969/2837/6
f 3977/2838/36 3978/2838/36 3971/2838/36 3970/2838/36
f 3978/2839/32 3979/2839/32 3972/2839/32 3971/2839/32
f 3979/2840/4 3980/2840/4 3973/2840/4 3972/2840/4
f 3980/2841/33 3981/2841/33 3974/2841/33 3973/2841/33
f 3981/2842/10 3982/2842/10 3975/2842/10 3974/2842/10
f 3982/2843/11 3976/2843/11 3969/2843/11 3975/2843/11
f 3984/2844/1 3983/2844/1 3980/2844/1 3979/2844/1
f 3985/2845/1 3984/2845/1 3979/2845/1 3978/2845/1
f 3986/2846/1 3985/2846/1 3978/2846/1 3977/2846/1
f 3987/2847/1 3986/2847/1 3977/2847/1 3976/2847/1
f 3988/2848/1 3987/2848/1 3976/2848/1 3982/2848/1
f 3989/2849/1 3988/2849/1 3982/2849/1 3981/2849/1
f 3983/2850/1 3989/2850/1 3981/2850/1 3980/2850/1
f 3991/2851/5 3990/2851/5 3983/2851/5 3984/2851/5
f 3992/2852/12 3991/2852/12 3984/2852/12 3985/2852/12
f 3993/2853/13 3992/2853/13 3985/2853/13 3986/2853/13
f 3994/2854/14 3993/2854/14 3986/2854/14 3987/2854/14
f 3995/2855/15 3994/2855/15 3987/2855/15 3988/2855/15
f 3996/2856/22 3995/2856/22 3988/2856/22 3989/2856/22
f 3990/2857/25 3996/2857/25 3989/2857/25 3983/2857/25
f 4004/2858/6 4005/2858/6 3998/2858/6 3997/2858/6
f 4005/2859/36 4006/2859/36 3999/2859/36 3998/2859/36
f 4006/2860/32 4007/2860/32 4000/2860/32 3999/2860/32
f 4007/2861/4 4008/2861/4 4001/2861/4 4000/2861/4
f 4008/2862/9 4009/2862/9 4002/2862/9 4001/2862/9
f 4009/2863/10 4010/2863/10 4003/2863/10 4002/2863/10
f 4010/2864/27 4004/2864/27 3997/2864/27 4003/2864/27
f 4012/2865/1 4011/2865/1 4008/2865/1 4007/2865/1
f 4013/2866/1 4012/2866/1 4007/2866/1 4006/2866/1
f 4014/2867/1 4013/2867/1 4006/2867/1 4005/2867/1
f 4015/2868/1 4014/2868/1 4005/2868/1 4004/2868/1
f 4016/2869/1 4015/2869/1 4004/2869/1 4010/2869/1
f 4017/2870/1 4016/2870/1 4010/2870/1 4009/2870/1
f 4011/2871/1 4017/2871/1 4009/2871/1 4008/2871/1
f 4019/2872/5 4018/2872/5 4011/2872/5 4012/2872/5
f 4020/2873/12 4019/2873/12 4012/2873/12 4013/2873/12
f 4021/2874/13 4020/2874/13 4013/2874/13 4014/2874/13
f 4022/2875/14 4021/2875/14 4014/2875/14 4015/2875/14
f 4023/2876/15 4022/2876/15 4015/2876/15 4016/2876/15
f 4024/2877/22 4023/2877/22 4016/2877/22 4017/2877/22
f 4018/2878/25 4024/2878/25 4017/2878/25 4011/2878/25
f 4032/2879/6 4033/2879/6 4026/2879/6 4025/2879/6
f 4033/2880/36 4034/2880/36 4027/2880/36 4026/2880/36
f 4034/2881/32 4035/2881/32 4028/2881/32 4027/2881/32
f 4035/2882/4 4036/2882/4 4029/2882/4 4028/2882/4
f 4036/2883/33 4037/2883/33 4030/2883/33 4029/2883/33
f 4037/2884/10 4038/2884/10 4031/2884/10 4030/2884/10
f 4038/2885/27 4032/2885/27 4025/2885/27 4031/2885/27
f 4040/2886/1 4039/2886/1 4036/2886/1 4035/2886/1
f 4041/2887/1 4040/2887/1 4035/2887/1 4034/2887/1
f 4042/2888/1 4041/2888/1 4034/2888/1 4033/2888/1
f 4043/2889/1 4042/2889/1 4033/2889/1 4032/2889/1
f 4044/2890/1 4043/2890/1 4032/2890/1 4038/2890/1
f 4045/2891/1 4044/2891/1 4038/2891/1 4037/2891/1
f 4039/2892/1 4045/2892/1 4037/2892/1 4036/2892/1
f 4047/2893/5 4046/2893/5 4039/2893/5 4040/2893/5
f 4048/2894/12 4047/2894/12 4040/2894/12 4041/2894/12
f 4049/2895/13 4048/2895/13 4041/2895/13 4042/2895/13
f 4050/2896/14 4049/2896/14 4042/2896/14 4043/2896/14
f 4051/2897/15 4050/2897/15 4043/2897/15 4044/2897/15
f 4052/2898/22 4051/2898/22 4044/2898/22 4045/2898/22
f 4046/2899/25 4052/2899/25 4045/2899/25 4039/2899/25
f 4060/2900/6 4061/2900/6 4054/2900/6 4053/2900/6
f 4061/2901/36 4062/2901/36 4055/2901/36 4054/2901/36
f 4062/2902/32 4063/2902/32 4056/2902/32 4055/2902/32
f 4063/2903/4 4064/2903/4 4057/2903/4 4056/2903/4
f 4064/2904/33 4065/2904/33 4058/2904/33 4057/2904/33
f 4065/2905/10 4066/2905/10 4059/2905/10 4058/2905/10
f 4066/2906/27 4060/2906/27 4053/2906/27 4059/2906/27
f 4068/2907/1 4067/2907/1 4064/2907/1 4063/2907/1
f 4069/2908/1 4068/2908/1 4063/2908/1 4062/2908/1
f 4070/2909/1 4069/2909/1 4062/2909/1 4061/2909/1
f 4071/2910/1 4070/2910/1 4061/2910/1 4060/2910/1
f 4072/2911/1 4071/2911/1 4060/2911/1 4066/2911/1
f 4073/2912/1 4072/2912/1 4066/2912/1 4065/2912/1
f 4067/2913/1 4073/2913/1 4065/2913/1 4064/2913/1
f 4075/2914/5 4074/2914/5 4067/2914/5 4068/2914/5
f 4076/2915/12 4075/2915/12 4068/2915/12 4069/2915/12
f 4077/2916/13 4076/2916/13 4069/2916/13 4070/2916/13
f 4078/2917/14 4077/2917/14 4070/2917/14 4071/2917/14
f 4079/2918/15 4078/2918/15 4071/2918/15 4072/2918/15
f 4080/2919/22 4079/2919/22 4072/2919/22 4073/2919/22
f 4074/2920/25 4080/2920/25 4073/2920/25 4067/2920/25
f 4088/2921/6 4089/2921/6 4082/2921/6 4081/2921/6
f 4089/2922/7 4090/2922/7 4083/2922/7 4082/2922/7
f 4090/2923/8 4091/2923/8 4084/2923/8 4083/2923/8
f 4091/2924/4 4092/2924/4 4085/2924/4 4084/2924/4
f 4092/2925/9 4093/2925/9 4086/2925/9 4085/2925/9
f 4093/2926/10 4094/2926/10 4087/2926/10 4086/2926/10
f 4094/2927/27 4088/2927/27 4081/2927/27 4087/2927/27
f 4096/2928/1 4095/2928/1 4092/2928/1 4091/2928/1
f 4097/2929/1 4096/2929/1 4091/2929/1 4090/2929/1
f 4098/2930/1 4097/2930/1 4090/2930/1 4089/2930/1
f 4099/2931/1 4098/2931/1 4089/2931/1 4088/2931/1
f 4100/2932/1 4099/2932/1 4088/2932/1 4094/2932/1
f 4101/2933/1 4100/2933/1 4094/2933/1 4093/2933/1
f 4095/2934/1 4101/2934/1 4093/2934/1 4092/2934/1
f 4103/2935/5 4102/2935/5 4095/2935/5 4096/2935/5
f 4104/2936/12 4103/2936/12 4096/2936/12 4097/2936/12
f 4105/2937/13 4104/2937/13 4097/2937/13 4098/2937/13
f 4106/2938/14 4105/2938/14 4098/2938/14 4099/2938/14
f 4107/2939/15 4106/2939/15 4099/2939/15 4100/2939/15
f 4108/2940/22 4107/2940/22 4100/2940/22 4101/2940/22
f 4102/2941/25 4108/2941/25 4101/2941/25 4095/2941/25
f 4116/2942/6 4117/2942/6 4110/2942/6 4109/2942/6
f 4117/2943/36 4118/2943/36 4111/2943/36 4110/2943/36
f 4118/2944/32 4119/2944/32 4112/2944/32 4111/2944/32
f 4119/2945/4 4120/2945/4 4113/2945/4 4112/2945/4
f 4120/2946/33 4121/2946/33 4114/2946/33 4113/2946/33
f 4121/2947/10 4122/2947/10 4115/2947/10 4114/2947/10
f 4122/2948/27 4116/2948/27 4109/2948/27 4115/2948/27
f 4124/2949/1 4123/2949/1 4120/2949/1 4119/2949/1
f 4125/2950/1 4124/2950/1 4119/2950/1 4118/2950/1
f 4126/2951/1 4125/2951/1 4118/2951/1 4117/2951/1
f 4127/2952/1 4126/2952/1 4117/2952/1 4116/2952/1
f 4128/2953/1 4127/2953/1 4116/2953/1 4122/2953/1
f 4129/2954/1 4128/2954/1 4122/2954/1 4121/2954/1
f 4123/2955/1 4129/2955/1 4121/2955/1 4120/2955/1
f 4131/2956/5 4130/2956/5 4123/2956/5 4124/2956/5
f 4132/2957/12 4131/2957/12 4124/2957/12 4125/2957/12
f 4133/2958/13 4132/2958/13 4125/2958/13 4126/2958/13
f 4134/2959/14 4133/2959/14 4126/2959/14 4127/2959/14
f 4135/2960/15 4134/2960/15 4127/2960/15 4128/2960/15
f 4136/2961/22 4135/2961/22 4128/2961/22 4129/2961/22
f 4130/2962/25 4136/2962/25 4129/2962/25 4123/2962/25
f 4144/2963/6 4145/2963/6 4138/2963/6 4137/2963/6
f 4145/2964/36 4146/2964/36 4139/2964/36 4138/2964/36
f 4146/2965/32 4147/2965/32 4140/2965/32 4139/2965/32
f 4147/2966/4 4148/2966/4 4141/2966/4 4140/2966/4
f 4148/2967/33 4149/2967/33 4142/2967/33 4141/2967/33
f 4149/2968/10 4150/2968/10 4143/2968/10 4142/2968/10
f 4150/2969/11 4144/2969/11 4137/2969/11 4143/2969/11
f 4152/2970/1 4151/2970/1 4148/2970/1 4147/2970/1
f 4153/2971/1 4152/2971/1 4147/2971/1 4146/2971/1
f 4154/2972/1 4153/2972/1 4146/2972/1 4145/2972/1
f 4155/2973/1 4154/2973/1 4145/2973/1 4144/2973/1
f 4156/2974/1 4155/2974/1 4144/2974/1 4150/2974/1
f 4157/2975/1 4156/2975/1 4150/2975/1 4149/2975/1
f 4151/2976/1 4157/2976/1 4149/2976/1 4148/2976/1
f 4159/2977/5 4158/2977/5 4151/2977/5 4152/2977/5
f 4160/2978/12 4159/2978/12 4152/2978/12 4153/2978/12
f 4161/2979/13 4160/2979/13 4153/2979/13 4154/2979/13
f 4162/2980/14 4161/2980/14 4154/2980/14 4155/2980/14
f 4163/2981/15 4162/2981/15 4155/2981/15 4156/2981/15
f 4164/2982/22 4163/2982/22 4156/2982/22 4157/2982/22
f 4158/2983/17 4164/2983/17 4157/2983/17 4151/2983/17
f 4172/2984/6 4173/2984/6 4166/2984/6 4165/2984/6
f 4173/2985/36 4174/2985/36 4167/2985/36 4166/2985/36
f 4174/2986/32 4175/2986/32 4168/2986/32 4167/2986/32
f 4175/2987/4 4176/2987/4 4169/2987/4 4168/2987/4
f 4176/2988/9 4177/2988/9 4170/2988/9 4169/2988/9
f 4177/2989/10 4178/2989/10 4171/2989/10 4170/2989/10
f 4178/2990/11 4172/2990/11 4165/2990/11 4171/2990/11
f 4180/2991/1 4179/2991/1 4176/2991/1 4175/2991/1
f 4181/2992/1 4180/2992/1 4175/2992/1 4174/2992/1
f 4182/2993/1 4181/2993/1 4174/2993/1 4173/2993/1
f 4183/2994/1 4182/2994/1 4173/2994/1 4172/2994/1
f 4184/2995/1 4183/2995/1 4172/2995/1 4178/2995/1
f 4185/2996/1 4184/2996/1 4178/2996/1 4177/2996/1
f 4179/2997/1 4185/2997/1 4177/2997/1 4176/2997/1
f 4187/2998/5 4186/2998/5 4179/2998/5 4180/2998/5
f 4188/2999/12 4187/2999/12 4180/2999/12 4181/2999/12
f 4189/3000/13 4188/3000/13 4181/3000/13 4182/3000/13
f 4190/3001/14 4189/3001/14 4182/3001/14 4183/3001/14
f 4191/3002/15 4190/3002/15 4183/3002/15 4184/3002/15
f 4192/3003/16 4191/3003/16 4184/3003/16 4185/3003/16
f 4186/3004/17 4192/3004/17 4185/3004/17 4179/3004/17
f 4200/3005/6 4201/3005/6 4194/3005/6 4193/3005/6
f 4201/3006/36 4202/3006/36 4195/3006/36 4194/3006/36
f 4202/3007/32 4203/3007/32 4196/3007/32 4195/3007/32
f 4203/3008/4 4204/3008/4 4197/3008/4 4196/3008/4
f 4204/3009/33 4205/3009/33 4198/3009/33 4197/3009/33
f 4205/3010/10 4206/3010/10 4199/3010/10 4198/3010/10
f 4206/3011/27 4200/3011/27 4193/3011/27 4199/3011/27
f 4208/3012/1 4207/3012/1 4204/3012/1 4203/3012/1
f 4209/3013/1 4208/3013/1 4203/3013/1 4202/3013/1
f 4210/3014/1 4209/3014/1 4202/3014/1 4201/3014/1
f 4211/3015/1 4210/3015/1 4201/3015/1 4200/3015/1
f 4212/3016/1 4211/3016/1 4200/3016/1 4206/3016/1
f 4213/3017/1 4212/3017/1 4206/3017/1 4205/3017/1
f 4207/3018/1 4213/3018/1 4205/3018/1 4204/3018/1
f 4215/3019/5 4214/3019/5 4207/3019/5 4208/3019/5
f 4216/3020/12 4215/3020/12 4208/3020/12 4209/3020/12
f 4217/3021/24 4216/3021/24 4209/3021/24 4210/3021/24
f 4218/3022/14 4217/3022/14 4210/3022/14 4211/3022/14
f 4219/3023/15 4218/3023/15 4211/3023/15 4212/3023/15
f 4220/3024/22 4219/3024/22 4212/3024/22 4213/3024/22
f 4214/3025/25 4220/3025/25 4213/3025/25 4207/3025/25
f 4228/3026/6 4229/3026/6 4222/3026/6 4221/3026/6
f 4229/3027/36 4230/3027/36 4223/3027/36 4222/3027/36
f 4230/3028/32 4231/3028/32 4224/3028/32 4223/3028/32
f 4231/3029/4 4232/3029/4 4225/3029/4 4224/3029/4
f 4232/3030/33 4233/3030/33 4226/3030/33 4225/3030/33
f 4233/3031/10 4234/3031/10 4227/3031/10 4226/3031/10
f 4234/3032/11 4228/3032/11 4221/3032/11 4227/3032/11
f 4236/3033/1 4235/3033/1 4232/3033/1 4231/3033/1
f 4237/3034/1 4236/3034/1 4231/3034/1 4230/3034/1
f 4238/3035/1 4237/3035/1 4230/3035/1 4229/3035/1
f 4239/3036/1 4238/3036/1 4229/3036/1 4228/3036/1
f 4240/3037/1 4239/3037/1 4228/3037/1 4234/3037/1
f 4241/3038/1 4240/3038/1 4234/3038/1 4233/3038/1
f 4235/3039/1 4241/3039/1 4233/3039/1 4232/3039/1
f 4243/3040/5 4242/3040/5 4235/3040/5 4236/3040/5
f 4244/3041/12 4243/3041/12 4236/3041/12 4237/3041/12
f 4245/3042/13 4244/3042/13 4237/3042/13 4238/3042/13
f 4246/3043/14 4245/3043/14 4238/3043/14 4239/3043/14
f 4247/3044/15 4246/3044/15 4239/3044/15 4240/3044/15
f 4248/3045/22 4247/3045/22 4240/3045/22 4241/3045/22
f 4242/3046/25 4248/3046/25 4241/3046/25 4235/3046/25
f 4256/3047/6 4257/3047/6 4250/3047/6 4249/3047/6
f 4257/3048/36 4258/3048/36 4251/3048/36 4250/3048/36
f 4258/3049/32 4259/3049/32 4252/3049/32 4251/3049/32
f 4259/3050/4 4260/3050/4 4253/3050/4 4252/3050/4
f 4260/3051/9 4261/3051/9 4254/3051/9 4253/3051/9
f 4261/3052/10 4262/3052/10 4255/3052/10 4254/3052/10
f 4262/3053/27 4256/3053/27 4249/3053/27 4255/3053/27
f 4264/3054/1 4263/3054/1 4260/3054/1 4259/3054/1
f 4265/3055/1 4264/3055/1 4259/3055/1 4258/3055/1
f 4266/3056/1 4265/3056/1 4258/3056/1 4257/3056/1
f 4267/3057/1 4266/3057/1 4257/3057/1 4256/3057/1
f 4268/3058/1 4267/3058/1 4256/3058/1 4262/3058/1
f 4269/3059/1 4268/3059/1 4262/3059/1 4261/3059/1
f 4263/3060/1 4269/3060/1 4261/3060/1 4260/3060/1
f 4271/3061/5 4270/3061/5 4263/3061/5 4264/3061/5
f 4272/3062/12 4271/3062/12 4264/3062/12 4265/3062/12
f 4273/3063/13 4272/3063/13 4265/3063/13 4266/3063/13
f 4274/3064/14 4273/3064/14 4266/3064/14 4267/3064/14
f 4275/3065/15 4274/3065/15 4267/3065/15 4268/3065/15
f 4276/3066/22 4275/3066/22 4268/3066/22 4269/3066/22
f 4270/3067/25 4276/3067/25 4269/3067/25 4263/3067/25
f 4284/3068/6 4285/3068/6 4278/3068/6 4277/3068/6
f 4285/3069/36 4286/3069/36 4279/3069/36 4278/3069/36
f 4286/3070/32 4287/3070/32 4280/3070/32 4279/3070/32
f 4287/3071/4 4288/3071/4 4281/3071/4 4280/3071/4
f 4288/3072/33 4289/3072/33 4282/3072/33 4281/3072/33
f 4289/3073/10 4290/3073/10 4283/3073/10 4282/3073/10
f 4290/3074/27 4284/3074/27 4277/3074/27 4283/3074/27
f 4292/3075/1 4291/3075/1 4288/3075/1 4287/3075/1
f 4293/3076/1 4292/3076/1 4287/3076/1 4286/3076/1
f 4294/3077/1 4293/3077/1 4286/3077/1 4285/3077/1
f 4295/3078/1 4294/3078/1 4285/3078/1 4284/3078/1
f 4296/3079/1 4295/3079/1 4284/3079/1 4290/3079/1
f 4297/3080/1 4296/3080/1 4290/3080/1 4289/3080/1
f 4291/3081/1 4297/3081/1 4289/3081/1 4288/3081/1
f 4299/3082/5 4298/3082/5 4291/3082/5 4292/3082/5
f 4300/3083/12 4299/3083/12 4292/3083/12 4293/3083/12
f 4301/3084/13 4300/3084/13 4293/3084/13 4294/3084/13
f 4302/3085/14 4301/3085/14 4294/3085/14 4295/3085/14
f 4303/3086/15 4302/3086/15 4295/3086/15 4296/3086/15
f 4304/3087/22 4303/3087/22 4296/3087/22 4297/3087/22
f 4298/3088/25 4304/3088/25 4297/3088/25 4291/3088/25
f 4312/3089/6 4313/3089/6 4306/3089/6 4305/3089/6
f 4313/3090/36 4314/3090/36 4307/3090/36 4306/3090/36
f 4314/3091/32 4315/3091/32 4308/3091/32 4307/3091/32
f 4315/3092/4 4316/3092/4 4309/3092/4 4308/3092/4
f 4316/3093/33 4317/3093/33 4310/3093/33 4309/3093/33
f 4317/3094/10 4318/3094/10 4311/3094/10 4310/3094/10
f 4318/3095/27 4312/3095/27 4305/3095/27 4311/3095/27
f 4320/3096/1 4319/3096/1 4316/3096/1 4315/3096/1
f 4321/3097/1 4320/3097/1 4315/3097/1 4314/3097/1
f 4322/3098/1 4321/3098/1 4314/3098/1 4313/3098/1
f 4323/3099/1 4322/3099/1 4313/3099/1 4312/3099/1
f 4324/3100/1 4323/3100/1 4312/3100/1 4318/3100/1
f 4325/3101/1 4324/3101/1 4318/3101/1 4317/3101/1
f 4319/3102/1 4325/3102/1 4317/3102/1 4316/3102/1
f 4327/3103/5 4326/3103/5 4319/3103/5 4320/3103/5
f 4328/3104/12 4327/3104/12 4320/3104/12 4321/3104/12
f 4329/3105/13 4328/3105/13 4321/3105/13 4322/3105/13
f 4330/3106/14 4329/3106/14 4322/3106/14 4323/3106/14
f 4331/3107/15 4330/3107/15 4323/3107/15 4324/3107/15
f 4332/3108/22 4331/3108/22 4324/3108/22 4325/3108/22
f 4326/3109/25 4332/3109/25 4325/3109/25 4319/3109/25
f 4340/3110/6 4341/3110/6 4334/3110/6 4333/3110/6
f 4341/3111/7 4342/3111/7 4335/3111/7 4334/3111/7
f 4342/3112/8 4343/3112/8 4336/3112/8 4335/3112/8
f 4343/3113/4 4344/3113/4 4337/3113/4 4336/3113/4
f 4344/3114/9 4345/3114/9 4338/3114/9 4337/3114/9
f 4345/3115/10 4346/3115/10 4339/3115/10 4338/3115/10
f 4346/3116/27 4340/3116/27 4333/3116/27 4339/3116/27
f 4348/3117/1 4347/3117/1 4344/3117/1 4343/3117/1
f 4349/3118/1 4348/3118/1 4343/3118/1 4342/3118/1
f 4350/3119/1 4349/3119/1 4342/3119/1 4341/3119/1
f 4351/3120/1 4350/3120/1 4341/3120/1 4340/3120/1
f 4352/3121/1 4351/3121/1 4340/3121/1 4346/3121/1
f 4353/3122/1 4352/3122/1 4346/3122/1 4345/3122/1
f 4347/3123/1 4353/3123/1 4345/3123/1 4344/3123/1
f 4355/3124/5 4354/3124/5 4347/3124/5 4348/3124/5
f 4356/3125/12 4355/3125/12 4348/3125/12 4349/3125/12
f 4357/3126/13 4356/3126/13 4349/3126/13 4350/3126/13
f 4358/3127/14 4357/3127/14 4350/3127/14 4351/3127/14
f 4359/3128/15 4358/3128/15 4351/3128/15 4352/3128/15
f 4360/3129/22 4359/3129/22 4352/3129/22 4353/3129/22
f 4354/3130/25 4360/3130/25 4353/3130/25 4347/3130/25
f 4368/3131/6 4369/3131/6 4362/3131/6 4361/3131/6
f 4369/3132/36 4370/3132/36 4363/3132/36 4362/3132/36
f 4370/3133/32 4371/3133/32 4364/3133/32 4363/3133/32
f 4371/3134/4 4372/3134/4 4365/3134/4 4364/3134/4
f 4372/3135/33 4373/3135/33 4366/3135/33 4365/3135/33
f 4373/3136/10 4374/3136/10 4367/3136/10 4366/3136/10
f 4374/3137/27 4368/3137/27 4361/3137/27 4367/3137/27
f 4376/3138/1 4375/3138/1 4372/3138/1 4371/3138/1
f 4377/3139/1 4376/3139/1 4371/3139/1 4370/3139/1
f 4378/3140/1 4377/3140/1 4370/3140/1 4369/3140/1
f 4379/3141/1 4378/3141/1 4369/3141/1 4368/3141/1
f 4380/3142/1 4379/3142/1 4368/3142/1 4374/3142/1
f 4381/3143/1 4380/3143/1 4374/3143/1 4373/3143/1
f 4375/3144/1 4381/3144/1 4373/3144/1 4372/3144/1
f 4383/3145/5 4382/3145/5 4375/3145/5 4376/3145/5
f 4384/3146/12 4383/3146/12 4376/3146/12 4377/3146/12
f 4385/3147/13 4384/3147/13 4377/3147/13 4378/3147/13
f 4386/3148/14 4385/3148/14 4378/3148/14 4379/3148/14
f 4387/3149/15 4386/3149/15 4379/3149/15 4380/3149/15
f 4388/3150/22 4387/3150/22 4380/3150/22 4381/3150/22
f 4382/3151/25 4388/3151/25 4381/3151/25 4375/3151/25
f 4396/3152/6 4397/3152/6 4390/3152/6 4389/3152/6
f 4397/3153/36 4398/3153/36 4391/3153/36 4390/3153/36
f 4398/3154/32 4399/3154/32 4392/3154/32 4391/3154/32
f 4399/3155/4 4400/3155/4 4393/3155/4 4392/3155/4
f 4400/3156/33 4401/3156/33 4394/3156/33 4393/3156/33
f 4401/3157/10 4402/3157/10 4395/3157/10 4394/3157/10
f 4402/3158/11 4396/3158/11 4389/3158/11 4395/3158/11
f 4404/3159/1 4403/3159/1 4400/3159/1 4399/3159/1
f 4405/3160/1 4404/3160/1 4399/3160/1 4398/3160/1
f 4406/3161/1 4405/3161/1 4398/3161/1 4397/3161/1
f 4407/3162/1 4406/3162/1 4397/3162/1 4396/3162/1
f 4408/3163/1 4407/3163/1 4396/3163/1 4402/3163/1
f 4409/3164/1 4408/3164/1 4402/3164/1 4401/3164/1
f 4403/3165/1 4409/3165/1 4401/3165/1 4400/3165/1
f 4411/3166/5 4410/3166/5 4403/3166/5 4404/3166/5
f 4412/3167/12 4411/3167/12 4404/3167/12 4405/3167/12
f 4413/3168/13 4412/3168/13 4405/3168/13 4406/3168/13
f 4414/3169/14 4413/3169/14 4406/3169/14 4407/3169/14
f 4415/3170/15 4414/3170/15 4407/3170/15 4408/3170/15
f 4416/3171/22 4415/3171/22 4408/3171/22 4409/3171/22
f 4410/3172/17 4416/3172/17 4409/3172/17 4403/3172/17
f 4424/3173/6 4425/3173/6 4418/3173/6 4417/3173/6
f 4425/3174/36 4426/3174/36 4419/3174/36 4418/3174/36
f 4426/3175/32 4427/3175/32 4420/3175/32 4419/3175/32
f 4427/3176/4 4428/3176/4 4421/3176/4 4420/3176/4
f 4428/3177/9 4429/3177/9 4422/3177/9 4421/3177/9
f 4429/3178/10 4430/3178/10 4423/3178/10 4422/3178/10
f 4430/3179/11 4424/3179/11 4417/3179/11 4423/3179/11
f 4432/3180/1 4431/3180/1 4428/3180/1 4427/3180/1
f 4433/3181/1 4432/3181/1 4427/3181/1 4426/3181/1
f 4434/3182/1 4433/3182/1 4426/3182/1 4425/3182/1
f 4435/3183/1 4434/3183/1 4425/3183/1 4424/3183/1
f 4436/3184/1 4435/3184/1 4424/3184/1 4430/3184/1
f 4437/3185/1 4436/3185/1 4430/3185/1 4429/3185/1
f 4431/3186/1 4437/3186/1 4429/3186/1 4428/3186/1
f 4439/3187/5 4438/3187/5 4431/3187/5 4432/3187/5
f 4440/3188/12 4439/3188/12 4432/3188/12 4433/3188/12
f 4441/3189/13 4440/3189/13 4433/3189/13 4434/3189/13
f 4442/3190/14 4441/3190/14 4434/3190/14 4435/3190/14
f 4443/3191/15 4442/3191/15 4435/3191/15 4436/3191/15
f 4444/3192/16 4443/3192/16 4436/3192/16 4437/3192/16
f 4438/3193/17 4444/3193/17 4437/3193/17 4431/3193/17
f 4452/3194/6 4453/3194/6 4446/3194/6 4445/3194/6
f 4453/3195/36 4454/3195/36 4447/3195/36 4446/3195/36
f 4454/3196/32 4455/3196/32 4448/3196/32 4447/3196/32
f 4455/3197/4 4456/3197/4 4449/3197/4 4448/3197/4
f 4456/3198/33 4457/3198/33 4450/3198/33 4449/3198/33
f 4457/3199/10 4458/3199/10 4451/3199/10 4450/3199/10
f 4458/3200/27 4452/3200/27 4445/3200/27 4451/3200/27
f 4460/3201/1 4459/3201/1 4456/3201/1 4455/3201/1
f 4461/3202/1 4460/3202/1 4455/3202/1 4454/3202/1
f 4462/3203/1 4461/3203/1 4454/3203/1 4453/3203/1
f 4463/3204/1 4462/3204/1 4453/3204/1 4452/3204/1
f 4464/3205/1 4463/3205/1 4452/3205/1 4458/3205/1
f 4465/3206/1 4464/3206/1 4458/3206/1 4457/3206/1
f 4459/3207/1 4465/3207/1 4457/3207/1 4456/3207/1
f 4467/3208/5 4466/3208/5 4459/3208/5 4460/3208/5
f 4468/3209/12 4467/3209/12 4460/3209/12 4461/3209/12
f 4469/3210/24 4468/3210/24 4461/3210/24 4462/3210/24
f 4470/3211/14 4469/3211/14 4462/3211/14 4463/3211/14
f 4471/3212/15 4470/3212/15 4463/3212/15 4464/3212/15
f 4472/3213/22 4471/3213/22 4464/3213/22 4465/3213/22
f 4466/3214/25 4472/3214/25 4465/3214/25 4459/3214/25
f 4480/3215/6 4481/3215/6 4474/3215/6 4473/3215/6
f 4481/3216/36 4482/3216/36 4475/3216/36 4474/3216/36
f 4482/3217/32 4483/3217/32 4476/3217/32 4475/3217/32
f 4483/3218/4 4484/3218/4 4477/3218/4 4476/3218/4
f 4484/3219/33 4485/3219/33 4478/3219/33 4477/3219/33
f 4485/3220/10 4486/3220/10 4479/3220/10 4478/3220/10
f 4486/3221/27 4480/3221/27 4473/3221/27 4479/3221/27
f 4488/3222/1 4487/3222/1 4484/3222/1 4483/3222/1
f 4489/3223/1 4488/3223/1 4483/3223/1 4482/3223/1
f 4490/3224/1 4489/3224/1 4482/3224/1 4481/3224/1
f 4491/3225/1 4490/3225/1 4481/3225/1 4480/3225/1
f 4492/3226/1 4491/3226/1 4480/3226/1 4486/3226/1
f 4493/3227/1 4492/3227/1 4486/3227/1 4485/3227/1
f 4487/3228/1 4493/3228/1 4485/3228/1 4484/3228/1
f 4495/3229/5 4494/3229/5 4487/3229/5 4488/3229/5
f 4496/3230/12 4495/3230/12 4488/3230/12 4489/3230/12
f 4497/3231/13 4496/3231/13 4489/3231/13 4490/3231/13
f 4498/3232/14 4497/3232/14 4490/3232/14 4491/3232/14
f 4499/3233/15 4498/3233/15 4491/3233/15 4492/3233/15
f 4500/3234/22 4499/3234/22 4492/3234/22 4493/3234/22
f 4494/3235/25 4500/3235/25 4493/3235/25 4487/3235/25
f 4508/3236/6 4509/3236/6 4502/3236/6 4501/3236/6
f 4509/3237/36 4510/3237/36 4503/3237/36 4502/3237/36
f 4510/3238/32 4511/3238/32 4504/3238/32 4503/3238/32
f 4511/3239/4 4512/3239/4 4505/3239/4 4504/3239/4
f 4512/3240/9 4513/3240/9 4506/3240/9 4505/3240/9
f 4513/3241/10 4514/3241/10 4507/3241/10 4506/3241/10
f 4514/3242/27 4508/3242/27 4501/3242/27 4507/3242/27
f 4516/3243/1 4515/3243/1 4512/3243/1 4511/3243/1
f 4517/3244/1 4516/3244/1 4511/3244/1 4510/3244/1
f 4518/3245/1 4517/3245/1 4510/3245/1 4509/3245/1
f 4519/3246/1 4518/3246/1 4509/3246/1 4508/3246/1
f 4520/3247/1 4519/3247/1 4508/3247/1 4514/3247/1
f 4521/3248/1 4520/3248/1 4514/3248/1 4513/3248/1
f 4515/3249/1 4521/3249/1 4513/3249/1 4512/3249/1
f 4523/3250/5 4522/3250/5 4515/3250/5 4516/3250/5
f 4524/3251/12 4523/3251/12 4516/3251/12 4517/3251/12
f 4525/3252/13 4524/3252/13 4517/3252/13 4518/3252/13
f 4526/3253/14 4525/3253/14 4518/3253/14 4519/3253/14
f 4527/3254/15 4526/3254/15 4519/3254/15 4520/3254/15
f 4528/3255/22 4527/3255/22 4520/3255/22 4521/3255/22
f 4522/3256/25 4528/3256/25 4521/3256/25 4515/3256/25
f 4536/3257/6 4537/3257/6 4530/3257/6 4529/3257/6
f 4537/3258/36 4538/3258/36 4531/3258/36 4530/3258/36
f 4538/3259/32 4539/3259/32 4532/3259/32 4531/3259/32
f 4539/3260/4 4540/3260/4 4533/3260/4 4532/3260/4
f 4540/3261/33 4541/3261/33 4534/3261/33 4533/3261/33
f 4541/3262/10 4542/3262/10 4535/3262/10 4534/3262/10
f 4542/3263/27 4536/3263/27 4529/3263/27 4535/3263/27
f 4544/3264/1 4543/3264/1 4540/3264/1 4539/3264/1
f 4545/3265/1 4544/3265/1 4539/3265/1 4538/3265/1
f 4546/3266/1 4545/3266/1 4538/3266/1 4537/3266/1
f 4547/3267/1 4546/3267/1 4537/3267/1 4536/3267/1
f 4548/3268/1 4547/3268/1 4536/3268/1 4542/3268/1
f 4549/3269/1 4548/3269/1 4542/3269/1 4541/3269/1
f 4543/3270/1 4549/3270/1 4541/3270/1 4540/3270/1
f 4551/3271/5 4550/3271/5 4543/3271/5 4544/3271/5
f 4552/3272/12 4551/3272/12 4544/3272/12 4545/3272/12
f 4553/3273/13 4552/3273/13 4545/3273/13 4546/3273/13
f 4554/3274/14 4553/3274/14 4546/3274/14 4547/3274/14
f 4555/3275/15 4554/3275/15 4547/3275/15 4548/3275/15
f 4556/3276/22 4555/3276/22 4548/3276/22 4549/3276/22
f 4550/3277/25 4556/3277/25 4549/3277/25 4543/3277/25
f 4564/3278/6 4565/3278/6 4558/3278/6 4557/3278/6
f 4565/3279/36 4566/3279/36 4559/3279/36 4558/3279/36
f 4566/3280/32 4567/3280/32 4560/3280/32 4559/3280/32
f 4567/3281/4 4568/3281/4 4561/3281/4 4560/3281/4
f 4568/3282/33 4569/3282/33 4562/3282/33 4561/3282/33
f 4569/3283/10 4570/3283/10 4563/3283/10 4562/3283/10
f 4570/3284/27 4564/3284/27 4557/3284/27 4563/3284/27
f 4572/3285/1 4571/3285/1 4568/3285/1 4567/3285/1
f 4573/3286/1 4572/3286/1 4567/3286/1 4566/3286/1
f 4574/3287/1 4573/3287/1 4566/3287/1 4565/3287/1
f 4575/3288/1 4574/3288/1 4565/3288/1 4564/3288/1
f 4576/3289/1 4575/3289/1 4564/3289/1 4570/3289/1
f 4577/3290/1 4576/3290/1 4570/3290/1 4569/3290/1
f 4571/3291/1 4577/3291/1 4569/3291/1 4568/3291/1
f 4579/3292/5 4578/3292/5 4571/3292/5 4572/3292/5
f 4580/3293/12 4579/3293/12 4572/3293/12 4573/3293/12
f 4581/3294/13 4580/3294/13 4573/3294/13 4574/3294/13
f 4582/3295/14 4581/3295/14 4574/3295/14 4575/3295/14
f 4583/3296/15 4582/3296/15 4575/3296/15 4576/3296/15
f 4584/3297/22 4583/3297/22 4576/3297/22 4577/3297/22
f 4578/3298/25 4584/3298/25 4577/3298/25 4571/3298/25
f 4592/3299/6 4593/3299/6 4586/3299/6 4585/3299/6
f 4593/3300/7 4594/3300/7 4587/3300/7 4586/3300/7
f 4594/3301/8 4595/3301/8 4588/3301/8 4587/3301/8
f 4595/3302/4 4596/3302/4 4589/3302/4 4588/3302/4
f 4596/3303/9 4597/3303/9 4590/3303/9 4589/3303/9
f 4597/3304/10 4598/3304/10 4591/3304/10 4590/3304/10
f 4598/3305/27 4592/3305/27 4585/3305/27 4591/3305/27
f 4600/3306/1 4599/3306/1 4596/3306/1 4595/3306/1
f 4601/3307/1 4600/3307/1 4595/3307/1 4594/3307/1
f 4602/3308/1 4601/3308/1 4594/3308/1 4593/3308/1
f 4603/3309/1 4602/3309/1 4593/3309/1 4592/3309/1
f 4604/3310/1 4603/3310/1 4592/3310/1 4598/3310/1
f 4605/3311/1 4604/3311/1 4598/3311/1 4597/3311/1
f 4599/3312/1 4605/3312/1 4597/3312/1 4596/3312/1
f 4607/3313/5 4606/3313/5 4599/3313/5 4600/3313/5
f 4608/3314/12 4607/3314/12 4600/3314/12 4601/3314/12
f 4609/3315/13 4608/3315/13 4601/3315/13 4602/3315/13
f 4610/3316/14 4609/3316/14 4602/3316/14 4603/3316/14
f 4611/3317/15 4610/3317/15 4603/3317/15 4604/3317/15
f 4612/3318/22 4611/3318/22 4604/3318/22 4605/3318/22
f 4606/3319/25 4612/3319/25 4605/3319/25 4599/3319/25
f 4620/3320/6 4621/3320/6 4614/3320/6 4613/3320/6
f 4621/3321/36 4622/3321/36 4615/3321/36 4614/3321/36
f 4622/3322/32 4623/3322/32 4616/3322/32 4615/3322/32
f 4623/3323/4 4624/3323/4 4617/3323/4 4616/3323/4
f 4624/3324/33 4625/3324/33 4618/3324/33 4617/3324/33
f 4625/3325/10 4626/3325/10 4619/3325/10 4618/3325/10
f 4626/3326/27 4620/3326/27 4613/3326/27 4619/3326/27
f 4628/3327/1 4627/3327/1 4624/3327/1 4623/3327/1
f 4629/3328/1 4628/3328/1 4623/3328/1 4622/3328/1
f 4630/3329/1 4629/3329/1 4622/3329/1 4621/3329/1
f 4631/3330/1 4630/3330/1 4621/3330/1 4620/3330/1
f 4632/3331/1 4631/3331/1 4620/3331/1 4626/3331/1
f 4633/3332/1 4632/3332/1 4626/3332/1 4625/3332/1
f 4627/3333/1 4633/3333/1 4625/3333/1 4624/3333/1
f 4635/3334/5 4634/3334/5 4627/3334/5 4628/3334/5
f 4636/3335/12 4635/3335/12 4628/3335/12 4629/3335/12
f 4637/3336/13 4636/3336/13 4629/3336/13 4630/3336/13
f 4638/3337/14 4637/3337/14 4630/3337/14 4631/3337/14
f 4639/3338/15 4638/3338/15 4631/3338/15 4632/3338/15
f 4640/3339/22 4639/3339/22 4632/3339/22 4633/3339/22
f 4634/3340/25 4640/3340/25 4633/3340/25 4627/3340/25
f 4648/3341/6 4649/3341/6 4642/3341/6 4641/3341/6
f 4649/3342/36 4650/3342/36 4643/3342/36 4642/3342/36
f 4650/3343/32 4651/3343/32 4644/3343/32 4643/3343/32
f 4651/3344/4 4652/3344/4 4645/3344/4 4644/3344/4
f 4652/3345/33 4653/3345/33 4646/3345/33 4645/3345/33
f 4653/3346/10 4654/3346/10 4647/3346/10 4646/3346/10
f 4654/3347/11 4648/3347/11 4641/3347/11 4647/3347/11
f 4656/3348/1 4655/3348/1 4652/3348/1 4651/3348/1
f 4657/3349/1 4656/3349/1 4651/3349/1 4650/3349/1
f 4658/3350/1 4657/3350/1 4650/3350/1 4649/3350/1
f 4659/3351/1 4658/3351/1 4649/3351/1 4648/3351/1
f 4660/3352/1 4659/3352/1 4648/3352/1 4654/3352/1
f 4661/3353/1 4660/3353/1 4654/3353/1 4653/3353/1
f 4655/3354/1 4661/3354/1 4653/3354/1 4652/3354/1
f 4663/3355/5 4662/3355/5 4655/3355/5 4656/3355/5
f 4664/3356/12 4663/3356/12 4656/3356/12 4657/3356/12
f 4665/3357/13 4664/3357/13 4657/3357/13 4658/3357/13
f 4666/3358/14 4665/3358/14 4658/3358/14 4659/3358/14
f 4667/3359/15 4666/3359/15 4659/3359/15 4660/3359/15
f 4668/3360/22 4667/3360/22 4660/3360/22 4661/3360/22
f 4662/3361/25 4668/3361/25 4661/3361/25 4655/3361/25
f 4676/3362/6 4677/3362/6 4670/3362/6 4669/3362/6
f 4677/3363/36 4678/3363/36 4671/3363/36 4670/3363/36
f 4678/3364/32 4679/3364/32 4672/3364/32 4671/3364/32
f 4679/3365/4 4680/3365/4 4673/3365/4 4672/3365/4
f 4680/3366/9 4681/3366/9 4674/3366/9 4673/3366/9
f 4681/3367/10 4682/3367/10 4675/3367/10 4674/3367/10
f 4682/3368/27 4676/3368/27 4669/3368/27 4675/3368/27
f 4684/3369/1 4683/3369/1 4680/3369/1 4679/3369/1
f 4685/3370/1 4684/3370/1 4679/3370/1 4678/3370/1
f 4686/3371/1 4685/3371/1 4678/3371/1 4677/3371/1
f 4687/3372/1 4686/3372/1 4677/3372/1 4676/3372/1
f 4688/3373/1 4687/3373/1 4676/3373/1 4682/3373/1
f 4689/3374/1 4688/3374/1 4682/3374/1 4681/3374/1
f 4683/3375/1 4689/3375/1 4681/3375/1 4680/3375/1
f 4691/3376/5 4690/3376/5 4683/3376/5 4684/3376/5
f 4692/3377/12 4691/3377/12 4684/3377/12 4685/3377/12
f 4693/3378/13 4692/3378/13 4685/3378/13 4686/3378/13
f 4694/3379/14 4693/3379/14 4686/3379/14 4687/3379/14
f 4695/3380/15 4694/3380/15 4687/3380/15 4688/3380/15
f 4696/3381/22 4695/3381/22 4688/3381/22 4689/3381/22
f 4690/3382/25 4696/3382/25 4689/3382/25 4683/3382/25
f 4704/3383/6 4705/3383/6 4698/3383/6 4697/3383/6
f 4705/3384/36 4706/3384/36 4699/3384/36 4698/3384/36
f 4706/3385/32 4707/3385/32 4700/3385/32 4699/3385/32
f 4707/3386/4 4708/3386/4 4701/3386/4 4700/3386/4
f 4708/3387/33 4709/3387/33 4702/3387/33 4701/3387/33
f 4709/3388/10 4710/3388/10 4703/3388/10 4702/3388/10
f 4710/3389/27 4704/3389/27 4697/3389/27 4703/3389/27
f 4712/3390/1 4711/3390/1 4708/3390/1 4707/3390/1
f 4713/3391/1 4712/3391/1 4707/3391/1 4706/3391/1
f 4714/3392/1 4713/3392/1 4706/3392/1 4705/3392/1
f 4715/3393/1 4714/3393/1 4705/3393/1 4704/3393/1
f 4716/3394/1 4715/3394/1 4704/3394/1 4710/3394/1
f 4717/3395/1 4716/3395/1 4710/3395/1 4709/3395/1
f 4711/3396/1 4717/3396/1 4709/3396/1 4708/3396/1
f 4719/3397/5 4718/3397/5 4711/3397/5 4712/3397/5
f 4720/3398/12 4719/3398/12 4712/3398/12 4713/3398/12
f 4721/3399/24 4720/3399/24 4713/3399/24 4714/3399/24
f 4722/3400/14 4721/3400/14 4714/3400/14 4715/3400/14
f 4723/3401/15 4722/3401/15 4715/3401/15 4716/3401/15
f 4724/3402/22 4723/3402/22 4716/3402/22 4717/3402/22
f 4718/3403/25 4724/3403/25 4717/3403/25 4711/3403/25
f 4732/3404/6 4733/3404/6 4726/3404/6 4725/3404/6
f 4733/3405/36 4734/3405/36 4727/3405/36 4726/3405/36
f 4734/3406/32 4735/3406/32 4728/3406/32 4727/3406/32
f 4735/3407/4 4736/3407/4 4729/3407/4 4728/3407/4
f 4736/3408/33 4737/3408/33 4730/3408/33 4729/3408/33
f 4737/3409/10 4738/3409/10 4731/3409/10 4730/3409/10
f 4738/3410/11 4732/3410/11 4725/3410/11 4731/3410/11
f 4740/3411/1 4739/3411/1 4736/3411/1 4735/3411/1
f 4741/3412/1 4740/3412/1 4735/3412/1 4734/3412/1
f 4742/3413/1 4741/3413/1 4734/3413/1 4733/3413/1
f 4743/3414/1 4742/3414/1 4733/3414/1 4732/3414/1
f 4744/3415/1 4743/3415/1 4732/3415/1 4738/3415/1
f 4745/3416/1 4744/3416/1 4738/3416/1 4737/3416/1
f 4739/3417/1 4745/3417/1 4737/3417/1 4736/3417/1
f 4747/3418/5 4746/3418/5 4739/3418/5 4740/3418/5
f 4748/3419/28 4747/3419/28 4740/3419/28 4741/3419/28
f 4749/3420/13 4748/3420/13 4741/3420/13 4742/3420/13
f 4750/3421/14 4749/3421/14 4742/3421/14 4743/3421/14
f 4751/3422/15 4750/3422/15 4743/3422/15 4744/3422/15
f 4752/3423/16 4751/3423/16 4744/3423/16 4745/3423/16
f 4746/3424/17 4752/3424/17 4745/3424/17 4739/3424/17
f 4760/3425/6 4761/3425/6 4754/3425/6 4753/3425/6
f 4761/3426/36 4762/3426/36 4755/3426/36 4754/3426/36
f 4762/3427/32 4763/3427/32 4756/3427/32 4755/3427/32
f 4763/3428/4 4764/3428/4 4757/3428/4 4756/3428/4
f 4764/3429/9 4765/3429/9 4758/3429/9 4757/3429/9
f 4765/3430/10 4766/3430/10 4759/3430/10 4758/3430/10
f 4766/3431/27 4760/3431/27 4753/3431/27 4759/3431/27
f 4768/3432/1 4767/3432/1 4764/3432/1 4763/3432/1
f 4769/3433/1 4768/3433/1 4763/3433/1 4762/3433/1
f 4770/3434/1 4769/3434/1 4762/3434/1 4761/3434/1
f 4771/3435/1 4770/3435/1 4761/3435/1 4760/3435/1
f 4772/3436/1 4771/3436/1 4760/3436/1 4766/3436/1
f 4773/3437/1 4772/3437/1 4766/3437/1 4765/3437/1
f 4767/3438/1 4773/3438/1 4765/3438/1 4764/3438/1
f 4775/3439/5 4774/3439/5 4767/3439/5 4768/3439/5
f 4776/3440/12 4775/3440/12 4768/3440/12 4769/3440/12
f 4777/3441/13 4776/3441/13 4769/3441/13 4770/3441/13
f 4778/3442/14 4777/3442/14 4770/3442/14 4771/3442/14
f 4779/3443/15 4778/3443/15 4771/3443/15 4772/3443/15
f 4780/3444/22 4779/3444/22 4772/3444/22 4773/3444/22
f 4774/3445/25 4780/3445/25 4773/3445/25 4767/3445/25
f 4788/3446/6 4789/3446/6 4782/3446/6 4781/3446/6
f 4789/3447/36 4790/3447/36 4783/3447/36 4782/3447/36
f 4790/3448/32 4791/3448/32 4784/3448/32 4783/3448/32
f 4791/3449/4 4792/3449/4 4785/3449/4 4784/3449/4
f 4792/3450/33 4793/3450/33 4786/3450/33 4785/3450/33
f 4793/3451/10 4794/3451/10 4787/3451/10 4786/3451/10
f 4794/3452/27 4788/3452/27 4781/3452/27 4787/3452/27
f 4796/3453/1 4795/3453/1 4792/3453/1 4791/3453/1
f 4797/3454/1 4796/3454/1 4791/3454/1 4790/3454/1
f 4798/3455/1 4797/3455/1 4790/3455/1 4789/3455/1
f 4799/3456/1 4798/3456/1 4789/3456/1 4788/3456/1
f 4800/3457/1 4799/3457/1 4788/3457/1 4794/3457/1
f 4801/3458/1 4800/3458/1 4794/3458/1 4793/3458/1
f 4795/3459/1 4801/3459/1 4793/3459/1 4792/3459/1
f 4803/3460/5 4802/3460/5 4795/3460/5 4796/3460/5
f 4804/3461/12 4803/3461/12 4796/3461/12 4797/3461/12
f 4805/3462/13 4804/3462/13 4797/3462/13 4798/3462/13
f 4806/3463/14 4805/3463/14 4798/3463/14 4799/3463/14
f 4807/3464/15 4806/3464/15 4799/3464/15 4800/3464/15
f 4808/3465/22 4807/3465/22 4800/3465/22 4801/3465/22
f 4802/3466/25 4808/3466/25 4801/3466/25 4795/3466/25
f 4816/3467/6 4817/3467/6 4810/3467/6 4809/3467/6
f 4817/3468/36 4818/3468/36 4811/3468/36 4810/3468/36
f 4818/3469/32 4819/3469/32 4812/3469/32 4811/3469/32
f 4819/3470/4 4820/3470/4 4813/3470/4 4812/3470/4
f 4820/3471/33 4821/3471/33 4814/3471/33 4813/3471/33
f 4821/3472/10 4822/3472/10 4815/3472/10 4814/3472/10
f 4822/3473/27 4816/3473/27 4809/3473/27 4815/3473/27
f 4824/3474/1 4823/3474/1 4820/3474/1 4819/3474/1
f 4825/3475/1 4824/3475/1 4819/3475/1 4818/3475/1
f 4826/3476/1 4825/3476/1 4818/3476/1 4817/3476/1
f 4827/3477/1 4826/3477/1 4817/3477/1 4816/3477/1
f 4828/3478/1 4827/3478/1 4816/3478/1 4822/3478/1
f 4829/3479/1 4828/3479/1 4822/3479/1 4821/3479/1
f 4823/3480/1 4829/3480/1 4821/3480/1 4820/3480/1
f 4831/3481/5 4830/3481/5 4823/3481/5 4824/3481/5
f 4832/3482/12 4831/3482/12 4824/3482/12 4825/3482/12
f 4833/3483/13 4832/3483/13 4825/3483/13 4826/3483/13
f 4834/3484/14 4833/3484/14 4826/3484/14 4827/3484/14
f 4835/3485/15 4834/3485/15 4827/3485/15 4828/3485/15
f 4836/3486/22 4835/3486/22 4828/3486/22 4829/3486/22
f 4830/3487/25 4836/3487/25 4829/3487/25 4823/3487/25
f 4844/3488/6 4845/3488/6 4838/3488/6 4837/3488/6
f 4845/3489/7 4846/3489/7 4839/3489/7 4838/3489/7
f 4846/3490/8 4847/3490/8 4840/3490/8 4839/3490/8
f 4847/3491/4 4848/3491/4 4841/3491/4 4840/3491/4
f 4848/3492/9 4849/3492/9 4842/3492/9 4841/3492/9
f 4849/3493/10 4850/3493/10 4843/3493/10 4842/3493/10
f 4850/3494/27 4844/3494/27 4837/3494/27 4843/3494/27
f 4852/3495/1 4851/3495/1 4848/3495/1 4847/3495/1
f 4853/3496/1 4852/3496/1 4847/3496/1 4846/3496/1
f 4854/3497/1 4853/3497/1 4846/3497/1 4845/3497/1
f 4855/3498/1 4854/3498/1 4845/3498/1 4844/3498/1
f 4856/3499/1 4855/3499/1 4844/3499/1 4850/3499/1
f 4857/3500/1 4856/3500/1 4850/3500/1 4849/3500/1
f 4851/3501/1 4857/3501/1 4849/3501/1 4848/3501/1
f 4859/3502/5 4858/3502/5 4851/3502/5 4852/3502/5
f 4860/3503/12 4859/3503/12 4852/3503/12 4853/3503/12
f 4861/3504/13 4860/3504/13 4853/3504/13 4854/3504/13
f 4862/3505/14 4861/3505/14 4854/3505/14 4855/3505/14
f 4863/3506/15 4862/3506/15 4855/3506/15 4856/3506/15
f 4864/3507/22 4863/3507/22 4856/3507/22 4857/3507/22
f 4858/3508/25 4864/3508/25 4857/3508/25 4851/3508/25
f 4872/3509/6 4873/3509/6 4866/3509/6 4865/3509/6
f 4873/3510/36 4874/3510/36 4867/3510/36 4866/3510/36
f 4874/3511/32 4875/3511/32 4868/3511/32 4867/3511/32
f 4875/3512/4 4876/3512/4 4869/3512/4 4868/3512/4
f 4876/3513/33 4877/3513/33 4870/3513/33 4869/3513/33
f 4877/3514/10 4878/3514/10 4871/3514/10 4870/3514/10
f 4878/3515/27 4872/3515/27 4865/3515/27 4871/3515/27
f 4880/3516/1 4879/3516/1 4876/3516/1 4875/3516/1
f 4881/3517/1 4880/3517/1 4875/3517/1 4874/3517/1
f 4882/3518/1 4881/3518/1 4874/3518/1 4873/3518/1
f 4883/3519/1 4882/3519/1 4873/3519/1 4872/3519/1
f 4884/3520/1 4883/3520/1 4872/3520/1 4878/3520/1
f 4885/3521/1 4884/3521/1 4878/3521/1 4877/3521/1
f 4879/3522/1 4885/3522/1 4877/3522/1 4876/3522/1
f 4887/3523/5 4886/3523/5 4879/3523/5 4880/3523/5
f 4888/3524/12 4887/3524/12 4880/3524/12 4881/3524/12
f 4889/3525/13 4888/3525/13 4881/3525/13 4882/3525/13
f 4890/3526/14 4889/3526/14 4882/3526/14 4883/3526/14
f 4891/3527/15 4890/3527/15 4883/3527/15 4884/3527/15
f 4892/3528/22 4891/3528/22 4884/3528/22 4885/3528/22
f 4886/3529/25 4892/3529/25 4885/3529/25 4879/3529/25
f 4900/3530/6 4901/3530/6 4894/3530/6 4893/3530/6
f 4901/3531/36 4902/3531/36 4895/3531/36 4894/3531/36
f 4902/3532/32 4903/3532/32 4896/3532/32 4895/3532/32
f 4903/3533/4 4904/3533/4 4897/3533/4 4896/3533/4
f 4904/3534/33 4905/3534/33 4898/3534/33 4897/3534/33
f 4905/3535/10 4906/3535/10 4899/3535/10 4898/3535/10
f 4906/3536/11 4900/3536/11 4893/3536/11 4899/3536/11
f 4908/3537/1 4907/3537/1 4904/3537/1 4903/3537/1
f 4909/3538/1 4908/3538/1 4903/3538/1 4902/3538/1
f 4910/3539/1 4909/3539/1 4902/3539/1 4901/3539/1
f 4911/3540/1 4910/3540/1 4901/3540/1 4900/3540/1
f 4912/3541/1 4911/3541/1 4900/3541/1 4906/3541/1
f 4913/3542/1 4912/3542/1 4906/3542/1 4905/3542/1
f 4907/3543/1 4913/3543/1 4905/3543/1 4904/3543/1
f 4915/3544/5 4914/3544/5 4907/3544/5 4908/3544/5
f 4916/3545/12 4915/3545/12 4908/3545/12 4909/3545/12
f 4917/3546/13 4916/3546/13 4909/3546/13 4910/3546/13
f 4918/3547/14 4917/3547/14 4910/3547/14 4911/3547/14
f 4919/3548/15 4918/3548/15 4911/3548/15 4912/3548/15
f 4920/3549/22 4919/3549/22 4912/3549/22 4913/3549/22
f 4914/3550/17 4920/3550/17 4913/3550/17 4907/3550/17
f 4928/3551/6 4929/3551/6 4922/3551/6 4921/3551/6
f 4929/3552/36 4930/3552/36 4923/3552/36 4922/3552/36
f 4930/3553/32 4931/3553/32 4924/3553/32 4923/3553/32
f 4931/3554/4 4932/3554/4 4925/3554/4 4924/3554/4
f 4932/3555/9 4933/3555/9 4926/3555/9 4925/3555/9
f 4933/3556/10 4934/3556/10 4927/3556/10 4926/3556/10
f 4934/3557/11 4928/3557/11 4921/3557/11 4927/3557/11
f 4936/3558/1 4935/3558/1 4932/3558/1 4931/3558/1
f 4937/3559/1 4936/3559/1 4931/3559/1 4930/3559/1
f 4938/3560/1 4937/3560/1 4930/3560/1 4929/3560/1
f 4939/3561/1 4938/3561/1 4929/3561/1 4928/3561/1
f 4940/3562/1 4939/3562/1 4928/3562/1 4934/3562/1
f 4941/3563/1 4940/3563/1 4934/3563/1 4933/3563/1
f 4935/3564/1 4941/3564/1 4933/3564/1 4932/3564/1
f 4943/3565/5 4942/3565/5 4935/3565/5 4936/3565/5
f 4944/3566/12 4943/3566/12 4936/3566/12 4937/3566/12
f 4945/3567/13 4944/3567/13 4937/3567/13 4938/3567/13
f 4946/3568/14 4945/3568/14 4938/3568/14 4939/3568/14
f 4947/3569/15 4946/3569/15 4939/3569/15 4940/3569/15
f 4948/3570/16 4947/3570/16 4940/3570/16 4941/3570/16
f 4942/3571/17 4948/3571/17 4941/3571/17 4935/3571/17
f 4956/3572/6 4957/3572/6 4950/3572/6 4949/3572/6
f 4957/3573/36 4958/3573/36 4951/3573/36 4950/3573/36
f 4958/3574/32 4959/3574/32 4952/3574/32 4951/3574/32
f 4959/3575/4 4960/3575/4 4953/3575/4 4952/3575/4
f 4960/3576/33 4961/3576/33 4954/3576/33 4953/3576/33
f 4961/3577/10 4962/3577/10 4955/3577/10 4954/3577/10
f 4962/3578/27 4956/3578/27 4949/3578/27 4955/3578/27
f 4964/3579/1 4963/3579/1 4960/3579/1 4959/3579/1
f 4965/3580/1 4964/3580/1 4959/3580/1 4958/3580/1
f 4966/3581/1 4965/3581/1 4958/3581/1 4957/3581/1
f 4967/3582/1 4966/3582/1 4957/3582/1 4956/3582/1
f 4968/3583/1 4967/3583/1 4956/3583/1 4962/3583/1
f 4969/3584/1 4968/3584/1 4962/3584/1 4961/3584/1
f 4963/3585/1 4969/3585/1 4961/3585/1 4960/3585/1
f 4971/3586/5 4970/3586/5 4963/3586/5 4964/3586/5
f 4972/3587/28 4971/3587/28 4964/3587/28 4965/3587/28
f 4973/3588/13 4972/3588/13 4965/3588/13 4966/3588/13
f 4974/3589/14 4973/3589/14 4966/3589/14 4967/3589/14
f 4975/3590/15 4974/3590/15 4967/3590/15 4968/3590/15
f 4976/3591/22 4975/3591/22 4968/3591/22 4969/3591/22
f 4970/3592/37 4976/3592/37 4969/3592/37 4963/3592/37
f 4984/3593/38 4985/3593/38 4978/3593/38 4977/3593/38
f 4985/3594/36 4986/3594/36 4979/3594/36 4978/3594/36
f 4986/3595/32 4987/3595/32 4980/3595/32 4979/3595/32
f 4987/3596/4 4988/3596/4 4981/3596/4 4980/3596/4
f 4988/3597/33 4989/3597/33 4982/3597/33 4981/3597/33
f 4989/3598/10 4990/3598/10 4983/3598/10 4982/3598/10
f 4990/3599/39 4984/3599/39 4977/3599/39 4983/3599/39
f 4992/3600/1 4991/3600/1 4988/3600/1 4987/3600/1
f 4993/3601/1 4992/3601/1 4987/3601/1 4986/3601/1
f 4994/3602/1 4993/3602/1 4986/3602/1 4985/3602/1
f 4995/3603/1 4994/3603/1 4985/3603/1 4984/3603/1
f 4996/3604/1 4995/3604/1 4984/3604/1 4990/3604/1
f 4997/3605/1 4996/3605/1 4990/3605/1 4989/3605/1
f 4991/3606/1 4997/3606/1 4989/3606/1 4988/3606/1
f 4999/3607/5 4998/3607/5 4991/3607/5 4992/3607/5
f 5000/3608/12 4999/3608/12 4992/3608/12 4993/3608/12
f 5001/3609/13 5000/3609/13 4993/3609/13 4994/3609/13
f 5002/3610/40 5001/3610/40 4994/3610/40 4995/3610/40
f 5003/3611/41 5002/3611/41 4995/3611/41 4996/3611/41
f 5004/3612/22 5003/3612/22 4996/3612/22 4997/3612/22
f 4998/3613/17 5004/3613/17 4997/3613/17 4991/3613/17
f 5012/3614/38 5013/3614/38 5006/3614/38 5005/3614/38
f 5013/3615/36 5014/3615/36 5007/3615/36 5006/3615/36
f 5014/3616/32 5015/3616/32 5008/3616/32 5007/3616/32
f 5015/3617/4 5016/3617/4 5009/3617/4 5008/3617/4
f 5016/3618/9 5017/3618/9 5010/3618/9 5009/3618/9
f 5017/3619/10 5018/3619/10 5011/3619/10 5010/3619/10
f 5018/3620/39 5012/3620/39 5005/3620/39 5011/3620/39
f 5020/3621/1 5019/3621/1 5016/3621/1 5015/3621/1
f 5021/3622/1 5020/3622/1 5015/3622/1 5014/3622/1
f 5022/3623/1 5021/3623/1 5014/3623/1 5013/3623/1
f 5023/3624/1 5022/3624/1 5013/3624/1 5012/3624/1
f 5024/3625/1 5023/3625/1 5012/3625/1 5018/3625/1
f 5025/3626/1 5024/3626/1 5018/3626/1 5017/3626/1
f 5019/3627/1 5025/3627/1 5017/3627/1 5016/3627/1
f 5027/3628/5 5026/3628/5 5019/3628/5 5020/3628/5
f 5028/3629/12 5027/3629/12 5020/3629/12 5021/3629/12
f 5029/3630/13 5028/3630/13 5021/3630/13 5022/3630/13
f 5030/3631/40 5029/3631/40 5022/3631/40 5023/3631/40
f 5031/3632/41 5030/3632/41 5023/3632/41 5024/3632/41
f 5032/3633/22 5031/3633/22 5024/3633/22 5025/3633/22
f 5026/3634/25 5032/3634/25 5025/3634/25 5019/3634/25
f 5040/3635/38 5041/3635/38 5034/3635/38 5033/3635/38
f 5041/3636/36 5042/3636/36 5035/3636/36 5034/3636/36
f 5042/3637/32 5043/3637/32 5036/3637/32 5035/3637/32
f 5043/3638/4 5044/3638/4 5037/3638/4 5036/3638/4
f 5044/3639/33 5045/3639/33 5038/3639/33 5037/3639/33
f 5045/3640/10 5046/3640/10 5039/3640/10 5038/3640/10
f 5046/3641/39 5040/3641/39 5033/3641/39 5039/3641/39
f 5048/3642/1 5047/3642/1 5044/3642/1 5043/3642/1
f 5049/3643/1 5048/3643/1 5043/3643/1 5042/3643/1
f 5050/3644/1 5049/3644/1 5042/3644/1 5041/3644/1
f 5051/3645/1 5050/3645/1 5041/3645/1 5040/3645/1
f 5052/3646/1 5051/3646/1 5040/3646/1 5046/3646/1
f 5053/3647/1 5052/3647/1 5046/3647/1 5045/3647/1
f 5047/3648/1 5053/3648/1 5045/3648/1 5044/3648/1
f 5055/3649/5 5054/3649/5 5047/3649/5 5048/3649/5
f 5056/3650/12 5055/3650/12 5048/3650/12 5049/3650/12
f 5057/3651/13 5056/3651/13 5049/3651/13 5050/3651/13
f 5058/3652/40 5057/3652/40 5050/3652/40 5051/3652/40
f 5059/3653/41 5058/3653/41 5051/3653/41 5052/3653/41
f 5060/3654/22 5059/3654/22 5052/3654/22 5053/3654/22
f 5054/3655/25 5060/3655/25 5053/3655/25 5047/3655/25
f 5068/3656/38 5069/3656/38 5062/3656/38 5061/3656/38
f 5069/3657/36 5070/3657/36 5063/3657/36 5062/3657/36
f 5070/3658/32 5071/3658/32 5064/3658/32 5063/3658/32
f 5071/3659/4 5072/3659/4 5065/3659/4 5064/3659/4
f 5072/3660/33 5073/3660/33 5066/3660/33 5065/3660/33
f 5073/3661/10 5074/3661/10 5067/3661/10 5066/3661/10
f 5074/3662/39 5068/3662/39 5061/3662/39 5067/3662/39
f 5076/3663/1 5075/3663/1 5072/3663/1 5071/3663/1
f 5077/3664/1 5076/3664/1 5071/3664/1 5070/3664/1
f 5078/3665/1 5077/3665/1 5070/3665/1 5069/3665/1
f 5079/3666/1 5078/3666/1 5069/3666/1 5068/3666/1
f 5080/3667/1 5079/3667/1 5068/3667/1 5074/3667/1
f 5081/3668/1 5080/3668/1 5074/3668/1 5073/3668/1
f 5075/3669/1 5081/3669/1 5073/3669/1 5072/3669/1
f 5083/3670/5 5082/3670/5 5075/3670/5 5076/3670/5
f 5084/3671/12 5083/3671/12 5076/3671/12 5077/3671/12
f 5085/3672/13 5084/3672/13 5077/3672/13 5078/3672/13
f 5086/3673/40 5085/3673/40 5078/3673/40 5079/3673/40
f 5087/3674/41 5086/3674/41 5079/3674/41 5080/3674/41
f 5088/3675/22 5087/3675/22 5080/3675/22 5081/3675/22
f 5082/3676/25 5088/3676/25 5081/3676/25 5075/3676/25
f 5096/3677/38 5097/3677/38 5090/3677/38 5089/3677/38
f 5097/3678/7 5098/3678/7 5091/3678/7 5090/3678/7
f 5098/3679/8 5099/3679/8 5092/3679/8 5091/3679/8
f 5099/3680/4 5100/3680/4 5093/3680/4 5092/3680/4
f 5100/3681/9 5101/3681/9 5094/3681/9 5093/3681/9
f 5101/3682/10 5102/3682/10 5095/3682/10 5094/3682/10
f 5102/3683/39 5096/3683/39 5089/3683/39 5095/3683/39
f 5104/3684/1 5103/3684/1 5100/3684/1 5099/3684/1
f 5105/3685/1 5104/3685/1 5099/3685/1 5098/3685/1
f 5106/3686/1 5105/3686/1 5098/3686/1 5097/3686/1
f 5107/3687/1 5106/3687/1 5097/3687/1 5096/3687/1
f 5108/3688/1 5107/3688/1 5096/3688/1 5102/3688/1
f 5109/3689/1 5108/3689/1 5102/3689/1 5101/3689/1
f 5103/3690/1 5109/3690/1 5101/3690/1 5100/3690/1
f 5111/3691/5 5110/3691/5 5103/3691/5 5104/3691/5
f 5112/3692/12 5111/3692/12 5104/3692/12 5105/3692/12
f 5113/3693/13 5112/3693/13 5105/3693/13 5106/3693/13
f 5114/3694/40 5113/3694/40 5106/3694/40 5107/3694/40
f 5115/3695/41 5114/3695/41 5107/3695/41 5108/3695/41
f 5116/3696/22 5115/3696/22 5108/3696/22 5109/3696/22
f 5110/3697/25 5116/3697/25 5109/3697/25 5103/3697/25
f 5124/3698/38 5125/3698/38 5118/3698/38 5117/3698/38
f 5125/3699/36 5126/3699/36 5119/3699/36 5118/3699/36
f 5126/3700/32 5127/3700/32 5120/3700/32 5119/3700/32
f 5127/3701/4 5128/3701/4 5121/3701/4 5120/3701/4
f 5128/3702/33 5129/3702/33 5122/3702/33 5121/3702/33
f 5129/3703/10 5130/3703/10 5123/3703/10 5122/3703/10
f 5130/3704/39 5124/3704/39 5117/3704/39 5123/3704/39
f 5132/3705/1 5131/3705/1 5128/3705/1 5127/3705/1
f 5133/3706/1 5132/3706/1 5127/3706/1 5126/3706/1
f 5134/3707/1 5133/3707/1 5126/3707/1 5125/3707/1
f 5135/3708/1 5134/3708/1 5125/3708/1 5124/3708/1
f 5136/3709/1 5135/3709/1 5124/3709/1 5130/3709/1
f 5137/3710/1 5136/3710/1 5130/3710/1 5129/3710/1
f 5131/3711/1 5137/3711/1 5129/3711/1 5128/3711/1
f 5139/3712/5 5138/3712/5 5131/3712/5 5132/3712/5
f 5140/3713/12 5139/3713/12 5132/3713/12 5133/3713/12
f 5141/3714/13 5140/3714/13 5133/3714/13 5134/3714/13
f 5142/3715/40 5141/3715/40 5134/3715/40 5135/3715/40
f 5143/3716/41 5142/3716/41 5135/3716/41 5136/3716/41
f 5144/3717/22 5143/3717/22 5136/3717/22 5137/3717/22
f 5138/3718/25 5144/3718/25 5137/3718/25 5131/3718/25
f 5152/3719/38 5153/3719/38 5146/3719/38 5145/3719/38
f 5153/3720/36 5154/3720/36 5147/3720/36 5146/3720/36
f 5154/3721/32 5155/3721/32 5148/3721/32 5147/3721/32
f 5155/3722/4 5156/3722/4 5149/3722/4 5148/3722/4
f 5156/3723/33 5157/3723/33 5150/3723/33 5149/3723/33
f 5157/3724/10 5158/3724/10 5151/3724/10 5150/3724/10
f 5158/3725/39 5152/3725/39 5145/3725/39 5151/3725/39
f 5160/3726/1 5159/3726/1 5156/3726/1 5155/3726/1
f 5161/3727/1 5160/3727/1 5155/3727/1 5154/3727/1
f 5162/3728/1 5161/3728/1 5154/3728/1 5153/3728/1
f 5163/3729/1 5162/3729/1 5153/3729/1 5152/3729/1
f 5164/3730/1 5163/3730/1 5152/3730/1 5158/3730/1
f 5165/3731/1 5164/3731/1 5158/3731/1 5157/3731/1
f 5159/3732/1 5165/3732/1 5157/3732/1 5156/3732/1
f 5167/3733/5 5166/3733/5 5159/3733/5 5160/3733/5
f 5168/3734/12 5167/3734/12 5160/3734/12 5161/3734/12
f 5169/3735/13 5168/3735/13 5161/3735/13 5162/3735/13
f 5170/3736/40 5169/3736/40 5162/3736/40 5163/3736/40
f 5171/3737/41 5170/3737/41 5163/3737/41 5164/3737/41
f 5172/3738/22 5171/3738/22 5164/3738/22 5165/3738/22
f 5166/3739/17 5172/3739/17 5165/3739/17 5159/3739/17
f 5180/3740/38 5181/3740/38 5174/3740/38 5173/3740/38
f 5181/3741/36 5182/3741/36 5175/3741/36 5174/3741/36
f 5182/3742/32 5183/3742/32 5176/3742/32 5175/3742/32
f 5183/3743/4 5184/3743/4 5177/3743/4 5176/3743/4
f 5184/3744/9 5185/3744/9 5178/3744/9 5177/3744/9
f 5185/3745/10 5186/3745/10 5179/3745/10 5178/3745/10
f 5186/3746/39 5180/3746/39 5173/3746/39 5179/3746/39
f 5188/3747/1 5187/3747/1 5184/3747/1 5183/3747/1
f 5189/3748/1 5188/3748/1 5183/3748/1 5182/3748/1
f 5190/3749/1 5189/3749/1 5182/3749/1 5181/3749/1
f 5191/3750/1 5190/3750/1 5181/3750/1 5180/3750/1
f 5192/3751/1 5191/3751/1 5180/3751/1 5186/3751/1
f 5193/3752/1 5192/3752/1 5186/3752/1 5185/3752/1
f 5187/3753/1 5193/3753/1 5185/3753/1 5184/3753/1
f 5195/3754/5 5194/3754/5 5187/3754/5 5188/3754/5
f 5196/3755/12 5195/3755/12 5188/3755/12 5189/3755/12
f 5197/3756/13 5196/3756/13 5189/3756/13 5190/3756/13
f 5198/3757/40 5197/3757/40 5190/3757/40 5191/3757/40
f 5199/3758/41 5198/3758/41 5191/3758/41 5192/3758/41
f 5200/3759/22 5199/3759/22 5192/3759/22 5193/3759/22
f 5194/3760/17 5200/3760/17 5193/3760/17 5187/3760/17
f 5208/3761/38 5209/3761/38 5202/3761/38 5201/3761/38
f 5209/3762/36 5210/3762/36 5203/3762/36 5202/3762/36
f 5210/3763/32 5211/3763/32 5204/3763/32 5203/3763/32
f 5211/3764/4 5212/3764/4 5205/3764/4 5204/3764/4
f 5212/3765/33 5213/3765/33 5206/3765/33 5205/3765/33
f 5213/3766/10 5214/3766/10 5207/3766/10 5206/3766/10
f 5214/3767/39 5208/3767/39 5201/3767/39 5207/3767/39
f 5216/3768/1 5215/3768/1 5212/3768/1 5211/3768/1
f 5217/3769/1 5216/3769/1 5211/3769/1 5210/3769/1
f 5218/3770/1 5217/3770/1 5210/3770/1 5209/3770/1
f 5219/3771/1 5218/3771/1 5209/3771/1 5208/3771/1
f 5220/3772/1 5219/3772/1 5208/3772/1 5214/3772/1
f 5221/3773/1 5220/3773/1 5214/3773/1 5213/3773/1
f 5215/3774/1 5221/3774/1 5213/3774/1 5212/3774/1
f 5223/3775/5 5222/3775/5 5215/3775/5 5216/3775/5
f 5224/3776/12 5223/3776/12 5216/3776/12 5217/3776/12
f 5225/3777/13 5224/3777/13 5217/3777/13 5218/3777/13
f 5226/3778/40 5225/3778/40 5218/3778/40 5219/3778/40
f 5227/3779/41 5226/3779/41 5219/3779/41 5220/3779/41
f 5228/3780/22 5227/3780/22 5220/3780/22 5221/3780/22
f 5222/3781/25 5228/3781/25 5221/3781/25 5215/3781/25
f 5236/3782/38 5237/3782/38 5230/3782/38 5229/3782/38
f 5237/3783/36 5238/3783/36 5231/3783/36 5230/3783/36
f 5238/3784/32 5239/3784/32 5232/3784/32 5231/3784/32
f 5239/3785/4 5240/3785/4 5233/3785/4 5232/3785/4
f 5240/3786/33 5241/3786/33 5234/3786/33 5233/3786/33
f 5241/3787/10 5242/3787/10 5235/3787/10 5234/3787/10
f 5242/3788/39 5236/3788/39 5229/3788/39 5235/3788/39
f 5244/3789/1 5243/3789/1 5240/3789/1 5239/3789/1
f 5245/3790/1 5244/3790/1 5239/3790/1 5238/3790/1
f 5246/3791/1 5245/3791/1 5238/3791/1 5237/3791/1
f 5247/3792/1 5246/3792/1 5237/3792/1 5236/3792/1
f 5248/3793/1 5247/3793/1 5236/3793/1 5242/3793/1
f 5249/3794/1 5248/3794/1 5242/3794/1 5241/3794/1
f 5243/3795/1 5249/3795/1 5241/3795/1 5240/3795/1
f 5251/3796/5 5250/3796/5 5243/3796/5 5244/3796/5
f 5252/3797/28 5251/3797/28 5244/3797/28 5245/3797/28
f 5253/3798/13 5252/3798/13 5245/3798/13 5246/3798/13
f 5254/3799/40 5253/3799/40 5246/3799/40 5247/3799/40
f 5255/3800/41 5254/3800/41 5247/3800/41 5248/3800/41
f 5256/3801/16 5255/3801/16 5248/3801/16 5249/3801/16
f 5250/3802/17 5256/3802/17 5249/3802/17 5243/3802/17
f 5264/3803/38 5265/3803/38 5258/3803/38 5257/3803/38
f 5265/3804/36 5266/3804/36 5259/3804/36 5258/3804/36
f 5266/3805/32 5267/3805/32 5260/3805/32 5259/3805/32
f 5267/3806/4 5268/3806/4 5261/3806/4 5260/3806/4
f 5268/3807/9 5269/3807/9 5262/3807/9 5261/3807/9
f 5269/3808/10 5270/3808/10 5263/3808/10 5262/3808/10
f 5270/3809/39 5264/3809/39 5257/3809/39 5263/3809/39
f 5272/3810/1 5271/3810/1 5268/3810/1 5267/3810/1
f 5273/3811/1 5272/3811/1 5267/3811/1 5266/3811/1
f 5274/3812/1 5273/3812/1 5266/3812/1 5265/3812/1
f 5275/3813/1 5274/3813/1 5265/3813/1 5264/3813/1
f 5276/3814/1 5275/3814/1 5264/3814/1 5270/3814/1
f 5277/3815/1 5276/3815/1 5270/3815/1 5269/3815/1
f 5271/3816/1 5277/3816/1 5269/3816/1 5268/3816/1
f 5279/3817/5 5278/3817/5 5271/3817/5 5272/3817/5
f 5280/3818/12 5279/3818/12 5272/3818/12 5273/3818/12
f 5281/3819/13 5280/3819/13 5273/3819/13 5274/3819/13
f 5282/3820/40 5281/3820/40 5274/3820/40 5275/3820/40
f 5283/3821/41 5282/3821/41 5275/3821/41 5276/3821/41
f 5284/3822/22 5283/3822/22 5276/3822/22 5277/3822/22
f 5278/3823/25 5284/3823/25 5277/3823/25 5271/3823/25
f 5292/3824/38 5293/3824/38 5286/3824/38 5285/3824/38
f 5293/3825/36 5294/3825/36 5287/3825/36 5286/3825/36
f 5294/3826/32 5295/3826/32 5288/3826/32 5287/3826/32
f 5295/3827/4 5296/3827/4 5289/3827/4 5288/3827/4
f 5296/3828/33 5297/3828/33 5290/3828/33 5289/3828/33
f 5297/3829/10 5298/3829/10 5291/3829/10 5290/3829/10
f 5298/3830/39 5292/3830/39 5285/3830/39 5291/3830/39
f 5300/3831/1 5299/3831/1 5296/3831/1 5295/3831/1
f 5301/3832/1 5300/3832/1 5295/3832/1 5294/3832/1
f 5302/3833/1 5301/3833/1 5294/3833/1 5293/3833/1
f 5303/3834/1 5302/3834/1 5293/3834/1 5292/3834/1
f 5304/3835/1 5303/3835/1 5292/3835/1 5298/3835/1
f 5305/3836/1 5304/3836/1 5298/3836/1 5297/3836/1
f 5299/3837/1 5305/3837/1 5297/3837/1 5296/3837/1
f 5307/3838/5 5306/3838/5 5299/3838/5 5300/3838/5
f 5308/3839/12 5307/3839/12 5300/3839/12 5301/3839/12
f 5309/3840/13 5308/3840/13 5301/3840/13 5302/3840/13
f 5310/3841/40 5309/3841/40 5302/3841/40 5303/3841/40
f 5311/3842/41 5310/3842/41 5303/3842/41 5304/3842/41
f 5312/3843/22 5311/3843/22 5304/3843/22 5305/3843/22
f 5306/3844/25 5312/3844/25 5305/3844/25 5299/3844/25
f 5320/3845/38 5321/3845/38 5314/3845/38 5313/3845/38
f 5321/3846/36 5322/3846/36 5315/3846/36 5314/3846/36
f 5322/3847/32 5323/3847/32 5316/3847/32 5315/3847/32
f 5323/3848/4 5324/3848/4 5317/3848/4 5316/3848/4
f 5324/3849/33 5325/3849/33 5318/3849/33 5317/3849/33
f 5325/3850/10 5326/3850/10 5319/3850/10 5318/3850/10
f 5326/3851/39 5320/3851/39 5313/3851/39 5319/3851/39
f 5328/3852/1 5327/3852/1 5324/3852/1 5323/3852/1
f 5329/3853/1 5328/3853/1 5323/3853/1 5322/3853/1
f 5330/3854/1 5329/3854/1 5322/3854/1 5321/3854/1
f 5331/3855/1 5330/3855/1 5321/3855/1 5320/3855/1
f 5332/3856/1 5331/3856/1 5320/3856/1 5326/3856/1
f 5333/3857/1 5332/3857/1 5326/3857/1 5325/3857/1
f 5327/3858/1 5333/3858/1 5325/3858/1 5324/3858/1
f 5335/3859/5 5334/3859/5 5327/3859/5 5328/3859/5
f 5336/3860/12 5335/3860/12 5328/3860/12 5329/3860/12
f 5337/3861/13 5336/3861/13 5329/3861/13 5330/3861/13
f 5338/3862/40 5337/3862/40 5330/3862/40 5331/3862/40
f 5339/3863/41 5338/3863/41 5331/3863/41 5332/3863/41
f 5340/3864/22 5339/3864/22 5332/3864/22 5333/3864/22
f 5334/3865/25 5340/3865/25 5333/3865/25 5327/3865/25
f 5348/3866/38 5349/3866/38 5342/3866/38 5341/3866/38
f 5349/3867/7 5350/3867/7 5343/3867/7 5342/3867/7
f 5350/3868/8 5351/3868/8 5344/3868/8 5343/3868/8
f 5351/3869/4 5352/3869/4 5345/3869/4 5344/3869/4
f 5352/3870/9 5353/3870/9 5346/3870/9 5345/3870/9
f 5353/3871/10 5354/3871/10 5347/3871/10 5346/3871/10
f 5354/3872/39 5348/3872/39 5341/3872/39 5347/3872/39
f 5356/3873/1 5355/3873/1 5352/3873/1 5351/3873/1
f 5357/3874/1 5356/3874/1 5351/3874/1 5350/3874/1
f 5358/3875/1 5357/3875/1 5350/3875/1 5349/3875/1
f 5359/3876/1 5358/3876/1 5349/3876/1 5348/3876/1
f 5360/3877/1 5359/3877/1 5348/3877/1 5354/3877/1
f 5361/3878/1 5360/3878/1 5354/3878/1 5353/3878/1
f 5355/3879/1 5361/3879/1 5353/3879/1 5352/3879/1
f 5363/3880/5 5362/3880/5 5355/3880/5 5356/3880/5
f 5364/3881/12 5363/3881/12 5356/3881/12 5357/3881/12
f 5365/3882/13 5364/3882/13 5357/3882/13 5358/3882/13
f 5366/3883/40 5365/3883/40 5358/3883/40 5359/3883/40
f 5367/3884/41 5366/3884/41 5359/3884/41 5360/3884/41
f 5368/3885/22 5367/3885/22 5360/3885/22 5361/3885/22
f 5362/3886/25 5368/3886/25 5361/3886/25 5355/3886/25
f 5376/3887/38 5377/3887/38 5370/3887/38 5369/3887/38
f 5377/3888/36 5378/3888/36 5371/3888/36 5370/3888/36
f 5378/3889/32 5379/3889/32 5372/3889/32 5371/3889/32
f 5379/3890/4 5380/3890/4 5373/3890/4 5372/3890/4
f 5380/3891/33 5381/3891/33 5374/3891/33 5373/3891/33
f 5381/3892/10 5382/3892/10 5375/3892/10 5374/3892/10
f 5382/3893/39 5376/3893/39 5369/3893/39 5375/3893/39
f 5384/3894/1 5383/3894/1 5380/3894/1 5379/3894/1
f 5385/3895/1 5384/3895/1 5379/3895/1 5378/3895/1
f 5386/3896/1 5385/3896/1 5378/3896/1 5377/3896/1
f 5387/3897/1 5386/3897/1 5377/3897/1 5376/3897/1
f 5388/3898/1 5387/3898/1 5376/3898/1 5382/3898/1
f 5389/3899/1 5388/3899/1 5382/3899/1 5381/3899/1
f 5383/3900/1 5389/3900/1 5381/3900/1 5380/3900/1
f 5391/3901/5 5390/3901/5 5383/3901/5 5384/3901/5
f 5392/3902/12 5391/3902/12 5384/3902/12 5385/3902/12
f 5393/3903/13 5392/3903/13 5385/3903/13 5386/3903/13
f 5394/3904/40 5393/3904/40 5386/3904/40 5387/3904/40
f 5395/3905/41 5394/3905/41 5387/3905/41 5388/3905/41
f 5396/3906/22 5395/3906/22 5388/3906/22 5389/3906/22
f 5390/3907/25 5396/3907/25 5389/3907/25 5383/3907/25
f 5404/3908/38 5405/3908/38 5398/3908/38 5397/3908/38
f 5405/3909/36 5406/3909/36 5399/3909/36 5398/3909/36
f 5406/3910/32 5407/3910/32 5400/3910/32 5399/3910/32
f 5407/3911/4 5408/3911/4 5401/3911/4 5400/3911/4
f 5408/3912/33 5409/3912/33 5402/3912/33 5401/3912/33
f 5409/3913/10 5410/3913/10 5403/3913/10 5402/3913/10
f 5410/3914/39 5404/3914/39 5397/3914/39 5403/3914/39
f 5412/3915/1 5411/3915/1 5408/3915/1 5407/3915/1
f 5413/3916/1 5412/3916/1 5407/3916/1 5406/3916/1
f 5414/3917/1 5413/3917/1 5406/3917/1 5405/3917/1
f 5415/3918/1 5414/3918/1 5405/3918/1 5404/3918/1
f 5416/3919/1 5415/3919/1 5404/3919/1 5410/3919/1
f 5417/3920/1 5416/3920/1 5410/3920/1 5409/3920/1
f 5411/3921/1 5417/3921/1 5409/3921/1 5408/3921/1
f 5419/3922/5 5418/3922/5 5411/3922/5 5412/3922/5
f 5420/3923/12 5419/3923/12 5412/3923/12 5413/3923/12
f 5421/3924/13 5420/3924/13 5413/3924/13 5414/3924/13
f 5422/3925/40 5421/3925/40 5414/3925/40 5415/3925/40
f 5423/3926/41 5422/3926/41 5415/3926/41 5416/3926/41
f 5424/3927/22 5423/3927/22 5416/3927/22 5417/3927/22
f 5418/3928/17 5424/3928/17 5417/3928/17 5411/3928/17
f 5432/3929/38 5433/3929/38 5426/3929/38 5425/3929/38
f 5433/3930/36 5434/3930/36 5427/3930/36 5426/3930/36
f 5434/3931/32 5435/3931/32 5428/3931/32 5427/3931/32
f 5435/3932/4 5436/3932/4 5429/3932/4 5428/3932/4
f 5436/3933/9 5437/3933/9 5430/3933/9 5429/3933/9
f 5437/3934/10 5438/3934/10 5431/3934/10 5430/3934/10
f 5438/3935/39 5432/3935/39 5425/3935/39 5431/3935/39
f 5440/3936/1 5439/3936/1 5436/3936/1 5435/3936/1
f 5441/3937/1 5440/3937/1 5435/3937/1 5434/3937/1
f 5442/3938/1 5441/3938/1 5434/3938/1 5433/3938/1
f 5443/3939/1 5442/3939/1 5433/3939/1 5432/3939/1
f 5444/3940/1 5443/3940/1 5432/3940/1 5438/3940/1
f 5445/3941/1 5444/3941/1 5438/3941/1 5437/3941/1
f 5439/3942/1 5445/3942/1 5437/3942/1 5436/3942/1
f 5447/3943/5 5446/3943/5 5439/3943/5 5440/3943/5
f 5448/3944/12 5447/3944/12 5440/3944/12 5441/3944/12
f 5449/3945/13 5448/3945/13 5441/3945/13 5442/3945/13
f 5450/3946/40 5449/3946/40 5442/3946/40 5443/3946/40
f 5451/3947/41 5450/3947/41 5443/3947/41 5444/3947/41
f 5452/3948/16 5451/3948/16 5444/3948/16 5445/3948/16
f 5446/3949/17 5452/3949/17 5445/3949/17 5439/3949/17
f 5460/3950/38 5461/3950/38 5454/3950/38 5453/3950/38
f 5461/3951/36 5462/3951/36 5455/3951/36 5454/3951/36
f 5462/3952/32 5463/3952/32 5456/3952/32 5455/3952/32
f 5463/3953/4 5464/3953/4 5457/3953/4 5456/3953/4
f 5464/3954/33 5465/3954/33 5458/3954/33 5457/3954/33
f 5465/3955/10 5466/3955/10 5459/3955/10 5458/3955/10
f 5466/3956/39 5460/3956/39 5453/3956/39 5459/3956/39
f 5468/3957/1 5467/3957/1 5464/3957/1 5463/3957/1
f 5469/3958/1 5468/3958/1 5463/3958/1 5462/3958/1
f 5470/3959/1 5469/3959/1 5462/3959/1 5461/3959/1
f 5471/3960/1 5470/3960/1 5461/3960/1 5460/3960/1
f 5472/3961/1 5471/3961/1 5460/3961/1 5466/3961/1
f 5473/3962/1 5472/3962/1 5466/3962/1 5465/3962/1
f 5467/3963/1 5473/3963/1 5465/3963/1 5464/3963/1
f 5475/3964/5 5474/3964/5 5467/3964/5 5468/3964/5
f 5476/3965/28 5475/3965/28 5468/3965/28 5469/3965/28
f 5477/3966/13 5476/3966/13 5469/3966/13 5470/3966/13
f 5478/3967/40 5477/3967/40 5470/3967/40 5471/3967/40
f 5479/3968/41 5478/3968/41 5471/3968/41 5472/3968/41
f 5480/3969/22 5479/3969/22 5472/3969/22 5473/3969/22
f 5474/3970/37 5480/3970/37 5473/3970/37 5467/3970/37
f 5488/3971/38 5489/3971/38 5482/3971/38 5481/3971/38
f 5489/3972/36 5490/3972/36 5483/3972/36 5482/3972/36
f 5490/3973/32 5491/3973/32 5484/3973/32 5483/3973/32
f 5491/3974/4 5492/3974/4 5485/3974/4 5484/3974/4
f 5492/3975/33 5493/3975/33 5486/3975/33 5485/3975/33
f 5493/3976/10 5494/3976/10 5487/3976/10 5486/3976/10
f 5494/3977/39 5488/3977/39 5481/3977/39 5487/3977/39
f 5496/3978/1 5495/3978/1 5492/3978/1 5491/3978/1
f 5497/3979/1 5496/3979/1 5491/3979/1 5490/3979/1
f 5498/3980/1 5497/3980/1 5490/3980/1 5489/3980/1
f 5499/3981/1 5498/3981/1 5489/3981/1 5488/3981/1
f 5500/3982/1 5499/3982/1 5488/3982/1 5494/3982/1
f 5501/3983/1 5500/3983/1 5494/3983/1 5493/3983/1
f 5495/3984/1 5501/3984/1 5493/3984/1 5492/3984/1
f 5503/3985/5 5502/3985/5 5495/3985/5 5496/3985/5
f 5504/3986/12 5503/3986/12 5496/3986/12 5497/3986/12
f 5505/3987/13 5504/3987/13 5497/3987/13 5498/3987/13
f 5506/3988/40 5505/3988/40 5498/3988/40 5499/3988/40
f 5507/3989/41 5506/3989/41 5499/3989/41 5500/3989/41
f 5508/3990/22 5507/3990/22 5500/3990/22 5501/3990/22
f 5502/3991/25 5508/3991/25 5501/3991/25 5495/3991/25
f 5516/3992/38 5517/3992/38 5510/3992/38 5509/3992/38
f 5517/3993/36 5518/3993/36 5511/3993/36 5510/3993/36
f 5518/3994/32 5519/3994/32 5512/3994/32 5511/3994/32
f 5519/3995/4 5520/3995/4 5513/3995/4 5512/3995/4
f 5520/3996/9 5521/3996/9 5514/3996/9 5513/3996/9
f 5521/3997/10 5522/3997/10 5515/3997/10 5514/3997/10
f 5522/3998/39 5516/3998/39 5509/3998/39 5515/3998/39
f 5524/3999/1 5523/3999/1 5520/3999/1 5519/3999/1
f 5525/4000/1 5524/4000/1 5519/4000/1 5518/4000/1
f 5526/4001/1 5525/4001/1 5518/4001/1 5517/4001/1
f 5527/4002/1 5526/4002/1 5517/4002/1 5516/4002/1
f 5528/4003/1 5527/4003/1 5516/4003/1 5522/4003/1
f 5529/4004/1 5528/4004/1 5522/4004/1 5521/4004/1
f 5523/4005/1 5529/4005/1 5521/4005/1 5520/4005/1
f 5531/4006/5 5530/4006/5 5523/4006/5 5524/4006/5
f 5532/4007/12 5531/4007/12 5524/4007/12 5525/4007/12
f 5533/4008/13 5532/4008/13 5525/4008/13 5526/4008/13
f 5534/4009/40 5533/4009/40 5526/4009/40 5527/4009/40
f 5535/4010/41 5534/4010/41 5527/4010/41 5528/4010/41
f 5536/4011/22 5535/4011/22 5528/4011/22 5529/4011/22
f 5530/4012/25 5536/4012/25 5529/4012/25 5523/4012/25
f 5544/4013/38 5545/4013/38 5538/4013/38 5537/4013/38
f 5545/4014/36 5546/4014/36 5539/4014/36 5538/4014/36
f 5546/4015/32 5547/4015/32 5540/4015/32 5539/4015/32
f 5547/4016/4 5548/4016/4 5541/4016/4 5540/4016/4
f 5548/4017/33 5549/4017/33 5542/4017/33 5541/4017/33
f 5549/4018/10 5550/4018/10 5543/4018/10 5542/4018/10
f 5550/4019/39 5544/4019/39 5537/4019/39 5543/4019/39
f 5552/4020/1 5551/4020/1 5548/4020/1 5547/4020/1
f 5553/4021/1 5552/4021/1 5547/4021/1 5546/4021/1
f 5554/4022/1 5553/4022/1 5546/4022/1 5545/4022/1
f 5555/4023/1 5554/4023/1 5545/4023/1 5544/4023/1
f 5556/4024/1 5555/4024/1 5544/4024/1 5550/4024/1
f 5557/4025/1 5556/4025/1 5550/4025/1 5549/4025/1
f 5551/4026/1 5557/4026/1 5549/4026/1 5548/4026/1
f 5559/4027/5 5558/4027/5 5551/4027/5 5552/4027/5
f 5560/4028/12 5559/4028/12 5552/4028/12 5553/4028/12
f 5561/4029/13 5560/4029/13 5553/4029/13 5554/4029/13
f 5562/4030/40 5561/4030/40 5554/4030/40 5555/4030/40
f 5563/4031/41 5562/4031/41 5555/4031/41 5556/4031/41
f 5564/4032/22 5563/4032/22 5556/4032/22 5557/4032/22
f 5558/4033/25 5564/4033/25 5557/4033/25 5551/4033/25
f 5572/4034/38 5573/4034/38 5566/4034/38 5565/4034/38
f 5573/4035/36 5574/4035/36 5567/4035/36 5566/4035/36
f 5574/4036/32 5575/4036/32 5568/4036/32 5567/4036/32
f 5575/4037/4 5576/4037/4 5569/4037/4 5568/4037/4
f 5576/4038/33 5577/4038/33 5570/4038/33 5569/4038/33
f 5577/4039/10 5578/4039/10 5571/4039/10 5570/4039/10
f 5578/4040/39 5572/4040/39 5565/4040/39 5571/4040/39
f 5580/4041/1 5579/4041/1 5576/4041/1 5575/4041/1
f 5581/4042/1 5580/4042/1 5575/4042/1 5574/4042/1
f 5582/4043/1 5581/4043/1 5574/4043/1 5573/4043/1
f 5583/4044/1 5582/4044/1 5573/4044/1 5572/4044/1
f 5584/4045/1 5583/4045/1 5572/4045/1 5578/4045/1
f 5585/4046/1 5584/4046/1 5578/4046/1 5577/4046/1
f 5579/4047/1 5585/4047/1 5577/4047/1 5576/4047/1
f 5587/4048/5 5586/4048/5 5579/4048/5 5580/4048/5
f 5588/4049/12 5587/4049/12 5580/4049/12 5581/4049/12
f 5589/4050/13 5588/4050/13 5581/4050/13 5582/4050/13
f 5590/4051/40 5589/4051/40 5582/4051/40 5583/4051/40
f 5591/4052/41 5590/4052/41 5583/4052/41 5584/4052/41
f 5592/4053/22 5591/4053/22 5584/4053/22 5585/4053/22
f 5586/4054/25 5592/4054/25 5585/4054/25 5579/4054/25
f 5600/4055/38 5601/4055/38 5594/4055/38 5593/4055/38
f 5601/4056/7 5602/4056/7 5595/4056/7 5594/4056/7
f 5602/4057/8 5603/4057/8 5596/4057/8 5595/4057/8
f 5603/4058/4 5604/4058/4 5597/4058/4 5596/4058/4
f 5604/4059/9 5605/4059/9 5598/4059/9 5597/4059/9
f 5605/4060/10 5606/4060/10 5599/4060/10 5598/4060/10
f 5606/4061/39 5600/4061/39 5593/4061/39 5599/4061/39
f 5608/4062/1 5607/4062/1 5604/4062/1 5603/4062/1
f 5609/4063/1 5608/4063/1 5603/4063/1 5602/4063/1
f 5610/4064/1 5609/4064/1 5602/4064/1 5601/4064/1
f 5611/4065/1 5610/4065/1 5601/4065/1 5600/4065/1
f 5612/4066/1 5611/4066/1 5600/4066/1 5606/4066/1
f 5613/4067/1 5612/4067/1 5606/4067/1 5605/4067/1
f 5607/4068/1 5613/4068/1 5605/4068/1 5604/4068/1
f 5615/4069/5 5614/4069/5 5607/4069/5 5608/4069/5
f 5616/4070/12 5615/4070/12 5608/4070/12 5609/4070/12
f 5617/4071/13 5616/4071/13 5609/4071/13 5610/4071/13
f 5618/4072/40 5617/4072/40 5610/4072/40 5611/4072/40
f 5619/4073/41 5618/4073/41 5611/4073/41 5612/4073/41
f 5620/4074/22 5619/4074/22 5612/4074/22 5613/4074/22
f 5614/4075/25 5620/4075/25 5613/4075/25 5607/4075/25
f 5628/4076/38 5629/4076/38 5622/4076/38 5621/4076/38
f 5629/4077/36 5630/4077/36 5623/4077/36 5622/4077/36
f 5630/4078/32 5631/4078/32 5624/4078/32 5623/4078/32
f 5631/4079/4 5632/4079/4 5625/4079/4 5624/4079/4
f 5632/4080/33 5633/4080/33 5626/4080/33 5625/4080/33
f 5633/4081/10 5634/4081/10 5627/4081/10 5626/4081/10
f 5634/4082/39 5628/4082/39 5621/4082/39 5627/4082/39
f 5636/4083/1 5635/4083/1 5632/4083/1 5631/4083/1
f 5637/4084/1 5636/4084/1 5631/4084/1 5630/4084/1
f 5638/4085/1 5637/4085/1 5630/4085/1 5629/4085/1
f 5639/4086/1 5638/4086/1 5629/4086/1 5628/4086/1
f 5640/4087/1 5639/4087/1 5628/4087/1 5634/4087/1
f 5641/4088/1 5640/4088/1 5634/4088/1 5633/4088/1
f 5635/4089/1 5641/4089/1 5633/4089/1 5632/4089/1
f 5643/4090/5 5642/4090/5 5635/4090/5 5636/4090/5
f 5644/4091/12 5643/4091/12 5636/4091/12 5637/4091/12
f 5645/4092/13 5644/4092/13 5637/4092/13 5638/4092/13
f 5646/4093/40 5645/4093/40 5638/4093/40 5639/4093/40
f 5647/4094/41 5646/4094/41 5639/4094/41 5640/4094/41
f 5648/4095/22 5647/4095/22 5640/4095/22 5641/4095/22
f 5642/4096/25 5648/4096/25 5641/4096/25 5635/4096/25
f 5656/4097/38 5657/4097/38 5650/4097/38 5649/4097/38
f 5657/4098/36 5658/4098/36 5651/4098/36 5650/4098/36
f 5658/4099/32 5659/4099/32 5652/4099/32 5651/4099/32
f 5659/4100/4 5660/4100/4 5653/4100/4 5652/4100/4
f 5660/4101/33 5661/4101/33 5654/4101/33 5653/4101/33
f 5661/4102/10 5662/4102/10 5655/4102/10 5654/4102/10
f 5662/4103/39 5656/4103/39 5649/4103/39 5655/4103/39
f 5664/4104/1 5663/4104/1 5660/4104/1 5659/4104/1
f 5665/4105/1 5664/4105/1 5659/4105/1 5658/4105/1
f 5666/4106/1 5665/4106/1 5658/4106/1 5657/4106/1
f 5667/4107/1 5666/4107/1 5657/4107/1 5656/4107/1
f 5668/4108/1 5667/4108/1 5656/4108/1 5662/4108/1
f 5669/4109/1 5668/4109/1 5662/4109/1 5661/4109/1
f 5663/4110/1 5669/4110/1 5661/4110/1 5660/4110/1
f 5671/4111/5 5670/4111/5 5663/4111/5 5664/4111/5
f 5672/4112/12 5671/4112/12 5664/4112/12 5665/4112/12
f 5673/4113/13 5672/4113/13 5665/4113/13 5666/4113/13
f 5674/4114/40 5673/4114/40 5666/4114/40 5667/4114/40
f 5675/4115/41 5674/4115/41 5667/4115/41 5668/4115/41
f 5676/4116/22 5675/4116/22 5668/4116/22 5669/4116/22
f 5670/4117/25 5676/4117/25 5669/4117/25 5663/4117/25
f 5684/4118/38 5685/4118/38 5678/4118/38 5677/4118/38
f 5685/4119/36 5686/4119/36 5679/4119/36 5678/4119/36
f 5686/4120/32 5687/4120/32 5680/4120/32 5679/4120/32
f 5687/4121/4 5688/4121/4 5681/4121/4 5680/4121/4
f 5688/4122/9 5689/4122/9 5682/4122/9 5681/4122/9
f 5689/4123/10 5690/4123/10 5683/4123/10 5682/4123/10
f 5690/4124/39 5684/4124/39 5677/4124/39 5683/4124/39
f 5692/4125/1 5691/4125/1 5688/4125/1 5687/4125/1
f 5693/4126/1 5692/4126/1 5687/4126/1 5686/4126/1
f 5694/4127/1 5693/4127/1 5686/4127/1 5685/4127/1
f 5695/4128/1 5694/4128/1 5685/4128/1 5684/4128/1
f 5696/4129/1 5695/4129/1 5684/4129/1 5690/4129/1
f 5697/4130/1 5696/4130/1 5690/4130/1 5689/4130/1
f 5691/4131/1 5697/4131/1 5689/4131/1 5688/4131/1
f 5699/4132/5 5698/4132/5 5691/4132/5 5692/4132/5
f 5700/4133/12 5699/4133/12 5692/4133/12 5693/4133/12
f 5701/4134/13 5700/4134/13 5693/4134/13 5694/4134/13
f 5702/4135/40 5701/4135/40 5694/4135/40 5695/4135/40
f 5703/4136/41 5702/4136/41 5695/4136/41 5696/4136/41
f 5704/4137/22 5703/4137/22 5696/4137/22 5697/4137/22
f 5698/4138/25 5704/4138/25 5697/4138/25 5691/4138/25
f 5712/4139/38 5713/4139/38 5706/4139/38 5705/4139/38
f 5713/4140/36 5714/4140/36 5707/4140/36 5706/4140/36
f 5714/4141/32 5715/4141/32 5708/4141/32 5707/4141/32
f 5715/4142/4 5716/4142/4 5709/4142/4 5708/4142/4
f 5716/4143/33 5717/4143/33 5710/4143/33 5709/4143/33
f 5717/4144/10 5718/4144/10 5711/4144/10 5710/4144/10
f 5718/4145/39 5712/4145/39 5705/4145/39 5711/4145/39
f 5720/4146/1 5719/4146/1 5716/4146/1 5715/4146/1
f 5721/4147/1 5720/4147/1 5715/4147/1 5714/4147/1
f 5722/4148/1 5721/4148/1 5714/4148/1 5713/4148/1
f 5723/4149/1 5722/4149/1 5713/4149/1 5712/4149/1
f 5724/4150/1 5723/4150/1 5712/4150/1 5718/4150/1
f 5725/4151/1 5724/4151/1 5718/4151/1 5717/4151/1
f 5719/4152/1 5725/4152/1 5717/4152/1 5716/4152/1
f 5727/4153/5 5726/4153/5 5719/4153/5 5720/4153/5
f 5728/4154/12 5727/4154/12 5720/4154/12 5721/4154/12
f 5729/4155/24 5728/4155/24 5721/4155/24 5722/4155/24
f 5730/4156/40 5729/4156/40 5722/4156/40 5723/4156/40
f 5731/4157/41 5730/4157/41 5723/4157/41 5724/4157/41
f 5732/4158/22 5731/4158/22 5724/4158/22 5725/4158/22
f 5726/4159/25 5732/4159/25 5725/4159/25 5719/4159/25
f 5740/4160/38 5741/4160/38 5734/4160/38 5733/4160/38
f 5741/4161/36 5742/4161/36 5735/4161/36 5734/4161/36
f 5742/4162/32 5743/4162/32 5736/4162/32 5735/4162/32
f 5743/4163/4 5744/4163/4 5737/4163/4 5736/4163/4
f 5744/4164/33 5745/4164/33 5738/4164/33 5737/4164/33
f 5745/4165/10 5746/4165/10 5739/4165/10 5738/4165/10
f 5746/4166/39 5740/4166/39 5733/4166/39 5739/4166/39
f 5748/4167/1 5747/4167/1 5744/4167/1 5743/4167/1
f 5749/4168/1 5748/4168/1 5743/4168/1 5742/4168/1
f 5750/4169/1 5749/4169/1 5742/4169/1 5741/4169/1
f 5751/4170/1 5750/4170/1 5741/4170/1 5740/4170/1
f 5752/4171/1 5751/4171/1 5740/4171/1 5746/4171/1
f 5753/4172/1 5752/4172/1 5746/4172/1 5745/4172/1
f 5747/4173/1 5753/4173/1 5745/4173/1 5744/4173/1
f 5755/4174/5 5754/4174/5 5747/4174/5 5748/4174/5
f 5756/4175/12 5755/4175/12 5748/4175/12 5749/4175/12
f 5757/4176/13 5756/4176/13 5749/4176/13 5750/4176/13
f 5758/4177/40 5757/4177/40 5750/4177/40 5751/4177/40
f 5759/4178/41 5758/4178/41 5751/4178/41 5752/4178/41
f 5760/4179/22 5759/4179/22 5752/4179/22 5753/4179/22
f 5754/4180/25 5760/4180/25 5753/4180/25 5747/4180/25
f 5768/4181/38 5769/4181/38 5762/4181/38 5761/4181/38
f 5769/4182/36 5770/4182/36 5763/4182/36 5762/4182/36
f 5770/4183/32 5771/4183/32 5764/4183/32 5763/4183/32
f 5771/4184/4 5772/4184/4 5765/4184/4 5764/4184/4
f 5772/4185/9 5773/4185/9 5766/4185/9 5765/4185/9
f 5773/4186/10 5774/4186/10 5767/4186/10 5766/4186/10
f 5774/4187/39 5768/4187/39 5761/4187/39 5767/4187/39
f 5776/4188/1 5775/4188/1 5772/4188/1 5771/4188/1
f 5777/4189/1 5776/4189/1 5771/4189/1 5770/4189/1
f 5778/4190/1 5777/4190/1 5770/4190/1 5769/4190/1
f 5779/4191/1 5778/4191/1 5769/4191/1 5768/4191/1
f 5780/4192/1 5779/4192/1 5768/4192/1 5774/4192/1
f 5781/4193/1 5780/4193/1 5774/4193/1 5773/4193/1
f 5775/4194/1 5781/4194/1 5773/4194/1 5772/4194/1
f 5783/4195/5 5782/4195/5 5775/4195/5 5776/4195/5
f 5784/4196/12 5783/4196/12 5776/4196/12 5777/4196/12
f 5785/4197/13 5784/4197/13 5777/4197/13 5778/4197/13
f 5786/4198/40 5785/4198/40 5778/4198/40 5779/4198/40
f 5787/4199/41 5786/4199/41 5779/4199/41 5780/4199/41
f 5788/4200/22 5787/4200/22 5780/4200/22 5781/4200/22
f 5782/4201/25 5788/4201/25 5781/4201/25 5775/4201/25
f 5796/4202/38 5797/4202/38 5790/4202/38 5789/4202/38
f 5797/4203/36 5798/4203/36 5791/4203/36 5790/4203/36
f 5798/4204/32 5799/4204/32 5792/4204/32 5791/4204/32
f 5799/4205/4 5800/4205/4 5793/4205/4 5792/4205/4
f 5800/4206/33 5801/4206/33 5794/4206/33 5793/4206/33
f 5801/4207/10 5802/4207/10 5795/4207/10 5794/4207/10
f 5802/4208/39 5796/4208/39 5789/4208/39 5795/4208/39
f 5804/4209/1 5803/4209/1 5800/4209/1 5799/4209/1
f 5805/4210/1 5804/4210/1 5799/4210/1 5798/4210/1
f 5806/4211/1 5805/4211/1 5798/4211/1 5797/4211/1
f 5807/4212/1 5806/4212/1 5797/4212/1 5796/4212/1
f 5808/4213/1 5807/4213/1 5796/4213/1 5802/4213/1
f 5809/4214/1 5808/4214/1 5802/4214/1 5801/4214/1
f 5803/4215/1 5809/4215/1 5801/4215/1 5800/4215/1
f 5811/4216/5 5810/4216/5 5803/4216/5 5804/4216/5
f 5812/4217/12 5811/4217/12 5804/4217/12 5805/4217/12
f 5813/4218/13 5812/4218/13 5805/4218/13 5806/4218/13
f 5814/4219/40 5813/4219/40 5806/4219/40 5807/4219/40
f 5815/4220/41 5814/4220/41 5807/4220/41 5808/4220/41
f 5816/4221/22 5815/4221/22 5808/4221/22 5809/4221/22
f 5810/4222/25 5816/4222/25 5809/4222/25 5803/4222/25
f 5824/4223/38 5825/4223/38 5818/4223/38 5817/4223/38
f 5825/4224/36 5826/4224/36 5819/4224/36 5818/4224/36
f 5826/4225/32 5827/4225/32 5820/4225/32 5819/4225/32
f 5827/4226/4 5828/4226/4 5821/4226/4 5820/4226/4
f 5828/4227/33 5829/4227/33 5822/4227/33 5821/4227/33
f 5829/4228/10 5830/4228/10 5823/4228/10 5822/4228/10
f 5830/4229/39 5824/4229/39 5817/4229/39 5823/4229/39
f 5832/4230/1 5831/4230/1 5828/4230/1 5827/4230/1
f 5833/4231/1 5832/4231/1 5827/4231/1 5826/4231/1
f 5834/4232/1 5833/4232/1 5826/4232/1 5825/4232/1
f 5835/4233/1 5834/4233/1 5825/4233/1 5824/4233/1
f 5836/4234/1 5835/4234/1 5824/4234/1 5830/4234/1
f 5837/4235/1 5836/4235/1 5830/4235/1 5829/4235/1
f 5831/4236/1 5837/4236/1 5829/4236/1 5828/4236/1
f 5839/4237/5 5838/4237/5 5831/4237/5 5832/4237/5
f 5840/4238/12 5839/4238/12 5832/4238/12 5833/4238/12
f 5841/4239/13 5840/4239/13 5833/4239/13 5834/4239/13
f 5842/4240/40 5841/4240/40 5834/4240/40 5835/4240/40
f 5843/4241/41 5842/4241/41 5835/4241/41 5836/4241/41
f 5844/4242/22 5843/4242/22 5836/4242/22 5837/4242/22
f 5838/4243/25 5844/4243/25 5837/4243/25 5831/4243/25
f 5852/4244/38 5853/4244/38 5846/4244/38 5845/4244/38
f 5853/4245/7 5854/4245/7 5847/4245/7 5846/4245/7
f 5854/4246/8 5855/4246/8 5848/4246/8 5847/4246/8
f 5855/4247/4 5856/4247/4 5849/4247/4 5848/4247/4
f 5856/4248/9 5857/4248/9 5850/4248/9 5849/4248/9
f 5857/4249/10 5858/4249/10 5851/4249/10 5850/4249/10
f 5858/4250/39 5852/4250/39 5845/4250/39 5851/4250/39
f 5860/4251/1 5859/4251/1 5856/4251/1 5855/4251/1
f 5861/4252/1 5860/4252/1 5855/4252/1 5854/4252/1
f 5862/4253/1 5861/4253/1 5854/4253/1 5853/4253/1
f 5863/4254/1 5862/4254/1 5853/4254/1 5852/4254/1
f 5864/4255/1 5863/4255/1 5852/4255/1 5858/4255/1
f 5865/4256/1 5864/4256/1 5858/4256/1 5857/4256/1
f 5859/4257/1 5865/4257/1 5857/4257/1 5856/4257/1
f 5867/4258/5 5866/4258/5 5859/4258/5 5860/4258/5
f 5868/4259/12 5867/4259/12 5860/4259/12 5861/4259/12
f 5869/4260/13 5868/4260/13 5861/4260/13 5862/4260/13
f 5870/4261/40 5869/4261/40 5862/4261/40 5863/4261/40
f 5871/4262/41 5870/4262/41 5863/4262/41 5864/4262/41
f 5872/4263/22 5871/4263/22 5864/4263/22 5865/4263/22
f 5866/4264/25 5872/4264/25 5865/4264/25 5859/4264/25
f 5880/4265/38 5881/4265/38 5874/4265/38 5873/4265/38
f 5881/4266/36 5882/4266/36 5875/4266/36 5874/4266/36
f 5882/4267/32 5883/4267/32 5876/4267/32 5875/4267/32
f 5883/4268/4 5884/4268/4 5877/4268/4 5876/4268/4
f 5884/4269/33 5885/4269/33 5878/4269/33 5877/4269/33
f 5885/4270/10 5886/4270/10 5879/4270/10 5878/4270/10
f 5886/4271/39 5880/4271/39 5873/4271/39 5879/4271/39
f 5888/4272/1 5887/4272/1 5884/4272/1 5883/4272/1
f 5889/4273/1 5888/4273/1 5883/4273/1 5882/4273/1
f 5890/4274/1 5889/4274/1 5882/4274/1 5881/4274/1
f 5891/4275/1 5890/4275/1 5881/4275/1 5880/4275/1
f 5892/4276/1 5891/4276/1 5880/4276/1 5886/4276/1
f 5893/4277/1 5892/4277/1 5886/4277/1 5885/4277/1
f 5887/4278/1 5893/4278/1 5885/4278/1 5884/4278/1
f 5895/4279/5 5894/4279/5 5887/4279/5 5888/4279/5
f 5896/4280/12 5895/4280/12 5888/4280/12 5889/4280/12
f 5897/4281/13 5896/4281/13 5889/4281/13 5890/4281/13
f 5898/4282/40 5897/4282/40 5890/4282/40 5891/4282/40
f 5899/4283/41 5898/4283/41 5891/4283/41 5892/4283/41
f 5900/4284/22 5899/4284/22 5892/4284/22 5893/4284/22
f 5894/4285/25 5900/4285/25 5893/4285/25 5887/4285/25
f 5908/4286/38 5909/4286/38 5902/4286/38 5901/4286/38
f 5909/4287/36 5910/4287/36 5903/4287/36 5902/4287/36
f 5910/4288/32 5911/4288/32 5904/4288/32 5903/4288/32
f 5911/4289/4 5912/4289/4 5905/4289/4 5904/4289/4
f 5912/4290/33 5913/4290/33 5906/4290/33 5905/4290/33
f 5913/4291/10 5914/4291/10 5907/4291/10 5906/4291/10
f 5914/4292/39 5908/4292/39 5901/4292/39 5907/4292/39
f 5916/4293/1 5915/4293/1 5912/4293/1 5911/4293/1
f 5917/4294/1 5916/4294/1 5911/4294/1 5910/4294/1
f 5918/4295/1 5917/4295/1 5910/4295/1 5909/4295/1
f 5919/4296/1 5918/4296/1 5909/4296/1 5908/4296/1
f 5920/4297/1 5919/4297/1 5908/4297/1 5914/4297/1
f 5921/4298/1 5920/4298/1 5914/4298/1 5913/4298/1
f 5915/4299/1 5921/4299/1 5913/4299/1 5912/4299/1
f 5923/4300/5 5922/4300/5 5915/4300/5 5916/4300/5
f 5924/4301/12 5923/4301/12 5916/4301/12 5917/4301/12
f 5925/4302/13 5924/4302/13 5917/4302/13 5918/4302/13
f 5926/4303/40 5925/4303/40 5918/4303/40 5919/4303/40
f 5927/4304/41 5926/4304/41 5919/4304/41 5920/4304/41
f 5928/4305/22 5927/4305/22 5920/4305/22 5921/4305/22
f 5922/4306/25 5928/4306/25 5921/4306/25 5915/4306/25
f 5936/4307/38 5937/4307/38 5930/4307/38 5929/4307/38
f 5937/4308/36 5938/4308/36 5931/4308/36 5930/4308/36
f 5938/4309/32 5939/4309/32 5932/4309/32 5931/4309/32
f 5939/4310/4 5940/4310/4 5933/4310/4 5932/4310/4
f 5940/4311/9 5941/4311/9 5934/4311/9 5933/4311/9
f 5941/4312/10 5942/4312/10 5935/4312/10 5934/4312/10
f 5942/4313/39 5936/4313/39 5929/4313/39 5935/4313/39
f 5944/4314/1 5943/4314/1 5940/4314/1 5939/4314/1
f 5945/4315/1 5944/4315/1 5939/4315/1 5938/4315/1
f 5946/4316/1 5945/4316/1 5938/4316/1 5937/4316/1
f 5947/4317/1 5946/4317/1 5937/4317/1 5936/4317/1
f 5948/4318/1 5947/4318/1 5936/4318/1 5942/4318/1
f 5949/4319/1 5948/4319/1 5942/4319/1 5941/4319/1
f 5943/4320/1 5949/4320/1 5941/4320/1 5940/4320/1
f 5951/4321/5 5950/4321/5 5943/4321/5 5944/4321/5
f 5952/4322/12 5951/4322/12 5944/4322/12 5945/4322/12
f 5953/4323/13 5952/4323/13 5945/4323/13 5946/4323/13
f 5954/4324/40 5953/4324/40 5946/4324/40 5947/4324/40
f 5955/4325/41 5954/4325/41 5947/4325/41 5948/4325/41
f 5956/4326/22 5955/4326/22 5948/4326/22 5949/4326/22
f 5950/4327/25 5956/4327/25 5949/4327/25 5943/4327/25
f 5964/4328/38 5965/4328/38 5958/4328/38 5957/4328/38
f 5965/4329/36 5966/4329/36 5959/4329/36 5958/4329/36
f 5966/4330/32 5967/4330/32 5960/4330/32 5959/4330/32
f 5967/4331/4 5968/4331/4 5961/4331/4 5960/4331/4
f 5968/4332/33 5969/4332/33 5962/4332/33 5961/4332/33
f 5969/4333/10 5970/4333/10 5963/4333/10 5962/4333/10
f 5970/4334/39 5964/4334/39 5957/4334/39 5963/4334/39
f 5972/4335/1 5971/4335/1 5968/4335/1 5967/4335/1
f 5973/4336/1 5972/4336/1 5967/4336/1 5966/4336/1
f 5974/4337/1 5973/4337/1 5966/4337/1 5965/4337/1
f 5975/4338/1 5974/4338/1 5965/4338/1 5964/4338/1
f 5976/4339/1 5975/4339/1 5964/4339/1 5970/4339/1
f 5977/4340/1 5976/4340/1 5970/4340/1 5969/4340/1
f 5971/4341/1 5977/4341/1 5969/4341/1 5968/4341/1
f 5979/4342/5 5978/4342/5 5971/4342/5 5972/4342/5
f 5980/4343/12 5979/4343/12 5972/4343/12 5973/4343/12
f 5981/4344/24 5980/4344/24 5973/4344/24 5974/4344/24
f 5982/4345/40 5981/4345/40 5974/4345/40 5975/4345/40
f 5983/4346/41 5982/4346/41 5975/4346/41 5976/4346/41
f 5984/4347/22 5983/4347/22 5976/4347/22 5977/4347/22
f 5978/4348/25 5984/4348/25 5977/4348/25 5971/4348/25
