# Blender 3.3.21
# www.blender.org
mtllib RefrigeradorBebidas5x2.mtl
o Cube.001
v -0.015943 -1.041478 -1.022589
v -0.015943 1.056967 -1.022589
v -0.015943 -1.041478 0.636136
v -0.015943 1.056967 0.636136
v -1.335666 -1.041478 -1.022589
v -1.335666 1.056967 -1.022589
v -1.335666 -1.041478 0.636136
v -1.335666 1.056967 0.636136
v -0.015943 -1.041478 0.444456
v -0.015943 1.056967 0.444456
v -1.335666 -1.041478 0.444456
v -1.335666 1.056967 0.444456
v -0.015943 0.869374 -1.022589
v -0.015943 0.869374 0.636136
v -1.335666 0.869374 0.636136
v -1.335666 0.869374 -1.022589
v -1.335666 0.869374 0.444456
v -0.015943 0.869374 0.444456
v -0.015943 -1.041478 -0.816688
v -1.335666 1.056967 -0.816688
v -0.015943 1.056967 -0.816688
v -1.335666 -1.041478 -0.816688
v -0.015943 0.869374 -0.816688
v -1.335666 0.869374 -0.816688
v -0.015943 -0.852949 0.636136
v -1.335666 -0.852949 0.636136
v -1.335666 -0.852949 -1.022589
v -1.335666 -0.852949 0.444456
v -0.015943 -0.852949 0.444456
v -0.015943 -0.852949 -1.022589
v -1.335666 -0.852949 -0.816688
v -0.015943 -0.852949 -0.816688
v -1.364022 -0.894119 0.594966
v -1.338341 -0.852949 0.636136
v -1.364022 -0.811779 0.594966
v -1.364022 -1.000308 0.594966
v -1.338341 -1.041478 0.636136
v -1.364022 -1.000308 0.485626
v -1.364022 -1.000308 0.403286
v -1.338341 -1.041478 0.444456
v -1.364022 1.015796 -0.857858
v -1.364022 1.015796 -0.775517
v -1.338341 1.056967 -0.816688
v -1.338341 1.056967 -1.022589
v -1.364022 1.015796 -0.981418
v -1.364022 -0.894119 -0.981418
v -1.364022 -0.811779 -0.981418
v -1.338341 -0.852949 -1.022589
v -1.364022 -1.000308 -0.981418
v -1.338341 -1.041478 -1.022589
v -1.364022 -1.000308 -0.775517
v -1.364022 -1.000308 -0.857858
v -1.338341 -1.041478 -0.816688
v -1.364022 1.015796 0.594966
v -1.338341 1.056967 0.636136
v -1.338341 1.056967 0.444456
v -1.364022 1.015796 0.403286
v -1.364022 1.015796 0.485626
v -1.364022 -0.894119 0.485626
v -1.364022 -0.811779 0.485626
v -1.338341 -0.852949 0.444456
v -1.364022 -0.894119 0.403286
v -1.364022 0.910544 0.594966
v -1.364022 0.828204 0.594966
v -1.338341 0.869374 0.636136
v -1.338341 0.869374 -1.022589
v -1.364022 0.828204 -0.981418
v -1.364022 0.910544 -0.981418
v -1.364022 0.910544 0.403286
v -1.338341 0.869374 0.444456
v -1.364022 0.828204 0.485626
v -1.364022 0.910544 0.485626
v -1.364022 0.828204 -0.857858
v -1.338341 0.869374 -0.816688
v -1.364022 0.910544 -0.775517
v -1.364022 0.910544 -0.857858
v -1.364022 -0.894119 -0.857858
v -1.364022 -0.894119 -0.775517
v -1.338341 -0.852949 -0.816688
v -1.364022 -0.811779 -0.857858
v -1.350214 -0.177762 0.511775
v -1.350214 -0.177762 0.539828
v -1.363338 -0.138923 0.539828
v -1.363338 0.138923 0.539828
v -1.455909 0.138923 0.539828
v -1.455909 -0.138923 0.539828
v -1.455909 0.138923 0.511775
v -1.363338 -0.138923 0.511775
v -1.363338 0.138923 0.511775
v -1.455909 -0.138923 0.511775
v -1.365668 0.177762 0.517132
v -1.350214 0.175525 0.511775
v -1.365668 0.177762 0.534472
v -1.350214 0.175525 0.539828
v -1.486307 -0.175525 0.517132
v -1.470853 -0.177762 0.511775
v -1.470853 0.175525 0.511775
v -1.486307 0.175525 0.517132
v -1.470853 0.177762 0.517132
v -1.486307 -0.175525 0.534472
v -1.470853 -0.177762 0.539828
v -1.470853 0.175525 0.539828
v -1.470853 0.177762 0.534472
v -1.486307 0.175525 0.534472
v -0.015943 -1.041478 0.675946
v -0.015943 1.056967 0.675946
v -0.015943 -1.041478 2.334670
v -0.015943 1.056967 2.334670
v -1.335666 -1.041478 0.675946
v -1.335666 1.056967 0.675946
v -1.335666 -1.041478 2.334670
v -1.335666 1.056967 2.334670
v -0.015943 -1.041478 2.142990
v -0.015943 1.056967 2.142990
v -1.335666 -1.041478 2.142990
v -1.335666 1.056967 2.142990
v -0.015943 0.869374 0.675946
v -0.015943 0.869374 2.334670
v -1.335666 0.869374 2.334670
v -1.335666 0.869374 0.675946
v -1.335666 0.869374 2.142990
v -0.015943 0.869374 2.142990
v -0.015943 -1.041478 0.881847
v -1.335666 1.056967 0.881847
v -0.015943 1.056967 0.881847
v -1.335666 -1.041478 0.881847
v -0.015943 0.869374 0.881847
v -1.335666 0.869374 0.881847
v -0.015943 -0.852949 2.334670
v -1.335666 -0.852949 2.334670
v -1.335666 -0.852949 0.675946
v -1.335666 -0.852949 2.142990
v -0.015943 -0.852949 2.142990
v -0.015943 -0.852949 0.675946
v -1.335666 -0.852949 0.881847
v -0.015943 -0.852949 0.881847
v -1.364022 -0.894119 2.293500
v -1.338341 -0.852949 2.334670
v -1.364022 -0.811779 2.293500
v -1.364022 -1.000308 2.293500
v -1.338341 -1.041478 2.334670
v -1.364022 -1.000308 2.184160
v -1.364022 -1.000308 2.101820
v -1.338341 -1.041478 2.142990
v -1.364022 1.015796 0.840676
v -1.364022 1.015796 0.923017
v -1.338341 1.056967 0.881847
v -1.338341 1.056967 0.675946
v -1.364022 1.015796 0.717116
v -1.364022 -0.894119 0.717116
v -1.364022 -0.811779 0.717116
v -1.338341 -0.852949 0.675946
v -1.364022 -1.000308 0.717116
v -1.338341 -1.041478 0.675946
v -1.364022 -1.000308 0.923017
v -1.364022 -1.000308 0.840676
v -1.338341 -1.041478 0.881847
v -1.364022 1.015796 2.293500
v -1.338341 1.056967 2.334670
v -1.338341 1.056967 2.142990
v -1.364022 1.015796 2.101820
v -1.364022 1.015796 2.184160
v -1.364022 -0.894119 2.184160
v -1.364022 -0.811779 2.184160
v -1.338341 -0.852949 2.142990
v -1.364022 -0.894119 2.101820
v -1.364022 0.910544 2.293500
v -1.364022 0.828204 2.293500
v -1.338341 0.869374 2.334670
v -1.338341 0.869374 0.675946
v -1.364022 0.828204 0.717116
v -1.364022 0.910544 0.717116
v -1.364022 0.910544 2.101820
v -1.338341 0.869374 2.142990
v -1.364022 0.828204 2.184160
v -1.364022 0.910544 2.184160
v -1.364022 0.828204 0.840676
v -1.338341 0.869374 0.881847
v -1.364022 0.910544 0.923017
v -1.364022 0.910544 0.840676
v -1.364022 -0.894119 0.840676
v -1.364022 -0.894119 0.923017
v -1.338341 -0.852949 0.881847
v -1.364022 -0.811779 0.840676
v -1.350214 -0.177762 2.210309
v -1.350214 -0.177762 2.238363
v -1.363338 -0.138923 2.238363
v -1.363338 0.138923 2.238363
v -1.455908 0.138923 2.238363
v -1.455908 -0.138923 2.238363
v -1.455908 0.138923 2.210309
v -1.363338 -0.138923 2.210309
v -1.363338 0.138923 2.210309
v -1.455908 -0.138923 2.210309
v -1.365668 0.177762 2.215666
v -1.350214 0.175525 2.210309
v -1.365668 0.177762 2.233006
v -1.350214 0.175525 2.238363
v -1.486307 -0.175525 2.215666
v -1.470853 -0.177762 2.210309
v -1.470853 0.175525 2.210309
v -1.486307 0.175525 2.215666
v -1.470853 0.177762 2.215666
v -1.486307 -0.175525 2.233006
v -1.470853 -0.177762 2.238363
v -1.470853 0.175525 2.238363
v -1.470853 0.177762 2.233006
v -1.486307 0.175525 2.233006
v -0.015943 -1.041478 2.374480
v -0.015943 1.056967 2.374480
v -0.015943 -1.041478 4.033205
v -0.015943 1.056967 4.033205
v -1.335666 -1.041478 2.374480
v -1.335666 1.056967 2.374480
v -1.335665 -1.041478 4.033205
v -1.335665 1.056967 4.033205
v -0.015943 -1.041478 3.841525
v -0.015943 1.056967 3.841525
v -1.335665 -1.041478 3.841525
v -1.335665 1.056967 3.841525
v -0.015943 0.869374 2.374480
v -0.015943 0.869374 4.033205
v -1.335665 0.869374 4.033205
v -1.335666 0.869374 2.374480
v -1.335665 0.869374 3.841525
v -0.015943 0.869374 3.841525
v -0.015943 -1.041478 2.580381
v -1.335666 1.056967 2.580381
v -0.015943 1.056967 2.580381
v -1.335666 -1.041478 2.580381
v -0.015943 0.869374 2.580381
v -1.335666 0.869374 2.580381
v -0.015943 -0.852949 4.033205
v -1.335665 -0.852949 4.033205
v -1.335666 -0.852949 2.374480
v -1.335665 -0.852949 3.841525
v -0.015943 -0.852949 3.841525
v -0.015943 -0.852949 2.374480
v -1.335666 -0.852949 2.580381
v -0.015943 -0.852949 2.580381
v -1.364021 -0.894119 3.992034
v -1.338341 -0.852949 4.033205
v -1.364021 -0.811779 3.992034
v -1.364021 -1.000308 3.992034
v -1.338341 -1.041478 4.033205
v -1.364021 -1.000308 3.882695
v -1.364021 -1.000308 3.800354
v -1.338341 -1.041478 3.841525
v -1.364021 1.015796 2.539211
v -1.364021 1.015796 2.621551
v -1.338341 1.056967 2.580381
v -1.338341 1.056967 2.374480
v -1.364021 1.015796 2.415650
v -1.364021 -0.894119 2.415650
v -1.364021 -0.811779 2.415650
v -1.338341 -0.852949 2.374480
v -1.364021 -1.000308 2.415650
v -1.338341 -1.041478 2.374480
v -1.364021 -1.000308 2.621551
v -1.364021 -1.000308 2.539211
v -1.338341 -1.041478 2.580381
v -1.364021 1.015796 3.992034
v -1.338341 1.056967 4.033205
v -1.338341 1.056967 3.841525
v -1.364021 1.015796 3.800354
v -1.364021 1.015796 3.882695
v -1.364021 -0.894119 3.882695
v -1.364021 -0.811779 3.882695
v -1.338341 -0.852949 3.841525
v -1.364021 -0.894119 3.800354
v -1.364021 0.910544 3.992034
v -1.364021 0.828204 3.992034
v -1.338341 0.869374 4.033205
v -1.338341 0.869374 2.374480
v -1.364021 0.828204 2.415650
v -1.364021 0.910544 2.415650
v -1.364021 0.910544 3.800354
v -1.338341 0.869374 3.841525
v -1.364021 0.828204 3.882695
v -1.364021 0.910544 3.882695
v -1.364021 0.828204 2.539211
v -1.338341 0.869374 2.580381
v -1.364021 0.910544 2.621551
v -1.364021 0.910544 2.539211
v -1.364021 -0.894119 2.539211
v -1.364021 -0.894119 2.621551
v -1.338341 -0.852949 2.580381
v -1.364021 -0.811779 2.539211
v -1.350214 -0.177762 3.908844
v -1.350214 -0.177762 3.936897
v -1.363338 -0.138923 3.936897
v -1.363338 0.138923 3.936897
v -1.455908 0.138923 3.936897
v -1.455908 -0.138923 3.936897
v -1.455908 0.138923 3.908844
v -1.363338 -0.138923 3.908844
v -1.363338 0.138923 3.908844
v -1.455908 -0.138923 3.908844
v -1.365667 0.177762 3.914200
v -1.350214 0.175525 3.908844
v -1.365667 0.177762 3.931540
v -1.350214 0.175525 3.936897
v -1.486307 -0.175525 3.914200
v -1.470853 -0.177762 3.908844
v -1.470853 0.175525 3.908844
v -1.486307 0.175525 3.914200
v -1.470853 0.177762 3.914200
v -1.486307 -0.175525 3.931540
v -1.470853 -0.177762 3.936897
v -1.470853 0.175525 3.936897
v -1.470853 0.177762 3.931540
v -1.486307 0.175525 3.931540
v -0.015943 -1.041478 4.073014
v -0.015943 1.056967 4.073014
v -0.015943 -1.041478 5.731739
v -0.015943 1.056967 5.731739
v -1.335665 -1.041478 4.073014
v -1.335665 1.056967 4.073014
v -1.335665 -1.041478 5.731739
v -1.335665 1.056967 5.731739
v -0.015943 -1.041478 5.540059
v -0.015943 1.056967 5.540059
v -1.335665 -1.041478 5.540059
v -1.335665 1.056967 5.540059
v -0.015943 0.869374 4.073014
v -0.015943 0.869374 5.731739
v -1.335665 0.869374 5.731739
v -1.335665 0.869374 4.073014
v -1.335665 0.869374 5.540059
v -0.015943 0.869374 5.540059
v -0.015943 -1.041478 4.278915
v -1.335665 1.056967 4.278915
v -0.015943 1.056967 4.278915
v -1.335665 -1.041478 4.278915
v -0.015943 0.869374 4.278915
v -1.335665 0.869374 4.278915
v -0.015943 -0.852949 5.731739
v -1.335665 -0.852949 5.731739
v -1.335665 -0.852949 4.073014
v -1.335665 -0.852949 5.540059
v -0.015943 -0.852949 5.540059
v -0.015943 -0.852949 4.073014
v -1.335665 -0.852949 4.278915
v -0.015943 -0.852949 4.278915
v -1.364021 -0.894119 5.690569
v -1.338341 -0.852949 5.731739
v -1.364021 -0.811779 5.690569
v -1.364021 -1.000308 5.690569
v -1.338341 -1.041478 5.731739
v -1.364021 -1.000308 5.581229
v -1.364021 -1.000308 5.498889
v -1.338341 -1.041478 5.540059
v -1.364021 1.015796 4.237745
v -1.364021 1.015796 4.320086
v -1.338341 1.056967 4.278915
v -1.338341 1.056967 4.073014
v -1.364021 1.015796 4.114184
v -1.364021 -0.894119 4.114184
v -1.364021 -0.811779 4.114184
v -1.338341 -0.852949 4.073014
v -1.364021 -1.000308 4.114184
v -1.338341 -1.041478 4.073014
v -1.364021 -1.000308 4.320086
v -1.364021 -1.000308 4.237745
v -1.338341 -1.041478 4.278915
v -1.364021 1.015796 5.690569
v -1.338341 1.056967 5.731739
v -1.338341 1.056967 5.540059
v -1.364021 1.015796 5.498889
v -1.364021 1.015796 5.581229
v -1.364021 -0.894119 5.581229
v -1.364021 -0.811779 5.581229
v -1.338341 -0.852949 5.540059
v -1.364021 -0.894119 5.498889
v -1.364021 0.910544 5.690569
v -1.364021 0.828204 5.690569
v -1.338341 0.869374 5.731739
v -1.338341 0.869374 4.073014
v -1.364021 0.828204 4.114184
v -1.364021 0.910544 4.114184
v -1.364021 0.910544 5.498889
v -1.338341 0.869374 5.540059
v -1.364021 0.828204 5.581229
v -1.364021 0.910544 5.581229
v -1.364021 0.828204 4.237745
v -1.338341 0.869374 4.278915
v -1.364021 0.910544 4.320086
v -1.364021 0.910544 4.237745
v -1.364021 -0.894119 4.237745
v -1.364021 -0.894119 4.320086
v -1.338341 -0.852949 4.278915
v -1.364021 -0.811779 4.237745
v -1.350214 -0.177762 5.607378
v -1.350214 -0.177762 5.635431
v -1.363338 -0.138923 5.635431
v -1.363338 0.138923 5.635431
v -1.455908 0.138923 5.635431
v -1.455908 -0.138923 5.635431
v -1.455908 0.138923 5.607378
v -1.363338 -0.138923 5.607378
v -1.363338 0.138923 5.607378
v -1.455908 -0.138923 5.607378
v -1.365667 0.177762 5.612734
v -1.350214 0.175525 5.607378
v -1.365667 0.177762 5.630075
v -1.350214 0.175525 5.635431
v -1.486307 -0.175525 5.612734
v -1.470853 -0.177762 5.607378
v -1.470853 0.175525 5.607378
v -1.486307 0.175525 5.612734
v -1.470853 0.177762 5.612734
v -1.486307 -0.175525 5.630075
v -1.470853 -0.177762 5.635431
v -1.470853 0.175525 5.635431
v -1.470853 0.177762 5.630075
v -1.486307 0.175525 5.630075
v -0.015943 -1.041478 5.771548
v -0.015943 1.056967 5.771548
v -0.015942 -1.041478 7.430273
v -0.015942 1.056967 7.430273
v -1.335665 -1.041478 5.771548
v -1.335665 1.056967 5.771548
v -1.335665 -1.041478 7.430273
v -1.335665 1.056967 7.430273
v -0.015942 -1.041478 7.238593
v -0.015942 1.056967 7.238593
v -1.335665 -1.041478 7.238593
v -1.335665 1.056967 7.238593
v -0.015943 0.869374 5.771548
v -0.015942 0.869374 7.430273
v -1.335665 0.869374 7.430273
v -1.335665 0.869374 5.771548
v -1.335665 0.869374 7.238593
v -0.015942 0.869374 7.238593
v -0.015942 -1.041478 5.977449
v -1.335665 1.056967 5.977449
v -0.015942 1.056967 5.977449
v -1.335665 -1.041478 5.977449
v -0.015942 0.869374 5.977449
v -1.335665 0.869374 5.977449
v -0.015942 -0.852949 7.430273
v -1.335665 -0.852949 7.430273
v -1.335665 -0.852949 5.771548
v -1.335665 -0.852949 7.238593
v -0.015942 -0.852949 7.238593
v -0.015943 -0.852949 5.771548
v -1.335665 -0.852949 5.977449
v -0.015942 -0.852949 5.977449
v -1.364021 -0.894119 7.389103
v -1.338341 -0.852949 7.430273
v -1.364021 -0.811779 7.389103
v -1.364021 -1.000308 7.389103
v -1.338341 -1.041478 7.430273
v -1.364021 -1.000308 7.279763
v -1.364021 -1.000308 7.197423
v -1.338341 -1.041478 7.238593
v -1.364021 1.015796 5.936279
v -1.364021 1.015796 6.018620
v -1.338341 1.056967 5.977449
v -1.338341 1.056967 5.771548
v -1.364021 1.015796 5.812718
v -1.364021 -0.894119 5.812718
v -1.364021 -0.811779 5.812718
v -1.338341 -0.852949 5.771548
v -1.364021 -1.000308 5.812718
v -1.338341 -1.041478 5.771548
v -1.364021 -1.000308 6.018620
v -1.364021 -1.000308 5.936279
v -1.338341 -1.041478 5.977449
v -1.364021 1.015796 7.389103
v -1.338341 1.056967 7.430273
v -1.338341 1.056967 7.238593
v -1.364021 1.015796 7.197423
v -1.364021 1.015796 7.279763
v -1.364021 -0.894119 7.279763
v -1.364021 -0.811779 7.279763
v -1.338341 -0.852949 7.238593
v -1.364021 -0.894119 7.197423
v -1.364021 0.910544 7.389103
v -1.364021 0.828204 7.389103
v -1.338341 0.869374 7.430273
v -1.338341 0.869374 5.771548
v -1.364021 0.828204 5.812718
v -1.364021 0.910544 5.812718
v -1.364021 0.910544 7.197423
v -1.338341 0.869374 7.238593
v -1.364021 0.828204 7.279763
v -1.364021 0.910544 7.279763
v -1.364021 0.828204 5.936279
v -1.338341 0.869374 5.977449
v -1.364021 0.910544 6.018620
v -1.364021 0.910544 5.936279
v -1.364021 -0.894119 5.936279
v -1.364021 -0.894119 6.018620
v -1.338341 -0.852949 5.977449
v -1.364021 -0.811779 5.936279
v -1.350213 -0.177762 7.305912
v -1.350213 -0.177762 7.333965
v -1.363338 -0.138923 7.333965
v -1.363338 0.138923 7.333965
v -1.455908 0.138923 7.333965
v -1.455908 -0.138923 7.333965
v -1.455908 0.138923 7.305912
v -1.363338 -0.138923 7.305912
v -1.363338 0.138923 7.305912
v -1.455908 -0.138923 7.305912
v -1.365667 0.177762 7.311268
v -1.350213 0.175525 7.305912
v -1.365667 0.177762 7.328609
v -1.350213 0.175525 7.333965
v -1.486307 -0.175525 7.311268
v -1.470853 -0.177762 7.305912
v -1.470853 0.175525 7.305912
v -1.486307 0.175525 7.311268
v -1.470853 0.177762 7.311268
v -1.486307 -0.175525 7.328609
v -1.470853 -0.177762 7.333965
v -1.470853 0.175525 7.333965
v -1.470853 0.177762 7.328609
v -1.486307 0.175525 7.328609
v -0.015942 -1.041478 7.470082
v -0.015942 1.056967 7.470082
v -0.015942 -1.041478 9.128807
v -0.015942 1.056967 9.128807
v -1.335665 -1.041478 7.470082
v -1.335665 1.056967 7.470082
v -1.335665 -1.041478 9.128807
v -1.335665 1.056967 9.128807
v -0.015942 -1.041478 8.937127
v -0.015942 1.056967 8.937127
v -1.335665 -1.041478 8.937127
v -1.335665 1.056967 8.937127
v -0.015942 0.869374 7.470082
v -0.015942 0.869374 9.128807
v -1.335665 0.869374 9.128807
v -1.335665 0.869374 7.470082
v -1.335665 0.869374 8.937127
v -0.015942 0.869374 8.937127
v -0.015942 -1.041478 7.675983
v -1.335665 1.056967 7.675983
v -0.015942 1.056967 7.675983
v -1.335665 -1.041478 7.675983
v -0.015942 0.869374 7.675983
v -1.335665 0.869374 7.675983
v -0.015942 -0.852949 9.128807
v -1.335665 -0.852949 9.128807
v -1.335665 -0.852949 7.470082
v -1.335665 -0.852949 8.937127
v -0.015942 -0.852949 8.937127
v -0.015942 -0.852949 7.470082
v -1.335665 -0.852949 7.675983
v -0.015942 -0.852949 7.675983
v -1.364021 -0.894119 9.087637
v -1.338340 -0.852949 9.128807
v -1.364021 -0.811779 9.087637
v -1.364021 -1.000308 9.087637
v -1.338340 -1.041478 9.128807
v -1.364021 -1.000308 8.978297
v -1.364021 -1.000308 8.895957
v -1.338340 -1.041478 8.937127
v -1.364021 1.015796 7.634813
v -1.364021 1.015796 7.717154
v -1.338341 1.056967 7.675983
v -1.338341 1.056967 7.470082
v -1.364021 1.015796 7.511252
v -1.364021 -0.894119 7.511252
v -1.364021 -0.811779 7.511252
v -1.338341 -0.852949 7.470082
v -1.364021 -1.000308 7.511252
v -1.338341 -1.041478 7.470082
v -1.364021 -1.000308 7.717154
v -1.364021 -1.000308 7.634813
v -1.338341 -1.041478 7.675983
v -1.364021 1.015796 9.087637
v -1.338340 1.056967 9.128807
v -1.338340 1.056967 8.937127
v -1.364021 1.015796 8.895957
v -1.364021 1.015796 8.978297
v -1.364021 -0.894119 8.978297
v -1.364021 -0.811779 8.978297
v -1.338340 -0.852949 8.937127
v -1.364021 -0.894119 8.895957
v -1.364021 0.910544 9.087637
v -1.364021 0.828204 9.087637
v -1.338340 0.869374 9.128807
v -1.338341 0.869374 7.470082
v -1.364021 0.828204 7.511252
v -1.364021 0.910544 7.511252
v -1.364021 0.910544 8.895957
v -1.338340 0.869374 8.937127
v -1.364021 0.828204 8.978297
v -1.364021 0.910544 8.978297
v -1.364021 0.828204 7.634813
v -1.338341 0.869374 7.675983
v -1.364021 0.910544 7.717154
v -1.364021 0.910544 7.634813
v -1.364021 -0.894119 7.634813
v -1.364021 -0.894119 7.717154
v -1.338341 -0.852949 7.675983
v -1.364021 -0.811779 7.634813
v -1.350213 -0.177762 9.004446
v -1.350213 -0.177762 9.032499
v -1.363337 -0.138923 9.032499
v -1.363337 0.138923 9.032499
v -1.455908 0.138923 9.032499
v -1.455908 -0.138923 9.032499
v -1.455908 0.138923 9.004446
v -1.363337 -0.138923 9.004446
v -1.363337 0.138923 9.004446
v -1.455908 -0.138923 9.004446
v -1.365667 0.177762 9.009803
v -1.350213 0.175525 9.004446
v -1.365667 0.177762 9.027143
v -1.350213 0.175525 9.032499
v -1.486306 -0.175525 9.009803
v -1.470853 -0.177762 9.004446
v -1.470853 0.175525 9.004446
v -1.486306 0.175525 9.009803
v -1.470853 0.177762 9.009803
v -1.486306 -0.175525 9.027143
v -1.470853 -0.177762 9.032499
v -1.470853 0.175525 9.032499
v -1.470853 0.177762 9.027143
v -1.486306 0.175525 9.027143
v -0.013206 -1.041478 9.124768
v -0.013206 1.056966 9.124768
v -0.013206 -1.041478 7.466043
v -0.013206 1.056966 7.466043
v 1.326205 -1.041478 9.124768
v 1.326205 1.056966 9.124768
v 1.326206 -1.041478 7.466043
v 1.326206 1.056966 7.466043
v -0.013206 -1.041478 7.657723
v -0.013206 1.056966 7.657723
v 1.326206 -1.041478 7.657723
v 1.326206 1.056966 7.657723
v -0.013206 0.869374 9.124768
v -0.013206 0.869374 7.466043
v 1.326206 0.869374 7.466043
v 1.326205 0.869374 9.124768
v 1.326206 0.869374 7.657723
v -0.013206 0.869374 7.657723
v -0.013206 -1.041478 8.918867
v 1.326205 1.056966 8.918867
v -0.013206 1.056966 8.918867
v 1.326205 -1.041478 8.918867
v -0.013206 0.869374 8.918867
v 1.326205 0.869374 8.918867
v -0.013206 -0.852949 7.466043
v 1.326206 -0.852949 7.466043
v 1.326205 -0.852949 9.124768
v 1.326206 -0.852949 7.657723
v -0.013206 -0.852949 7.657723
v -0.013206 -0.852949 9.124768
v 1.326205 -0.852949 8.918867
v -0.013206 -0.852949 8.918867
v 1.354562 -0.894119 7.507214
v 1.328881 -0.852949 7.466043
v 1.354562 -0.811779 7.507214
v 1.354562 -1.000308 7.507214
v 1.328881 -1.041478 7.466043
v 1.354562 -1.000308 7.616553
v 1.354562 -1.000308 7.698894
v 1.328881 -1.041478 7.657723
v 1.354561 1.015796 8.960037
v 1.354561 1.015796 8.877697
v 1.328881 1.056966 8.918867
v 1.328881 1.056966 9.124768
v 1.354561 1.015796 9.083598
v 1.354561 -0.894119 9.083598
v 1.354561 -0.811779 9.083598
v 1.328881 -0.852949 9.124768
v 1.354561 -1.000308 9.083598
v 1.328881 -1.041478 9.124768
v 1.354561 -1.000308 8.877697
v 1.354561 -1.000308 8.960037
v 1.328881 -1.041478 8.918867
v 1.354562 1.015796 7.507214
v 1.328881 1.056966 7.466043
v 1.328881 1.056966 7.657723
v 1.354562 1.015796 7.698894
v 1.354562 1.015796 7.616553
v 1.354562 -0.894119 7.616553
v 1.354562 -0.811779 7.616553
v 1.328881 -0.852949 7.657723
v 1.354562 -0.894119 7.698894
v 1.354562 0.910544 7.507214
v 1.354562 0.828204 7.507214
v 1.328881 0.869374 7.466043
v 1.328881 0.869374 9.124768
v 1.354561 0.828204 9.083598
v 1.354561 0.910544 9.083598
v 1.354562 0.910544 7.698894
v 1.328881 0.869374 7.657723
v 1.354562 0.828204 7.616553
v 1.354562 0.910544 7.616553
v 1.354561 0.828204 8.960037
v 1.328881 0.869374 8.918867
v 1.354561 0.910544 8.877697
v 1.354561 0.910544 8.960037
v 1.354561 -0.894119 8.960037
v 1.354561 -0.894119 8.877697
v 1.328881 -0.852949 8.918867
v 1.354561 -0.811779 8.960037
v 1.340754 -0.177762 7.590405
v 1.340754 -0.177762 7.562351
v 1.353878 -0.138923 7.562351
v 1.353878 0.138923 7.562351
v 1.446449 0.138923 7.562351
v 1.446449 -0.138923 7.562351
v 1.446449 0.138923 7.590405
v 1.353878 -0.138923 7.590405
v 1.353878 0.138923 7.590405
v 1.446449 -0.138923 7.590405
v 1.356208 0.177762 7.585048
v 1.340754 0.175525 7.590405
v 1.356208 0.177762 7.567708
v 1.340754 0.175525 7.562351
v 1.476847 -0.175525 7.585048
v 1.461393 -0.177762 7.590405
v 1.461393 0.175525 7.590405
v 1.476847 0.175525 7.585048
v 1.461393 0.177762 7.585048
v 1.476847 -0.175525 7.567708
v 1.461393 -0.177762 7.562351
v 1.461393 0.175525 7.562351
v 1.461393 0.177762 7.567708
v 1.476847 0.175525 7.567708
v -0.013206 -1.041478 7.426234
v -0.013206 1.056966 7.426234
v -0.013206 -1.041478 5.767509
v -0.013206 1.056966 5.767509
v 1.326206 -1.041478 7.426234
v 1.326206 1.056966 7.426234
v 1.326205 -1.041478 5.767509
v 1.326205 1.056966 5.767509
v -0.013206 -1.041478 5.959189
v -0.013206 1.056966 5.959189
v 1.326205 -1.041478 5.959189
v 1.326205 1.056966 5.959189
v -0.013206 0.869374 7.426234
v -0.013206 0.869374 5.767509
v 1.326205 0.869374 5.767509
v 1.326206 0.869374 7.426234
v 1.326205 0.869374 5.959189
v -0.013206 0.869374 5.959189
v -0.013206 -1.041478 7.220333
v 1.326206 1.056966 7.220333
v -0.013206 1.056966 7.220333
v 1.326206 -1.041478 7.220333
v -0.013206 0.869374 7.220333
v 1.326206 0.869374 7.220333
v -0.013206 -0.852949 5.767509
v 1.326205 -0.852949 5.767509
v 1.326206 -0.852949 7.426234
v 1.326205 -0.852949 5.959189
v -0.013206 -0.852949 5.959189
v -0.013206 -0.852949 7.426234
v 1.326206 -0.852949 7.220333
v -0.013206 -0.852949 7.220333
v 1.354561 -0.894119 5.808680
v 1.328881 -0.852949 5.767509
v 1.354561 -0.811779 5.808680
v 1.354561 -1.000308 5.808680
v 1.328881 -1.041478 5.767509
v 1.354561 -1.000308 5.918019
v 1.354561 -1.000308 6.000360
v 1.328881 -1.041478 5.959189
v 1.354562 1.015796 7.261503
v 1.354562 1.015796 7.179163
v 1.328881 1.056966 7.220333
v 1.328881 1.056966 7.426234
v 1.354562 1.015796 7.385064
v 1.354562 -0.894119 7.385064
v 1.354562 -0.811779 7.385064
v 1.328881 -0.852949 7.426234
v 1.354562 -1.000308 7.385064
v 1.328881 -1.041478 7.426234
v 1.354562 -1.000308 7.179163
v 1.354562 -1.000308 7.261503
v 1.328881 -1.041478 7.220333
v 1.354561 1.015796 5.808680
v 1.328881 1.056966 5.767509
v 1.328881 1.056966 5.959189
v 1.354561 1.015796 6.000360
v 1.354561 1.015796 5.918019
v 1.354561 -0.894119 5.918019
v 1.354561 -0.811779 5.918019
v 1.328881 -0.852949 5.959189
v 1.354561 -0.894119 6.000360
v 1.354561 0.910544 5.808680
v 1.354561 0.828204 5.808680
v 1.328881 0.869374 5.767509
v 1.328881 0.869374 7.426234
v 1.354562 0.828204 7.385064
v 1.354562 0.910544 7.385064
v 1.354561 0.910544 6.000360
v 1.328881 0.869374 5.959189
v 1.354561 0.828204 5.918019
v 1.354561 0.910544 5.918019
v 1.354562 0.828204 7.261503
v 1.328881 0.869374 7.220333
v 1.354562 0.910544 7.179163
v 1.354562 0.910544 7.261503
v 1.354562 -0.894119 7.261503
v 1.354562 -0.894119 7.179163
v 1.328881 -0.852949 7.220333
v 1.354562 -0.811779 7.261503
v 1.340754 -0.177762 5.891870
v 1.340754 -0.177762 5.863817
v 1.353878 -0.138923 5.863817
v 1.353878 0.138923 5.863817
v 1.446448 0.138923 5.863817
v 1.446448 -0.138923 5.863817
v 1.446448 0.138923 5.891870
v 1.353878 -0.138923 5.891870
v 1.353878 0.138923 5.891870
v 1.446448 -0.138923 5.891870
v 1.356207 0.177762 5.886514
v 1.340754 0.175525 5.891870
v 1.356207 0.177762 5.869174
v 1.340754 0.175525 5.863817
v 1.476847 -0.175525 5.886514
v 1.461393 -0.177762 5.891870
v 1.461393 0.175525 5.891870
v 1.476847 0.175525 5.886514
v 1.461393 0.177762 5.886514
v 1.476847 -0.175525 5.869174
v 1.461393 -0.177762 5.863817
v 1.461393 0.175525 5.863817
v 1.461393 0.177762 5.869174
v 1.476847 0.175525 5.869174
v -0.013206 -1.041478 5.727700
v -0.013206 1.056966 5.727700
v -0.013206 -1.041478 4.068975
v -0.013206 1.056966 4.068975
v 1.326205 -1.041478 5.727700
v 1.326205 1.056966 5.727700
v 1.326206 -1.041478 4.068975
v 1.326206 1.056966 4.068975
v -0.013206 -1.041478 4.260655
v -0.013206 1.056966 4.260655
v 1.326206 -1.041478 4.260655
v 1.326206 1.056966 4.260655
v -0.013206 0.869374 5.727700
v -0.013206 0.869374 4.068975
v 1.326206 0.869374 4.068975
v 1.326205 0.869374 5.727700
v 1.326206 0.869374 4.260655
v -0.013206 0.869374 4.260655
v -0.013206 -1.041478 5.521799
v 1.326206 1.056966 5.521799
v -0.013206 1.056966 5.521799
v 1.326206 -1.041478 5.521799
v -0.013206 0.869374 5.521799
v 1.326206 0.869374 5.521799
v -0.013206 -0.852949 4.068975
v 1.326206 -0.852949 4.068975
v 1.326205 -0.852949 5.727700
v 1.326206 -0.852949 4.260655
v -0.013206 -0.852949 4.260655
v -0.013206 -0.852949 5.727700
v 1.326206 -0.852949 5.521799
v -0.013206 -0.852949 5.521799
v 1.354562 -0.894119 4.110146
v 1.328881 -0.852949 4.068975
v 1.354562 -0.811779 4.110146
v 1.354562 -1.000308 4.110146
v 1.328881 -1.041478 4.068975
v 1.354562 -1.000308 4.219485
v 1.354561 -1.000308 4.301826
v 1.328881 -1.041478 4.260655
v 1.354561 1.015796 5.562969
v 1.354561 1.015796 5.480629
v 1.328881 1.056966 5.521799
v 1.328881 1.056966 5.727700
v 1.354561 1.015796 5.686530
v 1.354561 -0.894119 5.686530
v 1.354561 -0.811779 5.686530
v 1.328881 -0.852949 5.727700
v 1.354561 -1.000308 5.686530
v 1.328881 -1.041478 5.727700
v 1.354561 -1.000308 5.480629
v 1.354561 -1.000308 5.562969
v 1.328881 -1.041478 5.521799
v 1.354562 1.015796 4.110146
v 1.328881 1.056966 4.068975
v 1.328881 1.056966 4.260655
v 1.354561 1.015796 4.301826
v 1.354562 1.015796 4.219485
v 1.354562 -0.894119 4.219485
v 1.354562 -0.811779 4.219485
v 1.328881 -0.852949 4.260655
v 1.354561 -0.894119 4.301826
v 1.354562 0.910544 4.110146
v 1.354562 0.828204 4.110146
v 1.328881 0.869374 4.068975
v 1.328881 0.869374 5.727700
v 1.354561 0.828204 5.686530
v 1.354561 0.910544 5.686530
v 1.354561 0.910544 4.301826
v 1.328881 0.869374 4.260655
v 1.354562 0.828204 4.219485
v 1.354562 0.910544 4.219485
v 1.354561 0.828204 5.562969
v 1.328881 0.869374 5.521799
v 1.354561 0.910544 5.480629
v 1.354561 0.910544 5.562969
v 1.354561 -0.894119 5.562969
v 1.354561 -0.894119 5.480629
v 1.328881 -0.852949 5.521799
v 1.354561 -0.811779 5.562969
v 1.340754 -0.177762 4.193336
v 1.340754 -0.177762 4.165283
v 1.353878 -0.138923 4.165283
v 1.353878 0.138923 4.165283
v 1.446449 0.138923 4.165283
v 1.446449 -0.138923 4.165283
v 1.446449 0.138923 4.193336
v 1.353878 -0.138923 4.193336
v 1.353878 0.138923 4.193336
v 1.446449 -0.138923 4.193336
v 1.356208 0.177762 4.187980
v 1.340754 0.175525 4.193336
v 1.356208 0.177762 4.170639
v 1.340754 0.175525 4.165283
v 1.476847 -0.175525 4.187980
v 1.461393 -0.177762 4.193336
v 1.461393 0.175525 4.193336
v 1.476847 0.175525 4.187980
v 1.461393 0.177762 4.187980
v 1.476847 -0.175525 4.170639
v 1.461393 -0.177762 4.165283
v 1.461393 0.175525 4.165283
v 1.461393 0.177762 4.170639
v 1.476847 0.175525 4.170639
v -0.013206 -1.041478 4.029166
v -0.013206 1.056966 4.029166
v -0.013206 -1.041478 2.370441
v -0.013206 1.056966 2.370441
v 1.326205 -1.041478 4.029166
v 1.326205 1.056966 4.029166
v 1.326205 -1.041478 2.370441
v 1.326205 1.056966 2.370441
v -0.013206 -1.041478 2.562121
v -0.013206 1.056966 2.562121
v 1.326205 -1.041478 2.562121
v 1.326205 1.056966 2.562121
v -0.013206 0.869374 4.029166
v -0.013206 0.869374 2.370441
v 1.326205 0.869374 2.370441
v 1.326205 0.869374 4.029166
v 1.326205 0.869374 2.562121
v -0.013206 0.869374 2.562121
v -0.013206 -1.041478 3.823265
v 1.326205 1.056966 3.823264
v -0.013206 1.056966 3.823265
v 1.326205 -1.041478 3.823264
v -0.013206 0.869374 3.823265
v 1.326205 0.869374 3.823264
v -0.013206 -0.852949 2.370441
v 1.326205 -0.852949 2.370441
v 1.326205 -0.852949 4.029166
v 1.326205 -0.852949 2.562121
v -0.013206 -0.852949 2.562121
v -0.013206 -0.852949 4.029166
v 1.326205 -0.852949 3.823264
v -0.013206 -0.852949 3.823265
v 1.354561 -0.894119 2.411611
v 1.328881 -0.852949 2.370441
v 1.354561 -0.811779 2.411611
v 1.354561 -1.000308 2.411611
v 1.328881 -1.041478 2.370441
v 1.354561 -1.000308 2.520951
v 1.354561 -1.000308 2.603291
v 1.328881 -1.041478 2.562121
v 1.354561 1.015796 3.864434
v 1.354561 1.015796 3.782094
v 1.328881 1.056966 3.823264
v 1.328881 1.056966 4.029166
v 1.354561 1.015796 3.987996
v 1.354561 -0.894119 3.987996
v 1.354561 -0.811779 3.987996
v 1.328881 -0.852949 4.029166
v 1.354561 -1.000308 3.987996
v 1.328881 -1.041478 4.029166
v 1.354561 -1.000308 3.782094
v 1.354561 -1.000308 3.864434
v 1.328881 -1.041478 3.823264
v 1.354561 1.015796 2.411611
v 1.328881 1.056966 2.370441
v 1.328881 1.056966 2.562121
v 1.354561 1.015796 2.603291
v 1.354561 1.015796 2.520951
v 1.354561 -0.894119 2.520951
v 1.354561 -0.811779 2.520951
v 1.328881 -0.852949 2.562121
v 1.354561 -0.894119 2.603291
v 1.354561 0.910544 2.411611
v 1.354561 0.828204 2.411611
v 1.328881 0.869374 2.370441
v 1.328881 0.869374 4.029166
v 1.354561 0.828204 3.987996
v 1.354561 0.910544 3.987996
v 1.354561 0.910544 2.603291
v 1.328881 0.869374 2.562121
v 1.354561 0.828204 2.520951
v 1.354561 0.910544 2.520951
v 1.354561 0.828204 3.864434
v 1.328881 0.869374 3.823264
v 1.354561 0.910544 3.782094
v 1.354561 0.910544 3.864434
v 1.354561 -0.894119 3.864434
v 1.354561 -0.894119 3.782094
v 1.328881 -0.852949 3.823264
v 1.354561 -0.811779 3.864434
v 1.340754 -0.177762 2.494802
v 1.340754 -0.177762 2.466748
v 1.353878 -0.138923 2.466748
v 1.353878 0.138923 2.466748
v 1.446448 0.138923 2.466748
v 1.446448 -0.138923 2.466748
v 1.446448 0.138923 2.494802
v 1.353878 -0.138923 2.494802
v 1.353878 0.138923 2.494802
v 1.446448 -0.138923 2.494802
v 1.356208 0.177762 2.489445
v 1.340754 0.175525 2.494802
v 1.356208 0.177762 2.472105
v 1.340754 0.175525 2.466748
v 1.476847 -0.175525 2.489445
v 1.461393 -0.177762 2.494802
v 1.461393 0.175525 2.494802
v 1.476847 0.175525 2.489445
v 1.461393 0.177762 2.489445
v 1.476847 -0.175525 2.472105
v 1.461393 -0.177762 2.466748
v 1.461393 0.175525 2.466748
v 1.461393 0.177762 2.472105
v 1.476847 0.175525 2.472105
v -0.013206 -1.041478 2.330632
v -0.013206 1.056966 2.330632
v -0.013206 -1.041478 0.671907
v -0.013206 1.056966 0.671907
v 1.326205 -1.041478 2.330631
v 1.326205 1.056966 2.330631
v 1.326205 -1.041478 0.671907
v 1.326205 1.056966 0.671907
v -0.013206 -1.041478 0.863587
v -0.013206 1.056966 0.863587
v 1.326205 -1.041478 0.863587
v 1.326205 1.056966 0.863587
v -0.013206 0.869374 2.330632
v -0.013206 0.869374 0.671907
v 1.326205 0.869374 0.671907
v 1.326205 0.869374 2.330631
v 1.326205 0.869374 0.863587
v -0.013206 0.869374 0.863587
v -0.013206 -1.041478 2.124731
v 1.326206 1.056966 2.124730
v -0.013206 1.056966 2.124731
v 1.326206 -1.041478 2.124730
v -0.013206 0.869374 2.124731
v 1.326206 0.869374 2.124730
v -0.013206 -0.852949 0.671907
v 1.326205 -0.852949 0.671907
v 1.326205 -0.852949 2.330631
v 1.326205 -0.852949 0.863587
v -0.013206 -0.852949 0.863587
v -0.013206 -0.852949 2.330632
v 1.326206 -0.852949 2.124730
v -0.013206 -0.852949 2.124731
v 1.354561 -0.894119 0.713077
v 1.328881 -0.852949 0.671907
v 1.354561 -0.811779 0.713077
v 1.354561 -1.000308 0.713077
v 1.328881 -1.041478 0.671907
v 1.354561 -1.000308 0.822417
v 1.354561 -1.000308 0.904757
v 1.328881 -1.041478 0.863587
v 1.354561 1.015796 2.165900
v 1.354561 1.015796 2.083560
v 1.328881 1.056966 2.124730
v 1.328881 1.056966 2.330631
v 1.354561 1.015796 2.289461
v 1.354561 -0.894119 2.289461
v 1.354561 -0.811779 2.289461
v 1.328881 -0.852949 2.330631
v 1.354561 -1.000308 2.289461
v 1.328881 -1.041478 2.330631
v 1.354561 -1.000308 2.083560
v 1.354561 -1.000308 2.165900
v 1.328881 -1.041478 2.124730
v 1.354561 1.015796 0.713077
v 1.328881 1.056966 0.671907
v 1.328881 1.056966 0.863587
v 1.354561 1.015796 0.904757
v 1.354561 1.015796 0.822417
v 1.354561 -0.894119 0.822417
v 1.354561 -0.811779 0.822417
v 1.328881 -0.852949 0.863587
v 1.354561 -0.894119 0.904757
v 1.354561 0.910544 0.713077
v 1.354561 0.828204 0.713077
v 1.328881 0.869374 0.671907
v 1.328881 0.869374 2.330631
v 1.354561 0.828204 2.289461
v 1.354561 0.910544 2.289461
v 1.354561 0.910544 0.904757
v 1.328881 0.869374 0.863587
v 1.354561 0.828204 0.822417
v 1.354561 0.910544 0.822417
v 1.354561 0.828204 2.165900
v 1.328881 0.869374 2.124730
v 1.354561 0.910544 2.083560
v 1.354561 0.910544 2.165900
v 1.354561 -0.894119 2.165900
v 1.354561 -0.894119 2.083560
v 1.328881 -0.852949 2.124730
v 1.354561 -0.811779 2.165900
v 1.340754 -0.177762 0.796268
v 1.340754 -0.177762 0.768215
v 1.353878 -0.138923 0.768215
v 1.353878 0.138923 0.768215
v 1.446448 0.138923 0.768215
v 1.446448 -0.138923 0.768215
v 1.446448 0.138923 0.796268
v 1.353878 -0.138923 0.796268
v 1.353878 0.138923 0.796268
v 1.446448 -0.138923 0.796268
v 1.356207 0.177762 0.790911
v 1.340754 0.175525 0.796268
v 1.356207 0.177762 0.773571
v 1.340754 0.175525 0.768215
v 1.476847 -0.175525 0.790911
v 1.461393 -0.177762 0.796268
v 1.461393 0.175525 0.796268
v 1.476847 0.175525 0.790911
v 1.461393 0.177762 0.790911
v 1.476847 -0.175525 0.773571
v 1.461393 -0.177762 0.768215
v 1.461393 0.175525 0.768215
v 1.461393 0.177762 0.773571
v 1.476847 0.175525 0.773571
v -0.013206 -1.041478 0.632098
v -0.013206 1.056966 0.632098
v -0.013206 -1.041478 -1.026627
v -0.013206 1.056966 -1.026627
v 1.326205 -1.041478 0.632098
v 1.326205 1.056966 0.632098
v 1.326206 -1.041478 -1.026627
v 1.326206 1.056966 -1.026627
v -0.013206 -1.041478 -0.834947
v -0.013206 1.056966 -0.834947
v 1.326206 -1.041478 -0.834947
v 1.326206 1.056966 -0.834947
v -0.013206 0.869374 0.632098
v -0.013206 0.869374 -1.026627
v 1.326206 0.869374 -1.026627
v 1.326205 0.869374 0.632098
v 1.326206 0.869374 -0.834947
v -0.013206 0.869374 -0.834947
v -0.013206 -1.041478 0.426197
v 1.326205 1.056966 0.426196
v -0.013206 1.056966 0.426197
v 1.326205 -1.041478 0.426196
v -0.013206 0.869374 0.426197
v 1.326205 0.869374 0.426196
v -0.013206 -0.852949 -1.026627
v 1.326206 -0.852949 -1.026627
v 1.326205 -0.852949 0.632098
v 1.326206 -0.852949 -0.834947
v -0.013206 -0.852949 -0.834947
v -0.013206 -0.852949 0.632098
v 1.326205 -0.852949 0.426196
v -0.013206 -0.852949 0.426197
v 1.354561 -0.894119 -0.985457
v 1.328881 -0.852949 -1.026627
v 1.354561 -0.811779 -0.985457
v 1.354561 -1.000308 -0.985457
v 1.328881 -1.041478 -1.026627
v 1.354561 -1.000308 -0.876117
v 1.354561 -1.000308 -0.793777
v 1.328881 -1.041478 -0.834947
v 1.354561 1.015796 0.467367
v 1.354561 1.015796 0.385026
v 1.328881 1.056966 0.426196
v 1.328881 1.056966 0.632098
v 1.354561 1.015796 0.590927
v 1.354561 -0.894119 0.590927
v 1.354561 -0.811779 0.590927
v 1.328881 -0.852949 0.632098
v 1.354561 -1.000308 0.590927
v 1.328881 -1.041478 0.632098
v 1.354561 -1.000308 0.385026
v 1.354561 -1.000308 0.467367
v 1.328881 -1.041478 0.426196
v 1.354561 1.015796 -0.985457
v 1.328881 1.056966 -1.026627
v 1.328881 1.056966 -0.834947
v 1.354561 1.015796 -0.793777
v 1.354561 1.015796 -0.876117
v 1.354561 -0.894119 -0.876117
v 1.354561 -0.811779 -0.876117
v 1.328881 -0.852949 -0.834947
v 1.354561 -0.894119 -0.793777
v 1.354561 0.910544 -0.985457
v 1.354561 0.828204 -0.985457
v 1.328881 0.869374 -1.026627
v 1.328881 0.869374 0.632098
v 1.354561 0.828204 0.590927
v 1.354561 0.910544 0.590927
v 1.354561 0.910544 -0.793777
v 1.328881 0.869374 -0.834947
v 1.354561 0.828204 -0.876117
v 1.354561 0.910544 -0.876117
v 1.354561 0.828204 0.467367
v 1.328881 0.869374 0.426196
v 1.354561 0.910544 0.385026
v 1.354561 0.910544 0.467367
v 1.354561 -0.894119 0.467367
v 1.354561 -0.894119 0.385026
v 1.328881 -0.852949 0.426196
v 1.354561 -0.811779 0.467367
v 1.340754 -0.177762 -0.902266
v 1.340754 -0.177762 -0.930319
v 1.353878 -0.138923 -0.930319
v 1.353878 0.138923 -0.930319
v 1.446448 0.138923 -0.930319
v 1.446448 -0.138923 -0.930319
v 1.446448 0.138923 -0.902266
v 1.353878 -0.138923 -0.902266
v 1.353878 0.138923 -0.902266
v 1.446448 -0.138923 -0.902266
v 1.356208 0.177762 -0.907623
v 1.340754 0.175525 -0.902266
v 1.356208 0.177762 -0.924962
v 1.340754 0.175525 -0.930319
v 1.476847 -0.175525 -0.907623
v 1.461393 -0.177762 -0.902266
v 1.461393 0.175525 -0.902266
v 1.476847 0.175525 -0.907623
v 1.461393 0.177762 -0.907623
v 1.476847 -0.175525 -0.924962
v 1.461393 -0.177762 -0.930319
v 1.461393 0.175525 -0.930319
v 1.461393 0.177762 -0.924962
v 1.476847 0.175525 -0.924962
vn 1.0000 -0.0000 -0.0000
vn -0.0000 -0.0000 1.0000
vn -1.0000 -0.0000 -0.0000
vn -0.0000 -0.0000 -1.0000
vn -0.0000 -1.0000 -0.0000
vn -0.0000 1.0000 -0.0000
vn -0.8485 -0.0000 0.5292
vn -0.8485 -0.5292 -0.0000
vn -0.8485 0.5292 -0.0000
vn -0.8485 -0.0000 -0.5292
vn -0.9150 0.2854 -0.2854
vn -0.9150 -0.2854 -0.2854
vn -0.9150 -0.2854 0.2854
vn -0.9150 0.2854 0.2854
vn -0.1324 0.9146 -0.3820
vn -0.1324 0.9147 0.3820
vn 0.1433 0.9897 -0.0000
vn -0.3275 -0.0000 -0.9449
vn -0.0000 0.9228 0.3854
vn -0.1433 0.9897 -0.0000
vn -0.3275 -0.0000 0.9449
vn -0.0000 0.9228 -0.3854
vn -0.1433 -0.9897 -0.0000
vn -0.1324 0.9147 -0.3819
vn -0.0000 0.9228 0.3853
vn -0.1324 0.9147 -0.3820
vn -0.1324 0.9147 0.3819
vn 0.1432 0.9897 -0.0000
vn -0.1432 -0.9897 -0.0000
vn -0.0000 0.9228 -0.3853
vn -0.3275 -0.0000 -0.9448
vn -0.3275 -0.0000 0.9448
vn 0.8485 -0.0000 -0.5292
vn 0.8485 -0.5292 -0.0000
vn 0.8485 0.5292 -0.0000
vn 0.8485 -0.0000 0.5292
vn 0.9150 0.2854 0.2854
vn 0.9150 -0.2854 0.2854
vn 0.9150 -0.2854 -0.2854
vn 0.9150 0.2854 -0.2854
vn 0.8485 -0.0000 -0.5293
vn 0.8485 -0.0000 0.5293
vn 0.1324 0.9146 0.3820
vn 0.1324 0.9147 -0.3819
vn -0.1432 0.9897 -0.0000
vn 0.3275 -0.0000 0.9449
vn 0.3275 -0.0000 -0.9448
vn 0.1432 -0.9897 -0.0000
vn 0.1324 0.9147 0.3819
vn 0.3275 -0.0000 0.9448
vn 0.1433 -0.9897 -0.0000
vn 0.1324 0.9146 -0.3820
vn -0.0000 0.9227 -0.3854
vn 0.3275 -0.0000 -0.9449
vt 0.568071 0.988286
vt 0.297446 0.011714
vt 0.320875 0.382437
vt 0.320875 0.743916
vt 0.615852 0.011714
vt 0.297446 0.373193
vt 0.568071 0.702554
vt 0.011714 0.011714
vt 0.235482 0.396621
vt 0.011714 0.373193
vt 0.235482 0.758100
vt 0.615852 0.297446
vt 0.783899 0.988286
vt 0.536663 0.382437
vt 0.536663 0.743916
vt 0.831675 0.011714
vt 0.783899 0.702554
vt 0.019694 0.396621
vt 0.831675 0.297446
vt 0.019694 0.758100
vt 0.568071 0.735572
vt 0.044733 0.011714
vt 0.044733 0.373193
vt 0.615852 0.264428
vt 0.783899 0.735572
vt 0.831675 0.264428
vt 0.320875 0.711601
vt 0.297446 0.340878
vt 0.235482 0.725785
vt 0.011714 0.340878
vt 0.019694 0.725785
vt 0.536663 0.711601
vt 0.785316 0.679125
vt 0.258910 0.693309
vt 0.840153 0.623111
vt 0.044733 0.340878
vt 0.568071 0.952817
vt 0.261978 0.011714
vt 0.831675 0.047183
vt 0.261978 0.373193
vt 0.615852 0.047183
vt 0.783899 0.952817
vt 0.261978 0.340878
vt 0.816724 0.679125
vt 0.568071 0.679125
vt 0.840153 0.840355
vt 0.011714 0.044190
vt 0.235482 0.429097
vt 0.019694 0.429097
vt 0.536663 0.414913
vt 0.785316 0.382437
vt 0.258910 0.396621
vt 0.848063 0.382437
vt 0.044733 0.044190
vt 0.297446 0.044190
vt 0.320875 0.414913
vt 0.816724 0.382437
vt 0.568071 0.382437
vt 0.848063 0.599682
vt 0.261978 0.044190
vt 0.011714 0.422005
vt 0.592423 0.030006
vt 0.018955 0.429097
vt 0.011714 0.436189
vt 0.592423 0.044190
vt 0.592423 0.011714
vt 0.011714 0.403713
vt 0.791793 0.709646
vt 0.018955 0.396621
vt 0.784638 0.702554
vt 0.791793 0.728480
vt 0.573588 0.011714
vt 0.791793 0.742664
vt 0.559404 0.011714
vt 0.784638 0.735572
vt 0.839585 0.040091
vt 0.342160 0.359009
vt 0.839585 0.054275
vt 0.356344 0.359009
vt 0.832413 0.047183
vt 0.832414 0.011714
vt 0.537402 0.743916
vt 0.320875 0.359009
vt 0.839585 0.018806
vt 0.544643 0.736824
vt 0.544643 0.407821
vt 0.320875 0.030006
vt 0.544643 0.422005
vt 0.320875 0.044190
vt 0.537402 0.414913
vt 0.320875 0.011714
vt 0.544643 0.389529
vt 0.791793 0.981194
vt 0.537402 0.382437
vt 0.784638 0.988286
vt 0.791793 0.945725
vt 0.356344 0.011714
vt 0.791793 0.959909
vt 0.342160 0.011714
vt 0.784638 0.952817
vt 0.592423 0.359009
vt 0.839585 0.290354
vt 0.011714 0.751008
vt 0.832414 0.297446
vt 0.018955 0.758100
vt 0.832413 0.264428
vt 0.559404 0.359009
vt 0.839585 0.257336
vt 0.839585 0.271520
vt 0.573588 0.359009
vt 0.573588 0.030006
vt 0.266890 0.403713
vt 0.573588 0.044190
vt 0.566496 0.037098
vt 0.259649 0.396621
vt 0.847324 0.382437
vt 0.559404 0.030006
vt 0.840153 0.389529
vt 0.011714 0.732877
vt 0.592423 0.340878
vt 0.592423 0.326694
vt 0.011714 0.718693
vt 0.018955 0.725785
vt 0.537402 0.711601
vt 0.320875 0.326694
vt 0.544643 0.704509
vt 0.544643 0.718693
vt 0.320875 0.340878
vt 0.559404 0.340878
vt 0.848047 0.630203
vt 0.566496 0.333786
vt 0.840891 0.623111
vt 0.259649 0.693309
vt 0.573588 0.326694
vt 0.266890 0.686217
vt 0.573588 0.340878
vt 0.342160 0.326694
vt 0.808745 0.672033
vt 0.349252 0.333786
vt 0.840891 0.840355
vt 0.815985 0.679125
vt 0.848047 0.833263
vt 0.356344 0.340878
vt 0.342160 0.340878
vt 0.342160 0.030006
vt 0.356344 0.030006
vt 0.840153 0.592590
vt 0.349252 0.037098
vt 0.815985 0.382437
vt 0.847324 0.599682
vt 0.808745 0.389529
vt 0.342160 0.044190
vt 0.615852 0.320875
vt 0.295151 0.396621
vt 0.320875 0.767344
vt 0.620685 0.320875
vt 0.290318 0.396621
vt 0.296505 0.716738
vt 0.292882 0.723428
vt 0.295151 0.636098
vt 0.705468 0.346438
vt 0.292882 0.771290
vt 0.295151 0.683960
vt 0.677207 0.320875
vt 0.267323 0.771290
vt 0.290318 0.612669
vt 0.677207 0.346439
vt 0.267323 0.723428
vt 0.290318 0.564808
vt 0.705468 0.320875
vt 0.350057 0.821896
vt 0.295151 0.612669
vt 0.672374 0.346439
vt 0.290318 0.636098
vt 0.700636 0.346438
vt 0.324499 0.774035
vt 0.290318 0.683960
vt 0.672374 0.320875
vt 0.324499 0.821896
vt 0.350057 0.774035
vt 0.295151 0.564808
vt 0.700635 0.320875
vt 0.645036 0.354193
vt 0.295151 0.457479
vt 0.644113 0.358456
vt 0.320875 0.828201
vt 0.648023 0.354193
vt 0.290318 0.457479
vt 0.296505 0.777595
vt 0.648946 0.358456
vt 0.290318 0.480907
vt 0.358470 0.767730
vt 0.616775 0.358461
vt 0.354184 0.767344
vt 0.615852 0.354190
vt 0.354184 0.828201
vt 0.644113 0.325143
vt 0.290318 0.541379
vt 0.358470 0.828201
vt 0.645036 0.320875
vt 0.645036 0.325147
vt 0.293305 0.480907
vt 0.258910 0.717123
vt 0.619762 0.358461
vt 0.263197 0.716738
vt 0.620685 0.354190
vt 0.648946 0.325143
vt 0.263197 0.777595
vt 0.648023 0.325147
vt 0.293305 0.541379
vt 0.648023 0.320875
vt 0.258910 0.777595
vt 0.568071 0.988286
vt 0.297446 0.011714
vt 0.320875 0.382437
vt 0.320875 0.743916
vt 0.615852 0.011714
vt 0.297446 0.373193
vt 0.568071 0.702554
vt 0.011714 0.011714
vt 0.235482 0.396621
vt 0.011714 0.373193
vt 0.235482 0.758100
vt 0.615852 0.297446
vt 0.783899 0.988286
vt 0.536663 0.382437
vt 0.536663 0.743916
vt 0.831675 0.011714
vt 0.783899 0.702554
vt 0.019694 0.396621
vt 0.831675 0.297446
vt 0.019694 0.758100
vt 0.568071 0.735572
vt 0.044733 0.011714
vt 0.044733 0.373193
vt 0.615852 0.264428
vt 0.783899 0.735572
vt 0.831675 0.264428
vt 0.320875 0.711601
vt 0.297446 0.340878
vt 0.235482 0.725785
vt 0.011714 0.340878
vt 0.019694 0.725785
vt 0.536663 0.711601
vt 0.785316 0.679125
vt 0.258910 0.693309
vt 0.840153 0.623111
vt 0.044733 0.340878
vt 0.568071 0.952817
vt 0.261978 0.011714
vt 0.831675 0.047183
vt 0.261978 0.373193
vt 0.615852 0.047183
vt 0.783899 0.952817
vt 0.261978 0.340878
vt 0.816724 0.679125
vt 0.568071 0.679125
vt 0.840153 0.840355
vt 0.011714 0.044190
vt 0.235482 0.429097
vt 0.019694 0.429097
vt 0.536663 0.414913
vt 0.785316 0.382437
vt 0.258910 0.396621
vt 0.848063 0.382437
vt 0.044733 0.044190
vt 0.297446 0.044190
vt 0.320875 0.414913
vt 0.816724 0.382437
vt 0.568071 0.382437
vt 0.848063 0.599682
vt 0.261978 0.044190
vt 0.011714 0.422005
vt 0.592423 0.030006
vt 0.018955 0.429097
vt 0.011714 0.436189
vt 0.592423 0.044190
vt 0.592423 0.011714
vt 0.011714 0.403713
vt 0.791793 0.709646
vt 0.018955 0.396621
vt 0.784638 0.702554
vt 0.791793 0.728480
vt 0.573588 0.011714
vt 0.791793 0.742664
vt 0.559404 0.011714
vt 0.784638 0.735572
vt 0.839585 0.040091
vt 0.342160 0.359009
vt 0.839585 0.054275
vt 0.356344 0.359009
vt 0.832413 0.047183
vt 0.832414 0.011714
vt 0.537402 0.743916
vt 0.320875 0.359009
vt 0.839585 0.018806
vt 0.544643 0.736824
vt 0.544643 0.407821
vt 0.320875 0.030006
vt 0.544643 0.422005
vt 0.320875 0.044190
vt 0.537402 0.414913
vt 0.320875 0.011714
vt 0.544643 0.389529
vt 0.791793 0.981194
vt 0.537402 0.382437
vt 0.784638 0.988286
vt 0.791793 0.945725
vt 0.356344 0.011714
vt 0.791793 0.959909
vt 0.342160 0.011714
vt 0.784638 0.952817
vt 0.592423 0.359009
vt 0.839585 0.290354
vt 0.011714 0.751008
vt 0.832414 0.297446
vt 0.018955 0.758100
vt 0.832413 0.264428
vt 0.559404 0.359009
vt 0.839585 0.257336
vt 0.839585 0.271520
vt 0.573588 0.359009
vt 0.573588 0.030006
vt 0.266890 0.403713
vt 0.573588 0.044190
vt 0.566496 0.037098
vt 0.259649 0.396621
vt 0.847324 0.382437
vt 0.559404 0.030006
vt 0.840153 0.389529
vt 0.011714 0.732877
vt 0.592423 0.340878
vt 0.592423 0.326694
vt 0.011714 0.718693
vt 0.018955 0.725785
vt 0.537402 0.711601
vt 0.320875 0.326694
vt 0.544643 0.704509
vt 0.544643 0.718693
vt 0.320875 0.340878
vt 0.559404 0.340878
vt 0.848047 0.630203
vt 0.566496 0.333786
vt 0.840891 0.623111
vt 0.259649 0.693309
vt 0.573588 0.326694
vt 0.266890 0.686217
vt 0.573588 0.340878
vt 0.342160 0.326694
vt 0.808745 0.672033
vt 0.349252 0.333786
vt 0.840891 0.840355
vt 0.815985 0.679125
vt 0.848047 0.833263
vt 0.356344 0.340878
vt 0.342160 0.340878
vt 0.342160 0.030006
vt 0.356344 0.030006
vt 0.840153 0.592590
vt 0.349252 0.037098
vt 0.815985 0.382437
vt 0.847324 0.599682
vt 0.808745 0.389529
vt 0.342160 0.044190
vt 0.615852 0.320875
vt 0.295151 0.396621
vt 0.320875 0.767344
vt 0.620685 0.320875
vt 0.290318 0.396621
vt 0.296505 0.716738
vt 0.292882 0.723428
vt 0.295151 0.636098
vt 0.705468 0.346438
vt 0.292882 0.771290
vt 0.295151 0.683960
vt 0.677207 0.320875
vt 0.267323 0.771290
vt 0.290318 0.612669
vt 0.677207 0.346439
vt 0.267323 0.723428
vt 0.290318 0.564808
vt 0.705468 0.320875
vt 0.350057 0.821896
vt 0.295151 0.612669
vt 0.672374 0.346439
vt 0.290318 0.636098
vt 0.700636 0.346438
vt 0.324499 0.774035
vt 0.290318 0.683960
vt 0.672374 0.320875
vt 0.324499 0.821896
vt 0.350057 0.774035
vt 0.295151 0.564808
vt 0.700635 0.320875
vt 0.645036 0.354193
vt 0.295151 0.457479
vt 0.644113 0.358456
vt 0.320875 0.828201
vt 0.648023 0.354193
vt 0.290318 0.457479
vt 0.296505 0.777595
vt 0.648946 0.358456
vt 0.290318 0.480907
vt 0.358470 0.767730
vt 0.616775 0.358461
vt 0.354184 0.767344
vt 0.615852 0.354190
vt 0.354184 0.828201
vt 0.644113 0.325143
vt 0.290318 0.541379
vt 0.358470 0.828201
vt 0.645036 0.320875
vt 0.645036 0.325147
vt 0.293305 0.480907
vt 0.258910 0.717123
vt 0.619762 0.358461
vt 0.263197 0.716738
vt 0.620685 0.354190
vt 0.648946 0.325143
vt 0.263197 0.777595
vt 0.648023 0.325147
vt 0.293305 0.541379
vt 0.648023 0.320875
vt 0.258910 0.777595
vt 0.568071 0.988286
vt 0.297446 0.011714
vt 0.320875 0.382437
vt 0.320875 0.743916
vt 0.615852 0.011714
vt 0.297446 0.373193
vt 0.568071 0.702554
vt 0.011714 0.011714
vt 0.235482 0.396621
vt 0.011714 0.373193
vt 0.235482 0.758100
vt 0.615852 0.297446
vt 0.783899 0.988286
vt 0.536663 0.382437
vt 0.536663 0.743916
vt 0.831675 0.011714
vt 0.783899 0.702554
vt 0.019694 0.396621
vt 0.831675 0.297446
vt 0.019694 0.758100
vt 0.568071 0.735572
vt 0.044733 0.011714
vt 0.044733 0.373193
vt 0.615852 0.264428
vt 0.783899 0.735572
vt 0.831675 0.264428
vt 0.320875 0.711601
vt 0.297446 0.340878
vt 0.235482 0.725785
vt 0.011714 0.340878
vt 0.019694 0.725785
vt 0.536663 0.711601
vt 0.785316 0.679125
vt 0.258910 0.693309
vt 0.840153 0.623111
vt 0.044733 0.340878
vt 0.568071 0.952817
vt 0.261978 0.011714
vt 0.831675 0.047183
vt 0.261978 0.373193
vt 0.615852 0.047183
vt 0.783899 0.952817
vt 0.261978 0.340878
vt 0.816724 0.679125
vt 0.568071 0.679125
vt 0.840153 0.840355
vt 0.011714 0.044190
vt 0.235482 0.429097
vt 0.019694 0.429097
vt 0.536663 0.414913
vt 0.785316 0.382437
vt 0.258910 0.396621
vt 0.848063 0.382437
vt 0.044733 0.044190
vt 0.297446 0.044190
vt 0.320875 0.414913
vt 0.816724 0.382437
vt 0.568071 0.382437
vt 0.848063 0.599682
vt 0.261978 0.044190
vt 0.011714 0.422005
vt 0.592423 0.030006
vt 0.018955 0.429097
vt 0.011714 0.436189
vt 0.592423 0.044190
vt 0.592423 0.011714
vt 0.011714 0.403713
vt 0.791793 0.709646
vt 0.018955 0.396621
vt 0.784638 0.702554
vt 0.791793 0.728480
vt 0.573588 0.011714
vt 0.791793 0.742664
vt 0.559404 0.011714
vt 0.784638 0.735572
vt 0.839585 0.040091
vt 0.342160 0.359009
vt 0.839585 0.054275
vt 0.356344 0.359009
vt 0.832413 0.047183
vt 0.832414 0.011714
vt 0.537402 0.743916
vt 0.320875 0.359009
vt 0.839585 0.018806
vt 0.544643 0.736824
vt 0.544643 0.407821
vt 0.320875 0.030006
vt 0.544643 0.422005
vt 0.320875 0.044190
vt 0.537402 0.414913
vt 0.320875 0.011714
vt 0.544643 0.389529
vt 0.791793 0.981194
vt 0.537402 0.382437
vt 0.784638 0.988286
vt 0.791793 0.945725
vt 0.356344 0.011714
vt 0.791793 0.959909
vt 0.342160 0.011714
vt 0.784638 0.952817
vt 0.592423 0.359009
vt 0.839585 0.290354
vt 0.011714 0.751008
vt 0.832414 0.297446
vt 0.018955 0.758100
vt 0.832413 0.264428
vt 0.559404 0.359009
vt 0.839585 0.257336
vt 0.839585 0.271520
vt 0.573588 0.359009
vt 0.573588 0.030006
vt 0.266890 0.403713
vt 0.573588 0.044190
vt 0.566496 0.037098
vt 0.259649 0.396621
vt 0.847324 0.382437
vt 0.559404 0.030006
vt 0.840153 0.389529
vt 0.011714 0.732877
vt 0.592423 0.340878
vt 0.592423 0.326694
vt 0.011714 0.718693
vt 0.018955 0.725785
vt 0.537402 0.711601
vt 0.320875 0.326694
vt 0.544643 0.704509
vt 0.544643 0.718693
vt 0.320875 0.340878
vt 0.559404 0.340878
vt 0.848047 0.630203
vt 0.566496 0.333786
vt 0.840891 0.623111
vt 0.259649 0.693309
vt 0.573588 0.326694
vt 0.266890 0.686217
vt 0.573588 0.340878
vt 0.342160 0.326694
vt 0.808745 0.672033
vt 0.349252 0.333786
vt 0.840891 0.840355
vt 0.815985 0.679125
vt 0.848047 0.833263
vt 0.356344 0.340878
vt 0.342160 0.340878
vt 0.342160 0.030006
vt 0.356344 0.030006
vt 0.840153 0.592590
vt 0.349252 0.037098
vt 0.815985 0.382437
vt 0.847324 0.599682
vt 0.808745 0.389529
vt 0.342160 0.044190
vt 0.615852 0.320875
vt 0.295151 0.396621
vt 0.320875 0.767344
vt 0.620685 0.320875
vt 0.290318 0.396621
vt 0.296505 0.716738
vt 0.292882 0.723428
vt 0.295151 0.636098
vt 0.705468 0.346438
vt 0.292882 0.771290
vt 0.295151 0.683960
vt 0.677207 0.320875
vt 0.267323 0.771290
vt 0.290318 0.612669
vt 0.677207 0.346439
vt 0.267323 0.723428
vt 0.290318 0.564808
vt 0.705468 0.320875
vt 0.350057 0.821896
vt 0.295151 0.612669
vt 0.672374 0.346439
vt 0.290318 0.636098
vt 0.700636 0.346438
vt 0.324499 0.774035
vt 0.290318 0.683960
vt 0.672374 0.320875
vt 0.324499 0.821896
vt 0.350057 0.774035
vt 0.295151 0.564808
vt 0.700635 0.320875
vt 0.645036 0.354193
vt 0.295151 0.457479
vt 0.644113 0.358456
vt 0.320875 0.828201
vt 0.648023 0.354193
vt 0.290318 0.457479
vt 0.296505 0.777595
vt 0.648946 0.358456
vt 0.290318 0.480907
vt 0.358470 0.767730
vt 0.616775 0.358461
vt 0.354184 0.767344
vt 0.615852 0.354190
vt 0.354184 0.828201
vt 0.644113 0.325143
vt 0.290318 0.541379
vt 0.358470 0.828201
vt 0.645036 0.320875
vt 0.645036 0.325147
vt 0.293305 0.480907
vt 0.258910 0.717123
vt 0.619762 0.358461
vt 0.263197 0.716738
vt 0.620685 0.354190
vt 0.648946 0.325143
vt 0.263197 0.777595
vt 0.648023 0.325147
vt 0.293305 0.541379
vt 0.648023 0.320875
vt 0.258910 0.777595
vt 0.568071 0.988286
vt 0.297446 0.011714
vt 0.320875 0.382437
vt 0.320875 0.743916
vt 0.615852 0.011714
vt 0.297446 0.373193
vt 0.568071 0.702554
vt 0.011714 0.011714
vt 0.235482 0.396621
vt 0.011714 0.373193
vt 0.235482 0.758100
vt 0.615852 0.297446
vt 0.783899 0.988286
vt 0.536663 0.382437
vt 0.536663 0.743916
vt 0.831675 0.011714
vt 0.783899 0.702554
vt 0.019694 0.396621
vt 0.831675 0.297446
vt 0.019694 0.758100
vt 0.568071 0.735572
vt 0.044733 0.011714
vt 0.044733 0.373193
vt 0.615852 0.264428
vt 0.783899 0.735572
vt 0.831675 0.264428
vt 0.320875 0.711601
vt 0.297446 0.340878
vt 0.235482 0.725785
vt 0.011714 0.340878
vt 0.019694 0.725785
vt 0.536663 0.711601
vt 0.785316 0.679125
vt 0.258910 0.693309
vt 0.840153 0.623111
vt 0.044733 0.340878
vt 0.568071 0.952817
vt 0.261978 0.011714
vt 0.831675 0.047183
vt 0.261978 0.373193
vt 0.615852 0.047183
vt 0.783899 0.952817
vt 0.261978 0.340878
vt 0.816724 0.679125
vt 0.568071 0.679125
vt 0.840153 0.840355
vt 0.011714 0.044190
vt 0.235482 0.429097
vt 0.019694 0.429097
vt 0.536663 0.414913
vt 0.785316 0.382437
vt 0.258910 0.396621
vt 0.848063 0.382437
vt 0.044733 0.044190
vt 0.297446 0.044190
vt 0.320875 0.414913
vt 0.816724 0.382437
vt 0.568071 0.382437
vt 0.848063 0.599682
vt 0.261978 0.044190
vt 0.011714 0.422005
vt 0.592423 0.030006
vt 0.018955 0.429097
vt 0.011714 0.436189
vt 0.592423 0.044190
vt 0.592423 0.011714
vt 0.011714 0.403713
vt 0.791793 0.709646
vt 0.018955 0.396621
vt 0.784638 0.702554
vt 0.791793 0.728480
vt 0.573588 0.011714
vt 0.791793 0.742664
vt 0.559404 0.011714
vt 0.784638 0.735572
vt 0.839585 0.040091
vt 0.342160 0.359009
vt 0.839585 0.054275
vt 0.356344 0.359009
vt 0.832413 0.047183
vt 0.832414 0.011714
vt 0.537402 0.743916
vt 0.320875 0.359009
vt 0.839585 0.018806
vt 0.544643 0.736824
vt 0.544643 0.407821
vt 0.320875 0.030006
vt 0.544643 0.422005
vt 0.320875 0.044190
vt 0.537402 0.414913
vt 0.320875 0.011714
vt 0.544643 0.389529
vt 0.791793 0.981194
vt 0.537402 0.382437
vt 0.784638 0.988286
vt 0.791793 0.945725
vt 0.356344 0.011714
vt 0.791793 0.959909
vt 0.342160 0.011714
vt 0.784638 0.952817
vt 0.592423 0.359009
vt 0.839585 0.290354
vt 0.011714 0.751008
vt 0.832414 0.297446
vt 0.018955 0.758100
vt 0.832413 0.264428
vt 0.559404 0.359009
vt 0.839585 0.257336
vt 0.839585 0.271520
vt 0.573588 0.359009
vt 0.573588 0.030006
vt 0.266890 0.403713
vt 0.573588 0.044190
vt 0.566496 0.037098
vt 0.259649 0.396621
vt 0.847324 0.382437
vt 0.559404 0.030006
vt 0.840153 0.389529
vt 0.011714 0.732877
vt 0.592423 0.340878
vt 0.592423 0.326694
vt 0.011714 0.718693
vt 0.018955 0.725785
vt 0.537402 0.711601
vt 0.320875 0.326694
vt 0.544643 0.704509
vt 0.544643 0.718693
vt 0.320875 0.340878
vt 0.559404 0.340878
vt 0.848047 0.630203
vt 0.566496 0.333786
vt 0.840891 0.623111
vt 0.259649 0.693309
vt 0.573588 0.326694
vt 0.266890 0.686217
vt 0.573588 0.340878
vt 0.342160 0.326694
vt 0.808745 0.672033
vt 0.349252 0.333786
vt 0.840891 0.840355
vt 0.815985 0.679125
vt 0.848047 0.833263
vt 0.356344 0.340878
vt 0.342160 0.340878
vt 0.342160 0.030006
vt 0.356344 0.030006
vt 0.840153 0.592590
vt 0.349252 0.037098
vt 0.815985 0.382437
vt 0.847324 0.599682
vt 0.808745 0.389529
vt 0.342160 0.044190
vt 0.615852 0.320875
vt 0.295151 0.396621
vt 0.320875 0.767344
vt 0.620685 0.320875
vt 0.290318 0.396621
vt 0.296505 0.716738
vt 0.292882 0.723428
vt 0.295151 0.636098
vt 0.705468 0.346438
vt 0.292882 0.771290
vt 0.295151 0.683960
vt 0.677207 0.320875
vt 0.267323 0.771290
vt 0.290318 0.612669
vt 0.677207 0.346439
vt 0.267323 0.723428
vt 0.290318 0.564808
vt 0.705468 0.320875
vt 0.350057 0.821896
vt 0.295151 0.612669
vt 0.672374 0.346439
vt 0.290318 0.636098
vt 0.700636 0.346438
vt 0.324499 0.774035
vt 0.290318 0.683960
vt 0.672374 0.320875
vt 0.324499 0.821896
vt 0.350057 0.774035
vt 0.295151 0.564808
vt 0.700635 0.320875
vt 0.645036 0.354193
vt 0.295151 0.457479
vt 0.644113 0.358456
vt 0.320875 0.828201
vt 0.648023 0.354193
vt 0.290318 0.457479
vt 0.296505 0.777595
vt 0.648946 0.358456
vt 0.290318 0.480907
vt 0.358470 0.767730
vt 0.616775 0.358461
vt 0.354184 0.767344
vt 0.615852 0.354190
vt 0.354184 0.828201
vt 0.644113 0.325143
vt 0.290318 0.541379
vt 0.358470 0.828201
vt 0.645036 0.320875
vt 0.645036 0.325147
vt 0.293305 0.480907
vt 0.258910 0.717123
vt 0.619762 0.358461
vt 0.263197 0.716738
vt 0.620685 0.354190
vt 0.648946 0.325143
vt 0.263197 0.777595
vt 0.648023 0.325147
vt 0.293305 0.541379
vt 0.648023 0.320875
vt 0.258910 0.777595
vt 0.568071 0.988286
vt 0.297446 0.011714
vt 0.320875 0.382437
vt 0.320875 0.743916
vt 0.615852 0.011714
vt 0.297446 0.373193
vt 0.568071 0.702554
vt 0.011714 0.011714
vt 0.235482 0.396621
vt 0.011714 0.373193
vt 0.235482 0.758100
vt 0.615852 0.297446
vt 0.783899 0.988286
vt 0.536663 0.382437
vt 0.536663 0.743916
vt 0.831675 0.011714
vt 0.783899 0.702554
vt 0.019694 0.396621
vt 0.831675 0.297446
vt 0.019694 0.758100
vt 0.568071 0.735572
vt 0.044733 0.011714
vt 0.044733 0.373193
vt 0.615852 0.264428
vt 0.783899 0.735572
vt 0.831675 0.264428
vt 0.320875 0.711601
vt 0.297446 0.340878
vt 0.235482 0.725785
vt 0.011714 0.340878
vt 0.019694 0.725785
vt 0.536663 0.711601
vt 0.785316 0.679125
vt 0.258910 0.693309
vt 0.840153 0.623111
vt 0.044733 0.340878
vt 0.568071 0.952817
vt 0.261978 0.011714
vt 0.831675 0.047183
vt 0.261978 0.373193
vt 0.615852 0.047183
vt 0.783899 0.952817
vt 0.261978 0.340878
vt 0.816724 0.679125
vt 0.568071 0.679125
vt 0.840153 0.840355
vt 0.011714 0.044190
vt 0.235482 0.429097
vt 0.019694 0.429097
vt 0.536663 0.414913
vt 0.785316 0.382437
vt 0.258910 0.396621
vt 0.848063 0.382437
vt 0.044733 0.044190
vt 0.297446 0.044190
vt 0.320875 0.414913
vt 0.816724 0.382437
vt 0.568071 0.382437
vt 0.848063 0.599682
vt 0.261978 0.044190
vt 0.011714 0.422005
vt 0.592423 0.030006
vt 0.018955 0.429097
vt 0.011714 0.436189
vt 0.592423 0.044190
vt 0.592423 0.011714
vt 0.011714 0.403713
vt 0.791793 0.709646
vt 0.018955 0.396621
vt 0.784638 0.702554
vt 0.791793 0.728480
vt 0.573588 0.011714
vt 0.791793 0.742664
vt 0.559404 0.011714
vt 0.784638 0.735572
vt 0.839585 0.040091
vt 0.342160 0.359009
vt 0.839585 0.054275
vt 0.356344 0.359009
vt 0.832413 0.047183
vt 0.832414 0.011714
vt 0.537402 0.743916
vt 0.320875 0.359009
vt 0.839585 0.018806
vt 0.544643 0.736824
vt 0.544643 0.407821
vt 0.320875 0.030006
vt 0.544643 0.422005
vt 0.320875 0.044190
vt 0.537402 0.414913
vt 0.320875 0.011714
vt 0.544643 0.389529
vt 0.791793 0.981194
vt 0.537402 0.382437
vt 0.784638 0.988286
vt 0.791793 0.945725
vt 0.356344 0.011714
vt 0.791793 0.959909
vt 0.342160 0.011714
vt 0.784638 0.952817
vt 0.592423 0.359009
vt 0.839585 0.290354
vt 0.011714 0.751008
vt 0.832414 0.297446
vt 0.018955 0.758100
vt 0.832413 0.264428
vt 0.559404 0.359009
vt 0.839585 0.257336
vt 0.839585 0.271520
vt 0.573588 0.359009
vt 0.573588 0.030006
vt 0.266890 0.403713
vt 0.573588 0.044190
vt 0.566496 0.037098
vt 0.259649 0.396621
vt 0.847324 0.382437
vt 0.559404 0.030006
vt 0.840153 0.389529
vt 0.011714 0.732877
vt 0.592423 0.340878
vt 0.592423 0.326694
vt 0.011714 0.718693
vt 0.018955 0.725785
vt 0.537402 0.711601
vt 0.320875 0.326694
vt 0.544643 0.704509
vt 0.544643 0.718693
vt 0.320875 0.340878
vt 0.559404 0.340878
vt 0.848047 0.630203
vt 0.566496 0.333786
vt 0.840891 0.623111
vt 0.259649 0.693309
vt 0.573588 0.326694
vt 0.266890 0.686217
vt 0.573588 0.340878
vt 0.342160 0.326694
vt 0.808745 0.672033
vt 0.349252 0.333786
vt 0.840891 0.840355
vt 0.815985 0.679125
vt 0.848047 0.833263
vt 0.356344 0.340878
vt 0.342160 0.340878
vt 0.342160 0.030006
vt 0.356344 0.030006
vt 0.840153 0.592590
vt 0.349252 0.037098
vt 0.815985 0.382437
vt 0.847324 0.599682
vt 0.808745 0.389529
vt 0.342160 0.044190
vt 0.615852 0.320875
vt 0.295151 0.396621
vt 0.320875 0.767344
vt 0.620685 0.320875
vt 0.290318 0.396621
vt 0.296505 0.716738
vt 0.292882 0.723428
vt 0.295151 0.636098
vt 0.705468 0.346438
vt 0.292882 0.771290
vt 0.295151 0.683960
vt 0.677207 0.320875
vt 0.267323 0.771290
vt 0.290318 0.612669
vt 0.677207 0.346439
vt 0.267323 0.723428
vt 0.290318 0.564808
vt 0.705468 0.320875
vt 0.350057 0.821896
vt 0.295151 0.612669
vt 0.672374 0.346439
vt 0.290318 0.636098
vt 0.700636 0.346438
vt 0.324499 0.774035
vt 0.290318 0.683960
vt 0.672374 0.320875
vt 0.324499 0.821896
vt 0.350057 0.774035
vt 0.295151 0.564808
vt 0.700635 0.320875
vt 0.645036 0.354193
vt 0.295151 0.457479
vt 0.644113 0.358456
vt 0.320875 0.828201
vt 0.648023 0.354193
vt 0.290318 0.457479
vt 0.296505 0.777595
vt 0.648946 0.358456
vt 0.290318 0.480907
vt 0.358470 0.767730
vt 0.616775 0.358461
vt 0.354184 0.767344
vt 0.615852 0.354190
vt 0.354184 0.828201
vt 0.644113 0.325143
vt 0.290318 0.541379
vt 0.358470 0.828201
vt 0.645036 0.320875
vt 0.645036 0.325147
vt 0.293305 0.480907
vt 0.258910 0.717123
vt 0.619762 0.358461
vt 0.263197 0.716738
vt 0.620685 0.354190
vt 0.648946 0.325143
vt 0.263197 0.777595
vt 0.648023 0.325147
vt 0.293305 0.541379
vt 0.648023 0.320875
vt 0.258910 0.777595
vt 0.568071 0.988286
vt 0.297446 0.011714
vt 0.320875 0.382437
vt 0.320875 0.743916
vt 0.615852 0.011714
vt 0.297446 0.373193
vt 0.568071 0.702554
vt 0.011714 0.011714
vt 0.235482 0.396621
vt 0.011714 0.373193
vt 0.235482 0.758100
vt 0.615852 0.297446
vt 0.783899 0.988286
vt 0.536663 0.382437
vt 0.536663 0.743916
vt 0.831675 0.011714
vt 0.783899 0.702554
vt 0.019694 0.396621
vt 0.831675 0.297446
vt 0.019694 0.758100
vt 0.568071 0.735572
vt 0.044733 0.011714
vt 0.044733 0.373193
vt 0.615852 0.264428
vt 0.783899 0.735572
vt 0.831675 0.264428
vt 0.320875 0.711601
vt 0.297446 0.340878
vt 0.235482 0.725785
vt 0.011714 0.340878
vt 0.019694 0.725785
vt 0.536663 0.711601
vt 0.785316 0.679125
vt 0.258910 0.693309
vt 0.840153 0.623111
vt 0.044733 0.340878
vt 0.568071 0.952817
vt 0.261978 0.011714
vt 0.831675 0.047183
vt 0.261978 0.373193
vt 0.615852 0.047183
vt 0.783899 0.952817
vt 0.261978 0.340878
vt 0.816724 0.679125
vt 0.568071 0.679125
vt 0.840153 0.840355
vt 0.011714 0.044190
vt 0.235482 0.429097
vt 0.019694 0.429097
vt 0.536663 0.414913
vt 0.785316 0.382437
vt 0.258910 0.396621
vt 0.848063 0.382437
vt 0.044733 0.044190
vt 0.297446 0.044190
vt 0.320875 0.414913
vt 0.816724 0.382437
vt 0.568071 0.382437
vt 0.848063 0.599682
vt 0.261978 0.044190
vt 0.011714 0.422005
vt 0.592423 0.030006
vt 0.018955 0.429097
vt 0.011714 0.436189
vt 0.592423 0.044190
vt 0.592423 0.011714
vt 0.011714 0.403713
vt 0.791793 0.709646
vt 0.018955 0.396621
vt 0.784638 0.702554
vt 0.791793 0.728480
vt 0.573588 0.011714
vt 0.791793 0.742664
vt 0.559404 0.011714
vt 0.784638 0.735572
vt 0.839585 0.040091
vt 0.342160 0.359009
vt 0.839585 0.054275
vt 0.356344 0.359009
vt 0.832413 0.047183
vt 0.832414 0.011714
vt 0.537402 0.743916
vt 0.320875 0.359009
vt 0.839585 0.018806
vt 0.544643 0.736824
vt 0.544643 0.407821
vt 0.320875 0.030006
vt 0.544643 0.422005
vt 0.320875 0.044190
vt 0.537402 0.414913
vt 0.320875 0.011714
vt 0.544643 0.389529
vt 0.791793 0.981194
vt 0.537402 0.382437
vt 0.784638 0.988286
vt 0.791793 0.945725
vt 0.356344 0.011714
vt 0.791793 0.959909
vt 0.342160 0.011714
vt 0.784638 0.952817
vt 0.592423 0.359009
vt 0.839585 0.290354
vt 0.011714 0.751008
vt 0.832414 0.297446
vt 0.018955 0.758100
vt 0.832413 0.264428
vt 0.559404 0.359009
vt 0.839585 0.257336
vt 0.839585 0.271520
vt 0.573588 0.359009
vt 0.573588 0.030006
vt 0.266890 0.403713
vt 0.573588 0.044190
vt 0.566496 0.037098
vt 0.259649 0.396621
vt 0.847324 0.382437
vt 0.559404 0.030006
vt 0.840153 0.389529
vt 0.011714 0.732877
vt 0.592423 0.340878
vt 0.592423 0.326694
vt 0.011714 0.718693
vt 0.018955 0.725785
vt 0.537402 0.711601
vt 0.320875 0.326694
vt 0.544643 0.704509
vt 0.544643 0.718693
vt 0.320875 0.340878
vt 0.559404 0.340878
vt 0.848047 0.630203
vt 0.566496 0.333786
vt 0.840891 0.623111
vt 0.259649 0.693309
vt 0.573588 0.326694
vt 0.266890 0.686217
vt 0.573588 0.340878
vt 0.342160 0.326694
vt 0.808745 0.672033
vt 0.349252 0.333786
vt 0.840891 0.840355
vt 0.815985 0.679125
vt 0.848047 0.833263
vt 0.356344 0.340878
vt 0.342160 0.340878
vt 0.342160 0.030006
vt 0.356344 0.030006
vt 0.840153 0.592590
vt 0.349252 0.037098
vt 0.815985 0.382437
vt 0.847324 0.599682
vt 0.808745 0.389529
vt 0.342160 0.044190
vt 0.615852 0.320875
vt 0.295151 0.396621
vt 0.320875 0.767344
vt 0.620685 0.320875
vt 0.290318 0.396621
vt 0.296505 0.716738
vt 0.292882 0.723428
vt 0.295151 0.636098
vt 0.705468 0.346438
vt 0.292882 0.771290
vt 0.295151 0.683960
vt 0.677207 0.320875
vt 0.267323 0.771290
vt 0.290318 0.612669
vt 0.677207 0.346439
vt 0.267323 0.723428
vt 0.290318 0.564808
vt 0.705468 0.320875
vt 0.350057 0.821896
vt 0.295151 0.612669
vt 0.672374 0.346439
vt 0.290318 0.636098
vt 0.700636 0.346438
vt 0.324499 0.774035
vt 0.290318 0.683960
vt 0.672374 0.320875
vt 0.324499 0.821896
vt 0.350057 0.774035
vt 0.295151 0.564808
vt 0.700635 0.320875
vt 0.645036 0.354193
vt 0.295151 0.457479
vt 0.644113 0.358456
vt 0.320875 0.828201
vt 0.648023 0.354193
vt 0.290318 0.457479
vt 0.296505 0.777595
vt 0.648946 0.358456
vt 0.290318 0.480907
vt 0.358470 0.767730
vt 0.616775 0.358461
vt 0.354184 0.767344
vt 0.615852 0.354190
vt 0.354184 0.828201
vt 0.644113 0.325143
vt 0.290318 0.541379
vt 0.358470 0.828201
vt 0.645036 0.320875
vt 0.645036 0.325147
vt 0.293305 0.480907
vt 0.258910 0.717123
vt 0.619762 0.358461
vt 0.263197 0.716738
vt 0.620685 0.354190
vt 0.648946 0.325143
vt 0.263197 0.777595
vt 0.648023 0.325147
vt 0.293305 0.541379
vt 0.648023 0.320875
vt 0.258910 0.777595
vt 0.568071 0.988286
vt 0.297446 0.011714
vt 0.320875 0.382437
vt 0.320875 0.743916
vt 0.615852 0.011714
vt 0.297446 0.373193
vt 0.568071 0.702554
vt 0.011714 0.011714
vt 0.235482 0.396621
vt 0.011714 0.373193
vt 0.235482 0.758100
vt 0.615852 0.297446
vt 0.783899 0.988286
vt 0.536663 0.382437
vt 0.536663 0.743916
vt 0.831675 0.011714
vt 0.783899 0.702554
vt 0.019694 0.396621
vt 0.831675 0.297446
vt 0.019694 0.758100
vt 0.568071 0.735572
vt 0.044733 0.011714
vt 0.044733 0.373193
vt 0.615852 0.264428
vt 0.783899 0.735572
vt 0.831675 0.264428
vt 0.320875 0.711601
vt 0.297446 0.340878
vt 0.235482 0.725785
vt 0.011714 0.340878
vt 0.019694 0.725785
vt 0.536663 0.711601
vt 0.785316 0.679125
vt 0.258910 0.693309
vt 0.840153 0.623111
vt 0.044733 0.340878
vt 0.568071 0.952817
vt 0.261978 0.011714
vt 0.831675 0.047183
vt 0.261978 0.373193
vt 0.615852 0.047183
vt 0.783899 0.952817
vt 0.261978 0.340878
vt 0.816724 0.679125
vt 0.568071 0.679125
vt 0.840153 0.840355
vt 0.011714 0.044190
vt 0.235482 0.429097
vt 0.019694 0.429097
vt 0.536663 0.414913
vt 0.785316 0.382437
vt 0.258910 0.396621
vt 0.848063 0.382437
vt 0.044733 0.044190
vt 0.297446 0.044190
vt 0.320875 0.414913
vt 0.816724 0.382437
vt 0.568071 0.382437
vt 0.848063 0.599682
vt 0.261978 0.044190
vt 0.011714 0.422005
vt 0.592423 0.030006
vt 0.018955 0.429097
vt 0.011714 0.436189
vt 0.592423 0.044190
vt 0.592423 0.011714
vt 0.011714 0.403713
vt 0.791793 0.709646
vt 0.018955 0.396621
vt 0.784638 0.702554
vt 0.791793 0.728480
vt 0.573588 0.011714
vt 0.791793 0.742664
vt 0.559404 0.011714
vt 0.784638 0.735572
vt 0.839585 0.040091
vt 0.342160 0.359009
vt 0.839585 0.054275
vt 0.356344 0.359009
vt 0.832413 0.047183
vt 0.832414 0.011714
vt 0.537402 0.743916
vt 0.320875 0.359009
vt 0.839585 0.018806
vt 0.544643 0.736824
vt 0.544643 0.407821
vt 0.320875 0.030006
vt 0.544643 0.422005
vt 0.320875 0.044190
vt 0.537402 0.414913
vt 0.320875 0.011714
vt 0.544643 0.389529
vt 0.791793 0.981194
vt 0.537402 0.382437
vt 0.784638 0.988286
vt 0.791793 0.945725
vt 0.356344 0.011714
vt 0.791793 0.959909
vt 0.342160 0.011714
vt 0.784638 0.952817
vt 0.592423 0.359009
vt 0.839585 0.290354
vt 0.011714 0.751008
vt 0.832414 0.297446
vt 0.018955 0.758100
vt 0.832413 0.264428
vt 0.559404 0.359009
vt 0.839585 0.257336
vt 0.839585 0.271520
vt 0.573588 0.359009
vt 0.573588 0.030006
vt 0.266890 0.403713
vt 0.573588 0.044190
vt 0.566496 0.037098
vt 0.259649 0.396621
vt 0.847324 0.382437
vt 0.559404 0.030006
vt 0.840153 0.389529
vt 0.011714 0.732877
vt 0.592423 0.340878
vt 0.592423 0.326694
vt 0.011714 0.718693
vt 0.018955 0.725785
vt 0.537402 0.711601
vt 0.320875 0.326694
vt 0.544643 0.704509
vt 0.544643 0.718693
vt 0.320875 0.340878
vt 0.559404 0.340878
vt 0.848047 0.630203
vt 0.566496 0.333786
vt 0.840891 0.623111
vt 0.259649 0.693309
vt 0.573588 0.326694
vt 0.266890 0.686217
vt 0.573588 0.340878
vt 0.342160 0.326694
vt 0.808745 0.672033
vt 0.349252 0.333786
vt 0.840891 0.840355
vt 0.815985 0.679125
vt 0.848047 0.833263
vt 0.356344 0.340878
vt 0.342160 0.340878
vt 0.342160 0.030006
vt 0.356344 0.030006
vt 0.840153 0.592590
vt 0.349252 0.037098
vt 0.815985 0.382437
vt 0.847324 0.599682
vt 0.808745 0.389529
vt 0.342160 0.044190
vt 0.615852 0.320875
vt 0.295151 0.396621
vt 0.320875 0.767344
vt 0.620685 0.320875
vt 0.290318 0.396621
vt 0.296505 0.716738
vt 0.292882 0.723428
vt 0.295151 0.636098
vt 0.705468 0.346438
vt 0.292882 0.771290
vt 0.295151 0.683960
vt 0.677207 0.320875
vt 0.267323 0.771290
vt 0.290318 0.612669
vt 0.677207 0.346439
vt 0.267323 0.723428
vt 0.290318 0.564808
vt 0.705468 0.320875
vt 0.350057 0.821896
vt 0.295151 0.612669
vt 0.672374 0.346439
vt 0.290318 0.636098
vt 0.700636 0.346438
vt 0.324499 0.774035
vt 0.290318 0.683960
vt 0.672374 0.320875
vt 0.324499 0.821896
vt 0.350057 0.774035
vt 0.295151 0.564808
vt 0.700635 0.320875
vt 0.645036 0.354193
vt 0.295151 0.457479
vt 0.644113 0.358456
vt 0.320875 0.828201
vt 0.648023 0.354193
vt 0.290318 0.457479
vt 0.296505 0.777595
vt 0.648946 0.358456
vt 0.290318 0.480907
vt 0.358470 0.767730
vt 0.616775 0.358461
vt 0.354184 0.767344
vt 0.615852 0.354190
vt 0.354184 0.828201
vt 0.644113 0.325143
vt 0.290318 0.541379
vt 0.358470 0.828201
vt 0.645036 0.320875
vt 0.645036 0.325147
vt 0.293305 0.480907
vt 0.258910 0.717123
vt 0.619762 0.358461
vt 0.263197 0.716738
vt 0.620685 0.354190
vt 0.648946 0.325143
vt 0.263197 0.777595
vt 0.648023 0.325147
vt 0.293305 0.541379
vt 0.648023 0.320875
vt 0.258910 0.777595
vt 0.568071 0.988286
vt 0.297446 0.011714
vt 0.320875 0.382437
vt 0.320875 0.743916
vt 0.615852 0.011714
vt 0.297446 0.373193
vt 0.568071 0.702554
vt 0.011714 0.011714
vt 0.235482 0.396621
vt 0.011714 0.373193
vt 0.235482 0.758100
vt 0.615852 0.297446
vt 0.783899 0.988286
vt 0.536663 0.382437
vt 0.536663 0.743916
vt 0.831675 0.011714
vt 0.783899 0.702554
vt 0.019694 0.396621
vt 0.831675 0.297446
vt 0.019694 0.758100
vt 0.568071 0.735572
vt 0.044733 0.011714
vt 0.044733 0.373193
vt 0.615852 0.264428
vt 0.783899 0.735572
vt 0.831675 0.264428
vt 0.320875 0.711601
vt 0.297446 0.340878
vt 0.235482 0.725785
vt 0.011714 0.340878
vt 0.019694 0.725785
vt 0.536663 0.711601
vt 0.785316 0.679125
vt 0.258910 0.693309
vt 0.840153 0.623111
vt 0.044733 0.340878
vt 0.568071 0.952817
vt 0.261978 0.011714
vt 0.831675 0.047183
vt 0.261978 0.373193
vt 0.615852 0.047183
vt 0.783899 0.952817
vt 0.261978 0.340878
vt 0.816724 0.679125
vt 0.568071 0.679125
vt 0.840153 0.840355
vt 0.011714 0.044190
vt 0.235482 0.429097
vt 0.019694 0.429097
vt 0.536663 0.414913
vt 0.785316 0.382437
vt 0.258910 0.396621
vt 0.848063 0.382437
vt 0.044733 0.044190
vt 0.297446 0.044190
vt 0.320875 0.414913
vt 0.816724 0.382437
vt 0.568071 0.382437
vt 0.848063 0.599682
vt 0.261978 0.044190
vt 0.011714 0.422005
vt 0.592423 0.030006
vt 0.018955 0.429097
vt 0.011714 0.436189
vt 0.592423 0.044190
vt 0.592423 0.011714
vt 0.011714 0.403713
vt 0.791793 0.709646
vt 0.018955 0.396621
vt 0.784638 0.702554
vt 0.791793 0.728480
vt 0.573588 0.011714
vt 0.791793 0.742664
vt 0.559404 0.011714
vt 0.784638 0.735572
vt 0.839585 0.040091
vt 0.342160 0.359009
vt 0.839585 0.054275
vt 0.356344 0.359009
vt 0.832413 0.047183
vt 0.832414 0.011714
vt 0.537402 0.743916
vt 0.320875 0.359009
vt 0.839585 0.018806
vt 0.544643 0.736824
vt 0.544643 0.407821
vt 0.320875 0.030006
vt 0.544643 0.422005
vt 0.320875 0.044190
vt 0.537402 0.414913
vt 0.320875 0.011714
vt 0.544643 0.389529
vt 0.791793 0.981194
vt 0.537402 0.382437
vt 0.784638 0.988286
vt 0.791793 0.945725
vt 0.356344 0.011714
vt 0.791793 0.959909
vt 0.342160 0.011714
vt 0.784638 0.952817
vt 0.592423 0.359009
vt 0.839585 0.290354
vt 0.011714 0.751008
vt 0.832414 0.297446
vt 0.018955 0.758100
vt 0.832413 0.264428
vt 0.559404 0.359009
vt 0.839585 0.257336
vt 0.839585 0.271520
vt 0.573588 0.359009
vt 0.573588 0.030006
vt 0.266890 0.403713
vt 0.573588 0.044190
vt 0.566496 0.037098
vt 0.259649 0.396621
vt 0.847324 0.382437
vt 0.559404 0.030006
vt 0.840153 0.389529
vt 0.011714 0.732877
vt 0.592423 0.340878
vt 0.592423 0.326694
vt 0.011714 0.718693
vt 0.018955 0.725785
vt 0.537402 0.711601
vt 0.320875 0.326694
vt 0.544643 0.704509
vt 0.544643 0.718693
vt 0.320875 0.340878
vt 0.559404 0.340878
vt 0.848047 0.630203
vt 0.566496 0.333786
vt 0.840891 0.623111
vt 0.259649 0.693309
vt 0.573588 0.326694
vt 0.266890 0.686217
vt 0.573588 0.340878
vt 0.342160 0.326694
vt 0.808745 0.672033
vt 0.349252 0.333786
vt 0.840891 0.840355
vt 0.815985 0.679125
vt 0.848047 0.833263
vt 0.356344 0.340878
vt 0.342160 0.340878
vt 0.342160 0.030006
vt 0.356344 0.030006
vt 0.840153 0.592590
vt 0.349252 0.037098
vt 0.815985 0.382437
vt 0.847324 0.599682
vt 0.808745 0.389529
vt 0.342160 0.044190
vt 0.615852 0.320875
vt 0.295151 0.396621
vt 0.320875 0.767344
vt 0.620685 0.320875
vt 0.290318 0.396621
vt 0.296505 0.716738
vt 0.292882 0.723428
vt 0.295151 0.636098
vt 0.705468 0.346438
vt 0.292882 0.771290
vt 0.295151 0.683960
vt 0.677207 0.320875
vt 0.267323 0.771290
vt 0.290318 0.612669
vt 0.677207 0.346439
vt 0.267323 0.723428
vt 0.290318 0.564808
vt 0.705468 0.320875
vt 0.350057 0.821896
vt 0.295151 0.612669
vt 0.672374 0.346439
vt 0.290318 0.636098
vt 0.700636 0.346438
vt 0.324499 0.774035
vt 0.290318 0.683960
vt 0.672374 0.320875
vt 0.324499 0.821896
vt 0.350057 0.774035
vt 0.295151 0.564808
vt 0.700635 0.320875
vt 0.645036 0.354193
vt 0.295151 0.457479
vt 0.644113 0.358456
vt 0.320875 0.828201
vt 0.648023 0.354193
vt 0.290318 0.457479
vt 0.296505 0.777595
vt 0.648946 0.358456
vt 0.290318 0.480907
vt 0.358470 0.767730
vt 0.616775 0.358461
vt 0.354184 0.767344
vt 0.615852 0.354190
vt 0.354184 0.828201
vt 0.644113 0.325143
vt 0.290318 0.541379
vt 0.358470 0.828201
vt 0.645036 0.320875
vt 0.645036 0.325147
vt 0.293305 0.480907
vt 0.258910 0.717123
vt 0.619762 0.358461
vt 0.263197 0.716738
vt 0.620685 0.354190
vt 0.648946 0.325143
vt 0.263197 0.777595
vt 0.648023 0.325147
vt 0.293305 0.541379
vt 0.648023 0.320875
vt 0.258910 0.777595
vt 0.568071 0.988286
vt 0.297446 0.011714
vt 0.320875 0.382437
vt 0.320875 0.743916
vt 0.615852 0.011714
vt 0.297446 0.373193
vt 0.568071 0.702554
vt 0.011714 0.011714
vt 0.235482 0.396621
vt 0.011714 0.373193
vt 0.235482 0.758100
vt 0.615852 0.297446
vt 0.783899 0.988286
vt 0.536663 0.382437
vt 0.536663 0.743916
vt 0.831675 0.011714
vt 0.783899 0.702554
vt 0.019694 0.396621
vt 0.831675 0.297446
vt 0.019694 0.758100
vt 0.568071 0.735572
vt 0.044733 0.011714
vt 0.044733 0.373193
vt 0.615852 0.264428
vt 0.783899 0.735572
vt 0.831675 0.264428
vt 0.320875 0.711601
vt 0.297446 0.340878
vt 0.235482 0.725785
vt 0.011714 0.340878
vt 0.019694 0.725785
vt 0.536663 0.711601
vt 0.785316 0.679125
vt 0.258910 0.693309
vt 0.840153 0.623111
vt 0.044733 0.340878
vt 0.568071 0.952817
vt 0.261978 0.011714
vt 0.831675 0.047183
vt 0.261978 0.373193
vt 0.615852 0.047183
vt 0.783899 0.952817
vt 0.261978 0.340878
vt 0.816724 0.679125
vt 0.568071 0.679125
vt 0.840153 0.840355
vt 0.011714 0.044190
vt 0.235482 0.429097
vt 0.019694 0.429097
vt 0.536663 0.414913
vt 0.785316 0.382437
vt 0.258910 0.396621
vt 0.848063 0.382437
vt 0.044733 0.044190
vt 0.297446 0.044190
vt 0.320875 0.414913
vt 0.816724 0.382437
vt 0.568071 0.382437
vt 0.848063 0.599682
vt 0.261978 0.044190
vt 0.011714 0.422005
vt 0.592423 0.030006
vt 0.018955 0.429097
vt 0.011714 0.436189
vt 0.592423 0.044190
vt 0.592423 0.011714
vt 0.011714 0.403713
vt 0.791793 0.709646
vt 0.018955 0.396621
vt 0.784638 0.702554
vt 0.791793 0.728480
vt 0.573588 0.011714
vt 0.791793 0.742664
vt 0.559404 0.011714
vt 0.784638 0.735572
vt 0.839585 0.040091
vt 0.342160 0.359009
vt 0.839585 0.054275
vt 0.356344 0.359009
vt 0.832413 0.047183
vt 0.832414 0.011714
vt 0.537402 0.743916
vt 0.320875 0.359009
vt 0.839585 0.018806
vt 0.544643 0.736824
vt 0.544643 0.407821
vt 0.320875 0.030006
vt 0.544643 0.422005
vt 0.320875 0.044190
vt 0.537402 0.414913
vt 0.320875 0.011714
vt 0.544643 0.389529
vt 0.791793 0.981194
vt 0.537402 0.382437
vt 0.784638 0.988286
vt 0.791793 0.945725
vt 0.356344 0.011714
vt 0.791793 0.959909
vt 0.342160 0.011714
vt 0.784638 0.952817
vt 0.592423 0.359009
vt 0.839585 0.290354
vt 0.011714 0.751008
vt 0.832414 0.297446
vt 0.018955 0.758100
vt 0.832413 0.264428
vt 0.559404 0.359009
vt 0.839585 0.257336
vt 0.839585 0.271520
vt 0.573588 0.359009
vt 0.573588 0.030006
vt 0.266890 0.403713
vt 0.573588 0.044190
vt 0.566496 0.037098
vt 0.259649 0.396621
vt 0.847324 0.382437
vt 0.559404 0.030006
vt 0.840153 0.389529
vt 0.011714 0.732877
vt 0.592423 0.340878
vt 0.592423 0.326694
vt 0.011714 0.718693
vt 0.018955 0.725785
vt 0.537402 0.711601
vt 0.320875 0.326694
vt 0.544643 0.704509
vt 0.544643 0.718693
vt 0.320875 0.340878
vt 0.559404 0.340878
vt 0.848047 0.630203
vt 0.566496 0.333786
vt 0.840891 0.623111
vt 0.259649 0.693309
vt 0.573588 0.326694
vt 0.266890 0.686217
vt 0.573588 0.340878
vt 0.342160 0.326694
vt 0.808745 0.672033
vt 0.349252 0.333786
vt 0.840891 0.840355
vt 0.815985 0.679125
vt 0.848047 0.833263
vt 0.356344 0.340878
vt 0.342160 0.340878
vt 0.342160 0.030006
vt 0.356344 0.030006
vt 0.840153 0.592590
vt 0.349252 0.037098
vt 0.815985 0.382437
vt 0.847324 0.599682
vt 0.808745 0.389529
vt 0.342160 0.044190
vt 0.615852 0.320875
vt 0.295151 0.396621
vt 0.320875 0.767344
vt 0.620685 0.320875
vt 0.290318 0.396621
vt 0.296505 0.716738
vt 0.292882 0.723428
vt 0.295151 0.636098
vt 0.705468 0.346438
vt 0.292882 0.771290
vt 0.295151 0.683960
vt 0.677207 0.320875
vt 0.267323 0.771290
vt 0.290318 0.612669
vt 0.677207 0.346439
vt 0.267323 0.723428
vt 0.290318 0.564808
vt 0.705468 0.320875
vt 0.350057 0.821896
vt 0.295151 0.612669
vt 0.672374 0.346439
vt 0.290318 0.636098
vt 0.700636 0.346438
vt 0.324499 0.774035
vt 0.290318 0.683960
vt 0.672374 0.320875
vt 0.324499 0.821896
vt 0.350057 0.774035
vt 0.295151 0.564808
vt 0.700635 0.320875
vt 0.645036 0.354193
vt 0.295151 0.457479
vt 0.644113 0.358456
vt 0.320875 0.828201
vt 0.648023 0.354193
vt 0.290318 0.457479
vt 0.296505 0.777595
vt 0.648946 0.358456
vt 0.290318 0.480907
vt 0.358470 0.767730
vt 0.616775 0.358461
vt 0.354184 0.767344
vt 0.615852 0.354190
vt 0.354184 0.828201
vt 0.644113 0.325143
vt 0.290318 0.541379
vt 0.358470 0.828201
vt 0.645036 0.320875
vt 0.645036 0.325147
vt 0.293305 0.480907
vt 0.258910 0.717123
vt 0.619762 0.358461
vt 0.263197 0.716738
vt 0.620685 0.354190
vt 0.648946 0.325143
vt 0.263197 0.777595
vt 0.648023 0.325147
vt 0.293305 0.541379
vt 0.648023 0.320875
vt 0.258910 0.777595
vt 0.568071 0.988286
vt 0.297446 0.011714
vt 0.320875 0.382437
vt 0.320875 0.743916
vt 0.615852 0.011714
vt 0.297446 0.373193
vt 0.568071 0.702554
vt 0.011714 0.011714
vt 0.235482 0.396621
vt 0.011714 0.373193
vt 0.235482 0.758100
vt 0.615852 0.297446
vt 0.783899 0.988286
vt 0.536663 0.382437
vt 0.536663 0.743916
vt 0.831675 0.011714
vt 0.783899 0.702554
vt 0.019694 0.396621
vt 0.831675 0.297446
vt 0.019694 0.758100
vt 0.568071 0.735572
vt 0.044733 0.011714
vt 0.044733 0.373193
vt 0.615852 0.264428
vt 0.783899 0.735572
vt 0.831675 0.264428
vt 0.320875 0.711601
vt 0.297446 0.340878
vt 0.235482 0.725785
vt 0.011714 0.340878
vt 0.019694 0.725785
vt 0.536663 0.711601
vt 0.785316 0.679125
vt 0.258910 0.693309
vt 0.840153 0.623111
vt 0.044733 0.340878
vt 0.568071 0.952817
vt 0.261978 0.011714
vt 0.831675 0.047183
vt 0.261978 0.373193
vt 0.615852 0.047183
vt 0.783899 0.952817
vt 0.261978 0.340878
vt 0.816724 0.679125
vt 0.568071 0.679125
vt 0.840153 0.840355
vt 0.011714 0.044190
vt 0.235482 0.429097
vt 0.019694 0.429097
vt 0.536663 0.414913
vt 0.785316 0.382437
vt 0.258910 0.396621
vt 0.848063 0.382437
vt 0.044733 0.044190
vt 0.297446 0.044190
vt 0.320875 0.414913
vt 0.816724 0.382437
vt 0.568071 0.382437
vt 0.848063 0.599682
vt 0.261978 0.044190
vt 0.011714 0.422005
vt 0.592423 0.030006
vt 0.018955 0.429097
vt 0.011714 0.436189
vt 0.592423 0.044190
vt 0.592423 0.011714
vt 0.011714 0.403713
vt 0.791793 0.709646
vt 0.018955 0.396621
vt 0.784638 0.702554
vt 0.791793 0.728480
vt 0.573588 0.011714
vt 0.791793 0.742664
vt 0.559404 0.011714
vt 0.784638 0.735572
vt 0.839585 0.040091
vt 0.342160 0.359009
vt 0.839585 0.054275
vt 0.356344 0.359009
vt 0.832413 0.047183
vt 0.832414 0.011714
vt 0.537402 0.743916
vt 0.320875 0.359009
vt 0.839585 0.018806
vt 0.544643 0.736824
vt 0.544643 0.407821
vt 0.320875 0.030006
vt 0.544643 0.422005
vt 0.320875 0.044190
vt 0.537402 0.414913
vt 0.320875 0.011714
vt 0.544643 0.389529
vt 0.791793 0.981194
vt 0.537402 0.382437
vt 0.784638 0.988286
vt 0.791793 0.945725
vt 0.356344 0.011714
vt 0.791793 0.959909
vt 0.342160 0.011714
vt 0.784638 0.952817
vt 0.592423 0.359009
vt 0.839585 0.290354
vt 0.011714 0.751008
vt 0.832414 0.297446
vt 0.018955 0.758100
vt 0.832413 0.264428
vt 0.559404 0.359009
vt 0.839585 0.257336
vt 0.839585 0.271520
vt 0.573588 0.359009
vt 0.573588 0.030006
vt 0.266890 0.403713
vt 0.573588 0.044190
vt 0.566496 0.037098
vt 0.259649 0.396621
vt 0.847324 0.382437
vt 0.559404 0.030006
vt 0.840153 0.389529
vt 0.011714 0.732877
vt 0.592423 0.340878
vt 0.592423 0.326694
vt 0.011714 0.718693
vt 0.018955 0.725785
vt 0.537402 0.711601
vt 0.320875 0.326694
vt 0.544643 0.704509
vt 0.544643 0.718693
vt 0.320875 0.340878
vt 0.559404 0.340878
vt 0.848047 0.630203
vt 0.566496 0.333786
vt 0.840891 0.623111
vt 0.259649 0.693309
vt 0.573588 0.326694
vt 0.266890 0.686217
vt 0.573588 0.340878
vt 0.342160 0.326694
vt 0.808745 0.672033
vt 0.349252 0.333786
vt 0.840891 0.840355
vt 0.815985 0.679125
vt 0.848047 0.833263
vt 0.356344 0.340878
vt 0.342160 0.340878
vt 0.342160 0.030006
vt 0.356344 0.030006
vt 0.840153 0.592590
vt 0.349252 0.037098
vt 0.815985 0.382437
vt 0.847324 0.599682
vt 0.808745 0.389529
vt 0.342160 0.044190
vt 0.615852 0.320875
vt 0.295151 0.396621
vt 0.320875 0.767344
vt 0.620685 0.320875
vt 0.290318 0.396621
vt 0.296505 0.716738
vt 0.292882 0.723428
vt 0.295151 0.636098
vt 0.705468 0.346438
vt 0.292882 0.771290
vt 0.295151 0.683960
vt 0.677207 0.320875
vt 0.267323 0.771290
vt 0.290318 0.612669
vt 0.677207 0.346439
vt 0.267323 0.723428
vt 0.290318 0.564808
vt 0.705468 0.320875
vt 0.350057 0.821896
vt 0.295151 0.612669
vt 0.672374 0.346439
vt 0.290318 0.636098
vt 0.700636 0.346438
vt 0.324499 0.774035
vt 0.290318 0.683960
vt 0.672374 0.320875
vt 0.324499 0.821896
vt 0.350057 0.774035
vt 0.295151 0.564808
vt 0.700635 0.320875
vt 0.645036 0.354193
vt 0.295151 0.457479
vt 0.644113 0.358456
vt 0.320875 0.828201
vt 0.648023 0.354193
vt 0.290318 0.457479
vt 0.296505 0.777595
vt 0.648946 0.358456
vt 0.290318 0.480907
vt 0.358470 0.767730
vt 0.616775 0.358461
vt 0.354184 0.767344
vt 0.615852 0.354190
vt 0.354184 0.828201
vt 0.644113 0.325143
vt 0.290318 0.541379
vt 0.358470 0.828201
vt 0.645036 0.320875
vt 0.645036 0.325147
vt 0.293305 0.480907
vt 0.258910 0.717123
vt 0.619762 0.358461
vt 0.263197 0.716738
vt 0.620685 0.354190
vt 0.648946 0.325143
vt 0.263197 0.777595
vt 0.648023 0.325147
vt 0.293305 0.541379
vt 0.648023 0.320875
vt 0.258910 0.777595
vt 0.568071 0.988286
vt 0.297446 0.011714
vt 0.320875 0.382437
vt 0.320875 0.743916
vt 0.615852 0.011714
vt 0.297446 0.373193
vt 0.568071 0.702554
vt 0.011714 0.011714
vt 0.235482 0.396621
vt 0.011714 0.373193
vt 0.235482 0.758100
vt 0.615852 0.297446
vt 0.783899 0.988286
vt 0.536663 0.382437
vt 0.536663 0.743916
vt 0.831675 0.011714
vt 0.783899 0.702554
vt 0.019694 0.396621
vt 0.831675 0.297446
vt 0.019694 0.758100
vt 0.568071 0.735572
vt 0.044733 0.011714
vt 0.044733 0.373193
vt 0.615852 0.264428
vt 0.783899 0.735572
vt 0.831675 0.264428
vt 0.320875 0.711601
vt 0.297446 0.340878
vt 0.235482 0.725785
vt 0.011714 0.340878
vt 0.019694 0.725785
vt 0.536663 0.711601
vt 0.785316 0.679125
vt 0.258910 0.693309
vt 0.840153 0.623111
vt 0.044733 0.340878
vt 0.568071 0.952817
vt 0.261978 0.011714
vt 0.831675 0.047183
vt 0.261978 0.373193
vt 0.615852 0.047183
vt 0.783899 0.952817
vt 0.261978 0.340878
vt 0.816724 0.679125
vt 0.568071 0.679125
vt 0.840153 0.840355
vt 0.011714 0.044190
vt 0.235482 0.429097
vt 0.019694 0.429097
vt 0.536663 0.414913
vt 0.785316 0.382437
vt 0.258910 0.396621
vt 0.848063 0.382437
vt 0.044733 0.044190
vt 0.297446 0.044190
vt 0.320875 0.414913
vt 0.816724 0.382437
vt 0.568071 0.382437
vt 0.848063 0.599682
vt 0.261978 0.044190
vt 0.011714 0.422005
vt 0.592423 0.030006
vt 0.018955 0.429097
vt 0.011714 0.436189
vt 0.592423 0.044190
vt 0.592423 0.011714
vt 0.011714 0.403713
vt 0.791793 0.709646
vt 0.018955 0.396621
vt 0.784638 0.702554
vt 0.791793 0.728480
vt 0.573588 0.011714
vt 0.791793 0.742664
vt 0.559404 0.011714
vt 0.784638 0.735572
vt 0.839585 0.040091
vt 0.342160 0.359009
vt 0.839585 0.054275
vt 0.356344 0.359009
vt 0.832413 0.047183
vt 0.832414 0.011714
vt 0.537402 0.743916
vt 0.320875 0.359009
vt 0.839585 0.018806
vt 0.544643 0.736824
vt 0.544643 0.407821
vt 0.320875 0.030006
vt 0.544643 0.422005
vt 0.320875 0.044190
vt 0.537402 0.414913
vt 0.320875 0.011714
vt 0.544643 0.389529
vt 0.791793 0.981194
vt 0.537402 0.382437
vt 0.784638 0.988286
vt 0.791793 0.945725
vt 0.356344 0.011714
vt 0.791793 0.959909
vt 0.342160 0.011714
vt 0.784638 0.952817
vt 0.592423 0.359009
vt 0.839585 0.290354
vt 0.011714 0.751008
vt 0.832414 0.297446
vt 0.018955 0.758100
vt 0.832413 0.264428
vt 0.559404 0.359009
vt 0.839585 0.257336
vt 0.839585 0.271520
vt 0.573588 0.359009
vt 0.573588 0.030006
vt 0.266890 0.403713
vt 0.573588 0.044190
vt 0.566496 0.037098
vt 0.259649 0.396621
vt 0.847324 0.382437
vt 0.559404 0.030006
vt 0.840153 0.389529
vt 0.011714 0.732877
vt 0.592423 0.340878
vt 0.592423 0.326694
vt 0.011714 0.718693
vt 0.018955 0.725785
vt 0.537402 0.711601
vt 0.320875 0.326694
vt 0.544643 0.704509
vt 0.544643 0.718693
vt 0.320875 0.340878
vt 0.559404 0.340878
vt 0.848047 0.630203
vt 0.566496 0.333786
vt 0.840891 0.623111
vt 0.259649 0.693309
vt 0.573588 0.326694
vt 0.266890 0.686217
vt 0.573588 0.340878
vt 0.342160 0.326694
vt 0.808745 0.672033
vt 0.349252 0.333786
vt 0.840891 0.840355
vt 0.815985 0.679125
vt 0.848047 0.833263
vt 0.356344 0.340878
vt 0.342160 0.340878
vt 0.342160 0.030006
vt 0.356344 0.030006
vt 0.840153 0.592590
vt 0.349252 0.037098
vt 0.815985 0.382437
vt 0.847324 0.599682
vt 0.808745 0.389529
vt 0.342160 0.044190
vt 0.615852 0.320875
vt 0.295151 0.396621
vt 0.320875 0.767344
vt 0.620685 0.320875
vt 0.290318 0.396621
vt 0.296505 0.716738
vt 0.292882 0.723428
vt 0.295151 0.636098
vt 0.705468 0.346438
vt 0.292882 0.771290
vt 0.295151 0.683960
vt 0.677207 0.320875
vt 0.267323 0.771290
vt 0.290318 0.612669
vt 0.677207 0.346439
vt 0.267323 0.723428
vt 0.290318 0.564808
vt 0.705468 0.320875
vt 0.350057 0.821896
vt 0.295151 0.612669
vt 0.672374 0.346439
vt 0.290318 0.636098
vt 0.700636 0.346438
vt 0.324499 0.774035
vt 0.290318 0.683960
vt 0.672374 0.320875
vt 0.324499 0.821896
vt 0.350057 0.774035
vt 0.295151 0.564808
vt 0.700635 0.320875
vt 0.645036 0.354193
vt 0.295151 0.457479
vt 0.644113 0.358456
vt 0.320875 0.828201
vt 0.648023 0.354193
vt 0.290318 0.457479
vt 0.296505 0.777595
vt 0.648946 0.358456
vt 0.290318 0.480907
vt 0.358470 0.767730
vt 0.616775 0.358461
vt 0.354184 0.767344
vt 0.615852 0.354190
vt 0.354184 0.828201
vt 0.644113 0.325143
vt 0.290318 0.541379
vt 0.358470 0.828201
vt 0.645036 0.320875
vt 0.645036 0.325147
vt 0.293305 0.480907
vt 0.258910 0.717123
vt 0.619762 0.358461
vt 0.263197 0.716738
vt 0.620685 0.354190
vt 0.648946 0.325143
vt 0.263197 0.777595
vt 0.648023 0.325147
vt 0.293305 0.541379
vt 0.648023 0.320875
vt 0.258910 0.777595
vt 0.568071 0.988286
vt 0.297446 0.011714
vt 0.320875 0.382437
vt 0.320875 0.743916
vt 0.615852 0.011714
vt 0.297446 0.373193
vt 0.568071 0.702554
vt 0.011714 0.011714
vt 0.235482 0.396621
vt 0.011714 0.373193
vt 0.235482 0.758100
vt 0.615852 0.297446
vt 0.783899 0.988286
vt 0.536663 0.382437
vt 0.536663 0.743916
vt 0.831675 0.011714
vt 0.783899 0.702554
vt 0.019694 0.396621
vt 0.831675 0.297446
vt 0.019694 0.758100
vt 0.568071 0.735572
vt 0.044733 0.011714
vt 0.044733 0.373193
vt 0.615852 0.264428
vt 0.783899 0.735572
vt 0.831675 0.264428
vt 0.320875 0.711601
vt 0.297446 0.340878
vt 0.235482 0.725785
vt 0.011714 0.340878
vt 0.019694 0.725785
vt 0.536663 0.711601
vt 0.785316 0.679125
vt 0.258910 0.693309
vt 0.840153 0.623111
vt 0.044733 0.340878
vt 0.568071 0.952817
vt 0.261978 0.011714
vt 0.831675 0.047183
vt 0.261978 0.373193
vt 0.615852 0.047183
vt 0.783899 0.952817
vt 0.261978 0.340878
vt 0.816724 0.679125
vt 0.568071 0.679125
vt 0.840153 0.840355
vt 0.011714 0.044190
vt 0.235482 0.429097
vt 0.019694 0.429097
vt 0.536663 0.414913
vt 0.785316 0.382437
vt 0.258910 0.396621
vt 0.848063 0.382437
vt 0.044733 0.044190
vt 0.297446 0.044190
vt 0.320875 0.414913
vt 0.816724 0.382437
vt 0.568071 0.382437
vt 0.848063 0.599682
vt 0.261978 0.044190
vt 0.011714 0.422005
vt 0.592423 0.030006
vt 0.018955 0.429097
vt 0.011714 0.436189
vt 0.592423 0.044190
vt 0.592423 0.011714
vt 0.011714 0.403713
vt 0.791793 0.709646
vt 0.018955 0.396621
vt 0.784638 0.702554
vt 0.791793 0.728480
vt 0.573588 0.011714
vt 0.791793 0.742664
vt 0.559404 0.011714
vt 0.784638 0.735572
vt 0.839585 0.040091
vt 0.342160 0.359009
vt 0.839585 0.054275
vt 0.356344 0.359009
vt 0.832413 0.047183
vt 0.832414 0.011714
vt 0.537402 0.743916
vt 0.320875 0.359009
vt 0.839585 0.018806
vt 0.544643 0.736824
vt 0.544643 0.407821
vt 0.320875 0.030006
vt 0.544643 0.422005
vt 0.320875 0.044190
vt 0.537402 0.414913
vt 0.320875 0.011714
vt 0.544643 0.389529
vt 0.791793 0.981194
vt 0.537402 0.382437
vt 0.784638 0.988286
vt 0.791793 0.945725
vt 0.356344 0.011714
vt 0.791793 0.959909
vt 0.342160 0.011714
vt 0.784638 0.952817
vt 0.592423 0.359009
vt 0.839585 0.290354
vt 0.011714 0.751008
vt 0.832414 0.297446
vt 0.018955 0.758100
vt 0.832413 0.264428
vt 0.559404 0.359009
vt 0.839585 0.257336
vt 0.839585 0.271520
vt 0.573588 0.359009
vt 0.573588 0.030006
vt 0.266890 0.403713
vt 0.573588 0.044190
vt 0.566496 0.037098
vt 0.259649 0.396621
vt 0.847324 0.382437
vt 0.559404 0.030006
vt 0.840153 0.389529
vt 0.011714 0.732877
vt 0.592423 0.340878
vt 0.592423 0.326694
vt 0.011714 0.718693
vt 0.018955 0.725785
vt 0.537402 0.711601
vt 0.320875 0.326694
vt 0.544643 0.704509
vt 0.544643 0.718693
vt 0.320875 0.340878
vt 0.559404 0.340878
vt 0.848047 0.630203
vt 0.566496 0.333786
vt 0.840891 0.623111
vt 0.259649 0.693309
vt 0.573588 0.326694
vt 0.266890 0.686217
vt 0.573588 0.340878
vt 0.342160 0.326694
vt 0.808745 0.672033
vt 0.349252 0.333786
vt 0.840891 0.840355
vt 0.815985 0.679125
vt 0.848047 0.833263
vt 0.356344 0.340878
vt 0.342160 0.340878
vt 0.342160 0.030006
vt 0.356344 0.030006
vt 0.840153 0.592590
vt 0.349252 0.037098
vt 0.815985 0.382437
vt 0.847324 0.599682
vt 0.808745 0.389529
vt 0.342160 0.044190
vt 0.615852 0.320875
vt 0.295151 0.396621
vt 0.320875 0.767344
vt 0.620685 0.320875
vt 0.290318 0.396621
vt 0.296505 0.716738
vt 0.292882 0.723428
vt 0.295151 0.636098
vt 0.705468 0.346438
vt 0.292882 0.771290
vt 0.295151 0.683960
vt 0.677207 0.320875
vt 0.267323 0.771290
vt 0.290318 0.612669
vt 0.677207 0.346439
vt 0.267323 0.723428
vt 0.290318 0.564808
vt 0.705468 0.320875
vt 0.350057 0.821896
vt 0.295151 0.612669
vt 0.672374 0.346439
vt 0.290318 0.636098
vt 0.700636 0.346438
vt 0.324499 0.774035
vt 0.290318 0.683960
vt 0.672374 0.320875
vt 0.324499 0.821896
vt 0.350057 0.774035
vt 0.295151 0.564808
vt 0.700635 0.320875
vt 0.645036 0.354193
vt 0.295151 0.457479
vt 0.644113 0.358456
vt 0.320875 0.828201
vt 0.648023 0.354193
vt 0.290318 0.457479
vt 0.296505 0.777595
vt 0.648946 0.358456
vt 0.290318 0.480907
vt 0.358470 0.767730
vt 0.616775 0.358461
vt 0.354184 0.767344
vt 0.615852 0.354190
vt 0.354184 0.828201
vt 0.644113 0.325143
vt 0.290318 0.541379
vt 0.358470 0.828201
vt 0.645036 0.320875
vt 0.645036 0.325147
vt 0.293305 0.480907
vt 0.258910 0.717123
vt 0.619762 0.358461
vt 0.263197 0.716738
vt 0.620685 0.354190
vt 0.648946 0.325143
vt 0.263197 0.777595
vt 0.648023 0.325147
vt 0.293305 0.541379
vt 0.648023 0.320875
vt 0.258910 0.777595
s 0
usemtl Material.002
f 18/36/1 10/23/1 4/10/1 14/30/1
f 14/29/2 4/11/2 8/20/2 15/31/2
f 63/120/3 54/101/3 58/110/3 72/136/3
f 16/32/4 6/15/4 2/4/4 13/27/4
f 19/37/5 22/42/5 5/13/5 1/1/5
f 20/39/6 21/41/6 2/5/6 6/16/6
f 8/19/6 4/12/6 10/24/6 12/26/6
f 3/7/5 7/17/5 11/25/5 9/21/5
f 31/57/2 24/44/2 74/141/2 79/149/2
f 23/43/1 21/40/1 10/23/1 18/36/1
f 32/60/1 23/43/1 18/36/1 29/54/1
f 8/19/6 12/26/6 56/106/6 55/104/6
f 27/50/4 16/32/4 13/27/4 30/56/4
f 22/42/5 11/25/5 40/75/5 53/100/5
f 25/48/2 14/29/2 15/31/2 26/49/2
f 29/54/1 18/36/1 14/30/1 25/47/1
f 28/51/3 17/33/3 24/45/3 31/58/3
f 30/55/1 13/28/1 23/43/1 32/60/1
f 13/28/1 2/6/1 21/40/1 23/43/1
f 12/26/6 10/24/6 21/41/6 20/39/6
f 9/21/5 11/25/5 22/42/5 19/37/5
f 39/74/3 62/117/3 78/146/3 51/97/3
f 1/2/1 30/55/1 32/60/1 19/38/1
f 35/65/3 64/121/3 71/134/3 60/113/3
f 9/22/1 29/54/1 25/47/1 3/8/1
f 3/9/2 25/48/2 26/49/2 7/18/2
f 5/14/4 27/50/4 30/56/4 1/3/4
f 15/31/2 8/20/2 55/105/2 65/123/2
f 19/38/1 32/60/1 29/54/1 9/22/1
f 12/26/6 20/39/6 43/80/6 56/106/6
f 17/34/4 28/52/4 61/115/4 70/133/4
f 36/66/3 33/62/3 59/111/3 38/72/3
f 5/13/5 22/42/5 53/100/5 50/95/5
f 6/15/4 16/32/4 66/124/4 44/82/4
f 20/39/6 6/16/6 44/81/6 43/80/6
f 16/32/4 27/50/4 48/90/4 66/124/4
f 11/25/5 7/17/5 37/70/5 40/75/5
f 76/144/3 41/77/3 45/83/3 68/128/3
f 7/18/2 26/49/2 34/63/2 37/69/2
f 27/50/4 5/14/4 50/94/4 48/90/4
f 24/46/5 17/35/5 70/132/5 74/140/5
f 52/99/3 77/145/3 46/87/3 49/91/3
f 80/152/3 73/137/3 67/125/3 47/89/3
f 28/53/6 31/59/6 79/150/6 61/116/6
f 69/129/3 57/107/3 42/79/3 75/143/3
f 33/61/7 34/63/7 35/64/7
f 38/71/8 39/73/8 40/75/8
f 41/76/9 42/78/9 43/80/9
f 46/86/10 47/88/10 48/90/10
f 51/96/8 52/98/8 53/100/8
f 56/106/9 57/108/9 58/109/9
f 59/111/11 60/113/11 61/114/11 62/117/11
f 63/119/7 64/122/7 65/123/7
f 66/124/10 67/126/10 68/127/10
f 69/129/12 70/131/12 71/134/12 72/136/12
f 73/137/13 74/139/13 75/143/13 76/144/13
f 77/145/14 78/146/14 79/148/14 80/152/14
f 33/61/7 36/67/7 37/69/7 34/63/7
f 40/75/8 37/70/8 36/68/8 38/71/8
f 43/80/9 44/81/9 45/84/9 41/76/9
f 48/90/10 50/94/10 49/92/10 46/86/10
f 53/100/8 40/75/8 39/73/8 51/96/8
f 55/104/9 56/106/9 58/109/9 54/102/9
f 62/117/3 39/74/3 38/72/3 59/111/3
f 54/103/7 63/119/7 65/123/7 55/105/7
f 44/82/10 66/124/10 68/127/10 45/85/10
f 57/107/3 69/129/3 72/136/3 58/110/3
f 63/120/3 72/136/3 71/134/3 64/121/3
f 76/144/3 68/128/3 67/125/3 73/137/3
f 56/106/9 43/80/9 42/78/9 57/108/9
f 50/95/8 53/100/8 52/98/8 49/93/8
f 69/130/8 75/142/8 74/140/8 70/132/8
f 77/145/3 52/99/3 51/97/3 78/146/3
f 41/77/3 76/144/3 75/143/3 42/79/3
f 64/122/7 35/64/7 34/63/7 65/123/7
f 66/124/10 48/90/10 47/88/10 67/126/10
f 70/133/10 61/115/10 60/112/10 71/135/10
f 73/138/7 80/151/7 79/149/7 74/141/7
f 61/116/9 79/150/9 78/147/9 62/118/9
f 80/152/3 47/89/3 46/87/3 77/145/3
f 35/65/3 60/113/3 59/111/3 33/62/3
f 26/49/2 15/31/2 65/123/2 34/63/2
f 88/176/4 81/155/4 96/194/4 97/196/4 92/186/4 89/179/4 87/171/4 90/180/4
f 82/156/5 101/206/5 96/195/5 81/153/5
f 83/159/2 82/158/2 94/189/2 84/162/2
f 81/154/1 92/184/1 94/188/1 82/157/1
f 103/209/6 93/187/6 91/183/6 99/201/6
f 100/202/3 104/210/3 98/198/3 95/191/3
f 94/189/2 102/208/2 101/205/2 82/158/2 83/159/2 86/168/2 85/165/2 84/162/2
f 88/174/3 83/160/3 84/163/3 89/177/3
f 87/172/1 85/166/1 86/169/1 90/181/1
f 90/182/6 86/170/6 83/161/6 88/175/6
f 84/164/5 85/167/5 87/173/5 89/178/5
f 97/197/15 98/200/15 99/201/15
f 102/207/16 103/209/16 104/211/16
f 91/183/17 93/187/17 94/190/17 92/185/17
f 95/192/18 98/199/18 97/196/18 96/194/18
f 93/187/19 103/209/19 102/207/19 94/190/19
f 98/200/20 104/211/20 103/209/20 99/201/20
f 101/205/21 102/208/21 104/212/21 100/203/21
f 92/185/22 97/197/22 99/201/22 91/183/22
f 96/195/23 101/206/23 100/204/23 95/193/23
f 89/179/4 92/186/4 81/155/4 88/176/4
f 122/248/1 114/235/1 108/222/1 118/242/1
f 118/241/2 108/223/2 112/232/2 119/243/2
f 167/332/3 158/313/3 162/322/3 176/348/3
f 120/244/4 110/227/4 106/216/4 117/239/4
f 123/249/5 126/254/5 109/225/5 105/213/5
f 124/251/6 125/253/6 106/217/6 110/228/6
f 112/231/6 108/224/6 114/236/6 116/238/6
f 107/219/5 111/229/5 115/237/5 113/233/5
f 135/269/2 128/256/2 178/353/2 183/361/2
f 127/255/1 125/252/1 114/235/1 122/248/1
f 136/272/1 127/255/1 122/248/1 133/266/1
f 112/231/6 116/238/6 160/318/6 159/316/6
f 131/262/4 120/244/4 117/239/4 134/268/4
f 126/254/5 115/237/5 144/287/5 157/312/5
f 129/260/2 118/241/2 119/243/2 130/261/2
f 133/266/1 122/248/1 118/242/1 129/259/1
f 132/263/3 121/245/3 128/257/3 135/270/3
f 134/267/1 117/240/1 127/255/1 136/272/1
f 117/240/1 106/218/1 125/252/1 127/255/1
f 116/238/6 114/236/6 125/253/6 124/251/6
f 113/233/5 115/237/5 126/254/5 123/249/5
f 143/286/3 166/329/3 182/358/3 155/309/3
f 105/214/1 134/267/1 136/272/1 123/250/1
f 139/277/3 168/333/3 175/346/3 164/325/3
f 113/234/1 133/266/1 129/259/1 107/220/1
f 107/221/2 129/260/2 130/261/2 111/230/2
f 109/226/4 131/262/4 134/268/4 105/215/4
f 119/243/2 112/232/2 159/317/2 169/335/2
f 123/250/1 136/272/1 133/266/1 113/234/1
f 116/238/6 124/251/6 147/292/6 160/318/6
f 121/246/4 132/264/4 165/327/4 174/345/4
f 140/278/3 137/274/3 163/323/3 142/284/3
f 109/225/5 126/254/5 157/312/5 154/307/5
f 110/227/4 120/244/4 170/336/4 148/294/4
f 124/251/6 110/228/6 148/293/6 147/292/6
f 120/244/4 131/262/4 152/302/4 170/336/4
f 115/237/5 111/229/5 141/282/5 144/287/5
f 180/356/3 145/289/3 149/295/3 172/340/3
f 111/230/2 130/261/2 138/275/2 141/281/2
f 131/262/4 109/226/4 154/306/4 152/302/4
f 128/258/5 121/247/5 174/344/5 178/352/5
f 156/311/3 181/357/3 150/299/3 153/303/3
f 184/364/3 177/349/3 171/337/3 151/301/3
f 132/265/6 135/271/6 183/362/6 165/328/6
f 173/341/3 161/319/3 146/291/3 179/355/3
f 137/273/7 138/275/7 139/276/7
f 142/283/8 143/285/8 144/287/8
f 145/288/9 146/290/9 147/292/9
f 150/298/10 151/300/10 152/302/10
f 155/308/8 156/310/8 157/312/8
f 160/318/9 161/320/9 162/321/9
f 163/323/11 164/325/11 165/326/11 166/329/11
f 167/331/7 168/334/7 169/335/7
f 170/336/10 171/338/10 172/339/10
f 173/341/12 174/343/12 175/346/12 176/348/12
f 177/349/13 178/351/13 179/355/13 180/356/13
f 181/357/14 182/358/14 183/360/14 184/364/14
f 137/273/7 140/279/7 141/281/7 138/275/7
f 144/287/8 141/282/8 140/280/8 142/283/8
f 147/292/9 148/293/9 149/296/9 145/288/9
f 152/302/10 154/306/10 153/304/10 150/298/10
f 157/312/8 144/287/8 143/285/8 155/308/8
f 159/316/9 160/318/9 162/321/9 158/314/9
f 166/329/3 143/286/3 142/284/3 163/323/3
f 158/315/7 167/331/7 169/335/7 159/317/7
f 148/294/10 170/336/10 172/339/10 149/297/10
f 161/319/3 173/341/3 176/348/3 162/322/3
f 167/332/3 176/348/3 175/346/3 168/333/3
f 180/356/3 172/340/3 171/337/3 177/349/3
f 160/318/9 147/292/9 146/290/9 161/320/9
f 154/307/8 157/312/8 156/310/8 153/305/8
f 173/342/8 179/354/8 178/352/8 174/344/8
f 181/357/3 156/311/3 155/309/3 182/358/3
f 145/289/3 180/356/3 179/355/3 146/291/3
f 168/334/7 139/276/7 138/275/7 169/335/7
f 170/336/10 152/302/10 151/300/10 171/338/10
f 174/345/10 165/327/10 164/324/10 175/347/10
f 177/350/7 184/363/7 183/361/7 178/353/7
f 165/328/9 183/362/9 182/359/9 166/330/9
f 184/364/3 151/301/3 150/299/3 181/357/3
f 139/277/3 164/325/3 163/323/3 137/274/3
f 130/261/2 119/243/2 169/335/2 138/275/2
f 192/388/4 185/367/4 200/406/4 201/408/4 196/398/4 193/391/4 191/383/4 194/392/4
f 186/368/5 205/418/5 200/407/5 185/365/5
f 187/371/2 186/370/2 198/401/2 188/374/2
f 185/366/1 196/396/1 198/400/1 186/369/1
f 207/421/6 197/399/6 195/395/6 203/413/6
f 204/414/3 208/422/3 202/410/3 199/403/3
f 198/401/2 206/420/2 205/417/2 186/370/2 187/371/2 190/380/2 189/377/2 188/374/2
f 192/386/3 187/372/3 188/375/3 193/389/3
f 191/384/1 189/378/1 190/381/1 194/393/1
f 194/394/6 190/382/6 187/373/6 192/387/6
f 188/376/5 189/379/5 191/385/5 193/390/5
f 201/409/24 202/412/24 203/413/24
f 206/419/16 207/421/16 208/423/16
f 195/395/17 197/399/17 198/402/17 196/397/17
f 199/404/18 202/411/18 201/408/18 200/406/18
f 197/399/25 207/421/25 206/419/25 198/402/25
f 202/412/20 208/423/20 207/421/20 203/413/20
f 205/417/21 206/420/21 208/424/21 204/415/21
f 196/397/22 201/409/22 203/413/22 195/395/22
f 200/407/23 205/418/23 204/416/23 199/405/23
f 193/391/4 196/398/4 185/367/4 192/388/4
f 226/460/1 218/447/1 212/434/1 222/454/1
f 222/453/2 212/435/2 216/444/2 223/455/2
f 271/544/3 262/525/3 266/534/3 280/560/3
f 224/456/4 214/439/4 210/428/4 221/451/4
f 227/461/5 230/466/5 213/437/5 209/425/5
f 228/463/6 229/465/6 210/429/6 214/440/6
f 216/443/6 212/436/6 218/448/6 220/450/6
f 211/431/5 215/441/5 219/449/5 217/445/5
f 239/481/2 232/468/2 282/565/2 287/573/2
f 231/467/1 229/464/1 218/447/1 226/460/1
f 240/484/1 231/467/1 226/460/1 237/478/1
f 216/443/6 220/450/6 264/530/6 263/528/6
f 235/474/4 224/456/4 221/451/4 238/480/4
f 230/466/5 219/449/5 248/499/5 261/524/5
f 233/472/2 222/453/2 223/455/2 234/473/2
f 237/478/1 226/460/1 222/454/1 233/471/1
f 236/475/3 225/457/3 232/469/3 239/482/3
f 238/479/1 221/452/1 231/467/1 240/484/1
f 221/452/1 210/430/1 229/464/1 231/467/1
f 220/450/6 218/448/6 229/465/6 228/463/6
f 217/445/5 219/449/5 230/466/5 227/461/5
f 247/498/3 270/541/3 286/570/3 259/521/3
f 209/426/1 238/479/1 240/484/1 227/462/1
f 243/489/3 272/545/3 279/558/3 268/537/3
f 217/446/1 237/478/1 233/471/1 211/432/1
f 211/433/2 233/472/2 234/473/2 215/442/2
f 213/438/4 235/474/4 238/480/4 209/427/4
f 223/455/2 216/444/2 263/529/2 273/547/2
f 227/462/1 240/484/1 237/478/1 217/446/1
f 220/450/6 228/463/6 251/504/6 264/530/6
f 225/458/4 236/476/4 269/539/4 278/557/4
f 244/490/3 241/486/3 267/535/3 246/496/3
f 213/437/5 230/466/5 261/524/5 258/519/5
f 214/439/4 224/456/4 274/548/4 252/506/4
f 228/463/6 214/440/6 252/505/6 251/504/6
f 224/456/4 235/474/4 256/514/4 274/548/4
f 219/449/5 215/441/5 245/494/5 248/499/5
f 284/568/3 249/501/3 253/507/3 276/552/3
f 215/442/2 234/473/2 242/487/2 245/493/2
f 235/474/4 213/438/4 258/518/4 256/514/4
f 232/470/5 225/459/5 278/556/5 282/564/5
f 260/523/3 285/569/3 254/511/3 257/515/3
f 288/576/3 281/561/3 275/549/3 255/513/3
f 236/477/6 239/483/6 287/574/6 269/540/6
f 277/553/3 265/531/3 250/503/3 283/567/3
f 241/485/7 242/487/7 243/488/7
f 246/495/8 247/497/8 248/499/8
f 249/500/9 250/502/9 251/504/9
f 254/510/10 255/512/10 256/514/10
f 259/520/8 260/522/8 261/524/8
f 264/530/9 265/532/9 266/533/9
f 267/535/11 268/537/11 269/538/11 270/541/11
f 271/543/7 272/546/7 273/547/7
f 274/548/10 275/550/10 276/551/10
f 277/553/12 278/555/12 279/558/12 280/560/12
f 281/561/13 282/563/13 283/567/13 284/568/13
f 285/569/14 286/570/14 287/572/14 288/576/14
f 241/485/7 244/491/7 245/493/7 242/487/7
f 248/499/8 245/494/8 244/492/8 246/495/8
f 251/504/9 252/505/9 253/508/9 249/500/9
f 256/514/10 258/518/10 257/516/10 254/510/10
f 261/524/8 248/499/8 247/497/8 259/520/8
f 263/528/9 264/530/9 266/533/9 262/526/9
f 270/541/3 247/498/3 246/496/3 267/535/3
f 262/527/7 271/543/7 273/547/7 263/529/7
f 252/506/10 274/548/10 276/551/10 253/509/10
f 265/531/3 277/553/3 280/560/3 266/534/3
f 271/544/3 280/560/3 279/558/3 272/545/3
f 284/568/3 276/552/3 275/549/3 281/561/3
f 264/530/9 251/504/9 250/502/9 265/532/9
f 258/519/8 261/524/8 260/522/8 257/517/8
f 277/554/8 283/566/8 282/564/8 278/556/8
f 285/569/3 260/523/3 259/521/3 286/570/3
f 249/501/3 284/568/3 283/567/3 250/503/3
f 272/546/7 243/488/7 242/487/7 273/547/7
f 274/548/10 256/514/10 255/512/10 275/550/10
f 278/557/10 269/539/10 268/536/10 279/559/10
f 281/562/7 288/575/7 287/573/7 282/565/7
f 269/540/9 287/574/9 286/571/9 270/542/9
f 288/576/3 255/513/3 254/511/3 285/569/3
f 243/489/3 268/537/3 267/535/3 241/486/3
f 234/473/2 223/455/2 273/547/2 242/487/2
f 296/600/4 289/579/4 304/618/4 305/620/4 300/610/4 297/603/4 295/595/4 298/604/4
f 290/580/5 309/630/5 304/619/5 289/577/5
f 291/583/2 290/582/2 302/613/2 292/586/2
f 289/578/1 300/608/1 302/612/1 290/581/1
f 311/633/6 301/611/6 299/607/6 307/625/6
f 308/626/3 312/634/3 306/622/3 303/615/3
f 302/613/2 310/632/2 309/629/2 290/582/2 291/583/2 294/592/2 293/589/2 292/586/2
f 296/598/3 291/584/3 292/587/3 297/601/3
f 295/596/1 293/590/1 294/593/1 298/605/1
f 298/606/6 294/594/6 291/585/6 296/599/6
f 292/588/5 293/591/5 295/597/5 297/602/5
f 305/621/15 306/624/15 307/625/15
f 310/631/16 311/633/16 312/635/16
f 299/607/17 301/611/17 302/614/17 300/609/17
f 303/616/18 306/623/18 305/620/18 304/618/18
f 301/611/19 311/633/19 310/631/19 302/614/19
f 306/624/20 312/635/20 311/633/20 307/625/20
f 309/629/21 310/632/21 312/636/21 308/627/21
f 300/609/22 305/621/22 307/625/22 299/607/22
f 304/619/23 309/630/23 308/628/23 303/617/23
f 297/603/4 300/610/4 289/579/4 296/600/4
f 330/672/1 322/659/1 316/646/1 326/666/1
f 326/665/2 316/647/2 320/656/2 327/667/2
f 375/756/3 366/737/3 370/746/3 384/772/3
f 328/668/4 318/651/4 314/640/4 325/663/4
f 331/673/5 334/678/5 317/649/5 313/637/5
f 332/675/6 333/677/6 314/641/6 318/652/6
f 320/655/6 316/648/6 322/660/6 324/662/6
f 315/643/5 319/653/5 323/661/5 321/657/5
f 343/693/2 336/680/2 386/777/2 391/785/2
f 335/679/1 333/676/1 322/659/1 330/672/1
f 344/696/1 335/679/1 330/672/1 341/690/1
f 320/655/6 324/662/6 368/742/6 367/740/6
f 339/686/4 328/668/4 325/663/4 342/692/4
f 334/678/5 323/661/5 352/711/5 365/736/5
f 337/684/2 326/665/2 327/667/2 338/685/2
f 341/690/1 330/672/1 326/666/1 337/683/1
f 340/687/3 329/669/3 336/681/3 343/694/3
f 342/691/1 325/664/1 335/679/1 344/696/1
f 325/664/1 314/642/1 333/676/1 335/679/1
f 324/662/6 322/660/6 333/677/6 332/675/6
f 321/657/5 323/661/5 334/678/5 331/673/5
f 351/710/3 374/753/3 390/782/3 363/733/3
f 313/638/1 342/691/1 344/696/1 331/674/1
f 347/701/3 376/757/3 383/770/3 372/749/3
f 321/658/1 341/690/1 337/683/1 315/644/1
f 315/645/2 337/684/2 338/685/2 319/654/2
f 317/650/4 339/686/4 342/692/4 313/639/4
f 327/667/2 320/656/2 367/741/2 377/759/2
f 331/674/1 344/696/1 341/690/1 321/658/1
f 324/662/6 332/675/6 355/716/6 368/742/6
f 329/670/4 340/688/4 373/751/4 382/769/4
f 348/702/3 345/698/3 371/747/3 350/708/3
f 317/649/5 334/678/5 365/736/5 362/731/5
f 318/651/4 328/668/4 378/760/4 356/718/4
f 332/675/6 318/652/6 356/717/6 355/716/6
f 328/668/4 339/686/4 360/726/4 378/760/4
f 323/661/5 319/653/5 349/706/5 352/711/5
f 388/780/3 353/713/3 357/719/3 380/764/3
f 319/654/2 338/685/2 346/699/2 349/705/2
f 339/686/4 317/650/4 362/730/4 360/726/4
f 336/682/5 329/671/5 382/768/5 386/776/5
f 364/735/3 389/781/3 358/723/3 361/727/3
f 392/788/3 385/773/3 379/761/3 359/725/3
f 340/689/6 343/695/6 391/786/6 373/752/6
f 381/765/3 369/743/3 354/715/3 387/779/3
f 345/697/7 346/699/7 347/700/7
f 350/707/8 351/709/8 352/711/8
f 353/712/9 354/714/9 355/716/9
f 358/722/10 359/724/10 360/726/10
f 363/732/8 364/734/8 365/736/8
f 368/742/9 369/744/9 370/745/9
f 371/747/11 372/749/11 373/750/11 374/753/11
f 375/755/7 376/758/7 377/759/7
f 378/760/10 379/762/10 380/763/10
f 381/765/12 382/767/12 383/770/12 384/772/12
f 385/773/13 386/775/13 387/779/13 388/780/13
f 389/781/14 390/782/14 391/784/14 392/788/14
f 345/697/7 348/703/7 349/705/7 346/699/7
f 352/711/8 349/706/8 348/704/8 350/707/8
f 355/716/9 356/717/9 357/720/9 353/712/9
f 360/726/10 362/730/10 361/728/10 358/722/10
f 365/736/8 352/711/8 351/709/8 363/732/8
f 367/740/9 368/742/9 370/745/9 366/738/9
f 374/753/3 351/710/3 350/708/3 371/747/3
f 366/739/7 375/755/7 377/759/7 367/741/7
f 356/718/10 378/760/10 380/763/10 357/721/10
f 369/743/3 381/765/3 384/772/3 370/746/3
f 375/756/3 384/772/3 383/770/3 376/757/3
f 388/780/3 380/764/3 379/761/3 385/773/3
f 368/742/9 355/716/9 354/714/9 369/744/9
f 362/731/8 365/736/8 364/734/8 361/729/8
f 381/766/8 387/778/8 386/776/8 382/768/8
f 389/781/3 364/735/3 363/733/3 390/782/3
f 353/713/3 388/780/3 387/779/3 354/715/3
f 376/758/7 347/700/7 346/699/7 377/759/7
f 378/760/10 360/726/10 359/724/10 379/762/10
f 382/769/10 373/751/10 372/748/10 383/771/10
f 385/774/7 392/787/7 391/785/7 386/777/7
f 373/752/9 391/786/9 390/783/9 374/754/9
f 392/788/3 359/725/3 358/723/3 389/781/3
f 347/701/3 372/749/3 371/747/3 345/698/3
f 338/685/2 327/667/2 377/759/2 346/699/2
f 400/812/4 393/791/4 408/830/4 409/832/4 404/822/4 401/815/4 399/807/4 402/816/4
f 394/792/5 413/842/5 408/831/5 393/789/5
f 395/795/2 394/794/2 406/825/2 396/798/2
f 393/790/1 404/820/1 406/824/1 394/793/1
f 415/845/6 405/823/6 403/819/6 411/837/6
f 412/838/3 416/846/3 410/834/3 407/827/3
f 406/825/2 414/844/2 413/841/2 394/794/2 395/795/2 398/804/2 397/801/2 396/798/2
f 400/810/3 395/796/3 396/799/3 401/813/3
f 399/808/1 397/802/1 398/805/1 402/817/1
f 402/818/6 398/806/6 395/797/6 400/811/6
f 396/800/5 397/803/5 399/809/5 401/814/5
f 409/833/26 410/836/26 411/837/26
f 414/843/27 415/845/27 416/847/27
f 403/819/28 405/823/28 406/826/28 404/821/28
f 407/828/18 410/835/18 409/832/18 408/830/18
f 405/823/19 415/845/19 414/843/19 406/826/19
f 410/836/20 416/847/20 415/845/20 411/837/20
f 413/841/21 414/844/21 416/848/21 412/839/21
f 404/821/22 409/833/22 411/837/22 403/819/22
f 408/831/29 413/842/29 412/840/29 407/829/29
f 401/815/4 404/822/4 393/791/4 400/812/4
f 434/884/1 426/871/1 420/858/1 430/878/1
f 430/877/2 420/859/2 424/868/2 431/879/2
f 479/968/3 470/949/3 474/958/3 488/984/3
f 432/880/4 422/863/4 418/852/4 429/875/4
f 435/885/5 438/890/5 421/861/5 417/849/5
f 436/887/6 437/889/6 418/853/6 422/864/6
f 424/867/6 420/860/6 426/872/6 428/874/6
f 419/855/5 423/865/5 427/873/5 425/869/5
f 447/905/2 440/892/2 490/989/2 495/997/2
f 439/891/1 437/888/1 426/871/1 434/884/1
f 448/908/1 439/891/1 434/884/1 445/902/1
f 424/867/6 428/874/6 472/954/6 471/952/6
f 443/898/4 432/880/4 429/875/4 446/904/4
f 438/890/5 427/873/5 456/923/5 469/948/5
f 441/896/2 430/877/2 431/879/2 442/897/2
f 445/902/1 434/884/1 430/878/1 441/895/1
f 444/899/3 433/881/3 440/893/3 447/906/3
f 446/903/1 429/876/1 439/891/1 448/908/1
f 429/876/1 418/854/1 437/888/1 439/891/1
f 428/874/6 426/872/6 437/889/6 436/887/6
f 425/869/5 427/873/5 438/890/5 435/885/5
f 455/922/3 478/965/3 494/994/3 467/945/3
f 417/850/1 446/903/1 448/908/1 435/886/1
f 451/913/3 480/969/3 487/982/3 476/961/3
f 425/870/1 445/902/1 441/895/1 419/856/1
f 419/857/2 441/896/2 442/897/2 423/866/2
f 421/862/4 443/898/4 446/904/4 417/851/4
f 431/879/2 424/868/2 471/953/2 481/971/2
f 435/886/1 448/908/1 445/902/1 425/870/1
f 428/874/6 436/887/6 459/928/6 472/954/6
f 433/882/4 444/900/4 477/963/4 486/981/4
f 452/914/3 449/910/3 475/959/3 454/920/3
f 421/861/5 438/890/5 469/948/5 466/943/5
f 422/863/4 432/880/4 482/972/4 460/930/4
f 436/887/6 422/864/6 460/929/6 459/928/6
f 432/880/4 443/898/4 464/938/4 482/972/4
f 427/873/5 423/865/5 453/918/5 456/923/5
f 492/992/3 457/925/3 461/931/3 484/976/3
f 423/866/2 442/897/2 450/911/2 453/917/2
f 443/898/4 421/862/4 466/942/4 464/938/4
f 440/894/5 433/883/5 486/980/5 490/988/5
f 468/947/3 493/993/3 462/935/3 465/939/3
f 496/1000/3 489/985/3 483/973/3 463/937/3
f 444/901/6 447/907/6 495/998/6 477/964/6
f 485/977/3 473/955/3 458/927/3 491/991/3
f 449/909/7 450/911/7 451/912/7
f 454/919/8 455/921/8 456/923/8
f 457/924/9 458/926/9 459/928/9
f 462/934/10 463/936/10 464/938/10
f 467/944/8 468/946/8 469/948/8
f 472/954/9 473/956/9 474/957/9
f 475/959/11 476/961/11 477/962/11 478/965/11
f 479/967/7 480/970/7 481/971/7
f 482/972/10 483/974/10 484/975/10
f 485/977/12 486/979/12 487/982/12 488/984/12
f 489/985/13 490/987/13 491/991/13 492/992/13
f 493/993/14 494/994/14 495/996/14 496/1000/14
f 449/909/7 452/915/7 453/917/7 450/911/7
f 456/923/8 453/918/8 452/916/8 454/919/8
f 459/928/9 460/929/9 461/932/9 457/924/9
f 464/938/10 466/942/10 465/940/10 462/934/10
f 469/948/8 456/923/8 455/921/8 467/944/8
f 471/952/9 472/954/9 474/957/9 470/950/9
f 478/965/3 455/922/3 454/920/3 475/959/3
f 470/951/7 479/967/7 481/971/7 471/953/7
f 460/930/10 482/972/10 484/975/10 461/933/10
f 473/955/3 485/977/3 488/984/3 474/958/3
f 479/968/3 488/984/3 487/982/3 480/969/3
f 492/992/3 484/976/3 483/973/3 489/985/3
f 472/954/9 459/928/9 458/926/9 473/956/9
f 466/943/8 469/948/8 468/946/8 465/941/8
f 485/978/8 491/990/8 490/988/8 486/980/8
f 493/993/3 468/947/3 467/945/3 494/994/3
f 457/925/3 492/992/3 491/991/3 458/927/3
f 480/970/7 451/912/7 450/911/7 481/971/7
f 482/972/10 464/938/10 463/936/10 483/974/10
f 486/981/10 477/963/10 476/960/10 487/983/10
f 489/986/7 496/999/7 495/997/7 490/989/7
f 477/964/9 495/998/9 494/995/9 478/966/9
f 496/1000/3 463/937/3 462/935/3 493/993/3
f 451/913/3 476/961/3 475/959/3 449/910/3
f 442/897/2 431/879/2 481/971/2 450/911/2
f 504/1024/4 497/1003/4 512/1042/4 513/1044/4 508/1034/4 505/1027/4 503/1019/4 506/1028/4
f 498/1004/5 517/1054/5 512/1043/5 497/1001/5
f 499/1007/2 498/1006/2 510/1037/2 500/1010/2
f 497/1002/1 508/1032/1 510/1036/1 498/1005/1
f 519/1057/6 509/1035/6 507/1031/6 515/1049/6
f 516/1050/3 520/1058/3 514/1046/3 511/1039/3
f 510/1037/2 518/1056/2 517/1053/2 498/1006/2 499/1007/2 502/1016/2 501/1013/2 500/1010/2
f 504/1022/3 499/1008/3 500/1011/3 505/1025/3
f 503/1020/1 501/1014/1 502/1017/1 506/1029/1
f 506/1030/6 502/1018/6 499/1009/6 504/1023/6
f 500/1012/5 501/1015/5 503/1021/5 505/1026/5
f 513/1045/26 514/1048/26 515/1049/26
f 518/1055/16 519/1057/16 520/1059/16
f 507/1031/17 509/1035/17 510/1038/17 508/1033/17
f 511/1040/18 514/1047/18 513/1044/18 512/1042/18
f 509/1035/25 519/1057/25 518/1055/25 510/1038/25
f 514/1048/20 520/1059/20 519/1057/20 515/1049/20
f 517/1053/21 518/1056/21 520/1060/21 516/1051/21
f 508/1033/30 513/1045/30 515/1049/30 507/1031/30
f 512/1043/23 517/1054/23 516/1052/23 511/1041/23
f 505/1027/4 508/1034/4 497/1003/4 504/1024/4
f 538/1096/1 530/1083/1 524/1070/1 534/1090/1
f 534/1089/2 524/1071/2 528/1080/2 535/1091/2
f 583/1180/3 574/1161/3 578/1170/3 592/1196/3
f 536/1092/4 526/1075/4 522/1064/4 533/1087/4
f 539/1097/5 542/1102/5 525/1073/5 521/1061/5
f 540/1099/6 541/1101/6 522/1065/6 526/1076/6
f 528/1079/6 524/1072/6 530/1084/6 532/1086/6
f 523/1067/5 527/1077/5 531/1085/5 529/1081/5
f 551/1117/2 544/1104/2 594/1201/2 599/1209/2
f 543/1103/1 541/1100/1 530/1083/1 538/1096/1
f 552/1120/1 543/1103/1 538/1096/1 549/1114/1
f 528/1079/6 532/1086/6 576/1166/6 575/1164/6
f 547/1110/4 536/1092/4 533/1087/4 550/1116/4
f 542/1102/5 531/1085/5 560/1135/5 573/1160/5
f 545/1108/2 534/1089/2 535/1091/2 546/1109/2
f 549/1114/1 538/1096/1 534/1090/1 545/1107/1
f 548/1111/3 537/1093/3 544/1105/3 551/1118/3
f 550/1115/1 533/1088/1 543/1103/1 552/1120/1
f 533/1088/1 522/1066/1 541/1100/1 543/1103/1
f 532/1086/6 530/1084/6 541/1101/6 540/1099/6
f 529/1081/5 531/1085/5 542/1102/5 539/1097/5
f 559/1134/3 582/1177/3 598/1206/3 571/1157/3
f 521/1062/1 550/1115/1 552/1120/1 539/1098/1
f 555/1125/3 584/1181/3 591/1194/3 580/1173/3
f 529/1082/1 549/1114/1 545/1107/1 523/1068/1
f 523/1069/2 545/1108/2 546/1109/2 527/1078/2
f 525/1074/4 547/1110/4 550/1116/4 521/1063/4
f 535/1091/2 528/1080/2 575/1165/2 585/1183/2
f 539/1098/1 552/1120/1 549/1114/1 529/1082/1
f 532/1086/6 540/1099/6 563/1140/6 576/1166/6
f 537/1094/4 548/1112/4 581/1175/4 590/1193/4
f 556/1126/3 553/1122/3 579/1171/3 558/1132/3
f 525/1073/5 542/1102/5 573/1160/5 570/1155/5
f 526/1075/4 536/1092/4 586/1184/4 564/1142/4
f 540/1099/6 526/1076/6 564/1141/6 563/1140/6
f 536/1092/4 547/1110/4 568/1150/4 586/1184/4
f 531/1085/5 527/1077/5 557/1130/5 560/1135/5
f 596/1204/3 561/1137/3 565/1143/3 588/1188/3
f 527/1078/2 546/1109/2 554/1123/2 557/1129/2
f 547/1110/4 525/1074/4 570/1154/4 568/1150/4
f 544/1106/5 537/1095/5 590/1192/5 594/1200/5
f 572/1159/3 597/1205/3 566/1147/3 569/1151/3
f 600/1212/3 593/1197/3 587/1185/3 567/1149/3
f 548/1113/6 551/1119/6 599/1210/6 581/1176/6
f 589/1189/3 577/1167/3 562/1139/3 595/1203/3
f 553/1121/7 554/1123/7 555/1124/7
f 558/1131/8 559/1133/8 560/1135/8
f 561/1136/9 562/1138/9 563/1140/9
f 566/1146/10 567/1148/10 568/1150/10
f 571/1156/8 572/1158/8 573/1160/8
f 576/1166/9 577/1168/9 578/1169/9
f 579/1171/11 580/1173/11 581/1174/11 582/1177/11
f 583/1179/7 584/1182/7 585/1183/7
f 586/1184/10 587/1186/10 588/1187/10
f 589/1189/12 590/1191/12 591/1194/12 592/1196/12
f 593/1197/13 594/1199/13 595/1203/13 596/1204/13
f 597/1205/14 598/1206/14 599/1208/14 600/1212/14
f 553/1121/7 556/1127/7 557/1129/7 554/1123/7
f 560/1135/8 557/1130/8 556/1128/8 558/1131/8
f 563/1140/9 564/1141/9 565/1144/9 561/1136/9
f 568/1150/10 570/1154/10 569/1152/10 566/1146/10
f 573/1160/8 560/1135/8 559/1133/8 571/1156/8
f 575/1164/9 576/1166/9 578/1169/9 574/1162/9
f 582/1177/3 559/1134/3 558/1132/3 579/1171/3
f 574/1163/7 583/1179/7 585/1183/7 575/1165/7
f 564/1142/10 586/1184/10 588/1187/10 565/1145/10
f 577/1167/3 589/1189/3 592/1196/3 578/1170/3
f 583/1180/3 592/1196/3 591/1194/3 584/1181/3
f 596/1204/3 588/1188/3 587/1185/3 593/1197/3
f 576/1166/9 563/1140/9 562/1138/9 577/1168/9
f 570/1155/8 573/1160/8 572/1158/8 569/1153/8
f 589/1190/8 595/1202/8 594/1200/8 590/1192/8
f 597/1205/3 572/1159/3 571/1157/3 598/1206/3
f 561/1137/3 596/1204/3 595/1203/3 562/1139/3
f 584/1182/7 555/1124/7 554/1123/7 585/1183/7
f 586/1184/10 568/1150/10 567/1148/10 587/1186/10
f 590/1193/10 581/1175/10 580/1172/10 591/1195/10
f 593/1198/7 600/1211/7 599/1209/7 594/1201/7
f 581/1176/9 599/1210/9 598/1207/9 582/1178/9
f 600/1212/3 567/1149/3 566/1147/3 597/1205/3
f 555/1125/3 580/1173/3 579/1171/3 553/1122/3
f 546/1109/2 535/1091/2 585/1183/2 554/1123/2
f 608/1236/4 601/1215/4 616/1254/4 617/1256/4 612/1246/4 609/1239/4 607/1231/4 610/1240/4
f 602/1216/5 621/1266/5 616/1255/5 601/1213/5
f 603/1219/2 602/1218/2 614/1249/2 604/1222/2
f 601/1214/1 612/1244/1 614/1248/1 602/1217/1
f 623/1269/6 613/1247/6 611/1243/6 619/1261/6
f 620/1262/3 624/1270/3 618/1258/3 615/1251/3
f 614/1249/2 622/1268/2 621/1265/2 602/1218/2 603/1219/2 606/1228/2 605/1225/2 604/1222/2
f 608/1234/3 603/1220/3 604/1223/3 609/1237/3
f 607/1232/1 605/1226/1 606/1229/1 610/1241/1
f 610/1242/6 606/1230/6 603/1221/6 608/1235/6
f 604/1224/5 605/1227/5 607/1233/5 609/1238/5
f 617/1257/24 618/1260/24 619/1261/24
f 622/1267/27 623/1269/27 624/1271/27
f 611/1243/28 613/1247/28 614/1250/28 612/1245/28
f 615/1252/31 618/1259/31 617/1256/31 616/1254/31
f 613/1247/25 623/1269/25 622/1267/25 614/1250/25
f 618/1260/20 624/1271/20 623/1269/20 619/1261/20
f 621/1265/32 622/1268/32 624/1272/32 620/1263/32
f 612/1245/30 617/1257/30 619/1261/30 611/1243/30
f 616/1255/29 621/1266/29 620/1264/29 615/1253/29
f 609/1239/4 612/1246/4 601/1215/4 608/1236/4
f 642/1308/3 634/1295/3 628/1282/3 638/1302/3
f 638/1301/4 628/1283/4 632/1292/4 639/1303/4
f 687/1392/1 678/1373/1 682/1382/1 696/1408/1
f 640/1304/2 630/1287/2 626/1276/2 637/1299/2
f 643/1309/5 646/1314/5 629/1285/5 625/1273/5
f 644/1311/6 645/1313/6 626/1277/6 630/1288/6
f 632/1291/6 628/1284/6 634/1296/6 636/1298/6
f 627/1279/5 631/1289/5 635/1297/5 633/1293/5
f 655/1329/4 648/1316/4 698/1413/4 703/1421/4
f 647/1315/3 645/1312/3 634/1295/3 642/1308/3
f 656/1332/3 647/1315/3 642/1308/3 653/1326/3
f 632/1291/6 636/1298/6 680/1378/6 679/1376/6
f 651/1322/2 640/1304/2 637/1299/2 654/1328/2
f 646/1314/5 635/1297/5 664/1347/5 677/1372/5
f 649/1320/4 638/1301/4 639/1303/4 650/1321/4
f 653/1326/3 642/1308/3 638/1302/3 649/1319/3
f 652/1323/1 641/1305/1 648/1317/1 655/1330/1
f 654/1327/3 637/1300/3 647/1315/3 656/1332/3
f 637/1300/3 626/1278/3 645/1312/3 647/1315/3
f 636/1298/6 634/1296/6 645/1313/6 644/1311/6
f 633/1293/5 635/1297/5 646/1314/5 643/1309/5
f 663/1346/1 686/1389/1 702/1418/1 675/1369/1
f 625/1274/3 654/1327/3 656/1332/3 643/1310/3
f 659/1337/1 688/1393/1 695/1406/1 684/1385/1
f 633/1294/3 653/1326/3 649/1319/3 627/1280/3
f 627/1281/4 649/1320/4 650/1321/4 631/1290/4
f 629/1286/2 651/1322/2 654/1328/2 625/1275/2
f 639/1303/4 632/1292/4 679/1377/4 689/1395/4
f 643/1310/3 656/1332/3 653/1326/3 633/1294/3
f 636/1298/6 644/1311/6 667/1352/6 680/1378/6
f 641/1306/2 652/1324/2 685/1387/2 694/1405/2
f 660/1338/1 657/1334/1 683/1383/1 662/1344/1
f 629/1285/5 646/1314/5 677/1372/5 674/1367/5
f 630/1287/2 640/1304/2 690/1396/2 668/1354/2
f 644/1311/6 630/1288/6 668/1353/6 667/1352/6
f 640/1304/2 651/1322/2 672/1362/2 690/1396/2
f 635/1297/5 631/1289/5 661/1342/5 664/1347/5
f 700/1416/1 665/1349/1 669/1355/1 692/1400/1
f 631/1290/4 650/1321/4 658/1335/4 661/1341/4
f 651/1322/2 629/1286/2 674/1366/2 672/1362/2
f 648/1318/5 641/1307/5 694/1404/5 698/1412/5
f 676/1371/1 701/1417/1 670/1359/1 673/1363/1
f 704/1424/1 697/1409/1 691/1397/1 671/1361/1
f 652/1325/6 655/1331/6 703/1422/6 685/1388/6
f 693/1401/1 681/1379/1 666/1351/1 699/1415/1
f 657/1333/33 658/1335/33 659/1336/33
f 662/1343/34 663/1345/34 664/1347/34
f 665/1348/35 666/1350/35 667/1352/35
f 670/1358/36 671/1360/36 672/1362/36
f 675/1368/34 676/1370/34 677/1372/34
f 680/1378/35 681/1380/35 682/1381/35
f 683/1383/37 684/1385/37 685/1386/37 686/1389/37
f 687/1391/33 688/1394/33 689/1395/33
f 690/1396/36 691/1398/36 692/1399/36
f 693/1401/38 694/1403/38 695/1406/38 696/1408/38
f 697/1409/39 698/1411/39 699/1415/39 700/1416/39
f 701/1417/40 702/1418/40 703/1420/40 704/1424/40
f 657/1333/33 660/1339/33 661/1341/33 658/1335/33
f 664/1347/34 661/1342/34 660/1340/34 662/1343/34
f 667/1352/35 668/1353/35 669/1356/35 665/1348/35
f 672/1362/36 674/1366/36 673/1364/36 670/1358/36
f 677/1372/34 664/1347/34 663/1345/34 675/1368/34
f 679/1376/35 680/1378/35 682/1381/35 678/1374/35
f 686/1389/1 663/1346/1 662/1344/1 683/1383/1
f 678/1375/33 687/1391/33 689/1395/33 679/1377/33
f 668/1354/36 690/1396/36 692/1399/36 669/1357/36
f 681/1379/1 693/1401/1 696/1408/1 682/1382/1
f 687/1392/1 696/1408/1 695/1406/1 688/1393/1
f 700/1416/1 692/1400/1 691/1397/1 697/1409/1
f 680/1378/35 667/1352/35 666/1350/35 681/1380/35
f 674/1367/34 677/1372/34 676/1370/34 673/1365/34
f 693/1402/34 699/1414/34 698/1412/34 694/1404/34
f 701/1417/1 676/1371/1 675/1369/1 702/1418/1
f 665/1349/1 700/1416/1 699/1415/1 666/1351/1
f 688/1394/41 659/1336/41 658/1335/41 689/1395/41
f 690/1396/42 672/1362/42 671/1360/42 691/1398/42
f 694/1405/42 685/1387/42 684/1384/42 695/1407/42
f 697/1410/41 704/1423/41 703/1421/41 698/1413/41
f 685/1388/35 703/1422/35 702/1419/35 686/1390/35
f 704/1424/1 671/1361/1 670/1359/1 701/1417/1
f 659/1337/1 684/1385/1 683/1383/1 657/1334/1
f 650/1321/4 639/1303/4 689/1395/4 658/1335/4
f 712/1448/2 705/1427/2 720/1466/2 721/1468/2 716/1458/2 713/1451/2 711/1443/2 714/1452/2
f 706/1428/5 725/1478/5 720/1467/5 705/1425/5
f 707/1431/4 706/1430/4 718/1461/4 708/1434/4
f 705/1426/3 716/1456/3 718/1460/3 706/1429/3
f 727/1481/6 717/1459/6 715/1455/6 723/1473/6
f 724/1474/1 728/1482/1 722/1470/1 719/1463/1
f 718/1461/4 726/1480/4 725/1477/4 706/1430/4 707/1431/4 710/1440/4 709/1437/4 708/1434/4
f 712/1446/1 707/1432/1 708/1435/1 713/1449/1
f 711/1444/3 709/1438/3 710/1441/3 714/1453/3
f 714/1454/6 710/1442/6 707/1433/6 712/1447/6
f 708/1436/5 709/1439/5 711/1445/5 713/1450/5
f 721/1469/43 722/1472/43 723/1473/43
f 726/1479/44 727/1481/44 728/1483/44
f 715/1455/45 717/1459/45 718/1462/45 716/1457/45
f 719/1464/46 722/1471/46 721/1468/46 720/1466/46
f 717/1459/30 727/1481/30 726/1479/30 718/1462/30
f 722/1472/17 728/1483/17 727/1481/17 723/1473/17
f 725/1477/47 726/1480/47 728/1484/47 724/1475/47
f 716/1457/19 721/1469/19 723/1473/19 715/1455/19
f 720/1467/48 725/1478/48 724/1476/48 719/1465/48
f 713/1451/2 716/1458/2 705/1427/2 712/1448/2
f 746/1520/3 738/1507/3 732/1494/3 742/1514/3
f 742/1513/4 732/1495/4 736/1504/4 743/1515/4
f 791/1604/1 782/1585/1 786/1594/1 800/1620/1
f 744/1516/2 734/1499/2 730/1488/2 741/1511/2
f 747/1521/5 750/1526/5 733/1497/5 729/1485/5
f 748/1523/6 749/1525/6 730/1489/6 734/1500/6
f 736/1503/6 732/1496/6 738/1508/6 740/1510/6
f 731/1491/5 735/1501/5 739/1509/5 737/1505/5
f 759/1541/4 752/1528/4 802/1625/4 807/1633/4
f 751/1527/3 749/1524/3 738/1507/3 746/1520/3
f 760/1544/3 751/1527/3 746/1520/3 757/1538/3
f 736/1503/6 740/1510/6 784/1590/6 783/1588/6
f 755/1534/2 744/1516/2 741/1511/2 758/1540/2
f 750/1526/5 739/1509/5 768/1559/5 781/1584/5
f 753/1532/4 742/1513/4 743/1515/4 754/1533/4
f 757/1538/3 746/1520/3 742/1514/3 753/1531/3
f 756/1535/1 745/1517/1 752/1529/1 759/1542/1
f 758/1539/3 741/1512/3 751/1527/3 760/1544/3
f 741/1512/3 730/1490/3 749/1524/3 751/1527/3
f 740/1510/6 738/1508/6 749/1525/6 748/1523/6
f 737/1505/5 739/1509/5 750/1526/5 747/1521/5
f 767/1558/1 790/1601/1 806/1630/1 779/1581/1
f 729/1486/3 758/1539/3 760/1544/3 747/1522/3
f 763/1549/1 792/1605/1 799/1618/1 788/1597/1
f 737/1506/3 757/1538/3 753/1531/3 731/1492/3
f 731/1493/4 753/1532/4 754/1533/4 735/1502/4
f 733/1498/2 755/1534/2 758/1540/2 729/1487/2
f 743/1515/4 736/1504/4 783/1589/4 793/1607/4
f 747/1522/3 760/1544/3 757/1538/3 737/1506/3
f 740/1510/6 748/1523/6 771/1564/6 784/1590/6
f 745/1518/2 756/1536/2 789/1599/2 798/1617/2
f 764/1550/1 761/1546/1 787/1595/1 766/1556/1
f 733/1497/5 750/1526/5 781/1584/5 778/1579/5
f 734/1499/2 744/1516/2 794/1608/2 772/1566/2
f 748/1523/6 734/1500/6 772/1565/6 771/1564/6
f 744/1516/2 755/1534/2 776/1574/2 794/1608/2
f 739/1509/5 735/1501/5 765/1554/5 768/1559/5
f 804/1628/1 769/1561/1 773/1567/1 796/1612/1
f 735/1502/4 754/1533/4 762/1547/4 765/1553/4
f 755/1534/2 733/1498/2 778/1578/2 776/1574/2
f 752/1530/5 745/1519/5 798/1616/5 802/1624/5
f 780/1583/1 805/1629/1 774/1571/1 777/1575/1
f 808/1636/1 801/1621/1 795/1609/1 775/1573/1
f 756/1537/6 759/1543/6 807/1634/6 789/1600/6
f 797/1613/1 785/1591/1 770/1563/1 803/1627/1
f 761/1545/33 762/1547/33 763/1548/33
f 766/1555/34 767/1557/34 768/1559/34
f 769/1560/35 770/1562/35 771/1564/35
f 774/1570/36 775/1572/36 776/1574/36
f 779/1580/34 780/1582/34 781/1584/34
f 784/1590/35 785/1592/35 786/1593/35
f 787/1595/37 788/1597/37 789/1598/37 790/1601/37
f 791/1603/33 792/1606/33 793/1607/33
f 794/1608/36 795/1610/36 796/1611/36
f 797/1613/38 798/1615/38 799/1618/38 800/1620/38
f 801/1621/39 802/1623/39 803/1627/39 804/1628/39
f 805/1629/40 806/1630/40 807/1632/40 808/1636/40
f 761/1545/33 764/1551/33 765/1553/33 762/1547/33
f 768/1559/34 765/1554/34 764/1552/34 766/1555/34
f 771/1564/35 772/1565/35 773/1568/35 769/1560/35
f 776/1574/36 778/1578/36 777/1576/36 774/1570/36
f 781/1584/34 768/1559/34 767/1557/34 779/1580/34
f 783/1588/35 784/1590/35 786/1593/35 782/1586/35
f 790/1601/1 767/1558/1 766/1556/1 787/1595/1
f 782/1587/33 791/1603/33 793/1607/33 783/1589/33
f 772/1566/36 794/1608/36 796/1611/36 773/1569/36
f 785/1591/1 797/1613/1 800/1620/1 786/1594/1
f 791/1604/1 800/1620/1 799/1618/1 792/1605/1
f 804/1628/1 796/1612/1 795/1609/1 801/1621/1
f 784/1590/35 771/1564/35 770/1562/35 785/1592/35
f 778/1579/34 781/1584/34 780/1582/34 777/1577/34
f 797/1614/34 803/1626/34 802/1624/34 798/1616/34
f 805/1629/1 780/1583/1 779/1581/1 806/1630/1
f 769/1561/1 804/1628/1 803/1627/1 770/1563/1
f 792/1606/33 763/1548/33 762/1547/33 793/1607/33
f 794/1608/42 776/1574/42 775/1572/42 795/1610/42
f 798/1617/36 789/1599/36 788/1596/36 799/1619/36
f 801/1622/41 808/1635/41 807/1633/41 802/1625/41
f 789/1600/35 807/1634/35 806/1631/35 790/1602/35
f 808/1636/1 775/1573/1 774/1571/1 805/1629/1
f 763/1549/1 788/1597/1 787/1595/1 761/1546/1
f 754/1533/4 743/1515/4 793/1607/4 762/1547/4
f 816/1660/2 809/1639/2 824/1678/2 825/1680/2 820/1670/2 817/1663/2 815/1655/2 818/1664/2
f 810/1640/5 829/1690/5 824/1679/5 809/1637/5
f 811/1643/4 810/1642/4 822/1673/4 812/1646/4
f 809/1638/3 820/1668/3 822/1672/3 810/1641/3
f 831/1693/6 821/1671/6 819/1667/6 827/1685/6
f 828/1686/1 832/1694/1 826/1682/1 823/1675/1
f 822/1673/4 830/1692/4 829/1689/4 810/1642/4 811/1643/4 814/1652/4 813/1649/4 812/1646/4
f 816/1658/1 811/1644/1 812/1647/1 817/1661/1
f 815/1656/3 813/1650/3 814/1653/3 818/1665/3
f 818/1666/6 814/1654/6 811/1645/6 816/1659/6
f 812/1648/5 813/1651/5 815/1657/5 817/1662/5
f 825/1681/49 826/1684/49 827/1685/49
f 830/1691/44 831/1693/44 832/1695/44
f 819/1667/20 821/1671/20 822/1674/20 820/1669/20
f 823/1676/50 826/1683/50 825/1680/50 824/1678/50
f 821/1671/30 831/1693/30 830/1691/30 822/1674/30
f 826/1684/28 832/1695/28 831/1693/28 827/1685/28
f 829/1689/47 830/1692/47 832/1696/47 828/1687/47
f 820/1669/25 825/1681/25 827/1685/25 819/1667/25
f 824/1679/51 829/1690/51 828/1688/51 823/1677/51
f 817/1663/2 820/1670/2 809/1639/2 816/1660/2
f 850/1732/3 842/1719/3 836/1706/3 846/1726/3
f 846/1725/4 836/1707/4 840/1716/4 847/1727/4
f 895/1816/1 886/1797/1 890/1806/1 904/1832/1
f 848/1728/2 838/1711/2 834/1700/2 845/1723/2
f 851/1733/5 854/1738/5 837/1709/5 833/1697/5
f 852/1735/6 853/1737/6 834/1701/6 838/1712/6
f 840/1715/6 836/1708/6 842/1720/6 844/1722/6
f 835/1703/5 839/1713/5 843/1721/5 841/1717/5
f 863/1753/4 856/1740/4 906/1837/4 911/1845/4
f 855/1739/3 853/1736/3 842/1719/3 850/1732/3
f 864/1756/3 855/1739/3 850/1732/3 861/1750/3
f 840/1715/6 844/1722/6 888/1802/6 887/1800/6
f 859/1746/2 848/1728/2 845/1723/2 862/1752/2
f 854/1738/5 843/1721/5 872/1771/5 885/1796/5
f 857/1744/4 846/1725/4 847/1727/4 858/1745/4
f 861/1750/3 850/1732/3 846/1726/3 857/1743/3
f 860/1747/1 849/1729/1 856/1741/1 863/1754/1
f 862/1751/3 845/1724/3 855/1739/3 864/1756/3
f 845/1724/3 834/1702/3 853/1736/3 855/1739/3
f 844/1722/6 842/1720/6 853/1737/6 852/1735/6
f 841/1717/5 843/1721/5 854/1738/5 851/1733/5
f 871/1770/1 894/1813/1 910/1842/1 883/1793/1
f 833/1698/3 862/1751/3 864/1756/3 851/1734/3
f 867/1761/1 896/1817/1 903/1830/1 892/1809/1
f 841/1718/3 861/1750/3 857/1743/3 835/1704/3
f 835/1705/4 857/1744/4 858/1745/4 839/1714/4
f 837/1710/2 859/1746/2 862/1752/2 833/1699/2
f 847/1727/4 840/1716/4 887/1801/4 897/1819/4
f 851/1734/3 864/1756/3 861/1750/3 841/1718/3
f 844/1722/6 852/1735/6 875/1776/6 888/1802/6
f 849/1730/2 860/1748/2 893/1811/2 902/1829/2
f 868/1762/1 865/1758/1 891/1807/1 870/1768/1
f 837/1709/5 854/1738/5 885/1796/5 882/1791/5
f 838/1711/2 848/1728/2 898/1820/2 876/1778/2
f 852/1735/6 838/1712/6 876/1777/6 875/1776/6
f 848/1728/2 859/1746/2 880/1786/2 898/1820/2
f 843/1721/5 839/1713/5 869/1766/5 872/1771/5
f 908/1840/1 873/1773/1 877/1779/1 900/1824/1
f 839/1714/4 858/1745/4 866/1759/4 869/1765/4
f 859/1746/2 837/1710/2 882/1790/2 880/1786/2
f 856/1742/5 849/1731/5 902/1828/5 906/1836/5
f 884/1795/1 909/1841/1 878/1783/1 881/1787/1
f 912/1848/1 905/1833/1 899/1821/1 879/1785/1
f 860/1749/6 863/1755/6 911/1846/6 893/1812/6
f 901/1825/1 889/1803/1 874/1775/1 907/1839/1
f 865/1757/33 866/1759/33 867/1760/33
f 870/1767/34 871/1769/34 872/1771/34
f 873/1772/35 874/1774/35 875/1776/35
f 878/1782/36 879/1784/36 880/1786/36
f 883/1792/34 884/1794/34 885/1796/34
f 888/1802/35 889/1804/35 890/1805/35
f 891/1807/37 892/1809/37 893/1810/37 894/1813/37
f 895/1815/33 896/1818/33 897/1819/33
f 898/1820/36 899/1822/36 900/1823/36
f 901/1825/38 902/1827/38 903/1830/38 904/1832/38
f 905/1833/39 906/1835/39 907/1839/39 908/1840/39
f 909/1841/40 910/1842/40 911/1844/40 912/1848/40
f 865/1757/41 868/1763/41 869/1765/41 866/1759/41
f 872/1771/34 869/1766/34 868/1764/34 870/1767/34
f 875/1776/35 876/1777/35 877/1780/35 873/1772/35
f 880/1786/36 882/1790/36 881/1788/36 878/1782/36
f 885/1796/34 872/1771/34 871/1769/34 883/1792/34
f 887/1800/35 888/1802/35 890/1805/35 886/1798/35
f 894/1813/1 871/1770/1 870/1768/1 891/1807/1
f 886/1799/33 895/1815/33 897/1819/33 887/1801/33
f 876/1778/36 898/1820/36 900/1823/36 877/1781/36
f 889/1803/1 901/1825/1 904/1832/1 890/1806/1
f 895/1816/1 904/1832/1 903/1830/1 896/1817/1
f 908/1840/1 900/1824/1 899/1821/1 905/1833/1
f 888/1802/35 875/1776/35 874/1774/35 889/1804/35
f 882/1791/34 885/1796/34 884/1794/34 881/1789/34
f 901/1826/34 907/1838/34 906/1836/34 902/1828/34
f 909/1841/1 884/1795/1 883/1793/1 910/1842/1
f 873/1773/1 908/1840/1 907/1839/1 874/1775/1
f 896/1818/41 867/1760/41 866/1759/41 897/1819/41
f 898/1820/36 880/1786/36 879/1784/36 899/1822/36
f 902/1829/42 893/1811/42 892/1808/42 903/1831/42
f 905/1834/33 912/1847/33 911/1845/33 906/1837/33
f 893/1812/35 911/1846/35 910/1843/35 894/1814/35
f 912/1848/1 879/1785/1 878/1783/1 909/1841/1
f 867/1761/1 892/1809/1 891/1807/1 865/1758/1
f 858/1745/4 847/1727/4 897/1819/4 866/1759/4
f 920/1872/2 913/1851/2 928/1890/2 929/1892/2 924/1882/2 921/1875/2 919/1867/2 922/1876/2
f 914/1852/5 933/1902/5 928/1891/5 913/1849/5
f 915/1855/4 914/1854/4 926/1885/4 916/1858/4
f 913/1850/3 924/1880/3 926/1884/3 914/1853/3
f 935/1905/6 925/1883/6 923/1879/6 931/1897/6
f 932/1898/1 936/1906/1 930/1894/1 927/1887/1
f 926/1885/4 934/1904/4 933/1901/4 914/1854/4 915/1855/4 918/1864/4 917/1861/4 916/1858/4
f 920/1870/1 915/1856/1 916/1859/1 921/1873/1
f 919/1868/3 917/1862/3 918/1865/3 922/1877/3
f 922/1878/6 918/1866/6 915/1857/6 920/1871/6
f 916/1860/5 917/1863/5 919/1869/5 921/1874/5
f 929/1893/49 930/1896/49 931/1897/49
f 934/1903/52 935/1905/52 936/1907/52
f 923/1879/20 925/1883/20 926/1886/20 924/1881/20
f 927/1888/50 930/1895/50 929/1892/50 928/1890/50
f 925/1883/53 935/1905/53 934/1903/53 926/1886/53
f 930/1896/17 936/1907/17 935/1905/17 931/1897/17
f 933/1901/54 934/1904/54 936/1908/54 932/1899/54
f 924/1881/25 929/1893/25 931/1897/25 923/1879/25
f 928/1891/51 933/1902/51 932/1900/51 927/1889/51
f 921/1875/2 924/1882/2 913/1851/2 920/1872/2
f 954/1944/3 946/1931/3 940/1918/3 950/1938/3
f 950/1937/4 940/1919/4 944/1928/4 951/1939/4
f 999/2028/1 990/2009/1 994/2018/1 1008/2044/1
f 952/1940/2 942/1923/2 938/1912/2 949/1935/2
f 955/1945/5 958/1950/5 941/1921/5 937/1909/5
f 956/1947/6 957/1949/6 938/1913/6 942/1924/6
f 944/1927/6 940/1920/6 946/1932/6 948/1934/6
f 939/1915/5 943/1925/5 947/1933/5 945/1929/5
f 967/1965/4 960/1952/4 1010/2049/4 1015/2057/4
f 959/1951/3 957/1948/3 946/1931/3 954/1944/3
f 968/1968/3 959/1951/3 954/1944/3 965/1962/3
f 944/1927/6 948/1934/6 992/2014/6 991/2012/6
f 963/1958/2 952/1940/2 949/1935/2 966/1964/2
f 958/1950/5 947/1933/5 976/1983/5 989/2008/5
f 961/1956/4 950/1937/4 951/1939/4 962/1957/4
f 965/1962/3 954/1944/3 950/1938/3 961/1955/3
f 964/1959/1 953/1941/1 960/1953/1 967/1966/1
f 966/1963/3 949/1936/3 959/1951/3 968/1968/3
f 949/1936/3 938/1914/3 957/1948/3 959/1951/3
f 948/1934/6 946/1932/6 957/1949/6 956/1947/6
f 945/1929/5 947/1933/5 958/1950/5 955/1945/5
f 975/1982/1 998/2025/1 1014/2054/1 987/2005/1
f 937/1910/3 966/1963/3 968/1968/3 955/1946/3
f 971/1973/1 1000/2029/1 1007/2042/1 996/2021/1
f 945/1930/3 965/1962/3 961/1955/3 939/1916/3
f 939/1917/4 961/1956/4 962/1957/4 943/1926/4
f 941/1922/2 963/1958/2 966/1964/2 937/1911/2
f 951/1939/4 944/1928/4 991/2013/4 1001/2031/4
f 955/1946/3 968/1968/3 965/1962/3 945/1930/3
f 948/1934/6 956/1947/6 979/1988/6 992/2014/6
f 953/1942/2 964/1960/2 997/2023/2 1006/2041/2
f 972/1974/1 969/1970/1 995/2019/1 974/1980/1
f 941/1921/5 958/1950/5 989/2008/5 986/2003/5
f 942/1923/2 952/1940/2 1002/2032/2 980/1990/2
f 956/1947/6 942/1924/6 980/1989/6 979/1988/6
f 952/1940/2 963/1958/2 984/1998/2 1002/2032/2
f 947/1933/5 943/1925/5 973/1978/5 976/1983/5
f 1012/2052/1 977/1985/1 981/1991/1 1004/2036/1
f 943/1926/4 962/1957/4 970/1971/4 973/1977/4
f 963/1958/2 941/1922/2 986/2002/2 984/1998/2
f 960/1954/5 953/1943/5 1006/2040/5 1010/2048/5
f 988/2007/1 1013/2053/1 982/1995/1 985/1999/1
f 1016/2060/1 1009/2045/1 1003/2033/1 983/1997/1
f 964/1961/6 967/1967/6 1015/2058/6 997/2024/6
f 1005/2037/1 993/2015/1 978/1987/1 1011/2051/1
f 969/1969/33 970/1971/33 971/1972/33
f 974/1979/34 975/1981/34 976/1983/34
f 977/1984/35 978/1986/35 979/1988/35
f 982/1994/36 983/1996/36 984/1998/36
f 987/2004/34 988/2006/34 989/2008/34
f 992/2014/35 993/2016/35 994/2017/35
f 995/2019/37 996/2021/37 997/2022/37 998/2025/37
f 999/2027/33 1000/2030/33 1001/2031/33
f 1002/2032/36 1003/2034/36 1004/2035/36
f 1005/2037/38 1006/2039/38 1007/2042/38 1008/2044/38
f 1009/2045/39 1010/2047/39 1011/2051/39 1012/2052/39
f 1013/2053/40 1014/2054/40 1015/2056/40 1016/2060/40
f 969/1969/33 972/1975/33 973/1977/33 970/1971/33
f 976/1983/34 973/1978/34 972/1976/34 974/1979/34
f 979/1988/35 980/1989/35 981/1992/35 977/1984/35
f 984/1998/42 986/2002/42 985/2000/42 982/1994/42
f 989/2008/34 976/1983/34 975/1981/34 987/2004/34
f 991/2012/35 992/2014/35 994/2017/35 990/2010/35
f 998/2025/1 975/1982/1 974/1980/1 995/2019/1
f 990/2011/33 999/2027/33 1001/2031/33 991/2013/33
f 980/1990/36 1002/2032/36 1004/2035/36 981/1993/36
f 993/2015/1 1005/2037/1 1008/2044/1 994/2018/1
f 999/2028/1 1008/2044/1 1007/2042/1 1000/2029/1
f 1012/2052/1 1004/2036/1 1003/2033/1 1009/2045/1
f 992/2014/35 979/1988/35 978/1986/35 993/2016/35
f 986/2003/34 989/2008/34 988/2006/34 985/2001/34
f 1005/2038/34 1011/2050/34 1010/2048/34 1006/2040/34
f 1013/2053/1 988/2007/1 987/2005/1 1014/2054/1
f 977/1985/1 1012/2052/1 1011/2051/1 978/1987/1
f 1000/2030/33 971/1972/33 970/1971/33 1001/2031/33
f 1002/2032/42 984/1998/42 983/1996/42 1003/2034/42
f 1006/2041/36 997/2023/36 996/2020/36 1007/2043/36
f 1009/2046/41 1016/2059/41 1015/2057/41 1010/2049/41
f 997/2024/35 1015/2058/35 1014/2055/35 998/2026/35
f 1016/2060/1 983/1997/1 982/1995/1 1013/2053/1
f 971/1973/1 996/2021/1 995/2019/1 969/1970/1
f 962/1957/4 951/1939/4 1001/2031/4 970/1971/4
f 1024/2084/2 1017/2063/2 1032/2102/2 1033/2104/2 1028/2094/2 1025/2087/2 1023/2079/2 1026/2088/2
f 1018/2064/5 1037/2114/5 1032/2103/5 1017/2061/5
f 1019/2067/4 1018/2066/4 1030/2097/4 1020/2070/4
f 1017/2062/3 1028/2092/3 1030/2096/3 1018/2065/3
f 1039/2117/6 1029/2095/6 1027/2091/6 1035/2109/6
f 1036/2110/1 1040/2118/1 1034/2106/1 1031/2099/1
f 1030/2097/4 1038/2116/4 1037/2113/4 1018/2066/4 1019/2067/4 1022/2076/4 1021/2073/4 1020/2070/4
f 1024/2082/1 1019/2068/1 1020/2071/1 1025/2085/1
f 1023/2080/3 1021/2074/3 1022/2077/3 1026/2089/3
f 1026/2090/6 1022/2078/6 1019/2069/6 1024/2083/6
f 1020/2072/5 1021/2075/5 1023/2081/5 1025/2086/5
f 1033/2105/43 1034/2108/43 1035/2109/43
f 1038/2115/52 1039/2117/52 1040/2119/52
f 1027/2091/20 1029/2095/20 1030/2098/20 1028/2093/20
f 1031/2100/46 1034/2107/46 1033/2104/46 1032/2102/46
f 1029/2095/22 1039/2117/22 1038/2115/22 1030/2098/22
f 1034/2108/17 1040/2119/17 1039/2117/17 1035/2109/17
f 1037/2113/54 1038/2116/54 1040/2120/54 1036/2111/54
f 1028/2093/19 1033/2105/19 1035/2109/19 1027/2091/19
f 1032/2103/51 1037/2114/51 1036/2112/51 1031/2101/51
f 1025/2087/2 1028/2094/2 1017/2063/2 1024/2084/2
f 1058/2156/3 1050/2143/3 1044/2130/3 1054/2150/3
f 1054/2149/4 1044/2131/4 1048/2140/4 1055/2151/4
f 1103/2240/1 1094/2221/1 1098/2230/1 1112/2256/1
f 1056/2152/2 1046/2135/2 1042/2124/2 1053/2147/2
f 1059/2157/5 1062/2162/5 1045/2133/5 1041/2121/5
f 1060/2159/6 1061/2161/6 1042/2125/6 1046/2136/6
f 1048/2139/6 1044/2132/6 1050/2144/6 1052/2146/6
f 1043/2127/5 1047/2137/5 1051/2145/5 1049/2141/5
f 1071/2177/4 1064/2164/4 1114/2261/4 1119/2269/4
f 1063/2163/3 1061/2160/3 1050/2143/3 1058/2156/3
f 1072/2180/3 1063/2163/3 1058/2156/3 1069/2174/3
f 1048/2139/6 1052/2146/6 1096/2226/6 1095/2224/6
f 1067/2170/2 1056/2152/2 1053/2147/2 1070/2176/2
f 1062/2162/5 1051/2145/5 1080/2195/5 1093/2220/5
f 1065/2168/4 1054/2149/4 1055/2151/4 1066/2169/4
f 1069/2174/3 1058/2156/3 1054/2150/3 1065/2167/3
f 1068/2171/1 1057/2153/1 1064/2165/1 1071/2178/1
f 1070/2175/3 1053/2148/3 1063/2163/3 1072/2180/3
f 1053/2148/3 1042/2126/3 1061/2160/3 1063/2163/3
f 1052/2146/6 1050/2144/6 1061/2161/6 1060/2159/6
f 1049/2141/5 1051/2145/5 1062/2162/5 1059/2157/5
f 1079/2194/1 1102/2237/1 1118/2266/1 1091/2217/1
f 1041/2122/3 1070/2175/3 1072/2180/3 1059/2158/3
f 1075/2185/1 1104/2241/1 1111/2254/1 1100/2233/1
f 1049/2142/3 1069/2174/3 1065/2167/3 1043/2128/3
f 1043/2129/4 1065/2168/4 1066/2169/4 1047/2138/4
f 1045/2134/2 1067/2170/2 1070/2176/2 1041/2123/2
f 1055/2151/4 1048/2140/4 1095/2225/4 1105/2243/4
f 1059/2158/3 1072/2180/3 1069/2174/3 1049/2142/3
f 1052/2146/6 1060/2159/6 1083/2200/6 1096/2226/6
f 1057/2154/2 1068/2172/2 1101/2235/2 1110/2253/2
f 1076/2186/1 1073/2182/1 1099/2231/1 1078/2192/1
f 1045/2133/5 1062/2162/5 1093/2220/5 1090/2215/5
f 1046/2135/2 1056/2152/2 1106/2244/2 1084/2202/2
f 1060/2159/6 1046/2136/6 1084/2201/6 1083/2200/6
f 1056/2152/2 1067/2170/2 1088/2210/2 1106/2244/2
f 1051/2145/5 1047/2137/5 1077/2190/5 1080/2195/5
f 1116/2264/1 1081/2197/1 1085/2203/1 1108/2248/1
f 1047/2138/4 1066/2169/4 1074/2183/4 1077/2189/4
f 1067/2170/2 1045/2134/2 1090/2214/2 1088/2210/2
f 1064/2166/5 1057/2155/5 1110/2252/5 1114/2260/5
f 1092/2219/1 1117/2265/1 1086/2207/1 1089/2211/1
f 1120/2272/1 1113/2257/1 1107/2245/1 1087/2209/1
f 1068/2173/6 1071/2179/6 1119/2270/6 1101/2236/6
f 1109/2249/1 1097/2227/1 1082/2199/1 1115/2263/1
f 1073/2181/33 1074/2183/33 1075/2184/33
f 1078/2191/34 1079/2193/34 1080/2195/34
f 1081/2196/35 1082/2198/35 1083/2200/35
f 1086/2206/36 1087/2208/36 1088/2210/36
f 1091/2216/34 1092/2218/34 1093/2220/34
f 1096/2226/35 1097/2228/35 1098/2229/35
f 1099/2231/37 1100/2233/37 1101/2234/37 1102/2237/37
f 1103/2239/33 1104/2242/33 1105/2243/33
f 1106/2244/36 1107/2246/36 1108/2247/36
f 1109/2249/38 1110/2251/38 1111/2254/38 1112/2256/38
f 1113/2257/39 1114/2259/39 1115/2263/39 1116/2264/39
f 1117/2265/40 1118/2266/40 1119/2268/40 1120/2272/40
f 1073/2181/33 1076/2187/33 1077/2189/33 1074/2183/33
f 1080/2195/34 1077/2190/34 1076/2188/34 1078/2191/34
f 1083/2200/35 1084/2201/35 1085/2204/35 1081/2196/35
f 1088/2210/36 1090/2214/36 1089/2212/36 1086/2206/36
f 1093/2220/34 1080/2195/34 1079/2193/34 1091/2216/34
f 1095/2224/35 1096/2226/35 1098/2229/35 1094/2222/35
f 1102/2237/1 1079/2194/1 1078/2192/1 1099/2231/1
f 1094/2223/33 1103/2239/33 1105/2243/33 1095/2225/33
f 1084/2202/36 1106/2244/36 1108/2247/36 1085/2205/36
f 1097/2227/1 1109/2249/1 1112/2256/1 1098/2230/1
f 1103/2240/1 1112/2256/1 1111/2254/1 1104/2241/1
f 1116/2264/1 1108/2248/1 1107/2245/1 1113/2257/1
f 1096/2226/35 1083/2200/35 1082/2198/35 1097/2228/35
f 1090/2215/34 1093/2220/34 1092/2218/34 1089/2213/34
f 1109/2250/34 1115/2262/34 1114/2260/34 1110/2252/34
f 1117/2265/1 1092/2219/1 1091/2217/1 1118/2266/1
f 1081/2197/1 1116/2264/1 1115/2263/1 1082/2199/1
f 1104/2242/41 1075/2184/41 1074/2183/41 1105/2243/41
f 1106/2244/36 1088/2210/36 1087/2208/36 1107/2246/36
f 1110/2253/42 1101/2235/42 1100/2232/42 1111/2255/42
f 1113/2258/33 1120/2271/33 1119/2269/33 1114/2261/33
f 1101/2236/35 1119/2270/35 1118/2267/35 1102/2238/35
f 1120/2272/1 1087/2209/1 1086/2207/1 1117/2265/1
f 1075/2185/1 1100/2233/1 1099/2231/1 1073/2182/1
f 1066/2169/4 1055/2151/4 1105/2243/4 1074/2183/4
f 1128/2296/2 1121/2275/2 1136/2314/2 1137/2316/2 1132/2306/2 1129/2299/2 1127/2291/2 1130/2300/2
f 1122/2276/5 1141/2326/5 1136/2315/5 1121/2273/5
f 1123/2279/4 1122/2278/4 1134/2309/4 1124/2282/4
f 1121/2274/3 1132/2304/3 1134/2308/3 1122/2277/3
f 1143/2329/6 1133/2307/6 1131/2303/6 1139/2321/6
f 1140/2322/1 1144/2330/1 1138/2318/1 1135/2311/1
f 1134/2309/4 1142/2328/4 1141/2325/4 1122/2278/4 1123/2279/4 1126/2288/4 1125/2285/4 1124/2282/4
f 1128/2294/1 1123/2280/1 1124/2283/1 1129/2297/1
f 1127/2292/3 1125/2286/3 1126/2289/3 1130/2301/3
f 1130/2302/6 1126/2290/6 1123/2281/6 1128/2295/6
f 1124/2284/5 1125/2287/5 1127/2293/5 1129/2298/5
f 1137/2317/43 1138/2320/43 1139/2321/43
f 1142/2327/52 1143/2329/52 1144/2331/52
f 1131/2303/20 1133/2307/20 1134/2310/20 1132/2305/20
f 1135/2312/46 1138/2319/46 1137/2316/46 1136/2314/46
f 1133/2307/22 1143/2329/22 1142/2327/22 1134/2310/22
f 1138/2320/17 1144/2331/17 1143/2329/17 1139/2321/17
f 1141/2325/54 1142/2328/54 1144/2332/54 1140/2323/54
f 1132/2305/19 1137/2317/19 1139/2321/19 1131/2303/19
f 1136/2315/51 1141/2326/51 1140/2324/51 1135/2313/51
f 1129/2299/2 1132/2306/2 1121/2275/2 1128/2296/2
f 1162/2368/3 1154/2355/3 1148/2342/3 1158/2362/3
f 1158/2361/4 1148/2343/4 1152/2352/4 1159/2363/4
f 1207/2452/1 1198/2433/1 1202/2442/1 1216/2468/1
f 1160/2364/2 1150/2347/2 1146/2336/2 1157/2359/2
f 1163/2369/5 1166/2374/5 1149/2345/5 1145/2333/5
f 1164/2371/6 1165/2373/6 1146/2337/6 1150/2348/6
f 1152/2351/6 1148/2344/6 1154/2356/6 1156/2358/6
f 1147/2339/5 1151/2349/5 1155/2357/5 1153/2353/5
f 1175/2389/4 1168/2376/4 1218/2473/4 1223/2481/4
f 1167/2375/3 1165/2372/3 1154/2355/3 1162/2368/3
f 1176/2392/3 1167/2375/3 1162/2368/3 1173/2386/3
f 1152/2351/6 1156/2358/6 1200/2438/6 1199/2436/6
f 1171/2382/2 1160/2364/2 1157/2359/2 1174/2388/2
f 1166/2374/5 1155/2357/5 1184/2407/5 1197/2432/5
f 1169/2380/4 1158/2361/4 1159/2363/4 1170/2381/4
f 1173/2386/3 1162/2368/3 1158/2362/3 1169/2379/3
f 1172/2383/1 1161/2365/1 1168/2377/1 1175/2390/1
f 1174/2387/3 1157/2360/3 1167/2375/3 1176/2392/3
f 1157/2360/3 1146/2338/3 1165/2372/3 1167/2375/3
f 1156/2358/6 1154/2356/6 1165/2373/6 1164/2371/6
f 1153/2353/5 1155/2357/5 1166/2374/5 1163/2369/5
f 1183/2406/1 1206/2449/1 1222/2478/1 1195/2429/1
f 1145/2334/3 1174/2387/3 1176/2392/3 1163/2370/3
f 1179/2397/1 1208/2453/1 1215/2466/1 1204/2445/1
f 1153/2354/3 1173/2386/3 1169/2379/3 1147/2340/3
f 1147/2341/4 1169/2380/4 1170/2381/4 1151/2350/4
f 1149/2346/2 1171/2382/2 1174/2388/2 1145/2335/2
f 1159/2363/4 1152/2352/4 1199/2437/4 1209/2455/4
f 1163/2370/3 1176/2392/3 1173/2386/3 1153/2354/3
f 1156/2358/6 1164/2371/6 1187/2412/6 1200/2438/6
f 1161/2366/2 1172/2384/2 1205/2447/2 1214/2465/2
f 1180/2398/1 1177/2394/1 1203/2443/1 1182/2404/1
f 1149/2345/5 1166/2374/5 1197/2432/5 1194/2427/5
f 1150/2347/2 1160/2364/2 1210/2456/2 1188/2414/2
f 1164/2371/6 1150/2348/6 1188/2413/6 1187/2412/6
f 1160/2364/2 1171/2382/2 1192/2422/2 1210/2456/2
f 1155/2357/5 1151/2349/5 1181/2402/5 1184/2407/5
f 1220/2476/1 1185/2409/1 1189/2415/1 1212/2460/1
f 1151/2350/4 1170/2381/4 1178/2395/4 1181/2401/4
f 1171/2382/2 1149/2346/2 1194/2426/2 1192/2422/2
f 1168/2378/5 1161/2367/5 1214/2464/5 1218/2472/5
f 1196/2431/1 1221/2477/1 1190/2419/1 1193/2423/1
f 1224/2484/1 1217/2469/1 1211/2457/1 1191/2421/1
f 1172/2385/6 1175/2391/6 1223/2482/6 1205/2448/6
f 1213/2461/1 1201/2439/1 1186/2411/1 1219/2475/1
f 1177/2393/33 1178/2395/33 1179/2396/33
f 1182/2403/34 1183/2405/34 1184/2407/34
f 1185/2408/35 1186/2410/35 1187/2412/35
f 1190/2418/36 1191/2420/36 1192/2422/36
f 1195/2428/34 1196/2430/34 1197/2432/34
f 1200/2438/35 1201/2440/35 1202/2441/35
f 1203/2443/37 1204/2445/37 1205/2446/37 1206/2449/37
f 1207/2451/33 1208/2454/33 1209/2455/33
f 1210/2456/36 1211/2458/36 1212/2459/36
f 1213/2461/38 1214/2463/38 1215/2466/38 1216/2468/38
f 1217/2469/39 1218/2471/39 1219/2475/39 1220/2476/39
f 1221/2477/40 1222/2478/40 1223/2480/40 1224/2484/40
f 1177/2393/33 1180/2399/33 1181/2401/33 1178/2395/33
f 1184/2407/34 1181/2402/34 1180/2400/34 1182/2403/34
f 1187/2412/35 1188/2413/35 1189/2416/35 1185/2408/35
f 1192/2422/36 1194/2426/36 1193/2424/36 1190/2418/36
f 1197/2432/34 1184/2407/34 1183/2405/34 1195/2428/34
f 1199/2436/35 1200/2438/35 1202/2441/35 1198/2434/35
f 1206/2449/1 1183/2406/1 1182/2404/1 1203/2443/1
f 1198/2435/33 1207/2451/33 1209/2455/33 1199/2437/33
f 1188/2414/36 1210/2456/36 1212/2459/36 1189/2417/36
f 1201/2439/1 1213/2461/1 1216/2468/1 1202/2442/1
f 1207/2452/1 1216/2468/1 1215/2466/1 1208/2453/1
f 1220/2476/1 1212/2460/1 1211/2457/1 1217/2469/1
f 1200/2438/35 1187/2412/35 1186/2410/35 1201/2440/35
f 1194/2427/34 1197/2432/34 1196/2430/34 1193/2425/34
f 1213/2462/34 1219/2474/34 1218/2472/34 1214/2464/34
f 1221/2477/1 1196/2431/1 1195/2429/1 1222/2478/1
f 1185/2409/1 1220/2476/1 1219/2475/1 1186/2411/1
f 1208/2454/33 1179/2396/33 1178/2395/33 1209/2455/33
f 1210/2456/42 1192/2422/42 1191/2420/42 1211/2458/42
f 1214/2465/36 1205/2447/36 1204/2444/36 1215/2467/36
f 1217/2470/41 1224/2483/41 1223/2481/41 1218/2473/41
f 1205/2448/35 1223/2482/35 1222/2479/35 1206/2450/35
f 1224/2484/1 1191/2421/1 1190/2419/1 1221/2477/1
f 1179/2397/1 1204/2445/1 1203/2443/1 1177/2394/1
f 1170/2381/4 1159/2363/4 1209/2455/4 1178/2395/4
f 1232/2508/2 1225/2487/2 1240/2526/2 1241/2528/2 1236/2518/2 1233/2511/2 1231/2503/2 1234/2512/2
f 1226/2488/5 1245/2538/5 1240/2527/5 1225/2485/5
f 1227/2491/4 1226/2490/4 1238/2521/4 1228/2494/4
f 1225/2486/3 1236/2516/3 1238/2520/3 1226/2489/3
f 1247/2541/6 1237/2519/6 1235/2515/6 1243/2533/6
f 1244/2534/1 1248/2542/1 1242/2530/1 1239/2523/1
f 1238/2521/4 1246/2540/4 1245/2537/4 1226/2490/4 1227/2491/4 1230/2500/4 1229/2497/4 1228/2494/4
f 1232/2506/1 1227/2492/1 1228/2495/1 1233/2509/1
f 1231/2504/3 1229/2498/3 1230/2501/3 1234/2513/3
f 1234/2514/6 1230/2502/6 1227/2493/6 1232/2507/6
f 1228/2496/5 1229/2499/5 1231/2505/5 1233/2510/5
f 1241/2529/49 1242/2532/49 1243/2533/49
f 1246/2539/44 1247/2541/44 1248/2543/44
f 1235/2515/20 1237/2519/20 1238/2522/20 1236/2517/20
f 1239/2524/50 1242/2531/50 1241/2528/50 1240/2526/50
f 1237/2519/30 1247/2541/30 1246/2539/30 1238/2522/30
f 1242/2532/17 1248/2543/17 1247/2541/17 1243/2533/17
f 1245/2537/47 1246/2540/47 1248/2544/47 1244/2535/47
f 1236/2517/25 1241/2529/25 1243/2533/25 1235/2515/25
f 1240/2527/51 1245/2538/51 1244/2536/51 1239/2525/51
f 1233/2511/2 1236/2518/2 1225/2487/2 1232/2508/2
